game_id,game_date,period,stint,slug_team,slug_opp,lineup,player_ids,player_names,garbage_time,pts_team,pts_opp,poss_team,poss_opp,secs_played
21500002,20151027,1,1,CLE,CHI,"201567 Love, 202389 Mozgov, 2544 James, 2590 Williams, 2747 Smith","201567,202389,2544,2590,2747","Love, Mozgov, James, Williams, Smith",0,12,12,12,12,380.0
21500002,20151027,1,2,CLE,CHI,"201567 Love, 202684 Thompson, 2210 Jefferson, 2590 Williams, 2747 Smith","201567,202684,2210,2590,2747","Love, Thompson, Jefferson, Williams, Smith",0,0,0,1,0,1.0
21500002,20151027,1,3,CLE,CHI,"201567 Love, 202684 Thompson, 2210 Jefferson, 2590 Williams, 2747 Smith","201567,202684,2210,2590,2747","Love, Thompson, Jefferson, Williams, Smith",0,0,5,5,5,98.0
21500002,20151027,1,4,CLE,CHI,"201567 Love, 202684 Thompson, 203521 Dellavedova, 2210 Jefferson, 2747 Smith","201567,202684,203521,2210,2747","Love, Thompson, Dellavedova, Jefferson, Smith",0,0,0,1,1,12.0
21500002,20151027,1,5,CLE,CHI,"202684 Thompson, 203521 Dellavedova, 2210 Jefferson, 2592 Jones, 2747 Smith","202684,203521,2210,2592,2747","Thompson, Dellavedova, Jefferson, Jones, Smith",0,0,0,1,2,41.0
21500002,20151027,1,6,CLE,CHI,"202684 Thompson, 203521 Dellavedova, 2210 Jefferson, 2544 James, 2592 Jones","202684,203521,2210,2544,2592","Thompson, Dellavedova, Jefferson, James, Jones",0,0,0,1,2,28.0
21500002,20151027,1,7,CLE,CHI,"202684 Thompson, 203521 Dellavedova, 2210 Jefferson, 2544 James, 2592 Jones","202684,203521,2210,2544,2592","Thompson, Dellavedova, Jefferson, James, Jones",0,0,1,0,1,22.0
21500002,20151027,1,8,CLE,CHI,"202684 Thompson, 203099 Cunningham, 203521 Dellavedova, 2544 James, 2592 Jones","202684,203099,203521,2544,2592","Thompson, Cunningham, Dellavedova, James, Jones",0,0,2,1,1,19.0
21500002,20151027,1,9,CLE,CHI,"202684 Thompson, 203099 Cunningham, 203521 Dellavedova, 2544 James, 2592 Jones","202684,203099,203521,2544,2592","Thompson, Cunningham, Dellavedova, James, Jones",0,2,2,3,2,53.0
21500002,20151027,1,10,CLE,CHI,"202684 Thompson, 203099 Cunningham, 203521 Dellavedova, 2544 James, 2592 Jones","202684,203099,203521,2544,2592","Thompson, Cunningham, Dellavedova, James, Jones",0,0,4,3,2,66.0
21500002,20151027,2,1,CLE,CHI,"202684 Thompson, 203099 Cunningham, 203521 Dellavedova, 2544 James, 2592 Jones","202684,203099,203521,2544,2592","Thompson, Cunningham, Dellavedova, James, Jones",0,0,0,1,0,19.0
21500002,20151027,2,2,CLE,CHI,"201567 Love, 202389 Mozgov, 203099 Cunningham, 2544 James, 2590 Williams","201567,202389,203099,2544,2590","Love, Mozgov, Cunningham, James, Williams",0,0,2,2,1,34.0
21500002,20151027,2,3,CLE,CHI,"201567 Love, 202389 Mozgov, 2544 James, 2590 Williams, 2747 Smith","201567,202389,2544,2590,2747","Love, Mozgov, James, Williams, Smith",0,5,2,3,2,61.0
21500002,20151027,2,4,CLE,CHI,"201567 Love, 202389 Mozgov, 2544 James, 2590 Williams, 2747 Smith","201567,202389,2544,2590,2747","Love, Mozgov, James, Williams, Smith",0,0,2,3,2,48.0
21500002,20151027,2,5,CLE,CHI,"201567 Love, 202389 Mozgov, 2544 James, 2590 Williams, 2747 Smith","201567,202389,2544,2590,2747","Love, Mozgov, James, Williams, Smith",0,0,0,3,2,69.0
21500002,20151027,2,6,CLE,CHI,"201567 Love, 202389 Mozgov, 2544 James, 2590 Williams, 2747 Smith","201567,202389,2544,2590,2747","Love, Mozgov, James, Williams, Smith",0,1,0,1,0,12.0
21500002,20151027,2,7,CLE,CHI,"201567 Love, 202389 Mozgov, 2544 James, 2590 Williams, 2747 Smith","201567,202389,2544,2590,2747","Love, Mozgov, James, Williams, Smith",0,2,2,3,3,94.0
21500002,20151027,2,8,CLE,CHI,"201567 Love, 202389 Mozgov, 2544 James, 2590 Williams, 2747 Smith","201567,202389,2544,2590,2747","Love, Mozgov, James, Williams, Smith",0,0,0,1,0,10.0
21500002,20151027,2,9,CLE,CHI,"201567 Love, 202389 Mozgov, 2544 James, 2590 Williams, 2747 Smith","201567,202389,2544,2590,2747","Love, Mozgov, James, Williams, Smith",0,0,0,2,2,21.0
21500002,20151027,2,10,CLE,CHI,"201567 Love, 2544 James, 2590 Williams, 2747 Smith, 2760 Varejao","201567,2544,2590,2747,2760","Love, James, Williams, Smith, Varejao",0,5,2,3,3,79.0
21500002,20151027,2,11,CLE,CHI,"201567 Love, 203521 Dellavedova, 2210 Jefferson, 2590 Williams, 2760 Varejao","201567,203521,2210,2590,2760","Love, Dellavedova, Jefferson, Williams, Varejao",0,2,3,3,3,82.0
21500002,20151027,2,12,CLE,CHI,"201567 Love, 203521 Dellavedova, 2210 Jefferson, 2544 James, 2760 Varejao","201567,203521,2210,2544,2760","Love, Dellavedova, Jefferson, James, Varejao",0,3,2,3,4,80.0
21500002,20151027,2,13,CLE,CHI,"202684 Thompson, 203521 Dellavedova, 2210 Jefferson, 2544 James, 2760 Varejao","202684,203521,2210,2544,2760","Thompson, Dellavedova, Jefferson, James, Varejao",0,5,5,4,4,111.0
21500002,20151027,3,1,CLE,CHI,"202684 Thompson, 203521 Dellavedova, 2210 Jefferson, 2544 James, 2760 Varejao","202684,203521,2210,2544,2760","Thompson, Dellavedova, Jefferson, James, Varejao",0,0,0,1,0,22.0
21500002,20151027,3,2,CLE,CHI,"201567 Love, 202389 Mozgov, 2544 James, 2590 Williams, 2747 Smith","201567,202389,2544,2590,2747","Love, Mozgov, James, Williams, Smith",0,15,17,15,16,360.0
21500002,20151027,3,3,CLE,CHI,"201567 Love, 202389 Mozgov, 203521 Dellavedova, 2544 James, 2747 Smith","201567,202389,203521,2544,2747","Love, Mozgov, Dellavedova, James, Smith",0,0,0,0,1,14.0
21500002,20151027,3,4,CLE,CHI,"202389 Mozgov, 202684 Thompson, 203521 Dellavedova, 2544 James, 2747 Smith","202389,202684,203521,2544,2747","Mozgov, Thompson, Dellavedova, James, Smith",0,0,2,3,3,50.0
21500002,20151027,3,5,CLE,CHI,"202389 Mozgov, 202684 Thompson, 203521 Dellavedova, 2210 Jefferson, 2747 Smith","202389,202684,203521,2210,2747","Mozgov, Thompson, Dellavedova, Jefferson, Smith",0,2,2,3,2,60.0
21500002,20151027,3,6,CLE,CHI,"202684 Thompson, 203521 Dellavedova, 2210 Jefferson, 2747 Smith, 2760 Varejao","202684,203521,2210,2747,2760","Thompson, Dellavedova, Jefferson, Smith, Varejao",0,5,4,4,3,95.0
21500002,20151027,3,7,CLE,CHI,"202684 Thompson, 203521 Dellavedova, 2210 Jefferson, 2747 Smith, 2760 Varejao","202684,203521,2210,2747,2760","Thompson, Dellavedova, Jefferson, Smith, Varejao",0,0,0,1,0,22.0
21500002,20151027,3,8,CLE,CHI,"202684 Thompson, 203521 Dellavedova, 2210 Jefferson, 2590 Williams, 2760 Varejao","202684,203521,2210,2590,2760","Thompson, Dellavedova, Jefferson, Williams, Varejao",0,6,0,4,4,97.0
21500002,20151027,4,1,CLE,CHI,"202684 Thompson, 203521 Dellavedova, 2210 Jefferson, 2590 Williams, 2760 Varejao","202684,203521,2210,2590,2760","Thompson, Dellavedova, Jefferson, Williams, Varejao",0,3,4,4,6,127.0
21500002,20151027,4,2,CLE,CHI,"201567 Love, 202684 Thompson, 2210 Jefferson, 2544 James, 2590 Williams","201567,202684,2210,2544,2590","Love, Thompson, Jefferson, James, Williams",0,0,2,1,4,60.0
21500002,20151027,4,3,CLE,CHI,"201567 Love, 202684 Thompson, 2544 James, 2590 Williams, 2747 Smith","201567,202684,2544,2590,2747","Love, Thompson, James, Williams, Smith",0,4,1,3,4,86.0
21500002,20151027,4,4,CLE,CHI,"201567 Love, 202684 Thompson, 2544 James, 2590 Williams, 2747 Smith","201567,202684,2544,2590,2747","Love, Thompson, James, Williams, Smith",0,2,0,1,0,9.0
21500002,20151027,4,5,CLE,CHI,"201567 Love, 202684 Thompson, 2544 James, 2590 Williams, 2747 Smith","201567,202684,2544,2590,2747","Love, Thompson, James, Williams, Smith",0,8,13,6,8,205.0
21500002,20151027,4,6,CLE,CHI,"201567 Love, 202684 Thompson, 203521 Dellavedova, 2544 James, 2590 Williams","201567,202684,203521,2544,2590","Love, Thompson, Dellavedova, James, Williams",0,2,4,5,5,135.0
21500002,20151027,4,7,CLE,CHI,"201567 Love, 202684 Thompson, 203521 Dellavedova, 2544 James, 2590 Williams","201567,202684,203521,2544,2590","Love, Thompson, Dellavedova, James, Williams",0,8,2,4,3,98.0
21500011,20151028,1,1,CLE,MEM,"201567 Love, 202389 Mozgov, 2544 James, 2590 Williams, 2747 Smith","201567,202389,2544,2590,2747","Love, Mozgov, James, Williams, Smith",0,12,6,10,11,340.0
21500011,20151028,1,2,CLE,MEM,"201567 Love, 202389 Mozgov, 2210 Jefferson, 2590 Williams, 2747 Smith","201567,202389,2210,2590,2747","Love, Mozgov, Jefferson, Williams, Smith",0,6,2,3,4,96.0
21500011,20151028,1,3,CLE,MEM,"202389 Mozgov, 202684 Thompson, 2210 Jefferson, 2590 Williams, 2747 Smith","202389,202684,2210,2590,2747","Mozgov, Thompson, Jefferson, Williams, Smith",0,0,0,1,2,34.0
21500011,20151028,1,4,CLE,MEM,"202389 Mozgov, 202684 Thompson, 203521 Dellavedova, 2544 James, 2747 Smith","202389,202684,203521,2544,2747","Mozgov, Thompson, Dellavedova, James, Smith",0,0,0,1,2,37.0
21500011,20151028,1,5,CLE,MEM,"202389 Mozgov, 202684 Thompson, 203521 Dellavedova, 2544 James, 2747 Smith","202389,202684,203521,2544,2747","Mozgov, Thompson, Dellavedova, James, Smith",0,1,0,1,1,30.0
21500011,20151028,1,6,CLE,MEM,"202684 Thompson, 203521 Dellavedova, 2544 James, 2747 Smith, 2760 Varejao","202684,203521,2544,2747,2760","Thompson, Dellavedova, James, Smith, Varejao",0,0,0,2,1,11.0
21500011,20151028,1,7,CLE,MEM,"202684 Thompson, 203521 Dellavedova, 2544 James, 2747 Smith, 2760 Varejao","202684,203521,2544,2747,2760","Thompson, Dellavedova, James, Smith, Varejao",0,0,0,3,2,64.0
21500011,20151028,1,8,CLE,MEM,"202684 Thompson, 203099 Cunningham, 203521 Dellavedova, 2544 James, 2760 Varejao","202684,203099,203521,2544,2760","Thompson, Cunningham, Dellavedova, James, Varejao",0,7,2,5,4,108.0
21500011,20151028,2,1,CLE,MEM,"202684 Thompson, 203099 Cunningham, 203521 Dellavedova, 2544 James, 2760 Varejao","202684,203099,203521,2544,2760","Thompson, Cunningham, Dellavedova, James, Varejao",0,0,0,1,0,11.0
21500011,20151028,2,2,CLE,MEM,"201567 Love, 203099 Cunningham, 203521 Dellavedova, 2210 Jefferson, 2760 Varejao","201567,203099,203521,2210,2760","Love, Cunningham, Dellavedova, Jefferson, Varejao",0,2,0,2,2,61.0
21500011,20151028,2,3,CLE,MEM,"201567 Love, 203099 Cunningham, 203521 Dellavedova, 2210 Jefferson, 2760 Varejao","201567,203099,203521,2210,2760","Love, Cunningham, Dellavedova, Jefferson, Varejao",0,5,2,3,3,70.0
21500011,20151028,2,4,CLE,MEM,"201567 Love, 202684 Thompson, 203099 Cunningham, 203521 Dellavedova, 2210 Jefferson","201567,202684,203099,203521,2210","Love, Thompson, Cunningham, Dellavedova, Jefferson",0,3,0,2,1,30.0
21500011,20151028,2,5,CLE,MEM,"201567 Love, 202684 Thompson, 203099 Cunningham, 203521 Dellavedova, 2210 Jefferson","201567,202684,203099,203521,2210","Love, Thompson, Cunningham, Dellavedova, Jefferson",0,0,2,0,1,18.0
21500011,20151028,2,6,CLE,MEM,"201567 Love, 202684 Thompson, 203099 Cunningham, 203521 Dellavedova, 2210 Jefferson","201567,202684,203099,203521,2210","Love, Thompson, Cunningham, Dellavedova, Jefferson",0,5,0,4,3,94.0
21500011,20151028,2,7,CLE,MEM,"201567 Love, 202684 Thompson, 203099 Cunningham, 2210 Jefferson, 2590 Williams","201567,202684,203099,2210,2590","Love, Thompson, Cunningham, Jefferson, Williams",0,0,1,1,1,12.0
21500011,20151028,2,8,CLE,MEM,"201567 Love, 202389 Mozgov, 2210 Jefferson, 2544 James, 2590 Williams","201567,202389,2210,2544,2590","Love, Mozgov, Jefferson, James, Williams",0,2,7,5,4,103.0
21500011,20151028,2,9,CLE,MEM,"201567 Love, 202389 Mozgov, 2544 James, 2590 Williams, 2747 Smith","201567,202389,2544,2590,2747","Love, Mozgov, James, Williams, Smith",0,10,7,5,5,206.0
21500011,20151028,2,10,CLE,MEM,"201567 Love, 202389 Mozgov, 2544 James, 2590 Williams, 2747 Smith","201567,202389,2544,2590,2747","Love, Mozgov, James, Williams, Smith",0,0,1,0,1,16.0
21500011,20151028,2,11,CLE,MEM,"202389 Mozgov, 202684 Thompson, 2544 James, 2590 Williams, 2747 Smith","202389,202684,2544,2590,2747","Mozgov, Thompson, James, Williams, Smith",0,0,0,3,2,37.0
21500011,20151028,2,12,CLE,MEM,"202389 Mozgov, 202684 Thompson, 203099 Cunningham, 2544 James, 2590 Williams","202389,202684,203099,2544,2590","Mozgov, Thompson, Cunningham, James, Williams",0,0,2,3,2,62.0
21500011,20151028,3,1,CLE,MEM,"202389 Mozgov, 202684 Thompson, 203099 Cunningham, 2544 James, 2590 Williams","202389,202684,203099,2544,2590","Mozgov, Thompson, Cunningham, James, Williams",0,0,0,1,0,23.0
21500011,20151028,3,2,CLE,MEM,"201567 Love, 202389 Mozgov, 2544 James, 2590 Williams, 2747 Smith","201567,202389,2544,2590,2747","Love, Mozgov, James, Williams, Smith",0,7,10,10,9,290.0
21500011,20151028,3,3,CLE,MEM,"201567 Love, 202389 Mozgov, 2544 James, 2590 Williams, 2747 Smith","201567,202389,2544,2590,2747","Love, Mozgov, James, Williams, Smith",0,4,4,5,4,139.0
21500011,20151028,3,4,CLE,MEM,"202389 Mozgov, 202684 Thompson, 203521 Dellavedova, 2544 James, 2747 Smith","202389,202684,203521,2544,2747","Mozgov, Thompson, Dellavedova, James, Smith",0,0,0,1,0,4.0
21500011,20151028,3,5,CLE,MEM,"202389 Mozgov, 202684 Thompson, 203521 Dellavedova, 2544 James, 2747 Smith","202389,202684,203521,2544,2747","Mozgov, Thompson, Dellavedova, James, Smith",0,3,3,4,4,87.0
21500011,20151028,3,6,CLE,MEM,"202684 Thompson, 203521 Dellavedova, 2210 Jefferson, 2747 Smith, 2760 Varejao","202684,203521,2210,2747,2760","Thompson, Dellavedova, Jefferson, Smith, Varejao",0,10,6,7,7,172.0
21500011,20151028,3,7,CLE,MEM,"202684 Thompson, 203521 Dellavedova, 2210 Jefferson, 2747 Smith, 2760 Varejao","202684,203521,2210,2747,2760","Thompson, Dellavedova, Jefferson, Smith, Varejao",0,2,0,1,0,5.0
21500011,20151028,4,1,CLE,MEM,"202684 Thompson, 203521 Dellavedova, 2210 Jefferson, 2747 Smith, 2760 Varejao","202684,203521,2210,2747,2760","Thompson, Dellavedova, Jefferson, Smith, Varejao",0,0,0,0,1,15.0
21500011,20151028,4,2,CLE,MEM,"202684 Thompson, 203521 Dellavedova, 2210 Jefferson, 2544 James, 2760 Varejao","202684,203521,2210,2544,2760","Thompson, Dellavedova, Jefferson, James, Varejao",0,3,2,3,3,65.0
21500011,20151028,4,3,CLE,MEM,"202684 Thompson, 203521 Dellavedova, 2210 Jefferson, 2544 James, 2760 Varejao","202684,203521,2210,2544,2760","Thompson, Dellavedova, Jefferson, James, Varejao",0,2,2,3,3,43.0
21500011,20151028,4,4,CLE,MEM,"201567 Love, 203521 Dellavedova, 2210 Jefferson, 2544 James, 2760 Varejao","201567,203521,2210,2544,2760","Love, Dellavedova, Jefferson, James, Varejao",0,0,0,1,2,27.0
21500011,20151028,4,5,CLE,MEM,"201567 Love, 202684 Thompson, 203521 Dellavedova, 2210 Jefferson, 2544 James","201567,202684,203521,2210,2544","Love, Thompson, Dellavedova, Jefferson, James",0,5,0,6,5,127.0
21500011,20151028,4,6,CLE,MEM,"201567 Love, 202684 Thompson, 203099 Cunningham, 2210 Jefferson, 2544 James","201567,202684,203099,2210,2544","Love, Thompson, Cunningham, Jefferson, James",0,0,0,1,1,3.0
21500011,20151028,4,7,CLE,MEM,"201567 Love, 202684 Thompson, 203099 Cunningham, 2210 Jefferson, 2747 Smith","201567,202684,203099,2210,2747","Love, Thompson, Cunningham, Jefferson, Smith",0,0,0,0,1,16.0
21500011,20151028,4,8,CLE,MEM,"201567 Love, 202684 Thompson, 203099 Cunningham, 2210 Jefferson, 2747 Smith","201567,202684,203099,2210,2747","Love, Thompson, Cunningham, Jefferson, Smith",0,1,2,3,3,65.0
21500011,20151028,4,9,CLE,MEM,"201619 Kaun, 202684 Thompson, 203099 Cunningham, 2210 Jefferson, 2747 Smith","201619,202684,203099,2210,2747","Kaun, Thompson, Cunningham, Jefferson, Smith",0,13,9,14,18,359.0
21500021,20151030,1,1,CLE,MIA,"201567 Love, 202389 Mozgov, 2544 James, 2590 Williams, 2747 Smith","201567,202389,2544,2590,2747","Love, Mozgov, James, Williams, Smith",0,9,10,11,9,282.0
21500021,20151030,1,2,CLE,MIA,"201567 Love, 202389 Mozgov, 2544 James, 2590 Williams, 2747 Smith","201567,202389,2544,2590,2747","Love, Mozgov, James, Williams, Smith",0,7,5,8,8,173.0
21500021,20151030,1,3,CLE,MIA,"201567 Love, 202389 Mozgov, 203521 Dellavedova, 2544 James, 2747 Smith","201567,202389,203521,2544,2747","Love, Mozgov, Dellavedova, James, Smith",0,2,0,1,1,30.0
21500021,20151030,1,4,CLE,MIA,"201567 Love, 202684 Thompson, 203521 Dellavedova, 2210 Jefferson, 2747 Smith","201567,202684,203521,2210,2747","Love, Thompson, Dellavedova, Jefferson, Smith",0,4,4,3,3,92.0
21500021,20151030,1,5,CLE,MIA,"201567 Love, 202684 Thompson, 203521 Dellavedova, 2210 Jefferson, 2747 Smith","201567,202684,203521,2210,2747","Love, Thompson, Dellavedova, Jefferson, Smith",0,5,2,3,2,77.0
21500021,20151030,1,6,CLE,MIA,"201567 Love, 202684 Thompson, 203099 Cunningham, 203521 Dellavedova, 2210 Jefferson","201567,202684,203099,203521,2210","Love, Thompson, Cunningham, Dellavedova, Jefferson",0,2,2,2,2,66.0
21500021,20151030,2,1,CLE,MIA,"201567 Love, 202684 Thompson, 203099 Cunningham, 203521 Dellavedova, 2210 Jefferson","201567,202684,203099,203521,2210","Love, Thompson, Cunningham, Dellavedova, Jefferson",0,0,0,0,1,12.0
21500021,20151030,2,2,CLE,MIA,"202684 Thompson, 203099 Cunningham, 203521 Dellavedova, 2210 Jefferson, 2760 Varejao","202684,203099,203521,2210,2760","Thompson, Cunningham, Dellavedova, Jefferson, Varejao",0,0,2,2,3,80.0
21500021,20151030,2,3,CLE,MIA,"202684 Thompson, 203521 Dellavedova, 2210 Jefferson, 2544 James, 2760 Varejao","202684,203521,2210,2544,2760","Thompson, Dellavedova, Jefferson, James, Varejao",0,7,0,3,3,70.0
21500021,20151030,2,4,CLE,MIA,"202684 Thompson, 203521 Dellavedova, 2210 Jefferson, 2544 James, 2760 Varejao","202684,203521,2210,2544,2760","Thompson, Dellavedova, Jefferson, James, Varejao",0,2,2,3,4,139.0
21500021,20151030,2,5,CLE,MIA,"202684 Thompson, 203521 Dellavedova, 2544 James, 2747 Smith, 2760 Varejao","202684,203521,2544,2747,2760","Thompson, Dellavedova, James, Smith, Varejao",0,0,3,3,3,67.0
21500021,20151030,2,6,CLE,MIA,"201567 Love, 203521 Dellavedova, 2544 James, 2747 Smith, 2760 Varejao","201567,203521,2544,2747,2760","Love, Dellavedova, James, Smith, Varejao",0,0,0,2,1,35.0
21500021,20151030,2,7,CLE,MIA,"201567 Love, 2544 James, 2590 Williams, 2747 Smith, 2760 Varejao","201567,2544,2590,2747,2760","Love, James, Williams, Smith, Varejao",0,4,4,4,4,110.0
21500021,20151030,2,8,CLE,MIA,"201567 Love, 202389 Mozgov, 2544 James, 2590 Williams, 2747 Smith","201567,202389,2544,2590,2747","Love, Mozgov, James, Williams, Smith",0,3,4,4,5,123.0
21500021,20151030,2,9,CLE,MIA,"201567 Love, 202389 Mozgov, 2210 Jefferson, 2590 Williams, 2747 Smith","201567,202389,2210,2590,2747","Love, Mozgov, Jefferson, Williams, Smith",0,0,4,1,2,31.7
21500021,20151030,2,10,CLE,MIA,"201567 Love, 202389 Mozgov, 203521 Dellavedova, 2210 Jefferson, 2590 Williams","201567,202389,203521,2210,2590","Love, Mozgov, Dellavedova, Jefferson, Williams",0,2,0,2,1,52.3
21500021,20151030,3,1,CLE,MIA,"201567 Love, 202389 Mozgov, 203521 Dellavedova, 2210 Jefferson, 2590 Williams","201567,202389,203521,2210,2590","Love, Mozgov, Dellavedova, Jefferson, Williams",0,0,0,0,1,25.0
21500021,20151030,3,2,CLE,MIA,"201567 Love, 202389 Mozgov, 2544 James, 2590 Williams, 2747 Smith","201567,202389,2544,2590,2747","Love, Mozgov, James, Williams, Smith",0,10,11,8,9,289.0
21500021,20151030,3,3,CLE,MIA,"201567 Love, 202389 Mozgov, 203521 Dellavedova, 2544 James, 2590 Williams","201567,202389,203521,2544,2590","Love, Mozgov, Dellavedova, James, Williams",0,3,2,4,3,78.0
21500021,20151030,3,4,CLE,MIA,"201567 Love, 202684 Thompson, 203521 Dellavedova, 2544 James, 2590 Williams","201567,202684,203521,2544,2590","Love, Thompson, Dellavedova, James, Williams",0,0,2,2,2,41.0
21500021,20151030,3,5,CLE,MIA,"201567 Love, 202684 Thompson, 203521 Dellavedova, 2544 James, 2590 Williams","201567,202684,203521,2544,2590","Love, Thompson, Dellavedova, James, Williams",0,6,3,3,4,72.0
21500021,20151030,3,6,CLE,MIA,"202684 Thompson, 203521 Dellavedova, 2544 James, 2590 Williams, 2760 Varejao","202684,203521,2544,2590,2760","Thompson, Dellavedova, James, Williams, Varejao",0,4,3,2,3,92.0
21500021,20151030,3,7,CLE,MIA,"202684 Thompson, 203521 Dellavedova, 2210 Jefferson, 2590 Williams, 2760 Varejao","202684,203521,2210,2590,2760","Thompson, Dellavedova, Jefferson, Williams, Varejao",0,2,2,2,2,39.0
21500021,20151030,3,8,CLE,MIA,"202684 Thompson, 203099 Cunningham, 203521 Dellavedova, 2210 Jefferson, 2760 Varejao","202684,203099,203521,2210,2760","Thompson, Cunningham, Dellavedova, Jefferson, Varejao",0,4,2,3,2,84.0
21500021,20151030,4,1,CLE,MIA,"202684 Thompson, 203099 Cunningham, 203521 Dellavedova, 2210 Jefferson, 2760 Varejao","202684,203099,203521,2210,2760","Thompson, Cunningham, Dellavedova, Jefferson, Varejao",0,6,2,5,4,144.0
21500021,20151030,4,2,CLE,MIA,"202684 Thompson, 203099 Cunningham, 203521 Dellavedova, 2210 Jefferson, 2760 Varejao","202684,203099,203521,2210,2760","Thompson, Cunningham, Dellavedova, Jefferson, Varejao",0,2,0,3,3,46.0
21500021,20151030,4,3,CLE,MIA,"202684 Thompson, 203099 Cunningham, 203521 Dellavedova, 2210 Jefferson, 2760 Varejao","202684,203099,203521,2210,2760","Thompson, Cunningham, Dellavedova, Jefferson, Varejao",0,0,0,1,1,32.0
21500021,20151030,4,4,CLE,MIA,"201567 Love, 202684 Thompson, 203521 Dellavedova, 2210 Jefferson, 2544 James","201567,202684,203521,2210,2544","Love, Thompson, Dellavedova, Jefferson, James",0,2,0,2,2,50.0
21500021,20151030,4,5,CLE,MIA,"201567 Love, 202684 Thompson, 203521 Dellavedova, 2210 Jefferson, 2544 James","201567,202684,203521,2210,2544","Love, Thompson, Dellavedova, Jefferson, James",0,9,8,8,8,220.0
21500021,20151030,4,6,CLE,MIA,"201567 Love, 202684 Thompson, 2210 Jefferson, 2544 James, 2590 Williams","201567,202684,2210,2544,2590","Love, Thompson, Jefferson, James, Williams",0,4,15,9,9,228.0
21500046,20151102,1,1,CLE,PHI,"201567 Love, 202389 Mozgov, 2544 James, 2590 Williams, 2747 Smith","201567,202389,2544,2590,2747","Love, Mozgov, James, Williams, Smith",0,7,4,9,8,218.0
21500046,20151102,1,2,CLE,PHI,"201567 Love, 202389 Mozgov, 2544 James, 2590 Williams, 2747 Smith","201567,202389,2544,2590,2747","Love, Mozgov, James, Williams, Smith",0,3,7,4,3,79.0
21500046,20151102,1,3,CLE,PHI,"201567 Love, 202389 Mozgov, 2210 Jefferson, 2544 James, 2590 Williams","201567,202389,2210,2544,2590","Love, Mozgov, Jefferson, James, Williams",0,5,0,2,2,42.0
21500046,20151102,1,4,CLE,PHI,"201567 Love, 202389 Mozgov, 2210 Jefferson, 2544 James, 2590 Williams","201567,202389,2210,2544,2590","Love, Mozgov, Jefferson, James, Williams",0,0,2,2,2,48.0
21500046,20151102,1,5,CLE,PHI,"201567 Love, 202389 Mozgov, 2210 Jefferson, 2544 James, 2590 Williams","201567,202389,2210,2544,2590","Love, Mozgov, Jefferson, James, Williams",0,0,4,3,3,70.0
21500046,20151102,1,6,CLE,PHI,"202389 Mozgov, 202684 Thompson, 203521 Dellavedova, 2210 Jefferson, 2544 James","202389,202684,203521,2210,2544","Mozgov, Thompson, Dellavedova, Jefferson, James",0,0,3,1,1,24.0
21500046,20151102,1,7,CLE,PHI,"202684 Thompson, 203521 Dellavedova, 2210 Jefferson, 2544 James, 2760 Varejao","202684,203521,2210,2544,2760","Thompson, Dellavedova, Jefferson, James, Varejao",0,2,4,4,3,73.0
21500046,20151102,1,8,CLE,PHI,"202684 Thompson, 203521 Dellavedova, 2210 Jefferson, 2544 James, 2760 Varejao","202684,203521,2210,2544,2760","Thompson, Dellavedova, Jefferson, James, Varejao",0,0,0,1,0,36.0
21500046,20151102,1,9,CLE,PHI,"202684 Thompson, 203099 Cunningham, 203521 Dellavedova, 2210 Jefferson, 2760 Varejao","202684,203099,203521,2210,2760","Thompson, Cunningham, Dellavedova, Jefferson, Varejao",0,0,2,2,2,43.0
21500046,20151102,1,10,CLE,PHI,"202684 Thompson, 203099 Cunningham, 203521 Dellavedova, 2210 Jefferson, 2760 Varejao","202684,203099,203521,2210,2760","Thompson, Cunningham, Dellavedova, Jefferson, Varejao",0,0,0,0,1,16.0
21500046,20151102,1,11,CLE,PHI,"202684 Thompson, 203099 Cunningham, 203521 Dellavedova, 2210 Jefferson, 2760 Varejao","202684,203099,203521,2210,2760","Thompson, Cunningham, Dellavedova, Jefferson, Varejao",0,1,6,2,3,71.0
21500046,20151102,2,1,CLE,PHI,"202684 Thompson, 203099 Cunningham, 203521 Dellavedova, 2210 Jefferson, 2760 Varejao","202684,203099,203521,2210,2760","Thompson, Cunningham, Dellavedova, Jefferson, Varejao",0,0,0,1,0,16.0
21500046,20151102,2,2,CLE,PHI,"201567 Love, 202684 Thompson, 203099 Cunningham, 203521 Dellavedova, 2210 Jefferson","201567,202684,203099,203521,2210","Love, Thompson, Cunningham, Dellavedova, Jefferson",0,1,2,3,2,26.0
21500046,20151102,2,3,CLE,PHI,"201567 Love, 202684 Thompson, 203521 Dellavedova, 2210 Jefferson, 2590 Williams","201567,202684,203521,2210,2590","Love, Thompson, Dellavedova, Jefferson, Williams",0,0,0,2,1,19.0
21500046,20151102,2,4,CLE,PHI,"201567 Love, 202684 Thompson, 203521 Dellavedova, 2544 James, 2590 Williams","201567,202684,203521,2544,2590","Love, Thompson, Dellavedova, James, Williams",0,2,1,1,2,14.0
21500046,20151102,2,5,CLE,PHI,"201567 Love, 202684 Thompson, 203521 Dellavedova, 2544 James, 2590 Williams","201567,202684,203521,2544,2590","Love, Thompson, Dellavedova, James, Williams",0,4,0,3,4,64.0
21500046,20151102,2,6,CLE,PHI,"201567 Love, 202684 Thompson, 203521 Dellavedova, 2544 James, 2590 Williams","201567,202684,203521,2544,2590","Love, Thompson, Dellavedova, James, Williams",0,3,2,3,2,54.0
21500046,20151102,2,7,CLE,PHI,"201567 Love, 202389 Mozgov, 203521 Dellavedova, 2544 James, 2590 Williams","201567,202389,203521,2544,2590","Love, Mozgov, Dellavedova, James, Williams",0,6,3,4,5,121.0
21500046,20151102,2,8,CLE,PHI,"201567 Love, 202389 Mozgov, 203521 Dellavedova, 2544 James, 2590 Williams","201567,202389,203521,2544,2590","Love, Mozgov, Dellavedova, James, Williams",0,3,10,5,5,168.0
21500046,20151102,2,9,CLE,PHI,"201567 Love, 202684 Thompson, 203099 Cunningham, 2544 James, 2590 Williams","201567,202684,203099,2544,2590","Love, Thompson, Cunningham, James, Williams",0,2,0,2,1,43.0
21500046,20151102,2,10,CLE,PHI,"201567 Love, 202684 Thompson, 203099 Cunningham, 2544 James, 2590 Williams","201567,202684,203099,2544,2590","Love, Thompson, Cunningham, James, Williams",0,0,0,2,0,6.0
21500046,20151102,2,11,CLE,PHI,"202684 Thompson, 203099 Cunningham, 2544 James, 2590 Williams, 2592 Jones","202684,203099,2544,2590,2592","Thompson, Cunningham, James, Williams, Jones",0,0,2,3,2,59.0
21500046,20151102,2,12,CLE,PHI,"202684 Thompson, 203099 Cunningham, 2544 James, 2590 Williams, 2592 Jones","202684,203099,2544,2590,2592","Thompson, Cunningham, James, Williams, Jones",0,1,0,1,0,12.0
21500046,20151102,2,13,CLE,PHI,"202684 Thompson, 203099 Cunningham, 203521 Dellavedova, 2544 James, 2592 Jones","202684,203099,203521,2544,2592","Thompson, Cunningham, Dellavedova, James, Jones",0,5,0,3,2,45.0
21500046,20151102,2,14,CLE,PHI,"202684 Thompson, 203099 Cunningham, 203521 Dellavedova, 2544 James, 2592 Jones","202684,203099,203521,2544,2592","Thompson, Cunningham, Dellavedova, James, Jones",0,4,2,3,3,73.0
21500046,20151102,3,1,CLE,PHI,"202684 Thompson, 203099 Cunningham, 203521 Dellavedova, 2544 James, 2592 Jones","202684,203099,203521,2544,2592","Thompson, Cunningham, Dellavedova, James, Jones",0,0,0,1,0,17.0
21500046,20151102,3,2,CLE,PHI,"201567 Love, 202389 Mozgov, 203521 Dellavedova, 2544 James, 2590 Williams","201567,202389,203521,2544,2590","Love, Mozgov, Dellavedova, James, Williams",0,9,2,7,8,178.0
21500046,20151102,3,3,CLE,PHI,"201567 Love, 202684 Thompson, 203521 Dellavedova, 2544 James, 2590 Williams","201567,202684,203521,2544,2590","Love, Thompson, Dellavedova, James, Williams",0,2,0,1,2,32.0
21500046,20151102,3,4,CLE,PHI,"201567 Love, 202684 Thompson, 203521 Dellavedova, 2544 James, 2590 Williams","201567,202684,203521,2544,2590","Love, Thompson, Dellavedova, James, Williams",0,4,0,3,4,89.0
21500046,20151102,3,5,CLE,PHI,"201567 Love, 202684 Thompson, 203099 Cunningham, 2210 Jefferson, 2590 Williams","201567,202684,203099,2210,2590","Love, Thompson, Cunningham, Jefferson, Williams",0,0,2,1,1,14.0
21500046,20151102,3,6,CLE,PHI,"201567 Love, 202684 Thompson, 203099 Cunningham, 2210 Jefferson, 2590 Williams","201567,202684,203099,2210,2590","Love, Thompson, Cunningham, Jefferson, Williams",0,6,4,5,5,155.0
21500046,20151102,3,7,CLE,PHI,"202684 Thompson, 203099 Cunningham, 203521 Dellavedova, 2210 Jefferson, 2592 Jones","202684,203099,203521,2210,2592","Thompson, Cunningham, Dellavedova, Jefferson, Jones",0,8,5,5,6,139.0
21500046,20151102,3,8,CLE,PHI,"202684 Thompson, 203521 Dellavedova, 2210 Jefferson, 2544 James, 2592 Jones","202684,203521,2210,2544,2592","Thompson, Dellavedova, Jefferson, James, Jones",0,4,5,3,5,73.8
21500046,20151102,3,9,CLE,PHI,"202684 Thompson, 203521 Dellavedova, 2210 Jefferson, 2544 James, 2592 Jones","202684,203521,2210,2544,2592","Thompson, Dellavedova, Jefferson, James, Jones",0,0,0,0,2,22.2
21500046,20151102,4,1,CLE,PHI,"202684 Thompson, 203521 Dellavedova, 2210 Jefferson, 2544 James, 2592 Jones","202684,203521,2210,2544,2592","Thompson, Dellavedova, Jefferson, James, Jones",0,0,0,0,1,20.0
21500046,20151102,4,2,CLE,PHI,"202684 Thompson, 203521 Dellavedova, 2210 Jefferson, 2544 James, 2592 Jones","202684,203521,2210,2544,2592","Thompson, Dellavedova, Jefferson, James, Jones",0,6,5,5,6,174.0
21500046,20151102,4,3,CLE,PHI,"201567 Love, 202389 Mozgov, 203521 Dellavedova, 2210 Jefferson, 2544 James","201567,202389,203521,2210,2544","Love, Mozgov, Dellavedova, Jefferson, James",0,5,0,2,3,61.0
21500046,20151102,4,4,CLE,PHI,"201567 Love, 202389 Mozgov, 2210 Jefferson, 2544 James, 2590 Williams","201567,202389,2210,2544,2590","Love, Mozgov, Jefferson, James, Williams",0,2,2,3,3,84.0
21500046,20151102,4,5,CLE,PHI,"201567 Love, 202389 Mozgov, 203521 Dellavedova, 2210 Jefferson, 2590 Williams","201567,202389,203521,2210,2590","Love, Mozgov, Dellavedova, Jefferson, Williams",0,2,0,3,2,76.0
21500046,20151102,4,6,CLE,PHI,"201567 Love, 202389 Mozgov, 203099 Cunningham, 203521 Dellavedova, 2590 Williams","201567,202389,203099,203521,2590","Love, Mozgov, Cunningham, Dellavedova, Williams",0,2,0,1,0,8.0
21500046,20151102,4,7,CLE,PHI,"201567 Love, 202389 Mozgov, 203099 Cunningham, 203521 Dellavedova, 2590 Williams","201567,202389,203099,203521,2590","Love, Mozgov, Cunningham, Dellavedova, Williams",0,1,0,1,2,18.0
21500046,20151102,4,8,CLE,PHI,"202389 Mozgov, 203099 Cunningham, 203521 Dellavedova, 203925 Harris, 2592 Jones","202389,203099,203521,203925,2592","Mozgov, Cunningham, Dellavedova, Harris, Jones",0,0,9,4,4,114.0
21500046,20151102,4,9,CLE,PHI,"202684 Thompson, 203099 Cunningham, 203521 Dellavedova, 203925 Harris, 2592 Jones","202684,203099,203521,203925,2592","Thompson, Cunningham, Dellavedova, Harris, Jones",0,7,12,5,7,165.0
21500063,20151104,1,1,CLE,NYK,"201567 Love, 202389 Mozgov, 2210 Jefferson, 2544 James, 2590 Williams","201567,202389,2210,2544,2590","Love, Mozgov, Jefferson, James, Williams",0,9,15,12,13,348.0
21500063,20151104,1,2,CLE,NYK,"201567 Love, 202389 Mozgov, 2210 Jefferson, 2544 James, 2590 Williams","201567,202389,2210,2544,2590","Love, Mozgov, Jefferson, James, Williams",0,0,9,4,4,127.0
21500063,20151104,1,3,CLE,NYK,"201567 Love, 202684 Thompson, 203521 Dellavedova, 2210 Jefferson, 2544 James","201567,202684,203521,2210,2544","Love, Thompson, Dellavedova, Jefferson, James",0,7,2,6,5,121.0
21500063,20151104,1,4,CLE,NYK,"202684 Thompson, 203099 Cunningham, 203521 Dellavedova, 2210 Jefferson, 2592 Jones","202684,203099,203521,2210,2592","Thompson, Cunningham, Dellavedova, Jefferson, Jones",0,2,2,1,1,36.0
21500063,20151104,1,5,CLE,NYK,"202684 Thompson, 203099 Cunningham, 203521 Dellavedova, 2210 Jefferson, 2592 Jones","202684,203099,203521,2210,2592","Thompson, Cunningham, Dellavedova, Jefferson, Jones",0,0,2,2,1,44.3
21500063,20151104,1,6,CLE,NYK,"202684 Thompson, 203099 Cunningham, 203521 Dellavedova, 2590 Williams, 2592 Jones","202684,203099,203521,2590,2592","Thompson, Cunningham, Dellavedova, Williams, Jones",0,0,2,2,1,43.7
21500063,20151104,2,1,CLE,NYK,"202684 Thompson, 203099 Cunningham, 203521 Dellavedova, 2590 Williams, 2592 Jones","202684,203099,203521,2590,2592","Thompson, Cunningham, Dellavedova, Williams, Jones",0,2,2,2,4,58.0
21500063,20151104,2,2,CLE,NYK,"202684 Thompson, 203099 Cunningham, 203521 Dellavedova, 2590 Williams, 2760 Varejao","202684,203099,203521,2590,2760","Thompson, Cunningham, Dellavedova, Williams, Varejao",0,3,0,4,4,66.0
21500063,20151104,2,3,CLE,NYK,"202684 Thompson, 203521 Dellavedova, 2544 James, 2590 Williams, 2760 Varejao","202684,203521,2544,2590,2760","Thompson, Dellavedova, James, Williams, Varejao",0,0,2,2,1,59.0
21500063,20151104,2,4,CLE,NYK,"202684 Thompson, 2210 Jefferson, 2544 James, 2590 Williams, 2760 Varejao","202684,2210,2544,2590,2760","Thompson, Jefferson, James, Williams, Varejao",0,2,0,5,3,63.0
21500063,20151104,2,5,CLE,NYK,"201567 Love, 2210 Jefferson, 2544 James, 2590 Williams, 2760 Varejao","201567,2210,2544,2590,2760","Love, Jefferson, James, Williams, Varejao",0,4,2,5,4,96.0
21500063,20151104,2,6,CLE,NYK,"201567 Love, 2210 Jefferson, 2544 James, 2590 Williams, 2760 Varejao","201567,2210,2544,2590,2760","Love, Jefferson, James, Williams, Varejao",0,0,0,0,1,21.0
21500063,20151104,2,7,CLE,NYK,"201567 Love, 202389 Mozgov, 203521 Dellavedova, 2210 Jefferson, 2544 James","201567,202389,203521,2210,2544","Love, Mozgov, Dellavedova, Jefferson, James",0,8,4,7,7,190.0
21500063,20151104,2,8,CLE,NYK,"201567 Love, 202389 Mozgov, 203521 Dellavedova, 2210 Jefferson, 2590 Williams","201567,202389,203521,2210,2590","Love, Mozgov, Dellavedova, Jefferson, Williams",0,1,4,3,2,68.0
21500063,20151104,2,9,CLE,NYK,"201567 Love, 202389 Mozgov, 203521 Dellavedova, 2210 Jefferson, 2590 Williams","201567,202389,203521,2210,2590","Love, Mozgov, Dellavedova, Jefferson, Williams",0,0,0,3,4,77.3
21500063,20151104,2,10,CLE,NYK,"202389 Mozgov, 202684 Thompson, 203521 Dellavedova, 2210 Jefferson, 2590 Williams","202389,202684,203521,2210,2590","Mozgov, Thompson, Dellavedova, Jefferson, Williams",0,0,0,1,1,21.7
21500063,20151104,3,1,CLE,NYK,"202389 Mozgov, 202684 Thompson, 203521 Dellavedova, 2210 Jefferson, 2590 Williams","202389,202684,203521,2210,2590","Mozgov, Thompson, Dellavedova, Jefferson, Williams",0,0,0,1,0,17.0
21500063,20151104,3,2,CLE,NYK,"201567 Love, 202389 Mozgov, 2210 Jefferson, 2544 James, 2590 Williams","201567,202389,2210,2544,2590","Love, Mozgov, Jefferson, James, Williams",0,8,7,6,5,159.0
21500063,20151104,3,3,CLE,NYK,"201567 Love, 202389 Mozgov, 2210 Jefferson, 2544 James, 2590 Williams","201567,202389,2210,2544,2590","Love, Mozgov, Jefferson, James, Williams",0,7,6,5,5,160.0
21500063,20151104,3,4,CLE,NYK,"201567 Love, 202389 Mozgov, 2210 Jefferson, 2544 James, 2590 Williams","201567,202389,2210,2544,2590","Love, Mozgov, Jefferson, James, Williams",0,3,0,2,1,40.0
21500063,20151104,3,5,CLE,NYK,"201567 Love, 202389 Mozgov, 2210 Jefferson, 2544 James, 2590 Williams","201567,202389,2210,2544,2590","Love, Mozgov, Jefferson, James, Williams",0,2,0,2,1,41.0
21500063,20151104,3,6,CLE,NYK,"202389 Mozgov, 202684 Thompson, 2210 Jefferson, 2544 James, 2590 Williams","202389,202684,2210,2544,2590","Mozgov, Thompson, Jefferson, James, Williams",0,0,3,2,1,34.0
21500063,20151104,3,7,CLE,NYK,"202389 Mozgov, 202684 Thompson, 2210 Jefferson, 2544 James, 2590 Williams","202389,202684,2210,2544,2590","Mozgov, Thompson, Jefferson, James, Williams",0,2,1,1,1,25.0
21500063,20151104,3,8,CLE,NYK,"202389 Mozgov, 202684 Thompson, 203521 Dellavedova, 2544 James, 2590 Williams","202389,202684,203521,2544,2590","Mozgov, Thompson, Dellavedova, James, Williams",0,2,0,1,0,7.0
21500063,20151104,3,9,CLE,NYK,"202684 Thompson, 203521 Dellavedova, 2544 James, 2590 Williams, 2592 Jones","202684,203521,2544,2590,2592","Thompson, Dellavedova, James, Williams, Jones",0,0,0,1,2,35.0
21500063,20151104,3,10,CLE,NYK,"202684 Thompson, 203521 Dellavedova, 2544 James, 2590 Williams, 2592 Jones","202684,203521,2544,2590,2592","Thompson, Dellavedova, James, Williams, Jones",0,0,2,1,2,36.0
21500063,20151104,3,11,CLE,NYK,"202684 Thompson, 203099 Cunningham, 203521 Dellavedova, 2210 Jefferson, 2592 Jones","202684,203099,203521,2210,2592","Thompson, Cunningham, Dellavedova, Jefferson, Jones",0,8,4,7,5,166.0
21500063,20151104,4,1,CLE,NYK,"202684 Thompson, 203099 Cunningham, 203521 Dellavedova, 2210 Jefferson, 2592 Jones","202684,203099,203521,2210,2592","Thompson, Cunningham, Dellavedova, Jefferson, Jones",0,0,0,0,1,18.0
21500063,20151104,4,2,CLE,NYK,"202684 Thompson, 203099 Cunningham, 203521 Dellavedova, 2210 Jefferson, 2592 Jones","202684,203099,203521,2210,2592","Thompson, Cunningham, Dellavedova, Jefferson, Jones",0,2,6,4,6,140.0
21500063,20151104,4,3,CLE,NYK,"202684 Thompson, 2210 Jefferson, 2544 James, 2590 Williams, 2592 Jones","202684,2210,2544,2590,2592","Thompson, Jefferson, James, Williams, Jones",0,2,0,2,1,39.0
21500063,20151104,4,4,CLE,NYK,"202684 Thompson, 2210 Jefferson, 2544 James, 2590 Williams, 2592 Jones","202684,2210,2544,2590,2592","Thompson, Jefferson, James, Williams, Jones",0,1,0,2,1,47.0
21500063,20151104,4,5,CLE,NYK,"201567 Love, 202684 Thompson, 2210 Jefferson, 2544 James, 2590 Williams","201567,202684,2210,2544,2590","Love, Thompson, Jefferson, James, Williams",0,0,0,2,1,18.0
21500063,20151104,4,6,CLE,NYK,"201567 Love, 202684 Thompson, 203521 Dellavedova, 2544 James, 2590 Williams","201567,202684,203521,2544,2590","Love, Thompson, Dellavedova, James, Williams",0,9,4,7,6,171.0
21500063,20151104,4,7,CLE,NYK,"201567 Love, 202684 Thompson, 203521 Dellavedova, 2544 James, 2590 Williams","201567,202684,203521,2544,2590","Love, Thompson, Dellavedova, James, Williams",0,5,0,3,2,75.0
21500063,20151104,4,8,CLE,NYK,"201567 Love, 202684 Thompson, 203521 Dellavedova, 2544 James, 2590 Williams","201567,202684,203521,2544,2590","Love, Thompson, Dellavedova, James, Williams",0,7,7,5,6,175.1
21500063,20151104,4,9,CLE,NYK,"201567 Love, 202684 Thompson, 203099 Cunningham, 203521 Dellavedova, 2590 Williams","201567,202684,203099,203521,2590","Love, Thompson, Cunningham, Dellavedova, Williams",0,0,0,0,2,36.9
21500078,20151106,1,1,CLE,PHI,"201567 Love, 202389 Mozgov, 203099 Cunningham, 2544 James, 2590 Williams","201567,202389,203099,2544,2590","Love, Mozgov, Cunningham, James, Williams",0,15,9,12,11,280.0
21500078,20151106,1,2,CLE,PHI,"201567 Love, 202389 Mozgov, 203099 Cunningham, 2544 James, 2590 Williams","201567,202389,203099,2544,2590","Love, Mozgov, Cunningham, James, Williams",0,2,0,1,1,14.0
21500078,20151106,1,3,CLE,PHI,"201567 Love, 202389 Mozgov, 203099 Cunningham, 2544 James, 2590 Williams","201567,202389,203099,2544,2590","Love, Mozgov, Cunningham, James, Williams",0,2,6,3,4,147.0
21500078,20151106,1,4,CLE,PHI,"201567 Love, 202684 Thompson, 2210 Jefferson, 2544 James, 2590 Williams","201567,202684,2210,2544,2590","Love, Thompson, Jefferson, James, Williams",0,5,3,2,3,53.0
21500078,20151106,1,5,CLE,PHI,"201567 Love, 202684 Thompson, 203521 Dellavedova, 2210 Jefferson, 2544 James","201567,202684,203521,2210,2544","Love, Thompson, Dellavedova, Jefferson, James",0,0,0,2,2,40.0
21500078,20151106,1,6,CLE,PHI,"202684 Thompson, 203521 Dellavedova, 2210 Jefferson, 2544 James, 2592 Jones","202684,203521,2210,2544,2592","Thompson, Dellavedova, Jefferson, James, Jones",0,0,0,2,1,15.0
21500078,20151106,1,7,CLE,PHI,"202684 Thompson, 203099 Cunningham, 203521 Dellavedova, 2210 Jefferson, 2592 Jones","202684,203099,203521,2210,2592","Thompson, Cunningham, Dellavedova, Jefferson, Jones",0,4,0,6,6,124.8
21500078,20151106,1,8,CLE,PHI,"203521 Dellavedova, 203925 Harris, 2210 Jefferson, 2592 Jones, 2760 Varejao","203521,203925,2210,2592,2760","Dellavedova, Harris, Jefferson, Jones, Varejao",0,0,7,2,3,46.2
21500078,20151106,2,1,CLE,PHI,"203521 Dellavedova, 203925 Harris, 2210 Jefferson, 2592 Jones, 2760 Varejao","203521,203925,2210,2592,2760","Dellavedova, Harris, Jefferson, Jones, Varejao",0,0,0,0,1,16.0
21500078,20151106,2,2,CLE,PHI,"203521 Dellavedova, 203925 Harris, 2210 Jefferson, 2592 Jones, 2760 Varejao","203521,203925,2210,2592,2760","Dellavedova, Harris, Jefferson, Jones, Varejao",0,0,0,1,2,37.0
21500078,20151106,2,3,CLE,PHI,"203521 Dellavedova, 203925 Harris, 2210 Jefferson, 2592 Jones, 2760 Varejao","203521,203925,2210,2592,2760","Dellavedova, Harris, Jefferson, Jones, Varejao",0,5,2,3,3,62.0
21500078,20151106,2,4,CLE,PHI,"201567 Love, 203521 Dellavedova, 2210 Jefferson, 2544 James, 2760 Varejao","201567,203521,2210,2544,2760","Love, Dellavedova, Jefferson, James, Varejao",0,0,0,2,3,64.0
21500078,20151106,2,5,CLE,PHI,"201567 Love, 203521 Dellavedova, 2210 Jefferson, 2544 James, 2760 Varejao","201567,203521,2210,2544,2760","Love, Dellavedova, Jefferson, James, Varejao",0,2,2,2,2,49.0
21500078,20151106,2,6,CLE,PHI,"201567 Love, 2210 Jefferson, 2544 James, 2590 Williams, 2760 Varejao","201567,2210,2544,2590,2760","Love, Jefferson, James, Williams, Varejao",0,4,0,6,3,68.0
21500078,20151106,2,7,CLE,PHI,"201567 Love, 2210 Jefferson, 2544 James, 2590 Williams, 2760 Varejao","201567,2210,2544,2590,2760","Love, Jefferson, James, Williams, Varejao",0,0,4,4,3,73.0
21500078,20151106,2,8,CLE,PHI,"201567 Love, 202389 Mozgov, 2210 Jefferson, 2544 James, 2590 Williams","201567,202389,2210,2544,2590","Love, Mozgov, Jefferson, James, Williams",0,6,4,5,4,113.0
21500078,20151106,2,9,CLE,PHI,"201567 Love, 202389 Mozgov, 203521 Dellavedova, 2544 James, 2590 Williams","201567,202389,203521,2544,2590","Love, Mozgov, Dellavedova, James, Williams",0,2,5,3,3,80.0
21500078,20151106,2,10,CLE,PHI,"201567 Love, 202389 Mozgov, 203521 Dellavedova, 2544 James, 2590 Williams","201567,202389,203521,2544,2590","Love, Mozgov, Dellavedova, James, Williams",0,0,4,4,3,88.0
21500078,20151106,2,11,CLE,PHI,"201567 Love, 202684 Thompson, 203521 Dellavedova, 2210 Jefferson, 2590 Williams","201567,202684,203521,2210,2590","Love, Thompson, Dellavedova, Jefferson, Williams",0,2,2,3,3,45.5
21500078,20151106,2,12,CLE,PHI,"201567 Love, 202684 Thompson, 203099 Cunningham, 203521 Dellavedova, 2210 Jefferson","201567,202684,203099,203521,2210","Love, Thompson, Cunningham, Dellavedova, Jefferson",0,0,2,1,1,24.5
21500078,20151106,3,1,CLE,PHI,"201567 Love, 202684 Thompson, 203099 Cunningham, 203521 Dellavedova, 2210 Jefferson","201567,202684,203099,203521,2210","Love, Thompson, Cunningham, Dellavedova, Jefferson",0,0,0,0,1,36.0
21500078,20151106,3,2,CLE,PHI,"201567 Love, 202389 Mozgov, 203099 Cunningham, 2544 James, 2590 Williams","201567,202389,203099,2544,2590","Love, Mozgov, Cunningham, James, Williams",0,23,9,12,12,320.0
21500078,20151106,3,3,CLE,PHI,"202389 Mozgov, 202684 Thompson, 203099 Cunningham, 2544 James, 2590 Williams","202389,202684,203099,2544,2590","Mozgov, Thompson, Cunningham, James, Williams",0,0,1,2,2,53.0
21500078,20151106,3,4,CLE,PHI,"202684 Thompson, 203099 Cunningham, 2544 James, 2590 Williams, 2592 Jones","202684,203099,2544,2590,2592","Thompson, Cunningham, James, Williams, Jones",0,5,0,3,2,63.0
21500078,20151106,3,5,CLE,PHI,"202684 Thompson, 203521 Dellavedova, 2544 James, 2590 Williams, 2592 Jones","202684,203521,2544,2590,2592","Thompson, Dellavedova, James, Williams, Jones",0,2,3,2,2,55.0
21500078,20151106,3,6,CLE,PHI,"202684 Thompson, 203521 Dellavedova, 2210 Jefferson, 2590 Williams, 2592 Jones","202684,203521,2210,2590,2592","Thompson, Dellavedova, Jefferson, Williams, Jones",0,0,0,1,1,22.0
21500078,20151106,3,7,CLE,PHI,"202684 Thompson, 203521 Dellavedova, 2210 Jefferson, 2590 Williams, 2592 Jones","202684,203521,2210,2590,2592","Thompson, Dellavedova, Jefferson, Williams, Jones",0,0,5,4,4,118.2
21500078,20151106,3,8,CLE,PHI,"202684 Thompson, 203521 Dellavedova, 2210 Jefferson, 2590 Williams, 2592 Jones","202684,203521,2210,2590,2592","Thompson, Dellavedova, Jefferson, Williams, Jones",0,2,5,2,2,52.8
21500078,20151106,4,1,CLE,PHI,"202684 Thompson, 203521 Dellavedova, 2210 Jefferson, 2590 Williams, 2592 Jones","202684,203521,2210,2590,2592","Thompson, Dellavedova, Jefferson, Williams, Jones",0,0,0,1,0,13.0
21500078,20151106,4,2,CLE,PHI,"202684 Thompson, 203521 Dellavedova, 2210 Jefferson, 2544 James, 2592 Jones","202684,203521,2210,2544,2592","Thompson, Dellavedova, Jefferson, James, Jones",0,6,6,5,4,130.0
21500078,20151106,4,3,CLE,PHI,"202684 Thompson, 203521 Dellavedova, 2210 Jefferson, 2544 James, 2592 Jones","202684,203521,2210,2544,2592","Thompson, Dellavedova, Jefferson, James, Jones",0,0,0,0,1,11.0
21500078,20151106,4,4,CLE,PHI,"201567 Love, 202684 Thompson, 203521 Dellavedova, 2210 Jefferson, 2544 James","201567,202684,203521,2210,2544","Love, Thompson, Dellavedova, Jefferson, James",0,8,5,7,8,215.0
21500078,20151106,4,5,CLE,PHI,"201567 Love, 202684 Thompson, 203521 Dellavedova, 2210 Jefferson, 2544 James","201567,202684,203521,2210,2544","Love, Thompson, Dellavedova, Jefferson, James",0,4,2,3,3,79.0
21500078,20151106,4,6,CLE,PHI,"201567 Love, 202684 Thompson, 203521 Dellavedova, 2210 Jefferson, 2544 James","201567,202684,203521,2210,2544","Love, Thompson, Dellavedova, Jefferson, James",0,5,4,4,4,121.0
21500078,20151106,4,7,CLE,PHI,"201567 Love, 202684 Thompson, 203099 Cunningham, 2210 Jefferson, 2590 Williams","201567,202684,203099,2210,2590","Love, Thompson, Cunningham, Jefferson, Williams",0,4,7,4,4,100.4
21500078,20151106,4,8,CLE,PHI,"201567 Love, 202684 Thompson, 203099 Cunningham, 2210 Jefferson, 2590 Williams","201567,202684,203099,2210,2590","Love, Thompson, Cunningham, Jefferson, Williams",0,0,5,3,2,50.6
21500094,20151108,1,1,CLE,IND,"201567 Love, 202389 Mozgov, 2210 Jefferson, 2544 James, 2590 Williams","201567,202389,2210,2544,2590","Love, Mozgov, Jefferson, James, Williams",0,13,13,15,14,435.0
21500094,20151108,1,2,CLE,IND,"201567 Love, 202389 Mozgov, 203521 Dellavedova, 2210 Jefferson, 2590 Williams","201567,202389,203521,2210,2590","Love, Mozgov, Dellavedova, Jefferson, Williams",0,0,3,2,1,34.0
21500094,20151108,1,3,CLE,IND,"201567 Love, 202684 Thompson, 203521 Dellavedova, 2210 Jefferson, 2590 Williams","201567,202684,203521,2210,2590","Love, Thompson, Dellavedova, Jefferson, Williams",0,4,0,3,3,56.0
21500094,20151108,1,4,CLE,IND,"201567 Love, 202684 Thompson, 203521 Dellavedova, 2210 Jefferson, 2590 Williams","201567,202684,203521,2210,2590","Love, Thompson, Dellavedova, Jefferson, Williams",0,0,0,0,1,25.0
21500094,20151108,1,5,CLE,IND,"202684 Thompson, 203521 Dellavedova, 2210 Jefferson, 2544 James, 2592 Jones","202684,203521,2210,2544,2592","Thompson, Dellavedova, Jefferson, James, Jones",0,2,2,3,4,84.0
21500094,20151108,1,6,CLE,IND,"202684 Thompson, 203099 Cunningham, 203521 Dellavedova, 2544 James, 2592 Jones","202684,203099,203521,2544,2592","Thompson, Cunningham, Dellavedova, James, Jones",0,5,4,4,4,86.0
21500094,20151108,2,1,CLE,IND,"202684 Thompson, 203099 Cunningham, 203521 Dellavedova, 2544 James, 2592 Jones","202684,203099,203521,2544,2592","Thompson, Cunningham, Dellavedova, James, Jones",0,0,0,0,1,15.0
21500094,20151108,2,2,CLE,IND,"202389 Mozgov, 202684 Thompson, 203099 Cunningham, 203521 Dellavedova, 2544 James","202389,202684,203099,203521,2544","Mozgov, Thompson, Cunningham, Dellavedova, James",0,7,6,5,5,170.0
21500094,20151108,2,3,CLE,IND,"202389 Mozgov, 202684 Thompson, 203099 Cunningham, 203521 Dellavedova, 2544 James","202389,202684,203099,203521,2544","Mozgov, Thompson, Cunningham, Dellavedova, James",0,1,0,1,0,12.0
21500094,20151108,2,4,CLE,IND,"201567 Love, 202389 Mozgov, 203099 Cunningham, 203521 Dellavedova, 2544 James","201567,202389,203099,203521,2544","Love, Mozgov, Cunningham, Dellavedova, James",0,2,4,3,3,83.0
21500094,20151108,2,5,CLE,IND,"201567 Love, 202389 Mozgov, 2210 Jefferson, 2544 James, 2590 Williams","201567,202389,2210,2544,2590","Love, Mozgov, Jefferson, James, Williams",0,0,2,3,2,61.0
21500094,20151108,2,6,CLE,IND,"201567 Love, 202684 Thompson, 2210 Jefferson, 2544 James, 2590 Williams","201567,202684,2210,2544,2590","Love, Thompson, Jefferson, James, Williams",0,2,2,3,3,87.0
21500094,20151108,2,7,CLE,IND,"201567 Love, 202684 Thompson, 203521 Dellavedova, 2210 Jefferson, 2590 Williams","201567,202684,203521,2210,2590","Love, Thompson, Dellavedova, Jefferson, Williams",0,3,4,4,5,132.0
21500094,20151108,2,8,CLE,IND,"201567 Love, 202684 Thompson, 203521 Dellavedova, 2544 James, 2590 Williams","201567,202684,203521,2544,2590","Love, Thompson, Dellavedova, James, Williams",0,6,2,3,3,103.4
21500094,20151108,2,9,CLE,IND,"201567 Love, 202684 Thompson, 203521 Dellavedova, 2544 James, 2590 Williams","201567,202684,203521,2544,2590","Love, Thompson, Dellavedova, James, Williams",0,2,0,1,2,56.6
21500094,20151108,3,1,CLE,IND,"201567 Love, 202684 Thompson, 203521 Dellavedova, 2544 James, 2590 Williams","201567,202684,203521,2544,2590","Love, Thompson, Dellavedova, James, Williams",0,0,0,0,1,17.0
21500094,20151108,3,2,CLE,IND,"201567 Love, 202389 Mozgov, 2210 Jefferson, 2544 James, 2590 Williams","201567,202389,2210,2544,2590","Love, Mozgov, Jefferson, James, Williams",0,6,12,8,10,217.0
21500094,20151108,3,3,CLE,IND,"201567 Love, 202389 Mozgov, 203521 Dellavedova, 2544 James, 2590 Williams","201567,202389,203521,2544,2590","Love, Mozgov, Dellavedova, James, Williams",0,4,2,2,2,51.0
21500094,20151108,3,4,CLE,IND,"201567 Love, 202389 Mozgov, 203521 Dellavedova, 2210 Jefferson, 2590 Williams","201567,202389,203521,2210,2590","Love, Mozgov, Dellavedova, Jefferson, Williams",0,7,2,4,5,131.0
21500094,20151108,3,5,CLE,IND,"201567 Love, 202684 Thompson, 203521 Dellavedova, 2210 Jefferson, 2590 Williams","201567,202684,203521,2210,2590","Love, Thompson, Dellavedova, Jefferson, Williams",0,0,2,1,1,16.0
21500094,20151108,3,6,CLE,IND,"201567 Love, 202684 Thompson, 203521 Dellavedova, 2544 James, 2590 Williams","201567,202684,203521,2544,2590","Love, Thompson, Dellavedova, James, Williams",0,7,2,7,6,121.0
21500094,20151108,3,7,CLE,IND,"202389 Mozgov, 202684 Thompson, 203099 Cunningham, 203521 Dellavedova, 2544 James","202389,202684,203099,203521,2544","Mozgov, Thompson, Cunningham, Dellavedova, James",0,3,11,6,6,167.0
21500094,20151108,4,1,CLE,IND,"202389 Mozgov, 202684 Thompson, 203099 Cunningham, 203521 Dellavedova, 2544 James","202389,202684,203099,203521,2544","Mozgov, Thompson, Cunningham, Dellavedova, James",0,0,0,1,0,21.0
21500094,20151108,4,2,CLE,IND,"201567 Love, 202684 Thompson, 203521 Dellavedova, 2210 Jefferson, 2590 Williams","201567,202684,203521,2210,2590","Love, Thompson, Dellavedova, Jefferson, Williams",0,10,4,7,7,166.0
21500094,20151108,4,3,CLE,IND,"201567 Love, 202684 Thompson, 203521 Dellavedova, 2210 Jefferson, 2590 Williams","201567,202684,203521,2210,2590","Love, Thompson, Dellavedova, Jefferson, Williams",0,4,10,6,6,198.0
21500094,20151108,4,4,CLE,IND,"201567 Love, 202684 Thompson, 2210 Jefferson, 2544 James, 2590 Williams","201567,202684,2210,2544,2590","Love, Thompson, Jefferson, James, Williams",0,2,3,4,3,108.0
21500094,20151108,4,5,CLE,IND,"201567 Love, 202684 Thompson, 203521 Dellavedova, 2544 James, 2590 Williams","201567,202684,203521,2544,2590","Love, Thompson, Dellavedova, James, Williams",0,5,2,5,5,182.7
21500094,20151108,4,6,CLE,IND,"201567 Love, 202684 Thompson, 203521 Dellavedova, 2544 James, 2590 Williams","201567,202684,203521,2544,2590","Love, Thompson, Dellavedova, James, Williams",0,0,0,1,0,17.0
21500094,20151108,4,7,CLE,IND,"202684 Thompson, 203521 Dellavedova, 2210 Jefferson, 2544 James, 2590 Williams","202684,203521,2210,2544,2590","Thompson, Dellavedova, Jefferson, James, Williams",0,0,3,1,1,8.6
21500094,20151108,4,8,CLE,IND,"201567 Love, 203521 Dellavedova, 2210 Jefferson, 2544 James, 2590 Williams","201567,203521,2210,2544,2590","Love, Dellavedova, Jefferson, James, Williams",0,2,0,1,1,10.5
21500094,20151108,4,9,CLE,IND,"202684 Thompson, 203521 Dellavedova, 2210 Jefferson, 2544 James, 2590 Williams","202684,203521,2210,2544,2590","Thompson, Dellavedova, Jefferson, James, Williams",0,0,2,1,1,1.5
21500094,20151108,4,10,CLE,IND,"201567 Love, 203521 Dellavedova, 2210 Jefferson, 2544 James, 2590 Williams","201567,203521,2210,2544,2590","Love, Dellavedova, Jefferson, James, Williams",0,1,0,1,0,1.4
21500094,20151108,4,11,CLE,IND,"202684 Thompson, 203521 Dellavedova, 2210 Jefferson, 2544 James, 2590 Williams","202684,203521,2210,2544,2590","Thompson, Dellavedova, Jefferson, James, Williams",0,0,0,1,0,5.3
21500106,20151110,1,1,CLE,UTA,"201567 Love, 202389 Mozgov, 2544 James, 2590 Williams, 2747 Smith","201567,202389,2544,2590,2747","Love, Mozgov, James, Williams, Smith",0,16,15,14,13,396.0
21500106,20151110,1,2,CLE,UTA,"201567 Love, 202684 Thompson, 2544 James, 2590 Williams, 2747 Smith","201567,202684,2544,2590,2747","Love, Thompson, James, Williams, Smith",0,3,0,2,1,38.0
21500106,20151110,1,3,CLE,UTA,"201567 Love, 202684 Thompson, 2544 James, 2590 Williams, 2747 Smith","201567,202684,2544,2590,2747","Love, Thompson, James, Williams, Smith",0,2,2,1,1,26.0
21500106,20151110,1,4,CLE,UTA,"201567 Love, 202684 Thompson, 203521 Dellavedova, 2544 James, 2590 Williams","201567,202684,203521,2544,2590","Love, Thompson, Dellavedova, James, Williams",0,2,2,2,4,78.0
21500106,20151110,1,5,CLE,UTA,"201567 Love, 202684 Thompson, 203521 Dellavedova, 2210 Jefferson, 2590 Williams","201567,202684,203521,2210,2590","Love, Thompson, Dellavedova, Jefferson, Williams",0,0,0,1,1,33.0
21500106,20151110,1,6,CLE,UTA,"201567 Love, 202684 Thompson, 203521 Dellavedova, 2210 Jefferson, 2590 Williams","201567,202684,203521,2210,2590","Love, Thompson, Dellavedova, Jefferson, Williams",0,2,3,3,2,83.0
21500106,20151110,1,7,CLE,UTA,"202684 Thompson, 203521 Dellavedova, 2210 Jefferson, 2747 Smith, 2760 Varejao","202684,203521,2210,2747,2760","Thompson, Dellavedova, Jefferson, Smith, Varejao",0,0,0,1,0,7.4
21500106,20151110,1,8,CLE,UTA,"202684 Thompson, 203521 Dellavedova, 2210 Jefferson, 2747 Smith, 2760 Varejao","202684,203521,2210,2747,2760","Thompson, Dellavedova, Jefferson, Smith, Varejao",0,2,0,2,1,58.6
21500106,20151110,2,1,CLE,UTA,"202684 Thompson, 203521 Dellavedova, 2210 Jefferson, 2747 Smith, 2760 Varejao","202684,203521,2210,2747,2760","Thompson, Dellavedova, Jefferson, Smith, Varejao",0,8,2,6,7,185.0
21500106,20151110,2,2,CLE,UTA,"201567 Love, 203521 Dellavedova, 2544 James, 2747 Smith, 2760 Varejao","201567,203521,2544,2747,2760","Love, Dellavedova, James, Smith, Varejao",0,0,0,1,1,26.0
21500106,20151110,2,3,CLE,UTA,"201567 Love, 203521 Dellavedova, 2544 James, 2747 Smith, 2760 Varejao","201567,203521,2544,2747,2760","Love, Dellavedova, James, Smith, Varejao",0,3,2,2,2,56.0
21500106,20151110,2,4,CLE,UTA,"201567 Love, 202684 Thompson, 203521 Dellavedova, 2544 James, 2747 Smith","201567,202684,203521,2544,2747","Love, Thompson, Dellavedova, James, Smith",0,0,4,3,3,54.0
21500106,20151110,2,5,CLE,UTA,"201567 Love, 202684 Thompson, 203521 Dellavedova, 2544 James, 2590 Williams","201567,202684,203521,2544,2590","Love, Thompson, Dellavedova, James, Williams",0,0,0,2,2,33.0
21500106,20151110,2,6,CLE,UTA,"201567 Love, 202684 Thompson, 2210 Jefferson, 2544 James, 2590 Williams","201567,202684,2210,2544,2590","Love, Thompson, Jefferson, James, Williams",0,0,4,2,3,73.0
21500106,20151110,2,7,CLE,UTA,"201567 Love, 202684 Thompson, 2210 Jefferson, 2544 James, 2590 Williams","201567,202684,2210,2544,2590","Love, Thompson, Jefferson, James, Williams",0,3,0,2,1,28.0
21500106,20151110,2,8,CLE,UTA,"201567 Love, 202389 Mozgov, 2210 Jefferson, 2544 James, 2590 Williams","201567,202389,2210,2544,2590","Love, Mozgov, Jefferson, James, Williams",0,7,10,5,4,154.0
21500106,20151110,2,9,CLE,UTA,"201567 Love, 202389 Mozgov, 203521 Dellavedova, 2544 James, 2590 Williams","201567,202389,203521,2544,2590","Love, Mozgov, Dellavedova, James, Williams",0,2,0,1,1,31.0
21500106,20151110,2,10,CLE,UTA,"201567 Love, 202389 Mozgov, 203521 Dellavedova, 2544 James, 2590 Williams","201567,202389,203521,2544,2590","Love, Mozgov, Dellavedova, James, Williams",0,0,4,1,2,41.5
21500106,20151110,2,11,CLE,UTA,"201567 Love, 202684 Thompson, 203521 Dellavedova, 2544 James, 2590 Williams","201567,202684,203521,2544,2590","Love, Thompson, Dellavedova, James, Williams",0,2,0,1,1,38.5
21500106,20151110,3,1,CLE,UTA,"201567 Love, 202684 Thompson, 203521 Dellavedova, 2544 James, 2590 Williams","201567,202684,203521,2544,2590","Love, Thompson, Dellavedova, James, Williams",0,0,0,0,1,17.0
21500106,20151110,3,2,CLE,UTA,"201567 Love, 202389 Mozgov, 2544 James, 2590 Williams, 2747 Smith","201567,202389,2544,2590,2747","Love, Mozgov, James, Williams, Smith",0,4,8,7,7,196.0
21500106,20151110,3,3,CLE,UTA,"201567 Love, 202389 Mozgov, 2544 James, 2590 Williams, 2747 Smith","201567,202389,2544,2590,2747","Love, Mozgov, James, Williams, Smith",0,3,0,1,1,27.0
21500106,20151110,3,4,CLE,UTA,"201567 Love, 202389 Mozgov, 203521 Dellavedova, 2544 James, 2590 Williams","201567,202389,203521,2544,2590","Love, Mozgov, Dellavedova, James, Williams",0,8,5,4,4,100.0
21500106,20151110,3,5,CLE,UTA,"201567 Love, 202389 Mozgov, 203521 Dellavedova, 2544 James, 2590 Williams","201567,202389,203521,2544,2590","Love, Mozgov, Dellavedova, James, Williams",0,0,1,0,1,13.0
21500106,20151110,3,6,CLE,UTA,"201567 Love, 202389 Mozgov, 203521 Dellavedova, 2544 James, 2590 Williams","201567,202389,203521,2544,2590","Love, Mozgov, Dellavedova, James, Williams",0,6,7,7,6,166.0
21500106,20151110,3,7,CLE,UTA,"201567 Love, 202684 Thompson, 203521 Dellavedova, 2210 Jefferson, 2544 James","201567,202684,203521,2210,2544","Love, Thompson, Dellavedova, Jefferson, James",0,1,2,2,1,40.0
21500106,20151110,3,8,CLE,UTA,"201567 Love, 202684 Thompson, 203521 Dellavedova, 2210 Jefferson, 2544 James","201567,202684,203521,2210,2544","Love, Thompson, Dellavedova, Jefferson, James",0,1,2,1,1,34.0
21500106,20151110,3,9,CLE,UTA,"201567 Love, 202684 Thompson, 203521 Dellavedova, 2210 Jefferson, 2747 Smith","201567,202684,203521,2210,2747","Love, Thompson, Dellavedova, Jefferson, Smith",0,1,3,1,1,35.0
21500106,20151110,3,10,CLE,UTA,"202684 Thompson, 203521 Dellavedova, 2210 Jefferson, 2592 Jones, 2747 Smith","202684,203521,2210,2592,2747","Thompson, Dellavedova, Jefferson, Jones, Smith",0,2,0,1,0,13.0
21500106,20151110,3,11,CLE,UTA,"202684 Thompson, 203521 Dellavedova, 2210 Jefferson, 2592 Jones, 2747 Smith","202684,203521,2210,2592,2747","Thompson, Dellavedova, Jefferson, Jones, Smith",0,0,2,2,2,35.4
21500106,20151110,3,12,CLE,UTA,"202684 Thompson, 203521 Dellavedova, 2210 Jefferson, 2592 Jones, 2747 Smith","202684,203521,2210,2592,2747","Thompson, Dellavedova, Jefferson, Jones, Smith",0,2,2,1,1,21.8
21500106,20151110,3,13,CLE,UTA,"202684 Thompson, 203521 Dellavedova, 2210 Jefferson, 2592 Jones, 2747 Smith","202684,203521,2210,2592,2747","Thompson, Dellavedova, Jefferson, Jones, Smith",0,0,0,1,0,21.8
21500106,20151110,4,1,CLE,UTA,"202684 Thompson, 203521 Dellavedova, 2210 Jefferson, 2592 Jones, 2747 Smith","202684,203521,2210,2592,2747","Thompson, Dellavedova, Jefferson, Jones, Smith",0,4,9,17,14,419.0
21500106,20151110,4,2,CLE,UTA,"201567 Love, 202684 Thompson, 2210 Jefferson, 2544 James, 2590 Williams","201567,202684,2210,2544,2590","Love, Thompson, Jefferson, James, Williams",0,6,0,5,4,114.0
21500106,20151110,4,3,CLE,UTA,"201567 Love, 202684 Thompson, 2210 Jefferson, 2544 James, 2590 Williams","201567,202684,2210,2544,2590","Love, Thompson, Jefferson, James, Williams",0,4,5,5,4,100.0
21500106,20151110,4,4,CLE,UTA,"201567 Love, 202684 Thompson, 203521 Dellavedova, 2210 Jefferson, 2544 James","201567,202684,203521,2210,2544","Love, Thompson, Dellavedova, Jefferson, James",0,0,2,1,1,19.0
21500106,20151110,4,5,CLE,UTA,"201567 Love, 202684 Thompson, 2210 Jefferson, 2544 James, 2590 Williams","201567,202684,2210,2544,2590","Love, Thompson, Jefferson, James, Williams",0,2,0,1,1,22.5
21500106,20151110,4,6,CLE,UTA,"201567 Love, 202684 Thompson, 203521 Dellavedova, 2210 Jefferson, 2544 James","201567,202684,203521,2210,2544","Love, Thompson, Dellavedova, Jefferson, James",0,0,0,0,1,12.3
21500106,20151110,4,7,CLE,UTA,"201567 Love, 202684 Thompson, 2210 Jefferson, 2544 James, 2590 Williams","201567,202684,2210,2544,2590","Love, Thompson, Jefferson, James, Williams",0,1,0,1,1,4.1
21500106,20151110,4,8,CLE,UTA,"201567 Love, 202684 Thompson, 203521 Dellavedova, 2210 Jefferson, 2544 James","201567,202684,203521,2210,2544","Love, Thompson, Dellavedova, Jefferson, James",0,0,2,0,1,2.1
21500106,20151110,4,9,CLE,UTA,"201567 Love, 202684 Thompson, 2210 Jefferson, 2544 James, 2590 Williams","201567,202684,2210,2544,2590","Love, Thompson, Jefferson, James, Williams",0,1,0,1,0,1.5
21500106,20151110,4,10,CLE,UTA,"202684 Thompson, 203521 Dellavedova, 2210 Jefferson, 2544 James, 2590 Williams","202684,203521,2210,2544,2590","Thompson, Dellavedova, Jefferson, James, Williams",0,3,4,3,2,15.4
21500106,20151110,4,11,CLE,UTA,"201567 Love, 203521 Dellavedova, 2210 Jefferson, 2544 James, 2590 Williams","201567,203521,2210,2544,2590","Love, Dellavedova, Jefferson, James, Williams",0,2,0,1,1,2.0
21500106,20151110,4,12,CLE,UTA,"202684 Thompson, 203521 Dellavedova, 2210 Jefferson, 2544 James, 2590 Williams","202684,203521,2210,2544,2590","Thompson, Dellavedova, Jefferson, James, Williams",0,2,3,1,1,8.1
21500130,20151113,1,1,CLE,NYK,"201567 Love, 202389 Mozgov, 2544 James, 2590 Williams, 2747 Smith","201567,202389,2544,2590,2747","Love, Mozgov, James, Williams, Smith",0,19,14,12,12,376.0
21500130,20151113,1,2,CLE,NYK,"201567 Love, 202389 Mozgov, 2210 Jefferson, 2590 Williams, 2747 Smith","201567,202389,2210,2590,2747","Love, Mozgov, Jefferson, Williams, Smith",0,2,7,5,4,151.0
21500130,20151113,1,3,CLE,NYK,"201567 Love, 202684 Thompson, 203521 Dellavedova, 2210 Jefferson, 2747 Smith","201567,202684,203521,2210,2747","Love, Thompson, Dellavedova, Jefferson, Smith",0,0,0,1,1,7.0
21500130,20151113,1,4,CLE,NYK,"202684 Thompson, 203521 Dellavedova, 2210 Jefferson, 2544 James, 2592 Jones","202684,203521,2210,2544,2592","Thompson, Dellavedova, Jefferson, James, Jones",0,8,2,7,7,186.0
21500130,20151113,2,1,CLE,NYK,"202684 Thompson, 203521 Dellavedova, 2210 Jefferson, 2544 James, 2592 Jones","202684,203521,2210,2544,2592","Thompson, Dellavedova, Jefferson, James, Jones",0,0,0,1,0,22.0
21500130,20151113,2,2,CLE,NYK,"202684 Thompson, 203521 Dellavedova, 2210 Jefferson, 2544 James, 2592 Jones","202684,203521,2210,2544,2592","Thompson, Dellavedova, Jefferson, James, Jones",0,3,5,7,6,120.0
21500130,20151113,2,3,CLE,NYK,"201567 Love, 202684 Thompson, 203521 Dellavedova, 2210 Jefferson, 2747 Smith","201567,202684,203521,2210,2747","Love, Thompson, Dellavedova, Jefferson, Smith",0,0,0,2,1,23.0
21500130,20151113,2,4,CLE,NYK,"201567 Love, 203521 Dellavedova, 2210 Jefferson, 2747 Smith, 2760 Varejao","201567,203521,2210,2747,2760","Love, Dellavedova, Jefferson, Smith, Varejao",0,0,0,2,1,37.0
21500130,20151113,2,5,CLE,NYK,"201567 Love, 203521 Dellavedova, 2210 Jefferson, 2747 Smith, 2760 Varejao","201567,203521,2210,2747,2760","Love, Dellavedova, Jefferson, Smith, Varejao",0,3,2,3,2,66.0
21500130,20151113,2,6,CLE,NYK,"201567 Love, 203521 Dellavedova, 2210 Jefferson, 2747 Smith, 2760 Varejao","201567,203521,2210,2747,2760","Love, Dellavedova, Jefferson, Smith, Varejao",0,0,0,1,1,9.0
21500130,20151113,2,7,CLE,NYK,"201567 Love, 2210 Jefferson, 2590 Williams, 2747 Smith, 2760 Varejao","201567,2210,2590,2747,2760","Love, Jefferson, Williams, Smith, Varejao",0,0,6,2,3,52.0
21500130,20151113,2,8,CLE,NYK,"201567 Love, 2544 James, 2590 Williams, 2747 Smith, 2760 Varejao","201567,2544,2590,2747,2760","Love, James, Williams, Smith, Varejao",0,0,0,2,2,40.0
21500130,20151113,2,9,CLE,NYK,"201567 Love, 202389 Mozgov, 2544 James, 2590 Williams, 2747 Smith","201567,202389,2544,2590,2747","Love, Mozgov, James, Williams, Smith",0,7,12,8,7,187.0
21500130,20151113,2,10,CLE,NYK,"201567 Love, 202389 Mozgov, 2544 James, 2590 Williams, 2747 Smith","201567,202389,2544,2590,2747","Love, Mozgov, James, Williams, Smith",0,2,2,1,1,29.0
21500130,20151113,2,11,CLE,NYK,"202389 Mozgov, 202684 Thompson, 2544 James, 2590 Williams, 2747 Smith","202389,202684,2544,2590,2747","Mozgov, Thompson, James, Williams, Smith",0,2,3,5,4,115.9
21500130,20151113,2,12,CLE,NYK,"202389 Mozgov, 202684 Thompson, 203521 Dellavedova, 2544 James, 2747 Smith","202389,202684,203521,2544,2747","Mozgov, Thompson, Dellavedova, James, Smith",0,0,0,0,1,19.1
21500130,20151113,3,1,CLE,NYK,"202389 Mozgov, 202684 Thompson, 203521 Dellavedova, 2544 James, 2747 Smith","202389,202684,203521,2544,2747","Mozgov, Thompson, Dellavedova, James, Smith",0,0,0,1,0,23.0
21500130,20151113,3,2,CLE,NYK,"201567 Love, 202389 Mozgov, 2544 James, 2590 Williams, 2747 Smith","201567,202389,2544,2590,2747","Love, Mozgov, James, Williams, Smith",0,11,7,9,7,230.0
21500130,20151113,3,3,CLE,NYK,"201567 Love, 202389 Mozgov, 2544 James, 2590 Williams, 2747 Smith","201567,202389,2544,2590,2747","Love, Mozgov, James, Williams, Smith",0,0,0,1,0,15.0
21500130,20151113,3,4,CLE,NYK,"201567 Love, 202389 Mozgov, 2544 James, 2590 Williams, 2747 Smith","201567,202389,2544,2590,2747","Love, Mozgov, James, Williams, Smith",0,1,0,1,1,22.0
21500130,20151113,3,5,CLE,NYK,"201567 Love, 202389 Mozgov, 2210 Jefferson, 2544 James, 2590 Williams","201567,202389,2210,2544,2590","Love, Mozgov, Jefferson, James, Williams",0,0,2,2,2,64.0
21500130,20151113,3,6,CLE,NYK,"202389 Mozgov, 203521 Dellavedova, 2210 Jefferson, 2544 James, 2590 Williams","202389,203521,2210,2544,2590","Mozgov, Dellavedova, Jefferson, James, Williams",0,4,3,3,2,61.0
21500130,20151113,3,7,CLE,NYK,"202389 Mozgov, 202684 Thompson, 203521 Dellavedova, 2210 Jefferson, 2590 Williams","202389,202684,203521,2210,2590","Mozgov, Thompson, Dellavedova, Jefferson, Williams",0,0,1,1,2,20.0
21500130,20151113,3,8,CLE,NYK,"202684 Thompson, 203521 Dellavedova, 2210 Jefferson, 2590 Williams, 2592 Jones","202684,203521,2210,2590,2592","Thompson, Dellavedova, Jefferson, Williams, Jones",0,4,0,2,2,45.0
21500130,20151113,3,9,CLE,NYK,"202684 Thompson, 203521 Dellavedova, 2210 Jefferson, 2590 Williams, 2592 Jones","202684,203521,2210,2590,2592","Thompson, Dellavedova, Jefferson, Williams, Jones",0,0,1,1,2,36.0
21500130,20151113,3,10,CLE,NYK,"202684 Thompson, 203521 Dellavedova, 2210 Jefferson, 2592 Jones, 2747 Smith","202684,203521,2210,2592,2747","Thompson, Dellavedova, Jefferson, Jones, Smith",0,0,0,1,2,43.0
21500130,20151113,3,11,CLE,NYK,"202684 Thompson, 203521 Dellavedova, 2210 Jefferson, 2592 Jones, 2747 Smith","202684,203521,2210,2592,2747","Thompson, Dellavedova, Jefferson, Jones, Smith",0,0,1,0,1,23.0
21500130,20151113,3,12,CLE,NYK,"202684 Thompson, 203521 Dellavedova, 2544 James, 2592 Jones, 2747 Smith","202684,203521,2544,2592,2747","Thompson, Dellavedova, James, Jones, Smith",0,0,0,2,2,15.0
21500130,20151113,3,13,CLE,NYK,"202684 Thompson, 203521 Dellavedova, 2544 James, 2592 Jones, 2747 Smith","202684,203521,2544,2592,2747","Thompson, Dellavedova, James, Jones, Smith",0,0,2,3,3,95.2
21500130,20151113,3,14,CLE,NYK,"202684 Thompson, 203521 Dellavedova, 2210 Jefferson, 2592 Jones, 2747 Smith","202684,203521,2210,2592,2747","Thompson, Dellavedova, Jefferson, Jones, Smith",0,0,2,1,2,27.8
21500130,20151113,4,1,CLE,NYK,"202684 Thompson, 203521 Dellavedova, 2210 Jefferson, 2592 Jones, 2747 Smith","202684,203521,2210,2592,2747","Thompson, Dellavedova, Jefferson, Jones, Smith",0,0,0,0,1,24.0
21500130,20151113,4,2,CLE,NYK,"201567 Love, 202684 Thompson, 203521 Dellavedova, 2210 Jefferson, 2544 James","201567,202684,203521,2210,2544","Love, Thompson, Dellavedova, Jefferson, James",0,3,2,5,5,158.0
21500130,20151113,4,3,CLE,NYK,"201567 Love, 202389 Mozgov, 203521 Dellavedova, 2544 James, 2590 Williams","201567,202389,203521,2544,2590","Love, Mozgov, Dellavedova, James, Williams",0,4,4,6,6,191.0
21500130,20151113,4,4,CLE,NYK,"201567 Love, 202389 Mozgov, 203521 Dellavedova, 2544 James, 2590 Williams","201567,202389,203521,2544,2590","Love, Mozgov, Dellavedova, James, Williams",0,1,0,1,0,21.0
21500130,20151113,4,5,CLE,NYK,"201567 Love, 202389 Mozgov, 203521 Dellavedova, 2544 James, 2590 Williams","201567,202389,203521,2544,2590","Love, Mozgov, Dellavedova, James, Williams",0,4,4,2,3,73.0
21500130,20151113,4,6,CLE,NYK,"201567 Love, 202684 Thompson, 203521 Dellavedova, 2544 James, 2590 Williams","201567,202684,203521,2544,2590","Love, Thompson, Dellavedova, James, Williams",0,4,0,6,5,154.0
21500130,20151113,4,7,CLE,NYK,"201567 Love, 202684 Thompson, 203521 Dellavedova, 2544 James, 2590 Williams","201567,202684,203521,2544,2590","Love, Thompson, Dellavedova, James, Williams",0,4,2,3,2,79.3
21500130,20151113,4,8,CLE,NYK,"201567 Love, 203521 Dellavedova, 2544 James, 2590 Williams, 2592 Jones","201567,203521,2544,2590,2592","Love, Dellavedova, James, Williams, Jones",0,2,0,1,1,1.6
21500130,20151113,4,9,CLE,NYK,"201567 Love, 202684 Thompson, 203521 Dellavedova, 2544 James, 2590 Williams","201567,202684,203521,2544,2590","Love, Thompson, Dellavedova, James, Williams",0,2,0,1,3,18.1
21500141,20151114,1,1,CLE,MIL,"201567 Love, 202389 Mozgov, 2544 James, 2590 Williams, 2747 Smith","201567,202389,2544,2590,2747","Love, Mozgov, James, Williams, Smith",0,17,12,20,20,626.0
21500141,20151114,1,2,CLE,MIL,"202684 Thompson, 203521 Dellavedova, 2210 Jefferson, 2544 James, 2760 Varejao","202684,203521,2210,2544,2760","Thompson, Dellavedova, Jefferson, James, Varejao",0,3,2,4,4,94.0
21500141,20151114,2,1,CLE,MIL,"202684 Thompson, 203521 Dellavedova, 2210 Jefferson, 2544 James, 2760 Varejao","202684,203521,2210,2544,2760","Thompson, Dellavedova, Jefferson, James, Varejao",0,0,0,0,1,19.0
21500141,20151114,2,2,CLE,MIL,"202684 Thompson, 203521 Dellavedova, 2544 James, 2747 Smith, 2760 Varejao","202684,203521,2544,2747,2760","Thompson, Dellavedova, James, Smith, Varejao",0,11,6,8,7,196.0
21500141,20151114,2,3,CLE,MIL,"201567 Love, 202684 Thompson, 203521 Dellavedova, 2544 James, 2747 Smith","201567,202684,203521,2544,2747","Love, Thompson, Dellavedova, James, Smith",0,3,4,2,3,95.0
21500141,20151114,2,4,CLE,MIL,"201567 Love, 202684 Thompson, 203521 Dellavedova, 2210 Jefferson, 2747 Smith","201567,202684,203521,2210,2747","Love, Thompson, Dellavedova, Jefferson, Smith",0,0,0,1,2,19.0
21500141,20151114,2,5,CLE,MIL,"201567 Love, 202684 Thompson, 2210 Jefferson, 2590 Williams, 2747 Smith","201567,202684,2210,2590,2747","Love, Thompson, Jefferson, Williams, Smith",0,5,9,4,5,143.0
21500141,20151114,2,6,CLE,MIL,"201567 Love, 202389 Mozgov, 2210 Jefferson, 2590 Williams, 2747 Smith","201567,202389,2210,2590,2747","Love, Mozgov, Jefferson, Williams, Smith",0,0,2,1,2,65.0
21500141,20151114,2,7,CLE,MIL,"201567 Love, 202389 Mozgov, 203521 Dellavedova, 2210 Jefferson, 2747 Smith","201567,202389,203521,2210,2747","Love, Mozgov, Dellavedova, Jefferson, Smith",0,0,0,1,1,18.0
21500141,20151114,2,8,CLE,MIL,"201567 Love, 202389 Mozgov, 203521 Dellavedova, 2210 Jefferson, 2544 James","201567,202389,203521,2210,2544","Love, Mozgov, Dellavedova, Jefferson, James",0,2,4,4,4,90.0
21500141,20151114,2,9,CLE,MIL,"201567 Love, 202389 Mozgov, 203521 Dellavedova, 2210 Jefferson, 2544 James","201567,202389,203521,2210,2544","Love, Mozgov, Dellavedova, Jefferson, James",0,0,0,2,3,54.8
21500141,20151114,2,10,CLE,MIL,"201567 Love, 202684 Thompson, 203521 Dellavedova, 2210 Jefferson, 2544 James","201567,202684,203521,2210,2544","Love, Thompson, Dellavedova, Jefferson, James",0,0,2,0,1,20.7
21500141,20151114,3,1,CLE,MIL,"201567 Love, 202684 Thompson, 203521 Dellavedova, 2210 Jefferson, 2544 James","201567,202684,203521,2210,2544","Love, Thompson, Dellavedova, Jefferson, James",0,0,0,0,1,19.0
21500141,20151114,3,2,CLE,MIL,"201567 Love, 202389 Mozgov, 2544 James, 2590 Williams, 2747 Smith","201567,202389,2544,2590,2747","Love, Mozgov, James, Williams, Smith",0,11,8,9,9,246.0
21500141,20151114,3,3,CLE,MIL,"201567 Love, 202684 Thompson, 2544 James, 2590 Williams, 2747 Smith","201567,202684,2544,2590,2747","Love, Thompson, James, Williams, Smith",0,0,0,0,3,48.0
21500141,20151114,3,4,CLE,MIL,"201567 Love, 202684 Thompson, 203521 Dellavedova, 2544 James, 2747 Smith","201567,202684,203521,2544,2747","Love, Thompson, Dellavedova, James, Smith",0,0,6,4,5,119.0
21500141,20151114,3,5,CLE,MIL,"201567 Love, 202684 Thompson, 203521 Dellavedova, 2210 Jefferson, 2544 James","201567,202684,203521,2210,2544","Love, Thompson, Dellavedova, Jefferson, James",0,0,0,1,1,33.0
21500141,20151114,3,6,CLE,MIL,"201567 Love, 202684 Thompson, 203521 Dellavedova, 2210 Jefferson, 2544 James","201567,202684,203521,2210,2544","Love, Thompson, Dellavedova, Jefferson, James",0,6,3,9,8,255.0
21500141,20151114,4,1,CLE,MIL,"202684 Thompson, 203099 Cunningham, 203521 Dellavedova, 2210 Jefferson, 2747 Smith","202684,203099,203521,2210,2747","Thompson, Cunningham, Dellavedova, Jefferson, Smith",0,10,7,7,6,203.0
21500141,20151114,4,2,CLE,MIL,"201567 Love, 203521 Dellavedova, 2210 Jefferson, 2544 James, 2747 Smith","201567,203521,2210,2544,2747","Love, Dellavedova, Jefferson, James, Smith",0,2,5,6,4,162.0
21500141,20151114,4,3,CLE,MIL,"201567 Love, 2210 Jefferson, 2544 James, 2590 Williams, 2747 Smith","201567,2210,2544,2590,2747","Love, Jefferson, James, Williams, Smith",0,2,0,2,1,41.0
21500141,20151114,4,4,CLE,MIL,"201567 Love, 2210 Jefferson, 2544 James, 2590 Williams, 2747 Smith","201567,2210,2544,2590,2747","Love, Jefferson, James, Williams, Smith",0,6,2,3,3,133.0
21500141,20151114,4,5,CLE,MIL,"201567 Love, 2210 Jefferson, 2544 James, 2590 Williams, 2747 Smith","201567,2210,2544,2590,2747","Love, Jefferson, James, Williams, Smith",0,7,4,6,7,164.5
21500141,20151114,4,6,CLE,MIL,"202684 Thompson, 203521 Dellavedova, 2210 Jefferson, 2544 James, 2747 Smith","202684,203521,2210,2544,2747","Thompson, Dellavedova, Jefferson, James, Smith",0,0,0,0,1,16.5
21500141,20151114,5,1,CLE,MIL,"202684 Thompson, 203521 Dellavedova, 2210 Jefferson, 2544 James, 2747 Smith","202684,203521,2210,2544,2747","Thompson, Dellavedova, Jefferson, James, Smith",0,0,0,1,0,17.0
21500141,20151114,5,2,CLE,MIL,"201567 Love, 2210 Jefferson, 2544 James, 2590 Williams, 2747 Smith","201567,2210,2544,2590,2747","Love, Jefferson, James, Williams, Smith",0,6,6,8,8,195.0
21500141,20151114,5,3,CLE,MIL,"201567 Love, 2210 Jefferson, 2544 James, 2590 Williams, 2747 Smith","201567,2210,2544,2590,2747","Love, Jefferson, James, Williams, Smith",0,2,2,2,3,74.2
21500141,20151114,5,4,CLE,MIL,"202684 Thompson, 203521 Dellavedova, 2210 Jefferson, 2544 James, 2747 Smith","202684,203521,2210,2544,2747","Thompson, Dellavedova, Jefferson, James, Smith",0,0,0,0,2,6.4
21500141,20151114,5,5,CLE,MIL,"201567 Love, 2210 Jefferson, 2544 James, 2590 Williams, 2747 Smith","201567,2210,2544,2590,2747","Love, Jefferson, James, Williams, Smith",0,0,0,0,1,7.4
21500141,20151114,6,1,CLE,MIL,"201567 Love, 2210 Jefferson, 2544 James, 2590 Williams, 2747 Smith","201567,2210,2544,2590,2747","Love, Jefferson, James, Williams, Smith",0,3,5,4,3,105.0
21500141,20151114,6,2,CLE,MIL,"201567 Love, 2210 Jefferson, 2544 James, 2590 Williams, 2747 Smith","201567,2210,2544,2590,2747","Love, Jefferson, James, Williams, Smith",0,1,0,1,0,11.0
21500141,20151114,6,3,CLE,MIL,"201567 Love, 2210 Jefferson, 2544 James, 2590 Williams, 2747 Smith","201567,2210,2544,2590,2747","Love, Jefferson, James, Williams, Smith",0,2,5,3,4,99.0
21500141,20151114,6,4,CLE,MIL,"202684 Thompson, 203521 Dellavedova, 2210 Jefferson, 2544 James, 2747 Smith","202684,203521,2210,2544,2747","Thompson, Dellavedova, Jefferson, James, Smith",0,0,2,2,2,25.0
21500141,20151114,6,5,CLE,MIL,"201567 Love, 203521 Dellavedova, 2210 Jefferson, 2544 James, 2747 Smith","201567,203521,2210,2544,2747","Love, Dellavedova, Jefferson, James, Smith",0,3,0,2,2,60.0
21500160,20151117,1,1,CLE,DET,"201567 Love, 202389 Mozgov, 2544 James, 2590 Williams, 2747 Smith","201567,202389,2544,2590,2747","Love, Mozgov, James, Williams, Smith",0,16,19,15,16,414.0
21500160,20151117,1,2,CLE,DET,"201567 Love, 202684 Thompson, 203521 Dellavedova, 2544 James, 2747 Smith","201567,202684,203521,2544,2747","Love, Thompson, Dellavedova, James, Smith",0,5,7,4,5,131.0
21500160,20151117,1,3,CLE,DET,"202684 Thompson, 203521 Dellavedova, 2210 Jefferson, 2592 Jones, 2747 Smith","202684,203521,2210,2592,2747","Thompson, Dellavedova, Jefferson, Jones, Smith",0,0,0,2,2,49.0
21500160,20151117,1,4,CLE,DET,"202684 Thompson, 203521 Dellavedova, 2210 Jefferson, 2592 Jones, 2747 Smith","202684,203521,2210,2592,2747","Thompson, Dellavedova, Jefferson, Jones, Smith",0,4,5,2,2,57.0
21500160,20151117,1,5,CLE,DET,"202684 Thompson, 203099 Cunningham, 203521 Dellavedova, 2210 Jefferson, 2592 Jones","202684,203099,203521,2210,2592","Thompson, Cunningham, Dellavedova, Jefferson, Jones",0,2,0,2,3,69.0
21500160,20151117,2,1,CLE,DET,"202684 Thompson, 203099 Cunningham, 203521 Dellavedova, 2210 Jefferson, 2592 Jones","202684,203099,203521,2210,2592","Thompson, Cunningham, Dellavedova, Jefferson, Jones",0,0,0,1,0,23.0
21500160,20151117,2,2,CLE,DET,"202684 Thompson, 203099 Cunningham, 203521 Dellavedova, 2210 Jefferson, 2592 Jones","202684,203099,203521,2210,2592","Thompson, Cunningham, Dellavedova, Jefferson, Jones",0,3,0,3,3,52.0
21500160,20151117,2,3,CLE,DET,"202684 Thompson, 203521 Dellavedova, 2210 Jefferson, 2544 James, 2592 Jones","202684,203521,2210,2544,2592","Thompson, Dellavedova, Jefferson, James, Jones",0,5,4,5,5,161.0
21500160,20151117,2,4,CLE,DET,"201567 Love, 202389 Mozgov, 203521 Dellavedova, 2210 Jefferson, 2544 James","201567,202389,203521,2210,2544","Love, Mozgov, Dellavedova, Jefferson, James",0,6,0,4,2,48.0
21500160,20151117,2,5,CLE,DET,"201567 Love, 202389 Mozgov, 203521 Dellavedova, 2210 Jefferson, 2544 James","201567,202389,203521,2210,2544","Love, Mozgov, Dellavedova, Jefferson, James",0,0,2,2,1,45.0
21500160,20151117,2,6,CLE,DET,"201567 Love, 202389 Mozgov, 2544 James, 2590 Williams, 2747 Smith","201567,202389,2544,2590,2747","Love, Mozgov, James, Williams, Smith",0,8,8,6,5,182.0
21500160,20151117,2,7,CLE,DET,"201567 Love, 202389 Mozgov, 2544 James, 2590 Williams, 2747 Smith","201567,202389,2544,2590,2747","Love, Mozgov, James, Williams, Smith",0,5,3,3,3,72.0
21500160,20151117,2,8,CLE,DET,"201567 Love, 202389 Mozgov, 2544 James, 2590 Williams, 2747 Smith","201567,202389,2544,2590,2747","Love, Mozgov, James, Williams, Smith",0,0,1,0,1,16.0
21500160,20151117,2,9,CLE,DET,"201567 Love, 202684 Thompson, 2544 James, 2590 Williams, 2747 Smith","201567,202684,2544,2590,2747","Love, Thompson, James, Williams, Smith",0,2,0,3,3,50.0
21500160,20151117,2,10,CLE,DET,"202684 Thompson, 2544 James, 2590 Williams, 2592 Jones, 2747 Smith","202684,2544,2590,2592,2747","Thompson, James, Williams, Jones, Smith",0,0,6,2,3,71.0
21500160,20151117,3,1,CLE,DET,"202684 Thompson, 2544 James, 2590 Williams, 2592 Jones, 2747 Smith","202684,2544,2590,2592,2747","Thompson, James, Williams, Jones, Smith",0,0,0,1,0,13.0
21500160,20151117,3,2,CLE,DET,"201567 Love, 202389 Mozgov, 2544 James, 2590 Williams, 2747 Smith","201567,202389,2544,2590,2747","Love, Mozgov, James, Williams, Smith",0,19,12,15,16,365.0
21500160,20151117,3,3,CLE,DET,"202389 Mozgov, 2544 James, 2590 Williams, 2592 Jones, 2747 Smith","202389,2544,2590,2592,2747","Mozgov, James, Williams, Jones, Smith",0,2,4,2,3,54.0
21500160,20151117,3,4,CLE,DET,"202684 Thompson, 2544 James, 2590 Williams, 2592 Jones, 2747 Smith","202684,2544,2590,2592,2747","Thompson, James, Williams, Jones, Smith",0,3,0,2,1,46.0
21500160,20151117,3,5,CLE,DET,"202684 Thompson, 2210 Jefferson, 2590 Williams, 2592 Jones, 2747 Smith","202684,2210,2590,2592,2747","Thompson, Jefferson, Williams, Jones, Smith",0,0,0,4,3,81.0
21500160,20151117,3,6,CLE,DET,"202684 Thompson, 203521 Dellavedova, 2210 Jefferson, 2592 Jones, 2747 Smith","202684,203521,2210,2592,2747","Thompson, Dellavedova, Jefferson, Jones, Smith",0,1,2,3,3,96.0
21500160,20151117,3,7,CLE,DET,"202684 Thompson, 203521 Dellavedova, 2210 Jefferson, 2590 Williams, 2592 Jones","202684,203521,2210,2590,2592","Thompson, Dellavedova, Jefferson, Williams, Jones",0,0,2,2,3,65.0
21500160,20151117,4,1,CLE,DET,"202684 Thompson, 203521 Dellavedova, 2210 Jefferson, 2590 Williams, 2592 Jones","202684,203521,2210,2590,2592","Thompson, Dellavedova, Jefferson, Williams, Jones",0,0,0,0,1,11.0
21500160,20151117,4,2,CLE,DET,"201567 Love, 202684 Thompson, 203521 Dellavedova, 2210 Jefferson, 2544 James","201567,202684,203521,2210,2544","Love, Thompson, Dellavedova, Jefferson, James",0,6,4,7,8,231.0
21500160,20151117,4,3,CLE,DET,"201567 Love, 202389 Mozgov, 203521 Dellavedova, 2544 James, 2747 Smith","201567,202389,203521,2544,2747","Love, Mozgov, Dellavedova, James, Smith",0,0,2,2,2,37.0
21500160,20151117,4,4,CLE,DET,"201567 Love, 202389 Mozgov, 203521 Dellavedova, 2544 James, 2747 Smith","201567,202389,203521,2544,2747","Love, Mozgov, Dellavedova, James, Smith",0,2,7,4,3,115.0
21500160,20151117,4,5,CLE,DET,"201567 Love, 202389 Mozgov, 2544 James, 2590 Williams, 2747 Smith","201567,202389,2544,2590,2747","Love, Mozgov, James, Williams, Smith",0,8,10,10,11,277.2
21500160,20151117,4,6,CLE,DET,"202389 Mozgov, 202684 Thompson, 203521 Dellavedova, 2544 James, 2747 Smith","202389,202684,203521,2544,2747","Mozgov, Thompson, Dellavedova, James, Smith",0,0,2,2,2,27.5
21500160,20151117,4,7,CLE,DET,"201567 Love, 202684 Thompson, 2544 James, 2590 Williams, 2747 Smith","201567,202684,2544,2590,2747","Love, Thompson, James, Williams, Smith",0,2,4,3,3,21.3
21500176,20151119,1,1,CLE,MIL,"201567 Love, 202389 Mozgov, 203521 Dellavedova, 2544 James, 2747 Smith","201567,202389,203521,2544,2747","Love, Mozgov, Dellavedova, James, Smith",0,13,12,9,10,303.0
21500176,20151119,1,2,CLE,MIL,"202389 Mozgov, 203099 Cunningham, 2544 James, 2592 Jones, 2747 Smith","202389,203099,2544,2592,2747","Mozgov, Cunningham, James, Jones, Smith",0,4,0,2,2,55.0
21500176,20151119,1,3,CLE,MIL,"202684 Thompson, 203099 Cunningham, 2544 James, 2592 Jones, 2747 Smith","202684,203099,2544,2592,2747","Thompson, Cunningham, James, Jones, Smith",0,0,0,0,1,6.0
21500176,20151119,1,4,CLE,MIL,"202684 Thompson, 203099 Cunningham, 2544 James, 2592 Jones, 2747 Smith","202684,203099,2544,2592,2747","Thompson, Cunningham, James, Jones, Smith",0,6,9,8,9,229.0
21500176,20151119,1,5,CLE,MIL,"202684 Thompson, 203099 Cunningham, 203521 Dellavedova, 2210 Jefferson, 2592 Jones","202684,203099,203521,2210,2592","Thompson, Cunningham, Dellavedova, Jefferson, Jones",0,5,2,4,3,127.0
21500176,20151119,2,1,CLE,MIL,"202684 Thompson, 203099 Cunningham, 203521 Dellavedova, 2210 Jefferson, 2592 Jones","202684,203099,203521,2210,2592","Thompson, Cunningham, Dellavedova, Jefferson, Jones",0,0,0,1,0,16.0
21500176,20151119,2,2,CLE,MIL,"202684 Thompson, 203099 Cunningham, 203521 Dellavedova, 2210 Jefferson, 2592 Jones","202684,203099,203521,2210,2592","Thompson, Cunningham, Dellavedova, Jefferson, Jones",0,2,2,3,3,71.0
21500176,20151119,2,3,CLE,MIL,"201567 Love, 202684 Thompson, 203099 Cunningham, 203521 Dellavedova, 2210 Jefferson","201567,202684,203099,203521,2210","Love, Thompson, Cunningham, Dellavedova, Jefferson",0,4,4,3,3,97.0
21500176,20151119,2,4,CLE,MIL,"201567 Love, 202684 Thompson, 203521 Dellavedova, 2210 Jefferson, 2747 Smith","201567,202684,203521,2210,2747","Love, Thompson, Dellavedova, Jefferson, Smith",0,4,2,4,3,57.0
21500176,20151119,2,5,CLE,MIL,"201567 Love, 202389 Mozgov, 203521 Dellavedova, 2210 Jefferson, 2747 Smith","201567,202389,203521,2210,2747","Love, Mozgov, Dellavedova, Jefferson, Smith",0,2,0,1,2,50.0
21500176,20151119,2,6,CLE,MIL,"201567 Love, 202389 Mozgov, 203521 Dellavedova, 2544 James, 2747 Smith","201567,202389,203521,2544,2747","Love, Mozgov, Dellavedova, James, Smith",0,3,0,1,2,27.0
21500176,20151119,2,7,CLE,MIL,"201567 Love, 202389 Mozgov, 203521 Dellavedova, 2544 James, 2747 Smith","201567,202389,203521,2544,2747","Love, Mozgov, Dellavedova, James, Smith",0,4,2,4,6,116.0
21500176,20151119,2,8,CLE,MIL,"201567 Love, 202389 Mozgov, 203099 Cunningham, 2210 Jefferson, 2747 Smith","201567,202389,203099,2210,2747","Love, Mozgov, Cunningham, Jefferson, Smith",0,4,6,2,4,89.0
21500176,20151119,2,9,CLE,MIL,"201567 Love, 202389 Mozgov, 2210 Jefferson, 2544 James, 2747 Smith","201567,202389,2210,2544,2747","Love, Mozgov, Jefferson, James, Smith",0,3,1,1,1,35.0
21500176,20151119,2,10,CLE,MIL,"201567 Love, 202684 Thompson, 2210 Jefferson, 2544 James, 2747 Smith","201567,202684,2210,2544,2747","Love, Thompson, Jefferson, James, Smith",0,0,0,1,1,13.0
21500176,20151119,2,11,CLE,MIL,"202684 Thompson, 203521 Dellavedova, 2210 Jefferson, 2544 James, 2747 Smith","202684,203521,2210,2544,2747","Thompson, Dellavedova, Jefferson, James, Smith",0,1,0,1,0,8.0
21500176,20151119,2,12,CLE,MIL,"202684 Thompson, 203521 Dellavedova, 2210 Jefferson, 2544 James, 2747 Smith","202684,203521,2210,2544,2747","Thompson, Dellavedova, Jefferson, James, Smith",0,8,8,6,6,141.0
21500176,20151119,3,1,CLE,MIL,"202684 Thompson, 203521 Dellavedova, 2210 Jefferson, 2544 James, 2747 Smith","202684,203521,2210,2544,2747","Thompson, Dellavedova, Jefferson, James, Smith",0,0,0,1,0,15.0
21500176,20151119,3,2,CLE,MIL,"201567 Love, 202684 Thompson, 203521 Dellavedova, 2544 James, 2747 Smith","201567,202684,203521,2544,2747","Love, Thompson, Dellavedova, James, Smith",0,7,8,8,7,274.0
21500176,20151119,3,3,CLE,MIL,"202684 Thompson, 203521 Dellavedova, 2544 James, 2592 Jones, 2747 Smith","202684,203521,2544,2592,2747","Thompson, Dellavedova, James, Jones, Smith",0,2,4,3,3,84.0
21500176,20151119,3,4,CLE,MIL,"203099 Cunningham, 2544 James, 2592 Jones, 2747 Smith, 2760 Varejao","203099,2544,2592,2747,2760","Cunningham, James, Jones, Smith, Varejao",0,2,4,2,2,61.0
21500176,20151119,3,5,CLE,MIL,"203099 Cunningham, 2544 James, 2592 Jones, 2747 Smith, 2760 Varejao","203099,2544,2592,2747,2760","Cunningham, James, Jones, Smith, Varejao",0,1,0,1,0,19.0
21500176,20151119,3,6,CLE,MIL,"201567 Love, 203099 Cunningham, 2544 James, 2747 Smith, 2760 Varejao","201567,203099,2544,2747,2760","Love, Cunningham, James, Smith, Varejao",0,5,4,3,2,63.0
21500176,20151119,3,7,CLE,MIL,"201567 Love, 203099 Cunningham, 203521 Dellavedova, 2210 Jefferson, 2760 Varejao","201567,203099,203521,2210,2760","Love, Cunningham, Dellavedova, Jefferson, Varejao",0,4,8,5,5,164.9
21500176,20151119,3,8,CLE,MIL,"201567 Love, 203099 Cunningham, 203521 Dellavedova, 2210 Jefferson, 2760 Varejao","201567,203099,203521,2210,2760","Love, Cunningham, Dellavedova, Jefferson, Varejao",0,0,1,0,1,17.2
21500176,20151119,3,9,CLE,MIL,"201567 Love, 203099 Cunningham, 203521 Dellavedova, 2210 Jefferson, 2760 Varejao","201567,203099,203521,2210,2760","Love, Cunningham, Dellavedova, Jefferson, Varejao",0,2,0,2,0,21.9
21500176,20151119,4,1,CLE,MIL,"201567 Love, 203099 Cunningham, 203521 Dellavedova, 2210 Jefferson, 2760 Varejao","201567,203099,203521,2210,2760","Love, Cunningham, Dellavedova, Jefferson, Varejao",0,0,0,0,1,13.0
21500176,20151119,4,2,CLE,MIL,"201567 Love, 203521 Dellavedova, 2210 Jefferson, 2747 Smith, 2760 Varejao","201567,203521,2210,2747,2760","Love, Dellavedova, Jefferson, Smith, Varejao",0,0,0,2,2,57.0
21500176,20151119,4,3,CLE,MIL,"201567 Love, 203521 Dellavedova, 2544 James, 2747 Smith, 2760 Varejao","201567,203521,2544,2747,2760","Love, Dellavedova, James, Smith, Varejao",0,9,3,6,4,131.0
21500176,20151119,4,4,CLE,MIL,"201567 Love, 203521 Dellavedova, 2544 James, 2747 Smith, 2760 Varejao","201567,203521,2544,2747,2760","Love, Dellavedova, James, Smith, Varejao",0,4,4,4,5,119.0
21500176,20151119,4,5,CLE,MIL,"201567 Love, 202684 Thompson, 203521 Dellavedova, 2544 James, 2747 Smith","201567,202684,203521,2544,2747","Love, Thompson, Dellavedova, James, Smith",0,4,6,3,4,84.0
21500176,20151119,4,6,CLE,MIL,"201567 Love, 202684 Thompson, 203521 Dellavedova, 2544 James, 2747 Smith","201567,202684,203521,2544,2747","Love, Thompson, Dellavedova, James, Smith",0,12,8,10,11,316.0
21500191,20151121,1,1,CLE,ATL,"201567 Love, 202684 Thompson, 203521 Dellavedova, 2544 James, 2747 Smith","201567,202684,203521,2544,2747","Love, Thompson, Dellavedova, James, Smith",0,14,8,11,11,349.0
21500191,20151121,1,2,CLE,ATL,"201567 Love, 202684 Thompson, 203099 Cunningham, 2544 James, 2747 Smith","201567,202684,203099,2544,2747","Love, Thompson, Cunningham, James, Smith",0,5,6,8,8,204.0
21500191,20151121,1,3,CLE,ATL,"201567 Love, 203099 Cunningham, 2210 Jefferson, 2747 Smith, 2760 Varejao","201567,203099,2210,2747,2760","Love, Cunningham, Jefferson, Smith, Varejao",0,2,0,3,2,56.0
21500191,20151121,1,4,CLE,ATL,"201567 Love, 203099 Cunningham, 203521 Dellavedova, 2210 Jefferson, 2760 Varejao","201567,203099,203521,2210,2760","Love, Cunningham, Dellavedova, Jefferson, Varejao",0,2,0,2,1,34.0
21500191,20151121,1,5,CLE,ATL,"202684 Thompson, 203099 Cunningham, 203521 Dellavedova, 2210 Jefferson, 2760 Varejao","202684,203099,203521,2210,2760","Thompson, Cunningham, Dellavedova, Jefferson, Varejao",0,4,2,3,2,77.0
21500191,20151121,2,1,CLE,ATL,"202684 Thompson, 203099 Cunningham, 203521 Dellavedova, 2210 Jefferson, 2760 Varejao","202684,203099,203521,2210,2760","Thompson, Cunningham, Dellavedova, Jefferson, Varejao",0,0,0,0,1,17.0
21500191,20151121,2,2,CLE,ATL,"202684 Thompson, 203521 Dellavedova, 2210 Jefferson, 2747 Smith, 2760 Varejao","202684,203521,2210,2747,2760","Thompson, Dellavedova, Jefferson, Smith, Varejao",0,8,5,6,6,180.0
21500191,20151121,2,3,CLE,ATL,"202684 Thompson, 203521 Dellavedova, 2210 Jefferson, 2747 Smith, 2760 Varejao","202684,203521,2210,2747,2760","Thompson, Dellavedova, Jefferson, Smith, Varejao",0,7,5,5,4,136.0
21500191,20151121,2,4,CLE,ATL,"201567 Love, 202684 Thompson, 203099 Cunningham, 2210 Jefferson, 2544 James","201567,202684,203099,2210,2544","Love, Thompson, Cunningham, Jefferson, James",0,4,2,2,2,63.0
21500191,20151121,2,5,CLE,ATL,"201567 Love, 202684 Thompson, 203099 Cunningham, 2544 James, 2747 Smith","201567,202684,203099,2544,2747","Love, Thompson, Cunningham, James, Smith",0,0,3,2,4,31.0
21500191,20151121,2,6,CLE,ATL,"201567 Love, 202684 Thompson, 203099 Cunningham, 2544 James, 2747 Smith","201567,202684,203099,2544,2747","Love, Thompson, Cunningham, James, Smith",0,4,2,2,3,87.0
21500191,20151121,2,7,CLE,ATL,"201567 Love, 202684 Thompson, 203521 Dellavedova, 2544 James, 2747 Smith","201567,202684,203521,2544,2747","Love, Thompson, Dellavedova, James, Smith",0,0,0,1,1,23.0
21500191,20151121,2,8,CLE,ATL,"201567 Love, 202684 Thompson, 203521 Dellavedova, 2544 James, 2747 Smith","201567,202684,203521,2544,2747","Love, Thompson, Dellavedova, James, Smith",0,2,0,3,3,73.0
21500191,20151121,2,9,CLE,ATL,"202684 Thompson, 203521 Dellavedova, 2544 James, 2747 Smith, 2760 Varejao","202684,203521,2544,2747,2760","Thompson, Dellavedova, James, Smith, Varejao",0,5,6,4,4,110.0
21500191,20151121,3,1,CLE,ATL,"202684 Thompson, 203521 Dellavedova, 2544 James, 2747 Smith, 2760 Varejao","202684,203521,2544,2747,2760","Thompson, Dellavedova, James, Smith, Varejao",0,0,0,0,1,24.0
21500191,20151121,3,2,CLE,ATL,"201567 Love, 202684 Thompson, 203521 Dellavedova, 2544 James, 2747 Smith","201567,202684,203521,2544,2747","Love, Thompson, Dellavedova, James, Smith",0,13,4,8,9,233.0
21500191,20151121,3,3,CLE,ATL,"201567 Love, 202684 Thompson, 203099 Cunningham, 2544 James, 2747 Smith","201567,202684,203099,2544,2747","Love, Thompson, Cunningham, James, Smith",0,2,1,4,5,97.0
21500191,20151121,3,4,CLE,ATL,"201567 Love, 202684 Thompson, 203099 Cunningham, 2210 Jefferson, 2747 Smith","201567,202684,203099,2210,2747","Love, Thompson, Cunningham, Jefferson, Smith",0,0,3,1,1,9.0
21500191,20151121,3,5,CLE,ATL,"201567 Love, 202684 Thompson, 203099 Cunningham, 2210 Jefferson, 2747 Smith","201567,202684,203099,2210,2747","Love, Thompson, Cunningham, Jefferson, Smith",0,0,5,3,2,65.0
21500191,20151121,3,6,CLE,ATL,"201567 Love, 202684 Thompson, 203099 Cunningham, 2210 Jefferson, 2747 Smith","201567,202684,203099,2210,2747","Love, Thompson, Cunningham, Jefferson, Smith",0,2,0,3,2,70.0
21500191,20151121,3,7,CLE,ATL,"201567 Love, 202684 Thompson, 203099 Cunningham, 2210 Jefferson, 2747 Smith","201567,202684,203099,2210,2747","Love, Thompson, Cunningham, Jefferson, Smith",0,1,1,2,1,32.0
21500191,20151121,3,8,CLE,ATL,"201567 Love, 202684 Thompson, 203099 Cunningham, 2210 Jefferson, 2747 Smith","201567,202684,203099,2210,2747","Love, Thompson, Cunningham, Jefferson, Smith",0,0,2,1,1,19.0
21500191,20151121,3,9,CLE,ATL,"202684 Thompson, 203099 Cunningham, 2210 Jefferson, 2747 Smith, 2760 Varejao","202684,203099,2210,2747,2760","Thompson, Cunningham, Jefferson, Smith, Varejao",0,0,1,1,1,11.0
21500191,20151121,3,10,CLE,ATL,"202684 Thompson, 203099 Cunningham, 2210 Jefferson, 2544 James, 2760 Varejao","202684,203099,2210,2544,2760","Thompson, Cunningham, Jefferson, James, Varejao",0,2,3,3,3,73.0
21500191,20151121,3,11,CLE,ATL,"202684 Thompson, 203099 Cunningham, 2210 Jefferson, 2544 James, 2760 Varejao","202684,203099,2210,2544,2760","Thompson, Cunningham, Jefferson, James, Varejao",0,0,2,4,3,87.0
21500191,20151121,4,1,CLE,ATL,"202684 Thompson, 203099 Cunningham, 2210 Jefferson, 2544 James, 2760 Varejao","202684,203099,2210,2544,2760","Thompson, Cunningham, Jefferson, James, Varejao",0,0,0,1,0,19.0
21500191,20151121,4,2,CLE,ATL,"203521 Dellavedova, 2210 Jefferson, 2544 James, 2592 Jones, 2760 Varejao","203521,2210,2544,2592,2760","Dellavedova, Jefferson, James, Jones, Varejao",0,8,2,4,4,96.0
21500191,20151121,4,3,CLE,ATL,"203521 Dellavedova, 2210 Jefferson, 2544 James, 2592 Jones, 2760 Varejao","203521,2210,2544,2592,2760","Dellavedova, Jefferson, James, Jones, Varejao",0,2,0,1,2,27.0
21500191,20151121,4,4,CLE,ATL,"203521 Dellavedova, 2210 Jefferson, 2544 James, 2592 Jones, 2760 Varejao","203521,2210,2544,2592,2760","Dellavedova, Jefferson, James, Jones, Varejao",0,2,5,2,4,57.0
21500191,20151121,4,5,CLE,ATL,"201567 Love, 203521 Dellavedova, 2210 Jefferson, 2544 James, 2760 Varejao","201567,203521,2210,2544,2760","Love, Dellavedova, Jefferson, James, Varejao",0,3,0,2,0,11.0
21500191,20151121,4,6,CLE,ATL,"201567 Love, 203521 Dellavedova, 2544 James, 2747 Smith, 2760 Varejao","201567,203521,2544,2747,2760","Love, Dellavedova, James, Smith, Varejao",0,0,5,1,3,61.0
21500191,20151121,4,7,CLE,ATL,"201567 Love, 202684 Thompson, 203521 Dellavedova, 2544 James, 2747 Smith","201567,202684,203521,2544,2747","Love, Thompson, Dellavedova, James, Smith",0,6,4,5,4,159.0
21500191,20151121,4,8,CLE,ATL,"201567 Love, 202684 Thompson, 2210 Jefferson, 2544 James, 2747 Smith","201567,202684,2210,2544,2747","Love, Thompson, Jefferson, James, Smith",0,4,3,4,3,101.0
21500191,20151121,4,9,CLE,ATL,"201567 Love, 202684 Thompson, 2210 Jefferson, 2544 James, 2747 Smith","201567,202684,2210,2544,2747","Love, Thompson, Jefferson, James, Smith",0,0,0,1,0,15.0
21500191,20151121,4,10,CLE,ATL,"201567 Love, 202684 Thompson, 203099 Cunningham, 2210 Jefferson, 2747 Smith","201567,202684,203099,2210,2747","Love, Thompson, Cunningham, Jefferson, Smith",0,7,14,9,7,174.0
21500203,20151123,1,1,CLE,ORL,"201567 Love, 202684 Thompson, 203521 Dellavedova, 2544 James, 2747 Smith","201567,202684,203521,2544,2747","Love, Thompson, Dellavedova, James, Smith",0,21,10,11,12,389.0
21500203,20151123,1,2,CLE,ORL,"201567 Love, 202684 Thompson, 203099 Cunningham, 2544 James, 2747 Smith","201567,202684,203099,2544,2747","Love, Thompson, Cunningham, James, Smith",0,3,7,3,5,93.0
21500203,20151123,1,3,CLE,ORL,"201567 Love, 202684 Thompson, 203099 Cunningham, 2544 James, 2747 Smith","201567,202684,203099,2544,2747","Love, Thompson, Cunningham, James, Smith",0,3,3,3,4,45.0
21500203,20151123,1,4,CLE,ORL,"201567 Love, 202684 Thompson, 203099 Cunningham, 2210 Jefferson, 2747 Smith","201567,202684,203099,2210,2747","Love, Thompson, Cunningham, Jefferson, Smith",0,0,2,3,2,54.0
21500203,20151123,1,5,CLE,ORL,"203099 Cunningham, 2210 Jefferson, 2592 Jones, 2747 Smith, 2760 Varejao","203099,2210,2592,2747,2760","Cunningham, Jefferson, Jones, Smith, Varejao",0,2,3,3,2,79.0
21500203,20151123,1,6,CLE,ORL,"203099 Cunningham, 2210 Jefferson, 2592 Jones, 2747 Smith, 2760 Varejao","203099,2210,2592,2747,2760","Cunningham, Jefferson, Jones, Smith, Varejao",0,0,0,1,1,16.9
21500203,20151123,1,7,CLE,ORL,"203099 Cunningham, 203521 Dellavedova, 2210 Jefferson, 2592 Jones, 2760 Varejao","203099,203521,2210,2592,2760","Cunningham, Dellavedova, Jefferson, Jones, Varejao",0,0,2,1,2,43.1
21500203,20151123,2,1,CLE,ORL,"203099 Cunningham, 203521 Dellavedova, 2210 Jefferson, 2592 Jones, 2760 Varejao","203099,203521,2210,2592,2760","Cunningham, Dellavedova, Jefferson, Jones, Varejao",0,5,8,6,6,145.0
21500203,20151123,2,2,CLE,ORL,"203521 Dellavedova, 2210 Jefferson, 2592 Jones, 2747 Smith, 2760 Varejao","203521,2210,2592,2747,2760","Dellavedova, Jefferson, Jones, Smith, Varejao",0,0,5,2,2,50.0
21500203,20151123,2,3,CLE,ORL,"201567 Love, 202684 Thompson, 203521 Dellavedova, 2210 Jefferson, 2747 Smith","201567,202684,203521,2210,2747","Love, Thompson, Dellavedova, Jefferson, Smith",0,4,4,3,3,91.0
21500203,20151123,2,4,CLE,ORL,"201567 Love, 202684 Thompson, 203521 Dellavedova, 2544 James, 2747 Smith","201567,202684,203521,2544,2747","Love, Thompson, Dellavedova, James, Smith",0,9,6,6,6,179.0
21500203,20151123,2,5,CLE,ORL,"201567 Love, 202684 Thompson, 203521 Dellavedova, 2544 James, 2747 Smith","201567,202684,203521,2544,2747","Love, Thompson, Dellavedova, James, Smith",0,4,2,5,3,108.0
21500203,20151123,2,6,CLE,ORL,"201567 Love, 202684 Thompson, 203099 Cunningham, 2544 James, 2747 Smith","201567,202684,203099,2544,2747","Love, Thompson, Cunningham, James, Smith",0,8,3,7,6,147.0
21500203,20151123,3,1,CLE,ORL,"201567 Love, 202684 Thompson, 203099 Cunningham, 2544 James, 2747 Smith","201567,202684,203099,2544,2747","Love, Thompson, Cunningham, James, Smith",0,0,0,1,0,28.0
21500203,20151123,3,2,CLE,ORL,"201567 Love, 202684 Thompson, 203521 Dellavedova, 2544 James, 2747 Smith","201567,202684,203521,2544,2747","Love, Thompson, Dellavedova, James, Smith",0,14,9,12,10,320.0
21500203,20151123,3,3,CLE,ORL,"201567 Love, 202684 Thompson, 203521 Dellavedova, 2544 James, 2747 Smith","201567,202684,203521,2544,2747","Love, Thompson, Dellavedova, James, Smith",0,6,2,3,2,78.0
21500203,20151123,3,4,CLE,ORL,"201567 Love, 202684 Thompson, 203099 Cunningham, 2544 James, 2747 Smith","201567,202684,203099,2544,2747","Love, Thompson, Cunningham, James, Smith",0,2,0,2,1,39.0
21500203,20151123,3,5,CLE,ORL,"201567 Love, 202684 Thompson, 203099 Cunningham, 2544 James, 2747 Smith","201567,202684,203099,2544,2747","Love, Thompson, Cunningham, James, Smith",0,4,2,4,3,76.0
21500203,20151123,3,6,CLE,ORL,"201567 Love, 202684 Thompson, 203099 Cunningham, 2210 Jefferson, 2747 Smith","201567,202684,203099,2210,2747","Love, Thompson, Cunningham, Jefferson, Smith",0,4,0,2,2,42.0
21500203,20151123,3,7,CLE,ORL,"201567 Love, 202684 Thompson, 203099 Cunningham, 2210 Jefferson, 2747 Smith","201567,202684,203099,2210,2747","Love, Thompson, Cunningham, Jefferson, Smith",0,0,3,1,2,54.0
21500203,20151123,3,8,CLE,ORL,"202684 Thompson, 203099 Cunningham, 2210 Jefferson, 2592 Jones, 2747 Smith","202684,203099,2210,2592,2747","Thompson, Cunningham, Jefferson, Jones, Smith",0,0,2,1,1,22.0
21500203,20151123,3,9,CLE,ORL,"203099 Cunningham, 2210 Jefferson, 2592 Jones, 2747 Smith, 2760 Varejao","203099,2210,2592,2747,2760","Cunningham, Jefferson, Jones, Smith, Varejao",0,3,3,3,3,61.0
21500203,20151123,4,1,CLE,ORL,"203099 Cunningham, 2210 Jefferson, 2592 Jones, 2747 Smith, 2760 Varejao","203099,2210,2592,2747,2760","Cunningham, Jefferson, Jones, Smith, Varejao",0,0,0,0,1,20.0
21500203,20151123,4,2,CLE,ORL,"203099 Cunningham, 2210 Jefferson, 2544 James, 2592 Jones, 2760 Varejao","203099,2210,2544,2592,2760","Cunningham, Jefferson, James, Jones, Varejao",0,15,9,10,9,291.0
21500203,20151123,4,3,CLE,ORL,"203099 Cunningham, 2210 Jefferson, 2544 James, 2592 Jones, 2760 Varejao","203099,2210,2544,2592,2760","Cunningham, Jefferson, James, Jones, Varejao",0,0,3,2,4,52.0
21500203,20151123,4,4,CLE,ORL,"201567 Love, 202684 Thompson, 203099 Cunningham, 2544 James, 2747 Smith","201567,202684,203099,2544,2747","Love, Thompson, Cunningham, James, Smith",0,8,12,6,7,233.0
21500203,20151123,4,5,CLE,ORL,"201567 Love, 202684 Thompson, 203099 Cunningham, 2210 Jefferson, 2747 Smith","201567,202684,203099,2210,2747","Love, Thompson, Cunningham, Jefferson, Smith",0,2,2,3,2,61.0
21500203,20151123,4,6,CLE,ORL,"201619 Kaun, 203099 Cunningham, 203925 Harris, 2210 Jefferson, 2592 Jones","201619,203099,203925,2210,2592","Kaun, Cunningham, Harris, Jefferson, Jones",0,0,1,3,2,63.0
21500219,20151125,1,1,CLE,TOR,"201567 Love, 202684 Thompson, 203099 Cunningham, 2544 James, 2747 Smith","201567,202684,203099,2544,2747","Love, Thompson, Cunningham, James, Smith",0,13,12,11,12,403.0
21500219,20151125,1,2,CLE,TOR,"201567 Love, 202684 Thompson, 2544 James, 2590 Williams, 2747 Smith","201567,202684,2544,2590,2747","Love, Thompson, James, Williams, Smith",0,8,4,4,4,109.0
21500219,20151125,1,3,CLE,TOR,"201567 Love, 202684 Thompson, 2544 James, 2590 Williams, 2747 Smith","201567,202684,2544,2590,2747","Love, Thompson, James, Williams, Smith",0,0,0,2,2,45.0
21500219,20151125,1,4,CLE,TOR,"201567 Love, 202684 Thompson, 203099 Cunningham, 2210 Jefferson, 2590 Williams","201567,202684,203099,2210,2590","Love, Thompson, Cunningham, Jefferson, Williams",0,2,6,4,5,118.2
21500219,20151125,1,5,CLE,TOR,"203099 Cunningham, 2210 Jefferson, 2590 Williams, 2592 Jones, 2760 Varejao","203099,2210,2590,2592,2760","Cunningham, Jefferson, Williams, Jones, Varejao",0,2,3,1,3,44.8
21500219,20151125,2,1,CLE,TOR,"203099 Cunningham, 2210 Jefferson, 2590 Williams, 2592 Jones, 2760 Varejao","203099,2210,2590,2592,2760","Cunningham, Jefferson, Williams, Jones, Varejao",0,0,0,1,0,17.0
21500219,20151125,2,2,CLE,TOR,"203099 Cunningham, 2210 Jefferson, 2590 Williams, 2592 Jones, 2760 Varejao","203099,2210,2590,2592,2760","Cunningham, Jefferson, Williams, Jones, Varejao",0,0,7,6,5,147.0
21500219,20151125,2,3,CLE,TOR,"202684 Thompson, 203099 Cunningham, 2544 James, 2592 Jones, 2747 Smith","202684,203099,2544,2592,2747","Thompson, Cunningham, James, Jones, Smith",0,8,3,6,5,164.0
21500219,20151125,2,4,CLE,TOR,"202684 Thompson, 203099 Cunningham, 2544 James, 2592 Jones, 2747 Smith","202684,203099,2544,2592,2747","Thompson, Cunningham, James, Jones, Smith",0,5,0,2,1,50.0
21500219,20151125,2,5,CLE,TOR,"202684 Thompson, 203099 Cunningham, 2544 James, 2592 Jones, 2747 Smith","202684,203099,2544,2592,2747","Thompson, Cunningham, James, Jones, Smith",0,3,0,1,2,33.0
21500219,20151125,2,6,CLE,TOR,"201567 Love, 202684 Thompson, 203099 Cunningham, 2544 James, 2747 Smith","201567,202684,203099,2544,2747","Love, Thompson, Cunningham, James, Smith",0,3,5,3,3,99.0
21500219,20151125,2,7,CLE,TOR,"201567 Love, 202684 Thompson, 2544 James, 2590 Williams, 2747 Smith","201567,202684,2544,2590,2747","Love, Thompson, James, Williams, Smith",0,0,5,3,3,105.0
21500219,20151125,2,8,CLE,TOR,"201567 Love, 202684 Thompson, 2210 Jefferson, 2544 James, 2590 Williams","201567,202684,2210,2544,2590","Love, Thompson, Jefferson, James, Williams",0,0,3,2,1,19.0
21500219,20151125,2,9,CLE,TOR,"201567 Love, 202684 Thompson, 2210 Jefferson, 2544 James, 2590 Williams","201567,202684,2210,2544,2590","Love, Thompson, Jefferson, James, Williams",0,2,1,2,2,54.7
21500219,20151125,2,10,CLE,TOR,"202684 Thompson, 2210 Jefferson, 2544 James, 2590 Williams, 2592 Jones","202684,2210,2544,2590,2592","Thompson, Jefferson, James, Williams, Jones",0,3,0,1,1,21.5
21500219,20151125,2,11,CLE,TOR,"202684 Thompson, 2210 Jefferson, 2544 James, 2590 Williams, 2592 Jones","202684,2210,2544,2590,2592","Thompson, Jefferson, James, Williams, Jones",0,0,0,0,1,9.8
21500219,20151125,3,1,CLE,TOR,"202684 Thompson, 2210 Jefferson, 2544 James, 2590 Williams, 2592 Jones","202684,2210,2544,2590,2592","Thompson, Jefferson, James, Williams, Jones",0,0,0,1,0,17.0
21500219,20151125,3,2,CLE,TOR,"201567 Love, 202684 Thompson, 2544 James, 2590 Williams, 2747 Smith","201567,202684,2544,2590,2747","Love, Thompson, James, Williams, Smith",0,20,17,13,12,412.0
21500219,20151125,3,3,CLE,TOR,"201567 Love, 202684 Thompson, 2544 James, 2590 Williams, 2747 Smith","201567,202684,2544,2590,2747","Love, Thompson, James, Williams, Smith",0,0,0,1,0,9.0
21500219,20151125,3,4,CLE,TOR,"202684 Thompson, 2544 James, 2590 Williams, 2592 Jones, 2747 Smith","202684,2544,2590,2592,2747","Thompson, James, Williams, Jones, Smith",0,4,4,4,3,115.0
21500219,20151125,3,5,CLE,TOR,"202684 Thompson, 203099 Cunningham, 2210 Jefferson, 2592 Jones, 2747 Smith","202684,203099,2210,2592,2747","Thompson, Cunningham, Jefferson, Jones, Smith",0,0,6,2,6,54.0
21500219,20151125,3,6,CLE,TOR,"202684 Thompson, 203099 Cunningham, 2210 Jefferson, 2590 Williams, 2592 Jones","202684,203099,2210,2590,2592","Thompson, Cunningham, Jefferson, Williams, Jones",0,7,6,5,6,113.0
21500219,20151125,4,1,CLE,TOR,"202684 Thompson, 203099 Cunningham, 2210 Jefferson, 2590 Williams, 2592 Jones","202684,203099,2210,2590,2592","Thompson, Cunningham, Jefferson, Williams, Jones",0,0,0,0,1,14.0
21500219,20151125,4,2,CLE,TOR,"201567 Love, 2210 Jefferson, 2544 James, 2590 Williams, 2760 Varejao","201567,2210,2544,2590,2760","Love, Jefferson, James, Williams, Varejao",0,2,0,5,5,152.0
21500219,20151125,4,3,CLE,TOR,"201567 Love, 2210 Jefferson, 2544 James, 2590 Williams, 2760 Varejao","201567,2210,2544,2590,2760","Love, Jefferson, James, Williams, Varejao",0,2,0,2,1,36.0
21500219,20151125,4,4,CLE,TOR,"201567 Love, 2210 Jefferson, 2544 James, 2747 Smith, 2760 Varejao","201567,2210,2544,2747,2760","Love, Jefferson, James, Smith, Varejao",0,0,4,3,3,76.0
21500219,20151125,4,5,CLE,TOR,"201567 Love, 202684 Thompson, 2210 Jefferson, 2544 James, 2747 Smith","201567,202684,2210,2544,2747","Love, Thompson, Jefferson, James, Smith",0,0,5,4,5,104.0
21500219,20151125,4,6,CLE,TOR,"201567 Love, 202684 Thompson, 2544 James, 2590 Williams, 2747 Smith","201567,202684,2544,2590,2747","Love, Thompson, James, Williams, Smith",0,5,5,6,8,189.0
21500219,20151125,4,7,CLE,TOR,"201567 Love, 2544 James, 2590 Williams, 2592 Jones, 2747 Smith","201567,2544,2590,2592,2747","Love, James, Williams, Jones, Smith",0,10,7,5,6,149.0
21500227,20151127,1,1,CLE,CHA,"201567 Love, 202389 Mozgov, 2544 James, 2590 Williams, 2747 Smith","201567,202389,2544,2590,2747","Love, Mozgov, James, Williams, Smith",0,12,13,14,14,410.0
21500227,20151127,1,2,CLE,CHA,"201567 Love, 202684 Thompson, 2210 Jefferson, 2590 Williams, 2747 Smith","201567,202684,2210,2590,2747","Love, Thompson, Jefferson, Williams, Smith",0,2,3,4,3,71.0
21500227,20151127,1,3,CLE,CHA,"201567 Love, 202684 Thompson, 203521 Dellavedova, 2210 Jefferson, 2747 Smith","201567,202684,203521,2210,2747","Love, Thompson, Dellavedova, Jefferson, Smith",0,0,0,1,0,17.0
21500227,20151127,1,4,CLE,CHA,"201567 Love, 202684 Thompson, 203521 Dellavedova, 2210 Jefferson, 2747 Smith","201567,202684,203521,2210,2747","Love, Thompson, Dellavedova, Jefferson, Smith",0,2,1,2,3,34.0
21500227,20151127,1,5,CLE,CHA,"202684 Thompson, 203521 Dellavedova, 2210 Jefferson, 2544 James, 2592 Jones","202684,203521,2210,2544,2592","Thompson, Dellavedova, Jefferson, James, Jones",0,0,0,2,2,18.0
21500227,20151127,1,6,CLE,CHA,"202684 Thompson, 203521 Dellavedova, 2210 Jefferson, 2544 James, 2592 Jones","202684,203521,2210,2544,2592","Thompson, Dellavedova, Jefferson, James, Jones",0,7,5,7,7,170.0
21500227,20151127,2,1,CLE,CHA,"202684 Thompson, 203521 Dellavedova, 2210 Jefferson, 2544 James, 2592 Jones","202684,203521,2210,2544,2592","Thompson, Dellavedova, Jefferson, James, Jones",0,0,0,1,0,13.0
21500227,20151127,2,2,CLE,CHA,"202684 Thompson, 203521 Dellavedova, 2210 Jefferson, 2544 James, 2592 Jones","202684,203521,2210,2544,2592","Thompson, Dellavedova, Jefferson, James, Jones",0,2,2,3,1,27.0
21500227,20151127,2,3,CLE,CHA,"202684 Thompson, 203521 Dellavedova, 2210 Jefferson, 2544 James, 2592 Jones","202684,203521,2210,2544,2592","Thompson, Dellavedova, Jefferson, James, Jones",0,6,5,4,4,114.0
21500227,20151127,2,4,CLE,CHA,"201567 Love, 202684 Thompson, 203521 Dellavedova, 2210 Jefferson, 2544 James","201567,202684,203521,2210,2544","Love, Thompson, Dellavedova, Jefferson, James",0,3,6,5,4,166.0
21500227,20151127,2,5,CLE,CHA,"201567 Love, 202389 Mozgov, 203521 Dellavedova, 2210 Jefferson, 2747 Smith","201567,202389,203521,2210,2747","Love, Mozgov, Dellavedova, Jefferson, Smith",0,6,5,3,3,80.0
21500227,20151127,2,6,CLE,CHA,"201567 Love, 202389 Mozgov, 203521 Dellavedova, 2590 Williams, 2747 Smith","201567,202389,203521,2590,2747","Love, Mozgov, Dellavedova, Williams, Smith",0,6,2,5,5,146.0
21500227,20151127,2,7,CLE,CHA,"201567 Love, 202389 Mozgov, 2544 James, 2590 Williams, 2747 Smith","201567,202389,2544,2590,2747","Love, Mozgov, James, Williams, Smith",0,2,3,3,3,90.0
21500227,20151127,2,8,CLE,CHA,"201567 Love, 202684 Thompson, 203521 Dellavedova, 2544 James, 2747 Smith","201567,202684,203521,2544,2747","Love, Thompson, Dellavedova, James, Smith",0,2,7,2,3,84.0
21500227,20151127,3,1,CLE,CHA,"201567 Love, 202684 Thompson, 203521 Dellavedova, 2544 James, 2747 Smith","201567,202684,203521,2544,2747","Love, Thompson, Dellavedova, James, Smith",0,0,0,1,0,10.0
21500227,20151127,3,2,CLE,CHA,"201567 Love, 202389 Mozgov, 2544 James, 2590 Williams, 2747 Smith","201567,202389,2544,2590,2747","Love, Mozgov, James, Williams, Smith",0,6,9,10,10,290.0
21500227,20151127,3,3,CLE,CHA,"201567 Love, 202389 Mozgov, 203521 Dellavedova, 2544 James, 2747 Smith","201567,202389,203521,2544,2747","Love, Mozgov, Dellavedova, James, Smith",0,0,3,1,2,38.0
21500227,20151127,3,4,CLE,CHA,"201567 Love, 202389 Mozgov, 203521 Dellavedova, 2210 Jefferson, 2544 James","201567,202389,203521,2210,2544","Love, Mozgov, Dellavedova, Jefferson, James",0,3,0,1,2,41.0
21500227,20151127,3,5,CLE,CHA,"201567 Love, 202684 Thompson, 203521 Dellavedova, 2210 Jefferson, 2544 James","201567,202684,203521,2210,2544","Love, Thompson, Dellavedova, Jefferson, James",0,0,2,1,1,38.0
21500227,20151127,3,6,CLE,CHA,"201567 Love, 202684 Thompson, 203521 Dellavedova, 2210 Jefferson, 2544 James","201567,202684,203521,2210,2544","Love, Thompson, Dellavedova, Jefferson, James",0,5,3,5,4,117.0
21500227,20151127,3,7,CLE,CHA,"201567 Love, 202684 Thompson, 203521 Dellavedova, 2210 Jefferson, 2544 James","201567,202684,203521,2210,2544","Love, Thompson, Dellavedova, Jefferson, James",0,4,2,3,1,39.0
21500227,20151127,3,8,CLE,CHA,"201567 Love, 202684 Thompson, 203521 Dellavedova, 2210 Jefferson, 2544 James","201567,202684,203521,2210,2544","Love, Thompson, Dellavedova, Jefferson, James",0,1,0,1,0,15.0
21500227,20151127,3,9,CLE,CHA,"201567 Love, 202684 Thompson, 203521 Dellavedova, 2210 Jefferson, 2544 James","201567,202684,203521,2210,2544","Love, Thompson, Dellavedova, Jefferson, James",0,0,2,1,2,28.0
21500227,20151127,3,10,CLE,CHA,"201567 Love, 202684 Thompson, 203521 Dellavedova, 2210 Jefferson, 2590 Williams","201567,202684,203521,2210,2590","Love, Thompson, Dellavedova, Jefferson, Williams",0,0,0,1,1,16.0
21500227,20151127,3,11,CLE,CHA,"201567 Love, 202684 Thompson, 203521 Dellavedova, 2210 Jefferson, 2590 Williams","201567,202684,203521,2210,2590","Love, Thompson, Dellavedova, Jefferson, Williams",0,3,3,4,3,88.0
21500227,20151127,4,1,CLE,CHA,"201567 Love, 202684 Thompson, 203521 Dellavedova, 2210 Jefferson, 2590 Williams","201567,202684,203521,2210,2590","Love, Thompson, Dellavedova, Jefferson, Williams",0,0,0,0,1,16.0
21500227,20151127,4,2,CLE,CHA,"202684 Thompson, 203521 Dellavedova, 2210 Jefferson, 2590 Williams, 2592 Jones","202684,203521,2210,2590,2592","Thompson, Dellavedova, Jefferson, Williams, Jones",0,5,6,4,5,111.0
21500227,20151127,4,3,CLE,CHA,"202684 Thompson, 203521 Dellavedova, 2210 Jefferson, 2544 James, 2747 Smith","202684,203521,2210,2544,2747","Thompson, Dellavedova, Jefferson, James, Smith",0,2,0,3,4,88.0
21500227,20151127,4,4,CLE,CHA,"202684 Thompson, 203521 Dellavedova, 2210 Jefferson, 2544 James, 2747 Smith","202684,203521,2210,2544,2747","Thompson, Dellavedova, Jefferson, James, Smith",0,1,2,1,1,25.0
21500227,20151127,4,5,CLE,CHA,"202684 Thompson, 203521 Dellavedova, 2210 Jefferson, 2544 James, 2747 Smith","202684,203521,2210,2544,2747","Thompson, Dellavedova, Jefferson, James, Smith",0,2,0,2,2,43.0
21500227,20151127,4,6,CLE,CHA,"202684 Thompson, 203521 Dellavedova, 2210 Jefferson, 2544 James, 2747 Smith","202684,203521,2210,2544,2747","Thompson, Dellavedova, Jefferson, James, Smith",0,7,2,4,4,107.0
21500227,20151127,4,7,CLE,CHA,"202684 Thompson, 203521 Dellavedova, 2210 Jefferson, 2544 James, 2747 Smith","202684,203521,2210,2544,2747","Thompson, Dellavedova, Jefferson, James, Smith",0,5,4,9,10,317.1
21500227,20151127,4,8,CLE,CHA,"202684 Thompson, 203521 Dellavedova, 2210 Jefferson, 2544 James, 2747 Smith","202684,203521,2210,2544,2747","Thompson, Dellavedova, Jefferson, James, Smith",0,1,0,1,1,3.7
21500227,20151127,4,9,CLE,CHA,"202684 Thompson, 203521 Dellavedova, 2210 Jefferson, 2544 James, 2747 Smith","202684,203521,2210,2544,2747","Thompson, Dellavedova, Jefferson, James, Smith",0,0,0,1,1,1.4
21500227,20151127,4,10,CLE,CHA,"202684 Thompson, 203521 Dellavedova, 2210 Jefferson, 2544 James, 2747 Smith","202684,203521,2210,2544,2747","Thompson, Dellavedova, Jefferson, James, Smith",0,0,0,1,1,7.8
21500240,20151128,1,1,CLE,BKN,"201567 Love, 202389 Mozgov, 2544 James, 2590 Williams, 2747 Smith","201567,202389,2544,2590,2747","Love, Mozgov, James, Williams, Smith",0,10,15,14,14,431.0
21500240,20151128,1,2,CLE,BKN,"201567 Love, 202684 Thompson, 2544 James, 2590 Williams, 2747 Smith","201567,202684,2544,2590,2747","Love, Thompson, James, Williams, Smith",0,0,0,1,1,1.0
21500240,20151128,1,3,CLE,BKN,"202684 Thompson, 2544 James, 2590 Williams, 2592 Jones, 2747 Smith","202684,2544,2590,2592,2747","Thompson, James, Williams, Jones, Smith",0,2,4,4,5,127.0
21500240,20151128,1,4,CLE,BKN,"202684 Thompson, 203521 Dellavedova, 2210 Jefferson, 2592 Jones, 2747 Smith","202684,203521,2210,2592,2747","Thompson, Dellavedova, Jefferson, Jones, Smith",0,5,5,3,4,113.3
21500240,20151128,1,5,CLE,BKN,"202684 Thompson, 203521 Dellavedova, 2210 Jefferson, 2592 Jones, 2747 Smith","202684,203521,2210,2592,2747","Thompson, Dellavedova, Jefferson, Jones, Smith",0,0,0,1,1,12.2
21500240,20151128,1,6,CLE,BKN,"202684 Thompson, 203521 Dellavedova, 2210 Jefferson, 2592 Jones, 2747 Smith","202684,203521,2210,2592,2747","Thompson, Dellavedova, Jefferson, Jones, Smith",0,0,0,2,1,35.5
21500240,20151128,2,1,CLE,BKN,"202684 Thompson, 203521 Dellavedova, 2210 Jefferson, 2592 Jones, 2747 Smith","202684,203521,2210,2592,2747","Thompson, Dellavedova, Jefferson, Jones, Smith",0,0,0,1,0,14.0
21500240,20151128,2,2,CLE,BKN,"202684 Thompson, 203521 Dellavedova, 2210 Jefferson, 2590 Williams, 2592 Jones","202684,203521,2210,2590,2592","Thompson, Dellavedova, Jefferson, Williams, Jones",0,0,0,3,1,24.0
21500240,20151128,2,3,CLE,BKN,"202684 Thompson, 203521 Dellavedova, 2210 Jefferson, 2590 Williams, 2592 Jones","202684,203521,2210,2590,2592","Thompson, Dellavedova, Jefferson, Williams, Jones",0,2,0,2,1,35.0
21500240,20151128,2,4,CLE,BKN,"201567 Love, 202684 Thompson, 203521 Dellavedova, 2210 Jefferson, 2590 Williams","201567,202684,203521,2210,2590","Love, Thompson, Dellavedova, Jefferson, Williams",0,0,0,1,1,28.0
21500240,20151128,2,5,CLE,BKN,"201567 Love, 202684 Thompson, 203521 Dellavedova, 2210 Jefferson, 2590 Williams","201567,202684,203521,2210,2590","Love, Thompson, Dellavedova, Jefferson, Williams",0,4,4,3,3,89.0
21500240,20151128,2,6,CLE,BKN,"201567 Love, 202684 Thompson, 203521 Dellavedova, 2544 James, 2590 Williams","201567,202684,203521,2544,2590","Love, Thompson, Dellavedova, James, Williams",0,4,9,4,6,159.0
21500240,20151128,2,7,CLE,BKN,"201567 Love, 202389 Mozgov, 203521 Dellavedova, 2544 James, 2747 Smith","201567,202389,203521,2544,2747","Love, Mozgov, Dellavedova, James, Smith",0,0,2,2,3,48.0
21500240,20151128,2,8,CLE,BKN,"201567 Love, 202389 Mozgov, 2544 James, 2590 Williams, 2747 Smith","201567,202389,2544,2590,2747","Love, Mozgov, James, Williams, Smith",0,7,0,3,3,40.0
21500240,20151128,2,9,CLE,BKN,"201567 Love, 202389 Mozgov, 2544 James, 2590 Williams, 2747 Smith","201567,202389,2544,2590,2747","Love, Mozgov, James, Williams, Smith",0,2,4,2,4,70.0
21500240,20151128,2,10,CLE,BKN,"201567 Love, 202389 Mozgov, 2544 James, 2590 Williams, 2747 Smith","201567,202389,2544,2590,2747","Love, Mozgov, James, Williams, Smith",0,0,2,1,1,36.0
21500240,20151128,2,11,CLE,BKN,"202389 Mozgov, 202684 Thompson, 2544 James, 2590 Williams, 2747 Smith","202389,202684,2544,2590,2747","Mozgov, Thompson, James, Williams, Smith",0,4,0,3,2,53.0
21500240,20151128,2,12,CLE,BKN,"202684 Thompson, 2544 James, 2590 Williams, 2747 Smith, 2760 Varejao","202684,2544,2590,2747,2760","Thompson, James, Williams, Smith, Varejao",0,4,2,5,5,63.0
21500240,20151128,2,13,CLE,BKN,"202684 Thompson, 203521 Dellavedova, 2544 James, 2747 Smith, 2760 Varejao","202684,203521,2544,2747,2760","Thompson, Dellavedova, James, Smith, Varejao",0,0,3,2,2,61.0
21500240,20151128,3,1,CLE,BKN,"202684 Thompson, 203521 Dellavedova, 2544 James, 2747 Smith, 2760 Varejao","202684,203521,2544,2747,2760","Thompson, Dellavedova, James, Smith, Varejao",0,0,0,1,0,17.0
21500240,20151128,3,2,CLE,BKN,"201567 Love, 202389 Mozgov, 2544 James, 2590 Williams, 2747 Smith","201567,202389,2544,2590,2747","Love, Mozgov, James, Williams, Smith",0,7,2,8,8,229.0
21500240,20151128,3,3,CLE,BKN,"201567 Love, 202389 Mozgov, 203521 Dellavedova, 2544 James, 2747 Smith","201567,202389,203521,2544,2747","Love, Mozgov, Dellavedova, James, Smith",0,4,4,5,6,112.0
21500240,20151128,3,4,CLE,BKN,"201567 Love, 202684 Thompson, 203521 Dellavedova, 2210 Jefferson, 2544 James","201567,202684,203521,2210,2544","Love, Thompson, Dellavedova, Jefferson, James",0,8,6,4,4,144.0
21500240,20151128,3,5,CLE,BKN,"201567 Love, 202684 Thompson, 203521 Dellavedova, 2210 Jefferson, 2747 Smith","201567,202684,203521,2210,2747","Love, Thompson, Dellavedova, Jefferson, Smith",0,3,4,3,3,86.0
21500240,20151128,3,6,CLE,BKN,"201567 Love, 202684 Thompson, 203521 Dellavedova, 2210 Jefferson, 2747 Smith","201567,202684,203521,2210,2747","Love, Thompson, Dellavedova, Jefferson, Smith",0,0,0,0,1,15.0
21500240,20151128,3,7,CLE,BKN,"202684 Thompson, 203521 Dellavedova, 2210 Jefferson, 2747 Smith, 2760 Varejao","202684,203521,2210,2747,2760","Thompson, Dellavedova, Jefferson, Smith, Varejao",0,0,0,2,1,11.0
21500240,20151128,3,8,CLE,BKN,"202684 Thompson, 203521 Dellavedova, 2210 Jefferson, 2747 Smith, 2760 Varejao","202684,203521,2210,2747,2760","Thompson, Dellavedova, Jefferson, Smith, Varejao",0,0,2,2,2,46.6
21500240,20151128,3,9,CLE,BKN,"202684 Thompson, 203521 Dellavedova, 2210 Jefferson, 2747 Smith, 2760 Varejao","202684,203521,2210,2747,2760","Thompson, Dellavedova, Jefferson, Smith, Varejao",0,0,0,0,2,24.2
21500240,20151128,3,10,CLE,BKN,"202684 Thompson, 203521 Dellavedova, 2210 Jefferson, 2747 Smith, 2760 Varejao","202684,203521,2210,2747,2760","Thompson, Dellavedova, Jefferson, Smith, Varejao",0,3,0,2,1,35.2
21500240,20151128,4,1,CLE,BKN,"202684 Thompson, 203521 Dellavedova, 2210 Jefferson, 2747 Smith, 2760 Varejao","202684,203521,2210,2747,2760","Thompson, Dellavedova, Jefferson, Smith, Varejao",0,0,0,0,1,15.0
21500240,20151128,4,2,CLE,BKN,"201567 Love, 202684 Thompson, 203521 Dellavedova, 2210 Jefferson, 2747 Smith","201567,202684,203521,2210,2747","Love, Thompson, Dellavedova, Jefferson, Smith",0,3,2,6,7,153.0
21500240,20151128,4,3,CLE,BKN,"201567 Love, 202684 Thompson, 203521 Dellavedova, 2544 James, 2747 Smith","201567,202684,203521,2544,2747","Love, Thompson, Dellavedova, James, Smith",0,2,0,2,3,56.0
21500240,20151128,4,4,CLE,BKN,"202684 Thompson, 2210 Jefferson, 2544 James, 2590 Williams, 2747 Smith","202684,2210,2544,2590,2747","Thompson, Jefferson, James, Williams, Smith",0,2,8,5,5,152.0
21500240,20151128,4,5,CLE,BKN,"201567 Love, 202684 Thompson, 2544 James, 2590 Williams, 2747 Smith","201567,202684,2544,2590,2747","Love, Thompson, James, Williams, Smith",0,6,5,6,5,138.0
21500240,20151128,4,6,CLE,BKN,"201567 Love, 202684 Thompson, 203521 Dellavedova, 2544 James, 2747 Smith","201567,202684,203521,2544,2747","Love, Thompson, Dellavedova, James, Smith",0,2,0,3,4,104.0
21500240,20151128,4,7,CLE,BKN,"201567 Love, 202684 Thompson, 203521 Dellavedova, 2544 James, 2747 Smith","201567,202684,203521,2544,2747","Love, Thompson, Dellavedova, James, Smith",0,0,2,0,1,19.0
21500240,20151128,4,8,CLE,BKN,"201567 Love, 202684 Thompson, 203521 Dellavedova, 2544 James, 2747 Smith","201567,202684,203521,2544,2747","Love, Thompson, Dellavedova, James, Smith",0,2,0,2,0,10.0
21500240,20151128,4,9,CLE,BKN,"201567 Love, 202684 Thompson, 203521 Dellavedova, 2544 James, 2747 Smith","201567,202684,203521,2544,2747","Love, Thompson, Dellavedova, James, Smith",0,0,0,1,0,17.1
21500240,20151128,4,10,CLE,BKN,"201567 Love, 202684 Thompson, 203521 Dellavedova, 2544 James, 2747 Smith","201567,202684,203521,2544,2747","Love, Thompson, Dellavedova, James, Smith",0,0,0,1,2,22.2
21500240,20151128,4,11,CLE,BKN,"202684 Thompson, 203521 Dellavedova, 2210 Jefferson, 2544 James, 2747 Smith","202684,203521,2210,2544,2747","Thompson, Dellavedova, Jefferson, James, Smith",0,2,3,2,2,18.5
21500240,20151128,4,12,CLE,BKN,"202684 Thompson, 203521 Dellavedova, 2210 Jefferson, 2544 James, 2747 Smith","202684,203521,2210,2544,2747","Thompson, Dellavedova, Jefferson, James, Smith",0,0,0,1,0,13.3
21500240,20151128,4,13,CLE,BKN,"201567 Love, 202684 Thompson, 203521 Dellavedova, 2544 James, 2747 Smith","201567,202684,203521,2544,2747","Love, Thompson, Dellavedova, James, Smith",0,2,0,1,0,1.9
21500262,20151201,1,1,CLE,WAS,"201567 Love, 202389 Mozgov, 2544 James, 2590 Williams, 2747 Smith","201567,202389,2544,2590,2747","Love, Mozgov, James, Williams, Smith",0,14,18,14,17,375.0
21500262,20151201,1,2,CLE,WAS,"201567 Love, 202389 Mozgov, 2544 James, 2590 Williams, 2747 Smith","201567,202389,2544,2590,2747","Love, Mozgov, James, Williams, Smith",0,0,0,0,1,21.0
21500262,20151201,1,3,CLE,WAS,"201567 Love, 202684 Thompson, 2210 Jefferson, 2590 Williams, 2747 Smith","201567,202684,2210,2590,2747","Love, Thompson, Jefferson, Williams, Smith",0,2,0,3,3,53.0
21500262,20151201,1,4,CLE,WAS,"201567 Love, 202684 Thompson, 203521 Dellavedova, 2210 Jefferson, 2747 Smith","201567,202684,203521,2210,2747","Love, Thompson, Dellavedova, Jefferson, Smith",0,6,8,5,5,155.0
21500262,20151201,1,5,CLE,WAS,"202684 Thompson, 203521 Dellavedova, 2210 Jefferson, 2544 James, 2590 Williams","202684,203521,2210,2544,2590","Thompson, Dellavedova, Jefferson, James, Williams",0,2,1,5,5,84.0
21500262,20151201,1,6,CLE,WAS,"202684 Thompson, 203521 Dellavedova, 2210 Jefferson, 2544 James, 2590 Williams","202684,203521,2210,2544,2590","Thompson, Dellavedova, Jefferson, James, Williams",0,0,0,1,1,32.0
21500262,20151201,2,1,CLE,WAS,"202684 Thompson, 203521 Dellavedova, 2210 Jefferson, 2544 James, 2590 Williams","202684,203521,2210,2544,2590","Thompson, Dellavedova, Jefferson, James, Williams",0,0,0,1,0,23.0
21500262,20151201,2,2,CLE,WAS,"202684 Thompson, 203521 Dellavedova, 2210 Jefferson, 2544 James, 2590 Williams","202684,203521,2210,2544,2590","Thompson, Dellavedova, Jefferson, James, Williams",0,2,7,3,3,71.0
21500262,20151201,2,3,CLE,WAS,"202684 Thompson, 2210 Jefferson, 2544 James, 2590 Williams, 2747 Smith","202684,2210,2544,2590,2747","Thompson, Jefferson, James, Williams, Smith",0,2,0,2,1,23.0
21500262,20151201,2,4,CLE,WAS,"201567 Love, 2544 James, 2590 Williams, 2592 Jones, 2747 Smith","201567,2544,2590,2592,2747","Love, James, Williams, Jones, Smith",0,8,5,5,4,125.0
21500262,20151201,2,5,CLE,WAS,"201567 Love, 2210 Jefferson, 2590 Williams, 2592 Jones, 2747 Smith","201567,2210,2590,2592,2747","Love, Jefferson, Williams, Jones, Smith",0,0,5,4,3,104.0
21500262,20151201,2,6,CLE,WAS,"201567 Love, 202684 Thompson, 2210 Jefferson, 2590 Williams, 2747 Smith","201567,202684,2210,2590,2747","Love, Thompson, Jefferson, Williams, Smith",0,0,2,2,2,50.0
21500262,20151201,2,7,CLE,WAS,"201567 Love, 202684 Thompson, 2544 James, 2590 Williams, 2747 Smith","201567,202684,2544,2590,2747","Love, Thompson, James, Williams, Smith",0,0,0,0,3,22.0
21500262,20151201,2,8,CLE,WAS,"201567 Love, 202684 Thompson, 2544 James, 2590 Williams, 2747 Smith","201567,202684,2544,2590,2747","Love, Thompson, James, Williams, Smith",0,2,0,1,2,15.0
21500262,20151201,2,9,CLE,WAS,"201567 Love, 202684 Thompson, 203521 Dellavedova, 2544 James, 2590 Williams","201567,202684,203521,2544,2590","Love, Thompson, Dellavedova, James, Williams",0,0,2,3,4,82.0
21500262,20151201,2,10,CLE,WAS,"201567 Love, 202684 Thompson, 2544 James, 2590 Williams, 2747 Smith","201567,202684,2544,2590,2747","Love, Thompson, James, Williams, Smith",0,5,6,5,5,205.0
21500262,20151201,3,1,CLE,WAS,"201567 Love, 202684 Thompson, 2544 James, 2590 Williams, 2747 Smith","201567,202684,2544,2590,2747","Love, Thompson, James, Williams, Smith",0,0,0,1,0,23.0
21500262,20151201,3,2,CLE,WAS,"201567 Love, 202389 Mozgov, 2544 James, 2590 Williams, 2747 Smith","201567,202389,2544,2590,2747","Love, Mozgov, James, Williams, Smith",0,0,8,7,6,137.0
21500262,20151201,3,3,CLE,WAS,"201567 Love, 203521 Dellavedova, 2544 James, 2747 Smith, 2760 Varejao","201567,203521,2544,2747,2760","Love, Dellavedova, James, Smith, Varejao",0,4,2,6,5,154.0
21500262,20151201,3,4,CLE,WAS,"201567 Love, 203521 Dellavedova, 2210 Jefferson, 2544 James, 2760 Varejao","201567,203521,2210,2544,2760","Love, Dellavedova, Jefferson, James, Varejao",0,0,5,3,2,76.0
21500262,20151201,3,5,CLE,WAS,"202684 Thompson, 203521 Dellavedova, 2210 Jefferson, 2544 James, 2760 Varejao","202684,203521,2210,2544,2760","Thompson, Dellavedova, Jefferson, James, Varejao",0,5,3,5,4,113.0
21500262,20151201,3,6,CLE,WAS,"202684 Thompson, 203521 Dellavedova, 2210 Jefferson, 2747 Smith, 2760 Varejao","202684,203521,2210,2747,2760","Thompson, Dellavedova, Jefferson, Smith, Varejao",0,10,3,4,4,109.0
21500262,20151201,3,7,CLE,WAS,"202684 Thompson, 203521 Dellavedova, 2210 Jefferson, 2747 Smith, 2760 Varejao","202684,203521,2210,2747,2760","Thompson, Dellavedova, Jefferson, Smith, Varejao",0,5,5,3,3,75.9
21500262,20151201,3,8,CLE,WAS,"202684 Thompson, 203521 Dellavedova, 2210 Jefferson, 2747 Smith, 2760 Varejao","202684,203521,2210,2747,2760","Thompson, Dellavedova, Jefferson, Smith, Varejao",0,0,0,2,1,32.1
21500262,20151201,4,1,CLE,WAS,"202684 Thompson, 203521 Dellavedova, 2210 Jefferson, 2747 Smith, 2760 Varejao","202684,203521,2210,2747,2760","Thompson, Dellavedova, Jefferson, Smith, Varejao",0,0,0,0,1,17.0
21500262,20151201,4,2,CLE,WAS,"201567 Love, 202684 Thompson, 203521 Dellavedova, 2544 James, 2590 Williams","201567,202684,203521,2544,2590","Love, Thompson, Dellavedova, James, Williams",0,4,5,4,5,94.0
21500262,20151201,4,3,CLE,WAS,"201567 Love, 202684 Thompson, 203521 Dellavedova, 2544 James, 2590 Williams","201567,202684,203521,2544,2590","Love, Thompson, Dellavedova, James, Williams",0,0,0,1,1,8.0
21500262,20151201,4,4,CLE,WAS,"201567 Love, 203521 Dellavedova, 2544 James, 2590 Williams, 2592 Jones","201567,203521,2544,2590,2592","Love, Dellavedova, James, Williams, Jones",0,2,2,2,1,46.0
21500262,20151201,4,5,CLE,WAS,"201567 Love, 203521 Dellavedova, 2544 James, 2590 Williams, 2592 Jones","201567,203521,2544,2590,2592","Love, Dellavedova, James, Williams, Jones",0,0,0,2,2,62.0
21500262,20151201,4,6,CLE,WAS,"201567 Love, 203521 Dellavedova, 2544 James, 2592 Jones, 2747 Smith","201567,203521,2544,2592,2747","Love, Dellavedova, James, Jones, Smith",0,2,5,5,5,140.0
21500262,20151201,4,7,CLE,WAS,"202684 Thompson, 203521 Dellavedova, 2544 James, 2592 Jones, 2747 Smith","202684,203521,2544,2592,2747","Thompson, Dellavedova, James, Jones, Smith",0,8,3,6,6,186.0
21500262,20151201,4,8,CLE,WAS,"202684 Thompson, 203521 Dellavedova, 2544 James, 2592 Jones, 2747 Smith","202684,203521,2544,2592,2747","Thompson, Dellavedova, James, Jones, Smith",0,2,0,1,0,19.0
21500262,20151201,4,9,CLE,WAS,"202684 Thompson, 203521 Dellavedova, 2544 James, 2592 Jones, 2747 Smith","202684,203521,2544,2592,2747","Thompson, Dellavedova, James, Jones, Smith",0,0,0,4,4,99.4
21500262,20151201,4,10,CLE,WAS,"202684 Thompson, 2210 Jefferson, 2544 James, 2592 Jones, 2747 Smith","202684,2210,2544,2592,2747","Thompson, Jefferson, James, Jones, Smith",0,0,2,3,2,48.6
21500288,20151204,1,1,CLE,NOP,"201567 Love, 202389 Mozgov, 203521 Dellavedova, 2544 James, 2747 Smith","201567,202389,203521,2544,2747","Love, Mozgov, Dellavedova, James, Smith",0,15,12,13,14,381.0
21500288,20151204,1,2,CLE,NOP,"202389 Mozgov, 202684 Thompson, 203521 Dellavedova, 2544 James, 2747 Smith","202389,202684,203521,2544,2747","Mozgov, Thompson, Dellavedova, James, Smith",0,0,0,2,1,25.0
21500288,20151204,1,3,CLE,NOP,"202684 Thompson, 203521 Dellavedova, 2544 James, 2592 Jones, 2747 Smith","202684,203521,2544,2592,2747","Thompson, Dellavedova, James, Jones, Smith",0,5,2,2,2,66.0
21500288,20151204,1,4,CLE,NOP,"202684 Thompson, 2544 James, 2590 Williams, 2592 Jones, 2747 Smith","202684,2544,2590,2592,2747","Thompson, James, Williams, Jones, Smith",0,0,0,2,3,42.0
21500288,20151204,1,5,CLE,NOP,"202684 Thompson, 2210 Jefferson, 2590 Williams, 2592 Jones, 2747 Smith","202684,2210,2590,2592,2747","Thompson, Jefferson, Williams, Jones, Smith",0,4,5,3,3,94.0
21500288,20151204,1,6,CLE,NOP,"202684 Thompson, 2210 Jefferson, 2590 Williams, 2592 Jones, 2747 Smith","202684,2210,2590,2592,2747","Thompson, Jefferson, Williams, Jones, Smith",0,1,0,1,0,10.0
21500288,20151204,1,7,CLE,NOP,"202684 Thompson, 2210 Jefferson, 2590 Williams, 2592 Jones, 2747 Smith","202684,2210,2590,2592,2747","Thompson, Jefferson, Williams, Jones, Smith",0,2,2,4,5,102.0
21500288,20151204,2,1,CLE,NOP,"202684 Thompson, 2210 Jefferson, 2590 Williams, 2592 Jones, 2747 Smith","202684,2210,2590,2592,2747","Thompson, Jefferson, Williams, Jones, Smith",0,0,0,1,0,11.0
21500288,20151204,2,2,CLE,NOP,"202684 Thompson, 2210 Jefferson, 2544 James, 2590 Williams, 2592 Jones","202684,2210,2544,2590,2592","Thompson, Jefferson, James, Williams, Jones",0,0,5,4,4,75.0
21500288,20151204,2,3,CLE,NOP,"201567 Love, 202684 Thompson, 203521 Dellavedova, 2544 James, 2590 Williams","201567,202684,203521,2544,2590","Love, Thompson, Dellavedova, James, Williams",0,6,2,5,3,123.0
21500288,20151204,2,4,CLE,NOP,"201567 Love, 202684 Thompson, 203521 Dellavedova, 2544 James, 2590 Williams","201567,202684,203521,2544,2590","Love, Thompson, Dellavedova, James, Williams",0,0,0,2,0,1.0
21500288,20151204,2,5,CLE,NOP,"201567 Love, 202389 Mozgov, 203521 Dellavedova, 2544 James, 2590 Williams","201567,202389,203521,2544,2590","Love, Mozgov, Dellavedova, James, Williams",0,2,2,3,2,76.0
21500288,20151204,2,6,CLE,NOP,"201567 Love, 202389 Mozgov, 203521 Dellavedova, 2544 James, 2590 Williams","201567,202389,203521,2544,2590","Love, Mozgov, Dellavedova, James, Williams",0,3,4,3,2,82.0
21500288,20151204,2,7,CLE,NOP,"201567 Love, 202389 Mozgov, 203521 Dellavedova, 2544 James, 2747 Smith","201567,202389,203521,2544,2747","Love, Mozgov, Dellavedova, James, Smith",0,5,4,3,3,104.0
21500288,20151204,2,8,CLE,NOP,"201567 Love, 203521 Dellavedova, 2544 James, 2747 Smith, 2760 Varejao","201567,203521,2544,2747,2760","Love, Dellavedova, James, Smith, Varejao",0,2,2,1,2,35.0
21500288,20151204,2,9,CLE,NOP,"201567 Love, 203521 Dellavedova, 2544 James, 2747 Smith, 2760 Varejao","201567,203521,2544,2747,2760","Love, Dellavedova, James, Smith, Varejao",0,2,2,2,3,64.0
21500288,20151204,2,10,CLE,NOP,"201567 Love, 203521 Dellavedova, 2544 James, 2747 Smith, 2760 Varejao","201567,203521,2544,2747,2760","Love, Dellavedova, James, Smith, Varejao",0,0,2,0,1,20.0
21500288,20151204,2,11,CLE,NOP,"201567 Love, 203521 Dellavedova, 2544 James, 2747 Smith, 2760 Varejao","201567,203521,2544,2747,2760","Love, Dellavedova, James, Smith, Varejao",0,0,1,1,1,14.0
21500288,20151204,2,12,CLE,NOP,"201567 Love, 203521 Dellavedova, 2544 James, 2590 Williams, 2760 Varejao","201567,203521,2544,2590,2760","Love, Dellavedova, James, Williams, Varejao",0,4,7,4,3,82.7
21500288,20151204,2,13,CLE,NOP,"201567 Love, 203521 Dellavedova, 2210 Jefferson, 2590 Williams, 2760 Varejao","201567,203521,2210,2590,2760","Love, Dellavedova, Jefferson, Williams, Varejao",0,0,0,1,1,15.1
21500288,20151204,2,14,CLE,NOP,"201567 Love, 203521 Dellavedova, 2210 Jefferson, 2544 James, 2590 Williams","201567,203521,2210,2544,2590","Love, Dellavedova, Jefferson, James, Williams",0,2,0,1,0,17.2
21500288,20151204,3,1,CLE,NOP,"201567 Love, 203521 Dellavedova, 2210 Jefferson, 2544 James, 2590 Williams","201567,203521,2210,2544,2590","Love, Dellavedova, Jefferson, James, Williams",0,0,0,1,0,17.0
21500288,20151204,3,2,CLE,NOP,"201567 Love, 202389 Mozgov, 203521 Dellavedova, 2544 James, 2747 Smith","201567,202389,203521,2544,2747","Love, Mozgov, Dellavedova, James, Smith",0,4,3,3,2,63.0
21500288,20151204,3,3,CLE,NOP,"201567 Love, 202389 Mozgov, 203521 Dellavedova, 2544 James, 2747 Smith","201567,202389,203521,2544,2747","Love, Mozgov, Dellavedova, James, Smith",0,6,6,6,5,178.0
21500288,20151204,3,4,CLE,NOP,"201567 Love, 202389 Mozgov, 203521 Dellavedova, 2544 James, 2747 Smith","201567,202389,203521,2544,2747","Love, Mozgov, Dellavedova, James, Smith",0,0,0,1,0,21.0
21500288,20151204,3,5,CLE,NOP,"201567 Love, 202389 Mozgov, 2544 James, 2590 Williams, 2747 Smith","201567,202389,2544,2590,2747","Love, Mozgov, James, Williams, Smith",0,0,5,3,3,49.0
21500288,20151204,3,6,CLE,NOP,"201567 Love, 202684 Thompson, 2544 James, 2590 Williams, 2747 Smith","201567,202684,2544,2590,2747","Love, Thompson, James, Williams, Smith",0,3,4,3,2,81.0
21500288,20151204,3,7,CLE,NOP,"201567 Love, 202684 Thompson, 2544 James, 2590 Williams, 2747 Smith","201567,202684,2544,2590,2747","Love, Thompson, James, Williams, Smith",0,0,0,1,1,11.0
21500288,20151204,3,8,CLE,NOP,"201567 Love, 202684 Thompson, 203521 Dellavedova, 2544 James, 2590 Williams","201567,202684,203521,2544,2590","Love, Thompson, Dellavedova, James, Williams",0,0,1,1,2,28.0
21500288,20151204,3,9,CLE,NOP,"201567 Love, 202684 Thompson, 203521 Dellavedova, 2210 Jefferson, 2590 Williams","201567,202684,203521,2210,2590","Love, Thompson, Dellavedova, Jefferson, Williams",0,0,5,3,4,74.0
21500288,20151204,3,10,CLE,NOP,"202684 Thompson, 203521 Dellavedova, 2210 Jefferson, 2590 Williams, 2592 Jones","202684,203521,2210,2590,2592","Thompson, Dellavedova, Jefferson, Williams, Jones",0,9,6,5,6,141.2
21500288,20151204,3,11,CLE,NOP,"202684 Thompson, 203521 Dellavedova, 2210 Jefferson, 2590 Williams, 2592 Jones","202684,203521,2210,2590,2592","Thompson, Dellavedova, Jefferson, Williams, Jones",0,2,2,1,2,56.8
21500288,20151204,4,1,CLE,NOP,"202684 Thompson, 203521 Dellavedova, 2210 Jefferson, 2590 Williams, 2592 Jones","202684,203521,2210,2590,2592","Thompson, Dellavedova, Jefferson, Williams, Jones",0,0,0,0,1,17.0
21500288,20151204,4,2,CLE,NOP,"202684 Thompson, 2210 Jefferson, 2544 James, 2590 Williams, 2592 Jones","202684,2210,2544,2590,2592","Thompson, Jefferson, James, Williams, Jones",0,2,3,6,6,145.0
21500288,20151204,4,3,CLE,NOP,"202684 Thompson, 203521 Dellavedova, 2210 Jefferson, 2544 James, 2592 Jones","202684,203521,2210,2544,2592","Thompson, Dellavedova, Jefferson, James, Jones",0,2,2,1,1,20.0
21500288,20151204,4,4,CLE,NOP,"202684 Thompson, 203521 Dellavedova, 2544 James, 2592 Jones, 2747 Smith","202684,203521,2544,2592,2747","Thompson, Dellavedova, James, Jones, Smith",0,0,3,3,3,103.0
21500288,20151204,4,5,CLE,NOP,"201567 Love, 202684 Thompson, 203521 Dellavedova, 2544 James, 2747 Smith","201567,202684,203521,2544,2747","Love, Thompson, Dellavedova, James, Smith",0,3,2,2,2,91.0
21500288,20151204,4,6,CLE,NOP,"201567 Love, 202684 Thompson, 203521 Dellavedova, 2544 James, 2747 Smith","201567,202684,203521,2544,2747","Love, Thompson, Dellavedova, James, Smith",0,1,0,1,0,17.0
21500288,20151204,4,7,CLE,NOP,"201567 Love, 202684 Thompson, 203521 Dellavedova, 2544 James, 2747 Smith","201567,202684,203521,2544,2747","Love, Thompson, Dellavedova, James, Smith",0,7,4,3,4,96.0
21500288,20151204,4,8,CLE,NOP,"201567 Love, 202684 Thompson, 203521 Dellavedova, 2544 James, 2747 Smith","201567,202684,203521,2544,2747","Love, Thompson, Dellavedova, James, Smith",0,0,0,1,1,31.0
21500288,20151204,4,9,CLE,NOP,"201567 Love, 202684 Thompson, 203521 Dellavedova, 2544 James, 2747 Smith","201567,202684,203521,2544,2747","Love, Thompson, Dellavedova, James, Smith",0,5,0,4,3,54.0
21500288,20151204,4,10,CLE,NOP,"201567 Love, 202684 Thompson, 203521 Dellavedova, 2544 James, 2747 Smith","201567,202684,203521,2544,2747","Love, Thompson, Dellavedova, James, Smith",0,0,0,1,0,12.0
21500288,20151204,4,11,CLE,NOP,"201567 Love, 202684 Thompson, 203521 Dellavedova, 2544 James, 2747 Smith","201567,202684,203521,2544,2747","Love, Thompson, Dellavedova, James, Smith",0,4,0,2,2,59.0
21500288,20151204,4,12,CLE,NOP,"202684 Thompson, 203521 Dellavedova, 2210 Jefferson, 2544 James, 2747 Smith","202684,203521,2210,2544,2747","Thompson, Dellavedova, Jefferson, James, Smith",0,0,4,2,2,30.0
21500288,20151204,4,13,CLE,NOP,"201567 Love, 203521 Dellavedova, 2210 Jefferson, 2544 James, 2747 Smith","201567,203521,2210,2544,2747","Love, Dellavedova, Jefferson, James, Smith",0,4,0,2,2,29.5
21500288,20151204,4,14,CLE,NOP,"202684 Thompson, 203521 Dellavedova, 2210 Jefferson, 2544 James, 2747 Smith","202684,203521,2210,2544,2747","Thompson, Dellavedova, Jefferson, James, Smith",0,0,3,0,2,7.5
21500288,20151204,4,15,CLE,NOP,"201567 Love, 203521 Dellavedova, 2210 Jefferson, 2544 James, 2747 Smith","201567,203521,2210,2544,2747","Love, Dellavedova, Jefferson, James, Smith",0,0,0,0,1,8.0
21500288,20151204,5,1,CLE,NOP,"201567 Love, 203521 Dellavedova, 2210 Jefferson, 2544 James, 2747 Smith","201567,203521,2210,2544,2747","Love, Dellavedova, Jefferson, James, Smith",0,2,8,8,9,300.0
21500291,20151205,1,1,CLE,MIA,"201567 Love, 202389 Mozgov, 203521 Dellavedova, 2210 Jefferson, 2747 Smith","201567,202389,203521,2210,2747","Love, Mozgov, Dellavedova, Jefferson, Smith",0,10,12,9,9,286.0
21500291,20151205,1,2,CLE,MIA,"201567 Love, 202389 Mozgov, 203521 Dellavedova, 2210 Jefferson, 2747 Smith","201567,202389,203521,2210,2747","Love, Mozgov, Dellavedova, Jefferson, Smith",0,2,8,7,6,181.0
21500291,20151205,1,3,CLE,MIA,"201567 Love, 202389 Mozgov, 2210 Jefferson, 2590 Williams, 2747 Smith","201567,202389,2210,2590,2747","Love, Mozgov, Jefferson, Williams, Smith",0,2,0,1,1,26.0
21500291,20151205,1,4,CLE,MIA,"202389 Mozgov, 202684 Thompson, 203099 Cunningham, 2590 Williams, 2747 Smith","202389,202684,203099,2590,2747","Mozgov, Thompson, Cunningham, Williams, Smith",0,0,2,1,1,20.0
21500291,20151205,1,5,CLE,MIA,"202389 Mozgov, 202684 Thompson, 203099 Cunningham, 2590 Williams, 2747 Smith","202389,202684,203099,2590,2747","Mozgov, Thompson, Cunningham, Williams, Smith",0,0,8,4,3,109.0
21500291,20151205,1,6,CLE,MIA,"202684 Thompson, 203099 Cunningham, 2590 Williams, 2747 Smith, 2760 Varejao","202684,203099,2590,2747,2760","Thompson, Cunningham, Williams, Smith, Varejao",0,2,0,1,1,24.0
21500291,20151205,1,7,CLE,MIA,"202684 Thompson, 203099 Cunningham, 2210 Jefferson, 2590 Williams, 2760 Varejao","202684,203099,2210,2590,2760","Thompson, Cunningham, Jefferson, Williams, Varejao",0,0,2,0,1,8.0
21500291,20151205,1,8,CLE,MIA,"202684 Thompson, 203099 Cunningham, 203521 Dellavedova, 2210 Jefferson, 2760 Varejao","202684,203099,203521,2210,2760","Thompson, Cunningham, Dellavedova, Jefferson, Varejao",0,6,2,3,2,66.0
21500291,20151205,2,1,CLE,MIA,"202684 Thompson, 203099 Cunningham, 203521 Dellavedova, 2210 Jefferson, 2760 Varejao","202684,203099,203521,2210,2760","Thompson, Cunningham, Dellavedova, Jefferson, Varejao",0,0,0,0,1,6.0
21500291,20151205,2,2,CLE,MIA,"202684 Thompson, 203099 Cunningham, 2210 Jefferson, 2590 Williams, 2760 Varejao","202684,203099,2210,2590,2760","Thompson, Cunningham, Jefferson, Williams, Varejao",0,6,4,7,7,176.0
21500291,20151205,2,3,CLE,MIA,"201567 Love, 202684 Thompson, 203099 Cunningham, 2210 Jefferson, 2590 Williams","201567,202684,203099,2210,2590","Love, Thompson, Cunningham, Jefferson, Williams",0,0,2,1,2,28.0
21500291,20151205,2,4,CLE,MIA,"201567 Love, 202684 Thompson, 203099 Cunningham, 203521 Dellavedova, 2210 Jefferson","201567,202684,203099,203521,2210","Love, Thompson, Cunningham, Dellavedova, Jefferson",0,0,0,1,1,27.0
21500291,20151205,2,5,CLE,MIA,"201567 Love, 202389 Mozgov, 203099 Cunningham, 203521 Dellavedova, 2210 Jefferson","201567,202389,203099,203521,2210","Love, Mozgov, Cunningham, Dellavedova, Jefferson",0,0,1,2,1,18.0
21500291,20151205,2,6,CLE,MIA,"201567 Love, 202389 Mozgov, 203099 Cunningham, 203521 Dellavedova, 2747 Smith","201567,202389,203099,203521,2747","Love, Mozgov, Cunningham, Dellavedova, Smith",0,5,3,3,3,106.0
21500291,20151205,2,7,CLE,MIA,"201567 Love, 202389 Mozgov, 203099 Cunningham, 203521 Dellavedova, 2747 Smith","201567,202389,203099,203521,2747","Love, Mozgov, Cunningham, Dellavedova, Smith",0,2,2,4,5,93.0
21500291,20151205,2,8,CLE,MIA,"202389 Mozgov, 202684 Thompson, 203521 Dellavedova, 2210 Jefferson, 2747 Smith","202389,202684,203521,2210,2747","Mozgov, Thompson, Dellavedova, Jefferson, Smith",0,2,11,6,7,174.0
21500291,20151205,2,9,CLE,MIA,"202684 Thompson, 203099 Cunningham, 2210 Jefferson, 2592 Jones, 2747 Smith","202684,203099,2210,2592,2747","Thompson, Cunningham, Jefferson, Jones, Smith",0,2,0,1,0,18.0
21500291,20151205,2,10,CLE,MIA,"202684 Thompson, 203099 Cunningham, 2210 Jefferson, 2592 Jones, 2747 Smith","202684,203099,2210,2592,2747","Thompson, Cunningham, Jefferson, Jones, Smith",0,1,2,2,2,37.5
21500291,20151205,2,11,CLE,MIA,"202684 Thompson, 203099 Cunningham, 2210 Jefferson, 2592 Jones, 2747 Smith","202684,203099,2210,2592,2747","Thompson, Cunningham, Jefferson, Jones, Smith",0,2,1,3,2,36.5
21500291,20151205,3,1,CLE,MIA,"202684 Thompson, 203099 Cunningham, 2210 Jefferson, 2592 Jones, 2747 Smith","202684,203099,2210,2592,2747","Thompson, Cunningham, Jefferson, Jones, Smith",0,0,0,1,2,36.0
21500291,20151205,3,2,CLE,MIA,"201567 Love, 202389 Mozgov, 203099 Cunningham, 203521 Dellavedova, 2210 Jefferson","201567,202389,203099,203521,2210","Love, Mozgov, Cunningham, Dellavedova, Jefferson",0,6,7,8,7,227.0
21500291,20151205,3,3,CLE,MIA,"201567 Love, 202684 Thompson, 203521 Dellavedova, 2210 Jefferson, 2747 Smith","201567,202684,203521,2210,2747","Love, Thompson, Dellavedova, Jefferson, Smith",0,4,1,4,3,76.0
21500291,20151205,3,4,CLE,MIA,"201567 Love, 202684 Thompson, 203521 Dellavedova, 2210 Jefferson, 2747 Smith","201567,202684,203521,2210,2747","Love, Thompson, Dellavedova, Jefferson, Smith",0,0,0,1,0,14.0
21500291,20151205,3,5,CLE,MIA,"201567 Love, 202684 Thompson, 203521 Dellavedova, 2210 Jefferson, 2747 Smith","201567,202684,203521,2210,2747","Love, Thompson, Dellavedova, Jefferson, Smith",0,3,3,1,3,21.0
21500291,20151205,3,6,CLE,MIA,"201567 Love, 202684 Thompson, 203521 Dellavedova, 2210 Jefferson, 2747 Smith","201567,202684,203521,2210,2747","Love, Thompson, Dellavedova, Jefferson, Smith",0,2,0,2,3,65.0
21500291,20151205,3,7,CLE,MIA,"201567 Love, 202684 Thompson, 2210 Jefferson, 2590 Williams, 2747 Smith","201567,202684,2210,2590,2747","Love, Thompson, Jefferson, Williams, Smith",0,2,5,4,3,79.0
21500291,20151205,3,8,CLE,MIA,"201567 Love, 202684 Thompson, 203099 Cunningham, 2590 Williams, 2747 Smith","201567,202684,203099,2590,2747","Love, Thompson, Cunningham, Williams, Smith",0,0,1,2,2,53.0
21500291,20151205,3,9,CLE,MIA,"202684 Thompson, 203099 Cunningham, 2590 Williams, 2592 Jones, 2747 Smith","202684,203099,2590,2592,2747","Thompson, Cunningham, Williams, Jones, Smith",0,5,3,5,7,149.0
21500291,20151205,4,1,CLE,MIA,"202684 Thompson, 203099 Cunningham, 2590 Williams, 2592 Jones, 2747 Smith","202684,203099,2590,2592,2747","Thompson, Cunningham, Williams, Jones, Smith",0,0,0,1,0,22.0
21500291,20151205,4,2,CLE,MIA,"202684 Thompson, 203099 Cunningham, 203521 Dellavedova, 2590 Williams, 2592 Jones","202684,203099,203521,2590,2592","Thompson, Cunningham, Dellavedova, Williams, Jones",0,0,0,1,0,1.0
21500291,20151205,4,3,CLE,MIA,"202684 Thompson, 203099 Cunningham, 203521 Dellavedova, 2210 Jefferson, 2592 Jones","202684,203099,203521,2210,2592","Thompson, Cunningham, Dellavedova, Jefferson, Jones",0,2,4,2,2,68.0
21500291,20151205,4,4,CLE,MIA,"202684 Thompson, 203099 Cunningham, 203521 Dellavedova, 2210 Jefferson, 2592 Jones","202684,203099,203521,2210,2592","Thompson, Cunningham, Dellavedova, Jefferson, Jones",0,0,4,2,4,62.0
21500291,20151205,4,5,CLE,MIA,"203099 Cunningham, 203521 Dellavedova, 2210 Jefferson, 2592 Jones, 2760 Varejao","203099,203521,2210,2592,2760","Cunningham, Dellavedova, Jefferson, Jones, Varejao",0,0,0,2,2,60.0
21500291,20151205,4,6,CLE,MIA,"201619 Kaun, 203099 Cunningham, 203521 Dellavedova, 2210 Jefferson, 2760 Varejao","201619,203099,203521,2210,2760","Kaun, Cunningham, Dellavedova, Jefferson, Varejao",0,2,2,3,2,90.0
21500291,20151205,4,7,CLE,MIA,"201619 Kaun, 203099 Cunningham, 203521 Dellavedova, 2210 Jefferson, 2760 Varejao","201619,203099,203521,2210,2760","Kaun, Cunningham, Dellavedova, Jefferson, Varejao",0,1,0,1,0,4.0
21500291,20151205,4,8,CLE,MIA,"201619 Kaun, 203099 Cunningham, 203521 Dellavedova, 2210 Jefferson, 2760 Varejao","201619,203099,203521,2210,2760","Kaun, Cunningham, Dellavedova, Jefferson, Varejao",0,1,0,1,0,13.0
21500291,20151205,4,9,CLE,MIA,"201619 Kaun, 203099 Cunningham, 2210 Jefferson, 2592 Jones, 2760 Varejao","201619,203099,2210,2592,2760","Kaun, Cunningham, Jefferson, Jones, Varejao",0,2,0,2,2,32.0
21500291,20151205,4,10,CLE,MIA,"201619 Kaun, 203099 Cunningham, 2210 Jefferson, 2592 Jones, 2760 Varejao","201619,203099,2210,2592,2760","Kaun, Cunningham, Jefferson, Jones, Varejao",0,1,0,5,2,54.0
21500291,20151205,4,11,CLE,MIA,"201619 Kaun, 203099 Cunningham, 2210 Jefferson, 2592 Jones, 2760 Varejao","201619,203099,2210,2592,2760","Kaun, Cunningham, Jefferson, Jones, Varejao",0,3,0,4,3,91.0
21500291,20151205,4,12,CLE,MIA,"201619 Kaun, 203099 Cunningham, 2210 Jefferson, 2592 Jones, 2760 Varejao","201619,203099,2210,2592,2760","Kaun, Cunningham, Jefferson, Jones, Varejao",0,8,6,7,7,223.0
21500313,20151208,1,1,CLE,POR,"201567 Love, 203521 Dellavedova, 2544 James, 2747 Smith, 2760 Varejao","201567,203521,2544,2747,2760","Love, Dellavedova, James, Smith, Varejao",0,6,18,12,13,402.0
21500313,20151208,1,2,CLE,POR,"202684 Thompson, 203521 Dellavedova, 2544 James, 2747 Smith, 2760 Varejao","202684,203521,2544,2747,2760","Thompson, Dellavedova, James, Smith, Varejao",0,0,0,0,2,19.0
21500313,20151208,1,3,CLE,POR,"202684 Thompson, 203521 Dellavedova, 2544 James, 2747 Smith, 2760 Varejao","202684,203521,2544,2747,2760","Thompson, Dellavedova, James, Smith, Varejao",0,0,1,1,1,29.0
21500313,20151208,1,4,CLE,POR,"202684 Thompson, 203521 Dellavedova, 2544 James, 2747 Smith, 2760 Varejao","202684,203521,2544,2747,2760","Thompson, Dellavedova, James, Smith, Varejao",0,7,2,3,3,84.0
21500313,20151208,1,5,CLE,POR,"202684 Thompson, 2210 Jefferson, 2590 Williams, 2747 Smith, 2760 Varejao","202684,2210,2590,2747,2760","Thompson, Jefferson, Williams, Smith, Varejao",0,2,2,2,4,82.0
21500313,20151208,1,6,CLE,POR,"202684 Thompson, 203099 Cunningham, 2210 Jefferson, 2590 Williams, 2760 Varejao","202684,203099,2210,2590,2760","Thompson, Cunningham, Jefferson, Williams, Varejao",0,2,2,3,2,104.0
21500313,20151208,2,1,CLE,POR,"202684 Thompson, 203099 Cunningham, 2210 Jefferson, 2590 Williams, 2760 Varejao","202684,203099,2210,2590,2760","Thompson, Cunningham, Jefferson, Williams, Varejao",0,0,0,0,1,15.0
21500313,20151208,2,2,CLE,POR,"202684 Thompson, 203099 Cunningham, 2210 Jefferson, 2590 Williams, 2760 Varejao","202684,203099,2210,2590,2760","Thompson, Cunningham, Jefferson, Williams, Varejao",0,0,4,2,3,48.0
21500313,20151208,2,3,CLE,POR,"201567 Love, 202684 Thompson, 203099 Cunningham, 2210 Jefferson, 2590 Williams","201567,202684,203099,2210,2590","Love, Thompson, Cunningham, Jefferson, Williams",0,4,3,2,2,70.0
21500313,20151208,2,4,CLE,POR,"201567 Love, 203099 Cunningham, 2210 Jefferson, 2544 James, 2590 Williams","201567,203099,2210,2544,2590","Love, Cunningham, Jefferson, James, Williams",0,0,5,2,2,49.0
21500313,20151208,2,5,CLE,POR,"201567 Love, 203099 Cunningham, 203521 Dellavedova, 2210 Jefferson, 2544 James","201567,203099,203521,2210,2544","Love, Cunningham, Dellavedova, Jefferson, James",0,8,7,8,7,229.0
21500313,20151208,2,6,CLE,POR,"201567 Love, 203099 Cunningham, 203521 Dellavedova, 2544 James, 2747 Smith","201567,203099,203521,2544,2747","Love, Cunningham, Dellavedova, James, Smith",0,0,0,1,0,11.0
21500313,20151208,2,7,CLE,POR,"201567 Love, 203099 Cunningham, 203521 Dellavedova, 2544 James, 2747 Smith","201567,203099,203521,2544,2747","Love, Cunningham, Dellavedova, James, Smith",0,4,6,5,5,129.0
21500313,20151208,2,8,CLE,POR,"202684 Thompson, 203099 Cunningham, 2210 Jefferson, 2544 James, 2747 Smith","202684,203099,2210,2544,2747","Thompson, Cunningham, Jefferson, James, Smith",0,6,2,3,2,64.0
21500313,20151208,2,9,CLE,POR,"202684 Thompson, 203099 Cunningham, 2210 Jefferson, 2544 James, 2747 Smith","202684,203099,2210,2544,2747","Thompson, Cunningham, Jefferson, James, Smith",0,3,1,3,3,47.5
21500313,20151208,2,10,CLE,POR,"202684 Thompson, 203521 Dellavedova, 2210 Jefferson, 2544 James, 2747 Smith","202684,203521,2210,2544,2747","Thompson, Dellavedova, Jefferson, James, Smith",0,5,3,3,2,42.6
21500313,20151208,2,11,CLE,POR,"202684 Thompson, 203521 Dellavedova, 2210 Jefferson, 2544 James, 2747 Smith","202684,203521,2210,2544,2747","Thompson, Dellavedova, Jefferson, James, Smith",0,0,0,1,0,14.9
21500313,20151208,3,1,CLE,POR,"202684 Thompson, 203521 Dellavedova, 2210 Jefferson, 2544 James, 2747 Smith","202684,203521,2210,2544,2747","Thompson, Dellavedova, Jefferson, James, Smith",0,0,0,0,1,12.0
21500313,20151208,3,2,CLE,POR,"201567 Love, 203099 Cunningham, 203521 Dellavedova, 2544 James, 2747 Smith","201567,203099,203521,2544,2747","Love, Cunningham, Dellavedova, James, Smith",0,4,2,5,6,150.0
21500313,20151208,3,3,CLE,POR,"201567 Love, 203099 Cunningham, 203521 Dellavedova, 2544 James, 2747 Smith","201567,203099,203521,2544,2747","Love, Cunningham, Dellavedova, James, Smith",0,2,0,2,2,56.0
21500313,20151208,3,4,CLE,POR,"201567 Love, 203099 Cunningham, 203521 Dellavedova, 2544 James, 2747 Smith","201567,203099,203521,2544,2747","Love, Cunningham, Dellavedova, James, Smith",0,9,5,7,6,223.0
21500313,20151208,3,5,CLE,POR,"201567 Love, 203099 Cunningham, 203521 Dellavedova, 2210 Jefferson, 2747 Smith","201567,203099,203521,2210,2747","Love, Cunningham, Dellavedova, Jefferson, Smith",0,5,5,3,3,81.0
21500313,20151208,3,6,CLE,POR,"201567 Love, 203099 Cunningham, 2210 Jefferson, 2590 Williams, 2747 Smith","201567,203099,2210,2590,2747","Love, Cunningham, Jefferson, Williams, Smith",0,4,3,2,3,60.0
21500313,20151208,3,7,CLE,POR,"201567 Love, 203099 Cunningham, 2210 Jefferson, 2544 James, 2590 Williams","201567,203099,2210,2544,2590","Love, Cunningham, Jefferson, James, Williams",0,6,4,5,4,138.0
21500313,20151208,4,1,CLE,POR,"201567 Love, 203099 Cunningham, 2210 Jefferson, 2544 James, 2590 Williams","201567,203099,2210,2544,2590","Love, Cunningham, Jefferson, James, Williams",0,0,0,1,0,14.0
21500313,20151208,4,2,CLE,POR,"202684 Thompson, 203521 Dellavedova, 2210 Jefferson, 2544 James, 2590 Williams","202684,203521,2210,2544,2590","Thompson, Dellavedova, Jefferson, James, Williams",0,4,0,4,4,105.0
21500313,20151208,4,3,CLE,POR,"202684 Thompson, 203521 Dellavedova, 2210 Jefferson, 2544 James, 2590 Williams","202684,203521,2210,2544,2590","Thompson, Dellavedova, Jefferson, James, Williams",0,0,0,1,1,16.0
21500313,20151208,4,4,CLE,POR,"202684 Thompson, 203099 Cunningham, 203521 Dellavedova, 2544 James, 2590 Williams","202684,203099,203521,2544,2590","Thompson, Cunningham, Dellavedova, James, Williams",0,8,3,6,6,149.0
21500313,20151208,4,5,CLE,POR,"202684 Thompson, 203099 Cunningham, 203521 Dellavedova, 2544 James, 2590 Williams","202684,203099,203521,2544,2590","Thompson, Cunningham, Dellavedova, James, Williams",0,4,8,5,5,190.0
21500313,20151208,4,6,CLE,POR,"201567 Love, 203099 Cunningham, 203521 Dellavedova, 2544 James, 2590 Williams","201567,203099,203521,2544,2590","Love, Cunningham, Dellavedova, James, Williams",0,3,4,3,3,88.0
21500313,20151208,4,7,CLE,POR,"201567 Love, 203099 Cunningham, 203521 Dellavedova, 2544 James, 2590 Williams","201567,203099,203521,2544,2590","Love, Cunningham, Dellavedova, James, Williams",0,6,3,5,3,95.0
21500313,20151208,4,8,CLE,POR,"202684 Thompson, 203099 Cunningham, 203521 Dellavedova, 2544 James, 2590 Williams","202684,203099,203521,2544,2590","Thompson, Cunningham, Dellavedova, James, Williams",0,1,7,4,4,60.1
21500313,20151208,4,9,CLE,POR,"201567 Love, 203099 Cunningham, 203521 Dellavedova, 2544 James, 2590 Williams","201567,203099,203521,2544,2590","Love, Cunningham, Dellavedova, James, Williams",0,2,0,2,0,0.7
21500313,20151208,4,10,CLE,POR,"202684 Thompson, 203099 Cunningham, 203521 Dellavedova, 2544 James, 2590 Williams","202684,203099,203521,2544,2590","Thompson, Cunningham, Dellavedova, James, Williams",0,0,0,1,0,2.2
21500334,20151211,1,1,CLE,ORL,"201567 Love, 202389 Mozgov, 203099 Cunningham, 203521 Dellavedova, 2544 James","201567,202389,203099,203521,2544","Love, Mozgov, Cunningham, Dellavedova, James",0,18,9,15,13,460.0
21500334,20151211,1,2,CLE,ORL,"201567 Love, 202684 Thompson, 202697 Shumpert, 203521 Dellavedova, 2210 Jefferson","201567,202684,202697,203521,2210","Love, Thompson, Shumpert, Dellavedova, Jefferson",0,0,2,3,3,65.0
21500334,20151211,1,3,CLE,ORL,"201567 Love, 202684 Thompson, 202697 Shumpert, 2210 Jefferson, 2590 Williams","201567,202684,202697,2210,2590","Love, Thompson, Shumpert, Jefferson, Williams",0,3,2,1,2,60.0
21500334,20151211,1,4,CLE,ORL,"201567 Love, 202684 Thompson, 202697 Shumpert, 2210 Jefferson, 2590 Williams","201567,202684,202697,2210,2590","Love, Thompson, Shumpert, Jefferson, Williams",0,0,3,2,2,50.0
21500334,20151211,1,5,CLE,ORL,"202684 Thompson, 202697 Shumpert, 2544 James, 2590 Williams, 2592 Jones","202684,202697,2544,2590,2592","Thompson, Shumpert, James, Williams, Jones",0,0,2,3,3,73.4
21500334,20151211,1,6,CLE,ORL,"202684 Thompson, 202697 Shumpert, 2210 Jefferson, 2590 Williams, 2592 Jones","202684,202697,2210,2590,2592","Thompson, Shumpert, Jefferson, Williams, Jones",0,0,0,0,1,11.6
21500334,20151211,2,1,CLE,ORL,"202684 Thompson, 202697 Shumpert, 2210 Jefferson, 2590 Williams, 2592 Jones","202684,202697,2210,2590,2592","Thompson, Shumpert, Jefferson, Williams, Jones",0,4,2,7,7,202.0
21500334,20151211,2,2,CLE,ORL,"202684 Thompson, 2210 Jefferson, 2544 James, 2590 Williams, 2592 Jones","202684,2210,2544,2590,2592","Thompson, Jefferson, James, Williams, Jones",0,0,0,1,1,12.0
21500334,20151211,2,3,CLE,ORL,"202684 Thompson, 203099 Cunningham, 203521 Dellavedova, 2544 James, 2592 Jones","202684,203099,203521,2544,2592","Thompson, Cunningham, Dellavedova, James, Jones",0,0,0,1,1,21.0
21500334,20151211,2,4,CLE,ORL,"202684 Thompson, 203099 Cunningham, 203521 Dellavedova, 2544 James, 2592 Jones","202684,203099,203521,2544,2592","Thompson, Cunningham, Dellavedova, James, Jones",0,2,0,3,2,56.0
21500334,20151211,2,5,CLE,ORL,"202389 Mozgov, 202684 Thompson, 203099 Cunningham, 203521 Dellavedova, 2544 James","202389,202684,203099,203521,2544","Mozgov, Thompson, Cunningham, Dellavedova, James",0,5,2,4,3,106.0
21500334,20151211,2,6,CLE,ORL,"202389 Mozgov, 202684 Thompson, 203099 Cunningham, 203521 Dellavedova, 2544 James","202389,202684,203099,203521,2544","Mozgov, Thompson, Cunningham, Dellavedova, James",0,1,0,1,0,16.0
21500334,20151211,2,7,CLE,ORL,"201567 Love, 202389 Mozgov, 203099 Cunningham, 203521 Dellavedova, 2544 James","201567,202389,203099,203521,2544","Love, Mozgov, Cunningham, Dellavedova, James",0,8,6,7,7,142.0
21500334,20151211,2,8,CLE,ORL,"201567 Love, 202684 Thompson, 202697 Shumpert, 203521 Dellavedova, 2544 James","201567,202684,202697,203521,2544","Love, Thompson, Shumpert, Dellavedova, James",0,11,7,7,7,165.0
21500334,20151211,3,1,CLE,ORL,"201567 Love, 202684 Thompson, 202697 Shumpert, 203521 Dellavedova, 2544 James","201567,202684,202697,203521,2544","Love, Thompson, Shumpert, Dellavedova, James",0,0,0,0,1,18.0
21500334,20151211,3,2,CLE,ORL,"201567 Love, 202389 Mozgov, 203099 Cunningham, 203521 Dellavedova, 2544 James","201567,202389,203099,203521,2544","Love, Mozgov, Cunningham, Dellavedova, James",0,5,4,6,7,172.0
21500334,20151211,3,3,CLE,ORL,"201567 Love, 202389 Mozgov, 202697 Shumpert, 203521 Dellavedova, 2544 James","201567,202389,202697,203521,2544","Love, Mozgov, Shumpert, Dellavedova, James",0,5,0,2,3,45.0
21500334,20151211,3,4,CLE,ORL,"201567 Love, 202389 Mozgov, 202697 Shumpert, 203521 Dellavedova, 2544 James","201567,202389,202697,203521,2544","Love, Mozgov, Shumpert, Dellavedova, James",0,10,0,6,5,182.0
21500334,20151211,3,5,CLE,ORL,"201567 Love, 202389 Mozgov, 202697 Shumpert, 2544 James, 2590 Williams","201567,202389,202697,2544,2590","Love, Mozgov, Shumpert, James, Williams",0,1,3,3,3,119.0
21500334,20151211,3,6,CLE,ORL,"201567 Love, 202684 Thompson, 202697 Shumpert, 2544 James, 2590 Williams","201567,202684,202697,2544,2590","Love, Thompson, Shumpert, James, Williams",0,4,0,2,2,40.0
21500334,20151211,3,7,CLE,ORL,"201567 Love, 202684 Thompson, 202697 Shumpert, 2544 James, 2590 Williams","201567,202684,202697,2544,2590","Love, Thompson, Shumpert, James, Williams",0,0,5,2,5,98.2
21500334,20151211,3,8,CLE,ORL,"201567 Love, 202684 Thompson, 202697 Shumpert, 2544 James, 2590 Williams","201567,202684,202697,2544,2590","Love, Thompson, Shumpert, James, Williams",0,5,0,3,3,39.5
21500334,20151211,3,9,CLE,ORL,"202684 Thompson, 202697 Shumpert, 2210 Jefferson, 2590 Williams, 2592 Jones","202684,202697,2210,2590,2592","Thompson, Shumpert, Jefferson, Williams, Jones",0,0,3,0,1,6.3
21500334,20151211,4,1,CLE,ORL,"202684 Thompson, 202697 Shumpert, 2210 Jefferson, 2590 Williams, 2592 Jones","202684,202697,2210,2590,2592","Thompson, Shumpert, Jefferson, Williams, Jones",0,5,2,4,3,95.0
21500334,20151211,4,2,CLE,ORL,"202697 Shumpert, 2210 Jefferson, 2590 Williams, 2592 Jones, 2760 Varejao","202697,2210,2590,2592,2760","Shumpert, Jefferson, Williams, Jones, Varejao",0,5,3,6,6,119.0
21500334,20151211,4,3,CLE,ORL,"203099 Cunningham, 2210 Jefferson, 2590 Williams, 2592 Jones, 2760 Varejao","203099,2210,2590,2592,2760","Cunningham, Jefferson, Williams, Jones, Varejao",0,2,8,5,5,141.0
21500334,20151211,4,4,CLE,ORL,"201619 Kaun, 203099 Cunningham, 2590 Williams, 2592 Jones, 2760 Varejao","201619,203099,2590,2592,2760","Kaun, Cunningham, Williams, Jones, Varejao",0,15,6,7,6,230.0
21500334,20151211,4,5,CLE,ORL,"201619 Kaun, 203099 Cunningham, 2590 Williams, 2592 Jones, 2760 Varejao","201619,203099,2590,2592,2760","Kaun, Cunningham, Williams, Jones, Varejao",0,0,0,1,0,1.0
21500334,20151211,4,6,CLE,ORL,"201619 Kaun, 203099 Cunningham, 2590 Williams, 2592 Jones, 2760 Varejao","201619,203099,2590,2592,2760","Kaun, Cunningham, Williams, Jones, Varejao",0,1,5,5,6,134.0
21500367,20151215,1,1,CLE,BOS,"201567 Love, 202389 Mozgov, 203521 Dellavedova, 2544 James, 2747 Smith","201567,202389,203521,2544,2747","Love, Mozgov, Dellavedova, James, Smith",0,13,13,13,14,418.0
21500367,20151215,1,2,CLE,BOS,"201567 Love, 202389 Mozgov, 202697 Shumpert, 203521 Dellavedova, 2544 James","201567,202389,202697,203521,2544","Love, Mozgov, Shumpert, Dellavedova, James",0,6,3,6,6,138.0
21500367,20151215,1,3,CLE,BOS,"202389 Mozgov, 202684 Thompson, 202697 Shumpert, 2210 Jefferson, 2590 Williams","202389,202684,202697,2210,2590","Mozgov, Thompson, Shumpert, Jefferson, Williams",0,0,3,3,3,84.0
21500367,20151215,1,4,CLE,BOS,"202684 Thompson, 202697 Shumpert, 2210 Jefferson, 2590 Williams, 2760 Varejao","202684,202697,2210,2590,2760","Thompson, Shumpert, Jefferson, Williams, Varejao",0,4,6,3,3,78.6
21500367,20151215,1,5,CLE,BOS,"202684 Thompson, 202697 Shumpert, 2210 Jefferson, 2590 Williams, 2760 Varejao","202684,202697,2210,2590,2760","Thompson, Shumpert, Jefferson, Williams, Varejao",0,0,0,1,0,1.4
21500367,20151215,2,1,CLE,BOS,"202684 Thompson, 202697 Shumpert, 2210 Jefferson, 2590 Williams, 2760 Varejao","202684,202697,2210,2590,2760","Thompson, Shumpert, Jefferson, Williams, Varejao",0,0,0,1,0,9.0
21500367,20151215,2,2,CLE,BOS,"202684 Thompson, 202697 Shumpert, 2210 Jefferson, 2590 Williams, 2760 Varejao","202684,202697,2210,2590,2760","Thompson, Shumpert, Jefferson, Williams, Varejao",0,5,2,6,6,185.0
21500367,20151215,2,3,CLE,BOS,"202684 Thompson, 2544 James, 2590 Williams, 2747 Smith, 2760 Varejao","202684,2544,2590,2747,2760","Thompson, James, Williams, Smith, Varejao",0,0,2,3,3,68.0
21500367,20151215,2,4,CLE,BOS,"201567 Love, 202684 Thompson, 2544 James, 2590 Williams, 2747 Smith","201567,202684,2544,2590,2747","Love, Thompson, James, Williams, Smith",0,2,2,4,4,102.0
21500367,20151215,2,5,CLE,BOS,"201567 Love, 202389 Mozgov, 203521 Dellavedova, 2544 James, 2747 Smith","201567,202389,203521,2544,2747","Love, Mozgov, Dellavedova, James, Smith",0,2,5,4,4,108.0
21500367,20151215,2,6,CLE,BOS,"201567 Love, 202389 Mozgov, 203521 Dellavedova, 2210 Jefferson, 2747 Smith","201567,202389,203521,2210,2747","Love, Mozgov, Dellavedova, Jefferson, Smith",0,4,4,4,5,137.0
21500367,20151215,2,7,CLE,BOS,"201567 Love, 202389 Mozgov, 203521 Dellavedova, 2210 Jefferson, 2747 Smith","201567,202389,203521,2210,2747","Love, Mozgov, Dellavedova, Jefferson, Smith",0,0,0,0,1,14.0
21500367,20151215,2,8,CLE,BOS,"201567 Love, 202697 Shumpert, 2210 Jefferson, 2544 James, 2747 Smith","201567,202697,2210,2544,2747","Love, Shumpert, Jefferson, James, Smith",0,2,2,2,1,28.0
21500367,20151215,2,9,CLE,BOS,"201567 Love, 202697 Shumpert, 2210 Jefferson, 2544 James, 2747 Smith","201567,202697,2210,2544,2747","Love, Shumpert, Jefferson, James, Smith",0,2,2,2,2,35.8
21500367,20151215,2,10,CLE,BOS,"201567 Love, 202697 Shumpert, 2210 Jefferson, 2544 James, 2590 Williams","201567,202697,2210,2544,2590","Love, Shumpert, Jefferson, James, Williams",0,0,0,1,0,16.6
21500367,20151215,2,11,CLE,BOS,"201567 Love, 202697 Shumpert, 2210 Jefferson, 2544 James, 2590 Williams","201567,202697,2210,2544,2590","Love, Shumpert, Jefferson, James, Williams",0,0,0,1,1,1.0
21500367,20151215,2,12,CLE,BOS,"201567 Love, 202684 Thompson, 202697 Shumpert, 2210 Jefferson, 2544 James","201567,202684,202697,2210,2544","Love, Thompson, Shumpert, Jefferson, James",0,0,2,0,1,15.6
21500367,20151215,3,1,CLE,BOS,"201567 Love, 202684 Thompson, 202697 Shumpert, 2210 Jefferson, 2544 James","201567,202684,202697,2210,2544","Love, Thompson, Shumpert, Jefferson, James",0,5,2,10,9,299.0
21500367,20151215,3,2,CLE,BOS,"201567 Love, 202389 Mozgov, 203521 Dellavedova, 2544 James, 2747 Smith","201567,202389,203521,2544,2747","Love, Mozgov, Dellavedova, James, Smith",0,7,0,4,5,113.0
21500367,20151215,3,3,CLE,BOS,"201567 Love, 202389 Mozgov, 2544 James, 2590 Williams, 2747 Smith","201567,202389,2544,2590,2747","Love, Mozgov, James, Williams, Smith",0,2,2,3,3,82.0
21500367,20151215,3,4,CLE,BOS,"201567 Love, 202389 Mozgov, 2544 James, 2590 Williams, 2747 Smith","201567,202389,2544,2590,2747","Love, Mozgov, James, Williams, Smith",0,3,2,3,2,69.0
21500367,20151215,3,5,CLE,BOS,"201567 Love, 202684 Thompson, 2210 Jefferson, 2590 Williams, 2747 Smith","201567,202684,2210,2590,2747","Love, Thompson, Jefferson, Williams, Smith",0,5,7,5,5,152.1
21500367,20151215,3,6,CLE,BOS,"201567 Love, 202684 Thompson, 2210 Jefferson, 2590 Williams, 2747 Smith","201567,202684,2210,2590,2747","Love, Thompson, Jefferson, Williams, Smith",0,2,0,1,0,4.9
21500367,20151215,4,1,CLE,BOS,"201567 Love, 202684 Thompson, 2210 Jefferson, 2590 Williams, 2747 Smith","201567,202684,2210,2590,2747","Love, Thompson, Jefferson, Williams, Smith",0,0,0,0,1,22.0
21500367,20151215,4,2,CLE,BOS,"202684 Thompson, 202697 Shumpert, 2210 Jefferson, 2544 James, 2590 Williams","202684,202697,2210,2544,2590","Thompson, Shumpert, Jefferson, James, Williams",0,10,5,4,5,138.0
21500367,20151215,4,3,CLE,BOS,"202684 Thompson, 202697 Shumpert, 2210 Jefferson, 2544 James, 2590 Williams","202684,202697,2210,2544,2590","Thompson, Shumpert, Jefferson, James, Williams",0,0,0,1,2,45.0
21500367,20151215,4,4,CLE,BOS,"202684 Thompson, 2210 Jefferson, 2544 James, 2590 Williams, 2747 Smith","202684,2210,2544,2590,2747","Thompson, Jefferson, James, Williams, Smith",0,0,1,2,4,78.0
21500367,20151215,4,5,CLE,BOS,"202684 Thompson, 203521 Dellavedova, 2210 Jefferson, 2544 James, 2747 Smith","202684,203521,2210,2544,2747","Thompson, Dellavedova, Jefferson, James, Smith",0,0,3,1,1,28.0
21500367,20151215,4,6,CLE,BOS,"201567 Love, 202684 Thompson, 203521 Dellavedova, 2544 James, 2747 Smith","201567,202684,203521,2544,2747","Love, Thompson, Dellavedova, James, Smith",0,5,2,4,3,90.0
21500367,20151215,4,7,CLE,BOS,"201567 Love, 202684 Thompson, 203521 Dellavedova, 2544 James, 2747 Smith","201567,202684,203521,2544,2747","Love, Thompson, Dellavedova, James, Smith",0,3,0,3,3,131.0
21500367,20151215,4,8,CLE,BOS,"201567 Love, 202684 Thompson, 203521 Dellavedova, 2544 James, 2747 Smith","201567,202684,203521,2544,2747","Love, Thompson, Dellavedova, James, Smith",0,0,2,1,1,28.0
21500367,20151215,4,9,CLE,BOS,"201567 Love, 203521 Dellavedova, 2210 Jefferson, 2544 James, 2747 Smith","201567,203521,2210,2544,2747","Love, Dellavedova, Jefferson, James, Smith",0,2,0,3,2,74.0
21500367,20151215,4,10,CLE,BOS,"202684 Thompson, 203521 Dellavedova, 2210 Jefferson, 2747 Smith, 2760 Varejao","202684,203521,2210,2747,2760","Thompson, Dellavedova, Jefferson, Smith, Varejao",0,0,3,3,3,86.0
21500384,20151217,1,1,CLE,OKC,"201567 Love, 202389 Mozgov, 203521 Dellavedova, 2544 James, 2747 Smith","201567,202389,203521,2544,2747","Love, Mozgov, Dellavedova, James, Smith",0,13,14,11,11,358.0
21500384,20151217,1,2,CLE,OKC,"201567 Love, 202389 Mozgov, 203521 Dellavedova, 2210 Jefferson, 2747 Smith","201567,202389,203521,2210,2747","Love, Mozgov, Dellavedova, Jefferson, Smith",0,2,4,3,3,77.0
21500384,20151217,1,3,CLE,OKC,"201567 Love, 202389 Mozgov, 203521 Dellavedova, 2210 Jefferson, 2747 Smith","201567,202389,203521,2210,2747","Love, Mozgov, Dellavedova, Jefferson, Smith",0,3,4,3,5,126.0
21500384,20151217,1,4,CLE,OKC,"201567 Love, 202684 Thompson, 203099 Cunningham, 2210 Jefferson, 2544 James","201567,202684,203099,2210,2544","Love, Thompson, Cunningham, Jefferson, James",0,5,4,2,3,95.0
21500384,20151217,1,5,CLE,OKC,"202684 Thompson, 203099 Cunningham, 2210 Jefferson, 2544 James, 2760 Varejao","202684,203099,2210,2544,2760","Thompson, Cunningham, Jefferson, James, Varejao",0,3,2,4,2,64.0
21500384,20151217,2,1,CLE,OKC,"202684 Thompson, 203099 Cunningham, 2210 Jefferson, 2544 James, 2760 Varejao","202684,203099,2210,2544,2760","Thompson, Cunningham, Jefferson, James, Varejao",0,0,0,1,0,20.0
21500384,20151217,2,2,CLE,OKC,"202684 Thompson, 203099 Cunningham, 2210 Jefferson, 2544 James, 2760 Varejao","202684,203099,2210,2544,2760","Thompson, Cunningham, Jefferson, James, Varejao",0,0,4,4,3,79.0
21500384,20151217,2,3,CLE,OKC,"202684 Thompson, 203521 Dellavedova, 2210 Jefferson, 2544 James, 2760 Varejao","202684,203521,2210,2544,2760","Thompson, Dellavedova, Jefferson, James, Varejao",0,0,0,2,2,51.0
21500384,20151217,2,4,CLE,OKC,"201567 Love, 202684 Thompson, 203521 Dellavedova, 2544 James, 2747 Smith","201567,202684,203521,2544,2747","Love, Thompson, Dellavedova, James, Smith",0,0,0,0,1,4.0
21500384,20151217,2,5,CLE,OKC,"201567 Love, 202684 Thompson, 203521 Dellavedova, 2544 James, 2747 Smith","201567,202684,203521,2544,2747","Love, Thompson, Dellavedova, James, Smith",0,0,2,2,2,34.0
21500384,20151217,2,6,CLE,OKC,"201567 Love, 202684 Thompson, 203521 Dellavedova, 2544 James, 2747 Smith","201567,202684,203521,2544,2747","Love, Thompson, Dellavedova, James, Smith",0,2,4,3,3,70.0
21500384,20151217,2,7,CLE,OKC,"202389 Mozgov, 202684 Thompson, 203521 Dellavedova, 2544 James, 2747 Smith","202389,202684,203521,2544,2747","Mozgov, Thompson, Dellavedova, James, Smith",0,0,0,0,1,26.0
21500384,20151217,2,8,CLE,OKC,"202389 Mozgov, 202684 Thompson, 203521 Dellavedova, 2544 James, 2747 Smith","202389,202684,203521,2544,2747","Mozgov, Thompson, Dellavedova, James, Smith",0,10,2,5,5,147.0
21500384,20151217,2,9,CLE,OKC,"202389 Mozgov, 202684 Thompson, 203521 Dellavedova, 2210 Jefferson, 2747 Smith","202389,202684,203521,2210,2747","Mozgov, Thompson, Dellavedova, Jefferson, Smith",0,6,0,5,4,114.0
21500384,20151217,2,10,CLE,OKC,"202389 Mozgov, 202684 Thompson, 203521 Dellavedova, 2544 James, 2747 Smith","202389,202684,203521,2544,2747","Mozgov, Thompson, Dellavedova, James, Smith",0,1,0,1,0,21.0
21500384,20151217,2,11,CLE,OKC,"202389 Mozgov, 202684 Thompson, 203521 Dellavedova, 2544 James, 2747 Smith","202389,202684,203521,2544,2747","Mozgov, Thompson, Dellavedova, James, Smith",0,1,0,1,0,17.0
21500384,20151217,2,12,CLE,OKC,"202389 Mozgov, 202684 Thompson, 2210 Jefferson, 2544 James, 2747 Smith","202389,202684,2210,2544,2747","Mozgov, Thompson, Jefferson, James, Smith",0,0,6,5,4,137.0
21500384,20151217,3,1,CLE,OKC,"202389 Mozgov, 202684 Thompson, 2210 Jefferson, 2544 James, 2747 Smith","202389,202684,2210,2544,2747","Mozgov, Thompson, Jefferson, James, Smith",0,0,0,1,0,16.0
21500384,20151217,3,2,CLE,OKC,"201567 Love, 202389 Mozgov, 203521 Dellavedova, 2544 James, 2747 Smith","201567,202389,203521,2544,2747","Love, Mozgov, Dellavedova, James, Smith",0,8,13,8,7,212.0
21500384,20151217,3,3,CLE,OKC,"201567 Love, 202684 Thompson, 203521 Dellavedova, 2544 James, 2747 Smith","201567,202684,203521,2544,2747","Love, Thompson, Dellavedova, James, Smith",0,2,6,3,3,74.0
21500384,20151217,3,4,CLE,OKC,"201567 Love, 202684 Thompson, 203521 Dellavedova, 2210 Jefferson, 2544 James","201567,202684,203521,2210,2544","Love, Thompson, Dellavedova, Jefferson, James",0,5,5,4,4,135.0
21500384,20151217,3,5,CLE,OKC,"201567 Love, 202684 Thompson, 203521 Dellavedova, 2210 Jefferson, 2544 James","201567,202684,203521,2210,2544","Love, Thompson, Dellavedova, Jefferson, James",0,5,1,3,3,68.0
21500384,20151217,3,6,CLE,OKC,"201567 Love, 202684 Thompson, 203521 Dellavedova, 2210 Jefferson, 2747 Smith","201567,202684,203521,2210,2747","Love, Thompson, Dellavedova, Jefferson, Smith",0,0,0,1,0,11.0
21500384,20151217,3,7,CLE,OKC,"201567 Love, 202684 Thompson, 203521 Dellavedova, 2210 Jefferson, 2747 Smith","201567,202684,203521,2210,2747","Love, Thompson, Dellavedova, Jefferson, Smith",0,2,2,2,2,43.0
21500384,20151217,3,8,CLE,OKC,"201567 Love, 202684 Thompson, 203099 Cunningham, 203521 Dellavedova, 2210 Jefferson","201567,202684,203099,203521,2210","Love, Thompson, Cunningham, Dellavedova, Jefferson",0,2,4,3,2,67.0
21500384,20151217,3,9,CLE,OKC,"201567 Love, 202684 Thompson, 203099 Cunningham, 2210 Jefferson, 2544 James","201567,202684,203099,2210,2544","Love, Thompson, Cunningham, Jefferson, James",0,4,0,4,3,94.0
21500384,20151217,4,1,CLE,OKC,"201567 Love, 202684 Thompson, 203099 Cunningham, 2210 Jefferson, 2544 James","201567,202684,203099,2210,2544","Love, Thompson, Cunningham, Jefferson, James",0,0,0,0,1,17.0
21500384,20151217,4,2,CLE,OKC,"201567 Love, 202684 Thompson, 203099 Cunningham, 2210 Jefferson, 2544 James","201567,202684,203099,2210,2544","Love, Thompson, Cunningham, Jefferson, James",0,7,0,4,2,49.0
21500384,20151217,4,3,CLE,OKC,"202684 Thompson, 203099 Cunningham, 203521 Dellavedova, 2210 Jefferson, 2544 James","202684,203099,203521,2210,2544","Thompson, Cunningham, Dellavedova, Jefferson, James",0,2,0,1,2,41.0
21500384,20151217,4,4,CLE,OKC,"202684 Thompson, 203099 Cunningham, 203521 Dellavedova, 2210 Jefferson, 2544 James","202684,203099,203521,2210,2544","Thompson, Cunningham, Dellavedova, Jefferson, James",0,3,2,2,2,57.0
21500384,20151217,4,5,CLE,OKC,"202684 Thompson, 203099 Cunningham, 203521 Dellavedova, 2210 Jefferson, 2544 James","202684,203099,203521,2210,2544","Thompson, Cunningham, Dellavedova, Jefferson, James",0,8,2,6,4,110.0
21500384,20151217,4,6,CLE,OKC,"202684 Thompson, 203099 Cunningham, 203521 Dellavedova, 2210 Jefferson, 2544 James","202684,203099,203521,2210,2544","Thompson, Cunningham, Dellavedova, Jefferson, James",0,2,3,1,2,47.0
21500384,20151217,4,7,CLE,OKC,"201567 Love, 202684 Thompson, 203099 Cunningham, 203521 Dellavedova, 2210 Jefferson","201567,202684,203099,203521,2210","Love, Thompson, Cunningham, Dellavedova, Jefferson",0,2,3,1,2,65.0
21500384,20151217,4,8,CLE,OKC,"201567 Love, 202684 Thompson, 203099 Cunningham, 203521 Dellavedova, 2210 Jefferson","201567,202684,203099,203521,2210","Love, Thompson, Cunningham, Dellavedova, Jefferson",0,0,1,0,1,14.0
21500384,20151217,4,9,CLE,OKC,"201567 Love, 202684 Thompson, 203521 Dellavedova, 2210 Jefferson, 2544 James","201567,202684,203521,2210,2544","Love, Thompson, Dellavedova, Jefferson, James",0,0,0,1,0,14.0
21500384,20151217,4,10,CLE,OKC,"201567 Love, 202684 Thompson, 203521 Dellavedova, 2210 Jefferson, 2544 James","201567,202684,203521,2210,2544","Love, Thompson, Dellavedova, Jefferson, James",0,6,11,10,12,305.3
21500384,20151217,4,11,CLE,OKC,"201567 Love, 202684 Thompson, 203521 Dellavedova, 2210 Jefferson, 2544 James","201567,202684,203521,2210,2544","Love, Thompson, Dellavedova, Jefferson, James",0,0,0,1,0,0.6
21500384,20151217,4,12,CLE,OKC,"201567 Love, 202684 Thompson, 203521 Dellavedova, 2210 Jefferson, 2544 James","201567,202684,203521,2210,2544","Love, Thompson, Dellavedova, Jefferson, James",0,0,0,1,0,0.1
21500405,20151220,1,1,CLE,PHI,"201567 Love, 202389 Mozgov, 202681 Irving, 203521 Dellavedova, 2544 James","201567,202389,202681,203521,2544","Love, Mozgov, Irving, Dellavedova, James",0,12,13,13,14,369.0
21500405,20151220,1,2,CLE,PHI,"201567 Love, 202389 Mozgov, 202697 Shumpert, 203521 Dellavedova, 2544 James","201567,202389,202697,203521,2544","Love, Mozgov, Shumpert, Dellavedova, James",0,0,0,1,2,21.0
21500405,20151220,1,3,CLE,PHI,"201567 Love, 202389 Mozgov, 202697 Shumpert, 203521 Dellavedova, 2544 James","201567,202389,202697,203521,2544","Love, Mozgov, Shumpert, Dellavedova, James",0,0,2,1,2,33.0
21500405,20151220,1,4,CLE,PHI,"201567 Love, 202684 Thompson, 202697 Shumpert, 203521 Dellavedova, 2544 James","201567,202684,202697,203521,2544","Love, Thompson, Shumpert, Dellavedova, James",0,2,0,3,3,62.0
21500405,20151220,1,5,CLE,PHI,"201567 Love, 202684 Thompson, 202697 Shumpert, 203521 Dellavedova, 2544 James","201567,202684,202697,203521,2544","Love, Thompson, Shumpert, Dellavedova, James",0,0,0,1,0,6.0
21500405,20151220,1,6,CLE,PHI,"202684 Thompson, 202697 Shumpert, 203521 Dellavedova, 2544 James, 2592 Jones","202684,202697,203521,2544,2592","Thompson, Shumpert, Dellavedova, James, Jones",0,6,2,4,3,86.0
21500405,20151220,1,7,CLE,PHI,"202684 Thompson, 202697 Shumpert, 203521 Dellavedova, 2210 Jefferson, 2592 Jones","202684,202697,203521,2210,2592","Thompson, Shumpert, Dellavedova, Jefferson, Jones",0,1,4,4,3,91.9
21500405,20151220,1,8,CLE,PHI,"202697 Shumpert, 203521 Dellavedova, 2210 Jefferson, 2592 Jones, 2760 Varejao","202697,203521,2210,2592,2760","Shumpert, Dellavedova, Jefferson, Jones, Varejao",0,0,4,3,3,51.1
21500405,20151220,2,1,CLE,PHI,"202697 Shumpert, 203521 Dellavedova, 2210 Jefferson, 2592 Jones, 2760 Varejao","202697,203521,2210,2592,2760","Shumpert, Dellavedova, Jefferson, Jones, Varejao",0,0,0,1,0,19.0
21500405,20151220,2,2,CLE,PHI,"201567 Love, 202681 Irving, 202697 Shumpert, 2210 Jefferson, 2760 Varejao","201567,202681,202697,2210,2760","Love, Irving, Shumpert, Jefferson, Varejao",0,3,1,3,2,45.0
21500405,20151220,2,3,CLE,PHI,"201567 Love, 202681 Irving, 202697 Shumpert, 2210 Jefferson, 2760 Varejao","201567,202681,202697,2210,2760","Love, Irving, Shumpert, Jefferson, Varejao",0,0,0,1,1,21.0
21500405,20151220,2,4,CLE,PHI,"202681 Irving, 202684 Thompson, 202697 Shumpert, 2210 Jefferson, 2760 Varejao","202681,202684,202697,2210,2760","Irving, Thompson, Shumpert, Jefferson, Varejao",0,0,0,2,2,50.0
21500405,20151220,2,5,CLE,PHI,"202681 Irving, 202684 Thompson, 2544 James, 2747 Smith, 2760 Varejao","202681,202684,2544,2747,2760","Irving, Thompson, James, Smith, Varejao",0,5,0,6,4,99.0
21500405,20151220,2,6,CLE,PHI,"202389 Mozgov, 202681 Irving, 202684 Thompson, 2544 James, 2747 Smith","202389,202681,202684,2544,2747","Mozgov, Irving, Thompson, James, Smith",0,3,2,3,2,50.0
21500405,20151220,2,7,CLE,PHI,"202389 Mozgov, 202684 Thompson, 203521 Dellavedova, 2544 James, 2747 Smith","202389,202684,203521,2544,2747","Mozgov, Thompson, Dellavedova, James, Smith",0,4,2,4,4,133.0
21500405,20151220,2,8,CLE,PHI,"202389 Mozgov, 202684 Thompson, 203521 Dellavedova, 2544 James, 2747 Smith","202389,202684,203521,2544,2747","Mozgov, Thompson, Dellavedova, James, Smith",0,11,3,5,6,121.0
21500405,20151220,2,9,CLE,PHI,"202389 Mozgov, 202684 Thompson, 203521 Dellavedova, 2544 James, 2747 Smith","202389,202684,203521,2544,2747","Mozgov, Thompson, Dellavedova, James, Smith",0,8,5,7,6,182.0
21500405,20151220,3,1,CLE,PHI,"202389 Mozgov, 202684 Thompson, 203521 Dellavedova, 2544 James, 2747 Smith","202389,202684,203521,2544,2747","Mozgov, Thompson, Dellavedova, James, Smith",0,0,0,1,0,14.0
21500405,20151220,3,2,CLE,PHI,"201567 Love, 202389 Mozgov, 202681 Irving, 2544 James, 2747 Smith","201567,202389,202681,2544,2747","Love, Mozgov, Irving, James, Smith",0,16,6,10,10,218.0
21500405,20151220,3,3,CLE,PHI,"201567 Love, 202389 Mozgov, 203521 Dellavedova, 2544 James, 2747 Smith","201567,202389,203521,2544,2747","Love, Mozgov, Dellavedova, James, Smith",0,4,3,5,5,125.0
21500405,20151220,3,4,CLE,PHI,"201567 Love, 202389 Mozgov, 202697 Shumpert, 203521 Dellavedova, 2210 Jefferson","201567,202389,202697,203521,2210","Love, Mozgov, Shumpert, Dellavedova, Jefferson",0,0,0,1,0,10.0
21500405,20151220,3,5,CLE,PHI,"201567 Love, 202389 Mozgov, 202697 Shumpert, 203521 Dellavedova, 2210 Jefferson","201567,202389,202697,203521,2210","Love, Mozgov, Shumpert, Dellavedova, Jefferson",0,2,10,6,5,163.0
21500405,20151220,3,6,CLE,PHI,"201567 Love, 202684 Thompson, 202697 Shumpert, 203521 Dellavedova, 2210 Jefferson","201567,202684,202697,203521,2210","Love, Thompson, Shumpert, Dellavedova, Jefferson",0,11,3,6,6,149.2
21500405,20151220,3,7,CLE,PHI,"201567 Love, 202684 Thompson, 202697 Shumpert, 203099 Cunningham, 2210 Jefferson","201567,202684,202697,203099,2210","Love, Thompson, Shumpert, Cunningham, Jefferson",0,0,0,1,1,40.8
21500405,20151220,4,1,CLE,PHI,"201567 Love, 202684 Thompson, 202697 Shumpert, 203099 Cunningham, 2210 Jefferson","201567,202684,202697,203099,2210","Love, Thompson, Shumpert, Cunningham, Jefferson",0,0,0,0,1,18.0
21500405,20151220,4,2,CLE,PHI,"202684 Thompson, 202697 Shumpert, 203099 Cunningham, 2210 Jefferson, 2592 Jones","202684,202697,203099,2210,2592","Thompson, Shumpert, Cunningham, Jefferson, Jones",0,4,0,3,4,73.0
21500405,20151220,4,3,CLE,PHI,"202681 Irving, 202684 Thompson, 203099 Cunningham, 2210 Jefferson, 2592 Jones","202681,202684,203099,2210,2592","Irving, Thompson, Cunningham, Jefferson, Jones",0,6,4,4,5,141.0
21500405,20151220,4,4,CLE,PHI,"202681 Irving, 203099 Cunningham, 2210 Jefferson, 2592 Jones, 2760 Varejao","202681,203099,2210,2592,2760","Irving, Cunningham, Jefferson, Jones, Varejao",0,2,3,4,7,132.0
21500405,20151220,4,5,CLE,PHI,"201619 Kaun, 203099 Cunningham, 2210 Jefferson, 2592 Jones, 2760 Varejao","201619,203099,2210,2592,2760","Kaun, Cunningham, Jefferson, Jones, Varejao",0,3,5,4,3,127.0
21500405,20151220,4,6,CLE,PHI,"201619 Kaun, 203099 Cunningham, 2210 Jefferson, 2592 Jones, 2760 Varejao","201619,203099,2210,2592,2760","Kaun, Cunningham, Jefferson, Jones, Varejao",0,1,2,2,1,30.0
21500405,20151220,4,7,CLE,PHI,"201619 Kaun, 203099 Cunningham, 2210 Jefferson, 2592 Jones, 2760 Varejao","201619,203099,2210,2592,2760","Kaun, Cunningham, Jefferson, Jones, Varejao",0,4,12,7,8,199.0
21500424,20151223,1,1,CLE,NYK,"201567 Love, 202389 Mozgov, 202681 Irving, 2544 James, 2747 Smith","201567,202389,202681,2544,2747","Love, Mozgov, Irving, James, Smith",0,12,9,10,10,335.0
21500424,20151223,1,2,CLE,NYK,"201567 Love, 202389 Mozgov, 203521 Dellavedova, 2544 James, 2747 Smith","201567,202389,203521,2544,2747","Love, Mozgov, Dellavedova, James, Smith",0,4,6,5,5,138.0
21500424,20151223,1,3,CLE,NYK,"201567 Love, 202684 Thompson, 202697 Shumpert, 203521 Dellavedova, 2544 James","201567,202684,202697,203521,2544","Love, Thompson, Shumpert, Dellavedova, James",0,6,3,3,2,71.0
21500424,20151223,1,4,CLE,NYK,"201567 Love, 202684 Thompson, 202697 Shumpert, 203521 Dellavedova, 2544 James","201567,202684,202697,203521,2544","Love, Thompson, Shumpert, Dellavedova, James",0,1,0,1,1,15.0
21500424,20151223,1,5,CLE,NYK,"202684 Thompson, 202697 Shumpert, 203521 Dellavedova, 2210 Jefferson, 2590 Williams","202684,202697,203521,2210,2590","Thompson, Shumpert, Dellavedova, Jefferson, Williams",0,8,4,4,5,130.0
21500424,20151223,1,6,CLE,NYK,"202684 Thompson, 202697 Shumpert, 203521 Dellavedova, 2210 Jefferson, 2590 Williams","202684,202697,203521,2210,2590","Thompson, Shumpert, Dellavedova, Jefferson, Williams",0,0,2,1,1,31.0
21500424,20151223,2,1,CLE,NYK,"202684 Thompson, 202697 Shumpert, 203521 Dellavedova, 2210 Jefferson, 2590 Williams","202684,202697,203521,2210,2590","Thompson, Shumpert, Dellavedova, Jefferson, Williams",0,2,0,1,1,41.0
21500424,20151223,2,2,CLE,NYK,"202684 Thompson, 202697 Shumpert, 203521 Dellavedova, 2210 Jefferson, 2590 Williams","202684,202697,203521,2210,2590","Thompson, Shumpert, Dellavedova, Jefferson, Williams",0,0,0,1,1,13.0
21500424,20151223,2,3,CLE,NYK,"202681 Irving, 202684 Thompson, 202697 Shumpert, 2210 Jefferson, 2590 Williams","202681,202684,202697,2210,2590","Irving, Thompson, Shumpert, Jefferson, Williams",0,0,2,1,1,33.0
21500424,20151223,2,4,CLE,NYK,"201567 Love, 202681 Irving, 202684 Thompson, 202697 Shumpert, 2590 Williams","201567,202681,202684,202697,2590","Love, Irving, Thompson, Shumpert, Williams",0,2,2,3,2,85.0
21500424,20151223,2,5,CLE,NYK,"201567 Love, 202681 Irving, 202684 Thompson, 203521 Dellavedova, 2544 James","201567,202681,202684,203521,2544","Love, Irving, Thompson, Dellavedova, James",0,0,2,2,1,63.0
21500424,20151223,2,6,CLE,NYK,"201567 Love, 202681 Irving, 202684 Thompson, 203521 Dellavedova, 2544 James","201567,202681,202684,203521,2544","Love, Irving, Thompson, Dellavedova, James",0,2,0,1,0,16.0
21500424,20151223,2,7,CLE,NYK,"201567 Love, 202681 Irving, 202684 Thompson, 203521 Dellavedova, 2544 James","201567,202681,202684,203521,2544","Love, Irving, Thompson, Dellavedova, James",0,2,5,1,3,28.0
21500424,20151223,2,8,CLE,NYK,"201567 Love, 202684 Thompson, 203521 Dellavedova, 2544 James, 2747 Smith","201567,202684,203521,2544,2747","Love, Thompson, Dellavedova, James, Smith",0,2,2,5,4,108.0
21500424,20151223,2,9,CLE,NYK,"201567 Love, 202684 Thompson, 203521 Dellavedova, 2544 James, 2747 Smith","201567,202684,203521,2544,2747","Love, Thompson, Dellavedova, James, Smith",0,0,0,1,0,18.0
21500424,20151223,2,10,CLE,NYK,"201567 Love, 202684 Thompson, 203521 Dellavedova, 2544 James, 2747 Smith","201567,202684,203521,2544,2747","Love, Thompson, Dellavedova, James, Smith",0,2,2,3,2,27.0
21500424,20151223,2,11,CLE,NYK,"201567 Love, 202697 Shumpert, 203521 Dellavedova, 2544 James, 2747 Smith","201567,202697,203521,2544,2747","Love, Shumpert, Dellavedova, James, Smith",0,4,0,3,2,58.0
21500424,20151223,2,12,CLE,NYK,"201567 Love, 202697 Shumpert, 203521 Dellavedova, 2544 James, 2747 Smith","201567,202697,203521,2544,2747","Love, Shumpert, Dellavedova, James, Smith",0,2,4,5,4,97.0
21500424,20151223,2,13,CLE,NYK,"201567 Love, 202697 Shumpert, 203521 Dellavedova, 2544 James, 2747 Smith","201567,202697,203521,2544,2747","Love, Shumpert, Dellavedova, James, Smith",0,2,0,1,0,6.0
21500424,20151223,2,14,CLE,NYK,"201567 Love, 202697 Shumpert, 203521 Dellavedova, 2544 James, 2747 Smith","201567,202697,203521,2544,2747","Love, Shumpert, Dellavedova, James, Smith",0,2,2,2,2,63.0
21500424,20151223,2,15,CLE,NYK,"201567 Love, 202697 Shumpert, 203521 Dellavedova, 2544 James, 2590 Williams","201567,202697,203521,2544,2590","Love, Shumpert, Dellavedova, James, Williams",0,0,1,1,1,36.2
21500424,20151223,2,16,CLE,NYK,"201567 Love, 202697 Shumpert, 203521 Dellavedova, 2544 James, 2590 Williams","201567,202697,203521,2544,2590","Love, Shumpert, Dellavedova, James, Williams",0,2,3,1,2,27.8
21500424,20151223,3,1,CLE,NYK,"201567 Love, 202697 Shumpert, 203521 Dellavedova, 2544 James, 2590 Williams","201567,202697,203521,2544,2590","Love, Shumpert, Dellavedova, James, Williams",0,0,0,0,1,20.0
21500424,20151223,3,2,CLE,NYK,"201567 Love, 202389 Mozgov, 202681 Irving, 2544 James, 2747 Smith","201567,202389,202681,2544,2747","Love, Mozgov, Irving, James, Smith",0,5,9,8,8,254.0
21500424,20151223,3,3,CLE,NYK,"201567 Love, 202389 Mozgov, 203521 Dellavedova, 2544 James, 2747 Smith","201567,202389,203521,2544,2747","Love, Mozgov, Dellavedova, James, Smith",0,2,2,3,2,74.0
21500424,20151223,3,4,CLE,NYK,"201567 Love, 202684 Thompson, 203521 Dellavedova, 2544 James, 2747 Smith","201567,202684,203521,2544,2747","Love, Thompson, Dellavedova, James, Smith",0,6,7,6,6,209.0
21500424,20151223,3,5,CLE,NYK,"202684 Thompson, 202697 Shumpert, 203521 Dellavedova, 2592 Jones, 2747 Smith","202684,202697,203521,2592,2747","Thompson, Shumpert, Dellavedova, Jones, Smith",0,4,2,4,4,89.0
21500424,20151223,3,6,CLE,NYK,"202684 Thompson, 202697 Shumpert, 203521 Dellavedova, 2590 Williams, 2592 Jones","202684,202697,203521,2590,2592","Thompson, Shumpert, Dellavedova, Williams, Jones",0,0,2,2,2,74.3
21500424,20151223,4,1,CLE,NYK,"202684 Thompson, 202697 Shumpert, 203521 Dellavedova, 2590 Williams, 2592 Jones","202684,202697,203521,2590,2592","Thompson, Shumpert, Dellavedova, Williams, Jones",0,0,0,1,0,25.0
21500424,20151223,4,2,CLE,NYK,"202681 Irving, 202684 Thompson, 202697 Shumpert, 2590 Williams, 2592 Jones","202681,202684,202697,2590,2592","Irving, Thompson, Shumpert, Williams, Jones",0,0,2,2,2,37.0
21500424,20151223,4,3,CLE,NYK,"202681 Irving, 202684 Thompson, 202697 Shumpert, 2590 Williams, 2592 Jones","202681,202684,202697,2590,2592","Irving, Thompson, Shumpert, Williams, Jones",0,0,0,1,2,44.0
21500424,20151223,4,4,CLE,NYK,"202681 Irving, 202684 Thompson, 202697 Shumpert, 2544 James, 2590 Williams","202681,202684,202697,2544,2590","Irving, Thompson, Shumpert, James, Williams",0,3,0,3,3,111.0
21500424,20151223,4,5,CLE,NYK,"202681 Irving, 202684 Thompson, 202697 Shumpert, 2544 James, 2590 Williams","202681,202684,202697,2544,2590","Irving, Thompson, Shumpert, James, Williams",0,2,0,1,1,25.0
21500424,20151223,4,6,CLE,NYK,"202681 Irving, 202684 Thompson, 202697 Shumpert, 2544 James, 2590 Williams","202681,202684,202697,2544,2590","Irving, Thompson, Shumpert, James, Williams",0,0,2,2,3,61.0
21500424,20151223,4,7,CLE,NYK,"202684 Thompson, 202697 Shumpert, 203521 Dellavedova, 2544 James, 2590 Williams","202684,202697,203521,2544,2590","Thompson, Shumpert, Dellavedova, James, Williams",0,2,4,3,4,119.0
21500424,20151223,4,8,CLE,NYK,"201567 Love, 202684 Thompson, 202697 Shumpert, 203521 Dellavedova, 2544 James","201567,202684,202697,203521,2544","Love, Thompson, Shumpert, Dellavedova, James",0,11,4,9,10,288.0
21500424,20151223,4,9,CLE,NYK,"201567 Love, 202684 Thompson, 202697 Shumpert, 203521 Dellavedova, 2544 James","201567,202684,202697,203521,2544","Love, Thompson, Shumpert, Dellavedova, James",0,0,0,1,1,7.5
21500424,20151223,4,10,CLE,NYK,"201567 Love, 202697 Shumpert, 203521 Dellavedova, 2544 James, 2592 Jones","201567,202697,203521,2544,2592","Love, Shumpert, Dellavedova, James, Jones",0,1,0,1,0,2.5
21500438,20151225,1,1,CLE,GSW,"201567 Love, 202389 Mozgov, 202681 Irving, 2544 James, 2747 Smith","201567,202389,202681,2544,2747","Love, Mozgov, Irving, James, Smith",0,12,11,12,11,377.0
21500438,20151225,1,2,CLE,GSW,"201567 Love, 202389 Mozgov, 202681 Irving, 2544 James, 2747 Smith","201567,202389,202681,2544,2747","Love, Mozgov, Irving, James, Smith",0,0,0,1,1,9.0
21500438,20151225,1,3,CLE,GSW,"201567 Love, 202389 Mozgov, 203521 Dellavedova, 2544 James, 2747 Smith","201567,202389,203521,2544,2747","Love, Mozgov, Dellavedova, James, Smith",0,0,5,1,2,39.0
21500438,20151225,1,4,CLE,GSW,"201567 Love, 202684 Thompson, 203521 Dellavedova, 2544 James, 2747 Smith","201567,202684,203521,2544,2747","Love, Thompson, Dellavedova, James, Smith",0,3,0,4,3,53.0
21500438,20151225,1,5,CLE,GSW,"202684 Thompson, 202697 Shumpert, 203521 Dellavedova, 2544 James, 2747 Smith","202684,202697,203521,2544,2747","Thompson, Shumpert, Dellavedova, James, Smith",0,0,2,1,3,48.0
21500438,20151225,1,6,CLE,GSW,"202684 Thompson, 202697 Shumpert, 203521 Dellavedova, 2544 James, 2747 Smith","202684,202697,203521,2544,2747","Thompson, Shumpert, Dellavedova, James, Smith",0,0,1,0,1,9.0
21500438,20151225,1,7,CLE,GSW,"202684 Thompson, 202697 Shumpert, 203521 Dellavedova, 2544 James, 2747 Smith","202684,202697,203521,2544,2747","Thompson, Shumpert, Dellavedova, James, Smith",0,2,7,4,5,91.0
21500438,20151225,1,8,CLE,GSW,"202684 Thompson, 202697 Shumpert, 203521 Dellavedova, 2590 Williams, 2592 Jones","202684,202697,203521,2590,2592","Thompson, Shumpert, Dellavedova, Williams, Jones",0,2,2,3,5,83.1
21500438,20151225,1,9,CLE,GSW,"202684 Thompson, 202697 Shumpert, 203521 Dellavedova, 2544 James, 2592 Jones","202684,202697,203521,2544,2592","Thompson, Shumpert, Dellavedova, James, Jones",0,0,0,0,1,10.9
21500438,20151225,2,1,CLE,GSW,"202684 Thompson, 202697 Shumpert, 203521 Dellavedova, 2544 James, 2592 Jones","202684,202697,203521,2544,2592","Thompson, Shumpert, Dellavedova, James, Jones",0,0,0,0,1,15.0
21500438,20151225,2,2,CLE,GSW,"201567 Love, 202684 Thompson, 202697 Shumpert, 203521 Dellavedova, 2590 Williams","201567,202684,202697,203521,2590","Love, Thompson, Shumpert, Dellavedova, Williams",0,7,3,5,5,126.0
21500438,20151225,2,3,CLE,GSW,"201567 Love, 202681 Irving, 202684 Thompson, 202697 Shumpert, 2544 James","201567,202681,202684,202697,2544","Love, Irving, Thompson, Shumpert, James",0,5,0,6,4,71.0
21500438,20151225,2,4,CLE,GSW,"201567 Love, 202681 Irving, 202684 Thompson, 202697 Shumpert, 2544 James","201567,202681,202684,202697,2544","Love, Irving, Thompson, Shumpert, James",0,0,2,2,3,52.0
21500438,20151225,2,5,CLE,GSW,"201567 Love, 202681 Irving, 202684 Thompson, 202697 Shumpert, 2544 James","201567,202681,202684,202697,2544","Love, Irving, Thompson, Shumpert, James",0,2,0,1,3,49.0
21500438,20151225,2,6,CLE,GSW,"201567 Love, 202681 Irving, 202684 Thompson, 2544 James, 2747 Smith","201567,202681,202684,2544,2747","Love, Irving, Thompson, James, Smith",0,3,4,3,3,79.0
21500438,20151225,2,7,CLE,GSW,"201567 Love, 202681 Irving, 202684 Thompson, 2544 James, 2747 Smith","201567,202681,202684,2544,2747","Love, Irving, Thompson, James, Smith",0,1,0,1,1,23.0
21500438,20151225,2,8,CLE,GSW,"201567 Love, 202681 Irving, 202684 Thompson, 203521 Dellavedova, 2544 James","201567,202681,202684,203521,2544","Love, Irving, Thompson, Dellavedova, James",0,2,0,2,2,75.0
21500438,20151225,2,9,CLE,GSW,"201567 Love, 202684 Thompson, 202697 Shumpert, 203521 Dellavedova, 2544 James","201567,202684,202697,203521,2544","Love, Thompson, Shumpert, Dellavedova, James",0,1,0,3,3,85.0
21500438,20151225,2,10,CLE,GSW,"201567 Love, 202389 Mozgov, 202697 Shumpert, 203521 Dellavedova, 2544 James","201567,202389,202697,203521,2544","Love, Mozgov, Shumpert, Dellavedova, James",0,0,6,3,3,89.9
21500438,20151225,2,11,CLE,GSW,"201567 Love, 202389 Mozgov, 203521 Dellavedova, 2544 James, 2590 Williams","201567,202389,203521,2544,2590","Love, Mozgov, Dellavedova, James, Williams",0,2,2,3,3,55.1
21500438,20151225,3,1,CLE,GSW,"201567 Love, 202389 Mozgov, 203521 Dellavedova, 2544 James, 2590 Williams","201567,202389,203521,2544,2590","Love, Mozgov, Dellavedova, James, Williams",0,0,0,0,1,12.0
21500438,20151225,3,2,CLE,GSW,"201567 Love, 202389 Mozgov, 202681 Irving, 2544 James, 2747 Smith","201567,202389,202681,2544,2747","Love, Mozgov, Irving, James, Smith",0,7,12,7,9,281.0
21500438,20151225,3,3,CLE,GSW,"201567 Love, 202681 Irving, 202684 Thompson, 2544 James, 2747 Smith","201567,202681,202684,2544,2747","Love, Irving, Thompson, James, Smith",0,5,0,5,4,96.0
21500438,20151225,3,4,CLE,GSW,"201567 Love, 202684 Thompson, 202697 Shumpert, 203521 Dellavedova, 2747 Smith","201567,202684,202697,203521,2747","Love, Thompson, Shumpert, Dellavedova, Smith",0,2,4,6,6,164.0
21500438,20151225,3,5,CLE,GSW,"202684 Thompson, 202697 Shumpert, 203521 Dellavedova, 2544 James, 2747 Smith","202684,202697,203521,2544,2747","Thompson, Shumpert, Dellavedova, James, Smith",0,3,3,4,5,167.0
21500438,20151225,4,1,CLE,GSW,"202684 Thompson, 202697 Shumpert, 203521 Dellavedova, 2544 James, 2747 Smith","202684,202697,203521,2544,2747","Thompson, Shumpert, Dellavedova, James, Smith",0,0,0,1,0,22.0
21500438,20151225,4,2,CLE,GSW,"202684 Thompson, 202697 Shumpert, 203521 Dellavedova, 2544 James, 2747 Smith","202684,202697,203521,2544,2747","Thompson, Shumpert, Dellavedova, James, Smith",0,4,4,4,4,92.0
21500438,20151225,4,3,CLE,GSW,"201567 Love, 202681 Irving, 202684 Thompson, 202697 Shumpert, 203521 Dellavedova","201567,202681,202684,202697,203521","Love, Irving, Thompson, Shumpert, Dellavedova",0,0,0,3,3,57.0
21500438,20151225,4,4,CLE,GSW,"201567 Love, 202681 Irving, 202684 Thompson, 202697 Shumpert, 203521 Dellavedova","201567,202681,202684,202697,203521","Love, Irving, Thompson, Shumpert, Dellavedova",0,4,3,3,4,122.0
21500438,20151225,4,5,CLE,GSW,"201567 Love, 202681 Irving, 202697 Shumpert, 203521 Dellavedova, 2544 James","201567,202681,202697,203521,2544","Love, Irving, Shumpert, Dellavedova, James",0,0,0,0,2,27.0
21500438,20151225,4,6,CLE,GSW,"201567 Love, 202681 Irving, 202697 Shumpert, 203521 Dellavedova, 2544 James","201567,202681,202697,203521,2544","Love, Irving, Shumpert, Dellavedova, James",0,8,10,9,9,244.0
21500438,20151225,4,7,CLE,GSW,"201567 Love, 202697 Shumpert, 203521 Dellavedova, 2544 James, 2747 Smith","201567,202697,203521,2544,2747","Love, Shumpert, Dellavedova, James, Smith",0,6,4,5,4,135.7
21500438,20151225,4,8,CLE,GSW,"201567 Love, 202697 Shumpert, 203521 Dellavedova, 2544 James, 2747 Smith","201567,202697,203521,2544,2747","Love, Shumpert, Dellavedova, James, Smith",0,0,0,1,1,1.2
21500438,20151225,4,9,CLE,GSW,"201567 Love, 202684 Thompson, 203521 Dellavedova, 2544 James, 2747 Smith","201567,202684,203521,2544,2747","Love, Thompson, Dellavedova, James, Smith",0,2,4,3,4,19.1
21500453,20151226,1,1,CLE,POR,"201567 Love, 202389 Mozgov, 203521 Dellavedova, 2544 James, 2747 Smith","201567,202389,203521,2544,2747","Love, Mozgov, Dellavedova, James, Smith",0,6,16,12,13,364.0
21500453,20151226,1,2,CLE,POR,"201567 Love, 202684 Thompson, 203521 Dellavedova, 2544 James, 2747 Smith","201567,202684,203521,2544,2747","Love, Thompson, Dellavedova, James, Smith",0,2,5,3,5,86.0
21500453,20151226,1,3,CLE,POR,"201567 Love, 202684 Thompson, 2544 James, 2590 Williams, 2747 Smith","201567,202684,2544,2590,2747","Love, Thompson, James, Williams, Smith",0,2,6,4,4,108.0
21500453,20151226,1,4,CLE,POR,"202684 Thompson, 202697 Shumpert, 2210 Jefferson, 2590 Williams, 2760 Varejao","202684,202697,2210,2590,2760","Thompson, Shumpert, Jefferson, Williams, Varejao",0,2,5,4,3,83.0
21500453,20151226,1,5,CLE,POR,"202684 Thompson, 202697 Shumpert, 2210 Jefferson, 2590 Williams, 2760 Varejao","202684,202697,2210,2590,2760","Thompson, Shumpert, Jefferson, Williams, Varejao",0,0,2,3,3,79.0
21500453,20151226,2,1,CLE,POR,"202684 Thompson, 202697 Shumpert, 2210 Jefferson, 2590 Williams, 2760 Varejao","202684,202697,2210,2590,2760","Thompson, Shumpert, Jefferson, Williams, Varejao",0,0,0,1,0,14.0
21500453,20151226,2,2,CLE,POR,"202684 Thompson, 202697 Shumpert, 2210 Jefferson, 2590 Williams, 2760 Varejao","202684,202697,2210,2590,2760","Thompson, Shumpert, Jefferson, Williams, Varejao",0,4,4,5,5,132.0
21500453,20151226,2,3,CLE,POR,"202684 Thompson, 202697 Shumpert, 2210 Jefferson, 2544 James, 2590 Williams","202684,202697,2210,2544,2590","Thompson, Shumpert, Jefferson, James, Williams",0,0,2,1,2,50.0
21500453,20151226,2,4,CLE,POR,"202684 Thompson, 202697 Shumpert, 203521 Dellavedova, 2210 Jefferson, 2544 James","202684,202697,203521,2210,2544","Thompson, Shumpert, Dellavedova, Jefferson, James",0,8,0,4,5,119.0
21500453,20151226,2,5,CLE,POR,"202684 Thompson, 202697 Shumpert, 203521 Dellavedova, 2210 Jefferson, 2544 James","202684,202697,203521,2210,2544","Thompson, Shumpert, Dellavedova, Jefferson, James",0,0,7,3,4,84.0
21500453,20151226,2,6,CLE,POR,"202684 Thompson, 202697 Shumpert, 203521 Dellavedova, 2544 James, 2747 Smith","202684,202697,203521,2544,2747","Thompson, Shumpert, Dellavedova, James, Smith",0,0,4,2,2,46.0
21500453,20151226,2,7,CLE,POR,"201567 Love, 202684 Thompson, 203521 Dellavedova, 2544 James, 2747 Smith","201567,202684,203521,2544,2747","Love, Thompson, Dellavedova, James, Smith",0,6,4,3,2,96.0
21500453,20151226,2,8,CLE,POR,"201567 Love, 202684 Thompson, 203521 Dellavedova, 2544 James, 2747 Smith","201567,202684,203521,2544,2747","Love, Thompson, Dellavedova, James, Smith",0,0,3,2,1,51.0
21500453,20151226,2,9,CLE,POR,"201567 Love, 202389 Mozgov, 203521 Dellavedova, 2544 James, 2747 Smith","201567,202389,203521,2544,2747","Love, Mozgov, Dellavedova, James, Smith",0,4,5,5,4,128.0
21500453,20151226,3,1,CLE,POR,"201567 Love, 202389 Mozgov, 203521 Dellavedova, 2544 James, 2747 Smith","201567,202389,203521,2544,2747","Love, Mozgov, Dellavedova, James, Smith",0,0,0,1,0,13.0
21500453,20151226,3,2,CLE,POR,"201567 Love, 202389 Mozgov, 203521 Dellavedova, 2544 James, 2747 Smith","201567,202389,203521,2544,2747","Love, Mozgov, Dellavedova, James, Smith",0,12,14,12,12,341.0
21500453,20151226,3,3,CLE,POR,"202684 Thompson, 203521 Dellavedova, 2544 James, 2592 Jones, 2747 Smith","202684,203521,2544,2592,2747","Thompson, Dellavedova, James, Jones, Smith",0,0,0,1,1,20.0
21500453,20151226,3,4,CLE,POR,"202684 Thompson, 202697 Shumpert, 203521 Dellavedova, 2544 James, 2592 Jones","202684,202697,203521,2544,2592","Thompson, Shumpert, Dellavedova, James, Jones",0,0,3,2,3,81.0
21500453,20151226,3,5,CLE,POR,"202684 Thompson, 202697 Shumpert, 203521 Dellavedova, 2210 Jefferson, 2592 Jones","202684,202697,203521,2210,2592","Thompson, Shumpert, Dellavedova, Jefferson, Jones",0,5,0,2,2,52.0
21500453,20151226,3,6,CLE,POR,"202684 Thompson, 202697 Shumpert, 203521 Dellavedova, 2210 Jefferson, 2592 Jones","202684,202697,203521,2210,2592","Thompson, Shumpert, Dellavedova, Jefferson, Jones",0,0,1,0,1,17.0
21500453,20151226,3,7,CLE,POR,"202684 Thompson, 202697 Shumpert, 203521 Dellavedova, 2210 Jefferson, 2592 Jones","202684,202697,203521,2210,2592","Thompson, Shumpert, Dellavedova, Jefferson, Jones",0,3,0,2,2,37.0
21500453,20151226,3,8,CLE,POR,"202684 Thompson, 202697 Shumpert, 2210 Jefferson, 2590 Williams, 2592 Jones","202684,202697,2210,2590,2592","Thompson, Shumpert, Jefferson, Williams, Jones",0,3,7,4,5,109.1
21500453,20151226,3,9,CLE,POR,"202684 Thompson, 202697 Shumpert, 2210 Jefferson, 2590 Williams, 2592 Jones","202684,202697,2210,2590,2592","Thompson, Shumpert, Jefferson, Williams, Jones",0,2,2,2,1,49.9
21500453,20151226,4,1,CLE,POR,"202684 Thompson, 202697 Shumpert, 2210 Jefferson, 2590 Williams, 2592 Jones","202684,202697,2210,2590,2592","Thompson, Shumpert, Jefferson, Williams, Jones",0,0,0,0,1,26.0
21500453,20151226,4,2,CLE,POR,"202697 Shumpert, 203099 Cunningham, 2210 Jefferson, 2592 Jones, 2760 Varejao","202697,203099,2210,2592,2760","Shumpert, Cunningham, Jefferson, Jones, Varejao",0,4,2,5,3,77.0
21500453,20151226,4,3,CLE,POR,"202697 Shumpert, 203099 Cunningham, 2210 Jefferson, 2592 Jones, 2760 Varejao","202697,203099,2210,2592,2760","Shumpert, Cunningham, Jefferson, Jones, Varejao",0,0,0,1,1,17.0
21500453,20151226,4,4,CLE,POR,"202697 Shumpert, 203099 Cunningham, 2210 Jefferson, 2592 Jones, 2760 Varejao","202697,203099,2210,2592,2760","Shumpert, Cunningham, Jefferson, Jones, Varejao",0,5,5,5,6,213.0
21500453,20151226,4,5,CLE,POR,"202697 Shumpert, 203099 Cunningham, 2210 Jefferson, 2592 Jones, 2760 Varejao","202697,203099,2210,2592,2760","Shumpert, Cunningham, Jefferson, Jones, Varejao",0,1,0,2,1,29.0
21500453,20151226,4,6,CLE,POR,"201619 Kaun, 202697 Shumpert, 203099 Cunningham, 2210 Jefferson, 2592 Jones","201619,202697,203099,2210,2592","Kaun, Shumpert, Cunningham, Jefferson, Jones",0,0,4,4,4,109.0
21500453,20151226,4,7,CLE,POR,"201619 Kaun, 202697 Shumpert, 203099 Cunningham, 2210 Jefferson, 2592 Jones","201619,202697,203099,2210,2592","Kaun, Shumpert, Cunningham, Jefferson, Jones",0,0,2,3,4,73.0
21500453,20151226,4,8,CLE,POR,"201619 Kaun, 203099 Cunningham, 2210 Jefferson, 2592 Jones, 2760 Varejao","201619,203099,2210,2592,2760","Kaun, Cunningham, Jefferson, Jones, Varejao",0,7,2,6,7,176.0
21500466,20151228,1,1,CLE,PHX,"201567 Love, 202681 Irving, 202684 Thompson, 2544 James, 2747 Smith","201567,202681,202684,2544,2747","Love, Irving, Thompson, James, Smith",0,20,21,15,14,465.0
21500466,20151228,1,2,CLE,PHX,"201567 Love, 202389 Mozgov, 203521 Dellavedova, 2544 James, 2747 Smith","201567,202389,203521,2544,2747","Love, Mozgov, Dellavedova, James, Smith",0,6,0,4,2,61.0
21500466,20151228,1,3,CLE,PHX,"201567 Love, 202389 Mozgov, 203521 Dellavedova, 2544 James, 2747 Smith","201567,202389,203521,2544,2747","Love, Mozgov, Dellavedova, James, Smith",0,0,2,1,1,29.0
21500466,20151228,1,4,CLE,PHX,"202389 Mozgov, 202697 Shumpert, 203521 Dellavedova, 2210 Jefferson, 2747 Smith","202389,202697,203521,2210,2747","Mozgov, Shumpert, Dellavedova, Jefferson, Smith",0,5,2,3,3,58.0
21500466,20151228,1,5,CLE,PHX,"202389 Mozgov, 202697 Shumpert, 203521 Dellavedova, 2210 Jefferson, 2592 Jones","202389,202697,203521,2210,2592","Mozgov, Shumpert, Dellavedova, Jefferson, Jones",0,3,5,3,5,107.1
21500466,20151228,2,1,CLE,PHX,"202389 Mozgov, 202697 Shumpert, 203521 Dellavedova, 2210 Jefferson, 2592 Jones","202389,202697,203521,2210,2592","Mozgov, Shumpert, Dellavedova, Jefferson, Jones",0,0,0,1,0,12.0
21500466,20151228,2,2,CLE,PHX,"202389 Mozgov, 202697 Shumpert, 203521 Dellavedova, 2210 Jefferson, 2592 Jones","202389,202697,203521,2210,2592","Mozgov, Shumpert, Dellavedova, Jefferson, Jones",0,2,7,5,4,119.0
21500466,20151228,2,3,CLE,PHX,"202389 Mozgov, 202697 Shumpert, 203521 Dellavedova, 2210 Jefferson, 2544 James","202389,202697,203521,2210,2544","Mozgov, Shumpert, Dellavedova, Jefferson, James",0,0,2,2,1,32.0
21500466,20151228,2,4,CLE,PHX,"202684 Thompson, 202697 Shumpert, 203521 Dellavedova, 2210 Jefferson, 2544 James","202684,202697,203521,2210,2544","Thompson, Shumpert, Dellavedova, Jefferson, James",0,4,3,3,2,90.0
21500466,20151228,2,5,CLE,PHX,"202681 Irving, 202684 Thompson, 202697 Shumpert, 2210 Jefferson, 2544 James","202681,202684,202697,2210,2544","Irving, Thompson, Shumpert, Jefferson, James",0,2,0,2,2,26.0
21500466,20151228,2,6,CLE,PHX,"201567 Love, 202681 Irving, 202684 Thompson, 2544 James, 2747 Smith","201567,202681,202684,2544,2747","Love, Irving, Thompson, James, Smith",0,6,6,4,4,118.0
21500466,20151228,2,7,CLE,PHX,"201567 Love, 202681 Irving, 202684 Thompson, 2544 James, 2747 Smith","201567,202681,202684,2544,2747","Love, Irving, Thompson, James, Smith",0,7,1,5,5,167.0
21500466,20151228,2,8,CLE,PHX,"201567 Love, 202684 Thompson, 203521 Dellavedova, 2544 James, 2747 Smith","201567,202684,203521,2544,2747","Love, Thompson, Dellavedova, James, Smith",0,5,5,4,6,156.0
21500466,20151228,3,1,CLE,PHX,"201567 Love, 202684 Thompson, 203521 Dellavedova, 2544 James, 2747 Smith","201567,202684,203521,2544,2747","Love, Thompson, Dellavedova, James, Smith",0,0,0,1,0,17.0
21500466,20151228,3,2,CLE,PHX,"201567 Love, 202681 Irving, 202684 Thompson, 2544 James, 2747 Smith","201567,202681,202684,2544,2747","Love, Irving, Thompson, James, Smith",0,11,13,10,8,239.0
21500466,20151228,3,3,CLE,PHX,"201567 Love, 202681 Irving, 202684 Thompson, 2544 James, 2747 Smith","201567,202681,202684,2544,2747","Love, Irving, Thompson, James, Smith",0,0,0,1,1,12.0
21500466,20151228,3,4,CLE,PHX,"201567 Love, 202681 Irving, 202684 Thompson, 2544 James, 2747 Smith","201567,202681,202684,2544,2747","Love, Irving, Thompson, James, Smith",0,0,2,0,1,21.0
21500466,20151228,3,5,CLE,PHX,"201567 Love, 202684 Thompson, 203521 Dellavedova, 2544 James, 2747 Smith","201567,202684,203521,2544,2747","Love, Thompson, Dellavedova, James, Smith",0,3,0,1,1,6.0
21500466,20151228,3,6,CLE,PHX,"201567 Love, 202684 Thompson, 203521 Dellavedova, 2544 James, 2747 Smith","201567,202684,203521,2544,2747","Love, Thompson, Dellavedova, James, Smith",0,0,1,4,4,58.0
21500466,20151228,3,7,CLE,PHX,"201567 Love, 202684 Thompson, 203521 Dellavedova, 2544 James, 2747 Smith","201567,202684,203521,2544,2747","Love, Thompson, Dellavedova, James, Smith",0,0,0,1,1,14.0
21500466,20151228,3,8,CLE,PHX,"201567 Love, 202684 Thompson, 203521 Dellavedova, 2544 James, 2747 Smith","201567,202684,203521,2544,2747","Love, Thompson, Dellavedova, James, Smith",0,0,1,0,1,22.0
21500466,20151228,3,9,CLE,PHX,"202389 Mozgov, 203521 Dellavedova, 2544 James, 2592 Jones, 2747 Smith","202389,203521,2544,2592,2747","Mozgov, Dellavedova, James, Jones, Smith",0,3,2,6,5,171.0
21500466,20151228,3,10,CLE,PHX,"202389 Mozgov, 202681 Irving, 2210 Jefferson, 2592 Jones, 2747 Smith","202389,202681,2210,2592,2747","Mozgov, Irving, Jefferson, Jones, Smith",0,2,0,2,2,33.0
21500466,20151228,3,11,CLE,PHX,"202389 Mozgov, 202681 Irving, 202697 Shumpert, 2210 Jefferson, 2592 Jones","202389,202681,202697,2210,2592","Mozgov, Irving, Shumpert, Jefferson, Jones",0,2,0,4,4,127.0
21500466,20151228,4,1,CLE,PHX,"202389 Mozgov, 202681 Irving, 202697 Shumpert, 2210 Jefferson, 2592 Jones","202389,202681,202697,2210,2592","Mozgov, Irving, Shumpert, Jefferson, Jones",0,0,0,0,1,17.0
21500466,20151228,4,2,CLE,PHX,"202389 Mozgov, 202681 Irving, 202697 Shumpert, 2210 Jefferson, 2592 Jones","202389,202681,202697,2210,2592","Mozgov, Irving, Shumpert, Jefferson, Jones",0,0,0,1,2,57.0
21500466,20151228,4,3,CLE,PHX,"202389 Mozgov, 202697 Shumpert, 203521 Dellavedova, 2210 Jefferson, 2592 Jones","202389,202697,203521,2210,2592","Mozgov, Shumpert, Dellavedova, Jefferson, Jones",0,2,5,4,5,111.0
21500466,20151228,4,4,CLE,PHX,"201567 Love, 202684 Thompson, 202697 Shumpert, 203521 Dellavedova, 2210 Jefferson","201567,202684,202697,203521,2210","Love, Thompson, Shumpert, Dellavedova, Jefferson",0,3,0,1,2,60.0
21500466,20151228,4,5,CLE,PHX,"201567 Love, 202684 Thompson, 202697 Shumpert, 203521 Dellavedova, 2210 Jefferson","201567,202684,202697,203521,2210","Love, Thompson, Shumpert, Dellavedova, Jefferson",0,3,2,2,3,56.0
21500466,20151228,4,6,CLE,PHX,"202684 Thompson, 202697 Shumpert, 203521 Dellavedova, 2210 Jefferson, 2544 James","202684,202697,203521,2210,2544","Thompson, Shumpert, Dellavedova, Jefferson, James",0,2,4,3,4,115.0
21500466,20151228,4,7,CLE,PHX,"202684 Thompson, 202697 Shumpert, 203521 Dellavedova, 2210 Jefferson, 2544 James","202684,202697,203521,2210,2544","Thompson, Shumpert, Dellavedova, Jefferson, James",0,3,7,4,3,122.0
21500466,20151228,4,8,CLE,PHX,"202681 Irving, 202684 Thompson, 202697 Shumpert, 2544 James, 2747 Smith","202681,202684,202697,2544,2747","Irving, Thompson, Shumpert, James, Smith",0,0,0,1,0,14.0
21500466,20151228,4,9,CLE,PHX,"202681 Irving, 202684 Thompson, 202697 Shumpert, 2544 James, 2747 Smith","202681,202684,202697,2544,2747","Irving, Thompson, Shumpert, James, Smith",0,2,4,4,4,121.4
21500466,20151228,4,10,CLE,PHX,"201567 Love, 202681 Irving, 202697 Shumpert, 2544 James, 2747 Smith","201567,202681,202697,2544,2747","Love, Irving, Shumpert, James, Smith",0,3,0,1,1,25.6
21500466,20151228,4,11,CLE,PHX,"202684 Thompson, 202697 Shumpert, 203521 Dellavedova, 2544 James, 2747 Smith","202684,202697,203521,2544,2747","Thompson, Shumpert, Dellavedova, James, Smith",0,0,0,1,1,9.9
21500466,20151228,4,12,CLE,PHX,"201567 Love, 202681 Irving, 203521 Dellavedova, 2544 James, 2747 Smith","201567,202681,203521,2544,2747","Love, Irving, Dellavedova, James, Smith",0,2,0,1,1,2.8
21500466,20151228,4,13,CLE,PHX,"202681 Irving, 202684 Thompson, 202697 Shumpert, 203521 Dellavedova, 2544 James","202681,202684,202697,203521,2544","Irving, Thompson, Shumpert, Dellavedova, James",0,0,2,0,1,8.3
21500473,20151229,1,1,CLE,DEN,"201567 Love, 202684 Thompson, 203521 Dellavedova, 2544 James, 2747 Smith","201567,202684,203521,2544,2747","Love, Thompson, Dellavedova, James, Smith",0,14,8,12,12,391.0
21500473,20151229,1,2,CLE,DEN,"201567 Love, 202684 Thompson, 2210 Jefferson, 2590 Williams, 2747 Smith","201567,202684,2210,2590,2747","Love, Thompson, Jefferson, Williams, Smith",0,6,6,6,6,164.0
21500473,20151229,1,3,CLE,DEN,"202389 Mozgov, 202697 Shumpert, 203099 Cunningham, 2210 Jefferson, 2590 Williams","202389,202697,203099,2210,2590","Mozgov, Shumpert, Cunningham, Jefferson, Williams",0,6,4,4,4,111.6
21500473,20151229,1,4,CLE,DEN,"202389 Mozgov, 202697 Shumpert, 2210 Jefferson, 2544 James, 2590 Williams","202389,202697,2210,2544,2590","Mozgov, Shumpert, Jefferson, James, Williams",0,0,3,2,4,53.4
21500473,20151229,2,1,CLE,DEN,"202389 Mozgov, 202697 Shumpert, 2210 Jefferson, 2544 James, 2590 Williams","202389,202697,2210,2544,2590","Mozgov, Shumpert, Jefferson, James, Williams",0,0,0,1,0,15.0
21500473,20151229,2,2,CLE,DEN,"202389 Mozgov, 202697 Shumpert, 2210 Jefferson, 2544 James, 2590 Williams","202389,202697,2210,2544,2590","Mozgov, Shumpert, Jefferson, James, Williams",0,2,4,4,4,110.0
21500473,20151229,2,3,CLE,DEN,"202389 Mozgov, 202697 Shumpert, 203521 Dellavedova, 2210 Jefferson, 2544 James","202389,202697,203521,2210,2544","Mozgov, Shumpert, Dellavedova, Jefferson, James",0,0,0,2,2,46.0
21500473,20151229,2,4,CLE,DEN,"201567 Love, 202389 Mozgov, 202697 Shumpert, 203521 Dellavedova, 2544 James","201567,202389,202697,203521,2544","Love, Mozgov, Shumpert, Dellavedova, James",0,2,2,3,2,77.0
21500473,20151229,2,5,CLE,DEN,"201567 Love, 202684 Thompson, 202697 Shumpert, 203521 Dellavedova, 2544 James","201567,202684,202697,203521,2544","Love, Thompson, Shumpert, Dellavedova, James",0,11,3,6,6,168.0
21500473,20151229,2,6,CLE,DEN,"201567 Love, 202684 Thompson, 202697 Shumpert, 203521 Dellavedova, 2544 James","201567,202684,202697,203521,2544","Love, Thompson, Shumpert, Dellavedova, James",0,0,2,1,1,19.0
21500473,20151229,2,7,CLE,DEN,"201567 Love, 202684 Thompson, 202697 Shumpert, 203521 Dellavedova, 2747 Smith","201567,202684,202697,203521,2747","Love, Thompson, Shumpert, Dellavedova, Smith",0,4,2,3,2,61.0
21500473,20151229,2,8,CLE,DEN,"201567 Love, 202684 Thompson, 202697 Shumpert, 203521 Dellavedova, 2747 Smith","201567,202684,202697,203521,2747","Love, Thompson, Shumpert, Dellavedova, Smith",0,4,2,4,4,109.0
21500473,20151229,2,9,CLE,DEN,"201567 Love, 202684 Thompson, 202697 Shumpert, 2590 Williams, 2747 Smith","201567,202684,202697,2590,2747","Love, Thompson, Shumpert, Williams, Smith",0,4,6,4,4,115.0
21500473,20151229,3,1,CLE,DEN,"201567 Love, 202684 Thompson, 202697 Shumpert, 2590 Williams, 2747 Smith","201567,202684,202697,2590,2747","Love, Thompson, Shumpert, Williams, Smith",0,0,0,1,0,22.0
21500473,20151229,3,2,CLE,DEN,"201567 Love, 202684 Thompson, 203521 Dellavedova, 2544 James, 2747 Smith","201567,202684,203521,2544,2747","Love, Thompson, Dellavedova, James, Smith",0,8,4,11,10,262.0
21500473,20151229,3,3,CLE,DEN,"201567 Love, 202684 Thompson, 2544 James, 2590 Williams, 2747 Smith","201567,202684,2544,2590,2747","Love, Thompson, James, Williams, Smith",0,4,7,6,7,148.0
21500473,20151229,3,4,CLE,DEN,"202389 Mozgov, 202684 Thompson, 2544 James, 2590 Williams, 2747 Smith","202389,202684,2544,2590,2747","Mozgov, Thompson, James, Williams, Smith",0,0,0,1,2,29.0
21500473,20151229,3,5,CLE,DEN,"202389 Mozgov, 202684 Thompson, 202697 Shumpert, 2544 James, 2590 Williams","202389,202684,202697,2544,2590","Mozgov, Thompson, Shumpert, James, Williams",0,3,4,3,4,123.0
21500473,20151229,3,6,CLE,DEN,"202389 Mozgov, 202697 Shumpert, 2210 Jefferson, 2590 Williams, 2747 Smith","202389,202697,2210,2590,2747","Mozgov, Shumpert, Jefferson, Williams, Smith",0,4,5,4,5,136.0
21500473,20151229,4,1,CLE,DEN,"202389 Mozgov, 202697 Shumpert, 2210 Jefferson, 2590 Williams, 2747 Smith","202389,202697,2210,2590,2747","Mozgov, Shumpert, Jefferson, Williams, Smith",0,0,0,0,1,9.0
21500473,20151229,4,2,CLE,DEN,"201567 Love, 202389 Mozgov, 202697 Shumpert, 2210 Jefferson, 2590 Williams","201567,202389,202697,2210,2590","Love, Mozgov, Shumpert, Jefferson, Williams",0,1,1,4,5,111.0
21500473,20151229,4,3,CLE,DEN,"201567 Love, 202389 Mozgov, 202697 Shumpert, 203521 Dellavedova, 2544 James","201567,202389,202697,203521,2544","Love, Mozgov, Shumpert, Dellavedova, James",0,4,2,4,5,94.0
21500473,20151229,4,4,CLE,DEN,"201567 Love, 202684 Thompson, 202697 Shumpert, 203521 Dellavedova, 2544 James","201567,202684,202697,203521,2544","Love, Thompson, Shumpert, Dellavedova, James",0,7,8,9,8,217.0
21500473,20151229,4,5,CLE,DEN,"201567 Love, 202684 Thompson, 202697 Shumpert, 203521 Dellavedova, 2544 James","201567,202684,202697,203521,2544","Love, Thompson, Shumpert, Dellavedova, James",0,2,0,2,1,58.0
21500473,20151229,4,6,CLE,DEN,"201567 Love, 202684 Thompson, 202697 Shumpert, 203521 Dellavedova, 2544 James","201567,202684,202697,203521,2544","Love, Thompson, Shumpert, Dellavedova, James",0,1,5,4,4,88.0
21500473,20151229,4,7,CLE,DEN,"201567 Love, 202697 Shumpert, 203521 Dellavedova, 2544 James, 2747 Smith","201567,202697,203521,2544,2747","Love, Shumpert, Dellavedova, James, Smith",0,2,0,2,2,27.0
21500473,20151229,4,8,CLE,DEN,"201567 Love, 202684 Thompson, 202697 Shumpert, 203521 Dellavedova, 2544 James","201567,202684,202697,203521,2544","Love, Thompson, Shumpert, Dellavedova, James",0,0,2,1,2,29.0
21500473,20151229,4,9,CLE,DEN,"201567 Love, 202697 Shumpert, 203521 Dellavedova, 2544 James, 2592 Jones","201567,202697,203521,2544,2592","Love, Shumpert, Dellavedova, James, Jones",0,2,0,1,1,11.0
21500473,20151229,4,10,CLE,DEN,"201567 Love, 202697 Shumpert, 203521 Dellavedova, 2544 James, 2592 Jones","201567,202697,203521,2544,2592","Love, Shumpert, Dellavedova, James, Jones",0,0,0,0,1,1.0
21500473,20151229,4,11,CLE,DEN,"202684 Thompson, 202697 Shumpert, 203521 Dellavedova, 2544 James, 2747 Smith","202684,202697,203521,2544,2747","Thompson, Shumpert, Dellavedova, James, Smith",0,2,7,3,4,75.0
21500499,20160102,1,1,CLE,ORL,"201567 Love, 202681 Irving, 202684 Thompson, 2544 James, 2747 Smith","201567,202681,202684,2544,2747","Love, Irving, Thompson, James, Smith",0,10,2,7,8,259.0
21500499,20160102,1,2,CLE,ORL,"201567 Love, 202681 Irving, 202684 Thompson, 2544 James, 2747 Smith","201567,202681,202684,2544,2747","Love, Irving, Thompson, James, Smith",0,9,2,6,5,107.0
21500499,20160102,1,3,CLE,ORL,"201567 Love, 202681 Irving, 202684 Thompson, 2544 James, 2747 Smith","201567,202681,202684,2544,2747","Love, Irving, Thompson, James, Smith",0,0,0,1,2,42.0
21500499,20160102,1,4,CLE,ORL,"201567 Love, 202684 Thompson, 203521 Dellavedova, 2544 James, 2747 Smith","201567,202684,203521,2544,2747","Love, Thompson, Dellavedova, James, Smith",0,2,3,1,1,22.0
21500499,20160102,1,5,CLE,ORL,"201567 Love, 202684 Thompson, 202697 Shumpert, 203521 Dellavedova, 2544 James","201567,202684,202697,203521,2544","Love, Thompson, Shumpert, Dellavedova, James",0,2,0,3,3,84.0
21500499,20160102,1,6,CLE,ORL,"201567 Love, 202684 Thompson, 202697 Shumpert, 203521 Dellavedova, 2210 Jefferson","201567,202684,202697,203521,2210","Love, Thompson, Shumpert, Dellavedova, Jefferson",0,6,4,6,4,159.2
21500499,20160102,1,7,CLE,ORL,"202389 Mozgov, 202684 Thompson, 202697 Shumpert, 203521 Dellavedova, 2210 Jefferson","202389,202684,202697,203521,2210","Mozgov, Thompson, Shumpert, Dellavedova, Jefferson",0,0,2,3,3,39.1
21500499,20160102,1,8,CLE,ORL,"202389 Mozgov, 202697 Shumpert, 203521 Dellavedova, 2210 Jefferson, 2592 Jones","202389,202697,203521,2210,2592","Mozgov, Shumpert, Dellavedova, Jefferson, Jones",0,0,0,1,0,7.7
21500499,20160102,2,1,CLE,ORL,"202389 Mozgov, 202697 Shumpert, 203521 Dellavedova, 2210 Jefferson, 2592 Jones","202389,202697,203521,2210,2592","Mozgov, Shumpert, Dellavedova, Jefferson, Jones",0,2,2,6,6,201.0
21500499,20160102,2,2,CLE,ORL,"202389 Mozgov, 202697 Shumpert, 203521 Dellavedova, 2544 James, 2592 Jones","202389,202697,203521,2544,2592","Mozgov, Shumpert, Dellavedova, James, Jones",0,4,0,3,3,84.0
21500499,20160102,2,3,CLE,ORL,"202389 Mozgov, 202681 Irving, 202697 Shumpert, 2544 James, 2592 Jones","202389,202681,202697,2544,2592","Mozgov, Irving, Shumpert, James, Jones",0,0,0,1,1,18.0
21500499,20160102,2,4,CLE,ORL,"202389 Mozgov, 202681 Irving, 202697 Shumpert, 2544 James, 2592 Jones","202389,202681,202697,2544,2592","Mozgov, Irving, Shumpert, James, Jones",0,2,0,1,0,2.0
21500499,20160102,2,5,CLE,ORL,"202389 Mozgov, 202681 Irving, 202697 Shumpert, 2544 James, 2592 Jones","202389,202681,202697,2544,2592","Mozgov, Irving, Shumpert, James, Jones",0,4,0,2,2,36.0
21500499,20160102,2,6,CLE,ORL,"202389 Mozgov, 202681 Irving, 2544 James, 2592 Jones, 2747 Smith","202389,202681,2544,2592,2747","Mozgov, Irving, James, Jones, Smith",0,3,2,2,2,36.0
21500499,20160102,2,7,CLE,ORL,"201567 Love, 202389 Mozgov, 202681 Irving, 2544 James, 2747 Smith","201567,202389,202681,2544,2747","Love, Mozgov, Irving, James, Smith",0,2,2,2,2,44.0
21500499,20160102,2,8,CLE,ORL,"201567 Love, 202681 Irving, 202684 Thompson, 2544 James, 2747 Smith","201567,202681,202684,2544,2747","Love, Irving, Thompson, James, Smith",0,9,13,10,11,299.0
21500499,20160102,3,1,CLE,ORL,"201567 Love, 202681 Irving, 202684 Thompson, 2544 James, 2747 Smith","201567,202681,202684,2544,2747","Love, Irving, Thompson, James, Smith",0,9,13,9,11,373.0
21500499,20160102,3,2,CLE,ORL,"201567 Love, 202681 Irving, 202684 Thompson, 2544 James, 2747 Smith","201567,202681,202684,2544,2747","Love, Irving, Thompson, James, Smith",0,1,0,1,0,15.0
21500499,20160102,3,3,CLE,ORL,"201567 Love, 202681 Irving, 202684 Thompson, 202697 Shumpert, 2544 James","201567,202681,202684,202697,2544","Love, Irving, Thompson, Shumpert, James",0,3,2,3,2,55.0
21500499,20160102,3,4,CLE,ORL,"201567 Love, 202684 Thompson, 202697 Shumpert, 203521 Dellavedova, 2544 James","201567,202684,202697,203521,2544","Love, Thompson, Shumpert, Dellavedova, James",0,8,2,5,5,146.0
21500499,20160102,3,5,CLE,ORL,"201567 Love, 202684 Thompson, 202697 Shumpert, 203521 Dellavedova, 2544 James","201567,202684,202697,203521,2544","Love, Thompson, Shumpert, Dellavedova, James",0,5,4,4,4,131.0
21500499,20160102,4,1,CLE,ORL,"202389 Mozgov, 202697 Shumpert, 203521 Dellavedova, 2210 Jefferson, 2592 Jones","202389,202697,203521,2210,2592","Mozgov, Shumpert, Dellavedova, Jefferson, Jones",0,0,0,1,0,17.0
21500499,20160102,4,2,CLE,ORL,"202389 Mozgov, 202697 Shumpert, 203521 Dellavedova, 2210 Jefferson, 2592 Jones","202389,202697,203521,2210,2592","Mozgov, Shumpert, Dellavedova, Jefferson, Jones",0,8,9,8,7,235.0
21500499,20160102,4,3,CLE,ORL,"202389 Mozgov, 202697 Shumpert, 2210 Jefferson, 2590 Williams, 2592 Jones","202389,202697,2210,2590,2592","Mozgov, Shumpert, Jefferson, Williams, Jones",0,3,2,3,2,57.0
21500499,20160102,4,4,CLE,ORL,"203099 Cunningham, 2210 Jefferson, 2590 Williams, 2592 Jones, 2760 Varejao","203099,2210,2590,2592,2760","Cunningham, Jefferson, Williams, Jones, Varejao",0,12,15,14,16,411.0
21500511,20160104,1,1,CLE,TOR,"201567 Love, 202681 Irving, 202684 Thompson, 2544 James, 2747 Smith","201567,202681,202684,2544,2747","Love, Irving, Thompson, James, Smith",0,23,11,13,14,439.0
21500511,20160104,1,2,CLE,TOR,"201567 Love, 202684 Thompson, 203521 Dellavedova, 2544 James, 2747 Smith","201567,202684,203521,2544,2747","Love, Thompson, Dellavedova, James, Smith",0,3,10,4,4,122.0
21500511,20160104,1,3,CLE,TOR,"202684 Thompson, 203521 Dellavedova, 2544 James, 2592 Jones, 2747 Smith","202684,203521,2544,2592,2747","Thompson, Dellavedova, James, Jones, Smith",0,2,3,2,2,30.0
21500511,20160104,1,4,CLE,TOR,"202684 Thompson, 202697 Shumpert, 203521 Dellavedova, 2210 Jefferson, 2592 Jones","202684,202697,203521,2210,2592","Thompson, Shumpert, Dellavedova, Jefferson, Jones",0,5,2,2,1,53.0
21500511,20160104,1,5,CLE,TOR,"202389 Mozgov, 202697 Shumpert, 203521 Dellavedova, 2210 Jefferson, 2592 Jones","202389,202697,203521,2210,2592","Mozgov, Shumpert, Dellavedova, Jefferson, Jones",0,0,3,2,3,66.7
21500511,20160104,1,6,CLE,TOR,"202389 Mozgov, 202681 Irving, 202697 Shumpert, 2210 Jefferson, 2592 Jones","202389,202681,202697,2210,2592","Mozgov, Irving, Shumpert, Jefferson, Jones",0,0,0,1,0,9.3
21500511,20160104,2,1,CLE,TOR,"202389 Mozgov, 202681 Irving, 202697 Shumpert, 2210 Jefferson, 2592 Jones","202389,202681,202697,2210,2592","Mozgov, Irving, Shumpert, Jefferson, Jones",0,0,0,1,0,21.0
21500511,20160104,2,2,CLE,TOR,"202389 Mozgov, 202681 Irving, 202697 Shumpert, 2210 Jefferson, 2592 Jones","202389,202681,202697,2210,2592","Mozgov, Irving, Shumpert, Jefferson, Jones",0,7,6,6,4,169.0
21500511,20160104,2,3,CLE,TOR,"201567 Love, 202389 Mozgov, 202697 Shumpert, 203521 Dellavedova, 2544 James","201567,202389,202697,203521,2544","Love, Mozgov, Shumpert, Dellavedova, James",0,0,1,2,2,38.0
21500511,20160104,2,4,CLE,TOR,"201567 Love, 202389 Mozgov, 202697 Shumpert, 203521 Dellavedova, 2544 James","201567,202389,202697,203521,2544","Love, Mozgov, Shumpert, Dellavedova, James",0,0,2,2,2,55.0
21500511,20160104,2,5,CLE,TOR,"201567 Love, 202684 Thompson, 202697 Shumpert, 203521 Dellavedova, 2544 James","201567,202684,202697,203521,2544","Love, Thompson, Shumpert, Dellavedova, James",0,7,4,4,4,99.0
21500511,20160104,2,6,CLE,TOR,"201567 Love, 202684 Thompson, 203521 Dellavedova, 2544 James, 2747 Smith","201567,202684,203521,2544,2747","Love, Thompson, Dellavedova, James, Smith",0,5,7,3,4,116.0
21500511,20160104,2,7,CLE,TOR,"201567 Love, 202681 Irving, 202684 Thompson, 2544 James, 2747 Smith","201567,202681,202684,2544,2747","Love, Irving, Thompson, James, Smith",0,2,3,2,4,80.0
21500511,20160104,2,8,CLE,TOR,"201567 Love, 202681 Irving, 202684 Thompson, 202697 Shumpert, 2544 James","201567,202681,202684,202697,2544","Love, Irving, Thompson, Shumpert, James",0,4,4,4,5,142.0
21500511,20160104,3,1,CLE,TOR,"201567 Love, 202681 Irving, 202684 Thompson, 202697 Shumpert, 2544 James","201567,202681,202684,202697,2544","Love, Irving, Thompson, Shumpert, James",0,0,0,1,0,12.0
21500511,20160104,3,2,CLE,TOR,"201567 Love, 202681 Irving, 202684 Thompson, 2544 James, 2747 Smith","201567,202681,202684,2544,2747","Love, Irving, Thompson, James, Smith",0,11,8,8,9,270.0
21500511,20160104,3,3,CLE,TOR,"202681 Irving, 202684 Thompson, 202697 Shumpert, 2544 James, 2747 Smith","202681,202684,202697,2544,2747","Irving, Thompson, Shumpert, James, Smith",0,3,5,3,3,73.0
21500511,20160104,3,4,CLE,TOR,"202681 Irving, 202684 Thompson, 202697 Shumpert, 2544 James, 2747 Smith","202681,202684,202697,2544,2747","Irving, Thompson, Shumpert, James, Smith",0,2,0,2,1,30.0
21500511,20160104,3,5,CLE,TOR,"202684 Thompson, 202697 Shumpert, 203521 Dellavedova, 2544 James, 2747 Smith","202684,202697,203521,2544,2747","Thompson, Shumpert, Dellavedova, James, Smith",0,0,0,1,0,10.0
21500511,20160104,3,6,CLE,TOR,"202684 Thompson, 202697 Shumpert, 203521 Dellavedova, 2544 James, 2747 Smith","202684,202697,203521,2544,2747","Thompson, Shumpert, Dellavedova, James, Smith",0,5,2,4,3,102.0
21500511,20160104,3,7,CLE,TOR,"202684 Thompson, 202697 Shumpert, 203521 Dellavedova, 2544 James, 2747 Smith","202684,202697,203521,2544,2747","Thompson, Shumpert, Dellavedova, James, Smith",0,11,7,8,7,223.0
21500511,20160104,4,1,CLE,TOR,"202684 Thompson, 202697 Shumpert, 203521 Dellavedova, 2544 James, 2747 Smith","202684,202697,203521,2544,2747","Thompson, Shumpert, Dellavedova, James, Smith",0,0,0,0,1,18.0
21500511,20160104,4,2,CLE,TOR,"201567 Love, 202681 Irving, 202684 Thompson, 202697 Shumpert, 203521 Dellavedova","201567,202681,202684,202697,203521","Love, Irving, Thompson, Shumpert, Dellavedova",0,2,7,3,4,67.0
21500511,20160104,4,3,CLE,TOR,"201567 Love, 202389 Mozgov, 202681 Irving, 202697 Shumpert, 203521 Dellavedova","201567,202389,202681,202697,203521","Love, Mozgov, Irving, Shumpert, Dellavedova",0,7,2,4,4,109.0
21500511,20160104,4,4,CLE,TOR,"201567 Love, 202389 Mozgov, 202681 Irving, 202697 Shumpert, 203521 Dellavedova","201567,202389,202681,202697,203521","Love, Mozgov, Irving, Shumpert, Dellavedova",0,7,0,3,4,136.0
21500511,20160104,4,5,CLE,TOR,"201567 Love, 202389 Mozgov, 202681 Irving, 202697 Shumpert, 203521 Dellavedova","201567,202389,202681,202697,203521","Love, Mozgov, Irving, Shumpert, Dellavedova",0,0,0,0,1,1.0
21500511,20160104,4,6,CLE,TOR,"201567 Love, 202389 Mozgov, 202681 Irving, 202697 Shumpert, 2747 Smith","201567,202389,202681,202697,2747","Love, Mozgov, Irving, Shumpert, Smith",0,2,0,2,2,67.0
21500511,20160104,4,7,CLE,TOR,"201567 Love, 202389 Mozgov, 202681 Irving, 202697 Shumpert, 2747 Smith","201567,202389,202681,202697,2747","Love, Mozgov, Irving, Shumpert, Smith",0,5,6,4,5,81.0
21500511,20160104,4,8,CLE,TOR,"201567 Love, 202389 Mozgov, 202697 Shumpert, 203521 Dellavedova, 2747 Smith","201567,202389,202697,203521,2747","Love, Mozgov, Shumpert, Dellavedova, Smith",0,1,3,3,3,65.0
21500511,20160104,4,9,CLE,TOR,"201567 Love, 202389 Mozgov, 202697 Shumpert, 203521 Dellavedova, 2747 Smith","201567,202389,202697,203521,2747","Love, Mozgov, Shumpert, Dellavedova, Smith",0,8,4,6,5,176.0
21500527,20160106,1,1,CLE,WAS,"201567 Love, 202681 Irving, 202684 Thompson, 2544 James, 2747 Smith","201567,202681,202684,2544,2747","Love, Irving, Thompson, James, Smith",0,8,11,7,7,232.0
21500527,20160106,1,2,CLE,WAS,"201567 Love, 202681 Irving, 202684 Thompson, 2544 James, 2747 Smith","201567,202681,202684,2544,2747","Love, Irving, Thompson, James, Smith",0,5,5,6,6,159.0
21500527,20160106,1,3,CLE,WAS,"201567 Love, 202684 Thompson, 203521 Dellavedova, 2544 James, 2747 Smith","201567,202684,203521,2544,2747","Love, Thompson, Dellavedova, James, Smith",0,0,2,4,5,105.0
21500527,20160106,1,4,CLE,WAS,"201567 Love, 202684 Thompson, 203521 Dellavedova, 2544 James, 2747 Smith","201567,202684,203521,2544,2747","Love, Thompson, Dellavedova, James, Smith",0,0,0,0,1,20.0
21500527,20160106,1,5,CLE,WAS,"201567 Love, 202684 Thompson, 202697 Shumpert, 203521 Dellavedova, 2747 Smith","201567,202684,202697,203521,2747","Love, Thompson, Shumpert, Dellavedova, Smith",0,4,0,2,2,46.0
21500527,20160106,1,6,CLE,WAS,"201567 Love, 202684 Thompson, 202697 Shumpert, 203521 Dellavedova, 2747 Smith","201567,202684,202697,203521,2747","Love, Thompson, Shumpert, Dellavedova, Smith",0,0,0,2,4,55.0
21500527,20160106,1,7,CLE,WAS,"201567 Love, 202389 Mozgov, 202697 Shumpert, 203521 Dellavedova, 2210 Jefferson","201567,202389,202697,203521,2210","Love, Mozgov, Shumpert, Dellavedova, Jefferson",0,0,1,1,2,33.0
21500527,20160106,1,8,CLE,WAS,"201567 Love, 202389 Mozgov, 202681 Irving, 202697 Shumpert, 2210 Jefferson","201567,202389,202681,202697,2210","Love, Mozgov, Irving, Shumpert, Jefferson",0,2,2,1,2,24.3
21500527,20160106,1,9,CLE,WAS,"202389 Mozgov, 202681 Irving, 202697 Shumpert, 203521 Dellavedova, 2210 Jefferson","202389,202681,202697,203521,2210","Mozgov, Irving, Shumpert, Dellavedova, Jefferson",0,5,3,3,2,34.5
21500527,20160106,1,10,CLE,WAS,"202389 Mozgov, 202681 Irving, 202697 Shumpert, 203521 Dellavedova, 2210 Jefferson","202389,202681,202697,203521,2210","Mozgov, Irving, Shumpert, Dellavedova, Jefferson",0,0,2,0,1,11.2
21500527,20160106,2,1,CLE,WAS,"202389 Mozgov, 202681 Irving, 202697 Shumpert, 203521 Dellavedova, 2210 Jefferson","202389,202681,202697,203521,2210","Mozgov, Irving, Shumpert, Dellavedova, Jefferson",0,0,0,1,0,22.0
21500527,20160106,2,2,CLE,WAS,"202389 Mozgov, 202681 Irving, 202697 Shumpert, 203521 Dellavedova, 2210 Jefferson","202389,202681,202697,203521,2210","Mozgov, Irving, Shumpert, Dellavedova, Jefferson",0,4,6,6,6,146.0
21500527,20160106,2,3,CLE,WAS,"202681 Irving, 202684 Thompson, 202697 Shumpert, 203521 Dellavedova, 2544 James","202681,202684,202697,203521,2544","Irving, Thompson, Shumpert, Dellavedova, James",0,0,3,1,1,30.0
21500527,20160106,2,4,CLE,WAS,"202681 Irving, 202684 Thompson, 202697 Shumpert, 203521 Dellavedova, 2544 James","202681,202684,202697,203521,2544","Irving, Thompson, Shumpert, Dellavedova, James",0,2,0,3,2,44.0
21500527,20160106,2,5,CLE,WAS,"202684 Thompson, 202697 Shumpert, 203521 Dellavedova, 2544 James, 2747 Smith","202684,202697,203521,2544,2747","Thompson, Shumpert, Dellavedova, James, Smith",0,5,2,3,2,58.0
21500527,20160106,2,6,CLE,WAS,"202684 Thompson, 202697 Shumpert, 203521 Dellavedova, 2544 James, 2747 Smith","202684,202697,203521,2544,2747","Thompson, Shumpert, Dellavedova, James, Smith",0,6,0,3,3,77.0
21500527,20160106,2,7,CLE,WAS,"202684 Thompson, 202697 Shumpert, 203521 Dellavedova, 2544 James, 2747 Smith","202684,202697,203521,2544,2747","Thompson, Shumpert, Dellavedova, James, Smith",0,0,2,0,1,9.0
21500527,20160106,2,8,CLE,WAS,"201567 Love, 202697 Shumpert, 203521 Dellavedova, 2544 James, 2747 Smith","201567,202697,203521,2544,2747","Love, Shumpert, Dellavedova, James, Smith",0,5,4,4,5,115.0
21500527,20160106,2,9,CLE,WAS,"201567 Love, 202681 Irving, 202697 Shumpert, 2544 James, 2747 Smith","201567,202681,202697,2544,2747","Love, Irving, Shumpert, James, Smith",0,4,0,2,1,24.0
21500527,20160106,2,10,CLE,WAS,"201567 Love, 202681 Irving, 202697 Shumpert, 2544 James, 2747 Smith","201567,202681,202697,2544,2747","Love, Irving, Shumpert, James, Smith",0,0,3,1,1,40.0
21500527,20160106,2,11,CLE,WAS,"201567 Love, 202681 Irving, 202697 Shumpert, 2544 James, 2747 Smith","201567,202681,202697,2544,2747","Love, Irving, Shumpert, James, Smith",0,2,2,1,1,30.0
21500527,20160106,2,12,CLE,WAS,"201567 Love, 202681 Irving, 202697 Shumpert, 203521 Dellavedova, 2544 James","201567,202681,202697,203521,2544","Love, Irving, Shumpert, Dellavedova, James",0,7,2,3,3,77.4
21500527,20160106,2,13,CLE,WAS,"201567 Love, 202681 Irving, 202697 Shumpert, 203521 Dellavedova, 2544 James","201567,202681,202697,203521,2544","Love, Irving, Shumpert, Dellavedova, James",0,3,0,2,1,31.0
21500527,20160106,2,14,CLE,WAS,"201567 Love, 202681 Irving, 202697 Shumpert, 203521 Dellavedova, 2544 James","201567,202681,202697,203521,2544","Love, Irving, Shumpert, Dellavedova, James",0,0,0,1,1,16.6
21500527,20160106,3,1,CLE,WAS,"201567 Love, 202681 Irving, 202697 Shumpert, 203521 Dellavedova, 2544 James","201567,202681,202697,203521,2544","Love, Irving, Shumpert, Dellavedova, James",0,0,0,1,0,19.0
21500527,20160106,3,2,CLE,WAS,"201567 Love, 202681 Irving, 202684 Thompson, 2544 James, 2747 Smith","201567,202681,202684,2544,2747","Love, Irving, Thompson, James, Smith",0,23,20,14,14,372.0
21500527,20160106,3,3,CLE,WAS,"201567 Love, 202684 Thompson, 203521 Dellavedova, 2544 James, 2747 Smith","201567,202684,203521,2544,2747","Love, Thompson, Dellavedova, James, Smith",0,5,16,5,7,204.0
21500527,20160106,3,4,CLE,WAS,"201567 Love, 202697 Shumpert, 203521 Dellavedova, 2544 James, 2747 Smith","201567,202697,203521,2544,2747","Love, Shumpert, Dellavedova, James, Smith",0,2,3,3,2,89.4
21500527,20160106,3,5,CLE,WAS,"201567 Love, 202697 Shumpert, 203521 Dellavedova, 2544 James, 2747 Smith","201567,202697,203521,2544,2747","Love, Shumpert, Dellavedova, James, Smith",0,3,0,2,1,35.6
21500527,20160106,4,1,CLE,WAS,"201567 Love, 202697 Shumpert, 203521 Dellavedova, 2544 James, 2747 Smith","201567,202697,203521,2544,2747","Love, Shumpert, Dellavedova, James, Smith",0,0,0,0,1,15.0
21500527,20160106,4,2,CLE,WAS,"202681 Irving, 202684 Thompson, 202697 Shumpert, 2544 James, 2747 Smith","202681,202684,202697,2544,2747","Irving, Thompson, Shumpert, James, Smith",0,7,6,7,7,182.0
21500527,20160106,4,3,CLE,WAS,"202681 Irving, 202684 Thompson, 202697 Shumpert, 2544 James, 2747 Smith","202681,202684,202697,2544,2747","Irving, Thompson, Shumpert, James, Smith",0,1,0,1,0,1.0
21500527,20160106,4,4,CLE,WAS,"202681 Irving, 202684 Thompson, 202697 Shumpert, 2544 James, 2747 Smith","202681,202684,202697,2544,2747","Irving, Thompson, Shumpert, James, Smith",0,2,0,4,3,87.0
21500527,20160106,4,5,CLE,WAS,"202681 Irving, 202684 Thompson, 202697 Shumpert, 203521 Dellavedova, 2747 Smith","202681,202684,202697,203521,2747","Irving, Thompson, Shumpert, Dellavedova, Smith",0,1,2,1,1,31.0
21500527,20160106,4,6,CLE,WAS,"202681 Irving, 202684 Thompson, 202697 Shumpert, 203521 Dellavedova, 2747 Smith","202681,202684,202697,203521,2747","Irving, Thompson, Shumpert, Dellavedova, Smith",0,4,0,2,2,75.0
21500527,20160106,4,7,CLE,WAS,"202681 Irving, 202684 Thompson, 202697 Shumpert, 203521 Dellavedova, 2544 James","202681,202684,202697,203521,2544","Irving, Thompson, Shumpert, Dellavedova, James",0,9,10,7,10,260.0
21500527,20160106,4,8,CLE,WAS,"202681 Irving, 202684 Thompson, 202697 Shumpert, 203521 Dellavedova, 2544 James","202681,202684,202697,203521,2544","Irving, Thompson, Shumpert, Dellavedova, James",0,2,8,2,4,69.0
21500543,20160108,1,1,CLE,MIN,"201567 Love, 202681 Irving, 203521 Dellavedova, 2544 James, 2747 Smith","201567,202681,203521,2544,2747","Love, Irving, Dellavedova, James, Smith",0,6,13,8,8,235.0
21500543,20160108,1,2,CLE,MIN,"201567 Love, 202681 Irving, 203521 Dellavedova, 2544 James, 2747 Smith","201567,202681,203521,2544,2747","Love, Irving, Dellavedova, James, Smith",0,23,11,15,12,372.0
21500543,20160108,1,3,CLE,MIN,"201567 Love, 202389 Mozgov, 202697 Shumpert, 203521 Dellavedova, 2544 James","201567,202389,202697,203521,2544","Love, Mozgov, Shumpert, Dellavedova, James",0,2,3,1,2,46.0
21500543,20160108,1,4,CLE,MIN,"202389 Mozgov, 202684 Thompson, 202697 Shumpert, 203521 Dellavedova, 2544 James","202389,202684,202697,203521,2544","Mozgov, Thompson, Shumpert, Dellavedova, James",0,4,0,2,3,67.0
21500543,20160108,2,1,CLE,MIN,"202389 Mozgov, 202684 Thompson, 202697 Shumpert, 203521 Dellavedova, 2544 James","202389,202684,202697,203521,2544","Mozgov, Thompson, Shumpert, Dellavedova, James",0,0,0,1,0,14.0
21500543,20160108,2,2,CLE,MIN,"202389 Mozgov, 202681 Irving, 202684 Thompson, 202697 Shumpert, 2210 Jefferson","202389,202681,202684,202697,2210","Mozgov, Irving, Thompson, Shumpert, Jefferson",0,2,2,5,5,113.0
21500543,20160108,2,3,CLE,MIN,"202389 Mozgov, 202681 Irving, 202684 Thompson, 202697 Shumpert, 2210 Jefferson","202389,202681,202684,202697,2210","Mozgov, Irving, Thompson, Shumpert, Jefferson",0,4,5,3,4,109.0
21500543,20160108,2,4,CLE,MIN,"201567 Love, 202389 Mozgov, 202681 Irving, 202697 Shumpert, 2210 Jefferson","201567,202389,202681,202697,2210","Love, Mozgov, Irving, Shumpert, Jefferson",0,2,1,1,1,27.0
21500543,20160108,2,5,CLE,MIN,"201567 Love, 202389 Mozgov, 202681 Irving, 202697 Shumpert, 2544 James","201567,202389,202681,202697,2544","Love, Mozgov, Irving, Shumpert, James",0,2,2,5,5,99.0
21500543,20160108,2,6,CLE,MIN,"201567 Love, 202389 Mozgov, 203521 Dellavedova, 2544 James, 2747 Smith","201567,202389,203521,2544,2747","Love, Mozgov, Dellavedova, James, Smith",0,4,2,2,2,45.0
21500543,20160108,2,7,CLE,MIN,"201567 Love, 202389 Mozgov, 203521 Dellavedova, 2544 James, 2747 Smith","201567,202389,203521,2544,2747","Love, Mozgov, Dellavedova, James, Smith",0,3,3,3,4,105.0
21500543,20160108,2,8,CLE,MIN,"201567 Love, 202684 Thompson, 203521 Dellavedova, 2544 James, 2747 Smith","201567,202684,203521,2544,2747","Love, Thompson, Dellavedova, James, Smith",0,6,2,3,4,96.0
21500543,20160108,2,9,CLE,MIN,"201567 Love, 202684 Thompson, 203521 Dellavedova, 2544 James, 2747 Smith","201567,202684,203521,2544,2747","Love, Thompson, Dellavedova, James, Smith",0,2,0,1,1,19.0
21500543,20160108,2,10,CLE,MIN,"201567 Love, 202684 Thompson, 202697 Shumpert, 203521 Dellavedova, 2544 James","201567,202684,202697,203521,2544","Love, Thompson, Shumpert, Dellavedova, James",0,2,2,2,3,93.0
21500543,20160108,3,1,CLE,MIN,"201567 Love, 202684 Thompson, 202697 Shumpert, 203521 Dellavedova, 2544 James","201567,202684,202697,203521,2544","Love, Thompson, Shumpert, Dellavedova, James",0,0,0,1,0,11.0
21500543,20160108,3,2,CLE,MIN,"201567 Love, 202681 Irving, 202684 Thompson, 2544 James, 2747 Smith","201567,202681,202684,2544,2747","Love, Irving, Thompson, James, Smith",0,8,6,7,6,203.0
21500543,20160108,3,3,CLE,MIN,"201567 Love, 202681 Irving, 202684 Thompson, 2544 James, 2747 Smith","201567,202681,202684,2544,2747","Love, Irving, Thompson, James, Smith",0,2,3,2,2,60.0
21500543,20160108,3,4,CLE,MIN,"201567 Love, 202681 Irving, 202684 Thompson, 202697 Shumpert, 2544 James","201567,202681,202684,202697,2544","Love, Irving, Thompson, Shumpert, James",0,6,3,3,4,82.0
21500543,20160108,3,5,CLE,MIN,"201567 Love, 202681 Irving, 202684 Thompson, 202697 Shumpert, 2544 James","201567,202681,202684,202697,2544","Love, Irving, Thompson, Shumpert, James",0,2,2,4,5,80.0
21500543,20160108,3,6,CLE,MIN,"201567 Love, 202684 Thompson, 202697 Shumpert, 203521 Dellavedova, 2544 James","201567,202684,202697,203521,2544","Love, Thompson, Shumpert, Dellavedova, James",0,3,10,4,4,112.0
21500543,20160108,3,7,CLE,MIN,"201567 Love, 202684 Thompson, 202697 Shumpert, 203521 Dellavedova, 2210 Jefferson","201567,202684,202697,203521,2210","Love, Thompson, Shumpert, Dellavedova, Jefferson",0,4,2,2,1,32.0
21500543,20160108,3,8,CLE,MIN,"201567 Love, 202684 Thompson, 202697 Shumpert, 203521 Dellavedova, 2210 Jefferson","201567,202684,202697,203521,2210","Love, Thompson, Shumpert, Dellavedova, Jefferson",0,0,2,2,2,47.0
21500543,20160108,3,9,CLE,MIN,"201567 Love, 202389 Mozgov, 202697 Shumpert, 203521 Dellavedova, 2210 Jefferson","201567,202389,202697,203521,2210","Love, Mozgov, Shumpert, Dellavedova, Jefferson",0,8,2,3,3,93.0
21500543,20160108,4,1,CLE,MIN,"201567 Love, 202389 Mozgov, 202697 Shumpert, 203521 Dellavedova, 2210 Jefferson","201567,202389,202697,203521,2210","Love, Mozgov, Shumpert, Dellavedova, Jefferson",0,0,0,0,1,20.0
21500543,20160108,4,2,CLE,MIN,"202389 Mozgov, 202681 Irving, 202697 Shumpert, 203521 Dellavedova, 2210 Jefferson","202389,202681,202697,203521,2210","Mozgov, Irving, Shumpert, Dellavedova, Jefferson",0,2,2,3,3,63.0
21500543,20160108,4,3,CLE,MIN,"202389 Mozgov, 202681 Irving, 202697 Shumpert, 203521 Dellavedova, 2544 James","202389,202681,202697,203521,2544","Mozgov, Irving, Shumpert, Dellavedova, James",0,2,4,2,2,66.0
21500543,20160108,4,4,CLE,MIN,"202389 Mozgov, 202681 Irving, 202697 Shumpert, 203521 Dellavedova, 2544 James","202389,202681,202697,203521,2544","Mozgov, Irving, Shumpert, Dellavedova, James",0,10,0,5,5,143.0
21500543,20160108,4,5,CLE,MIN,"202389 Mozgov, 202681 Irving, 202697 Shumpert, 203521 Dellavedova, 2210 Jefferson","202389,202681,202697,203521,2210","Mozgov, Irving, Shumpert, Dellavedova, Jefferson",0,12,15,13,15,428.0
21500559,20160110,1,1,CLE,PHI,"201567 Love, 202681 Irving, 202684 Thompson, 2544 James, 2747 Smith","201567,202681,202684,2544,2747","Love, Irving, Thompson, James, Smith",0,10,13,12,12,343.0
21500559,20160110,1,2,CLE,PHI,"201567 Love, 202681 Irving, 202684 Thompson, 2544 James, 2747 Smith","201567,202681,202684,2544,2747","Love, Irving, Thompson, James, Smith",0,1,0,1,0,14.0
21500559,20160110,1,3,CLE,PHI,"201567 Love, 202681 Irving, 202684 Thompson, 2544 James, 2747 Smith","201567,202681,202684,2544,2747","Love, Irving, Thompson, James, Smith",0,3,0,2,1,31.0
21500559,20160110,1,4,CLE,PHI,"201567 Love, 202684 Thompson, 203521 Dellavedova, 2544 James, 2747 Smith","201567,202684,203521,2544,2747","Love, Thompson, Dellavedova, James, Smith",0,2,2,2,2,55.0
21500559,20160110,1,5,CLE,PHI,"201567 Love, 202684 Thompson, 203521 Dellavedova, 2544 James, 2747 Smith","201567,202684,203521,2544,2747","Love, Thompson, Dellavedova, James, Smith",0,1,0,1,1,21.0
21500559,20160110,1,6,CLE,PHI,"201567 Love, 202389 Mozgov, 203521 Dellavedova, 2544 James, 2747 Smith","201567,202389,203521,2544,2747","Love, Mozgov, Dellavedova, James, Smith",0,1,2,1,1,24.0
21500559,20160110,1,7,CLE,PHI,"201567 Love, 202389 Mozgov, 203521 Dellavedova, 2544 James, 2747 Smith","201567,202389,203521,2544,2747","Love, Mozgov, Dellavedova, James, Smith",0,2,2,3,3,69.0
21500559,20160110,1,8,CLE,PHI,"201567 Love, 202389 Mozgov, 202697 Shumpert, 203521 Dellavedova, 2747 Smith","201567,202389,202697,203521,2747","Love, Mozgov, Shumpert, Dellavedova, Smith",0,4,0,6,5,110.4
21500559,20160110,1,9,CLE,PHI,"201567 Love, 202389 Mozgov, 202697 Shumpert, 203521 Dellavedova, 2747 Smith","201567,202389,202697,203521,2747","Love, Mozgov, Shumpert, Dellavedova, Smith",0,0,0,1,0,3.7
21500559,20160110,1,10,CLE,PHI,"201567 Love, 202389 Mozgov, 202681 Irving, 202697 Shumpert, 203521 Dellavedova","201567,202389,202681,202697,203521","Love, Mozgov, Irving, Shumpert, Dellavedova",0,0,1,1,1,6.5
21500559,20160110,1,11,CLE,PHI,"201567 Love, 202389 Mozgov, 202681 Irving, 202697 Shumpert, 203521 Dellavedova","201567,202389,202681,202697,203521","Love, Mozgov, Irving, Shumpert, Dellavedova",0,0,0,0,1,2.5
21500559,20160110,1,12,CLE,PHI,"202389 Mozgov, 202681 Irving, 202697 Shumpert, 203521 Dellavedova, 2210 Jefferson","202389,202681,202697,203521,2210","Mozgov, Irving, Shumpert, Dellavedova, Jefferson",0,2,0,1,3,39.9
21500559,20160110,2,1,CLE,PHI,"202389 Mozgov, 202681 Irving, 202697 Shumpert, 203521 Dellavedova, 2210 Jefferson","202389,202681,202697,203521,2210","Mozgov, Irving, Shumpert, Dellavedova, Jefferson",0,5,5,8,8,184.0
21500559,20160110,2,2,CLE,PHI,"202681 Irving, 202684 Thompson, 202697 Shumpert, 2210 Jefferson, 2544 James","202681,202684,202697,2210,2544","Irving, Thompson, Shumpert, Jefferson, James",0,3,6,5,6,135.0
21500559,20160110,2,3,CLE,PHI,"201567 Love, 202684 Thompson, 202697 Shumpert, 2544 James, 2747 Smith","201567,202684,202697,2544,2747","Love, Thompson, Shumpert, James, Smith",0,0,2,2,2,47.0
21500559,20160110,2,4,CLE,PHI,"201567 Love, 202684 Thompson, 203521 Dellavedova, 2544 James, 2747 Smith","201567,202684,203521,2544,2747","Love, Thompson, Dellavedova, James, Smith",0,7,5,6,4,149.0
21500559,20160110,2,5,CLE,PHI,"201567 Love, 202684 Thompson, 203521 Dellavedova, 2544 James, 2747 Smith","201567,202684,203521,2544,2747","Love, Thompson, Dellavedova, James, Smith",0,0,0,0,1,20.0
21500559,20160110,2,6,CLE,PHI,"201567 Love, 202684 Thompson, 203521 Dellavedova, 2544 James, 2747 Smith","201567,202684,203521,2544,2747","Love, Thompson, Dellavedova, James, Smith",0,1,0,1,1,13.0
21500559,20160110,2,7,CLE,PHI,"201567 Love, 202684 Thompson, 203521 Dellavedova, 2544 James, 2747 Smith","201567,202684,203521,2544,2747","Love, Thompson, Dellavedova, James, Smith",0,0,0,1,0,2.0
21500559,20160110,2,8,CLE,PHI,"201567 Love, 202684 Thompson, 203521 Dellavedova, 2544 James, 2747 Smith","201567,202684,203521,2544,2747","Love, Thompson, Dellavedova, James, Smith",0,3,0,4,3,76.0
21500559,20160110,2,9,CLE,PHI,"202389 Mozgov, 202684 Thompson, 203521 Dellavedova, 2544 James, 2747 Smith","202389,202684,203521,2544,2747","Mozgov, Thompson, Dellavedova, James, Smith",0,3,9,4,5,94.0
21500559,20160110,3,1,CLE,PHI,"202389 Mozgov, 202684 Thompson, 203521 Dellavedova, 2544 James, 2747 Smith","202389,202684,203521,2544,2747","Mozgov, Thompson, Dellavedova, James, Smith",0,0,0,1,0,12.0
21500559,20160110,3,2,CLE,PHI,"201567 Love, 202681 Irving, 202684 Thompson, 2544 James, 2747 Smith","201567,202681,202684,2544,2747","Love, Irving, Thompson, James, Smith",0,14,6,9,9,262.0
21500559,20160110,3,3,CLE,PHI,"201567 Love, 202681 Irving, 202684 Thompson, 2544 James, 2747 Smith","201567,202681,202684,2544,2747","Love, Irving, Thompson, James, Smith",0,0,1,2,3,71.0
21500559,20160110,3,4,CLE,PHI,"201567 Love, 202681 Irving, 202684 Thompson, 2544 James, 2747 Smith","201567,202681,202684,2544,2747","Love, Irving, Thompson, James, Smith",0,2,3,2,3,48.0
21500559,20160110,3,5,CLE,PHI,"201567 Love, 202681 Irving, 202684 Thompson, 2544 James, 2747 Smith","201567,202681,202684,2544,2747","Love, Irving, Thompson, James, Smith",0,3,2,3,3,94.0
21500559,20160110,3,6,CLE,PHI,"201567 Love, 202684 Thompson, 203521 Dellavedova, 2544 James, 2747 Smith","201567,202684,203521,2544,2747","Love, Thompson, Dellavedova, James, Smith",0,5,1,2,3,37.0
21500559,20160110,3,7,CLE,PHI,"201567 Love, 203521 Dellavedova, 2210 Jefferson, 2544 James, 2747 Smith","201567,203521,2210,2544,2747","Love, Dellavedova, Jefferson, James, Smith",0,0,2,1,2,25.0
21500559,20160110,3,8,CLE,PHI,"201567 Love, 202697 Shumpert, 203521 Dellavedova, 2210 Jefferson, 2544 James","201567,202697,203521,2210,2544","Love, Shumpert, Dellavedova, Jefferson, James",0,3,4,4,4,108.0
21500559,20160110,3,9,CLE,PHI,"201567 Love, 202697 Shumpert, 203521 Dellavedova, 2210 Jefferson, 2544 James","201567,202697,203521,2210,2544","Love, Shumpert, Dellavedova, Jefferson, James",0,0,3,1,2,63.0
21500559,20160110,4,1,CLE,PHI,"201567 Love, 202697 Shumpert, 203521 Dellavedova, 2210 Jefferson, 2544 James","201567,202697,203521,2210,2544","Love, Shumpert, Dellavedova, Jefferson, James",0,0,0,0,1,18.0
21500559,20160110,4,2,CLE,PHI,"202681 Irving, 202684 Thompson, 202697 Shumpert, 203521 Dellavedova, 2210 Jefferson","202681,202684,202697,203521,2210","Irving, Thompson, Shumpert, Dellavedova, Jefferson",0,6,7,6,7,182.0
21500559,20160110,4,3,CLE,PHI,"201567 Love, 202681 Irving, 202684 Thompson, 202697 Shumpert, 203521 Dellavedova","201567,202681,202684,202697,203521","Love, Irving, Thompson, Shumpert, Dellavedova",0,0,0,0,1,8.0
21500559,20160110,4,4,CLE,PHI,"201567 Love, 202681 Irving, 202684 Thompson, 202697 Shumpert, 203521 Dellavedova","201567,202681,202684,202697,203521","Love, Irving, Thompson, Shumpert, Dellavedova",0,0,3,2,2,60.0
21500559,20160110,4,5,CLE,PHI,"201567 Love, 202681 Irving, 202684 Thompson, 202697 Shumpert, 2544 James","201567,202681,202684,202697,2544","Love, Irving, Thompson, Shumpert, James",0,3,0,2,2,36.0
21500559,20160110,4,6,CLE,PHI,"201567 Love, 202681 Irving, 202684 Thompson, 2544 James, 2747 Smith","201567,202681,202684,2544,2747","Love, Irving, Thompson, James, Smith",0,5,0,2,3,61.0
21500559,20160110,4,7,CLE,PHI,"201567 Love, 202681 Irving, 202684 Thompson, 2544 James, 2747 Smith","201567,202681,202684,2544,2747","Love, Irving, Thompson, James, Smith",0,6,4,6,7,237.0
21500559,20160110,4,8,CLE,PHI,"201567 Love, 202684 Thompson, 203521 Dellavedova, 2544 James, 2747 Smith","201567,202684,203521,2544,2747","Love, Thompson, Dellavedova, James, Smith",0,0,2,3,5,118.0
21500575,20160112,1,1,CLE,DAL,"201567 Love, 202681 Irving, 202684 Thompson, 2544 James, 2747 Smith","201567,202681,202684,2544,2747","Love, Irving, Thompson, James, Smith",0,7,17,11,10,334.0
21500575,20160112,1,2,CLE,DAL,"201567 Love, 202681 Irving, 202684 Thompson, 2544 James, 2747 Smith","201567,202681,202684,2544,2747","Love, Irving, Thompson, James, Smith",0,0,6,4,3,95.0
21500575,20160112,1,3,CLE,DAL,"201567 Love, 202684 Thompson, 203521 Dellavedova, 2544 James, 2747 Smith","201567,202684,203521,2544,2747","Love, Thompson, Dellavedova, James, Smith",0,3,0,3,2,55.0
21500575,20160112,1,4,CLE,DAL,"201567 Love, 202389 Mozgov, 203521 Dellavedova, 2544 James, 2747 Smith","201567,202389,203521,2544,2747","Love, Mozgov, Dellavedova, James, Smith",0,1,0,1,0,16.0
21500575,20160112,1,5,CLE,DAL,"201567 Love, 202389 Mozgov, 203521 Dellavedova, 2544 James, 2747 Smith","201567,202389,203521,2544,2747","Love, Mozgov, Dellavedova, James, Smith",0,1,0,1,0,22.0
21500575,20160112,1,6,CLE,DAL,"201567 Love, 202389 Mozgov, 203521 Dellavedova, 2544 James, 2747 Smith","201567,202389,203521,2544,2747","Love, Mozgov, Dellavedova, James, Smith",0,3,0,2,2,46.0
21500575,20160112,1,7,CLE,DAL,"202389 Mozgov, 202697 Shumpert, 203521 Dellavedova, 2544 James, 2747 Smith","202389,202697,203521,2544,2747","Mozgov, Shumpert, Dellavedova, James, Smith",0,7,0,3,3,87.0
21500575,20160112,1,8,CLE,DAL,"202389 Mozgov, 202697 Shumpert, 203521 Dellavedova, 2544 James, 2747 Smith","202389,202697,203521,2544,2747","Mozgov, Shumpert, Dellavedova, James, Smith",0,0,2,1,3,65.0
21500575,20160112,2,1,CLE,DAL,"202389 Mozgov, 202697 Shumpert, 203521 Dellavedova, 2544 James, 2747 Smith","202389,202697,203521,2544,2747","Mozgov, Shumpert, Dellavedova, James, Smith",0,0,0,0,1,25.0
21500575,20160112,2,2,CLE,DAL,"201567 Love, 202389 Mozgov, 202697 Shumpert, 203521 Dellavedova, 2210 Jefferson","201567,202389,202697,203521,2210","Love, Mozgov, Shumpert, Dellavedova, Jefferson",0,0,3,4,4,96.0
21500575,20160112,2,3,CLE,DAL,"201567 Love, 202389 Mozgov, 202681 Irving, 202697 Shumpert, 2210 Jefferson","201567,202389,202681,202697,2210","Love, Mozgov, Irving, Shumpert, Jefferson",0,7,4,7,6,145.0
21500575,20160112,2,4,CLE,DAL,"201567 Love, 202389 Mozgov, 202681 Irving, 202697 Shumpert, 2210 Jefferson","201567,202389,202681,202697,2210","Love, Mozgov, Irving, Shumpert, Jefferson",0,3,6,4,5,117.0
21500575,20160112,2,5,CLE,DAL,"201567 Love, 202681 Irving, 202684 Thompson, 202697 Shumpert, 2544 James","201567,202681,202684,202697,2544","Love, Irving, Thompson, Shumpert, James",0,0,2,0,1,12.0
21500575,20160112,2,6,CLE,DAL,"201567 Love, 202681 Irving, 202684 Thompson, 2544 James, 2747 Smith","201567,202681,202684,2544,2747","Love, Irving, Thompson, James, Smith",0,5,4,6,4,158.0
21500575,20160112,2,7,CLE,DAL,"202681 Irving, 202684 Thompson, 203521 Dellavedova, 2544 James, 2747 Smith","202681,202684,203521,2544,2747","Irving, Thompson, Dellavedova, James, Smith",0,10,8,6,6,167.0
21500575,20160112,3,1,CLE,DAL,"202681 Irving, 202684 Thompson, 203521 Dellavedova, 2544 James, 2747 Smith","202681,202684,203521,2544,2747","Irving, Thompson, Dellavedova, James, Smith",0,0,0,0,1,18.0
21500575,20160112,3,2,CLE,DAL,"201567 Love, 202681 Irving, 202684 Thompson, 2544 James, 2747 Smith","201567,202681,202684,2544,2747","Love, Irving, Thompson, James, Smith",0,8,8,7,8,212.0
21500575,20160112,3,3,CLE,DAL,"201567 Love, 202684 Thompson, 203521 Dellavedova, 2544 James, 2747 Smith","201567,202684,203521,2544,2747","Love, Thompson, Dellavedova, James, Smith",0,0,4,4,4,112.0
21500575,20160112,3,4,CLE,DAL,"201567 Love, 202684 Thompson, 203521 Dellavedova, 2544 James, 2747 Smith","201567,202684,203521,2544,2747","Love, Thompson, Dellavedova, James, Smith",0,1,0,1,0,17.0
21500575,20160112,3,5,CLE,DAL,"202684 Thompson, 202697 Shumpert, 203521 Dellavedova, 2544 James, 2747 Smith","202684,202697,203521,2544,2747","Thompson, Shumpert, Dellavedova, James, Smith",0,3,4,6,6,158.0
21500575,20160112,3,6,CLE,DAL,"202389 Mozgov, 203521 Dellavedova, 2210 Jefferson, 2544 James, 2747 Smith","202389,203521,2210,2544,2747","Mozgov, Dellavedova, Jefferson, James, Smith",0,4,0,2,2,53.0
21500575,20160112,3,7,CLE,DAL,"202389 Mozgov, 203521 Dellavedova, 2210 Jefferson, 2544 James, 2747 Smith","202389,203521,2210,2544,2747","Mozgov, Dellavedova, Jefferson, James, Smith",0,0,0,2,2,54.0
21500575,20160112,3,8,CLE,DAL,"202389 Mozgov, 202681 Irving, 203521 Dellavedova, 2210 Jefferson, 2747 Smith","202389,202681,203521,2210,2747","Mozgov, Irving, Dellavedova, Jefferson, Smith",0,2,2,2,2,56.1
21500575,20160112,3,9,CLE,DAL,"202389 Mozgov, 202681 Irving, 203521 Dellavedova, 2210 Jefferson, 2747 Smith","202389,202681,203521,2210,2747","Mozgov, Irving, Dellavedova, Jefferson, Smith",0,0,0,0,1,0.2
21500575,20160112,3,10,CLE,DAL,"202389 Mozgov, 202681 Irving, 203521 Dellavedova, 2210 Jefferson, 2747 Smith","202389,202681,203521,2210,2747","Mozgov, Irving, Dellavedova, Jefferson, Smith",0,2,2,2,3,39.7
21500575,20160112,4,1,CLE,DAL,"202389 Mozgov, 202681 Irving, 203521 Dellavedova, 2210 Jefferson, 2747 Smith","202389,202681,203521,2210,2747","Mozgov, Irving, Dellavedova, Jefferson, Smith",0,5,2,3,2,105.0
21500575,20160112,4,2,CLE,DAL,"202389 Mozgov, 202681 Irving, 202697 Shumpert, 203521 Dellavedova, 2210 Jefferson","202389,202681,202697,203521,2210","Mozgov, Irving, Shumpert, Dellavedova, Jefferson",0,5,4,2,4,93.0
21500575,20160112,4,3,CLE,DAL,"201567 Love, 202389 Mozgov, 202681 Irving, 202697 Shumpert, 2544 James","201567,202389,202681,202697,2544","Love, Mozgov, Irving, Shumpert, James",0,2,3,2,3,82.0
21500575,20160112,4,4,CLE,DAL,"201567 Love, 202389 Mozgov, 202681 Irving, 202697 Shumpert, 2544 James","201567,202389,202681,202697,2544","Love, Mozgov, Irving, Shumpert, James",0,3,0,1,2,32.0
21500575,20160112,4,5,CLE,DAL,"201567 Love, 202389 Mozgov, 202681 Irving, 202697 Shumpert, 2544 James","201567,202389,202681,202697,2544","Love, Mozgov, Irving, Shumpert, James",0,5,2,3,3,98.0
21500575,20160112,4,6,CLE,DAL,"201567 Love, 202389 Mozgov, 202681 Irving, 202697 Shumpert, 2544 James","201567,202389,202681,202697,2544","Love, Mozgov, Irving, Shumpert, James",0,0,2,0,1,8.0
21500575,20160112,4,7,CLE,DAL,"201567 Love, 202681 Irving, 202697 Shumpert, 2544 James, 2747 Smith","201567,202681,202697,2544,2747","Love, Irving, Shumpert, James, Smith",0,4,8,4,4,221.0
21500575,20160112,4,8,CLE,DAL,"201567 Love, 202681 Irving, 203521 Dellavedova, 2544 James, 2747 Smith","201567,202681,203521,2544,2747","Love, Irving, Dellavedova, James, Smith",0,2,0,2,2,41.6
21500575,20160112,4,9,CLE,DAL,"202684 Thompson, 202697 Shumpert, 203521 Dellavedova, 2544 James, 2747 Smith","202684,202697,203521,2544,2747","Thompson, Shumpert, Dellavedova, James, Smith",0,0,2,1,1,10.6
21500575,20160112,4,10,CLE,DAL,"201567 Love, 202681 Irving, 203521 Dellavedova, 2544 James, 2747 Smith","201567,202681,203521,2544,2747","Love, Irving, Dellavedova, James, Smith",0,2,0,1,1,7.9
21500575,20160112,4,11,CLE,DAL,"202684 Thompson, 202697 Shumpert, 203521 Dellavedova, 2544 James, 2747 Smith","202684,202697,203521,2544,2747","Thompson, Shumpert, Dellavedova, James, Smith",0,0,0,0,2,20.9
21500575,20160112,4,12,CLE,DAL,"201567 Love, 202681 Irving, 203521 Dellavedova, 2544 James, 2747 Smith","201567,202681,203521,2544,2747","Love, Irving, Dellavedova, James, Smith",0,0,0,0,1,0.9
21500575,20160112,5,1,CLE,DAL,"201567 Love, 202681 Irving, 203521 Dellavedova, 2544 James, 2747 Smith","201567,202681,203521,2544,2747","Love, Irving, Dellavedova, James, Smith",0,15,6,9,9,300.0
21500590,20160114,1,1,CLE,SAS,"201567 Love, 202681 Irving, 202684 Thompson, 2544 James, 2747 Smith","201567,202681,202684,2544,2747","Love, Irving, Thompson, James, Smith",0,13,11,13,12,381.0
21500590,20160114,1,2,CLE,SAS,"201567 Love, 202684 Thompson, 203521 Dellavedova, 2544 James, 2747 Smith","201567,202684,203521,2544,2747","Love, Thompson, Dellavedova, James, Smith",0,0,0,1,0,12.0
21500590,20160114,1,3,CLE,SAS,"201567 Love, 202684 Thompson, 203521 Dellavedova, 2544 James, 2747 Smith","201567,202684,203521,2544,2747","Love, Thompson, Dellavedova, James, Smith",0,5,0,3,2,70.0
21500590,20160114,1,4,CLE,SAS,"201567 Love, 202684 Thompson, 203521 Dellavedova, 2544 James, 2747 Smith","201567,202684,203521,2544,2747","Love, Thompson, Dellavedova, James, Smith",0,0,0,1,1,18.0
21500590,20160114,1,5,CLE,SAS,"201567 Love, 202684 Thompson, 203521 Dellavedova, 2544 James, 2747 Smith","201567,202684,203521,2544,2747","Love, Thompson, Dellavedova, James, Smith",0,8,2,5,4,80.0
21500590,20160114,1,6,CLE,SAS,"202389 Mozgov, 202684 Thompson, 202697 Shumpert, 203521 Dellavedova, 2747 Smith","202389,202684,202697,203521,2747","Mozgov, Thompson, Shumpert, Dellavedova, Smith",0,2,2,2,3,45.0
21500590,20160114,1,7,CLE,SAS,"202389 Mozgov, 202684 Thompson, 202697 Shumpert, 203521 Dellavedova, 2747 Smith","202389,202684,202697,203521,2747","Mozgov, Thompson, Shumpert, Dellavedova, Smith",0,4,5,3,4,114.0
21500590,20160114,2,1,CLE,SAS,"201567 Love, 202389 Mozgov, 202681 Irving, 202697 Shumpert, 2210 Jefferson","201567,202389,202681,202697,2210","Love, Mozgov, Irving, Shumpert, Jefferson",0,3,4,3,6,102.0
21500590,20160114,2,2,CLE,SAS,"201567 Love, 202681 Irving, 202684 Thompson, 202697 Shumpert, 2210 Jefferson","201567,202681,202684,202697,2210","Love, Irving, Thompson, Shumpert, Jefferson",0,0,2,4,4,82.0
21500590,20160114,2,3,CLE,SAS,"202681 Irving, 202684 Thompson, 202697 Shumpert, 2210 Jefferson, 2544 James","202681,202684,202697,2210,2544","Irving, Thompson, Shumpert, Jefferson, James",0,2,0,2,2,34.0
21500590,20160114,2,4,CLE,SAS,"202681 Irving, 202684 Thompson, 202697 Shumpert, 2210 Jefferson, 2544 James","202681,202684,202697,2210,2544","Irving, Thompson, Shumpert, Jefferson, James",0,0,3,2,4,48.0
21500590,20160114,2,5,CLE,SAS,"201567 Love, 202681 Irving, 202684 Thompson, 202697 Shumpert, 2544 James","201567,202681,202684,202697,2544","Love, Irving, Thompson, Shumpert, James",0,4,2,4,2,57.0
21500590,20160114,2,6,CLE,SAS,"201567 Love, 202684 Thompson, 203521 Dellavedova, 2544 James, 2747 Smith","201567,202684,203521,2544,2747","Love, Thompson, Dellavedova, James, Smith",0,0,1,1,1,12.0
21500590,20160114,2,7,CLE,SAS,"201567 Love, 202389 Mozgov, 203521 Dellavedova, 2544 James, 2747 Smith","201567,202389,203521,2544,2747","Love, Mozgov, Dellavedova, James, Smith",0,4,4,4,5,122.0
21500590,20160114,2,8,CLE,SAS,"201567 Love, 202389 Mozgov, 203521 Dellavedova, 2544 James, 2747 Smith","201567,202389,203521,2544,2747","Love, Mozgov, Dellavedova, James, Smith",0,2,2,3,3,99.0
21500590,20160114,2,9,CLE,SAS,"201567 Love, 202389 Mozgov, 202681 Irving, 2544 James, 2747 Smith","201567,202389,202681,2544,2747","Love, Mozgov, Irving, James, Smith",0,3,2,5,5,123.0
21500590,20160114,2,10,CLE,SAS,"201567 Love, 202681 Irving, 202684 Thompson, 202697 Shumpert, 2747 Smith","201567,202681,202684,202697,2747","Love, Irving, Thompson, Shumpert, Smith",0,0,4,1,2,41.0
21500590,20160114,3,1,CLE,SAS,"201567 Love, 202681 Irving, 202684 Thompson, 202697 Shumpert, 2747 Smith","201567,202681,202684,202697,2747","Love, Irving, Thompson, Shumpert, Smith",0,0,0,0,1,21.0
21500590,20160114,3,2,CLE,SAS,"201567 Love, 202681 Irving, 202684 Thompson, 2544 James, 2747 Smith","201567,202681,202684,2544,2747","Love, Irving, Thompson, James, Smith",0,5,6,4,5,131.0
21500590,20160114,3,3,CLE,SAS,"201567 Love, 202681 Irving, 202684 Thompson, 2544 James, 2747 Smith","201567,202681,202684,2544,2747","Love, Irving, Thompson, James, Smith",0,4,11,8,8,235.0
21500590,20160114,3,4,CLE,SAS,"201567 Love, 202681 Irving, 202684 Thompson, 202697 Shumpert, 2544 James","201567,202681,202684,202697,2544","Love, Irving, Thompson, Shumpert, James",0,0,0,1,1,20.0
21500590,20160114,3,5,CLE,SAS,"201567 Love, 202681 Irving, 202684 Thompson, 202697 Shumpert, 2544 James","201567,202681,202684,202697,2544","Love, Irving, Thompson, Shumpert, James",0,3,0,2,2,39.0
21500590,20160114,3,6,CLE,SAS,"201567 Love, 202684 Thompson, 202697 Shumpert, 203521 Dellavedova, 2544 James","201567,202684,202697,203521,2544","Love, Thompson, Shumpert, Dellavedova, James",0,2,0,1,2,20.0
21500590,20160114,3,7,CLE,SAS,"202684 Thompson, 202697 Shumpert, 203521 Dellavedova, 2210 Jefferson, 2544 James","202684,202697,203521,2210,2544","Thompson, Shumpert, Dellavedova, Jefferson, James",0,2,5,3,3,81.0
21500590,20160114,3,8,CLE,SAS,"202389 Mozgov, 202697 Shumpert, 203521 Dellavedova, 2210 Jefferson, 2544 James","202389,202697,203521,2210,2544","Mozgov, Shumpert, Dellavedova, Jefferson, James",0,2,2,3,2,73.0
21500590,20160114,3,9,CLE,SAS,"202389 Mozgov, 202681 Irving, 202697 Shumpert, 203521 Dellavedova, 2210 Jefferson","202389,202681,202697,203521,2210","Mozgov, Irving, Shumpert, Dellavedova, Jefferson",0,2,2,2,1,64.6
21500590,20160114,3,10,CLE,SAS,"202389 Mozgov, 202681 Irving, 202697 Shumpert, 203521 Dellavedova, 2210 Jefferson","202389,202681,202697,203521,2210","Mozgov, Irving, Shumpert, Dellavedova, Jefferson",0,3,2,2,1,35.4
21500590,20160114,4,1,CLE,SAS,"202389 Mozgov, 202681 Irving, 202697 Shumpert, 203521 Dellavedova, 2210 Jefferson","202389,202681,202697,203521,2210","Mozgov, Irving, Shumpert, Dellavedova, Jefferson",0,2,8,5,5,137.0
21500590,20160114,4,2,CLE,SAS,"202681 Irving, 202684 Thompson, 202697 Shumpert, 203521 Dellavedova, 2210 Jefferson","202681,202684,202697,203521,2210","Irving, Thompson, Shumpert, Dellavedova, Jefferson",0,0,0,1,0,19.0
21500590,20160114,4,3,CLE,SAS,"201567 Love, 202684 Thompson, 202697 Shumpert, 203521 Dellavedova, 2544 James","201567,202684,202697,203521,2544","Love, Thompson, Shumpert, Dellavedova, James",0,0,3,4,4,114.0
21500590,20160114,4,4,CLE,SAS,"201567 Love, 202684 Thompson, 203521 Dellavedova, 2544 James, 2747 Smith","201567,202684,203521,2544,2747","Love, Thompson, Dellavedova, James, Smith",0,2,4,2,3,74.0
21500590,20160114,4,5,CLE,SAS,"201567 Love, 202681 Irving, 202684 Thompson, 2544 James, 2747 Smith","201567,202681,202684,2544,2747","Love, Irving, Thompson, James, Smith",0,0,0,2,2,34.0
21500590,20160114,4,6,CLE,SAS,"201567 Love, 202681 Irving, 202684 Thompson, 2544 James, 2747 Smith","201567,202681,202684,2544,2747","Love, Irving, Thompson, James, Smith",0,7,6,6,5,165.0
21500590,20160114,4,7,CLE,SAS,"201567 Love, 202681 Irving, 202684 Thompson, 2544 James, 2747 Smith","201567,202681,202684,2544,2747","Love, Irving, Thompson, James, Smith",0,6,4,6,5,154.2
21500590,20160114,4,8,CLE,SAS,"201567 Love, 202681 Irving, 202684 Thompson, 2544 James, 2747 Smith","201567,202681,202684,2544,2747","Love, Irving, Thompson, James, Smith",0,3,2,2,2,13.1
21500590,20160114,4,9,CLE,SAS,"201567 Love, 202681 Irving, 202684 Thompson, 2544 James, 2747 Smith","201567,202681,202684,2544,2747","Love, Irving, Thompson, James, Smith",0,2,0,1,0,9.7
21500601,20160115,1,1,CLE,HOU,"201567 Love, 202389 Mozgov, 202681 Irving, 2544 James, 2747 Smith","201567,202389,202681,2544,2747","Love, Mozgov, Irving, James, Smith",0,10,13,8,9,281.0
21500601,20160115,1,2,CLE,HOU,"201567 Love, 202389 Mozgov, 202681 Irving, 2544 James, 2747 Smith","201567,202389,202681,2544,2747","Love, Mozgov, Irving, James, Smith",0,0,2,3,4,62.0
21500601,20160115,1,3,CLE,HOU,"201567 Love, 202389 Mozgov, 203521 Dellavedova, 2544 James, 2747 Smith","201567,202389,203521,2544,2747","Love, Mozgov, Dellavedova, James, Smith",0,5,3,5,6,168.0
21500601,20160115,1,4,CLE,HOU,"201567 Love, 202684 Thompson, 202697 Shumpert, 203521 Dellavedova, 2544 James","201567,202684,202697,203521,2544","Love, Thompson, Shumpert, Dellavedova, James",0,0,2,4,4,105.0
21500601,20160115,1,5,CLE,HOU,"202684 Thompson, 202697 Shumpert, 203521 Dellavedova, 2210 Jefferson, 2760 Varejao","202684,202697,203521,2210,2760","Thompson, Shumpert, Dellavedova, Jefferson, Varejao",0,2,0,2,1,23.0
21500601,20160115,1,6,CLE,HOU,"202681 Irving, 202684 Thompson, 202697 Shumpert, 2210 Jefferson, 2760 Varejao","202681,202684,202697,2210,2760","Irving, Thompson, Shumpert, Jefferson, Varejao",0,3,1,1,2,52.4
21500601,20160115,1,7,CLE,HOU,"202681 Irving, 202684 Thompson, 202697 Shumpert, 2210 Jefferson, 2760 Varejao","202681,202684,202697,2210,2760","Irving, Thompson, Shumpert, Jefferson, Varejao",0,0,0,0,1,1.1
21500601,20160115,1,8,CLE,HOU,"202681 Irving, 202684 Thompson, 202697 Shumpert, 203521 Dellavedova, 2210 Jefferson","202681,202684,202697,203521,2210","Irving, Thompson, Shumpert, Dellavedova, Jefferson",0,2,0,1,1,27.5
21500601,20160115,2,1,CLE,HOU,"202681 Irving, 202684 Thompson, 202697 Shumpert, 203521 Dellavedova, 2210 Jefferson","202681,202684,202697,203521,2210","Irving, Thompson, Shumpert, Dellavedova, Jefferson",0,0,0,1,0,16.0
21500601,20160115,2,2,CLE,HOU,"202681 Irving, 202684 Thompson, 202697 Shumpert, 2210 Jefferson, 2760 Varejao","202681,202684,202697,2210,2760","Irving, Thompson, Shumpert, Jefferson, Varejao",0,8,2,5,5,143.0
21500601,20160115,2,3,CLE,HOU,"202681 Irving, 202684 Thompson, 202697 Shumpert, 2210 Jefferson, 2760 Varejao","202681,202684,202697,2210,2760","Irving, Thompson, Shumpert, Jefferson, Varejao",0,0,1,1,1,18.0
21500601,20160115,2,4,CLE,HOU,"202681 Irving, 202684 Thompson, 202697 Shumpert, 2544 James, 2760 Varejao","202681,202684,202697,2544,2760","Irving, Thompson, Shumpert, James, Varejao",0,0,0,1,1,32.0
21500601,20160115,2,5,CLE,HOU,"201567 Love, 202681 Irving, 202684 Thompson, 202697 Shumpert, 2544 James","201567,202681,202684,202697,2544","Love, Irving, Thompson, Shumpert, James",0,5,7,7,7,175.0
21500601,20160115,2,6,CLE,HOU,"201567 Love, 202389 Mozgov, 203521 Dellavedova, 2544 James, 2747 Smith","201567,202389,203521,2544,2747","Love, Mozgov, Dellavedova, James, Smith",0,3,1,6,6,163.0
21500601,20160115,2,7,CLE,HOU,"201567 Love, 202389 Mozgov, 203521 Dellavedova, 2544 James, 2747 Smith","201567,202389,203521,2544,2747","Love, Mozgov, Dellavedova, James, Smith",0,0,1,0,1,11.0
21500601,20160115,2,8,CLE,HOU,"201567 Love, 203521 Dellavedova, 2544 James, 2747 Smith, 2760 Varejao","201567,203521,2544,2747,2760","Love, Dellavedova, James, Smith, Varejao",0,4,2,3,3,70.0
21500601,20160115,2,9,CLE,HOU,"201567 Love, 203521 Dellavedova, 2544 James, 2747 Smith, 2760 Varejao","201567,203521,2544,2747,2760","Love, Dellavedova, James, Smith, Varejao",0,0,0,1,0,19.0
21500601,20160115,2,10,CLE,HOU,"203521 Dellavedova, 2210 Jefferson, 2544 James, 2747 Smith, 2760 Varejao","203521,2210,2544,2747,2760","Dellavedova, Jefferson, James, Smith, Varejao",0,1,0,1,0,7.0
21500601,20160115,2,11,CLE,HOU,"203521 Dellavedova, 2210 Jefferson, 2544 James, 2747 Smith, 2760 Varejao","203521,2210,2544,2747,2760","Dellavedova, Jefferson, James, Smith, Varejao",0,0,0,1,1,35.0
21500601,20160115,2,12,CLE,HOU,"203521 Dellavedova, 2210 Jefferson, 2544 James, 2747 Smith, 2760 Varejao","203521,2210,2544,2747,2760","Dellavedova, Jefferson, James, Smith, Varejao",0,2,0,1,0,31.0
21500601,20160115,3,1,CLE,HOU,"203521 Dellavedova, 2210 Jefferson, 2544 James, 2747 Smith, 2760 Varejao","203521,2210,2544,2747,2760","Dellavedova, Jefferson, James, Smith, Varejao",0,0,0,4,3,118.0
21500601,20160115,3,2,CLE,HOU,"201567 Love, 202389 Mozgov, 202681 Irving, 2544 James, 2747 Smith","201567,202389,202681,2544,2747","Love, Mozgov, Irving, James, Smith",0,5,5,10,9,263.0
21500601,20160115,3,3,CLE,HOU,"201567 Love, 202681 Irving, 202697 Shumpert, 2544 James, 2747 Smith","201567,202681,202697,2544,2747","Love, Irving, Shumpert, James, Smith",0,0,3,1,2,36.0
21500601,20160115,3,4,CLE,HOU,"201567 Love, 202697 Shumpert, 203521 Dellavedova, 2544 James, 2747 Smith","201567,202697,203521,2544,2747","Love, Shumpert, Dellavedova, James, Smith",0,2,0,1,2,27.0
21500601,20160115,3,5,CLE,HOU,"201567 Love, 202697 Shumpert, 203521 Dellavedova, 2544 James, 2747 Smith","201567,202697,203521,2544,2747","Love, Shumpert, Dellavedova, James, Smith",0,5,0,3,4,107.0
21500601,20160115,3,6,CLE,HOU,"202684 Thompson, 202697 Shumpert, 203521 Dellavedova, 2544 James, 2747 Smith","202684,202697,203521,2544,2747","Thompson, Shumpert, Dellavedova, James, Smith",0,4,4,5,7,158.3
21500601,20160115,3,7,CLE,HOU,"202684 Thompson, 202697 Shumpert, 203521 Dellavedova, 2210 Jefferson, 2747 Smith","202684,202697,203521,2210,2747","Thompson, Shumpert, Dellavedova, Jefferson, Smith",0,0,2,0,2,1.8
21500601,20160115,3,8,CLE,HOU,"202681 Irving, 202697 Shumpert, 203521 Dellavedova, 2210 Jefferson, 2544 James","202681,202697,203521,2210,2544","Irving, Shumpert, Dellavedova, Jefferson, James",0,0,0,0,1,8.9
21500601,20160115,4,1,CLE,HOU,"202681 Irving, 202697 Shumpert, 203521 Dellavedova, 2210 Jefferson, 2544 James","202681,202697,203521,2210,2544","Irving, Shumpert, Dellavedova, Jefferson, James",0,4,5,7,8,219.0
21500601,20160115,4,2,CLE,HOU,"202681 Irving, 202684 Thompson, 202697 Shumpert, 2210 Jefferson, 2544 James","202681,202684,202697,2210,2544","Irving, Thompson, Shumpert, Jefferson, James",0,0,2,2,1,22.0
21500601,20160115,4,3,CLE,HOU,"201567 Love, 202681 Irving, 202684 Thompson, 202697 Shumpert, 2544 James","201567,202681,202684,202697,2544","Love, Irving, Thompson, Shumpert, James",0,10,7,7,7,236.0
21500601,20160115,4,4,CLE,HOU,"201567 Love, 202681 Irving, 202684 Thompson, 202697 Shumpert, 2544 James","201567,202681,202684,202697,2544","Love, Irving, Thompson, Shumpert, James",0,4,2,2,3,48.0
21500601,20160115,4,5,CLE,HOU,"201567 Love, 202681 Irving, 202684 Thompson, 202697 Shumpert, 203521 Dellavedova","201567,202681,202684,202697,203521","Love, Irving, Thompson, Shumpert, Dellavedova",0,0,0,1,1,15.0
21500601,20160115,4,6,CLE,HOU,"201567 Love, 202684 Thompson, 202697 Shumpert, 203099 Cunningham, 203521 Dellavedova","201567,202684,202697,203099,203521","Love, Thompson, Shumpert, Cunningham, Dellavedova",0,0,2,3,2,51.0
21500601,20160115,4,7,CLE,HOU,"201619 Kaun, 202697 Shumpert, 203099 Cunningham, 203521 Dellavedova, 2210 Jefferson","201619,202697,203099,203521,2210","Kaun, Shumpert, Cunningham, Dellavedova, Jefferson",0,1,5,4,5,129.0
21500622,20160118,1,1,CLE,GSW,"201567 Love, 202389 Mozgov, 202681 Irving, 2544 James, 2747 Smith","201567,202389,202681,2544,2747","Love, Mozgov, Irving, James, Smith",0,11,15,12,13,362.0
21500622,20160118,1,2,CLE,GSW,"201567 Love, 202389 Mozgov, 203521 Dellavedova, 2544 James, 2747 Smith","201567,202389,203521,2544,2747","Love, Mozgov, Dellavedova, James, Smith",0,0,6,2,2,73.0
21500622,20160118,1,3,CLE,GSW,"201567 Love, 202684 Thompson, 203521 Dellavedova, 2544 James, 2747 Smith","201567,202684,203521,2544,2747","Love, Thompson, Dellavedova, James, Smith",0,0,0,2,1,34.0
21500622,20160118,1,4,CLE,GSW,"201567 Love, 202684 Thompson, 203521 Dellavedova, 2544 James, 2747 Smith","201567,202684,203521,2544,2747","Love, Thompson, Dellavedova, James, Smith",0,4,5,3,3,93.0
21500622,20160118,1,5,CLE,GSW,"202684 Thompson, 202697 Shumpert, 203521 Dellavedova, 2544 James, 2747 Smith","202684,202697,203521,2544,2747","Thompson, Shumpert, Dellavedova, James, Smith",0,2,0,1,1,34.0
21500622,20160118,1,6,CLE,GSW,"202684 Thompson, 202697 Shumpert, 203521 Dellavedova, 2544 James, 2747 Smith","202684,202697,203521,2544,2747","Thompson, Shumpert, Dellavedova, James, Smith",0,2,8,3,4,81.4
21500622,20160118,1,7,CLE,GSW,"202697 Shumpert, 203521 Dellavedova, 2544 James, 2747 Smith, 2760 Varejao","202697,203521,2544,2747,2760","Shumpert, Dellavedova, James, Smith, Varejao",0,2,0,2,2,42.6
21500622,20160118,2,1,CLE,GSW,"202697 Shumpert, 203521 Dellavedova, 2544 James, 2747 Smith, 2760 Varejao","202697,203521,2544,2747,2760","Shumpert, Dellavedova, James, Smith, Varejao",0,0,0,1,0,14.0
21500622,20160118,2,2,CLE,GSW,"201567 Love, 202681 Irving, 202697 Shumpert, 203521 Dellavedova, 2760 Varejao","201567,202681,202697,203521,2760","Love, Irving, Shumpert, Dellavedova, Varejao",0,2,4,4,5,111.0
21500622,20160118,2,3,CLE,GSW,"201567 Love, 202681 Irving, 202697 Shumpert, 203521 Dellavedova, 2760 Varejao","201567,202681,202697,203521,2760","Love, Irving, Shumpert, Dellavedova, Varejao",0,2,0,2,1,20.0
21500622,20160118,2,4,CLE,GSW,"201567 Love, 202681 Irving, 202697 Shumpert, 2210 Jefferson, 2760 Varejao","201567,202681,202697,2210,2760","Love, Irving, Shumpert, Jefferson, Varejao",0,2,5,3,2,42.0
21500622,20160118,2,5,CLE,GSW,"202681 Irving, 202697 Shumpert, 2210 Jefferson, 2544 James, 2760 Varejao","202681,202697,2210,2544,2760","Irving, Shumpert, Jefferson, James, Varejao",0,4,2,3,2,78.0
21500622,20160118,2,6,CLE,GSW,"202681 Irving, 202697 Shumpert, 2210 Jefferson, 2544 James, 2747 Smith","202681,202697,2210,2544,2747","Irving, Shumpert, Jefferson, James, Smith",0,1,7,5,5,102.0
21500622,20160118,2,7,CLE,GSW,"202389 Mozgov, 202681 Irving, 2210 Jefferson, 2544 James, 2747 Smith","202389,202681,2210,2544,2747","Mozgov, Irving, Jefferson, James, Smith",0,0,3,2,3,49.0
21500622,20160118,2,8,CLE,GSW,"202681 Irving, 202684 Thompson, 2210 Jefferson, 2544 James, 2747 Smith","202681,202684,2210,2544,2747","Irving, Thompson, Jefferson, James, Smith",0,3,4,4,4,92.0
21500622,20160118,2,9,CLE,GSW,"202684 Thompson, 202697 Shumpert, 203521 Dellavedova, 2544 James, 2747 Smith","202684,202697,203521,2544,2747","Thompson, Shumpert, Dellavedova, James, Smith",0,2,6,2,3,85.0
21500622,20160118,2,10,CLE,GSW,"201567 Love, 202697 Shumpert, 203521 Dellavedova, 2544 James, 2747 Smith","201567,202697,203521,2544,2747","Love, Shumpert, Dellavedova, James, Smith",0,5,5,6,5,111.8
21500622,20160118,2,11,CLE,GSW,"201567 Love, 202697 Shumpert, 203521 Dellavedova, 2544 James, 2747 Smith","201567,202697,203521,2544,2747","Love, Shumpert, Dellavedova, James, Smith",0,2,0,2,0,15.2
21500622,20160118,3,1,CLE,GSW,"201567 Love, 202697 Shumpert, 203521 Dellavedova, 2544 James, 2747 Smith","201567,202697,203521,2544,2747","Love, Shumpert, Dellavedova, James, Smith",0,0,0,1,0,8.0
21500622,20160118,3,2,CLE,GSW,"201567 Love, 202389 Mozgov, 202681 Irving, 2544 James, 2747 Smith","201567,202389,202681,2544,2747","Love, Mozgov, Irving, James, Smith",0,0,6,3,4,71.0
21500622,20160118,3,3,CLE,GSW,"201567 Love, 202389 Mozgov, 202681 Irving, 202697 Shumpert, 2544 James","201567,202389,202681,202697,2544","Love, Mozgov, Irving, Shumpert, James",0,7,8,8,9,287.0
21500622,20160118,3,4,CLE,GSW,"201567 Love, 202389 Mozgov, 202681 Irving, 202697 Shumpert, 2544 James","201567,202389,202681,202697,2544","Love, Mozgov, Irving, Shumpert, James",0,1,0,2,1,32.0
21500622,20160118,3,5,CLE,GSW,"202681 Irving, 202684 Thompson, 202697 Shumpert, 2544 James, 2592 Jones","202681,202684,202697,2544,2592","Irving, Thompson, Shumpert, James, Jones",0,5,5,5,4,88.0
21500622,20160118,3,6,CLE,GSW,"202684 Thompson, 202697 Shumpert, 203521 Dellavedova, 2544 James, 2592 Jones","202684,202697,203521,2544,2592","Thompson, Shumpert, Dellavedova, James, Jones",0,10,15,8,7,234.0
21500622,20160118,4,1,CLE,GSW,"202684 Thompson, 202697 Shumpert, 203521 Dellavedova, 2544 James, 2592 Jones","202684,202697,203521,2544,2592","Thompson, Shumpert, Dellavedova, James, Jones",0,0,0,0,1,12.0
21500622,20160118,4,2,CLE,GSW,"202697 Shumpert, 203099 Cunningham, 203521 Dellavedova, 2210 Jefferson, 2760 Varejao","202697,203099,203521,2210,2760","Shumpert, Cunningham, Dellavedova, Jefferson, Varejao",0,4,10,4,5,122.0
21500622,20160118,4,3,CLE,GSW,"202697 Shumpert, 203099 Cunningham, 203521 Dellavedova, 2210 Jefferson, 2760 Varejao","202697,203099,203521,2210,2760","Shumpert, Cunningham, Dellavedova, Jefferson, Varejao",0,0,0,1,1,30.0
21500622,20160118,4,4,CLE,GSW,"202697 Shumpert, 203099 Cunningham, 203521 Dellavedova, 2210 Jefferson, 2760 Varejao","202697,203099,203521,2210,2760","Shumpert, Cunningham, Dellavedova, Jefferson, Varejao",0,0,0,2,1,23.0
21500622,20160118,4,5,CLE,GSW,"202697 Shumpert, 203099 Cunningham, 203521 Dellavedova, 2210 Jefferson, 2760 Varejao","202697,203099,203521,2210,2760","Shumpert, Cunningham, Dellavedova, Jefferson, Varejao",0,1,0,1,0,2.0
21500622,20160118,4,6,CLE,GSW,"202697 Shumpert, 203099 Cunningham, 203521 Dellavedova, 2210 Jefferson, 2760 Varejao","202697,203099,203521,2210,2760","Shumpert, Cunningham, Dellavedova, Jefferson, Varejao",0,10,5,5,4,127.0
21500622,20160118,4,7,CLE,GSW,"202697 Shumpert, 203099 Cunningham, 203521 Dellavedova, 2210 Jefferson, 2760 Varejao","202697,203099,203521,2210,2760","Shumpert, Cunningham, Dellavedova, Jefferson, Varejao",0,2,0,2,2,53.0
21500622,20160118,4,8,CLE,GSW,"202697 Shumpert, 203099 Cunningham, 203521 Dellavedova, 2210 Jefferson, 2760 Varejao","202697,203099,203521,2210,2760","Shumpert, Cunningham, Dellavedova, Jefferson, Varejao",0,9,9,14,13,351.0
21500631,20160120,1,1,CLE,BKN,"201567 Love, 202389 Mozgov, 202681 Irving, 2544 James, 2747 Smith","201567,202389,202681,2544,2747","Love, Mozgov, Irving, James, Smith",0,15,15,16,16,443.0
21500631,20160120,1,2,CLE,BKN,"201567 Love, 202684 Thompson, 203521 Dellavedova, 2544 James, 2747 Smith","201567,202684,203521,2544,2747","Love, Thompson, Dellavedova, James, Smith",0,4,0,4,4,97.0
21500631,20160120,1,3,CLE,BKN,"201567 Love, 202684 Thompson, 203521 Dellavedova, 2544 James, 2747 Smith","201567,202684,203521,2544,2747","Love, Thompson, Dellavedova, James, Smith",0,2,0,1,2,27.0
21500631,20160120,1,4,CLE,BKN,"201567 Love, 202684 Thompson, 202697 Shumpert, 203521 Dellavedova, 2544 James","201567,202684,202697,203521,2544","Love, Thompson, Shumpert, Dellavedova, James",0,2,2,3,4,117.9
21500631,20160120,1,5,CLE,BKN,"202684 Thompson, 202697 Shumpert, 203521 Dellavedova, 2210 Jefferson, 2592 Jones","202684,202697,203521,2210,2592","Thompson, Shumpert, Dellavedova, Jefferson, Jones",0,0,0,1,1,35.1
21500631,20160120,2,1,CLE,BKN,"202684 Thompson, 202697 Shumpert, 203521 Dellavedova, 2210 Jefferson, 2592 Jones","202684,202697,203521,2210,2592","Thompson, Shumpert, Dellavedova, Jefferson, Jones",0,0,0,0,1,11.0
21500631,20160120,2,2,CLE,BKN,"202681 Irving, 202684 Thompson, 202697 Shumpert, 2210 Jefferson, 2592 Jones","202681,202684,202697,2210,2592","Irving, Thompson, Shumpert, Jefferson, Jones",0,5,7,5,5,173.0
21500631,20160120,2,3,CLE,BKN,"201567 Love, 202681 Irving, 202684 Thompson, 202697 Shumpert, 2210 Jefferson","201567,202681,202684,202697,2210","Love, Irving, Thompson, Shumpert, Jefferson",0,4,2,5,4,126.0
21500631,20160120,2,4,CLE,BKN,"201567 Love, 202681 Irving, 202684 Thompson, 202697 Shumpert, 2210 Jefferson","201567,202681,202684,202697,2210","Love, Irving, Thompson, Shumpert, Jefferson",0,5,2,3,3,72.0
21500631,20160120,2,5,CLE,BKN,"201567 Love, 202681 Irving, 202684 Thompson, 202697 Shumpert, 2544 James","201567,202681,202684,202697,2544","Love, Irving, Thompson, Shumpert, James",0,4,0,2,3,65.0
21500631,20160120,2,6,CLE,BKN,"201567 Love, 202389 Mozgov, 202697 Shumpert, 203521 Dellavedova, 2544 James","201567,202389,202697,203521,2544","Love, Mozgov, Shumpert, Dellavedova, James",0,2,2,2,2,66.0
21500631,20160120,2,7,CLE,BKN,"201567 Love, 202389 Mozgov, 203521 Dellavedova, 2544 James, 2747 Smith","201567,202389,203521,2544,2747","Love, Mozgov, Dellavedova, James, Smith",0,4,4,4,4,85.0
21500631,20160120,2,8,CLE,BKN,"201567 Love, 202389 Mozgov, 203521 Dellavedova, 2544 James, 2747 Smith","201567,202389,203521,2544,2747","Love, Mozgov, Dellavedova, James, Smith",0,2,0,2,2,41.0
21500631,20160120,2,9,CLE,BKN,"201567 Love, 202389 Mozgov, 203521 Dellavedova, 2544 James, 2747 Smith","201567,202389,203521,2544,2747","Love, Mozgov, Dellavedova, James, Smith",0,2,2,2,3,71.1
21500631,20160120,2,10,CLE,BKN,"201567 Love, 202389 Mozgov, 202697 Shumpert, 2544 James, 2747 Smith","201567,202389,202697,2544,2747","Love, Mozgov, Shumpert, James, Smith",0,0,2,0,1,9.9
21500631,20160120,3,1,CLE,BKN,"201567 Love, 202389 Mozgov, 202697 Shumpert, 2544 James, 2747 Smith","201567,202389,202697,2544,2747","Love, Mozgov, Shumpert, James, Smith",0,0,0,0,1,18.0
21500631,20160120,3,2,CLE,BKN,"201567 Love, 202389 Mozgov, 202681 Irving, 2544 James, 2747 Smith","201567,202389,202681,2544,2747","Love, Mozgov, Irving, James, Smith",0,3,9,6,7,143.0
21500631,20160120,3,3,CLE,BKN,"201567 Love, 202389 Mozgov, 202681 Irving, 202697 Shumpert, 2544 James","201567,202389,202681,202697,2544","Love, Mozgov, Irving, Shumpert, James",0,7,2,6,6,164.0
21500631,20160120,3,4,CLE,BKN,"201567 Love, 202389 Mozgov, 202681 Irving, 202697 Shumpert, 2544 James","201567,202389,202681,202697,2544","Love, Mozgov, Irving, Shumpert, James",0,2,0,2,3,62.0
21500631,20160120,3,5,CLE,BKN,"201567 Love, 202389 Mozgov, 202697 Shumpert, 203521 Dellavedova, 2544 James","201567,202389,202697,203521,2544","Love, Mozgov, Shumpert, Dellavedova, James",0,2,4,3,3,110.0
21500631,20160120,3,6,CLE,BKN,"201567 Love, 202684 Thompson, 202697 Shumpert, 203521 Dellavedova, 2544 James","201567,202684,202697,203521,2544","Love, Thompson, Shumpert, Dellavedova, James",0,3,0,1,1,34.0
21500631,20160120,3,7,CLE,BKN,"201567 Love, 202684 Thompson, 202697 Shumpert, 203521 Dellavedova, 2544 James","201567,202684,202697,203521,2544","Love, Thompson, Shumpert, Dellavedova, James",0,1,0,3,4,63.0
21500631,20160120,3,8,CLE,BKN,"201567 Love, 202684 Thompson, 202697 Shumpert, 203521 Dellavedova, 2544 James","201567,202684,202697,203521,2544","Love, Thompson, Shumpert, Dellavedova, James",0,2,2,1,2,64.0
21500631,20160120,3,9,CLE,BKN,"202684 Thompson, 202697 Shumpert, 203521 Dellavedova, 2544 James, 2592 Jones","202684,202697,203521,2544,2592","Thompson, Shumpert, Dellavedova, James, Jones",0,2,0,1,3,62.0
21500631,20160120,4,1,CLE,BKN,"202684 Thompson, 202697 Shumpert, 203521 Dellavedova, 2544 James, 2592 Jones","202684,202697,203521,2544,2592","Thompson, Shumpert, Dellavedova, James, Jones",0,0,0,1,0,12.0
21500631,20160120,4,2,CLE,BKN,"202684 Thompson, 202697 Shumpert, 203521 Dellavedova, 2592 Jones, 2747 Smith","202684,202697,203521,2592,2747","Thompson, Shumpert, Dellavedova, Jones, Smith",0,4,4,5,5,148.0
21500631,20160120,4,3,CLE,BKN,"202684 Thompson, 202697 Shumpert, 203521 Dellavedova, 2592 Jones, 2747 Smith","202684,202697,203521,2592,2747","Thompson, Shumpert, Dellavedova, Jones, Smith",0,8,3,5,6,136.0
21500631,20160120,4,4,CLE,BKN,"202684 Thompson, 202697 Shumpert, 203521 Dellavedova, 2592 Jones, 2747 Smith","202684,202697,203521,2592,2747","Thompson, Shumpert, Dellavedova, Jones, Smith",0,0,2,1,2,42.0
21500631,20160120,4,5,CLE,BKN,"202684 Thompson, 202697 Shumpert, 2590 Williams, 2592 Jones, 2747 Smith","202684,202697,2590,2592,2747","Thompson, Shumpert, Williams, Jones, Smith",0,0,4,5,5,135.0
21500631,20160120,4,6,CLE,BKN,"202684 Thompson, 202697 Shumpert, 2590 Williams, 2592 Jones, 2747 Smith","202684,202697,2590,2592,2747","Thompson, Shumpert, Williams, Jones, Smith",0,2,4,4,3,85.0
21500631,20160120,4,7,CLE,BKN,"202684 Thompson, 202697 Shumpert, 2590 Williams, 2592 Jones, 2747 Smith","202684,202697,2590,2592,2747","Thompson, Shumpert, Williams, Jones, Smith",0,2,0,1,1,5.0
21500631,20160120,4,8,CLE,BKN,"202684 Thompson, 203099 Cunningham, 2210 Jefferson, 2590 Williams, 2592 Jones","202684,203099,2210,2590,2592","Thompson, Cunningham, Jefferson, Williams, Jones",0,0,2,1,1,27.0
21500631,20160120,4,9,CLE,BKN,"202684 Thompson, 203099 Cunningham, 2210 Jefferson, 2590 Williams, 2592 Jones","202684,203099,2210,2590,2592","Thompson, Cunningham, Jefferson, Williams, Jones",0,2,4,4,5,130.0
21500640,20160121,1,1,CLE,LAC,"201567 Love, 202389 Mozgov, 202681 Irving, 2544 James, 2747 Smith","201567,202389,202681,2544,2747","Love, Mozgov, Irving, James, Smith",0,14,10,10,11,306.0
21500640,20160121,1,2,CLE,LAC,"201567 Love, 202389 Mozgov, 203521 Dellavedova, 2544 James, 2747 Smith","201567,202389,203521,2544,2747","Love, Mozgov, Dellavedova, James, Smith",0,4,7,5,5,179.0
21500640,20160121,1,3,CLE,LAC,"201567 Love, 202684 Thompson, 202697 Shumpert, 203521 Dellavedova, 2544 James","201567,202684,202697,203521,2544","Love, Thompson, Shumpert, Dellavedova, James",0,5,5,4,5,87.0
21500640,20160121,1,4,CLE,LAC,"202684 Thompson, 202697 Shumpert, 203521 Dellavedova, 2544 James, 2592 Jones","202684,202697,203521,2544,2592","Thompson, Shumpert, Dellavedova, James, Jones",0,5,9,4,5,148.0
21500640,20160121,2,1,CLE,LAC,"202684 Thompson, 202697 Shumpert, 203521 Dellavedova, 2544 James, 2592 Jones","202684,202697,203521,2544,2592","Thompson, Shumpert, Dellavedova, James, Jones",0,0,0,1,0,17.0
21500640,20160121,2,2,CLE,LAC,"202681 Irving, 202684 Thompson, 202697 Shumpert, 203521 Dellavedova, 2592 Jones","202681,202684,202697,203521,2592","Irving, Thompson, Shumpert, Dellavedova, Jones",0,3,3,3,3,106.0
21500640,20160121,2,3,CLE,LAC,"202681 Irving, 202684 Thompson, 202697 Shumpert, 2592 Jones, 2747 Smith","202681,202684,202697,2592,2747","Irving, Thompson, Shumpert, Jones, Smith",0,7,4,6,6,147.0
21500640,20160121,2,4,CLE,LAC,"202681 Irving, 202684 Thompson, 202697 Shumpert, 2592 Jones, 2747 Smith","202681,202684,202697,2592,2747","Irving, Thompson, Shumpert, Jones, Smith",0,1,0,1,0,14.0
21500640,20160121,2,5,CLE,LAC,"201567 Love, 202681 Irving, 202684 Thompson, 202697 Shumpert, 2747 Smith","201567,202681,202684,202697,2747","Love, Irving, Thompson, Shumpert, Smith",0,4,2,2,3,52.0
21500640,20160121,2,6,CLE,LAC,"201567 Love, 202681 Irving, 202684 Thompson, 2544 James, 2747 Smith","201567,202681,202684,2544,2747","Love, Irving, Thompson, James, Smith",0,0,0,0,1,14.0
21500640,20160121,2,7,CLE,LAC,"201567 Love, 202681 Irving, 202684 Thompson, 2544 James, 2747 Smith","201567,202681,202684,2544,2747","Love, Irving, Thompson, James, Smith",0,0,0,0,3,27.0
21500640,20160121,2,8,CLE,LAC,"201567 Love, 202681 Irving, 202684 Thompson, 2544 James, 2747 Smith","201567,202681,202684,2544,2747","Love, Irving, Thompson, James, Smith",0,0,2,0,1,12.0
21500640,20160121,2,9,CLE,LAC,"201567 Love, 202684 Thompson, 203521 Dellavedova, 2544 James, 2747 Smith","201567,202684,203521,2544,2747","Love, Thompson, Dellavedova, James, Smith",0,4,2,5,4,107.0
21500640,20160121,2,10,CLE,LAC,"201567 Love, 202389 Mozgov, 203521 Dellavedova, 2544 James, 2747 Smith","201567,202389,203521,2544,2747","Love, Mozgov, Dellavedova, James, Smith",0,8,2,5,5,133.0
21500640,20160121,2,11,CLE,LAC,"201567 Love, 202389 Mozgov, 202697 Shumpert, 203521 Dellavedova, 2544 James","201567,202389,202697,203521,2544","Love, Mozgov, Shumpert, Dellavedova, James",0,4,3,3,3,58.4
21500640,20160121,2,12,CLE,LAC,"201567 Love, 202389 Mozgov, 202697 Shumpert, 203099 Cunningham, 203521 Dellavedova","201567,202389,202697,203099,203521","Love, Mozgov, Shumpert, Cunningham, Dellavedova",0,0,1,0,2,6.0
21500640,20160121,2,13,CLE,LAC,"201567 Love, 202389 Mozgov, 202697 Shumpert, 203521 Dellavedova, 2544 James","201567,202389,202697,203521,2544","Love, Mozgov, Shumpert, Dellavedova, James",0,0,0,2,1,26.6
21500640,20160121,3,1,CLE,LAC,"201567 Love, 202389 Mozgov, 202697 Shumpert, 203521 Dellavedova, 2544 James","201567,202389,202697,203521,2544","Love, Mozgov, Shumpert, Dellavedova, James",0,0,0,1,0,12.0
21500640,20160121,3,2,CLE,LAC,"201567 Love, 202389 Mozgov, 202681 Irving, 2544 James, 2747 Smith","201567,202389,202681,2544,2747","Love, Mozgov, Irving, James, Smith",0,8,5,7,7,186.0
21500640,20160121,3,3,CLE,LAC,"201567 Love, 202389 Mozgov, 202681 Irving, 2544 James, 2747 Smith","201567,202389,202681,2544,2747","Love, Mozgov, Irving, James, Smith",0,0,0,1,1,21.0
21500640,20160121,3,4,CLE,LAC,"201567 Love, 202389 Mozgov, 202681 Irving, 2544 James, 2747 Smith","201567,202389,202681,2544,2747","Love, Mozgov, Irving, James, Smith",0,2,7,3,4,101.0
21500640,20160121,3,5,CLE,LAC,"201567 Love, 202389 Mozgov, 203521 Dellavedova, 2544 James, 2747 Smith","201567,202389,203521,2544,2747","Love, Mozgov, Dellavedova, James, Smith",0,5,3,2,2,84.0
21500640,20160121,3,6,CLE,LAC,"202389 Mozgov, 203521 Dellavedova, 2544 James, 2592 Jones, 2747 Smith","202389,203521,2544,2592,2747","Mozgov, Dellavedova, James, Jones, Smith",0,2,2,3,3,90.0
21500640,20160121,3,7,CLE,LAC,"202684 Thompson, 203521 Dellavedova, 2544 James, 2592 Jones, 2747 Smith","202684,203521,2544,2592,2747","Thompson, Dellavedova, James, Jones, Smith",0,3,3,2,3,77.0
21500640,20160121,3,8,CLE,LAC,"202684 Thompson, 203521 Dellavedova, 2544 James, 2592 Jones, 2747 Smith","202684,203521,2544,2592,2747","Thompson, Dellavedova, James, Jones, Smith",0,0,0,1,0,16.0
21500640,20160121,3,9,CLE,LAC,"202681 Irving, 202684 Thompson, 2544 James, 2592 Jones, 2747 Smith","202681,202684,2544,2592,2747","Irving, Thompson, James, Jones, Smith",0,7,2,4,3,65.0
21500640,20160121,3,10,CLE,LAC,"202681 Irving, 202684 Thompson, 203521 Dellavedova, 2544 James, 2747 Smith","202681,202684,203521,2544,2747","Irving, Thompson, Dellavedova, James, Smith",0,2,0,3,1,68.0
21500640,20160121,4,1,CLE,LAC,"202681 Irving, 202684 Thompson, 203521 Dellavedova, 2544 James, 2747 Smith","202681,202684,203521,2544,2747","Irving, Thompson, Dellavedova, James, Smith",0,0,0,0,1,17.0
21500640,20160121,4,2,CLE,LAC,"201567 Love, 202681 Irving, 202684 Thompson, 202697 Shumpert, 203521 Dellavedova","201567,202681,202684,202697,203521","Love, Irving, Thompson, Shumpert, Dellavedova",0,0,3,3,3,54.0
21500640,20160121,4,3,CLE,LAC,"201567 Love, 202681 Irving, 202684 Thompson, 202697 Shumpert, 203521 Dellavedova","201567,202681,202684,202697,203521","Love, Irving, Thompson, Shumpert, Dellavedova",0,3,2,6,5,119.0
21500640,20160121,4,4,CLE,LAC,"201567 Love, 202681 Irving, 202684 Thompson, 202697 Shumpert, 203521 Dellavedova","201567,202681,202684,202697,203521","Love, Irving, Thompson, Shumpert, Dellavedova",0,2,8,4,4,100.0
21500640,20160121,4,5,CLE,LAC,"201567 Love, 202681 Irving, 202684 Thompson, 202697 Shumpert, 2544 James","201567,202681,202684,202697,2544","Love, Irving, Thompson, Shumpert, James",0,0,0,1,1,26.0
21500640,20160121,4,6,CLE,LAC,"201567 Love, 202681 Irving, 202684 Thompson, 2544 James, 2747 Smith","201567,202681,202684,2544,2747","Love, Irving, Thompson, James, Smith",0,3,2,2,3,69.0
21500640,20160121,4,7,CLE,LAC,"201567 Love, 202681 Irving, 202684 Thompson, 2544 James, 2747 Smith","201567,202681,202684,2544,2747","Love, Irving, Thompson, James, Smith",0,0,0,0,1,1.0
21500640,20160121,4,8,CLE,LAC,"201567 Love, 202681 Irving, 202684 Thompson, 2544 James, 2747 Smith","201567,202681,202684,2544,2747","Love, Irving, Thompson, James, Smith",0,2,1,1,2,27.0
21500640,20160121,4,9,CLE,LAC,"201567 Love, 202681 Irving, 202684 Thompson, 2544 James, 2747 Smith","201567,202681,202684,2544,2747","Love, Irving, Thompson, James, Smith",0,3,0,2,1,38.0
21500640,20160121,4,10,CLE,LAC,"201567 Love, 202681 Irving, 202684 Thompson, 2544 James, 2747 Smith","201567,202681,202684,2544,2747","Love, Irving, Thompson, James, Smith",0,3,2,1,1,17.0
21500640,20160121,4,11,CLE,LAC,"201567 Love, 202681 Irving, 202697 Shumpert, 2544 James, 2747 Smith","201567,202681,202697,2544,2747","Love, Irving, Shumpert, James, Smith",0,1,0,1,0,18.0
21500640,20160121,4,12,CLE,LAC,"201567 Love, 202681 Irving, 202697 Shumpert, 2544 James, 2747 Smith","201567,202681,202697,2544,2747","Love, Irving, Shumpert, James, Smith",0,3,4,2,2,43.0
21500640,20160121,4,13,CLE,LAC,"201567 Love, 202681 Irving, 202697 Shumpert, 2544 James, 2747 Smith","201567,202681,202697,2544,2747","Love, Irving, Shumpert, James, Smith",0,7,3,8,8,191.0
21500659,20160123,1,1,CLE,CHI,"201567 Love, 202389 Mozgov, 202681 Irving, 2544 James, 2747 Smith","201567,202389,202681,2544,2747","Love, Mozgov, Irving, James, Smith",0,14,8,10,11,318.0
21500659,20160123,1,2,CLE,CHI,"202389 Mozgov, 202681 Irving, 2544 James, 2592 Jones, 2747 Smith","202389,202681,2544,2592,2747","Mozgov, Irving, James, Jones, Smith",0,0,2,3,4,73.0
21500659,20160123,1,3,CLE,CHI,"202684 Thompson, 203521 Dellavedova, 2544 James, 2592 Jones, 2747 Smith","202684,203521,2544,2592,2747","Thompson, Dellavedova, James, Jones, Smith",0,0,2,1,2,34.0
21500659,20160123,1,4,CLE,CHI,"202684 Thompson, 202697 Shumpert, 203521 Dellavedova, 2592 Jones, 2747 Smith","202684,202697,203521,2592,2747","Thompson, Shumpert, Dellavedova, Jones, Smith",0,0,0,2,2,46.0
21500659,20160123,1,5,CLE,CHI,"202684 Thompson, 202697 Shumpert, 203521 Dellavedova, 2592 Jones, 2747 Smith","202684,202697,203521,2592,2747","Thompson, Shumpert, Dellavedova, Jones, Smith",0,0,2,2,2,71.0
21500659,20160123,1,6,CLE,CHI,"201567 Love, 202684 Thompson, 202697 Shumpert, 203521 Dellavedova, 2590 Williams","201567,202684,202697,203521,2590","Love, Thompson, Shumpert, Dellavedova, Williams",0,0,0,1,2,26.0
21500659,20160123,1,7,CLE,CHI,"201567 Love, 202684 Thompson, 202697 Shumpert, 203521 Dellavedova, 2590 Williams","201567,202684,202697,203521,2590","Love, Thompson, Shumpert, Dellavedova, Williams",0,0,5,4,4,118.8
21500659,20160123,1,8,CLE,CHI,"201567 Love, 202681 Irving, 202684 Thompson, 202697 Shumpert, 2590 Williams","201567,202681,202684,202697,2590","Love, Irving, Thompson, Shumpert, Williams",0,0,2,1,1,33.2
21500659,20160123,2,1,CLE,CHI,"201567 Love, 202681 Irving, 202684 Thompson, 202697 Shumpert, 2590 Williams","201567,202681,202684,202697,2590","Love, Irving, Thompson, Shumpert, Williams",0,0,0,1,0,18.0
21500659,20160123,2,2,CLE,CHI,"201567 Love, 202681 Irving, 202684 Thompson, 202697 Shumpert, 2544 James","201567,202681,202684,202697,2544","Love, Irving, Thompson, Shumpert, James",0,2,2,1,1,15.0
21500659,20160123,2,3,CLE,CHI,"201567 Love, 202681 Irving, 202697 Shumpert, 2544 James, 2747 Smith","201567,202681,202697,2544,2747","Love, Irving, Shumpert, James, Smith",0,4,0,2,2,49.0
21500659,20160123,2,4,CLE,CHI,"201567 Love, 202681 Irving, 202697 Shumpert, 2544 James, 2747 Smith","201567,202681,202697,2544,2747","Love, Irving, Shumpert, James, Smith",0,2,5,5,6,131.0
21500659,20160123,2,5,CLE,CHI,"202389 Mozgov, 202697 Shumpert, 203521 Dellavedova, 2544 James, 2747 Smith","202389,202697,203521,2544,2747","Mozgov, Shumpert, Dellavedova, James, Smith",0,4,4,5,5,148.0
21500659,20160123,2,6,CLE,CHI,"202389 Mozgov, 203521 Dellavedova, 2544 James, 2592 Jones, 2747 Smith","202389,203521,2544,2592,2747","Mozgov, Dellavedova, James, Jones, Smith",0,8,5,5,6,166.0
21500659,20160123,2,7,CLE,CHI,"201567 Love, 202389 Mozgov, 203521 Dellavedova, 2544 James, 2747 Smith","201567,202389,203521,2544,2747","Love, Mozgov, Dellavedova, James, Smith",0,0,2,1,1,28.0
21500659,20160123,2,8,CLE,CHI,"201567 Love, 202389 Mozgov, 203521 Dellavedova, 2544 James, 2747 Smith","201567,202389,203521,2544,2747","Love, Mozgov, Dellavedova, James, Smith",0,0,0,1,0,1.0
21500659,20160123,2,9,CLE,CHI,"201567 Love, 202389 Mozgov, 202681 Irving, 2544 James, 2747 Smith","201567,202389,202681,2544,2747","Love, Mozgov, Irving, James, Smith",0,5,5,6,5,164.0
21500659,20160123,3,1,CLE,CHI,"201567 Love, 202389 Mozgov, 202681 Irving, 2544 James, 2747 Smith","201567,202389,202681,2544,2747","Love, Mozgov, Irving, James, Smith",0,0,0,1,0,12.0
21500659,20160123,3,2,CLE,CHI,"201567 Love, 202389 Mozgov, 202681 Irving, 2544 James, 2747 Smith","201567,202389,202681,2544,2747","Love, Mozgov, Irving, James, Smith",0,8,7,7,7,227.0
21500659,20160123,3,3,CLE,CHI,"201567 Love, 202681 Irving, 202684 Thompson, 2544 James, 2747 Smith","201567,202681,202684,2544,2747","Love, Irving, Thompson, James, Smith",0,0,2,2,2,31.0
21500659,20160123,3,4,CLE,CHI,"202389 Mozgov, 202681 Irving, 202684 Thompson, 2544 James, 2747 Smith","202389,202681,202684,2544,2747","Mozgov, Irving, Thompson, James, Smith",0,1,4,3,3,130.0
21500659,20160123,3,5,CLE,CHI,"201567 Love, 202681 Irving, 202684 Thompson, 202697 Shumpert, 2747 Smith","201567,202681,202684,202697,2747","Love, Irving, Thompson, Shumpert, Smith",0,4,2,4,3,85.0
21500659,20160123,3,6,CLE,CHI,"201567 Love, 202684 Thompson, 202697 Shumpert, 203521 Dellavedova, 2747 Smith","201567,202684,202697,203521,2747","Love, Thompson, Shumpert, Dellavedova, Smith",0,3,7,4,4,116.0
21500659,20160123,3,7,CLE,CHI,"201567 Love, 202684 Thompson, 202697 Shumpert, 203521 Dellavedova, 2544 James","201567,202684,202697,203521,2544","Love, Thompson, Shumpert, Dellavedova, James",0,3,6,5,4,119.0
21500659,20160123,4,1,CLE,CHI,"201567 Love, 202684 Thompson, 202697 Shumpert, 203521 Dellavedova, 2544 James","201567,202684,202697,203521,2544","Love, Thompson, Shumpert, Dellavedova, James",0,0,0,0,1,20.0
21500659,20160123,4,2,CLE,CHI,"201567 Love, 202681 Irving, 202684 Thompson, 202697 Shumpert, 2544 James","201567,202681,202684,202697,2544","Love, Irving, Thompson, Shumpert, James",0,9,7,6,6,214.0
21500659,20160123,4,3,CLE,CHI,"202684 Thompson, 202697 Shumpert, 203521 Dellavedova, 2544 James, 2747 Smith","202684,202697,203521,2544,2747","Thompson, Shumpert, Dellavedova, James, Smith",0,0,0,1,1,29.0
21500659,20160123,4,4,CLE,CHI,"202684 Thompson, 202697 Shumpert, 203521 Dellavedova, 2544 James, 2747 Smith","202684,202697,203521,2544,2747","Thompson, Shumpert, Dellavedova, James, Smith",0,2,0,4,4,107.0
21500659,20160123,4,5,CLE,CHI,"202681 Irving, 202684 Thompson, 203521 Dellavedova, 2544 James, 2747 Smith","202681,202684,203521,2544,2747","Irving, Thompson, Dellavedova, James, Smith",0,2,4,3,3,93.0
21500659,20160123,4,6,CLE,CHI,"201567 Love, 202681 Irving, 203521 Dellavedova, 2544 James, 2747 Smith","201567,202681,203521,2544,2747","Love, Irving, Dellavedova, James, Smith",0,5,2,4,2,67.0
21500659,20160123,4,7,CLE,CHI,"201567 Love, 202681 Irving, 203521 Dellavedova, 2544 James, 2747 Smith","201567,202681,203521,2544,2747","Love, Irving, Dellavedova, James, Smith",0,7,11,8,7,190.0
21500667,20160125,1,1,CLE,MIN,"201567 Love, 202681 Irving, 202684 Thompson, 2544 James, 2747 Smith","201567,202681,202684,2544,2747","Love, Irving, Thompson, James, Smith",0,14,8,10,10,300.0
21500667,20160125,1,2,CLE,MIN,"201567 Love, 202681 Irving, 202684 Thompson, 2544 James, 2747 Smith","201567,202681,202684,2544,2747","Love, Irving, Thompson, James, Smith",0,2,2,2,1,42.0
21500667,20160125,1,3,CLE,MIN,"202389 Mozgov, 202681 Irving, 202684 Thompson, 2544 James, 2747 Smith","202389,202681,202684,2544,2747","Mozgov, Irving, Thompson, James, Smith",0,0,4,2,2,65.0
21500667,20160125,1,4,CLE,MIN,"202389 Mozgov, 202684 Thompson, 203521 Dellavedova, 2544 James, 2747 Smith","202389,202684,203521,2544,2747","Mozgov, Thompson, Dellavedova, James, Smith",0,6,9,5,5,127.0
21500667,20160125,1,5,CLE,MIN,"201567 Love, 202389 Mozgov, 202697 Shumpert, 203521 Dellavedova, 2747 Smith","201567,202389,202697,203521,2747","Love, Mozgov, Shumpert, Dellavedova, Smith",0,2,0,2,2,41.0
21500667,20160125,1,6,CLE,MIN,"201567 Love, 202389 Mozgov, 202697 Shumpert, 203521 Dellavedova, 2747 Smith","201567,202389,202697,203521,2747","Love, Mozgov, Shumpert, Dellavedova, Smith",0,0,2,2,3,58.0
21500667,20160125,1,7,CLE,MIN,"201567 Love, 202389 Mozgov, 202697 Shumpert, 203521 Dellavedova, 2590 Williams","201567,202389,202697,203521,2590","Love, Mozgov, Shumpert, Dellavedova, Williams",0,8,4,3,3,87.0
21500667,20160125,2,1,CLE,MIN,"201567 Love, 202389 Mozgov, 202697 Shumpert, 203521 Dellavedova, 2590 Williams","201567,202389,202697,203521,2590","Love, Mozgov, Shumpert, Dellavedova, Williams",0,2,0,1,1,31.0
21500667,20160125,2,2,CLE,MIN,"201567 Love, 202389 Mozgov, 202681 Irving, 202697 Shumpert, 2590 Williams","201567,202389,202681,202697,2590","Love, Mozgov, Irving, Shumpert, Williams",0,0,5,3,4,92.0
21500667,20160125,2,3,CLE,MIN,"201567 Love, 202681 Irving, 202697 Shumpert, 2544 James, 2590 Williams","201567,202681,202697,2544,2590","Love, Irving, Shumpert, James, Williams",0,5,4,6,3,112.0
21500667,20160125,2,4,CLE,MIN,"201567 Love, 202681 Irving, 202697 Shumpert, 2544 James, 2747 Smith","201567,202681,202697,2544,2747","Love, Irving, Shumpert, James, Smith",0,2,2,4,3,73.0
21500667,20160125,2,5,CLE,MIN,"201567 Love, 202681 Irving, 202684 Thompson, 2544 James, 2747 Smith","201567,202681,202684,2544,2747","Love, Irving, Thompson, James, Smith",0,2,0,4,3,111.0
21500667,20160125,2,6,CLE,MIN,"202684 Thompson, 202697 Shumpert, 203521 Dellavedova, 2544 James, 2747 Smith","202684,202697,203521,2544,2747","Thompson, Shumpert, Dellavedova, James, Smith",0,8,11,7,6,167.0
21500667,20160125,2,7,CLE,MIN,"202684 Thompson, 202697 Shumpert, 203521 Dellavedova, 2544 James, 2747 Smith","202684,202697,203521,2544,2747","Thompson, Shumpert, Dellavedova, James, Smith",0,5,2,5,2,67.0
21500667,20160125,2,8,CLE,MIN,"202681 Irving, 202684 Thompson, 203521 Dellavedova, 2544 James, 2747 Smith","202681,202684,203521,2544,2747","Irving, Thompson, Dellavedova, James, Smith",0,3,2,3,2,67.0
21500667,20160125,3,1,CLE,MIN,"202681 Irving, 202684 Thompson, 203521 Dellavedova, 2544 James, 2747 Smith","202681,202684,203521,2544,2747","Irving, Thompson, Dellavedova, James, Smith",0,0,0,1,0,15.0
21500667,20160125,3,2,CLE,MIN,"201567 Love, 202681 Irving, 202684 Thompson, 2544 James, 2747 Smith","201567,202681,202684,2544,2747","Love, Irving, Thompson, James, Smith",0,4,8,8,7,229.0
21500667,20160125,3,3,CLE,MIN,"201567 Love, 202684 Thompson, 203521 Dellavedova, 2544 James, 2747 Smith","201567,202684,203521,2544,2747","Love, Thompson, Dellavedova, James, Smith",0,2,3,2,2,76.0
21500667,20160125,3,4,CLE,MIN,"201567 Love, 202684 Thompson, 203521 Dellavedova, 2544 James, 2747 Smith","201567,202684,203521,2544,2747","Love, Thompson, Dellavedova, James, Smith",0,8,2,5,5,110.0
21500667,20160125,3,5,CLE,MIN,"201567 Love, 202684 Thompson, 202697 Shumpert, 203521 Dellavedova, 2747 Smith","201567,202684,202697,203521,2747","Love, Thompson, Shumpert, Dellavedova, Smith",0,1,2,3,4,105.0
21500667,20160125,3,6,CLE,MIN,"202389 Mozgov, 202684 Thompson, 202697 Shumpert, 203521 Dellavedova, 2747 Smith","202389,202684,202697,203521,2747","Mozgov, Thompson, Shumpert, Dellavedova, Smith",0,2,1,2,3,81.0
21500667,20160125,3,7,CLE,MIN,"202389 Mozgov, 202681 Irving, 202684 Thompson, 202697 Shumpert, 203521 Dellavedova","202389,202681,202684,202697,203521","Mozgov, Irving, Thompson, Shumpert, Dellavedova",0,2,0,2,2,47.5
21500667,20160125,3,8,CLE,MIN,"202389 Mozgov, 202681 Irving, 202684 Thompson, 202697 Shumpert, 203521 Dellavedova","202389,202681,202684,202697,203521","Mozgov, Irving, Thompson, Shumpert, Dellavedova",0,5,2,3,3,56.8
21500667,20160125,4,1,CLE,MIN,"202389 Mozgov, 202681 Irving, 202684 Thompson, 202697 Shumpert, 203521 Dellavedova","202389,202681,202684,202697,203521","Mozgov, Irving, Thompson, Shumpert, Dellavedova",0,0,0,0,1,15.0
21500667,20160125,4,2,CLE,MIN,"201567 Love, 202389 Mozgov, 202681 Irving, 202697 Shumpert, 2544 James","201567,202389,202681,202697,2544","Love, Mozgov, Irving, Shumpert, James",0,7,4,3,4,97.0
21500667,20160125,4,3,CLE,MIN,"201567 Love, 202389 Mozgov, 202681 Irving, 202697 Shumpert, 2544 James","201567,202389,202681,202697,2544","Love, Mozgov, Irving, Shumpert, James",0,2,6,4,5,99.0
21500667,20160125,4,4,CLE,MIN,"201567 Love, 202389 Mozgov, 202681 Irving, 202697 Shumpert, 2544 James","201567,202389,202681,202697,2544","Love, Mozgov, Irving, Shumpert, James",0,0,2,1,1,13.0
21500667,20160125,4,5,CLE,MIN,"201567 Love, 202681 Irving, 202684 Thompson, 202697 Shumpert, 2544 James","201567,202681,202684,202697,2544","Love, Irving, Thompson, Shumpert, James",0,2,4,5,4,109.0
21500667,20160125,4,6,CLE,MIN,"201567 Love, 202684 Thompson, 203521 Dellavedova, 2544 James, 2747 Smith","201567,202684,203521,2544,2747","Love, Thompson, Dellavedova, James, Smith",0,3,2,4,1,72.0
21500667,20160125,4,7,CLE,MIN,"201567 Love, 202684 Thompson, 203521 Dellavedova, 2544 James, 2747 Smith","201567,202684,203521,2544,2747","Love, Thompson, Dellavedova, James, Smith",0,4,0,4,3,88.0
21500667,20160125,4,8,CLE,MIN,"201567 Love, 202684 Thompson, 203521 Dellavedova, 2544 James, 2747 Smith","201567,202684,203521,2544,2747","Love, Thompson, Dellavedova, James, Smith",0,5,4,3,2,76.0
21500667,20160125,4,9,CLE,MIN,"202681 Irving, 202684 Thompson, 203521 Dellavedova, 2544 James, 2747 Smith","202681,202684,203521,2544,2747","Irving, Thompson, Dellavedova, James, Smith",0,0,3,1,2,11.0
21500667,20160125,4,10,CLE,MIN,"201567 Love, 202681 Irving, 203521 Dellavedova, 2544 James, 2747 Smith","201567,202681,203521,2544,2747","Love, Irving, Dellavedova, James, Smith",0,2,4,4,3,97.3
21500667,20160125,4,11,CLE,MIN,"201567 Love, 202681 Irving, 203521 Dellavedova, 2544 James, 2747 Smith","201567,202681,203521,2544,2747","Love, Irving, Dellavedova, James, Smith",0,0,0,0,1,6.2
21500667,20160125,4,12,CLE,MIN,"201567 Love, 202681 Irving, 203521 Dellavedova, 2544 James, 2747 Smith","201567,202681,203521,2544,2747","Love, Irving, Dellavedova, James, Smith",0,4,3,2,2,20.4
21500667,20160125,4,13,CLE,MIN,"202684 Thompson, 202697 Shumpert, 203521 Dellavedova, 2544 James, 2747 Smith","202684,202697,203521,2544,2747","Thompson, Shumpert, Dellavedova, James, Smith",0,2,0,1,1,16.1
21500684,20160127,1,1,CLE,PHX,"201567 Love, 202681 Irving, 202684 Thompson, 2544 James, 2747 Smith","201567,202681,202684,2544,2747","Love, Irving, Thompson, James, Smith",0,11,11,11,12,329.0
21500684,20160127,1,2,CLE,PHX,"202389 Mozgov, 202681 Irving, 202684 Thompson, 2544 James, 2747 Smith","202389,202681,202684,2544,2747","Mozgov, Irving, Thompson, James, Smith",0,8,7,5,8,215.0
21500684,20160127,1,3,CLE,PHX,"202389 Mozgov, 202684 Thompson, 202697 Shumpert, 203521 Dellavedova, 2544 James","202389,202684,202697,203521,2544","Mozgov, Thompson, Shumpert, Dellavedova, James",0,0,2,0,1,27.0
21500684,20160127,1,4,CLE,PHX,"202389 Mozgov, 202684 Thompson, 202697 Shumpert, 203521 Dellavedova, 2544 James","202389,202684,202697,203521,2544","Mozgov, Thompson, Shumpert, Dellavedova, James",0,4,6,5,4,149.0
21500684,20160127,2,1,CLE,PHX,"202389 Mozgov, 202684 Thompson, 202697 Shumpert, 203521 Dellavedova, 2544 James","202389,202684,202697,203521,2544","Mozgov, Thompson, Shumpert, Dellavedova, James",0,0,0,1,0,19.0
21500684,20160127,2,2,CLE,PHX,"201567 Love, 202389 Mozgov, 202681 Irving, 202697 Shumpert, 2210 Jefferson","201567,202389,202681,202697,2210","Love, Mozgov, Irving, Shumpert, Jefferson",0,2,4,4,6,118.0
21500684,20160127,2,3,CLE,PHX,"201567 Love, 202681 Irving, 202697 Shumpert, 2210 Jefferson, 2760 Varejao","201567,202681,202697,2210,2760","Love, Irving, Shumpert, Jefferson, Varejao",0,2,2,5,5,102.0
21500684,20160127,2,4,CLE,PHX,"202681 Irving, 2210 Jefferson, 2544 James, 2747 Smith, 2760 Varejao","202681,2210,2544,2747,2760","Irving, Jefferson, James, Smith, Varejao",0,7,5,4,4,90.0
21500684,20160127,2,5,CLE,PHX,"203521 Dellavedova, 2210 Jefferson, 2544 James, 2747 Smith, 2760 Varejao","203521,2210,2544,2747,2760","Dellavedova, Jefferson, James, Smith, Varejao",0,2,2,1,3,38.0
21500684,20160127,2,6,CLE,PHX,"203521 Dellavedova, 2210 Jefferson, 2544 James, 2747 Smith, 2760 Varejao","203521,2210,2544,2747,2760","Dellavedova, Jefferson, James, Smith, Varejao",0,6,2,3,3,77.0
21500684,20160127,2,7,CLE,PHX,"203521 Dellavedova, 2210 Jefferson, 2544 James, 2747 Smith, 2760 Varejao","203521,2210,2544,2747,2760","Dellavedova, Jefferson, James, Smith, Varejao",0,0,0,0,1,10.0
21500684,20160127,2,8,CLE,PHX,"201567 Love, 202684 Thompson, 203521 Dellavedova, 2210 Jefferson, 2544 James","201567,202684,203521,2210,2544","Love, Thompson, Dellavedova, Jefferson, James",0,0,0,0,1,12.0
21500684,20160127,2,9,CLE,PHX,"201567 Love, 202684 Thompson, 202697 Shumpert, 203521 Dellavedova, 2544 James","201567,202684,202697,203521,2544","Love, Thompson, Shumpert, Dellavedova, James",0,11,9,7,8,194.4
21500684,20160127,2,10,CLE,PHX,"202389 Mozgov, 202684 Thompson, 202697 Shumpert, 203521 Dellavedova, 2210 Jefferson","202389,202684,202697,203521,2210","Mozgov, Thompson, Shumpert, Dellavedova, Jefferson",0,2,0,2,2,59.6
21500684,20160127,3,1,CLE,PHX,"202389 Mozgov, 202684 Thompson, 202697 Shumpert, 203521 Dellavedova, 2210 Jefferson","202389,202684,202697,203521,2210","Mozgov, Thompson, Shumpert, Dellavedova, Jefferson",0,0,0,1,0,15.0
21500684,20160127,3,2,CLE,PHX,"201567 Love, 202681 Irving, 202684 Thompson, 2544 James, 2747 Smith","201567,202681,202684,2544,2747","Love, Irving, Thompson, James, Smith",0,5,0,3,3,74.0
21500684,20160127,3,3,CLE,PHX,"201567 Love, 202681 Irving, 202684 Thompson, 2544 James, 2747 Smith","201567,202681,202684,2544,2747","Love, Irving, Thompson, James, Smith",0,7,0,3,4,84.0
21500684,20160127,3,4,CLE,PHX,"201567 Love, 202681 Irving, 202684 Thompson, 2544 James, 2747 Smith","201567,202681,202684,2544,2747","Love, Irving, Thompson, James, Smith",0,4,6,7,7,205.0
21500684,20160127,3,5,CLE,PHX,"201567 Love, 202681 Irving, 202684 Thompson, 2544 James, 2747 Smith","201567,202681,202684,2544,2747","Love, Irving, Thompson, James, Smith",0,3,5,3,3,94.0
21500684,20160127,3,6,CLE,PHX,"201567 Love, 202684 Thompson, 203521 Dellavedova, 2544 James, 2747 Smith","201567,202684,203521,2544,2747","Love, Thompson, Dellavedova, James, Smith",0,0,1,0,1,11.0
21500684,20160127,3,7,CLE,PHX,"201567 Love, 202684 Thompson, 202697 Shumpert, 203521 Dellavedova, 2544 James","201567,202684,202697,203521,2544","Love, Thompson, Shumpert, Dellavedova, James",0,3,2,3,4,112.0
21500684,20160127,3,8,CLE,PHX,"202684 Thompson, 202697 Shumpert, 203521 Dellavedova, 2210 Jefferson, 2544 James","202684,202697,203521,2210,2544","Thompson, Shumpert, Dellavedova, Jefferson, James",0,10,7,6,5,125.0
21500684,20160127,4,1,CLE,PHX,"202684 Thompson, 202697 Shumpert, 203521 Dellavedova, 2210 Jefferson, 2544 James","202684,202697,203521,2210,2544","Thompson, Shumpert, Dellavedova, Jefferson, James",0,0,0,0,1,18.0
21500684,20160127,4,2,CLE,PHX,"201567 Love, 202389 Mozgov, 202697 Shumpert, 203521 Dellavedova, 2210 Jefferson","201567,202389,202697,203521,2210","Love, Mozgov, Shumpert, Dellavedova, Jefferson",0,3,0,2,2,34.0
21500684,20160127,4,3,CLE,PHX,"201567 Love, 202389 Mozgov, 202697 Shumpert, 203521 Dellavedova, 2210 Jefferson","201567,202389,202697,203521,2210","Love, Mozgov, Shumpert, Dellavedova, Jefferson",0,0,0,1,0,19.0
21500684,20160127,4,4,CLE,PHX,"201567 Love, 202389 Mozgov, 202697 Shumpert, 203521 Dellavedova, 2210 Jefferson","201567,202389,202697,203521,2210","Love, Mozgov, Shumpert, Dellavedova, Jefferson",0,4,2,6,5,129.0
21500684,20160127,4,5,CLE,PHX,"201567 Love, 202389 Mozgov, 202697 Shumpert, 203521 Dellavedova, 2210 Jefferson","201567,202389,202697,203521,2210","Love, Mozgov, Shumpert, Dellavedova, Jefferson",0,4,5,2,2,81.0
21500684,20160127,4,6,CLE,PHX,"202389 Mozgov, 202697 Shumpert, 203521 Dellavedova, 2210 Jefferson, 2747 Smith","202389,202697,203521,2210,2747","Mozgov, Shumpert, Dellavedova, Jefferson, Smith",0,6,0,3,3,68.0
21500684,20160127,4,7,CLE,PHX,"202697 Shumpert, 2210 Jefferson, 2590 Williams, 2747 Smith, 2760 Varejao","202697,2210,2590,2747,2760","Shumpert, Jefferson, Williams, Smith, Varejao",0,11,5,11,12,371.0
21500699,20160129,1,1,CLE,DET,"201567 Love, 202389 Mozgov, 202681 Irving, 202684 Thompson, 2544 James","201567,202389,202681,202684,2544","Love, Mozgov, Irving, Thompson, James",0,25,19,18,17,581.0
21500699,20160129,1,2,CLE,DET,"202389 Mozgov, 202684 Thompson, 202697 Shumpert, 203521 Dellavedova, 2544 James","202389,202684,202697,203521,2544","Mozgov, Thompson, Shumpert, Dellavedova, James",0,8,6,5,6,139.0
21500699,20160129,2,1,CLE,DET,"202389 Mozgov, 202684 Thompson, 202697 Shumpert, 203521 Dellavedova, 2544 James","202389,202684,202697,203521,2544","Mozgov, Thompson, Shumpert, Dellavedova, James",0,0,0,1,0,14.0
21500699,20160129,2,2,CLE,DET,"201567 Love, 202684 Thompson, 202697 Shumpert, 203521 Dellavedova, 2210 Jefferson","201567,202684,202697,203521,2210","Love, Thompson, Shumpert, Dellavedova, Jefferson",0,5,4,4,4,117.0
21500699,20160129,2,3,CLE,DET,"201567 Love, 202681 Irving, 202684 Thompson, 202697 Shumpert, 2210 Jefferson","201567,202681,202684,202697,2210","Love, Irving, Thompson, Shumpert, Jefferson",0,4,2,3,3,78.0
21500699,20160129,2,4,CLE,DET,"201567 Love, 202681 Irving, 202684 Thompson, 202697 Shumpert, 2210 Jefferson","201567,202681,202684,202697,2210","Love, Irving, Thompson, Shumpert, Jefferson",0,0,0,1,0,9.0
21500699,20160129,2,5,CLE,DET,"201567 Love, 202681 Irving, 202684 Thompson, 202697 Shumpert, 2210 Jefferson","201567,202681,202684,202697,2210","Love, Irving, Thompson, Shumpert, Jefferson",0,1,0,1,0,14.0
21500699,20160129,2,6,CLE,DET,"201567 Love, 202681 Irving, 202684 Thompson, 202697 Shumpert, 2210 Jefferson","201567,202681,202684,202697,2210","Love, Irving, Thompson, Shumpert, Jefferson",0,4,6,5,5,111.0
21500699,20160129,2,7,CLE,DET,"201567 Love, 202681 Irving, 202684 Thompson, 2544 James, 2747 Smith","201567,202681,202684,2544,2747","Love, Irving, Thompson, James, Smith",0,6,4,3,2,75.0
21500699,20160129,2,8,CLE,DET,"201567 Love, 202681 Irving, 202684 Thompson, 2544 James, 2747 Smith","201567,202681,202684,2544,2747","Love, Irving, Thompson, James, Smith",0,2,0,1,1,23.0
21500699,20160129,2,9,CLE,DET,"201567 Love, 202684 Thompson, 203521 Dellavedova, 2544 James, 2747 Smith","201567,202684,203521,2544,2747","Love, Thompson, Dellavedova, James, Smith",0,5,7,5,6,128.0
21500699,20160129,2,10,CLE,DET,"201567 Love, 202684 Thompson, 203521 Dellavedova, 2544 James, 2747 Smith","201567,202684,203521,2544,2747","Love, Thompson, Dellavedova, James, Smith",0,2,3,1,3,26.0
21500699,20160129,2,11,CLE,DET,"202684 Thompson, 203099 Cunningham, 203521 Dellavedova, 2544 James, 2747 Smith","202684,203099,203521,2544,2747","Thompson, Cunningham, Dellavedova, James, Smith",0,2,5,4,6,125.0
21500699,20160129,3,1,CLE,DET,"201567 Love, 202684 Thompson, 203099 Cunningham, 2544 James, 2747 Smith","201567,202684,203099,2544,2747","Love, Thompson, Cunningham, James, Smith",0,22,12,20,21,575.0
21500699,20160129,3,2,CLE,DET,"201567 Love, 202684 Thompson, 203099 Cunningham, 203521 Dellavedova, 2544 James","201567,202684,203099,203521,2544","Love, Thompson, Cunningham, Dellavedova, James",0,0,1,2,4,58.0
21500699,20160129,3,3,CLE,DET,"202389 Mozgov, 202697 Shumpert, 203099 Cunningham, 203521 Dellavedova, 2544 James","202389,202697,203099,203521,2544","Mozgov, Shumpert, Cunningham, Dellavedova, James",0,2,2,2,5,87.0
21500699,20160129,4,1,CLE,DET,"202389 Mozgov, 202681 Irving, 202697 Shumpert, 203099 Cunningham, 2210 Jefferson","202389,202681,202697,203099,2210","Mozgov, Irving, Shumpert, Cunningham, Jefferson",0,4,8,7,8,196.0
21500699,20160129,4,2,CLE,DET,"202389 Mozgov, 202681 Irving, 202697 Shumpert, 203099 Cunningham, 2747 Smith","202389,202681,202697,203099,2747","Mozgov, Irving, Shumpert, Cunningham, Smith",0,2,4,3,3,95.0
21500699,20160129,4,3,CLE,DET,"201567 Love, 202389 Mozgov, 202681 Irving, 203099 Cunningham, 2747 Smith","201567,202389,202681,203099,2747","Love, Mozgov, Irving, Cunningham, Smith",0,4,2,4,6,144.0
21500699,20160129,4,4,CLE,DET,"201567 Love, 202681 Irving, 203099 Cunningham, 2544 James, 2747 Smith","201567,202681,203099,2544,2747","Love, Irving, Cunningham, James, Smith",0,6,1,6,6,162.0
21500699,20160129,4,5,CLE,DET,"201567 Love, 202684 Thompson, 203099 Cunningham, 2544 James, 2747 Smith","201567,202684,203099,2544,2747","Love, Thompson, Cunningham, James, Smith",0,2,7,3,6,123.0
21500713,20160130,1,1,CLE,SAS,"201567 Love, 202681 Irving, 202684 Thompson, 2544 James, 2747 Smith","201567,202681,202684,2544,2747","Love, Irving, Thompson, James, Smith",0,23,15,14,13,416.0
21500713,20160130,1,2,CLE,SAS,"201567 Love, 202681 Irving, 202684 Thompson, 2544 James, 2747 Smith","201567,202681,202684,2544,2747","Love, Irving, Thompson, James, Smith",0,3,4,3,2,115.0
21500713,20160130,1,3,CLE,SAS,"201567 Love, 202684 Thompson, 203521 Dellavedova, 2210 Jefferson, 2747 Smith","201567,202684,203521,2210,2747","Love, Thompson, Dellavedova, Jefferson, Smith",0,2,5,3,3,69.0
21500713,20160130,1,4,CLE,SAS,"202684 Thompson, 202697 Shumpert, 203521 Dellavedova, 2210 Jefferson, 2747 Smith","202684,202697,203521,2210,2747","Thompson, Shumpert, Dellavedova, Jefferson, Smith",0,5,0,2,1,33.0
21500713,20160130,1,5,CLE,SAS,"202684 Thompson, 202697 Shumpert, 203521 Dellavedova, 2210 Jefferson, 2747 Smith","202684,202697,203521,2210,2747","Thompson, Shumpert, Dellavedova, Jefferson, Smith",0,4,6,3,3,87.0
21500713,20160130,2,1,CLE,SAS,"202684 Thompson, 202697 Shumpert, 203521 Dellavedova, 2210 Jefferson, 2747 Smith","202684,202697,203521,2210,2747","Thompson, Shumpert, Dellavedova, Jefferson, Smith",0,0,0,0,1,18.0
21500713,20160130,2,2,CLE,SAS,"202389 Mozgov, 202681 Irving, 202697 Shumpert, 203521 Dellavedova, 2210 Jefferson","202389,202681,202697,203521,2210","Mozgov, Irving, Shumpert, Dellavedova, Jefferson",0,5,2,2,3,55.0
21500713,20160130,2,3,CLE,SAS,"202389 Mozgov, 202681 Irving, 202697 Shumpert, 203521 Dellavedova, 2210 Jefferson","202389,202681,202697,203521,2210","Mozgov, Irving, Shumpert, Dellavedova, Jefferson",0,4,2,3,3,93.0
21500713,20160130,2,4,CLE,SAS,"202389 Mozgov, 202681 Irving, 202697 Shumpert, 203521 Dellavedova, 2544 James","202389,202681,202697,203521,2544","Mozgov, Irving, Shumpert, Dellavedova, James",0,0,0,1,0,21.0
21500713,20160130,2,5,CLE,SAS,"202389 Mozgov, 202681 Irving, 202697 Shumpert, 203521 Dellavedova, 2544 James","202389,202681,202697,203521,2544","Mozgov, Irving, Shumpert, Dellavedova, James",0,0,0,1,0,1.0
21500713,20160130,2,6,CLE,SAS,"201567 Love, 202389 Mozgov, 202681 Irving, 202697 Shumpert, 2544 James","201567,202389,202681,202697,2544","Love, Mozgov, Irving, Shumpert, James",0,6,9,7,6,217.0
21500713,20160130,2,7,CLE,SAS,"201567 Love, 202389 Mozgov, 202681 Irving, 202697 Shumpert, 2544 James","201567,202389,202681,202697,2544","Love, Mozgov, Irving, Shumpert, James",0,4,2,4,3,99.0
21500713,20160130,2,8,CLE,SAS,"201567 Love, 202684 Thompson, 203521 Dellavedova, 2544 James, 2747 Smith","201567,202684,203521,2544,2747","Love, Thompson, Dellavedova, James, Smith",0,1,1,2,1,42.0
21500713,20160130,2,9,CLE,SAS,"201567 Love, 202684 Thompson, 203521 Dellavedova, 2544 James, 2747 Smith","201567,202684,203521,2544,2747","Love, Thompson, Dellavedova, James, Smith",0,1,0,1,0,15.0
21500713,20160130,2,10,CLE,SAS,"201567 Love, 202684 Thompson, 203521 Dellavedova, 2544 James, 2747 Smith","201567,202684,203521,2544,2747","Love, Thompson, Dellavedova, James, Smith",0,4,0,2,3,54.0
21500713,20160130,2,11,CLE,SAS,"201567 Love, 202684 Thompson, 203521 Dellavedova, 2544 James, 2747 Smith","201567,202684,203521,2544,2747","Love, Thompson, Dellavedova, James, Smith",0,0,1,0,1,17.0
21500713,20160130,2,12,CLE,SAS,"201567 Love, 202684 Thompson, 202697 Shumpert, 203521 Dellavedova, 2544 James","201567,202684,202697,203521,2544","Love, Thompson, Shumpert, Dellavedova, James",0,2,2,2,2,29.9
21500713,20160130,2,13,CLE,SAS,"201567 Love, 202681 Irving, 202684 Thompson, 202697 Shumpert, 2544 James","201567,202681,202684,202697,2544","Love, Irving, Thompson, Shumpert, James",0,2,0,2,2,58.1
21500713,20160130,3,1,CLE,SAS,"201567 Love, 202681 Irving, 202684 Thompson, 202697 Shumpert, 2544 James","201567,202681,202684,202697,2544","Love, Irving, Thompson, Shumpert, James",0,0,0,0,1,25.0
21500713,20160130,3,2,CLE,SAS,"201567 Love, 202681 Irving, 202684 Thompson, 2544 James, 2747 Smith","201567,202681,202684,2544,2747","Love, Irving, Thompson, James, Smith",0,6,8,9,10,268.0
21500713,20160130,3,3,CLE,SAS,"201567 Love, 202681 Irving, 202684 Thompson, 2544 James, 2747 Smith","201567,202681,202684,2544,2747","Love, Irving, Thompson, James, Smith",0,9,10,7,10,215.0
21500713,20160130,3,4,CLE,SAS,"202684 Thompson, 202697 Shumpert, 203521 Dellavedova, 2544 James, 2747 Smith","202684,202697,203521,2544,2747","Thompson, Shumpert, Dellavedova, James, Smith",0,7,4,5,5,122.0
21500713,20160130,3,5,CLE,SAS,"202684 Thompson, 202697 Shumpert, 203521 Dellavedova, 2544 James, 2747 Smith","202684,202697,203521,2544,2747","Thompson, Shumpert, Dellavedova, James, Smith",0,4,5,3,2,83.6
21500713,20160130,3,6,CLE,SAS,"202684 Thompson, 202697 Shumpert, 203521 Dellavedova, 2210 Jefferson, 2544 James","202684,202697,203521,2210,2544","Thompson, Shumpert, Dellavedova, Jefferson, James",0,0,0,1,0,6.4
21500713,20160130,4,1,CLE,SAS,"202684 Thompson, 202697 Shumpert, 203521 Dellavedova, 2210 Jefferson, 2544 James","202684,202697,203521,2210,2544","Thompson, Shumpert, Dellavedova, Jefferson, James",0,0,0,1,0,19.0
21500713,20160130,4,2,CLE,SAS,"201567 Love, 202681 Irving, 202684 Thompson, 202697 Shumpert, 203521 Dellavedova","201567,202681,202684,202697,203521","Love, Irving, Thompson, Shumpert, Dellavedova",0,2,4,3,2,59.0
21500713,20160130,4,3,CLE,SAS,"201567 Love, 202681 Irving, 202697 Shumpert, 203521 Dellavedova, 2210 Jefferson","201567,202681,202697,203521,2210","Love, Irving, Shumpert, Dellavedova, Jefferson",0,4,4,6,5,162.0
21500713,20160130,4,4,CLE,SAS,"202681 Irving, 202684 Thompson, 202697 Shumpert, 203521 Dellavedova, 2210 Jefferson","202681,202684,202697,203521,2210","Irving, Thompson, Shumpert, Dellavedova, Jefferson",0,7,5,4,4,104.0
21500713,20160130,4,5,CLE,SAS,"202681 Irving, 202684 Thompson, 202697 Shumpert, 203521 Dellavedova, 2544 James","202681,202684,202697,203521,2544","Irving, Thompson, Shumpert, Dellavedova, James",0,12,11,12,11,376.0
21500721,20160201,1,1,CLE,IND,"201567 Love, 202681 Irving, 202684 Thompson, 2544 James, 2747 Smith","201567,202681,202684,2544,2747","Love, Irving, Thompson, James, Smith",0,20,15,15,15,459.0
21500721,20160201,1,2,CLE,IND,"202684 Thompson, 202697 Shumpert, 203521 Dellavedova, 2544 James, 2747 Smith","202684,202697,203521,2544,2747","Thompson, Shumpert, Dellavedova, James, Smith",0,4,2,4,4,86.0
21500721,20160201,1,3,CLE,IND,"202684 Thompson, 202697 Shumpert, 203521 Dellavedova, 2210 Jefferson, 2747 Smith","202684,202697,203521,2210,2747","Thompson, Shumpert, Dellavedova, Jefferson, Smith",0,7,2,3,3,70.0
21500721,20160201,1,4,CLE,IND,"202684 Thompson, 202697 Shumpert, 203521 Dellavedova, 2210 Jefferson, 2747 Smith","202684,202697,203521,2210,2747","Thompson, Shumpert, Dellavedova, Jefferson, Smith",0,2,7,4,7,105.0
21500721,20160201,2,1,CLE,IND,"201567 Love, 202389 Mozgov, 202681 Irving, 202697 Shumpert, 2210 Jefferson","201567,202389,202681,202697,2210","Love, Mozgov, Irving, Shumpert, Jefferson",0,4,0,4,4,116.0
21500721,20160201,2,2,CLE,IND,"201567 Love, 202389 Mozgov, 202681 Irving, 202697 Shumpert, 2544 James","201567,202389,202681,202697,2544","Love, Mozgov, Irving, Shumpert, James",0,0,2,2,1,25.0
21500721,20160201,2,3,CLE,IND,"201567 Love, 202389 Mozgov, 202681 Irving, 202697 Shumpert, 2544 James","201567,202389,202681,202697,2544","Love, Mozgov, Irving, Shumpert, James",0,4,4,2,3,52.0
21500721,20160201,2,4,CLE,IND,"201567 Love, 202389 Mozgov, 202681 Irving, 202697 Shumpert, 2544 James","201567,202389,202681,202697,2544","Love, Mozgov, Irving, Shumpert, James",0,4,4,6,5,168.0
21500721,20160201,2,5,CLE,IND,"201567 Love, 202389 Mozgov, 202681 Irving, 202697 Shumpert, 2544 James","201567,202389,202681,202697,2544","Love, Mozgov, Irving, Shumpert, James",0,2,4,3,2,47.0
21500721,20160201,2,6,CLE,IND,"201567 Love, 202681 Irving, 202684 Thompson, 2544 James, 2747 Smith","201567,202681,202684,2544,2747","Love, Irving, Thompson, James, Smith",0,4,5,7,6,183.0
21500721,20160201,2,7,CLE,IND,"201567 Love, 202681 Irving, 202684 Thompson, 2544 James, 2747 Smith","201567,202681,202684,2544,2747","Love, Irving, Thompson, James, Smith",0,1,0,1,0,16.0
21500721,20160201,2,8,CLE,IND,"201567 Love, 202684 Thompson, 203521 Dellavedova, 2544 James, 2747 Smith","201567,202684,203521,2544,2747","Love, Thompson, Dellavedova, James, Smith",0,8,3,5,4,113.0
21500721,20160201,3,1,CLE,IND,"201567 Love, 202684 Thompson, 203521 Dellavedova, 2544 James, 2747 Smith","201567,202684,203521,2544,2747","Love, Thompson, Dellavedova, James, Smith",0,0,1,0,1,14.0
21500721,20160201,3,2,CLE,IND,"201567 Love, 202681 Irving, 202684 Thompson, 2544 James, 2747 Smith","201567,202681,202684,2544,2747","Love, Irving, Thompson, James, Smith",0,2,11,6,7,181.0
21500721,20160201,3,3,CLE,IND,"201567 Love, 202681 Irving, 202684 Thompson, 202697 Shumpert, 2544 James","201567,202681,202684,202697,2544","Love, Irving, Thompson, Shumpert, James",0,3,2,4,5,114.0
21500721,20160201,3,4,CLE,IND,"201567 Love, 202684 Thompson, 202697 Shumpert, 203521 Dellavedova, 2544 James","201567,202684,202697,203521,2544","Love, Thompson, Shumpert, Dellavedova, James",0,2,4,4,4,131.0
21500721,20160201,3,5,CLE,IND,"202684 Thompson, 202697 Shumpert, 203521 Dellavedova, 2544 James, 2747 Smith","202684,202697,203521,2544,2747","Thompson, Shumpert, Dellavedova, James, Smith",0,3,4,4,3,147.0
21500721,20160201,3,6,CLE,IND,"202681 Irving, 202684 Thompson, 202697 Shumpert, 2544 James, 2747 Smith","202681,202684,202697,2544,2747","Irving, Thompson, Shumpert, James, Smith",0,5,4,4,4,132.4
21500721,20160201,3,7,CLE,IND,"202681 Irving, 202684 Thompson, 202697 Shumpert, 2210 Jefferson, 2747 Smith","202681,202684,202697,2210,2747","Irving, Thompson, Shumpert, Jefferson, Smith",0,0,1,0,1,0.6
21500721,20160201,4,1,CLE,IND,"202389 Mozgov, 202681 Irving, 202697 Shumpert, 2210 Jefferson, 2747 Smith","202389,202681,202697,2210,2747","Mozgov, Irving, Shumpert, Jefferson, Smith",0,6,2,3,3,97.0
21500721,20160201,4,2,CLE,IND,"201567 Love, 202389 Mozgov, 202681 Irving, 2210 Jefferson, 2747 Smith","201567,202389,202681,2210,2747","Love, Mozgov, Irving, Jefferson, Smith",0,3,3,4,5,165.0
21500721,20160201,4,3,CLE,IND,"201567 Love, 202389 Mozgov, 202681 Irving, 2544 James, 2747 Smith","201567,202389,202681,2544,2747","Love, Mozgov, Irving, James, Smith",0,0,5,2,3,49.0
21500721,20160201,4,4,CLE,IND,"201567 Love, 202681 Irving, 202684 Thompson, 2544 James, 2747 Smith","201567,202681,202684,2544,2747","Love, Irving, Thompson, James, Smith",0,5,0,4,3,93.0
21500721,20160201,4,5,CLE,IND,"201567 Love, 202681 Irving, 202684 Thompson, 2544 James, 2747 Smith","201567,202681,202684,2544,2747","Love, Irving, Thompson, James, Smith",0,0,0,1,1,8.0
21500721,20160201,4,6,CLE,IND,"201567 Love, 202681 Irving, 202684 Thompson, 2544 James, 2747 Smith","201567,202681,202684,2544,2747","Love, Irving, Thompson, James, Smith",0,0,4,5,5,130.0
21500721,20160201,4,7,CLE,IND,"201567 Love, 202681 Irving, 202684 Thompson, 2544 James, 2747 Smith","201567,202681,202684,2544,2747","Love, Irving, Thompson, James, Smith",0,0,0,1,0,21.0
21500721,20160201,4,8,CLE,IND,"201567 Love, 202681 Irving, 202684 Thompson, 2544 James, 2747 Smith","201567,202681,202684,2544,2747","Love, Irving, Thompson, James, Smith",0,0,0,1,2,30.0
21500721,20160201,4,9,CLE,IND,"201567 Love, 202681 Irving, 202684 Thompson, 2544 James, 2747 Smith","201567,202681,202684,2544,2747","Love, Irving, Thompson, James, Smith",0,5,3,3,2,73.3
21500721,20160201,4,10,CLE,IND,"201567 Love, 202681 Irving, 202684 Thompson, 2544 James, 2747 Smith","201567,202681,202684,2544,2747","Love, Irving, Thompson, James, Smith",0,2,0,1,1,33.0
21500721,20160201,4,11,CLE,IND,"202684 Thompson, 202697 Shumpert, 203521 Dellavedova, 2544 James, 2747 Smith","202684,202697,203521,2544,2747","Thompson, Shumpert, Dellavedova, James, Smith",0,0,0,0,1,20.7
21500721,20160201,5,1,CLE,IND,"202684 Thompson, 202697 Shumpert, 203521 Dellavedova, 2544 James, 2747 Smith","202684,202697,203521,2544,2747","Thompson, Shumpert, Dellavedova, James, Smith",0,4,6,9,10,300.0
21500735,20160203,1,1,CLE,CHA,"201567 Love, 202681 Irving, 202684 Thompson, 2544 James, 2747 Smith","201567,202681,202684,2544,2747","Love, Irving, Thompson, James, Smith",0,15,12,14,14,401.0
21500735,20160203,1,2,CLE,CHA,"201567 Love, 202389 Mozgov, 202681 Irving, 2544 James, 2747 Smith","201567,202389,202681,2544,2747","Love, Mozgov, Irving, James, Smith",0,4,6,5,5,118.0
21500735,20160203,1,3,CLE,CHA,"201567 Love, 202389 Mozgov, 2544 James, 2590 Williams, 2747 Smith","201567,202389,2544,2590,2747","Love, Mozgov, James, Williams, Smith",0,0,1,1,1,22.0
21500735,20160203,1,4,CLE,CHA,"202389 Mozgov, 202697 Shumpert, 2544 James, 2590 Williams, 2747 Smith","202389,202697,2544,2590,2747","Mozgov, Shumpert, James, Williams, Smith",0,4,4,5,5,179.0
21500735,20160203,2,1,CLE,CHA,"202389 Mozgov, 202697 Shumpert, 2544 James, 2590 Williams, 2747 Smith","202389,202697,2544,2590,2747","Mozgov, Shumpert, James, Williams, Smith",0,0,0,0,1,23.0
21500735,20160203,2,2,CLE,CHA,"202389 Mozgov, 202684 Thompson, 202697 Shumpert, 2210 Jefferson, 2590 Williams","202389,202684,202697,2210,2590","Mozgov, Thompson, Shumpert, Jefferson, Williams",0,5,7,3,3,100.0
21500735,20160203,2,3,CLE,CHA,"201567 Love, 202684 Thompson, 202697 Shumpert, 2210 Jefferson, 2590 Williams","201567,202684,202697,2210,2590","Love, Thompson, Shumpert, Jefferson, Williams",0,4,2,3,2,75.0
21500735,20160203,2,4,CLE,CHA,"201567 Love, 202681 Irving, 202684 Thompson, 202697 Shumpert, 2210 Jefferson","201567,202681,202684,202697,2210","Love, Irving, Thompson, Shumpert, Jefferson",0,5,4,3,3,99.0
21500735,20160203,2,5,CLE,CHA,"201567 Love, 202681 Irving, 202684 Thompson, 202697 Shumpert, 2210 Jefferson","201567,202681,202684,202697,2210","Love, Irving, Thompson, Shumpert, Jefferson",0,2,2,2,1,16.0
21500735,20160203,2,6,CLE,CHA,"201567 Love, 202681 Irving, 202684 Thompson, 2544 James, 2747 Smith","201567,202681,202684,2544,2747","Love, Irving, Thompson, James, Smith",0,4,7,4,3,115.0
21500735,20160203,2,7,CLE,CHA,"201567 Love, 202681 Irving, 202684 Thompson, 2544 James, 2747 Smith","201567,202681,202684,2544,2747","Love, Irving, Thompson, James, Smith",0,2,3,3,4,98.0
21500735,20160203,2,8,CLE,CHA,"201567 Love, 202681 Irving, 202684 Thompson, 2544 James, 2747 Smith","201567,202681,202684,2544,2747","Love, Irving, Thompson, James, Smith",0,8,0,5,5,138.2
21500735,20160203,2,9,CLE,CHA,"201567 Love, 202681 Irving, 202684 Thompson, 2544 James, 2747 Smith","201567,202681,202684,2544,2747","Love, Irving, Thompson, James, Smith",0,5,1,2,1,55.8
21500735,20160203,3,1,CLE,CHA,"201567 Love, 202681 Irving, 202684 Thompson, 2544 James, 2747 Smith","201567,202681,202684,2544,2747","Love, Irving, Thompson, James, Smith",0,0,0,0,1,15.0
21500735,20160203,3,2,CLE,CHA,"201567 Love, 202681 Irving, 202684 Thompson, 2544 James, 2747 Smith","201567,202681,202684,2544,2747","Love, Irving, Thompson, James, Smith",0,11,23,13,16,421.0
21500735,20160203,3,3,CLE,CHA,"202684 Thompson, 2544 James, 2590 Williams, 2747 Smith, 2760 Varejao","202684,2544,2590,2747,2760","Thompson, James, Williams, Smith, Varejao",0,3,3,5,4,97.0
21500735,20160203,3,4,CLE,CHA,"202697 Shumpert, 2544 James, 2590 Williams, 2747 Smith, 2760 Varejao","202697,2544,2590,2747,2760","Shumpert, James, Williams, Smith, Varejao",0,0,4,3,3,68.0
21500735,20160203,3,5,CLE,CHA,"202697 Shumpert, 2544 James, 2590 Williams, 2747 Smith, 2760 Varejao","202697,2544,2590,2747,2760","Shumpert, James, Williams, Smith, Varejao",0,3,3,4,4,119.0
21500735,20160203,4,1,CLE,CHA,"202697 Shumpert, 2544 James, 2590 Williams, 2747 Smith, 2760 Varejao","202697,2544,2590,2747,2760","Shumpert, James, Williams, Smith, Varejao",0,0,0,1,0,20.0
21500735,20160203,4,2,CLE,CHA,"202681 Irving, 202684 Thompson, 202697 Shumpert, 2210 Jefferson, 2760 Varejao","202681,202684,202697,2210,2760","Irving, Thompson, Shumpert, Jefferson, Varejao",0,3,6,5,5,113.0
21500735,20160203,4,3,CLE,CHA,"201567 Love, 202681 Irving, 202684 Thompson, 202697 Shumpert, 2210 Jefferson","201567,202681,202684,202697,2210","Love, Irving, Thompson, Shumpert, Jefferson",0,4,2,3,2,86.0
21500735,20160203,4,4,CLE,CHA,"201567 Love, 202681 Irving, 202684 Thompson, 202697 Shumpert, 2544 James","201567,202681,202684,202697,2544","Love, Irving, Thompson, Shumpert, James",0,1,0,2,1,22.0
21500735,20160203,4,5,CLE,CHA,"201567 Love, 202681 Irving, 202684 Thompson, 202697 Shumpert, 2544 James","201567,202681,202684,202697,2544","Love, Irving, Thompson, Shumpert, James",0,0,2,3,3,96.0
21500735,20160203,4,6,CLE,CHA,"201567 Love, 202681 Irving, 202684 Thompson, 2544 James, 2747 Smith","201567,202681,202684,2544,2747","Love, Irving, Thompson, James, Smith",0,0,4,2,2,56.0
21500735,20160203,4,7,CLE,CHA,"201567 Love, 202681 Irving, 202697 Shumpert, 2544 James, 2747 Smith","201567,202681,202697,2544,2747","Love, Irving, Shumpert, James, Smith",0,4,2,4,4,114.0
21500735,20160203,4,8,CLE,CHA,"201567 Love, 202681 Irving, 202697 Shumpert, 2544 James, 2747 Smith","201567,202681,202697,2544,2747","Love, Irving, Shumpert, James, Smith",0,10,8,7,8,213.0
21500755,20160205,1,1,CLE,BOS,"201567 Love, 202681 Irving, 202684 Thompson, 2544 James, 2747 Smith","201567,202681,202684,2544,2747","Love, Irving, Thompson, James, Smith",0,20,11,17,14,456.0
21500755,20160205,1,2,CLE,BOS,"201567 Love, 202681 Irving, 202684 Thompson, 202697 Shumpert, 2544 James","201567,202681,202684,202697,2544","Love, Irving, Thompson, Shumpert, James",0,1,0,2,1,18.0
21500755,20160205,1,3,CLE,BOS,"201567 Love, 202684 Thompson, 202697 Shumpert, 2544 James, 2590 Williams","201567,202684,202697,2544,2590","Love, Thompson, Shumpert, James, Williams",0,4,2,4,4,96.0
21500755,20160205,1,4,CLE,BOS,"201567 Love, 202389 Mozgov, 202697 Shumpert, 2544 James, 2590 Williams","201567,202389,202697,2544,2590","Love, Mozgov, Shumpert, James, Williams",0,7,7,7,6,150.0
21500755,20160205,2,1,CLE,BOS,"201567 Love, 202389 Mozgov, 202697 Shumpert, 2544 James, 2590 Williams","201567,202389,202697,2544,2590","Love, Mozgov, Shumpert, James, Williams",0,0,0,0,1,15.0
21500755,20160205,2,2,CLE,BOS,"202389 Mozgov, 202681 Irving, 202697 Shumpert, 2210 Jefferson, 2590 Williams","202389,202681,202697,2210,2590","Mozgov, Irving, Shumpert, Jefferson, Williams",0,2,7,3,4,87.0
21500755,20160205,2,3,CLE,BOS,"202389 Mozgov, 202681 Irving, 202697 Shumpert, 2210 Jefferson, 2747 Smith","202389,202681,202697,2210,2747","Mozgov, Irving, Shumpert, Jefferson, Smith",0,6,2,6,4,127.0
21500755,20160205,2,4,CLE,BOS,"202389 Mozgov, 202681 Irving, 202697 Shumpert, 2210 Jefferson, 2747 Smith","202389,202681,202697,2210,2747","Mozgov, Irving, Shumpert, Jefferson, Smith",0,2,2,4,3,76.0
21500755,20160205,2,5,CLE,BOS,"202681 Irving, 202684 Thompson, 202697 Shumpert, 2210 Jefferson, 2747 Smith","202681,202684,202697,2210,2747","Irving, Thompson, Shumpert, Jefferson, Smith",0,3,0,2,2,45.0
21500755,20160205,2,6,CLE,BOS,"202681 Irving, 202684 Thompson, 202697 Shumpert, 2544 James, 2747 Smith","202681,202684,202697,2544,2747","Irving, Thompson, Shumpert, James, Smith",0,2,5,2,3,71.0
21500755,20160205,2,7,CLE,BOS,"202681 Irving, 202684 Thompson, 202697 Shumpert, 2544 James, 2747 Smith","202681,202684,202697,2544,2747","Irving, Thompson, Shumpert, James, Smith",0,0,1,0,1,10.0
21500755,20160205,2,8,CLE,BOS,"201567 Love, 202681 Irving, 202684 Thompson, 2544 James, 2747 Smith","201567,202681,202684,2544,2747","Love, Irving, Thompson, James, Smith",0,0,2,5,4,112.0
21500755,20160205,2,9,CLE,BOS,"201567 Love, 202684 Thompson, 202697 Shumpert, 2544 James, 2747 Smith","201567,202684,202697,2544,2747","Love, Thompson, Shumpert, James, Smith",0,0,2,3,2,72.0
21500755,20160205,2,10,CLE,BOS,"201567 Love, 202684 Thompson, 202697 Shumpert, 2544 James, 2747 Smith","201567,202684,202697,2544,2747","Love, Thompson, Shumpert, James, Smith",0,1,0,2,1,33.0
21500755,20160205,2,11,CLE,BOS,"201567 Love, 202681 Irving, 202684 Thompson, 202697 Shumpert, 2544 James","201567,202681,202684,202697,2544","Love, Irving, Thompson, Shumpert, James",0,1,0,2,1,19.1
21500755,20160205,2,12,CLE,BOS,"201567 Love, 202681 Irving, 202684 Thompson, 202697 Shumpert, 2544 James","201567,202681,202684,202697,2544","Love, Irving, Thompson, Shumpert, James",0,0,2,3,1,52.9
21500755,20160205,3,1,CLE,BOS,"201567 Love, 202681 Irving, 202684 Thompson, 202697 Shumpert, 2544 James","201567,202681,202684,202697,2544","Love, Irving, Thompson, Shumpert, James",0,0,0,0,1,20.0
21500755,20160205,3,2,CLE,BOS,"201567 Love, 202681 Irving, 202684 Thompson, 2544 James, 2747 Smith","201567,202681,202684,2544,2747","Love, Irving, Thompson, James, Smith",0,2,11,5,5,156.0
21500755,20160205,3,3,CLE,BOS,"202389 Mozgov, 202684 Thompson, 202697 Shumpert, 2544 James, 2747 Smith","202389,202684,202697,2544,2747","Mozgov, Thompson, Shumpert, James, Smith",0,7,2,5,5,146.0
21500755,20160205,3,4,CLE,BOS,"202389 Mozgov, 202681 Irving, 202697 Shumpert, 2210 Jefferson, 2747 Smith","202389,202681,202697,2210,2747","Mozgov, Irving, Shumpert, Jefferson, Smith",0,5,0,3,3,96.0
21500755,20160205,3,5,CLE,BOS,"202389 Mozgov, 202681 Irving, 202697 Shumpert, 2210 Jefferson, 2747 Smith","202389,202681,202697,2210,2747","Mozgov, Irving, Shumpert, Jefferson, Smith",0,0,0,1,0,6.0
21500755,20160205,3,6,CLE,BOS,"202389 Mozgov, 202681 Irving, 202697 Shumpert, 2210 Jefferson, 2747 Smith","202389,202681,202697,2210,2747","Mozgov, Irving, Shumpert, Jefferson, Smith",0,2,2,5,2,71.0
21500755,20160205,3,7,CLE,BOS,"201567 Love, 202389 Mozgov, 202681 Irving, 202697 Shumpert, 2210 Jefferson","201567,202389,202681,202697,2210","Love, Mozgov, Irving, Shumpert, Jefferson",0,2,2,1,1,40.0
21500755,20160205,3,8,CLE,BOS,"201567 Love, 202389 Mozgov, 202681 Irving, 202697 Shumpert, 2210 Jefferson","201567,202389,202681,202697,2210","Love, Mozgov, Irving, Shumpert, Jefferson",0,2,3,1,2,32.0
21500755,20160205,3,9,CLE,BOS,"201567 Love, 202681 Irving, 202697 Shumpert, 2210 Jefferson, 2544 James","201567,202681,202697,2210,2544","Love, Irving, Shumpert, Jefferson, James",0,0,0,2,1,33.0
21500755,20160205,3,10,CLE,BOS,"202681 Irving, 202684 Thompson, 202697 Shumpert, 2210 Jefferson, 2544 James","202681,202684,202697,2210,2544","Irving, Thompson, Shumpert, Jefferson, James",0,4,2,5,5,120.0
21500755,20160205,4,1,CLE,BOS,"202681 Irving, 202684 Thompson, 202697 Shumpert, 2210 Jefferson, 2544 James","202681,202684,202697,2210,2544","Irving, Thompson, Shumpert, Jefferson, James",0,0,0,1,0,15.0
21500755,20160205,4,2,CLE,BOS,"202681 Irving, 202684 Thompson, 202697 Shumpert, 2210 Jefferson, 2544 James","202681,202684,202697,2210,2544","Irving, Thompson, Shumpert, Jefferson, James",0,3,5,2,2,34.0
21500755,20160205,4,3,CLE,BOS,"202681 Irving, 202684 Thompson, 2210 Jefferson, 2544 James, 2747 Smith","202681,202684,2210,2544,2747","Irving, Thompson, Jefferson, James, Smith",0,2,9,6,5,127.0
21500755,20160205,4,4,CLE,BOS,"202389 Mozgov, 202681 Irving, 2210 Jefferson, 2544 James, 2747 Smith","202389,202681,2210,2544,2747","Mozgov, Irving, Jefferson, James, Smith",0,3,0,2,1,54.0
21500755,20160205,4,5,CLE,BOS,"202389 Mozgov, 202681 Irving, 2210 Jefferson, 2544 James, 2747 Smith","202389,202681,2210,2544,2747","Mozgov, Irving, Jefferson, James, Smith",0,0,0,1,0,17.0
21500755,20160205,4,6,CLE,BOS,"202389 Mozgov, 202681 Irving, 2210 Jefferson, 2544 James, 2747 Smith","202389,202681,2210,2544,2747","Mozgov, Irving, Jefferson, James, Smith",0,0,0,2,2,22.0
21500755,20160205,4,7,CLE,BOS,"202389 Mozgov, 202697 Shumpert, 2210 Jefferson, 2544 James, 2747 Smith","202389,202697,2210,2544,2747","Mozgov, Shumpert, Jefferson, James, Smith",0,2,5,4,4,82.0
21500755,20160205,4,8,CLE,BOS,"202389 Mozgov, 202697 Shumpert, 2210 Jefferson, 2544 James, 2747 Smith","202389,202697,2210,2544,2747","Mozgov, Shumpert, Jefferson, James, Smith",0,0,0,2,2,52.0
21500755,20160205,4,9,CLE,BOS,"202681 Irving, 202684 Thompson, 202697 Shumpert, 2544 James, 2747 Smith","202681,202684,202697,2544,2747","Irving, Thompson, Shumpert, James, Smith",0,11,10,9,10,216.0
21500755,20160205,4,10,CLE,BOS,"202681 Irving, 202684 Thompson, 202697 Shumpert, 2544 James, 2747 Smith","202681,202684,202697,2544,2747","Irving, Thompson, Shumpert, James, Smith",0,3,0,2,1,11.0
21500755,20160205,4,11,CLE,BOS,"202681 Irving, 202684 Thompson, 202697 Shumpert, 2544 James, 2747 Smith","202681,202684,202697,2544,2747","Irving, Thompson, Shumpert, James, Smith",0,4,2,2,3,71.4
21500755,20160205,4,12,CLE,BOS,"202681 Irving, 202684 Thompson, 202697 Shumpert, 2544 James, 2747 Smith","202681,202684,202697,2544,2747","Irving, Thompson, Shumpert, James, Smith",0,2,3,1,2,11.1
21500755,20160205,4,13,CLE,BOS,"202681 Irving, 202684 Thompson, 202697 Shumpert, 2544 James, 2747 Smith","202681,202684,202697,2544,2747","Irving, Thompson, Shumpert, James, Smith",0,0,0,0,3,3.4
21500755,20160205,4,14,CLE,BOS,"202389 Mozgov, 202681 Irving, 202697 Shumpert, 2544 James, 2590 Williams","202389,202681,202697,2544,2590","Mozgov, Irving, Shumpert, James, Williams",0,0,3,0,1,4.1
21500763,20160206,1,1,CLE,NOP,"202681 Irving, 202684 Thompson, 2544 James, 2747 Smith, 2760 Varejao","202681,202684,2544,2747,2760","Irving, Thompson, James, Smith, Varejao",0,20,10,16,16,481.0
21500763,20160206,1,2,CLE,NOP,"202684 Thompson, 2544 James, 2590 Williams, 2747 Smith, 2760 Varejao","202684,2544,2590,2747,2760","Thompson, James, Williams, Smith, Varejao",0,2,0,2,2,87.0
21500763,20160206,1,3,CLE,NOP,"202684 Thompson, 202697 Shumpert, 2544 James, 2590 Williams, 2760 Varejao","202684,202697,2544,2590,2760","Thompson, Shumpert, James, Williams, Varejao",0,6,7,5,5,152.0
21500763,20160206,2,1,CLE,NOP,"202684 Thompson, 202697 Shumpert, 2544 James, 2590 Williams, 2760 Varejao","202684,202697,2544,2590,2760","Thompson, Shumpert, James, Williams, Varejao",0,0,0,0,1,10.0
21500763,20160206,2,2,CLE,NOP,"202684 Thompson, 202697 Shumpert, 2210 Jefferson, 2590 Williams, 2760 Varejao","202684,202697,2210,2590,2760","Thompson, Shumpert, Jefferson, Williams, Varejao",0,0,1,2,2,52.0
21500763,20160206,2,3,CLE,NOP,"202389 Mozgov, 202697 Shumpert, 2210 Jefferson, 2590 Williams, 2760 Varejao","202389,202697,2210,2590,2760","Mozgov, Shumpert, Jefferson, Williams, Varejao",0,4,4,4,4,95.0
21500763,20160206,2,4,CLE,NOP,"202389 Mozgov, 202681 Irving, 202697 Shumpert, 2210 Jefferson, 2590 Williams","202389,202681,202697,2210,2590","Mozgov, Irving, Shumpert, Jefferson, Williams",0,5,4,4,5,138.0
21500763,20160206,2,5,CLE,NOP,"202389 Mozgov, 202681 Irving, 202697 Shumpert, 2210 Jefferson, 2747 Smith","202389,202681,202697,2210,2747","Mozgov, Irving, Shumpert, Jefferson, Smith",0,17,2,14,14,425.0
21500763,20160206,3,1,CLE,NOP,"202389 Mozgov, 202681 Irving, 202697 Shumpert, 2210 Jefferson, 2747 Smith","202389,202681,202697,2210,2747","Mozgov, Irving, Shumpert, Jefferson, Smith",0,10,3,21,23,720.0
21500763,20160206,4,1,CLE,NOP,"201967 Cunningham, 202681 Irving, 202697 Shumpert, 2590 Williams, 2760 Varejao","201967,202681,202697,2590,2760","Cunningham, Irving, Shumpert, Williams, Varejao",0,4,4,8,7,188.0
21500763,20160206,4,2,CLE,NOP,"201967 Cunningham, 202681 Irving, 202697 Shumpert, 2210 Jefferson, 2760 Varejao","201967,202681,202697,2210,2760","Cunningham, Irving, Shumpert, Jefferson, Varejao",0,3,0,2,2,65.0
21500763,20160206,4,3,CLE,NOP,"201967 Cunningham, 202681 Irving, 202697 Shumpert, 2747 Smith, 2760 Varejao","201967,202681,202697,2747,2760","Cunningham, Irving, Shumpert, Smith, Varejao",0,12,7,12,13,381.0
21500763,20160206,4,4,CLE,NOP,"201967 Cunningham, 202697 Shumpert, 2210 Jefferson, 2590 Williams, 2760 Varejao","201967,202697,2210,2590,2760","Cunningham, Shumpert, Jefferson, Williams, Varejao",0,0,0,2,3,86.0
21500775,20160208,1,1,CLE,SAC,"201567 Love, 202681 Irving, 202684 Thompson, 2544 James, 2747 Smith","201567,202681,202684,2544,2747","Love, Irving, Thompson, James, Smith",0,12,7,8,8,247.0
21500775,20160208,1,2,CLE,SAC,"201567 Love, 202681 Irving, 202684 Thompson, 2544 James, 2747 Smith","201567,202681,202684,2544,2747","Love, Irving, Thompson, James, Smith",0,2,2,4,3,78.0
21500775,20160208,1,3,CLE,SAC,"201567 Love, 202681 Irving, 202684 Thompson, 2544 James, 2747 Smith","201567,202681,202684,2544,2747","Love, Irving, Thompson, James, Smith",0,6,8,7,8,160.0
21500775,20160208,1,4,CLE,SAC,"201567 Love, 202389 Mozgov, 202681 Irving, 2544 James, 2747 Smith","201567,202389,202681,2544,2747","Love, Mozgov, Irving, James, Smith",0,4,0,3,2,51.0
21500775,20160208,1,5,CLE,SAC,"202389 Mozgov, 202681 Irving, 202697 Shumpert, 2544 James, 2747 Smith","202389,202681,202697,2544,2747","Mozgov, Irving, Shumpert, James, Smith",0,0,0,1,0,4.0
21500775,20160208,1,6,CLE,SAC,"202389 Mozgov, 202681 Irving, 202697 Shumpert, 2544 James, 2747 Smith","202389,202681,202697,2544,2747","Mozgov, Irving, Shumpert, James, Smith",0,2,4,4,2,62.0
21500775,20160208,1,7,CLE,SAC,"202389 Mozgov, 202697 Shumpert, 2544 James, 2590 Williams, 2747 Smith","202389,202697,2544,2590,2747","Mozgov, Shumpert, James, Williams, Smith",0,5,2,6,5,118.0
21500775,20160208,2,1,CLE,SAC,"202389 Mozgov, 202697 Shumpert, 2544 James, 2590 Williams, 2747 Smith","202389,202697,2544,2590,2747","Mozgov, Shumpert, James, Williams, Smith",0,0,0,1,0,23.0
21500775,20160208,2,2,CLE,SAC,"202389 Mozgov, 202681 Irving, 202697 Shumpert, 2210 Jefferson, 2590 Williams","202389,202681,202697,2210,2590","Mozgov, Irving, Shumpert, Jefferson, Williams",0,4,5,5,5,107.0
21500775,20160208,2,3,CLE,SAC,"202389 Mozgov, 202681 Irving, 202697 Shumpert, 2210 Jefferson, 2590 Williams","202389,202681,202697,2210,2590","Mozgov, Irving, Shumpert, Jefferson, Williams",0,8,2,7,7,176.0
21500775,20160208,2,4,CLE,SAC,"202389 Mozgov, 202681 Irving, 2544 James, 2590 Williams, 2747 Smith","202389,202681,2544,2590,2747","Mozgov, Irving, James, Williams, Smith",0,2,3,2,3,66.0
21500775,20160208,2,5,CLE,SAC,"201567 Love, 202681 Irving, 202684 Thompson, 2544 James, 2747 Smith","201567,202681,202684,2544,2747","Love, Irving, Thompson, James, Smith",0,5,5,6,6,175.0
21500775,20160208,2,6,CLE,SAC,"201567 Love, 202681 Irving, 202684 Thompson, 2544 James, 2747 Smith","201567,202681,202684,2544,2747","Love, Irving, Thompson, James, Smith",0,1,0,1,0,14.0
21500775,20160208,2,7,CLE,SAC,"201567 Love, 202697 Shumpert, 2544 James, 2747 Smith, 2760 Varejao","201567,202697,2544,2747,2760","Love, Shumpert, James, Smith, Varejao",0,1,0,1,0,12.0
21500775,20160208,2,8,CLE,SAC,"201567 Love, 202697 Shumpert, 2544 James, 2747 Smith, 2760 Varejao","201567,202697,2544,2747,2760","Love, Shumpert, James, Smith, Varejao",0,4,0,3,2,39.0
21500775,20160208,2,9,CLE,SAC,"201567 Love, 202697 Shumpert, 2544 James, 2747 Smith, 2760 Varejao","201567,202697,2544,2747,2760","Love, Shumpert, James, Smith, Varejao",0,5,5,3,4,108.0
21500775,20160208,3,1,CLE,SAC,"201567 Love, 202697 Shumpert, 2544 James, 2747 Smith, 2760 Varejao","201567,202697,2544,2747,2760","Love, Shumpert, James, Smith, Varejao",0,0,0,1,0,10.0
21500775,20160208,3,2,CLE,SAC,"201567 Love, 202681 Irving, 202684 Thompson, 2544 James, 2747 Smith","201567,202681,202684,2544,2747","Love, Irving, Thompson, James, Smith",0,17,12,14,14,379.0
21500775,20160208,3,3,CLE,SAC,"201567 Love, 202681 Irving, 202684 Thompson, 2544 James, 2747 Smith","201567,202681,202684,2544,2747","Love, Irving, Thompson, James, Smith",0,0,3,2,2,51.0
21500775,20160208,3,4,CLE,SAC,"202681 Irving, 202684 Thompson, 2544 James, 2747 Smith, 2760 Varejao","202681,202684,2544,2747,2760","Irving, Thompson, James, Smith, Varejao",0,5,1,3,3,63.0
21500775,20160208,3,5,CLE,SAC,"202684 Thompson, 2544 James, 2590 Williams, 2747 Smith, 2760 Varejao","202684,2544,2590,2747,2760","Thompson, James, Williams, Smith, Varejao",0,5,5,4,4,116.0
21500775,20160208,3,6,CLE,SAC,"202389 Mozgov, 202697 Shumpert, 2544 James, 2590 Williams, 2760 Varejao","202389,202697,2544,2590,2760","Mozgov, Shumpert, James, Williams, Varejao",0,3,4,5,3,101.0
21500775,20160208,4,1,CLE,SAC,"202389 Mozgov, 202697 Shumpert, 2544 James, 2590 Williams, 2760 Varejao","202389,202697,2544,2590,2760","Mozgov, Shumpert, James, Williams, Varejao",0,0,0,0,1,19.0
21500775,20160208,4,2,CLE,SAC,"202389 Mozgov, 202697 Shumpert, 2210 Jefferson, 2590 Williams, 2760 Varejao","202389,202697,2210,2590,2760","Mozgov, Shumpert, Jefferson, Williams, Varejao",0,2,5,3,3,71.0
21500775,20160208,4,3,CLE,SAC,"201567 Love, 202389 Mozgov, 202681 Irving, 202697 Shumpert, 2210 Jefferson","201567,202389,202681,202697,2210","Love, Mozgov, Irving, Shumpert, Jefferson",0,5,4,3,3,73.0
21500775,20160208,4,4,CLE,SAC,"201567 Love, 202389 Mozgov, 202681 Irving, 202697 Shumpert, 2210 Jefferson","201567,202389,202681,202697,2210","Love, Mozgov, Irving, Shumpert, Jefferson",0,13,14,13,11,279.0
21500775,20160208,4,5,CLE,SAC,"202389 Mozgov, 202681 Irving, 202697 Shumpert, 2210 Jefferson, 2747 Smith","202389,202681,202697,2210,2747","Mozgov, Irving, Shumpert, Jefferson, Smith",0,6,0,3,4,96.0
21500775,20160208,4,6,CLE,SAC,"201619 Kaun, 202697 Shumpert, 203099 Cunningham, 2210 Jefferson, 2590 Williams","201619,202697,203099,2210,2590","Kaun, Shumpert, Cunningham, Jefferson, Williams",0,3,7,8,9,182.0
21500795,20160210,1,1,CLE,LAL,"201567 Love, 202681 Irving, 202684 Thompson, 2544 James, 2747 Smith","201567,202681,202684,2544,2747","Love, Irving, Thompson, James, Smith",0,20,10,13,13,371.0
21500795,20160210,1,2,CLE,LAL,"201567 Love, 202681 Irving, 202684 Thompson, 2544 James, 2747 Smith","201567,202681,202684,2544,2747","Love, Irving, Thompson, James, Smith",0,5,2,3,2,72.0
21500795,20160210,1,3,CLE,LAL,"201567 Love, 202681 Irving, 202684 Thompson, 2544 James, 2747 Smith","201567,202681,202684,2544,2747","Love, Irving, Thompson, James, Smith",0,4,5,4,3,63.0
21500795,20160210,1,4,CLE,LAL,"202681 Irving, 202684 Thompson, 2544 James, 2747 Smith, 2760 Varejao","202681,202684,2544,2747,2760","Irving, Thompson, James, Smith, Varejao",0,0,3,1,1,26.0
21500795,20160210,1,5,CLE,LAL,"202684 Thompson, 2544 James, 2590 Williams, 2747 Smith, 2760 Varejao","202684,2544,2590,2747,2760","Thompson, James, Williams, Smith, Varejao",0,0,2,1,1,23.0
21500795,20160210,1,6,CLE,LAL,"202684 Thompson, 202697 Shumpert, 2544 James, 2590 Williams, 2760 Varejao","202684,202697,2544,2590,2760","Thompson, Shumpert, James, Williams, Varejao",0,4,3,3,4,106.0
21500795,20160210,1,7,CLE,LAL,"202389 Mozgov, 202697 Shumpert, 2544 James, 2590 Williams, 2760 Varejao","202389,202697,2544,2590,2760","Mozgov, Shumpert, James, Williams, Varejao",0,2,0,2,2,59.0
21500795,20160210,2,1,CLE,LAL,"202389 Mozgov, 202697 Shumpert, 2544 James, 2590 Williams, 2760 Varejao","202389,202697,2544,2590,2760","Mozgov, Shumpert, James, Williams, Varejao",0,0,0,0,1,19.0
21500795,20160210,2,2,CLE,LAL,"201567 Love, 202389 Mozgov, 202697 Shumpert, 2210 Jefferson, 2590 Williams","201567,202389,202697,2210,2590","Love, Mozgov, Shumpert, Jefferson, Williams",0,0,2,2,2,60.0
21500795,20160210,2,3,CLE,LAL,"201567 Love, 202389 Mozgov, 202697 Shumpert, 2210 Jefferson, 2590 Williams","201567,202389,202697,2210,2590","Love, Mozgov, Shumpert, Jefferson, Williams",0,3,0,1,1,26.0
21500795,20160210,2,4,CLE,LAL,"201567 Love, 202389 Mozgov, 202681 Irving, 202697 Shumpert, 2210 Jefferson","201567,202389,202681,202697,2210","Love, Mozgov, Irving, Shumpert, Jefferson",0,2,6,4,4,117.0
21500795,20160210,2,5,CLE,LAL,"201567 Love, 202389 Mozgov, 202681 Irving, 202697 Shumpert, 2210 Jefferson","201567,202389,202681,202697,2210","Love, Mozgov, Irving, Shumpert, Jefferson",0,4,3,3,3,58.0
21500795,20160210,2,6,CLE,LAL,"201567 Love, 202389 Mozgov, 202681 Irving, 2210 Jefferson, 2747 Smith","201567,202389,202681,2210,2747","Love, Mozgov, Irving, Jefferson, Smith",0,2,0,3,3,104.0
21500795,20160210,2,7,CLE,LAL,"201567 Love, 202389 Mozgov, 202681 Irving, 2210 Jefferson, 2747 Smith","201567,202389,202681,2210,2747","Love, Mozgov, Irving, Jefferson, Smith",0,0,0,1,0,1.0
21500795,20160210,2,8,CLE,LAL,"201567 Love, 202389 Mozgov, 202681 Irving, 2544 James, 2747 Smith","201567,202389,202681,2544,2747","Love, Mozgov, Irving, James, Smith",0,0,2,3,2,52.0
21500795,20160210,2,9,CLE,LAL,"201567 Love, 202389 Mozgov, 202681 Irving, 2544 James, 2747 Smith","201567,202389,202681,2544,2747","Love, Mozgov, Irving, James, Smith",0,0,0,1,0,1.0
21500795,20160210,2,10,CLE,LAL,"201567 Love, 202681 Irving, 202684 Thompson, 2544 James, 2747 Smith","201567,202681,202684,2544,2747","Love, Irving, Thompson, James, Smith",0,3,2,2,2,56.0
21500795,20160210,2,11,CLE,LAL,"201567 Love, 202681 Irving, 202684 Thompson, 2544 James, 2747 Smith","201567,202681,202684,2544,2747","Love, Irving, Thompson, James, Smith",0,9,7,5,7,156.0
21500795,20160210,2,12,CLE,LAL,"201567 Love, 202684 Thompson, 202697 Shumpert, 2544 James, 2747 Smith","201567,202684,202697,2544,2747","Love, Thompson, Shumpert, James, Smith",0,0,0,1,0,23.5
21500795,20160210,2,13,CLE,LAL,"201567 Love, 202684 Thompson, 202697 Shumpert, 2544 James, 2747 Smith","201567,202684,202697,2544,2747","Love, Thompson, Shumpert, James, Smith",0,3,0,2,0,5.6
21500795,20160210,2,14,CLE,LAL,"202684 Thompson, 202697 Shumpert, 2544 James, 2747 Smith, 2760 Varejao","202684,202697,2544,2747,2760","Thompson, Shumpert, James, Smith, Varejao",0,3,0,2,2,40.9
21500795,20160210,3,1,CLE,LAL,"202684 Thompson, 202697 Shumpert, 2544 James, 2747 Smith, 2760 Varejao","202684,202697,2544,2747,2760","Thompson, Shumpert, James, Smith, Varejao",0,0,0,0,1,13.0
21500795,20160210,3,2,CLE,LAL,"202681 Irving, 202684 Thompson, 2544 James, 2747 Smith, 2760 Varejao","202681,202684,2544,2747,2760","Irving, Thompson, James, Smith, Varejao",0,18,15,15,15,370.0
21500795,20160210,3,3,CLE,LAL,"202681 Irving, 202684 Thompson, 2544 James, 2747 Smith, 2760 Varejao","202681,202684,2544,2747,2760","Irving, Thompson, James, Smith, Varejao",0,0,0,1,0,2.0
21500795,20160210,3,4,CLE,LAL,"202681 Irving, 202684 Thompson, 2544 James, 2747 Smith, 2760 Varejao","202681,202684,2544,2747,2760","Irving, Thompson, James, Smith, Varejao",0,4,4,3,3,93.0
21500795,20160210,3,5,CLE,LAL,"202389 Mozgov, 202684 Thompson, 2544 James, 2590 Williams, 2747 Smith","202389,202684,2544,2590,2747","Mozgov, Thompson, James, Williams, Smith",0,0,0,0,1,34.0
21500795,20160210,3,6,CLE,LAL,"202389 Mozgov, 202684 Thompson, 202697 Shumpert, 2544 James, 2590 Williams","202389,202684,202697,2544,2590","Mozgov, Thompson, Shumpert, James, Williams",0,2,0,2,3,59.0
21500795,20160210,3,7,CLE,LAL,"202389 Mozgov, 202684 Thompson, 202697 Shumpert, 2544 James, 2590 Williams","202389,202684,202697,2544,2590","Mozgov, Thompson, Shumpert, James, Williams",0,0,1,0,1,22.0
21500795,20160210,3,8,CLE,LAL,"202389 Mozgov, 202684 Thompson, 202697 Shumpert, 2544 James, 2590 Williams","202389,202684,202697,2544,2590","Mozgov, Thompson, Shumpert, James, Williams",0,0,1,1,1,3.0
21500795,20160210,3,9,CLE,LAL,"202389 Mozgov, 202684 Thompson, 202697 Shumpert, 2544 James, 2590 Williams","202389,202684,202697,2544,2590","Mozgov, Thompson, Shumpert, James, Williams",0,5,6,4,4,124.0
21500795,20160210,4,1,CLE,LAL,"202389 Mozgov, 202684 Thompson, 202697 Shumpert, 2544 James, 2590 Williams","202389,202684,202697,2544,2590","Mozgov, Thompson, Shumpert, James, Williams",0,0,0,1,0,11.0
21500795,20160210,4,2,CLE,LAL,"202389 Mozgov, 202681 Irving, 202684 Thompson, 202697 Shumpert, 2210 Jefferson","202389,202681,202684,202697,2210","Mozgov, Irving, Thompson, Shumpert, Jefferson",0,2,3,2,1,53.0
21500795,20160210,4,3,CLE,LAL,"202389 Mozgov, 202681 Irving, 202697 Shumpert, 2210 Jefferson, 2760 Varejao","202389,202681,202697,2210,2760","Mozgov, Irving, Shumpert, Jefferson, Varejao",0,0,5,3,3,42.0
21500795,20160210,4,4,CLE,LAL,"202389 Mozgov, 202681 Irving, 202697 Shumpert, 2210 Jefferson, 2760 Varejao","202389,202681,202697,2210,2760","Mozgov, Irving, Shumpert, Jefferson, Varejao",0,5,2,3,3,90.0
21500795,20160210,4,5,CLE,LAL,"202389 Mozgov, 202681 Irving, 202697 Shumpert, 2210 Jefferson, 2760 Varejao","202389,202681,202697,2210,2760","Mozgov, Irving, Shumpert, Jefferson, Varejao",0,0,2,3,3,63.0
21500795,20160210,4,6,CLE,LAL,"202389 Mozgov, 202697 Shumpert, 2544 James, 2747 Smith, 2760 Varejao","202389,202697,2544,2747,2760","Mozgov, Shumpert, James, Smith, Varejao",0,4,9,5,6,125.0
21500795,20160210,4,7,CLE,LAL,"202681 Irving, 202684 Thompson, 2544 James, 2747 Smith, 2760 Varejao","202681,202684,2544,2747,2760","Irving, Thompson, James, Smith, Varejao",0,2,2,2,2,56.0
21500795,20160210,4,8,CLE,LAL,"202681 Irving, 202684 Thompson, 2210 Jefferson, 2544 James, 2747 Smith","202681,202684,2210,2544,2747","Irving, Thompson, Jefferson, James, Smith",0,2,3,2,2,66.0
21500795,20160210,4,9,CLE,LAL,"202681 Irving, 202684 Thompson, 2210 Jefferson, 2544 James, 2747 Smith","202681,202684,2210,2544,2747","Irving, Thompson, Jefferson, James, Smith",0,10,9,6,5,173.8
21500795,20160210,4,10,CLE,LAL,"202681 Irving, 202684 Thompson, 2210 Jefferson, 2544 James, 2747 Smith","202681,202684,2210,2544,2747","Irving, Thompson, Jefferson, James, Smith",0,2,2,2,2,40.2
21500803,20160218,1,1,CLE,CHI,"201567 Love, 202681 Irving, 202684 Thompson, 2544 James, 2747 Smith","201567,202681,202684,2544,2747","Love, Irving, Thompson, James, Smith",0,13,9,11,14,377.0
21500803,20160218,1,2,CLE,CHI,"201567 Love, 202681 Irving, 202684 Thompson, 2544 James, 2747 Smith","201567,202681,202684,2544,2747","Love, Irving, Thompson, James, Smith",0,0,3,1,3,40.0
21500803,20160218,1,3,CLE,CHI,"202389 Mozgov, 202681 Irving, 202684 Thompson, 2544 James, 2747 Smith","202389,202681,202684,2544,2747","Mozgov, Irving, Thompson, James, Smith",0,2,0,1,1,18.0
21500803,20160218,1,4,CLE,CHI,"202389 Mozgov, 202684 Thompson, 203521 Dellavedova, 2544 James, 2747 Smith","202389,202684,203521,2544,2747","Mozgov, Thompson, Dellavedova, James, Smith",0,4,5,4,5,114.0
21500803,20160218,1,5,CLE,CHI,"201567 Love, 202389 Mozgov, 202697 Shumpert, 203521 Dellavedova, 2747 Smith","201567,202389,202697,203521,2747","Love, Mozgov, Shumpert, Dellavedova, Smith",0,7,2,5,4,146.8
21500803,20160218,1,6,CLE,CHI,"201567 Love, 202389 Mozgov, 202697 Shumpert, 203521 Dellavedova, 2210 Jefferson","201567,202389,202697,203521,2210","Love, Mozgov, Shumpert, Dellavedova, Jefferson",0,0,0,2,0,24.2
21500803,20160218,2,1,CLE,CHI,"201567 Love, 202389 Mozgov, 202697 Shumpert, 203521 Dellavedova, 2210 Jefferson","201567,202389,202697,203521,2210","Love, Mozgov, Shumpert, Dellavedova, Jefferson",0,0,0,1,0,17.0
21500803,20160218,2,2,CLE,CHI,"201567 Love, 202389 Mozgov, 202697 Shumpert, 203521 Dellavedova, 2210 Jefferson","201567,202389,202697,203521,2210","Love, Mozgov, Shumpert, Dellavedova, Jefferson",0,2,4,5,4,112.0
21500803,20160218,2,3,CLE,CHI,"201567 Love, 202389 Mozgov, 202681 Irving, 202697 Shumpert, 2210 Jefferson","201567,202389,202681,202697,2210","Love, Mozgov, Irving, Shumpert, Jefferson",0,0,0,3,3,77.0
21500803,20160218,2,4,CLE,CHI,"202681 Irving, 202684 Thompson, 202697 Shumpert, 2210 Jefferson, 2544 James","202681,202684,202697,2210,2544","Irving, Thompson, Shumpert, Jefferson, James",0,4,0,4,2,36.0
21500803,20160218,2,5,CLE,CHI,"202681 Irving, 202684 Thompson, 202697 Shumpert, 2210 Jefferson, 2544 James","202681,202684,202697,2210,2544","Irving, Thompson, Shumpert, Jefferson, James",0,0,0,3,2,47.0
21500803,20160218,2,6,CLE,CHI,"202681 Irving, 202684 Thompson, 202697 Shumpert, 2210 Jefferson, 2544 James","202681,202684,202697,2210,2544","Irving, Thompson, Shumpert, Jefferson, James",0,5,3,5,4,115.0
21500803,20160218,2,7,CLE,CHI,"201567 Love, 202681 Irving, 202684 Thompson, 2544 James, 2747 Smith","201567,202681,202684,2544,2747","Love, Irving, Thompson, James, Smith",0,6,6,5,5,88.0
21500803,20160218,2,8,CLE,CHI,"201567 Love, 202681 Irving, 202684 Thompson, 2544 James, 2747 Smith","201567,202681,202684,2544,2747","Love, Irving, Thompson, James, Smith",0,1,2,3,3,85.0
21500803,20160218,2,9,CLE,CHI,"201567 Love, 202681 Irving, 202684 Thompson, 2544 James, 2747 Smith","201567,202681,202684,2544,2747","Love, Irving, Thompson, James, Smith",0,4,6,4,5,123.9
21500803,20160218,2,10,CLE,CHI,"202389 Mozgov, 202681 Irving, 202697 Shumpert, 2544 James, 2747 Smith","202389,202681,202697,2544,2747","Mozgov, Irving, Shumpert, James, Smith",0,0,2,0,1,19.1
21500803,20160218,3,1,CLE,CHI,"202389 Mozgov, 202681 Irving, 202697 Shumpert, 2544 James, 2747 Smith","202389,202681,202697,2544,2747","Mozgov, Irving, Shumpert, James, Smith",0,0,0,1,0,19.0
21500803,20160218,3,2,CLE,CHI,"201567 Love, 202681 Irving, 202684 Thompson, 2544 James, 2747 Smith","201567,202681,202684,2544,2747","Love, Irving, Thompson, James, Smith",0,17,6,10,10,229.0
21500803,20160218,3,3,CLE,CHI,"201567 Love, 202681 Irving, 202684 Thompson, 2544 James, 2747 Smith","201567,202681,202684,2544,2747","Love, Irving, Thompson, James, Smith",0,2,2,2,2,58.0
21500803,20160218,3,4,CLE,CHI,"201567 Love, 202681 Irving, 202684 Thompson, 2544 James, 2747 Smith","201567,202681,202684,2544,2747","Love, Irving, Thompson, James, Smith",0,2,3,4,4,112.0
21500803,20160218,3,5,CLE,CHI,"201567 Love, 202389 Mozgov, 202681 Irving, 2544 James, 2747 Smith","201567,202389,202681,2544,2747","Love, Mozgov, Irving, James, Smith",0,0,1,1,1,27.0
21500803,20160218,3,6,CLE,CHI,"201567 Love, 202389 Mozgov, 202681 Irving, 2544 James, 2747 Smith","201567,202389,202681,2544,2747","Love, Mozgov, Irving, James, Smith",0,0,0,2,1,56.0
21500803,20160218,3,7,CLE,CHI,"202389 Mozgov, 202681 Irving, 202697 Shumpert, 2544 James, 2747 Smith","202389,202681,202697,2544,2747","Mozgov, Irving, Shumpert, James, Smith",0,2,4,3,2,65.0
21500803,20160218,3,8,CLE,CHI,"202389 Mozgov, 202697 Shumpert, 203521 Dellavedova, 2544 James, 2747 Smith","202389,202697,203521,2544,2747","Mozgov, Shumpert, Dellavedova, James, Smith",0,7,6,7,5,154.0
21500803,20160218,4,1,CLE,CHI,"202389 Mozgov, 202697 Shumpert, 203521 Dellavedova, 2544 James, 2747 Smith","202389,202697,203521,2544,2747","Mozgov, Shumpert, Dellavedova, James, Smith",0,0,0,0,1,17.0
21500803,20160218,4,2,CLE,CHI,"201567 Love, 202389 Mozgov, 202697 Shumpert, 203521 Dellavedova, 2210 Jefferson","201567,202389,202697,203521,2210","Love, Mozgov, Shumpert, Dellavedova, Jefferson",0,8,3,6,6,162.0
21500803,20160218,4,3,CLE,CHI,"202389 Mozgov, 202684 Thompson, 202697 Shumpert, 203521 Dellavedova, 2210 Jefferson","202389,202684,202697,203521,2210","Mozgov, Thompson, Shumpert, Dellavedova, Jefferson",0,2,5,2,3,92.0
21500803,20160218,4,4,CLE,CHI,"202389 Mozgov, 202684 Thompson, 202697 Shumpert, 203521 Dellavedova, 2210 Jefferson","202389,202684,202697,203521,2210","Mozgov, Thompson, Shumpert, Dellavedova, Jefferson",0,0,0,0,2,1.0
21500803,20160218,4,5,CLE,CHI,"202389 Mozgov, 202681 Irving, 202684 Thompson, 202697 Shumpert, 2544 James","202389,202681,202684,202697,2544","Mozgov, Irving, Thompson, Shumpert, James",0,12,13,10,11,238.0
21500803,20160218,4,6,CLE,CHI,"202389 Mozgov, 202681 Irving, 202684 Thompson, 202697 Shumpert, 2544 James","202389,202681,202684,202697,2544","Mozgov, Irving, Thompson, Shumpert, James",0,3,0,1,2,55.0
21500803,20160218,4,7,CLE,CHI,"201619 Kaun, 202389 Mozgov, 202697 Shumpert, 203521 Dellavedova, 2210 Jefferson","201619,202389,202697,203521,2210","Kaun, Mozgov, Shumpert, Dellavedova, Jefferson",0,3,10,7,7,155.0
21500824,20160221,1,1,CLE,OKC,"201567 Love, 202681 Irving, 202684 Thompson, 2544 James, 2747 Smith","201567,202681,202684,2544,2747","Love, Irving, Thompson, James, Smith",0,21,24,16,18,556.0
21500824,20160221,1,2,CLE,OKC,"201567 Love, 202684 Thompson, 203521 Dellavedova, 2210 Jefferson, 2544 James","201567,202684,203521,2210,2544","Love, Thompson, Dellavedova, Jefferson, James",0,2,1,2,2,39.0
21500824,20160221,1,3,CLE,OKC,"201567 Love, 202389 Mozgov, 203521 Dellavedova, 2210 Jefferson, 2544 James","201567,202389,203521,2210,2544","Love, Mozgov, Dellavedova, Jefferson, James",0,2,0,2,1,21.0
21500824,20160221,1,4,CLE,OKC,"201567 Love, 202389 Mozgov, 203521 Dellavedova, 2210 Jefferson, 2544 James","201567,202389,203521,2210,2544","Love, Mozgov, Dellavedova, Jefferson, James",0,2,2,3,3,104.0
21500824,20160221,2,1,CLE,OKC,"201567 Love, 202389 Mozgov, 203521 Dellavedova, 2210 Jefferson, 2544 James","201567,202389,203521,2210,2544","Love, Mozgov, Dellavedova, Jefferson, James",0,0,0,1,0,17.0
21500824,20160221,2,2,CLE,OKC,"202389 Mozgov, 202684 Thompson, 203521 Dellavedova, 2210 Jefferson, 2747 Smith","202389,202684,203521,2210,2747","Mozgov, Thompson, Dellavedova, Jefferson, Smith",0,5,0,5,4,118.0
21500824,20160221,2,3,CLE,OKC,"202389 Mozgov, 202684 Thompson, 203521 Dellavedova, 2210 Jefferson, 2747 Smith","202389,202684,203521,2210,2747","Mozgov, Thompson, Dellavedova, Jefferson, Smith",0,2,2,1,2,38.0
21500824,20160221,2,4,CLE,OKC,"202389 Mozgov, 202684 Thompson, 203521 Dellavedova, 2210 Jefferson, 2747 Smith","202389,202684,203521,2210,2747","Mozgov, Thompson, Dellavedova, Jefferson, Smith",0,0,2,1,1,23.0
21500824,20160221,2,5,CLE,OKC,"202389 Mozgov, 202684 Thompson, 203521 Dellavedova, 2210 Jefferson, 2747 Smith","202389,202684,203521,2210,2747","Mozgov, Thompson, Dellavedova, Jefferson, Smith",0,3,2,2,2,54.0
21500824,20160221,2,6,CLE,OKC,"201567 Love, 202389 Mozgov, 203521 Dellavedova, 2544 James, 2747 Smith","201567,202389,203521,2544,2747","Love, Mozgov, Dellavedova, James, Smith",0,0,1,0,1,5.0
21500824,20160221,2,7,CLE,OKC,"201567 Love, 202389 Mozgov, 203521 Dellavedova, 2544 James, 2747 Smith","201567,202389,203521,2544,2747","Love, Mozgov, Dellavedova, James, Smith",0,7,4,5,5,119.0
21500824,20160221,2,8,CLE,OKC,"201567 Love, 202684 Thompson, 203521 Dellavedova, 2544 James, 2747 Smith","201567,202684,203521,2544,2747","Love, Thompson, Dellavedova, James, Smith",0,2,2,2,3,53.0
21500824,20160221,2,9,CLE,OKC,"201567 Love, 202684 Thompson, 203521 Dellavedova, 2210 Jefferson, 2544 James","201567,202684,203521,2210,2544","Love, Thompson, Dellavedova, Jefferson, James",0,2,3,3,3,72.0
21500824,20160221,2,10,CLE,OKC,"201567 Love, 202684 Thompson, 2210 Jefferson, 2544 James, 2592 Jones","201567,202684,2210,2544,2592","Love, Thompson, Jefferson, James, Jones",0,12,9,7,7,165.1
21500824,20160221,2,11,CLE,OKC,"201567 Love, 202684 Thompson, 2210 Jefferson, 2544 James, 2592 Jones","201567,202684,2210,2544,2592","Love, Thompson, Jefferson, James, Jones",0,2,0,1,1,21.7
21500824,20160221,2,12,CLE,OKC,"201567 Love, 202684 Thompson, 203521 Dellavedova, 2210 Jefferson, 2544 James","201567,202684,203521,2210,2544","Love, Thompson, Dellavedova, Jefferson, James",0,0,0,1,1,34.2
21500824,20160221,3,1,CLE,OKC,"201567 Love, 202684 Thompson, 203521 Dellavedova, 2210 Jefferson, 2544 James","201567,202684,203521,2210,2544","Love, Thompson, Dellavedova, Jefferson, James",0,0,0,1,0,17.0
21500824,20160221,3,2,CLE,OKC,"201567 Love, 202684 Thompson, 203521 Dellavedova, 2544 James, 2747 Smith","201567,202684,203521,2544,2747","Love, Thompson, Dellavedova, James, Smith",0,7,9,10,9,247.0
21500824,20160221,3,3,CLE,OKC,"201567 Love, 202684 Thompson, 203521 Dellavedova, 2544 James, 2747 Smith","201567,202684,203521,2544,2747","Love, Thompson, Dellavedova, James, Smith",0,1,0,1,0,13.0
21500824,20160221,3,4,CLE,OKC,"201567 Love, 202684 Thompson, 203521 Dellavedova, 2544 James, 2747 Smith","201567,202684,203521,2544,2747","Love, Thompson, Dellavedova, James, Smith",0,12,5,7,7,191.0
21500824,20160221,3,5,CLE,OKC,"201567 Love, 202684 Thompson, 2210 Jefferson, 2544 James, 2747 Smith","201567,202684,2210,2544,2747","Love, Thompson, Jefferson, James, Smith",0,11,2,5,5,152.0
21500824,20160221,3,6,CLE,OKC,"201567 Love, 202684 Thompson, 2210 Jefferson, 2544 James, 2747 Smith","201567,202684,2210,2544,2747","Love, Thompson, Jefferson, James, Smith",0,2,0,1,1,16.0
21500824,20160221,3,7,CLE,OKC,"202389 Mozgov, 202684 Thompson, 2210 Jefferson, 2544 James, 2747 Smith","202389,202684,2210,2544,2747","Mozgov, Thompson, Jefferson, James, Smith",0,0,2,2,3,63.5
21500824,20160221,3,8,CLE,OKC,"202389 Mozgov, 202684 Thompson, 203521 Dellavedova, 2210 Jefferson, 2747 Smith","202389,202684,203521,2210,2747","Mozgov, Thompson, Dellavedova, Jefferson, Smith",0,0,2,0,2,20.5
21500824,20160221,4,1,CLE,OKC,"202389 Mozgov, 202684 Thompson, 203521 Dellavedova, 2210 Jefferson, 2747 Smith","202389,202684,203521,2210,2747","Mozgov, Thompson, Dellavedova, Jefferson, Smith",0,0,0,0,1,16.0
21500824,20160221,4,2,CLE,OKC,"202389 Mozgov, 203521 Dellavedova, 2210 Jefferson, 2544 James, 2747 Smith","202389,203521,2210,2544,2747","Mozgov, Dellavedova, Jefferson, James, Smith",0,3,6,4,4,112.0
21500824,20160221,4,3,CLE,OKC,"201567 Love, 202389 Mozgov, 203521 Dellavedova, 2210 Jefferson, 2544 James","201567,202389,203521,2210,2544","Love, Mozgov, Dellavedova, Jefferson, James",0,5,2,3,4,81.0
21500824,20160221,4,4,CLE,OKC,"201567 Love, 202389 Mozgov, 203521 Dellavedova, 2210 Jefferson, 2747 Smith","201567,202389,203521,2210,2747","Love, Mozgov, Dellavedova, Jefferson, Smith",0,0,1,2,3,105.0
21500824,20160221,4,5,CLE,OKC,"201567 Love, 202389 Mozgov, 203521 Dellavedova, 2210 Jefferson, 2747 Smith","201567,202389,203521,2210,2747","Love, Mozgov, Dellavedova, Jefferson, Smith",0,0,1,0,1,1.0
21500824,20160221,4,6,CLE,OKC,"201567 Love, 202684 Thompson, 203521 Dellavedova, 2210 Jefferson, 2747 Smith","201567,202684,203521,2210,2747","Love, Thompson, Dellavedova, Jefferson, Smith",0,4,5,3,3,95.0
21500824,20160221,4,7,CLE,OKC,"201567 Love, 202684 Thompson, 203521 Dellavedova, 2544 James, 2747 Smith","201567,202684,203521,2544,2747","Love, Thompson, Dellavedova, James, Smith",0,4,2,5,4,151.0
21500824,20160221,4,8,CLE,OKC,"201619 Kaun, 202389 Mozgov, 2210 Jefferson, 2592 Jones, 2747 Smith","201619,202389,2210,2592,2747","Kaun, Mozgov, Jefferson, Jones, Smith",0,4,2,4,5,159.0
21500833,20160222,1,1,CLE,DET,"201567 Love, 202681 Irving, 202684 Thompson, 2544 James, 2747 Smith","201567,202681,202684,2544,2747","Love, Irving, Thompson, James, Smith",0,20,22,17,17,525.0
21500833,20160222,1,2,CLE,DET,"201567 Love, 202684 Thompson, 203521 Dellavedova, 2544 James, 2747 Smith","201567,202684,203521,2544,2747","Love, Thompson, Dellavedova, James, Smith",0,8,11,6,5,169.0
21500833,20160222,1,3,CLE,DET,"201567 Love, 202389 Mozgov, 203521 Dellavedova, 2544 James, 2747 Smith","201567,202389,203521,2544,2747","Love, Mozgov, Dellavedova, James, Smith",0,0,0,2,0,26.0
21500833,20160222,2,1,CLE,DET,"201567 Love, 202389 Mozgov, 203521 Dellavedova, 2544 James, 2747 Smith","201567,202389,203521,2544,2747","Love, Mozgov, Dellavedova, James, Smith",0,0,0,0,1,19.0
21500833,20160222,2,2,CLE,DET,"101112 Frye, 202389 Mozgov, 202681 Irving, 203521 Dellavedova, 2210 Jefferson","101112,202389,202681,203521,2210","Frye, Mozgov, Irving, Dellavedova, Jefferson",0,8,7,9,10,243.0
21500833,20160222,2,3,CLE,DET,"202389 Mozgov, 202681 Irving, 203521 Dellavedova, 2210 Jefferson, 2747 Smith","202389,202681,203521,2210,2747","Mozgov, Irving, Dellavedova, Jefferson, Smith",0,6,2,4,4,102.0
21500833,20160222,2,4,CLE,DET,"202389 Mozgov, 202681 Irving, 2210 Jefferson, 2544 James, 2747 Smith","202389,202681,2210,2544,2747","Mozgov, Irving, Jefferson, James, Smith",0,2,0,2,3,46.0
21500833,20160222,2,5,CLE,DET,"201567 Love, 202389 Mozgov, 202681 Irving, 2544 James, 2747 Smith","201567,202389,202681,2544,2747","Love, Mozgov, Irving, James, Smith",0,0,2,3,4,83.0
21500833,20160222,2,6,CLE,DET,"201567 Love, 202681 Irving, 202684 Thompson, 2544 James, 2747 Smith","201567,202681,202684,2544,2747","Love, Irving, Thompson, James, Smith",0,3,4,4,4,63.0
21500833,20160222,2,7,CLE,DET,"201567 Love, 202684 Thompson, 203521 Dellavedova, 2544 James, 2747 Smith","201567,202684,203521,2544,2747","Love, Thompson, Dellavedova, James, Smith",0,2,8,5,8,164.0
21500833,20160222,3,1,CLE,DET,"201567 Love, 202684 Thompson, 203521 Dellavedova, 2544 James, 2747 Smith","201567,202684,203521,2544,2747","Love, Thompson, Dellavedova, James, Smith",0,0,0,0,1,16.0
21500833,20160222,3,2,CLE,DET,"201567 Love, 202681 Irving, 202684 Thompson, 2544 James, 2747 Smith","201567,202681,202684,2544,2747","Love, Irving, Thompson, James, Smith",0,9,16,9,10,328.0
21500833,20160222,3,3,CLE,DET,"201567 Love, 202681 Irving, 203521 Dellavedova, 2544 James, 2747 Smith","201567,202681,203521,2544,2747","Love, Irving, Dellavedova, James, Smith",0,3,3,5,5,145.0
21500833,20160222,3,4,CLE,DET,"201567 Love, 203521 Dellavedova, 2210 Jefferson, 2544 James, 2747 Smith","201567,203521,2210,2544,2747","Love, Dellavedova, Jefferson, James, Smith",0,5,0,4,5,110.0
21500833,20160222,3,5,CLE,DET,"101112 Frye, 203521 Dellavedova, 2210 Jefferson, 2544 James, 2747 Smith","101112,203521,2210,2544,2747","Frye, Dellavedova, Jefferson, James, Smith",0,2,0,5,5,121.0
21500833,20160222,4,1,CLE,DET,"101112 Frye, 203521 Dellavedova, 2210 Jefferson, 2544 James, 2747 Smith","101112,203521,2210,2544,2747","Frye, Dellavedova, Jefferson, James, Smith",0,0,0,1,0,15.0
21500833,20160222,4,2,CLE,DET,"101112 Frye, 202681 Irving, 203521 Dellavedova, 2210 Jefferson, 2747 Smith","101112,202681,203521,2210,2747","Frye, Irving, Dellavedova, Jefferson, Smith",0,0,6,5,4,123.0
21500833,20160222,4,3,CLE,DET,"202389 Mozgov, 202681 Irving, 203521 Dellavedova, 2210 Jefferson, 2747 Smith","202389,202681,203521,2210,2747","Mozgov, Irving, Dellavedova, Jefferson, Smith",0,0,2,3,2,51.0
21500833,20160222,4,4,CLE,DET,"201567 Love, 202389 Mozgov, 202681 Irving, 203521 Dellavedova, 2210 Jefferson","201567,202389,202681,203521,2210","Love, Mozgov, Irving, Dellavedova, Jefferson",0,0,3,2,3,50.0
21500833,20160222,4,5,CLE,DET,"201567 Love, 202389 Mozgov, 202681 Irving, 203521 Dellavedova, 2544 James","201567,202389,202681,203521,2544","Love, Mozgov, Irving, Dellavedova, James",0,2,0,3,3,71.0
21500833,20160222,4,6,CLE,DET,"201567 Love, 202389 Mozgov, 202681 Irving, 203521 Dellavedova, 2544 James","201567,202389,202681,203521,2544","Love, Mozgov, Irving, Dellavedova, James",0,5,2,2,3,80.0
21500833,20160222,4,7,CLE,DET,"201567 Love, 202389 Mozgov, 202681 Irving, 203521 Dellavedova, 2544 James","201567,202389,202681,203521,2544","Love, Mozgov, Irving, Dellavedova, James",0,7,4,10,10,244.0
21500833,20160222,4,8,CLE,DET,"201567 Love, 202389 Mozgov, 202681 Irving, 2544 James, 2747 Smith","201567,202389,202681,2544,2747","Love, Mozgov, Irving, James, Smith",0,3,0,3,2,50.5
21500833,20160222,4,9,CLE,DET,"201567 Love, 202681 Irving, 202684 Thompson, 2544 James, 2747 Smith","201567,202681,202684,2544,2747","Love, Irving, Thompson, James, Smith",0,1,4,3,2,35.5
21500845,20160224,1,1,CLE,CHA,"201567 Love, 202681 Irving, 202684 Thompson, 2544 James, 2747 Smith","201567,202681,202684,2544,2747","Love, Irving, Thompson, James, Smith",0,15,12,15,14,408.0
21500845,20160224,1,2,CLE,CHA,"201567 Love, 202681 Irving, 202684 Thompson, 2544 James, 2747 Smith","201567,202681,202684,2544,2747","Love, Irving, Thompson, James, Smith",0,0,3,2,1,37.0
21500845,20160224,1,3,CLE,CHA,"201567 Love, 202681 Irving, 202684 Thompson, 2544 James, 2747 Smith","201567,202681,202684,2544,2747","Love, Irving, Thompson, James, Smith",0,2,0,2,2,22.0
21500845,20160224,1,4,CLE,CHA,"202684 Thompson, 203521 Dellavedova, 2210 Jefferson, 2544 James, 2747 Smith","202684,203521,2210,2544,2747","Thompson, Dellavedova, Jefferson, James, Smith",0,0,7,4,4,113.0
21500845,20160224,1,5,CLE,CHA,"202681 Irving, 202684 Thompson, 203521 Dellavedova, 2210 Jefferson, 2747 Smith","202681,202684,203521,2210,2747","Irving, Thompson, Dellavedova, Jefferson, Smith",0,4,2,4,4,95.8
21500845,20160224,1,6,CLE,CHA,"202389 Mozgov, 202681 Irving, 203521 Dellavedova, 2210 Jefferson, 2747 Smith","202389,202681,203521,2210,2747","Mozgov, Irving, Dellavedova, Jefferson, Smith",0,2,0,2,1,44.2
21500845,20160224,2,1,CLE,CHA,"202389 Mozgov, 202681 Irving, 203521 Dellavedova, 2210 Jefferson, 2747 Smith","202389,202681,203521,2210,2747","Mozgov, Irving, Dellavedova, Jefferson, Smith",0,0,0,0,1,20.0
21500845,20160224,2,2,CLE,CHA,"101112 Frye, 202389 Mozgov, 202681 Irving, 203521 Dellavedova, 2210 Jefferson","101112,202389,202681,203521,2210","Frye, Mozgov, Irving, Dellavedova, Jefferson",0,0,2,1,1,13.0
21500845,20160224,2,3,CLE,CHA,"101112 Frye, 202389 Mozgov, 202681 Irving, 203521 Dellavedova, 2210 Jefferson","101112,202389,202681,203521,2210","Frye, Mozgov, Irving, Dellavedova, Jefferson",0,12,6,7,8,168.0
21500845,20160224,2,4,CLE,CHA,"201567 Love, 202389 Mozgov, 202681 Irving, 203521 Dellavedova, 2544 James","201567,202389,202681,203521,2544","Love, Mozgov, Irving, Dellavedova, James",0,2,2,2,4,46.0
21500845,20160224,2,5,CLE,CHA,"201567 Love, 202389 Mozgov, 203521 Dellavedova, 2544 James, 2747 Smith","201567,202389,203521,2544,2747","Love, Mozgov, Dellavedova, James, Smith",0,11,3,5,6,139.0
21500845,20160224,2,6,CLE,CHA,"201567 Love, 202684 Thompson, 203521 Dellavedova, 2544 James, 2747 Smith","201567,202684,203521,2544,2747","Love, Thompson, Dellavedova, James, Smith",0,4,5,3,3,74.0
21500845,20160224,2,7,CLE,CHA,"201567 Love, 202681 Irving, 202684 Thompson, 2544 James, 2747 Smith","201567,202681,202684,2544,2747","Love, Irving, Thompson, James, Smith",0,6,5,6,5,120.0
21500845,20160224,2,8,CLE,CHA,"201567 Love, 202389 Mozgov, 203521 Dellavedova, 2544 James, 2747 Smith","201567,202389,203521,2544,2747","Love, Mozgov, Dellavedova, James, Smith",0,5,5,5,5,127.8
21500845,20160224,2,9,CLE,CHA,"202389 Mozgov, 203521 Dellavedova, 2210 Jefferson, 2544 James, 2747 Smith","202389,203521,2210,2544,2747","Mozgov, Dellavedova, Jefferson, James, Smith",0,0,0,1,0,1.6
21500845,20160224,2,10,CLE,CHA,"202389 Mozgov, 203521 Dellavedova, 2210 Jefferson, 2544 James, 2747 Smith","202389,203521,2210,2544,2747","Mozgov, Dellavedova, Jefferson, James, Smith",0,0,0,1,0,10.6
21500845,20160224,3,1,CLE,CHA,"202389 Mozgov, 203521 Dellavedova, 2210 Jefferson, 2544 James, 2747 Smith","202389,203521,2210,2544,2747","Mozgov, Dellavedova, Jefferson, James, Smith",0,0,0,0,1,15.0
21500845,20160224,3,2,CLE,CHA,"201567 Love, 202681 Irving, 202684 Thompson, 2544 James, 2747 Smith","201567,202681,202684,2544,2747","Love, Irving, Thompson, James, Smith",0,16,20,15,15,460.0
21500845,20160224,3,3,CLE,CHA,"201567 Love, 202684 Thompson, 203521 Dellavedova, 2544 James, 2747 Smith","201567,202684,203521,2544,2747","Love, Thompson, Dellavedova, James, Smith",0,4,0,2,2,50.0
21500845,20160224,3,4,CLE,CHA,"201567 Love, 202389 Mozgov, 203521 Dellavedova, 2544 James, 2747 Smith","201567,202389,203521,2544,2747","Love, Mozgov, Dellavedova, James, Smith",0,4,2,2,2,61.0
21500845,20160224,3,5,CLE,CHA,"101112 Frye, 202389 Mozgov, 203521 Dellavedova, 2544 James, 2747 Smith","101112,202389,203521,2544,2747","Frye, Mozgov, Dellavedova, James, Smith",0,1,2,4,5,134.0
21500845,20160224,4,1,CLE,CHA,"101112 Frye, 202389 Mozgov, 203521 Dellavedova, 2544 James, 2747 Smith","101112,202389,203521,2544,2747","Frye, Mozgov, Dellavedova, James, Smith",0,0,0,1,0,16.0
21500845,20160224,4,2,CLE,CHA,"101112 Frye, 202389 Mozgov, 202681 Irving, 203521 Dellavedova, 2210 Jefferson","101112,202389,202681,203521,2210","Frye, Mozgov, Irving, Dellavedova, Jefferson",0,7,5,4,3,109.0
21500845,20160224,4,3,CLE,CHA,"101112 Frye, 202389 Mozgov, 202681 Irving, 2210 Jefferson, 2747 Smith","101112,202389,202681,2210,2747","Frye, Mozgov, Irving, Jefferson, Smith",0,6,0,2,2,72.0
21500845,20160224,4,4,CLE,CHA,"101112 Frye, 202389 Mozgov, 202681 Irving, 2210 Jefferson, 2747 Smith","101112,202389,202681,2210,2747","Frye, Mozgov, Irving, Jefferson, Smith",0,2,4,3,2,57.0
21500845,20160224,4,5,CLE,CHA,"101112 Frye, 202389 Mozgov, 202681 Irving, 203521 Dellavedova, 2210 Jefferson","101112,202389,202681,203521,2210","Frye, Mozgov, Irving, Dellavedova, Jefferson",0,6,0,3,3,66.0
21500845,20160224,4,6,CLE,CHA,"101112 Frye, 202389 Mozgov, 202681 Irving, 203521 Dellavedova, 2210 Jefferson","101112,202389,202681,203521,2210","Frye, Mozgov, Irving, Dellavedova, Jefferson",0,2,6,6,7,160.0
21500845,20160224,4,7,CLE,CHA,"101112 Frye, 202389 Mozgov, 203521 Dellavedova, 2210 Jefferson, 2590 Williams","101112,202389,203521,2210,2590","Frye, Mozgov, Dellavedova, Jefferson, Williams",0,3,7,3,4,131.0
21500845,20160224,4,8,CLE,CHA,"101112 Frye, 202389 Mozgov, 2210 Jefferson, 2590 Williams, 2592 Jones","101112,202389,2210,2590,2592","Frye, Mozgov, Jefferson, Williams, Jones",0,0,5,4,4,109.0
21500864,20160226,1,1,CLE,TOR,"201567 Love, 202681 Irving, 202684 Thompson, 2544 James, 2747 Smith","201567,202681,202684,2544,2747","Love, Irving, Thompson, James, Smith",0,21,13,26,24,720.0
21500864,20160226,2,1,CLE,TOR,"101112 Frye, 202389 Mozgov, 202697 Shumpert, 203521 Dellavedova, 2210 Jefferson","101112,202389,202697,203521,2210","Frye, Mozgov, Shumpert, Dellavedova, Jefferson",0,2,4,3,3,119.0
21500864,20160226,2,2,CLE,TOR,"101112 Frye, 202389 Mozgov, 202681 Irving, 202697 Shumpert, 2210 Jefferson","101112,202389,202681,202697,2210","Frye, Mozgov, Irving, Shumpert, Jefferson",0,0,2,2,4,65.0
21500864,20160226,2,3,CLE,TOR,"201567 Love, 202389 Mozgov, 202681 Irving, 202697 Shumpert, 2210 Jefferson","201567,202389,202681,202697,2210","Love, Mozgov, Irving, Shumpert, Jefferson",0,3,8,5,5,135.0
21500864,20160226,2,4,CLE,TOR,"201567 Love, 202681 Irving, 202684 Thompson, 2210 Jefferson, 2747 Smith","201567,202681,202684,2210,2747","Love, Irving, Thompson, Jefferson, Smith",0,3,6,4,3,127.0
21500864,20160226,2,5,CLE,TOR,"201567 Love, 202684 Thompson, 203521 Dellavedova, 2544 James, 2747 Smith","201567,202684,203521,2544,2747","Love, Thompson, Dellavedova, James, Smith",0,4,0,4,4,112.0
21500864,20160226,2,6,CLE,TOR,"201567 Love, 202684 Thompson, 203521 Dellavedova, 2544 James, 2747 Smith","201567,202684,203521,2544,2747","Love, Thompson, Dellavedova, James, Smith",0,0,2,1,1,31.0
21500864,20160226,2,7,CLE,TOR,"201567 Love, 202684 Thompson, 203521 Dellavedova, 2544 James, 2747 Smith","201567,202684,203521,2544,2747","Love, Thompson, Dellavedova, James, Smith",0,6,2,4,5,131.0
21500864,20160226,3,1,CLE,TOR,"201567 Love, 202684 Thompson, 203521 Dellavedova, 2544 James, 2747 Smith","201567,202684,203521,2544,2747","Love, Thompson, Dellavedova, James, Smith",0,0,0,1,0,12.0
21500864,20160226,3,2,CLE,TOR,"201567 Love, 202681 Irving, 202684 Thompson, 2544 James, 2747 Smith","201567,202681,202684,2544,2747","Love, Irving, Thompson, James, Smith",0,9,4,8,7,184.0
21500864,20160226,3,3,CLE,TOR,"201567 Love, 202681 Irving, 202684 Thompson, 2544 James, 2747 Smith","201567,202681,202684,2544,2747","Love, Irving, Thompson, James, Smith",0,2,2,4,4,98.0
21500864,20160226,3,4,CLE,TOR,"201567 Love, 202681 Irving, 202684 Thompson, 2544 James, 2747 Smith","201567,202681,202684,2544,2747","Love, Irving, Thompson, James, Smith",0,7,4,5,5,134.0
21500864,20160226,3,5,CLE,TOR,"201567 Love, 202684 Thompson, 202697 Shumpert, 203521 Dellavedova, 2544 James","201567,202684,202697,203521,2544","Love, Thompson, Shumpert, Dellavedova, James",0,1,0,1,0,18.0
21500864,20160226,3,6,CLE,TOR,"201567 Love, 202684 Thompson, 202697 Shumpert, 203521 Dellavedova, 2544 James","201567,202684,202697,203521,2544","Love, Thompson, Shumpert, Dellavedova, James",0,7,7,5,5,169.0
21500864,20160226,3,7,CLE,TOR,"101112 Frye, 202684 Thompson, 202697 Shumpert, 203521 Dellavedova, 2544 James","101112,202684,202697,203521,2544","Frye, Thompson, Shumpert, Dellavedova, James",0,2,4,3,4,102.3
21500864,20160226,3,8,CLE,TOR,"202684 Thompson, 202697 Shumpert, 203521 Dellavedova, 2544 James, 2747 Smith","202684,202697,203521,2544,2747","Thompson, Shumpert, Dellavedova, James, Smith",0,0,2,0,1,2.7
21500864,20160226,4,1,CLE,TOR,"202684 Thompson, 202697 Shumpert, 203521 Dellavedova, 2544 James, 2747 Smith","202684,202697,203521,2544,2747","Thompson, Shumpert, Dellavedova, James, Smith",0,0,0,0,1,18.0
21500864,20160226,4,2,CLE,TOR,"101112 Frye, 202389 Mozgov, 202697 Shumpert, 203521 Dellavedova, 2544 James","101112,202389,202697,203521,2544","Frye, Mozgov, Shumpert, Dellavedova, James",0,0,6,3,3,73.0
21500864,20160226,4,3,CLE,TOR,"101112 Frye, 202681 Irving, 202697 Shumpert, 203521 Dellavedova, 2544 James","101112,202681,202697,203521,2544","Frye, Irving, Shumpert, Dellavedova, James",0,2,1,1,1,60.0
21500864,20160226,4,4,CLE,TOR,"101112 Frye, 202681 Irving, 202697 Shumpert, 2544 James, 2747 Smith","101112,202681,202697,2544,2747","Frye, Irving, Shumpert, James, Smith",0,5,2,3,4,106.0
21500864,20160226,4,5,CLE,TOR,"201567 Love, 202681 Irving, 202697 Shumpert, 2544 James, 2747 Smith","201567,202681,202697,2544,2747","Love, Irving, Shumpert, James, Smith",0,7,5,4,4,158.0
21500864,20160226,4,6,CLE,TOR,"201567 Love, 202681 Irving, 202697 Shumpert, 2544 James, 2747 Smith","201567,202681,202697,2544,2747","Love, Irving, Shumpert, James, Smith",0,0,5,2,3,66.0
21500864,20160226,4,7,CLE,TOR,"201567 Love, 202681 Irving, 203521 Dellavedova, 2544 James, 2747 Smith","201567,202681,203521,2544,2747","Love, Irving, Dellavedova, James, Smith",0,1,8,4,4,124.0
21500864,20160226,4,8,CLE,TOR,"201567 Love, 202681 Irving, 203521 Dellavedova, 2544 James, 2747 Smith","201567,202681,203521,2544,2747","Love, Irving, Dellavedova, James, Smith",0,5,0,2,2,47.0
21500864,20160226,4,9,CLE,TOR,"202684 Thompson, 202697 Shumpert, 203521 Dellavedova, 2544 James, 2747 Smith","202684,202697,203521,2544,2747","Thompson, Shumpert, Dellavedova, James, Smith",0,0,2,1,1,16.7
21500864,20160226,4,10,CLE,TOR,"201567 Love, 202681 Irving, 203521 Dellavedova, 2544 James, 2747 Smith","201567,202681,203521,2544,2747","Love, Irving, Dellavedova, James, Smith",0,0,0,1,1,24.4
21500864,20160226,4,11,CLE,TOR,"202684 Thompson, 202697 Shumpert, 203521 Dellavedova, 2544 James, 2747 Smith","202684,202697,203521,2544,2747","Thompson, Shumpert, Dellavedova, James, Smith",0,0,2,0,2,23.1
21500864,20160226,4,12,CLE,TOR,"201567 Love, 202681 Irving, 203521 Dellavedova, 2544 James, 2747 Smith","201567,202681,203521,2544,2747","Love, Irving, Dellavedova, James, Smith",0,0,0,0,1,3.8
21500877,20160228,1,1,CLE,WAS,"201567 Love, 202681 Irving, 202684 Thompson, 2210 Jefferson, 2747 Smith","201567,202681,202684,2210,2747","Love, Irving, Thompson, Jefferson, Smith",0,15,10,11,11,299.0
21500877,20160228,1,2,CLE,WAS,"201567 Love, 202681 Irving, 202684 Thompson, 202697 Shumpert, 2747 Smith","201567,202681,202684,202697,2747","Love, Irving, Thompson, Shumpert, Smith",0,3,6,4,5,129.0
21500877,20160228,1,3,CLE,WAS,"201567 Love, 202681 Irving, 202684 Thompson, 202697 Shumpert, 2747 Smith","201567,202681,202684,202697,2747","Love, Irving, Thompson, Shumpert, Smith",0,0,1,0,1,12.0
21500877,20160228,1,4,CLE,WAS,"201567 Love, 202681 Irving, 202684 Thompson, 202697 Shumpert, 203521 Dellavedova","201567,202681,202684,202697,203521","Love, Irving, Thompson, Shumpert, Dellavedova",0,0,4,5,4,81.0
21500877,20160228,1,5,CLE,WAS,"101112 Frye, 202681 Irving, 202684 Thompson, 202697 Shumpert, 203521 Dellavedova","101112,202681,202684,202697,203521","Frye, Irving, Thompson, Shumpert, Dellavedova",0,3,3,3,3,47.0
21500877,20160228,1,6,CLE,WAS,"101112 Frye, 202681 Irving, 202684 Thompson, 202697 Shumpert, 203521 Dellavedova","101112,202681,202684,202697,203521","Frye, Irving, Thompson, Shumpert, Dellavedova",0,2,6,3,4,87.0
21500877,20160228,1,7,CLE,WAS,"101112 Frye, 202684 Thompson, 202697 Shumpert, 203521 Dellavedova, 2210 Jefferson","101112,202684,202697,203521,2210","Frye, Thompson, Shumpert, Dellavedova, Jefferson",0,5,2,2,2,31.8
21500877,20160228,1,8,CLE,WAS,"101112 Frye, 202389 Mozgov, 202697 Shumpert, 203521 Dellavedova, 2210 Jefferson","101112,202389,202697,203521,2210","Frye, Mozgov, Shumpert, Dellavedova, Jefferson",0,0,3,1,1,33.2
21500877,20160228,2,1,CLE,WAS,"101112 Frye, 202389 Mozgov, 202697 Shumpert, 203521 Dellavedova, 2210 Jefferson","101112,202389,202697,203521,2210","Frye, Mozgov, Shumpert, Dellavedova, Jefferson",0,3,4,5,5,141.0
21500877,20160228,2,2,CLE,WAS,"201567 Love, 202389 Mozgov, 202697 Shumpert, 203521 Dellavedova, 2210 Jefferson","201567,202389,202697,203521,2210","Love, Mozgov, Shumpert, Dellavedova, Jefferson",0,2,4,6,5,124.0
21500877,20160228,2,3,CLE,WAS,"201567 Love, 202389 Mozgov, 202681 Irving, 2210 Jefferson, 2747 Smith","201567,202389,202681,2210,2747","Love, Mozgov, Irving, Jefferson, Smith",0,0,0,1,1,12.0
21500877,20160228,2,4,CLE,WAS,"201567 Love, 202389 Mozgov, 202681 Irving, 2210 Jefferson, 2747 Smith","201567,202389,202681,2210,2747","Love, Mozgov, Irving, Jefferson, Smith",0,2,0,2,2,52.0
21500877,20160228,2,5,CLE,WAS,"201567 Love, 202681 Irving, 202684 Thompson, 2210 Jefferson, 2747 Smith","201567,202681,202684,2210,2747","Love, Irving, Thompson, Jefferson, Smith",0,6,9,7,8,146.0
21500877,20160228,2,6,CLE,WAS,"201567 Love, 202681 Irving, 202684 Thompson, 202697 Shumpert, 2747 Smith","201567,202681,202684,202697,2747","Love, Irving, Thompson, Shumpert, Smith",0,2,0,1,1,23.0
21500877,20160228,2,7,CLE,WAS,"201567 Love, 202681 Irving, 202684 Thompson, 202697 Shumpert, 2747 Smith","201567,202681,202684,202697,2747","Love, Irving, Thompson, Shumpert, Smith",0,6,7,3,4,119.0
21500877,20160228,2,8,CLE,WAS,"201567 Love, 202681 Irving, 202697 Shumpert, 203521 Dellavedova, 2210 Jefferson","201567,202681,202697,203521,2210","Love, Irving, Shumpert, Dellavedova, Jefferson",0,5,4,3,4,103.0
21500877,20160228,3,1,CLE,WAS,"201567 Love, 202681 Irving, 202697 Shumpert, 203521 Dellavedova, 2210 Jefferson","201567,202681,202697,203521,2210","Love, Irving, Shumpert, Dellavedova, Jefferson",0,0,0,0,1,19.0
21500877,20160228,3,2,CLE,WAS,"201567 Love, 202681 Irving, 202684 Thompson, 2210 Jefferson, 2747 Smith","201567,202681,202684,2210,2747","Love, Irving, Thompson, Jefferson, Smith",0,7,17,9,9,294.0
21500877,20160228,3,3,CLE,WAS,"101112 Frye, 202389 Mozgov, 202697 Shumpert, 203521 Dellavedova, 2210 Jefferson","101112,202389,202697,203521,2210","Frye, Mozgov, Shumpert, Dellavedova, Jefferson",0,4,8,7,7,200.0
21500877,20160228,3,4,CLE,WAS,"101112 Frye, 202389 Mozgov, 202681 Irving, 202697 Shumpert, 203521 Dellavedova","101112,202389,202681,202697,203521","Frye, Mozgov, Irving, Shumpert, Dellavedova",0,5,8,4,5,139.0
21500877,20160228,3,5,CLE,WAS,"101112 Frye, 202389 Mozgov, 202681 Irving, 202697 Shumpert, 203521 Dellavedova","101112,202389,202681,202697,203521","Frye, Mozgov, Irving, Shumpert, Dellavedova",0,0,0,1,0,6.0
21500877,20160228,3,6,CLE,WAS,"101112 Frye, 202389 Mozgov, 202681 Irving, 202697 Shumpert, 203521 Dellavedova","101112,202389,202681,202697,203521","Frye, Mozgov, Irving, Shumpert, Dellavedova",0,0,0,2,3,62.0
21500877,20160228,4,1,CLE,WAS,"101112 Frye, 202389 Mozgov, 202681 Irving, 202697 Shumpert, 203521 Dellavedova","101112,202389,202681,202697,203521","Frye, Mozgov, Irving, Shumpert, Dellavedova",0,7,8,7,8,186.0
21500877,20160228,4,2,CLE,WAS,"101112 Frye, 202389 Mozgov, 202681 Irving, 202697 Shumpert, 203521 Dellavedova","101112,202389,202681,202697,203521","Frye, Mozgov, Irving, Shumpert, Dellavedova",0,0,1,0,1,17.0
21500877,20160228,4,3,CLE,WAS,"101112 Frye, 202389 Mozgov, 202681 Irving, 202697 Shumpert, 2210 Jefferson","101112,202389,202681,202697,2210","Frye, Mozgov, Irving, Shumpert, Jefferson",0,2,3,4,3,98.0
21500877,20160228,4,4,CLE,WAS,"101112 Frye, 202389 Mozgov, 202697 Shumpert, 203895 McRae, 2210 Jefferson","101112,202389,202697,203895,2210","Frye, Mozgov, Shumpert, McRae, Jefferson",0,2,0,3,3,77.0
21500877,20160228,4,5,CLE,WAS,"101112 Frye, 202389 Mozgov, 202697 Shumpert, 203895 McRae, 2210 Jefferson","101112,202389,202697,203895,2210","Frye, Mozgov, Shumpert, McRae, Jefferson",0,0,3,0,2,13.0
21500877,20160228,4,6,CLE,WAS,"101112 Frye, 202389 Mozgov, 202697 Shumpert, 203895 McRae, 2210 Jefferson","101112,202389,202697,203895,2210","Frye, Mozgov, Shumpert, McRae, Jefferson",0,0,0,1,0,18.0
21500877,20160228,4,7,CLE,WAS,"101112 Frye, 202389 Mozgov, 202697 Shumpert, 203895 McRae, 2210 Jefferson","101112,202389,202697,203895,2210","Frye, Mozgov, Shumpert, McRae, Jefferson",0,18,2,13,13,311.0
21500884,20160229,1,1,CLE,IND,"201567 Love, 202389 Mozgov, 202681 Irving, 2544 James, 2747 Smith","201567,202389,202681,2544,2747","Love, Mozgov, Irving, James, Smith",0,6,6,8,9,295.0
21500884,20160229,1,2,CLE,IND,"201567 Love, 202389 Mozgov, 202681 Irving, 2544 James, 2747 Smith","201567,202389,202681,2544,2747","Love, Mozgov, Irving, James, Smith",0,2,0,1,1,38.0
21500884,20160229,1,3,CLE,IND,"201567 Love, 202389 Mozgov, 203521 Dellavedova, 2544 James, 2747 Smith","201567,202389,203521,2544,2747","Love, Mozgov, Dellavedova, James, Smith",0,3,6,4,4,129.0
21500884,20160229,1,4,CLE,IND,"201567 Love, 202684 Thompson, 203521 Dellavedova, 2544 James, 2747 Smith","201567,202684,203521,2544,2747","Love, Thompson, Dellavedova, James, Smith",0,0,0,1,1,24.0
21500884,20160229,1,5,CLE,IND,"201567 Love, 202684 Thompson, 202697 Shumpert, 203521 Dellavedova, 2544 James","201567,202684,202697,203521,2544","Love, Thompson, Shumpert, Dellavedova, James",0,7,4,3,3,89.0
21500884,20160229,1,6,CLE,IND,"202684 Thompson, 202697 Shumpert, 203521 Dellavedova, 2210 Jefferson, 2544 James","202684,202697,203521,2210,2544","Thompson, Shumpert, Dellavedova, Jefferson, James",0,0,0,2,3,68.0
21500884,20160229,1,7,CLE,IND,"202684 Thompson, 202697 Shumpert, 203521 Dellavedova, 2210 Jefferson, 2544 James","202684,202697,203521,2210,2544","Thompson, Shumpert, Dellavedova, Jefferson, James",0,0,3,2,2,77.0
21500884,20160229,2,1,CLE,IND,"202684 Thompson, 202697 Shumpert, 203521 Dellavedova, 2210 Jefferson, 2544 James","202684,202697,203521,2210,2544","Thompson, Shumpert, Dellavedova, Jefferson, James",0,0,0,0,1,25.0
21500884,20160229,2,2,CLE,IND,"202681 Irving, 202684 Thompson, 202697 Shumpert, 203521 Dellavedova, 2210 Jefferson","202681,202684,202697,203521,2210","Irving, Thompson, Shumpert, Dellavedova, Jefferson",0,3,2,3,3,56.0
21500884,20160229,2,3,CLE,IND,"201567 Love, 202681 Irving, 202684 Thompson, 202697 Shumpert, 2210 Jefferson","201567,202681,202684,202697,2210","Love, Irving, Thompson, Shumpert, Jefferson",0,5,7,5,6,231.0
21500884,20160229,2,4,CLE,IND,"201567 Love, 202681 Irving, 202684 Thompson, 2210 Jefferson, 2747 Smith","201567,202681,202684,2210,2747","Love, Irving, Thompson, Jefferson, Smith",0,2,4,2,2,52.0
21500884,20160229,2,5,CLE,IND,"201567 Love, 202681 Irving, 202684 Thompson, 2544 James, 2747 Smith","201567,202681,202684,2544,2747","Love, Irving, Thompson, James, Smith",0,3,2,3,2,78.0
21500884,20160229,2,6,CLE,IND,"201567 Love, 202681 Irving, 202684 Thompson, 2544 James, 2747 Smith","201567,202681,202684,2544,2747","Love, Irving, Thompson, James, Smith",0,0,3,1,2,19.0
21500884,20160229,2,7,CLE,IND,"201567 Love, 202681 Irving, 202684 Thompson, 2544 James, 2747 Smith","201567,202681,202684,2544,2747","Love, Irving, Thompson, James, Smith",0,2,0,1,1,40.0
21500884,20160229,2,8,CLE,IND,"201567 Love, 202681 Irving, 202684 Thompson, 2544 James, 2747 Smith","201567,202681,202684,2544,2747","Love, Irving, Thompson, James, Smith",0,6,2,4,4,70.0
21500884,20160229,2,9,CLE,IND,"201567 Love, 202389 Mozgov, 203521 Dellavedova, 2544 James, 2747 Smith","201567,202389,203521,2544,2747","Love, Mozgov, Dellavedova, James, Smith",0,5,4,4,4,149.0
21500884,20160229,3,1,CLE,IND,"201567 Love, 202389 Mozgov, 203521 Dellavedova, 2544 James, 2747 Smith","201567,202389,203521,2544,2747","Love, Mozgov, Dellavedova, James, Smith",0,0,0,1,0,19.0
21500884,20160229,3,2,CLE,IND,"201567 Love, 202389 Mozgov, 202681 Irving, 2544 James, 2747 Smith","201567,202389,202681,2544,2747","Love, Mozgov, Irving, James, Smith",0,11,13,10,12,272.0
21500884,20160229,3,3,CLE,IND,"201567 Love, 202389 Mozgov, 202681 Irving, 2544 James, 2747 Smith","201567,202389,202681,2544,2747","Love, Mozgov, Irving, James, Smith",0,0,4,1,3,42.0
21500884,20160229,3,4,CLE,IND,"201567 Love, 202681 Irving, 202684 Thompson, 2544 James, 2747 Smith","201567,202681,202684,2544,2747","Love, Irving, Thompson, James, Smith",0,2,0,2,1,48.0
21500884,20160229,3,5,CLE,IND,"201567 Love, 202681 Irving, 202684 Thompson, 2544 James, 2747 Smith","201567,202681,202684,2544,2747","Love, Irving, Thompson, James, Smith",0,5,3,4,4,99.0
21500884,20160229,3,6,CLE,IND,"201567 Love, 202681 Irving, 202684 Thompson, 2544 James, 2747 Smith","201567,202681,202684,2544,2747","Love, Irving, Thompson, James, Smith",0,0,0,1,1,17.0
21500884,20160229,3,7,CLE,IND,"201567 Love, 202684 Thompson, 203521 Dellavedova, 2544 James, 2747 Smith","201567,202684,203521,2544,2747","Love, Thompson, Dellavedova, James, Smith",0,2,2,2,1,64.0
21500884,20160229,3,8,CLE,IND,"202684 Thompson, 202697 Shumpert, 203521 Dellavedova, 2544 James, 2747 Smith","202684,202697,203521,2544,2747","Thompson, Shumpert, Dellavedova, James, Smith",0,10,8,6,4,130.1
21500884,20160229,3,9,CLE,IND,"202684 Thompson, 202697 Shumpert, 203521 Dellavedova, 2544 James, 2747 Smith","202684,202697,203521,2544,2747","Thompson, Shumpert, Dellavedova, James, Smith",0,0,0,1,1,28.9
21500884,20160229,4,1,CLE,IND,"202684 Thompson, 202697 Shumpert, 203521 Dellavedova, 2544 James, 2747 Smith","202684,202697,203521,2544,2747","Thompson, Shumpert, Dellavedova, James, Smith",0,0,0,0,1,19.0
21500884,20160229,4,2,CLE,IND,"201567 Love, 202681 Irving, 202684 Thompson, 202697 Shumpert, 203521 Dellavedova","201567,202681,202684,202697,203521","Love, Irving, Thompson, Shumpert, Dellavedova",0,0,4,3,4,87.0
21500884,20160229,4,3,CLE,IND,"201567 Love, 202681 Irving, 202684 Thompson, 202697 Shumpert, 203521 Dellavedova","201567,202681,202684,202697,203521","Love, Irving, Thompson, Shumpert, Dellavedova",0,3,4,2,2,64.0
21500884,20160229,4,4,CLE,IND,"201567 Love, 202681 Irving, 202684 Thompson, 202697 Shumpert, 203521 Dellavedova","201567,202681,202684,202697,203521","Love, Irving, Thompson, Shumpert, Dellavedova",0,4,5,4,4,137.0
21500884,20160229,4,5,CLE,IND,"201567 Love, 202681 Irving, 202684 Thompson, 2544 James, 2747 Smith","201567,202681,202684,2544,2747","Love, Irving, Thompson, James, Smith",0,5,0,3,2,30.0
21500884,20160229,4,6,CLE,IND,"201567 Love, 202681 Irving, 202684 Thompson, 2544 James, 2747 Smith","201567,202681,202684,2544,2747","Love, Irving, Thompson, James, Smith",0,2,0,1,1,31.0
21500884,20160229,4,7,CLE,IND,"201567 Love, 202681 Irving, 202684 Thompson, 2544 James, 2747 Smith","201567,202681,202684,2544,2747","Love, Irving, Thompson, James, Smith",0,0,4,7,7,205.0
21500884,20160229,4,8,CLE,IND,"201567 Love, 202681 Irving, 203521 Dellavedova, 2544 James, 2747 Smith","201567,202681,203521,2544,2747","Love, Irving, Dellavedova, James, Smith",0,5,4,3,3,74.0
21500884,20160229,4,9,CLE,IND,"202681 Irving, 202684 Thompson, 203521 Dellavedova, 2544 James, 2747 Smith","202681,202684,203521,2544,2747","Irving, Thompson, Dellavedova, James, Smith",0,2,0,1,2,38.1
21500884,20160229,4,10,CLE,IND,"202681 Irving, 202684 Thompson, 203521 Dellavedova, 2544 James, 2747 Smith","202681,202684,203521,2544,2747","Irving, Thompson, Dellavedova, James, Smith",0,2,0,1,2,26.0
21500884,20160229,4,11,CLE,IND,"202681 Irving, 202684 Thompson, 203521 Dellavedova, 2544 James, 2747 Smith","202681,202684,203521,2544,2747","Irving, Thompson, Dellavedova, James, Smith",0,1,2,1,1,4.4
21500884,20160229,4,12,CLE,IND,"201567 Love, 202681 Irving, 203521 Dellavedova, 2544 James, 2747 Smith","201567,202681,203521,2544,2747","Love, Irving, Dellavedova, James, Smith",0,1,0,1,1,4.5
21500917,20160304,1,1,CLE,WAS,"202389 Mozgov, 202681 Irving, 202697 Shumpert, 2544 James, 2747 Smith","202389,202681,202697,2544,2747","Mozgov, Irving, Shumpert, James, Smith",0,12,7,11,9,334.0
21500917,20160304,1,2,CLE,WAS,"202389 Mozgov, 202681 Irving, 202697 Shumpert, 2544 James, 2747 Smith","202389,202681,202697,2544,2747","Mozgov, Irving, Shumpert, James, Smith",0,7,5,5,5,137.0
21500917,20160304,1,3,CLE,WAS,"202681 Irving, 202684 Thompson, 202697 Shumpert, 2544 James, 2747 Smith","202681,202684,202697,2544,2747","Irving, Thompson, Shumpert, James, Smith",0,2,0,1,1,29.0
21500917,20160304,1,4,CLE,WAS,"202681 Irving, 202684 Thompson, 2210 Jefferson, 2544 James, 2747 Smith","202681,202684,2210,2544,2747","Irving, Thompson, Jefferson, James, Smith",0,2,2,2,2,47.0
21500917,20160304,1,5,CLE,WAS,"202684 Thompson, 203521 Dellavedova, 2210 Jefferson, 2544 James, 2747 Smith","202684,203521,2210,2544,2747","Thompson, Dellavedova, Jefferson, James, Smith",0,0,2,4,3,46.0
21500917,20160304,1,6,CLE,WAS,"202684 Thompson, 203521 Dellavedova, 2210 Jefferson, 2544 James, 2747 Smith","202684,203521,2210,2544,2747","Thompson, Dellavedova, Jefferson, James, Smith",0,4,5,3,4,97.2
21500917,20160304,1,7,CLE,WAS,"202684 Thompson, 202697 Shumpert, 203521 Dellavedova, 2210 Jefferson, 2747 Smith","202684,202697,203521,2210,2747","Thompson, Shumpert, Dellavedova, Jefferson, Smith",0,0,2,1,1,18.3
21500917,20160304,1,8,CLE,WAS,"202681 Irving, 203521 Dellavedova, 2210 Jefferson, 2544 James, 2747 Smith","202681,203521,2210,2544,2747","Irving, Dellavedova, Jefferson, James, Smith",0,0,0,1,0,11.5
21500917,20160304,2,1,CLE,WAS,"202681 Irving, 203521 Dellavedova, 2210 Jefferson, 2544 James, 2747 Smith","202681,203521,2210,2544,2747","Irving, Dellavedova, Jefferson, James, Smith",0,0,0,0,1,22.0
21500917,20160304,2,2,CLE,WAS,"202681 Irving, 202684 Thompson, 203521 Dellavedova, 2210 Jefferson, 2544 James","202681,202684,203521,2210,2544","Irving, Thompson, Dellavedova, Jefferson, James",0,6,4,5,5,133.0
21500917,20160304,2,3,CLE,WAS,"202681 Irving, 202684 Thompson, 203521 Dellavedova, 2210 Jefferson, 2544 James","202681,202684,203521,2210,2544","Irving, Thompson, Dellavedova, Jefferson, James",0,18,11,20,20,565.0
21500917,20160304,3,1,CLE,WAS,"202389 Mozgov, 202697 Shumpert, 203521 Dellavedova, 2544 James, 2747 Smith","202389,202697,203521,2544,2747","Mozgov, Shumpert, Dellavedova, James, Smith",0,0,0,0,1,13.0
21500917,20160304,3,2,CLE,WAS,"202389 Mozgov, 202681 Irving, 202697 Shumpert, 2544 James, 2747 Smith","202389,202681,202697,2544,2747","Mozgov, Irving, Shumpert, James, Smith",0,14,12,17,17,430.0
21500917,20160304,3,3,CLE,WAS,"202684 Thompson, 203521 Dellavedova, 2210 Jefferson, 2544 James, 2747 Smith","202684,203521,2210,2544,2747","Thompson, Dellavedova, Jefferson, James, Smith",0,8,7,7,8,199.0
21500917,20160304,3,4,CLE,WAS,"202684 Thompson, 203521 Dellavedova, 2210 Jefferson, 2544 James, 2747 Smith","202684,203521,2210,2544,2747","Thompson, Dellavedova, Jefferson, James, Smith",0,2,2,3,2,78.0
21500917,20160304,4,1,CLE,WAS,"202684 Thompson, 203521 Dellavedova, 2210 Jefferson, 2544 James, 2747 Smith","202684,203521,2210,2544,2747","Thompson, Dellavedova, Jefferson, James, Smith",0,6,7,9,9,269.0
21500917,20160304,4,2,CLE,WAS,"202681 Irving, 202684 Thompson, 203521 Dellavedova, 2210 Jefferson, 2592 Jones","202681,202684,203521,2210,2592","Irving, Thompson, Dellavedova, Jefferson, Jones",0,2,1,3,4,101.0
21500917,20160304,4,3,CLE,WAS,"202684 Thompson, 202697 Shumpert, 203895 McRae, 2210 Jefferson, 2592 Jones","202684,202697,203895,2210,2592","Thompson, Shumpert, McRae, Jefferson, Jones",0,0,0,0,1,6.0
21500917,20160304,4,4,CLE,WAS,"101112 Frye, 202697 Shumpert, 203895 McRae, 2210 Jefferson, 2592 Jones","101112,202697,203895,2210,2592","Frye, Shumpert, McRae, Jefferson, Jones",0,0,0,2,2,48.0
21500917,20160304,4,5,CLE,WAS,"101112 Frye, 202697 Shumpert, 203895 McRae, 2210 Jefferson, 2592 Jones","101112,202697,203895,2210,2592","Frye, Shumpert, McRae, Jefferson, Jones",0,3,2,2,1,37.0
21500917,20160304,4,6,CLE,WAS,"101112 Frye, 201619 Kaun, 203895 McRae, 2210 Jefferson, 2592 Jones","101112,201619,203895,2210,2592","Frye, Kaun, McRae, Jefferson, Jones",0,7,10,10,11,259.0
21500922,20160305,1,1,CLE,BOS,"201567 Love, 202389 Mozgov, 202681 Irving, 2544 James, 2747 Smith","201567,202389,202681,2544,2747","Love, Mozgov, Irving, James, Smith",0,13,21,13,13,347.0
21500922,20160305,1,2,CLE,BOS,"201567 Love, 202681 Irving, 202684 Thompson, 2544 James, 2747 Smith","201567,202681,202684,2544,2747","Love, Irving, Thompson, James, Smith",0,0,2,3,2,68.0
21500922,20160305,1,3,CLE,BOS,"202681 Irving, 202684 Thompson, 202697 Shumpert, 2544 James, 2747 Smith","202681,202684,202697,2544,2747","Irving, Thompson, Shumpert, James, Smith",0,4,7,5,5,130.0
21500922,20160305,1,4,CLE,BOS,"202684 Thompson, 202697 Shumpert, 203521 Dellavedova, 2544 James, 2747 Smith","202684,202697,203521,2544,2747","Thompson, Shumpert, Dellavedova, James, Smith",0,0,3,1,1,39.0
21500922,20160305,1,5,CLE,BOS,"202684 Thompson, 202697 Shumpert, 203521 Dellavedova, 2544 James, 2747 Smith","202684,202697,203521,2544,2747","Thompson, Shumpert, Dellavedova, James, Smith",0,5,2,5,4,136.0
21500922,20160305,2,1,CLE,BOS,"202684 Thompson, 202697 Shumpert, 203521 Dellavedova, 2544 James, 2747 Smith","202684,202697,203521,2544,2747","Thompson, Shumpert, Dellavedova, James, Smith",0,0,0,0,1,23.0
21500922,20160305,2,2,CLE,BOS,"201567 Love, 202681 Irving, 202684 Thompson, 202697 Shumpert, 203521 Dellavedova","201567,202681,202684,202697,203521","Love, Irving, Thompson, Shumpert, Dellavedova",0,15,10,10,10,269.0
21500922,20160305,2,3,CLE,BOS,"201567 Love, 202681 Irving, 202684 Thompson, 202697 Shumpert, 203521 Dellavedova","201567,202681,202684,202697,203521","Love, Irving, Thompson, Shumpert, Dellavedova",0,4,0,3,5,87.0
21500922,20160305,2,4,CLE,BOS,"201567 Love, 202681 Irving, 202684 Thompson, 202697 Shumpert, 2544 James","201567,202681,202684,202697,2544","Love, Irving, Thompson, Shumpert, James",0,2,0,2,2,27.0
21500922,20160305,2,5,CLE,BOS,"201567 Love, 202681 Irving, 202684 Thompson, 202697 Shumpert, 2544 James","201567,202681,202684,202697,2544","Love, Irving, Thompson, Shumpert, James",0,0,2,1,2,41.0
21500922,20160305,2,6,CLE,BOS,"201567 Love, 202684 Thompson, 202697 Shumpert, 2544 James, 2747 Smith","201567,202684,202697,2544,2747","Love, Thompson, Shumpert, James, Smith",0,5,4,3,2,89.0
21500922,20160305,2,7,CLE,BOS,"201567 Love, 202684 Thompson, 202697 Shumpert, 2544 James, 2747 Smith","201567,202684,202697,2544,2747","Love, Thompson, Shumpert, James, Smith",0,2,0,1,0,18.0
21500922,20160305,2,8,CLE,BOS,"201567 Love, 202684 Thompson, 203521 Dellavedova, 2544 James, 2747 Smith","201567,202684,203521,2544,2747","Love, Thompson, Dellavedova, James, Smith",0,0,2,2,3,40.0
21500922,20160305,2,9,CLE,BOS,"201567 Love, 202684 Thompson, 203521 Dellavedova, 2544 James, 2747 Smith","201567,202684,203521,2544,2747","Love, Thompson, Dellavedova, James, Smith",0,0,0,1,1,12.0
21500922,20160305,2,10,CLE,BOS,"201567 Love, 202697 Shumpert, 203521 Dellavedova, 2544 James, 2747 Smith","201567,202697,203521,2544,2747","Love, Shumpert, Dellavedova, James, Smith",0,5,1,4,4,85.1
21500922,20160305,2,11,CLE,BOS,"201567 Love, 202681 Irving, 203521 Dellavedova, 2544 James, 2747 Smith","201567,202681,203521,2544,2747","Love, Irving, Dellavedova, James, Smith",0,0,0,2,1,28.9
21500922,20160305,2,12,CLE,BOS,"202389 Mozgov, 202684 Thompson, 203521 Dellavedova, 2544 James, 2747 Smith","202389,202684,203521,2544,2747","Mozgov, Thompson, Dellavedova, James, Smith",0,0,0,1,0,0.3
21500922,20160305,3,1,CLE,BOS,"202389 Mozgov, 202681 Irving, 202684 Thompson, 2544 James, 2747 Smith","202389,202681,202684,2544,2747","Mozgov, Irving, Thompson, James, Smith",0,0,0,0,1,22.0
21500922,20160305,3,2,CLE,BOS,"201567 Love, 202389 Mozgov, 202681 Irving, 2544 James, 2747 Smith","201567,202389,202681,2544,2747","Love, Mozgov, Irving, James, Smith",0,12,9,11,11,264.0
21500922,20160305,3,3,CLE,BOS,"201567 Love, 202389 Mozgov, 202681 Irving, 2544 James, 2747 Smith","201567,202389,202681,2544,2747","Love, Mozgov, Irving, James, Smith",0,0,2,0,1,10.0
21500922,20160305,3,4,CLE,BOS,"201567 Love, 202681 Irving, 202697 Shumpert, 2544 James, 2747 Smith","201567,202681,202697,2544,2747","Love, Irving, Shumpert, James, Smith",0,12,10,10,7,197.0
21500922,20160305,3,5,CLE,BOS,"201567 Love, 202697 Shumpert, 203521 Dellavedova, 2544 James, 2747 Smith","201567,202697,203521,2544,2747","Love, Shumpert, Dellavedova, James, Smith",0,4,6,4,3,127.0
21500922,20160305,3,6,CLE,BOS,"201567 Love, 202697 Shumpert, 203521 Dellavedova, 2544 James, 2747 Smith","201567,202697,203521,2544,2747","Love, Shumpert, Dellavedova, James, Smith",0,3,0,1,0,16.0
21500922,20160305,3,7,CLE,BOS,"201567 Love, 202697 Shumpert, 203521 Dellavedova, 2544 James, 2747 Smith","201567,202697,203521,2544,2747","Love, Shumpert, Dellavedova, James, Smith",0,2,2,1,2,33.5
21500922,20160305,3,8,CLE,BOS,"202684 Thompson, 202697 Shumpert, 203521 Dellavedova, 2544 James, 2747 Smith","202684,202697,203521,2544,2747","Thompson, Shumpert, Dellavedova, James, Smith",0,3,0,2,1,50.5
21500922,20160305,4,1,CLE,BOS,"202684 Thompson, 202697 Shumpert, 203521 Dellavedova, 2544 James, 2747 Smith","202684,202697,203521,2544,2747","Thompson, Shumpert, Dellavedova, James, Smith",0,0,0,1,0,22.0
21500922,20160305,4,2,CLE,BOS,"202681 Irving, 202684 Thompson, 202697 Shumpert, 203521 Dellavedova, 2210 Jefferson","202681,202684,202697,203521,2210","Irving, Thompson, Shumpert, Dellavedova, Jefferson",0,8,4,8,8,188.0
21500922,20160305,4,3,CLE,BOS,"202681 Irving, 202684 Thompson, 202697 Shumpert, 203521 Dellavedova, 2210 Jefferson","202681,202684,202697,203521,2210","Irving, Thompson, Shumpert, Dellavedova, Jefferson",0,2,4,2,2,45.0
21500922,20160305,4,4,CLE,BOS,"202681 Irving, 202684 Thompson, 202697 Shumpert, 203521 Dellavedova, 2544 James","202681,202684,202697,203521,2544","Irving, Thompson, Shumpert, Dellavedova, James",0,2,1,1,1,39.0
21500922,20160305,4,5,CLE,BOS,"202684 Thompson, 202697 Shumpert, 203521 Dellavedova, 2544 James, 2747 Smith","202684,202697,203521,2544,2747","Thompson, Shumpert, Dellavedova, James, Smith",0,7,6,7,6,200.0
21500922,20160305,4,6,CLE,BOS,"202684 Thompson, 202697 Shumpert, 203521 Dellavedova, 2544 James, 2747 Smith","202684,202697,203521,2544,2747","Thompson, Shumpert, Dellavedova, James, Smith",0,3,1,3,1,48.0
21500922,20160305,4,7,CLE,BOS,"202684 Thompson, 202697 Shumpert, 203521 Dellavedova, 2544 James, 2747 Smith","202684,202697,203521,2544,2747","Thompson, Shumpert, Dellavedova, James, Smith",0,2,0,1,0,10.0
21500922,20160305,4,8,CLE,BOS,"202684 Thompson, 202697 Shumpert, 203521 Dellavedova, 2544 James, 2747 Smith","202684,202697,203521,2544,2747","Thompson, Shumpert, Dellavedova, James, Smith",0,0,4,1,2,27.0
21500922,20160305,4,9,CLE,BOS,"202684 Thompson, 202697 Shumpert, 203521 Dellavedova, 2544 James, 2747 Smith","202684,202697,203521,2544,2747","Thompson, Shumpert, Dellavedova, James, Smith",0,3,0,1,1,27.0
21500922,20160305,4,10,CLE,BOS,"202684 Thompson, 202697 Shumpert, 203521 Dellavedova, 2544 James, 2747 Smith","202684,202697,203521,2544,2747","Thompson, Shumpert, Dellavedova, James, Smith",0,0,0,3,3,114.0
21500938,20160307,1,1,CLE,MEM,"201567 Love, 202389 Mozgov, 202681 Irving, 2544 James, 2747 Smith","201567,202389,202681,2544,2747","Love, Mozgov, Irving, James, Smith",0,11,14,12,13,362.0
21500938,20160307,1,2,CLE,MEM,"201567 Love, 202389 Mozgov, 202681 Irving, 2544 James, 2747 Smith","201567,202389,202681,2544,2747","Love, Mozgov, Irving, James, Smith",0,0,0,0,1,1.0
21500938,20160307,1,3,CLE,MEM,"201567 Love, 202389 Mozgov, 202681 Irving, 2544 James, 2747 Smith","201567,202389,202681,2544,2747","Love, Mozgov, Irving, James, Smith",0,4,6,5,5,129.0
21500938,20160307,1,4,CLE,MEM,"201567 Love, 202684 Thompson, 203521 Dellavedova, 2544 James, 2747 Smith","201567,202684,203521,2544,2747","Love, Thompson, Dellavedova, James, Smith",0,3,2,3,2,68.0
21500938,20160307,1,5,CLE,MEM,"201567 Love, 202684 Thompson, 203521 Dellavedova, 2544 James, 2747 Smith","201567,202684,203521,2544,2747","Love, Thompson, Dellavedova, James, Smith",0,1,0,1,0,18.0
21500938,20160307,1,6,CLE,MEM,"201567 Love, 202684 Thompson, 203521 Dellavedova, 2544 James, 2747 Smith","201567,202684,203521,2544,2747","Love, Thompson, Dellavedova, James, Smith",0,0,2,1,2,19.0
21500938,20160307,1,7,CLE,MEM,"201567 Love, 202684 Thompson, 202697 Shumpert, 203521 Dellavedova, 2544 James","201567,202684,202697,203521,2544","Love, Thompson, Shumpert, Dellavedova, James",0,4,7,3,4,92.1
21500938,20160307,1,8,CLE,MEM,"101112 Frye, 202684 Thompson, 202697 Shumpert, 203521 Dellavedova, 2544 James","101112,202684,202697,203521,2544","Frye, Thompson, Shumpert, Dellavedova, James",0,2,2,1,1,30.9
21500938,20160307,2,1,CLE,MEM,"101112 Frye, 202684 Thompson, 202697 Shumpert, 203521 Dellavedova, 2544 James","101112,202684,202697,203521,2544","Frye, Thompson, Shumpert, Dellavedova, James",0,0,0,1,0,12.0
21500938,20160307,2,2,CLE,MEM,"101112 Frye, 202681 Irving, 202684 Thompson, 202697 Shumpert, 203521 Dellavedova","101112,202681,202684,202697,203521","Frye, Irving, Thompson, Shumpert, Dellavedova",0,5,0,5,5,110.0
21500938,20160307,2,3,CLE,MEM,"101112 Frye, 202681 Irving, 202684 Thompson, 202697 Shumpert, 203521 Dellavedova","101112,202681,202684,202697,203521","Frye, Irving, Thompson, Shumpert, Dellavedova",0,4,5,7,8,143.0
21500938,20160307,2,4,CLE,MEM,"201567 Love, 202681 Irving, 202684 Thompson, 202697 Shumpert, 2747 Smith","201567,202681,202684,202697,2747","Love, Irving, Thompson, Shumpert, Smith",0,2,0,1,1,35.0
21500938,20160307,2,5,CLE,MEM,"201567 Love, 202681 Irving, 202684 Thompson, 202697 Shumpert, 2747 Smith","201567,202681,202684,202697,2747","Love, Irving, Thompson, Shumpert, Smith",0,2,2,1,3,44.0
21500938,20160307,2,6,CLE,MEM,"201567 Love, 202681 Irving, 202684 Thompson, 202697 Shumpert, 2747 Smith","201567,202681,202684,202697,2747","Love, Irving, Thompson, Shumpert, Smith",0,0,0,0,1,1.0
21500938,20160307,2,7,CLE,MEM,"201567 Love, 202681 Irving, 202697 Shumpert, 2544 James, 2747 Smith","201567,202681,202697,2544,2747","Love, Irving, Shumpert, James, Smith",0,0,0,2,2,30.0
21500938,20160307,2,8,CLE,MEM,"201567 Love, 202681 Irving, 202697 Shumpert, 2544 James, 2747 Smith","201567,202681,202697,2544,2747","Love, Irving, Shumpert, James, Smith",0,0,0,1,1,3.0
21500938,20160307,2,9,CLE,MEM,"201567 Love, 202681 Irving, 202697 Shumpert, 2544 James, 2747 Smith","201567,202681,202697,2544,2747","Love, Irving, Shumpert, James, Smith",0,4,7,4,6,83.0
21500938,20160307,2,10,CLE,MEM,"201567 Love, 202389 Mozgov, 203521 Dellavedova, 2544 James, 2747 Smith","201567,202389,203521,2544,2747","Love, Mozgov, Dellavedova, James, Smith",0,4,11,5,6,152.0
21500938,20160307,2,11,CLE,MEM,"201567 Love, 202697 Shumpert, 203521 Dellavedova, 2544 James, 2747 Smith","201567,202697,203521,2544,2747","Love, Shumpert, Dellavedova, James, Smith",0,3,0,4,4,107.0
21500938,20160307,3,1,CLE,MEM,"201567 Love, 202697 Shumpert, 203521 Dellavedova, 2544 James, 2747 Smith","201567,202697,203521,2544,2747","Love, Shumpert, Dellavedova, James, Smith",0,0,0,1,0,9.0
21500938,20160307,3,2,CLE,MEM,"201567 Love, 202681 Irving, 203521 Dellavedova, 2544 James, 2747 Smith","201567,202681,203521,2544,2747","Love, Irving, Dellavedova, James, Smith",0,7,4,6,5,143.0
21500938,20160307,3,3,CLE,MEM,"201567 Love, 202681 Irving, 203521 Dellavedova, 2544 James, 2747 Smith","201567,202681,203521,2544,2747","Love, Irving, Dellavedova, James, Smith",0,6,12,9,8,222.0
21500938,20160307,3,4,CLE,MEM,"202681 Irving, 202684 Thompson, 202697 Shumpert, 2544 James, 2747 Smith","202681,202684,202697,2544,2747","Irving, Thompson, Shumpert, James, Smith",0,4,5,5,4,107.0
21500938,20160307,3,5,CLE,MEM,"202681 Irving, 202684 Thompson, 202697 Shumpert, 2544 James, 2747 Smith","202681,202684,202697,2544,2747","Irving, Thompson, Shumpert, James, Smith",0,1,0,1,0,14.0
21500938,20160307,3,6,CLE,MEM,"202684 Thompson, 202697 Shumpert, 203521 Dellavedova, 2210 Jefferson, 2544 James","202684,202697,203521,2210,2544","Thompson, Shumpert, Dellavedova, Jefferson, James",0,3,3,4,4,135.0
21500938,20160307,3,7,CLE,MEM,"202681 Irving, 202684 Thompson, 202697 Shumpert, 203521 Dellavedova, 2210 Jefferson","202681,202684,202697,203521,2210","Irving, Thompson, Shumpert, Dellavedova, Jefferson",0,2,0,3,3,81.4
21500938,20160307,3,8,CLE,MEM,"202681 Irving, 202684 Thompson, 202697 Shumpert, 2210 Jefferson, 2747 Smith","202681,202684,202697,2210,2747","Irving, Thompson, Shumpert, Jefferson, Smith",0,0,0,0,1,8.6
21500938,20160307,4,1,CLE,MEM,"202681 Irving, 202684 Thompson, 202697 Shumpert, 2210 Jefferson, 2747 Smith","202681,202684,202697,2210,2747","Irving, Thompson, Shumpert, Jefferson, Smith",0,0,0,0,1,16.0
21500938,20160307,4,2,CLE,MEM,"202681 Irving, 202684 Thompson, 202697 Shumpert, 203521 Dellavedova, 2210 Jefferson","202681,202684,202697,203521,2210","Irving, Thompson, Shumpert, Dellavedova, Jefferson",0,6,2,3,4,81.0
21500938,20160307,4,3,CLE,MEM,"202681 Irving, 202684 Thompson, 202697 Shumpert, 203521 Dellavedova, 2210 Jefferson","202681,202684,202697,203521,2210","Irving, Thompson, Shumpert, Dellavedova, Jefferson",0,0,6,4,5,91.0
21500938,20160307,4,4,CLE,MEM,"201567 Love, 202681 Irving, 202684 Thompson, 2544 James, 2747 Smith","201567,202681,202684,2544,2747","Love, Irving, Thompson, James, Smith",0,10,5,7,6,216.0
21500938,20160307,4,5,CLE,MEM,"201567 Love, 202681 Irving, 202684 Thompson, 2544 James, 2747 Smith","201567,202681,202684,2544,2747","Love, Irving, Thompson, James, Smith",0,6,2,4,3,132.0
21500938,20160307,4,6,CLE,MEM,"201567 Love, 202681 Irving, 202684 Thompson, 2544 James, 2747 Smith","201567,202681,202684,2544,2747","Love, Irving, Thompson, James, Smith",0,2,0,3,3,77.0
21500938,20160307,4,7,CLE,MEM,"201567 Love, 202681 Irving, 202684 Thompson, 2544 James, 2747 Smith","201567,202681,202684,2544,2747","Love, Irving, Thompson, James, Smith",0,0,0,1,1,13.0
21500938,20160307,4,8,CLE,MEM,"202681 Irving, 202684 Thompson, 202697 Shumpert, 2544 James, 2747 Smith","202681,202684,202697,2544,2747","Irving, Thompson, Shumpert, James, Smith",0,2,4,3,3,68.6
21500938,20160307,4,9,CLE,MEM,"201567 Love, 202681 Irving, 203521 Dellavedova, 2544 James, 2747 Smith","201567,202681,203521,2544,2747","Love, Irving, Dellavedova, James, Smith",0,0,0,1,1,9.2
21500938,20160307,4,10,CLE,MEM,"202681 Irving, 202684 Thompson, 203521 Dellavedova, 2544 James, 2747 Smith","202681,202684,203521,2544,2747","Irving, Thompson, Dellavedova, James, Smith",0,0,3,1,2,2.8
21500938,20160307,4,11,CLE,MEM,"201567 Love, 202681 Irving, 203521 Dellavedova, 2544 James, 2747 Smith","201567,202681,203521,2544,2747","Love, Irving, Dellavedova, James, Smith",0,3,2,1,1,11.6
21500938,20160307,4,12,CLE,MEM,"201567 Love, 202681 Irving, 203521 Dellavedova, 2544 James, 2747 Smith","201567,202681,203521,2544,2747","Love, Irving, Dellavedova, James, Smith",0,0,0,0,0,1.8
21500957,20160309,1,1,CLE,SAC,"201567 Love, 202681 Irving, 202684 Thompson, 2544 James, 2747 Smith","201567,202681,202684,2544,2747","Love, Irving, Thompson, James, Smith",0,14,12,15,14,364.0
21500957,20160309,1,2,CLE,SAC,"201567 Love, 202681 Irving, 202684 Thompson, 2544 James, 2747 Smith","201567,202681,202684,2544,2747","Love, Irving, Thompson, James, Smith",0,0,2,2,1,34.0
21500957,20160309,1,3,CLE,SAC,"201567 Love, 202681 Irving, 202684 Thompson, 202697 Shumpert, 2544 James","201567,202681,202684,202697,2544","Love, Irving, Thompson, Shumpert, James",0,4,2,3,2,52.0
21500957,20160309,1,4,CLE,SAC,"201567 Love, 202681 Irving, 202684 Thompson, 202697 Shumpert, 2544 James","201567,202681,202684,202697,2544","Love, Irving, Thompson, Shumpert, James",0,0,0,1,0,12.0
21500957,20160309,1,5,CLE,SAC,"201567 Love, 202684 Thompson, 202697 Shumpert, 203521 Dellavedova, 2544 James","201567,202684,202697,203521,2544","Love, Thompson, Shumpert, Dellavedova, James",0,8,6,7,5,185.0
21500957,20160309,1,6,CLE,SAC,"202684 Thompson, 202697 Shumpert, 203521 Dellavedova, 2210 Jefferson, 2747 Smith","202684,202697,203521,2210,2747","Thompson, Shumpert, Dellavedova, Jefferson, Smith",0,2,3,3,3,73.0
21500957,20160309,2,1,CLE,SAC,"202684 Thompson, 202697 Shumpert, 203521 Dellavedova, 2210 Jefferson, 2747 Smith","202684,202697,203521,2210,2747","Thompson, Shumpert, Dellavedova, Jefferson, Smith",0,0,0,0,1,15.0
21500957,20160309,2,2,CLE,SAC,"101112 Frye, 202697 Shumpert, 203521 Dellavedova, 2210 Jefferson, 2747 Smith","101112,202697,203521,2210,2747","Frye, Shumpert, Dellavedova, Jefferson, Smith",0,0,1,1,2,28.0
21500957,20160309,2,3,CLE,SAC,"101112 Frye, 202681 Irving, 202697 Shumpert, 2210 Jefferson, 2747 Smith","101112,202681,202697,2210,2747","Frye, Irving, Shumpert, Jefferson, Smith",0,4,9,5,4,141.0
21500957,20160309,2,4,CLE,SAC,"101112 Frye, 202681 Irving, 202697 Shumpert, 2210 Jefferson, 2747 Smith","101112,202681,202697,2210,2747","Frye, Irving, Shumpert, Jefferson, Smith",0,6,5,4,3,63.0
21500957,20160309,2,5,CLE,SAC,"202681 Irving, 202684 Thompson, 202697 Shumpert, 2210 Jefferson, 2747 Smith","202681,202684,202697,2210,2747","Irving, Thompson, Shumpert, Jefferson, Smith",0,0,2,2,2,34.0
21500957,20160309,2,6,CLE,SAC,"202681 Irving, 202684 Thompson, 203521 Dellavedova, 2210 Jefferson, 2747 Smith","202681,202684,203521,2210,2747","Irving, Thompson, Dellavedova, Jefferson, Smith",0,0,2,1,1,34.0
21500957,20160309,2,7,CLE,SAC,"202681 Irving, 202684 Thompson, 203521 Dellavedova, 2544 James, 2747 Smith","202681,202684,203521,2544,2747","Irving, Thompson, Dellavedova, James, Smith",0,2,2,2,2,57.0
21500957,20160309,2,8,CLE,SAC,"201567 Love, 202684 Thompson, 203521 Dellavedova, 2544 James, 2747 Smith","201567,202684,203521,2544,2747","Love, Thompson, Dellavedova, James, Smith",0,7,5,3,5,128.0
21500957,20160309,2,9,CLE,SAC,"201567 Love, 202684 Thompson, 203521 Dellavedova, 2544 James, 2747 Smith","201567,202684,203521,2544,2747","Love, Thompson, Dellavedova, James, Smith",0,0,0,0,1,14.0
21500957,20160309,2,10,CLE,SAC,"201567 Love, 202681 Irving, 202684 Thompson, 203521 Dellavedova, 2544 James","201567,202681,202684,203521,2544","Love, Irving, Thompson, Dellavedova, James",0,0,0,3,2,47.0
21500957,20160309,2,11,CLE,SAC,"201567 Love, 202681 Irving, 202684 Thompson, 203521 Dellavedova, 2544 James","201567,202681,202684,203521,2544","Love, Irving, Thompson, Dellavedova, James",0,2,0,1,0,14.0
21500957,20160309,2,12,CLE,SAC,"201567 Love, 202681 Irving, 202684 Thompson, 203521 Dellavedova, 2544 James","201567,202681,202684,203521,2544","Love, Irving, Thompson, Dellavedova, James",0,2,9,4,4,106.4
21500957,20160309,2,13,CLE,SAC,"201567 Love, 202681 Irving, 202684 Thompson, 202697 Shumpert, 2544 James","201567,202681,202684,202697,2544","Love, Irving, Thompson, Shumpert, James",0,3,0,2,2,33.6
21500957,20160309,2,14,CLE,SAC,"201567 Love, 202681 Irving, 202697 Shumpert, 203521 Dellavedova, 2544 James","201567,202681,202697,203521,2544","Love, Irving, Shumpert, Dellavedova, James",0,0,0,1,0,5.0
21500957,20160309,3,1,CLE,SAC,"201567 Love, 202681 Irving, 202697 Shumpert, 203521 Dellavedova, 2544 James","201567,202681,202697,203521,2544","Love, Irving, Shumpert, Dellavedova, James",0,2,5,9,10,266.0
21500957,20160309,3,2,CLE,SAC,"201567 Love, 202681 Irving, 202684 Thompson, 203521 Dellavedova, 2544 James","201567,202681,202684,203521,2544","Love, Irving, Thompson, Dellavedova, James",0,12,7,8,8,186.0
21500957,20160309,3,3,CLE,SAC,"201567 Love, 202681 Irving, 202684 Thompson, 203521 Dellavedova, 2544 James","201567,202681,202684,203521,2544","Love, Irving, Thompson, Dellavedova, James",0,0,2,2,2,59.0
21500957,20160309,3,4,CLE,SAC,"201567 Love, 202681 Irving, 202684 Thompson, 203521 Dellavedova, 2544 James","201567,202681,202684,203521,2544","Love, Irving, Thompson, Dellavedova, James",0,5,0,3,2,36.0
21500957,20160309,3,5,CLE,SAC,"101112 Frye, 201567 Love, 202681 Irving, 203521 Dellavedova, 2544 James","101112,201567,202681,203521,2544","Frye, Love, Irving, Dellavedova, James",0,0,4,2,3,64.0
21500957,20160309,3,6,CLE,SAC,"101112 Frye, 201567 Love, 202681 Irving, 202697 Shumpert, 203521 Dellavedova","101112,201567,202681,202697,203521","Frye, Love, Irving, Shumpert, Dellavedova",0,8,4,4,4,109.0
21500957,20160309,4,1,CLE,SAC,"101112 Frye, 201567 Love, 202681 Irving, 202697 Shumpert, 203521 Dellavedova","101112,201567,202681,202697,203521","Frye, Love, Irving, Shumpert, Dellavedova",0,0,0,1,0,15.0
21500957,20160309,4,2,CLE,SAC,"101112 Frye, 202681 Irving, 202697 Shumpert, 203521 Dellavedova, 2210 Jefferson","101112,202681,202697,203521,2210","Frye, Irving, Shumpert, Dellavedova, Jefferson",0,6,8,8,6,168.0
21500957,20160309,4,3,CLE,SAC,"101112 Frye, 202681 Irving, 202697 Shumpert, 203521 Dellavedova, 2210 Jefferson","101112,202681,202697,203521,2210","Frye, Irving, Shumpert, Dellavedova, Jefferson",0,1,0,1,0,7.0
21500957,20160309,4,4,CLE,SAC,"202684 Thompson, 202697 Shumpert, 203521 Dellavedova, 2210 Jefferson, 2544 James","202684,202697,203521,2210,2544","Thompson, Shumpert, Dellavedova, Jefferson, James",0,6,4,4,7,86.0
21500957,20160309,4,5,CLE,SAC,"201567 Love, 202681 Irving, 202684 Thompson, 2544 James, 2747 Smith","201567,202681,202684,2544,2747","Love, Irving, Thompson, James, Smith",0,3,2,3,2,52.0
21500957,20160309,4,6,CLE,SAC,"201567 Love, 202681 Irving, 202684 Thompson, 2544 James, 2747 Smith","201567,202681,202684,2544,2747","Love, Irving, Thompson, James, Smith",0,4,4,3,4,110.0
21500957,20160309,4,7,CLE,SAC,"201567 Love, 202681 Irving, 202684 Thompson, 2544 James, 2747 Smith","201567,202681,202684,2544,2747","Love, Irving, Thompson, James, Smith",0,0,1,1,1,35.0
21500957,20160309,4,8,CLE,SAC,"201567 Love, 202681 Irving, 202684 Thompson, 2544 James, 2747 Smith","201567,202681,202684,2544,2747","Love, Irving, Thompson, James, Smith",0,0,1,0,1,24.0
21500957,20160309,4,9,CLE,SAC,"201567 Love, 202681 Irving, 202684 Thompson, 2544 James, 2747 Smith","201567,202681,202684,2544,2747","Love, Irving, Thompson, James, Smith",0,6,4,5,3,131.0
21500957,20160309,4,10,CLE,SAC,"201567 Love, 202681 Irving, 202697 Shumpert, 2544 James, 2747 Smith","201567,202681,202697,2544,2747","Love, Irving, Shumpert, James, Smith",0,3,0,1,2,31.0
21500957,20160309,4,11,CLE,SAC,"202681 Irving, 202684 Thompson, 202697 Shumpert, 2544 James, 2747 Smith","202681,202684,202697,2544,2747","Irving, Thompson, Shumpert, James, Smith",0,2,0,1,1,21.0
21500957,20160309,4,12,CLE,SAC,"202684 Thompson, 202697 Shumpert, 203521 Dellavedova, 2544 James, 2747 Smith","202684,202697,203521,2544,2747","Thompson, Shumpert, Dellavedova, James, Smith",0,0,3,1,3,40.0
21500962,20160310,1,1,CLE,LAL,"101112 Frye, 202681 Irving, 202684 Thompson, 2544 James, 2747 Smith","101112,202681,202684,2544,2747","Frye, Irving, Thompson, James, Smith",0,19,15,13,13,351.0
21500962,20160310,1,2,CLE,LAL,"101112 Frye, 202681 Irving, 202684 Thompson, 2544 James, 2747 Smith","101112,202681,202684,2544,2747","Frye, Irving, Thompson, James, Smith",0,6,2,3,3,74.0
21500962,20160310,1,3,CLE,LAL,"101112 Frye, 202681 Irving, 202684 Thompson, 2544 James, 2747 Smith","101112,202681,202684,2544,2747","Frye, Irving, Thompson, James, Smith",0,3,2,2,2,49.0
21500962,20160310,1,4,CLE,LAL,"202684 Thompson, 203521 Dellavedova, 2544 James, 2592 Jones, 2747 Smith","202684,203521,2544,2592,2747","Thompson, Dellavedova, James, Jones, Smith",0,1,0,1,0,11.0
21500962,20160310,1,5,CLE,LAL,"202389 Mozgov, 203521 Dellavedova, 2544 James, 2592 Jones, 2747 Smith","202389,203521,2544,2592,2747","Mozgov, Dellavedova, James, Jones, Smith",0,2,4,2,3,33.0
21500962,20160310,1,6,CLE,LAL,"202389 Mozgov, 203521 Dellavedova, 2544 James, 2592 Jones, 2747 Smith","202389,203521,2544,2592,2747","Mozgov, Dellavedova, James, Jones, Smith",0,0,2,0,1,7.0
21500962,20160310,1,7,CLE,LAL,"202389 Mozgov, 202697 Shumpert, 203521 Dellavedova, 2544 James, 2592 Jones","202389,202697,203521,2544,2592","Mozgov, Shumpert, Dellavedova, James, Jones",0,2,6,6,7,195.0
21500962,20160310,2,1,CLE,LAL,"202389 Mozgov, 202697 Shumpert, 203521 Dellavedova, 2544 James, 2592 Jones","202389,202697,203521,2544,2592","Mozgov, Shumpert, Dellavedova, James, Jones",0,0,0,1,0,15.0
21500962,20160310,2,2,CLE,LAL,"202389 Mozgov, 202681 Irving, 202697 Shumpert, 203521 Dellavedova, 2592 Jones","202389,202681,202697,203521,2592","Mozgov, Irving, Shumpert, Dellavedova, Jones",0,3,2,2,2,50.0
21500962,20160310,2,3,CLE,LAL,"202681 Irving, 202684 Thompson, 202697 Shumpert, 203521 Dellavedova, 2592 Jones","202681,202684,202697,203521,2592","Irving, Thompson, Shumpert, Dellavedova, Jones",0,5,1,2,2,75.0
21500962,20160310,2,4,CLE,LAL,"202681 Irving, 202684 Thompson, 202697 Shumpert, 2592 Jones, 2747 Smith","202681,202684,202697,2592,2747","Irving, Thompson, Shumpert, Jones, Smith",0,1,8,5,4,124.0
21500962,20160310,2,5,CLE,LAL,"101112 Frye, 202681 Irving, 202684 Thompson, 202697 Shumpert, 2747 Smith","101112,202681,202684,202697,2747","Frye, Irving, Thompson, Shumpert, Smith",0,5,0,3,3,89.0
21500962,20160310,2,6,CLE,LAL,"101112 Frye, 202681 Irving, 202684 Thompson, 2544 James, 2747 Smith","101112,202681,202684,2544,2747","Frye, Irving, Thompson, James, Smith",0,9,6,8,9,232.0
21500962,20160310,2,7,CLE,LAL,"101112 Frye, 202681 Irving, 202684 Thompson, 2544 James, 2747 Smith","101112,202681,202684,2544,2747","Frye, Irving, Thompson, James, Smith",0,3,4,2,2,77.8
21500962,20160310,2,8,CLE,LAL,"101112 Frye, 202681 Irving, 202684 Thompson, 203521 Dellavedova, 2544 James","101112,202681,202684,203521,2544","Frye, Irving, Thompson, Dellavedova, James",0,5,3,2,2,57.2
21500962,20160310,3,1,CLE,LAL,"101112 Frye, 202681 Irving, 202684 Thompson, 203521 Dellavedova, 2544 James","101112,202681,202684,203521,2544","Frye, Irving, Thompson, Dellavedova, James",0,0,0,1,0,11.0
21500962,20160310,3,2,CLE,LAL,"101112 Frye, 202681 Irving, 202684 Thompson, 2544 James, 2747 Smith","101112,202681,202684,2544,2747","Frye, Irving, Thompson, James, Smith",0,15,13,10,10,328.0
21500962,20160310,3,3,CLE,LAL,"101112 Frye, 202681 Irving, 202684 Thompson, 2544 James, 2747 Smith","101112,202681,202684,2544,2747","Frye, Irving, Thompson, James, Smith",0,5,6,4,4,99.0
21500962,20160310,3,4,CLE,LAL,"101112 Frye, 202684 Thompson, 203521 Dellavedova, 2544 James, 2747 Smith","101112,202684,203521,2544,2747","Frye, Thompson, Dellavedova, James, Smith",0,0,2,0,1,11.0
21500962,20160310,3,5,CLE,LAL,"101112 Frye, 202684 Thompson, 202697 Shumpert, 203521 Dellavedova, 2544 James","101112,202684,202697,203521,2544","Frye, Thompson, Shumpert, Dellavedova, James",0,3,0,2,1,58.0
21500962,20160310,3,6,CLE,LAL,"101112 Frye, 202684 Thompson, 202697 Shumpert, 203521 Dellavedova, 2544 James","101112,202684,202697,203521,2544","Frye, Thompson, Shumpert, Dellavedova, James",0,3,0,1,2,28.0
21500962,20160310,3,7,CLE,LAL,"202684 Thompson, 202697 Shumpert, 203521 Dellavedova, 2544 James, 2592 Jones","202684,202697,203521,2544,2592","Thompson, Shumpert, Dellavedova, James, Jones",0,5,6,6,6,180.6
21500962,20160310,3,8,CLE,LAL,"202681 Irving, 202684 Thompson, 202697 Shumpert, 203521 Dellavedova, 2592 Jones","202681,202684,202697,203521,2592","Irving, Thompson, Shumpert, Dellavedova, Jones",0,0,0,0,1,4.4
21500962,20160310,4,1,CLE,LAL,"202681 Irving, 202684 Thompson, 202697 Shumpert, 203521 Dellavedova, 2592 Jones","202681,202684,202697,203521,2592","Irving, Thompson, Shumpert, Dellavedova, Jones",0,0,0,0,1,15.0
21500962,20160310,4,2,CLE,LAL,"202389 Mozgov, 202681 Irving, 202697 Shumpert, 203521 Dellavedova, 2592 Jones","202389,202681,202697,203521,2592","Mozgov, Irving, Shumpert, Dellavedova, Jones",0,2,4,2,3,80.0
21500962,20160310,4,3,CLE,LAL,"202389 Mozgov, 202681 Irving, 202697 Shumpert, 203521 Dellavedova, 2592 Jones","202389,202681,202697,203521,2592","Mozgov, Irving, Shumpert, Dellavedova, Jones",0,2,1,3,2,45.0
21500962,20160310,4,4,CLE,LAL,"202389 Mozgov, 202681 Irving, 202697 Shumpert, 2592 Jones, 2747 Smith","202389,202681,202697,2592,2747","Mozgov, Irving, Shumpert, Jones, Smith",0,9,4,5,4,123.0
21500962,20160310,4,5,CLE,LAL,"202389 Mozgov, 202681 Irving, 202697 Shumpert, 2592 Jones, 2747 Smith","202389,202681,202697,2592,2747","Mozgov, Irving, Shumpert, Jones, Smith",0,2,3,3,3,85.0
21500962,20160310,4,6,CLE,LAL,"202389 Mozgov, 202681 Irving, 202697 Shumpert, 2544 James, 2747 Smith","202389,202681,202697,2544,2747","Mozgov, Irving, Shumpert, James, Smith",0,1,0,4,4,100.0
21500962,20160310,4,7,CLE,LAL,"202389 Mozgov, 202681 Irving, 202697 Shumpert, 2544 James, 2747 Smith","202389,202681,202697,2544,2747","Mozgov, Irving, Shumpert, James, Smith",0,0,4,3,2,31.0
21500962,20160310,4,8,CLE,LAL,"202681 Irving, 202684 Thompson, 202697 Shumpert, 2544 James, 2747 Smith","202681,202684,202697,2544,2747","Irving, Thompson, Shumpert, James, Smith",0,5,3,4,2,111.0
21500962,20160310,4,9,CLE,LAL,"202684 Thompson, 202697 Shumpert, 203521 Dellavedova, 2544 James, 2747 Smith","202684,202697,203521,2544,2747","Thompson, Shumpert, Dellavedova, James, Smith",0,0,3,3,3,45.0
21500962,20160310,4,10,CLE,LAL,"202684 Thompson, 202697 Shumpert, 203521 Dellavedova, 203895 McRae, 2747 Smith","202684,202697,203521,203895,2747","Thompson, Shumpert, Dellavedova, McRae, Smith",0,4,4,3,4,85.0
21500983,20160313,1,1,CLE,LAC,"201567 Love, 202389 Mozgov, 202681 Irving, 2544 James, 2747 Smith","201567,202389,202681,2544,2747","Love, Mozgov, Irving, James, Smith",0,7,17,15,15,402.0
21500983,20160313,1,2,CLE,LAC,"201567 Love, 202681 Irving, 202684 Thompson, 2544 James, 2747 Smith","201567,202681,202684,2544,2747","Love, Irving, Thompson, James, Smith",0,3,0,2,1,32.0
21500983,20160313,1,3,CLE,LAC,"201567 Love, 202681 Irving, 202684 Thompson, 2544 James, 2747 Smith","201567,202681,202684,2544,2747","Love, Irving, Thompson, James, Smith",0,0,0,1,0,2.0
21500983,20160313,1,4,CLE,LAC,"201567 Love, 202681 Irving, 202684 Thompson, 202697 Shumpert, 2544 James","201567,202681,202684,202697,2544","Love, Irving, Thompson, Shumpert, James",0,0,0,1,2,35.0
21500983,20160313,1,5,CLE,LAC,"201567 Love, 202681 Irving, 202684 Thompson, 202697 Shumpert, 2544 James","201567,202681,202684,202697,2544","Love, Irving, Thompson, Shumpert, James",0,0,0,2,3,51.0
21500983,20160313,1,6,CLE,LAC,"101112 Frye, 202684 Thompson, 202697 Shumpert, 203521 Dellavedova, 2544 James","101112,202684,202697,203521,2544","Frye, Thompson, Shumpert, Dellavedova, James",0,3,0,3,2,47.0
21500983,20160313,1,7,CLE,LAC,"101112 Frye, 202684 Thompson, 202697 Shumpert, 203521 Dellavedova, 2544 James","101112,202684,202697,203521,2544","Frye, Thompson, Shumpert, Dellavedova, James",0,8,2,6,5,151.0
21500983,20160313,2,1,CLE,LAC,"101112 Frye, 202684 Thompson, 202697 Shumpert, 203521 Dellavedova, 2544 James","101112,202684,202697,203521,2544","Frye, Thompson, Shumpert, Dellavedova, James",0,0,0,1,0,19.0
21500983,20160313,2,2,CLE,LAC,"101112 Frye, 202681 Irving, 202684 Thompson, 202697 Shumpert, 2210 Jefferson","101112,202681,202684,202697,2210","Frye, Irving, Thompson, Shumpert, Jefferson",0,13,4,7,6,202.0
21500983,20160313,2,3,CLE,LAC,"101112 Frye, 202681 Irving, 202684 Thompson, 202697 Shumpert, 2210 Jefferson","101112,202681,202684,202697,2210","Frye, Irving, Thompson, Shumpert, Jefferson",0,3,5,4,3,96.0
21500983,20160313,2,4,CLE,LAC,"201567 Love, 202684 Thompson, 202697 Shumpert, 203521 Dellavedova, 2544 James","201567,202684,202697,203521,2544","Love, Thompson, Shumpert, Dellavedova, James",0,4,5,3,2,80.0
21500983,20160313,2,5,CLE,LAC,"201567 Love, 202684 Thompson, 202697 Shumpert, 203521 Dellavedova, 2544 James","201567,202684,202697,203521,2544","Love, Thompson, Shumpert, Dellavedova, James",0,2,5,3,2,78.0
21500983,20160313,2,6,CLE,LAC,"201567 Love, 202681 Irving, 203521 Dellavedova, 2544 James, 2747 Smith","201567,202681,203521,2544,2747","Love, Irving, Dellavedova, James, Smith",0,2,0,1,1,21.0
21500983,20160313,2,7,CLE,LAC,"201567 Love, 202681 Irving, 203521 Dellavedova, 2544 James, 2747 Smith","201567,202681,203521,2544,2747","Love, Irving, Dellavedova, James, Smith",0,8,2,6,6,115.0
21500983,20160313,2,8,CLE,LAC,"201567 Love, 202697 Shumpert, 203521 Dellavedova, 2544 James, 2747 Smith","201567,202697,203521,2544,2747","Love, Shumpert, Dellavedova, James, Smith",0,5,1,3,4,109.0
21500983,20160313,3,1,CLE,LAC,"201567 Love, 202697 Shumpert, 203521 Dellavedova, 2544 James, 2747 Smith","201567,202697,203521,2544,2747","Love, Shumpert, Dellavedova, James, Smith",0,0,0,1,0,14.0
21500983,20160313,3,2,CLE,LAC,"201567 Love, 202389 Mozgov, 202681 Irving, 2544 James, 2747 Smith","201567,202389,202681,2544,2747","Love, Mozgov, Irving, James, Smith",0,7,8,9,9,261.0
21500983,20160313,3,3,CLE,LAC,"201567 Love, 202389 Mozgov, 202681 Irving, 2544 James, 2747 Smith","201567,202389,202681,2544,2747","Love, Mozgov, Irving, James, Smith",0,6,7,4,7,181.0
21500983,20160313,3,4,CLE,LAC,"201567 Love, 202681 Irving, 202684 Thompson, 2544 James, 2747 Smith","201567,202681,202684,2544,2747","Love, Irving, Thompson, James, Smith",0,8,6,4,3,91.0
21500983,20160313,3,5,CLE,LAC,"101112 Frye, 202684 Thompson, 203521 Dellavedova, 2544 James, 2747 Smith","101112,202684,203521,2544,2747","Frye, Thompson, Dellavedova, James, Smith",0,3,1,2,2,47.0
21500983,20160313,3,6,CLE,LAC,"101112 Frye, 202684 Thompson, 203521 Dellavedova, 2544 James, 2747 Smith","101112,202684,203521,2544,2747","Frye, Thompson, Dellavedova, James, Smith",0,9,5,4,4,126.0
21500983,20160313,4,1,CLE,LAC,"101112 Frye, 202684 Thompson, 203521 Dellavedova, 2544 James, 2747 Smith","101112,202684,203521,2544,2747","Frye, Thompson, Dellavedova, James, Smith",0,0,0,0,1,18.0
21500983,20160313,4,2,CLE,LAC,"101112 Frye, 202681 Irving, 202684 Thompson, 202697 Shumpert, 203521 Dellavedova","101112,202681,202684,202697,203521","Frye, Irving, Thompson, Shumpert, Dellavedova",0,12,9,11,11,331.0
21500983,20160313,4,3,CLE,LAC,"101112 Frye, 202684 Thompson, 202697 Shumpert, 203521 Dellavedova, 2210 Jefferson","101112,202684,202697,203521,2210","Frye, Thompson, Shumpert, Dellavedova, Jefferson",0,0,0,1,1,5.0
21500983,20160313,4,4,CLE,LAC,"101112 Frye, 202684 Thompson, 202697 Shumpert, 203521 Dellavedova, 2210 Jefferson","101112,202684,202697,203521,2210","Frye, Thompson, Shumpert, Dellavedova, Jefferson",0,6,9,6,8,169.0
21500983,20160313,4,5,CLE,LAC,"202697 Shumpert, 203521 Dellavedova, 203895 McRae, 2210 Jefferson, 2592 Jones","202697,203521,203895,2210,2592","Shumpert, Dellavedova, McRae, Jefferson, Jones",0,2,0,2,2,69.0
21500983,20160313,4,6,CLE,LAC,"201619 Kaun, 202697 Shumpert, 203895 McRae, 2210 Jefferson, 2592 Jones","201619,202697,203895,2210,2592","Kaun, Shumpert, McRae, Jefferson, Jones",0,3,4,3,5,128.0
21500994,20160314,1,1,CLE,UTA,"201567 Love, 202389 Mozgov, 202681 Irving, 2544 James, 2747 Smith","201567,202389,202681,2544,2747","Love, Mozgov, Irving, James, Smith",0,13,14,13,13,379.0
21500994,20160314,1,2,CLE,UTA,"201567 Love, 202389 Mozgov, 202681 Irving, 2210 Jefferson, 2747 Smith","201567,202389,202681,2210,2747","Love, Mozgov, Irving, Jefferson, Smith",0,4,5,4,3,106.0
21500994,20160314,1,3,CLE,UTA,"201567 Love, 202681 Irving, 202684 Thompson, 202697 Shumpert, 2210 Jefferson","201567,202681,202684,202697,2210","Love, Irving, Thompson, Shumpert, Jefferson",0,2,2,2,2,60.0
21500994,20160314,1,4,CLE,UTA,"202684 Thompson, 202697 Shumpert, 203521 Dellavedova, 2210 Jefferson, 2544 James","202684,202697,203521,2210,2544","Thompson, Shumpert, Dellavedova, Jefferson, James",0,7,7,5,5,175.0
21500994,20160314,2,1,CLE,UTA,"202684 Thompson, 202697 Shumpert, 203521 Dellavedova, 2210 Jefferson, 2544 James","202684,202697,203521,2210,2544","Thompson, Shumpert, Dellavedova, Jefferson, James",0,0,0,0,1,22.0
21500994,20160314,2,2,CLE,UTA,"101112 Frye, 202684 Thompson, 202697 Shumpert, 203521 Dellavedova, 2544 James","101112,202684,202697,203521,2544","Frye, Thompson, Shumpert, Dellavedova, James",0,7,4,5,6,143.0
21500994,20160314,2,3,CLE,UTA,"101112 Frye, 202684 Thompson, 202697 Shumpert, 203521 Dellavedova, 2544 James","101112,202684,202697,203521,2544","Frye, Thompson, Shumpert, Dellavedova, James",0,0,2,3,3,83.0
21500994,20160314,2,4,CLE,UTA,"101112 Frye, 202681 Irving, 202684 Thompson, 202697 Shumpert, 2544 James","101112,202681,202684,202697,2544","Frye, Irving, Thompson, Shumpert, James",0,2,0,3,3,96.0
21500994,20160314,2,5,CLE,UTA,"201567 Love, 202681 Irving, 202684 Thompson, 2544 James, 2747 Smith","201567,202681,202684,2544,2747","Love, Irving, Thompson, James, Smith",0,0,0,1,2,54.0
21500994,20160314,2,6,CLE,UTA,"201567 Love, 202681 Irving, 202684 Thompson, 2210 Jefferson, 2747 Smith","201567,202681,202684,2210,2747","Love, Irving, Thompson, Jefferson, Smith",0,0,4,2,2,60.0
21500994,20160314,2,7,CLE,UTA,"201567 Love, 202681 Irving, 202684 Thompson, 2210 Jefferson, 2747 Smith","201567,202681,202684,2210,2747","Love, Irving, Thompson, Jefferson, Smith",0,0,2,2,1,25.0
21500994,20160314,2,8,CLE,UTA,"201567 Love, 202681 Irving, 202684 Thompson, 2210 Jefferson, 2747 Smith","201567,202681,202684,2210,2747","Love, Irving, Thompson, Jefferson, Smith",0,3,0,2,2,51.0
21500994,20160314,2,9,CLE,UTA,"201567 Love, 202389 Mozgov, 202681 Irving, 2210 Jefferson, 2747 Smith","201567,202389,202681,2210,2747","Love, Mozgov, Irving, Jefferson, Smith",0,2,5,2,2,59.0
21500994,20160314,2,10,CLE,UTA,"201567 Love, 202389 Mozgov, 203521 Dellavedova, 2544 James, 2747 Smith","201567,202389,203521,2544,2747","Love, Mozgov, Dellavedova, James, Smith",0,4,3,4,4,127.0
21500994,20160314,3,1,CLE,UTA,"201567 Love, 202389 Mozgov, 203521 Dellavedova, 2544 James, 2747 Smith","201567,202389,203521,2544,2747","Love, Mozgov, Dellavedova, James, Smith",0,0,0,0,1,20.0
21500994,20160314,3,2,CLE,UTA,"201567 Love, 202389 Mozgov, 202681 Irving, 2544 James, 2747 Smith","201567,202389,202681,2544,2747","Love, Mozgov, Irving, James, Smith",0,6,8,9,10,277.0
21500994,20160314,3,3,CLE,UTA,"101112 Frye, 201567 Love, 202681 Irving, 2544 James, 2747 Smith","101112,201567,202681,2544,2747","Frye, Love, Irving, James, Smith",0,2,2,3,4,114.0
21500994,20160314,3,4,CLE,UTA,"101112 Frye, 201567 Love, 203521 Dellavedova, 2544 James, 2747 Smith","101112,201567,203521,2544,2747","Frye, Love, Dellavedova, James, Smith",0,5,4,2,3,82.0
21500994,20160314,3,5,CLE,UTA,"101112 Frye, 201567 Love, 202697 Shumpert, 203521 Dellavedova, 2544 James","101112,201567,202697,203521,2544","Frye, Love, Shumpert, Dellavedova, James",0,3,2,4,4,136.0
21500994,20160314,3,6,CLE,UTA,"101112 Frye, 201567 Love, 202697 Shumpert, 203521 Dellavedova, 2544 James","101112,201567,202697,203521,2544","Frye, Love, Shumpert, Dellavedova, James",0,6,2,3,3,91.0
21500994,20160314,4,1,CLE,UTA,"101112 Frye, 201567 Love, 202697 Shumpert, 203521 Dellavedova, 2544 James","101112,201567,202697,203521,2544","Frye, Love, Shumpert, Dellavedova, James",0,0,0,1,0,19.0
21500994,20160314,4,2,CLE,UTA,"101112 Frye, 202681 Irving, 202684 Thompson, 202697 Shumpert, 203521 Dellavedova","101112,202681,202684,202697,203521","Frye, Irving, Thompson, Shumpert, Dellavedova",0,3,4,4,3,123.0
21500994,20160314,4,3,CLE,UTA,"101112 Frye, 202681 Irving, 202684 Thompson, 202697 Shumpert, 203521 Dellavedova","101112,202681,202684,202697,203521","Frye, Irving, Thompson, Shumpert, Dellavedova",0,2,9,5,4,164.0
21500994,20160314,4,4,CLE,UTA,"201567 Love, 202681 Irving, 202684 Thompson, 2544 James, 2747 Smith","201567,202681,202684,2544,2747","Love, Irving, Thompson, James, Smith",0,2,2,2,1,57.0
21500994,20160314,4,5,CLE,UTA,"201567 Love, 202681 Irving, 202684 Thompson, 2544 James, 2747 Smith","201567,202681,202684,2544,2747","Love, Irving, Thompson, James, Smith",0,0,2,2,2,58.0
21500994,20160314,4,6,CLE,UTA,"101112 Frye, 201567 Love, 202681 Irving, 2544 James, 2747 Smith","101112,201567,202681,2544,2747","Frye, Love, Irving, James, Smith",0,11,8,9,9,299.0
21501005,20160316,1,1,CLE,DAL,"201567 Love, 202681 Irving, 202684 Thompson, 202697 Shumpert, 2747 Smith","201567,202681,202684,202697,2747","Love, Irving, Thompson, Shumpert, Smith",0,10,8,10,10,299.0
21501005,20160316,1,2,CLE,DAL,"202681 Irving, 202684 Thompson, 202697 Shumpert, 2210 Jefferson, 2747 Smith","202681,202684,202697,2210,2747","Irving, Thompson, Shumpert, Jefferson, Smith",0,3,2,2,3,75.0
21501005,20160316,1,3,CLE,DAL,"202681 Irving, 202684 Thompson, 202697 Shumpert, 2210 Jefferson, 2747 Smith","202681,202684,202697,2210,2747","Irving, Thompson, Shumpert, Jefferson, Smith",0,4,5,2,4,67.0
21501005,20160316,1,4,CLE,DAL,"202684 Thompson, 202697 Shumpert, 203521 Dellavedova, 2210 Jefferson, 2747 Smith","202684,202697,203521,2210,2747","Thompson, Shumpert, Dellavedova, Jefferson, Smith",0,2,0,1,1,33.0
21501005,20160316,1,5,CLE,DAL,"101112 Frye, 202697 Shumpert, 203521 Dellavedova, 2210 Jefferson, 2747 Smith","101112,202697,203521,2210,2747","Frye, Shumpert, Dellavedova, Jefferson, Smith",0,3,0,2,1,10.0
21501005,20160316,1,6,CLE,DAL,"101112 Frye, 202697 Shumpert, 203521 Dellavedova, 2210 Jefferson, 2747 Smith","101112,202697,203521,2210,2747","Frye, Shumpert, Dellavedova, Jefferson, Smith",0,4,6,5,6,140.0
21501005,20160316,1,7,CLE,DAL,"101112 Frye, 201567 Love, 203521 Dellavedova, 2210 Jefferson, 2747 Smith","101112,201567,203521,2210,2747","Frye, Love, Dellavedova, Jefferson, Smith",0,5,7,3,4,90.8
21501005,20160316,1,8,CLE,DAL,"101112 Frye, 201567 Love, 203521 Dellavedova, 2210 Jefferson, 2747 Smith","101112,201567,203521,2210,2747","Frye, Love, Dellavedova, Jefferson, Smith",0,0,0,1,0,2.6
21501005,20160316,1,9,CLE,DAL,"101112 Frye, 201567 Love, 203521 Dellavedova, 2210 Jefferson, 2747 Smith","101112,201567,203521,2210,2747","Frye, Love, Dellavedova, Jefferson, Smith",0,0,0,1,0,2.6
21501005,20160316,2,1,CLE,DAL,"101112 Frye, 201567 Love, 203521 Dellavedova, 2210 Jefferson, 2747 Smith","101112,201567,203521,2210,2747","Frye, Love, Dellavedova, Jefferson, Smith",0,0,0,0,1,14.0
21501005,20160316,2,2,CLE,DAL,"101112 Frye, 201567 Love, 202681 Irving, 203521 Dellavedova, 2210 Jefferson","101112,201567,202681,203521,2210","Frye, Love, Irving, Dellavedova, Jefferson",0,10,0,6,7,150.0
21501005,20160316,2,3,CLE,DAL,"101112 Frye, 201567 Love, 202681 Irving, 203521 Dellavedova, 2210 Jefferson","101112,201567,202681,203521,2210","Frye, Love, Irving, Dellavedova, Jefferson",0,0,0,1,1,21.0
21501005,20160316,2,4,CLE,DAL,"101112 Frye, 201567 Love, 202681 Irving, 203521 Dellavedova, 2210 Jefferson","101112,201567,202681,203521,2210","Frye, Love, Irving, Dellavedova, Jefferson",0,5,0,3,2,38.0
21501005,20160316,2,5,CLE,DAL,"101112 Frye, 201567 Love, 202681 Irving, 203521 Dellavedova, 2210 Jefferson","101112,201567,202681,203521,2210","Frye, Love, Irving, Dellavedova, Jefferson",0,0,0,1,1,44.0
21501005,20160316,2,6,CLE,DAL,"201567 Love, 202681 Irving, 203521 Dellavedova, 2210 Jefferson, 2747 Smith","201567,202681,203521,2210,2747","Love, Irving, Dellavedova, Jefferson, Smith",0,2,2,2,2,51.0
21501005,20160316,2,7,CLE,DAL,"201567 Love, 202681 Irving, 202697 Shumpert, 203521 Dellavedova, 2747 Smith","201567,202681,202697,203521,2747","Love, Irving, Shumpert, Dellavedova, Smith",0,2,0,1,2,35.0
21501005,20160316,2,8,CLE,DAL,"201567 Love, 202681 Irving, 202684 Thompson, 202697 Shumpert, 2747 Smith","201567,202681,202684,202697,2747","Love, Irving, Thompson, Shumpert, Smith",0,2,6,4,4,129.0
21501005,20160316,2,9,CLE,DAL,"101112 Frye, 202681 Irving, 202684 Thompson, 202697 Shumpert, 2747 Smith","101112,202681,202684,202697,2747","Frye, Irving, Thompson, Shumpert, Smith",0,0,7,3,3,75.0
21501005,20160316,2,10,CLE,DAL,"101112 Frye, 202684 Thompson, 202697 Shumpert, 203521 Dellavedova, 2747 Smith","101112,202684,202697,203521,2747","Frye, Thompson, Shumpert, Dellavedova, Smith",0,0,3,2,3,55.0
21501005,20160316,2,11,CLE,DAL,"201567 Love, 202684 Thompson, 202697 Shumpert, 203521 Dellavedova, 2747 Smith","201567,202684,202697,203521,2747","Love, Thompson, Shumpert, Dellavedova, Smith",0,5,5,5,4,108.0
21501005,20160316,3,1,CLE,DAL,"201567 Love, 202684 Thompson, 202697 Shumpert, 203521 Dellavedova, 2747 Smith","201567,202684,202697,203521,2747","Love, Thompson, Shumpert, Dellavedova, Smith",0,0,0,0,1,15.0
21501005,20160316,3,2,CLE,DAL,"201567 Love, 202681 Irving, 202684 Thompson, 202697 Shumpert, 2747 Smith","201567,202681,202684,202697,2747","Love, Irving, Thompson, Shumpert, Smith",0,6,2,5,5,133.0
21501005,20160316,3,3,CLE,DAL,"201567 Love, 202681 Irving, 202684 Thompson, 202697 Shumpert, 2747 Smith","201567,202681,202684,202697,2747","Love, Irving, Thompson, Shumpert, Smith",0,8,1,3,3,72.0
21501005,20160316,3,4,CLE,DAL,"201567 Love, 202681 Irving, 202684 Thompson, 202697 Shumpert, 2747 Smith","201567,202681,202684,202697,2747","Love, Irving, Thompson, Shumpert, Smith",0,5,4,5,5,176.0
21501005,20160316,3,5,CLE,DAL,"201567 Love, 202681 Irving, 202684 Thompson, 202697 Shumpert, 2747 Smith","201567,202681,202684,202697,2747","Love, Irving, Thompson, Shumpert, Smith",0,2,4,4,3,109.0
21501005,20160316,3,6,CLE,DAL,"201567 Love, 202684 Thompson, 203521 Dellavedova, 2210 Jefferson, 2747 Smith","201567,202684,203521,2210,2747","Love, Thompson, Dellavedova, Jefferson, Smith",0,2,2,2,1,35.0
21501005,20160316,3,7,CLE,DAL,"101112 Frye, 201567 Love, 203521 Dellavedova, 2210 Jefferson, 2747 Smith","101112,201567,203521,2210,2747","Frye, Love, Dellavedova, Jefferson, Smith",0,2,0,2,1,36.0
21501005,20160316,3,8,CLE,DAL,"101112 Frye, 202684 Thompson, 203521 Dellavedova, 2210 Jefferson, 2747 Smith","101112,202684,203521,2210,2747","Frye, Thompson, Dellavedova, Jefferson, Smith",0,0,4,3,2,56.0
21501005,20160316,3,9,CLE,DAL,"101112 Frye, 202681 Irving, 202684 Thompson, 203521 Dellavedova, 2210 Jefferson","101112,202681,202684,203521,2210","Frye, Irving, Thompson, Dellavedova, Jefferson",0,2,0,2,2,88.0
21501005,20160316,4,1,CLE,DAL,"101112 Frye, 202681 Irving, 202684 Thompson, 203521 Dellavedova, 2210 Jefferson","101112,202681,202684,203521,2210","Frye, Irving, Thompson, Dellavedova, Jefferson",0,3,3,5,4,134.0
21501005,20160316,4,2,CLE,DAL,"101112 Frye, 202681 Irving, 202684 Thompson, 203521 Dellavedova, 2747 Smith","101112,202681,202684,203521,2747","Frye, Irving, Thompson, Dellavedova, Smith",0,2,5,4,4,128.0
21501005,20160316,4,3,CLE,DAL,"201567 Love, 202681 Irving, 202684 Thompson, 203521 Dellavedova, 2747 Smith","201567,202681,202684,203521,2747","Love, Irving, Thompson, Dellavedova, Smith",0,2,6,3,4,70.0
21501005,20160316,4,4,CLE,DAL,"201567 Love, 202681 Irving, 202684 Thompson, 202697 Shumpert, 2747 Smith","201567,202681,202684,202697,2747","Love, Irving, Thompson, Shumpert, Smith",0,4,7,5,5,171.0
21501005,20160316,4,5,CLE,DAL,"201567 Love, 202681 Irving, 202684 Thompson, 202697 Shumpert, 2747 Smith","201567,202681,202684,202697,2747","Love, Irving, Thompson, Shumpert, Smith",0,2,6,6,6,181.2
21501005,20160316,4,6,CLE,DAL,"201567 Love, 202681 Irving, 202684 Thompson, 203521 Dellavedova, 2747 Smith","201567,202681,202684,203521,2747","Love, Irving, Thompson, Dellavedova, Smith",0,0,0,1,1,19.2
21501005,20160316,4,7,CLE,DAL,"201567 Love, 202681 Irving, 202684 Thompson, 202697 Shumpert, 2747 Smith","201567,202681,202684,202697,2747","Love, Irving, Thompson, Shumpert, Smith",0,2,0,1,2,16.6
21501020,20160318,1,1,CLE,ORL,"201567 Love, 202389 Mozgov, 202681 Irving, 2544 James, 2747 Smith","201567,202389,202681,2544,2747","Love, Mozgov, Irving, James, Smith",0,16,20,18,19,476.0
21501020,20160318,1,2,CLE,ORL,"101112 Frye, 202681 Irving, 202684 Thompson, 2544 James, 2747 Smith","101112,202681,202684,2544,2747","Frye, Irving, Thompson, James, Smith",0,2,2,2,3,56.0
21501020,20160318,1,3,CLE,ORL,"101112 Frye, 202684 Thompson, 202697 Shumpert, 203521 Dellavedova, 2544 James","101112,202684,202697,203521,2544","Frye, Thompson, Shumpert, Dellavedova, James",0,0,0,1,1,19.0
21501020,20160318,1,4,CLE,ORL,"101112 Frye, 202684 Thompson, 202697 Shumpert, 203521 Dellavedova, 2544 James","101112,202684,202697,203521,2544","Frye, Thompson, Shumpert, Dellavedova, James",0,9,7,6,6,169.0
21501020,20160318,2,1,CLE,ORL,"101112 Frye, 202684 Thompson, 202697 Shumpert, 203521 Dellavedova, 2544 James","101112,202684,202697,203521,2544","Frye, Thompson, Shumpert, Dellavedova, James",0,0,0,0,1,16.0
21501020,20160318,2,2,CLE,ORL,"101112 Frye, 202684 Thompson, 202697 Shumpert, 203521 Dellavedova, 2210 Jefferson","101112,202684,202697,203521,2210","Frye, Thompson, Shumpert, Dellavedova, Jefferson",0,0,6,3,3,72.0
21501020,20160318,2,3,CLE,ORL,"101112 Frye, 202681 Irving, 202684 Thompson, 202697 Shumpert, 2210 Jefferson","101112,202681,202684,202697,2210","Frye, Irving, Thompson, Shumpert, Jefferson",0,3,3,3,1,48.0
21501020,20160318,2,4,CLE,ORL,"201567 Love, 202681 Irving, 202684 Thompson, 202697 Shumpert, 2210 Jefferson","201567,202681,202684,202697,2210","Love, Irving, Thompson, Shumpert, Jefferson",0,8,2,5,6,164.0
21501020,20160318,2,5,CLE,ORL,"201567 Love, 202681 Irving, 202684 Thompson, 202697 Shumpert, 2210 Jefferson","201567,202681,202684,202697,2210","Love, Irving, Thompson, Shumpert, Jefferson",0,4,2,2,3,67.0
21501020,20160318,2,6,CLE,ORL,"201567 Love, 202681 Irving, 202697 Shumpert, 2210 Jefferson, 2544 James","201567,202681,202697,2210,2544","Love, Irving, Shumpert, Jefferson, James",0,0,2,1,2,35.0
21501020,20160318,2,7,CLE,ORL,"201567 Love, 202681 Irving, 202697 Shumpert, 2544 James, 2747 Smith","201567,202681,202697,2544,2747","Love, Irving, Shumpert, James, Smith",0,11,2,5,6,129.0
21501020,20160318,2,8,CLE,ORL,"201567 Love, 202681 Irving, 202697 Shumpert, 2544 James, 2747 Smith","201567,202681,202697,2544,2747","Love, Irving, Shumpert, James, Smith",0,0,1,0,1,16.0
21501020,20160318,2,9,CLE,ORL,"201567 Love, 202681 Irving, 202697 Shumpert, 2544 James, 2747 Smith","201567,202681,202697,2544,2747","Love, Irving, Shumpert, James, Smith",0,0,0,0,1,1.0
21501020,20160318,2,10,CLE,ORL,"202681 Irving, 202684 Thompson, 203521 Dellavedova, 2544 James, 2747 Smith","202681,202684,203521,2544,2747","Irving, Thompson, Dellavedova, James, Smith",0,8,7,5,5,133.9
21501020,20160318,2,11,CLE,ORL,"202681 Irving, 202684 Thompson, 203521 Dellavedova, 2544 James, 2747 Smith","202681,202684,203521,2544,2747","Irving, Thompson, Dellavedova, James, Smith",0,2,0,1,0,6.8
21501020,20160318,2,12,CLE,ORL,"202681 Irving, 202684 Thompson, 202697 Shumpert, 2544 James, 2747 Smith","202681,202684,202697,2544,2747","Irving, Thompson, Shumpert, James, Smith",0,0,0,0,2,31.3
21501020,20160318,3,1,CLE,ORL,"202681 Irving, 202684 Thompson, 202697 Shumpert, 2544 James, 2747 Smith","202681,202684,202697,2544,2747","Irving, Thompson, Shumpert, James, Smith",0,0,0,0,1,17.0
21501020,20160318,3,2,CLE,ORL,"201567 Love, 202389 Mozgov, 202681 Irving, 2544 James, 2747 Smith","201567,202389,202681,2544,2747","Love, Mozgov, Irving, James, Smith",0,8,18,11,11,316.0
21501020,20160318,3,3,CLE,ORL,"201567 Love, 202681 Irving, 202697 Shumpert, 2544 James, 2747 Smith","201567,202681,202697,2544,2747","Love, Irving, Shumpert, James, Smith",0,2,2,2,2,68.0
21501020,20160318,3,4,CLE,ORL,"201567 Love, 202681 Irving, 202697 Shumpert, 2544 James, 2747 Smith","201567,202681,202697,2544,2747","Love, Irving, Shumpert, James, Smith",0,0,5,4,3,97.0
21501020,20160318,3,5,CLE,ORL,"101112 Frye, 202697 Shumpert, 203521 Dellavedova, 2544 James, 2747 Smith","101112,202697,203521,2544,2747","Frye, Shumpert, Dellavedova, James, Smith",0,2,0,1,1,11.0
21501020,20160318,3,6,CLE,ORL,"101112 Frye, 202697 Shumpert, 203521 Dellavedova, 2544 James, 2747 Smith","101112,202697,203521,2544,2747","Frye, Shumpert, Dellavedova, James, Smith",0,3,0,2,2,53.0
21501020,20160318,3,7,CLE,ORL,"101112 Frye, 202684 Thompson, 202697 Shumpert, 203521 Dellavedova, 2544 James","101112,202684,202697,203521,2544","Frye, Thompson, Shumpert, Dellavedova, James",0,5,7,6,6,158.0
21501020,20160318,4,1,CLE,ORL,"101112 Frye, 202684 Thompson, 202697 Shumpert, 203521 Dellavedova, 2544 James","101112,202684,202697,203521,2544","Frye, Thompson, Shumpert, Dellavedova, James",0,0,0,1,0,17.0
21501020,20160318,4,2,CLE,ORL,"101112 Frye, 202681 Irving, 202684 Thompson, 202697 Shumpert, 2210 Jefferson","101112,202681,202684,202697,2210","Frye, Irving, Thompson, Shumpert, Jefferson",0,5,2,3,2,69.0
21501020,20160318,4,3,CLE,ORL,"101112 Frye, 202681 Irving, 202684 Thompson, 202697 Shumpert, 2210 Jefferson","101112,202681,202684,202697,2210","Frye, Irving, Thompson, Shumpert, Jefferson",0,2,0,2,2,31.0
21501020,20160318,4,4,CLE,ORL,"101112 Frye, 202681 Irving, 202684 Thompson, 203521 Dellavedova, 2210 Jefferson","101112,202681,202684,203521,2210","Frye, Irving, Thompson, Dellavedova, Jefferson",0,3,3,3,2,62.0
21501020,20160318,4,5,CLE,ORL,"101112 Frye, 202681 Irving, 202684 Thompson, 203521 Dellavedova, 2210 Jefferson","101112,202681,202684,203521,2210","Frye, Irving, Thompson, Dellavedova, Jefferson",0,0,0,2,2,42.0
21501020,20160318,4,6,CLE,ORL,"101112 Frye, 202681 Irving, 202684 Thompson, 203521 Dellavedova, 2210 Jefferson","101112,202681,202684,203521,2210","Frye, Irving, Thompson, Dellavedova, Jefferson",0,0,1,2,2,44.0
21501020,20160318,4,7,CLE,ORL,"101112 Frye, 202681 Irving, 202684 Thompson, 203521 Dellavedova, 2210 Jefferson","101112,202681,202684,203521,2210","Frye, Irving, Thompson, Dellavedova, Jefferson",0,5,0,6,4,104.0
21501020,20160318,4,8,CLE,ORL,"101112 Frye, 202681 Irving, 202684 Thompson, 203521 Dellavedova, 2544 James","101112,202681,202684,203521,2544","Frye, Irving, Thompson, Dellavedova, James",0,9,8,10,8,281.0
21501020,20160318,4,9,CLE,ORL,"101112 Frye, 202681 Irving, 202684 Thompson, 203521 Dellavedova, 2544 James","101112,202681,202684,203521,2544","Frye, Irving, Thompson, Dellavedova, James",0,0,0,0,1,7.0
21501020,20160318,4,10,CLE,ORL,"202681 Irving, 202684 Thompson, 202697 Shumpert, 203521 Dellavedova, 2544 James","202681,202684,202697,203521,2544","Irving, Thompson, Shumpert, Dellavedova, James",0,1,3,1,1,38.0
21501020,20160318,4,11,CLE,ORL,"202681 Irving, 202684 Thompson, 202697 Shumpert, 203521 Dellavedova, 2544 James","202681,202684,202697,203521,2544","Irving, Thompson, Shumpert, Dellavedova, James",0,1,0,1,1,13.1
21501020,20160318,4,12,CLE,ORL,"202681 Irving, 202684 Thompson, 202697 Shumpert, 203521 Dellavedova, 2544 James","202681,202684,202697,203521,2544","Irving, Thompson, Shumpert, Dellavedova, James",0,0,0,0,2,11.9
21501033,20160319,1,1,CLE,MIA,"201567 Love, 202681 Irving, 202684 Thompson, 202697 Shumpert, 2544 James","201567,202681,202684,202697,2544","Love, Irving, Thompson, Shumpert, James",0,19,22,18,19,575.0
21501033,20160319,1,2,CLE,MIA,"101112 Frye, 202681 Irving, 202684 Thompson, 203521 Dellavedova, 2210 Jefferson","101112,202681,202684,203521,2210","Frye, Irving, Thompson, Dellavedova, Jefferson",0,0,2,2,2,53.0
21501033,20160319,1,3,CLE,MIA,"101112 Frye, 202681 Irving, 202684 Thompson, 203521 Dellavedova, 2210 Jefferson","101112,202681,202684,203521,2210","Frye, Irving, Thompson, Dellavedova, Jefferson",0,0,4,4,4,92.0
21501033,20160319,2,1,CLE,MIA,"101112 Frye, 202681 Irving, 202684 Thompson, 203521 Dellavedova, 2210 Jefferson","101112,202681,202684,203521,2210","Frye, Irving, Thompson, Dellavedova, Jefferson",0,4,4,3,3,115.0
21501033,20160319,2,2,CLE,MIA,"101112 Frye, 201567 Love, 202681 Irving, 2210 Jefferson, 2544 James","101112,201567,202681,2210,2544","Frye, Love, Irving, Jefferson, James",0,9,5,4,5,138.0
21501033,20160319,2,3,CLE,MIA,"101112 Frye, 201567 Love, 202681 Irving, 2210 Jefferson, 2544 James","101112,201567,202681,2210,2544","Frye, Love, Irving, Jefferson, James",0,2,0,2,2,55.0
21501033,20160319,2,4,CLE,MIA,"101112 Frye, 201567 Love, 202681 Irving, 2210 Jefferson, 2544 James","101112,201567,202681,2210,2544","Frye, Love, Irving, Jefferson, James",0,2,8,4,3,90.0
21501033,20160319,2,5,CLE,MIA,"101112 Frye, 201567 Love, 203521 Dellavedova, 2544 James, 2747 Smith","101112,201567,203521,2544,2747","Frye, Love, Dellavedova, James, Smith",0,0,3,2,2,56.0
21501033,20160319,2,6,CLE,MIA,"202684 Thompson, 202697 Shumpert, 203521 Dellavedova, 2544 James, 2747 Smith","202684,202697,203521,2544,2747","Thompson, Shumpert, Dellavedova, James, Smith",0,2,2,2,2,62.0
21501033,20160319,2,7,CLE,MIA,"202684 Thompson, 202697 Shumpert, 203521 Dellavedova, 2544 James, 2747 Smith","202684,202697,203521,2544,2747","Thompson, Shumpert, Dellavedova, James, Smith",0,2,2,2,2,50.0
21501033,20160319,2,8,CLE,MIA,"202681 Irving, 202697 Shumpert, 203521 Dellavedova, 2544 James, 2747 Smith","202681,202697,203521,2544,2747","Irving, Shumpert, Dellavedova, James, Smith",0,4,8,5,5,131.3
21501033,20160319,2,9,CLE,MIA,"202681 Irving, 202697 Shumpert, 203521 Dellavedova, 2210 Jefferson, 2747 Smith","202681,202697,203521,2210,2747","Irving, Shumpert, Dellavedova, Jefferson, Smith",0,0,2,0,2,15.8
21501033,20160319,2,10,CLE,MIA,"202681 Irving, 203521 Dellavedova, 2210 Jefferson, 2544 James, 2747 Smith","202681,203521,2210,2544,2747","Irving, Dellavedova, Jefferson, James, Smith",0,0,0,0,1,6.9
21501033,20160319,3,1,CLE,MIA,"202681 Irving, 203521 Dellavedova, 2210 Jefferson, 2544 James, 2747 Smith","202681,203521,2210,2544,2747","Irving, Dellavedova, Jefferson, James, Smith",0,0,0,1,0,14.0
21501033,20160319,3,2,CLE,MIA,"201567 Love, 202681 Irving, 202697 Shumpert, 2544 James, 2747 Smith","201567,202681,202697,2544,2747","Love, Irving, Shumpert, James, Smith",0,9,12,10,9,240.0
21501033,20160319,3,3,CLE,MIA,"201567 Love, 202681 Irving, 203521 Dellavedova, 2210 Jefferson, 2544 James","201567,202681,203521,2210,2544","Love, Irving, Dellavedova, Jefferson, James",0,6,7,4,4,145.0
21501033,20160319,3,4,CLE,MIA,"201567 Love, 202681 Irving, 203521 Dellavedova, 2210 Jefferson, 2544 James","201567,202681,203521,2210,2544","Love, Irving, Dellavedova, Jefferson, James",0,0,4,1,2,40.0
21501033,20160319,3,5,CLE,MIA,"202681 Irving, 202684 Thompson, 203521 Dellavedova, 2210 Jefferson, 2544 James","202681,202684,203521,2210,2544","Irving, Thompson, Dellavedova, Jefferson, James",0,2,2,2,2,53.0
21501033,20160319,3,6,CLE,MIA,"101112 Frye, 202684 Thompson, 203521 Dellavedova, 203895 McRae, 2210 Jefferson","101112,202684,203521,203895,2210","Frye, Thompson, Dellavedova, McRae, Jefferson",0,9,8,6,6,228.0
21501033,20160319,4,1,CLE,MIA,"101112 Frye, 202684 Thompson, 203521 Dellavedova, 203895 McRae, 2210 Jefferson","101112,202684,203521,203895,2210","Frye, Thompson, Dellavedova, McRae, Jefferson",0,0,0,0,1,9.0
21501033,20160319,4,2,CLE,MIA,"101112 Frye, 202684 Thompson, 203521 Dellavedova, 203895 McRae, 2210 Jefferson","101112,202684,203521,203895,2210","Frye, Thompson, Dellavedova, McRae, Jefferson",0,2,2,1,2,41.0
21501033,20160319,4,3,CLE,MIA,"101112 Frye, 202389 Mozgov, 203521 Dellavedova, 203895 McRae, 2210 Jefferson","101112,202389,203521,203895,2210","Frye, Mozgov, Dellavedova, McRae, Jefferson",0,0,0,1,0,22.0
21501033,20160319,4,4,CLE,MIA,"202389 Mozgov, 203521 Dellavedova, 203895 McRae, 2210 Jefferson, 2592 Jones","202389,203521,203895,2210,2592","Mozgov, Dellavedova, McRae, Jefferson, Jones",0,5,7,6,6,180.0
21501033,20160319,4,5,CLE,MIA,"202389 Mozgov, 202697 Shumpert, 203895 McRae, 2210 Jefferson, 2592 Jones","202389,202697,203895,2210,2592","Mozgov, Shumpert, McRae, Jefferson, Jones",0,4,4,5,4,81.0
21501033,20160319,4,6,CLE,MIA,"202389 Mozgov, 202697 Shumpert, 203895 McRae, 2210 Jefferson, 2592 Jones","202389,202697,203895,2210,2592","Mozgov, Shumpert, McRae, Jefferson, Jones",0,13,9,8,7,227.0
21501033,20160319,4,7,CLE,MIA,"202389 Mozgov, 202697 Shumpert, 203895 McRae, 2210 Jefferson, 2592 Jones","202389,202697,203895,2210,2592","Mozgov, Shumpert, McRae, Jefferson, Jones",0,3,0,1,0,19.0
21501033,20160319,4,8,CLE,MIA,"201619 Kaun, 202389 Mozgov, 203895 McRae, 2210 Jefferson, 2592 Jones","201619,202389,203895,2210,2592","Kaun, Mozgov, McRae, Jefferson, Jones",0,4,2,5,7,141.0
21501044,20160321,1,1,CLE,DEN,"101112 Frye, 202389 Mozgov, 202681 Irving, 2544 James, 2747 Smith","101112,202389,202681,2544,2747","Frye, Mozgov, Irving, James, Smith",0,19,11,14,14,436.0
21501044,20160321,1,2,CLE,DEN,"101112 Frye, 202684 Thompson, 203521 Dellavedova, 2544 James, 2747 Smith","101112,202684,203521,2544,2747","Frye, Thompson, Dellavedova, James, Smith",0,4,2,3,1,70.0
21501044,20160321,1,3,CLE,DEN,"202684 Thompson, 203521 Dellavedova, 2544 James, 2592 Jones, 2747 Smith","202684,203521,2544,2592,2747","Thompson, Dellavedova, James, Jones, Smith",0,3,0,2,3,51.0
21501044,20160321,1,4,CLE,DEN,"202684 Thompson, 202697 Shumpert, 203521 Dellavedova, 2544 James, 2592 Jones","202684,202697,203521,2544,2592","Thompson, Shumpert, Dellavedova, James, Jones",0,3,0,3,3,52.0
21501044,20160321,1,5,CLE,DEN,"202684 Thompson, 202697 Shumpert, 203521 Dellavedova, 2544 James, 2592 Jones","202684,202697,203521,2544,2592","Thompson, Shumpert, Dellavedova, James, Jones",0,1,0,1,0,9.0
21501044,20160321,1,6,CLE,DEN,"202684 Thompson, 202697 Shumpert, 203521 Dellavedova, 2544 James, 2592 Jones","202684,202697,203521,2544,2592","Thompson, Shumpert, Dellavedova, James, Jones",0,2,0,1,1,28.0
21501044,20160321,1,7,CLE,DEN,"202684 Thompson, 202697 Shumpert, 203521 Dellavedova, 2544 James, 2592 Jones","202684,202697,203521,2544,2592","Thompson, Shumpert, Dellavedova, James, Jones",0,6,10,4,5,74.0
21501044,20160321,2,1,CLE,DEN,"202684 Thompson, 202697 Shumpert, 203521 Dellavedova, 2544 James, 2592 Jones","202684,202697,203521,2544,2592","Thompson, Shumpert, Dellavedova, James, Jones",0,0,0,0,1,14.0
21501044,20160321,2,2,CLE,DEN,"202681 Irving, 202684 Thompson, 202697 Shumpert, 203521 Dellavedova, 2210 Jefferson","202681,202684,202697,203521,2210","Irving, Thompson, Shumpert, Dellavedova, Jefferson",0,3,7,5,6,164.0
21501044,20160321,2,3,CLE,DEN,"202681 Irving, 202684 Thompson, 202697 Shumpert, 2210 Jefferson, 2747 Smith","202681,202684,202697,2210,2747","Irving, Thompson, Shumpert, Jefferson, Smith",0,0,5,5,6,102.0
21501044,20160321,2,4,CLE,DEN,"101112 Frye, 202684 Thompson, 203521 Dellavedova, 2210 Jefferson, 2747 Smith","101112,202684,203521,2210,2747","Frye, Thompson, Dellavedova, Jefferson, Smith",0,0,4,3,2,79.0
21501044,20160321,2,5,CLE,DEN,"101112 Frye, 202684 Thompson, 203521 Dellavedova, 2544 James, 2747 Smith","101112,202684,203521,2544,2747","Frye, Thompson, Dellavedova, James, Smith",0,0,4,2,2,55.0
21501044,20160321,2,6,CLE,DEN,"101112 Frye, 202389 Mozgov, 203521 Dellavedova, 2544 James, 2747 Smith","101112,202389,203521,2544,2747","Frye, Mozgov, Dellavedova, James, Smith",0,8,1,6,5,115.0
21501044,20160321,2,7,CLE,DEN,"101112 Frye, 202389 Mozgov, 203521 Dellavedova, 2544 James, 2747 Smith","101112,202389,203521,2544,2747","Frye, Mozgov, Dellavedova, James, Smith",0,3,0,2,2,28.0
21501044,20160321,2,8,CLE,DEN,"101112 Frye, 202389 Mozgov, 203521 Dellavedova, 2544 James, 2747 Smith","101112,202389,203521,2544,2747","Frye, Mozgov, Dellavedova, James, Smith",0,2,2,4,4,98.0
21501044,20160321,2,9,CLE,DEN,"101112 Frye, 202389 Mozgov, 202697 Shumpert, 203521 Dellavedova, 2544 James","101112,202389,202697,203521,2544","Frye, Mozgov, Shumpert, Dellavedova, James",0,2,0,1,0,10.9
21501044,20160321,2,10,CLE,DEN,"101112 Frye, 202389 Mozgov, 202697 Shumpert, 2210 Jefferson, 2544 James","101112,202389,202697,2210,2544","Frye, Mozgov, Shumpert, Jefferson, James",0,0,2,0,1,54.1
21501044,20160321,3,1,CLE,DEN,"101112 Frye, 202389 Mozgov, 202697 Shumpert, 2210 Jefferson, 2544 James","101112,202389,202697,2210,2544","Frye, Mozgov, Shumpert, Jefferson, James",0,0,0,0,1,23.0
21501044,20160321,3,2,CLE,DEN,"101112 Frye, 202389 Mozgov, 202681 Irving, 2544 James, 2747 Smith","101112,202389,202681,2544,2747","Frye, Mozgov, Irving, James, Smith",0,19,11,14,15,388.0
21501044,20160321,3,3,CLE,DEN,"101112 Frye, 202389 Mozgov, 202681 Irving, 2544 James, 2747 Smith","101112,202389,202681,2544,2747","Frye, Mozgov, Irving, James, Smith",0,5,2,4,3,68.0
21501044,20160321,3,4,CLE,DEN,"101112 Frye, 202389 Mozgov, 202681 Irving, 2544 James, 2747 Smith","101112,202389,202681,2544,2747","Frye, Mozgov, Irving, James, Smith",0,0,3,2,2,51.0
21501044,20160321,3,5,CLE,DEN,"101112 Frye, 202681 Irving, 202684 Thompson, 2544 James, 2747 Smith","101112,202681,202684,2544,2747","Frye, Irving, Thompson, James, Smith",0,2,2,2,1,30.0
21501044,20160321,3,6,CLE,DEN,"202681 Irving, 202684 Thompson, 202697 Shumpert, 2210 Jefferson, 2747 Smith","202681,202684,202697,2210,2747","Irving, Thompson, Shumpert, Jefferson, Smith",0,2,6,2,3,56.0
21501044,20160321,3,7,CLE,DEN,"202681 Irving, 202684 Thompson, 202697 Shumpert, 2210 Jefferson, 2747 Smith","202681,202684,202697,2210,2747","Irving, Thompson, Shumpert, Jefferson, Smith",0,3,0,2,2,40.0
21501044,20160321,3,8,CLE,DEN,"202681 Irving, 202684 Thompson, 202697 Shumpert, 203521 Dellavedova, 2210 Jefferson","202681,202684,202697,203521,2210","Irving, Thompson, Shumpert, Dellavedova, Jefferson",0,0,0,0,3,64.0
21501044,20160321,4,1,CLE,DEN,"202681 Irving, 202684 Thompson, 202697 Shumpert, 203521 Dellavedova, 2210 Jefferson","202681,202684,202697,203521,2210","Irving, Thompson, Shumpert, Dellavedova, Jefferson",0,0,0,1,0,25.0
21501044,20160321,4,2,CLE,DEN,"202684 Thompson, 202697 Shumpert, 203521 Dellavedova, 2210 Jefferson, 2544 James","202684,202697,203521,2210,2544","Thompson, Shumpert, Dellavedova, Jefferson, James",0,10,2,6,6,129.0
21501044,20160321,4,3,CLE,DEN,"202684 Thompson, 202697 Shumpert, 203521 Dellavedova, 2210 Jefferson, 2544 James","202684,202697,203521,2210,2544","Thompson, Shumpert, Dellavedova, Jefferson, James",0,8,7,6,7,205.0
21501044,20160321,4,4,CLE,DEN,"202684 Thompson, 202697 Shumpert, 203521 Dellavedova, 2210 Jefferson, 2544 James","202684,202697,203521,2210,2544","Thompson, Shumpert, Dellavedova, Jefferson, James",0,0,0,0,1,6.0
21501044,20160321,4,5,CLE,DEN,"202684 Thompson, 202697 Shumpert, 203521 Dellavedova, 2210 Jefferson, 2747 Smith","202684,202697,203521,2210,2747","Thompson, Shumpert, Dellavedova, Jefferson, Smith",0,4,0,2,3,37.0
21501044,20160321,4,6,CLE,DEN,"201619 Kaun, 202697 Shumpert, 203521 Dellavedova, 203895 McRae, 2210 Jefferson","201619,202697,203521,203895,2210","Kaun, Shumpert, Dellavedova, McRae, Jefferson",0,0,0,1,1,37.0
21501044,20160321,4,7,CLE,DEN,"201619 Kaun, 202697 Shumpert, 203895 McRae, 2210 Jefferson, 2592 Jones","201619,202697,203895,2210,2592","Kaun, Shumpert, McRae, Jefferson, Jones",0,15,10,12,11,281.0
21501059,20160323,1,1,CLE,MIL,"201567 Love, 202389 Mozgov, 202681 Irving, 2544 James, 2747 Smith","201567,202389,202681,2544,2747","Love, Mozgov, Irving, James, Smith",0,27,21,19,18,517.0
21501059,20160323,1,2,CLE,MIL,"201567 Love, 202684 Thompson, 203521 Dellavedova, 2544 James, 2747 Smith","201567,202684,203521,2544,2747","Love, Thompson, Dellavedova, James, Smith",0,2,1,2,2,54.0
21501059,20160323,1,3,CLE,MIL,"101112 Frye, 202684 Thompson, 202697 Shumpert, 203521 Dellavedova, 2544 James","101112,202684,202697,203521,2544","Frye, Thompson, Shumpert, Dellavedova, James",0,6,3,5,5,149.0
21501059,20160323,2,1,CLE,MIL,"101112 Frye, 202681 Irving, 202684 Thompson, 202697 Shumpert, 203521 Dellavedova","101112,202681,202684,202697,203521","Frye, Irving, Thompson, Shumpert, Dellavedova",0,11,11,6,8,228.0
21501059,20160323,2,2,CLE,MIL,"101112 Frye, 202681 Irving, 202684 Thompson, 202697 Shumpert, 203521 Dellavedova","101112,202681,202684,202697,203521","Frye, Irving, Thompson, Shumpert, Dellavedova",0,0,1,0,1,19.0
21501059,20160323,2,3,CLE,MIL,"101112 Frye, 202681 Irving, 202684 Thompson, 202697 Shumpert, 2747 Smith","101112,202681,202684,202697,2747","Frye, Irving, Thompson, Shumpert, Smith",0,0,2,3,2,62.0
21501059,20160323,2,4,CLE,MIL,"201567 Love, 202681 Irving, 202684 Thompson, 2544 James, 2747 Smith","201567,202681,202684,2544,2747","Love, Irving, Thompson, James, Smith",0,4,10,6,6,154.0
21501059,20160323,2,5,CLE,MIL,"201567 Love, 202389 Mozgov, 202681 Irving, 2544 James, 2747 Smith","201567,202389,202681,2544,2747","Love, Mozgov, Irving, James, Smith",0,5,2,3,2,53.0
21501059,20160323,2,6,CLE,MIL,"202389 Mozgov, 202681 Irving, 202684 Thompson, 2544 James, 2747 Smith","202389,202681,202684,2544,2747","Mozgov, Irving, Thompson, James, Smith",0,2,2,1,2,39.0
21501059,20160323,2,7,CLE,MIL,"202389 Mozgov, 202681 Irving, 202684 Thompson, 2544 James, 2747 Smith","202389,202681,202684,2544,2747","Mozgov, Irving, Thompson, James, Smith",0,2,2,2,3,72.0
21501059,20160323,2,8,CLE,MIL,"202389 Mozgov, 202684 Thompson, 203521 Dellavedova, 2544 James, 2747 Smith","202389,202684,203521,2544,2747","Mozgov, Thompson, Dellavedova, James, Smith",0,4,6,5,3,93.0
21501059,20160323,3,1,CLE,MIL,"202389 Mozgov, 202684 Thompson, 203521 Dellavedova, 2544 James, 2747 Smith","202389,202684,203521,2544,2747","Mozgov, Thompson, Dellavedova, James, Smith",0,0,0,0,1,6.0
21501059,20160323,3,2,CLE,MIL,"201567 Love, 202389 Mozgov, 202681 Irving, 2544 James, 2747 Smith","201567,202389,202681,2544,2747","Love, Mozgov, Irving, James, Smith",0,19,14,12,14,417.0
21501059,20160323,3,3,CLE,MIL,"201567 Love, 202389 Mozgov, 203521 Dellavedova, 2544 James, 2747 Smith","201567,202389,203521,2544,2747","Love, Mozgov, Dellavedova, James, Smith",0,2,2,4,3,59.0
21501059,20160323,3,4,CLE,MIL,"101112 Frye, 202684 Thompson, 203521 Dellavedova, 2544 James, 2747 Smith","101112,202684,203521,2544,2747","Frye, Thompson, Dellavedova, James, Smith",0,0,0,1,0,12.0
21501059,20160323,3,5,CLE,MIL,"101112 Frye, 202684 Thompson, 203521 Dellavedova, 2544 James, 2747 Smith","101112,202684,203521,2544,2747","Frye, Thompson, Dellavedova, James, Smith",0,4,1,3,2,55.0
21501059,20160323,3,6,CLE,MIL,"101112 Frye, 202684 Thompson, 203521 Dellavedova, 2544 James, 2747 Smith","101112,202684,203521,2544,2747","Frye, Thompson, Dellavedova, James, Smith",0,2,7,3,4,104.0
21501059,20160323,3,7,CLE,MIL,"101112 Frye, 202684 Thompson, 202697 Shumpert, 203521 Dellavedova, 2544 James","101112,202684,202697,203521,2544","Frye, Thompson, Shumpert, Dellavedova, James",0,1,2,4,2,67.0
21501059,20160323,4,1,CLE,MIL,"101112 Frye, 202684 Thompson, 202697 Shumpert, 203521 Dellavedova, 2544 James","101112,202684,202697,203521,2544","Frye, Thompson, Shumpert, Dellavedova, James",0,0,0,1,0,23.0
21501059,20160323,4,2,CLE,MIL,"101112 Frye, 202681 Irving, 202684 Thompson, 202697 Shumpert, 203521 Dellavedova","101112,202681,202684,202697,203521","Frye, Irving, Thompson, Shumpert, Dellavedova",0,0,0,3,3,86.0
21501059,20160323,4,3,CLE,MIL,"201567 Love, 202681 Irving, 202684 Thompson, 202697 Shumpert, 203521 Dellavedova","201567,202681,202684,202697,203521","Love, Irving, Thompson, Shumpert, Dellavedova",0,6,0,3,4,94.0
21501059,20160323,4,4,CLE,MIL,"201567 Love, 202681 Irving, 202684 Thompson, 202697 Shumpert, 203521 Dellavedova","201567,202681,202684,202697,203521","Love, Irving, Thompson, Shumpert, Dellavedova",0,0,0,0,2,31.0
21501059,20160323,4,5,CLE,MIL,"201567 Love, 202681 Irving, 202684 Thompson, 202697 Shumpert, 2747 Smith","201567,202681,202684,202697,2747","Love, Irving, Thompson, Shumpert, Smith",0,2,6,3,3,96.0
21501059,20160323,4,6,CLE,MIL,"201567 Love, 202681 Irving, 202684 Thompson, 2544 James, 2747 Smith","201567,202681,202684,2544,2747","Love, Irving, Thompson, James, Smith",0,5,0,3,2,68.0
21501059,20160323,4,7,CLE,MIL,"201567 Love, 202681 Irving, 202684 Thompson, 2544 James, 2747 Smith","201567,202681,202684,2544,2747","Love, Irving, Thompson, James, Smith",0,2,5,3,4,159.0
21501059,20160323,4,8,CLE,MIL,"201567 Love, 202681 Irving, 202684 Thompson, 2544 James, 2747 Smith","201567,202681,202684,2544,2747","Love, Irving, Thompson, James, Smith",0,7,6,6,6,163.0
21501069,20160324,1,1,CLE,BKN,"201567 Love, 202389 Mozgov, 202681 Irving, 2544 James, 2747 Smith","201567,202389,202681,2544,2747","Love, Mozgov, Irving, James, Smith",0,12,11,14,15,427.0
21501069,20160324,1,2,CLE,BKN,"201567 Love, 202681 Irving, 202684 Thompson, 2544 James, 2747 Smith","201567,202681,202684,2544,2747","Love, Irving, Thompson, James, Smith",0,2,2,3,3,61.0
21501069,20160324,1,3,CLE,BKN,"201567 Love, 202684 Thompson, 202697 Shumpert, 203521 Dellavedova, 2544 James","201567,202684,202697,203521,2544","Love, Thompson, Shumpert, Dellavedova, James",0,2,4,2,3,76.0
21501069,20160324,1,4,CLE,BKN,"201567 Love, 202684 Thompson, 202697 Shumpert, 203521 Dellavedova, 2544 James","201567,202684,202697,203521,2544","Love, Thompson, Shumpert, Dellavedova, James",0,0,1,0,1,10.0
21501069,20160324,1,5,CLE,BKN,"101112 Frye, 202684 Thompson, 202697 Shumpert, 203521 Dellavedova, 2544 James","101112,202684,202697,203521,2544","Frye, Thompson, Shumpert, Dellavedova, James",0,2,1,1,1,30.0
21501069,20160324,1,6,CLE,BKN,"101112 Frye, 202684 Thompson, 202697 Shumpert, 203521 Dellavedova, 2544 James","101112,202684,202697,203521,2544","Frye, Thompson, Shumpert, Dellavedova, James",0,5,7,4,5,116.0
21501069,20160324,2,1,CLE,BKN,"101112 Frye, 202684 Thompson, 202697 Shumpert, 203521 Dellavedova, 2544 James","101112,202684,202697,203521,2544","Frye, Thompson, Shumpert, Dellavedova, James",0,0,0,1,0,16.0
21501069,20160324,2,2,CLE,BKN,"101112 Frye, 202684 Thompson, 202697 Shumpert, 203521 Dellavedova, 2210 Jefferson","101112,202684,202697,203521,2210","Frye, Thompson, Shumpert, Dellavedova, Jefferson",0,5,4,6,6,114.0
21501069,20160324,2,3,CLE,BKN,"101112 Frye, 202681 Irving, 202684 Thompson, 202697 Shumpert, 2210 Jefferson","101112,202681,202684,202697,2210","Frye, Irving, Thompson, Shumpert, Jefferson",0,3,3,2,2,55.0
21501069,20160324,2,4,CLE,BKN,"101112 Frye, 202681 Irving, 202684 Thompson, 202697 Shumpert, 2210 Jefferson","101112,202681,202684,202697,2210","Frye, Irving, Thompson, Shumpert, Jefferson",0,0,1,0,1,20.0
21501069,20160324,2,5,CLE,BKN,"101112 Frye, 202681 Irving, 202684 Thompson, 202697 Shumpert, 2210 Jefferson","101112,202681,202684,202697,2210","Frye, Irving, Thompson, Shumpert, Jefferson",0,6,9,8,7,169.0
21501069,20160324,2,6,CLE,BKN,"201567 Love, 202681 Irving, 202684 Thompson, 2544 James, 2747 Smith","201567,202681,202684,2544,2747","Love, Irving, Thompson, James, Smith",0,2,2,1,1,48.0
21501069,20160324,2,7,CLE,BKN,"201567 Love, 202681 Irving, 202684 Thompson, 2544 James, 2747 Smith","201567,202681,202684,2544,2747","Love, Irving, Thompson, James, Smith",0,0,2,2,1,39.0
21501069,20160324,2,8,CLE,BKN,"201567 Love, 202389 Mozgov, 202681 Irving, 2544 James, 2747 Smith","201567,202389,202681,2544,2747","Love, Mozgov, Irving, James, Smith",0,3,3,5,3,83.0
21501069,20160324,2,9,CLE,BKN,"201567 Love, 202389 Mozgov, 202681 Irving, 2544 James, 2747 Smith","201567,202389,202681,2544,2747","Love, Mozgov, Irving, James, Smith",0,0,2,2,1,22.0
21501069,20160324,2,10,CLE,BKN,"201567 Love, 202389 Mozgov, 202681 Irving, 2544 James, 2747 Smith","201567,202389,202681,2544,2747","Love, Mozgov, Irving, James, Smith",0,0,3,3,2,48.0
21501069,20160324,2,11,CLE,BKN,"101112 Frye, 201567 Love, 203521 Dellavedova, 2544 James, 2747 Smith","101112,201567,203521,2544,2747","Frye, Love, Dellavedova, James, Smith",0,7,4,5,5,106.0
21501069,20160324,3,1,CLE,BKN,"101112 Frye, 201567 Love, 203521 Dellavedova, 2544 James, 2747 Smith","101112,201567,203521,2544,2747","Frye, Love, Dellavedova, James, Smith",0,0,0,1,0,15.0
21501069,20160324,3,2,CLE,BKN,"201567 Love, 202389 Mozgov, 202681 Irving, 2544 James, 2747 Smith","201567,202389,202681,2544,2747","Love, Mozgov, Irving, James, Smith",0,20,13,14,14,411.0
21501069,20160324,3,3,CLE,BKN,"201567 Love, 202389 Mozgov, 202681 Irving, 2544 James, 2747 Smith","201567,202389,202681,2544,2747","Love, Mozgov, Irving, James, Smith",0,5,2,2,3,61.0
21501069,20160324,3,4,CLE,BKN,"101112 Frye, 202389 Mozgov, 202681 Irving, 2544 James, 2747 Smith","101112,202389,202681,2544,2747","Frye, Mozgov, Irving, James, Smith",0,2,4,5,5,157.0
21501069,20160324,3,5,CLE,BKN,"101112 Frye, 202681 Irving, 202684 Thompson, 2544 James, 2747 Smith","101112,202681,202684,2544,2747","Frye, Irving, Thompson, James, Smith",0,7,2,3,3,70.1
21501069,20160324,3,6,CLE,BKN,"101112 Frye, 202684 Thompson, 203521 Dellavedova, 2544 James, 2747 Smith","101112,202684,203521,2544,2747","Frye, Thompson, Dellavedova, James, Smith",0,0,0,0,1,5.9
21501069,20160324,4,1,CLE,BKN,"101112 Frye, 202684 Thompson, 203521 Dellavedova, 2544 James, 2747 Smith","101112,202684,203521,2544,2747","Frye, Thompson, Dellavedova, James, Smith",0,0,0,0,1,16.0
21501069,20160324,4,2,CLE,BKN,"201567 Love, 202684 Thompson, 202697 Shumpert, 203521 Dellavedova, 2210 Jefferson","201567,202684,202697,203521,2210","Love, Thompson, Shumpert, Dellavedova, Jefferson",0,4,10,7,8,219.0
21501069,20160324,4,3,CLE,BKN,"201567 Love, 202681 Irving, 202684 Thompson, 202697 Shumpert, 203521 Dellavedova","201567,202681,202684,202697,203521","Love, Irving, Thompson, Shumpert, Dellavedova",0,0,0,1,1,45.0
21501069,20160324,4,4,CLE,BKN,"201567 Love, 202681 Irving, 202684 Thompson, 202697 Shumpert, 203521 Dellavedova","201567,202681,202684,202697,203521","Love, Irving, Thompson, Shumpert, Dellavedova",0,5,0,3,5,99.0
21501069,20160324,4,5,CLE,BKN,"201567 Love, 202681 Irving, 202684 Thompson, 2544 James, 2747 Smith","201567,202681,202684,2544,2747","Love, Irving, Thompson, James, Smith",0,0,7,4,4,112.0
21501069,20160324,4,6,CLE,BKN,"201567 Love, 202681 Irving, 202684 Thompson, 2544 James, 2747 Smith","201567,202681,202684,2544,2747","Love, Irving, Thompson, James, Smith",0,0,4,4,3,108.0
21501069,20160324,4,7,CLE,BKN,"202681 Irving, 202684 Thompson, 203521 Dellavedova, 2544 James, 2747 Smith","202681,202684,203521,2544,2747","Irving, Thompson, Dellavedova, James, Smith",0,0,3,3,4,98.3
21501069,20160324,4,8,CLE,BKN,"202681 Irving, 202684 Thompson, 203521 Dellavedova, 203895 McRae, 2747 Smith","202681,202684,203521,203895,2747","Irving, Thompson, Dellavedova, McRae, Smith",0,3,0,1,1,22.7
21501086,20160326,1,1,CLE,NYK,"201567 Love, 202389 Mozgov, 203521 Dellavedova, 2544 James, 2747 Smith","201567,202389,203521,2544,2747","Love, Mozgov, Dellavedova, James, Smith",0,15,11,16,15,447.0
21501086,20160326,1,2,CLE,NYK,"201567 Love, 202389 Mozgov, 2544 James, 2590 Williams, 2747 Smith","201567,202389,2544,2590,2747","Love, Mozgov, James, Williams, Smith",0,5,2,2,2,76.0
21501086,20160326,1,3,CLE,NYK,"201567 Love, 202684 Thompson, 2544 James, 2590 Williams, 2747 Smith","201567,202684,2544,2590,2747","Love, Thompson, James, Williams, Smith",0,6,2,2,3,79.0
21501086,20160326,1,4,CLE,NYK,"101112 Frye, 202684 Thompson, 2544 James, 2590 Williams, 2747 Smith","101112,202684,2544,2590,2747","Frye, Thompson, James, Williams, Smith",0,2,0,2,2,49.0
21501086,20160326,1,5,CLE,NYK,"101112 Frye, 202684 Thompson, 202697 Shumpert, 2544 James, 2590 Williams","101112,202684,202697,2544,2590","Frye, Thompson, Shumpert, James, Williams",0,4,0,2,2,64.2
21501086,20160326,1,6,CLE,NYK,"101112 Frye, 202684 Thompson, 202697 Shumpert, 2210 Jefferson, 2590 Williams","101112,202684,202697,2210,2590","Frye, Thompson, Shumpert, Jefferson, Williams",0,0,0,0,1,4.8
21501086,20160326,2,1,CLE,NYK,"101112 Frye, 202684 Thompson, 202697 Shumpert, 2210 Jefferson, 2590 Williams","101112,202684,202697,2210,2590","Frye, Thompson, Shumpert, Jefferson, Williams",0,2,1,2,2,68.0
21501086,20160326,2,2,CLE,NYK,"101112 Frye, 202684 Thompson, 202697 Shumpert, 203521 Dellavedova, 2210 Jefferson","101112,202684,202697,203521,2210","Frye, Thompson, Shumpert, Dellavedova, Jefferson",0,4,4,6,5,145.0
21501086,20160326,2,3,CLE,NYK,"101112 Frye, 202684 Thompson, 202697 Shumpert, 203521 Dellavedova, 2210 Jefferson","101112,202684,202697,203521,2210","Frye, Thompson, Shumpert, Dellavedova, Jefferson",0,0,0,2,0,1.0
21501086,20160326,2,4,CLE,NYK,"101112 Frye, 202684 Thompson, 202697 Shumpert, 203521 Dellavedova, 2210 Jefferson","101112,202684,202697,203521,2210","Frye, Thompson, Shumpert, Dellavedova, Jefferson",0,2,2,3,4,82.0
21501086,20160326,2,5,CLE,NYK,"201567 Love, 202684 Thompson, 202697 Shumpert, 203521 Dellavedova, 2210 Jefferson","201567,202684,202697,203521,2210","Love, Thompson, Shumpert, Dellavedova, Jefferson",0,0,0,1,1,11.0
21501086,20160326,2,6,CLE,NYK,"201567 Love, 202684 Thompson, 202697 Shumpert, 203521 Dellavedova, 2210 Jefferson","201567,202684,202697,203521,2210","Love, Thompson, Shumpert, Dellavedova, Jefferson",0,0,1,1,2,28.0
21501086,20160326,2,7,CLE,NYK,"201567 Love, 202389 Mozgov, 203521 Dellavedova, 2544 James, 2747 Smith","201567,202389,203521,2544,2747","Love, Mozgov, Dellavedova, James, Smith",0,10,5,7,7,213.0
21501086,20160326,2,8,CLE,NYK,"201567 Love, 202389 Mozgov, 202697 Shumpert, 2544 James, 2747 Smith","201567,202389,202697,2544,2747","Love, Mozgov, Shumpert, James, Smith",0,4,4,3,3,121.8
21501086,20160326,2,9,CLE,NYK,"201567 Love, 202389 Mozgov, 202697 Shumpert, 2210 Jefferson, 2747 Smith","201567,202389,202697,2210,2747","Love, Mozgov, Shumpert, Jefferson, Smith",0,0,0,2,1,33.3
21501086,20160326,2,10,CLE,NYK,"201567 Love, 203521 Dellavedova, 2210 Jefferson, 2544 James, 2747 Smith","201567,203521,2210,2544,2747","Love, Dellavedova, Jefferson, James, Smith",0,2,0,1,0,16.9
21501086,20160326,3,1,CLE,NYK,"201567 Love, 203521 Dellavedova, 2210 Jefferson, 2544 James, 2747 Smith","201567,203521,2210,2544,2747","Love, Dellavedova, Jefferson, James, Smith",0,0,0,1,0,16.0
21501086,20160326,3,2,CLE,NYK,"201567 Love, 202389 Mozgov, 203521 Dellavedova, 2544 James, 2747 Smith","201567,202389,203521,2544,2747","Love, Mozgov, Dellavedova, James, Smith",0,11,17,11,10,309.0
21501086,20160326,3,3,CLE,NYK,"201567 Love, 202389 Mozgov, 203521 Dellavedova, 2544 James, 2747 Smith","201567,202389,203521,2544,2747","Love, Mozgov, Dellavedova, James, Smith",0,8,10,6,5,160.0
21501086,20160326,3,4,CLE,NYK,"201567 Love, 202389 Mozgov, 2544 James, 2590 Williams, 2747 Smith","201567,202389,2544,2590,2747","Love, Mozgov, James, Williams, Smith",0,5,2,3,3,86.0
21501086,20160326,3,5,CLE,NYK,"101112 Frye, 202684 Thompson, 2544 James, 2590 Williams, 2747 Smith","101112,202684,2544,2590,2747","Frye, Thompson, James, Williams, Smith",0,2,3,1,2,25.0
21501086,20160326,3,6,CLE,NYK,"101112 Frye, 202684 Thompson, 202697 Shumpert, 2544 James, 2590 Williams","101112,202684,202697,2544,2590","Frye, Thompson, Shumpert, James, Williams",0,5,5,3,3,90.2
21501086,20160326,3,7,CLE,NYK,"101112 Frye, 202684 Thompson, 202697 Shumpert, 2544 James, 2590 Williams","101112,202684,202697,2544,2590","Frye, Thompson, Shumpert, James, Williams",0,2,1,1,2,19.3
21501086,20160326,3,8,CLE,NYK,"101112 Frye, 202684 Thompson, 202697 Shumpert, 2210 Jefferson, 2590 Williams","101112,202684,202697,2210,2590","Frye, Thompson, Shumpert, Jefferson, Williams",0,0,2,0,1,14.5
21501086,20160326,4,1,CLE,NYK,"101112 Frye, 202684 Thompson, 202697 Shumpert, 2210 Jefferson, 2590 Williams","101112,202684,202697,2210,2590","Frye, Thompson, Shumpert, Jefferson, Williams",0,0,0,0,1,13.0
21501086,20160326,4,2,CLE,NYK,"101112 Frye, 202684 Thompson, 202697 Shumpert, 2210 Jefferson, 2590 Williams","101112,202684,202697,2210,2590","Frye, Thompson, Shumpert, Jefferson, Williams",0,2,4,5,6,133.0
21501086,20160326,4,3,CLE,NYK,"101112 Frye, 202684 Thompson, 202697 Shumpert, 203521 Dellavedova, 2210 Jefferson","101112,202684,202697,203521,2210","Frye, Thompson, Shumpert, Dellavedova, Jefferson",0,0,2,1,2,30.0
21501086,20160326,4,4,CLE,NYK,"201567 Love, 202684 Thompson, 202697 Shumpert, 203521 Dellavedova, 2210 Jefferson","201567,202684,202697,203521,2210","Love, Thompson, Shumpert, Dellavedova, Jefferson",0,2,2,2,3,96.0
21501086,20160326,4,5,CLE,NYK,"201567 Love, 202684 Thompson, 202697 Shumpert, 203521 Dellavedova, 2544 James","201567,202684,202697,203521,2544","Love, Thompson, Shumpert, Dellavedova, James",0,3,2,3,4,74.0
21501086,20160326,4,6,CLE,NYK,"201567 Love, 202684 Thompson, 202697 Shumpert, 203521 Dellavedova, 2544 James","201567,202684,202697,203521,2544","Love, Thompson, Shumpert, Dellavedova, James",0,3,7,3,3,82.0
21501086,20160326,4,7,CLE,NYK,"201567 Love, 202684 Thompson, 203521 Dellavedova, 2544 James, 2747 Smith","201567,202684,203521,2544,2747","Love, Thompson, Dellavedova, James, Smith",0,6,0,5,3,125.0
21501086,20160326,4,8,CLE,NYK,"201567 Love, 202684 Thompson, 203521 Dellavedova, 2544 James, 2747 Smith","201567,202684,203521,2544,2747","Love, Thompson, Dellavedova, James, Smith",0,2,0,1,0,13.0
21501086,20160326,4,9,CLE,NYK,"201567 Love, 202684 Thompson, 202697 Shumpert, 2544 James, 2747 Smith","201567,202684,202697,2544,2747","Love, Thompson, Shumpert, James, Smith",0,0,4,3,7,154.0
21501111,20160329,1,1,CLE,HOU,"201567 Love, 202389 Mozgov, 202681 Irving, 202697 Shumpert, 2747 Smith","201567,202389,202681,202697,2747","Love, Mozgov, Irving, Shumpert, Smith",0,9,10,8,9,241.0
21501111,20160329,1,2,CLE,HOU,"201567 Love, 202681 Irving, 202684 Thompson, 202697 Shumpert, 2747 Smith","201567,202681,202684,202697,2747","Love, Irving, Thompson, Shumpert, Smith",0,1,3,1,2,36.0
21501111,20160329,1,3,CLE,HOU,"201567 Love, 202681 Irving, 202684 Thompson, 202697 Shumpert, 2747 Smith","201567,202681,202684,202697,2747","Love, Irving, Thompson, Shumpert, Smith",0,0,0,0,1,20.0
21501111,20160329,1,4,CLE,HOU,"101112 Frye, 202681 Irving, 202684 Thompson, 202697 Shumpert, 2747 Smith","101112,202681,202684,202697,2747","Frye, Irving, Thompson, Shumpert, Smith",0,0,5,4,4,103.0
21501111,20160329,1,5,CLE,HOU,"101112 Frye, 202681 Irving, 202684 Thompson, 202697 Shumpert, 2747 Smith","101112,202681,202684,202697,2747","Frye, Irving, Thompson, Shumpert, Smith",0,0,0,1,0,17.0
21501111,20160329,1,6,CLE,HOU,"101112 Frye, 202681 Irving, 202684 Thompson, 203521 Dellavedova, 2747 Smith","101112,202681,202684,203521,2747","Frye, Irving, Thompson, Dellavedova, Smith",0,2,0,4,4,96.0
21501111,20160329,1,7,CLE,HOU,"101112 Frye, 202681 Irving, 202684 Thompson, 203521 Dellavedova, 2747 Smith","101112,202681,202684,203521,2747","Frye, Irving, Thompson, Dellavedova, Smith",0,2,2,1,2,37.0
21501111,20160329,1,8,CLE,HOU,"101112 Frye, 202681 Irving, 202684 Thompson, 203521 Dellavedova, 2747 Smith","101112,202681,202684,203521,2747","Frye, Irving, Thompson, Dellavedova, Smith",0,0,1,0,1,22.0
21501111,20160329,1,9,CLE,HOU,"202681 Irving, 202684 Thompson, 203521 Dellavedova, 2592 Jones, 2747 Smith","202681,202684,203521,2592,2747","Irving, Thompson, Dellavedova, Jones, Smith",0,2,3,2,2,28.0
21501111,20160329,1,10,CLE,HOU,"202684 Thompson, 203521 Dellavedova, 2590 Williams, 2592 Jones, 2747 Smith","202684,203521,2590,2592,2747","Thompson, Dellavedova, Williams, Jones, Smith",0,2,0,1,1,38.0
21501111,20160329,1,11,CLE,HOU,"202684 Thompson, 203521 Dellavedova, 2210 Jefferson, 2590 Williams, 2592 Jones","202684,203521,2210,2590,2592","Thompson, Dellavedova, Jefferson, Williams, Jones",0,4,2,4,2,70.8
21501111,20160329,1,12,CLE,HOU,"202684 Thompson, 202697 Shumpert, 203521 Dellavedova, 2210 Jefferson, 2592 Jones","202684,202697,203521,2210,2592","Thompson, Shumpert, Dellavedova, Jefferson, Jones",0,0,0,1,0,11.2
21501111,20160329,2,1,CLE,HOU,"202684 Thompson, 202697 Shumpert, 203521 Dellavedova, 2210 Jefferson, 2592 Jones","202684,202697,203521,2210,2592","Thompson, Shumpert, Dellavedova, Jefferson, Jones",0,0,0,1,0,19.0
21501111,20160329,2,2,CLE,HOU,"202684 Thompson, 203521 Dellavedova, 2210 Jefferson, 2590 Williams, 2592 Jones","202684,203521,2210,2590,2592","Thompson, Dellavedova, Jefferson, Williams, Jones",0,6,2,3,5,92.0
21501111,20160329,2,3,CLE,HOU,"202684 Thompson, 203521 Dellavedova, 2210 Jefferson, 2590 Williams, 2592 Jones","202684,203521,2210,2590,2592","Thompson, Dellavedova, Jefferson, Williams, Jones",0,6,2,3,4,69.0
21501111,20160329,2,4,CLE,HOU,"201567 Love, 202684 Thompson, 203521 Dellavedova, 2210 Jefferson, 2590 Williams","201567,202684,203521,2210,2590","Love, Thompson, Dellavedova, Jefferson, Williams",0,2,5,1,4,62.0
21501111,20160329,2,5,CLE,HOU,"201567 Love, 202684 Thompson, 203521 Dellavedova, 2210 Jefferson, 2590 Williams","201567,202684,203521,2210,2590","Love, Thompson, Dellavedova, Jefferson, Williams",0,0,0,0,1,19.0
21501111,20160329,2,6,CLE,HOU,"201567 Love, 202681 Irving, 202684 Thompson, 202697 Shumpert, 2210 Jefferson","201567,202681,202684,202697,2210","Love, Irving, Thompson, Shumpert, Jefferson",0,2,0,1,1,18.0
21501111,20160329,2,7,CLE,HOU,"201567 Love, 202389 Mozgov, 202681 Irving, 202697 Shumpert, 2210 Jefferson","201567,202389,202681,202697,2210","Love, Mozgov, Irving, Shumpert, Jefferson",0,0,1,0,1,1.0
21501111,20160329,2,8,CLE,HOU,"201567 Love, 202389 Mozgov, 202681 Irving, 202697 Shumpert, 2210 Jefferson","201567,202389,202681,202697,2210","Love, Mozgov, Irving, Shumpert, Jefferson",0,2,0,2,3,44.0
21501111,20160329,2,9,CLE,HOU,"201567 Love, 202681 Irving, 202684 Thompson, 202697 Shumpert, 2747 Smith","201567,202681,202684,202697,2747","Love, Irving, Thompson, Shumpert, Smith",0,3,0,2,2,30.0
21501111,20160329,2,10,CLE,HOU,"201567 Love, 202681 Irving, 202684 Thompson, 202697 Shumpert, 2747 Smith","201567,202681,202684,202697,2747","Love, Irving, Thompson, Shumpert, Smith",0,2,0,2,1,64.0
21501111,20160329,2,11,CLE,HOU,"201567 Love, 202681 Irving, 202684 Thompson, 202697 Shumpert, 2747 Smith","201567,202681,202684,202697,2747","Love, Irving, Thompson, Shumpert, Smith",0,7,3,6,6,169.0
21501111,20160329,2,12,CLE,HOU,"202681 Irving, 202684 Thompson, 202697 Shumpert, 2592 Jones, 2747 Smith","202681,202684,202697,2592,2747","Irving, Thompson, Shumpert, Jones, Smith",0,2,0,3,3,84.9
21501111,20160329,2,13,CLE,HOU,"202681 Irving, 202684 Thompson, 202697 Shumpert, 2592 Jones, 2747 Smith","202681,202684,202697,2592,2747","Irving, Thompson, Shumpert, Jones, Smith",0,3,1,2,2,48.1
21501111,20160329,3,1,CLE,HOU,"202681 Irving, 202684 Thompson, 202697 Shumpert, 2592 Jones, 2747 Smith","202681,202684,202697,2592,2747","Irving, Thompson, Shumpert, Jones, Smith",0,0,0,1,0,14.0
21501111,20160329,3,2,CLE,HOU,"201567 Love, 202389 Mozgov, 202681 Irving, 202697 Shumpert, 2747 Smith","201567,202389,202681,202697,2747","Love, Mozgov, Irving, Shumpert, Smith",0,5,7,7,6,197.0
21501111,20160329,3,3,CLE,HOU,"201567 Love, 202389 Mozgov, 202681 Irving, 202697 Shumpert, 2747 Smith","201567,202389,202681,202697,2747","Love, Mozgov, Irving, Shumpert, Smith",0,0,2,1,2,24.0
21501111,20160329,3,4,CLE,HOU,"201567 Love, 202681 Irving, 202684 Thompson, 202697 Shumpert, 2747 Smith","201567,202681,202684,202697,2747","Love, Irving, Thompson, Shumpert, Smith",0,7,7,7,7,184.0
21501111,20160329,3,5,CLE,HOU,"201567 Love, 202681 Irving, 202684 Thompson, 202697 Shumpert, 2747 Smith","201567,202681,202684,202697,2747","Love, Irving, Thompson, Shumpert, Smith",0,5,4,4,4,110.0
21501111,20160329,3,6,CLE,HOU,"201567 Love, 202681 Irving, 202684 Thompson, 202697 Shumpert, 203521 Dellavedova","201567,202681,202684,202697,203521","Love, Irving, Thompson, Shumpert, Dellavedova",0,0,4,2,2,50.0
21501111,20160329,3,7,CLE,HOU,"101112 Frye, 202681 Irving, 202684 Thompson, 202697 Shumpert, 203521 Dellavedova","101112,202681,202684,202697,203521","Frye, Irving, Thompson, Shumpert, Dellavedova",0,8,7,6,5,141.0
21501111,20160329,4,1,CLE,HOU,"101112 Frye, 202681 Irving, 202684 Thompson, 202697 Shumpert, 203521 Dellavedova","101112,202681,202684,202697,203521","Frye, Irving, Thompson, Shumpert, Dellavedova",0,0,0,0,1,13.0
21501111,20160329,4,2,CLE,HOU,"101112 Frye, 202684 Thompson, 202697 Shumpert, 203521 Dellavedova, 2210 Jefferson","101112,202684,202697,203521,2210","Frye, Thompson, Shumpert, Dellavedova, Jefferson",0,5,9,5,8,199.0
21501111,20160329,4,3,CLE,HOU,"201567 Love, 202684 Thompson, 203521 Dellavedova, 2210 Jefferson, 2747 Smith","201567,202684,203521,2210,2747","Love, Thompson, Dellavedova, Jefferson, Smith",0,0,1,2,4,72.0
21501111,20160329,4,4,CLE,HOU,"201567 Love, 202681 Irving, 202684 Thompson, 203521 Dellavedova, 2747 Smith","201567,202681,202684,203521,2747","Love, Irving, Thompson, Dellavedova, Smith",0,0,0,0,1,2.0
21501111,20160329,4,5,CLE,HOU,"201567 Love, 202681 Irving, 202684 Thompson, 203521 Dellavedova, 2747 Smith","201567,202681,202684,203521,2747","Love, Irving, Thompson, Dellavedova, Smith",0,2,10,6,7,191.0
21501111,20160329,4,6,CLE,HOU,"201567 Love, 202681 Irving, 202684 Thompson, 202697 Shumpert, 2747 Smith","201567,202681,202684,202697,2747","Love, Irving, Thompson, Shumpert, Smith",0,1,3,4,3,79.0
21501111,20160329,4,7,CLE,HOU,"201567 Love, 202681 Irving, 202684 Thompson, 202697 Shumpert, 2747 Smith","201567,202681,202684,202697,2747","Love, Irving, Thompson, Shumpert, Smith",0,0,0,1,1,13.0
21501111,20160329,4,8,CLE,HOU,"201567 Love, 202681 Irving, 202684 Thompson, 202697 Shumpert, 2747 Smith","201567,202681,202684,202697,2747","Love, Irving, Thompson, Shumpert, Smith",0,8,10,6,7,142.6
21501111,20160329,4,9,CLE,HOU,"201567 Love, 202681 Irving, 202684 Thompson, 202697 Shumpert, 2747 Smith","201567,202681,202684,202697,2747","Love, Irving, Thompson, Shumpert, Smith",0,0,2,0,1,3.3
21501111,20160329,4,10,CLE,HOU,"201567 Love, 202681 Irving, 202684 Thompson, 202697 Shumpert, 2747 Smith","201567,202681,202684,202697,2747","Love, Irving, Thompson, Shumpert, Smith",0,0,0,1,0,5.1
21501122,20160331,1,1,CLE,BKN,"201567 Love, 202389 Mozgov, 202681 Irving, 2544 James, 2747 Smith","201567,202389,202681,2544,2747","Love, Mozgov, Irving, James, Smith",0,3,3,6,6,164.0
21501122,20160331,1,2,CLE,BKN,"201567 Love, 202389 Mozgov, 202681 Irving, 2544 James, 2747 Smith","201567,202389,202681,2544,2747","Love, Mozgov, Irving, James, Smith",0,2,2,1,1,20.0
21501122,20160331,1,3,CLE,BKN,"201567 Love, 202389 Mozgov, 202681 Irving, 2544 James, 2747 Smith","201567,202389,202681,2544,2747","Love, Mozgov, Irving, James, Smith",0,1,3,3,4,104.0
21501122,20160331,1,4,CLE,BKN,"201567 Love, 202681 Irving, 202684 Thompson, 2544 James, 2747 Smith","201567,202681,202684,2544,2747","Love, Irving, Thompson, James, Smith",0,9,6,7,7,188.0
21501122,20160331,1,5,CLE,BKN,"201567 Love, 202684 Thompson, 203521 Dellavedova, 2544 James, 2747 Smith","201567,202684,203521,2544,2747","Love, Thompson, Dellavedova, James, Smith",0,3,0,2,1,12.0
21501122,20160331,1,6,CLE,BKN,"201567 Love, 202684 Thompson, 203521 Dellavedova, 2544 James, 2747 Smith","201567,202684,203521,2544,2747","Love, Thompson, Dellavedova, James, Smith",0,5,4,4,4,109.0
21501122,20160331,1,7,CLE,BKN,"101112 Frye, 202684 Thompson, 202697 Shumpert, 203521 Dellavedova, 2544 James","101112,202684,202697,203521,2544","Frye, Thompson, Shumpert, Dellavedova, James",0,3,0,2,1,27.0
21501122,20160331,1,8,CLE,BKN,"101112 Frye, 202684 Thompson, 202697 Shumpert, 203521 Dellavedova, 2544 James","101112,202684,202697,203521,2544","Frye, Thompson, Shumpert, Dellavedova, James",0,3,4,4,3,96.0
21501122,20160331,2,1,CLE,BKN,"101112 Frye, 202684 Thompson, 202697 Shumpert, 203521 Dellavedova, 2544 James","101112,202684,202697,203521,2544","Frye, Thompson, Shumpert, Dellavedova, James",0,0,0,0,1,18.0
21501122,20160331,2,2,CLE,BKN,"101112 Frye, 202681 Irving, 202684 Thompson, 202697 Shumpert, 203521 Dellavedova","101112,202681,202684,202697,203521","Frye, Irving, Thompson, Shumpert, Dellavedova",0,9,11,11,12,302.0
21501122,20160331,2,3,CLE,BKN,"201567 Love, 202681 Irving, 202684 Thompson, 2544 James, 2747 Smith","201567,202681,202684,2544,2747","Love, Irving, Thompson, James, Smith",0,3,0,1,2,14.0
21501122,20160331,2,4,CLE,BKN,"201567 Love, 202681 Irving, 202684 Thompson, 2544 James, 2747 Smith","201567,202681,202684,2544,2747","Love, Irving, Thompson, James, Smith",0,3,0,2,3,53.0
21501122,20160331,2,5,CLE,BKN,"201567 Love, 202389 Mozgov, 202681 Irving, 2544 James, 2747 Smith","201567,202389,202681,2544,2747","Love, Mozgov, Irving, James, Smith",0,4,2,6,5,125.0
21501122,20160331,2,6,CLE,BKN,"201567 Love, 202389 Mozgov, 203521 Dellavedova, 2544 James, 2747 Smith","201567,202389,203521,2544,2747","Love, Mozgov, Dellavedova, James, Smith",0,0,2,0,1,6.0
21501122,20160331,2,7,CLE,BKN,"201567 Love, 202389 Mozgov, 202697 Shumpert, 2544 James, 2747 Smith","201567,202389,202697,2544,2747","Love, Mozgov, Shumpert, James, Smith",0,8,0,5,3,104.0
21501122,20160331,2,8,CLE,BKN,"201567 Love, 202389 Mozgov, 202697 Shumpert, 2544 James, 2747 Smith","201567,202389,202697,2544,2747","Love, Mozgov, Shumpert, James, Smith",0,5,2,3,3,52.7
21501122,20160331,2,9,CLE,BKN,"201567 Love, 202684 Thompson, 202697 Shumpert, 2544 James, 2747 Smith","201567,202684,202697,2544,2747","Love, Thompson, Shumpert, James, Smith",0,2,0,3,2,45.3
21501122,20160331,3,1,CLE,BKN,"201567 Love, 202684 Thompson, 202697 Shumpert, 2544 James, 2747 Smith","201567,202684,202697,2544,2747","Love, Thompson, Shumpert, James, Smith",0,0,0,0,1,19.0
21501122,20160331,3,2,CLE,BKN,"201567 Love, 202389 Mozgov, 202681 Irving, 2544 James, 2747 Smith","201567,202389,202681,2544,2747","Love, Mozgov, Irving, James, Smith",0,16,14,15,15,370.0
21501122,20160331,3,3,CLE,BKN,"201567 Love, 202389 Mozgov, 202681 Irving, 2544 James, 2747 Smith","201567,202389,202681,2544,2747","Love, Mozgov, Irving, James, Smith",0,0,5,4,3,82.0
21501122,20160331,3,4,CLE,BKN,"201567 Love, 202684 Thompson, 203521 Dellavedova, 2544 James, 2747 Smith","201567,202684,203521,2544,2747","Love, Thompson, Dellavedova, James, Smith",0,0,1,1,2,25.0
21501122,20160331,3,5,CLE,BKN,"101112 Frye, 202684 Thompson, 202697 Shumpert, 203521 Dellavedova, 2544 James","101112,202684,202697,203521,2544","Frye, Thompson, Shumpert, Dellavedova, James",0,8,4,8,6,163.0
21501122,20160331,3,6,CLE,BKN,"101112 Frye, 202684 Thompson, 202697 Shumpert, 203521 Dellavedova, 2544 James","101112,202684,202697,203521,2544","Frye, Thompson, Shumpert, Dellavedova, James",0,0,0,2,1,16.4
21501122,20160331,3,7,CLE,BKN,"101112 Frye, 202684 Thompson, 202697 Shumpert, 203521 Dellavedova, 2544 James","101112,202684,202697,203521,2544","Frye, Thompson, Shumpert, Dellavedova, James",0,2,0,3,1,44.6
21501122,20160331,4,1,CLE,BKN,"101112 Frye, 202684 Thompson, 202697 Shumpert, 203521 Dellavedova, 2544 James","101112,202684,202697,203521,2544","Frye, Thompson, Shumpert, Dellavedova, James",0,0,0,1,0,25.0
21501122,20160331,4,2,CLE,BKN,"101112 Frye, 202684 Thompson, 202697 Shumpert, 203521 Dellavedova, 2210 Jefferson","101112,202684,202697,203521,2210","Frye, Thompson, Shumpert, Dellavedova, Jefferson",0,5,5,7,7,149.0
21501122,20160331,4,3,CLE,BKN,"101112 Frye, 202684 Thompson, 202697 Shumpert, 2210 Jefferson, 2590 Williams","101112,202684,202697,2210,2590","Frye, Thompson, Shumpert, Jefferson, Williams",0,6,5,6,5,142.0
21501122,20160331,4,4,CLE,BKN,"101112 Frye, 203895 McRae, 2210 Jefferson, 2590 Williams, 2592 Jones","101112,203895,2210,2590,2592","Frye, McRae, Jefferson, Williams, Jones",0,2,6,5,6,164.0
21501122,20160331,4,5,CLE,BKN,"101112 Frye, 203895 McRae, 2210 Jefferson, 2590 Williams, 2592 Jones","101112,203895,2210,2590,2592","Frye, McRae, Jefferson, Williams, Jones",0,5,8,9,8,240.0
21501131,20160401,1,1,CLE,ATL,"201567 Love, 202389 Mozgov, 202681 Irving, 2544 James, 2747 Smith","201567,202389,202681,2544,2747","Love, Mozgov, Irving, James, Smith",0,14,19,13,14,383.0
21501131,20160401,1,2,CLE,ATL,"201567 Love, 202681 Irving, 202684 Thompson, 2544 James, 2747 Smith","201567,202681,202684,2544,2747","Love, Irving, Thompson, James, Smith",0,8,2,3,3,52.0
21501131,20160401,1,3,CLE,ATL,"201567 Love, 202681 Irving, 202684 Thompson, 2544 James, 2747 Smith","201567,202681,202684,2544,2747","Love, Irving, Thompson, James, Smith",0,3,0,1,2,59.0
21501131,20160401,1,4,CLE,ATL,"201567 Love, 202684 Thompson, 203521 Dellavedova, 2544 James, 2747 Smith","201567,202684,203521,2544,2747","Love, Thompson, Dellavedova, James, Smith",0,3,0,3,4,81.0
21501131,20160401,1,5,CLE,ATL,"201567 Love, 202681 Irving, 202684 Thompson, 202697 Shumpert, 203521 Dellavedova","201567,202681,202684,202697,203521","Love, Irving, Thompson, Shumpert, Dellavedova",0,2,0,1,2,54.0
21501131,20160401,1,6,CLE,ATL,"101112 Frye, 202681 Irving, 202684 Thompson, 202697 Shumpert, 203521 Dellavedova","101112,202681,202684,202697,203521","Frye, Irving, Thompson, Shumpert, Dellavedova",0,0,2,2,3,57.3
21501131,20160401,1,7,CLE,ATL,"101112 Frye, 202681 Irving, 202684 Thompson, 202697 Shumpert, 203521 Dellavedova","101112,202681,202684,202697,203521","Frye, Irving, Thompson, Shumpert, Dellavedova",0,0,0,0,1,19.0
21501131,20160401,1,8,CLE,ATL,"101112 Frye, 202681 Irving, 202684 Thompson, 202697 Shumpert, 203521 Dellavedova","101112,202681,202684,202697,203521","Frye, Irving, Thompson, Shumpert, Dellavedova",0,2,0,1,1,14.7
21501131,20160401,2,1,CLE,ATL,"101112 Frye, 202681 Irving, 202684 Thompson, 202697 Shumpert, 203521 Dellavedova","101112,202681,202684,202697,203521","Frye, Irving, Thompson, Shumpert, Dellavedova",0,4,1,6,6,182.0
21501131,20160401,2,2,CLE,ATL,"101112 Frye, 202684 Thompson, 202697 Shumpert, 203521 Dellavedova, 2544 James","101112,202684,202697,203521,2544","Frye, Thompson, Shumpert, Dellavedova, James",0,0,2,3,2,61.0
21501131,20160401,2,3,CLE,ATL,"201567 Love, 202684 Thompson, 202697 Shumpert, 203521 Dellavedova, 2544 James","201567,202684,202697,203521,2544","Love, Thompson, Shumpert, Dellavedova, James",0,0,2,2,2,16.0
21501131,20160401,2,4,CLE,ATL,"201567 Love, 202684 Thompson, 202697 Shumpert, 2544 James, 2747 Smith","201567,202684,202697,2544,2747","Love, Thompson, Shumpert, James, Smith",0,5,0,2,3,55.0
21501131,20160401,2,5,CLE,ATL,"201567 Love, 202684 Thompson, 202697 Shumpert, 2544 James, 2747 Smith","201567,202684,202697,2544,2747","Love, Thompson, Shumpert, James, Smith",0,6,2,5,5,127.0
21501131,20160401,2,6,CLE,ATL,"201567 Love, 202681 Irving, 202697 Shumpert, 2544 James, 2747 Smith","201567,202681,202697,2544,2747","Love, Irving, Shumpert, James, Smith",0,0,0,2,2,54.0
21501131,20160401,2,7,CLE,ATL,"201567 Love, 202681 Irving, 202697 Shumpert, 2544 James, 2747 Smith","201567,202681,202697,2544,2747","Love, Irving, Shumpert, James, Smith",0,4,3,2,2,49.0
21501131,20160401,2,8,CLE,ATL,"201567 Love, 202681 Irving, 202697 Shumpert, 2544 James, 2747 Smith","201567,202681,202697,2544,2747","Love, Irving, Shumpert, James, Smith",0,0,1,0,1,17.0
21501131,20160401,2,9,CLE,ATL,"201567 Love, 202681 Irving, 202684 Thompson, 2544 James, 2747 Smith","201567,202681,202684,2544,2747","Love, Irving, Thompson, James, Smith",0,2,0,1,0,6.0
21501131,20160401,2,10,CLE,ATL,"201567 Love, 202681 Irving, 202684 Thompson, 2544 James, 2747 Smith","201567,202681,202684,2544,2747","Love, Irving, Thompson, James, Smith",0,2,3,3,4,74.0
21501131,20160401,2,11,CLE,ATL,"101112 Frye, 202681 Irving, 202684 Thompson, 2544 James, 2747 Smith","101112,202681,202684,2544,2747","Frye, Irving, Thompson, James, Smith",0,0,0,3,1,26.5
21501131,20160401,2,12,CLE,ATL,"101112 Frye, 202681 Irving, 202684 Thompson, 202697 Shumpert, 2747 Smith","101112,202681,202684,202697,2747","Frye, Irving, Thompson, Shumpert, Smith",0,0,4,2,3,31.4
21501131,20160401,2,13,CLE,ATL,"101112 Frye, 202684 Thompson, 202697 Shumpert, 2544 James, 2747 Smith","101112,202684,202697,2544,2747","Frye, Thompson, Shumpert, James, Smith",0,0,0,0,1,21.1
21501131,20160401,3,1,CLE,ATL,"101112 Frye, 202684 Thompson, 202697 Shumpert, 2544 James, 2747 Smith","101112,202684,202697,2544,2747","Frye, Thompson, Shumpert, James, Smith",0,4,11,13,15,382.0
21501131,20160401,3,2,CLE,ATL,"202681 Irving, 202684 Thompson, 202697 Shumpert, 2544 James, 2747 Smith","202681,202684,202697,2544,2747","Irving, Thompson, Shumpert, James, Smith",0,0,7,5,5,113.0
21501131,20160401,3,3,CLE,ATL,"202681 Irving, 202684 Thompson, 202697 Shumpert, 2544 James, 2747 Smith","202681,202684,202697,2544,2747","Irving, Thompson, Shumpert, James, Smith",0,3,2,2,2,35.0
21501131,20160401,3,4,CLE,ATL,"202684 Thompson, 202697 Shumpert, 203521 Dellavedova, 2544 James, 2747 Smith","202684,202697,203521,2544,2747","Thompson, Shumpert, Dellavedova, James, Smith",0,0,0,1,1,17.0
21501131,20160401,3,5,CLE,ATL,"202684 Thompson, 202697 Shumpert, 203521 Dellavedova, 2544 James, 2747 Smith","202684,202697,203521,2544,2747","Thompson, Shumpert, Dellavedova, James, Smith",0,2,0,2,2,33.0
21501131,20160401,3,6,CLE,ATL,"202684 Thompson, 202697 Shumpert, 203521 Dellavedova, 2544 James, 2747 Smith","202684,202697,203521,2544,2747","Thompson, Shumpert, Dellavedova, James, Smith",0,4,3,2,2,51.0
21501131,20160401,3,7,CLE,ATL,"101112 Frye, 202697 Shumpert, 203521 Dellavedova, 2544 James, 2747 Smith","101112,202697,203521,2544,2747","Frye, Shumpert, Dellavedova, James, Smith",0,7,2,3,3,61.2
21501131,20160401,3,8,CLE,ATL,"101112 Frye, 202697 Shumpert, 203521 Dellavedova, 2544 James, 2747 Smith","101112,202697,203521,2544,2747","Frye, Shumpert, Dellavedova, James, Smith",0,0,0,0,2,26.2
21501131,20160401,3,9,CLE,ATL,"101112 Frye, 202697 Shumpert, 203521 Dellavedova, 2544 James, 2747 Smith","101112,202697,203521,2544,2747","Frye, Shumpert, Dellavedova, James, Smith",0,0,0,0,1,1.6
21501131,20160401,4,1,CLE,ATL,"101112 Frye, 202697 Shumpert, 203521 Dellavedova, 2544 James, 2747 Smith","101112,202697,203521,2544,2747","Frye, Shumpert, Dellavedova, James, Smith",0,0,0,1,0,16.0
21501131,20160401,4,2,CLE,ATL,"101112 Frye, 202697 Shumpert, 203521 Dellavedova, 2544 James, 2747 Smith","101112,202697,203521,2544,2747","Frye, Shumpert, Dellavedova, James, Smith",0,3,2,4,4,98.0
21501131,20160401,4,3,CLE,ATL,"101112 Frye, 202681 Irving, 202697 Shumpert, 203521 Dellavedova, 2544 James","101112,202681,202697,203521,2544","Frye, Irving, Shumpert, Dellavedova, James",0,2,0,1,2,12.0
21501131,20160401,4,4,CLE,ATL,"101112 Frye, 202681 Irving, 202697 Shumpert, 203521 Dellavedova, 2544 James","101112,202681,202697,203521,2544","Frye, Irving, Shumpert, Dellavedova, James",0,2,2,4,3,124.0
21501131,20160401,4,5,CLE,ATL,"101112 Frye, 202681 Irving, 202684 Thompson, 202697 Shumpert, 203521 Dellavedova","101112,202681,202684,202697,203521","Frye, Irving, Thompson, Shumpert, Dellavedova",0,0,2,1,2,29.0
21501131,20160401,4,6,CLE,ATL,"101112 Frye, 202681 Irving, 202684 Thompson, 202697 Shumpert, 203521 Dellavedova","101112,202681,202684,202697,203521","Frye, Irving, Thompson, Shumpert, Dellavedova",0,0,2,2,1,17.0
21501131,20160401,4,7,CLE,ATL,"201567 Love, 202681 Irving, 202684 Thompson, 202697 Shumpert, 203521 Dellavedova","201567,202681,202684,202697,203521","Love, Irving, Thompson, Shumpert, Dellavedova",0,4,2,3,3,111.0
21501131,20160401,4,8,CLE,ATL,"201567 Love, 202681 Irving, 202684 Thompson, 202697 Shumpert, 2544 James","201567,202681,202684,202697,2544","Love, Irving, Thompson, Shumpert, James",0,3,5,5,5,141.0
21501131,20160401,4,9,CLE,ATL,"201567 Love, 202681 Irving, 202684 Thompson, 2544 James, 2747 Smith","201567,202681,202684,2544,2747","Love, Irving, Thompson, James, Smith",0,0,0,1,0,12.0
21501131,20160401,4,10,CLE,ATL,"201567 Love, 202681 Irving, 202684 Thompson, 2544 James, 2747 Smith","201567,202681,202684,2544,2747","Love, Irving, Thompson, James, Smith",0,1,2,4,3,90.0
21501131,20160401,4,11,CLE,ATL,"201567 Love, 202681 Irving, 202684 Thompson, 2544 James, 2747 Smith","201567,202681,202684,2544,2747","Love, Irving, Thompson, James, Smith",0,2,0,2,2,16.1
21501131,20160401,4,12,CLE,ATL,"202681 Irving, 202684 Thompson, 202697 Shumpert, 2544 James, 2747 Smith","202681,202684,202697,2544,2747","Irving, Thompson, Shumpert, James, Smith",0,2,2,2,2,24.9
21501131,20160401,4,13,CLE,ATL,"201567 Love, 202681 Irving, 202684 Thompson, 2544 James, 2747 Smith","201567,202681,202684,2544,2747","Love, Irving, Thompson, James, Smith",0,0,0,1,1,24.1
21501131,20160401,4,14,CLE,ATL,"202681 Irving, 202684 Thompson, 202697 Shumpert, 2544 James, 2747 Smith","202681,202684,202697,2544,2747","Irving, Thompson, Shumpert, James, Smith",0,0,0,0,1,4.9
21501131,20160401,5,1,CLE,ATL,"202681 Irving, 202684 Thompson, 202697 Shumpert, 2544 James, 2747 Smith","202681,202684,202697,2544,2747","Irving, Thompson, Shumpert, James, Smith",0,8,8,8,8,253.0
21501131,20160401,5,2,CLE,ATL,"202681 Irving, 202684 Thompson, 202697 Shumpert, 2544 James, 2747 Smith","202681,202684,202697,2544,2747","Irving, Thompson, Shumpert, James, Smith",0,1,0,1,1,11.3
21501131,20160401,5,3,CLE,ATL,"202684 Thompson, 202697 Shumpert, 203521 Dellavedova, 2544 James, 2747 Smith","202684,202697,203521,2544,2747","Thompson, Shumpert, Dellavedova, James, Smith",0,0,0,1,1,9.9
21501131,20160401,5,4,CLE,ATL,"201567 Love, 202681 Irving, 203521 Dellavedova, 2544 James, 2747 Smith","201567,202681,203521,2544,2747","Love, Irving, Dellavedova, James, Smith",0,2,0,1,1,7.0
21501131,20160401,5,5,CLE,ATL,"202684 Thompson, 202697 Shumpert, 203521 Dellavedova, 2544 James, 2747 Smith","202684,202697,203521,2544,2747","Thompson, Shumpert, Dellavedova, James, Smith",0,0,0,0,1,3.5
21501131,20160401,5,6,CLE,ATL,"202684 Thompson, 202697 Shumpert, 203521 Dellavedova, 2544 James, 2747 Smith","202684,202697,203521,2544,2747","Thompson, Shumpert, Dellavedova, James, Smith",0,0,2,1,1,3.1
21501131,20160401,5,7,CLE,ATL,"201567 Love, 202681 Irving, 203521 Dellavedova, 2544 James, 2747 Smith","201567,202681,203521,2544,2747","Love, Irving, Dellavedova, James, Smith",0,2,0,1,1,0.8
21501131,20160401,5,8,CLE,ATL,"202681 Irving, 202684 Thompson, 202697 Shumpert, 2544 James, 2747 Smith","202681,202684,202697,2544,2747","Irving, Thompson, Shumpert, James, Smith",0,0,2,1,1,1.8
21501131,20160401,5,9,CLE,ATL,"201567 Love, 202681 Irving, 203521 Dellavedova, 2544 James, 2747 Smith","201567,202681,203521,2544,2747","Love, Irving, Dellavedova, James, Smith",0,1,0,1,1,3.5
21501131,20160401,5,10,CLE,ATL,"202681 Irving, 202684 Thompson, 202697 Shumpert, 2544 James, 2747 Smith","202681,202684,202697,2544,2747","Irving, Thompson, Shumpert, James, Smith",0,0,0,0,1,6.9
21501144,20160403,1,1,CLE,CHA,"201567 Love, 202389 Mozgov, 203521 Dellavedova, 2544 James, 2747 Smith","201567,202389,203521,2544,2747","Love, Mozgov, Dellavedova, James, Smith",0,15,14,14,14,411.0
21501144,20160403,1,2,CLE,CHA,"201567 Love, 202684 Thompson, 203521 Dellavedova, 2544 James, 2747 Smith","201567,202684,203521,2544,2747","Love, Thompson, Dellavedova, James, Smith",0,5,2,4,2,93.0
21501144,20160403,1,3,CLE,CHA,"201567 Love, 202684 Thompson, 202697 Shumpert, 2590 Williams, 2747 Smith","201567,202684,202697,2590,2747","Love, Thompson, Shumpert, Williams, Smith",0,0,2,1,1,13.0
21501144,20160403,1,4,CLE,CHA,"201567 Love, 202684 Thompson, 202697 Shumpert, 2590 Williams, 2747 Smith","201567,202684,202697,2590,2747","Love, Thompson, Shumpert, Williams, Smith",0,5,0,3,3,116.0
21501144,20160403,1,5,CLE,CHA,"101112 Frye, 202684 Thompson, 202697 Shumpert, 2544 James, 2590 Williams","101112,202684,202697,2544,2590","Frye, Thompson, Shumpert, James, Williams",0,4,1,3,3,87.0
21501144,20160403,2,1,CLE,CHA,"101112 Frye, 202684 Thompson, 202697 Shumpert, 2544 James, 2590 Williams","101112,202684,202697,2544,2590","Frye, Thompson, Shumpert, James, Williams",0,0,0,1,0,15.0
21501144,20160403,2,2,CLE,CHA,"101112 Frye, 202684 Thompson, 202697 Shumpert, 2544 James, 2590 Williams","101112,202684,202697,2544,2590","Frye, Thompson, Shumpert, James, Williams",0,9,8,8,8,189.0
21501144,20160403,2,3,CLE,CHA,"101112 Frye, 202684 Thompson, 202697 Shumpert, 203521 Dellavedova, 2544 James","101112,202684,202697,203521,2544","Frye, Thompson, Shumpert, Dellavedova, James",0,3,0,2,3,84.0
21501144,20160403,2,4,CLE,CHA,"101112 Frye, 202684 Thompson, 202697 Shumpert, 203521 Dellavedova, 2544 James","101112,202684,202697,203521,2544","Frye, Thompson, Shumpert, Dellavedova, James",0,0,0,0,1,16.0
21501144,20160403,2,5,CLE,CHA,"101112 Frye, 202684 Thompson, 202697 Shumpert, 203521 Dellavedova, 2544 James","101112,202684,202697,203521,2544","Frye, Thompson, Shumpert, Dellavedova, James",0,7,0,4,5,107.0
21501144,20160403,2,6,CLE,CHA,"201567 Love, 202684 Thompson, 202697 Shumpert, 203521 Dellavedova, 2544 James","201567,202684,202697,203521,2544","Love, Thompson, Shumpert, Dellavedova, James",0,1,6,5,4,126.0
21501144,20160403,2,7,CLE,CHA,"201567 Love, 202684 Thompson, 202697 Shumpert, 203521 Dellavedova, 2747 Smith","201567,202684,202697,203521,2747","Love, Thompson, Shumpert, Dellavedova, Smith",0,4,5,4,3,117.0
21501144,20160403,2,8,CLE,CHA,"201567 Love, 202684 Thompson, 202697 Shumpert, 2544 James, 2747 Smith","201567,202684,202697,2544,2747","Love, Thompson, Shumpert, James, Smith",0,3,4,2,2,37.7
21501144,20160403,2,9,CLE,CHA,"202684 Thompson, 202697 Shumpert, 203521 Dellavedova, 2544 James, 2747 Smith","202684,202697,203521,2544,2747","Thompson, Shumpert, Dellavedova, James, Smith",0,2,0,1,1,28.3
21501144,20160403,3,1,CLE,CHA,"202684 Thompson, 202697 Shumpert, 203521 Dellavedova, 2544 James, 2747 Smith","202684,202697,203521,2544,2747","Thompson, Shumpert, Dellavedova, James, Smith",0,0,0,1,0,13.0
21501144,20160403,3,2,CLE,CHA,"201567 Love, 202389 Mozgov, 203521 Dellavedova, 2544 James, 2747 Smith","201567,202389,203521,2544,2747","Love, Mozgov, Dellavedova, James, Smith",0,13,17,15,16,438.0
21501144,20160403,3,3,CLE,CHA,"201567 Love, 202389 Mozgov, 203521 Dellavedova, 2544 James, 2747 Smith","201567,202389,203521,2544,2747","Love, Mozgov, Dellavedova, James, Smith",0,0,1,0,1,11.0
21501144,20160403,3,4,CLE,CHA,"201567 Love, 202684 Thompson, 203521 Dellavedova, 2544 James, 2747 Smith","201567,202684,203521,2544,2747","Love, Thompson, Dellavedova, James, Smith",0,0,3,1,2,4.0
21501144,20160403,3,5,CLE,CHA,"201567 Love, 202684 Thompson, 202697 Shumpert, 2544 James, 2747 Smith","201567,202684,202697,2544,2747","Love, Thompson, Shumpert, James, Smith",0,7,4,5,4,141.0
21501144,20160403,3,6,CLE,CHA,"201567 Love, 202684 Thompson, 202697 Shumpert, 2544 James, 2747 Smith","201567,202684,202697,2544,2747","Love, Thompson, Shumpert, James, Smith",0,1,0,1,0,8.0
21501144,20160403,3,7,CLE,CHA,"101112 Frye, 202684 Thompson, 202697 Shumpert, 2544 James, 2747 Smith","101112,202684,202697,2544,2747","Frye, Thompson, Shumpert, James, Smith",0,4,2,2,2,41.0
21501144,20160403,3,8,CLE,CHA,"101112 Frye, 202684 Thompson, 202697 Shumpert, 2590 Williams, 2747 Smith","101112,202684,202697,2590,2747","Frye, Thompson, Shumpert, Williams, Smith",0,3,2,3,2,64.0
21501144,20160403,4,1,CLE,CHA,"101112 Frye, 202684 Thompson, 202697 Shumpert, 2590 Williams, 2747 Smith","101112,202684,202697,2590,2747","Frye, Thompson, Shumpert, Williams, Smith",0,0,0,0,1,22.0
21501144,20160403,4,2,CLE,CHA,"101112 Frye, 202684 Thompson, 202697 Shumpert, 2590 Williams, 2747 Smith","101112,202684,202697,2590,2747","Frye, Thompson, Shumpert, Williams, Smith",0,0,4,3,3,98.0
21501144,20160403,4,3,CLE,CHA,"101112 Frye, 202684 Thompson, 202697 Shumpert, 2544 James, 2590 Williams","101112,202684,202697,2544,2590","Frye, Thompson, Shumpert, James, Williams",0,3,2,2,1,37.0
21501144,20160403,4,4,CLE,CHA,"101112 Frye, 202684 Thompson, 202697 Shumpert, 2544 James, 2590 Williams","101112,202684,202697,2544,2590","Frye, Thompson, Shumpert, James, Williams",0,2,4,6,5,152.0
21501144,20160403,4,5,CLE,CHA,"201567 Love, 202684 Thompson, 202697 Shumpert, 203521 Dellavedova, 2544 James","201567,202684,202697,203521,2544","Love, Thompson, Shumpert, Dellavedova, James",0,3,5,3,2,80.0
21501144,20160403,4,6,CLE,CHA,"201567 Love, 202697 Shumpert, 203521 Dellavedova, 2544 James, 2747 Smith","201567,202697,203521,2544,2747","Love, Shumpert, Dellavedova, James, Smith",0,18,17,11,11,331.0
21501159,20160405,1,1,CLE,MIL,"201567 Love, 202389 Mozgov, 202681 Irving, 2544 James, 2747 Smith","201567,202389,202681,2544,2747","Love, Mozgov, Irving, James, Smith",0,11,8,11,11,321.0
21501159,20160405,1,2,CLE,MIL,"201567 Love, 202389 Mozgov, 202681 Irving, 2544 James, 2747 Smith","201567,202389,202681,2544,2747","Love, Mozgov, Irving, James, Smith",0,12,5,6,5,158.0
21501159,20160405,1,3,CLE,MIL,"201567 Love, 202684 Thompson, 203521 Dellavedova, 2544 James, 2747 Smith","201567,202684,203521,2544,2747","Love, Thompson, Dellavedova, James, Smith",0,2,0,2,2,30.0
21501159,20160405,1,4,CLE,MIL,"201567 Love, 202684 Thompson, 203521 Dellavedova, 2544 James, 2747 Smith","201567,202684,203521,2544,2747","Love, Thompson, Dellavedova, James, Smith",0,8,4,6,7,195.1
21501159,20160405,1,5,CLE,MIL,"101112 Frye, 202684 Thompson, 202697 Shumpert, 203521 Dellavedova, 2210 Jefferson","101112,202684,202697,203521,2210","Frye, Thompson, Shumpert, Dellavedova, Jefferson",0,0,2,0,2,15.9
21501159,20160405,2,1,CLE,MIL,"101112 Frye, 202684 Thompson, 202697 Shumpert, 203521 Dellavedova, 2210 Jefferson","101112,202684,202697,203521,2210","Frye, Thompson, Shumpert, Dellavedova, Jefferson",0,0,0,1,0,14.0
21501159,20160405,2,2,CLE,MIL,"101112 Frye, 202684 Thompson, 202697 Shumpert, 203521 Dellavedova, 2210 Jefferson","101112,202684,202697,203521,2210","Frye, Thompson, Shumpert, Dellavedova, Jefferson",0,8,6,9,7,194.0
21501159,20160405,2,3,CLE,MIL,"101112 Frye, 202681 Irving, 202684 Thompson, 202697 Shumpert, 2210 Jefferson","101112,202681,202684,202697,2210","Frye, Irving, Thompson, Shumpert, Jefferson",0,7,3,6,5,157.0
21501159,20160405,2,4,CLE,MIL,"101112 Frye, 202681 Irving, 202684 Thompson, 202697 Shumpert, 2210 Jefferson","101112,202681,202684,202697,2210","Frye, Irving, Thompson, Shumpert, Jefferson",0,4,4,5,4,95.0
21501159,20160405,2,5,CLE,MIL,"201567 Love, 202389 Mozgov, 202681 Irving, 2544 James, 2747 Smith","201567,202389,202681,2544,2747","Love, Mozgov, Irving, James, Smith",0,5,2,4,3,87.0
21501159,20160405,2,6,CLE,MIL,"201567 Love, 202389 Mozgov, 202681 Irving, 2544 James, 2747 Smith","201567,202389,202681,2544,2747","Love, Mozgov, Irving, James, Smith",0,10,9,5,5,173.0
21501159,20160405,3,1,CLE,MIL,"201567 Love, 202389 Mozgov, 202681 Irving, 2544 James, 2747 Smith","201567,202389,202681,2544,2747","Love, Mozgov, Irving, James, Smith",0,0,0,1,0,17.0
21501159,20160405,3,2,CLE,MIL,"201567 Love, 202389 Mozgov, 202681 Irving, 2544 James, 2747 Smith","201567,202389,202681,2544,2747","Love, Mozgov, Irving, James, Smith",0,16,19,19,18,547.0
21501159,20160405,3,3,CLE,MIL,"101112 Frye, 202681 Irving, 202684 Thompson, 2544 James, 2747 Smith","101112,202681,202684,2544,2747","Frye, Irving, Thompson, James, Smith",0,3,2,3,2,59.0
21501159,20160405,3,4,CLE,MIL,"101112 Frye, 202684 Thompson, 202697 Shumpert, 203521 Dellavedova, 2544 James","101112,202684,202697,203521,2544","Frye, Thompson, Shumpert, Dellavedova, James",0,7,3,4,3,97.0
21501159,20160405,4,1,CLE,MIL,"101112 Frye, 202684 Thompson, 202697 Shumpert, 203521 Dellavedova, 2544 James","101112,202684,202697,203521,2544","Frye, Thompson, Shumpert, Dellavedova, James",0,0,0,0,1,11.0
21501159,20160405,4,2,CLE,MIL,"101112 Frye, 202684 Thompson, 202697 Shumpert, 203521 Dellavedova, 2210 Jefferson","101112,202684,202697,203521,2210","Frye, Thompson, Shumpert, Dellavedova, Jefferson",0,4,1,4,5,114.0
21501159,20160405,4,3,CLE,MIL,"101112 Frye, 202684 Thompson, 202697 Shumpert, 2210 Jefferson, 2590 Williams","101112,202684,202697,2210,2590","Frye, Thompson, Shumpert, Jefferson, Williams",0,2,2,3,3,81.0
21501159,20160405,4,4,CLE,MIL,"101112 Frye, 202697 Shumpert, 2210 Jefferson, 2590 Williams, 2592 Jones","101112,202697,2210,2590,2592","Frye, Shumpert, Jefferson, Williams, Jones",0,2,2,5,6,173.0
21501159,20160405,4,5,CLE,MIL,"101112 Frye, 202697 Shumpert, 2210 Jefferson, 2590 Williams, 2592 Jones","101112,202697,2210,2590,2592","Frye, Shumpert, Jefferson, Williams, Jones",0,0,1,0,1,18.0
21501159,20160405,4,6,CLE,MIL,"101112 Frye, 203895 McRae, 2210 Jefferson, 2590 Williams, 2592 Jones","101112,203895,2210,2590,2592","Frye, McRae, Jefferson, Williams, Jones",0,0,1,3,3,76.0
21501159,20160405,4,7,CLE,MIL,"101112 Frye, 203895 McRae, 2210 Jefferson, 2590 Williams, 2592 Jones","101112,203895,2210,2590,2592","Frye, McRae, Jefferson, Williams, Jones",0,8,6,6,6,247.0
21501165,20160406,1,1,CLE,IND,"201567 Love, 202389 Mozgov, 202681 Irving, 202697 Shumpert, 2747 Smith","201567,202389,202681,202697,2747","Love, Mozgov, Irving, Shumpert, Smith",0,13,14,8,8,255.0
21501165,20160406,1,2,CLE,IND,"201567 Love, 202389 Mozgov, 202681 Irving, 202697 Shumpert, 2747 Smith","201567,202389,202681,202697,2747","Love, Mozgov, Irving, Shumpert, Smith",0,5,4,2,3,83.0
21501165,20160406,1,3,CLE,IND,"201567 Love, 202389 Mozgov, 202681 Irving, 202697 Shumpert, 2747 Smith","201567,202389,202681,202697,2747","Love, Mozgov, Irving, Shumpert, Smith",0,2,0,1,0,14.0
21501165,20160406,1,4,CLE,IND,"201567 Love, 202389 Mozgov, 202681 Irving, 202697 Shumpert, 2747 Smith","201567,202389,202681,202697,2747","Love, Mozgov, Irving, Shumpert, Smith",0,0,1,1,2,26.0
21501165,20160406,1,5,CLE,IND,"201567 Love, 202389 Mozgov, 202681 Irving, 202697 Shumpert, 2747 Smith","201567,202389,202681,202697,2747","Love, Mozgov, Irving, Shumpert, Smith",0,0,0,0,1,20.0
21501165,20160406,1,6,CLE,IND,"201567 Love, 202681 Irving, 202684 Thompson, 202697 Shumpert, 2747 Smith","201567,202681,202684,202697,2747","Love, Irving, Thompson, Shumpert, Smith",0,0,3,3,4,50.0
21501165,20160406,1,7,CLE,IND,"101112 Frye, 202681 Irving, 202684 Thompson, 202697 Shumpert, 2747 Smith","101112,202681,202684,202697,2747","Frye, Irving, Thompson, Shumpert, Smith",0,4,5,3,3,68.0
21501165,20160406,1,8,CLE,IND,"101112 Frye, 202681 Irving, 202684 Thompson, 203521 Dellavedova, 2747 Smith","101112,202681,202684,203521,2747","Frye, Irving, Thompson, Dellavedova, Smith",0,4,5,4,4,103.0
21501165,20160406,1,9,CLE,IND,"101112 Frye, 202681 Irving, 202684 Thompson, 203521 Dellavedova, 2210 Jefferson","101112,202681,202684,203521,2210","Frye, Irving, Thompson, Dellavedova, Jefferson",0,2,0,3,2,51.8
21501165,20160406,1,10,CLE,IND,"101112 Frye, 202681 Irving, 202684 Thompson, 203521 Dellavedova, 2210 Jefferson","101112,202681,202684,203521,2210","Frye, Irving, Thompson, Dellavedova, Jefferson",0,2,3,1,2,49.2
21501165,20160406,2,1,CLE,IND,"101112 Frye, 202681 Irving, 202684 Thompson, 203521 Dellavedova, 2210 Jefferson","101112,202681,202684,203521,2210","Frye, Irving, Thompson, Dellavedova, Jefferson",0,0,0,1,0,16.0
21501165,20160406,2,2,CLE,IND,"101112 Frye, 202684 Thompson, 203521 Dellavedova, 2210 Jefferson, 2590 Williams","101112,202684,203521,2210,2590","Frye, Thompson, Dellavedova, Jefferson, Williams",0,8,19,10,11,298.0
21501165,20160406,2,3,CLE,IND,"201567 Love, 202681 Irving, 202684 Thompson, 202697 Shumpert, 2210 Jefferson","201567,202681,202684,202697,2210","Love, Irving, Thompson, Shumpert, Jefferson",0,4,2,4,4,100.0
21501165,20160406,2,4,CLE,IND,"201567 Love, 202681 Irving, 202697 Shumpert, 2210 Jefferson, 2747 Smith","201567,202681,202697,2210,2747","Love, Irving, Shumpert, Jefferson, Smith",0,4,2,3,4,71.0
21501165,20160406,2,5,CLE,IND,"201567 Love, 202681 Irving, 202697 Shumpert, 2210 Jefferson, 2747 Smith","201567,202681,202697,2210,2747","Love, Irving, Shumpert, Jefferson, Smith",0,2,2,1,2,25.0
21501165,20160406,2,6,CLE,IND,"201567 Love, 202681 Irving, 202697 Shumpert, 203521 Dellavedova, 2747 Smith","201567,202681,202697,203521,2747","Love, Irving, Shumpert, Dellavedova, Smith",0,7,4,4,4,101.0
21501165,20160406,2,7,CLE,IND,"201567 Love, 202681 Irving, 202697 Shumpert, 203521 Dellavedova, 2210 Jefferson","201567,202681,202697,203521,2210","Love, Irving, Shumpert, Dellavedova, Jefferson",0,1,0,1,1,19.0
21501165,20160406,2,8,CLE,IND,"201567 Love, 202681 Irving, 202697 Shumpert, 203521 Dellavedova, 2210 Jefferson","201567,202681,202697,203521,2210","Love, Irving, Shumpert, Dellavedova, Jefferson",0,0,0,1,0,16.0
21501165,20160406,2,9,CLE,IND,"101112 Frye, 202681 Irving, 202697 Shumpert, 203521 Dellavedova, 2210 Jefferson","101112,202681,202697,203521,2210","Frye, Irving, Shumpert, Dellavedova, Jefferson",0,0,2,1,2,27.2
21501165,20160406,2,10,CLE,IND,"101112 Frye, 202681 Irving, 202697 Shumpert, 203521 Dellavedova, 2210 Jefferson","101112,202681,202697,203521,2210","Frye, Irving, Shumpert, Dellavedova, Jefferson",0,2,3,1,2,46.8
21501165,20160406,3,1,CLE,IND,"101112 Frye, 202681 Irving, 202697 Shumpert, 203521 Dellavedova, 2210 Jefferson","101112,202681,202697,203521,2210","Frye, Irving, Shumpert, Dellavedova, Jefferson",0,0,0,1,0,18.0
21501165,20160406,3,2,CLE,IND,"201567 Love, 202389 Mozgov, 202681 Irving, 202697 Shumpert, 2747 Smith","201567,202389,202681,202697,2747","Love, Mozgov, Irving, Shumpert, Smith",0,9,9,9,8,214.0
21501165,20160406,3,3,CLE,IND,"202389 Mozgov, 202681 Irving, 202697 Shumpert, 2210 Jefferson, 2747 Smith","202389,202681,202697,2210,2747","Mozgov, Irving, Shumpert, Jefferson, Smith",0,4,9,7,7,193.0
21501165,20160406,3,4,CLE,IND,"202389 Mozgov, 202681 Irving, 202684 Thompson, 2210 Jefferson, 2747 Smith","202389,202681,202684,2210,2747","Mozgov, Irving, Thompson, Jefferson, Smith",0,2,0,1,0,10.0
21501165,20160406,3,5,CLE,IND,"202389 Mozgov, 202681 Irving, 202684 Thompson, 2210 Jefferson, 2747 Smith","202389,202681,202684,2210,2747","Mozgov, Irving, Thompson, Jefferson, Smith",0,2,0,1,2,34.0
21501165,20160406,3,6,CLE,IND,"202389 Mozgov, 202681 Irving, 202684 Thompson, 2210 Jefferson, 2747 Smith","202389,202681,202684,2210,2747","Mozgov, Irving, Thompson, Jefferson, Smith",0,0,8,3,3,102.0
21501165,20160406,3,7,CLE,IND,"101112 Frye, 202684 Thompson, 202697 Shumpert, 203521 Dellavedova, 2210 Jefferson","101112,202684,202697,203521,2210","Frye, Thompson, Shumpert, Dellavedova, Jefferson",0,2,0,2,2,73.0
21501165,20160406,3,8,CLE,IND,"101112 Frye, 202684 Thompson, 202697 Shumpert, 203521 Dellavedova, 2210 Jefferson","101112,202684,202697,203521,2210","Frye, Thompson, Shumpert, Dellavedova, Jefferson",0,2,0,2,3,76.0
21501165,20160406,4,1,CLE,IND,"101112 Frye, 202684 Thompson, 202697 Shumpert, 203521 Dellavedova, 2210 Jefferson","101112,202684,202697,203521,2210","Frye, Thompson, Shumpert, Dellavedova, Jefferson",0,0,0,0,1,17.0
21501165,20160406,4,2,CLE,IND,"101112 Frye, 202684 Thompson, 202697 Shumpert, 203521 Dellavedova, 2210 Jefferson","101112,202684,202697,203521,2210","Frye, Thompson, Shumpert, Dellavedova, Jefferson",0,14,13,8,9,279.0
21501165,20160406,4,3,CLE,IND,"101112 Frye, 201567 Love, 202681 Irving, 203521 Dellavedova, 2210 Jefferson","101112,201567,202681,203521,2210","Frye, Love, Irving, Dellavedova, Jefferson",0,2,1,2,2,59.0
21501165,20160406,4,4,CLE,IND,"101112 Frye, 201567 Love, 202681 Irving, 203521 Dellavedova, 2747 Smith","101112,201567,202681,203521,2747","Frye, Love, Irving, Dellavedova, Smith",0,0,13,10,12,365.0
21501191,20160409,1,1,CLE,CHI,"201567 Love, 202681 Irving, 202684 Thompson, 2544 James, 2747 Smith","201567,202681,202684,2544,2747","Love, Irving, Thompson, James, Smith",0,31,18,24,27,719.7
21501191,20160409,1,2,CLE,CHI,"101112 Frye, 201567 Love, 203521 Dellavedova, 2544 James, 2747 Smith","101112,201567,203521,2544,2747","Frye, Love, Dellavedova, James, Smith",0,0,0,0,0,0.3
21501191,20160409,2,1,CLE,CHI,"101112 Frye, 201567 Love, 203521 Dellavedova, 2544 James, 2747 Smith","101112,201567,203521,2544,2747","Frye, Love, Dellavedova, James, Smith",0,0,0,0,1,26.0
21501191,20160409,2,2,CLE,CHI,"101112 Frye, 202389 Mozgov, 202681 Irving, 203521 Dellavedova, 2210 Jefferson","101112,202389,202681,203521,2210","Frye, Mozgov, Irving, Dellavedova, Jefferson",0,2,4,2,3,100.0
21501191,20160409,2,3,CLE,CHI,"101112 Frye, 202389 Mozgov, 202681 Irving, 203521 Dellavedova, 2210 Jefferson","101112,202389,202681,203521,2210","Frye, Mozgov, Irving, Dellavedova, Jefferson",0,0,4,5,5,104.0
21501191,20160409,2,4,CLE,CHI,"101112 Frye, 202681 Irving, 202684 Thompson, 203521 Dellavedova, 2210 Jefferson","101112,202681,202684,203521,2210","Frye, Irving, Thompson, Dellavedova, Jefferson",0,8,2,4,3,87.0
21501191,20160409,2,5,CLE,CHI,"101112 Frye, 202681 Irving, 202684 Thompson, 203521 Dellavedova, 2544 James","101112,202681,202684,203521,2544","Frye, Irving, Thompson, Dellavedova, James",0,4,2,3,3,61.0
21501191,20160409,2,6,CLE,CHI,"201567 Love, 202681 Irving, 202684 Thompson, 203521 Dellavedova, 2544 James","201567,202681,202684,203521,2544","Love, Irving, Thompson, Dellavedova, James",0,0,3,1,1,36.0
21501191,20160409,2,7,CLE,CHI,"201567 Love, 202681 Irving, 202684 Thompson, 2544 James, 2747 Smith","201567,202681,202684,2544,2747","Love, Irving, Thompson, James, Smith",0,3,5,6,5,144.0
21501191,20160409,2,8,CLE,CHI,"201567 Love, 202684 Thompson, 203521 Dellavedova, 2544 James, 2747 Smith","201567,202684,203521,2544,2747","Love, Thompson, Dellavedova, James, Smith",0,4,2,6,4,124.8
21501191,20160409,2,9,CLE,CHI,"201567 Love, 202684 Thompson, 203521 Dellavedova, 2544 James, 2747 Smith","201567,202684,203521,2544,2747","Love, Thompson, Dellavedova, James, Smith",0,2,0,1,1,13.2
21501191,20160409,2,10,CLE,CHI,"202684 Thompson, 203521 Dellavedova, 2210 Jefferson, 2544 James, 2747 Smith","202684,203521,2210,2544,2747","Thompson, Dellavedova, Jefferson, James, Smith",0,0,3,0,2,24.0
21501191,20160409,3,1,CLE,CHI,"202684 Thompson, 203521 Dellavedova, 2210 Jefferson, 2544 James, 2747 Smith","202684,203521,2210,2544,2747","Thompson, Dellavedova, Jefferson, James, Smith",0,0,0,0,1,13.0
21501191,20160409,3,2,CLE,CHI,"201567 Love, 202681 Irving, 202684 Thompson, 2544 James, 2747 Smith","201567,202681,202684,2544,2747","Love, Irving, Thompson, James, Smith",0,13,5,8,8,244.0
21501191,20160409,3,3,CLE,CHI,"201567 Love, 202681 Irving, 202684 Thompson, 2544 James, 2747 Smith","201567,202681,202684,2544,2747","Love, Irving, Thompson, James, Smith",0,6,9,8,10,240.0
21501191,20160409,3,4,CLE,CHI,"201567 Love, 202684 Thompson, 203521 Dellavedova, 2544 James, 2747 Smith","201567,202684,203521,2544,2747","Love, Thompson, Dellavedova, James, Smith",0,3,3,2,2,57.0
21501191,20160409,3,5,CLE,CHI,"101112 Frye, 202684 Thompson, 203521 Dellavedova, 2544 James, 2747 Smith","101112,202684,203521,2544,2747","Frye, Thompson, Dellavedova, James, Smith",0,0,7,3,3,85.0
21501191,20160409,3,6,CLE,CHI,"101112 Frye, 202389 Mozgov, 203521 Dellavedova, 2544 James, 2747 Smith","101112,202389,203521,2544,2747","Frye, Mozgov, Dellavedova, James, Smith",0,6,3,3,2,81.0
21501191,20160409,4,1,CLE,CHI,"101112 Frye, 202389 Mozgov, 203521 Dellavedova, 2544 James, 2747 Smith","101112,202389,203521,2544,2747","Frye, Mozgov, Dellavedova, James, Smith",0,0,0,1,0,15.0
21501191,20160409,4,2,CLE,CHI,"101112 Frye, 202389 Mozgov, 202681 Irving, 203521 Dellavedova, 2210 Jefferson","101112,202389,202681,203521,2210","Frye, Mozgov, Irving, Dellavedova, Jefferson",0,2,9,5,5,156.0
21501191,20160409,4,3,CLE,CHI,"101112 Frye, 202389 Mozgov, 202681 Irving, 203521 Dellavedova, 2210 Jefferson","101112,202389,202681,203521,2210","Frye, Mozgov, Irving, Dellavedova, Jefferson",0,0,1,0,1,14.0
21501191,20160409,4,4,CLE,CHI,"201567 Love, 202681 Irving, 202684 Thompson, 203521 Dellavedova, 2210 Jefferson","201567,202681,202684,203521,2210","Love, Irving, Thompson, Dellavedova, Jefferson",0,0,2,2,3,65.0
21501191,20160409,4,5,CLE,CHI,"201567 Love, 202681 Irving, 202684 Thompson, 2544 James, 2747 Smith","201567,202681,202684,2544,2747","Love, Irving, Thompson, James, Smith",0,0,4,2,3,86.0
21501191,20160409,4,6,CLE,CHI,"201567 Love, 202681 Irving, 202684 Thompson, 2544 James, 2747 Smith","201567,202681,202684,2544,2747","Love, Irving, Thompson, James, Smith",0,0,0,1,0,5.0
21501191,20160409,4,7,CLE,CHI,"201567 Love, 202681 Irving, 203521 Dellavedova, 2544 James, 2747 Smith","201567,202681,203521,2544,2747","Love, Irving, Dellavedova, James, Smith",0,9,4,8,8,262.0
21501191,20160409,4,8,CLE,CHI,"201567 Love, 202681 Irving, 203521 Dellavedova, 2544 James, 2747 Smith","201567,202681,203521,2544,2747","Love, Irving, Dellavedova, James, Smith",0,9,5,5,5,108.3
21501191,20160409,4,9,CLE,CHI,"201567 Love, 202684 Thompson, 203521 Dellavedova, 2544 James, 2747 Smith","201567,202684,203521,2544,2747","Love, Thompson, Dellavedova, James, Smith",0,0,0,1,1,6.2
21501191,20160409,4,10,CLE,CHI,"202681 Irving, 202684 Thompson, 203521 Dellavedova, 2544 James, 2747 Smith","202681,202684,203521,2544,2747","Irving, Thompson, Dellavedova, James, Smith",0,0,1,0,1,0.9
21501191,20160409,4,11,CLE,CHI,"201567 Love, 202681 Irving, 203521 Dellavedova, 2544 James, 2747 Smith","201567,202681,203521,2544,2747","Love, Irving, Dellavedova, James, Smith",0,0,0,0,0,1.6
21501203,20160411,1,1,CLE,ATL,"201567 Love, 202681 Irving, 202684 Thompson, 2544 James, 2747 Smith","201567,202681,202684,2544,2747","Love, Irving, Thompson, James, Smith",0,10,16,16,17,412.0
21501203,20160411,1,2,CLE,ATL,"201567 Love, 202681 Irving, 202684 Thompson, 2544 James, 2747 Smith","201567,202681,202684,2544,2747","Love, Irving, Thompson, James, Smith",0,0,2,1,1,35.0
21501203,20160411,1,3,CLE,ATL,"201567 Love, 202681 Irving, 202684 Thompson, 2544 James, 2747 Smith","201567,202681,202684,2544,2747","Love, Irving, Thompson, James, Smith",0,4,5,4,5,100.0
21501203,20160411,1,4,CLE,ATL,"202681 Irving, 202684 Thompson, 203521 Dellavedova, 2544 James, 2747 Smith","202681,202684,203521,2544,2747","Irving, Thompson, Dellavedova, James, Smith",0,2,1,3,3,64.0
21501203,20160411,1,5,CLE,ATL,"202681 Irving, 202684 Thompson, 203521 Dellavedova, 2210 Jefferson, 2747 Smith","202681,202684,203521,2210,2747","Irving, Thompson, Dellavedova, Jefferson, Smith",0,6,2,5,4,109.0
21501203,20160411,2,1,CLE,ATL,"202681 Irving, 202684 Thompson, 203521 Dellavedova, 2210 Jefferson, 2747 Smith","202681,202684,203521,2210,2747","Irving, Thompson, Dellavedova, Jefferson, Smith",0,0,0,1,0,26.0
21501203,20160411,2,2,CLE,ATL,"101112 Frye, 203521 Dellavedova, 203895 McRae, 2210 Jefferson, 2544 James","101112,203521,203895,2210,2544","Frye, Dellavedova, McRae, Jefferson, James",0,15,12,13,13,378.0
21501203,20160411,2,3,CLE,ATL,"201567 Love, 202681 Irving, 2210 Jefferson, 2544 James, 2747 Smith","201567,202681,2210,2544,2747","Love, Irving, Jefferson, James, Smith",0,0,0,1,1,19.0
21501203,20160411,2,4,CLE,ATL,"201567 Love, 202681 Irving, 202684 Thompson, 2544 James, 2747 Smith","201567,202681,202684,2544,2747","Love, Irving, Thompson, James, Smith",0,6,3,4,4,113.0
21501203,20160411,2,5,CLE,ATL,"201567 Love, 202681 Irving, 202684 Thompson, 2544 James, 2747 Smith","201567,202681,202684,2544,2747","Love, Irving, Thompson, James, Smith",0,2,0,3,3,92.0
21501203,20160411,2,6,CLE,ATL,"201567 Love, 202681 Irving, 202684 Thompson, 2544 James, 2747 Smith","201567,202681,202684,2544,2747","Love, Irving, Thompson, James, Smith",0,4,2,4,5,88.3
21501203,20160411,2,7,CLE,ATL,"201567 Love, 202681 Irving, 203521 Dellavedova, 2544 James, 2747 Smith","201567,202681,203521,2544,2747","Love, Irving, Dellavedova, James, Smith",0,0,0,1,1,3.7
21501203,20160411,3,1,CLE,ATL,"201567 Love, 202681 Irving, 203521 Dellavedova, 2544 James, 2747 Smith","201567,202681,203521,2544,2747","Love, Irving, Dellavedova, James, Smith",0,0,0,1,0,18.0
21501203,20160411,3,2,CLE,ATL,"201567 Love, 202681 Irving, 202684 Thompson, 2544 James, 2747 Smith","201567,202681,202684,2544,2747","Love, Irving, Thompson, James, Smith",0,17,19,14,14,328.0
21501203,20160411,3,3,CLE,ATL,"201567 Love, 202681 Irving, 202684 Thompson, 2544 James, 2747 Smith","201567,202681,202684,2544,2747","Love, Irving, Thompson, James, Smith",0,5,2,4,4,66.0
21501203,20160411,3,4,CLE,ATL,"201567 Love, 202681 Irving, 203521 Dellavedova, 2544 James, 2747 Smith","201567,202681,203521,2544,2747","Love, Irving, Dellavedova, James, Smith",0,5,2,2,4,70.0
21501203,20160411,3,5,CLE,ATL,"201567 Love, 202681 Irving, 203521 Dellavedova, 2544 James, 2747 Smith","201567,202681,203521,2544,2747","Love, Irving, Dellavedova, James, Smith",0,5,2,3,3,76.0
21501203,20160411,3,6,CLE,ATL,"201567 Love, 203521 Dellavedova, 2210 Jefferson, 2544 James, 2747 Smith","201567,203521,2210,2544,2747","Love, Dellavedova, Jefferson, James, Smith",0,2,1,2,2,49.0
21501203,20160411,3,7,CLE,ATL,"202684 Thompson, 203521 Dellavedova, 2210 Jefferson, 2544 James, 2747 Smith","202684,203521,2210,2544,2747","Thompson, Dellavedova, Jefferson, James, Smith",0,3,0,2,1,7.0
21501203,20160411,3,8,CLE,ATL,"101112 Frye, 202681 Irving, 202684 Thompson, 203521 Dellavedova, 2210 Jefferson","101112,202681,202684,203521,2210","Frye, Irving, Thompson, Dellavedova, Jefferson",0,2,4,3,4,106.0
21501203,20160411,4,1,CLE,ATL,"101112 Frye, 202681 Irving, 202684 Thompson, 203521 Dellavedova, 2210 Jefferson","101112,202681,202684,203521,2210","Frye, Irving, Thompson, Dellavedova, Jefferson",0,0,0,0,1,19.0
21501203,20160411,4,2,CLE,ATL,"101112 Frye, 202681 Irving, 202684 Thompson, 203521 Dellavedova, 2210 Jefferson","101112,202681,202684,203521,2210","Frye, Irving, Thompson, Dellavedova, Jefferson",0,8,6,7,8,173.0
21501203,20160411,4,3,CLE,ATL,"101112 Frye, 202681 Irving, 202684 Thompson, 203521 Dellavedova, 2210 Jefferson","101112,202681,202684,203521,2210","Frye, Irving, Thompson, Dellavedova, Jefferson",0,2,4,4,4,106.0
21501203,20160411,4,4,CLE,ATL,"101112 Frye, 202681 Irving, 202684 Thompson, 203521 Dellavedova, 2210 Jefferson","101112,202681,202684,203521,2210","Frye, Irving, Thompson, Dellavedova, Jefferson",0,2,0,2,1,45.0
21501203,20160411,4,5,CLE,ATL,"101112 Frye, 202681 Irving, 202684 Thompson, 203521 Dellavedova, 2210 Jefferson","101112,202681,202684,203521,2210","Frye, Irving, Thompson, Dellavedova, Jefferson",0,0,2,3,2,72.0
21501203,20160411,4,6,CLE,ATL,"201567 Love, 202681 Irving, 202684 Thompson, 203521 Dellavedova, 2210 Jefferson","201567,202681,202684,203521,2210","Love, Irving, Thompson, Dellavedova, Jefferson",0,0,0,1,0,5.0
21501203,20160411,4,7,CLE,ATL,"201567 Love, 202681 Irving, 202684 Thompson, 2210 Jefferson, 2747 Smith","201567,202681,202684,2210,2747","Love, Irving, Thompson, Jefferson, Smith",0,5,7,9,8,300.0
21501220,20160413,1,1,CLE,DET,"101112 Frye, 202684 Thompson, 203521 Dellavedova, 203895 McRae, 2210 Jefferson","101112,202684,203521,203895,2210","Frye, Thompson, Dellavedova, McRae, Jefferson",0,0,0,0,1,4.0
21501220,20160413,1,2,CLE,DET,"101112 Frye, 202389 Mozgov, 203521 Dellavedova, 203895 McRae, 2210 Jefferson","101112,202389,203521,203895,2210","Frye, Mozgov, Dellavedova, McRae, Jefferson",0,16,13,14,13,365.0
21501220,20160413,1,3,CLE,DET,"101112 Frye, 202389 Mozgov, 203895 McRae, 2210 Jefferson, 2563 Jones","101112,202389,203895,2210,2563","Frye, Mozgov, McRae, Jefferson, Jones",0,4,7,5,4,130.0
21501220,20160413,1,4,CLE,DET,"201619 Kaun, 203895 McRae, 2210 Jefferson, 2563 Jones, 2592 Jones","201619,203895,2210,2563,2592","Kaun, McRae, Jefferson, Jones, Jones",0,2,2,3,2,75.0
21501220,20160413,1,5,CLE,DET,"201619 Kaun, 203895 McRae, 2210 Jefferson, 2563 Jones, 2592 Jones","201619,203895,2210,2563,2592","Kaun, McRae, Jefferson, Jones, Jones",0,2,7,4,4,112.7
21501220,20160413,1,6,CLE,DET,"101112 Frye, 201619 Kaun, 203895 McRae, 2563 Jones, 2592 Jones","101112,201619,203895,2563,2592","Frye, Kaun, McRae, Jones, Jones",0,0,0,1,1,33.3
21501220,20160413,2,1,CLE,DET,"101112 Frye, 201619 Kaun, 203895 McRae, 2563 Jones, 2592 Jones","101112,201619,203895,2563,2592","Frye, Kaun, McRae, Jones, Jones",0,0,0,1,0,24.0
21501220,20160413,2,2,CLE,DET,"101112 Frye, 201619 Kaun, 203895 McRae, 2563 Jones, 2592 Jones","101112,201619,203895,2563,2592","Frye, Kaun, McRae, Jones, Jones",0,0,0,2,1,14.0
21501220,20160413,2,3,CLE,DET,"101112 Frye, 201619 Kaun, 203895 McRae, 2563 Jones, 2592 Jones","101112,201619,203895,2563,2592","Frye, Kaun, McRae, Jones, Jones",0,6,5,8,5,134.0
21501220,20160413,2,4,CLE,DET,"101112 Frye, 201619 Kaun, 203895 McRae, 2563 Jones, 2592 Jones","101112,201619,203895,2563,2592","Frye, Kaun, McRae, Jones, Jones",0,0,0,0,1,26.0
21501220,20160413,2,5,CLE,DET,"101112 Frye, 201619 Kaun, 2210 Jefferson, 2563 Jones, 2592 Jones","101112,201619,2210,2563,2592","Frye, Kaun, Jefferson, Jones, Jones",0,2,5,3,3,99.0
21501220,20160413,2,6,CLE,DET,"101112 Frye, 202389 Mozgov, 2210 Jefferson, 2563 Jones, 2592 Jones","101112,202389,2210,2563,2592","Frye, Mozgov, Jefferson, Jones, Jones",0,4,8,4,4,115.0
21501220,20160413,2,7,CLE,DET,"101112 Frye, 202389 Mozgov, 203895 McRae, 2210 Jefferson, 2592 Jones","101112,202389,203895,2210,2592","Frye, Mozgov, McRae, Jefferson, Jones",0,0,5,2,2,48.0
21501220,20160413,2,8,CLE,DET,"101112 Frye, 202389 Mozgov, 203895 McRae, 2210 Jefferson, 2592 Jones","101112,202389,203895,2210,2592","Frye, Mozgov, McRae, Jefferson, Jones",0,4,3,4,3,97.0
21501220,20160413,2,9,CLE,DET,"101112 Frye, 202389 Mozgov, 203895 McRae, 2563 Jones, 2592 Jones","101112,202389,203895,2563,2592","Frye, Mozgov, McRae, Jones, Jones",0,4,3,6,5,163.0
21501220,20160413,3,1,CLE,DET,"101112 Frye, 202389 Mozgov, 203895 McRae, 2563 Jones, 2592 Jones","101112,202389,203895,2563,2592","Frye, Mozgov, McRae, Jones, Jones",0,0,0,1,0,17.0
21501220,20160413,3,2,CLE,DET,"101112 Frye, 202389 Mozgov, 203895 McRae, 2210 Jefferson, 2563 Jones","101112,202389,203895,2210,2563","Frye, Mozgov, McRae, Jefferson, Jones",0,18,13,12,11,356.0
21501220,20160413,3,3,CLE,DET,"101112 Frye, 202389 Mozgov, 203895 McRae, 2210 Jefferson, 2563 Jones","101112,202389,203895,2210,2563","Frye, Mozgov, McRae, Jefferson, Jones",0,3,7,6,5,163.0
21501220,20160413,3,4,CLE,DET,"202389 Mozgov, 203895 McRae, 2210 Jefferson, 2563 Jones, 2592 Jones","202389,203895,2210,2563,2592","Mozgov, McRae, Jefferson, Jones, Jones",0,0,2,0,1,6.0
21501220,20160413,3,5,CLE,DET,"201619 Kaun, 203895 McRae, 2210 Jefferson, 2563 Jones, 2592 Jones","201619,203895,2210,2563,2592","Kaun, McRae, Jefferson, Jones, Jones",0,4,2,4,4,125.0
21501220,20160413,3,6,CLE,DET,"101112 Frye, 201619 Kaun, 203895 McRae, 2563 Jones, 2592 Jones","101112,201619,203895,2563,2592","Frye, Kaun, McRae, Jones, Jones",0,2,0,2,1,53.0
21501220,20160413,4,1,CLE,DET,"101112 Frye, 201619 Kaun, 203895 McRae, 2563 Jones, 2592 Jones","101112,201619,203895,2563,2592","Frye, Kaun, McRae, Jones, Jones",0,0,0,0,1,20.0
21501220,20160413,4,2,CLE,DET,"101112 Frye, 201619 Kaun, 203895 McRae, 2563 Jones, 2592 Jones","101112,201619,203895,2563,2592","Frye, Kaun, McRae, Jones, Jones",0,3,2,2,3,46.0
21501220,20160413,4,3,CLE,DET,"101112 Frye, 201619 Kaun, 203895 McRae, 2563 Jones, 2592 Jones","101112,201619,203895,2563,2592","Frye, Kaun, McRae, Jones, Jones",0,8,9,8,7,221.0
21501220,20160413,4,4,CLE,DET,"201619 Kaun, 202389 Mozgov, 2210 Jefferson, 2563 Jones, 2592 Jones","201619,202389,2210,2563,2592","Kaun, Mozgov, Jefferson, Jones, Jones",0,2,0,3,3,79.0
21501220,20160413,4,5,CLE,DET,"201619 Kaun, 202389 Mozgov, 2210 Jefferson, 2563 Jones, 2592 Jones","201619,202389,2210,2563,2592","Kaun, Mozgov, Jefferson, Jones, Jones",0,3,3,1,2,61.0
21501220,20160413,4,6,CLE,DET,"201619 Kaun, 202389 Mozgov, 203895 McRae, 2563 Jones, 2592 Jones","201619,202389,203895,2563,2592","Kaun, Mozgov, McRae, Jones, Jones",0,2,3,3,3,93.0
21501220,20160413,4,7,CLE,DET,"201619 Kaun, 202389 Mozgov, 203895 McRae, 2563 Jones, 2592 Jones","201619,202389,203895,2563,2592","Kaun, Mozgov, McRae, Jones, Jones",0,10,2,6,6,159.5
21501220,20160413,4,8,CLE,DET,"201619 Kaun, 202389 Mozgov, 203895 McRae, 2563 Jones, 2592 Jones","201619,202389,203895,2563,2592","Kaun, Mozgov, McRae, Jones, Jones",0,0,1,0,1,4.8
21501220,20160413,4,9,CLE,DET,"201619 Kaun, 202389 Mozgov, 203895 McRae, 2563 Jones, 2592 Jones","201619,202389,203895,2563,2592","Kaun, Mozgov, McRae, Jones, Jones",0,0,0,1,1,0.3
21501220,20160413,4,10,CLE,DET,"101112 Frye, 202389 Mozgov, 203895 McRae, 2563 Jones, 2592 Jones","101112,202389,203895,2563,2592","Frye, Mozgov, McRae, Jones, Jones",0,3,1,3,1,35.4
21501220,20160413,5,1,CLE,DET,"101112 Frye, 202389 Mozgov, 203895 McRae, 2563 Jones, 2592 Jones","101112,202389,203895,2563,2592","Frye, Mozgov, McRae, Jones, Jones",0,4,5,3,4,175.0
21501220,20160413,5,2,CLE,DET,"101112 Frye, 202389 Mozgov, 203895 McRae, 2563 Jones, 2592 Jones","101112,202389,203895,2563,2592","Frye, Mozgov, McRae, Jones, Jones",0,0,1,0,1,18.0
21501220,20160413,5,3,CLE,DET,"101112 Frye, 202389 Mozgov, 203895 McRae, 2210 Jefferson, 2592 Jones","101112,202389,203895,2210,2592","Frye, Mozgov, McRae, Jefferson, Jones",0,0,2,2,1,14.0
21501220,20160413,5,4,CLE,DET,"101112 Frye, 202389 Mozgov, 203895 McRae, 2210 Jefferson, 2592 Jones","101112,202389,203895,2210,2592","Frye, Mozgov, McRae, Jefferson, Jones",0,3,1,3,2,92.1
21501220,20160413,5,5,CLE,DET,"101112 Frye, 202389 Mozgov, 203895 McRae, 2210 Jefferson, 2592 Jones","101112,202389,203895,2210,2592","Frye, Mozgov, McRae, Jefferson, Jones",0,0,0,0,0,0.9
