period,clock,clock_display,game_clock,minutes_left_in_game,actionNumber,actionType,description,qualifier,playerName,scoreHome,scoreAway,shotResult,isFieldGoal,assisted,person_id,assister_id,previous_action,next_action,foulDrawnPersonId,stealPersonId,blockPersonId,players_on,off_players_on,def_players_on,xLegacy,yLegacy,teamId,game_id,poc_ok
1,PT12M00.00S,12:00,Q1 12:00,48.0,0,period,Start of 1st Period (7:41 PM EST),[],,0,0,,False,False,0.0,,,2pt missed,,,,201196|201943|202328|202399|202688|202713|203083|203114|2585|2746,201943|202328|202713|203083|2746,201196|202399|202688|203114|2585,,,1610612765.0,21301104,True
1,PT11M39.00S,11:39,Q1 11:39,47.65,3,2pt,MISS Monroe 19' Jump Shot,[],Monroe,0,0,Missed,True,False,202328.0,,period,rebound,,,,201196|201943|202328|202399|202688|202713|203083|203114|2585|2746,201943|202328|202713|203083|2746,201196|202399|202688|203114|2585,-128.0,142.0,1610612765.0,21301104,True
1,PT11M38.00S,11:38,Q1 11:38,47.63333333333333,4,rebound,Knight REBOUND (Off:0 Def:1),[],Knight,0,0,,False,False,202688.0,,2pt missed,3pt made,,,,201196|201943|202328|202399|202688|202713|203083|203114|2585|2746,201196|202399|202688|203114|2585,201943|202328|202713|203083|2746,,,1610612749.0,21301104,True
1,PT11M17.00S,11:17,Q1 11:17,47.28333333333333,5,3pt,Middleton 27' 3PT Jump Shot (3 PTS) (Pachulia 1 AST),[],Middleton,0,3,Made,True,True,203114.0,2585.0,rebound,2pt missed,,,,201196|201943|202328|202399|202688|202713|203083|203114|2585|2746,201196|202399|202688|203114|2585,201943|202328|202713|203083|2746,-188.0,198.0,1610612749.0,21301104,True
1,PT10M58.00S,10:58,Q1 10:58,46.96666666666667,6,2pt,MISS Singler 1' Layup,['pointsinthepaint'],Singler,0,0,Missed,True,False,202713.0,,3pt made,block,,,,201196|201943|202328|202399|202688|202713|203083|203114|2585|2746,201943|202328|202713|203083|2746,201196|202399|202688|203114|2585,-13.0,7.0,1610612765.0,21301104,True
1,PT10M58.00S,10:58,Q1 10:58,46.96666666666667,6,block,Pachulia BLOCK (1 BLK),[],Pachulia,0,0,,False,False,2585.0,,2pt missed,rebound,,,2585.0,201196|201943|202328|202399|202688|202713|203083|203114|2585|2746,201196|202399|202688|203114|2585,201943|202328|202713|203083|2746,,,1610612749.0,21301104,True
1,PT10M56.00S,10:56,Q1 10:56,46.93333333333334,7,rebound,Pachulia REBOUND (Off:0 Def:1),[],Pachulia,0,0,,False,False,2585.0,,block,2pt made,,,,201196|201943|202328|202399|202688|202713|203083|203114|2585|2746,201196|202399|202688|203114|2585,201943|202328|202713|203083|2746,,,1610612749.0,21301104,True
1,PT10M53.00S,10:53,Q1 10:53,46.88333333333333,8,2pt,Adrien 1' Dunk (2 PTS) (Sessions 1 AST),['pointsinthepaint'],Adrien,0,5,Made,True,True,202399.0,201196.0,rebound,2pt made,,,,201196|201943|202328|202399|202688|202713|203083|203114|2585|2746,201196|202399|202688|203114|2585,201943|202328|202713|203083|2746,6.0,0.0,1610612749.0,21301104,True
1,PT10M36.00S,10:36,Q1 10:36,46.6,9,2pt,Singler  Layup (2 PTS) (Jennings 1 AST),['pointsinthepaint'],Singler,2,5,Made,True,True,202713.0,201943.0,2pt made,3pt missed,,,,201196|201943|202328|202399|202688|202713|203083|203114|2585|2746,201943|202328|202713|203083|2746,201196|202399|202688|203114|2585,1.0,0.0,1610612765.0,21301104,True
1,PT10M16.00S,10:16,Q1 10:16,46.266666666666666,10,3pt,MISS Knight 25' 3PT Jump Shot,[],Knight,0,0,Missed,True,False,202688.0,,2pt made,rebound,,,,201196|201943|202328|202399|202688|202713|203083|203114|2585|2746,201196|202399|202688|203114|2585,201943|202328|202713|203083|2746,-223.0,115.0,1610612749.0,21301104,True
1,PT10M14.00S,10:14,Q1 10:14,46.233333333333334,11,rebound,Monroe REBOUND (Off:0 Def:1),[],Monroe,0,0,,False,False,202328.0,,3pt missed,2pt missed,,,,201196|201943|202328|202399|202688|202713|203083|203114|2585|2746,201943|202328|202713|203083|2746,201196|202399|202688|203114|2585,,,1610612765.0,21301104,True
1,PT10M00.00S,10:00,Q1 10:00,46.0,12,2pt,MISS Smith 22' Jump Shot,[],Smith,0,0,Missed,True,False,2746.0,,rebound,rebound,,,,201196|201943|202328|202399|202688|202713|203083|203114|2585|2746,201943|202328|202713|203083|2746,201196|202399|202688|203114|2585,43.0,213.0,1610612765.0,21301104,True
1,PT09M58.00S,09:58,Q1 09:58,45.96666666666667,13,rebound,Singler REBOUND (Off:1 Def:0),[],Singler,0,0,,False,False,202713.0,,2pt missed,turnover,,,,201196|201943|202328|202399|202688|202713|203083|203114|2585|2746,201943|202328|202713|203083|2746,201196|202399|202688|203114|2585,,,1610612765.0,21301104,True
1,PT09M55.00S,09:55,Q1 09:55,45.916666666666664,15,turnover,Smith Bad Pass Turnover (P1.T1),[],Smith,0,0,,False,False,2746.0,,rebound,steal,,,,201196|201943|202328|202399|202688|202713|203083|203114|2585|2746,201943|202328|202713|203083|2746,201196|202399|202688|203114|2585,,,1610612765.0,21301104,True
1,PT09M55.00S,09:55,Q1 09:55,45.916666666666664,15,steal,Middleton STEAL (1 STL),[],Middleton,0,0,,False,False,203114.0,,turnover,foul,,203114.0,,201196|201943|202328|202399|202688|202713|203083|203114|2585|2746,201196|202399|202688|203114|2585,201943|202328|202713|203083|2746,,,1610612749.0,21301104,True
1,PT09M51.00S,09:51,Q1 09:51,45.85,16,foul,Singler S.FOUL (P1.T1),[],Singler,0,0,,False,False,202713.0,,steal,freethrow,202399.0,,,201196|201943|202328|202399|202688|202713|203083|203114|2585|2746,201943|202328|202713|203083|2746,201196|202399|202688|203114|2585,,,1610612765.0,21301104,True
1,PT09M51.00S,09:51,Q1 09:51,45.85,17,freethrow,Adrien Free Throw 1 of 2 (3 PTS),[],Adrien,2,6,Made,False,False,202399.0,,foul,freethrow,,,,201196|201943|202328|202399|202688|202713|203083|203114|2585|2746,201196|202399|202688|203114|2585,201943|202328|202713|203083|2746,,,1610612749.0,21301104,True
1,PT09M51.00S,09:51,Q1 09:51,45.85,19,freethrow,Adrien Free Throw 2 of 2 (4 PTS),[],Adrien,2,7,Made,False,False,202399.0,,freethrow,foul,,,,201196|201943|202328|202399|202688|202713|203083|203114|2585|2746,201196|202399|202688|203114|2585,201943|202328|202713|203083|2746,,,1610612749.0,21301104,True
1,PT09M37.00S,09:37,Q1 09:37,45.61666666666667,21,foul,Middleton S.FOUL (P1.T1),[],Middleton,0,0,,False,False,203114.0,,freethrow,freethrow,2746.0,,,201196|201943|202328|202399|202688|202713|203083|203114|2585|2746,201196|202399|202688|203114|2585,201943|202328|202713|203083|2746,,,1610612749.0,21301104,True
1,PT09M37.00S,09:37,Q1 09:37,45.61666666666667,22,freethrow,MISS Smith Free Throw 1 of 2,[],Smith,0,0,Missed,False,False,2746.0,,foul,rebound,,,,201196|201943|202328|202399|202688|202713|203083|203114|2585|2746,201943|202328|202713|203083|2746,201196|202399|202688|203114|2585,,,1610612765.0,21301104,True
1,PT09M37.00S,09:37,Q1 09:37,45.61666666666667,23,rebound,TEAM offensive REBOUND,['team'],,0,0,,False,False,0.0,,freethrow,freethrow,,,,201196|201943|202328|202399|202688|202713|203083|203114|2585|2746,201943|202328|202713|203083|2746,201196|202399|202688|203114|2585,,,1610612765.0,21301104,True
1,PT09M37.00S,09:37,Q1 09:37,45.61666666666667,24,freethrow,Smith Free Throw 2 of 2 (1 PTS),['2ndchance'],Smith,3,7,Made,False,False,2746.0,,rebound,3pt missed,,,,201196|201943|202328|202399|202688|202713|203083|203114|2585|2746,201943|202328|202713|203083|2746,201196|202399|202688|203114|2585,,,1610612765.0,21301104,True
1,PT09M17.00S,09:17,Q1 09:17,45.28333333333333,26,3pt,MISS Middleton 26' 3PT Jump Shot,[],Middleton,0,0,Missed,True,False,203114.0,,freethrow,rebound,,,,201196|201943|202328|202399|202688|202713|203083|203114|2585|2746,201196|202399|202688|203114|2585,201943|202328|202713|203083|2746,103.0,241.0,1610612749.0,21301104,True
1,PT09M16.00S,09:16,Q1 09:16,45.266666666666666,27,rebound,Pachulia REBOUND (Off:1 Def:1),[],Pachulia,0,0,,False,False,2585.0,,3pt missed,foul,,,,201196|201943|202328|202399|202688|202713|203083|203114|2585|2746,201196|202399|202688|203114|2585,201943|202328|202713|203083|2746,,,1610612749.0,21301104,True
1,PT09M09.00S,09:09,Q1 09:09,45.15,28,foul,Drummond P.FOUL (P1.T2),[],Drummond,0,0,,False,False,203083.0,,rebound,turnover,203114.0,,,201196|201943|202328|202399|202688|202713|203083|203114|2585|2746,201943|202328|202713|203083|2746,201196|202399|202688|203114|2585,,,1610612765.0,21301104,True
1,PT09M06.00S,09:06,Q1 09:06,45.1,29,turnover,Middleton Bad Pass Turnover (P1.T1),[],Middleton,0,0,,False,False,203114.0,,foul,steal,,,,201196|201943|202328|202399|202688|202713|203083|203114|2585|2746,201196|202399|202688|203114|2585,201943|202328|202713|203083|2746,,,1610612749.0,21301104,True
1,PT09M06.00S,09:06,Q1 09:06,45.1,29,steal,Drummond STEAL (1 STL),[],Drummond,0,0,,False,False,203083.0,,turnover,2pt made,,203083.0,,201196|201943|202328|202399|202688|202713|203083|203114|2585|2746,201943|202328|202713|203083|2746,201196|202399|202688|203114|2585,,,1610612765.0,21301104,True
1,PT09M02.00S,09:02,Q1 09:02,45.03333333333333,30,2pt,Drummond  Layup (2 PTS),['pointsinthepaint'],Drummond,5,7,Made,True,False,203083.0,,steal,foul,,,,201196|201943|202328|202399|202688|202713|203083|203114|2585|2746,201943|202328|202713|203083|2746,201196|202399|202688|203114|2585,2.0,-3.0,1610612765.0,21301104,True
1,PT08M50.00S,08:50,Q1 08:50,44.833333333333336,31,foul,Monroe P.FOUL (P1.T3),[],Monroe,0,0,,False,False,202328.0,,2pt made,3pt made,201196.0,,,201196|201943|202328|202399|202688|202713|203083|203114|2585|2746,201943|202328|202713|203083|2746,201196|202399|202688|203114|2585,,,1610612765.0,21301104,True
1,PT08M35.00S,08:35,Q1 08:35,44.583333333333336,32,3pt,Sessions 26' 3PT Jump Shot (3 PTS) (Knight 1 AST),[],Sessions,5,10,Made,True,True,201196.0,202688.0,foul,foul,,,,201196|201943|202328|202399|202688|202713|203083|203114|2585|2746,201196|202399|202688|203114|2585,201943|202328|202713|203083|2746,-57.0,255.0,1610612749.0,21301104,True
1,PT08M19.00S,08:19,Q1 08:19,44.31666666666666,33,foul,Knight P.FOUL (P1.T2),[],Knight,0,0,,False,False,202688.0,,3pt made,2pt missed,201943.0,,,201196|201943|202328|202399|202688|202713|203083|203114|2585|2746,201196|202399|202688|203114|2585,201943|202328|202713|203083|2746,,,1610612749.0,21301104,True
1,PT08M12.00S,08:12,Q1 08:12,44.2,34,2pt,MISS Jennings 20' Jump Shot,[],Jennings,0,0,Missed,True,False,201943.0,,foul,rebound,,,,201196|201943|202328|202399|202688|202713|203083|203114|2585|2746,201943|202328|202713|203083|2746,201196|202399|202688|203114|2585,-103.0,176.0,1610612765.0,21301104,True
1,PT08M10.00S,08:10,Q1 08:10,44.166666666666664,35,rebound,Singler REBOUND (Off:2 Def:0),[],Singler,0,0,,False,False,202713.0,,2pt missed,2pt missed,,,,201196|201943|202328|202399|202688|202713|203083|203114|2585|2746,201943|202328|202713|203083|2746,201196|202399|202688|203114|2585,,,1610612765.0,21301104,True
1,PT08M08.00S,08:08,Q1 08:08,44.13333333333333,36,2pt,MISS Singler 6' Jump Shot,['pointsinthepaint'],Singler,0,0,Missed,True,False,202713.0,,rebound,rebound,,,,201196|201943|202328|202399|202688|202713|203083|203114|2585|2746,201943|202328|202713|203083|2746,201196|202399|202688|203114|2585,13.0,60.0,1610612765.0,21301104,True
1,PT08M07.00S,08:07,Q1 08:07,44.11666666666667,37,rebound,Pachulia REBOUND (Off:1 Def:2),[],Pachulia,0,0,,False,False,2585.0,,2pt missed,2pt missed,,,,201196|201943|202328|202399|202688|202713|203083|203114|2585|2746,201196|202399|202688|203114|2585,201943|202328|202713|203083|2746,,,1610612749.0,21301104,True
1,PT08M01.00S,08:01,Q1 08:01,44.016666666666666,38,2pt,MISS Knight 1' Driving Layup,['pointsinthepaint'],Knight,0,0,Missed,True,False,202688.0,,rebound,rebound,,,,201196|201943|202328|202399|202688|202713|203083|203114|2585|2746,201196|202399|202688|203114|2585,201943|202328|202713|203083|2746,2.0,7.0,1610612749.0,21301104,True
1,PT07M59.00S,07:59,Q1 07:59,43.983333333333334,39,rebound,Monroe REBOUND (Off:0 Def:2),[],Monroe,0,0,,False,False,202328.0,,2pt missed,2pt made,,,,201196|201943|202328|202399|202688|202713|203083|203114|2585|2746,201943|202328|202713|203083|2746,201196|202399|202688|203114|2585,,,1610612765.0,21301104,True
1,PT07M53.00S,07:53,Q1 07:53,43.88333333333333,40,2pt,Drummond 1' Finger Roll Layup (4 PTS) (Jennings 2 AST),['pointsinthepaint'],Drummond,7,10,Made,True,True,203083.0,201943.0,rebound,2pt missed,,,,201196|201943|202328|202399|202688|202713|203083|203114|2585|2746,201943|202328|202713|203083|2746,201196|202399|202688|203114|2585,-5.0,9.0,1610612765.0,21301104,True
1,PT07M39.00S,07:39,Q1 07:39,43.65,41,2pt,MISS Pachulia 16' Jump Shot,[],Pachulia,0,0,Missed,True,False,2585.0,,2pt made,rebound,,,,201196|201943|202328|202399|202688|202713|203083|203114|2585|2746,201196|202399|202688|203114|2585,201943|202328|202713|203083|2746,-10.0,157.0,1610612749.0,21301104,True
1,PT07M38.00S,07:38,Q1 07:38,43.63333333333333,42,rebound,Jennings REBOUND (Off:0 Def:1),[],Jennings,0,0,,False,False,201943.0,,2pt missed,2pt made,,,,201196|201943|202328|202399|202688|202713|203083|203114|2585|2746,201943|202328|202713|203083|2746,201196|202399|202688|203114|2585,,,1610612765.0,21301104,True
1,PT07M30.00S,07:30,Q1 07:30,43.5,43,2pt,Smith 1' Layup (3 PTS) (Jennings 3 AST),['pointsinthepaint'],Smith,9,10,Made,True,True,2746.0,201943.0,rebound,2pt missed,,,,201196|201943|202328|202399|202688|202713|203083|203114|2585|2746,201943|202328|202713|203083|2746,201196|202399|202688|203114|2585,4.0,3.0,1610612765.0,21301104,True
1,PT07M13.00S,07:13,Q1 07:13,43.21666666666667,44,2pt,MISS Adrien 1' Layup,['pointsinthepaint'],Adrien,0,0,Missed,True,False,202399.0,,2pt made,block,,,,201196|201943|202328|202399|202688|202713|203083|203114|2585|2746,201196|202399|202688|203114|2585,201943|202328|202713|203083|2746,6.0,7.0,1610612749.0,21301104,True
1,PT07M13.00S,07:13,Q1 07:13,43.21666666666667,44,block,Monroe BLOCK (1 BLK),[],Monroe,0,0,,False,False,202328.0,,2pt missed,rebound,,,202328.0,201196|201943|202328|202399|202688|202713|203083|203114|2585|2746,201943|202328|202713|203083|2746,201196|202399|202688|203114|2585,,,1610612765.0,21301104,True
1,PT07M11.00S,07:11,Q1 07:11,43.18333333333334,45,rebound,Drummond REBOUND (Off:0 Def:1),[],Drummond,0,0,,False,False,203083.0,,block,2pt made,,,,201196|201943|202328|202399|202688|202713|203083|203114|2585|2746,201943|202328|202713|203083|2746,201196|202399|202688|203114|2585,,,1610612765.0,21301104,True
1,PT07M03.00S,07:03,Q1 07:03,43.05,46,2pt,Smith 5' Hook Bank Shot (5 PTS),['pointsinthepaint'],Smith,11,10,Made,True,False,2746.0,,rebound,timeout,,,,201196|201943|202328|202399|202688|202713|203083|203114|2585|2746,201943|202328|202713|203083|2746,201196|202399|202688|203114|2585,-51.0,20.0,1610612765.0,21301104,True
1,PT06M56.00S,06:56,Q1 06:56,42.93333333333334,47,timeout,Bucks Timeout: Regular (Reg.1 Short 0),[],,0,0,,False,False,0.0,,2pt made,substitution,,,,201196|201943|202328|202399|202688|202713|203083|203114|2585|2746,201196|202399|202688|203114|2585,201943|202328|202713|203083|2746,,,1610612749.0,21301104,True
1,PT06M56.00S,06:56,Q1 06:56,42.93333333333334,49,substitution,SUB out: K. Middleton,[],Middleton,0,0,,False,False,203114.0,,timeout,substitution,,,,201196|201943|202328|202399|202688|202713|203083|2585|2746,201196|202399|202688|2585,201943|202328|202713|203083|2746,,,1610612749.0,21301104,False
1,PT06M56.00S,06:56,Q1 06:56,42.93333333333334,50,substitution,SUB in: G. Antetokounmpo,[],Antetokounmpo,0,0,,False,False,203507.0,,substitution,2pt missed,,,,201196|201943|202328|202399|202688|202713|203083|203507|2585|2746,201196|202399|202688|203507|2585,201943|202328|202713|203083|2746,,,1610612749.0,21301104,True
1,PT06M43.00S,06:43,Q1 06:43,42.71666666666667,50,2pt,MISS Adrien 1' Layup,['pointsinthepaint'],Adrien,0,0,Missed,True,False,202399.0,,substitution,rebound,,,,201196|201943|202328|202399|202688|202713|203083|203507|2585|2746,201196|202399|202688|203507|2585,201943|202328|202713|203083|2746,-7.0,0.0,1610612749.0,21301104,True
1,PT06M42.00S,06:42,Q1 06:42,42.7,51,rebound,Monroe REBOUND (Off:0 Def:3),[],Monroe,0,0,,False,False,202328.0,,2pt missed,2pt missed,,,,201196|201943|202328|202399|202688|202713|203083|203507|2585|2746,201943|202328|202713|203083|2746,201196|202399|202688|203507|2585,,,1610612765.0,21301104,True
1,PT06M25.00S,06:25,Q1 06:25,42.416666666666664,52,2pt,MISS Monroe 6' Hook Shot,['pointsinthepaint'],Monroe,0,0,Missed,True,False,202328.0,,rebound,rebound,,,,201196|201943|202328|202399|202688|202713|203083|203507|2585|2746,201943|202328|202713|203083|2746,201196|202399|202688|203507|2585,-62.0,9.0,1610612765.0,21301104,True
1,PT06M23.00S,06:23,Q1 06:23,42.38333333333333,53,rebound,Pachulia REBOUND (Off:1 Def:3),[],Pachulia,0,0,,False,False,2585.0,,2pt missed,2pt made,,,,201196|201943|202328|202399|202688|202713|203083|203507|2585|2746,201196|202399|202688|203507|2585,201943|202328|202713|203083|2746,,,1610612749.0,21301104,True
1,PT06M09.00S,06:09,Q1 06:09,42.15,54,2pt,Pachulia 16' Jump Shot (2 PTS) (Sessions 2 AST),[],Pachulia,11,12,Made,True,True,2585.0,201196.0,rebound,3pt made,,,,201196|201943|202328|202399|202688|202713|203083|203507|2585|2746,201196|202399|202688|203507|2585,201943|202328|202713|203083|2746,-157.0,34.0,1610612749.0,21301104,True
1,PT06M00.00S,06:00,Q1 06:00,42.0,55,3pt,Jennings 26' 3PT Jump Shot (3 PTS) (Smith 1 AST),[],Jennings,14,12,Made,True,True,201943.0,2746.0,2pt made,2pt made,,,,201196|201943|202328|202399|202688|202713|203083|203507|2585|2746,201943|202328|202713|203083|2746,201196|202399|202688|203507|2585,-92.0,241.0,1610612765.0,21301104,True
1,PT05M37.00S,05:37,Q1 05:37,41.61666666666667,56,2pt,Pachulia 6' Jump Shot (4 PTS) (Sessions 3 AST),['pointsinthepaint'],Pachulia,14,14,Made,True,True,2585.0,201196.0,3pt made,2pt made,,,,201196|201943|202328|202399|202688|202713|203083|203507|2585|2746,201196|202399|202688|203507|2585,201943|202328|202713|203083|2746,-5.0,58.0,1610612749.0,21301104,True
1,PT05M20.00S,05:20,Q1 05:20,41.333333333333336,57,2pt,Smith 6' Jump Shot (7 PTS) (Jennings 4 AST),['pointsinthepaint'],Smith,16,14,Made,True,True,2746.0,201943.0,2pt made,foul,,,,201196|201943|202328|202399|202688|202713|203083|203507|2585|2746,201943|202328|202713|203083|2746,201196|202399|202688|203507|2585,61.0,12.0,1610612765.0,21301104,True
1,PT05M20.00S,05:20,Q1 05:20,41.333333333333336,58,foul,Pachulia T.FOUL (P0.T2),[],Pachulia,0,0,,False,False,2585.0,,2pt made,freethrow,201943.0,,,201196|201943|202328|202399|202688|202713|203083|203507|2585|2746,201196|202399|202688|203507|2585,201943|202328|202713|203083|2746,,,1610612749.0,21301104,True
1,PT05M20.00S,05:20,Q1 05:20,41.333333333333336,59,freethrow,MISS Jennings Free Throw Technical,[],Jennings,0,0,Missed,False,False,201943.0,,foul,rebound,,,,201196|201943|202328|202399|202688|202713|203083|203507|2585|2746,201943|202328|202713|203083|2746,201196|202399|202688|203507|2585,,,1610612765.0,21301104,True
1,PT05M20.00S,05:20,Q1 05:20,41.333333333333336,60,rebound,TEAM defensive REBOUND,['team'],,0,0,,False,False,0.0,,freethrow,substitution,,,,201196|201943|202328|202399|202688|202713|203083|203507|2585|2746,201196|202399|202688|203507|2585,201943|202328|202713|203083|2746,,,1610612749.0,21301104,True
1,PT05M20.00S,05:20,Q1 05:20,41.333333333333336,61,substitution,SUB out: J. Adrien,[],Adrien,0,0,,False,False,202399.0,,rebound,substitution,,,,201196|201943|202328|202688|202713|203083|203507|2585|2746,201196|202688|203507|2585,201943|202328|202713|203083|2746,,,1610612749.0,21301104,False
1,PT05M20.00S,05:20,Q1 05:20,41.333333333333336,62,substitution,SUB in: J. Henson,[],Henson,0,0,,False,False,203089.0,,substitution,turnover,,,,201196|201943|202328|202688|202713|203083|203089|203507|2585|2746,201196|202688|203089|203507|2585,201943|202328|202713|203083|2746,,,1610612749.0,21301104,True
1,PT05M02.00S,05:02,Q1 05:02,41.03333333333333,62,turnover,Sessions Lost Ball Turnover (P1.T2),[],Sessions,0,0,,False,False,201196.0,,substitution,steal,,,,201196|201943|202328|202688|202713|203083|203089|203507|2585|2746,201196|202688|203089|203507|2585,201943|202328|202713|203083|2746,,,1610612749.0,21301104,True
1,PT05M02.00S,05:02,Q1 05:02,41.03333333333333,62,steal,Jennings STEAL (1 STL),[],Jennings,0,0,,False,False,201943.0,,turnover,2pt made,,201943.0,,201196|201943|202328|202688|202713|203083|203089|203507|2585|2746,201943|202328|202713|203083|2746,201196|202688|203089|203507|2585,,,1610612765.0,21301104,True
1,PT04M58.00S,04:58,Q1 04:58,40.96666666666667,63,2pt,Jennings  Dunk (5 PTS) (Smith 2 AST),['pointsinthepaint'],Jennings,18,14,Made,True,True,201943.0,2746.0,steal,2pt made,,,,201196|201943|202328|202688|202713|203083|203089|203507|2585|2746,201943|202328|202713|203083|2746,201196|202688|203089|203507|2585,1.0,1.0,1610612765.0,21301104,True
1,PT04M43.00S,04:43,Q1 04:43,40.71666666666667,64,2pt,Antetokounmpo  Driving Dunk (2 PTS) (Pachulia 2 AST),['pointsinthepaint'],Antetokounmpo,18,16,Made,True,True,203507.0,2585.0,2pt made,foul,,,,201196|201943|202328|202688|202713|203083|203089|203507|2585|2746,201196|202688|203089|203507|2585,201943|202328|202713|203083|2746,1.0,0.0,1610612749.0,21301104,True
1,PT04M43.00S,04:43,Q1 04:43,40.71666666666667,65,foul,Smith S.FOUL (P1.T4),[],Smith,0,0,,False,False,2746.0,,2pt made,freethrow,203507.0,,,201196|201943|202328|202688|202713|203083|203089|203507|2585|2746,201943|202328|202713|203083|2746,201196|202688|203089|203507|2585,,,1610612765.0,21301104,True
1,PT04M43.00S,04:43,Q1 04:43,40.71666666666667,66,freethrow,Antetokounmpo Free Throw 1 of 1 (3 PTS),[],Antetokounmpo,18,17,Made,False,False,203507.0,,foul,2pt made,,,,201196|201943|202328|202688|202713|203083|203089|203507|2585|2746,201196|202688|203089|203507|2585,201943|202328|202713|203083|2746,,,1610612749.0,21301104,True
1,PT04M30.00S,04:30,Q1 04:30,40.5,67,2pt,Monroe  Layup (2 PTS) (Jennings 5 AST),['pointsinthepaint'],Monroe,20,17,Made,True,True,202328.0,201943.0,freethrow,turnover,,,,201196|201943|202328|202688|202713|203083|203089|203507|2585|2746,201943|202328|202713|203083|2746,201196|202688|203089|203507|2585,-2.0,0.0,1610612765.0,21301104,True
1,PT04M17.00S,04:17,Q1 04:17,40.28333333333333,68,turnover,Pachulia Bad Pass Turnover (P1.T3),[],Pachulia,0,0,,False,False,2585.0,,2pt made,steal,,,,201196|201943|202328|202688|202713|203083|203089|203507|2585|2746,201196|202688|203089|203507|2585,201943|202328|202713|203083|2746,,,1610612749.0,21301104,True
1,PT04M17.00S,04:17,Q1 04:17,40.28333333333333,68,steal,Smith STEAL (1 STL),[],Smith,0,0,,False,False,2746.0,,turnover,2pt made,,2746.0,,201196|201943|202328|202688|202713|203083|203089|203507|2585|2746,201943|202328|202713|203083|2746,201196|202688|203089|203507|2585,,,1610612765.0,21301104,True
1,PT04M09.00S,04:09,Q1 04:09,40.15,69,2pt,Monroe 1' Layup (4 PTS),['pointsinthepaint'],Monroe,22,17,Made,True,False,202328.0,,steal,2pt made,,,,201196|201943|202328|202688|202713|203083|203089|203507|2585|2746,201943|202328|202713|203083|2746,201196|202688|203089|203507|2585,7.0,0.0,1610612765.0,21301104,True
1,PT03M47.00S,03:47,Q1 03:47,39.78333333333333,70,2pt,Sessions 1' Driving Layup (5 PTS),['pointsinthepaint'],Sessions,22,19,Made,True,False,201196.0,,2pt made,turnover,,,,201196|201943|202328|202688|202713|203083|203089|203507|2585|2746,201196|202688|203089|203507|2585,201943|202328|202713|203083|2746,-2.0,9.0,1610612749.0,21301104,True
1,PT03M39.00S,03:39,Q1 03:39,39.65,71,turnover,Jennings Traveling Turnover (P1.T2),[],Jennings,0,0,,False,False,201943.0,,2pt made,substitution,,,,201196|201943|202328|202688|202713|203083|203089|203507|2585|2746,201943|202328|202713|203083|2746,201196|202688|203089|203507|2585,,,1610612765.0,21301104,True
1,PT03M39.00S,03:39,Q1 03:39,39.65,72,substitution,SUB out: R. Sessions,[],Sessions,0,0,,False,False,201196.0,,turnover,substitution,,,,201943|202328|202688|202713|203083|203089|203507|2585|2746,202688|203089|203507|2585,201943|202328|202713|203083|2746,,,1610612749.0,21301104,False
1,PT03M39.00S,03:39,Q1 03:39,39.65,73,substitution,SUB out: Z. Pachulia,[],Pachulia,0,0,,False,False,2585.0,,substitution,substitution,,,,201943|202328|202688|202713|203083|203089|203507|2746,202688|203089|203507,201943|202328|202713|203083|2746,,,1610612749.0,21301104,False
1,PT03M39.00S,03:39,Q1 03:39,39.65,74,substitution,SUB in: K. Middleton,[],Middleton,0,0,,False,False,203114.0,,substitution,substitution,,,,201943|202328|202688|202713|203083|203089|203114|203507|2746,202688|203089|203114|203507,201943|202328|202713|203083|2746,,,1610612749.0,21301104,False
1,PT03M39.00S,03:39,Q1 03:39,39.65,75,substitution,SUB in: E. Udoh,[],Udoh,0,0,,False,False,202327.0,,substitution,2pt made,,,,201943|202327|202328|202688|202713|203083|203089|203114|203507|2746,202327|202688|203089|203114|203507,201943|202328|202713|203083|2746,,,1610612749.0,21301104,True
1,PT03M22.00S,03:22,Q1 03:22,39.36666666666667,74,2pt,Knight 14' Jump Shot (2 PTS),[],Knight,22,21,Made,True,False,202688.0,,substitution,3pt made,,,,201943|202327|202328|202688|202713|203083|203089|203114|203507|2746,202327|202688|203089|203114|203507,201943|202328|202713|203083|2746,-81.0,118.0,1610612749.0,21301104,True
1,PT03M05.00S,03:05,Q1 03:05,39.083333333333336,75,3pt,Singler  3PT Jump Shot (5 PTS) (Jennings 6 AST),[],Singler,25,21,Made,True,True,202713.0,201943.0,2pt made,2pt made,,,,201943|202327|202328|202688|202713|203083|203089|203114|203507|2746,201943|202328|202713|203083|2746,202327|202688|203089|203114|203507,231.0,30.0,1610612765.0,21301104,True
1,PT03M00.00S,03:00,Q1 03:00,39.0,76,2pt,Knight  Driving Layup (4 PTS),['pointsinthepaint'],Knight,25,23,Made,True,False,202688.0,,3pt made,foul,,,,201943|202327|202328|202688|202713|203083|203089|203114|203507|2746,202327|202688|203089|203114|203507,201943|202328|202713|203083|2746,0.0,3.0,1610612749.0,21301104,True
1,PT03M00.00S,03:00,Q1 03:00,39.0,77,foul,Smith S.FOUL (P2.PN),['inpenalty'],Smith,0,0,,False,False,2746.0,,2pt made,freethrow,202688.0,,,201943|202327|202328|202688|202713|203083|203089|203114|203507|2746,201943|202328|202713|203083|2746,202327|202688|203089|203114|203507,,,1610612765.0,21301104,True
1,PT03M00.00S,03:00,Q1 03:00,39.0,80,freethrow,Knight Free Throw 1 of 1 (5 PTS),[],Knight,25,24,Made,False,False,202688.0,,foul,substitution,,,,201943|202327|202328|202688|202713|203083|203089|203114|203507|2746,202327|202688|203089|203114|203507,201943|202328|202713|203083|2746,,,1610612749.0,21301104,True
1,PT03M00.00S,03:00,Q1 03:00,39.0,79,substitution,SUB out: J. Smith,[],Smith,0,0,,False,False,2746.0,,freethrow,substitution,,,,201943|202327|202328|202688|202713|203083|203089|203114|203507,201943|202328|202713|203083,202327|202688|203089|203114|203507,,,1610612765.0,21301104,False
1,PT03M00.00S,03:00,Q1 03:00,39.0,80,substitution,SUB in: R. Stuckey,[],Stuckey,0,0,,False,False,201155.0,,substitution,2pt made,,,,201155|201943|202327|202328|202688|202713|203083|203089|203114|203507,201155|201943|202328|202713|203083,202327|202688|203089|203114|203507,,,1610612765.0,21301104,True
1,PT02M49.00S,02:49,Q1 02:49,38.81666666666666,82,2pt,Monroe  Layup (6 PTS) (Jennings 7 AST),['pointsinthepaint'],Monroe,27,24,Made,True,True,202328.0,201943.0,substitution,foul,,,,201155|201943|202327|202328|202688|202713|203083|203089|203114|203507,201155|201943|202328|202713|203083,202327|202688|203089|203114|203507,0.0,1.0,1610612765.0,21301104,True
1,PT02M49.00S,02:49,Q1 02:49,38.81666666666666,83,foul,Henson S.FOUL (P1.T3),[],Henson,0,0,,False,False,203089.0,,2pt made,timeout,202328.0,,,201155|201943|202327|202328|202688|202713|203083|203089|203114|203507,202327|202688|203089|203114|203507,201155|201943|202328|202713|203083,,,1610612749.0,21301104,True
1,PT02M49.00S,02:49,Q1 02:49,38.81666666666666,84,timeout,PISTONS Timeout: Regular (Full 1 Short 0),[],,0,0,,False,False,0.0,,foul,freethrow,,,,201155|201943|202327|202328|202688|202713|203083|203089|203114|203507,201155|201943|202328|202713|203083,202327|202688|203089|203114|203507,,,1610612765.0,21301104,True
1,PT02M49.00S,02:49,Q1 02:49,38.81666666666666,86,freethrow,MISS Monroe Free Throw 1 of 1,[],Monroe,0,0,Missed,False,False,202328.0,,timeout,rebound,,,,201155|201943|202327|202328|202688|202713|203083|203089|203114|203507,201155|201943|202328|202713|203083,202327|202688|203089|203114|203507,,,1610612765.0,21301104,True
1,PT02M47.00S,02:47,Q1 02:47,38.78333333333333,88,rebound,Drummond REBOUND (Off:1 Def:1),[],Drummond,0,0,,False,False,203083.0,,freethrow,2pt missed,,,,201155|201943|202327|202328|202688|202713|203083|203089|203114|203507,201155|201943|202328|202713|203083,202327|202688|203089|203114|203507,,,1610612765.0,21301104,True
1,PT02M46.00S,02:46,Q1 02:46,38.766666666666666,89,2pt,MISS Drummond 1' Tip Shot,['pointsinthepaint'],Drummond,0,0,Missed,True,False,203083.0,,rebound,rebound,,,,201155|201943|202327|202328|202688|202713|203083|203089|203114|203507,201155|201943|202328|202713|203083,202327|202688|203089|203114|203507,0.0,-11.0,1610612765.0,21301104,True
1,PT02M46.00S,02:46,Q1 02:46,38.766666666666666,90,rebound,Drummond REBOUND (Off:2 Def:1),[],Drummond,0,0,,False,False,203083.0,,2pt missed,2pt missed,,,,201155|201943|202327|202328|202688|202713|203083|203089|203114|203507,201155|201943|202328|202713|203083,202327|202688|203089|203114|203507,,,1610612765.0,21301104,True
1,PT02M45.00S,02:45,Q1 02:45,38.75,91,2pt,MISS Drummond 1' Tip Shot,['pointsinthepaint'],Drummond,0,0,Missed,True,False,203083.0,,rebound,rebound,,,,201155|201943|202327|202328|202688|202713|203083|203089|203114|203507,201155|201943|202328|202713|203083,202327|202688|203089|203114|203507,-5.0,1.0,1610612765.0,21301104,True
1,PT02M44.00S,02:44,Q1 02:44,38.733333333333334,92,rebound,Drummond REBOUND (Off:3 Def:1),[],Drummond,0,0,,False,False,203083.0,,2pt missed,2pt made,,,,201155|201943|202327|202328|202688|202713|203083|203089|203114|203507,201155|201943|202328|202713|203083,202327|202688|203089|203114|203507,,,1610612765.0,21301104,True
1,PT02M42.00S,02:42,Q1 02:42,38.7,93,2pt,Drummond  Tip Shot (6 PTS),['pointsinthepaint'],Drummond,29,24,Made,True,False,203083.0,,rebound,turnover,,,,201155|201943|202327|202328|202688|202713|203083|203089|203114|203507,201155|201943|202328|202713|203083,202327|202688|203089|203114|203507,-2.0,1.0,1610612765.0,21301104,True
1,PT02M34.00S,02:34,Q1 02:34,38.56666666666666,94,turnover,Henson Step Out of Bounds Turnover (P1.T4),[],Henson,0,0,,False,False,203089.0,,2pt made,turnover,,,,201155|201943|202327|202328|202688|202713|203083|203089|203114|203507,202327|202688|203089|203114|203507,201155|201943|202328|202713|203083,,,1610612749.0,21301104,True
1,PT02M13.00S,02:13,Q1 02:13,38.21666666666667,95,turnover,Drummond Offensive Goaltending Turnover (P1.T3),[],Drummond,0,0,,False,False,203083.0,,turnover,2pt made,,,,201155|201943|202327|202328|202688|202713|203083|203089|203114|203507,201155|201943|202328|202713|203083,202327|202688|203089|203114|203507,,,1610612765.0,21301104,True
1,PT02M01.00S,02:01,Q1 02:01,38.016666666666666,96,2pt,Middleton 21' Jump Shot (5 PTS) (Knight 2 AST),[],Middleton,29,26,Made,True,True,203114.0,202688.0,turnover,2pt made,,,,201155|201943|202327|202328|202688|202713|203083|203089|203114|203507,202327|202688|203089|203114|203507,201155|201943|202328|202713|203083,-164.0,129.0,1610612749.0,21301104,True
1,PT01M42.00S,01:42,Q1 01:42,37.7,97,2pt,Jennings 10' Floating Jump Shot (7 PTS),[],Jennings,31,26,Made,True,False,201943.0,,2pt made,foul,,,,201155|201943|202327|202328|202688|202713|203083|203089|203114|203507,201155|201943|202328|202713|203083,202327|202688|203089|203114|203507,99.0,26.0,1610612765.0,21301104,True
1,PT01M35.00S,01:35,Q1 01:35,37.583333333333336,98,foul,Drummond S.FOUL (P2.PN),['inpenalty'],Drummond,0,0,,False,False,203083.0,,2pt made,freethrow,203089.0,,,201155|201943|202327|202328|202688|202713|203083|203089|203114|203507,201155|201943|202328|202713|203083,202327|202688|203089|203114|203507,,,1610612765.0,21301104,True
1,PT01M35.00S,01:35,Q1 01:35,37.583333333333336,99,freethrow,Henson Free Throw 1 of 2 (1 PTS),[],Henson,31,27,Made,False,False,203089.0,,foul,freethrow,,,,201155|201943|202327|202328|202688|202713|203083|203089|203114|203507,202327|202688|203089|203114|203507,201155|201943|202328|202713|203083,,,1610612749.0,21301104,True
1,PT01M35.00S,01:35,Q1 01:35,37.583333333333336,103,freethrow,MISS Henson Free Throw 2 of 2,[],Henson,0,0,Missed,False,False,203089.0,,freethrow,substitution,,,,201155|201943|202327|202328|202688|202713|203083|203089|203114|203507,202327|202688|203089|203114|203507,201155|201943|202328|202713|203083,,,1610612749.0,21301104,True
1,PT01M35.00S,01:35,Q1 01:35,37.583333333333336,101,substitution,SUB out: A. Drummond,[],Drummond,0,0,,False,False,203083.0,,freethrow,substitution,,,,201155|201943|202327|202328|202688|202713|203089|203114|203507,201155|201943|202328|202713,202327|202688|203089|203114|203507,,,1610612765.0,21301104,False
1,PT01M35.00S,01:35,Q1 01:35,37.583333333333336,102,substitution,SUB out: B. Knight,[],Knight,0,0,,False,False,202688.0,,substitution,substitution,,,,201155|201943|202327|202328|202713|203089|203114|203507,202327|203089|203114|203507,201155|201943|202328|202713,,,1610612749.0,21301104,False
1,PT01M35.00S,01:35,Q1 01:35,37.583333333333336,103,substitution,SUB in: J. Jerebko,[],Jerebko,0,0,,False,False,201973.0,,substitution,substitution,,,,201155|201943|201973|202327|202328|202713|203089|203114|203507,201155|201943|201973|202328|202713,202327|203089|203114|203507,,,1610612765.0,21301104,False
1,PT01M35.00S,01:35,Q1 01:35,37.583333333333336,104,substitution,SUB in: R. Sessions,[],Sessions,0,0,,False,False,201196.0,,substitution,rebound,,,,201155|201196|201943|201973|202327|202328|202713|203089|203114|203507,201196|202327|203089|203114|203507,201155|201943|201973|202328|202713,,,1610612749.0,21301104,True
1,PT01M34.00S,01:34,Q1 01:34,37.56666666666667,105,rebound,Jerebko REBOUND (Off:0 Def:1),[],Jerebko,0,0,,False,False,201973.0,,substitution,turnover,,,,201155|201196|201943|201973|202327|202328|202713|203089|203114|203507,201155|201943|201973|202328|202713,201196|202327|203089|203114|203507,,,1610612765.0,21301104,True
1,PT01M22.00S,01:22,Q1 01:22,37.36666666666667,106,turnover,Stuckey Lost Ball Turnover (P1.T4),[],Stuckey,0,0,,False,False,201155.0,,rebound,steal,,,,201155|201196|201943|201973|202327|202328|202713|203089|203114|203507,201155|201943|201973|202328|202713,201196|202327|203089|203114|203507,,,1610612765.0,21301104,True
1,PT01M22.00S,01:22,Q1 01:22,37.36666666666667,106,steal,Henson STEAL (1 STL),[],Henson,0,0,,False,False,203089.0,,turnover,2pt missed,,203089.0,,201155|201196|201943|201973|202327|202328|202713|203089|203114|203507,201196|202327|203089|203114|203507,201155|201943|201973|202328|202713,,,1610612749.0,21301104,True
1,PT01M17.00S,01:17,Q1 01:17,37.28333333333333,107,2pt,MISS Henson 1' Layup,['pointsinthepaint'],Henson,0,0,Missed,True,False,203089.0,,steal,rebound,,,,201155|201196|201943|201973|202327|202328|202713|203089|203114|203507,201196|202327|203089|203114|203507,201155|201943|201973|202328|202713,-2.0,6.0,1610612749.0,21301104,True
1,PT01M16.00S,01:16,Q1 01:16,37.266666666666666,108,rebound,Jerebko REBOUND (Off:0 Def:2),[],Jerebko,0,0,,False,False,201973.0,,2pt missed,3pt made,,,,201155|201196|201943|201973|202327|202328|202713|203089|203114|203507,201155|201943|201973|202328|202713,201196|202327|203089|203114|203507,,,1610612765.0,21301104,True
1,PT01M09.00S,01:09,Q1 01:09,37.15,109,3pt,Jennings  3PT Jump Shot (10 PTS) (Monroe 1 AST),[],Jennings,34,27,Made,True,True,201943.0,202328.0,rebound,2pt made,,,,201155|201196|201943|201973|202327|202328|202713|203089|203114|203507,201155|201943|201973|202328|202713,201196|202327|203089|203114|203507,-229.0,19.0,1610612765.0,21301104,True
1,PT00M54.50S,00:54,Q1 00:54,36.90833333333333,110,2pt,Middleton 20' Jump Shot (7 PTS) (Sessions 4 AST),[],Middleton,34,29,Made,True,True,203114.0,201196.0,3pt made,2pt missed,,,,201155|201196|201943|201973|202327|202328|202713|203089|203114|203507,201196|202327|203089|203114|203507,201155|201943|201973|202328|202713,73.0,190.0,1610612749.0,21301104,True
1,PT00M42.90S,00:42,Q1 00:42,36.715,111,2pt,MISS Jennings 19' Fadeaway Jumper,[],Jennings,0,0,Missed,True,False,201943.0,,2pt made,rebound,,,,201155|201196|201943|201973|202327|202328|202713|203089|203114|203507,201155|201943|201973|202328|202713,201196|202327|203089|203114|203507,174.0,88.0,1610612765.0,21301104,True
1,PT00M40.90S,00:40,Q1 00:40,36.681666666666665,112,rebound,Middleton REBOUND (Off:0 Def:1),[],Middleton,0,0,,False,False,203114.0,,2pt missed,foul,,,,201155|201196|201943|201973|202327|202328|202713|203089|203114|203507,201196|202327|203089|203114|203507,201155|201943|201973|202328|202713,,,1610612749.0,21301104,True
1,PT00M32.60S,00:32,Q1 00:32,36.54333333333334,113,foul,Jerebko S.FOUL (P1.PN),['inpenalty'],Jerebko,0,0,,False,False,201973.0,,rebound,freethrow,202327.0,,,201155|201196|201943|201973|202327|202328|202713|203089|203114|203507,201155|201943|201973|202328|202713,201196|202327|203089|203114|203507,,,1610612765.0,21301104,True
1,PT00M32.60S,00:32,Q1 00:32,36.54333333333334,114,freethrow,Udoh Free Throw 1 of 2 (1 PTS),[],Udoh,34,30,Made,False,False,202327.0,,foul,freethrow,,,,201155|201196|201943|201973|202327|202328|202713|203089|203114|203507,201196|202327|203089|203114|203507,201155|201943|201973|202328|202713,,,1610612749.0,21301104,True
1,PT00M32.60S,00:32,Q1 00:32,36.54333333333334,116,freethrow,MISS Udoh Free Throw 2 of 2,[],Udoh,0,0,Missed,False,False,202327.0,,freethrow,rebound,,,,201155|201196|201943|201973|202327|202328|202713|203089|203114|203507,201196|202327|203089|203114|203507,201155|201943|201973|202328|202713,,,1610612749.0,21301104,True
1,PT00M30.70S,00:30,Q1 00:30,36.51166666666666,118,rebound,Singler REBOUND (Off:2 Def:1),[],Singler,0,0,,False,False,202713.0,,freethrow,2pt missed,,,,201155|201196|201943|201973|202327|202328|202713|203089|203114|203507,201155|201943|201973|202328|202713,201196|202327|203089|203114|203507,,,1610612765.0,21301104,True
1,PT00M09.90S,00:09,Q1 00:09,36.165,119,2pt,MISS Jerebko 4' Jump Shot,['pointsinthepaint'],Jerebko,0,0,Missed,True,False,201973.0,,rebound,rebound,,,,201155|201196|201943|201973|202327|202328|202713|203089|203114|203507,201155|201943|201973|202328|202713,201196|202327|203089|203114|203507,36.0,20.0,1610612765.0,21301104,True
1,PT00M08.70S,00:08,Q1 00:08,36.145,120,rebound,Henson REBOUND (Off:0 Def:1),[],Henson,0,0,,False,False,203089.0,,2pt missed,period,,,,201155|201196|201943|201973|202327|202328|202713|203089|203114|203507,201196|202327|203089|203114|203507,201155|201943|201973|202328|202713,,,1610612749.0,21301104,True
1,PT00M00.00S,00:00,Q1 00:00,36.0,121,period,End of 1st Period (8:07 PM EST),[],,34,30,,False,False,0.0,,rebound,period,,,,201155|201196|201943|201973|202327|202328|202713|203089|203114|203507,201155|201943|201973|202328|202713,201196|202327|203089|203114|203507,,,1610612765.0,21301104,True
2,PT12M00.00S,12:00,Q2 12:00,36.0,122,period,Start of 2nd Period (8:10 PM EST),[],,34,30,,False,False,0.0,,period,2pt missed,,,,201155|201196|201943|201973|202327|202328|202713|203089|203114|203507,201155|201943|201973|202328|202713,201196|202327|203089|203114|203507,,,1610612765.0,21301104,True
2,PT11M44.00S,11:44,Q2 11:44,35.733333333333334,123,2pt,MISS Henson 1' Layup,['pointsinthepaint'],Henson,0,0,Missed,True,False,203089.0,,period,rebound,,,,201155|201196|201943|201973|202327|202328|202713|203089|203114|203507,201196|202327|203089|203114|203507,201155|201943|201973|202328|202713,-10.0,9.0,1610612749.0,21301104,True
2,PT11M44.00S,11:44,Q2 11:44,35.733333333333334,124,rebound,TEAM defensive REBOUND,['team'],,0,0,,False,False,0.0,,2pt missed,foul,,,,201155|201196|201943|201973|202327|202328|202713|203089|203114|203507,201155|201943|201973|202328|202713,201196|202327|203089|203114|203507,,,1610612765.0,21301104,True
2,PT11M44.00S,11:44,Q2 11:44,35.733333333333334,125,foul,Udoh P.FOUL (P1.T1),[],Udoh,0,0,,False,False,202327.0,,rebound,foul,202328.0,,,201155|201196|201943|201973|202327|202328|202713|203089|203114|203507,201196|202327|203089|203114|203507,201155|201943|201973|202328|202713,,,1610612749.0,21301104,True
2,PT11M29.00S,11:29,Q2 11:29,35.483333333333334,126,foul,Henson S.FOUL (P2.T2),[],Henson,0,0,,False,False,203089.0,,foul,freethrow,202328.0,,,201155|201196|201943|201973|202327|202328|202713|203089|203114|203507,201196|202327|203089|203114|203507,201155|201943|201973|202328|202713,,,1610612749.0,21301104,True
2,PT11M29.00S,11:29,Q2 11:29,35.483333333333334,127,freethrow,Monroe Free Throw 1 of 2 (7 PTS),[],Monroe,35,30,Made,False,False,202328.0,,foul,freethrow,,,,201155|201196|201943|201973|202327|202328|202713|203089|203114|203507,201155|201943|201973|202328|202713,201196|202327|203089|203114|203507,,,1610612765.0,21301104,True
2,PT11M29.00S,11:29,Q2 11:29,35.483333333333334,130,freethrow,Monroe Free Throw 2 of 2 (8 PTS),[],Monroe,36,30,Made,False,False,202328.0,,freethrow,substitution,,,,201155|201196|201943|201973|202327|202328|202713|203089|203114|203507,201155|201943|201973|202328|202713,201196|202327|203089|203114|203507,,,1610612765.0,21301104,True
2,PT11M29.00S,11:29,Q2 11:29,35.483333333333334,129,substitution,SUB out: J. Henson,[],Henson,0,0,,False,False,203089.0,,freethrow,substitution,,,,201155|201196|201943|201973|202327|202328|202713|203114|203507,201196|202327|203114|203507,201155|201943|201973|202328|202713,,,1610612749.0,21301104,False
2,PT11M29.00S,11:29,Q2 11:29,35.483333333333334,130,substitution,SUB in: Z. Pachulia,[],Pachulia,0,0,,False,False,2585.0,,substitution,foul,,,,201155|201196|201943|201973|202327|202328|202713|203114|203507|2585,201196|202327|203114|203507|2585,201155|201943|201973|202328|202713,,,1610612749.0,21301104,True
2,PT11M15.00S,11:15,Q2 11:15,35.25,132,foul,Jennings P.FOUL (P1.T1),[],Jennings,0,0,,False,False,201943.0,,substitution,2pt made,2585.0,,,201155|201196|201943|201973|202327|202328|202713|203114|203507|2585,201155|201943|201973|202328|202713,201196|202327|203114|203507|2585,,,1610612765.0,21301104,True
2,PT11M08.00S,11:08,Q2 11:08,35.13333333333333,133,2pt,Pachulia  Layup (6 PTS) (Antetokounmpo 1 AST),['pointsinthepaint'],Pachulia,36,32,Made,True,True,2585.0,203507.0,foul,2pt made,,,,201155|201196|201943|201973|202327|202328|202713|203114|203507|2585,201196|202327|203114|203507|2585,201155|201943|201973|202328|202713,0.0,3.0,1610612749.0,21301104,True
2,PT10M51.00S,10:51,Q2 10:51,34.85,134,2pt,Monroe 1' Layup (10 PTS) (Singler 1 AST),['pointsinthepaint'],Monroe,38,32,Made,True,True,202328.0,202713.0,2pt made,3pt made,,,,201155|201196|201943|201973|202327|202328|202713|203114|203507|2585,201155|201943|201973|202328|202713,201196|202327|203114|203507|2585,4.0,12.0,1610612765.0,21301104,True
2,PT10M37.00S,10:37,Q2 10:37,34.61666666666667,135,3pt,Antetokounmpo 27' 3PT Jump Shot (6 PTS) (Pachulia 3 AST),[],Antetokounmpo,38,35,Made,True,True,203507.0,2585.0,2pt made,3pt missed,,,,201155|201196|201943|201973|202327|202328|202713|203114|203507|2585,201196|202327|203114|203507|2585,201155|201943|201973|202328|202713,160.0,216.0,1610612749.0,21301104,True
2,PT10M29.00S,10:29,Q2 10:29,34.483333333333334,136,3pt,MISS Singler 24' 3PT Jump Shot,[],Singler,0,0,Missed,True,False,202713.0,,3pt made,rebound,,,,201155|201196|201943|201973|202327|202328|202713|203114|203507|2585,201155|201943|201973|202328|202713,201196|202327|203114|203507|2585,-212.0,113.0,1610612765.0,21301104,True
2,PT10M27.00S,10:27,Q2 10:27,34.45,137,rebound,Jerebko REBOUND (Off:1 Def:2),[],Jerebko,0,0,,False,False,201973.0,,3pt missed,2pt missed,,,,201155|201196|201943|201973|202327|202328|202713|203114|203507|2585,201155|201943|201973|202328|202713,201196|202327|203114|203507|2585,,,1610612765.0,21301104,True
2,PT10M11.00S,10:11,Q2 10:11,34.18333333333334,138,2pt,MISS Jerebko 7' Jump Shot,['pointsinthepaint'],Jerebko,0,0,Missed,True,False,201973.0,,rebound,rebound,,,,201155|201196|201943|201973|202327|202328|202713|203114|203507|2585,201155|201943|201973|202328|202713,201196|202327|203114|203507|2585,67.0,20.0,1610612765.0,21301104,True
2,PT10M10.00S,10:10,Q2 10:10,34.166666666666664,139,rebound,Udoh REBOUND (Off:0 Def:1),[],Udoh,0,0,,False,False,202327.0,,2pt missed,2pt made,,,,201155|201196|201943|201973|202327|202328|202713|203114|203507|2585,201196|202327|203114|203507|2585,201155|201943|201973|202328|202713,,,1610612749.0,21301104,True
2,PT09M56.00S,09:56,Q2 09:56,33.93333333333334,140,2pt,Sessions 1' Layup (7 PTS) (Pachulia 4 AST),['pointsinthepaint'],Sessions,38,37,Made,True,True,201196.0,2585.0,rebound,foul,,,,201155|201196|201943|201973|202327|202328|202713|203114|203507|2585,201196|202327|203114|203507|2585,201155|201943|201973|202328|202713,4.0,6.0,1610612749.0,21301104,True
2,PT09M56.00S,09:56,Q2 09:56,33.93333333333334,141,foul,Jerebko S.FOUL (P2.T2),[],Jerebko,0,0,,False,False,201973.0,,2pt made,freethrow,201196.0,,,201155|201196|201943|201973|202327|202328|202713|203114|203507|2585,201155|201943|201973|202328|202713,201196|202327|203114|203507|2585,,,1610612765.0,21301104,True
2,PT09M56.00S,09:56,Q2 09:56,33.93333333333334,145,freethrow,MISS Sessions Free Throw 1 of 1,[],Sessions,0,0,Missed,False,False,201196.0,,foul,substitution,,,,201155|201196|201943|201973|202327|202328|202713|203114|203507|2585,201196|202327|203114|203507|2585,201155|201943|201973|202328|202713,,,1610612749.0,21301104,True
2,PT09M56.00S,09:56,Q2 09:56,33.93333333333334,142,substitution,SUB out: K. Middleton,[],Middleton,0,0,,False,False,203114.0,,freethrow,substitution,,,,201155|201196|201943|201973|202327|202328|202713|203507|2585,201196|202327|203507|2585,201155|201943|201973|202328|202713,,,1610612749.0,21301104,False
2,PT09M56.00S,09:56,Q2 09:56,33.93333333333334,143,substitution,SUB out: K. Singler,[],Singler,0,0,,False,False,202713.0,,substitution,substitution,,,,201155|201196|201943|201973|202327|202328|203507|2585,201155|201943|201973|202328,201196|202327|203507|2585,,,1610612765.0,21301104,False
2,PT09M56.00S,09:56,Q2 09:56,33.93333333333334,144,substitution,SUB out: B. Jennings,[],Jennings,0,0,,False,False,201943.0,,substitution,substitution,,,,201155|201196|201973|202327|202328|203507|2585,201155|201973|202328,201196|202327|203507|2585,,,1610612765.0,21301104,False
2,PT09M56.00S,09:56,Q2 09:56,33.93333333333334,145,substitution,SUB in: B. Knight,[],Knight,0,0,,False,False,202688.0,,substitution,substitution,,,,201155|201196|201973|202327|202328|202688|203507|2585,201196|202327|202688|203507|2585,201155|201973|202328,,,1610612749.0,21301104,False
2,PT09M56.00S,09:56,Q2 09:56,33.93333333333334,146,substitution,SUB in: K. Caldwell-Pope,[],Caldwell-Pope,0,0,,False,False,203484.0,,substitution,substitution,,,,201155|201196|201973|202327|202328|202688|203484|203507|2585,201155|201973|202328|203484,201196|202327|202688|203507|2585,,,1610612765.0,21301104,False
2,PT09M56.00S,09:56,Q2 09:56,33.93333333333334,147,substitution,SUB in: W. Bynum,[],Bynum,0,0,,False,False,101198.0,,substitution,rebound,,,,101198|201155|201196|201973|202327|202328|202688|203484|203507|2585,101198|201155|201973|202328|203484,201196|202327|202688|203507|2585,,,1610612765.0,21301104,True
2,PT09M55.00S,09:55,Q2 09:55,33.916666666666664,146,rebound,Monroe REBOUND (Off:0 Def:4),[],Monroe,0,0,,False,False,202328.0,,substitution,turnover,,,,101198|201155|201196|201973|202327|202328|202688|203484|203507|2585,101198|201155|201973|202328|203484,201196|202327|202688|203507|2585,,,1610612765.0,21301104,True
2,PT09M40.00S,09:40,Q2 09:40,33.666666666666664,147,turnover,Monroe Bad Pass Turnover (P1.T5),[],Monroe,0,0,,False,False,202328.0,,rebound,steal,,,,101198|201155|201196|201973|202327|202328|202688|203484|203507|2585,101198|201155|201973|202328|203484,201196|202327|202688|203507|2585,,,1610612765.0,21301104,True
2,PT09M40.00S,09:40,Q2 09:40,33.666666666666664,147,steal,Sessions STEAL (1 STL),[],Sessions,0,0,,False,False,201196.0,,turnover,2pt made,,201196.0,,101198|201155|201196|201973|202327|202328|202688|203484|203507|2585,201196|202327|202688|203507|2585,101198|201155|201973|202328|203484,,,1610612749.0,21301104,True
2,PT09M36.00S,09:36,Q2 09:36,33.6,148,2pt,Sessions 1' Dunk (9 PTS),['pointsinthepaint'],Sessions,38,39,Made,True,False,201196.0,,steal,2pt missed,,,,101198|201155|201196|201973|202327|202328|202688|203484|203507|2585,201196|202327|202688|203507|2585,101198|201155|201973|202328|203484,-7.0,1.0,1610612749.0,21301104,True
2,PT09M11.00S,09:11,Q2 09:11,33.18333333333334,149,2pt,MISS Caldwell-Pope 6' Floating Jump Shot,['pointsinthepaint'],Caldwell-Pope,0,0,Missed,True,False,203484.0,,2pt made,rebound,,,,101198|201155|201196|201973|202327|202328|202688|203484|203507|2585,101198|201155|201973|202328|203484,201196|202327|202688|203507|2585,-34.0,52.0,1610612765.0,21301104,True
2,PT09M08.00S,09:08,Q2 09:08,33.13333333333333,150,rebound,Udoh REBOUND (Off:0 Def:2),[],Udoh,0,0,,False,False,202327.0,,2pt missed,2pt missed,,,,101198|201155|201196|201973|202327|202328|202688|203484|203507|2585,201196|202327|202688|203507|2585,101198|201155|201973|202328|203484,,,1610612749.0,21301104,True
2,PT09M00.00S,09:00,Q2 09:00,33.0,151,2pt,MISS Knight 8' Jump Shot,['pointsinthepaint'],Knight,0,0,Missed,True,False,202688.0,,rebound,rebound,,,,101198|201155|201196|201973|202327|202328|202688|203484|203507|2585,201196|202327|202688|203507|2585,101198|201155|201973|202328|203484,13.0,74.0,1610612749.0,21301104,True
2,PT08M59.00S,08:59,Q2 08:59,32.983333333333334,152,rebound,Knight REBOUND (Off:1 Def:1),[],Knight,0,0,,False,False,202688.0,,2pt missed,2pt missed,,,,101198|201155|201196|201973|202327|202328|202688|203484|203507|2585,201196|202327|202688|203507|2585,101198|201155|201973|202328|203484,,,1610612749.0,21301104,True
2,PT08M56.00S,08:56,Q2 08:56,32.93333333333334,153,2pt,MISS Knight 3' Layup,['pointsinthepaint'],Knight,0,0,Missed,True,False,202688.0,,rebound,rebound,,,,101198|201155|201196|201973|202327|202328|202688|203484|203507|2585,201196|202327|202688|203507|2585,101198|201155|201973|202328|203484,28.0,6.0,1610612749.0,21301104,True
2,PT08M55.00S,08:55,Q2 08:55,32.916666666666664,154,rebound,Jerebko REBOUND (Off:1 Def:3),[],Jerebko,0,0,,False,False,201973.0,,2pt missed,2pt made,,,,101198|201155|201196|201973|202327|202328|202688|203484|203507|2585,101198|201155|201973|202328|203484,201196|202327|202688|203507|2585,,,1610612765.0,21301104,True
2,PT08M43.00S,08:43,Q2 08:43,32.71666666666667,155,2pt,Stuckey  Driving Layup (2 PTS) (Bynum 1 AST),['pointsinthepaint'],Stuckey,40,39,Made,True,True,201155.0,101198.0,rebound,turnover,,,,101198|201155|201196|201973|202327|202328|202688|203484|203507|2585,101198|201155|201973|202328|203484,201196|202327|202688|203507|2585,0.0,4.0,1610612765.0,21301104,True
2,PT08M31.00S,08:31,Q2 08:31,32.516666666666666,156,turnover,Pachulia Bad Pass Turnover (P2.T5),[],Pachulia,0,0,,False,False,2585.0,,2pt made,timeout,,,,101198|201155|201196|201973|202327|202328|202688|203484|203507|2585,201196|202327|202688|203507|2585,101198|201155|201973|202328|203484,,,1610612749.0,21301104,True
2,PT08M31.00S,08:31,Q2 08:31,32.516666666666666,157,timeout,Timeout: Official,[],,0,0,,False,False,0.0,,turnover,substitution,,,,101198|201155|201196|201973|202327|202328|202688|203484|203507|2585,101198|201155|201973|202328|203484,201196|202327|202688|203507|2585,,,0.0,21301104,True
2,PT08M31.00S,08:31,Q2 08:31,32.516666666666666,159,substitution,SUB out: G. Monroe,[],Monroe,0,0,,False,False,202328.0,,timeout,substitution,,,,101198|201155|201196|201973|202327|202688|203484|203507|2585,101198|201155|201973|203484,201196|202327|202688|203507|2585,,,1610612765.0,21301104,False
2,PT08M31.00S,08:31,Q2 08:31,32.516666666666666,160,substitution,SUB out: J. Jerebko,[],Jerebko,0,0,,False,False,201973.0,,substitution,substitution,,,,101198|201155|201196|202327|202688|203484|203507|2585,101198|201155|203484,201196|202327|202688|203507|2585,,,1610612765.0,21301104,False
2,PT08M31.00S,08:31,Q2 08:31,32.516666666666666,161,substitution,SUB in: A. Drummond,[],Drummond,0,0,,False,False,203083.0,,substitution,substitution,,,,101198|201155|201196|202327|202688|203083|203484|203507|2585,101198|201155|203083|203484,201196|202327|202688|203507|2585,,,1610612765.0,21301104,False
2,PT08M31.00S,08:31,Q2 08:31,32.516666666666666,162,substitution,SUB in: J. Smith,[],Smith,0,0,,False,False,2746.0,,substitution,2pt missed,,,,101198|201155|201196|202327|202688|203083|203484|203507|2585|2746,101198|201155|203083|203484|2746,201196|202327|202688|203507|2585,,,1610612765.0,21301104,True
2,PT08M15.00S,08:15,Q2 08:15,32.25,161,2pt,MISS Smith 19' Jump Shot,[],Smith,0,0,Missed,True,False,2746.0,,substitution,rebound,,,,101198|201155|201196|202327|202688|203083|203484|203507|2585|2746,101198|201155|203083|203484|2746,201196|202327|202688|203507|2585,-82.0,172.0,1610612765.0,21301104,True
2,PT08M14.00S,08:14,Q2 08:14,32.233333333333334,162,rebound,Drummond REBOUND (Off:4 Def:1),[],Drummond,0,0,,False,False,203083.0,,2pt missed,2pt missed,,,,101198|201155|201196|202327|202688|203083|203484|203507|2585|2746,101198|201155|203083|203484|2746,201196|202327|202688|203507|2585,,,1610612765.0,21301104,True
2,PT08M10.00S,08:10,Q2 08:10,32.166666666666664,163,2pt,MISS Drummond 1' Layup,['pointsinthepaint'],Drummond,0,0,Missed,True,False,203083.0,,rebound,block,,,,101198|201155|201196|202327|202688|203083|203484|203507|2585|2746,101198|201155|203083|203484|2746,201196|202327|202688|203507|2585,-5.0,-2.0,1610612765.0,21301104,True
2,PT08M10.00S,08:10,Q2 08:10,32.166666666666664,163,block,Antetokounmpo BLOCK (1 BLK),[],Antetokounmpo,0,0,,False,False,203507.0,,2pt missed,rebound,,,203507.0,101198|201155|201196|202327|202688|203083|203484|203507|2585|2746,201196|202327|202688|203507|2585,101198|201155|203083|203484|2746,,,1610612749.0,21301104,True
2,PT08M10.00S,08:10,Q2 08:10,32.166666666666664,164,rebound,Udoh REBOUND (Off:0 Def:3),[],Udoh,0,0,,False,False,202327.0,,block,foul,,,,101198|201155|201196|202327|202688|203083|203484|203507|2585|2746,201196|202327|202688|203507|2585,101198|201155|203083|203484|2746,,,1610612749.0,21301104,True
2,PT08M10.00S,08:10,Q2 08:10,32.166666666666664,165,foul,Drummond T.FOUL (P2.T2),[],Drummond,0,0,,False,False,203083.0,,rebound,freethrow,202688.0,,,101198|201155|201196|202327|202688|203083|203484|203507|2585|2746,101198|201155|203083|203484|2746,201196|202327|202688|203507|2585,,,1610612765.0,21301104,True
2,PT08M10.00S,08:10,Q2 08:10,32.166666666666664,166,freethrow,Knight Free Throw Technical (6 PTS),[],Knight,40,40,Made,False,False,202688.0,,foul,2pt missed,,,,101198|201155|201196|202327|202688|203083|203484|203507|2585|2746,201196|202327|202688|203507|2585,101198|201155|203083|203484|2746,,,1610612749.0,21301104,True
2,PT07M48.00S,07:48,Q2 07:48,31.8,169,2pt,MISS Pachulia 15' Jump Shot,[],Pachulia,0,0,Missed,True,False,2585.0,,freethrow,rebound,,,,101198|201155|201196|202327|202688|203083|203484|203507|2585|2746,201196|202327|202688|203507|2585,101198|201155|203083|203484|2746,136.0,60.0,1610612749.0,21301104,True
2,PT07M47.00S,07:47,Q2 07:47,31.78333333333333,170,rebound,Bynum REBOUND (Off:0 Def:1),[],Bynum,0,0,,False,False,101198.0,,2pt missed,2pt made,,,,101198|201155|201196|202327|202688|203083|203484|203507|2585|2746,101198|201155|203083|203484|2746,201196|202327|202688|203507|2585,,,1610612765.0,21301104,True
2,PT07M44.00S,07:44,Q2 07:44,31.733333333333334,171,2pt,Stuckey  Driving Layup (4 PTS),['pointsinthepaint'],Stuckey,42,40,Made,True,False,201155.0,,rebound,foul,,,,101198|201155|201196|202327|202688|203083|203484|203507|2585|2746,101198|201155|203083|203484|2746,201196|202327|202688|203507|2585,1.0,1.0,1610612765.0,21301104,True
2,PT07M44.00S,07:44,Q2 07:44,31.733333333333334,172,foul,Sessions S.FOUL (P1.T3),[],Sessions,0,0,,False,False,201196.0,,2pt made,freethrow,201155.0,,,101198|201155|201196|202327|202688|203083|203484|203507|2585|2746,201196|202327|202688|203507|2585,101198|201155|203083|203484|2746,,,1610612749.0,21301104,True
2,PT07M44.00S,07:44,Q2 07:44,31.733333333333334,175,freethrow,MISS Stuckey Free Throw 1 of 1,[],Stuckey,0,0,Missed,False,False,201155.0,,foul,substitution,,,,101198|201155|201196|202327|202688|203083|203484|203507|2585|2746,101198|201155|203083|203484|2746,201196|202327|202688|203507|2585,,,1610612765.0,21301104,True
2,PT07M44.00S,07:44,Q2 07:44,31.733333333333334,174,substitution,SUB out: E. Udoh,[],Udoh,0,0,,False,False,202327.0,,freethrow,substitution,,,,101198|201155|201196|202688|203083|203484|203507|2585|2746,201196|202688|203507|2585,101198|201155|203083|203484|2746,,,1610612749.0,21301104,False
2,PT07M44.00S,07:44,Q2 07:44,31.733333333333334,175,substitution,SUB in: J. Adrien,[],Adrien,0,0,,False,False,202399.0,,substitution,rebound,,,,101198|201155|201196|202399|202688|203083|203484|203507|2585|2746,201196|202399|202688|203507|2585,101198|201155|203083|203484|2746,,,1610612749.0,21301104,True
2,PT07M43.00S,07:43,Q2 07:43,31.71666666666667,177,rebound,Pachulia REBOUND (Off:1 Def:4),[],Pachulia,0,0,,False,False,2585.0,,substitution,foul,,,,101198|201155|201196|202399|202688|203083|203484|203507|2585|2746,201196|202399|202688|203507|2585,101198|201155|203083|203484|2746,,,1610612749.0,21301104,True
2,PT07M32.00S,07:32,Q2 07:32,31.53333333333333,178,foul,Drummond P.FOUL (P3.T3),[],Drummond,0,0,,False,False,203083.0,,rebound,substitution,202688.0,,,101198|201155|201196|202399|202688|203083|203484|203507|2585|2746,101198|201155|203083|203484|2746,201196|202399|202688|203507|2585,,,1610612765.0,21301104,True
2,PT07M32.00S,07:32,Q2 07:32,31.53333333333333,179,substitution,SUB out: A. Drummond,[],Drummond,0,0,,False,False,203083.0,,foul,substitution,,,,101198|201155|201196|202399|202688|203484|203507|2585|2746,101198|201155|203484|2746,201196|202399|202688|203507|2585,,,1610612765.0,21301104,False
2,PT07M32.00S,07:32,Q2 07:32,31.53333333333333,180,substitution,SUB in: C. Villanueva,[],Villanueva,0,0,,False,False,101111.0,,substitution,2pt missed,,,,101111|101198|201155|201196|202399|202688|203484|203507|2585|2746,101111|101198|201155|203484|2746,201196|202399|202688|203507|2585,,,1610612765.0,21301104,True
2,PT07M26.00S,07:26,Q2 07:26,31.433333333333334,180,2pt,MISS Knight 1' Layup,['pointsinthepaint'],Knight,0,0,Missed,True,False,202688.0,,substitution,rebound,,,,101111|101198|201155|201196|202399|202688|203484|203507|2585|2746,201196|202399|202688|203507|2585,101111|101198|201155|203484|2746,-5.0,9.0,1610612749.0,21301104,True
2,PT07M25.00S,07:25,Q2 07:25,31.416666666666668,181,rebound,Pachulia REBOUND (Off:2 Def:4),[],Pachulia,0,0,,False,False,2585.0,,2pt missed,2pt missed,,,,101111|101198|201155|201196|202399|202688|203484|203507|2585|2746,201196|202399|202688|203507|2585,101111|101198|201155|203484|2746,,,1610612749.0,21301104,True
2,PT07M22.00S,07:22,Q2 07:22,31.366666666666667,182,2pt,MISS Pachulia 1' Layup,['pointsinthepaint'],Pachulia,0,0,Missed,True,False,2585.0,,rebound,rebound,,,,101111|101198|201155|201196|202399|202688|203484|203507|2585|2746,201196|202399|202688|203507|2585,101111|101198|201155|203484|2746,-8.0,12.0,1610612749.0,21301104,True
2,PT07M21.00S,07:21,Q2 07:21,31.35,183,rebound,Villanueva REBOUND (Off:0 Def:1),[],Villanueva,0,0,,False,False,101111.0,,2pt missed,2pt missed,,,,101111|101198|201155|201196|202399|202688|203484|203507|2585|2746,101111|101198|201155|203484|2746,201196|202399|202688|203507|2585,,,1610612765.0,21301104,True
2,PT07M16.00S,07:16,Q2 07:16,31.266666666666666,184,2pt,MISS Smith 1' Layup,['pointsinthepaint'],Smith,0,0,Missed,True,False,2746.0,,rebound,rebound,,,,101111|101198|201155|201196|202399|202688|203484|203507|2585|2746,101111|101198|201155|203484|2746,201196|202399|202688|203507|2585,-7.0,1.0,1610612765.0,21301104,True
2,PT07M15.00S,07:15,Q2 07:15,31.25,185,rebound,Adrien REBOUND (Off:0 Def:1),[],Adrien,0,0,,False,False,202399.0,,2pt missed,2pt made,,,,101111|101198|201155|201196|202399|202688|203484|203507|2585|2746,201196|202399|202688|203507|2585,101111|101198|201155|203484|2746,,,1610612749.0,21301104,True
2,PT07M09.00S,07:09,Q2 07:09,31.15,186,2pt,Knight 1' Layup (8 PTS) (Sessions 5 AST),['pointsinthepaint'],Knight,42,42,Made,True,True,202688.0,201196.0,rebound,2pt missed,,,,101111|101198|201155|201196|202399|202688|203484|203507|2585|2746,201196|202399|202688|203507|2585,101111|101198|201155|203484|2746,9.0,1.0,1610612749.0,21301104,True
2,PT06M40.00S,06:40,Q2 06:40,30.666666666666668,187,2pt,MISS Stuckey 17' Jump Shot,[],Stuckey,0,0,Missed,True,False,201155.0,,2pt made,rebound,,,,101111|101198|201155|201196|202399|202688|203484|203507|2585|2746,101111|101198|201155|203484|2746,201196|202399|202688|203507|2585,166.0,50.0,1610612765.0,21301104,True
2,PT06M39.00S,06:39,Q2 06:39,30.65,188,rebound,Pachulia REBOUND (Off:2 Def:5),[],Pachulia,0,0,,False,False,2585.0,,2pt missed,3pt missed,,,,101111|101198|201155|201196|202399|202688|203484|203507|2585|2746,201196|202399|202688|203507|2585,101111|101198|201155|203484|2746,,,1610612749.0,21301104,True
2,PT06M33.00S,06:33,Q2 06:33,30.55,189,3pt,MISS Sessions 24' 3PT Jump Shot,[],Sessions,0,0,Missed,True,False,201196.0,,rebound,rebound,,,,101111|101198|201155|201196|202399|202688|203484|203507|2585|2746,201196|202399|202688|203507|2585,101111|101198|201155|203484|2746,239.0,53.0,1610612749.0,21301104,True
2,PT06M31.00S,06:31,Q2 06:31,30.516666666666666,190,rebound,Adrien REBOUND (Off:1 Def:1),[],Adrien,0,0,,False,False,202399.0,,3pt missed,2pt made,,,,101111|101198|201155|201196|202399|202688|203484|203507|2585|2746,201196|202399|202688|203507|2585,101111|101198|201155|203484|2746,,,1610612749.0,21301104,True
2,PT06M30.00S,06:30,Q2 06:30,30.5,191,2pt,Adrien 1' Tip Shot (6 PTS),['pointsinthepaint'],Adrien,42,44,Made,True,False,202399.0,,rebound,2pt made,,,,101111|101198|201155|201196|202399|202688|203484|203507|2585|2746,201196|202399|202688|203507|2585,101111|101198|201155|203484|2746,12.0,-6.0,1610612749.0,21301104,True
2,PT06M12.00S,06:12,Q2 06:12,30.2,201,2pt,Caldwell-Pope 14' Jump Shot (2 PTS),[],Caldwell-Pope,44,44,Made,True,False,203484.0,,2pt made,3pt missed,,,,101111|101198|201155|201196|202399|202688|203484|203507|2585|2746,101111|101198|201155|203484|2746,201196|202399|202688|203507|2585,-142.0,17.0,1610612765.0,21301104,True
2,PT05M48.00S,05:48,Q2 05:48,29.8,192,3pt,MISS Knight 27' 3PT Jump Shot,[],Knight,0,0,Missed,True,False,202688.0,,2pt made,rebound,,,,101111|101198|201155|201196|202399|202688|203484|203507|2585|2746,201196|202399|202688|203507|2585,101111|101198|201155|203484|2746,4.0,269.0,1610612749.0,21301104,True
2,PT05M47.00S,05:47,Q2 05:47,29.78333333333333,193,rebound,Sessions REBOUND (Off:1 Def:0),[],Sessions,0,0,,False,False,201196.0,,3pt missed,2pt made,,,,101111|101198|201155|201196|202399|202688|203484|203507|2585|2746,201196|202399|202688|203507|2585,101111|101198|201155|203484|2746,,,1610612749.0,21301104,True
2,PT05M38.00S,05:38,Q2 05:38,29.633333333333333,194,2pt,Adrien  Dunk (8 PTS) (Sessions 6 AST),['pointsinthepaint'],Adrien,44,46,Made,True,True,202399.0,201196.0,rebound,3pt missed,,,,101111|101198|201155|201196|202399|202688|203484|203507|2585|2746,201196|202399|202688|203507|2585,101111|101198|201155|203484|2746,1.0,3.0,1610612749.0,21301104,True
2,PT05M17.00S,05:17,Q2 05:17,29.28333333333333,195,3pt,MISS Caldwell-Pope 24' 3PT Jump Shot,[],Caldwell-Pope,0,0,Missed,True,False,203484.0,,2pt made,rebound,,,,101111|101198|201155|201196|202399|202688|203484|203507|2585|2746,101111|101198|201155|203484|2746,201196|202399|202688|203507|2585,-229.0,66.0,1610612765.0,21301104,True
2,PT05M16.00S,05:16,Q2 05:16,29.266666666666666,196,rebound,Sessions REBOUND (Off:1 Def:1),[],Sessions,0,0,,False,False,201196.0,,3pt missed,2pt made,,,,101111|101198|201155|201196|202399|202688|203484|203507|2585|2746,201196|202399|202688|203507|2585,101111|101198|201155|203484|2746,,,1610612749.0,21301104,True
2,PT04M59.00S,04:59,Q2 04:59,28.983333333333334,197,2pt,Antetokounmpo 1' Dunk (8 PTS) (Pachulia 5 AST),['pointsinthepaint'],Antetokounmpo,44,48,Made,True,True,203507.0,2585.0,rebound,timeout,,,,101111|101198|201155|201196|202399|202688|203484|203507|2585|2746,201196|202399|202688|203507|2585,101111|101198|201155|203484|2746,1.0,-5.0,1610612749.0,21301104,True
2,PT04M58.00S,04:58,Q2 04:58,28.96666666666667,198,timeout,PISTONS Timeout: Regular (Full 2 Short 0),[],,0,0,,False,False,0.0,,2pt made,2pt made,,,,101111|101198|201155|201196|202399|202688|203484|203507|2585|2746,101111|101198|201155|203484|2746,201196|202399|202688|203507|2585,,,1610612765.0,21301104,True
2,PT04M46.00S,04:46,Q2 04:46,28.766666666666666,202,2pt,Bynum 1' Driving Layup (2 PTS),['pointsinthepaint'],Bynum,46,48,Made,True,False,101198.0,,timeout,turnover,,,,101111|101198|201155|201196|202399|202688|203484|203507|2585|2746,101111|101198|201155|203484|2746,201196|202399|202688|203507|2585,-7.0,3.0,1610612765.0,21301104,True
2,PT04M30.00S,04:30,Q2 04:30,28.5,203,turnover,Sessions Out of Bounds Lost Ball Turnover (P2.T6),[],Sessions,0,0,,False,False,201196.0,,2pt made,3pt missed,,,,101111|101198|201155|201196|202399|202688|203484|203507|2585|2746,201196|202399|202688|203507|2585,101111|101198|201155|203484|2746,,,1610612749.0,21301104,True
2,PT04M18.00S,04:18,Q2 04:18,28.3,204,3pt,MISS Bynum 26' 3PT Jump Shot,[],Bynum,0,0,Missed,True,False,101198.0,,turnover,rebound,,,,101111|101198|201155|201196|202399|202688|203484|203507|2585|2746,101111|101198|201155|203484|2746,201196|202399|202688|203507|2585,65.0,252.0,1610612765.0,21301104,True
2,PT04M17.00S,04:17,Q2 04:17,28.28333333333333,205,rebound,Adrien REBOUND (Off:1 Def:2),[],Adrien,0,0,,False,False,202399.0,,3pt missed,2pt missed,,,,101111|101198|201155|201196|202399|202688|203484|203507|2585|2746,201196|202399|202688|203507|2585,101111|101198|201155|203484|2746,,,1610612749.0,21301104,True
2,PT04M05.00S,04:05,Q2 04:05,28.083333333333332,206,2pt,MISS Antetokounmpo  Reverse Layup,['pointsinthepaint'],Antetokounmpo,0,0,Missed,True,False,203507.0,,rebound,rebound,,,,101111|101198|201155|201196|202399|202688|203484|203507|2585|2746,201196|202399|202688|203507|2585,101111|101198|201155|203484|2746,2.0,3.0,1610612749.0,21301104,True
2,PT04M04.00S,04:04,Q2 04:04,28.066666666666666,207,rebound,TEAM offensive REBOUND,['team'],,0,0,,False,False,0.0,,2pt missed,substitution,,,,101111|101198|201155|201196|202399|202688|203484|203507|2585|2746,201196|202399|202688|203507|2585,101111|101198|201155|203484|2746,,,1610612749.0,21301104,True
2,PT04M04.00S,04:04,Q2 04:04,28.066666666666666,208,substitution,SUB out: R. Stuckey,[],Stuckey,0,0,,False,False,201155.0,,rebound,substitution,,,,101111|101198|201196|202399|202688|203484|203507|2585|2746,101111|101198|203484|2746,201196|202399|202688|203507|2585,,,1610612765.0,21301104,False
2,PT04M04.00S,04:04,Q2 04:04,28.066666666666666,209,substitution,SUB in: B. Jennings,[],Jennings,0,0,,False,False,201943.0,,substitution,2pt made,,,,101111|101198|201196|201943|202399|202688|203484|203507|2585|2746,101111|101198|201943|203484|2746,201196|202399|202688|203507|2585,,,1610612765.0,21301104,True
2,PT03M47.00S,03:47,Q2 03:47,27.78333333333333,209,2pt,Adrien 1' Dunk (10 PTS) (Knight 3 AST),['pointsinthepaint'],Adrien,46,50,Made,True,True,202399.0,202688.0,substitution,2pt made,,,,101111|101198|201196|201943|202399|202688|203484|203507|2585|2746,201196|202399|202688|203507|2585,101111|101198|201943|203484|2746,0.0,-11.0,1610612749.0,21301104,True
2,PT03M35.00S,03:35,Q2 03:35,27.583333333333332,210,2pt,Smith 18' Jump Shot (9 PTS) (Bynum 2 AST),[],Smith,48,50,Made,True,True,2746.0,101198.0,2pt made,2pt made,,,,101111|101198|201196|201943|202399|202688|203484|203507|2585|2746,101111|101198|201943|203484|2746,201196|202399|202688|203507|2585,152.0,102.0,1610612765.0,21301104,True
2,PT03M23.00S,03:23,Q2 03:23,27.383333333333333,211,2pt,Knight  Driving Layup (10 PTS),['pointsinthepaint'],Knight,48,52,Made,True,False,202688.0,,2pt made,foul,,,,101111|101198|201196|201943|202399|202688|203484|203507|2585|2746,201196|202399|202688|203507|2585,101111|101198|201943|203484|2746,1.0,1.0,1610612749.0,21301104,True
2,PT03M23.00S,03:23,Q2 03:23,27.383333333333333,212,foul,Villanueva S.FOUL (P1.T4),['inpenalty'],Villanueva,0,0,,False,False,101111.0,,2pt made,freethrow,202688.0,,,101111|101198|201196|201943|202399|202688|203484|203507|2585|2746,101111|101198|201943|203484|2746,201196|202399|202688|203507|2585,,,1610612765.0,21301104,True
2,PT03M23.00S,03:23,Q2 03:23,27.383333333333333,213,freethrow,Knight Free Throw 1 of 1 (11 PTS),[],Knight,48,53,Made,False,False,202688.0,,foul,2pt missed,,,,101111|101198|201196|201943|202399|202688|203484|203507|2585|2746,201196|202399|202688|203507|2585,101111|101198|201943|203484|2746,,,1610612749.0,21301104,True
2,PT03M10.00S,03:10,Q2 03:10,27.166666666666668,214,2pt,MISS Caldwell-Pope 1' Layup,['pointsinthepaint'],Caldwell-Pope,0,0,Missed,True,False,203484.0,,freethrow,block,,,,101111|101198|201196|201943|202399|202688|203484|203507|2585|2746,101111|101198|201943|203484|2746,201196|202399|202688|203507|2585,2.0,7.0,1610612765.0,21301104,True
2,PT03M10.00S,03:10,Q2 03:10,27.166666666666668,214,block,Pachulia BLOCK (2 BLK),[],Pachulia,0,0,,False,False,2585.0,,2pt missed,rebound,,,2585.0,101111|101198|201196|201943|202399|202688|203484|203507|2585|2746,201196|202399|202688|203507|2585,101111|101198|201943|203484|2746,,,1610612749.0,21301104,True
2,PT03M08.00S,03:08,Q2 03:08,27.133333333333333,215,rebound,Antetokounmpo REBOUND (Off:0 Def:1),[],Antetokounmpo,0,0,,False,False,203507.0,,block,2pt made,,,,101111|101198|201196|201943|202399|202688|203484|203507|2585|2746,201196|202399|202688|203507|2585,101111|101198|201943|203484|2746,,,1610612749.0,21301104,True
2,PT03M05.00S,03:05,Q2 03:05,27.083333333333332,216,2pt,Adrien 1' Alley Oop Dunk (12 PTS) (Knight 4 AST),['pointsinthepaint'],Adrien,48,55,Made,True,True,202399.0,202688.0,rebound,timeout,,,,101111|101198|201196|201943|202399|202688|203484|203507|2585|2746,201196|202399|202688|203507|2585,101111|101198|201943|203484|2746,4.0,6.0,1610612749.0,21301104,True
2,PT03M02.00S,03:02,Q2 03:02,27.03333333333333,217,timeout,PISTONS Timeout: Short (Full 2 Short 1),[],,0,0,,False,False,0.0,,2pt made,substitution,,,,101111|101198|201196|201943|202399|202688|203484|203507|2585|2746,101111|101198|201943|203484|2746,201196|202399|202688|203507|2585,,,1610612765.0,21301104,True
2,PT03M02.00S,03:02,Q2 03:02,27.03333333333333,218,substitution,SUB out: K. Caldwell-Pope,[],Caldwell-Pope,0,0,,False,False,203484.0,,timeout,substitution,,,,101111|101198|201196|201943|202399|202688|203507|2585|2746,101111|101198|201943|2746,201196|202399|202688|203507|2585,,,1610612765.0,21301104,False
2,PT03M02.00S,03:02,Q2 03:02,27.03333333333333,219,substitution,SUB in: K. Singler,[],Singler,0,0,,False,False,202713.0,,substitution,substitution,,,,101111|101198|201196|201943|202399|202688|202713|203507|2585|2746,101111|101198|201943|202713|2746,201196|202399|202688|203507|2585,,,1610612765.0,21301104,True
2,PT02M59.00S,02:59,Q2 02:59,26.983333333333334,219,substitution,SUB out: J. Smith,[],Smith,0,0,,False,False,2746.0,,substitution,substitution,,,,101111|101198|201196|201943|202399|202688|202713|203507|2585,101111|101198|201943|202713,201196|202399|202688|203507|2585,,,1610612765.0,21301104,False
2,PT02M59.00S,02:59,Q2 02:59,26.983333333333334,220,substitution,SUB in: G. Monroe,[],Monroe,0,0,,False,False,202328.0,,substitution,3pt missed,,,,101111|101198|201196|201943|202328|202399|202688|202713|203507|2585,101111|101198|201943|202328|202713,201196|202399|202688|203507|2585,,,1610612765.0,21301104,True
2,PT02M40.00S,02:40,Q2 02:40,26.666666666666668,220,3pt,MISS Jennings 26' 3PT Jump Shot,[],Jennings,0,0,Missed,True,False,201943.0,,substitution,rebound,,,,101111|101198|201196|201943|202328|202399|202688|202713|203507|2585,101111|101198|201943|202328|202713,201196|202399|202688|203507|2585,166.0,203.0,1610612765.0,21301104,True
2,PT02M39.00S,02:39,Q2 02:39,26.65,221,rebound,Singler REBOUND (Off:3 Def:1),[],Singler,0,0,,False,False,202713.0,,3pt missed,2pt made,,,,101111|101198|201196|201943|202328|202399|202688|202713|203507|2585,101111|101198|201943|202328|202713,201196|202399|202688|203507|2585,,,1610612765.0,21301104,True
2,PT02M37.00S,02:37,Q2 02:37,26.616666666666667,222,2pt,Singler 1' Layup (7 PTS),['pointsinthepaint'],Singler,50,55,Made,True,False,202713.0,,rebound,2pt missed,,,,101111|101198|201196|201943|202328|202399|202688|202713|203507|2585,101111|101198|201943|202328|202713,201196|202399|202688|203507|2585,6.0,3.0,1610612765.0,21301104,True
2,PT02M23.00S,02:23,Q2 02:23,26.383333333333333,223,2pt,MISS Knight  Layup,['pointsinthepaint'],Knight,0,0,Missed,True,False,202688.0,,2pt made,rebound,,,,101111|101198|201196|201943|202328|202399|202688|202713|203507|2585,201196|202399|202688|203507|2585,101111|101198|201943|202328|202713,1.0,4.0,1610612749.0,21301104,True
2,PT02M22.00S,02:22,Q2 02:22,26.366666666666667,224,rebound,Monroe REBOUND (Off:0 Def:5),[],Monroe,0,0,,False,False,202328.0,,2pt missed,3pt missed,,,,101111|101198|201196|201943|202328|202399|202688|202713|203507|2585,101111|101198|201943|202328|202713,201196|202399|202688|203507|2585,,,1610612765.0,21301104,True
2,PT02M13.00S,02:13,Q2 02:13,26.21666666666667,225,3pt,MISS Villanueva  3PT Jump Shot,[],Villanueva,0,0,Missed,True,False,101111.0,,rebound,rebound,,,,101111|101198|201196|201943|202328|202399|202688|202713|203507|2585,101111|101198|201943|202328|202713,201196|202399|202688|203507|2585,226.0,63.0,1610612765.0,21301104,True
2,PT02M11.00S,02:11,Q2 02:11,26.183333333333334,226,rebound,Sessions REBOUND (Off:1 Def:2),[],Sessions,0,0,,False,False,201196.0,,3pt missed,2pt made,,,,101111|101198|201196|201943|202328|202399|202688|202713|203507|2585,201196|202399|202688|203507|2585,101111|101198|201943|202328|202713,,,1610612749.0,21301104,True
2,PT02M07.00S,02:07,Q2 02:07,26.116666666666667,227,2pt,Knight 1' Layup (13 PTS) (Sessions 7 AST),['pointsinthepaint'],Knight,50,57,Made,True,True,202688.0,201196.0,rebound,2pt made,,,,101111|101198|201196|201943|202328|202399|202688|202713|203507|2585,201196|202399|202688|203507|2585,101111|101198|201943|202328|202713,-7.0,1.0,1610612749.0,21301104,True
2,PT01M50.00S,01:50,Q2 01:50,25.833333333333332,228,2pt,Singler 1' Driving Layup (9 PTS) (Jennings 8 AST),['pointsinthepaint'],Singler,52,57,Made,True,True,202713.0,201943.0,2pt made,2pt missed,,,,101111|101198|201196|201943|202328|202399|202688|202713|203507|2585,101111|101198|201943|202328|202713,201196|202399|202688|203507|2585,4.0,-5.0,1610612765.0,21301104,True
2,PT01M45.00S,01:45,Q2 01:45,25.75,229,2pt,MISS Pachulia 1' Layup,['pointsinthepaint'],Pachulia,0,0,Missed,True,False,2585.0,,2pt made,block,,,,101111|101198|201196|201943|202328|202399|202688|202713|203507|2585,201196|202399|202688|203507|2585,101111|101198|201943|202328|202713,7.0,0.0,1610612749.0,21301104,True
2,PT01M45.00S,01:45,Q2 01:45,25.75,229,block,Monroe BLOCK (2 BLK),[],Monroe,0,0,,False,False,202328.0,,2pt missed,rebound,,,202328.0,101111|101198|201196|201943|202328|202399|202688|202713|203507|2585,101111|101198|201943|202328|202713,201196|202399|202688|203507|2585,,,1610612765.0,21301104,True
2,PT01M45.00S,01:45,Q2 01:45,25.75,230,rebound,TEAM offensive REBOUND,['team'],,0,0,,False,False,0.0,,block,timeout,,,,101111|101198|201196|201943|202328|202399|202688|202713|203507|2585,201196|202399|202688|203507|2585,101111|101198|201943|202328|202713,,,1610612749.0,21301104,True
2,PT01M45.00S,01:45,Q2 01:45,25.75,231,timeout,Bucks Timeout: Regular (Reg.2 Short 0),[],,0,0,,False,False,0.0,,rebound,turnover,,,,101111|101198|201196|201943|202328|202399|202688|202713|203507|2585,201196|202399|202688|203507|2585,101111|101198|201943|202328|202713,,,1610612749.0,21301104,True
2,PT01M33.00S,01:33,Q2 01:33,25.55,232,turnover,Antetokounmpo Step Out of Bounds Turnover (P1.T7),[],Antetokounmpo,0,0,,False,False,203507.0,,timeout,3pt missed,,,,101111|101198|201196|201943|202328|202399|202688|202713|203507|2585,201196|202399|202688|203507|2585,101111|101198|201943|202328|202713,,,1610612749.0,21301104,True
2,PT01M15.00S,01:15,Q2 01:15,25.25,233,3pt,MISS Singler  3PT Jump Shot,[],Singler,0,0,Missed,True,False,202713.0,,turnover,rebound,,,,101111|101198|201196|201943|202328|202399|202688|202713|203507|2585,101111|101198|201943|202328|202713,201196|202399|202688|203507|2585,230.0,3.0,1610612765.0,21301104,True
2,PT01M14.00S,01:14,Q2 01:14,25.233333333333334,234,rebound,Knight REBOUND (Off:1 Def:2),[],Knight,0,0,,False,False,202688.0,,3pt missed,2pt missed,,,,101111|101198|201196|201943|202328|202399|202688|202713|203507|2585,201196|202399|202688|203507|2585,101111|101198|201943|202328|202713,,,1610612749.0,21301104,True
2,PT01M08.00S,01:08,Q2 01:08,25.133333333333333,235,2pt,MISS Knight 1' Layup,['pointsinthepaint'],Knight,0,0,Missed,True,False,202688.0,,rebound,block,,,,101111|101198|201196|201943|202328|202399|202688|202713|203507|2585,201196|202399|202688|203507|2585,101111|101198|201943|202328|202713,1.0,9.0,1610612749.0,21301104,True
2,PT01M08.00S,01:08,Q2 01:08,25.133333333333333,235,block,Singler BLOCK (1 BLK),[],Singler,0,0,,False,False,202713.0,,2pt missed,rebound,,,202713.0,101111|101198|201196|201943|202328|202399|202688|202713|203507|2585,101111|101198|201943|202328|202713,201196|202399|202688|203507|2585,,,1610612765.0,21301104,True
2,PT01M06.00S,01:06,Q2 01:06,25.1,236,rebound,Bynum REBOUND (Off:0 Def:2),[],Bynum,0,0,,False,False,101198.0,,block,3pt missed,,,,101111|101198|201196|201943|202328|202399|202688|202713|203507|2585,101111|101198|201943|202328|202713,201196|202399|202688|203507|2585,,,1610612765.0,21301104,True
2,PT00M54.90S,00:54,Q2 00:54,24.915,238,3pt,MISS Jennings  3PT Jump Shot,[],Jennings,0,0,Missed,True,False,201943.0,,rebound,rebound,,,,101111|101198|201196|201943|202328|202399|202688|202713|203507|2585,101111|101198|201943|202328|202713,201196|202399|202688|203507|2585,-228.0,8.0,1610612765.0,21301104,True
2,PT00M53.40S,00:53,Q2 00:53,24.89,239,rebound,Antetokounmpo REBOUND (Off:0 Def:2),[],Antetokounmpo,0,0,,False,False,203507.0,,3pt missed,2pt made,,,,101111|101198|201196|201943|202328|202399|202688|202713|203507|2585,201196|202399|202688|203507|2585,101111|101198|201943|202328|202713,,,1610612749.0,21301104,True
2,PT00M49.40S,00:49,Q2 00:49,24.823333333333334,240,2pt,Sessions  Layup (11 PTS) (Knight 5 AST),['pointsinthepaint'],Sessions,52,59,Made,True,True,201196.0,202688.0,rebound,3pt missed,,,,101111|101198|201196|201943|202328|202399|202688|202713|203507|2585,201196|202399|202688|203507|2585,101111|101198|201943|202328|202713,1.0,1.0,1610612749.0,21301104,True
2,PT00M35.90S,00:35,Q2 00:35,24.598333333333333,241,3pt,MISS Singler  3PT Jump Shot,[],Singler,0,0,Missed,True,False,202713.0,,2pt made,rebound,,,,101111|101198|201196|201943|202328|202399|202688|202713|203507|2585,101111|101198|201943|202328|202713,201196|202399|202688|203507|2585,-229.0,11.0,1610612765.0,21301104,True
2,PT00M33.90S,00:33,Q2 00:33,24.565,242,rebound,Sessions REBOUND (Off:1 Def:3),[],Sessions,0,0,,False,False,201196.0,,3pt missed,2pt missed,,,,101111|101198|201196|201943|202328|202399|202688|202713|203507|2585,201196|202399|202688|203507|2585,101111|101198|201943|202328|202713,,,1610612749.0,21301104,True
2,PT00M13.90S,00:13,Q2 00:13,24.231666666666666,243,2pt,MISS Adrien 1' Layup,['pointsinthepaint'],Adrien,0,0,Missed,True,False,202399.0,,rebound,block,,,,101111|101198|201196|201943|202328|202399|202688|202713|203507|2585,201196|202399|202688|203507|2585,101111|101198|201943|202328|202713,-8.0,12.0,1610612749.0,21301104,True
2,PT00M13.90S,00:13,Q2 00:13,24.231666666666666,243,block,Villanueva BLOCK (1 BLK),[],Villanueva,0,0,,False,False,101111.0,,2pt missed,rebound,,,101111.0,101111|101198|201196|201943|202328|202399|202688|202713|203507|2585,101111|101198|201943|202328|202713,201196|202399|202688|203507|2585,,,1610612765.0,21301104,True
2,PT00M12.70S,00:12,Q2 00:12,24.211666666666666,244,rebound,Adrien REBOUND (Off:2 Def:2),[],Adrien,0,0,,False,False,202399.0,,block,2pt made,,,,101111|101198|201196|201943|202328|202399|202688|202713|203507|2585,201196|202399|202688|203507|2585,101111|101198|201943|202328|202713,,,1610612749.0,21301104,True
2,PT00M12.00S,00:12,Q2 00:12,24.2,245,2pt,Adrien 1' Layup (14 PTS),['pointsinthepaint'],Adrien,52,61,Made,True,False,202399.0,,rebound,3pt missed,,,,101111|101198|201196|201943|202328|202399|202688|202713|203507|2585,201196|202399|202688|203507|2585,101111|101198|201943|202328|202713,1.0,11.0,1610612749.0,21301104,True
2,PT00M01.80S,00:01,Q2 00:01,24.03,246,3pt,MISS Villanueva 27' 3PT Jump Shot,[],Villanueva,0,0,Missed,True,False,101111.0,,2pt made,rebound,,,,101111|101198|201196|201943|202328|202399|202688|202713|203507|2585,101111|101198|201943|202328|202713,201196|202399|202688|203507|2585,-128.0,233.0,1610612765.0,21301104,True
2,PT00M00.00S,00:00,Q2 00:00,24.0,247,rebound,TEAM offensive REBOUND,['team'],,0,0,,False,False,0.0,,3pt missed,period,,,,101111|101198|201196|201943|202328|202399|202688|202713|203507|2585,101111|101198|201943|202328|202713,201196|202399|202688|203507|2585,,,1610612765.0,21301104,True
2,PT00M00.00S,00:00,Q2 00:00,24.0,248,period,End of 2nd Period (8:37 PM EST),[],,52,61,,False,False,0.0,,rebound,period,,,,101111|101198|201196|201943|202328|202399|202688|202713|203507|2585,101111|101198|201943|202328|202713,201196|202399|202688|203507|2585,,,1610612765.0,21301104,True
3,PT12M00.00S,12:00,Q3 12:00,24.0,250,period,Start of 3rd Period (8:54 PM EST),[],,52,61,,False,False,0.0,,period,substitution,,,,101111|101198|201196|201943|202328|202399|202688|202713|203507|2585,101111|101198|201943|202328|202713,201196|202399|202688|203507|2585,,,1610612765.0,21301104,True
3,PT11M41.00S,11:41,Q3 11:41,23.683333333333334,251,2pt,Adrien 1' Layup (16 PTS) (Knight 6 AST),['pointsinthepaint'],Adrien,52,63,Made,True,True,202399.0,202688.0,substitution,foul,,,,201196|201943|202328|202399|202688|202713|203083|203114|2585|2746,201196|202399|202688|203114|2585,201943|202328|202713|203083|2746,11.0,-5.0,1610612749.0,21301104,True
3,PT11M29.00S,11:29,Q3 11:29,23.483333333333334,252,foul,Knight P.FOUL (P2.T1),[],Knight,0,0,,False,False,202688.0,,2pt made,2pt missed,2746.0,,,201196|201943|202328|202399|202688|202713|203083|203114|2585|2746,201196|202399|202688|203114|2585,201943|202328|202713|203083|2746,,,1610612749.0,21301104,True
3,PT11M19.00S,11:19,Q3 11:19,23.316666666666666,253,2pt,MISS Smith 21' Jump Shot,[],Smith,0,0,Missed,True,False,2746.0,,foul,rebound,,,,201196|201943|202328|202399|202688|202713|203083|203114|2585|2746,201943|202328|202713|203083|2746,201196|202399|202688|203114|2585,18.0,206.0,1610612765.0,21301104,True
3,PT11M17.00S,11:17,Q3 11:17,23.28333333333333,254,rebound,Drummond REBOUND (Off:5 Def:1),[],Drummond,0,0,,False,False,203083.0,,2pt missed,2pt made,,,,201196|201943|202328|202399|202688|202713|203083|203114|2585|2746,201943|202328|202713|203083|2746,201196|202399|202688|203114|2585,,,1610612765.0,21301104,True
3,PT11M16.00S,11:16,Q3 11:16,23.266666666666666,255,2pt,Drummond  Layup (8 PTS),['pointsinthepaint'],Drummond,54,63,Made,True,False,203083.0,,rebound,2pt missed,,,,201196|201943|202328|202399|202688|202713|203083|203114|2585|2746,201943|202328|202713|203083|2746,201196|202399|202688|203114|2585,0.0,3.0,1610612765.0,21301104,True
3,PT10M59.00S,10:59,Q3 10:59,22.983333333333334,256,2pt,MISS Knight 19' Jump Shot,[],Knight,0,0,Missed,True,False,202688.0,,2pt made,rebound,,,,201196|201943|202328|202399|202688|202713|203083|203114|2585|2746,201196|202399|202688|203114|2585,201943|202328|202713|203083|2746,54.0,184.0,1610612749.0,21301104,True
3,PT10M58.00S,10:58,Q3 10:58,22.96666666666667,257,rebound,Monroe REBOUND (Off:0 Def:6),[],Monroe,0,0,,False,False,202328.0,,2pt missed,turnover,,,,201196|201943|202328|202399|202688|202713|203083|203114|2585|2746,201943|202328|202713|203083|2746,201196|202399|202688|203114|2585,,,1610612765.0,21301104,True
3,PT10M55.00S,10:55,Q3 10:55,22.916666666666664,258,turnover,Singler Traveling Turnover (P1.T6),[],Singler,0,0,,False,False,202713.0,,rebound,3pt missed,,,,201196|201943|202328|202399|202688|202713|203083|203114|2585|2746,201943|202328|202713|203083|2746,201196|202399|202688|203114|2585,,,1610612765.0,21301104,True
3,PT10M35.00S,10:35,Q3 10:35,22.583333333333336,259,3pt,MISS Middleton 24' 3PT Jump Shot,[],Middleton,0,0,Missed,True,False,203114.0,,turnover,rebound,,,,201196|201943|202328|202399|202688|202713|203083|203114|2585|2746,201196|202399|202688|203114|2585,201943|202328|202713|203083|2746,-242.0,12.0,1610612749.0,21301104,True
3,PT10M34.00S,10:34,Q3 10:34,22.566666666666666,260,rebound,Adrien REBOUND (Off:3 Def:2),[],Adrien,0,0,,False,False,202399.0,,3pt missed,2pt made,,,,201196|201943|202328|202399|202688|202713|203083|203114|2585|2746,201196|202399|202688|203114|2585,201943|202328|202713|203083|2746,,,1610612749.0,21301104,True
3,PT10M30.00S,10:30,Q3 10:30,22.5,261,2pt,Pachulia 1' Layup (8 PTS) (Adrien 1 AST),['pointsinthepaint'],Pachulia,54,65,Made,True,True,2585.0,202399.0,rebound,3pt missed,,,,201196|201943|202328|202399|202688|202713|203083|203114|2585|2746,201196|202399|202688|203114|2585,201943|202328|202713|203083|2746,-4.0,12.0,1610612749.0,21301104,True
3,PT10M13.00S,10:13,Q3 10:13,22.21666666666667,262,3pt,MISS Jennings 27' 3PT Jump Shot,[],Jennings,0,0,Missed,True,False,201943.0,,2pt made,rebound,,,,201196|201943|202328|202399|202688|202713|203083|203114|2585|2746,201943|202328|202713|203083|2746,201196|202399|202688|203114|2585,18.0,265.0,1610612765.0,21301104,True
3,PT10M12.00S,10:12,Q3 10:12,22.2,263,rebound,Knight REBOUND (Off:1 Def:3),[],Knight,0,0,,False,False,202688.0,,3pt missed,2pt missed,,,,201196|201943|202328|202399|202688|202713|203083|203114|2585|2746,201196|202399|202688|203114|2585,201943|202328|202713|203083|2746,,,1610612749.0,21301104,True
3,PT09M55.00S,09:55,Q3 09:55,21.916666666666664,264,2pt,MISS Adrien 1' Layup,['pointsinthepaint'],Adrien,0,0,Missed,True,False,202399.0,,rebound,block,,,,201196|201943|202328|202399|202688|202713|203083|203114|2585|2746,201196|202399|202688|203114|2585,201943|202328|202713|203083|2746,0.0,6.0,1610612749.0,21301104,True
3,PT09M55.00S,09:55,Q3 09:55,21.916666666666664,264,block,Smith BLOCK (1 BLK),[],Smith,0,0,,False,False,2746.0,,2pt missed,rebound,,,2746.0,201196|201943|202328|202399|202688|202713|203083|203114|2585|2746,201943|202328|202713|203083|2746,201196|202399|202688|203114|2585,,,1610612765.0,21301104,True
3,PT09M53.00S,09:53,Q3 09:53,21.883333333333333,265,rebound,Monroe REBOUND (Off:0 Def:7),[],Monroe,0,0,,False,False,202328.0,,block,2pt made,,,,201196|201943|202328|202399|202688|202713|203083|203114|2585|2746,201943|202328|202713|203083|2746,201196|202399|202688|203114|2585,,,1610612765.0,21301104,True
3,PT09M48.00S,09:48,Q3 09:48,21.8,266,2pt,Smith 5' Jump Shot (11 PTS) (Jennings 9 AST),['pointsinthepaint'],Smith,56,65,Made,True,True,2746.0,201943.0,rebound,foul,,,,201196|201943|202328|202399|202688|202713|203083|203114|2585|2746,201943|202328|202713|203083|2746,201196|202399|202688|203114|2585,-2.0,47.0,1610612765.0,21301104,True
3,PT09M26.00S,09:26,Q3 09:26,21.433333333333334,267,foul,Smith S.FOUL (P3.T1),[],Smith,0,0,,False,False,2746.0,,2pt made,freethrow,202688.0,,,201196|201943|202328|202399|202688|202713|203083|203114|2585|2746,201943|202328|202713|203083|2746,201196|202399|202688|203114|2585,,,1610612765.0,21301104,True
3,PT09M26.00S,09:26,Q3 09:26,21.433333333333334,268,freethrow,MISS Knight Free Throw 1 of 2,[],Knight,0,0,Missed,False,False,202688.0,,foul,rebound,,,,201196|201943|202328|202399|202688|202713|203083|203114|2585|2746,201196|202399|202688|203114|2585,201943|202328|202713|203083|2746,,,1610612749.0,21301104,True
3,PT09M26.00S,09:26,Q3 09:26,21.433333333333334,269,rebound,TEAM offensive REBOUND,['team'],,0,0,,False,False,0.0,,freethrow,freethrow,,,,201196|201943|202328|202399|202688|202713|203083|203114|2585|2746,201196|202399|202688|203114|2585,201943|202328|202713|203083|2746,,,1610612749.0,21301104,True
3,PT09M26.00S,09:26,Q3 09:26,21.433333333333334,270,freethrow,MISS Knight Free Throw 2 of 2,['2ndchance'],Knight,0,0,Missed,False,False,202688.0,,rebound,rebound,,,,201196|201943|202328|202399|202688|202713|203083|203114|2585|2746,201196|202399|202688|203114|2585,201943|202328|202713|203083|2746,,,1610612749.0,21301104,True
3,PT09M25.00S,09:25,Q3 09:25,21.416666666666664,272,rebound,Drummond REBOUND (Off:5 Def:2),[],Drummond,0,0,,False,False,203083.0,,freethrow,2pt missed,,,,201196|201943|202328|202399|202688|202713|203083|203114|2585|2746,201943|202328|202713|203083|2746,201196|202399|202688|203114|2585,,,1610612765.0,21301104,True
3,PT09M09.00S,09:09,Q3 09:09,21.15,273,2pt,MISS Smith 6' Jump Shot,['pointsinthepaint'],Smith,0,0,Missed,True,False,2746.0,,rebound,rebound,,,,201196|201943|202328|202399|202688|202713|203083|203114|2585|2746,201943|202328|202713|203083|2746,201196|202399|202688|203114|2585,-54.0,25.0,1610612765.0,21301104,True
3,PT09M08.00S,09:08,Q3 09:08,21.133333333333333,274,rebound,Pachulia REBOUND (Off:2 Def:6),[],Pachulia,0,0,,False,False,2585.0,,2pt missed,turnover,,,,201196|201943|202328|202399|202688|202713|203083|203114|2585|2746,201196|202399|202688|203114|2585,201943|202328|202713|203083|2746,,,1610612749.0,21301104,True
3,PT09M04.00S,09:04,Q3 09:04,21.066666666666666,275,turnover,Pachulia Traveling Turnover (P3.T8),[],Pachulia,0,0,,False,False,2585.0,,rebound,3pt made,,,,201196|201943|202328|202399|202688|202713|203083|203114|2585|2746,201196|202399|202688|203114|2585,201943|202328|202713|203083|2746,,,1610612749.0,21301104,True
3,PT08M47.00S,08:47,Q3 08:47,20.78333333333333,276,3pt,Jennings 26' 3PT Jump Shot (13 PTS) (Singler 2 AST),[],Jennings,59,65,Made,True,True,201943.0,202713.0,turnover,2pt made,,,,201196|201943|202328|202399|202688|202713|203083|203114|2585|2746,201943|202328|202713|203083|2746,201196|202399|202688|203114|2585,136.0,222.0,1610612765.0,21301104,True
3,PT08M28.00S,08:28,Q3 08:28,20.46666666666667,277,2pt,Middleton 19' Jump Shot (9 PTS) (Pachulia 6 AST),[],Middleton,59,67,Made,True,True,203114.0,2585.0,3pt made,2pt missed,,,,201196|201943|202328|202399|202688|202713|203083|203114|2585|2746,201196|202399|202688|203114|2585,201943|202328|202713|203083|2746,133.0,134.0,1610612749.0,21301104,True
3,PT08M14.00S,08:14,Q3 08:14,20.233333333333334,278,2pt,MISS Jennings 7' Jump Shot,['pointsinthepaint'],Jennings,0,0,Missed,True,False,201943.0,,2pt made,rebound,,,,201196|201943|202328|202399|202688|202713|203083|203114|2585|2746,201943|202328|202713|203083|2746,201196|202399|202688|203114|2585,-67.0,14.0,1610612765.0,21301104,True
3,PT08M13.00S,08:13,Q3 08:13,20.21666666666667,279,rebound,Drummond REBOUND (Off:6 Def:2),[],Drummond,0,0,,False,False,203083.0,,2pt missed,2pt made,,,,201196|201943|202328|202399|202688|202713|203083|203114|2585|2746,201943|202328|202713|203083|2746,201196|202399|202688|203114|2585,,,1610612765.0,21301104,True
3,PT08M12.00S,08:12,Q3 08:12,20.2,280,2pt,Drummond  Tip Shot (10 PTS),['pointsinthepaint'],Drummond,61,67,Made,True,False,203083.0,,rebound,turnover,,,,201196|201943|202328|202399|202688|202713|203083|203114|2585|2746,201943|202328|202713|203083|2746,201196|202399|202688|203114|2585,-2.0,0.0,1610612765.0,21301104,True
3,PT07M58.00S,07:58,Q3 07:58,19.96666666666667,281,turnover,Middleton Bad Pass Turnover (P2.T9),[],Middleton,0,0,,False,False,203114.0,,2pt made,steal,,,,201196|201943|202328|202399|202688|202713|203083|203114|2585|2746,201196|202399|202688|203114|2585,201943|202328|202713|203083|2746,,,1610612749.0,21301104,True
3,PT07M58.00S,07:58,Q3 07:58,19.96666666666667,281,steal,Drummond STEAL (2 STL),[],Drummond,0,0,,False,False,203083.0,,turnover,2pt missed,,203083.0,,201196|201943|202328|202399|202688|202713|203083|203114|2585|2746,201943|202328|202713|203083|2746,201196|202399|202688|203114|2585,,,1610612765.0,21301104,True
3,PT07M51.00S,07:51,Q3 07:51,19.85,282,2pt,MISS Drummond 4' Jump Shot,['pointsinthepaint'],Drummond,0,0,Missed,True,False,203083.0,,steal,block,,,,201196|201943|202328|202399|202688|202713|203083|203114|2585|2746,201943|202328|202713|203083|2746,201196|202399|202688|203114|2585,-35.0,20.0,1610612765.0,21301104,True
3,PT07M51.00S,07:51,Q3 07:51,19.85,282,block,Middleton BLOCK (1 BLK),[],Middleton,0,0,,False,False,203114.0,,2pt missed,rebound,,,203114.0,201196|201943|202328|202399|202688|202713|203083|203114|2585|2746,201196|202399|202688|203114|2585,201943|202328|202713|203083|2746,,,1610612749.0,21301104,True
3,PT07M49.00S,07:49,Q3 07:49,19.816666666666666,283,rebound,Adrien REBOUND (Off:3 Def:3),[],Adrien,0,0,,False,False,202399.0,,block,foul,,,,201196|201943|202328|202399|202688|202713|203083|203114|2585|2746,201196|202399|202688|203114|2585,201943|202328|202713|203083|2746,,,1610612749.0,21301104,True
3,PT07M47.00S,07:47,Q3 07:47,19.78333333333333,284,foul,Singler S.FOUL (P2.T2),[],Singler,0,0,,False,False,202713.0,,rebound,freethrow,201196.0,,,201196|201943|202328|202399|202688|202713|203083|203114|2585|2746,201943|202328|202713|203083|2746,201196|202399|202688|203114|2585,,,1610612765.0,21301104,True
3,PT07M47.00S,07:47,Q3 07:47,19.78333333333333,285,freethrow,Sessions Free Throw 1 of 2 (12 PTS),[],Sessions,61,68,Made,False,False,201196.0,,foul,freethrow,,,,201196|201943|202328|202399|202688|202713|203083|203114|2585|2746,201196|202399|202688|203114|2585,201943|202328|202713|203083|2746,,,1610612749.0,21301104,True
3,PT07M47.00S,07:47,Q3 07:47,19.78333333333333,287,freethrow,Sessions Free Throw 2 of 2 (13 PTS),[],Sessions,61,69,Made,False,False,201196.0,,freethrow,turnover,,,,201196|201943|202328|202399|202688|202713|203083|203114|2585|2746,201196|202399|202688|203114|2585,201943|202328|202713|203083|2746,,,1610612749.0,21301104,True
3,PT07M33.00S,07:33,Q3 07:33,19.55,289,turnover,Smith Lost Ball Turnover (P2.T7),[],Smith,0,0,,False,False,2746.0,,freethrow,steal,,,,201196|201943|202328|202399|202688|202713|203083|203114|2585|2746,201943|202328|202713|203083|2746,201196|202399|202688|203114|2585,,,1610612765.0,21301104,True
3,PT07M33.00S,07:33,Q3 07:33,19.55,289,steal,Middleton STEAL (2 STL),[],Middleton,0,0,,False,False,203114.0,,turnover,2pt made,,203114.0,,201196|201943|202328|202399|202688|202713|203083|203114|2585|2746,201196|202399|202688|203114|2585,201943|202328|202713|203083|2746,,,1610612749.0,21301104,True
3,PT07M28.00S,07:28,Q3 07:28,19.46666666666667,290,2pt,Knight 1' Layup (15 PTS) (Sessions 8 AST),['pointsinthepaint'],Knight,61,71,Made,True,True,202688.0,201196.0,steal,foul,,,,201196|201943|202328|202399|202688|202713|203083|203114|2585|2746,201196|202399|202688|203114|2585,201943|202328|202713|203083|2746,-4.0,9.0,1610612749.0,21301104,True
3,PT07M18.00S,07:18,Q3 07:18,19.3,291,foul,Middleton P.FOUL (P2.T2),[],Middleton,0,0,,False,False,203114.0,,2pt made,2pt made,202328.0,,,201196|201943|202328|202399|202688|202713|203083|203114|2585|2746,201196|202399|202688|203114|2585,201943|202328|202713|203083|2746,,,1610612749.0,21301104,True
3,PT07M14.00S,07:14,Q3 07:14,19.233333333333334,292,2pt,Monroe  Layup (12 PTS) (Smith 3 AST),['pointsinthepaint'],Monroe,63,71,Made,True,True,202328.0,2746.0,foul,foul,,,,201196|201943|202328|202399|202688|202713|203083|203114|2585|2746,201943|202328|202713|203083|2746,201196|202399|202688|203114|2585,-2.0,1.0,1610612765.0,21301104,True
3,PT06M58.00S,06:58,Q3 06:58,18.96666666666667,293,foul,Smith P.FOUL (P4.T3),[],Smith,0,0,,False,False,2746.0,,2pt made,substitution,203114.0,,,201196|201943|202328|202399|202688|202713|203083|203114|2585|2746,201943|202328|202713|203083|2746,201196|202399|202688|203114|2585,,,1610612765.0,21301104,True
3,PT06M58.00S,06:58,Q3 06:58,18.96666666666667,294,substitution,SUB out: J. Smith,[],Smith,0,0,,False,False,2746.0,,foul,substitution,,,,201196|201943|202328|202399|202688|202713|203083|203114|2585,201943|202328|202713|203083,201196|202399|202688|203114|2585,,,1610612765.0,21301104,False
3,PT06M58.00S,06:58,Q3 06:58,18.96666666666667,295,substitution,SUB in: R. Stuckey,[],Stuckey,0,0,,False,False,201155.0,,substitution,2pt missed,,,,201155|201196|201943|202328|202399|202688|202713|203083|203114|2585,201155|201943|202328|202713|203083,201196|202399|202688|203114|2585,,,1610612765.0,21301104,True
3,PT06M49.00S,06:49,Q3 06:49,18.816666666666666,295,2pt,MISS Middleton 21' Jump Shot,[],Middleton,0,0,Missed,True,False,203114.0,,substitution,rebound,,,,201155|201196|201943|202328|202399|202688|202713|203083|203114|2585,201196|202399|202688|203114|2585,201155|201943|202328|202713|203083,184.0,96.0,1610612749.0,21301104,True
3,PT06M48.00S,06:48,Q3 06:48,18.8,296,rebound,Pachulia REBOUND (Off:3 Def:6),[],Pachulia,0,0,,False,False,2585.0,,2pt missed,2pt missed,,,,201155|201196|201943|202328|202399|202688|202713|203083|203114|2585,201196|202399|202688|203114|2585,201155|201943|202328|202713|203083,,,1610612749.0,21301104,True
3,PT06M44.00S,06:44,Q3 06:44,18.733333333333334,297,2pt,MISS Adrien 1' Layup,['pointsinthepaint'],Adrien,0,0,Missed,True,False,202399.0,,rebound,rebound,,,,201155|201196|201943|202328|202399|202688|202713|203083|203114|2585,201196|202399|202688|203114|2585,201155|201943|202328|202713|203083,6.0,4.0,1610612749.0,21301104,True
3,PT06M42.00S,06:42,Q3 06:42,18.7,298,rebound,Pachulia REBOUND (Off:4 Def:6),[],Pachulia,0,0,,False,False,2585.0,,2pt missed,2pt missed,,,,201155|201196|201943|202328|202399|202688|202713|203083|203114|2585,201196|202399|202688|203114|2585,201155|201943|202328|202713|203083,,,1610612749.0,21301104,True
3,PT06M41.00S,06:41,Q3 06:41,18.683333333333334,299,2pt,MISS Pachulia  Layup,['pointsinthepaint'],Pachulia,0,0,Missed,True,False,2585.0,,rebound,rebound,,,,201155|201196|201943|202328|202399|202688|202713|203083|203114|2585,201196|202399|202688|203114|2585,201155|201943|202328|202713|203083,2.0,4.0,1610612749.0,21301104,True
3,PT06M40.00S,06:40,Q3 06:40,18.666666666666668,300,rebound,Drummond REBOUND (Off:6 Def:3),[],Drummond,0,0,,False,False,203083.0,,2pt missed,3pt made,,,,201155|201196|201943|202328|202399|202688|202713|203083|203114|2585,201155|201943|202328|202713|203083,201196|202399|202688|203114|2585,,,1610612765.0,21301104,True
3,PT06M34.00S,06:34,Q3 06:34,18.566666666666666,301,3pt,Singler  3PT Jump Shot (12 PTS) (Jennings 10 AST),[],Singler,66,71,Made,True,True,202713.0,201943.0,rebound,2pt missed,,,,201155|201196|201943|202328|202399|202688|202713|203083|203114|2585,201155|201943|202328|202713|203083,201196|202399|202688|203114|2585,-232.0,14.0,1610612765.0,21301104,True
3,PT06M13.00S,06:13,Q3 06:13,18.21666666666667,302,2pt,MISS Pachulia 7' Jump Shot,['pointsinthepaint'],Pachulia,0,0,Missed,True,False,2585.0,,3pt made,rebound,,,,201155|201196|201943|202328|202399|202688|202713|203083|203114|2585,201196|202399|202688|203114|2585,201155|201943|202328|202713|203083,65.0,12.0,1610612749.0,21301104,True
3,PT06M13.00S,06:13,Q3 06:13,18.21666666666667,303,rebound,Adrien REBOUND (Off:4 Def:3),[],Adrien,0,0,,False,False,202399.0,,2pt missed,foul,,,,201155|201196|201943|202328|202399|202688|202713|203083|203114|2585,201196|202399|202688|203114|2585,201155|201943|202328|202713|203083,,,1610612749.0,21301104,True
3,PT06M13.00S,06:13,Q3 06:13,18.21666666666667,304,foul,Singler P.FOUL (P3.T4),[],Singler,0,0,,False,False,202713.0,,rebound,foul,202688.0,,,201155|201196|201943|202328|202399|202688|202713|203083|203114|2585,201155|201943|202328|202713|203083,201196|202399|202688|203114|2585,,,1610612765.0,21301104,True
3,PT06M13.00S,06:13,Q3 06:13,18.21666666666667,305,foul,John Loyer Foul:T.FOUL,[],,0,0,,False,False,2703.0,,foul,freethrow,202688.0,,,201155|201196|201943|202328|202399|202688|202713|203083|203114|2585,201155|201943|202328|202713|203083,201196|202399|202688|203114|2585,,,0.0,21301104,True
3,PT06M13.00S,06:13,Q3 06:13,18.21666666666667,306,freethrow,MISS Knight Free Throw Technical,[],Knight,0,0,Missed,False,False,202688.0,,foul,rebound,,,,201155|201196|201943|202328|202399|202688|202713|203083|203114|2585,201196|202399|202688|203114|2585,201155|201943|202328|202713|203083,,,1610612749.0,21301104,True
3,PT06M13.00S,06:13,Q3 06:13,18.21666666666667,307,rebound,TEAM offensive REBOUND,['team'],,0,0,,False,False,0.0,,freethrow,2pt missed,,,,201155|201196|201943|202328|202399|202688|202713|203083|203114|2585,201196|202399|202688|203114|2585,201155|201943|202328|202713|203083,,,1610612749.0,21301104,True
3,PT06M03.00S,06:03,Q3 06:03,18.05,308,2pt,MISS Knight 6' Jump Shot,"['2ndchance', 'pointsinthepaint']",Knight,0,0,Missed,True,False,202688.0,,rebound,rebound,,,,201155|201196|201943|202328|202399|202688|202713|203083|203114|2585,201196|202399|202688|203114|2585,201155|201943|202328|202713|203083,54.0,19.0,1610612749.0,21301104,True
3,PT06M03.00S,06:03,Q3 06:03,18.05,309,rebound,Drummond REBOUND (Off:6 Def:4),[],Drummond,0,0,,False,False,203083.0,,2pt missed,2pt missed,,,,201155|201196|201943|202328|202399|202688|202713|203083|203114|2585,201155|201943|202328|202713|203083,201196|202399|202688|203114|2585,,,1610612765.0,21301104,True
3,PT05M47.00S,05:47,Q3 05:47,17.78333333333333,310,2pt,MISS Monroe 5' Jump Shot,['pointsinthepaint'],Monroe,0,0,Missed,True,False,202328.0,,rebound,rebound,,,,201155|201196|201943|202328|202399|202688|202713|203083|203114|2585,201155|201943|202328|202713|203083,201196|202399|202688|203114|2585,-45.0,17.0,1610612765.0,21301104,True
3,PT05M46.00S,05:46,Q3 05:46,17.766666666666666,311,rebound,Drummond REBOUND (Off:7 Def:4),[],Drummond,0,0,,False,False,203083.0,,2pt missed,timeout,,,,201155|201196|201943|202328|202399|202688|202713|203083|203114|2585,201155|201943|202328|202713|203083,201196|202399|202688|203114|2585,,,1610612765.0,21301104,True
3,PT05M43.00S,05:43,Q3 05:43,17.71666666666667,312,timeout,PISTONS Timeout: Regular (Full 3 Short 1),[],,0,0,,False,False,0.0,,rebound,3pt made,,,,201155|201196|201943|202328|202399|202688|202713|203083|203114|2585,201155|201943|202328|202713|203083,201196|202399|202688|203114|2585,,,1610612765.0,21301104,True
3,PT05M38.00S,05:38,Q3 05:38,17.633333333333333,313,3pt,Jennings 26' 3PT Jump Shot (16 PTS),[],Jennings,69,71,Made,True,False,201943.0,,timeout,2pt missed,,,,201155|201196|201943|202328|202399|202688|202713|203083|203114|2585,201155|201943|202328|202713|203083,201196|202399|202688|203114|2585,-71.0,255.0,1610612765.0,21301104,True
3,PT05M14.00S,05:14,Q3 05:14,17.233333333333334,314,2pt,MISS Adrien 22' Jump Shot,[],Adrien,0,0,Missed,True,False,202399.0,,3pt made,rebound,,,,201155|201196|201943|202328|202399|202688|202713|203083|203114|2585,201196|202399|202688|203114|2585,201155|201943|202328|202713|203083,-15.0,219.0,1610612749.0,21301104,True
3,PT05M13.00S,05:13,Q3 05:13,17.21666666666667,315,rebound,Drummond REBOUND (Off:7 Def:5),[],Drummond,0,0,,False,False,203083.0,,2pt missed,2pt made,,,,201155|201196|201943|202328|202399|202688|202713|203083|203114|2585,201155|201943|202328|202713|203083,201196|202399|202688|203114|2585,,,1610612765.0,21301104,True
3,PT05M05.00S,05:05,Q3 05:05,17.083333333333332,316,2pt,Monroe 5' Hook Shot (14 PTS) (Jennings 11 AST),['pointsinthepaint'],Monroe,71,71,Made,True,True,202328.0,201943.0,rebound,2pt missed,,,,201155|201196|201943|202328|202399|202688|202713|203083|203114|2585,201155|201943|202328|202713|203083,201196|202399|202688|203114|2585,-45.0,22.0,1610612765.0,21301104,True
3,PT04M47.00S,04:47,Q3 04:47,16.78333333333333,317,2pt,MISS Knight 6' Jump Shot,['pointsinthepaint'],Knight,0,0,Missed,True,False,202688.0,,2pt made,rebound,,,,201155|201196|201943|202328|202399|202688|202713|203083|203114|2585,201196|202399|202688|203114|2585,201155|201943|202328|202713|203083,-43.0,36.0,1610612749.0,21301104,True
3,PT04M46.00S,04:46,Q3 04:46,16.766666666666666,318,rebound,Monroe REBOUND (Off:0 Def:8),[],Monroe,0,0,,False,False,202328.0,,2pt missed,foul,,,,201155|201196|201943|202328|202399|202688|202713|203083|203114|2585,201155|201943|202328|202713|203083,201196|202399|202688|203114|2585,,,1610612765.0,21301104,True
3,PT04M45.00S,04:45,Q3 04:45,16.75,319,foul,Middleton S.FOUL (P3.T3),[],Middleton,0,0,,False,False,203114.0,,rebound,freethrow,202713.0,,,201155|201196|201943|202328|202399|202688|202713|203083|203114|2585,201196|202399|202688|203114|2585,201155|201943|202328|202713|203083,,,1610612749.0,21301104,True
3,PT04M45.00S,04:45,Q3 04:45,16.75,320,freethrow,Singler Free Throw 1 of 2 (13 PTS),[],Singler,72,71,Made,False,False,202713.0,,foul,freethrow,,,,201155|201196|201943|202328|202399|202688|202713|203083|203114|2585,201155|201943|202328|202713|203083,201196|202399|202688|203114|2585,,,1610612765.0,21301104,True
3,PT04M45.00S,04:45,Q3 04:45,16.75,324,freethrow,Singler Free Throw 2 of 2 (14 PTS),[],Singler,73,71,Made,False,False,202713.0,,freethrow,substitution,,,,201155|201196|201943|202328|202399|202688|202713|203083|203114|2585,201155|201943|202328|202713|203083,201196|202399|202688|203114|2585,,,1610612765.0,21301104,True
3,PT04M45.00S,04:45,Q3 04:45,16.75,322,substitution,SUB out: R. Sessions,[],Sessions,0,0,,False,False,201196.0,,freethrow,substitution,,,,201155|201943|202328|202399|202688|202713|203083|203114|2585,202399|202688|203114|2585,201155|201943|202328|202713|203083,,,1610612749.0,21301104,False
3,PT04M45.00S,04:45,Q3 04:45,16.75,323,substitution,SUB out: J. Adrien,[],Adrien,0,0,,False,False,202399.0,,substitution,substitution,,,,201155|201943|202328|202688|202713|203083|203114|2585,202688|203114|2585,201155|201943|202328|202713|203083,,,1610612749.0,21301104,False
3,PT04M45.00S,04:45,Q3 04:45,16.75,324,substitution,SUB in: G. Antetokounmpo,[],Antetokounmpo,0,0,,False,False,203507.0,,substitution,substitution,,,,201155|201943|202328|202688|202713|203083|203114|203507|2585,202688|203114|203507|2585,201155|201943|202328|202713|203083,,,1610612749.0,21301104,False
3,PT04M45.00S,04:45,Q3 04:45,16.75,325,substitution,SUB in: J. Henson,[],Henson,0,0,,False,False,203089.0,,substitution,2pt made,,,,201155|201943|202328|202688|202713|203083|203089|203114|203507|2585,202688|203089|203114|203507|2585,201155|201943|202328|202713|203083,,,1610612749.0,21301104,True
3,PT04M26.00S,04:26,Q3 04:26,16.433333333333334,326,2pt,Pachulia 18' Jump Shot (10 PTS) (Antetokounmpo 2 AST),[],Pachulia,73,73,Made,True,True,2585.0,203507.0,substitution,2pt missed,,,,201155|201943|202328|202688|202713|203083|203089|203114|203507|2585,202688|203089|203114|203507|2585,201155|201943|202328|202713|203083,-11.0,181.0,1610612749.0,21301104,True
3,PT04M03.00S,04:03,Q3 04:03,16.05,327,2pt,MISS Monroe 21' Jump Shot,[],Monroe,0,0,Missed,True,False,202328.0,,2pt made,rebound,,,,201155|201943|202328|202688|202713|203083|203089|203114|203507|2585,201155|201943|202328|202713|203083,202688|203089|203114|203507|2585,-16.0,208.0,1610612765.0,21301104,True
3,PT04M02.00S,04:02,Q3 04:02,16.03333333333333,328,rebound,Knight REBOUND (Off:1 Def:4),[],Knight,0,0,,False,False,202688.0,,2pt missed,foul,,,,201155|201943|202328|202688|202713|203083|203089|203114|203507|2585,202688|203089|203114|203507|2585,201155|201943|202328|202713|203083,,,1610612749.0,21301104,True
3,PT03M47.00S,03:47,Q3 03:47,15.783333333333333,329,foul,Jennings P.FOUL (P2.PN),['inpenalty'],Jennings,0,0,,False,False,201943.0,,rebound,freethrow,202688.0,,,201155|201943|202328|202688|202713|203083|203089|203114|203507|2585,201155|201943|202328|202713|203083,202688|203089|203114|203507|2585,,,1610612765.0,21301104,True
3,PT03M47.00S,03:47,Q3 03:47,15.783333333333333,330,freethrow,Knight Free Throw 1 of 2 (16 PTS),[],Knight,73,74,Made,False,False,202688.0,,foul,freethrow,,,,201155|201943|202328|202688|202713|203083|203089|203114|203507|2585,202688|203089|203114|203507|2585,201155|201943|202328|202713|203083,,,1610612749.0,21301104,True
3,PT03M47.00S,03:47,Q3 03:47,15.783333333333333,332,freethrow,Knight Free Throw 2 of 2 (17 PTS),[],Knight,73,75,Made,False,False,202688.0,,freethrow,2pt missed,,,,201155|201943|202328|202688|202713|203083|203089|203114|203507|2585,202688|203089|203114|203507|2585,201155|201943|202328|202713|203083,,,1610612749.0,21301104,True
3,PT03M32.00S,03:32,Q3 03:32,15.533333333333333,334,2pt,MISS Monroe  Layup,['pointsinthepaint'],Monroe,0,0,Missed,True,False,202328.0,,freethrow,rebound,,,,201155|201943|202328|202688|202713|203083|203089|203114|203507|2585,201155|201943|202328|202713|203083,202688|203089|203114|203507|2585,1.0,1.0,1610612765.0,21301104,True
3,PT03M31.00S,03:31,Q3 03:31,15.516666666666666,335,rebound,TEAM offensive REBOUND,['team'],,0,0,,False,False,0.0,,2pt missed,2pt made,,,,201155|201943|202328|202688|202713|203083|203089|203114|203507|2585,201155|201943|202328|202713|203083,202688|203089|203114|203507|2585,,,1610612765.0,21301104,True
3,PT03M22.00S,03:22,Q3 03:22,15.366666666666667,336,2pt,Monroe 5' Hook Shot (16 PTS),"['2ndchance', 'pointsinthepaint']",Monroe,75,75,Made,True,False,202328.0,,rebound,2pt missed,,,,201155|201943|202328|202688|202713|203083|203089|203114|203507|2585,201155|201943|202328|202713|203083,202688|203089|203114|203507|2585,-21.0,41.0,1610612765.0,21301104,True
3,PT03M03.00S,03:03,Q3 03:03,15.05,337,2pt,MISS Middleton 4' Jump Shot,['pointsinthepaint'],Middleton,0,0,Missed,True,False,203114.0,,2pt made,rebound,,,,201155|201943|202328|202688|202713|203083|203089|203114|203507|2585,202688|203089|203114|203507|2585,201155|201943|202328|202713|203083,-21.0,30.0,1610612749.0,21301104,True
3,PT03M02.00S,03:02,Q3 03:02,15.033333333333333,338,rebound,Singler REBOUND (Off:3 Def:2),[],Singler,0,0,,False,False,202713.0,,2pt missed,3pt missed,,,,201155|201943|202328|202688|202713|203083|203089|203114|203507|2585,201155|201943|202328|202713|203083,202688|203089|203114|203507|2585,,,1610612765.0,21301104,True
3,PT02M57.00S,02:57,Q3 02:57,14.95,339,3pt,MISS Jennings 27' 3PT Jump Shot,[],Jennings,0,0,Missed,True,False,201943.0,,rebound,rebound,,,,201155|201943|202328|202688|202713|203083|203089|203114|203507|2585,201155|201943|202328|202713|203083,202688|203089|203114|203507|2585,21.0,266.0,1610612765.0,21301104,True
3,PT02M56.00S,02:56,Q3 02:56,14.933333333333334,340,rebound,Knight REBOUND (Off:1 Def:5),[],Knight,0,0,,False,False,202688.0,,3pt missed,2pt missed,,,,201155|201943|202328|202688|202713|203083|203089|203114|203507|2585,202688|203089|203114|203507|2585,201155|201943|202328|202713|203083,,,1610612749.0,21301104,True
3,PT02M49.00S,02:49,Q3 02:49,14.816666666666666,341,2pt,MISS Henson  Layup,['pointsinthepaint'],Henson,0,0,Missed,True,False,203089.0,,rebound,rebound,,,,201155|201943|202328|202688|202713|203083|203089|203114|203507|2585,202688|203089|203114|203507|2585,201155|201943|202328|202713|203083,0.0,3.0,1610612749.0,21301104,True
3,PT02M48.00S,02:48,Q3 02:48,14.8,342,rebound,Drummond REBOUND (Off:7 Def:6),[],Drummond,0,0,,False,False,203083.0,,2pt missed,foul,,,,201155|201943|202328|202688|202713|203083|203089|203114|203507|2585,201155|201943|202328|202713|203083,202688|203089|203114|203507|2585,,,1610612765.0,21301104,True
3,PT02M29.00S,02:29,Q3 02:29,14.483333333333334,343,foul,Henson P.FOUL (P3.T4),[],Henson,0,0,,False,False,203089.0,,rebound,timeout,201943.0,,,201155|201943|202328|202688|202713|203083|203089|203114|203507|2585,202688|203089|203114|203507|2585,201155|201943|202328|202713|203083,,,1610612749.0,21301104,True
3,PT02M29.00S,02:29,Q3 02:29,14.483333333333334,344,timeout,Bucks Timeout: Regular (Reg.3 Short 0),[],,0,0,,False,False,0.0,,foul,substitution,,,,201155|201943|202328|202688|202713|203083|203089|203114|203507|2585,202688|203089|203114|203507|2585,201155|201943|202328|202713|203083,,,1610612749.0,21301104,True
3,PT02M29.00S,02:29,Q3 02:29,14.483333333333334,346,substitution,SUB out: K. Middleton,[],Middleton,0,0,,False,False,203114.0,,timeout,substitution,,,,201155|201943|202328|202688|202713|203083|203089|203507|2585,202688|203089|203507|2585,201155|201943|202328|202713|203083,,,1610612749.0,21301104,False
3,PT02M29.00S,02:29,Q3 02:29,14.483333333333334,347,substitution,SUB in: R. Sessions,[],Sessions,0,0,,False,False,201196.0,,substitution,2pt missed,,,,201155|201196|201943|202328|202688|202713|203083|203089|203507|2585,201196|202688|203089|203507|2585,201155|201943|202328|202713|203083,,,1610612749.0,21301104,True
3,PT02M15.00S,02:15,Q3 02:15,14.25,350,2pt,MISS Jennings 9' Jump Shot,[],Jennings,0,0,Missed,True,False,201943.0,,substitution,rebound,,,,201155|201196|201943|202328|202688|202713|203083|203089|203507|2585,201155|201943|202328|202713|203083,201196|202688|203089|203507|2585,84.0,30.0,1610612765.0,21301104,True
3,PT02M14.00S,02:14,Q3 02:14,14.233333333333334,351,rebound,Jennings REBOUND (Off:1 Def:1),[],Jennings,0,0,,False,False,201943.0,,2pt missed,2pt missed,,,,201155|201196|201943|202328|202688|202713|203083|203089|203507|2585,201155|201943|202328|202713|203083,201196|202688|203089|203507|2585,,,1610612765.0,21301104,True
3,PT02M13.00S,02:13,Q3 02:13,14.216666666666667,367,2pt,MISS Jennings 2' Layup,['pointsinthepaint'],Jennings,0,0,Missed,True,False,201943.0,,rebound,block,,,,201155|201196|201943|202328|202688|202713|203083|203089|203507|2585,201155|201943|202328|202713|203083,201196|202688|203089|203507|2585,22.0,-1.0,1610612765.0,21301104,True
3,PT02M13.00S,02:13,Q3 02:13,14.216666666666667,367,block,Pachulia BLOCK (3 BLK),[],Pachulia,0,0,,False,False,2585.0,,2pt missed,rebound,,,2585.0,201155|201196|201943|202328|202688|202713|203083|203089|203507|2585,201196|202688|203089|203507|2585,201155|201943|202328|202713|203083,,,1610612749.0,21301104,True
3,PT02M12.00S,02:12,Q3 02:12,14.2,373,rebound,Knight REBOUND (Off:1 Def:6),[],Knight,0,0,,False,False,202688.0,,block,foul,,,,201155|201196|201943|202328|202688|202713|203083|203089|203507|2585,201196|202688|203089|203507|2585,201155|201943|202328|202713|203083,,,1610612749.0,21301104,True
3,PT02M09.00S,02:09,Q3 02:09,14.15,352,foul,Drummond P.FOUL (P4.PN),['inpenalty'],Drummond,0,0,,False,False,203083.0,,rebound,freethrow,202688.0,,,201155|201196|201943|202328|202688|202713|203083|203089|203507|2585,201155|201943|202328|202713|203083,201196|202688|203089|203507|2585,,,1610612765.0,21301104,True
3,PT02M09.00S,02:09,Q3 02:09,14.15,353,freethrow,Knight Free Throw 1 of 2 (18 PTS),[],Knight,75,76,Made,False,False,202688.0,,foul,freethrow,,,,201155|201196|201943|202328|202688|202713|203083|203089|203507|2585,201196|202688|203089|203507|2585,201155|201943|202328|202713|203083,,,1610612749.0,21301104,True
3,PT02M09.00S,02:09,Q3 02:09,14.15,357,freethrow,Knight Free Throw 2 of 2 (19 PTS),[],Knight,75,77,Made,False,False,202688.0,,freethrow,substitution,,,,201155|201196|201943|202328|202688|202713|203083|203089|203507|2585,201196|202688|203089|203507|2585,201155|201943|202328|202713|203083,,,1610612749.0,21301104,True
3,PT02M09.00S,02:09,Q3 02:09,14.15,355,substitution,SUB out: A. Drummond,[],Drummond,0,0,,False,False,203083.0,,freethrow,substitution,,,,201155|201196|201943|202328|202688|202713|203089|203507|2585,201155|201943|202328|202713,201196|202688|203089|203507|2585,,,1610612765.0,21301104,False
3,PT02M09.00S,02:09,Q3 02:09,14.15,356,substitution,SUB out: Z. Pachulia,[],Pachulia,0,0,,False,False,2585.0,,substitution,substitution,,,,201155|201196|201943|202328|202688|202713|203089|203507,201196|202688|203089|203507,201155|201943|202328|202713,,,1610612749.0,21301104,False
3,PT02M09.00S,02:09,Q3 02:09,14.15,357,substitution,SUB in: J. Jerebko,[],Jerebko,0,0,,False,False,201973.0,,substitution,substitution,,,,201155|201196|201943|201973|202328|202688|202713|203089|203507,201155|201943|201973|202328|202713,201196|202688|203089|203507,,,1610612765.0,21301104,False
3,PT02M09.00S,02:09,Q3 02:09,14.15,358,substitution,SUB in: E. Udoh,[],Udoh,0,0,,False,False,202327.0,,substitution,2pt missed,,,,201155|201196|201943|201973|202327|202328|202688|202713|203089|203507,201196|202327|202688|203089|203507,201155|201943|201973|202328|202713,,,1610612749.0,21301104,True
3,PT01M57.00S,01:57,Q3 01:57,13.95,359,2pt,MISS Stuckey 18' Jump Shot,[],Stuckey,0,0,Missed,True,False,201155.0,,substitution,rebound,,,,201155|201196|201943|201973|202327|202328|202688|202713|203089|203507,201155|201943|201973|202328|202713,201196|202327|202688|203089|203507,24.0,176.0,1610612765.0,21301104,True
3,PT01M56.00S,01:56,Q3 01:56,13.933333333333334,360,rebound,Antetokounmpo REBOUND (Off:0 Def:3),[],Antetokounmpo,0,0,,False,False,203507.0,,2pt missed,foul,,,,201155|201196|201943|201973|202327|202328|202688|202713|203089|203507,201196|202327|202688|203089|203507,201155|201943|201973|202328|202713,,,1610612749.0,21301104,True
3,PT01M47.00S,01:47,Q3 01:47,13.783333333333333,361,foul,Jennings P.FOUL (P3.PN),['inpenalty'],Jennings,0,0,,False,False,201943.0,,rebound,freethrow,202688.0,,,201155|201196|201943|201973|202327|202328|202688|202713|203089|203507,201155|201943|201973|202328|202713,201196|202327|202688|203089|203507,,,1610612765.0,21301104,True
3,PT01M47.00S,01:47,Q3 01:47,13.783333333333333,362,freethrow,Knight Free Throw 1 of 2 (20 PTS),[],Knight,75,78,Made,False,False,202688.0,,foul,freethrow,,,,201155|201196|201943|201973|202327|202328|202688|202713|203089|203507,201196|202327|202688|203089|203507,201155|201943|201973|202328|202713,,,1610612749.0,21301104,True
3,PT01M47.00S,01:47,Q3 01:47,13.783333333333333,364,freethrow,Knight Free Throw 2 of 2 (21 PTS),[],Knight,75,79,Made,False,False,202688.0,,freethrow,foul,,,,201155|201196|201943|201973|202327|202328|202688|202713|203089|203507,201196|202327|202688|203089|203507,201155|201943|201973|202328|202713,,,1610612749.0,21301104,True
3,PT01M36.00S,01:36,Q3 01:36,13.6,366,foul,Udoh S.FOUL (P2.PN),['inpenalty'],Udoh,0,0,,False,False,202327.0,,freethrow,freethrow,202328.0,,,201155|201196|201943|201973|202327|202328|202688|202713|203089|203507,201196|202327|202688|203089|203507,201155|201943|201973|202328|202713,,,1610612749.0,21301104,True
3,PT01M36.00S,01:36,Q3 01:36,13.6,368,freethrow,Monroe Free Throw 1 of 2 (17 PTS),[],Monroe,76,79,Made,False,False,202328.0,,foul,freethrow,,,,201155|201196|201943|201973|202327|202328|202688|202713|203089|203507,201155|201943|201973|202328|202713,201196|202327|202688|203089|203507,,,1610612765.0,21301104,True
3,PT01M36.00S,01:36,Q3 01:36,13.6,372,freethrow,Monroe Free Throw 2 of 2 (18 PTS),[],Monroe,77,79,Made,False,False,202328.0,,freethrow,substitution,,,,201155|201196|201943|201973|202327|202328|202688|202713|203089|203507,201155|201943|201973|202328|202713,201196|202327|202688|203089|203507,,,1610612765.0,21301104,True
3,PT01M36.00S,01:36,Q3 01:36,13.6,370,substitution,SUB out: K. Singler,[],Singler,0,0,,False,False,202713.0,,freethrow,substitution,,,,201155|201196|201943|201973|202327|202328|202688|203089|203507,201155|201943|201973|202328,201196|202327|202688|203089|203507,,,1610612765.0,21301104,False
3,PT01M36.00S,01:36,Q3 01:36,13.6,371,substitution,SUB in: K. Caldwell-Pope,[],Caldwell-Pope,0,0,,False,False,203484.0,,substitution,foul,,,,201155|201196|201943|201973|202327|202328|202688|203089|203484|203507,201155|201943|201973|202328|203484,201196|202327|202688|203089|203507,,,1610612765.0,21301104,True
3,PT01M21.00S,01:21,Q3 01:21,13.35,375,foul,Jennings S.FOUL (P4.PN),['inpenalty'],Jennings,0,0,,False,False,201943.0,,substitution,freethrow,201196.0,,,201155|201196|201943|201973|202327|202328|202688|203089|203484|203507,201155|201943|201973|202328|203484,201196|202327|202688|203089|203507,,,1610612765.0,21301104,True
3,PT01M21.00S,01:21,Q3 01:21,13.35,376,freethrow,Sessions Free Throw 1 of 2 (14 PTS),[],Sessions,77,80,Made,False,False,201196.0,,foul,freethrow,,,,201155|201196|201943|201973|202327|202328|202688|203089|203484|203507,201196|202327|202688|203089|203507,201155|201943|201973|202328|203484,,,1610612749.0,21301104,True
3,PT01M21.00S,01:21,Q3 01:21,13.35,379,freethrow,Sessions Free Throw 2 of 2 (15 PTS),[],Sessions,77,81,Made,False,False,201196.0,,freethrow,substitution,,,,201155|201196|201943|201973|202327|202328|202688|203089|203484|203507,201196|202327|202688|203089|203507,201155|201943|201973|202328|203484,,,1610612749.0,21301104,True
3,PT01M21.00S,01:21,Q3 01:21,13.35,378,substitution,SUB out: B. Jennings,[],Jennings,0,0,,False,False,201943.0,,freethrow,substitution,,,,201155|201196|201973|202327|202328|202688|203089|203484|203507,201155|201973|202328|203484,201196|202327|202688|203089|203507,,,1610612765.0,21301104,False
3,PT01M21.00S,01:21,Q3 01:21,13.35,379,substitution,SUB in: W. Bynum,[],Bynum,0,0,,False,False,101198.0,,substitution,2pt missed,,,,101198|201155|201196|201973|202327|202328|202688|203089|203484|203507,101198|201155|201973|202328|203484,201196|202327|202688|203089|203507,,,1610612765.0,21301104,True
3,PT01M00.00S,01:00,Q3 01:00,13.0,381,2pt,MISS Stuckey 7' Jump Shot,['pointsinthepaint'],Stuckey,0,0,Missed,True,False,201155.0,,substitution,rebound,,,,101198|201155|201196|201973|202327|202328|202688|203089|203484|203507,101198|201155|201973|202328|203484,201196|202327|202688|203089|203507,61.0,28.0,1610612765.0,21301104,True
3,PT00M59.90S,00:59,Q3 00:59,12.998333333333333,382,rebound,Monroe REBOUND (Off:1 Def:8),[],Monroe,0,0,,False,False,202328.0,,2pt missed,2pt missed,,,,101198|201155|201196|201973|202327|202328|202688|203089|203484|203507,101198|201155|201973|202328|203484,201196|202327|202688|203089|203507,,,1610612765.0,21301104,True
3,PT00M58.90S,00:58,Q3 00:58,12.981666666666667,383,2pt,MISS Monroe 1' Layup,['pointsinthepaint'],Monroe,0,0,Missed,True,False,202328.0,,rebound,rebound,,,,101198|201155|201196|201973|202327|202328|202688|203089|203484|203507,101198|201155|201973|202328|203484,201196|202327|202688|203089|203507,0.0,7.0,1610612765.0,21301104,True
3,PT00M57.70S,00:57,Q3 00:57,12.961666666666666,384,rebound,Monroe REBOUND (Off:2 Def:8),[],Monroe,0,0,,False,False,202328.0,,2pt missed,2pt missed,,,,101198|201155|201196|201973|202327|202328|202688|203089|203484|203507,101198|201155|201973|202328|203484,201196|202327|202688|203089|203507,,,1610612765.0,21301104,True
3,PT00M54.90S,00:54,Q3 00:54,12.915,385,2pt,MISS Monroe  Tip Shot,['pointsinthepaint'],Monroe,0,0,Missed,True,False,202328.0,,rebound,rebound,,,,101198|201155|201196|201973|202327|202328|202688|203089|203484|203507,101198|201155|201973|202328|203484,201196|202327|202688|203089|203507,1.0,0.0,1610612765.0,21301104,True
3,PT00M53.90S,00:53,Q3 00:53,12.898333333333333,386,rebound,Henson REBOUND (Off:0 Def:2),[],Henson,0,0,,False,False,203089.0,,2pt missed,foul,,,,101198|201155|201196|201973|202327|202328|202688|203089|203484|203507,201196|202327|202688|203089|203507,101198|201155|201973|202328|203484,,,1610612749.0,21301104,True
3,PT00M51.80S,00:51,Q3 00:51,12.863333333333333,387,foul,Caldwell-Pope S.FOUL (P1.PN),['inpenalty'],Caldwell-Pope,0,0,,False,False,203484.0,,rebound,freethrow,203507.0,,,101198|201155|201196|201973|202327|202328|202688|203089|203484|203507,101198|201155|201973|202328|203484,201196|202327|202688|203089|203507,,,1610612765.0,21301104,True
3,PT00M51.80S,00:51,Q3 00:51,12.863333333333333,388,freethrow,MISS Antetokounmpo Free Throw 1 of 2,[],Antetokounmpo,0,0,Missed,False,False,203507.0,,foul,rebound,,,,101198|201155|201196|201973|202327|202328|202688|203089|203484|203507,201196|202327|202688|203089|203507,101198|201155|201973|202328|203484,,,1610612749.0,21301104,True
3,PT00M51.80S,00:51,Q3 00:51,12.863333333333333,389,rebound,TEAM offensive REBOUND,['team'],,0,0,,False,False,0.0,,freethrow,freethrow,,,,101198|201155|201196|201973|202327|202328|202688|203089|203484|203507,201196|202327|202688|203089|203507,101198|201155|201973|202328|203484,,,1610612749.0,21301104,True
3,PT00M51.80S,00:51,Q3 00:51,12.863333333333333,390,freethrow,Antetokounmpo Free Throw 2 of 2 (9 PTS),['2ndchance'],Antetokounmpo,77,82,Made,False,False,203507.0,,rebound,2pt made,,,,101198|201155|201196|201973|202327|202328|202688|203089|203484|203507,201196|202327|202688|203089|203507,101198|201155|201973|202328|203484,,,1610612749.0,21301104,True
3,PT00M41.70S,00:41,Q3 00:41,12.695,392,2pt,Bynum 18' Jump Shot (4 PTS),[],Bynum,79,82,Made,True,False,101198.0,,freethrow,turnover,,,,101198|201155|201196|201973|202327|202328|202688|203089|203484|203507,101198|201155|201973|202328|203484,201196|202327|202688|203089|203507,-138.0,110.0,1610612765.0,21301104,True
3,PT00M28.90S,00:28,Q3 00:28,12.481666666666667,393,turnover,Udoh Bad Pass Turnover (P1.T10),[],Udoh,0,0,,False,False,202327.0,,2pt made,steal,,,,101198|201155|201196|201973|202327|202328|202688|203089|203484|203507,201196|202327|202688|203089|203507,101198|201155|201973|202328|203484,,,1610612749.0,21301104,True
3,PT00M28.90S,00:28,Q3 00:28,12.481666666666667,393,steal,Bynum STEAL (1 STL),[],Bynum,0,0,,False,False,101198.0,,turnover,foul,,101198.0,,101198|201155|201196|201973|202327|202328|202688|203089|203484|203507,101198|201155|201973|202328|203484,201196|202327|202688|203089|203507,,,1610612765.0,21301104,True
3,PT00M25.60S,00:25,Q3 00:25,12.426666666666666,394,foul,Knight P.FOUL (P3.PN),['inpenalty'],Knight,0,0,,False,False,202688.0,,steal,freethrow,101198.0,,,101198|201155|201196|201973|202327|202328|202688|203089|203484|203507,201196|202327|202688|203089|203507,101198|201155|201973|202328|203484,,,1610612749.0,21301104,True
3,PT00M25.60S,00:25,Q3 00:25,12.426666666666666,395,freethrow,Bynum Free Throw 1 of 2 (5 PTS),[],Bynum,80,82,Made,False,False,101198.0,,foul,freethrow,,,,101198|201155|201196|201973|202327|202328|202688|203089|203484|203507,101198|201155|201973|202328|203484,201196|202327|202688|203089|203507,,,1610612765.0,21301104,True
3,PT00M25.60S,00:25,Q3 00:25,12.426666666666666,397,freethrow,Bynum Free Throw 2 of 2 (6 PTS),[],Bynum,81,82,Made,False,False,101198.0,,freethrow,2pt missed,,,,101198|201155|201196|201973|202327|202328|202688|203089|203484|203507,101198|201155|201973|202328|203484,201196|202327|202688|203089|203507,,,1610612765.0,21301104,True
3,PT00M03.50S,00:03,Q3 00:03,12.058333333333334,399,2pt,MISS Henson 7' Hook Shot,['pointsinthepaint'],Henson,0,0,Missed,True,False,203089.0,,freethrow,rebound,,,,101198|201155|201196|201973|202327|202328|202688|203089|203484|203507,201196|202327|202688|203089|203507,101198|201155|201973|202328|203484,-65.0,34.0,1610612749.0,21301104,True
3,PT00M02.00S,00:02,Q3 00:02,12.033333333333333,400,rebound,Jerebko REBOUND (Off:1 Def:4),[],Jerebko,0,0,,False,False,201973.0,,2pt missed,3pt missed,,,,101198|201155|201196|201973|202327|202328|202688|203089|203484|203507,101198|201155|201973|202328|203484,201196|202327|202688|203089|203507,,,1610612765.0,21301104,True
3,PT00M01.00S,00:01,Q3 00:01,12.016666666666667,401,3pt,MISS Jerebko 56' 3PT Jump Shot,[],Jerebko,0,0,Missed,True,False,201973.0,,rebound,rebound,,,,101198|201155|201196|201973|202327|202328|202688|203089|203484|203507,101198|201155|201973|202328|203484,201196|202327|202688|203089|203507,-2.0,558.0,1610612765.0,21301104,True
3,PT00M00.00S,00:00,Q3 00:00,12.0,402,rebound,TEAM offensive REBOUND,['team'],,0,0,,False,False,0.0,,3pt missed,period,,,,101198|201155|201196|201973|202327|202328|202688|203089|203484|203507,101198|201155|201973|202328|203484,201196|202327|202688|203089|203507,,,1610612765.0,21301104,True
3,PT00M00.00S,00:00,Q3 00:00,12.0,403,period,End of 3rd Period (9:24 PM EST),[],,81,82,,False,False,0.0,,rebound,period,,,,101198|201155|201196|201973|202327|202328|202688|203089|203484|203507,101198|201155|201973|202328|203484,201196|202327|202688|203089|203507,,,1610612765.0,21301104,True
4,PT12M00.00S,12:00,Q4 12:00,12.0,405,period,Start of 4th Period (9:26 PM EST),[],,81,82,,False,False,0.0,,period,2pt missed,,,,101198|201155|201196|201973|202327|202328|202688|203089|203484|203507,101198|201155|201973|202328|203484,201196|202327|202688|203089|203507,,,1610612765.0,21301104,True
4,PT11M49.00S,11:49,Q4 11:49,11.816666666666666,406,2pt,MISS Monroe 1' Layup,['pointsinthepaint'],Monroe,0,0,Missed,True,False,202328.0,,period,rebound,,,,101198|201155|201196|201973|202327|202328|202688|203089|203484|203507,101198|201155|201973|202328|203484,201196|202327|202688|203089|203507,-7.0,7.0,1610612765.0,21301104,True
4,PT11M47.00S,11:47,Q4 11:47,11.783333333333333,407,rebound,Henson REBOUND (Off:0 Def:3),[],Henson,0,0,,False,False,203089.0,,2pt missed,foul,,,,101198|201155|201196|201973|202327|202328|202688|203089|203484|203507,201196|202327|202688|203089|203507,101198|201155|201973|202328|203484,,,1610612749.0,21301104,True
4,PT11M28.00S,11:28,Q4 11:28,11.466666666666667,408,foul,Jerebko S.FOUL (P3.T1),[],Jerebko,0,0,,False,False,201973.0,,rebound,freethrow,201196.0,,,101198|201155|201196|201973|202327|202328|202688|203089|203484|203507,101198|201155|201973|202328|203484,201196|202327|202688|203089|203507,,,1610612765.0,21301104,True
4,PT11M28.00S,11:28,Q4 11:28,11.466666666666667,409,freethrow,Sessions Free Throw 1 of 2 (16 PTS),[],Sessions,81,83,Made,False,False,201196.0,,foul,freethrow,,,,101198|201155|201196|201973|202327|202328|202688|203089|203484|203507,201196|202327|202688|203089|203507,101198|201155|201973|202328|203484,,,1610612749.0,21301104,True
4,PT11M28.00S,11:28,Q4 11:28,11.466666666666667,413,freethrow,MISS Sessions Free Throw 2 of 2,[],Sessions,0,0,Missed,False,False,201196.0,,freethrow,rebound,,,,101198|201155|201196|201973|202327|202328|202688|203089|203484|203507,201196|202327|202688|203089|203507,101198|201155|201973|202328|203484,,,1610612749.0,21301104,True
4,PT11M28.00S,11:28,Q4 11:28,11.466666666666667,415,rebound,Monroe REBOUND (Off:2 Def:9),[],Monroe,0,0,,False,False,202328.0,,freethrow,substitution,,,,101198|201155|201196|201973|202327|202328|202688|203089|203484|203507,101198|201155|201973|202328|203484,201196|202327|202688|203089|203507,,,1610612765.0,21301104,True
4,PT11M28.00S,11:28,Q4 11:28,11.466666666666667,412,substitution,SUB out: B. Knight,[],Knight,0,0,,False,False,202688.0,,rebound,substitution,,,,101198|201155|201196|201973|202327|202328|203089|203484|203507,201196|202327|203089|203507,101198|201155|201973|202328|203484,,,1610612749.0,21301104,False
4,PT11M28.00S,11:28,Q4 11:28,11.466666666666667,413,substitution,SUB in: K. Middleton,[],Middleton,0,0,,False,False,203114.0,,substitution,2pt missed,,,,101198|201155|201196|201973|202327|202328|203089|203114|203484|203507,201196|202327|203089|203114|203507,101198|201155|201973|202328|203484,,,1610612749.0,21301104,True
4,PT11M09.00S,11:09,Q4 11:09,11.15,416,2pt,MISS Bynum 16' Jump Shot,[],Bynum,0,0,Missed,True,False,101198.0,,substitution,rebound,,,,101198|201155|201196|201973|202327|202328|203089|203114|203484|203507,101198|201155|201973|202328|203484,201196|202327|203089|203114|203507,28.0,162.0,1610612765.0,21301104,True
4,PT11M08.00S,11:08,Q4 11:08,11.133333333333333,417,rebound,Jerebko REBOUND (Off:2 Def:4),[],Jerebko,0,0,,False,False,201973.0,,2pt missed,2pt made,,,,101198|201155|201196|201973|202327|202328|203089|203114|203484|203507,101198|201155|201973|202328|203484,201196|202327|203089|203114|203507,,,1610612765.0,21301104,True
4,PT10M54.00S,10:54,Q4 10:54,10.9,418,2pt,Monroe 5' Hook Shot (20 PTS),['pointsinthepaint'],Monroe,83,83,Made,True,False,202328.0,,rebound,foul,,,,101198|201155|201196|201973|202327|202328|203089|203114|203484|203507,101198|201155|201973|202328|203484,201196|202327|203089|203114|203507,-48.0,22.0,1610612765.0,21301104,True
4,PT10M54.00S,10:54,Q4 10:54,10.9,419,foul,Udoh S.FOUL (P3.T1),[],Udoh,0,0,,False,False,202327.0,,2pt made,freethrow,202328.0,,,101198|201155|201196|201973|202327|202328|203089|203114|203484|203507,201196|202327|203089|203114|203507,101198|201155|201973|202328|203484,,,1610612749.0,21301104,True
4,PT10M54.00S,10:54,Q4 10:54,10.9,420,freethrow,MISS Monroe Free Throw 1 of 1,[],Monroe,0,0,Missed,False,False,202328.0,,foul,rebound,,,,101198|201155|201196|201973|202327|202328|203089|203114|203484|203507,101198|201155|201973|202328|203484,201196|202327|203089|203114|203507,,,1610612765.0,21301104,True
4,PT10M51.00S,10:51,Q4 10:51,10.85,421,rebound,Henson REBOUND (Off:0 Def:4),[],Henson,0,0,,False,False,203089.0,,freethrow,2pt missed,,,,101198|201155|201196|201973|202327|202328|203089|203114|203484|203507,201196|202327|203089|203114|203507,101198|201155|201973|202328|203484,,,1610612749.0,21301104,True
4,PT10M36.00S,10:36,Q4 10:36,10.6,422,2pt,MISS Sessions 18' Jump Shot,[],Sessions,0,0,Missed,True,False,201196.0,,rebound,rebound,,,,101198|201155|201196|201973|202327|202328|203089|203114|203484|203507,201196|202327|203089|203114|203507,101198|201155|201973|202328|203484,155.0,96.0,1610612749.0,21301104,True
4,PT10M35.00S,10:35,Q4 10:35,10.583333333333334,423,rebound,Udoh REBOUND (Off:1 Def:3),[],Udoh,0,0,,False,False,202327.0,,2pt missed,2pt made,,,,101198|201155|201196|201973|202327|202328|203089|203114|203484|203507,201196|202327|203089|203114|203507,101198|201155|201973|202328|203484,,,1610612749.0,21301104,True
4,PT10M32.00S,10:32,Q4 10:32,10.533333333333333,424,2pt,Henson 1' Layup (3 PTS),['pointsinthepaint'],Henson,83,85,Made,True,False,203089.0,,rebound,2pt missed,,,,101198|201155|201196|201973|202327|202328|203089|203114|203484|203507,201196|202327|203089|203114|203507,101198|201155|201973|202328|203484,7.0,0.0,1610612749.0,21301104,True
4,PT10M15.00S,10:15,Q4 10:15,10.25,425,2pt,MISS Jerebko 1' Layup,['pointsinthepaint'],Jerebko,0,0,Missed,True,False,201973.0,,2pt made,rebound,,,,101198|201155|201196|201973|202327|202328|203089|203114|203484|203507,101198|201155|201973|202328|203484,201196|202327|203089|203114|203507,-7.0,3.0,1610612765.0,21301104,True
4,PT10M14.00S,10:14,Q4 10:14,10.233333333333333,426,rebound,Monroe REBOUND (Off:3 Def:9),[],Monroe,0,0,,False,False,202328.0,,2pt missed,2pt made,,,,101198|201155|201196|201973|202327|202328|203089|203114|203484|203507,101198|201155|201973|202328|203484,201196|202327|203089|203114|203507,,,1610612765.0,21301104,True
4,PT10M13.00S,10:13,Q4 10:13,10.216666666666667,427,2pt,Monroe  Tip Shot (22 PTS),['pointsinthepaint'],Monroe,85,85,Made,True,False,202328.0,,rebound,turnover,,,,101198|201155|201196|201973|202327|202328|203089|203114|203484|203507,101198|201155|201973|202328|203484,201196|202327|203089|203114|203507,1.0,-3.0,1610612765.0,21301104,True
4,PT10M01.00S,10:01,Q4 10:01,10.016666666666667,428,turnover,Henson Traveling Turnover (P2.T11),[],Henson,0,0,,False,False,203089.0,,2pt made,substitution,,,,101198|201155|201196|201973|202327|202328|203089|203114|203484|203507,201196|202327|203089|203114|203507,101198|201155|201973|202328|203484,,,1610612749.0,21301104,True
4,PT10M01.00S,10:01,Q4 10:01,10.016666666666667,429,substitution,SUB out: G. Monroe,[],Monroe,0,0,,False,False,202328.0,,turnover,substitution,,,,101198|201155|201196|201973|202327|203089|203114|203484|203507,101198|201155|201973|203484,201196|202327|203089|203114|203507,,,1610612765.0,21301104,False
4,PT10M01.00S,10:01,Q4 10:01,10.016666666666667,430,substitution,SUB in: J. Smith,[],Smith,0,0,,False,False,2746.0,,substitution,turnover,,,,101198|201155|201196|201973|202327|203089|203114|203484|203507|2746,101198|201155|201973|203484|2746,201196|202327|203089|203114|203507,,,1610612765.0,21301104,True
4,PT09M39.00S,09:39,Q4 09:39,9.65,430,turnover,Stuckey Bad Pass Turnover (P2.T8),[],Stuckey,0,0,,False,False,201155.0,,substitution,steal,,,,101198|201155|201196|201973|202327|203089|203114|203484|203507|2746,101198|201155|201973|203484|2746,201196|202327|203089|203114|203507,,,1610612765.0,21301104,True
4,PT09M39.00S,09:39,Q4 09:39,9.65,430,steal,Antetokounmpo STEAL (1 STL),[],Antetokounmpo,0,0,,False,False,203507.0,,turnover,foul,,203507.0,,101198|201155|201196|201973|202327|203089|203114|203484|203507|2746,201196|202327|203089|203114|203507,101198|201155|201973|203484|2746,,,1610612749.0,21301104,True
4,PT09M39.00S,09:39,Q4 09:39,9.65,431,foul,Stuckey FLAGRANT.FOUL.TYPE1 (P1.T2),[],Stuckey,0,0,,False,False,201155.0,,steal,instant replay,203507.0,,,101198|201155|201196|201973|202327|203089|203114|203484|203507|2746,101198|201155|201973|203484|2746,201196|202327|203089|203114|203507,,,1610612765.0,21301104,True
4,PT09M39.00S,09:39,Q4 09:39,9.65,434,freethrow,Antetokounmpo Free Throw Flagrant 1 of 2 (10 PTS),[],Antetokounmpo,85,86,Made,False,False,203507.0,,instant replay,freethrow,,,,101198|201155|201196|201973|202327|203089|203114|203484|203507|2746,201196|202327|203089|203114|203507,101198|201155|201973|203484|2746,,,1610612749.0,21301104,True
4,PT09M39.00S,09:39,Q4 09:39,9.65,436,freethrow,Antetokounmpo Free Throw Flagrant 2 of 2 (11 PTS),[],Antetokounmpo,85,87,Made,False,False,203507.0,,freethrow,substitution,,,,101198|201155|201196|201973|202327|203089|203114|203484|203507|2746,201196|202327|203089|203114|203507,101198|201155|201973|203484|2746,,,1610612749.0,21301104,True
4,PT09M39.00S,09:39,Q4 09:39,9.65,433,substitution,SUB out: R. Stuckey,[],Stuckey,0,0,,False,False,201155.0,,freethrow,substitution,,,,101198|201196|201973|202327|203089|203114|203484|203507|2746,101198|201973|203484|2746,201196|202327|203089|203114|203507,,,1610612765.0,21301104,False
4,PT09M39.00S,09:39,Q4 09:39,9.65,434,substitution,SUB in: B. Jennings,[],Jennings,0,0,,False,False,201943.0,,substitution,3pt made,,,,101198|201196|201943|201973|202327|203089|203114|203484|203507|2746,101198|201943|201973|203484|2746,201196|202327|203089|203114|203507,,,1610612765.0,21301104,True
4,PT09M27.00S,09:27,Q4 09:27,9.45,438,3pt,Antetokounmpo 26' 3PT Jump Shot (14 PTS) (Sessions 9 AST),[],Antetokounmpo,85,90,Made,True,True,203507.0,201196.0,substitution,2pt missed,,,,101198|201196|201943|201973|202327|203089|203114|203484|203507|2746,201196|202327|203089|203114|203507,101198|201943|201973|203484|2746,-142.0,222.0,1610612749.0,21301104,True
4,PT09M13.00S,09:13,Q4 09:13,9.216666666666667,439,2pt,MISS Smith 20' Jump Shot,[],Smith,0,0,Missed,True,False,2746.0,,3pt made,rebound,,,,101198|201196|201943|201973|202327|203089|203114|203484|203507|2746,101198|201943|201973|203484|2746,201196|202327|203089|203114|203507,-90.0,184.0,1610612765.0,21301104,True
4,PT09M11.00S,09:11,Q4 09:11,9.183333333333334,440,rebound,Antetokounmpo REBOUND (Off:0 Def:4),[],Antetokounmpo,0,0,,False,False,203507.0,,2pt missed,foul,,,,101198|201196|201943|201973|202327|203089|203114|203484|203507|2746,201196|202327|203089|203114|203507,101198|201943|201973|203484|2746,,,1610612749.0,21301104,True
4,PT09M03.00S,09:03,Q4 09:03,9.05,441,foul,Bynum P.FOUL (P1.T3),[],Bynum,0,0,,False,False,101198.0,,rebound,2pt made,202327.0,,,101198|201196|201943|201973|202327|203089|203114|203484|203507|2746,101198|201943|201973|203484|2746,201196|202327|203089|203114|203507,,,1610612765.0,21301104,True
4,PT08M53.00S,08:53,Q4 08:53,8.883333333333333,442,2pt,Udoh 1' Layup (3 PTS) (Sessions 10 AST),['pointsinthepaint'],Udoh,85,92,Made,True,True,202327.0,201196.0,foul,2pt made,,,,101198|201196|201943|201973|202327|203089|203114|203484|203507|2746,201196|202327|203089|203114|203507,101198|201943|201973|203484|2746,7.0,0.0,1610612749.0,21301104,True
4,PT08M34.00S,08:34,Q4 08:34,8.566666666666666,443,2pt,Bynum 1' Driving Layup (8 PTS),['pointsinthepaint'],Bynum,87,92,Made,True,False,101198.0,,2pt made,2pt missed,,,,101198|201196|201943|201973|202327|203089|203114|203484|203507|2746,101198|201943|201973|203484|2746,201196|202327|203089|203114|203507,0.0,6.0,1610612765.0,21301104,True
4,PT08M16.00S,08:16,Q4 08:16,8.266666666666667,444,2pt,MISS Middleton 13' Jump Shot,[],Middleton,0,0,Missed,True,False,203114.0,,2pt made,rebound,,,,101198|201196|201943|201973|202327|203089|203114|203484|203507|2746,201196|202327|203089|203114|203507,101198|201943|201973|203484|2746,-112.0,58.0,1610612749.0,21301104,True
4,PT08M14.00S,08:14,Q4 08:14,8.233333333333333,445,rebound,Caldwell-Pope REBOUND (Off:0 Def:1),[],Caldwell-Pope,0,0,,False,False,203484.0,,2pt missed,3pt missed,,,,101198|201196|201943|201973|202327|203089|203114|203484|203507|2746,101198|201943|201973|203484|2746,201196|202327|203089|203114|203507,,,1610612765.0,21301104,True
4,PT07M56.00S,07:56,Q4 07:56,7.933333333333334,446,3pt,MISS Smith 27' 3PT Jump Shot,[],Smith,0,0,Missed,True,False,2746.0,,rebound,rebound,,,,101198|201196|201943|201973|202327|203089|203114|203484|203507|2746,101198|201943|201973|203484|2746,201196|202327|203089|203114|203507,77.0,257.0,1610612765.0,21301104,True
4,PT07M55.00S,07:55,Q4 07:55,7.916666666666667,447,rebound,Jerebko REBOUND (Off:3 Def:4),[],Jerebko,0,0,,False,False,201973.0,,3pt missed,3pt made,,,,101198|201196|201943|201973|202327|203089|203114|203484|203507|2746,101198|201943|201973|203484|2746,201196|202327|203089|203114|203507,,,1610612765.0,21301104,True
4,PT07M52.00S,07:52,Q4 07:52,7.866666666666667,448,3pt,Jennings 27' 3PT Jump Shot (19 PTS) (Jerebko 1 AST),[],Jennings,90,92,Made,True,True,201943.0,201973.0,rebound,timeout,,,,101198|201196|201943|201973|202327|203089|203114|203484|203507|2746,101198|201943|201973|203484|2746,201196|202327|203089|203114|203507,-13.0,269.0,1610612765.0,21301104,True
4,PT07M52.00S,07:52,Q4 07:52,7.866666666666667,449,timeout,Bucks Timeout: Regular (Reg.4 Short 0),[],,0,0,,False,False,0.0,,3pt made,substitution,,,,101198|201196|201943|201973|202327|203089|203114|203484|203507|2746,201196|202327|203089|203114|203507,101198|201943|201973|203484|2746,,,1610612749.0,21301104,True
4,PT07M52.00S,07:52,Q4 07:52,7.866666666666667,451,substitution,SUB out: J. Jerebko,[],Jerebko,0,0,,False,False,201973.0,,timeout,substitution,,,,101198|201196|201943|202327|203089|203114|203484|203507|2746,101198|201943|203484|2746,201196|202327|203089|203114|203507,,,1610612765.0,21301104,False
4,PT07M52.00S,07:52,Q4 07:52,7.866666666666667,452,substitution,SUB in: A. Drummond,[],Drummond,0,0,,False,False,203083.0,,substitution,2pt made,,,,101198|201196|201943|202327|203083|203089|203114|203484|203507|2746,101198|201943|203083|203484|2746,201196|202327|203089|203114|203507,,,1610612765.0,21301104,True
4,PT07M35.00S,07:35,Q4 07:35,7.583333333333333,452,2pt,Henson 5' Hook Shot (5 PTS) (Middleton 1 AST),['pointsinthepaint'],Henson,90,94,Made,True,True,203089.0,203114.0,substitution,turnover,,,,101198|201196|201943|202327|203083|203089|203114|203484|203507|2746,201196|202327|203089|203114|203507,101198|201943|203083|203484|2746,31.0,42.0,1610612749.0,21301104,True
4,PT07M16.00S,07:16,Q4 07:16,7.266666666666667,453,turnover,Smith Traveling Turnover (P3.T9),[],Smith,0,0,,False,False,2746.0,,2pt made,foul,,,,101198|201196|201943|202327|203083|203089|203114|203484|203507|2746,101198|201943|203083|203484|2746,201196|202327|203089|203114|203507,,,1610612765.0,21301104,True
4,PT07M03.00S,07:03,Q4 07:03,7.05,455,foul,Bynum S.FOUL (P2.T4),[],Bynum,0,0,,False,False,101198.0,,turnover,freethrow,201196.0,,,101198|201196|201943|202327|203083|203089|203114|203484|203507|2746,101198|201943|203083|203484|2746,201196|202327|203089|203114|203507,,,1610612765.0,21301104,True
4,PT07M03.00S,07:03,Q4 07:03,7.05,456,freethrow,Sessions Free Throw 1 of 2 (17 PTS),[],Sessions,90,95,Made,False,False,201196.0,,foul,freethrow,,,,101198|201196|201943|202327|203083|203089|203114|203484|203507|2746,201196|202327|203089|203114|203507,101198|201943|203083|203484|2746,,,1610612749.0,21301104,True
4,PT07M03.00S,07:03,Q4 07:03,7.05,459,freethrow,Sessions Free Throw 2 of 2 (18 PTS),[],Sessions,90,96,Made,False,False,201196.0,,freethrow,substitution,,,,101198|201196|201943|202327|203083|203089|203114|203484|203507|2746,201196|202327|203089|203114|203507,101198|201943|203083|203484|2746,,,1610612749.0,21301104,True
4,PT07M03.00S,07:03,Q4 07:03,7.05,458,substitution,SUB out: K. Caldwell-Pope,[],Caldwell-Pope,0,0,,False,False,203484.0,,freethrow,substitution,,,,101198|201196|201943|202327|203083|203089|203114|203507|2746,101198|201943|203083|2746,201196|202327|203089|203114|203507,,,1610612765.0,21301104,False
4,PT07M03.00S,07:03,Q4 07:03,7.05,459,substitution,SUB in: G. Monroe,[],Monroe,0,0,,False,False,202328.0,,substitution,2pt made,,,,101198|201196|201943|202327|202328|203083|203089|203114|203507|2746,101198|201943|202328|203083|2746,201196|202327|203089|203114|203507,,,1610612765.0,21301104,True
4,PT06M48.00S,06:48,Q4 06:48,6.8,461,2pt,Monroe 3' Hook Shot (24 PTS) (Jennings 12 AST),['pointsinthepaint'],Monroe,92,96,Made,True,True,202328.0,201943.0,substitution,2pt missed,,,,101198|201196|201943|202327|202328|203083|203089|203114|203507|2746,101198|201943|202328|203083|2746,201196|202327|203089|203114|203507,-30.0,15.0,1610612765.0,21301104,True
4,PT06M23.00S,06:23,Q4 06:23,6.383333333333334,462,2pt,MISS Antetokounmpo 1' Layup,['pointsinthepaint'],Antetokounmpo,0,0,Missed,True,False,203507.0,,2pt made,rebound,,,,101198|201196|201943|202327|202328|203083|203089|203114|203507|2746,201196|202327|203089|203114|203507,101198|201943|202328|203083|2746,0.0,12.0,1610612749.0,21301104,True
4,PT06M22.00S,06:22,Q4 06:22,6.366666666666666,463,rebound,Henson REBOUND (Off:1 Def:4),[],Henson,0,0,,False,False,203089.0,,2pt missed,2pt made,,,,101198|201196|201943|202327|202328|203083|203089|203114|203507|2746,201196|202327|203089|203114|203507,101198|201943|202328|203083|2746,,,1610612749.0,21301104,True
4,PT06M21.00S,06:21,Q4 06:21,6.35,464,2pt,Henson  Tip Shot (7 PTS),['pointsinthepaint'],Henson,92,98,Made,True,False,203089.0,,rebound,2pt missed,,,,101198|201196|201943|202327|202328|203083|203089|203114|203507|2746,201196|202327|203089|203114|203507,101198|201943|202328|203083|2746,0.0,1.0,1610612749.0,21301104,True
4,PT06M04.00S,06:04,Q4 06:04,6.066666666666666,466,2pt,MISS Monroe 14' Jump Shot,[],Monroe,0,0,Missed,True,False,202328.0,,2pt made,rebound,,,,101198|201196|201943|202327|202328|203083|203089|203114|203507|2746,101198|201943|202328|203083|2746,201196|202327|203089|203114|203507,116.0,82.0,1610612765.0,21301104,True
4,PT06M03.00S,06:03,Q4 06:03,6.05,467,rebound,Antetokounmpo REBOUND (Off:0 Def:5),[],Antetokounmpo,0,0,,False,False,203507.0,,2pt missed,2pt missed,,,,101198|201196|201943|202327|202328|203083|203089|203114|203507|2746,201196|202327|203089|203114|203507,101198|201943|202328|203083|2746,,,1610612749.0,21301104,True
4,PT05M44.00S,05:44,Q4 05:44,5.733333333333333,468,2pt,MISS Henson 4' Jump Shot,['pointsinthepaint'],Henson,0,0,Missed,True,False,203089.0,,rebound,rebound,,,,101198|201196|201943|202327|202328|203083|203089|203114|203507|2746,201196|202327|203089|203114|203507,101198|201943|202328|203083|2746,32.0,22.0,1610612749.0,21301104,True
4,PT05M43.00S,05:43,Q4 05:43,5.716666666666667,469,rebound,Monroe REBOUND (Off:3 Def:10),[],Monroe,0,0,,False,False,202328.0,,2pt missed,3pt made,,,,101198|201196|201943|202327|202328|203083|203089|203114|203507|2746,101198|201943|202328|203083|2746,201196|202327|203089|203114|203507,,,1610612765.0,21301104,True
4,PT05M29.00S,05:29,Q4 05:29,5.483333333333333,470,3pt,Smith 24' 3PT Jump Shot (14 PTS) (Bynum 3 AST),[],Smith,95,98,Made,True,True,2746.0,101198.0,rebound,2pt missed,,,,101198|201196|201943|202327|202328|203083|203089|203114|203507|2746,101198|201943|202328|203083|2746,201196|202327|203089|203114|203507,228.0,64.0,1610612765.0,21301104,True
4,PT05M13.00S,05:13,Q4 05:13,5.216666666666667,471,2pt,MISS Sessions 5' Jump Shot,['pointsinthepaint'],Sessions,0,0,Missed,True,False,201196.0,,3pt made,rebound,,,,101198|201196|201943|202327|202328|203083|203089|203114|203507|2746,201196|202327|203089|203114|203507,101198|201943|202328|203083|2746,-43.0,23.0,1610612749.0,21301104,True
4,PT05M13.00S,05:13,Q4 05:13,5.216666666666667,472,rebound,Drummond REBOUND (Off:7 Def:7),[],Drummond,0,0,,False,False,203083.0,,2pt missed,foul,,,,101198|201196|201943|202327|202328|203083|203089|203114|203507|2746,101198|201943|202328|203083|2746,201196|202327|203089|203114|203507,,,1610612765.0,21301104,True
4,PT05M13.00S,05:13,Q4 05:13,5.216666666666667,473,foul,Henson P.FOUL (P4.T2),[],Henson,0,0,,False,False,203089.0,,rebound,timeout,,,,101198|201196|201943|202327|202328|203083|203089|203114|203507|2746,201196|202327|203089|203114|203507,101198|201943|202328|203083|2746,,,1610612749.0,21301104,True
4,PT05M13.00S,05:13,Q4 05:13,5.216666666666667,474,timeout,Timeout: Official,[],,0,0,,False,False,0.0,,foul,substitution,,,,101198|201196|201943|202327|202328|203083|203089|203114|203507|2746,101198|201943|202328|203083|2746,201196|202327|203089|203114|203507,,,0.0,21301104,True
4,PT05M13.00S,05:13,Q4 05:13,5.216666666666667,476,substitution,SUB out: G. Antetokounmpo,[],Antetokounmpo,0,0,,False,False,203507.0,,timeout,substitution,,,,101198|201196|201943|202327|202328|203083|203089|203114|2746,201196|202327|203089|203114,101198|201943|202328|203083|2746,,,1610612749.0,21301104,False
4,PT05M13.00S,05:13,Q4 05:13,5.216666666666667,477,substitution,SUB out: J. Henson,[],Henson,0,0,,False,False,203089.0,,substitution,substitution,,,,101198|201196|201943|202327|202328|203083|203114|2746,201196|202327|203114,101198|201943|202328|203083|2746,,,1610612749.0,21301104,False
4,PT05M13.00S,05:13,Q4 05:13,5.216666666666667,478,substitution,SUB out: E. Udoh,[],Udoh,0,0,,False,False,202327.0,,substitution,substitution,,,,101198|201196|201943|202328|203083|203114|2746,201196|203114,101198|201943|202328|203083|2746,,,1610612749.0,21301104,False
4,PT05M13.00S,05:13,Q4 05:13,5.216666666666667,479,substitution,SUB in: B. Knight,[],Knight,0,0,,False,False,202688.0,,substitution,substitution,,,,101198|201196|201943|202328|202688|203083|203114|2746,201196|202688|203114,101198|201943|202328|203083|2746,,,1610612749.0,21301104,False
4,PT05M13.00S,05:13,Q4 05:13,5.216666666666667,480,substitution,SUB in: Z. Pachulia,[],Pachulia,0,0,,False,False,2585.0,,substitution,substitution,,,,101198|201196|201943|202328|202688|203083|203114|2585|2746,201196|202688|203114|2585,101198|201943|202328|203083|2746,,,1610612749.0,21301104,False
4,PT05M13.00S,05:13,Q4 05:13,5.216666666666667,481,substitution,SUB in: J. Adrien,[],Adrien,0,0,,False,False,202399.0,,substitution,foul,,,,101198|201196|201943|202328|202399|202688|203083|203114|2585|2746,201196|202399|202688|203114|2585,101198|201943|202328|203083|2746,,,1610612749.0,21301104,True
4,PT05M03.00S,05:03,Q4 05:03,5.05,480,foul,Pachulia S.FOUL (P1.T3),[],Pachulia,0,0,,False,False,2585.0,,substitution,freethrow,101198.0,,,101198|201196|201943|202328|202399|202688|203083|203114|2585|2746,201196|202399|202688|203114|2585,101198|201943|202328|203083|2746,,,1610612749.0,21301104,True
4,PT05M03.00S,05:03,Q4 05:03,5.05,481,freethrow,Bynum Free Throw 1 of 2 (9 PTS),[],Bynum,96,98,Made,False,False,101198.0,,foul,freethrow,,,,101198|201196|201943|202328|202399|202688|203083|203114|2585|2746,101198|201943|202328|203083|2746,201196|202399|202688|203114|2585,,,1610612765.0,21301104,True
4,PT05M03.00S,05:03,Q4 05:03,5.05,483,freethrow,Bynum Free Throw 2 of 2 (10 PTS),[],Bynum,97,98,Made,False,False,101198.0,,freethrow,2pt missed,,,,101198|201196|201943|202328|202399|202688|203083|203114|2585|2746,101198|201943|202328|203083|2746,201196|202399|202688|203114|2585,,,1610612765.0,21301104,True
4,PT04M44.00S,04:44,Q4 04:44,4.733333333333333,485,2pt,MISS Middleton 16' Jump Shot,[],Middleton,0,0,Missed,True,False,203114.0,,freethrow,rebound,,,,101198|201196|201943|202328|202399|202688|203083|203114|2585|2746,201196|202399|202688|203114|2585,101198|201943|202328|203083|2746,-117.0,107.0,1610612749.0,21301104,True
4,PT04M43.00S,04:43,Q4 04:43,4.716666666666667,486,rebound,Drummond REBOUND (Off:7 Def:8),[],Drummond,0,0,,False,False,203083.0,,2pt missed,2pt missed,,,,101198|201196|201943|202328|202399|202688|203083|203114|2585|2746,101198|201943|202328|203083|2746,201196|202399|202688|203114|2585,,,1610612765.0,21301104,True
4,PT04M31.00S,04:31,Q4 04:31,4.516666666666667,487,2pt,MISS Bynum 17' Jump Shot,[],Bynum,0,0,Missed,True,False,101198.0,,rebound,rebound,,,,101198|201196|201943|202328|202399|202688|203083|203114|2585|2746,101198|201943|202328|203083|2746,201196|202399|202688|203114|2585,-11.0,170.0,1610612765.0,21301104,True
4,PT04M30.00S,04:30,Q4 04:30,4.5,488,rebound,Monroe REBOUND (Off:4 Def:10),[],Monroe,0,0,,False,False,202328.0,,2pt missed,2pt made,,,,101198|201196|201943|202328|202399|202688|203083|203114|2585|2746,101198|201943|202328|203083|2746,201196|202399|202688|203114|2585,,,1610612765.0,21301104,True
4,PT04M28.00S,04:28,Q4 04:28,4.466666666666667,489,2pt,Monroe 1' Layup (26 PTS),['pointsinthepaint'],Monroe,99,98,Made,True,False,202328.0,,rebound,3pt missed,,,,101198|201196|201943|202328|202399|202688|203083|203114|2585|2746,101198|201943|202328|203083|2746,201196|202399|202688|203114|2585,-4.0,3.0,1610612765.0,21301104,True
4,PT04M13.00S,04:13,Q4 04:13,4.216666666666667,490,3pt,MISS Knight 27' 3PT Jump Shot,[],Knight,0,0,Missed,True,False,202688.0,,2pt made,rebound,,,,101198|201196|201943|202328|202399|202688|203083|203114|2585|2746,201196|202399|202688|203114|2585,101198|201943|202328|203083|2746,47.0,268.0,1610612749.0,21301104,True
4,PT04M13.00S,04:13,Q4 04:13,4.216666666666667,491,rebound,TEAM defensive REBOUND,['team'],,0,0,,False,False,0.0,,3pt missed,foul,,,,101198|201196|201943|202328|202399|202688|203083|203114|2585|2746,101198|201943|202328|203083|2746,201196|202399|202688|203114|2585,,,1610612765.0,21301104,True
4,PT04M13.00S,04:13,Q4 04:13,4.216666666666667,492,foul,Adrien P.FOUL (P1.T4),[],Adrien,0,0,,False,False,202399.0,,rebound,3pt missed,2746.0,,,101198|201196|201943|202328|202399|202688|203083|203114|2585|2746,201196|202399|202688|203114|2585,101198|201943|202328|203083|2746,,,1610612749.0,21301104,True
4,PT04M01.00S,04:01,Q4 04:01,4.016666666666667,493,3pt,MISS Smith 24' 3PT Jump Shot,[],Smith,0,0,Missed,True,False,2746.0,,foul,rebound,,,,101198|201196|201943|202328|202399|202688|203083|203114|2585|2746,101198|201943|202328|203083|2746,201196|202399|202688|203114|2585,230.0,74.0,1610612765.0,21301104,True
4,PT04M00.00S,04:00,Q4 04:00,4.0,494,rebound,Drummond REBOUND (Off:8 Def:8),[],Drummond,0,0,,False,False,203083.0,,3pt missed,2pt made,,,,101198|201196|201943|202328|202399|202688|203083|203114|2585|2746,101198|201943|202328|203083|2746,201196|202399|202688|203114|2585,,,1610612765.0,21301104,True
4,PT03M53.00S,03:53,Q4 03:53,3.8833333333333333,495,2pt,Smith 1' Dunk (16 PTS) (Bynum 4 AST),['pointsinthepaint'],Smith,101,98,Made,True,True,2746.0,101198.0,rebound,foul,,,,101198|201196|201943|202328|202399|202688|203083|203114|2585|2746,101198|201943|202328|203083|2746,201196|202399|202688|203114|2585,7.0,1.0,1610612765.0,21301104,True
4,PT03M53.00S,03:53,Q4 03:53,3.8833333333333333,496,foul,Pachulia S.FOUL (P2.PN),['inpenalty'],Pachulia,0,0,,False,False,2585.0,,2pt made,freethrow,2746.0,,,101198|201196|201943|202328|202399|202688|203083|203114|2585|2746,201196|202399|202688|203114|2585,101198|201943|202328|203083|2746,,,1610612749.0,21301104,True
4,PT03M53.00S,03:53,Q4 03:53,3.8833333333333333,497,freethrow,Smith Free Throw 1 of 1 (17 PTS),[],Smith,102,98,Made,False,False,2746.0,,foul,turnover,,,,101198|201196|201943|202328|202399|202688|203083|203114|2585|2746,101198|201943|202328|203083|2746,201196|202399|202688|203114|2585,,,1610612765.0,21301104,True
4,PT03M43.00S,03:43,Q4 03:43,3.716666666666667,498,turnover,Sessions Bad Pass Turnover (P3.T12),[],Sessions,0,0,,False,False,201196.0,,freethrow,2pt made,,,,101198|201196|201943|202328|202399|202688|203083|203114|2585|2746,201196|202399|202688|203114|2585,101198|201943|202328|203083|2746,,,1610612749.0,21301104,True
4,PT03M30.00S,03:30,Q4 03:30,3.5,499,2pt,Smith 18' Jump Shot (19 PTS) (Bynum 5 AST),[],Smith,104,98,Made,True,True,2746.0,101198.0,turnover,timeout,,,,101198|201196|201943|202328|202399|202688|203083|203114|2585|2746,101198|201943|202328|203083|2746,201196|202399|202688|203114|2585,81.0,160.0,1610612765.0,21301104,True
4,PT03M30.00S,03:30,Q4 03:30,3.5,500,timeout,Bucks Timeout: Regular (Reg.5 Short 0),[],,0,0,,False,False,0.0,,2pt made,foul,,,,101198|201196|201943|202328|202399|202688|203083|203114|2585|2746,201196|202399|202688|203114|2585,101198|201943|202328|203083|2746,,,1610612749.0,21301104,True
4,PT03M21.00S,03:21,Q4 03:21,3.35,502,foul,Bynum P.FOUL (P3.PN),['inpenalty'],Bynum,0,0,,False,False,101198.0,,timeout,freethrow,201196.0,,,101198|201196|201943|202328|202399|202688|203083|203114|2585|2746,101198|201943|202328|203083|2746,201196|202399|202688|203114|2585,,,1610612765.0,21301104,True
4,PT03M21.00S,03:21,Q4 03:21,3.35,503,freethrow,Sessions Free Throw 1 of 2 (19 PTS),[],Sessions,104,99,Made,False,False,201196.0,,foul,freethrow,,,,101198|201196|201943|202328|202399|202688|203083|203114|2585|2746,201196|202399|202688|203114|2585,101198|201943|202328|203083|2746,,,1610612749.0,21301104,True
4,PT03M21.00S,03:21,Q4 03:21,3.35,505,freethrow,Sessions Free Throw 2 of 2 (20 PTS),[],Sessions,104,100,Made,False,False,201196.0,,freethrow,2pt missed,,,,101198|201196|201943|202328|202399|202688|203083|203114|2585|2746,201196|202399|202688|203114|2585,101198|201943|202328|203083|2746,,,1610612749.0,21301104,True
4,PT03M01.00S,03:01,Q4 03:01,3.0166666666666666,507,2pt,MISS Jennings 10' Jump Shot,[],Jennings,0,0,Missed,True,False,201943.0,,freethrow,rebound,,,,101198|201196|201943|202328|202399|202688|203083|203114|2585|2746,101198|201943|202328|203083|2746,201196|202399|202688|203114|2585,-92.0,34.0,1610612765.0,21301104,True
4,PT03M01.00S,03:01,Q4 03:01,3.0166666666666666,508,rebound,Adrien REBOUND (Off:4 Def:4),[],Adrien,0,0,,False,False,202399.0,,2pt missed,foul,,,,101198|201196|201943|202328|202399|202688|203083|203114|2585|2746,201196|202399|202688|203114|2585,101198|201943|202328|203083|2746,,,1610612749.0,21301104,True
4,PT03M01.00S,03:01,Q4 03:01,3.0166666666666666,509,foul,Adrien OFF.Foul (P2),['inpenalty'],Adrien,0,0,,False,False,202399.0,,rebound,turnover,202328.0,,,101198|201196|201943|202328|202399|202688|203083|203114|2585|2746,201196|202399|202688|203114|2585,101198|201943|202328|203083|2746,,,1610612749.0,21301104,True
4,PT03M01.00S,03:01,Q4 03:01,3.0166666666666666,510,turnover,Adrien Foul Turnover (P1.T13),[],Adrien,0,0,,False,False,202399.0,,foul,2pt made,,,,101198|201196|201943|202328|202399|202688|203083|203114|2585|2746,201196|202399|202688|203114|2585,101198|201943|202328|203083|2746,,,1610612749.0,21301104,True
4,PT02M52.00S,02:52,Q4 02:52,2.8666666666666667,511,2pt,Monroe 1' Driving Layup (28 PTS) (Bynum 6 AST),['pointsinthepaint'],Monroe,106,100,Made,True,True,202328.0,101198.0,turnover,2pt missed,,,,101198|201196|201943|202328|202399|202688|203083|203114|2585|2746,101198|201943|202328|203083|2746,201196|202399|202688|203114|2585,-7.0,3.0,1610612765.0,21301104,True
4,PT02M34.00S,02:34,Q4 02:34,2.5666666666666664,512,2pt,MISS Knight 16' Jump Shot,[],Knight,0,0,Missed,True,False,202688.0,,2pt made,rebound,,,,101198|201196|201943|202328|202399|202688|203083|203114|2585|2746,201196|202399|202688|203114|2585,101198|201943|202328|203083|2746,-34.0,156.0,1610612749.0,21301104,True
4,PT02M33.00S,02:33,Q4 02:33,2.55,513,rebound,Smith REBOUND (Off:0 Def:1),[],Smith,0,0,,False,False,2746.0,,2pt missed,2pt made,,,,101198|201196|201943|202328|202399|202688|203083|203114|2585|2746,101198|201943|202328|203083|2746,201196|202399|202688|203114|2585,,,1610612765.0,21301104,True
4,PT02M13.00S,02:13,Q4 02:13,2.216666666666667,514,2pt,Smith 21' Jump Shot (21 PTS) (Bynum 7 AST),[],Smith,108,100,Made,True,True,2746.0,101198.0,rebound,foul,,,,101198|201196|201943|202328|202399|202688|203083|203114|2585|2746,101198|201943|202328|203083|2746,201196|202399|202688|203114|2585,40.0,206.0,1610612765.0,21301104,True
4,PT02M00.00S,02:00,Q4 02:00,2.0,515,foul,Jennings P.FOUL (P5.PN),['inpenalty'],Jennings,0,0,,False,False,201943.0,,2pt made,freethrow,202688.0,,,101198|201196|201943|202328|202399|202688|203083|203114|2585|2746,101198|201943|202328|203083|2746,201196|202399|202688|203114|2585,,,1610612765.0,21301104,True
4,PT02M00.00S,02:00,Q4 02:00,2.0,516,freethrow,Knight Free Throw 1 of 2 (22 PTS),[],Knight,108,101,Made,False,False,202688.0,,foul,freethrow,,,,101198|201196|201943|202328|202399|202688|203083|203114|2585|2746,201196|202399|202688|203114|2585,101198|201943|202328|203083|2746,,,1610612749.0,21301104,True
4,PT02M00.00S,02:00,Q4 02:00,2.0,518,freethrow,Knight Free Throw 2 of 2 (23 PTS),[],Knight,108,102,Made,False,False,202688.0,,freethrow,turnover,,,,101198|201196|201943|202328|202399|202688|203083|203114|2585|2746,201196|202399|202688|203114|2585,101198|201943|202328|203083|2746,,,1610612749.0,21301104,True
4,PT01M42.00S,01:42,Q4 01:42,1.7,521,turnover,Drummond Out of Bounds Lost Ball Turnover (P2.T10),[],Drummond,0,0,,False,False,203083.0,,freethrow,instant replay,,,,101198|201196|201943|202328|202399|202688|203083|203114|2585|2746,101198|201943|202328|203083|2746,201196|202399|202688|203114|2585,,,1610612765.0,21301104,True
4,PT01M28.00S,01:28,Q4 01:28,1.4666666666666668,523,2pt,MISS Middleton  Layup,['pointsinthepaint'],Middleton,0,0,Missed,True,False,203114.0,,instant replay,rebound,,,,101198|201196|201943|202328|202399|202688|203083|203114|2585|2746,201196|202399|202688|203114|2585,101198|201943|202328|203083|2746,0.0,4.0,1610612749.0,21301104,True
4,PT01M27.00S,01:27,Q4 01:27,1.45,524,rebound,Pachulia REBOUND (Off:5 Def:6),[],Pachulia,0,0,,False,False,2585.0,,2pt missed,2pt made,,,,101198|201196|201943|202328|202399|202688|203083|203114|2585|2746,201196|202399|202688|203114|2585,101198|201943|202328|203083|2746,,,1610612749.0,21301104,True
4,PT01M26.00S,01:26,Q4 01:26,1.4333333333333333,525,2pt,Pachulia 2' Layup (12 PTS),['pointsinthepaint'],Pachulia,108,104,Made,True,False,2585.0,,rebound,3pt made,,,,101198|201196|201943|202328|202399|202688|203083|203114|2585|2746,201196|202399|202688|203114|2585,101198|201943|202328|203083|2746,-7.0,14.0,1610612749.0,21301104,True
4,PT01M11.00S,01:11,Q4 01:11,1.1833333333333333,526,3pt,Smith 26' 3PT Jump Shot (24 PTS) (Bynum 8 AST),[],Smith,111,104,Made,True,True,2746.0,101198.0,2pt made,3pt missed,,,,101198|201196|201943|202328|202399|202688|203083|203114|2585|2746,101198|201943|202328|203083|2746,201196|202399|202688|203114|2585,198.0,168.0,1610612765.0,21301104,True
4,PT00M57.90S,00:57,Q4 00:57,0.965,527,3pt,MISS Middleton 28' 3PT Jump Shot,[],Middleton,0,0,Missed,True,False,203114.0,,3pt made,rebound,,,,101198|201196|201943|202328|202399|202688|203083|203114|2585|2746,201196|202399|202688|203114|2585,101198|201943|202328|203083|2746,203.0,195.0,1610612749.0,21301104,True
4,PT00M56.60S,00:56,Q4 00:56,0.9433333333333334,528,rebound,Jennings REBOUND (Off:1 Def:2),[],Jennings,0,0,,False,False,201943.0,,3pt missed,2pt made,,,,101198|201196|201943|202328|202399|202688|203083|203114|2585|2746,101198|201943|202328|203083|2746,201196|202399|202688|203114|2585,,,1610612765.0,21301104,True
4,PT00M54.50S,00:54,Q4 00:54,0.9083333333333333,529,2pt,Smith 1' Dunk (26 PTS) (Jennings 13 AST),['pointsinthepaint'],Smith,113,104,Made,True,True,2746.0,201943.0,rebound,timeout,,,,101198|201196|201943|202328|202399|202688|203083|203114|2585|2746,101198|201943|202328|203083|2746,201196|202399|202688|203114|2585,-7.0,11.0,1610612765.0,21301104,True
4,PT00M54.50S,00:54,Q4 00:54,0.9083333333333333,530,timeout,Bucks Timeout: Short (Reg.5 Short 1),[],,0,0,,False,False,0.0,,2pt made,substitution,,,,101198|201196|201943|202328|202399|202688|203083|203114|2585|2746,201196|202399|202688|203114|2585,101198|201943|202328|203083|2746,,,1610612749.0,21301104,True
4,PT00M54.50S,00:54,Q4 00:54,0.9083333333333333,531,substitution,SUB out: A. Drummond,[],Drummond,0,0,,False,False,203083.0,,timeout,substitution,,,,101198|201196|201943|202328|202399|202688|203114|2585|2746,101198|201943|202328|2746,201196|202399|202688|203114|2585,,,1610612765.0,21301104,False
4,PT00M54.50S,00:54,Q4 00:54,0.9083333333333333,532,substitution,SUB in: K. Singler,[],Singler,0,0,,False,False,202713.0,,substitution,3pt missed,,,,101198|201196|201943|202328|202399|202688|202713|203114|2585|2746,101198|201943|202328|202713|2746,201196|202399|202688|203114|2585,,,1610612765.0,21301104,True
4,PT00M44.90S,00:44,Q4 00:44,0.7483333333333333,532,3pt,MISS Knight 26' 3PT Jump Shot,[],Knight,0,0,Missed,True,False,202688.0,,substitution,rebound,,,,101198|201196|201943|202328|202399|202688|202713|203114|2585|2746,201196|202399|202688|203114|2585,101198|201943|202328|202713|2746,198.0,164.0,1610612749.0,21301104,True
4,PT00M42.90S,00:42,Q4 00:42,0.715,533,rebound,Pachulia REBOUND (Off:6 Def:6),[],Pachulia,0,0,,False,False,2585.0,,3pt missed,3pt missed,,,,101198|201196|201943|202328|202399|202688|202713|203114|2585|2746,201196|202399|202688|203114|2585,101198|201943|202328|202713|2746,,,1610612749.0,21301104,True
4,PT00M41.10S,00:41,Q4 00:41,0.685,534,3pt,MISS Middleton 27' 3PT Jump Shot,[],Middleton,0,0,Missed,True,False,203114.0,,rebound,rebound,,,,101198|201196|201943|202328|202399|202688|202713|203114|2585|2746,201196|202399|202688|203114|2585,101198|201943|202328|202713|2746,-175.0,206.0,1610612749.0,21301104,True
4,PT00M40.10S,00:40,Q4 00:40,0.6683333333333333,535,rebound,Knight REBOUND (Off:2 Def:6),[],Knight,0,0,,False,False,202688.0,,3pt missed,2pt made,,,,101198|201196|201943|202328|202399|202688|202713|203114|2585|2746,201196|202399|202688|203114|2585,101198|201943|202328|202713|2746,,,1610612749.0,21301104,True
4,PT00M39.10S,00:39,Q4 00:39,0.6516666666666667,536,2pt,Knight 1' Layup (25 PTS),['pointsinthepaint'],Knight,113,106,Made,True,False,202688.0,,rebound,foul,,,,101198|201196|201943|202328|202399|202688|202713|203114|2585|2746,201196|202399|202688|203114|2585,101198|201943|202328|202713|2746,-8.0,7.0,1610612749.0,21301104,True
4,PT00M39.10S,00:39,Q4 00:39,0.6516666666666667,537,foul,Sessions P.FOUL (P2.PN),['inpenalty'],Sessions,0,0,,False,False,201196.0,,2pt made,freethrow,201943.0,,,101198|201196|201943|202328|202399|202688|202713|203114|2585|2746,201196|202399|202688|203114|2585,101198|201943|202328|202713|2746,,,1610612749.0,21301104,True
4,PT00M39.10S,00:39,Q4 00:39,0.6516666666666667,538,freethrow,MISS Jennings Free Throw 1 of 2,[],Jennings,0,0,Missed,False,False,201943.0,,foul,rebound,,,,101198|201196|201943|202328|202399|202688|202713|203114|2585|2746,101198|201943|202328|202713|2746,201196|202399|202688|203114|2585,,,1610612765.0,21301104,True
4,PT00M39.10S,00:39,Q4 00:39,0.6516666666666667,539,rebound,TEAM offensive REBOUND,['team'],,0,0,,False,False,0.0,,freethrow,freethrow,,,,101198|201196|201943|202328|202399|202688|202713|203114|2585|2746,101198|201943|202328|202713|2746,201196|202399|202688|203114|2585,,,1610612765.0,21301104,True
4,PT00M39.10S,00:39,Q4 00:39,0.6516666666666667,540,freethrow,Jennings Free Throw 2 of 2 (20 PTS),['2ndchance'],Jennings,114,106,Made,False,False,201943.0,,rebound,3pt made,,,,101198|201196|201943|202328|202399|202688|202713|203114|2585|2746,101198|201943|202328|202713|2746,201196|202399|202688|203114|2585,,,1610612765.0,21301104,True
4,PT00M30.00S,00:30,Q4 00:30,0.5,542,3pt,Middleton 26' 3PT Jump Shot (12 PTS) (Knight 7 AST),[],Middleton,114,109,Made,True,True,203114.0,202688.0,freethrow,foul,,,,101198|201196|201943|202328|202399|202688|202713|203114|2585|2746,201196|202399|202688|203114|2585,101198|201943|202328|202713|2746,214.0,143.0,1610612749.0,21301104,True
4,PT00M28.10S,00:28,Q4 00:28,0.4683333333333334,543,foul,Sessions P.FOUL (P3.PN),['inpenalty'],Sessions,0,0,,False,False,201196.0,,3pt made,freethrow,101198.0,,,101198|201196|201943|202328|202399|202688|202713|203114|2585|2746,201196|202399|202688|203114|2585,101198|201943|202328|202713|2746,,,1610612749.0,21301104,True
4,PT00M28.10S,00:28,Q4 00:28,0.4683333333333334,544,freethrow,Bynum Free Throw 1 of 2 (11 PTS),[],Bynum,115,109,Made,False,False,101198.0,,foul,freethrow,,,,101198|201196|201943|202328|202399|202688|202713|203114|2585|2746,101198|201943|202328|202713|2746,201196|202399|202688|203114|2585,,,1610612765.0,21301104,True
4,PT00M28.10S,00:28,Q4 00:28,0.4683333333333334,546,freethrow,Bynum Free Throw 2 of 2 (12 PTS),[],Bynum,116,109,Made,False,False,101198.0,,freethrow,timeout,,,,101198|201196|201943|202328|202399|202688|202713|203114|2585|2746,101198|201943|202328|202713|2746,201196|202399|202688|203114|2585,,,1610612765.0,21301104,True
4,PT00M28.10S,00:28,Q4 00:28,0.4683333333333334,548,timeout,Bucks Timeout: Regular (Reg.6 Short 1),[],,0,0,,False,False,0.0,,freethrow,3pt missed,,,,101198|201196|201943|202328|202399|202688|202713|203114|2585|2746,201196|202399|202688|203114|2585,101198|201943|202328|202713|2746,,,1610612749.0,21301104,True
4,PT00M20.90S,00:20,Q4 00:20,0.34833333333333333,551,3pt,MISS Sessions 27' 3PT Jump Shot,[],Sessions,0,0,Missed,True,False,201196.0,,timeout,rebound,,,,101198|201196|201943|202328|202399|202688|202713|203114|2585|2746,201196|202399|202688|203114|2585,101198|201943|202328|202713|2746,211.0,164.0,1610612749.0,21301104,True
4,PT00M18.90S,00:18,Q4 00:18,0.315,552,rebound,Knight REBOUND (Off:3 Def:6),[],Knight,0,0,,False,False,202688.0,,3pt missed,3pt missed,,,,101198|201196|201943|202328|202399|202688|202713|203114|2585|2746,201196|202399|202688|203114|2585,101198|201943|202328|202713|2746,,,1610612749.0,21301104,True
4,PT00M10.90S,00:10,Q4 00:10,0.18166666666666667,553,3pt,MISS Sessions 27' 3PT Jump Shot,[],Sessions,0,0,Missed,True,False,201196.0,,rebound,rebound,,,,101198|201196|201943|202328|202399|202688|202713|203114|2585|2746,201196|202399|202688|203114|2585,101198|201943|202328|202713|2746,215.0,157.0,1610612749.0,21301104,True
4,PT00M09.90S,00:09,Q4 00:09,0.165,554,rebound,Sessions REBOUND (Off:2 Def:3),[],Sessions,0,0,,False,False,201196.0,,3pt missed,2pt made,,,,101198|201196|201943|202328|202399|202688|202713|203114|2585|2746,201196|202399|202688|203114|2585,101198|201943|202328|202713|2746,,,1610612749.0,21301104,True
4,PT00M07.30S,00:07,Q4 00:07,0.12166666666666666,555,2pt,Middleton 4' Hook Shot (14 PTS) (Sessions 11 AST),['pointsinthepaint'],Middleton,116,111,Made,True,True,203114.0,201196.0,rebound,turnover,,,,101198|201196|201943|202328|202399|202688|202713|203114|2585|2746,201196|202399|202688|203114|2585,101198|201943|202328|202713|2746,39.0,15.0,1610612749.0,21301104,True
4,PT00M06.10S,00:06,Q4 00:06,0.10166666666666666,556,turnover,Singler Out of Bounds Lost Ball Turnover (P2.T11),[],Singler,0,0,,False,False,202713.0,,2pt made,3pt missed,,,,101198|201196|201943|202328|202399|202688|202713|203114|2585|2746,101198|201943|202328|202713|2746,201196|202399|202688|203114|2585,,,1610612765.0,21301104,True
4,PT00M01.80S,00:01,Q4 00:01,0.030000000000000002,557,3pt,MISS Middleton 26' 3PT Jump Shot,[],Middleton,0,0,Missed,True,False,203114.0,,turnover,rebound,,,,101198|201196|201943|202328|202399|202688|202713|203114|2585|2746,201196|202399|202688|203114|2585,101198|201943|202328|202713|2746,-51.0,258.0,1610612749.0,21301104,True
4,PT00M01.40S,00:01,Q4 00:01,0.02333333333333333,558,rebound,Pachulia REBOUND (Off:7 Def:6),[],Pachulia,0,0,,False,False,2585.0,,3pt missed,2pt missed,,,,101198|201196|201943|202328|202399|202688|202713|203114|2585|2746,201196|202399|202688|203114|2585,101198|201943|202328|202713|2746,,,1610612749.0,21301104,True
4,PT00M01.00S,00:01,Q4 00:01,0.016666666666666666,559,2pt,MISS Pachulia  Tip Shot,['pointsinthepaint'],Pachulia,0,0,Missed,True,False,2585.0,,rebound,rebound,,,,101198|201196|201943|202328|202399|202688|202713|203114|2585|2746,201196|202399|202688|203114|2585,101198|201943|202328|202713|2746,0.0,3.0,1610612749.0,21301104,True
4,PT00M00.00S,00:00,Q4 00:00,0.0,560,rebound,TEAM offensive REBOUND,['team'],,0,0,,False,False,0.0,,2pt missed,period,,,,101198|201196|201943|202328|202399|202688|202713|203114|2585|2746,201196|202399|202688|203114|2585,101198|201943|202328|202713|2746,,,1610612749.0,21301104,True
4,PT00M00.00S,00:00,Q4 00:00,0.0,561,period,End of 4th Period (10:01 PM EST),[],,116,111,,False,False,0.0,,rebound,,,,,101198|201196|201943|202328|202399|202688|202713|203114|2585|2746,101198|201943|202328|202713|2746,201196|202399|202688|203114|2585,,,1610612765.0,21301104,True
