period,clock,clock_display,game_clock,minutes_left_in_game,actionNumber,actionType,description,qualifier,playerName,scoreHome,scoreAway,shotResult,isFieldGoal,assisted,person_id,assister_id,previous_action,next_action,foulDrawnPersonId,stealPersonId,blockPersonId,players_on,off_players_on,def_players_on,xLegacy,yLegacy,teamId,game_id,poc_ok
1,PT12M00.00S,12:00,Q1 12:00,48.0,0,period,Start of 1st Period (9:10 PM EST),[],,0,0,,False,False,0.0,,,turnover,,,,201152|201163|201167|201951|202389|202702|203476|203498|203897|203952,201163|201167|201951|202389|202702,201152|203476|203498|203897|203952,,,1610612743.0,21400440,True
1,PT11M46.00S,11:46,Q1 11:46,47.766666666666666,2,turnover,Faried Bad Pass Turnover (P1.T1),[],Faried,0,0,,False,False,202702.0,,period,2pt missed,,,,201152|201163|201167|201951|202389|202702|203476|203498|203897|203952,201163|201167|201951|202389|202702,201152|203476|203498|203897|203952,,,1610612743.0,21400440,True
1,PT11M33.00S,11:33,Q1 11:33,47.55,3,2pt,MISS Wiggins 20' Jump Shot,[],Wiggins,0,0,Missed,True,False,203952.0,,turnover,rebound,,,,201152|201163|201167|201951|202389|202702|203476|203498|203897|203952,201152|203476|203498|203897|203952,201163|201167|201951|202389|202702,113.0,170.0,1610612750.0,21400440,True
1,PT11M31.00S,11:31,Q1 11:31,47.516666666666666,4,rebound,Dieng REBOUND (Off:1 Def:0),[],Dieng,0,0,,False,False,203476.0,,2pt missed,2pt missed,,,,201152|201163|201167|201951|202389|202702|203476|203498|203897|203952,201152|203476|203498|203897|203952,201163|201167|201951|202389|202702,,,1610612750.0,21400440,True
1,PT11M28.00S,11:28,Q1 11:28,47.46666666666667,5,2pt,MISS Dieng 12' Fadeaway Jumper,[],Dieng,0,0,Missed,True,False,203476.0,,rebound,rebound,,,,201152|201163|201167|201951|202389|202702|203476|203498|203897|203952,201152|203476|203498|203897|203952,201163|201167|201951|202389|202702,-109.0,44.0,1610612750.0,21400440,True
1,PT11M27.00S,11:27,Q1 11:27,47.45,6,rebound,Afflalo REBOUND (Off:0 Def:1),[],Afflalo,0,0,,False,False,201167.0,,2pt missed,2pt made,,,,201152|201163|201167|201951|202389|202702|203476|203498|203897|203952,201163|201167|201951|202389|202702,201152|203476|203498|203897|203952,,,1610612743.0,21400440,True
1,PT11M16.00S,11:16,Q1 11:16,47.266666666666666,7,2pt,Lawson 16' Jump Shot (2 PTS),[],Lawson,2,0,Made,True,False,201951.0,,rebound,3pt missed,,,,201152|201163|201167|201951|202389|202702|203476|203498|203897|203952,201163|201167|201951|202389|202702,201152|203476|203498|203897|203952,-26.0,160.0,1610612743.0,21400440,True
1,PT10M58.00S,10:58,Q1 10:58,46.96666666666667,8,3pt,MISS Wiggins 24' 3PT Jump Shot,[],Wiggins,0,0,Missed,True,False,203952.0,,2pt made,rebound,,,,201152|201163|201167|201951|202389|202702|203476|203498|203897|203952,201152|203476|203498|203897|203952,201163|201167|201951|202389|202702,-234.0,22.0,1610612750.0,21400440,True
1,PT10M57.00S,10:57,Q1 10:57,46.95,9,rebound,Faried REBOUND (Off:0 Def:1),[],Faried,0,0,,False,False,202702.0,,3pt missed,2pt missed,,,,201152|201163|201167|201951|202389|202702|203476|203498|203897|203952,201163|201167|201951|202389|202702,201152|203476|203498|203897|203952,,,1610612743.0,21400440,True
1,PT10M48.00S,10:48,Q1 10:48,46.8,10,2pt,MISS Afflalo 16' Jump Shot,[],Afflalo,0,0,Missed,True,False,201167.0,,rebound,rebound,,,,201152|201163|201167|201951|202389|202702|203476|203498|203897|203952,201163|201167|201951|202389|202702,201152|203476|203498|203897|203952,43.0,151.0,1610612743.0,21400440,True
1,PT10M47.00S,10:47,Q1 10:47,46.78333333333333,11,rebound,Faried REBOUND (Off:1 Def:1),[],Faried,0,0,,False,False,202702.0,,2pt missed,2pt made,,,,201152|201163|201167|201951|202389|202702|203476|203498|203897|203952,201163|201167|201951|202389|202702,201152|203476|203498|203897|203952,,,1610612743.0,21400440,True
1,PT10M46.00S,10:46,Q1 10:46,46.766666666666666,12,2pt,Faried 1' Finger Roll Layup (2 PTS),['pointsinthepaint'],Faried,4,0,Made,True,False,202702.0,,rebound,2pt made,,,,201152|201163|201167|201951|202389|202702|203476|203498|203897|203952,201163|201167|201951|202389|202702,201152|203476|203498|203897|203952,-4.0,11.0,1610612743.0,21400440,True
1,PT10M24.00S,10:24,Q1 10:24,46.4,14,2pt,Young 3' Layup (2 PTS) (Dieng 1 AST),['pointsinthepaint'],Young,4,2,Made,True,True,201152.0,203476.0,2pt made,3pt made,,,,201152|201163|201167|201951|202389|202702|203476|203498|203897|203952,201152|203476|203498|203897|203952,201163|201167|201951|202389|202702,-27.0,4.0,1610612750.0,21400440,True
1,PT10M02.00S,10:02,Q1 10:02,46.03333333333333,15,3pt,Chandler 24' 3PT Jump Shot (3 PTS) (Lawson 1 AST),[],Chandler,7,2,Made,True,True,201163.0,201951.0,2pt made,3pt made,,,,201152|201163|201167|201951|202389|202702|203476|203498|203897|203952,201163|201167|201951|202389|202702,201152|203476|203498|203897|203952,-196.0,143.0,1610612743.0,21400440,True
1,PT09M46.00S,09:46,Q1 09:46,45.766666666666666,16,3pt,Muhammad 26' 3PT Jump Shot (3 PTS) (Young 1 AST),[],Muhammad,7,5,Made,True,True,203498.0,201152.0,3pt made,2pt made,,,,201152|201163|201167|201951|202389|202702|203476|203498|203897|203952,201152|203476|203498|203897|203952,201163|201167|201951|202389|202702,-188.0,176.0,1610612750.0,21400440,True
1,PT09M26.00S,09:26,Q1 09:26,45.43333333333334,17,2pt,Faried 6' Jump Shot (4 PTS),['pointsinthepaint'],Faried,9,5,Made,True,False,202702.0,,3pt made,foul,,,,201152|201163|201167|201951|202389|202702|203476|203498|203897|203952,201163|201167|201951|202389|202702,201152|203476|203498|203897|203952,28.0,52.0,1610612743.0,21400440,True
1,PT09M26.00S,09:26,Q1 09:26,45.43333333333334,18,foul,Young S.FOUL (P1.T1),[],Young,0,0,,False,False,201152.0,,2pt made,freethrow,202702.0,,,201152|201163|201167|201951|202389|202702|203476|203498|203897|203952,201152|203476|203498|203897|203952,201163|201167|201951|202389|202702,,,1610612750.0,21400440,True
1,PT09M26.00S,09:26,Q1 09:26,45.43333333333334,19,freethrow,Faried Free Throw 1 of 1 (5 PTS),[],Faried,10,5,Made,False,False,202702.0,,foul,2pt missed,,,,201152|201163|201167|201951|202389|202702|203476|203498|203897|203952,201163|201167|201951|202389|202702,201152|203476|203498|203897|203952,,,1610612743.0,21400440,True
1,PT09M13.00S,09:13,Q1 09:13,45.21666666666667,21,2pt,MISS Wiggins 10' Jump Shot,[],Wiggins,0,0,Missed,True,False,203952.0,,freethrow,rebound,,,,201152|201163|201167|201951|202389|202702|203476|203498|203897|203952,201152|203476|203498|203897|203952,201163|201167|201951|202389|202702,94.0,26.0,1610612750.0,21400440,True
1,PT09M12.00S,09:12,Q1 09:12,45.2,22,rebound,Mozgov REBOUND (Off:0 Def:1),[],Mozgov,0,0,,False,False,202389.0,,2pt missed,2pt made,,,,201152|201163|201167|201951|202389|202702|203476|203498|203897|203952,201163|201167|201951|202389|202702,201152|203476|203498|203897|203952,,,1610612743.0,21400440,True
1,PT08M59.00S,08:59,Q1 08:59,44.983333333333334,23,2pt,Lawson 10' Jump Shot (4 PTS),['pointsinthepaint'],Lawson,12,5,Made,True,False,201951.0,,rebound,3pt made,,,,201152|201163|201167|201951|202389|202702|203476|203498|203897|203952,201163|201167|201951|202389|202702,201152|203476|203498|203897|203952,56.0,78.0,1610612743.0,21400440,True
1,PT08M45.00S,08:45,Q1 08:45,44.75,24,3pt,Muhammad 26' 3PT Jump Shot (6 PTS) (LaVine 1 AST),[],Muhammad,12,8,Made,True,True,203498.0,203897.0,2pt made,2pt missed,,,,201152|201163|201167|201951|202389|202702|203476|203498|203897|203952,201152|203476|203498|203897|203952,201163|201167|201951|202389|202702,-193.0,170.0,1610612750.0,21400440,True
1,PT08M27.00S,08:27,Q1 08:27,44.45,25,2pt,MISS Afflalo 12' Fadeaway Jumper,['pointsinthepaint'],Afflalo,0,0,Missed,True,False,201167.0,,3pt made,rebound,,,,201152|201163|201167|201951|202389|202702|203476|203498|203897|203952,201163|201167|201951|202389|202702,201152|203476|203498|203897|203952,0.0,118.0,1610612743.0,21400440,True
1,PT08M26.00S,08:26,Q1 08:26,44.43333333333334,26,rebound,Mozgov REBOUND (Off:1 Def:1),[],Mozgov,0,0,,False,False,202389.0,,2pt missed,2pt missed,,,,201152|201163|201167|201951|202389|202702|203476|203498|203897|203952,201163|201167|201951|202389|202702,201152|203476|203498|203897|203952,,,1610612743.0,21400440,True
1,PT08M23.00S,08:23,Q1 08:23,44.38333333333333,27,2pt,MISS Mozgov 5' Jump Hook Shot,['pointsinthepaint'],Mozgov,0,0,Missed,True,False,202389.0,,rebound,rebound,,,,201152|201163|201167|201951|202389|202702|203476|203498|203897|203952,201163|201167|201951|202389|202702,201152|203476|203498|203897|203952,21.0,44.0,1610612743.0,21400440,True
1,PT08M22.00S,08:22,Q1 08:22,44.36666666666667,28,rebound,Dieng REBOUND (Off:1 Def:1),[],Dieng,0,0,,False,False,203476.0,,2pt missed,2pt missed,,,,201152|201163|201167|201951|202389|202702|203476|203498|203897|203952,201152|203476|203498|203897|203952,201163|201167|201951|202389|202702,,,1610612750.0,21400440,True
1,PT08M11.00S,08:11,Q1 08:11,44.18333333333334,29,2pt,MISS Dieng 2' Driving Layup,['pointsinthepaint'],Dieng,0,0,Missed,True,False,203476.0,,rebound,rebound,,,,201152|201163|201167|201951|202389|202702|203476|203498|203897|203952,201152|203476|203498|203897|203952,201163|201167|201951|202389|202702,23.0,4.0,1610612750.0,21400440,True
1,PT08M10.00S,08:10,Q1 08:10,44.166666666666664,30,rebound,Faried REBOUND (Off:1 Def:2),[],Faried,0,0,,False,False,202702.0,,2pt missed,foul,,,,201152|201163|201167|201951|202389|202702|203476|203498|203897|203952,201163|201167|201951|202389|202702,201152|203476|203498|203897|203952,,,1610612743.0,21400440,True
1,PT08M06.00S,08:06,Q1 08:06,44.1,32,foul,Faried OFF.Foul (P1),[],Faried,0,0,,False,False,202702.0,,rebound,turnover,203498.0,,,201152|201163|201167|201951|202389|202702|203476|203498|203897|203952,201163|201167|201951|202389|202702,201152|203476|203498|203897|203952,,,1610612743.0,21400440,True
1,PT08M06.00S,08:06,Q1 08:06,44.1,33,turnover,Faried Foul Turnover (P2.T2),[],Faried,0,0,,False,False,202702.0,,foul,2pt missed,,,,201152|201163|201167|201951|202389|202702|203476|203498|203897|203952,201163|201167|201951|202389|202702,201152|203476|203498|203897|203952,,,1610612743.0,21400440,True
1,PT07M49.00S,07:49,Q1 07:49,43.81666666666666,34,2pt,MISS Muhammad 6' Jump Shot,['pointsinthepaint'],Muhammad,0,0,Missed,True,False,203498.0,,turnover,rebound,,,,201152|201163|201167|201951|202389|202702|203476|203498|203897|203952,201152|203476|203498|203897|203952,201163|201167|201951|202389|202702,-45.0,37.0,1610612750.0,21400440,True
1,PT07M48.00S,07:48,Q1 07:48,43.8,35,rebound,Young REBOUND (Off:1 Def:0),[],Young,0,0,,False,False,201152.0,,2pt missed,2pt missed,,,,201152|201163|201167|201951|202389|202702|203476|203498|203897|203952,201152|203476|203498|203897|203952,201163|201167|201951|202389|202702,,,1610612750.0,21400440,True
1,PT07M44.00S,07:44,Q1 07:44,43.733333333333334,36,2pt,MISS Muhammad  Dunk,['pointsinthepaint'],Muhammad,0,0,Missed,True,False,203498.0,,rebound,block,,,,201152|201163|201167|201951|202389|202702|203476|203498|203897|203952,201152|203476|203498|203897|203952,201163|201167|201951|202389|202702,0.0,1.0,1610612750.0,21400440,True
1,PT07M44.00S,07:44,Q1 07:44,43.733333333333334,36,block,Chandler BLOCK (1 BLK),[],Chandler,0,0,,False,False,201163.0,,2pt missed,rebound,,,201163.0,201152|201163|201167|201951|202389|202702|203476|203498|203897|203952,201163|201167|201951|202389|202702,201152|203476|203498|203897|203952,,,1610612743.0,21400440,True
1,PT07M42.00S,07:42,Q1 07:42,43.7,37,rebound,Lawson REBOUND (Off:0 Def:1),[],Lawson,0,0,,False,False,201951.0,,block,3pt missed,,,,201152|201163|201167|201951|202389|202702|203476|203498|203897|203952,201163|201167|201951|202389|202702,201152|203476|203498|203897|203952,,,1610612743.0,21400440,True
1,PT07M36.00S,07:36,Q1 07:36,43.6,38,3pt,MISS Afflalo 26' 3PT Jump Shot,[],Afflalo,0,0,Missed,True,False,201167.0,,rebound,rebound,,,,201152|201163|201167|201951|202389|202702|203476|203498|203897|203952,201163|201167|201951|202389|202702,201152|203476|203498|203897|203952,-220.0,137.0,1610612743.0,21400440,True
1,PT07M35.00S,07:35,Q1 07:35,43.583333333333336,39,rebound,Faried REBOUND (Off:2 Def:2),[],Faried,0,0,,False,False,202702.0,,3pt missed,3pt missed,,,,201152|201163|201167|201951|202389|202702|203476|203498|203897|203952,201163|201167|201951|202389|202702,201152|203476|203498|203897|203952,,,1610612743.0,21400440,True
1,PT07M33.00S,07:33,Q1 07:33,43.55,40,3pt,MISS Chandler 26' 3PT Jump Shot,[],Chandler,0,0,Missed,True,False,201163.0,,rebound,rebound,,,,201152|201163|201167|201951|202389|202702|203476|203498|203897|203952,201163|201167|201951|202389|202702,201152|203476|203498|203897|203952,206.0,153.0,1610612743.0,21400440,True
1,PT07M33.00S,07:33,Q1 07:33,43.55,41,rebound,TEAM defensive REBOUND,['team'],,0,0,,False,False,0.0,,3pt missed,2pt missed,,,,201152|201163|201167|201951|202389|202702|203476|203498|203897|203952,201152|203476|203498|203897|203952,201163|201167|201951|202389|202702,,,1610612750.0,21400440,True
1,PT07M19.00S,07:19,Q1 07:19,43.31666666666666,43,2pt,MISS Young 3' Layup,['pointsinthepaint'],Young,0,0,Missed,True,False,201152.0,,rebound,2pt missed,,,,201152|201163|201167|201951|202389|202702|203476|203498|203897|203952,201152|203476|203498|203897|203952,201163|201167|201951|202389|202702,13.0,26.0,1610612750.0,21400440,True
1,PT07M18.00S,07:18,Q1 07:18,43.3,44,2pt,MISS Dieng 1' Tip Shot,['pointsinthepaint'],Dieng,0,0,Missed,True,False,203476.0,,2pt missed,rebound,,,,201152|201163|201167|201951|202389|202702|203476|203498|203897|203952,201152|203476|203498|203897|203952,201163|201167|201951|202389|202702,3.0,6.0,1610612750.0,21400440,True
1,PT07M18.00S,07:18,Q1 07:18,43.3,45,rebound,Dieng REBOUND (Off:2 Def:1),[],Dieng,0,0,,False,False,203476.0,,2pt missed,rebound,,,,201152|201163|201167|201951|202389|202702|203476|203498|203897|203952,201152|203476|203498|203897|203952,201163|201167|201951|202389|202702,,,1610612750.0,21400440,True
1,PT07M16.00S,07:16,Q1 07:16,43.266666666666666,46,rebound,Mozgov REBOUND (Off:1 Def:2),[],Mozgov,0,0,,False,False,202389.0,,rebound,turnover,,,,201152|201163|201167|201951|202389|202702|203476|203498|203897|203952,201163|201167|201951|202389|202702,201152|203476|203498|203897|203952,,,1610612743.0,21400440,True
1,PT07M07.00S,07:07,Q1 07:07,43.11666666666667,47,turnover,Lawson Bad Pass Turnover (P1.T3),[],Lawson,0,0,,False,False,201951.0,,rebound,steal,,,,201152|201163|201167|201951|202389|202702|203476|203498|203897|203952,201163|201167|201951|202389|202702,201152|203476|203498|203897|203952,,,1610612743.0,21400440,True
1,PT07M07.00S,07:07,Q1 07:07,43.11666666666667,47,steal,Young STEAL (1 STL),[],Young,0,0,,False,False,201152.0,,turnover,2pt made,,201152.0,,201152|201163|201167|201951|202389|202702|203476|203498|203897|203952,201152|203476|203498|203897|203952,201163|201167|201951|202389|202702,,,1610612750.0,21400440,True
1,PT07M02.00S,07:02,Q1 07:02,43.03333333333333,48,2pt,LaVine 2' Layup (2 PTS) (Wiggins 1 AST),['pointsinthepaint'],LaVine,12,10,Made,True,True,203897.0,203952.0,steal,2pt missed,,,,201152|201163|201167|201951|202389|202702|203476|203498|203897|203952,201152|203476|203498|203897|203952,201163|201167|201951|202389|202702,12.0,9.0,1610612750.0,21400440,True
1,PT06M47.00S,06:47,Q1 06:47,42.78333333333333,49,2pt,MISS Lawson 17' Jump Shot,[],Lawson,0,0,Missed,True,False,201951.0,,2pt made,rebound,,,,201152|201163|201167|201951|202389|202702|203476|203498|203897|203952,201163|201167|201951|202389|202702,201152|203476|203498|203897|203952,-56.0,165.0,1610612743.0,21400440,True
1,PT06M45.00S,06:45,Q1 06:45,42.75,50,rebound,Dieng REBOUND (Off:2 Def:2),[],Dieng,0,0,,False,False,203476.0,,2pt missed,foul,,,,201152|201163|201167|201951|202389|202702|203476|203498|203897|203952,201152|203476|203498|203897|203952,201163|201167|201951|202389|202702,,,1610612750.0,21400440,True
1,PT06M37.00S,06:37,Q1 06:37,42.61666666666667,51,foul,Afflalo S.FOUL (P1.T1),[],Afflalo,0,0,,False,False,201167.0,,rebound,freethrow,203952.0,,,201152|201163|201167|201951|202389|202702|203476|203498|203897|203952,201163|201167|201951|202389|202702,201152|203476|203498|203897|203952,,,1610612743.0,21400440,True
1,PT06M37.00S,06:37,Q1 06:37,42.61666666666667,52,freethrow,MISS Wiggins Free Throw 1 of 2,[],Wiggins,0,0,Missed,False,False,203952.0,,foul,rebound,,,,201152|201163|201167|201951|202389|202702|203476|203498|203897|203952,201152|203476|203498|203897|203952,201163|201167|201951|202389|202702,,,1610612750.0,21400440,True
1,PT06M37.00S,06:37,Q1 06:37,42.61666666666667,53,rebound,TEAM offensive REBOUND,['team'],,0,0,,False,False,0.0,,freethrow,freethrow,,,,201152|201163|201167|201951|202389|202702|203476|203498|203897|203952,201152|203476|203498|203897|203952,201163|201167|201951|202389|202702,,,1610612750.0,21400440,True
1,PT06M37.00S,06:37,Q1 06:37,42.61666666666667,54,freethrow,Wiggins Free Throw 2 of 2 (1 PTS),['2ndchance'],Wiggins,12,11,Made,False,False,203952.0,,rebound,foul,,,,201152|201163|201167|201951|202389|202702|203476|203498|203897|203952,201152|203476|203498|203897|203952,201163|201167|201951|202389|202702,,,1610612750.0,21400440,True
1,PT06M33.00S,06:33,Q1 06:33,42.55,56,foul,Muhammad S.FOUL (P1.T2),[],Muhammad,0,0,,False,False,203498.0,,freethrow,freethrow,201951.0,,,201152|201163|201167|201951|202389|202702|203476|203498|203897|203952,201152|203476|203498|203897|203952,201163|201167|201951|202389|202702,,,1610612750.0,21400440,True
1,PT06M33.00S,06:33,Q1 06:33,42.55,57,freethrow,Lawson Free Throw 1 of 2 (5 PTS),[],Lawson,13,11,Made,False,False,201951.0,,foul,freethrow,,,,201152|201163|201167|201951|202389|202702|203476|203498|203897|203952,201163|201167|201951|202389|202702,201152|203476|203498|203897|203952,,,1610612743.0,21400440,True
1,PT06M33.00S,06:33,Q1 06:33,42.55,61,freethrow,Lawson Free Throw 2 of 2 (6 PTS),[],Lawson,14,11,Made,False,False,201951.0,,freethrow,substitution,,,,201152|201163|201167|201951|202389|202702|203476|203498|203897|203952,201163|201167|201951|202389|202702,201152|203476|203498|203897|203952,,,1610612743.0,21400440,True
1,PT06M33.00S,06:33,Q1 06:33,42.55,59,substitution,SUB out: Z. LaVine,[],LaVine,0,0,,False,False,203897.0,,freethrow,substitution,,,,201152|201163|201167|201951|202389|202702|203476|203498|203952,201152|203476|203498|203952,201163|201167|201951|202389|202702,,,1610612750.0,21400440,False
1,PT06M33.00S,06:33,Q1 06:33,42.55,60,substitution,SUB out: K. Faried,[],Faried,0,0,,False,False,202702.0,,substitution,substitution,,,,201152|201163|201167|201951|202389|203476|203498|203952,201163|201167|201951|202389,201152|203476|203498|203952,,,1610612743.0,21400440,False
1,PT06M33.00S,06:33,Q1 06:33,42.55,61,substitution,SUB in: M. Williams,[],Williams,0,0,,False,False,2590.0,,substitution,substitution,,,,201152|201163|201167|201951|202389|203476|203498|203952|2590,201152|203476|203498|203952|2590,201163|201167|201951|202389,,,1610612750.0,21400440,False
1,PT06M33.00S,06:33,Q1 06:33,42.55,62,substitution,SUB in: J. Hickson,[],Hickson,0,0,,False,False,201581.0,,substitution,turnover,,,,201152|201163|201167|201581|201951|202389|203476|203498|203952|2590,201163|201167|201581|201951|202389,201152|203476|203498|203952|2590,,,1610612743.0,21400440,True
1,PT06M22.00S,06:22,Q1 06:22,42.36666666666667,63,turnover,Williams Bad Pass Turnover (P1.T1),[],Williams,0,0,,False,False,2590.0,,substitution,steal,,,,201152|201163|201167|201581|201951|202389|203476|203498|203952|2590,201152|203476|203498|203952|2590,201163|201167|201581|201951|202389,,,1610612750.0,21400440,True
1,PT06M22.00S,06:22,Q1 06:22,42.36666666666667,63,steal,Chandler STEAL (1 STL),[],Chandler,0,0,,False,False,201163.0,,turnover,2pt missed,,201163.0,,201152|201163|201167|201581|201951|202389|203476|203498|203952|2590,201163|201167|201581|201951|202389,201152|203476|203498|203952|2590,,,1610612743.0,21400440,True
1,PT06M05.00S,06:05,Q1 06:05,42.083333333333336,64,2pt,MISS Mozgov 20' Jump Shot,[],Mozgov,0,0,Missed,True,False,202389.0,,steal,rebound,,,,201152|201163|201167|201581|201951|202389|203476|203498|203952|2590,201163|201167|201581|201951|202389,201152|203476|203498|203952|2590,-196.0,1.0,1610612743.0,21400440,True
1,PT06M04.00S,06:04,Q1 06:04,42.06666666666666,65,rebound,Wiggins REBOUND (Off:0 Def:1),[],Wiggins,0,0,,False,False,203952.0,,2pt missed,2pt made,,,,201152|201163|201167|201581|201951|202389|203476|203498|203952|2590,201152|203476|203498|203952|2590,201163|201167|201581|201951|202389,,,1610612750.0,21400440,True
1,PT05M50.00S,05:50,Q1 05:50,41.833333333333336,66,2pt,Dieng 8' Turnaround Jump Shot (2 PTS),['pointsinthepaint'],Dieng,14,13,Made,True,False,203476.0,,rebound,3pt missed,,,,201152|201163|201167|201581|201951|202389|203476|203498|203952|2590,201152|203476|203498|203952|2590,201163|201167|201581|201951|202389,56.0,61.0,1610612750.0,21400440,True
1,PT05M34.00S,05:34,Q1 05:34,41.56666666666666,67,3pt,MISS Lawson 26' 3PT Jump Shot,[],Lawson,0,0,Missed,True,False,201951.0,,2pt made,rebound,,,,201152|201163|201167|201581|201951|202389|203476|203498|203952|2590,201163|201167|201581|201951|202389,201152|203476|203498|203952|2590,-125.0,227.0,1610612743.0,21400440,True
1,PT05M32.00S,05:32,Q1 05:32,41.53333333333333,68,rebound,Wiggins REBOUND (Off:0 Def:2),[],Wiggins,0,0,,False,False,203952.0,,3pt missed,2pt missed,,,,201152|201163|201167|201581|201951|202389|203476|203498|203952|2590,201152|203476|203498|203952|2590,201163|201167|201581|201951|202389,,,1610612750.0,21400440,True
1,PT05M21.00S,05:21,Q1 05:21,41.35,69,2pt,MISS Dieng 8' Running Jump Shot,['pointsinthepaint'],Dieng,0,0,Missed,True,False,203476.0,,rebound,rebound,,,,201152|201163|201167|201581|201951|202389|203476|203498|203952|2590,201152|203476|203498|203952|2590,201163|201167|201581|201951|202389,-57.0,56.0,1610612750.0,21400440,True
1,PT05M19.00S,05:19,Q1 05:19,41.31666666666666,70,rebound,Mozgov REBOUND (Off:1 Def:3),[],Mozgov,0,0,,False,False,202389.0,,2pt missed,3pt missed,,,,201152|201163|201167|201581|201951|202389|203476|203498|203952|2590,201163|201167|201581|201951|202389,201152|203476|203498|203952|2590,,,1610612743.0,21400440,True
1,PT05M11.00S,05:11,Q1 05:11,41.18333333333334,71,3pt,MISS Chandler  3PT Jump Shot,[],Chandler,0,0,Missed,True,False,201163.0,,rebound,rebound,,,,201152|201163|201167|201581|201951|202389|203476|203498|203952|2590,201163|201167|201581|201951|202389,201152|203476|203498|203952|2590,-234.0,9.0,1610612743.0,21400440,True
1,PT05M10.00S,05:10,Q1 05:10,41.166666666666664,72,rebound,Williams REBOUND (Off:0 Def:1),[],Williams,0,0,,False,False,2590.0,,3pt missed,foul,,,,201152|201163|201167|201581|201951|202389|203476|203498|203952|2590,201152|203476|203498|203952|2590,201163|201167|201581|201951|202389,,,1610612750.0,21400440,True
1,PT05M06.00S,05:06,Q1 05:06,41.1,73,foul,Hickson S.FOUL (P1.T2),[],Hickson,0,0,,False,False,201581.0,,rebound,timeout,201152.0,,,201152|201163|201167|201581|201951|202389|203476|203498|203952|2590,201163|201167|201581|201951|202389,201152|203476|203498|203952|2590,,,1610612743.0,21400440,True
1,PT05M06.00S,05:06,Q1 05:06,41.1,74,timeout,NUGGETS Timeout: Regular (Full 1 Short 0),[],,0,0,,False,False,0.0,,foul,freethrow,,,,201152|201163|201167|201581|201951|202389|203476|203498|203952|2590,201163|201167|201581|201951|202389,201152|203476|203498|203952|2590,,,1610612743.0,21400440,True
1,PT05M06.00S,05:06,Q1 05:06,41.1,78,freethrow,Young Free Throw 1 of 2 (3 PTS),[],Young,14,14,Made,False,False,201152.0,,timeout,freethrow,,,,201152|201163|201167|201581|201951|202389|203476|203498|203952|2590,201152|203476|203498|203952|2590,201163|201167|201581|201951|202389,,,1610612750.0,21400440,True
1,PT05M06.00S,05:06,Q1 05:06,41.1,80,freethrow,Young Free Throw 2 of 2 (4 PTS),[],Young,14,15,Made,False,False,201152.0,,freethrow,substitution,,,,201152|201163|201167|201581|201951|202389|203476|203498|203952|2590,201152|203476|203498|203952|2590,201163|201167|201581|201951|202389,,,1610612750.0,21400440,True
1,PT05M06.00S,05:06,Q1 05:06,41.1,76,substitution,SUB out: S. Muhammad,[],Muhammad,0,0,,False,False,203498.0,,freethrow,substitution,,,,201152|201163|201167|201581|201951|202389|203476|203952|2590,201152|203476|203952|2590,201163|201167|201581|201951|202389,,,1610612750.0,21400440,False
1,PT05M06.00S,05:06,Q1 05:06,41.1,77,substitution,SUB out: A. Afflalo,[],Afflalo,0,0,,False,False,201167.0,,substitution,substitution,,,,201152|201163|201581|201951|202389|203476|203952|2590,201163|201581|201951|202389,201152|203476|203952|2590,,,1610612743.0,21400440,False
1,PT05M06.00S,05:06,Q1 05:06,41.1,78,substitution,SUB in: C. Budinger,[],Budinger,0,0,,False,False,201978.0,,substitution,substitution,,,,201152|201163|201581|201951|201978|202389|203476|203952|2590,201152|201978|203476|203952|2590,201163|201581|201951|202389,,,1610612750.0,21400440,False
1,PT05M06.00S,05:06,Q1 05:06,41.1,79,substitution,SUB in: A. Gee,[],Gee,0,0,,False,False,202087.0,,substitution,2pt missed,,,,201152|201163|201581|201951|201978|202087|202389|203476|203952|2590,201163|201581|201951|202087|202389,201152|201978|203476|203952|2590,,,1610612743.0,21400440,True
1,PT04M54.00S,04:54,Q1 04:54,40.9,82,2pt,MISS Mozgov 3' Jump Shot,['pointsinthepaint'],Mozgov,0,0,Missed,True,False,202389.0,,substitution,block,,,,201152|201163|201581|201951|201978|202087|202389|203476|203952|2590,201163|201581|201951|202087|202389,201152|201978|203476|203952|2590,-23.0,20.0,1610612743.0,21400440,True
1,PT04M54.00S,04:54,Q1 04:54,40.9,82,block,Dieng BLOCK (1 BLK),[],Dieng,0,0,,False,False,203476.0,,2pt missed,rebound,,,203476.0,201152|201163|201581|201951|201978|202087|202389|203476|203952|2590,201152|201978|203476|203952|2590,201163|201581|201951|202087|202389,,,1610612750.0,21400440,True
1,PT04M52.00S,04:52,Q1 04:52,40.86666666666667,84,rebound,Mozgov REBOUND (Off:2 Def:3),[],Mozgov,0,0,,False,False,202389.0,,block,2pt made,,,,201152|201163|201581|201951|201978|202087|202389|203476|203952|2590,201163|201581|201951|202087|202389,201152|201978|203476|203952|2590,,,1610612743.0,21400440,True
1,PT04M51.00S,04:51,Q1 04:51,40.85,83,2pt,Mozgov  Dunk (2 PTS),['pointsinthepaint'],Mozgov,16,15,Made,True,False,202389.0,,rebound,2pt made,,,,201152|201163|201581|201951|201978|202087|202389|203476|203952|2590,201163|201581|201951|202087|202389,201152|201978|203476|203952|2590,0.0,1.0,1610612743.0,21400440,True
1,PT04M34.00S,04:34,Q1 04:34,40.56666666666666,85,2pt,Young 5' Running Jump Shot (6 PTS) (Williams 1 AST),['pointsinthepaint'],Young,16,17,Made,True,True,201152.0,2590.0,2pt made,3pt missed,,,,201152|201163|201581|201951|201978|202087|202389|203476|203952|2590,201152|201978|203476|203952|2590,201163|201581|201951|202087|202389,-26.0,37.0,1610612750.0,21400440,True
1,PT04M12.00S,04:12,Q1 04:12,40.2,86,3pt,MISS Gee 25' 3PT Jump Shot,[],Gee,0,0,Missed,True,False,202087.0,,2pt made,rebound,,,,201152|201163|201581|201951|201978|202087|202389|203476|203952|2590,201163|201581|201951|202087|202389,201152|201978|203476|203952|2590,-171.0,186.0,1610612743.0,21400440,True
1,PT04M10.00S,04:10,Q1 04:10,40.166666666666664,87,rebound,Budinger REBOUND (Off:0 Def:1),[],Budinger,0,0,,False,False,201978.0,,3pt missed,2pt made,,,,201152|201163|201581|201951|201978|202087|202389|203476|203952|2590,201152|201978|203476|203952|2590,201163|201581|201951|202087|202389,,,1610612750.0,21400440,True
1,PT04M05.00S,04:05,Q1 04:05,40.083333333333336,88,2pt,Wiggins 2' Layup (3 PTS) (Williams 2 AST),['pointsinthepaint'],Wiggins,16,19,Made,True,True,203952.0,2590.0,rebound,2pt made,,,,201152|201163|201581|201951|201978|202087|202389|203476|203952|2590,201152|201978|203476|203952|2590,201163|201581|201951|202087|202389,-16.0,14.0,1610612750.0,21400440,True
1,PT03M47.00S,03:47,Q1 03:47,39.78333333333333,89,2pt,Hickson 2' Finger Roll Layup (2 PTS) (Lawson 2 AST),['pointsinthepaint'],Hickson,18,19,Made,True,True,201581.0,201951.0,2pt made,2pt missed,,,,201152|201163|201581|201951|201978|202087|202389|203476|203952|2590,201163|201581|201951|202087|202389,201152|201978|203476|203952|2590,20.0,6.0,1610612743.0,21400440,True
1,PT03M28.00S,03:28,Q1 03:28,39.46666666666667,90,2pt,MISS Budinger 18' Jump Shot,[],Budinger,0,0,Missed,True,False,201978.0,,2pt made,rebound,,,,201152|201163|201581|201951|201978|202087|202389|203476|203952|2590,201152|201978|203476|203952|2590,201163|201581|201951|202087|202389,171.0,52.0,1610612750.0,21400440,True
1,PT03M26.00S,03:26,Q1 03:26,39.43333333333334,91,rebound,Chandler REBOUND (Off:0 Def:1),[],Chandler,0,0,,False,False,201163.0,,2pt missed,2pt made,,,,201152|201163|201581|201951|201978|202087|202389|203476|203952|2590,201163|201581|201951|202087|202389,201152|201978|203476|203952|2590,,,1610612743.0,21400440,True
1,PT03M18.00S,03:18,Q1 03:18,39.3,92,2pt,Mozgov 18' Jump Shot (4 PTS) (Chandler 1 AST),[],Mozgov,20,19,Made,True,True,202389.0,201163.0,rebound,2pt missed,,,,201152|201163|201581|201951|201978|202087|202389|203476|203952|2590,201163|201581|201951|202087|202389,201152|201978|203476|203952|2590,4.0,183.0,1610612743.0,21400440,True
1,PT03M05.00S,03:05,Q1 03:05,39.083333333333336,93,2pt,MISS Williams 16' Fadeaway Jumper,[],Williams,0,0,Missed,True,False,2590.0,,2pt made,rebound,,,,201152|201163|201581|201951|201978|202087|202389|203476|203952|2590,201152|201978|203476|203952|2590,201163|201581|201951|202087|202389,-155.0,7.0,1610612750.0,21400440,True
1,PT03M04.00S,03:04,Q1 03:04,39.06666666666667,94,rebound,Hickson REBOUND (Off:0 Def:1),[],Hickson,0,0,,False,False,201581.0,,2pt missed,turnover,,,,201152|201163|201581|201951|201978|202087|202389|203476|203952|2590,201163|201581|201951|202087|202389,201152|201978|203476|203952|2590,,,1610612743.0,21400440,True
1,PT03M02.00S,03:02,Q1 03:02,39.03333333333333,95,turnover,Hickson Bad Pass Turnover (P1.T4),[],Hickson,0,0,,False,False,201581.0,,rebound,2pt made,,,,201152|201163|201581|201951|201978|202087|202389|203476|203952|2590,201163|201581|201951|202087|202389,201152|201978|203476|203952|2590,,,1610612743.0,21400440,True
1,PT02M54.00S,02:54,Q1 02:54,38.9,96,2pt,Young 4' Running Jump Shot (8 PTS) (Williams 3 AST),['pointsinthepaint'],Young,20,21,Made,True,True,201152.0,2590.0,turnover,2pt missed,,,,201152|201163|201581|201951|201978|202087|202389|203476|203952|2590,201152|201978|203476|203952|2590,201163|201581|201951|202087|202389,6.0,39.0,1610612750.0,21400440,True
1,PT02M32.00S,02:32,Q1 02:32,38.53333333333333,97,2pt,MISS Hickson 2' Layup,['pointsinthepaint'],Hickson,0,0,Missed,True,False,201581.0,,2pt made,block,,,,201152|201163|201581|201951|201978|202087|202389|203476|203952|2590,201163|201581|201951|202087|202389,201152|201978|203476|203952|2590,-15.0,4.0,1610612743.0,21400440,True
1,PT02M32.00S,02:32,Q1 02:32,38.53333333333333,97,block,Wiggins BLOCK (1 BLK),[],Wiggins,0,0,,False,False,203952.0,,2pt missed,2pt missed,,,203952.0,201152|201163|201581|201951|201978|202087|202389|203476|203952|2590,201152|201978|203476|203952|2590,201163|201581|201951|202087|202389,,,1610612750.0,21400440,True
1,PT02M30.00S,02:30,Q1 02:30,38.5,98,2pt,MISS Hickson 2' Layup,['pointsinthepaint'],Hickson,0,0,Missed,True,False,201581.0,,block,block,,,,201152|201163|201581|201951|201978|202087|202389|203476|203952|2590,201163|201581|201951|202087|202389,201152|201978|203476|203952|2590,-16.0,4.0,1610612743.0,21400440,True
1,PT02M30.00S,02:30,Q1 02:30,38.5,98,block,Dieng BLOCK (2 BLK),[],Dieng,0,0,,False,False,203476.0,,2pt missed,rebound,,,203476.0,201152|201163|201581|201951|201978|202087|202389|203476|203952|2590,201152|201978|203476|203952|2590,201163|201581|201951|202087|202389,,,1610612750.0,21400440,True
1,PT02M30.00S,02:30,Q1 02:30,38.5,99,rebound,Hickson REBOUND (Off:1 Def:1),[],Hickson,0,0,,False,False,201581.0,,block,rebound,,,,201152|201163|201581|201951|201978|202087|202389|203476|203952|2590,201163|201581|201951|202087|202389,201152|201978|203476|203952|2590,,,1610612743.0,21400440,True
1,PT02M26.00S,02:26,Q1 02:26,38.43333333333334,100,rebound,Young REBOUND (Off:1 Def:1),[],Young,0,0,,False,False,201152.0,,rebound,foul,,,,201152|201163|201581|201951|201978|202087|202389|203476|203952|2590,201152|201978|203476|203952|2590,201163|201581|201951|202087|202389,,,1610612750.0,21400440,True
1,PT02M24.00S,02:24,Q1 02:24,38.4,101,foul,Lawson S.FOUL (P1.T3),[],Lawson,0,0,,False,False,201951.0,,rebound,timeout,203952.0,,,201152|201163|201581|201951|201978|202087|202389|203476|203952|2590,201163|201581|201951|202087|202389,201152|201978|203476|203952|2590,,,1610612743.0,21400440,True
1,PT02M24.00S,02:24,Q1 02:24,38.4,102,timeout,Timberwolves Timeout: Regular (Reg.1 Short 0),[],,0,0,,False,False,0.0,,foul,freethrow,,,,201152|201163|201581|201951|201978|202087|202389|203476|203952|2590,201152|201978|203476|203952|2590,201163|201581|201951|202087|202389,,,1610612750.0,21400440,True
1,PT02M24.00S,02:24,Q1 02:24,38.4,107,freethrow,Wiggins Free Throw 1 of 2 (4 PTS),[],Wiggins,20,22,Made,False,False,203952.0,,timeout,freethrow,,,,201152|201163|201581|201951|201978|202087|202389|203476|203952|2590,201152|201978|203476|203952|2590,201163|201581|201951|202087|202389,,,1610612750.0,21400440,True
1,PT02M24.00S,02:24,Q1 02:24,38.4,109,freethrow,Wiggins Free Throw 2 of 2 (5 PTS),[],Wiggins,20,23,Made,False,False,203952.0,,freethrow,substitution,,,,201152|201163|201581|201951|201978|202087|202389|203476|203952|2590,201152|201978|203476|203952|2590,201163|201581|201951|202087|202389,,,1610612750.0,21400440,True
1,PT02M24.00S,02:24,Q1 02:24,38.4,105,substitution,SUB out: W. Chandler,[],Chandler,0,0,,False,False,201163.0,,freethrow,substitution,,,,201152|201581|201951|201978|202087|202389|203476|203952|2590,201581|201951|202087|202389,201152|201978|203476|203952|2590,,,1610612743.0,21400440,False
1,PT02M24.00S,02:24,Q1 02:24,38.4,106,substitution,SUB out: T. Mozgov,[],Mozgov,0,0,,False,False,202389.0,,substitution,substitution,,,,201152|201581|201951|201978|202087|203476|203952|2590,201581|201951|202087,201152|201978|203476|203952|2590,,,1610612743.0,21400440,False
1,PT02M24.00S,02:24,Q1 02:24,38.4,107,substitution,SUB in: A. Afflalo,[],Afflalo,0,0,,False,False,201167.0,,substitution,substitution,,,,201152|201167|201581|201951|201978|202087|203476|203952|2590,201167|201581|201951|202087,201152|201978|203476|203952|2590,,,1610612743.0,21400440,False
1,PT02M24.00S,02:24,Q1 02:24,38.4,108,substitution,SUB in: J. Nurkic,[],Nurkic,0,0,,False,False,203994.0,,substitution,2pt missed,,,,201152|201167|201581|201951|201978|202087|203476|203952|203994|2590,201167|201581|201951|202087|203994,201152|201978|203476|203952|2590,,,1610612743.0,21400440,True
1,PT02M02.00S,02:02,Q1 02:02,38.03333333333333,111,2pt,MISS Hickson 2' Layup,['pointsinthepaint'],Hickson,0,0,Missed,True,False,201581.0,,substitution,block,,,,201152|201167|201581|201951|201978|202087|203476|203952|203994|2590,201167|201581|201951|202087|203994,201152|201978|203476|203952|2590,12.0,11.0,1610612743.0,21400440,True
1,PT02M02.00S,02:02,Q1 02:02,38.03333333333333,111,block,Dieng BLOCK (3 BLK),[],Dieng,0,0,,False,False,203476.0,,2pt missed,rebound,,,203476.0,201152|201167|201581|201951|201978|202087|203476|203952|203994|2590,201152|201978|203476|203952|2590,201167|201581|201951|202087|203994,,,1610612750.0,21400440,True
1,PT01M59.00S,01:59,Q1 01:59,37.983333333333334,112,rebound,Nurkic REBOUND (Off:1 Def:0),[],Nurkic,0,0,,False,False,203994.0,,block,2pt made,,,,201152|201167|201581|201951|201978|202087|203476|203952|203994|2590,201167|201581|201951|202087|203994,201152|201978|203476|203952|2590,,,1610612743.0,21400440,True
1,PT01M57.00S,01:57,Q1 01:57,37.95,113,2pt,Nurkic 1' Layup (2 PTS),['pointsinthepaint'],Nurkic,22,23,Made,True,False,203994.0,,rebound,2pt made,,,,201152|201167|201581|201951|201978|202087|203476|203952|203994|2590,201167|201581|201951|202087|203994,201152|201978|203476|203952|2590,6.0,-2.0,1610612743.0,21400440,True
1,PT01M43.00S,01:43,Q1 01:43,37.71666666666667,114,2pt,Young 3' Running Layup (10 PTS) (Williams 4 AST),['pointsinthepaint'],Young,22,25,Made,True,True,201152.0,2590.0,2pt made,2pt made,,,,201152|201167|201581|201951|201978|202087|203476|203952|203994|2590,201152|201978|203476|203952|2590,201167|201581|201951|202087|203994,-16.0,23.0,1610612750.0,21400440,True
1,PT01M28.00S,01:28,Q1 01:28,37.46666666666667,115,2pt,Afflalo 17' Jump Shot (2 PTS) (Lawson 3 AST),[],Afflalo,24,25,Made,True,True,201167.0,201951.0,2pt made,2pt missed,,,,201152|201167|201581|201951|201978|202087|203476|203952|203994|2590,201167|201581|201951|202087|203994,201152|201978|203476|203952|2590,138.0,105.0,1610612743.0,21400440,True
1,PT01M06.00S,01:06,Q1 01:06,37.1,116,2pt,MISS Young 16' Jump Shot,[],Young,0,0,Missed,True,False,201152.0,,2pt made,rebound,,,,201152|201167|201581|201951|201978|202087|203476|203952|203994|2590,201152|201978|203476|203952|2590,201167|201581|201951|202087|203994,-161.0,23.0,1610612750.0,21400440,True
1,PT01M06.00S,01:06,Q1 01:06,37.1,117,rebound,TEAM offensive REBOUND,['team'],,0,0,,False,False,0.0,,2pt missed,2pt made,,,,201152|201167|201581|201951|201978|202087|203476|203952|203994|2590,201152|201978|203476|203952|2590,201167|201581|201951|202087|203994,,,1610612750.0,21400440,True
1,PT01M03.00S,01:03,Q1 01:03,37.05,119,2pt,Wiggins 19' Jump Shot (7 PTS) (Budinger 1 AST),['2ndchance'],Wiggins,24,27,Made,True,True,203952.0,201978.0,rebound,turnover,,,,201152|201167|201581|201951|201978|202087|203476|203952|203994|2590,201152|201978|203476|203952|2590,201167|201581|201951|202087|203994,174.0,71.0,1610612750.0,21400440,True
1,PT00M48.90S,00:48,Q1 00:48,36.815,120,turnover,Lawson Bad Pass Turnover (P2.T5),[],Lawson,0,0,,False,False,201951.0,,2pt made,steal,,,,201152|201167|201581|201951|201978|202087|203476|203952|203994|2590,201167|201581|201951|202087|203994,201152|201978|203476|203952|2590,,,1610612743.0,21400440,True
1,PT00M48.90S,00:48,Q1 00:48,36.815,120,steal,Dieng STEAL (1 STL),[],Dieng,0,0,,False,False,203476.0,,turnover,turnover,,203476.0,,201152|201167|201581|201951|201978|202087|203476|203952|203994|2590,201152|201978|203476|203952|2590,201167|201581|201951|202087|203994,,,1610612750.0,21400440,True
1,PT00M41.70S,00:41,Q1 00:41,36.695,121,turnover,Williams Step Out of Bounds Turnover (P2.T2),[],Williams,0,0,,False,False,2590.0,,steal,2pt made,,,,201152|201167|201581|201951|201978|202087|203476|203952|203994|2590,201152|201978|203476|203952|2590,201167|201581|201951|202087|203994,,,1610612750.0,21400440,True
1,PT00M29.60S,00:29,Q1 00:29,36.49333333333333,122,2pt,Hickson  Dunk (4 PTS) (Afflalo 1 AST),['pointsinthepaint'],Hickson,26,27,Made,True,True,201581.0,201167.0,turnover,turnover,,,,201152|201167|201581|201951|201978|202087|203476|203952|203994|2590,201167|201581|201951|202087|203994,201152|201978|203476|203952|2590,0.0,1.0,1610612743.0,21400440,True
1,PT00M05.60S,00:05,Q1 00:05,36.093333333333334,123,turnover,Timberwolves Turnover: Shot Clock (T#3),[],,0,0,,False,False,1610612750.0,,2pt made,foul,,,,201152|201167|201581|201951|201978|202087|203476|203952|203994|2590,201167|201581|201951|202087|203994,201152|201978|203476|203952|2590,,,0.0,21400440,True
1,PT00M04.90S,00:04,Q1 00:04,36.08166666666666,124,foul,Williams Personal Take Foul (P1.T3),[],Williams,0,0,,False,False,2590.0,,turnover,2pt missed,201951.0,,,201152|201167|201581|201951|201978|202087|203476|203952|203994|2590,201152|201978|203476|203952|2590,201167|201581|201951|202087|203994,,,1610612750.0,21400440,True
1,PT00M01.50S,00:01,Q1 00:01,36.025,125,2pt,MISS Lawson 10' Jump Shot,[],Lawson,0,0,Missed,True,False,201951.0,,foul,rebound,,,,201152|201167|201581|201951|201978|202087|203476|203952|203994|2590,201167|201581|201951|202087|203994,201152|201978|203476|203952|2590,91.0,31.0,1610612743.0,21400440,True
1,PT00M00.30S,00:00,Q1 00:00,36.005,126,rebound,Nurkic REBOUND (Off:2 Def:0),[],Nurkic,0,0,,False,False,203994.0,,2pt missed,period,,,,201152|201167|201581|201951|201978|202087|203476|203952|203994|2590,201167|201581|201951|202087|203994,201152|201978|203476|203952|2590,,,1610612743.0,21400440,True
1,PT00M00.00S,00:00,Q1 00:00,36.0,129,period,End of 1st Period (9:33 PM EST),[],,26,27,,False,False,0.0,,rebound,period,,,,201152|201167|201581|201951|201978|202087|203476|203952|203994|2590,201167|201581|201951|202087|203994,201152|201978|203476|203952|2590,,,1610612743.0,21400440,True
2,PT12M00.00S,12:00,Q2 12:00,36.0,131,period,Start of 2nd Period (9:36 PM EST),[],,26,27,,False,False,0.0,,period,substitution,,,,201152|201167|201581|201951|201978|202087|203476|203952|203994|2590,201167|201581|201951|202087|203994,201152|201978|203476|203952|2590,,,1610612743.0,21400440,True
2,PT11M48.00S,11:48,Q2 11:48,35.8,132,2pt,MISS Bennett 20' Jump Shot,[],Bennett,0,0,Missed,True,False,203461.0,,substitution,rebound,,,,101126|201163|201167|201581|201978|203461|203476|203498|203994|2590,201978|203461|203476|203498|2590,101126|201163|201167|201581|203994,-174.0,93.0,1610612750.0,21400440,True
2,PT11M47.00S,11:47,Q2 11:47,35.78333333333333,133,rebound,Dieng REBOUND (Off:3 Def:2),[],Dieng,0,0,,False,False,203476.0,,2pt missed,foul,,,,101126|201163|201167|201581|201978|203461|203476|203498|203994|2590,201978|203461|203476|203498|2590,101126|201163|201167|201581|203994,,,1610612750.0,21400440,True
2,PT11M46.00S,11:46,Q2 11:46,35.766666666666666,134,foul,Nurkic S.FOUL (P1.T1),[],Nurkic,0,0,,False,False,203994.0,,rebound,freethrow,203476.0,,,101126|201163|201167|201581|201978|203461|203476|203498|203994|2590,101126|201163|201167|201581|203994,201978|203461|203476|203498|2590,,,1610612743.0,21400440,True
2,PT11M46.00S,11:46,Q2 11:46,35.766666666666666,135,freethrow,Dieng Free Throw 1 of 2 (3 PTS),[],Dieng,26,28,Made,False,False,203476.0,,foul,freethrow,,,,101126|201163|201167|201581|201978|203461|203476|203498|203994|2590,201978|203461|203476|203498|2590,101126|201163|201167|201581|203994,,,1610612750.0,21400440,True
2,PT11M46.00S,11:46,Q2 11:46,35.766666666666666,137,freethrow,Dieng Free Throw 2 of 2 (4 PTS),[],Dieng,26,29,Made,False,False,203476.0,,freethrow,foul,,,,101126|201163|201167|201581|201978|203461|203476|203498|203994|2590,201978|203461|203476|203498|2590,101126|201163|201167|201581|203994,,,1610612750.0,21400440,True
2,PT11M37.00S,11:37,Q2 11:37,35.61666666666667,139,foul,Williams P.FOUL (P2.T1),[],Williams,0,0,,False,False,2590.0,,freethrow,substitution,201581.0,,,101126|201163|201167|201581|201978|203461|203476|203498|203994|2590,201978|203461|203476|203498|2590,101126|201163|201167|201581|203994,,,1610612750.0,21400440,True
2,PT11M37.00S,11:37,Q2 11:37,35.61666666666667,140,substitution,SUB out: G. Dieng,[],Dieng,0,0,,False,False,203476.0,,foul,substitution,,,,101126|201163|201167|201581|201978|203461|203498|203994|2590,201978|203461|203498|2590,101126|201163|201167|201581|203994,,,1610612750.0,21400440,False
2,PT11M37.00S,11:37,Q2 11:37,35.61666666666667,141,substitution,SUB out: M. Williams,[],Williams,0,0,,False,False,2590.0,,substitution,substitution,,,,101126|201163|201167|201581|201978|203461|203498|203994,201978|203461|203498,101126|201163|201167|201581|203994,,,1610612750.0,21400440,False
2,PT11M37.00S,11:37,Q2 11:37,35.61666666666667,142,substitution,SUB in: J. Adrien,[],Adrien,0,0,,False,False,202399.0,,substitution,substitution,,,,101126|201163|201167|201581|201978|202399|203461|203498|203994,201978|202399|203461|203498,101126|201163|201167|201581|203994,,,1610612750.0,21400440,False
2,PT11M37.00S,11:37,Q2 11:37,35.61666666666667,143,substitution,SUB in: Z. LaVine,[],LaVine,0,0,,False,False,203897.0,,substitution,2pt missed,,,,101126|201163|201167|201581|201978|202399|203461|203498|203897|203994,201978|202399|203461|203498|203897,101126|201163|201167|201581|203994,,,1610612750.0,21400440,True
2,PT11M27.00S,11:27,Q2 11:27,35.45,142,2pt,MISS Hickson 3' Layup,['pointsinthepaint'],Hickson,0,0,Missed,True,False,201581.0,,substitution,rebound,,,,101126|201163|201167|201581|201978|202399|203461|203498|203897|203994,101126|201163|201167|201581|203994,201978|202399|203461|203498|203897,-18.0,19.0,1610612743.0,21400440,True
2,PT11M26.00S,11:26,Q2 11:26,35.43333333333334,143,rebound,TEAM offensive REBOUND,['team'],,0,0,,False,False,0.0,,2pt missed,turnover,,,,101126|201163|201167|201581|201978|202399|203461|203498|203897|203994,101126|201163|201167|201581|203994,201978|202399|203461|203498|203897,,,1610612743.0,21400440,True
2,PT11M26.00S,11:26,Q2 11:26,35.43333333333334,144,turnover,Hickson Traveling Turnover (P2.T6),[],Hickson,0,0,,False,False,201581.0,,rebound,turnover,,,,101126|201163|201167|201581|201978|202399|203461|203498|203897|203994,101126|201163|201167|201581|203994,201978|202399|203461|203498|203897,,,1610612743.0,21400440,True
2,PT11M10.00S,11:10,Q2 11:10,35.166666666666664,145,turnover,Adrien Traveling Turnover (P1.T4),[],Adrien,0,0,,False,False,202399.0,,turnover,3pt made,,,,101126|201163|201167|201581|201978|202399|203461|203498|203897|203994,201978|202399|203461|203498|203897,101126|201163|201167|201581|203994,,,1610612750.0,21400440,True
2,PT10M54.00S,10:54,Q2 10:54,34.9,146,3pt,Chandler 26' 3PT Jump Shot (6 PTS) (Robinson 1 AST),[],Chandler,29,29,Made,True,True,201163.0,101126.0,turnover,2pt missed,,,,101126|201163|201167|201581|201978|202399|203461|203498|203897|203994,101126|201163|201167|201581|203994,201978|202399|203461|203498|203897,171.0,197.0,1610612743.0,21400440,True
2,PT10M32.00S,10:32,Q2 10:32,34.53333333333333,147,2pt,MISS Adrien 2' Layup,['pointsinthepaint'],Adrien,0,0,Missed,True,False,202399.0,,3pt made,rebound,,,,101126|201163|201167|201581|201978|202399|203461|203498|203897|203994,201978|202399|203461|203498|203897,101126|201163|201167|201581|203994,20.0,3.0,1610612750.0,21400440,True
2,PT10M31.00S,10:31,Q2 10:31,34.516666666666666,148,rebound,Nurkic REBOUND (Off:2 Def:1),[],Nurkic,0,0,,False,False,203994.0,,2pt missed,2pt missed,,,,101126|201163|201167|201581|201978|202399|203461|203498|203897|203994,101126|201163|201167|201581|203994,201978|202399|203461|203498|203897,,,1610612743.0,21400440,True
2,PT10M21.00S,10:21,Q2 10:21,34.35,149,2pt,MISS Chandler 17' Jump Shot,[],Chandler,0,0,Missed,True,False,201163.0,,rebound,rebound,,,,101126|201163|201167|201581|201978|202399|203461|203498|203897|203994,101126|201163|201167|201581|203994,201978|202399|203461|203498|203897,75.0,157.0,1610612743.0,21400440,True
2,PT10M20.00S,10:20,Q2 10:20,34.333333333333336,150,rebound,Adrien REBOUND (Off:0 Def:1),[],Adrien,0,0,,False,False,202399.0,,2pt missed,2pt made,,,,101126|201163|201167|201581|201978|202399|203461|203498|203897|203994,201978|202399|203461|203498|203897,101126|201163|201167|201581|203994,,,1610612750.0,21400440,True
2,PT10M12.00S,10:12,Q2 10:12,34.2,151,2pt,Muhammad 7' Jump Shot (8 PTS) (Adrien 1 AST),['pointsinthepaint'],Muhammad,29,31,Made,True,True,203498.0,202399.0,rebound,3pt missed,,,,101126|201163|201167|201581|201978|202399|203461|203498|203897|203994,201978|202399|203461|203498|203897,101126|201163|201167|201581|203994,70.0,9.0,1610612750.0,21400440,True
2,PT09M50.00S,09:50,Q2 09:50,33.833333333333336,152,3pt,MISS Afflalo  3PT Jump Shot,[],Afflalo,0,0,Missed,True,False,201167.0,,2pt made,rebound,,,,101126|201163|201167|201581|201978|202399|203461|203498|203897|203994,101126|201163|201167|201581|203994,201978|202399|203461|203498|203897,-232.0,17.0,1610612743.0,21400440,True
2,PT09M48.00S,09:48,Q2 09:48,33.8,153,rebound,LaVine REBOUND (Off:0 Def:1),[],LaVine,0,0,,False,False,203897.0,,3pt missed,3pt missed,,,,101126|201163|201167|201581|201978|202399|203461|203498|203897|203994,201978|202399|203461|203498|203897,101126|201163|201167|201581|203994,,,1610612750.0,21400440,True
2,PT09M42.00S,09:42,Q2 09:42,33.7,154,3pt,MISS Budinger 25' 3PT Jump Shot,[],Budinger,0,0,Missed,True,False,201978.0,,rebound,rebound,,,,101126|201163|201167|201581|201978|202399|203461|203498|203897|203994,201978|202399|203461|203498|203897,101126|201163|201167|201581|203994,176.0,173.0,1610612750.0,21400440,True
2,PT09M39.00S,09:39,Q2 09:39,33.65,155,rebound,Chandler REBOUND (Off:0 Def:2),[],Chandler,0,0,,False,False,201163.0,,3pt missed,3pt missed,,,,101126|201163|201167|201581|201978|202399|203461|203498|203897|203994,101126|201163|201167|201581|203994,201978|202399|203461|203498|203897,,,1610612743.0,21400440,True
2,PT09M31.00S,09:31,Q2 09:31,33.516666666666666,156,3pt,MISS Chandler 25' 3PT Jump Shot,[],Chandler,0,0,Missed,True,False,201163.0,,rebound,rebound,,,,101126|201163|201167|201581|201978|202399|203461|203498|203897|203994,101126|201163|201167|201581|203994,201978|202399|203461|203498|203897,152.0,200.0,1610612743.0,21400440,True
2,PT09M28.00S,09:28,Q2 09:28,33.46666666666667,157,rebound,Bennett REBOUND (Off:0 Def:1),[],Bennett,0,0,,False,False,203461.0,,3pt missed,2pt missed,,,,101126|201163|201167|201581|201978|202399|203461|203498|203897|203994,201978|202399|203461|203498|203897,101126|201163|201167|201581|203994,,,1610612750.0,21400440,True
2,PT09M19.00S,09:19,Q2 09:19,33.31666666666666,158,2pt,MISS LaVine 22' Jump Shot,[],LaVine,0,0,Missed,True,False,203897.0,,rebound,rebound,,,,101126|201163|201167|201581|201978|202399|203461|203498|203897|203994,201978|202399|203461|203498|203897,101126|201163|201167|201581|203994,-54.0,213.0,1610612750.0,21400440,True
2,PT09M18.00S,09:18,Q2 09:18,33.3,159,rebound,Nurkic REBOUND (Off:2 Def:2),[],Nurkic,0,0,,False,False,203994.0,,2pt missed,3pt missed,,,,101126|201163|201167|201581|201978|202399|203461|203498|203897|203994,101126|201163|201167|201581|203994,201978|202399|203461|203498|203897,,,1610612743.0,21400440,True
2,PT09M09.00S,09:09,Q2 09:09,33.15,160,3pt,MISS Chandler 25' 3PT Jump Shot,[],Chandler,0,0,Missed,True,False,201163.0,,rebound,rebound,,,,101126|201163|201167|201581|201978|202399|203461|203498|203897|203994,101126|201163|201167|201581|203994,201978|202399|203461|203498|203897,136.0,214.0,1610612743.0,21400440,True
2,PT09M08.00S,09:08,Q2 09:08,33.13333333333333,161,rebound,TEAM offensive REBOUND,['team'],,0,0,,False,False,0.0,,3pt missed,foul,,,,101126|201163|201167|201581|201978|202399|203461|203498|203897|203994,101126|201163|201167|201581|203994,201978|202399|203461|203498|203897,,,1610612743.0,21400440,True
2,PT09M08.00S,09:08,Q2 09:08,33.13333333333333,162,foul,Bennett L.B.FOUL (P1.T2),[],Bennett,0,0,,False,False,203461.0,,rebound,substitution,203994.0,,,101126|201163|201167|201581|201978|202399|203461|203498|203897|203994,201978|202399|203461|203498|203897,101126|201163|201167|201581|203994,,,1610612750.0,21400440,True
2,PT09M08.00S,09:08,Q2 09:08,33.13333333333333,163,substitution,SUB out: J. Hickson,[],Hickson,0,0,,False,False,201581.0,,foul,substitution,,,,101126|201163|201167|201978|202399|203461|203498|203897|203994,101126|201163|201167|203994,201978|202399|203461|203498|203897,,,1610612743.0,21400440,False
2,PT09M08.00S,09:08,Q2 09:08,33.13333333333333,164,substitution,SUB out: S. Muhammad,[],Muhammad,0,0,,False,False,203498.0,,substitution,substitution,,,,101126|201163|201167|201978|202399|203461|203897|203994,201978|202399|203461|203897,101126|201163|201167|203994,,,1610612750.0,21400440,False
2,PT09M08.00S,09:08,Q2 09:08,33.13333333333333,165,substitution,SUB in: K. Faried,[],Faried,0,0,,False,False,202702.0,,substitution,substitution,,,,101126|201163|201167|201978|202399|202702|203461|203897|203994,101126|201163|201167|202702|203994,201978|202399|203461|203897,,,1610612743.0,21400440,False
2,PT09M08.00S,09:08,Q2 09:08,33.13333333333333,166,substitution,SUB in: A. Wiggins,[],Wiggins,0,0,,False,False,203952.0,,substitution,2pt made,,,,101126|201163|201167|201978|202399|202702|203461|203897|203952|203994,201978|202399|203461|203897|203952,101126|201163|201167|202702|203994,,,1610612750.0,21400440,True
2,PT09M00.00S,09:00,Q2 09:00,33.0,165,2pt,Nurkic 3' Jump Shot (4 PTS) (Afflalo 2 AST),['pointsinthepaint'],Nurkic,31,31,Made,True,True,203994.0,201167.0,substitution,2pt missed,,,,101126|201163|201167|201978|202399|202702|203461|203897|203952|203994,101126|201163|201167|202702|203994,201978|202399|203461|203897|203952,28.0,11.0,1610612743.0,21400440,True
2,PT08M40.00S,08:40,Q2 08:40,32.666666666666664,166,2pt,MISS Adrien 8' Turnaround Jump Shot,['pointsinthepaint'],Adrien,0,0,Missed,True,False,202399.0,,2pt made,rebound,,,,101126|201163|201167|201978|202399|202702|203461|203897|203952|203994,201978|202399|203461|203897|203952,101126|201163|201167|202702|203994,-18.0,74.0,1610612750.0,21400440,True
2,PT08M39.00S,08:39,Q2 08:39,32.65,167,rebound,Faried REBOUND (Off:2 Def:3),[],Faried,0,0,,False,False,202702.0,,2pt missed,2pt missed,,,,101126|201163|201167|201978|202399|202702|203461|203897|203952|203994,101126|201163|201167|202702|203994,201978|202399|203461|203897|203952,,,1610612743.0,21400440,True
2,PT08M33.00S,08:33,Q2 08:33,32.55,168,2pt,MISS Faried 6' Running Jump Shot,['pointsinthepaint'],Faried,0,0,Missed,True,False,202702.0,,rebound,rebound,,,,101126|201163|201167|201978|202399|202702|203461|203897|203952|203994,101126|201163|201167|202702|203994,201978|202399|203461|203897|203952,-48.0,28.0,1610612743.0,21400440,True
2,PT08M32.00S,08:32,Q2 08:32,32.53333333333333,169,rebound,Faried REBOUND (Off:3 Def:3),[],Faried,0,0,,False,False,202702.0,,2pt missed,foul,,,,101126|201163|201167|201978|202399|202702|203461|203897|203952|203994,101126|201163|201167|202702|203994,201978|202399|203461|203897|203952,,,1610612743.0,21400440,True
2,PT08M31.00S,08:31,Q2 08:31,32.516666666666666,170,foul,Adrien S.FOUL (P1.T3),[],Adrien,0,0,,False,False,202399.0,,rebound,timeout,202702.0,,,101126|201163|201167|201978|202399|202702|203461|203897|203952|203994,201978|202399|203461|203897|203952,101126|201163|201167|202702|203994,,,1610612750.0,21400440,True
2,PT08M31.00S,08:31,Q2 08:31,32.516666666666666,171,timeout,Timeout: Official,[],,0,0,,False,False,0.0,,foul,freethrow,,,,101126|201163|201167|201978|202399|202702|203461|203897|203952|203994,101126|201163|201167|202702|203994,201978|202399|203461|203897|203952,,,0.0,21400440,True
2,PT08M31.00S,08:31,Q2 08:31,32.516666666666666,175,freethrow,Faried Free Throw 1 of 2 (6 PTS),[],Faried,32,31,Made,False,False,202702.0,,timeout,freethrow,,,,101126|201163|201167|201978|202399|202702|203461|203897|203952|203994,101126|201163|201167|202702|203994,201978|202399|203461|203897|203952,,,1610612743.0,21400440,True
2,PT08M31.00S,08:31,Q2 08:31,32.516666666666666,177,freethrow,Faried Free Throw 2 of 2 (7 PTS),[],Faried,33,31,Made,False,False,202702.0,,freethrow,2pt made,,,,101126|201163|201167|201978|202399|202702|203461|203897|203952|203994,101126|201163|201167|202702|203994,201978|202399|203461|203897|203952,,,1610612743.0,21400440,True
2,PT08M10.00S,08:10,Q2 08:10,32.166666666666664,179,2pt,Wiggins 3' Driving Layup (9 PTS),['pointsinthepaint'],Wiggins,33,33,Made,True,False,203952.0,,freethrow,2pt missed,,,,101126|201163|201167|201978|202399|202702|203461|203897|203952|203994,201978|202399|203461|203897|203952,101126|201163|201167|202702|203994,26.0,1.0,1610612750.0,21400440,True
2,PT07M50.00S,07:50,Q2 07:50,31.833333333333332,180,2pt,MISS Chandler 12' Running Jump Shot,[],Chandler,0,0,Missed,True,False,201163.0,,2pt made,rebound,,,,101126|201163|201167|201978|202399|202702|203461|203897|203952|203994,101126|201163|201167|202702|203994,201978|202399|203461|203897|203952,105.0,50.0,1610612743.0,21400440,True
2,PT07M49.00S,07:49,Q2 07:49,31.816666666666666,181,rebound,Nurkic REBOUND (Off:3 Def:2),[],Nurkic,0,0,,False,False,203994.0,,2pt missed,2pt missed,,,,101126|201163|201167|201978|202399|202702|203461|203897|203952|203994,101126|201163|201167|202702|203994,201978|202399|203461|203897|203952,,,1610612743.0,21400440,True
2,PT07M46.00S,07:46,Q2 07:46,31.766666666666666,182,2pt,MISS Nurkic 1' Layup,['pointsinthepaint'],Nurkic,0,0,Missed,True,False,203994.0,,rebound,rebound,,,,101126|201163|201167|201978|202399|202702|203461|203897|203952|203994,101126|201163|201167|202702|203994,201978|202399|203461|203897|203952,-11.0,-6.0,1610612743.0,21400440,True
2,PT07M44.00S,07:44,Q2 07:44,31.733333333333334,183,rebound,LaVine REBOUND (Off:0 Def:2),[],LaVine,0,0,,False,False,203897.0,,2pt missed,2pt made,,,,101126|201163|201167|201978|202399|202702|203461|203897|203952|203994,201978|202399|203461|203897|203952,101126|201163|201167|202702|203994,,,1610612750.0,21400440,True
2,PT07M38.00S,07:38,Q2 07:38,31.633333333333333,184,2pt,Bennett 3' Layup (2 PTS) (LaVine 2 AST),['pointsinthepaint'],Bennett,33,35,Made,True,True,203461.0,203897.0,rebound,foul,,,,101126|201163|201167|201978|202399|202702|203461|203897|203952|203994,201978|202399|203461|203897|203952,101126|201163|201167|202702|203994,26.0,0.0,1610612750.0,21400440,True
2,PT07M18.00S,07:18,Q2 07:18,31.3,185,foul,Adrien S.FOUL (P2.T4),[],Adrien,0,0,,False,False,202399.0,,2pt made,freethrow,203994.0,,,101126|201163|201167|201978|202399|202702|203461|203897|203952|203994,201978|202399|203461|203897|203952,101126|201163|201167|202702|203994,,,1610612750.0,21400440,True
2,PT07M18.00S,07:18,Q2 07:18,31.3,186,freethrow,MISS Nurkic Free Throw 1 of 2,[],Nurkic,0,0,Missed,False,False,203994.0,,foul,rebound,,,,101126|201163|201167|201978|202399|202702|203461|203897|203952|203994,101126|201163|201167|202702|203994,201978|202399|203461|203897|203952,,,1610612743.0,21400440,True
2,PT07M18.00S,07:18,Q2 07:18,31.3,187,rebound,TEAM offensive REBOUND,['team'],,0,0,,False,False,0.0,,freethrow,freethrow,,,,101126|201163|201167|201978|202399|202702|203461|203897|203952|203994,101126|201163|201167|202702|203994,201978|202399|203461|203897|203952,,,1610612743.0,21400440,True
2,PT07M18.00S,07:18,Q2 07:18,31.3,188,freethrow,Nurkic Free Throw 2 of 2 (5 PTS),['2ndchance'],Nurkic,34,35,Made,False,False,203994.0,,rebound,2pt missed,,,,101126|201163|201167|201978|202399|202702|203461|203897|203952|203994,101126|201163|201167|202702|203994,201978|202399|203461|203897|203952,,,1610612743.0,21400440,True
2,PT07M05.00S,07:05,Q2 07:05,31.083333333333332,190,2pt,MISS Wiggins 5' Running Hook Shot,['pointsinthepaint'],Wiggins,0,0,Missed,True,False,203952.0,,freethrow,block,,,,101126|201163|201167|201978|202399|202702|203461|203897|203952|203994,201978|202399|203461|203897|203952,101126|201163|201167|202702|203994,26.0,41.0,1610612750.0,21400440,True
2,PT07M05.00S,07:05,Q2 07:05,31.083333333333332,190,block,Nurkic BLOCK (1 BLK),[],Nurkic,0,0,,False,False,203994.0,,2pt missed,rebound,,,203994.0,101126|201163|201167|201978|202399|202702|203461|203897|203952|203994,101126|201163|201167|202702|203994,201978|202399|203461|203897|203952,,,1610612743.0,21400440,True
2,PT07M03.00S,07:03,Q2 07:03,31.05,191,rebound,Nurkic REBOUND (Off:3 Def:3),[],Nurkic,0,0,,False,False,203994.0,,block,3pt missed,,,,101126|201163|201167|201978|202399|202702|203461|203897|203952|203994,101126|201163|201167|202702|203994,201978|202399|203461|203897|203952,,,1610612743.0,21400440,True
2,PT06M51.00S,06:51,Q2 06:51,30.85,192,3pt,MISS Robinson 24' 3PT Jump Shot,[],Robinson,0,0,Missed,True,False,101126.0,,rebound,2pt made,,,,101126|201163|201167|201978|202399|202702|203461|203897|203952|203994,101126|201163|201167|202702|203994,201978|202399|203461|203897|203952,225.0,88.0,1610612743.0,21400440,True
2,PT06M49.00S,06:49,Q2 06:49,30.816666666666666,193,2pt,Faried  Putback Dunk (9 PTS),['pointsinthepaint'],Faried,36,35,Made,True,False,202702.0,,3pt missed,rebound,,,,101126|201163|201167|201978|202399|202702|203461|203897|203952|203994,101126|201163|201167|202702|203994,201978|202399|203461|203897|203952,0.0,1.0,1610612743.0,21400440,True
2,PT06M49.00S,06:49,Q2 06:49,30.816666666666666,194,rebound,Faried REBOUND (Off:4 Def:3),[],Faried,0,0,,False,False,202702.0,,2pt made,2pt missed,,,,101126|201163|201167|201978|202399|202702|203461|203897|203952|203994,101126|201163|201167|202702|203994,201978|202399|203461|203897|203952,,,1610612743.0,21400440,True
2,PT06M36.00S,06:36,Q2 06:36,30.6,195,2pt,MISS Bennett 19' Jump Shot,[],Bennett,0,0,Missed,True,False,203461.0,,rebound,rebound,,,,101126|201163|201167|201978|202399|202702|203461|203897|203952|203994,201978|202399|203461|203897|203952,101126|201163|201167|202702|203994,-79.0,175.0,1610612750.0,21400440,True
2,PT06M35.00S,06:35,Q2 06:35,30.583333333333332,196,rebound,TEAM defensive REBOUND,['team'],,0,0,,False,False,0.0,,2pt missed,timeout,,,,101126|201163|201167|201978|202399|202702|203461|203897|203952|203994,101126|201163|201167|202702|203994,201978|202399|203461|203897|203952,,,1610612743.0,21400440,True
2,PT06M35.00S,06:35,Q2 06:35,30.583333333333332,198,timeout,Timberwolves Timeout: Regular (Reg.2 Short 0),[],,0,0,,False,False,0.0,,rebound,substitution,,,,101126|201163|201167|201978|202399|202702|203461|203897|203952|203994,201978|202399|203461|203897|203952,101126|201163|201167|202702|203994,,,1610612750.0,21400440,True
2,PT06M35.00S,06:35,Q2 06:35,30.583333333333332,200,substitution,SUB out: C. Budinger,[],Budinger,0,0,,False,False,201978.0,,timeout,substitution,,,,101126|201163|201167|202399|202702|203461|203897|203952|203994,202399|203461|203897|203952,101126|201163|201167|202702|203994,,,1610612750.0,21400440,False
2,PT06M35.00S,06:35,Q2 06:35,30.583333333333332,201,substitution,SUB out: A. Bennett,[],Bennett,0,0,,False,False,203461.0,,substitution,substitution,,,,101126|201163|201167|202399|202702|203897|203952|203994,202399|203897|203952,101126|201163|201167|202702|203994,,,1610612750.0,21400440,False
2,PT06M35.00S,06:35,Q2 06:35,30.583333333333332,202,substitution,SUB out: J. Adrien,[],Adrien,0,0,,False,False,202399.0,,substitution,substitution,,,,101126|201163|201167|202702|203897|203952|203994,203897|203952,101126|201163|201167|202702|203994,,,1610612750.0,21400440,False
2,PT06M35.00S,06:35,Q2 06:35,30.583333333333332,203,substitution,SUB out: J. Nurkic,[],Nurkic,0,0,,False,False,203994.0,,substitution,substitution,,,,101126|201163|201167|202702|203897|203952,101126|201163|201167|202702,203897|203952,,,1610612743.0,21400440,False
2,PT06M35.00S,06:35,Q2 06:35,30.583333333333332,204,substitution,SUB out: N. Robinson,[],Robinson,0,0,,False,False,101126.0,,substitution,substitution,,,,201163|201167|202702|203897|203952,201163|201167|202702,203897|203952,,,1610612743.0,21400440,False
2,PT06M35.00S,06:35,Q2 06:35,30.583333333333332,205,substitution,SUB in: G. Dieng,[],Dieng,0,0,,False,False,203476.0,,substitution,substitution,,,,201163|201167|202702|203476|203897|203952,203476|203897|203952,201163|201167|202702,,,1610612750.0,21400440,False
2,PT06M35.00S,06:35,Q2 06:35,30.583333333333332,206,substitution,SUB in: S. Muhammad,[],Muhammad,0,0,,False,False,203498.0,,substitution,substitution,,,,201163|201167|202702|203476|203498|203897|203952,203476|203498|203897|203952,201163|201167|202702,,,1610612750.0,21400440,False
2,PT06M35.00S,06:35,Q2 06:35,30.583333333333332,207,substitution,SUB in: T. Young,[],Young,0,0,,False,False,201152.0,,substitution,substitution,,,,201152|201163|201167|202702|203476|203498|203897|203952,201152|203476|203498|203897|203952,201163|201167|202702,,,1610612750.0,21400440,False
2,PT06M35.00S,06:35,Q2 06:35,30.583333333333332,208,substitution,SUB in: T. Lawson,[],Lawson,0,0,,False,False,201951.0,,substitution,substitution,,,,201152|201163|201167|201951|202702|203476|203498|203897|203952,201163|201167|201951|202702,201152|203476|203498|203897|203952,,,1610612743.0,21400440,False
2,PT06M35.00S,06:35,Q2 06:35,30.583333333333332,209,substitution,SUB in: T. Mozgov,[],Mozgov,0,0,,False,False,202389.0,,substitution,2pt missed,,,,201152|201163|201167|201951|202389|202702|203476|203498|203897|203952,201163|201167|201951|202389|202702,201152|203476|203498|203897|203952,,,1610612743.0,21400440,True
2,PT06M19.00S,06:19,Q2 06:19,30.316666666666666,205,2pt,MISS Chandler 3' Running Layup,['pointsinthepaint'],Chandler,0,0,Missed,True,False,201163.0,,substitution,block,,,,201152|201163|201167|201951|202389|202702|203476|203498|203897|203952,201163|201167|201951|202389|202702,201152|203476|203498|203897|203952,-10.0,26.0,1610612743.0,21400440,True
2,PT06M19.00S,06:19,Q2 06:19,30.316666666666666,205,block,Muhammad BLOCK (1 BLK),[],Muhammad,0,0,,False,False,203498.0,,2pt missed,rebound,,,203498.0,201152|201163|201167|201951|202389|202702|203476|203498|203897|203952,201152|203476|203498|203897|203952,201163|201167|201951|202389|202702,,,1610612750.0,21400440,True
2,PT06M16.00S,06:16,Q2 06:16,30.266666666666666,206,rebound,Young REBOUND (Off:1 Def:2),[],Young,0,0,,False,False,201152.0,,block,2pt missed,,,,201152|201163|201167|201951|202389|202702|203476|203498|203897|203952,201152|203476|203498|203897|203952,201163|201167|201951|202389|202702,,,1610612750.0,21400440,True
2,PT05M57.00S,05:57,Q2 05:57,29.95,207,2pt,MISS Dieng 17' Jump Shot,[],Dieng,0,0,Missed,True,False,203476.0,,rebound,rebound,,,,201152|201163|201167|201951|202389|202702|203476|203498|203897|203952,201152|203476|203498|203897|203952,201163|201167|201951|202389|202702,-172.0,6.0,1610612750.0,21400440,True
2,PT05M55.00S,05:55,Q2 05:55,29.916666666666668,208,rebound,Faried REBOUND (Off:4 Def:4),[],Faried,0,0,,False,False,202702.0,,2pt missed,foul,,,,201152|201163|201167|201951|202389|202702|203476|203498|203897|203952,201163|201167|201951|202389|202702,201152|203476|203498|203897|203952,,,1610612743.0,21400440,True
2,PT05M51.00S,05:51,Q2 05:51,29.85,209,foul,Dieng P.FOUL (P1.PN),['inpenalty'],Dieng,0,0,,False,False,203476.0,,rebound,freethrow,202389.0,,,201152|201163|201167|201951|202389|202702|203476|203498|203897|203952,201152|203476|203498|203897|203952,201163|201167|201951|202389|202702,,,1610612750.0,21400440,True
2,PT05M51.00S,05:51,Q2 05:51,29.85,210,freethrow,Mozgov Free Throw 1 of 2 (5 PTS),[],Mozgov,37,35,Made,False,False,202389.0,,foul,freethrow,,,,201152|201163|201167|201951|202389|202702|203476|203498|203897|203952,201163|201167|201951|202389|202702,201152|203476|203498|203897|203952,,,1610612743.0,21400440,True
2,PT05M51.00S,05:51,Q2 05:51,29.85,214,freethrow,Mozgov Free Throw 2 of 2 (6 PTS),[],Mozgov,38,35,Made,False,False,202389.0,,freethrow,substitution,,,,201152|201163|201167|201951|202389|202702|203476|203498|203897|203952,201163|201167|201951|202389|202702,201152|203476|203498|203897|203952,,,1610612743.0,21400440,True
2,PT05M51.00S,05:51,Q2 05:51,29.85,213,substitution,SUB out: Z. LaVine,[],LaVine,0,0,,False,False,203897.0,,freethrow,substitution,,,,201152|201163|201167|201951|202389|202702|203476|203498|203952,201152|203476|203498|203952,201163|201167|201951|202389|202702,,,1610612750.0,21400440,False
2,PT05M51.00S,05:51,Q2 05:51,29.85,214,substitution,SUB in: M. Williams,[],Williams,0,0,,False,False,2590.0,,substitution,2pt made,,,,201152|201163|201167|201951|202389|202702|203476|203498|203952|2590,201152|203476|203498|203952|2590,201163|201167|201951|202389|202702,,,1610612750.0,21400440,True
2,PT05M37.00S,05:37,Q2 05:37,29.616666666666667,216,2pt,Young 17' Jump Shot (12 PTS) (Williams 5 AST),[],Young,38,37,Made,True,True,201152.0,2590.0,substitution,2pt missed,,,,201152|201163|201167|201951|202389|202702|203476|203498|203952|2590,201152|203476|203498|203952|2590,201163|201167|201951|202389|202702,-89.0,143.0,1610612750.0,21400440,True
2,PT05M24.00S,05:24,Q2 05:24,29.4,217,2pt,MISS Afflalo 16' Fadeaway Jumper,[],Afflalo,0,0,Missed,True,False,201167.0,,2pt made,rebound,,,,201152|201163|201167|201951|202389|202702|203476|203498|203952|2590,201163|201167|201951|202389|202702,201152|203476|203498|203952|2590,152.0,45.0,1610612743.0,21400440,True
2,PT05M22.00S,05:22,Q2 05:22,29.366666666666667,218,rebound,Young REBOUND (Off:1 Def:3),[],Young,0,0,,False,False,201152.0,,2pt missed,2pt missed,,,,201152|201163|201167|201951|202389|202702|203476|203498|203952|2590,201152|203476|203498|203952|2590,201163|201167|201951|202389|202702,,,1610612750.0,21400440,True
2,PT05M11.00S,05:11,Q2 05:11,29.183333333333334,219,2pt,MISS Williams 9' Running Jump Shot,['pointsinthepaint'],Williams,0,0,Missed,True,False,2590.0,,rebound,rebound,,,,201152|201163|201167|201951|202389|202702|203476|203498|203952|2590,201152|203476|203498|203952|2590,201163|201167|201951|202389|202702,50.0,75.0,1610612750.0,21400440,True
2,PT05M09.00S,05:09,Q2 05:09,29.15,220,rebound,Wiggins REBOUND (Off:1 Def:2),[],Wiggins,0,0,,False,False,203952.0,,2pt missed,2pt missed,,,,201152|201163|201167|201951|202389|202702|203476|203498|203952|2590,201152|203476|203498|203952|2590,201163|201167|201951|202389|202702,,,1610612750.0,21400440,True
2,PT05M05.00S,05:05,Q2 05:05,29.083333333333332,221,2pt,MISS Williams 23' Jump Shot,[],Williams,0,0,Missed,True,False,2590.0,,rebound,rebound,,,,201152|201163|201167|201951|202389|202702|203476|203498|203952|2590,201152|203476|203498|203952|2590,201163|201167|201951|202389|202702,200.0,107.0,1610612750.0,21400440,True
2,PT05M04.00S,05:04,Q2 05:04,29.066666666666666,222,rebound,Faried REBOUND (Off:4 Def:5),[],Faried,0,0,,False,False,202702.0,,2pt missed,turnover,,,,201152|201163|201167|201951|202389|202702|203476|203498|203952|2590,201163|201167|201951|202389|202702,201152|203476|203498|203952|2590,,,1610612743.0,21400440,True
2,PT05M03.00S,05:03,Q2 05:03,29.05,223,turnover,Faried Traveling Turnover (P3.T7),[],Faried,0,0,,False,False,202702.0,,rebound,2pt missed,,,,201152|201163|201167|201951|202389|202702|203476|203498|203952|2590,201163|201167|201951|202389|202702,201152|203476|203498|203952|2590,,,1610612743.0,21400440,True
2,PT04M51.00S,04:51,Q2 04:51,28.85,224,2pt,MISS Young 18' Jump Shot,[],Young,0,0,Missed,True,False,201152.0,,turnover,rebound,,,,201152|201163|201167|201951|202389|202702|203476|203498|203952|2590,201152|203476|203498|203952|2590,201163|201167|201951|202389|202702,-92.0,153.0,1610612750.0,21400440,True
2,PT04M51.00S,04:51,Q2 04:51,28.85,225,rebound,TEAM offensive REBOUND,['team'],,0,0,,False,False,0.0,,2pt missed,2pt missed,,,,201152|201163|201167|201951|202389|202702|203476|203498|203952|2590,201152|203476|203498|203952|2590,201163|201167|201951|202389|202702,,,1610612750.0,21400440,True
2,PT04M41.00S,04:41,Q2 04:41,28.683333333333334,227,2pt,MISS Young 20' Jump Shot,['2ndchance'],Young,0,0,Missed,True,False,201152.0,,rebound,rebound,,,,201152|201163|201167|201951|202389|202702|203476|203498|203952|2590,201152|203476|203498|203952|2590,201163|201167|201951|202389|202702,-46.0,190.0,1610612750.0,21400440,True
2,PT04M39.00S,04:39,Q2 04:39,28.65,228,rebound,Faried REBOUND (Off:4 Def:6),[],Faried,0,0,,False,False,202702.0,,2pt missed,2pt missed,,,,201152|201163|201167|201951|202389|202702|203476|203498|203952|2590,201163|201167|201951|202389|202702,201152|203476|203498|203952|2590,,,1610612743.0,21400440,True
2,PT04M24.00S,04:24,Q2 04:24,28.4,229,2pt,MISS Afflalo 2' Driving Layup,['pointsinthepaint'],Afflalo,0,0,Missed,True,False,201167.0,,rebound,block,,,,201152|201163|201167|201951|202389|202702|203476|203498|203952|2590,201163|201167|201951|202389|202702,201152|203476|203498|203952|2590,17.0,14.0,1610612743.0,21400440,True
2,PT04M24.00S,04:24,Q2 04:24,28.4,229,block,Wiggins BLOCK (2 BLK),[],Wiggins,0,0,,False,False,203952.0,,2pt missed,2pt made,,,203952.0,201152|201163|201167|201951|202389|202702|203476|203498|203952|2590,201152|203476|203498|203952|2590,201163|201167|201951|202389|202702,,,1610612750.0,21400440,True
2,PT04M23.00S,04:23,Q2 04:23,28.383333333333333,230,2pt,Faried 1' Putback Layup (11 PTS),['pointsinthepaint'],Faried,40,37,Made,True,False,202702.0,,block,rebound,,,,201152|201163|201167|201951|202389|202702|203476|203498|203952|2590,201163|201167|201951|202389|202702,201152|203476|203498|203952|2590,6.0,7.0,1610612743.0,21400440,True
2,PT04M23.00S,04:23,Q2 04:23,28.383333333333333,231,rebound,Faried REBOUND (Off:5 Def:6),[],Faried,0,0,,False,False,202702.0,,2pt made,foul,,,,201152|201163|201167|201951|202389|202702|203476|203498|203952|2590,201163|201167|201951|202389|202702,201152|203476|203498|203952|2590,,,1610612743.0,21400440,True
2,PT04M10.00S,04:10,Q2 04:10,28.166666666666668,232,foul,Chandler P.FOUL (P1.T2),[],Chandler,0,0,,False,False,201163.0,,rebound,2pt missed,2590.0,,,201152|201163|201167|201951|202389|202702|203476|203498|203952|2590,201163|201167|201951|202389|202702,201152|203476|203498|203952|2590,,,1610612743.0,21400440,True
2,PT04M03.00S,04:03,Q2 04:03,28.05,233,2pt,MISS Williams 10' Running Jump Shot,[],Williams,0,0,Missed,True,False,2590.0,,foul,rebound,,,,201152|201163|201167|201951|202389|202702|203476|203498|203952|2590,201152|203476|203498|203952|2590,201163|201167|201951|202389|202702,95.0,26.0,1610612750.0,21400440,True
2,PT04M02.00S,04:02,Q2 04:02,28.03333333333333,234,rebound,Afflalo REBOUND (Off:0 Def:2),[],Afflalo,0,0,,False,False,201167.0,,2pt missed,turnover,,,,201152|201163|201167|201951|202389|202702|203476|203498|203952|2590,201163|201167|201951|202389|202702,201152|203476|203498|203952|2590,,,1610612743.0,21400440,True
2,PT03M56.00S,03:56,Q2 03:56,27.933333333333334,236,turnover,Mozgov Offensive Goaltending Turnover (P1.T8),[],Mozgov,0,0,,False,False,202389.0,,rebound,2pt missed,,,,201152|201163|201167|201951|202389|202702|203476|203498|203952|2590,201163|201167|201951|202389|202702,201152|203476|203498|203952|2590,,,1610612743.0,21400440,True
2,PT03M45.00S,03:45,Q2 03:45,27.75,237,2pt,MISS Muhammad 12' Jump Shot,[],Muhammad,0,0,Missed,True,False,203498.0,,turnover,rebound,,,,201152|201163|201167|201951|202389|202702|203476|203498|203952|2590,201152|203476|203498|203952|2590,201163|201167|201951|202389|202702,-111.0,47.0,1610612750.0,21400440,True
2,PT03M44.00S,03:44,Q2 03:44,27.733333333333334,238,rebound,TEAM offensive REBOUND,['team'],,0,0,,False,False,0.0,,2pt missed,foul,,,,201152|201163|201167|201951|202389|202702|203476|203498|203952|2590,201152|203476|203498|203952|2590,201163|201167|201951|202389|202702,,,1610612750.0,21400440,True
2,PT03M44.00S,03:44,Q2 03:44,27.733333333333334,239,foul,Afflalo L.B.FOUL (P2.T3),[],Afflalo,0,0,,False,False,201167.0,,rebound,2pt made,203476.0,,,201152|201163|201167|201951|202389|202702|203476|203498|203952|2590,201163|201167|201951|202389|202702,201152|203476|203498|203952|2590,,,1610612743.0,21400440,True
2,PT03M35.00S,03:35,Q2 03:35,27.583333333333332,240,2pt,Dieng 15' Jump Bank Shot (6 PTS),[],Dieng,40,39,Made,True,False,203476.0,,foul,2pt missed,,,,201152|201163|201167|201951|202389|202702|203476|203498|203952|2590,201152|203476|203498|203952|2590,201163|201167|201951|202389|202702,141.0,61.0,1610612750.0,21400440,True
2,PT03M14.00S,03:14,Q2 03:14,27.233333333333334,241,2pt,MISS Chandler 5' Running Jump Shot,['pointsinthepaint'],Chandler,0,0,Missed,True,False,201163.0,,2pt made,rebound,,,,201152|201163|201167|201951|202389|202702|203476|203498|203952|2590,201163|201167|201951|202389|202702,201152|203476|203498|203952|2590,-16.0,48.0,1610612743.0,21400440,True
2,PT03M12.00S,03:12,Q2 03:12,27.2,242,rebound,Faried REBOUND (Off:6 Def:6),[],Faried,0,0,,False,False,202702.0,,2pt missed,2pt made,,,,201152|201163|201167|201951|202389|202702|203476|203498|203952|2590,201163|201167|201951|202389|202702,201152|203476|203498|203952|2590,,,1610612743.0,21400440,True
2,PT03M09.00S,03:09,Q2 03:09,27.15,243,2pt,Faried  Dunk (13 PTS),['pointsinthepaint'],Faried,42,39,Made,True,False,202702.0,,rebound,2pt missed,,,,201152|201163|201167|201951|202389|202702|203476|203498|203952|2590,201163|201167|201951|202389|202702,201152|203476|203498|203952|2590,0.0,1.0,1610612743.0,21400440,True
2,PT02M51.00S,02:51,Q2 02:51,26.85,244,2pt,MISS Muhammad 8' Fadeaway Jumper,['pointsinthepaint'],Muhammad,0,0,Missed,True,False,203498.0,,2pt made,rebound,,,,201152|201163|201167|201951|202389|202702|203476|203498|203952|2590,201152|203476|203498|203952|2590,201163|201167|201951|202389|202702,-62.0,56.0,1610612750.0,21400440,True
2,PT02M50.00S,02:50,Q2 02:50,26.833333333333332,245,rebound,Chandler REBOUND (Off:0 Def:3),[],Chandler,0,0,,False,False,201163.0,,2pt missed,foul,,,,201152|201163|201167|201951|202389|202702|203476|203498|203952|2590,201163|201167|201951|202389|202702,201152|203476|203498|203952|2590,,,1610612743.0,21400440,True
2,PT02M45.00S,02:45,Q2 02:45,26.75,246,foul,Muhammad P.FOUL (P2.PN),['inpenalty'],Muhammad,0,0,,False,False,203498.0,,rebound,timeout,201163.0,,,201152|201163|201167|201951|202389|202702|203476|203498|203952|2590,201152|203476|203498|203952|2590,201163|201167|201951|202389|202702,,,1610612750.0,21400440,True
2,PT02M45.00S,02:45,Q2 02:45,26.75,247,timeout,NUGGETS Timeout: Regular (Full 2 Short 0),[],,0,0,,False,False,0.0,,foul,freethrow,,,,201152|201163|201167|201951|202389|202702|203476|203498|203952|2590,201163|201167|201951|202389|202702,201152|203476|203498|203952|2590,,,1610612743.0,21400440,True
2,PT02M45.00S,02:45,Q2 02:45,26.75,251,freethrow,Chandler Free Throw 1 of 2 (7 PTS),[],Chandler,43,39,Made,False,False,201163.0,,timeout,freethrow,,,,201152|201163|201167|201951|202389|202702|203476|203498|203952|2590,201163|201167|201951|202389|202702,201152|203476|203498|203952|2590,,,1610612743.0,21400440,True
2,PT02M45.00S,02:45,Q2 02:45,26.75,253,freethrow,Chandler Free Throw 2 of 2 (8 PTS),[],Chandler,44,39,Made,False,False,201163.0,,freethrow,2pt made,,,,201152|201163|201167|201951|202389|202702|203476|203498|203952|2590,201163|201167|201951|202389|202702,201152|203476|203498|203952|2590,,,1610612743.0,21400440,True
2,PT02M22.00S,02:22,Q2 02:22,26.366666666666667,255,2pt,Williams 2' Finger Roll Layup (2 PTS) (Dieng 2 AST),['pointsinthepaint'],Williams,44,41,Made,True,True,2590.0,203476.0,freethrow,foul,,,,201152|201163|201167|201951|202389|202702|203476|203498|203952|2590,201152|203476|203498|203952|2590,201163|201167|201951|202389|202702,-19.0,1.0,1610612750.0,21400440,True
2,PT02M07.00S,02:07,Q2 02:07,26.116666666666667,256,foul,Young P.FOUL (P2.PN),['inpenalty'],Young,0,0,,False,False,201152.0,,2pt made,freethrow,202702.0,,,201152|201163|201167|201951|202389|202702|203476|203498|203952|2590,201152|203476|203498|203952|2590,201163|201167|201951|202389|202702,,,1610612750.0,21400440,True
2,PT02M07.00S,02:07,Q2 02:07,26.116666666666667,257,freethrow,Faried Free Throw 1 of 2 (14 PTS),[],Faried,45,41,Made,False,False,202702.0,,foul,freethrow,,,,201152|201163|201167|201951|202389|202702|203476|203498|203952|2590,201163|201167|201951|202389|202702,201152|203476|203498|203952|2590,,,1610612743.0,21400440,True
2,PT02M07.00S,02:07,Q2 02:07,26.116666666666667,260,freethrow,MISS Faried Free Throw 2 of 2,[],Faried,0,0,Missed,False,False,202702.0,,freethrow,substitution,,,,201152|201163|201167|201951|202389|202702|203476|203498|203952|2590,201163|201167|201951|202389|202702,201152|203476|203498|203952|2590,,,1610612743.0,21400440,True
2,PT02M07.00S,02:07,Q2 02:07,26.116666666666667,259,substitution,SUB out: M. Williams,[],Williams,0,0,,False,False,2590.0,,freethrow,substitution,,,,201152|201163|201167|201951|202389|202702|203476|203498|203952,201152|203476|203498|203952,201163|201167|201951|202389|202702,,,1610612750.0,21400440,False
2,PT02M07.00S,02:07,Q2 02:07,26.116666666666667,260,substitution,SUB in: Z. LaVine,[],LaVine,0,0,,False,False,203897.0,,substitution,rebound,,,,201152|201163|201167|201951|202389|202702|203476|203498|203897|203952,201152|203476|203498|203897|203952,201163|201167|201951|202389|202702,,,1610612750.0,21400440,True
2,PT02M04.00S,02:04,Q2 02:04,26.066666666666666,262,rebound,Young REBOUND (Off:1 Def:4),[],Young,0,0,,False,False,201152.0,,substitution,2pt missed,,,,201152|201163|201167|201951|202389|202702|203476|203498|203897|203952,201152|203476|203498|203897|203952,201163|201167|201951|202389|202702,,,1610612750.0,21400440,True
2,PT01M53.00S,01:53,Q2 01:53,25.883333333333333,263,2pt,MISS Wiggins 17' Jump Shot,[],Wiggins,0,0,Missed,True,False,203952.0,,rebound,rebound,,,,201152|201163|201167|201951|202389|202702|203476|203498|203897|203952,201152|203476|203498|203897|203952,201163|201167|201951|202389|202702,43.0,167.0,1610612750.0,21400440,True
2,PT01M52.00S,01:52,Q2 01:52,25.866666666666667,264,rebound,Faried REBOUND (Off:6 Def:7),[],Faried,0,0,,False,False,202702.0,,2pt missed,2pt made,,,,201152|201163|201167|201951|202389|202702|203476|203498|203897|203952,201163|201167|201951|202389|202702,201152|203476|203498|203897|203952,,,1610612743.0,21400440,True
2,PT01M47.00S,01:47,Q2 01:47,25.78333333333333,265,2pt,Chandler 17' Jump Shot (10 PTS) (Faried 1 AST),[],Chandler,47,41,Made,True,True,201163.0,202702.0,rebound,2pt missed,,,,201152|201163|201167|201951|202389|202702|203476|203498|203897|203952,201163|201167|201951|202389|202702,201152|203476|203498|203897|203952,168.0,7.0,1610612743.0,21400440,True
2,PT01M25.00S,01:25,Q2 01:25,25.416666666666668,266,2pt,MISS Young 8' Jump Hook Shot,['pointsinthepaint'],Young,0,0,Missed,True,False,201152.0,,2pt made,rebound,,,,201152|201163|201167|201951|202389|202702|203476|203498|203897|203952,201152|203476|203498|203897|203952,201163|201167|201951|202389|202702,7.0,75.0,1610612750.0,21400440,True
2,PT01M24.00S,01:24,Q2 01:24,25.4,267,rebound,TEAM offensive REBOUND,['team'],,0,0,,False,False,0.0,,2pt missed,foul,,,,201152|201163|201167|201951|202389|202702|203476|203498|203897|203952,201152|203476|203498|203897|203952,201163|201167|201951|202389|202702,,,1610612750.0,21400440,True
2,PT01M22.00S,01:22,Q2 01:22,25.366666666666667,269,foul,Chandler P.FOUL (P2.T4),[],Chandler,0,0,,False,False,201163.0,,rebound,foul,203498.0,,,201152|201163|201167|201951|202389|202702|203476|203498|203897|203952,201163|201167|201951|202389|202702,201152|203476|203498|203897|203952,,,1610612743.0,21400440,True
2,PT01M15.00S,01:15,Q2 01:15,25.25,270,foul,Chandler S.FOUL (P3.PN),['inpenalty'],Chandler,0,0,,False,False,201163.0,,foul,freethrow,203498.0,,,201152|201163|201167|201951|202389|202702|203476|203498|203897|203952,201163|201167|201951|202389|202702,201152|203476|203498|203897|203952,,,1610612743.0,21400440,True
2,PT01M15.00S,01:15,Q2 01:15,25.25,271,freethrow,Muhammad Free Throw 1 of 2 (9 PTS),[],Muhammad,47,42,Made,False,False,203498.0,,foul,freethrow,,,,201152|201163|201167|201951|202389|202702|203476|203498|203897|203952,201152|203476|203498|203897|203952,201163|201167|201951|202389|202702,,,1610612750.0,21400440,True
2,PT01M15.00S,01:15,Q2 01:15,25.25,274,freethrow,Muhammad Free Throw 2 of 2 (10 PTS),[],Muhammad,47,43,Made,False,False,203498.0,,freethrow,substitution,,,,201152|201163|201167|201951|202389|202702|203476|203498|203897|203952,201152|203476|203498|203897|203952,201163|201167|201951|202389|202702,,,1610612750.0,21400440,True
2,PT01M15.00S,01:15,Q2 01:15,25.25,273,substitution,SUB out: W. Chandler,[],Chandler,0,0,,False,False,201163.0,,freethrow,substitution,,,,201152|201167|201951|202389|202702|203476|203498|203897|203952,201167|201951|202389|202702,201152|203476|203498|203897|203952,,,1610612743.0,21400440,False
2,PT01M15.00S,01:15,Q2 01:15,25.25,274,substitution,SUB in: A. Gee,[],Gee,0,0,,False,False,202087.0,,substitution,3pt missed,,,,201152|201167|201951|202087|202389|202702|203476|203498|203897|203952,201167|201951|202087|202389|202702,201152|203476|203498|203897|203952,,,1610612743.0,21400440,True
2,PT00M58.90S,00:58,Q2 00:58,24.981666666666666,276,3pt,MISS Gee 24' 3PT Jump Shot,[],Gee,0,0,Missed,True,False,202087.0,,substitution,rebound,,,,201152|201167|201951|202087|202389|202702|203476|203498|203897|203952,201167|201951|202087|202389|202702,201152|203476|203498|203897|203952,239.0,30.0,1610612743.0,21400440,True
2,PT00M56.90S,00:56,Q2 00:56,24.948333333333334,277,rebound,Dieng REBOUND (Off:3 Def:3),[],Dieng,0,0,,False,False,203476.0,,3pt missed,2pt missed,,,,201152|201167|201951|202087|202389|202702|203476|203498|203897|203952,201152|203476|203498|203897|203952,201167|201951|202087|202389|202702,,,1610612750.0,21400440,True
2,PT00M45.90S,00:45,Q2 00:45,24.765,278,2pt,MISS Dieng 2' Reverse Layup,['pointsinthepaint'],Dieng,0,0,Missed,True,False,203476.0,,rebound,rebound,,,,201152|201167|201951|202087|202389|202702|203476|203498|203897|203952,201152|203476|203498|203897|203952,201167|201951|202087|202389|202702,-16.0,-2.0,1610612750.0,21400440,True
2,PT00M43.90S,00:43,Q2 00:43,24.731666666666666,279,rebound,Faried REBOUND (Off:6 Def:8),[],Faried,0,0,,False,False,202702.0,,2pt missed,2pt made,,,,201152|201167|201951|202087|202389|202702|203476|203498|203897|203952,201167|201951|202087|202389|202702,201152|203476|203498|203897|203952,,,1610612743.0,21400440,True
2,PT00M42.10S,00:42,Q2 00:42,24.701666666666668,280,2pt,Gee 2' Driving Layup (2 PTS) (Faried 2 AST),['pointsinthepaint'],Gee,49,43,Made,True,True,202087.0,202702.0,rebound,foul,,,,201152|201167|201951|202087|202389|202702|203476|203498|203897|203952,201167|201951|202087|202389|202702,201152|203476|203498|203897|203952,18.0,4.0,1610612743.0,21400440,True
2,PT00M42.10S,00:42,Q2 00:42,24.701666666666668,281,foul,LaVine S.FOUL (P1.PN),['inpenalty'],LaVine,0,0,,False,False,203897.0,,2pt made,freethrow,202087.0,,,201152|201167|201951|202087|202389|202702|203476|203498|203897|203952,201152|203476|203498|203897|203952,201167|201951|202087|202389|202702,,,1610612750.0,21400440,True
2,PT00M42.10S,00:42,Q2 00:42,24.701666666666668,282,freethrow,Gee Free Throw 1 of 1 (3 PTS),[],Gee,50,43,Made,False,False,202087.0,,foul,2pt made,,,,201152|201167|201951|202087|202389|202702|203476|203498|203897|203952,201167|201951|202087|202389|202702,201152|203476|203498|203897|203952,,,1610612743.0,21400440,True
2,PT00M30.20S,00:30,Q2 00:30,24.503333333333334,284,2pt,Muhammad 2' Layup (12 PTS) (LaVine 3 AST),['pointsinthepaint'],Muhammad,50,45,Made,True,True,203498.0,203897.0,freethrow,2pt missed,,,,201152|201167|201951|202087|202389|202702|203476|203498|203897|203952,201152|203476|203498|203897|203952,201167|201951|202087|202389|202702,13.0,9.0,1610612750.0,21400440,True
2,PT00M23.90S,00:23,Q2 00:23,24.398333333333333,285,2pt,MISS Gee 6' Running Jump Shot,['pointsinthepaint'],Gee,0,0,Missed,True,False,202087.0,,2pt made,rebound,,,,201152|201167|201951|202087|202389|202702|203476|203498|203897|203952,201167|201951|202087|202389|202702,201152|203476|203498|203897|203952,15.0,56.0,1610612743.0,21400440,True
2,PT00M22.80S,00:22,Q2 00:22,24.38,286,rebound,Dieng REBOUND (Off:3 Def:4),[],Dieng,0,0,,False,False,203476.0,,2pt missed,2pt made,,,,201152|201167|201951|202087|202389|202702|203476|203498|203897|203952,201152|203476|203498|203897|203952,201167|201951|202087|202389|202702,,,1610612750.0,21400440,True
2,PT00M20.10S,00:20,Q2 00:20,24.335,287,2pt,LaVine  Dunk (4 PTS) (Wiggins 2 AST),['pointsinthepaint'],LaVine,50,47,Made,True,True,203897.0,203952.0,rebound,3pt made,,,,201152|201167|201951|202087|202389|202702|203476|203498|203897|203952,201152|203476|203498|203897|203952,201167|201951|202087|202389|202702,0.0,1.0,1610612750.0,21400440,True
2,PT00M01.60S,00:01,Q2 00:01,24.026666666666667,288,3pt,Gee 24' 3PT Jump Shot (6 PTS) (Lawson 4 AST),[],Gee,53,47,Made,True,True,202087.0,201951.0,2pt made,3pt missed,,,,201152|201167|201951|202087|202389|202702|203476|203498|203897|203952,201167|201951|202087|202389|202702,201152|203476|203498|203897|203952,-240.0,15.0,1610612743.0,21400440,True
2,PT00M00.00S,00:00,Q2 00:00,24.0,289,3pt,MISS LaVine 50' 3PT Running Jump Shot,[],LaVine,0,0,Missed,True,False,203897.0,,3pt made,rebound,,,,201152|201167|201951|202087|202389|202702|203476|203498|203897|203952,201152|203476|203498|203897|203952,201167|201951|202087|202389|202702,75.0,493.0,1610612750.0,21400440,True
2,PT00M00.00S,00:00,Q2 00:00,24.0,290,rebound,TEAM offensive REBOUND,['team'],,0,0,,False,False,0.0,,3pt missed,period,,,,201152|201167|201951|202087|202389|202702|203476|203498|203897|203952,201152|203476|203498|203897|203952,201167|201951|202087|202389|202702,,,1610612750.0,21400440,True
2,PT00M00.00S,00:00,Q2 00:00,24.0,291,period,End of 2nd Period (10:04 PM EST),[],,53,47,,False,False,0.0,,rebound,period,,,,201152|201167|201951|202087|202389|202702|203476|203498|203897|203952,201167|201951|202087|202389|202702,201152|203476|203498|203897|203952,,,1610612743.0,21400440,True
3,PT12M00.00S,12:00,Q3 12:00,24.0,293,period,Start of 3rd Period (10:20 PM EST),[],,53,47,,False,False,0.0,,period,substitution,,,,201152|201167|201951|202087|202389|202702|203476|203498|203897|203952,201167|201951|202087|202389|202702,201152|203476|203498|203897|203952,,,1610612743.0,21400440,True
3,PT11M46.00S,11:46,Q3 11:46,23.766666666666666,294,2pt,Young 1' Reverse Layup (14 PTS),['pointsinthepaint'],Young,53,49,Made,True,False,201152.0,,substitution,foul,,,,201152|201163|201167|201951|202389|202702|203476|203498|203897|203952,201152|203476|203498|203897|203952,201163|201167|201951|202389|202702,-13.0,0.0,1610612750.0,21400440,True
3,PT11M26.00S,11:26,Q3 11:26,23.433333333333334,295,foul,Wiggins S.FOUL (P1.T1),[],Wiggins,0,0,,False,False,203952.0,,2pt made,freethrow,201167.0,,,201152|201163|201167|201951|202389|202702|203476|203498|203897|203952,201152|203476|203498|203897|203952,201163|201167|201951|202389|202702,,,1610612750.0,21400440,True
3,PT11M26.00S,11:26,Q3 11:26,23.433333333333334,296,freethrow,Afflalo Free Throw 1 of 2 (3 PTS),[],Afflalo,54,49,Made,False,False,201167.0,,foul,freethrow,,,,201152|201163|201167|201951|202389|202702|203476|203498|203897|203952,201163|201167|201951|202389|202702,201152|203476|203498|203897|203952,,,1610612743.0,21400440,True
3,PT11M26.00S,11:26,Q3 11:26,23.433333333333334,298,freethrow,Afflalo Free Throw 2 of 2 (4 PTS),[],Afflalo,55,49,Made,False,False,201167.0,,freethrow,2pt made,,,,201152|201163|201167|201951|202389|202702|203476|203498|203897|203952,201163|201167|201951|202389|202702,201152|203476|203498|203897|203952,,,1610612743.0,21400440,True
3,PT11M10.00S,11:10,Q3 11:10,23.166666666666664,300,2pt,Young 16' Jump Shot (16 PTS) (Wiggins 3 AST),[],Young,55,51,Made,True,True,201152.0,203952.0,freethrow,2pt missed,,,,201152|201163|201167|201951|202389|202702|203476|203498|203897|203952,201152|203476|203498|203897|203952,201163|201167|201951|202389|202702,129.0,89.0,1610612750.0,21400440,True
3,PT10M55.00S,10:55,Q3 10:55,22.916666666666664,301,2pt,MISS Afflalo 20' Jump Shot,[],Afflalo,0,0,Missed,True,False,201167.0,,2pt made,rebound,,,,201152|201163|201167|201951|202389|202702|203476|203498|203897|203952,201163|201167|201951|202389|202702,201152|203476|203498|203897|203952,174.0,104.0,1610612743.0,21400440,True
3,PT10M53.00S,10:53,Q3 10:53,22.883333333333333,302,rebound,Faried REBOUND (Off:7 Def:8),[],Faried,0,0,,False,False,202702.0,,2pt missed,2pt made,,,,201152|201163|201167|201951|202389|202702|203476|203498|203897|203952,201163|201167|201951|202389|202702,201152|203476|203498|203897|203952,,,1610612743.0,21400440,True
3,PT10M50.00S,10:50,Q3 10:50,22.833333333333336,303,2pt,Faried 2' Layup (16 PTS),['pointsinthepaint'],Faried,57,51,Made,True,False,202702.0,,rebound,2pt missed,,,,201152|201163|201167|201951|202389|202702|203476|203498|203897|203952,201163|201167|201951|202389|202702,201152|203476|203498|203897|203952,17.0,1.0,1610612743.0,21400440,True
3,PT10M36.00S,10:36,Q3 10:36,22.6,304,2pt,MISS Young 16' Jump Shot,[],Young,0,0,Missed,True,False,201152.0,,2pt made,rebound,,,,201152|201163|201167|201951|202389|202702|203476|203498|203897|203952,201152|203476|203498|203897|203952,201163|201167|201951|202389|202702,-71.0,148.0,1610612750.0,21400440,True
3,PT10M35.00S,10:35,Q3 10:35,22.583333333333336,305,rebound,Mozgov REBOUND (Off:2 Def:4),[],Mozgov,0,0,,False,False,202389.0,,2pt missed,2pt missed,,,,201152|201163|201167|201951|202389|202702|203476|203498|203897|203952,201163|201167|201951|202389|202702,201152|203476|203498|203897|203952,,,1610612743.0,21400440,True
3,PT10M27.00S,10:27,Q3 10:27,22.45,306,2pt,MISS Lawson 21' Jump Shot,[],Lawson,0,0,Missed,True,False,201951.0,,rebound,rebound,,,,201152|201163|201167|201951|202389|202702|203476|203498|203897|203952,201163|201167|201951|202389|202702,201152|203476|203498|203897|203952,-119.0,175.0,1610612743.0,21400440,True
3,PT10M26.00S,10:26,Q3 10:26,22.433333333333334,307,rebound,Faried REBOUND (Off:8 Def:8),[],Faried,0,0,,False,False,202702.0,,2pt missed,foul,,,,201152|201163|201167|201951|202389|202702|203476|203498|203897|203952,201163|201167|201951|202389|202702,201152|203476|203498|203897|203952,,,1610612743.0,21400440,True
3,PT10M20.00S,10:20,Q3 10:20,22.333333333333336,308,foul,Faried Offensive Charge Foul (P2.T1),[],Faried,0,0,,False,False,202702.0,,rebound,turnover,203897.0,,,201152|201163|201167|201951|202389|202702|203476|203498|203897|203952,201163|201167|201951|202389|202702,201152|203476|203498|203897|203952,,,1610612743.0,21400440,True
3,PT10M20.00S,10:20,Q3 10:20,22.333333333333336,309,turnover,Faried Foul Turnover (P4.T9),[],Faried,0,0,,False,False,202702.0,,foul,2pt made,,,,201152|201163|201167|201951|202389|202702|203476|203498|203897|203952,201163|201167|201951|202389|202702,201152|203476|203498|203897|203952,,,1610612743.0,21400440,True
3,PT10M02.00S,10:02,Q3 10:02,22.03333333333333,310,2pt,LaVine 20' Jump Shot (6 PTS) (Young 2 AST),[],LaVine,57,53,Made,True,True,203897.0,201152.0,turnover,2pt missed,,,,201152|201163|201167|201951|202389|202702|203476|203498|203897|203952,201152|203476|203498|203897|203952,201163|201167|201951|202389|202702,174.0,99.0,1610612750.0,21400440,True
3,PT09M44.00S,09:44,Q3 09:44,21.733333333333334,311,2pt,MISS Chandler 3' Layup,['pointsinthepaint'],Chandler,0,0,Missed,True,False,201163.0,,2pt made,rebound,,,,201152|201163|201167|201951|202389|202702|203476|203498|203897|203952,201163|201167|201951|202389|202702,201152|203476|203498|203897|203952,26.0,3.0,1610612743.0,21400440,True
3,PT09M41.00S,09:41,Q3 09:41,21.683333333333334,312,rebound,Mozgov REBOUND (Off:3 Def:4),[],Mozgov,0,0,,False,False,202389.0,,2pt missed,turnover,,,,201152|201163|201167|201951|202389|202702|203476|203498|203897|203952,201163|201167|201951|202389|202702,201152|203476|203498|203897|203952,,,1610612743.0,21400440,True
3,PT09M37.00S,09:37,Q3 09:37,21.616666666666667,313,turnover,Mozgov Offensive Goaltending Turnover (P2.T10),[],Mozgov,0,0,,False,False,202389.0,,rebound,2pt missed,,,,201152|201163|201167|201951|202389|202702|203476|203498|203897|203952,201163|201167|201951|202389|202702,201152|203476|203498|203897|203952,,,1610612743.0,21400440,True
3,PT09M26.00S,09:26,Q3 09:26,21.433333333333334,314,2pt,MISS Young 6' Jump Shot,['pointsinthepaint'],Young,0,0,Missed,True,False,201152.0,,turnover,rebound,,,,201152|201163|201167|201951|202389|202702|203476|203498|203897|203952,201152|203476|203498|203897|203952,201163|201167|201951|202389|202702,12.0,58.0,1610612750.0,21400440,True
3,PT09M25.00S,09:25,Q3 09:25,21.416666666666664,315,rebound,Afflalo REBOUND (Off:0 Def:3),[],Afflalo,0,0,,False,False,201167.0,,2pt missed,2pt made,,,,201152|201163|201167|201951|202389|202702|203476|203498|203897|203952,201163|201167|201951|202389|202702,201152|203476|203498|203897|203952,,,1610612743.0,21400440,True
3,PT09M14.00S,09:14,Q3 09:14,21.233333333333334,316,2pt,Faried  Dunk (18 PTS) (Lawson 5 AST),['pointsinthepaint'],Faried,59,53,Made,True,True,202702.0,201951.0,rebound,3pt missed,,,,201152|201163|201167|201951|202389|202702|203476|203498|203897|203952,201163|201167|201951|202389|202702,201152|203476|203498|203897|203952,0.0,1.0,1610612743.0,21400440,True
3,PT08M53.00S,08:53,Q3 08:53,20.883333333333333,317,3pt,MISS Muhammad 26' 3PT Jump Shot,[],Muhammad,0,0,Missed,True,False,203498.0,,2pt made,rebound,,,,201152|201163|201167|201951|202389|202702|203476|203498|203897|203952,201152|203476|203498|203897|203952,201163|201167|201951|202389|202702,-179.0,184.0,1610612750.0,21400440,True
3,PT08M52.00S,08:52,Q3 08:52,20.866666666666667,318,rebound,Faried REBOUND (Off:8 Def:9),[],Faried,0,0,,False,False,202702.0,,3pt missed,2pt made,,,,201152|201163|201167|201951|202389|202702|203476|203498|203897|203952,201163|201167|201951|202389|202702,201152|203476|203498|203897|203952,,,1610612743.0,21400440,True
3,PT08M49.00S,08:49,Q3 08:49,20.816666666666666,319,2pt,Chandler  Dunk (12 PTS) (Faried 3 AST),['pointsinthepaint'],Chandler,61,53,Made,True,True,201163.0,202702.0,rebound,timeout,,,,201152|201163|201167|201951|202389|202702|203476|203498|203897|203952,201163|201167|201951|202389|202702,201152|203476|203498|203897|203952,0.0,1.0,1610612743.0,21400440,True
3,PT08M49.00S,08:49,Q3 08:49,20.816666666666666,320,timeout,Timberwolves Timeout: Regular (Reg.3 Short 0),[],,0,0,,False,False,0.0,,2pt made,2pt missed,,,,201152|201163|201167|201951|202389|202702|203476|203498|203897|203952,201152|203476|203498|203897|203952,201163|201167|201951|202389|202702,,,1610612750.0,21400440,True
3,PT08M37.00S,08:37,Q3 08:37,20.616666666666667,324,2pt,MISS Wiggins 4' Jump Shot,['pointsinthepaint'],Wiggins,0,0,Missed,True,False,203952.0,,timeout,rebound,,,,201152|201163|201167|201951|202389|202702|203476|203498|203897|203952,201152|203476|203498|203897|203952,201163|201167|201951|202389|202702,24.0,36.0,1610612750.0,21400440,True
3,PT08M36.00S,08:36,Q3 08:36,20.6,326,rebound,Wiggins REBOUND (Off:2 Def:2),[],Wiggins,0,0,,False,False,203952.0,,2pt missed,2pt made,,,,201152|201163|201167|201951|202389|202702|203476|203498|203897|203952,201152|203476|203498|203897|203952,201163|201167|201951|202389|202702,,,1610612750.0,21400440,True
3,PT08M34.00S,08:34,Q3 08:34,20.566666666666666,325,2pt,Wiggins  Tip Shot (11 PTS),['pointsinthepaint'],Wiggins,61,55,Made,True,False,203952.0,,rebound,2pt made,,,,201152|201163|201167|201951|202389|202702|203476|203498|203897|203952,201152|203476|203498|203897|203952,201163|201167|201951|202389|202702,-4.0,1.0,1610612750.0,21400440,True
3,PT08M18.00S,08:18,Q3 08:18,20.3,327,2pt,Faried 17' Jump Shot (20 PTS) (Lawson 6 AST),[],Faried,63,55,Made,True,True,202702.0,201951.0,2pt made,2pt missed,,,,201152|201163|201167|201951|202389|202702|203476|203498|203897|203952,201163|201167|201951|202389|202702,201152|203476|203498|203897|203952,-5.0,168.0,1610612743.0,21400440,True
3,PT07M50.00S,07:50,Q3 07:50,19.833333333333332,328,2pt,MISS Wiggins 9' Jump Shot,[],Wiggins,0,0,Missed,True,False,203952.0,,2pt made,rebound,,,,201152|201163|201167|201951|202389|202702|203476|203498|203897|203952,201152|203476|203498|203897|203952,201163|201167|201951|202389|202702,-86.0,6.0,1610612750.0,21400440,True
3,PT07M49.00S,07:49,Q3 07:49,19.816666666666666,329,rebound,Mozgov REBOUND (Off:3 Def:5),[],Mozgov,0,0,,False,False,202389.0,,2pt missed,2pt missed,,,,201152|201163|201167|201951|202389|202702|203476|203498|203897|203952,201163|201167|201951|202389|202702,201152|203476|203498|203897|203952,,,1610612743.0,21400440,True
3,PT07M39.00S,07:39,Q3 07:39,19.65,330,2pt,MISS Mozgov  Reverse Dunk,['pointsinthepaint'],Mozgov,0,0,Missed,True,False,202389.0,,rebound,rebound,,,,201152|201163|201167|201951|202389|202702|203476|203498|203897|203952,201163|201167|201951|202389|202702,201152|203476|203498|203897|203952,0.0,1.0,1610612743.0,21400440,True
3,PT07M38.00S,07:38,Q3 07:38,19.633333333333333,331,rebound,Muhammad REBOUND (Off:0 Def:1),[],Muhammad,0,0,,False,False,203498.0,,2pt missed,2pt missed,,,,201152|201163|201167|201951|202389|202702|203476|203498|203897|203952,201152|203476|203498|203897|203952,201163|201167|201951|202389|202702,,,1610612750.0,21400440,True
3,PT07M18.00S,07:18,Q3 07:18,19.3,333,2pt,MISS LaVine 20' Jump Shot,[],LaVine,0,0,Missed,True,False,203897.0,,rebound,rebound,,,,201152|201163|201167|201951|202389|202702|203476|203498|203897|203952,201152|203476|203498|203897|203952,201163|201167|201951|202389|202702,184.0,88.0,1610612750.0,21400440,True
3,PT07M17.00S,07:17,Q3 07:17,19.28333333333333,334,rebound,Mozgov REBOUND (Off:3 Def:6),[],Mozgov,0,0,,False,False,202389.0,,2pt missed,2pt made,,,,201152|201163|201167|201951|202389|202702|203476|203498|203897|203952,201163|201167|201951|202389|202702,201152|203476|203498|203897|203952,,,1610612743.0,21400440,True
3,PT07M09.00S,07:09,Q3 07:09,19.15,335,2pt,Lawson 19' Jump Shot (8 PTS),[],Lawson,65,55,Made,True,False,201951.0,,rebound,2pt made,,,,201152|201163|201167|201951|202389|202702|203476|203498|203897|203952,201163|201167|201951|202389|202702,201152|203476|203498|203897|203952,189.0,-6.0,1610612743.0,21400440,True
3,PT06M44.00S,06:44,Q3 06:44,18.733333333333334,336,2pt,Young 5' Running Jump Shot (18 PTS),['pointsinthepaint'],Young,65,57,Made,True,False,201152.0,,2pt made,2pt made,,,,201152|201163|201167|201951|202389|202702|203476|203498|203897|203952,201152|203476|203498|203897|203952,201163|201167|201951|202389|202702,0.0,48.0,1610612750.0,21400440,True
3,PT06M30.00S,06:30,Q3 06:30,18.5,337,2pt,Mozgov  Slam Dunk (8 PTS) (Lawson 7 AST),['pointsinthepaint'],Mozgov,67,57,Made,True,True,202389.0,201951.0,2pt made,2pt made,,,,201152|201163|201167|201951|202389|202702|203476|203498|203897|203952,201163|201167|201951|202389|202702,201152|203476|203498|203897|203952,0.0,1.0,1610612743.0,21400440,True
3,PT06M14.00S,06:14,Q3 06:14,18.233333333333334,338,2pt,LaVine 2' Driving Layup (8 PTS),['pointsinthepaint'],LaVine,67,59,Made,True,False,203897.0,,2pt made,2pt missed,,,,201152|201163|201167|201951|202389|202702|203476|203498|203897|203952,201152|203476|203498|203897|203952,201163|201167|201951|202389|202702,20.0,7.0,1610612750.0,21400440,True
3,PT06M08.00S,06:08,Q3 06:08,18.133333333333333,339,2pt,MISS Lawson 2' Layup,['pointsinthepaint'],Lawson,0,0,Missed,True,False,201951.0,,2pt made,block,,,,201152|201163|201167|201951|202389|202702|203476|203498|203897|203952,201163|201167|201951|202389|202702,201152|203476|203498|203897|203952,18.0,12.0,1610612743.0,21400440,True
3,PT06M08.00S,06:08,Q3 06:08,18.133333333333333,339,block,Dieng BLOCK (4 BLK),[],Dieng,0,0,,False,False,203476.0,,2pt missed,rebound,,,203476.0,201152|201163|201167|201951|202389|202702|203476|203498|203897|203952,201152|203476|203498|203897|203952,201163|201167|201951|202389|202702,,,1610612750.0,21400440,True
3,PT06M07.00S,06:07,Q3 06:07,18.116666666666667,340,rebound,Muhammad REBOUND (Off:0 Def:2),[],Muhammad,0,0,,False,False,203498.0,,block,foul,,,,201152|201163|201167|201951|202389|202702|203476|203498|203897|203952,201152|203476|203498|203897|203952,201163|201167|201951|202389|202702,,,1610612750.0,21400440,True
3,PT06M07.00S,06:07,Q3 06:07,18.116666666666667,341,foul,Faried P.FOUL (P3.T2),[],Faried,0,0,,False,False,202702.0,,rebound,substitution,201152.0,,,201152|201163|201167|201951|202389|202702|203476|203498|203897|203952,201163|201167|201951|202389|202702,201152|203476|203498|203897|203952,,,1610612743.0,21400440,True
3,PT06M07.00S,06:07,Q3 06:07,18.116666666666667,342,substitution,SUB out: Z. LaVine,[],LaVine,0,0,,False,False,203897.0,,foul,substitution,,,,201152|201163|201167|201951|202389|202702|203476|203498|203952,201152|203476|203498|203952,201163|201167|201951|202389|202702,,,1610612750.0,21400440,False
3,PT06M07.00S,06:07,Q3 06:07,18.116666666666667,343,substitution,SUB in: C. Budinger,[],Budinger,0,0,,False,False,201978.0,,substitution,substitution,,,,201152|201163|201167|201951|201978|202389|202702|203476|203498|203952,201152|201978|203476|203498|203952,201163|201167|201951|202389|202702,,,1610612750.0,21400440,True
3,PT06M03.00S,06:03,Q3 06:03,18.05,343,substitution,SUB out: S. Muhammad,[],Muhammad,0,0,,False,False,203498.0,,substitution,substitution,,,,201152|201163|201167|201951|201978|202389|202702|203476|203952,201152|201978|203476|203952,201163|201167|201951|202389|202702,,,1610612750.0,21400440,False
3,PT06M03.00S,06:03,Q3 06:03,18.05,344,substitution,SUB in: M. Williams,[],Williams,0,0,,False,False,2590.0,,substitution,2pt missed,,,,201152|201163|201167|201951|201978|202389|202702|203476|203952|2590,201152|201978|203476|203952|2590,201163|201167|201951|202389|202702,,,1610612750.0,21400440,True
3,PT05M56.00S,05:56,Q3 05:56,17.933333333333334,344,2pt,MISS Young 5' Running Bank Shot,['pointsinthepaint'],Young,0,0,Missed,True,False,201152.0,,substitution,rebound,,,,201152|201163|201167|201951|201978|202389|202702|203476|203952|2590,201152|201978|203476|203952|2590,201163|201167|201951|202389|202702,21.0,44.0,1610612750.0,21400440,True
3,PT05M52.00S,05:52,Q3 05:52,17.866666666666667,345,rebound,Faried REBOUND (Off:8 Def:10),[],Faried,0,0,,False,False,202702.0,,2pt missed,2pt missed,,,,201152|201163|201167|201951|201978|202389|202702|203476|203952|2590,201163|201167|201951|202389|202702,201152|201978|203476|203952|2590,,,1610612743.0,21400440,True
3,PT05M52.00S,05:52,Q3 05:52,17.866666666666667,346,2pt,MISS Afflalo 2' Driving Layup,['pointsinthepaint'],Afflalo,0,0,Missed,True,False,201167.0,,rebound,block,,,,201152|201163|201167|201951|201978|202389|202702|203476|203952|2590,201163|201167|201951|202389|202702,201152|201978|203476|203952|2590,18.0,14.0,1610612743.0,21400440,True
3,PT05M52.00S,05:52,Q3 05:52,17.866666666666667,346,block,Williams BLOCK (1 BLK),[],Williams,0,0,,False,False,2590.0,,2pt missed,rebound,,,2590.0,201152|201163|201167|201951|201978|202389|202702|203476|203952|2590,201152|201978|203476|203952|2590,201163|201167|201951|202389|202702,,,1610612750.0,21400440,True
3,PT05M52.00S,05:52,Q3 05:52,17.866666666666667,347,rebound,TEAM offensive REBOUND,['team'],,0,0,,False,False,0.0,,block,2pt missed,,,,201152|201163|201167|201951|201978|202389|202702|203476|203952|2590,201163|201167|201951|202389|202702,201152|201978|203476|203952|2590,,,1610612743.0,21400440,True
3,PT05M44.00S,05:44,Q3 05:44,17.733333333333334,349,2pt,MISS Lawson 20' Jump Shot,['2ndchance'],Lawson,0,0,Missed,True,False,201951.0,,rebound,rebound,,,,201152|201163|201167|201951|201978|202389|202702|203476|203952|2590,201163|201167|201951|202389|202702,201152|201978|203476|203952|2590,113.0,164.0,1610612743.0,21400440,True
3,PT05M43.00S,05:43,Q3 05:43,17.71666666666667,350,rebound,Faried REBOUND (Off:9 Def:10),[],Faried,0,0,,False,False,202702.0,,2pt missed,2pt missed,,,,201152|201163|201167|201951|201978|202389|202702|203476|203952|2590,201163|201167|201951|202389|202702,201152|201978|203476|203952|2590,,,1610612743.0,21400440,True
3,PT05M42.00S,05:42,Q3 05:42,17.7,351,2pt,MISS Faried 1' Layup,['pointsinthepaint'],Faried,0,0,Missed,True,False,202702.0,,rebound,block,,,,201152|201163|201167|201951|201978|202389|202702|203476|203952|2590,201163|201167|201951|202389|202702,201152|201978|203476|203952|2590,2.0,14.0,1610612743.0,21400440,True
3,PT05M42.00S,05:42,Q3 05:42,17.7,351,block,Dieng BLOCK (5 BLK),[],Dieng,0,0,,False,False,203476.0,,2pt missed,rebound,,,203476.0,201152|201163|201167|201951|201978|202389|202702|203476|203952|2590,201152|201978|203476|203952|2590,201163|201167|201951|202389|202702,,,1610612750.0,21400440,True
3,PT05M41.00S,05:41,Q3 05:41,17.683333333333334,352,rebound,Mozgov REBOUND (Off:4 Def:6),[],Mozgov,0,0,,False,False,202389.0,,block,foul,,,,201152|201163|201167|201951|201978|202389|202702|203476|203952|2590,201163|201167|201951|202389|202702,201152|201978|203476|203952|2590,,,1610612743.0,21400440,True
3,PT05M41.00S,05:41,Q3 05:41,17.683333333333334,353,foul,Dieng S.FOUL (P2.T2),[],Dieng,0,0,,False,False,203476.0,,rebound,freethrow,202389.0,,,201152|201163|201167|201951|201978|202389|202702|203476|203952|2590,201152|201978|203476|203952|2590,201163|201167|201951|202389|202702,,,1610612750.0,21400440,True
3,PT05M41.00S,05:41,Q3 05:41,17.683333333333334,354,freethrow,Mozgov Free Throw 1 of 2 (9 PTS),[],Mozgov,68,59,Made,False,False,202389.0,,foul,freethrow,,,,201152|201163|201167|201951|201978|202389|202702|203476|203952|2590,201163|201167|201951|202389|202702,201152|201978|203476|203952|2590,,,1610612743.0,21400440,True
3,PT05M41.00S,05:41,Q3 05:41,17.683333333333334,356,freethrow,MISS Mozgov Free Throw 2 of 2,[],Mozgov,0,0,Missed,False,False,202389.0,,freethrow,rebound,,,,201152|201163|201167|201951|201978|202389|202702|203476|203952|2590,201163|201167|201951|202389|202702,201152|201978|203476|203952|2590,,,1610612743.0,21400440,True
3,PT05M38.00S,05:38,Q3 05:38,17.633333333333333,358,rebound,Dieng REBOUND (Off:3 Def:5),[],Dieng,0,0,,False,False,203476.0,,freethrow,3pt missed,,,,201152|201163|201167|201951|201978|202389|202702|203476|203952|2590,201152|201978|203476|203952|2590,201163|201167|201951|202389|202702,,,1610612750.0,21400440,True
3,PT05M13.00S,05:13,Q3 05:13,17.21666666666667,359,3pt,MISS Young 25' 3PT Jump Shot,[],Young,0,0,Missed,True,False,201152.0,,rebound,rebound,,,,201152|201163|201167|201951|201978|202389|202702|203476|203952|2590,201152|201978|203476|203952|2590,201163|201167|201951|202389|202702,-32.0,252.0,1610612750.0,21400440,True
3,PT05M12.00S,05:12,Q3 05:12,17.2,360,rebound,Faried REBOUND (Off:9 Def:11),[],Faried,0,0,,False,False,202702.0,,3pt missed,3pt missed,,,,201152|201163|201167|201951|201978|202389|202702|203476|203952|2590,201163|201167|201951|202389|202702,201152|201978|203476|203952|2590,,,1610612743.0,21400440,True
3,PT05M02.00S,05:02,Q3 05:02,17.03333333333333,361,3pt,MISS Chandler 25' 3PT Jump Shot,[],Chandler,0,0,Missed,True,False,201163.0,,rebound,rebound,,,,201152|201163|201167|201951|201978|202389|202702|203476|203952|2590,201163|201167|201951|202389|202702,201152|201978|203476|203952|2590,165.0,192.0,1610612743.0,21400440,True
3,PT05M01.00S,05:01,Q3 05:01,17.016666666666666,362,rebound,Williams REBOUND (Off:0 Def:2),[],Williams,0,0,,False,False,2590.0,,3pt missed,turnover,,,,201152|201163|201167|201951|201978|202389|202702|203476|203952|2590,201152|201978|203476|203952|2590,201163|201167|201951|202389|202702,,,1610612750.0,21400440,True
3,PT04M59.00S,04:59,Q3 04:59,16.983333333333334,363,turnover,Williams Bad Pass Turnover (P3.T5),[],Williams,0,0,,False,False,2590.0,,rebound,substitution,,,,201152|201163|201167|201951|201978|202389|202702|203476|203952|2590,201152|201978|203476|203952|2590,201163|201167|201951|202389|202702,,,1610612750.0,21400440,True
3,PT04M59.00S,04:59,Q3 04:59,16.983333333333334,364,substitution,SUB out: K. Faried,[],Faried,0,0,,False,False,202702.0,,turnover,substitution,,,,201152|201163|201167|201951|201978|202389|203476|203952|2590,201163|201167|201951|202389,201152|201978|203476|203952|2590,,,1610612743.0,21400440,False
3,PT04M59.00S,04:59,Q3 04:59,16.983333333333334,365,substitution,SUB in: J. Hickson,[],Hickson,0,0,,False,False,201581.0,,substitution,foul,,,,201152|201163|201167|201581|201951|201978|202389|203476|203952|2590,201163|201167|201581|201951|202389,201152|201978|203476|203952|2590,,,1610612743.0,21400440,True
3,PT04M53.00S,04:53,Q3 04:53,16.883333333333333,365,foul,Budinger P.FOUL (P1.T3),[],Budinger,0,0,,False,False,201978.0,,substitution,2pt missed,201163.0,,,201152|201163|201167|201581|201951|201978|202389|203476|203952|2590,201152|201978|203476|203952|2590,201163|201167|201581|201951|202389,,,1610612750.0,21400440,True
3,PT04M40.00S,04:40,Q3 04:40,16.666666666666668,366,2pt,MISS Chandler 4' Turnaround Bank Shot,['pointsinthepaint'],Chandler,0,0,Missed,True,False,201163.0,,foul,rebound,,,,201152|201163|201167|201581|201951|201978|202389|203476|203952|2590,201163|201167|201581|201951|202389,201152|201978|203476|203952|2590,40.0,15.0,1610612743.0,21400440,True
3,PT04M39.00S,04:39,Q3 04:39,16.65,367,rebound,Dieng REBOUND (Off:3 Def:6),[],Dieng,0,0,,False,False,203476.0,,2pt missed,3pt missed,,,,201152|201163|201167|201581|201951|201978|202389|203476|203952|2590,201152|201978|203476|203952|2590,201163|201167|201581|201951|202389,,,1610612750.0,21400440,True
3,PT04M31.00S,04:31,Q3 04:31,16.516666666666666,368,3pt,MISS Budinger 26' 3PT Jump Shot,[],Budinger,0,0,Missed,True,False,201978.0,,rebound,rebound,,,,201152|201163|201167|201581|201951|201978|202389|203476|203952|2590,201152|201978|203476|203952|2590,201163|201167|201581|201951|202389,250.0,64.0,1610612750.0,21400440,True
3,PT04M30.00S,04:30,Q3 04:30,16.5,369,rebound,Budinger REBOUND (Off:1 Def:1),[],Budinger,0,0,,False,False,201978.0,,3pt missed,2pt made,,,,201152|201163|201167|201581|201951|201978|202389|203476|203952|2590,201152|201978|203476|203952|2590,201163|201167|201581|201951|202389,,,1610612750.0,21400440,True
3,PT04M25.00S,04:25,Q3 04:25,16.416666666666668,370,2pt,Wiggins 5' Running Jump Shot (13 PTS) (Budinger 2 AST),['pointsinthepaint'],Wiggins,68,61,Made,True,True,203952.0,201978.0,rebound,2pt made,,,,201152|201163|201167|201581|201951|201978|202389|203476|203952|2590,201152|201978|203476|203952|2590,201163|201167|201581|201951|202389,18.0,44.0,1610612750.0,21400440,True
3,PT04M08.00S,04:08,Q3 04:08,16.133333333333333,371,2pt,Afflalo 1' Driving Layup (6 PTS),['pointsinthepaint'],Afflalo,70,61,Made,True,False,201167.0,,2pt made,2pt made,,,,201152|201163|201167|201581|201951|201978|202389|203476|203952|2590,201163|201167|201581|201951|202389,201152|201978|203476|203952|2590,-7.0,6.0,1610612743.0,21400440,True
3,PT03M47.00S,03:47,Q3 03:47,15.783333333333333,372,2pt,Dieng 14' Jump Shot (8 PTS) (Young 3 AST),[],Dieng,70,63,Made,True,True,203476.0,201152.0,2pt made,3pt missed,,,,201152|201163|201167|201581|201951|201978|202389|203476|203952|2590,201152|201978|203476|203952|2590,201163|201167|201581|201951|202389,99.0,104.0,1610612750.0,21400440,True
3,PT03M38.00S,03:38,Q3 03:38,15.633333333333333,373,3pt,MISS Afflalo  3PT Jump Shot,[],Afflalo,0,0,Missed,True,False,201167.0,,2pt made,rebound,,,,201152|201163|201167|201581|201951|201978|202389|203476|203952|2590,201163|201167|201581|201951|202389,201152|201978|203476|203952|2590,-229.0,-6.0,1610612743.0,21400440,True
3,PT03M36.00S,03:36,Q3 03:36,15.6,374,rebound,Dieng REBOUND (Off:3 Def:7),[],Dieng,0,0,,False,False,203476.0,,3pt missed,3pt made,,,,201152|201163|201167|201581|201951|201978|202389|203476|203952|2590,201152|201978|203476|203952|2590,201163|201167|201581|201951|202389,,,1610612750.0,21400440,True
3,PT03M24.00S,03:24,Q3 03:24,15.4,375,3pt,Wiggins 24' 3PT Jump Shot (16 PTS) (Williams 6 AST),[],Wiggins,70,66,Made,True,True,203952.0,2590.0,rebound,2pt made,,,,201152|201163|201167|201581|201951|201978|202389|203476|203952|2590,201152|201978|203476|203952|2590,201163|201167|201581|201951|202389,-228.0,60.0,1610612750.0,21400440,True
3,PT03M09.00S,03:09,Q3 03:09,15.15,376,2pt,Lawson 18' Jump Shot (10 PTS),[],Lawson,72,66,Made,True,False,201951.0,,3pt made,2pt made,,,,201152|201163|201167|201581|201951|201978|202389|203476|203952|2590,201163|201167|201581|201951|202389,201152|201978|203476|203952|2590,-128.0,121.0,1610612743.0,21400440,True
3,PT02M48.00S,02:48,Q3 02:48,14.8,377,2pt,Dieng 17' Jump Shot (10 PTS) (Young 4 AST),[],Dieng,72,68,Made,True,True,203476.0,201152.0,2pt made,2pt made,,,,201152|201163|201167|201581|201951|201978|202389|203476|203952|2590,201152|201978|203476|203952|2590,201163|201167|201581|201951|202389,99.0,137.0,1610612750.0,21400440,True
3,PT02M36.00S,02:36,Q3 02:36,14.6,378,2pt,Lawson 9' Step Back Jump Shot (12 PTS),['pointsinthepaint'],Lawson,74,68,Made,True,False,201951.0,,2pt made,foul,,,,201152|201163|201167|201581|201951|201978|202389|203476|203952|2590,201163|201167|201581|201951|202389,201152|201978|203476|203952|2590,39.0,86.0,1610612743.0,21400440,True
3,PT02M23.00S,02:23,Q3 02:23,14.383333333333333,379,foul,Afflalo P.FOUL (P3.T3),[],Afflalo,0,0,,False,False,201167.0,,2pt made,timeout,,,,201152|201163|201167|201581|201951|201978|202389|203476|203952|2590,201163|201167|201581|201951|202389,201152|201978|203476|203952|2590,,,1610612743.0,21400440,True
3,PT02M23.00S,02:23,Q3 02:23,14.383333333333333,380,timeout,NUGGETS Timeout: Regular (Full 3 Short 0),[],,0,0,,False,False,0.0,,foul,substitution,,,,201152|201163|201167|201581|201951|201978|202389|203476|203952|2590,201163|201167|201581|201951|202389,201152|201978|203476|203952|2590,,,1610612743.0,21400440,True
3,PT02M23.00S,02:23,Q3 02:23,14.383333333333333,382,substitution,SUB out: T. Young,[],Young,0,0,,False,False,201152.0,,timeout,substitution,,,,201163|201167|201581|201951|201978|202389|203476|203952|2590,201978|203476|203952|2590,201163|201167|201581|201951|202389,,,1610612750.0,21400440,False
3,PT02M23.00S,02:23,Q3 02:23,14.383333333333333,383,substitution,SUB out: T. Mozgov,[],Mozgov,0,0,,False,False,202389.0,,substitution,substitution,,,,201163|201167|201581|201951|201978|203476|203952|2590,201163|201167|201581|201951,201978|203476|203952|2590,,,1610612743.0,21400440,False
3,PT02M23.00S,02:23,Q3 02:23,14.383333333333333,384,substitution,SUB out: A. Afflalo,[],Afflalo,0,0,,False,False,201167.0,,substitution,substitution,,,,201163|201581|201951|201978|203476|203952|2590,201163|201581|201951,201978|203476|203952|2590,,,1610612743.0,21400440,False
3,PT02M23.00S,02:23,Q3 02:23,14.383333333333333,385,substitution,SUB in: R. Hummel,[],Hummel,0,0,,False,False,203133.0,,substitution,substitution,,,,201163|201581|201951|201978|203133|203476|203952|2590,201978|203133|203476|203952|2590,201163|201581|201951,,,1610612750.0,21400440,False
3,PT02M23.00S,02:23,Q3 02:23,14.383333333333333,386,substitution,SUB in: A. Gee,[],Gee,0,0,,False,False,202087.0,,substitution,substitution,,,,201163|201581|201951|201978|202087|203133|203476|203952|2590,201163|201581|201951|202087,201978|203133|203476|203952|2590,,,1610612743.0,21400440,False
3,PT02M23.00S,02:23,Q3 02:23,14.383333333333333,387,substitution,SUB in: J. Nurkic,[],Nurkic,0,0,,False,False,203994.0,,substitution,2pt missed,,,,201163|201581|201951|201978|202087|203133|203476|203952|203994|2590,201163|201581|201951|202087|203994,201978|203133|203476|203952|2590,,,1610612743.0,21400440,True
3,PT02M14.00S,02:14,Q3 02:14,14.233333333333334,385,2pt,MISS Wiggins 6' Jump Shot,['pointsinthepaint'],Wiggins,0,0,Missed,True,False,203952.0,,substitution,block,,,,201163|201581|201951|201978|202087|203133|203476|203952|203994|2590,201978|203133|203476|203952|2590,201163|201581|201951|202087|203994,-43.0,42.0,1610612750.0,21400440,True
3,PT02M14.00S,02:14,Q3 02:14,14.233333333333334,385,block,Hickson BLOCK (1 BLK),[],Hickson,0,0,,False,False,201581.0,,2pt missed,rebound,,,201581.0,201163|201581|201951|201978|202087|203133|203476|203952|203994|2590,201163|201581|201951|202087|203994,201978|203133|203476|203952|2590,,,1610612743.0,21400440,True
3,PT02M12.00S,02:12,Q3 02:12,14.2,386,rebound,Hickson REBOUND (Off:1 Def:2),[],Hickson,0,0,,False,False,201581.0,,block,2pt made,,,,201163|201581|201951|201978|202087|203133|203476|203952|203994|2590,201163|201581|201951|202087|203994,201978|203133|203476|203952|2590,,,1610612743.0,21400440,True
3,PT01M56.00S,01:56,Q3 01:56,13.933333333333334,387,2pt,Chandler 2' Driving Layup (14 PTS),['pointsinthepaint'],Chandler,76,68,Made,True,False,201163.0,,rebound,2pt made,,,,201163|201581|201951|201978|202087|203133|203476|203952|203994|2590,201163|201581|201951|202087|203994,201978|203133|203476|203952|2590,15.0,19.0,1610612743.0,21400440,True
3,PT01M39.00S,01:39,Q3 01:39,13.65,388,2pt,Budinger 5' Running Jump Shot (2 PTS),['pointsinthepaint'],Budinger,76,70,Made,True,False,201978.0,,2pt made,3pt missed,,,,201163|201581|201951|201978|202087|203133|203476|203952|203994|2590,201978|203133|203476|203952|2590,201163|201581|201951|202087|203994,-32.0,42.0,1610612750.0,21400440,True
3,PT01M21.00S,01:21,Q3 01:21,13.35,389,3pt,MISS Chandler 25' 3PT Jump Shot,[],Chandler,0,0,Missed,True,False,201163.0,,2pt made,rebound,,,,201163|201581|201951|201978|202087|203133|203476|203952|203994|2590,201163|201581|201951|202087|203994,201978|203133|203476|203952|2590,-56.0,244.0,1610612743.0,21400440,True
3,PT01M20.00S,01:20,Q3 01:20,13.333333333333334,390,rebound,Williams REBOUND (Off:0 Def:3),[],Williams,0,0,,False,False,2590.0,,3pt missed,2pt made,,,,201163|201581|201951|201978|202087|203133|203476|203952|203994|2590,201978|203133|203476|203952|2590,201163|201581|201951|202087|203994,,,1610612750.0,21400440,True
3,PT01M16.00S,01:16,Q3 01:16,13.266666666666666,391,2pt,Budinger  Dunk (4 PTS) (Williams 7 AST),['pointsinthepaint'],Budinger,76,72,Made,True,True,201978.0,2590.0,rebound,3pt missed,,,,201163|201581|201951|201978|202087|203133|203476|203952|203994|2590,201978|203133|203476|203952|2590,201163|201581|201951|202087|203994,0.0,1.0,1610612750.0,21400440,True
3,PT00M57.80S,00:57,Q3 00:57,12.963333333333333,392,3pt,MISS Lawson 25' 3PT Jump Shot,[],Lawson,0,0,Missed,True,False,201951.0,,2pt made,rebound,,,,201163|201581|201951|201978|202087|203133|203476|203952|203994|2590,201163|201581|201951|202087|203994,201978|203133|203476|203952|2590,-158.0,190.0,1610612743.0,21400440,True
3,PT00M55.90S,00:55,Q3 00:55,12.931666666666667,393,rebound,Dieng REBOUND (Off:3 Def:8),[],Dieng,0,0,,False,False,203476.0,,3pt missed,2pt missed,,,,201163|201581|201951|201978|202087|203133|203476|203952|203994|2590,201978|203133|203476|203952|2590,201163|201581|201951|202087|203994,,,1610612750.0,21400440,True
3,PT00M46.90S,00:46,Q3 00:46,12.781666666666666,394,2pt,MISS Dieng  Driving Dunk,['pointsinthepaint'],Dieng,0,0,Missed,True,False,203476.0,,rebound,block,,,,201163|201581|201951|201978|202087|203133|203476|203952|203994|2590,201978|203133|203476|203952|2590,201163|201581|201951|202087|203994,0.0,1.0,1610612750.0,21400440,True
3,PT00M46.90S,00:46,Q3 00:46,12.781666666666666,394,block,Hickson BLOCK (2 BLK),[],Hickson,0,0,,False,False,201581.0,,2pt missed,rebound,,,201581.0,201163|201581|201951|201978|202087|203133|203476|203952|203994|2590,201163|201581|201951|202087|203994,201978|203133|203476|203952|2590,,,1610612743.0,21400440,True
3,PT00M43.80S,00:43,Q3 00:43,12.73,395,rebound,Chandler REBOUND (Off:0 Def:4),[],Chandler,0,0,,False,False,201163.0,,block,foul,,,,201163|201581|201951|201978|202087|203133|203476|203952|203994|2590,201163|201581|201951|202087|203994,201978|203133|203476|203952|2590,,,1610612743.0,21400440,True
3,PT00M40.20S,00:40,Q3 00:40,12.67,396,foul,Budinger S.FOUL (P2.T4),[],Budinger,0,0,,False,False,201978.0,,rebound,freethrow,203994.0,,,201163|201581|201951|201978|202087|203133|203476|203952|203994|2590,201978|203133|203476|203952|2590,201163|201581|201951|202087|203994,,,1610612750.0,21400440,True
3,PT00M40.20S,00:40,Q3 00:40,12.67,397,freethrow,Nurkic Free Throw 1 of 2 (6 PTS),[],Nurkic,77,72,Made,False,False,203994.0,,foul,freethrow,,,,201163|201581|201951|201978|202087|203133|203476|203952|203994|2590,201163|201581|201951|202087|203994,201978|203133|203476|203952|2590,,,1610612743.0,21400440,True
3,PT00M40.20S,00:40,Q3 00:40,12.67,400,freethrow,MISS Nurkic Free Throw 2 of 2,[],Nurkic,0,0,Missed,False,False,203994.0,,freethrow,substitution,,,,201163|201581|201951|201978|202087|203133|203476|203952|203994|2590,201163|201581|201951|202087|203994,201978|203133|203476|203952|2590,,,1610612743.0,21400440,True
3,PT00M40.20S,00:40,Q3 00:40,12.67,399,substitution,SUB out: T. Lawson,[],Lawson,0,0,,False,False,201951.0,,freethrow,substitution,,,,201163|201581|201978|202087|203133|203476|203952|203994|2590,201163|201581|202087|203994,201978|203133|203476|203952|2590,,,1610612743.0,21400440,False
3,PT00M40.20S,00:40,Q3 00:40,12.67,400,substitution,SUB in: N. Robinson,[],Robinson,0,0,,False,False,101126.0,,substitution,rebound,,,,101126|201163|201581|201978|202087|203133|203476|203952|203994|2590,101126|201163|201581|202087|203994,201978|203133|203476|203952|2590,,,1610612743.0,21400440,True
3,PT00M39.90S,00:39,Q3 00:39,12.665,402,rebound,Dieng REBOUND (Off:3 Def:9),[],Dieng,0,0,,False,False,203476.0,,substitution,2pt made,,,,101126|201163|201581|201978|202087|203133|203476|203952|203994|2590,201978|203133|203476|203952|2590,101126|201163|201581|202087|203994,,,1610612750.0,21400440,True
3,PT00M26.70S,00:26,Q3 00:26,12.445,403,2pt,Dieng  Dunk (12 PTS) (Williams 8 AST),['pointsinthepaint'],Dieng,77,74,Made,True,True,203476.0,2590.0,rebound,2pt made,,,,101126|201163|201581|201978|202087|203133|203476|203952|203994|2590,201978|203133|203476|203952|2590,101126|201163|201581|202087|203994,0.0,1.0,1610612750.0,21400440,True
3,PT00M01.80S,00:01,Q3 00:01,12.03,404,2pt,Chandler 14' Fadeaway Jumper (16 PTS),['pointsinthepaint'],Chandler,79,74,Made,True,False,201163.0,,2pt made,3pt missed,,,,101126|201163|201581|201978|202087|203133|203476|203952|203994|2590,101126|201163|201581|202087|203994,201978|203133|203476|203952|2590,40.0,137.0,1610612743.0,21400440,True
3,PT00M00.30S,00:00,Q3 00:00,12.005,405,3pt,MISS Wiggins 56' 3PT Running Jump Shot,[],Wiggins,0,0,Missed,True,False,203952.0,,2pt made,rebound,,,,101126|201163|201581|201978|202087|203133|203476|203952|203994|2590,201978|203133|203476|203952|2590,101126|201163|201581|202087|203994,195.0,523.0,1610612750.0,21400440,True
3,PT00M00.00S,00:00,Q3 00:00,12.0,407,rebound,TEAM offensive REBOUND,['team'],,0,0,,False,False,0.0,,3pt missed,period,,,,101126|201163|201581|201978|202087|203133|203476|203952|203994|2590,201978|203133|203476|203952|2590,101126|201163|201581|202087|203994,,,1610612750.0,21400440,True
3,PT00M00.00S,00:00,Q3 00:00,12.0,408,period,End of 3rd Period (10:42 PM EST),[],,79,74,,False,False,0.0,,rebound,period,,,,101126|201163|201581|201978|202087|203133|203476|203952|203994|2590,101126|201163|201581|202087|203994,201978|203133|203476|203952|2590,,,1610612743.0,21400440,True
4,PT12M00.00S,12:00,Q4 12:00,12.0,410,period,Start of 4th Period (10:44 PM EST),[],,79,74,,False,False,0.0,,period,substitution,,,,101126|201163|201581|201978|202087|203133|203476|203952|203994|2590,101126|201163|201581|202087|203994,201978|203133|203476|203952|2590,,,1610612743.0,21400440,True
4,PT11M50.00S,11:50,Q4 11:50,11.833333333333334,411,turnover,Nurkic Bad Pass Turnover (P1.T11),[],Nurkic,0,0,,False,False,203994.0,,substitution,2pt made,,,,101126|201167|201581|201978|202087|203133|203476|203498|203994|2590,101126|201167|201581|202087|203994,201978|203133|203476|203498|2590,,,1610612743.0,21400440,True
4,PT11M38.00S,11:38,Q4 11:38,11.633333333333333,412,2pt,Hummel 17' Jump Shot (2 PTS) (Williams 9 AST),[],Hummel,79,76,Made,True,True,203133.0,2590.0,turnover,foul,,,,101126|201167|201581|201978|202087|203133|203476|203498|203994|2590,201978|203133|203476|203498|2590,101126|201167|201581|202087|203994,-65.0,154.0,1610612750.0,21400440,True
4,PT11M15.00S,11:15,Q4 11:15,11.25,413,foul,Gee OFF.Foul (P1),[],Gee,0,0,,False,False,202087.0,,2pt made,turnover,202399.0,,,101126|201167|201581|201978|202087|203133|203476|203498|203994|2590,101126|201167|201581|202087|203994,201978|203133|203476|203498|2590,,,1610612743.0,21400440,True
4,PT11M15.00S,11:15,Q4 11:15,11.25,414,turnover,Gee Foul Turnover (P1.T12),[],Gee,0,0,,False,False,202087.0,,foul,substitution,,,,101126|201167|201581|201978|202087|203133|203476|203498|203994|2590,101126|201167|201581|202087|203994,201978|203133|203476|203498|2590,,,1610612743.0,21400440,True
4,PT11M15.00S,11:15,Q4 11:15,11.25,415,substitution,SUB out: G. Dieng,[],Dieng,0,0,,False,False,203476.0,,turnover,substitution,,,,101126|201167|201581|201978|202087|203133|203498|203994|2590,201978|203133|203498|2590,101126|201167|201581|202087|203994,,,1610612750.0,21400440,False
4,PT11M15.00S,11:15,Q4 11:15,11.25,416,substitution,SUB in: J. Adrien,[],Adrien,0,0,,False,False,202399.0,,substitution,2pt missed,,,,101126|201167|201581|201978|202087|202399|203133|203498|203994|2590,201978|202399|203133|203498|2590,101126|201167|201581|202087|203994,,,1610612750.0,21400440,True
4,PT11M05.00S,11:05,Q4 11:05,11.083333333333334,416,2pt,MISS Adrien 2' Layup,['pointsinthepaint'],Adrien,0,0,Missed,True,False,202399.0,,substitution,block,,,,101126|201167|201581|201978|202087|202399|203133|203498|203994|2590,201978|202399|203133|203498|2590,101126|201167|201581|202087|203994,21.0,12.0,1610612750.0,21400440,True
4,PT11M05.00S,11:05,Q4 11:05,11.083333333333334,416,block,Gee BLOCK (1 BLK),[],Gee,0,0,,False,False,202087.0,,2pt missed,rebound,,,202087.0,101126|201167|201581|201978|202087|202399|203133|203498|203994|2590,101126|201167|201581|202087|203994,201978|202399|203133|203498|2590,,,1610612743.0,21400440,True
4,PT11M04.00S,11:04,Q4 11:04,11.066666666666666,417,rebound,Adrien REBOUND (Off:1 Def:1),[],Adrien,0,0,,False,False,202399.0,,block,2pt made,,,,101126|201167|201581|201978|202087|202399|203133|203498|203994|2590,201978|202399|203133|203498|2590,101126|201167|201581|202087|203994,,,1610612750.0,21400440,True
4,PT11M03.00S,11:03,Q4 11:03,11.05,418,2pt,Adrien 2' Layup (2 PTS),['pointsinthepaint'],Adrien,79,78,Made,True,False,202399.0,,rebound,foul,,,,101126|201167|201581|201978|202087|202399|203133|203498|203994|2590,201978|202399|203133|203498|2590,101126|201167|201581|202087|203994,13.0,9.0,1610612750.0,21400440,True
4,PT11M03.00S,11:03,Q4 11:03,11.05,419,foul,Nurkic S.FOUL (P2.T1),[],Nurkic,0,0,,False,False,203994.0,,2pt made,freethrow,202399.0,,,101126|201167|201581|201978|202087|202399|203133|203498|203994|2590,101126|201167|201581|202087|203994,201978|202399|203133|203498|2590,,,1610612743.0,21400440,True
4,PT11M03.00S,11:03,Q4 11:03,11.05,420,freethrow,Adrien Free Throw 1 of 1 (3 PTS),[],Adrien,79,79,Made,False,False,202399.0,,foul,2pt made,,,,101126|201167|201581|201978|202087|202399|203133|203498|203994|2590,201978|202399|203133|203498|2590,101126|201167|201581|202087|203994,,,1610612750.0,21400440,True
4,PT10M50.00S,10:50,Q4 10:50,10.833333333333334,422,2pt,Nurkic 17' Jump Shot (8 PTS),[],Nurkic,81,79,Made,True,False,203994.0,,freethrow,2pt made,,,,101126|201167|201581|201978|202087|202399|203133|203498|203994|2590,101126|201167|201581|202087|203994,201978|202399|203133|203498|2590,67.0,157.0,1610612743.0,21400440,True
4,PT10M34.00S,10:34,Q4 10:34,10.566666666666666,424,2pt,Hummel 19' Jump Shot (4 PTS) (Williams 10 AST),[],Hummel,81,81,Made,True,True,203133.0,2590.0,2pt made,turnover,,,,101126|201167|201581|201978|202087|202399|203133|203498|203994|2590,201978|202399|203133|203498|2590,101126|201167|201581|202087|203994,-84.0,165.0,1610612750.0,21400440,True
4,PT10M16.00S,10:16,Q4 10:16,10.266666666666667,425,turnover,Nurkic 3 Second Violation Turnover (P2.T13),[],Nurkic,0,0,,False,False,203994.0,,2pt made,2pt missed,,,,101126|201167|201581|201978|202087|202399|203133|203498|203994|2590,101126|201167|201581|202087|203994,201978|202399|203133|203498|2590,,,1610612743.0,21400440,True
4,PT10M02.00S,10:02,Q4 10:02,10.033333333333333,426,2pt,MISS Williams 7' Running Jump Shot,['pointsinthepaint'],Williams,0,0,Missed,True,False,2590.0,,turnover,rebound,,,,101126|201167|201581|201978|202087|202399|203133|203498|203994|2590,201978|202399|203133|203498|2590,101126|201167|201581|202087|203994,-54.0,41.0,1610612750.0,21400440,True
4,PT10M00.00S,10:00,Q4 10:00,10.0,427,rebound,Nurkic REBOUND (Off:3 Def:4),[],Nurkic,0,0,,False,False,203994.0,,2pt missed,turnover,,,,101126|201167|201581|201978|202087|202399|203133|203498|203994|2590,101126|201167|201581|202087|203994,201978|202399|203133|203498|2590,,,1610612743.0,21400440,True
4,PT09M57.00S,09:57,Q4 09:57,9.95,428,turnover,Afflalo Step Out of Bounds Turnover (P1.T14),[],Afflalo,0,0,,False,False,201167.0,,rebound,turnover,,,,101126|201167|201581|201978|202087|202399|203133|203498|203994|2590,101126|201167|201581|202087|203994,201978|202399|203133|203498|2590,,,1610612743.0,21400440,True
4,PT09M48.00S,09:48,Q4 09:48,9.8,429,turnover,Williams Out of Bounds Lost Ball Turnover (P4.T6),[],Williams,0,0,,False,False,2590.0,,turnover,foul,,,,101126|201167|201581|201978|202087|202399|203133|203498|203994|2590,201978|202399|203133|203498|2590,101126|201167|201581|202087|203994,,,1610612750.0,21400440,True
4,PT09M35.00S,09:35,Q4 09:35,9.583333333333334,430,foul,Nurkic Offensive Charge Foul (P3.T2),[],Nurkic,0,0,,False,False,203994.0,,turnover,turnover,203498.0,,,101126|201167|201581|201978|202087|202399|203133|203498|203994|2590,101126|201167|201581|202087|203994,201978|202399|203133|203498|2590,,,1610612743.0,21400440,True
4,PT09M35.00S,09:35,Q4 09:35,9.583333333333334,431,turnover,Nurkic Foul Turnover (P3.T15),[],Nurkic,0,0,,False,False,203994.0,,foul,2pt missed,,,,101126|201167|201581|201978|202087|202399|203133|203498|203994|2590,101126|201167|201581|202087|203994,201978|202399|203133|203498|2590,,,1610612743.0,21400440,True
4,PT09M21.00S,09:21,Q4 09:21,9.35,432,2pt,MISS Muhammad 7' Turnaround Jump Shot,['pointsinthepaint'],Muhammad,0,0,Missed,True,False,203498.0,,turnover,rebound,,,,101126|201167|201581|201978|202087|202399|203133|203498|203994|2590,201978|202399|203133|203498|2590,101126|201167|201581|202087|203994,47.0,58.0,1610612750.0,21400440,True
4,PT09M19.00S,09:19,Q4 09:19,9.316666666666666,433,rebound,Nurkic REBOUND (Off:3 Def:5),[],Nurkic,0,0,,False,False,203994.0,,2pt missed,foul,,,,101126|201167|201581|201978|202087|202399|203133|203498|203994|2590,101126|201167|201581|202087|203994,201978|202399|203133|203498|2590,,,1610612743.0,21400440,True
4,PT09M01.00S,09:01,Q4 09:01,9.016666666666667,434,foul,Budinger S.FOUL (P3.T1),[],Budinger,0,0,,False,False,201978.0,,rebound,freethrow,202087.0,,,101126|201167|201581|201978|202087|202399|203133|203498|203994|2590,201978|202399|203133|203498|2590,101126|201167|201581|202087|203994,,,1610612750.0,21400440,True
4,PT09M01.00S,09:01,Q4 09:01,9.016666666666667,435,freethrow,MISS Gee Free Throw 1 of 2,[],Gee,0,0,Missed,False,False,202087.0,,foul,rebound,,,,101126|201167|201581|201978|202087|202399|203133|203498|203994|2590,101126|201167|201581|202087|203994,201978|202399|203133|203498|2590,,,1610612743.0,21400440,True
4,PT09M01.00S,09:01,Q4 09:01,9.016666666666667,436,rebound,TEAM offensive REBOUND,['team'],,0,0,,False,False,0.0,,freethrow,freethrow,,,,101126|201167|201581|201978|202087|202399|203133|203498|203994|2590,101126|201167|201581|202087|203994,201978|202399|203133|203498|2590,,,1610612743.0,21400440,True
4,PT09M01.00S,09:01,Q4 09:01,9.016666666666667,438,freethrow,Gee Free Throw 2 of 2 (7 PTS),[],Gee,82,81,Made,False,False,202087.0,,rebound,substitution,,,,101126|201167|201581|201978|202087|202399|203133|203498|203994|2590,101126|201167|201581|202087|203994,201978|202399|203133|203498|2590,,,1610612743.0,21400440,True
4,PT09M01.00S,09:01,Q4 09:01,9.016666666666667,437,substitution,SUB out: A. Afflalo,[],Afflalo,0,0,,False,False,201167.0,,freethrow,substitution,,,,101126|201581|201978|202087|202399|203133|203498|203994|2590,101126|201581|202087|203994,201978|202399|203133|203498|2590,,,1610612743.0,21400440,False
4,PT09M01.00S,09:01,Q4 09:01,9.016666666666667,438,substitution,SUB in: T. Lawson,[],Lawson,0,0,,False,False,201951.0,,substitution,2pt missed,,,,101126|201581|201951|201978|202087|202399|203133|203498|203994|2590,101126|201581|201951|202087|203994,201978|202399|203133|203498|2590,,,1610612743.0,21400440,True
4,PT08M44.00S,08:44,Q4 08:44,8.733333333333333,440,2pt,MISS Budinger 14' Fadeaway Jumper,['pointsinthepaint'],Budinger,0,0,Missed,True,False,201978.0,,substitution,2pt made,,,,101126|201581|201951|201978|202087|202399|203133|203498|203994|2590,201978|202399|203133|203498|2590,101126|201581|201951|202087|203994,-56.0,127.0,1610612750.0,21400440,True
4,PT08M42.00S,08:42,Q4 08:42,8.7,441,2pt,Hummel  Tip Shot (6 PTS),['pointsinthepaint'],Hummel,82,83,Made,True,False,203133.0,,2pt missed,rebound,,,,101126|201581|201951|201978|202087|202399|203133|203498|203994|2590,201978|202399|203133|203498|2590,101126|201581|201951|202087|203994,0.0,-3.0,1610612750.0,21400440,True
4,PT08M42.00S,08:42,Q4 08:42,8.7,442,rebound,Hummel REBOUND (Off:1 Def:0),[],Hummel,0,0,,False,False,203133.0,,2pt made,2pt missed,,,,101126|201581|201951|201978|202087|202399|203133|203498|203994|2590,201978|202399|203133|203498|2590,101126|201581|201951|202087|203994,,,1610612750.0,21400440,True
4,PT08M18.00S,08:18,Q4 08:18,8.3,443,2pt,MISS Gee 3' Driving Layup,['pointsinthepaint'],Gee,0,0,Missed,True,False,202087.0,,rebound,rebound,,,,101126|201581|201951|201978|202087|202399|203133|203498|203994|2590,101126|201581|201951|202087|203994,201978|202399|203133|203498|2590,21.0,14.0,1610612743.0,21400440,True
4,PT08M16.00S,08:16,Q4 08:16,8.266666666666667,444,rebound,Adrien REBOUND (Off:1 Def:2),[],Adrien,0,0,,False,False,202399.0,,2pt missed,3pt missed,,,,101126|201581|201951|201978|202087|202399|203133|203498|203994|2590,201978|202399|203133|203498|2590,101126|201581|201951|202087|203994,,,1610612750.0,21400440,True
4,PT08M10.00S,08:10,Q4 08:10,8.166666666666666,445,3pt,MISS Hummel 26' 3PT Jump Shot,[],Hummel,0,0,Missed,True,False,203133.0,,rebound,2pt missed,,,,101126|201581|201951|201978|202087|202399|203133|203498|203994|2590,201978|202399|203133|203498|2590,101126|201581|201951|202087|203994,-210.0,151.0,1610612750.0,21400440,True
4,PT08M10.00S,08:10,Q4 08:10,8.166666666666666,446,2pt,MISS Budinger 1' Tip Shot,['pointsinthepaint'],Budinger,0,0,Missed,True,False,201978.0,,3pt missed,rebound,,,,101126|201581|201951|201978|202087|202399|203133|203498|203994|2590,201978|202399|203133|203498|2590,101126|201581|201951|202087|203994,12.0,7.0,1610612750.0,21400440,True
4,PT08M10.00S,08:10,Q4 08:10,8.166666666666666,447,rebound,Budinger REBOUND (Off:2 Def:1),[],Budinger,0,0,,False,False,201978.0,,2pt missed,rebound,,,,101126|201581|201951|201978|202087|202399|203133|203498|203994|2590,201978|202399|203133|203498|2590,101126|201581|201951|202087|203994,,,1610612750.0,21400440,True
4,PT08M10.00S,08:10,Q4 08:10,8.166666666666666,448,rebound,Adrien REBOUND (Off:2 Def:2),[],Adrien,0,0,,False,False,202399.0,,rebound,foul,,,,101126|201581|201951|201978|202087|202399|203133|203498|203994|2590,201978|202399|203133|203498|2590,101126|201581|201951|202087|203994,,,1610612750.0,21400440,True
4,PT08M10.00S,08:10,Q4 08:10,8.166666666666666,449,foul,Lawson S.FOUL (P2.T3),[],Lawson,0,0,,False,False,201951.0,,rebound,timeout,202399.0,,,101126|201581|201951|201978|202087|202399|203133|203498|203994|2590,101126|201581|201951|202087|203994,201978|202399|203133|203498|2590,,,1610612743.0,21400440,True
4,PT08M10.00S,08:10,Q4 08:10,8.166666666666666,450,timeout,Timeout: Official,[],,0,0,,False,False,0.0,,foul,freethrow,,,,101126|201581|201951|201978|202087|202399|203133|203498|203994|2590,101126|201581|201951|202087|203994,201978|202399|203133|203498|2590,,,0.0,21400440,True
4,PT08M10.00S,08:10,Q4 08:10,8.166666666666666,457,freethrow,MISS Adrien Free Throw 1 of 2,[],Adrien,0,0,Missed,False,False,202399.0,,timeout,rebound,,,,101126|201581|201951|201978|202087|202399|203133|203498|203994|2590,201978|202399|203133|203498|2590,101126|201581|201951|202087|203994,,,1610612750.0,21400440,True
4,PT08M10.00S,08:10,Q4 08:10,8.166666666666666,458,rebound,TEAM offensive REBOUND,['team'],,0,0,,False,False,0.0,,freethrow,freethrow,,,,101126|201581|201951|201978|202087|202399|203133|203498|203994|2590,201978|202399|203133|203498|2590,101126|201581|201951|202087|203994,,,1610612750.0,21400440,True
4,PT08M10.00S,08:10,Q4 08:10,8.166666666666666,459,freethrow,Adrien Free Throw 2 of 2 (4 PTS),['2ndchance'],Adrien,82,84,Made,False,False,202399.0,,rebound,substitution,,,,101126|201581|201951|201978|202087|202399|203133|203498|203994|2590,201978|202399|203133|203498|2590,101126|201581|201951|202087|203994,,,1610612750.0,21400440,True
4,PT08M10.00S,08:10,Q4 08:10,8.166666666666666,452,substitution,SUB out: C. Budinger,[],Budinger,0,0,,False,False,201978.0,,freethrow,substitution,,,,101126|201581|201951|202087|202399|203133|203498|203994|2590,202399|203133|203498|2590,101126|201581|201951|202087|203994,,,1610612750.0,21400440,False
4,PT08M10.00S,08:10,Q4 08:10,8.166666666666666,453,substitution,SUB out: J. Hickson,[],Hickson,0,0,,False,False,201581.0,,substitution,substitution,,,,101126|201951|202087|202399|203133|203498|203994|2590,101126|201951|202087|203994,202399|203133|203498|2590,,,1610612743.0,21400440,False
4,PT08M10.00S,08:10,Q4 08:10,8.166666666666666,454,substitution,SUB out: A. Gee,[],Gee,0,0,,False,False,202087.0,,substitution,substitution,,,,101126|201951|202399|203133|203498|203994|2590,101126|201951|203994,202399|203133|203498|2590,,,1610612743.0,21400440,False
4,PT08M10.00S,08:10,Q4 08:10,8.166666666666666,455,substitution,SUB out: J. Nurkic,[],Nurkic,0,0,,False,False,203994.0,,substitution,substitution,,,,101126|201951|202399|203133|203498|2590,101126|201951,202399|203133|203498|2590,,,1610612743.0,21400440,False
4,PT08M10.00S,08:10,Q4 08:10,8.166666666666666,456,substitution,SUB out: N. Robinson,[],Robinson,0,0,,False,False,101126.0,,substitution,substitution,,,,201951|202399|203133|203498|2590,201951,202399|203133|203498|2590,,,1610612743.0,21400440,False
4,PT08M10.00S,08:10,Q4 08:10,8.166666666666666,457,substitution,SUB in: A. Wiggins,[],Wiggins,0,0,,False,False,203952.0,,substitution,substitution,,,,201951|202399|203133|203498|203952|2590,202399|203133|203498|203952|2590,201951,,,1610612750.0,21400440,False
4,PT08M10.00S,08:10,Q4 08:10,8.166666666666666,458,substitution,SUB in: K. Faried,[],Faried,0,0,,False,False,202702.0,,substitution,substitution,,,,201951|202399|202702|203133|203498|203952|2590,201951|202702,202399|203133|203498|203952|2590,,,1610612743.0,21400440,False
4,PT08M10.00S,08:10,Q4 08:10,8.166666666666666,459,substitution,SUB in: A. Afflalo,[],Afflalo,0,0,,False,False,201167.0,,substitution,substitution,,,,201167|201951|202399|202702|203133|203498|203952|2590,201167|201951|202702,202399|203133|203498|203952|2590,,,1610612743.0,21400440,False
4,PT08M10.00S,08:10,Q4 08:10,8.166666666666666,460,substitution,SUB in: W. Chandler,[],Chandler,0,0,,False,False,201163.0,,substitution,substitution,,,,201163|201167|201951|202399|202702|203133|203498|203952|2590,201163|201167|201951|202702,202399|203133|203498|203952|2590,,,1610612743.0,21400440,False
4,PT08M10.00S,08:10,Q4 08:10,8.166666666666666,461,substitution,SUB in: T. Mozgov,[],Mozgov,0,0,,False,False,202389.0,,substitution,3pt missed,,,,201163|201167|201951|202389|202399|202702|203133|203498|203952|2590,201163|201167|201951|202389|202702,202399|203133|203498|203952|2590,,,1610612743.0,21400440,True
4,PT07M58.00S,07:58,Q4 07:58,7.966666666666667,461,3pt,MISS Afflalo  3PT Jump Shot,[],Afflalo,0,0,Missed,True,False,201167.0,,substitution,rebound,,,,201163|201167|201951|202389|202399|202702|203133|203498|203952|2590,201163|201167|201951|202389|202702,202399|203133|203498|203952|2590,-223.0,26.0,1610612743.0,21400440,True
4,PT07M57.00S,07:57,Q4 07:57,7.95,462,rebound,Lawson REBOUND (Off:1 Def:1),[],Lawson,0,0,,False,False,201951.0,,3pt missed,2pt missed,,,,201163|201167|201951|202389|202399|202702|203133|203498|203952|2590,201163|201167|201951|202389|202702,202399|203133|203498|203952|2590,,,1610612743.0,21400440,True
4,PT07M53.00S,07:53,Q4 07:53,7.883333333333333,463,2pt,MISS Lawson 4' Jump Shot,['pointsinthepaint'],Lawson,0,0,Missed,True,False,201951.0,,rebound,2pt made,,,,201163|201167|201951|202389|202399|202702|203133|203498|203952|2590,201163|201167|201951|202389|202702,202399|203133|203498|203952|2590,0.0,41.0,1610612743.0,21400440,True
4,PT07M51.00S,07:51,Q4 07:51,7.85,464,2pt,Faried  Putback Dunk (22 PTS),['pointsinthepaint'],Faried,84,84,Made,True,False,202702.0,,2pt missed,rebound,,,,201163|201167|201951|202389|202399|202702|203133|203498|203952|2590,201163|201167|201951|202389|202702,202399|203133|203498|203952|2590,0.0,1.0,1610612743.0,21400440,True
4,PT07M51.00S,07:51,Q4 07:51,7.85,465,rebound,Faried REBOUND (Off:10 Def:11),[],Faried,0,0,,False,False,202702.0,,2pt made,2pt missed,,,,201163|201167|201951|202389|202399|202702|203133|203498|203952|2590,201163|201167|201951|202389|202702,202399|203133|203498|203952|2590,,,1610612743.0,21400440,True
4,PT07M34.00S,07:34,Q4 07:34,7.566666666666666,466,2pt,MISS Hummel 18' Jump Shot,[],Hummel,0,0,Missed,True,False,203133.0,,rebound,rebound,,,,201163|201167|201951|202389|202399|202702|203133|203498|203952|2590,202399|203133|203498|203952|2590,201163|201167|201951|202389|202702,-133.0,123.0,1610612750.0,21400440,True
4,PT07M34.00S,07:34,Q4 07:34,7.566666666666666,467,rebound,TEAM offensive REBOUND,['team'],,0,0,,False,False,0.0,,2pt missed,foul,,,,201163|201167|201951|202389|202399|202702|203133|203498|203952|2590,202399|203133|203498|203952|2590,201163|201167|201951|202389|202702,,,1610612750.0,21400440,True
4,PT07M34.00S,07:34,Q4 07:34,7.566666666666666,468,foul,Mozgov L.B.FOUL (P1.T4),[],Mozgov,0,0,,False,False,202389.0,,rebound,2pt made,202399.0,,,201163|201167|201951|202389|202399|202702|203133|203498|203952|2590,201163|201167|201951|202389|202702,202399|203133|203498|203952|2590,,,1610612743.0,21400440,True
4,PT07M27.00S,07:27,Q4 07:27,7.45,469,2pt,Adrien 2' Layup (6 PTS) (Williams 11 AST),['pointsinthepaint'],Adrien,84,86,Made,True,True,202399.0,2590.0,foul,turnover,,,,201163|201167|201951|202389|202399|202702|203133|203498|203952|2590,202399|203133|203498|203952|2590,201163|201167|201951|202389|202702,23.0,-2.0,1610612750.0,21400440,True
4,PT07M04.00S,07:04,Q4 07:04,7.066666666666666,470,turnover,Lawson Bad Pass Turnover (P3.T16),[],Lawson,0,0,,False,False,201951.0,,2pt made,steal,,,,201163|201167|201951|202389|202399|202702|203133|203498|203952|2590,201163|201167|201951|202389|202702,202399|203133|203498|203952|2590,,,1610612743.0,21400440,True
4,PT07M04.00S,07:04,Q4 07:04,7.066666666666666,470,steal,Adrien STEAL (1 STL),[],Adrien,0,0,,False,False,202399.0,,turnover,2pt made,,202399.0,,201163|201167|201951|202389|202399|202702|203133|203498|203952|2590,202399|203133|203498|203952|2590,201163|201167|201951|202389|202702,,,1610612750.0,21400440,True
4,PT07M00.00S,07:00,Q4 07:00,7.0,471,2pt,Muhammad  Dunk (14 PTS) (Adrien 2 AST),['pointsinthepaint'],Muhammad,84,88,Made,True,True,203498.0,202399.0,steal,2pt missed,,,,201163|201167|201951|202389|202399|202702|203133|203498|203952|2590,202399|203133|203498|203952|2590,201163|201167|201951|202389|202702,0.0,1.0,1610612750.0,21400440,True
4,PT06M44.00S,06:44,Q4 06:44,6.733333333333333,472,2pt,MISS Afflalo 6' Jump Shot,['pointsinthepaint'],Afflalo,0,0,Missed,True,False,201167.0,,2pt made,rebound,,,,201163|201167|201951|202389|202399|202702|203133|203498|203952|2590,201163|201167|201951|202389|202702,202399|203133|203498|203952|2590,31.0,50.0,1610612743.0,21400440,True
4,PT06M44.00S,06:44,Q4 06:44,6.733333333333333,473,rebound,TEAM offensive REBOUND,['team'],,0,0,,False,False,0.0,,2pt missed,foul,,,,201163|201167|201951|202389|202399|202702|203133|203498|203952|2590,201163|201167|201951|202389|202702,202399|203133|203498|203952|2590,,,1610612743.0,21400440,True
4,PT06M44.00S,06:44,Q4 06:44,6.733333333333333,474,foul,Adrien L.B.FOUL (P3.T2),[],Adrien,0,0,,False,False,202399.0,,rebound,foul,201951.0,,,201163|201167|201951|202389|202399|202702|203133|203498|203952|2590,202399|203133|203498|203952|2590,201163|201167|201951|202389|202702,,,1610612750.0,21400440,True
4,PT06M42.00S,06:42,Q4 06:42,6.7,475,foul,Williams P.FOUL (P3.T3),[],Williams,0,0,,False,False,2590.0,,foul,2pt missed,201951.0,,,201163|201167|201951|202389|202399|202702|203133|203498|203952|2590,202399|203133|203498|203952|2590,201163|201167|201951|202389|202702,,,1610612750.0,21400440,True
4,PT06M34.00S,06:34,Q4 06:34,6.566666666666666,476,2pt,MISS Lawson 8' Fadeaway Jumper,['pointsinthepaint'],Lawson,0,0,Missed,True,False,201951.0,,foul,rebound,,,,201163|201167|201951|202389|202399|202702|203133|203498|203952|2590,201163|201167|201951|202389|202702,202399|203133|203498|203952|2590,-52.0,55.0,1610612743.0,21400440,True
4,PT06M33.00S,06:33,Q4 06:33,6.55,477,rebound,Williams REBOUND (Off:0 Def:4),[],Williams,0,0,,False,False,2590.0,,2pt missed,3pt missed,,,,201163|201167|201951|202389|202399|202702|203133|203498|203952|2590,202399|203133|203498|203952|2590,201163|201167|201951|202389|202702,,,1610612750.0,21400440,True
4,PT06M20.00S,06:20,Q4 06:20,6.333333333333333,478,3pt,MISS Muhammad 25' 3PT Jump Shot,[],Muhammad,0,0,Missed,True,False,203498.0,,rebound,2pt missed,,,,201163|201167|201951|202389|202399|202702|203133|203498|203952|2590,202399|203133|203498|203952|2590,201163|201167|201951|202389|202702,239.0,61.0,1610612750.0,21400440,True
4,PT06M18.00S,06:18,Q4 06:18,6.3,479,2pt,MISS Wiggins 2' Layup,['pointsinthepaint'],Wiggins,0,0,Missed,True,False,203952.0,,3pt missed,rebound,,,,201163|201167|201951|202389|202399|202702|203133|203498|203952|2590,202399|203133|203498|203952|2590,201163|201167|201951|202389|202702,20.0,0.0,1610612750.0,21400440,True
4,PT06M18.00S,06:18,Q4 06:18,6.3,480,rebound,Wiggins REBOUND (Off:3 Def:2),[],Wiggins,0,0,,False,False,203952.0,,2pt missed,rebound,,,,201163|201167|201951|202389|202399|202702|203133|203498|203952|2590,202399|203133|203498|203952|2590,201163|201167|201951|202389|202702,,,1610612750.0,21400440,True
4,PT06M15.00S,06:15,Q4 06:15,6.25,481,rebound,Mozgov REBOUND (Off:4 Def:7),[],Mozgov,0,0,,False,False,202389.0,,rebound,2pt missed,,,,201163|201167|201951|202389|202399|202702|203133|203498|203952|2590,201163|201167|201951|202389|202702,202399|203133|203498|203952|2590,,,1610612743.0,21400440,True
4,PT06M09.00S,06:09,Q4 06:09,6.15,482,2pt,MISS Afflalo 11' Turnaround Fadeaway Shot,[],Afflalo,0,0,Missed,True,False,201167.0,,rebound,rebound,,,,201163|201167|201951|202389|202399|202702|203133|203498|203952|2590,201163|201167|201951|202389|202702,202399|203133|203498|203952|2590,102.0,34.0,1610612743.0,21400440,True
4,PT06M08.00S,06:08,Q4 06:08,6.133333333333334,483,rebound,Muhammad REBOUND (Off:0 Def:3),[],Muhammad,0,0,,False,False,203498.0,,2pt missed,2pt missed,,,,201163|201167|201951|202389|202399|202702|203133|203498|203952|2590,202399|203133|203498|203952|2590,201163|201167|201951|202389|202702,,,1610612750.0,21400440,True
4,PT05M55.00S,05:55,Q4 05:55,5.916666666666667,484,2pt,MISS Williams 21' Jump Shot,[],Williams,0,0,Missed,True,False,2590.0,,rebound,rebound,,,,201163|201167|201951|202389|202399|202702|203133|203498|203952|2590,202399|203133|203498|203952|2590,201163|201167|201951|202389|202702,-201.0,50.0,1610612750.0,21400440,True
4,PT05M53.00S,05:53,Q4 05:53,5.883333333333333,485,rebound,Faried REBOUND (Off:10 Def:12),[],Faried,0,0,,False,False,202702.0,,2pt missed,2pt made,,,,201163|201167|201951|202389|202399|202702|203133|203498|203952|2590,201163|201167|201951|202389|202702,202399|203133|203498|203952|2590,,,1610612743.0,21400440,True
4,PT05M47.00S,05:47,Q4 05:47,5.783333333333333,486,2pt,Faried 3' Driving Finger Roll Layup (24 PTS),['pointsinthepaint'],Faried,86,88,Made,True,False,202702.0,,rebound,timeout,,,,201163|201167|201951|202389|202399|202702|203133|203498|203952|2590,201163|201167|201951|202389|202702,202399|203133|203498|203952|2590,4.0,25.0,1610612743.0,21400440,True
4,PT05M38.00S,05:38,Q4 05:38,5.633333333333333,487,timeout,Timberwolves Timeout: Regular (Reg.4 Short 0),[],,0,0,,False,False,0.0,,2pt made,2pt made,,,,201163|201167|201951|202389|202399|202702|203133|203498|203952|2590,202399|203133|203498|203952|2590,201163|201167|201951|202389|202702,,,1610612750.0,21400440,True
4,PT05M32.00S,05:32,Q4 05:32,5.533333333333333,491,2pt,Wiggins 4' Jump Shot (18 PTS),['pointsinthepaint'],Wiggins,86,90,Made,True,False,203952.0,,timeout,foul,,,,201163|201167|201951|202389|202399|202702|203133|203498|203952|2590,202399|203133|203498|203952|2590,201163|201167|201951|202389|202702,2.0,42.0,1610612750.0,21400440,True
4,PT05M32.00S,05:32,Q4 05:32,5.533333333333333,492,foul,Faried AWAY.FROM.PLAY.FOUL (P4.PN),['inpenalty'],Faried,0,0,,False,False,202702.0,,2pt made,freethrow,203133.0,,,201163|201167|201951|202389|202399|202702|203133|203498|203952|2590,201163|201167|201951|202389|202702,202399|203133|203498|203952|2590,,,1610612743.0,21400440,True
4,PT05M32.00S,05:32,Q4 05:32,5.533333333333333,493,freethrow,Hummel Free Throw 1 of 1 (7 PTS),[],Hummel,86,91,Made,False,False,203133.0,,foul,foul,,,,201163|201167|201951|202389|202399|202702|203133|203498|203952|2590,202399|203133|203498|203952|2590,201163|201167|201951|202389|202702,,,1610612750.0,21400440,True
4,PT05M25.00S,05:25,Q4 05:25,5.416666666666667,495,foul,Hummel P.FOUL (P1.T4),[],Hummel,0,0,,False,False,203133.0,,freethrow,2pt missed,201163.0,,,201163|201167|201951|202389|202399|202702|203133|203498|203952|2590,202399|203133|203498|203952|2590,201163|201167|201951|202389|202702,,,1610612750.0,21400440,True
4,PT05M11.00S,05:11,Q4 05:11,5.183333333333334,496,2pt,MISS Chandler 19' Step Back Jump Shot,[],Chandler,0,0,Missed,True,False,201163.0,,foul,rebound,,,,201163|201167|201951|202389|202399|202702|203133|203498|203952|2590,201163|201167|201951|202389|202702,202399|203133|203498|203952|2590,-48.0,181.0,1610612743.0,21400440,True
4,PT05M08.00S,05:08,Q4 05:08,5.133333333333334,497,rebound,Williams REBOUND (Off:0 Def:5),[],Williams,0,0,,False,False,2590.0,,2pt missed,turnover,,,,201163|201167|201951|202389|202399|202702|203133|203498|203952|2590,202399|203133|203498|203952|2590,201163|201167|201951|202389|202702,,,1610612750.0,21400440,True
4,PT05M08.00S,05:08,Q4 05:08,5.133333333333334,498,turnover,Williams Out of Bounds Lost Ball Turnover (P5.T7),[],Williams,0,0,,False,False,2590.0,,rebound,3pt missed,,,,201163|201167|201951|202389|202399|202702|203133|203498|203952|2590,202399|203133|203498|203952|2590,201163|201167|201951|202389|202702,,,1610612750.0,21400440,True
4,PT04M58.00S,04:58,Q4 04:58,4.966666666666667,499,3pt,MISS Chandler 25' 3PT Jump Shot,[],Chandler,0,0,Missed,True,False,201163.0,,turnover,2pt missed,,,,201163|201167|201951|202389|202399|202702|203133|203498|203952|2590,201163|201167|201951|202389|202702,202399|203133|203498|203952|2590,-240.0,72.0,1610612743.0,21400440,True
4,PT04M57.00S,04:57,Q4 04:57,4.95,500,2pt,MISS Mozgov 1' Tip Shot,['pointsinthepaint'],Mozgov,0,0,Missed,True,False,202389.0,,3pt missed,rebound,,,,201163|201167|201951|202389|202399|202702|203133|203498|203952|2590,201163|201167|201951|202389|202702,202399|203133|203498|203952|2590,12.0,6.0,1610612743.0,21400440,True
4,PT04M57.00S,04:57,Q4 04:57,4.95,501,rebound,Mozgov REBOUND (Off:5 Def:7),[],Mozgov,0,0,,False,False,202389.0,,2pt missed,rebound,,,,201163|201167|201951|202389|202399|202702|203133|203498|203952|2590,201163|201167|201951|202389|202702,202399|203133|203498|203952|2590,,,1610612743.0,21400440,True
4,PT04M55.00S,04:55,Q4 04:55,4.916666666666667,502,rebound,Faried REBOUND (Off:11 Def:12),[],Faried,0,0,,False,False,202702.0,,rebound,2pt missed,,,,201163|201167|201951|202389|202399|202702|203133|203498|203952|2590,201163|201167|201951|202389|202702,202399|203133|203498|203952|2590,,,1610612743.0,21400440,True
4,PT04M55.00S,04:55,Q4 04:55,4.916666666666667,503,2pt,MISS Faried 8' Fadeaway Jumper,['pointsinthepaint'],Faried,0,0,Missed,True,False,202702.0,,rebound,rebound,,,,201163|201167|201951|202389|202399|202702|203133|203498|203952|2590,201163|201167|201951|202389|202702,202399|203133|203498|203952|2590,65.0,48.0,1610612743.0,21400440,True
4,PT04M54.00S,04:54,Q4 04:54,4.9,505,rebound,TEAM offensive REBOUND,['team'],,0,0,,False,False,0.0,,2pt missed,2pt made,,,,201163|201167|201951|202389|202399|202702|203133|203498|203952|2590,201163|201167|201951|202389|202702,202399|203133|203498|203952|2590,,,1610612743.0,21400440,True
4,PT04M48.00S,04:48,Q4 04:48,4.8,506,2pt,Chandler 8' Running Jump Shot (18 PTS) (Lawson 8 AST),"['2ndchance', 'pointsinthepaint']",Chandler,88,91,Made,True,True,201163.0,201951.0,rebound,2pt missed,,,,201163|201167|201951|202389|202399|202702|203133|203498|203952|2590,201163|201167|201951|202389|202702,202399|203133|203498|203952|2590,53.0,61.0,1610612743.0,21400440,True
4,PT04M33.00S,04:33,Q4 04:33,4.55,507,2pt,MISS Hummel 15' Jump Shot,[],Hummel,0,0,Missed,True,False,203133.0,,2pt made,rebound,,,,201163|201167|201951|202389|202399|202702|203133|203498|203952|2590,202399|203133|203498|203952|2590,201163|201167|201951|202389|202702,-133.0,71.0,1610612750.0,21400440,True
4,PT04M32.00S,04:32,Q4 04:32,4.533333333333333,508,rebound,Faried REBOUND (Off:11 Def:13),[],Faried,0,0,,False,False,202702.0,,2pt missed,2pt missed,,,,201163|201167|201951|202389|202399|202702|203133|203498|203952|2590,201163|201167|201951|202389|202702,202399|203133|203498|203952|2590,,,1610612743.0,21400440,True
4,PT04M21.00S,04:21,Q4 04:21,4.35,509,2pt,MISS Faried 4' Running Jump Shot,['pointsinthepaint'],Faried,0,0,Missed,True,False,202702.0,,rebound,2pt made,,,,201163|201167|201951|202389|202399|202702|203133|203498|203952|2590,201163|201167|201951|202389|202702,202399|203133|203498|203952|2590,2.0,44.0,1610612743.0,21400440,True
4,PT04M19.00S,04:19,Q4 04:19,4.316666666666666,510,2pt,Faried 1' Tip Shot (26 PTS),['pointsinthepaint'],Faried,90,91,Made,True,False,202702.0,,2pt missed,rebound,,,,201163|201167|201951|202389|202399|202702|203133|203498|203952|2590,201163|201167|201951|202389|202702,202399|203133|203498|203952|2590,13.0,3.0,1610612743.0,21400440,True
4,PT04M19.00S,04:19,Q4 04:19,4.316666666666666,511,rebound,Faried REBOUND (Off:12 Def:13),[],Faried,0,0,,False,False,202702.0,,2pt made,2pt missed,,,,201163|201167|201951|202389|202399|202702|203133|203498|203952|2590,201163|201167|201951|202389|202702,202399|203133|203498|203952|2590,,,1610612743.0,21400440,True
4,PT04M06.00S,04:06,Q4 04:06,4.1,512,2pt,MISS Muhammad  Dunk,['pointsinthepaint'],Muhammad,0,0,Missed,True,False,203498.0,,rebound,block,,,,201163|201167|201951|202389|202399|202702|203133|203498|203952|2590,202399|203133|203498|203952|2590,201163|201167|201951|202389|202702,0.0,1.0,1610612750.0,21400440,True
4,PT04M06.00S,04:06,Q4 04:06,4.1,512,block,Chandler BLOCK (2 BLK),[],Chandler,0,0,,False,False,201163.0,,2pt missed,rebound,,,201163.0,201163|201167|201951|202389|202399|202702|203133|203498|203952|2590,201163|201167|201951|202389|202702,202399|203133|203498|203952|2590,,,1610612743.0,21400440,True
4,PT04M03.00S,04:03,Q4 04:03,4.05,513,rebound,Afflalo REBOUND (Off:0 Def:4),[],Afflalo,0,0,,False,False,201167.0,,block,foul,,,,201163|201167|201951|202389|202399|202702|203133|203498|203952|2590,201163|201167|201951|202389|202702,202399|203133|203498|203952|2590,,,1610612743.0,21400440,True
4,PT04M03.00S,04:03,Q4 04:03,4.05,514,foul,Williams Personal Take Foul (P4.PN),['inpenalty'],Williams,0,0,,False,False,2590.0,,rebound,freethrow,201951.0,,,201163|201167|201951|202389|202399|202702|203133|203498|203952|2590,202399|203133|203498|203952|2590,201163|201167|201951|202389|202702,,,1610612750.0,21400440,True
4,PT04M03.00S,04:03,Q4 04:03,4.05,515,freethrow,Lawson Free Throw 1 of 2 (13 PTS),[],Lawson,91,91,Made,False,False,201951.0,,foul,freethrow,,,,201163|201167|201951|202389|202399|202702|203133|203498|203952|2590,201163|201167|201951|202389|202702,202399|203133|203498|203952|2590,,,1610612743.0,21400440,True
4,PT04M03.00S,04:03,Q4 04:03,4.05,519,freethrow,Lawson Free Throw 2 of 2 (14 PTS),[],Lawson,92,91,Made,False,False,201951.0,,freethrow,substitution,,,,201163|201167|201951|202389|202399|202702|203133|203498|203952|2590,201163|201167|201951|202389|202702,202399|203133|203498|203952|2590,,,1610612743.0,21400440,True
4,PT04M03.00S,04:03,Q4 04:03,4.05,517,substitution,SUB out: R. Hummel,[],Hummel,0,0,,False,False,203133.0,,freethrow,substitution,,,,201163|201167|201951|202389|202399|202702|203498|203952|2590,202399|203498|203952|2590,201163|201167|201951|202389|202702,,,1610612750.0,21400440,False
4,PT04M03.00S,04:03,Q4 04:03,4.05,518,substitution,SUB out: J. Adrien,[],Adrien,0,0,,False,False,202399.0,,substitution,substitution,,,,201163|201167|201951|202389|202702|203498|203952|2590,203498|203952|2590,201163|201167|201951|202389|202702,,,1610612750.0,21400440,False
4,PT04M03.00S,04:03,Q4 04:03,4.05,519,substitution,SUB in: G. Dieng,[],Dieng,0,0,,False,False,203476.0,,substitution,substitution,,,,201163|201167|201951|202389|202702|203476|203498|203952|2590,203476|203498|203952|2590,201163|201167|201951|202389|202702,,,1610612750.0,21400440,False
4,PT04M03.00S,04:03,Q4 04:03,4.05,520,substitution,SUB in: T. Young,[],Young,0,0,,False,False,201152.0,,substitution,2pt missed,,,,201152|201163|201167|201951|202389|202702|203476|203498|203952|2590,201152|203476|203498|203952|2590,201163|201167|201951|202389|202702,,,1610612750.0,21400440,True
4,PT03M44.00S,03:44,Q4 03:44,3.7333333333333334,521,2pt,MISS Muhammad 6' Jump Shot,['pointsinthepaint'],Muhammad,0,0,Missed,True,False,203498.0,,substitution,rebound,,,,201152|201163|201167|201951|202389|202702|203476|203498|203952|2590,201152|203476|203498|203952|2590,201163|201167|201951|202389|202702,4.0,58.0,1610612750.0,21400440,True
4,PT03M43.00S,03:43,Q4 03:43,3.716666666666667,522,rebound,Mozgov REBOUND (Off:5 Def:8),[],Mozgov,0,0,,False,False,202389.0,,2pt missed,foul,,,,201152|201163|201167|201951|202389|202702|203476|203498|203952|2590,201163|201167|201951|202389|202702,201152|203476|203498|203952|2590,,,1610612743.0,21400440,True
4,PT03M30.00S,03:30,Q4 03:30,3.5,523,foul,Williams S.FOUL (P5.PN),['inpenalty'],Williams,0,0,,False,False,2590.0,,rebound,freethrow,201163.0,,,201152|201163|201167|201951|202389|202702|203476|203498|203952|2590,201152|203476|203498|203952|2590,201163|201167|201951|202389|202702,,,1610612750.0,21400440,True
4,PT03M30.00S,03:30,Q4 03:30,3.5,524,freethrow,Chandler Free Throw 1 of 2 (19 PTS),[],Chandler,93,91,Made,False,False,201163.0,,foul,timeout,,,,201152|201163|201167|201951|202389|202702|203476|203498|203952|2590,201163|201167|201951|202389|202702,201152|203476|203498|203952|2590,,,1610612743.0,21400440,True
4,PT03M30.00S,03:30,Q4 03:30,3.5,526,timeout,Timberwolves Timeout: Regular (Reg.5 Short 0),[],,0,0,,False,False,0.0,,freethrow,freethrow,,,,201152|201163|201167|201951|202389|202702|203476|203498|203952|2590,201152|203476|203498|203952|2590,201163|201167|201951|202389|202702,,,1610612750.0,21400440,True
4,PT03M30.00S,03:30,Q4 03:30,3.5,530,freethrow,Chandler Free Throw 2 of 2 (20 PTS),[],Chandler,94,91,Made,False,False,201163.0,,timeout,2pt made,,,,201152|201163|201167|201951|202389|202702|203476|203498|203952|2590,201163|201167|201951|202389|202702,201152|203476|203498|203952|2590,,,1610612743.0,21400440,True
4,PT03M16.00S,03:16,Q4 03:16,3.2666666666666666,532,2pt,Wiggins 6' Turnaround Jump Shot (20 PTS) (Williams 12 AST),['pointsinthepaint'],Wiggins,94,93,Made,True,True,203952.0,2590.0,freethrow,2pt made,,,,201152|201163|201167|201951|202389|202702|203476|203498|203952|2590,201152|203476|203498|203952|2590,201163|201167|201951|202389|202702,42.0,44.0,1610612750.0,21400440,True
4,PT02M55.00S,02:55,Q4 02:55,2.9166666666666665,533,2pt,Afflalo 18' Jump Shot (8 PTS) (Lawson 9 AST),[],Afflalo,96,93,Made,True,True,201167.0,201951.0,2pt made,2pt missed,,,,201152|201163|201167|201951|202389|202702|203476|203498|203952|2590,201163|201167|201951|202389|202702,201152|203476|203498|203952|2590,146.0,97.0,1610612743.0,21400440,True
4,PT02M41.00S,02:41,Q4 02:41,2.6833333333333336,534,2pt,MISS Young 8' Jump Shot,['pointsinthepaint'],Young,0,0,Missed,True,False,201152.0,,2pt made,2pt missed,,,,201152|201163|201167|201951|202389|202702|203476|203498|203952|2590,201152|203476|203498|203952|2590,201163|201167|201951|202389|202702,-65.0,48.0,1610612750.0,21400440,True
4,PT02M39.00S,02:39,Q4 02:39,2.65,535,2pt,MISS Young 1' Layup,['pointsinthepaint'],Young,0,0,Missed,True,False,201152.0,,2pt missed,rebound,,,,201152|201163|201167|201951|202389|202702|203476|203498|203952|2590,201152|203476|203498|203952|2590,201163|201167|201951|202389|202702,7.0,7.0,1610612750.0,21400440,True
4,PT02M39.00S,02:39,Q4 02:39,2.65,536,rebound,Young REBOUND (Off:2 Def:4),[],Young,0,0,,False,False,201152.0,,2pt missed,rebound,,,,201152|201163|201167|201951|202389|202702|203476|203498|203952|2590,201152|203476|203498|203952|2590,201163|201167|201951|202389|202702,,,1610612750.0,21400440,True
4,PT02M36.00S,02:36,Q4 02:36,2.6,537,rebound,Mozgov REBOUND (Off:5 Def:9),[],Mozgov,0,0,,False,False,202389.0,,rebound,turnover,,,,201152|201163|201167|201951|202389|202702|203476|203498|203952|2590,201163|201167|201951|202389|202702,201152|203476|203498|203952|2590,,,1610612743.0,21400440,True
4,PT02M34.00S,02:34,Q4 02:34,2.5666666666666664,538,turnover,Mozgov Bad Pass Turnover (P3.T17),[],Mozgov,0,0,,False,False,202389.0,,rebound,steal,,,,201152|201163|201167|201951|202389|202702|203476|203498|203952|2590,201163|201167|201951|202389|202702,201152|203476|203498|203952|2590,,,1610612743.0,21400440,True
4,PT02M34.00S,02:34,Q4 02:34,2.5666666666666664,538,steal,Young STEAL (2 STL),[],Young,0,0,,False,False,201152.0,,turnover,2pt made,,201152.0,,201152|201163|201167|201951|202389|202702|203476|203498|203952|2590,201152|203476|203498|203952|2590,201163|201167|201951|202389|202702,,,1610612750.0,21400440,True
4,PT02M31.00S,02:31,Q4 02:31,2.5166666666666666,539,2pt,Young 3' Layup (20 PTS),['pointsinthepaint'],Young,96,95,Made,True,False,201152.0,,steal,2pt missed,,,,201152|201163|201167|201951|202389|202702|203476|203498|203952|2590,201152|203476|203498|203952|2590,201163|201167|201951|202389|202702,29.0,-2.0,1610612750.0,21400440,True
4,PT02M19.00S,02:19,Q4 02:19,2.3166666666666664,540,2pt,MISS Lawson 14' Jump Shot,[],Lawson,0,0,Missed,True,False,201951.0,,2pt made,rebound,,,,201152|201163|201167|201951|202389|202702|203476|203498|203952|2590,201163|201167|201951|202389|202702,201152|203476|203498|203952|2590,-133.0,48.0,1610612743.0,21400440,True
4,PT02M19.00S,02:19,Q4 02:19,2.3166666666666664,541,rebound,TEAM defensive REBOUND,['team'],,0,0,,False,False,0.0,,2pt missed,foul,,,,201152|201163|201167|201951|202389|202702|203476|203498|203952|2590,201152|203476|203498|203952|2590,201163|201167|201951|202389|202702,,,1610612750.0,21400440,True
4,PT02M19.00S,02:19,Q4 02:19,2.3166666666666664,542,foul,Mozgov L.B.FOUL (P2.PN),['inpenalty'],Mozgov,0,0,,False,False,202389.0,,rebound,freethrow,203476.0,,,201152|201163|201167|201951|202389|202702|203476|203498|203952|2590,201163|201167|201951|202389|202702,201152|203476|203498|203952|2590,,,1610612743.0,21400440,True
4,PT02M19.00S,02:19,Q4 02:19,2.3166666666666664,543,freethrow,MISS Dieng Free Throw 1 of 2,[],Dieng,0,0,Missed,False,False,203476.0,,foul,rebound,,,,201152|201163|201167|201951|202389|202702|203476|203498|203952|2590,201152|203476|203498|203952|2590,201163|201167|201951|202389|202702,,,1610612750.0,21400440,True
4,PT02M19.00S,02:19,Q4 02:19,2.3166666666666664,544,rebound,TEAM offensive REBOUND,['team'],,0,0,,False,False,0.0,,freethrow,freethrow,,,,201152|201163|201167|201951|202389|202702|203476|203498|203952|2590,201152|203476|203498|203952|2590,201163|201167|201951|202389|202702,,,1610612750.0,21400440,True
4,PT02M19.00S,02:19,Q4 02:19,2.3166666666666664,545,freethrow,Dieng Free Throw 2 of 2 (13 PTS),['2ndchance'],Dieng,96,96,Made,False,False,203476.0,,rebound,2pt made,,,,201152|201163|201167|201951|202389|202702|203476|203498|203952|2590,201152|203476|203498|203952|2590,201163|201167|201951|202389|202702,,,1610612750.0,21400440,True
4,PT02M06.00S,02:06,Q4 02:06,2.1,547,2pt,Afflalo 14' Jump Shot (10 PTS) (Lawson 10 AST),[],Afflalo,98,96,Made,True,True,201167.0,201951.0,freethrow,2pt made,,,,201152|201163|201167|201951|202389|202702|203476|203498|203952|2590,201163|201167|201951|202389|202702,201152|203476|203498|203952|2590,-125.0,53.0,1610612743.0,21400440,True
4,PT01M49.00S,01:49,Q4 01:49,1.8166666666666667,548,2pt,Young 3' Layup (22 PTS) (Williams 13 AST),['pointsinthepaint'],Young,98,98,Made,True,True,201152.0,2590.0,2pt made,2pt made,,,,201152|201163|201167|201951|202389|202702|203476|203498|203952|2590,201152|203476|203498|203952|2590,201163|201167|201951|202389|202702,-26.0,19.0,1610612750.0,21400440,True
4,PT01M37.00S,01:37,Q4 01:37,1.6166666666666667,549,2pt,Lawson 2' Driving Layup (16 PTS),['pointsinthepaint'],Lawson,100,98,Made,True,False,201951.0,,2pt made,foul,,,,201152|201163|201167|201951|202389|202702|203476|203498|203952|2590,201163|201167|201951|202389|202702,201152|203476|203498|203952|2590,-23.0,1.0,1610612743.0,21400440,True
4,PT01M21.00S,01:21,Q4 01:21,1.35,550,foul,Lawson S.FOUL (P3.PN),['inpenalty'],Lawson,0,0,,False,False,201951.0,,2pt made,freethrow,201152.0,,,201152|201163|201167|201951|202389|202702|203476|203498|203952|2590,201163|201167|201951|202389|202702,201152|203476|203498|203952|2590,,,1610612743.0,21400440,True
4,PT01M21.00S,01:21,Q4 01:21,1.35,551,freethrow,MISS Young Free Throw 1 of 2,[],Young,0,0,Missed,False,False,201152.0,,foul,rebound,,,,201152|201163|201167|201951|202389|202702|203476|203498|203952|2590,201152|203476|203498|203952|2590,201163|201167|201951|202389|202702,,,1610612750.0,21400440,True
4,PT01M21.00S,01:21,Q4 01:21,1.35,552,rebound,TEAM offensive REBOUND,['team'],,0,0,,False,False,0.0,,freethrow,freethrow,,,,201152|201163|201167|201951|202389|202702|203476|203498|203952|2590,201152|203476|203498|203952|2590,201163|201167|201951|202389|202702,,,1610612750.0,21400440,True
4,PT01M21.00S,01:21,Q4 01:21,1.35,553,freethrow,Young Free Throw 2 of 2 (23 PTS),['2ndchance'],Young,100,99,Made,False,False,201152.0,,rebound,2pt made,,,,201152|201163|201167|201951|202389|202702|203476|203498|203952|2590,201152|203476|203498|203952|2590,201163|201167|201951|202389|202702,,,1610612750.0,21400440,True
4,PT01M10.00S,01:10,Q4 01:10,1.1666666666666667,555,2pt,Mozgov  Dunk (11 PTS) (Lawson 11 AST),['pointsinthepaint'],Mozgov,102,99,Made,True,True,202389.0,201951.0,freethrow,3pt missed,,,,201152|201163|201167|201951|202389|202702|203476|203498|203952|2590,201163|201167|201951|202389|202702,201152|203476|203498|203952|2590,0.0,1.0,1610612743.0,21400440,True
4,PT01M00.00S,01:00,Q4 01:00,1.0,557,3pt,MISS Williams 25' 3PT Jump Shot,[],Williams,0,0,Missed,True,False,2590.0,,2pt made,rebound,,,,201152|201163|201167|201951|202389|202702|203476|203498|203952|2590,201152|203476|203498|203952|2590,201163|201167|201951|202389|202702,122.0,220.0,1610612750.0,21400440,True
4,PT00M59.90S,00:59,Q4 00:59,0.9983333333333333,558,rebound,Lawson REBOUND (Off:1 Def:2),[],Lawson,0,0,,False,False,201951.0,,3pt missed,turnover,,,,201152|201163|201167|201951|202389|202702|203476|203498|203952|2590,201163|201167|201951|202389|202702,201152|203476|203498|203952|2590,,,1610612743.0,21400440,True
4,PT00M43.90S,00:43,Q4 00:43,0.7316666666666667,559,turnover,Lawson Bad Pass Turnover (P4.T18),[],Lawson,0,0,,False,False,201951.0,,rebound,steal,,,,201152|201163|201167|201951|202389|202702|203476|203498|203952|2590,201163|201167|201951|202389|202702,201152|203476|203498|203952|2590,,,1610612743.0,21400440,True
4,PT00M43.90S,00:43,Q4 00:43,0.7316666666666667,559,steal,Dieng STEAL (2 STL),[],Dieng,0,0,,False,False,203476.0,,turnover,foul,,203476.0,,201152|201163|201167|201951|202389|202702|203476|203498|203952|2590,201152|203476|203498|203952|2590,201163|201167|201951|202389|202702,,,1610612750.0,21400440,True
4,PT00M40.30S,00:40,Q4 00:40,0.6716666666666666,560,foul,Afflalo S.FOUL (P4.PN),['inpenalty'],Afflalo,0,0,,False,False,201167.0,,steal,freethrow,203952.0,,,201152|201163|201167|201951|202389|202702|203476|203498|203952|2590,201163|201167|201951|202389|202702,201152|203476|203498|203952|2590,,,1610612743.0,21400440,True
4,PT00M40.30S,00:40,Q4 00:40,0.6716666666666666,561,freethrow,Wiggins Free Throw 1 of 2 (21 PTS),[],Wiggins,102,100,Made,False,False,203952.0,,foul,freethrow,,,,201152|201163|201167|201951|202389|202702|203476|203498|203952|2590,201152|203476|203498|203952|2590,201163|201167|201951|202389|202702,,,1610612750.0,21400440,True
4,PT00M40.30S,00:40,Q4 00:40,0.6716666666666666,563,freethrow,MISS Wiggins Free Throw 2 of 2,[],Wiggins,0,0,Missed,False,False,203952.0,,freethrow,rebound,,,,201152|201163|201167|201951|202389|202702|203476|203498|203952|2590,201152|203476|203498|203952|2590,201163|201167|201951|202389|202702,,,1610612750.0,21400440,True
4,PT00M38.90S,00:38,Q4 00:38,0.6483333333333333,565,rebound,Afflalo REBOUND (Off:0 Def:5),[],Afflalo,0,0,,False,False,201167.0,,freethrow,2pt missed,,,,201152|201163|201167|201951|202389|202702|203476|203498|203952|2590,201163|201167|201951|202389|202702,201152|203476|203498|203952|2590,,,1610612743.0,21400440,True
4,PT00M19.90S,00:19,Q4 00:19,0.33166666666666667,566,2pt,MISS Lawson 18' Step Back Jump Shot,[],Lawson,0,0,Missed,True,False,201951.0,,rebound,rebound,,,,201152|201163|201167|201951|202389|202702|203476|203498|203952|2590,201163|201167|201951|202389|202702,201152|203476|203498|203952|2590,154.0,101.0,1610612743.0,21400440,True
4,PT00M18.70S,00:18,Q4 00:18,0.31166666666666665,567,rebound,TEAM defensive REBOUND,['team'],,0,0,,False,False,0.0,,2pt missed,foul,,,,201152|201163|201167|201951|202389|202702|203476|203498|203952|2590,201152|203476|203498|203952|2590,201163|201167|201951|202389|202702,,,1610612750.0,21400440,True
4,PT00M18.70S,00:18,Q4 00:18,0.31166666666666665,568,foul,Mozgov L.B.FOUL (P3.PN),['inpenalty'],Mozgov,0,0,,False,False,202389.0,,rebound,freethrow,203476.0,,,201152|201163|201167|201951|202389|202702|203476|203498|203952|2590,201163|201167|201951|202389|202702,201152|203476|203498|203952|2590,,,1610612743.0,21400440,True
4,PT00M18.70S,00:18,Q4 00:18,0.31166666666666665,569,freethrow,MISS Dieng Free Throw 1 of 2,[],Dieng,0,0,Missed,False,False,203476.0,,foul,rebound,,,,201152|201163|201167|201951|202389|202702|203476|203498|203952|2590,201152|203476|203498|203952|2590,201163|201167|201951|202389|202702,,,1610612750.0,21400440,True
4,PT00M18.70S,00:18,Q4 00:18,0.31166666666666665,570,rebound,TEAM offensive REBOUND,['team'],,0,0,,False,False,0.0,,freethrow,freethrow,,,,201152|201163|201167|201951|202389|202702|203476|203498|203952|2590,201152|203476|203498|203952|2590,201163|201167|201951|202389|202702,,,1610612750.0,21400440,True
4,PT00M18.70S,00:18,Q4 00:18,0.31166666666666665,571,freethrow,Dieng Free Throw 2 of 2 (14 PTS),['2ndchance'],Dieng,102,101,Made,False,False,203476.0,,rebound,timeout,,,,201152|201163|201167|201951|202389|202702|203476|203498|203952|2590,201152|203476|203498|203952|2590,201163|201167|201951|202389|202702,,,1610612750.0,21400440,True
4,PT00M18.70S,00:18,Q4 00:18,0.31166666666666665,573,timeout,NUGGETS Timeout: Regular (Full 4 Short 0),[],,0,0,,False,False,0.0,,freethrow,substitution,,,,201152|201163|201167|201951|202389|202702|203476|203498|203952|2590,201163|201167|201951|202389|202702,201152|203476|203498|203952|2590,,,1610612743.0,21400440,True
4,PT00M18.70S,00:18,Q4 00:18,0.31166666666666665,575,substitution,SUB out: M. Williams,[],Williams,0,0,,False,False,2590.0,,timeout,substitution,,,,201152|201163|201167|201951|202389|202702|203476|203498|203952,201152|203476|203498|203952,201163|201167|201951|202389|202702,,,1610612750.0,21400440,False
4,PT00M18.70S,00:18,Q4 00:18,0.31166666666666665,576,substitution,SUB in: Z. LaVine,[],LaVine,0,0,,False,False,203897.0,,substitution,foul,,,,201152|201163|201167|201951|202389|202702|203476|203498|203897|203952,201152|203476|203498|203897|203952,201163|201167|201951|202389|202702,,,1610612750.0,21400440,True
4,PT00M17.10S,00:17,Q4 00:17,0.28500000000000003,577,foul,Wiggins Personal Take Foul (P2.PN),['inpenalty'],Wiggins,0,0,,False,False,203952.0,,substitution,freethrow,201167.0,,,201152|201163|201167|201951|202389|202702|203476|203498|203897|203952,201152|203476|203498|203897|203952,201163|201167|201951|202389|202702,,,1610612750.0,21400440,True
4,PT00M17.10S,00:17,Q4 00:17,0.28500000000000003,578,freethrow,Afflalo Free Throw 1 of 2 (11 PTS),[],Afflalo,103,101,Made,False,False,201167.0,,foul,freethrow,,,,201152|201163|201167|201951|202389|202702|203476|203498|203897|203952,201163|201167|201951|202389|202702,201152|203476|203498|203897|203952,,,1610612743.0,21400440,True
4,PT00M17.10S,00:17,Q4 00:17,0.28500000000000003,582,freethrow,Afflalo Free Throw 2 of 2 (12 PTS),[],Afflalo,104,101,Made,False,False,201167.0,,freethrow,timeout,,,,201152|201163|201167|201951|202389|202702|203476|203498|203897|203952,201163|201167|201951|202389|202702,201152|203476|203498|203897|203952,,,1610612743.0,21400440,True
4,PT00M17.10S,00:17,Q4 00:17,0.28500000000000003,584,timeout,Timberwolves Timeout: Regular (Reg.6 Short 0),[],,0,0,,False,False,0.0,,freethrow,substitution,,,,201152|201163|201167|201951|202389|202702|203476|203498|203897|203952,201152|203476|203498|203897|203952,201163|201167|201951|202389|202702,,,1610612750.0,21400440,True
4,PT00M17.10S,00:17,Q4 00:17,0.28500000000000003,580,substitution,SUB out: Z. LaVine,[],LaVine,0,0,,False,False,203897.0,,timeout,substitution,,,,201152|201163|201167|201951|202389|202702|203476|203498|203952,201152|203476|203498|203952,201163|201167|201951|202389|202702,,,1610612750.0,21400440,False
4,PT00M17.10S,00:17,Q4 00:17,0.28500000000000003,581,substitution,SUB out: S. Muhammad,[],Muhammad,0,0,,False,False,203498.0,,substitution,substitution,,,,201152|201163|201167|201951|202389|202702|203476|203952,201152|203476|203952,201163|201167|201951|202389|202702,,,1610612750.0,21400440,False
4,PT00M17.10S,00:17,Q4 00:17,0.28500000000000003,582,substitution,SUB out: J. Adrien,[],Adrien,0,0,,False,False,202399.0,,substitution,substitution,,,,201152|201163|201167|201951|202389|202702|203476|203952,201152|203476|203952,201163|201167|201951|202389|202702,,,1610612750.0,21400440,False
4,PT00M17.10S,00:17,Q4 00:17,0.28500000000000003,583,substitution,SUB out: T. Mozgov,[],Mozgov,0,0,,False,False,202389.0,,substitution,substitution,,,,201152|201163|201167|201951|202702|203476|203952,201163|201167|201951|202702,201152|203476|203952,,,1610612743.0,21400440,False
4,PT00M17.10S,00:17,Q4 00:17,0.28500000000000003,584,substitution,SUB in: M. Williams,[],Williams,0,0,,False,False,2590.0,,substitution,substitution,,,,201152|201163|201167|201951|202702|203476|203952|2590,201152|203476|203952|2590,201163|201167|201951|202702,,,1610612750.0,21400440,False
4,PT00M17.10S,00:17,Q4 00:17,0.28500000000000003,585,substitution,SUB in: J. Adrien,[],Adrien,0,0,,False,False,202399.0,,substitution,substitution,,,,201152|201163|201167|201951|202399|202702|203476|203952|2590,201152|202399|203476|203952|2590,201163|201167|201951|202702,,,1610612750.0,21400440,False
4,PT00M17.10S,00:17,Q4 00:17,0.28500000000000003,586,substitution,SUB in: C. Budinger,[],Budinger,0,0,,False,False,201978.0,,substitution,substitution,,,,201152|201163|201167|201951|201978|202399|202702|203476|203952|2590,201152|201978|202399|203476|203952|2590,201163|201167|201951|202702,,,1610612750.0,21400440,True
4,PT00M17.10S,00:17,Q4 00:17,0.28500000000000003,587,substitution,SUB in: A. Gee,[],Gee,0,0,,False,False,202087.0,,substitution,turnover,,,,201152|201163|201167|201951|201978|202087|202399|202702|203476|203952|2590,201163|201167|201951|202087|202702,201152|201978|202399|203476|203952|2590,,,1610612743.0,21400440,False
4,PT00M11.80S,00:11,Q4 00:11,0.19666666666666668,588,turnover,Budinger Step Out of Bounds Turnover (P1.T8),[],Budinger,0,0,,False,False,201978.0,,substitution,timeout,,,,201152|201163|201167|201951|201978|202087|202399|202702|203476|203952|2590,201152|201978|202399|203476|203952|2590,201163|201167|201951|202087|202702,,,1610612750.0,21400440,False
4,PT00M11.80S,00:11,Q4 00:11,0.19666666666666668,590,timeout,NUGGETS Timeout: Short (Full 4 Short 1),[],,0,0,,False,False,0.0,,turnover,instant replay,,,,201152|201163|201167|201951|201978|202087|202399|202702|203476|203952|2590,201163|201167|201951|202087|202702,201152|201978|202399|203476|203952|2590,,,1610612743.0,21400440,False
4,PT00M11.80S,00:11,Q4 00:11,0.19666666666666668,589,substitution,SUB out: M. Williams,[],Williams,0,0,,False,False,2590.0,,instant replay,substitution,,,,201152|201163|201167|201951|201978|202087|202399|202702|203476|203952,201152|201978|202399|203476|203952,201163|201167|201951|202087|202702,,,1610612750.0,21400440,True
4,PT00M11.80S,00:11,Q4 00:11,0.19666666666666668,590,substitution,SUB out: G. Dieng,[],Dieng,0,0,,False,False,203476.0,,substitution,substitution,,,,201152|201163|201167|201951|201978|202087|202399|202702|203952,201152|201978|202399|203952,201163|201167|201951|202087|202702,,,1610612750.0,21400440,False
4,PT00M11.80S,00:11,Q4 00:11,0.19666666666666668,591,substitution,SUB out: A. Gee,[],Gee,0,0,,False,False,202087.0,,substitution,substitution,,,,201152|201163|201167|201951|201978|202399|202702|203952,201163|201167|201951|202702,201152|201978|202399|203952,,,1610612743.0,21400440,False
4,PT00M11.80S,00:11,Q4 00:11,0.19666666666666668,592,substitution,SUB in: Z. LaVine,[],LaVine,0,0,,False,False,203897.0,,substitution,substitution,,,,201152|201163|201167|201951|201978|202399|202702|203897|203952,201152|201978|202399|203897|203952,201163|201167|201951|202702,,,1610612750.0,21400440,False
4,PT00M11.80S,00:11,Q4 00:11,0.19666666666666668,593,substitution,SUB in: J. Adrien,[],Adrien,0,0,,False,False,202399.0,,substitution,substitution,,,,201152|201163|201167|201951|201978|202399|202702|203897|203952,201152|201978|202399|203897|203952,201163|201167|201951|202702,,,1610612750.0,21400440,False
4,PT00M11.80S,00:11,Q4 00:11,0.19666666666666668,594,substitution,SUB in: T. Mozgov,[],Mozgov,0,0,,False,False,202389.0,,substitution,foul,,,,201152|201163|201167|201951|201978|202389|202399|202702|203897|203952,201163|201167|201951|202389|202702,201152|201978|202399|203897|203952,,,1610612743.0,21400440,True
4,PT00M11.10S,00:11,Q4 00:11,0.185,595,foul,Wiggins Personal Take Foul (P3.PN),['inpenalty'],Wiggins,0,0,,False,False,203952.0,,substitution,freethrow,201167.0,,,201152|201163|201167|201951|201978|202389|202399|202702|203897|203952,201152|201978|202399|203897|203952,201163|201167|201951|202389|202702,,,1610612750.0,21400440,True
4,PT00M11.10S,00:11,Q4 00:11,0.185,596,freethrow,Afflalo Free Throw 1 of 2 (13 PTS),[],Afflalo,105,101,Made,False,False,201167.0,,foul,freethrow,,,,201152|201163|201167|201951|201978|202389|202399|202702|203897|203952,201163|201167|201951|202389|202702,201152|201978|202399|203897|203952,,,1610612743.0,21400440,True
4,PT00M11.10S,00:11,Q4 00:11,0.185,598,freethrow,MISS Afflalo Free Throw 2 of 2,[],Afflalo,0,0,Missed,False,False,201167.0,,freethrow,rebound,,,,201152|201163|201167|201951|201978|202389|202399|202702|203897|203952,201163|201167|201951|202389|202702,201152|201978|202399|203897|203952,,,1610612743.0,21400440,True
4,PT00M10.40S,00:10,Q4 00:10,0.17333333333333334,600,rebound,Wiggins REBOUND (Off:3 Def:3),[],Wiggins,0,0,,False,False,203952.0,,freethrow,foul,,,,201152|201163|201167|201951|201978|202389|202399|202702|203897|203952,201152|201978|202399|203897|203952,201163|201167|201951|202389|202702,,,1610612750.0,21400440,True
4,PT00M10.40S,00:10,Q4 00:10,0.17333333333333334,601,foul,Faried P.FOUL (P5.PN),['inpenalty'],Faried,0,0,,False,False,202702.0,,rebound,freethrow,203952.0,,,201152|201163|201167|201951|201978|202389|202399|202702|203897|203952,201163|201167|201951|202389|202702,201152|201978|202399|203897|203952,,,1610612743.0,21400440,True
4,PT00M10.40S,00:10,Q4 00:10,0.17333333333333334,602,freethrow,MISS Wiggins Free Throw 1 of 2,[],Wiggins,0,0,Missed,False,False,203952.0,,foul,rebound,,,,201152|201163|201167|201951|201978|202389|202399|202702|203897|203952,201152|201978|202399|203897|203952,201163|201167|201951|202389|202702,,,1610612750.0,21400440,True
4,PT00M10.40S,00:10,Q4 00:10,0.17333333333333334,603,rebound,TEAM offensive REBOUND,['team'],,0,0,,False,False,0.0,,freethrow,freethrow,,,,201152|201163|201167|201951|201978|202389|202399|202702|203897|203952,201152|201978|202399|203897|203952,201163|201167|201951|202389|202702,,,1610612750.0,21400440,True
4,PT00M10.40S,00:10,Q4 00:10,0.17333333333333334,605,freethrow,Wiggins Free Throw 2 of 2 (22 PTS),[],Wiggins,105,102,Made,False,False,203952.0,,rebound,substitution,,,,201152|201163|201167|201951|201978|202389|202399|202702|203897|203952,201152|201978|202399|203897|203952,201163|201167|201951|202389|202702,,,1610612750.0,21400440,True
4,PT00M10.40S,00:10,Q4 00:10,0.17333333333333334,604,substitution,SUB out: C. Budinger,[],Budinger,0,0,,False,False,201978.0,,freethrow,substitution,,,,201152|201163|201167|201951|202389|202399|202702|203897|203952,201152|202399|203897|203952,201163|201167|201951|202389|202702,,,1610612750.0,21400440,False
4,PT00M10.40S,00:10,Q4 00:10,0.17333333333333334,605,substitution,SUB in: T. Daniels,[],Daniels,0,0,,False,False,203584.0,,substitution,foul,,,,201152|201163|201167|201951|202389|202399|202702|203584|203897|203952,201152|202399|203584|203897|203952,201163|201167|201951|202389|202702,,,1610612750.0,21400440,True
4,PT00M08.80S,00:08,Q4 00:08,0.14666666666666667,607,foul,Wiggins Personal Take Foul (P4.PN),['inpenalty'],Wiggins,0,0,,False,False,203952.0,,substitution,freethrow,201163.0,,,201152|201163|201167|201951|202389|202399|202702|203584|203897|203952,201152|202399|203584|203897|203952,201163|201167|201951|202389|202702,,,1610612750.0,21400440,True
4,PT00M08.80S,00:08,Q4 00:08,0.14666666666666667,608,freethrow,MISS Chandler Free Throw 1 of 2,[],Chandler,0,0,Missed,False,False,201163.0,,foul,rebound,,,,201152|201163|201167|201951|202389|202399|202702|203584|203897|203952,201163|201167|201951|202389|202702,201152|202399|203584|203897|203952,,,1610612743.0,21400440,True
4,PT00M08.80S,00:08,Q4 00:08,0.14666666666666667,609,rebound,TEAM offensive REBOUND,['team'],,0,0,,False,False,0.0,,freethrow,freethrow,,,,201152|201163|201167|201951|202389|202399|202702|203584|203897|203952,201163|201167|201951|202389|202702,201152|202399|203584|203897|203952,,,1610612743.0,21400440,True
4,PT00M08.80S,00:08,Q4 00:08,0.14666666666666667,611,freethrow,Chandler Free Throw 2 of 2 (21 PTS),[],Chandler,106,102,Made,False,False,201163.0,,rebound,timeout,,,,201152|201163|201167|201951|202389|202399|202702|203584|203897|203952,201163|201167|201951|202389|202702,201152|202399|203584|203897|203952,,,1610612743.0,21400440,True
4,PT00M08.80S,00:08,Q4 00:08,0.14666666666666667,613,timeout,Timberwolves Timeout: Short (Reg.6 Short 1),[],,0,0,,False,False,0.0,,freethrow,substitution,,,,201152|201163|201167|201951|202389|202399|202702|203584|203897|203952,201152|202399|203584|203897|203952,201163|201167|201951|202389|202702,,,1610612750.0,21400440,True
4,PT00M08.80S,00:08,Q4 00:08,0.14666666666666667,610,substitution,SUB out: T. Daniels,[],Daniels,0,0,,False,False,203584.0,,timeout,substitution,,,,201152|201163|201167|201951|202389|202399|202702|203897|203952,201152|202399|203897|203952,201163|201167|201951|202389|202702,,,1610612750.0,21400440,False
4,PT00M08.80S,00:08,Q4 00:08,0.14666666666666667,611,substitution,SUB out: T. Young,[],Young,0,0,,False,False,201152.0,,substitution,substitution,,,,201163|201167|201951|202389|202399|202702|203897|203952,202399|203897|203952,201163|201167|201951|202389|202702,,,1610612750.0,21400440,False
4,PT00M08.80S,00:08,Q4 00:08,0.14666666666666667,612,substitution,SUB out: G. Dieng,[],Dieng,0,0,,False,False,203476.0,,substitution,substitution,,,,201163|201167|201951|202389|202399|202702|203897|203952,202399|203897|203952,201163|201167|201951|202389|202702,,,1610612750.0,21400440,False
4,PT00M08.80S,00:08,Q4 00:08,0.14666666666666667,613,substitution,SUB out: A. Wiggins,[],Wiggins,0,0,,False,False,203952.0,,substitution,substitution,,,,201163|201167|201951|202389|202399|202702|203897,202399|203897,201163|201167|201951|202389|202702,,,1610612750.0,21400440,False
4,PT00M08.80S,00:08,Q4 00:08,0.14666666666666667,614,substitution,SUB out: Z. LaVine,[],LaVine,0,0,,False,False,203897.0,,substitution,substitution,,,,201163|201167|201951|202389|202399|202702,202399,201163|201167|201951|202389|202702,,,1610612750.0,21400440,False
4,PT00M08.80S,00:08,Q4 00:08,0.14666666666666667,615,substitution,SUB out: T. Mozgov,[],Mozgov,0,0,,False,False,202389.0,,substitution,substitution,,,,201163|201167|201951|202399|202702,201163|201167|201951|202702,202399,,,1610612743.0,21400440,False
4,PT00M08.80S,00:08,Q4 00:08,0.14666666666666667,616,substitution,SUB in: G. Dieng,[],Dieng,0,0,,False,False,203476.0,,substitution,substitution,,,,201163|201167|201951|202399|202702|203476,202399|203476,201163|201167|201951|202702,,,1610612750.0,21400440,False
4,PT00M08.80S,00:08,Q4 00:08,0.14666666666666667,617,substitution,SUB in: R. Hummel,[],Hummel,0,0,,False,False,203133.0,,substitution,substitution,,,,201163|201167|201951|202399|202702|203133|203476,202399|203133|203476,201163|201167|201951|202702,,,1610612750.0,21400440,False
4,PT00M08.80S,00:08,Q4 00:08,0.14666666666666667,618,substitution,SUB in: C. Budinger,[],Budinger,0,0,,False,False,201978.0,,substitution,substitution,,,,201163|201167|201951|201978|202399|202702|203133|203476,201978|202399|203133|203476,201163|201167|201951|202702,,,1610612750.0,21400440,False
4,PT00M08.80S,00:08,Q4 00:08,0.14666666666666667,619,substitution,SUB in: M. Williams,[],Williams,0,0,,False,False,2590.0,,substitution,substitution,,,,201163|201167|201951|201978|202399|202702|203133|203476|2590,201978|202399|203133|203476|2590,201163|201167|201951|202702,,,1610612750.0,21400440,False
4,PT00M08.80S,00:08,Q4 00:08,0.14666666666666667,620,substitution,SUB in: T. Daniels,[],Daniels,0,0,,False,False,203584.0,,substitution,substitution,,,,201163|201167|201951|201978|202399|202702|203133|203476|203584|2590,201978|202399|203133|203476|203584|2590,201163|201167|201951|202702,,,1610612750.0,21400440,True
4,PT00M08.80S,00:08,Q4 00:08,0.14666666666666667,621,substitution,SUB in: A. Gee,[],Gee,0,0,,False,False,202087.0,,substitution,3pt missed,,,,201163|201167|201951|201978|202087|202399|202702|203133|203476|203584|2590,201163|201167|201951|202087|202702,201978|202399|203133|203476|203584|2590,,,1610612743.0,21400440,False
4,PT00M04.90S,00:04,Q4 00:04,0.08166666666666668,620,3pt,MISS Williams 27' 3PT Jump Shot,[],Williams,0,0,Missed,True,False,2590.0,,substitution,rebound,,,,201163|201167|201951|201978|202087|202399|202702|203133|203476|203584|2590,201978|202399|203133|203476|203584|2590,201163|201167|201951|202087|202702,-182.0,206.0,1610612750.0,21400440,False
4,PT00M02.90S,00:02,Q4 00:02,0.04833333333333333,621,rebound,Hummel REBOUND (Off:2 Def:0),[],Hummel,0,0,,False,False,203133.0,,3pt missed,3pt missed,,,,201163|201167|201951|201978|202087|202399|202702|203133|203476|203584|2590,201978|202399|203133|203476|203584|2590,201163|201167|201951|202087|202702,,,1610612750.0,21400440,False
4,PT00M00.00S,00:00,Q4 00:00,0.0,622,3pt,MISS Budinger 24' 3PT Jump Shot,[],Budinger,0,0,Missed,True,False,201978.0,,rebound,rebound,,,,201163|201167|201951|201978|202087|202399|202702|203133|203476|203584|2590,201978|202399|203133|203476|203584|2590,201163|201167|201951|202087|202702,53.0,235.0,1610612750.0,21400440,False
4,PT00M00.00S,00:00,Q4 00:00,0.0,623,rebound,TEAM offensive REBOUND,['team'],,0,0,,False,False,0.0,,3pt missed,instant replay,,,,201163|201167|201951|201978|202087|202399|202702|203133|203476|203584|2590,201978|202399|203133|203476|203584|2590,201163|201167|201951|202087|202702,,,1610612750.0,21400440,False
4,PT00M00.00S,00:00,Q4 00:00,0.0,627,period,End of 4th Period (11:27 PM EST),[],,106,102,,False,False,0.0,,instant replay,,,,,201163|201167|201951|201978|202087|202399|202702|203133|203476|203584|2590,201163|201167|201951|202087|202702,201978|202399|203133|203476|203584|2590,,,1610612743.0,21400440,False
