period,clock,clock_display,game_clock,minutes_left_in_game,actionNumber,actionType,description,qualifier,playerName,scoreHome,scoreAway,shotResult,isFieldGoal,assisted,person_id,assister_id,previous_action,next_action,foulDrawnPersonId,stealPersonId,blockPersonId,players_on,off_players_on,def_players_on,xLegacy,yLegacy,teamId,game_id,poc_ok
1,PT12M00.00S,12:00,Q1 12:00,48.0,0,period,Start of 1st Period (6:11 PM EST),[],,0,0,,False,False,0.0,,,3pt missed,,,,101161|202340|202696|202699|202738|203096|203109|203506|203901|203932,202696|202699|203506|203901|203932,101161|202340|202738|203096|203109,,,1610612753.0,21500716,True
1,PT11M44.00S,11:44,Q1 11:44,47.733333333333334,2,3pt,MISS Bradley 26' 3PT Jump Shot,[],Bradley,0,0,Missed,True,False,202340.0,,period,2pt made,,,,101161|202340|202696|202699|202738|203096|203109|203506|203901|203932,101161|202340|202738|203096|203109,202696|202699|203506|203901|203932,97.0,242.0,1610612738.0,21500716,True
1,PT11M43.00S,11:43,Q1 11:43,47.71666666666667,3,2pt,Johnson 2' Tip Layup Shot (2 PTS),['pointsinthepaint'],Johnson,0,2,Made,True,False,101161.0,,3pt missed,rebound,,,,101161|202340|202696|202699|202738|203096|203109|203506|203901|203932,101161|202340|202738|203096|203109,202696|202699|203506|203901|203932,0.0,21.0,1610612738.0,21500716,True
1,PT11M43.00S,11:43,Q1 11:43,47.71666666666667,4,rebound,Johnson REBOUND (Off:1 Def:0),[],Johnson,0,0,,False,False,101161.0,,2pt made,2pt missed,,,,101161|202340|202696|202699|202738|203096|203109|203506|203901|203932,101161|202340|202738|203096|203109,202696|202699|203506|203901|203932,,,1610612738.0,21500716,True
1,PT11M30.00S,11:30,Q1 11:30,47.5,5,2pt,MISS Vucevic 11' Hook Shot,[],Vucevic,0,0,Missed,True,False,202696.0,,rebound,rebound,,,,101161|202340|202696|202699|202738|203096|203109|203506|203901|203932,202696|202699|203506|203901|203932,101161|202340|202738|203096|203109,-84.0,75.0,1610612753.0,21500716,True
1,PT11M28.00S,11:28,Q1 11:28,47.46666666666667,6,rebound,Johnson REBOUND (Off:1 Def:1),[],Johnson,0,0,,False,False,101161.0,,2pt missed,turnover,,,,101161|202340|202696|202699|202738|203096|203109|203506|203901|203932,101161|202340|202738|203096|203109,202696|202699|203506|203901|203932,,,1610612738.0,21500716,True
1,PT11M19.00S,11:19,Q1 11:19,47.31666666666666,7,turnover,Thomas Out of Bounds - Bad Pass Turnover Turnover (P1.T1),[],Thomas,0,0,,False,False,202738.0,,rebound,3pt missed,,,,101161|202340|202696|202699|202738|203096|203109|203506|203901|203932,101161|202340|202738|203096|203109,202696|202699|203506|203901|203932,,,1610612738.0,21500716,True
1,PT10M59.00S,10:59,Q1 10:59,46.983333333333334,9,3pt,MISS Oladipo  3PT Jump Shot,[],Oladipo,0,0,Missed,True,False,203506.0,,turnover,rebound,,,,101161|202340|202696|202699|202738|203096|203109|203506|203901|203932,202696|202699|203506|203901|203932,101161|202340|202738|203096|203109,-230.0,41.0,1610612753.0,21500716,True
1,PT10M57.00S,10:57,Q1 10:57,46.95,10,rebound,Thomas REBOUND (Off:0 Def:1),[],Thomas,0,0,,False,False,202738.0,,3pt missed,2pt missed,,,,101161|202340|202696|202699|202738|203096|203109|203506|203901|203932,101161|202340|202738|203096|203109,202696|202699|203506|203901|203932,,,1610612738.0,21500716,True
1,PT10M42.00S,10:42,Q1 10:42,46.7,11,2pt,MISS Sullinger 13' Jump Shot,[],Sullinger,0,0,Missed,True,False,203096.0,,rebound,rebound,,,,101161|202340|202696|202699|202738|203096|203109|203506|203901|203932,101161|202340|202738|203096|203109,202696|202699|203506|203901|203932,101.0,85.0,1610612738.0,21500716,True
1,PT10M41.00S,10:41,Q1 10:41,46.68333333333334,12,rebound,Gordon REBOUND (Off:0 Def:1),[],Gordon,0,0,,False,False,203932.0,,2pt missed,2pt missed,,,,101161|202340|202696|202699|202738|203096|203109|203506|203901|203932,202696|202699|203506|203901|203932,101161|202340|202738|203096|203109,,,1610612753.0,21500716,True
1,PT10M17.00S,10:17,Q1 10:17,46.28333333333333,13,2pt,MISS Gordon 5' Jump Shot,['pointsinthepaint'],Gordon,0,0,Missed,True,False,203932.0,,rebound,rebound,,,,101161|202340|202696|202699|202738|203096|203109|203506|203901|203932,202696|202699|203506|203901|203932,101161|202340|202738|203096|203109,19.0,51.0,1610612753.0,21500716,True
1,PT10M16.00S,10:16,Q1 10:16,46.266666666666666,14,rebound,Gordon REBOUND (Off:1 Def:1),[],Gordon,0,0,,False,False,203932.0,,2pt missed,3pt missed,,,,101161|202340|202696|202699|202738|203096|203109|203506|203901|203932,202696|202699|203506|203901|203932,101161|202340|202738|203096|203109,,,1610612753.0,21500716,True
1,PT10M08.00S,10:08,Q1 10:08,46.13333333333333,15,3pt,MISS Payton 26' 3PT Jump Shot,[],Payton,0,0,Missed,True,False,203901.0,,rebound,rebound,,,,101161|202340|202696|202699|202738|203096|203109|203506|203901|203932,202696|202699|203506|203901|203932,101161|202340|202738|203096|203109,-168.0,193.0,1610612753.0,21500716,True
1,PT10M06.00S,10:06,Q1 10:06,46.1,16,rebound,Bradley REBOUND (Off:0 Def:1),[],Bradley,0,0,,False,False,202340.0,,3pt missed,turnover,,,,101161|202340|202696|202699|202738|203096|203109|203506|203901|203932,101161|202340|202738|203096|203109,202696|202699|203506|203901|203932,,,1610612738.0,21500716,True
1,PT09M56.00S,09:56,Q1 09:56,45.93333333333334,17,turnover,Bradley Lost Ball Turnover (P1.T2),[],Bradley,0,0,,False,False,202340.0,,rebound,steal,,,,101161|202340|202696|202699|202738|203096|203109|203506|203901|203932,101161|202340|202738|203096|203109,202696|202699|203506|203901|203932,,,1610612738.0,21500716,True
1,PT09M56.00S,09:56,Q1 09:56,45.93333333333334,17,steal,Oladipo STEAL (1 STL),[],Oladipo,0,0,,False,False,203506.0,,turnover,2pt made,,203506.0,,101161|202340|202696|202699|202738|203096|203109|203506|203901|203932,202696|202699|203506|203901|203932,101161|202340|202738|203096|203109,,,1610612753.0,21500716,True
1,PT09M34.00S,09:34,Q1 09:34,45.56666666666666,19,2pt,Gordon 18' Pullup Jump Shot (2 PTS),[],Gordon,2,2,Made,True,False,203932.0,,steal,3pt made,,,,101161|202340|202696|202699|202738|203096|203109|203506|203901|203932,202696|202699|203506|203901|203932,101161|202340|202738|203096|203109,81.0,156.0,1610612753.0,21500716,True
1,PT09M14.00S,09:14,Q1 09:14,45.233333333333334,20,3pt,Bradley 25' 3PT Jump Shot (3 PTS) (Thomas 1 AST),[],Bradley,2,5,Made,True,True,202340.0,202738.0,2pt made,3pt missed,,,,101161|202340|202696|202699|202738|203096|203109|203506|203901|203932,101161|202340|202738|203096|203109,202696|202699|203506|203901|203932,-156.0,200.0,1610612738.0,21500716,True
1,PT08M55.00S,08:55,Q1 08:55,44.916666666666664,21,3pt,MISS Oladipo  3PT Jump Shot,[],Oladipo,0,0,Missed,True,False,203506.0,,3pt made,rebound,,,,101161|202340|202696|202699|202738|203096|203109|203506|203901|203932,202696|202699|203506|203901|203932,101161|202340|202738|203096|203109,-228.0,51.0,1610612753.0,21500716,True
1,PT08M54.00S,08:54,Q1 08:54,44.9,22,rebound,Sullinger REBOUND (Off:0 Def:1),[],Sullinger,0,0,,False,False,203096.0,,3pt missed,turnover,,,,101161|202340|202696|202699|202738|203096|203109|203506|203901|203932,101161|202340|202738|203096|203109,202696|202699|203506|203901|203932,,,1610612738.0,21500716,True
1,PT08M50.00S,08:50,Q1 08:50,44.833333333333336,23,turnover,Bradley Lost Ball Turnover (P2.T3),[],Bradley,0,0,,False,False,202340.0,,rebound,steal,,,,101161|202340|202696|202699|202738|203096|203109|203506|203901|203932,101161|202340|202738|203096|203109,202696|202699|203506|203901|203932,,,1610612738.0,21500716,True
1,PT08M50.00S,08:50,Q1 08:50,44.833333333333336,23,steal,Oladipo STEAL (2 STL),[],Oladipo,0,0,,False,False,203506.0,,turnover,2pt missed,,203506.0,,101161|202340|202696|202699|202738|203096|203109|203506|203901|203932,202696|202699|203506|203901|203932,101161|202340|202738|203096|203109,,,1610612753.0,21500716,True
1,PT08M43.00S,08:43,Q1 08:43,44.71666666666667,24,2pt,MISS Vucevic 9' Running Jump Shot,['pointsinthepaint'],Vucevic,0,0,Missed,True,False,202696.0,,steal,2pt made,,,,101161|202340|202696|202699|202738|203096|203109|203506|203901|203932,202696|202699|203506|203901|203932,101161|202340|202738|203096|203109,9.0,90.0,1610612753.0,21500716,True
1,PT08M41.00S,08:41,Q1 08:41,44.68333333333334,25,2pt,Harris  Tip Dunk Shot (2 PTS),['pointsinthepaint'],Harris,4,5,Made,True,False,202699.0,,2pt missed,rebound,,,,101161|202340|202696|202699|202738|203096|203109|203506|203901|203932,202696|202699|203506|203901|203932,101161|202340|202738|203096|203109,0.0,1.0,1610612753.0,21500716,True
1,PT08M41.00S,08:41,Q1 08:41,44.68333333333334,26,rebound,Harris REBOUND (Off:1 Def:0),[],Harris,0,0,,False,False,202699.0,,2pt made,2pt missed,,,,101161|202340|202696|202699|202738|203096|203109|203506|203901|203932,202696|202699|203506|203901|203932,101161|202340|202738|203096|203109,,,1610612753.0,21500716,True
1,PT08M20.00S,08:20,Q1 08:20,44.333333333333336,27,2pt,MISS Sullinger 11' Jump Shot,['pointsinthepaint'],Sullinger,0,0,Missed,True,False,203096.0,,rebound,rebound,,,,101161|202340|202696|202699|202738|203096|203109|203506|203901|203932,101161|202340|202738|203096|203109,202696|202699|203506|203901|203932,-47.0,100.0,1610612738.0,21500716,True
1,PT08M19.00S,08:19,Q1 08:19,44.31666666666666,28,rebound,Johnson REBOUND (Off:2 Def:1),[],Johnson,0,0,,False,False,101161.0,,2pt missed,3pt missed,,,,101161|202340|202696|202699|202738|203096|203109|203506|203901|203932,101161|202340|202738|203096|203109,202696|202699|203506|203901|203932,,,1610612738.0,21500716,True
1,PT08M15.00S,08:15,Q1 08:15,44.25,29,3pt,MISS Thomas 25' 3PT Jump Shot,[],Thomas,0,0,Missed,True,False,202738.0,,rebound,rebound,,,,101161|202340|202696|202699|202738|203096|203109|203506|203901|203932,101161|202340|202738|203096|203109,202696|202699|203506|203901|203932,179.0,178.0,1610612738.0,21500716,True
1,PT08M14.00S,08:14,Q1 08:14,44.233333333333334,30,rebound,Vucevic REBOUND (Off:0 Def:1),[],Vucevic,0,0,,False,False,202696.0,,3pt missed,turnover,,,,101161|202340|202696|202699|202738|203096|203109|203506|203901|203932,202696|202699|203506|203901|203932,101161|202340|202738|203096|203109,,,1610612753.0,21500716,True
1,PT08M03.00S,08:03,Q1 08:03,44.05,31,turnover,Payton Bad Pass Turnover (P1.T1),[],Payton,0,0,,False,False,203901.0,,rebound,steal,,,,101161|202340|202696|202699|202738|203096|203109|203506|203901|203932,202696|202699|203506|203901|203932,101161|202340|202738|203096|203109,,,1610612753.0,21500716,True
1,PT08M03.00S,08:03,Q1 08:03,44.05,31,steal,Crowder STEAL (1 STL),[],Crowder,0,0,,False,False,203109.0,,turnover,foul,,203109.0,,101161|202340|202696|202699|202738|203096|203109|203506|203901|203932,101161|202340|202738|203096|203109,202696|202699|203506|203901|203932,,,1610612738.0,21500716,True
1,PT08M02.00S,08:02,Q1 08:02,44.03333333333333,32,foul,Payton P.FOUL (P1.T1) (Z.Zarba),[],Payton,0,0,,False,False,203901.0,,steal,3pt missed,202340.0,,,101161|202340|202696|202699|202738|203096|203109|203506|203901|203932,202696|202699|203506|203901|203932,101161|202340|202738|203096|203109,,,1610612753.0,21500716,True
1,PT07M46.00S,07:46,Q1 07:46,43.766666666666666,33,3pt,MISS Bradley 25' 3PT Jump Shot,[],Bradley,0,0,Missed,True,False,202340.0,,foul,rebound,,,,101161|202340|202696|202699|202738|203096|203109|203506|203901|203932,101161|202340|202738|203096|203109,202696|202699|203506|203901|203932,-173.0,178.0,1610612738.0,21500716,True
1,PT07M44.00S,07:44,Q1 07:44,43.733333333333334,34,rebound,Payton REBOUND (Off:0 Def:1),[],Payton,0,0,,False,False,203901.0,,3pt missed,foul,,,,101161|202340|202696|202699|202738|203096|203109|203506|203901|203932,202696|202699|203506|203901|203932,101161|202340|202738|203096|203109,,,1610612753.0,21500716,True
1,PT07M37.00S,07:37,Q1 07:37,43.61666666666667,35,foul,Thomas P.FOUL (P1.T1) (Z.Zarba),[],Thomas,0,0,,False,False,202738.0,,rebound,2pt missed,203506.0,,,101161|202340|202696|202699|202738|203096|203109|203506|203901|203932,101161|202340|202738|203096|203109,202696|202699|203506|203901|203932,,,1610612738.0,21500716,True
1,PT07M28.00S,07:28,Q1 07:28,43.46666666666667,36,2pt,MISS Oladipo 9' Jump Shot,['pointsinthepaint'],Oladipo,0,0,Missed,True,False,203506.0,,foul,rebound,,,,101161|202340|202696|202699|202738|203096|203109|203506|203901|203932,202696|202699|203506|203901|203932,101161|202340|202738|203096|203109,-61.0,70.0,1610612753.0,21500716,True
1,PT07M27.00S,07:27,Q1 07:27,43.45,37,rebound,Thomas REBOUND (Off:0 Def:2),[],Thomas,0,0,,False,False,202738.0,,2pt missed,2pt made,,,,101161|202340|202696|202699|202738|203096|203109|203506|203901|203932,101161|202340|202738|203096|203109,202696|202699|203506|203901|203932,,,1610612738.0,21500716,True
1,PT07M23.00S,07:23,Q1 07:23,43.38333333333333,38,2pt,Crowder  Running Dunk (2 PTS) (Thomas 2 AST),['pointsinthepaint'],Crowder,4,7,Made,True,True,203109.0,202738.0,rebound,2pt missed,,,,101161|202340|202696|202699|202738|203096|203109|203506|203901|203932,101161|202340|202738|203096|203109,202696|202699|203506|203901|203932,0.0,1.0,1610612738.0,21500716,True
1,PT07M04.00S,07:04,Q1 07:04,43.06666666666666,39,2pt,MISS Vucevic 16' Jump Shot,[],Vucevic,0,0,Missed,True,False,202696.0,,2pt made,rebound,,,,101161|202340|202696|202699|202738|203096|203109|203506|203901|203932,202696|202699|203506|203901|203932,101161|202340|202738|203096|203109,76.0,139.0,1610612753.0,21500716,True
1,PT07M03.00S,07:03,Q1 07:03,43.05,40,rebound,Sullinger REBOUND (Off:0 Def:2),[],Sullinger,0,0,,False,False,203096.0,,2pt missed,3pt made,,,,101161|202340|202696|202699|202738|203096|203109|203506|203901|203932,101161|202340|202738|203096|203109,202696|202699|203506|203901|203932,,,1610612738.0,21500716,True
1,PT06M56.00S,06:56,Q1 06:56,42.93333333333334,41,3pt,Thomas 25' 3PT Running Jump Shot (3 PTS),[],Thomas,4,10,Made,True,False,202738.0,,rebound,2pt made,,,,101161|202340|202696|202699|202738|203096|203109|203506|203901|203932,101161|202340|202738|203096|203109,202696|202699|203506|203901|203932,-30.0,247.0,1610612738.0,21500716,True
1,PT06M42.00S,06:42,Q1 06:42,42.7,42,2pt,Payton 2' Driving Layup (2 PTS) (Oladipo 1 AST),['pointsinthepaint'],Payton,6,10,Made,True,True,203901.0,203506.0,3pt made,2pt missed,,,,101161|202340|202696|202699|202738|203096|203109|203506|203901|203932,202696|202699|203506|203901|203932,101161|202340|202738|203096|203109,14.0,11.0,1610612753.0,21500716,True
1,PT06M07.00S,06:07,Q1 06:07,42.11666666666667,43,2pt,MISS Sullinger 22' Fadeaway Jumper,[],Sullinger,0,0,Missed,True,False,203096.0,,2pt made,block,,,,101161|202340|202696|202699|202738|203096|203109|203506|203901|203932,101161|202340|202738|203096|203109,202696|202699|203506|203901|203932,33.0,218.0,1610612738.0,21500716,True
1,PT06M07.00S,06:07,Q1 06:07,42.11666666666667,43,block,Vucevic BLOCK (1 BLK),[],Vucevic,0,0,,False,False,202696.0,,2pt missed,rebound,,,202696.0,101161|202340|202696|202699|202738|203096|203109|203506|203901|203932,202696|202699|203506|203901|203932,101161|202340|202738|203096|203109,,,1610612753.0,21500716,True
1,PT06M06.00S,06:06,Q1 06:06,42.1,44,rebound,Gordon REBOUND (Off:1 Def:2),[],Gordon,0,0,,False,False,203932.0,,block,turnover,,,,101161|202340|202696|202699|202738|203096|203109|203506|203901|203932,202696|202699|203506|203901|203932,101161|202340|202738|203096|203109,,,1610612753.0,21500716,True
1,PT05M56.00S,05:56,Q1 05:56,41.93333333333334,45,turnover,Payton Bad Pass Turnover (P2.T2),[],Payton,0,0,,False,False,203901.0,,rebound,steal,,,,101161|202340|202696|202699|202738|203096|203109|203506|203901|203932,202696|202699|203506|203901|203932,101161|202340|202738|203096|203109,,,1610612753.0,21500716,True
1,PT05M56.00S,05:56,Q1 05:56,41.93333333333334,45,steal,Thomas STEAL (1 STL),[],Thomas,0,0,,False,False,202738.0,,turnover,2pt made,,202738.0,,101161|202340|202696|202699|202738|203096|203109|203506|203901|203932,101161|202340|202738|203096|203109,202696|202699|203506|203901|203932,,,1610612738.0,21500716,True
1,PT05M53.00S,05:53,Q1 05:53,41.88333333333333,46,2pt,Bradley 1' Running Layup (5 PTS) (Thomas 3 AST),['pointsinthepaint'],Bradley,6,12,Made,True,True,202340.0,202738.0,steal,foul,,,,101161|202340|202696|202699|202738|203096|203109|203506|203901|203932,101161|202340|202738|203096|203109,202696|202699|203506|203901|203932,6.0,8.0,1610612738.0,21500716,True
1,PT05M53.00S,05:53,Q1 05:53,41.88333333333333,47,foul,Oladipo S.FOUL (P1.T2) (Z.Zarba),[],Oladipo,0,0,,False,False,203506.0,,2pt made,timeout,202340.0,,,101161|202340|202696|202699|202738|203096|203109|203506|203901|203932,202696|202699|203506|203901|203932,101161|202340|202738|203096|203109,,,1610612753.0,21500716,True
1,PT05M53.00S,05:53,Q1 05:53,41.88333333333333,48,timeout,MAGIC Timeout: Regular (Full 1 Short 0),[],,0,0,,False,False,0.0,,foul,freethrow,,,,101161|202340|202696|202699|202738|203096|203109|203506|203901|203932,202696|202699|203506|203901|203932,101161|202340|202738|203096|203109,,,1610612753.0,21500716,True
1,PT05M53.00S,05:53,Q1 05:53,41.88333333333333,50,freethrow,Bradley Free Throw 1 of 1 (6 PTS),[],Bradley,6,13,Made,False,False,202340.0,,timeout,3pt missed,,,,101161|202340|202696|202699|202738|203096|203109|203506|203901|203932,101161|202340|202738|203096|203109,202696|202699|203506|203901|203932,,,1610612738.0,21500716,True
1,PT05M33.00S,05:33,Q1 05:33,41.55,52,3pt,MISS Harris 25' 3PT Jump Shot,[],Harris,0,0,Missed,True,False,202699.0,,freethrow,rebound,,,,101161|202340|202696|202699|202738|203096|203109|203506|203901|203932,202696|202699|203506|203901|203932,101161|202340|202738|203096|203109,-137.0,213.0,1610612753.0,21500716,True
1,PT05M31.00S,05:31,Q1 05:31,41.516666666666666,53,rebound,Oladipo REBOUND (Off:1 Def:0),[],Oladipo,0,0,,False,False,203506.0,,3pt missed,2pt made,,,,101161|202340|202696|202699|202738|203096|203109|203506|203901|203932,202696|202699|203506|203901|203932,101161|202340|202738|203096|203109,,,1610612753.0,21500716,True
1,PT05M26.00S,05:26,Q1 05:26,41.43333333333334,54,2pt,Gordon 13' Pullup Jump Shot (4 PTS),['pointsinthepaint'],Gordon,8,13,Made,True,False,203932.0,,rebound,2pt made,,,,101161|202340|202696|202699|202738|203096|203109|203506|203901|203932,202696|202699|203506|203901|203932,101161|202340|202738|203096|203109,53.0,120.0,1610612753.0,21500716,True
1,PT05M12.00S,05:12,Q1 05:12,41.2,55,2pt,Thomas 2' Driving Layup (5 PTS),['pointsinthepaint'],Thomas,8,15,Made,True,False,202738.0,,2pt made,2pt missed,,,,101161|202340|202696|202699|202738|203096|203109|203506|203901|203932,101161|202340|202738|203096|203109,202696|202699|203506|203901|203932,-14.0,18.0,1610612738.0,21500716,True
1,PT05M01.00S,05:01,Q1 05:01,41.016666666666666,56,2pt,MISS Oladipo 2' Reverse Layup,['pointsinthepaint'],Oladipo,0,0,Missed,True,False,203506.0,,2pt made,2pt made,,,,101161|202340|202696|202699|202738|203096|203109|203506|203901|203932,202696|202699|203506|203901|203932,101161|202340|202738|203096|203109,19.0,8.0,1610612753.0,21500716,True
1,PT04M59.00S,04:59,Q1 04:59,40.983333333333334,57,2pt,Vucevic 1' Tip Layup Shot (2 PTS),['pointsinthepaint'],Vucevic,10,15,Made,True,False,202696.0,,2pt missed,rebound,,,,101161|202340|202696|202699|202738|203096|203109|203506|203901|203932,202696|202699|203506|203901|203932,101161|202340|202738|203096|203109,1.0,13.0,1610612753.0,21500716,True
1,PT04M59.00S,04:59,Q1 04:59,40.983333333333334,58,rebound,Vucevic REBOUND (Off:1 Def:1),[],Vucevic,0,0,,False,False,202696.0,,2pt made,3pt made,,,,101161|202340|202696|202699|202738|203096|203109|203506|203901|203932,202696|202699|203506|203901|203932,101161|202340|202738|203096|203109,,,1610612753.0,21500716,True
1,PT04M45.00S,04:45,Q1 04:45,40.75,59,3pt,Thomas 25' 3PT Jump Shot (8 PTS),[],Thomas,10,18,Made,True,False,202738.0,,rebound,foul,,,,101161|202340|202696|202699|202738|203096|203109|203506|203901|203932,101161|202340|202738|203096|203109,202696|202699|203506|203901|203932,-30.0,252.0,1610612738.0,21500716,True
1,PT04M29.00S,04:29,Q1 04:29,40.483333333333334,60,foul,Sullinger Shooting Block Foul (P1.T2) (D.Richardson),[],Sullinger,0,0,,False,False,203096.0,,3pt made,freethrow,202699.0,,,101161|202340|202696|202699|202738|203096|203109|203506|203901|203932,101161|202340|202738|203096|203109,202696|202699|203506|203901|203932,,,1610612738.0,21500716,True
1,PT04M29.00S,04:29,Q1 04:29,40.483333333333334,61,freethrow,Harris Free Throw 1 of 2 (3 PTS),[],Harris,11,18,Made,False,False,202699.0,,foul,freethrow,,,,101161|202340|202696|202699|202738|203096|203109|203506|203901|203932,202696|202699|203506|203901|203932,101161|202340|202738|203096|203109,,,1610612753.0,21500716,True
1,PT04M29.00S,04:29,Q1 04:29,40.483333333333334,65,freethrow,Harris Free Throw 2 of 2 (4 PTS),[],Harris,12,18,Made,False,False,202699.0,,freethrow,substitution,,,,101161|202340|202696|202699|202738|203096|203109|203506|203901|203932,202696|202699|203506|203901|203932,101161|202340|202738|203096|203109,,,1610612753.0,21500716,True
1,PT04M29.00S,04:29,Q1 04:29,40.483333333333334,63,substitution,SUB out: A. Bradley,[],Bradley,0,0,,False,False,202340.0,,freethrow,substitution,,,,101161|202696|202699|202738|203096|203109|203506|203901|203932,101161|202738|203096|203109,202696|202699|203506|203901|203932,,,1610612738.0,21500716,False
1,PT04M29.00S,04:29,Q1 04:29,40.483333333333334,64,substitution,SUB out: J. Sullinger,[],Sullinger,0,0,,False,False,203096.0,,substitution,substitution,,,,101161|202696|202699|202738|203109|203506|203901|203932,101161|202738|203109,202696|202699|203506|203901|203932,,,1610612738.0,21500716,False
1,PT04M29.00S,04:29,Q1 04:29,40.483333333333334,65,substitution,SUB in: E. Turner,[],Turner,0,0,,False,False,202323.0,,substitution,substitution,,,,101161|202323|202696|202699|202738|203109|203506|203901|203932,101161|202323|202738|203109,202696|202699|203506|203901|203932,,,1610612738.0,21500716,False
1,PT04M29.00S,04:29,Q1 04:29,40.483333333333334,66,substitution,SUB in: M. Smart,[],Smart,0,0,,False,False,203935.0,,substitution,3pt made,,,,101161|202323|202696|202699|202738|203109|203506|203901|203932|203935,101161|202323|202738|203109|203935,202696|202699|203506|203901|203932,,,1610612738.0,21500716,True
1,PT04M16.00S,04:16,Q1 04:16,40.266666666666666,67,3pt,Thomas 25' 3PT Jump Shot (11 PTS),[],Thomas,12,21,Made,True,False,202738.0,,substitution,2pt made,,,,101161|202323|202696|202699|202738|203109|203506|203901|203932|203935,101161|202323|202738|203109|203935,202696|202699|203506|203901|203932,-81.0,237.0,1610612738.0,21500716,True
1,PT03M57.00S,03:57,Q1 03:57,39.95,68,2pt,Payton 2' Driving Layup (4 PTS) (Gordon 1 AST),['pointsinthepaint'],Payton,14,21,Made,True,True,203901.0,203932.0,3pt made,foul,,,,101161|202323|202696|202699|202738|203109|203506|203901|203932|203935,202696|202699|203506|203901|203932,101161|202323|202738|203109|203935,9.0,16.0,1610612753.0,21500716,True
1,PT03M46.00S,03:46,Q1 03:46,39.766666666666666,70,foul,Payton P.FOUL (P2.T3) (S.Corbin),[],Payton,0,0,,False,False,203901.0,,2pt made,substitution,203109.0,,,101161|202323|202696|202699|202738|203109|203506|203901|203932|203935,202696|202699|203506|203901|203932,101161|202323|202738|203109|203935,,,1610612753.0,21500716,True
1,PT03M46.00S,03:46,Q1 03:46,39.766666666666666,71,substitution,SUB out: E. Payton,[],Payton,0,0,,False,False,203901.0,,foul,substitution,,,,101161|202323|202696|202699|202738|203109|203506|203932|203935,202696|202699|203506|203932,101161|202323|202738|203109|203935,,,1610612753.0,21500716,False
1,PT03M46.00S,03:46,Q1 03:46,39.766666666666666,72,substitution,SUB in: M. Hezonja,[],Hezonja,0,0,,False,False,1626209.0,,substitution,3pt missed,,,,101161|1626209|202323|202696|202699|202738|203109|203506|203932|203935,1626209|202696|202699|203506|203932,101161|202323|202738|203109|203935,,,1610612753.0,21500716,True
1,PT03M39.00S,03:39,Q1 03:39,39.65,72,3pt,MISS Crowder 26' 3PT Jump Shot,[],Crowder,0,0,Missed,True,False,203109.0,,substitution,rebound,,,,101161|1626209|202323|202696|202699|202738|203109|203506|203932|203935,101161|202323|202738|203109|203935,1626209|202696|202699|203506|203932,-115.0,228.0,1610612738.0,21500716,True
1,PT03M38.00S,03:38,Q1 03:38,39.63333333333333,73,rebound,Vucevic REBOUND (Off:1 Def:2),[],Vucevic,0,0,,False,False,202696.0,,3pt missed,turnover,,,,101161|1626209|202323|202696|202699|202738|203109|203506|203932|203935,1626209|202696|202699|203506|203932,101161|202323|202738|203109|203935,,,1610612753.0,21500716,True
1,PT03M27.00S,03:27,Q1 03:27,39.45,74,turnover,Harris Out of Bounds Lost Ball Turnover (P1.T3),[],Harris,0,0,,False,False,202699.0,,rebound,2pt missed,,,,101161|1626209|202323|202696|202699|202738|203109|203506|203932|203935,1626209|202696|202699|203506|203932,101161|202323|202738|203109|203935,,,1610612753.0,21500716,True
1,PT03M14.00S,03:14,Q1 03:14,39.233333333333334,75,2pt,MISS Smart 3' Driving Layup,['pointsinthepaint'],Smart,0,0,Missed,True,False,203935.0,,turnover,2pt made,,,,101161|1626209|202323|202696|202699|202738|203109|203506|203932|203935,101161|202323|202738|203109|203935,1626209|202696|202699|203506|203932,9.0,26.0,1610612738.0,21500716,True
1,PT03M12.00S,03:12,Q1 03:12,39.2,76,2pt,Johnson 2' Tip Layup Shot (4 PTS),['pointsinthepaint'],Johnson,14,23,Made,True,False,101161.0,,2pt missed,rebound,,,,101161|1626209|202323|202696|202699|202738|203109|203506|203932|203935,101161|202323|202738|203109|203935,1626209|202696|202699|203506|203932,-2.0,16.0,1610612738.0,21500716,True
1,PT03M12.00S,03:12,Q1 03:12,39.2,77,rebound,Johnson REBOUND (Off:3 Def:1),[],Johnson,0,0,,False,False,101161.0,,2pt made,3pt made,,,,101161|1626209|202323|202696|202699|202738|203109|203506|203932|203935,101161|202323|202738|203109|203935,1626209|202696|202699|203506|203932,,,1610612738.0,21500716,True
1,PT02M52.00S,02:52,Q1 02:52,38.86666666666667,78,3pt,Hezonja 25' 3PT Jump Shot (3 PTS) (Vucevic 1 AST),[],Hezonja,17,23,Made,True,True,1626209.0,202696.0,rebound,foul,,,,101161|1626209|202323|202696|202699|202738|203109|203506|203932|203935,1626209|202696|202699|203506|203932,101161|202323|202738|203109|203935,4.0,247.0,1610612753.0,21500716,True
1,PT02M40.00S,02:40,Q1 02:40,38.666666666666664,79,foul,Oladipo P.FOUL (P2.T4) (S.Corbin),[],Oladipo,0,0,,False,False,203506.0,,3pt made,timeout,203935.0,,,101161|1626209|202323|202696|202699|202738|203109|203506|203932|203935,1626209|202696|202699|203506|203932,101161|202323|202738|203109|203935,,,1610612753.0,21500716,True
1,PT02M40.00S,02:40,Q1 02:40,38.666666666666664,80,timeout,Celtics Timeout: Regular (Reg.1 Short 0),[],,0,0,,False,False,0.0,,foul,substitution,,,,101161|1626209|202323|202696|202699|202738|203109|203506|203932|203935,101161|202323|202738|203109|203935,1626209|202696|202699|203506|203932,,,1610612738.0,21500716,True
1,PT02M40.00S,02:40,Q1 02:40,38.666666666666664,83,substitution,SUB out: N. Vucevic,[],Vucevic,0,0,,False,False,202696.0,,timeout,substitution,,,,101161|1626209|202323|202699|202738|203109|203506|203932|203935,1626209|202699|203506|203932,101161|202323|202738|203109|203935,,,1610612753.0,21500716,False
1,PT02M40.00S,02:40,Q1 02:40,38.666666666666664,84,substitution,SUB out: V. Oladipo,[],Oladipo,0,0,,False,False,203506.0,,substitution,substitution,,,,101161|1626209|202323|202699|202738|203109|203932|203935,1626209|202699|203932,101161|202323|202738|203109|203935,,,1610612753.0,21500716,False
1,PT02M40.00S,02:40,Q1 02:40,38.666666666666664,85,substitution,SUB in: J. Smith,[],Smith,0,0,,False,False,201160.0,,substitution,substitution,,,,101161|1626209|201160|202323|202699|202738|203109|203932|203935,1626209|201160|202699|203932,101161|202323|202738|203109|203935,,,1610612753.0,21500716,False
1,PT02M40.00S,02:40,Q1 02:40,38.666666666666664,86,substitution,SUB in: E. Fournier,[],Fournier,0,0,,False,False,203095.0,,substitution,2pt missed,,,,101161|1626209|201160|202323|202699|202738|203095|203109|203932|203935,1626209|201160|202699|203095|203932,101161|202323|202738|203109|203935,,,1610612753.0,21500716,True
1,PT02M33.00S,02:33,Q1 02:33,38.55,85,2pt,MISS Smart 2' Driving Layup,['pointsinthepaint'],Smart,0,0,Missed,True,False,203935.0,,substitution,2pt missed,,,,101161|1626209|201160|202323|202699|202738|203095|203109|203932|203935,101161|202323|202738|203109|203935,1626209|201160|202699|203095|203932,6.0,21.0,1610612738.0,21500716,True
1,PT02M32.00S,02:32,Q1 02:32,38.53333333333333,86,2pt,MISS Johnson 3' Tip Layup Shot,['pointsinthepaint'],Johnson,0,0,Missed,True,False,101161.0,,2pt missed,rebound,,,,101161|1626209|201160|202323|202699|202738|203095|203109|203932|203935,101161|202323|202738|203109|203935,1626209|201160|202699|203095|203932,-2.0,26.0,1610612738.0,21500716,True
1,PT02M32.00S,02:32,Q1 02:32,38.53333333333333,87,rebound,Johnson REBOUND (Off:4 Def:1),[],Johnson,0,0,,False,False,101161.0,,2pt missed,rebound,,,,101161|1626209|201160|202323|202699|202738|203095|203109|203932|203935,101161|202323|202738|203109|203935,1626209|201160|202699|203095|203932,,,1610612738.0,21500716,True
1,PT02M30.00S,02:30,Q1 02:30,38.5,88,rebound,Johnson REBOUND (Off:5 Def:1),[],Johnson,0,0,,False,False,101161.0,,rebound,turnover,,,,101161|1626209|201160|202323|202699|202738|203095|203109|203932|203935,101161|202323|202738|203109|203935,1626209|201160|202699|203095|203932,,,1610612738.0,21500716,True
1,PT02M26.00S,02:26,Q1 02:26,38.43333333333334,89,turnover,Johnson Lost Ball Turnover (P1.T4),[],Johnson,0,0,,False,False,101161.0,,rebound,steal,,,,101161|1626209|201160|202323|202699|202738|203095|203109|203932|203935,101161|202323|202738|203109|203935,1626209|201160|202699|203095|203932,,,1610612738.0,21500716,True
1,PT02M26.00S,02:26,Q1 02:26,38.43333333333334,89,steal,Fournier STEAL (1 STL),[],Fournier,0,0,,False,False,203095.0,,turnover,2pt missed,,203095.0,,101161|1626209|201160|202323|202699|202738|203095|203109|203932|203935,1626209|201160|202699|203095|203932,101161|202323|202738|203109|203935,,,1610612753.0,21500716,True
1,PT02M09.00S,02:09,Q1 02:09,38.15,90,2pt,MISS Hezonja 2' Driving Layup,['pointsinthepaint'],Hezonja,0,0,Missed,True,False,1626209.0,,steal,rebound,,,,101161|1626209|201160|202323|202699|202738|203095|203109|203932|203935,1626209|201160|202699|203095|203932,101161|202323|202738|203109|203935,12.0,16.0,1610612753.0,21500716,True
1,PT02M08.00S,02:08,Q1 02:08,38.13333333333333,91,rebound,Crowder REBOUND (Off:0 Def:1),[],Crowder,0,0,,False,False,203109.0,,2pt missed,2pt missed,,,,101161|1626209|201160|202323|202699|202738|203095|203109|203932|203935,101161|202323|202738|203109|203935,1626209|201160|202699|203095|203932,,,1610612738.0,21500716,True
1,PT02M04.00S,02:04,Q1 02:04,38.06666666666667,92,2pt,MISS Turner 2' Running Layup,['pointsinthepaint'],Turner,0,0,Missed,True,False,202323.0,,rebound,rebound,,,,101161|1626209|201160|202323|202699|202738|203095|203109|203932|203935,101161|202323|202738|203109|203935,1626209|201160|202699|203095|203932,-6.0,16.0,1610612738.0,21500716,True
1,PT02M02.00S,02:02,Q1 02:02,38.03333333333333,93,rebound,Fournier REBOUND (Off:0 Def:1),[],Fournier,0,0,,False,False,203095.0,,2pt missed,3pt made,,,,101161|1626209|201160|202323|202699|202738|203095|203109|203932|203935,1626209|201160|202699|203095|203932,101161|202323|202738|203109|203935,,,1610612753.0,21500716,True
1,PT01M54.00S,01:54,Q1 01:54,37.9,94,3pt,Fournier 25' 3PT Jump Shot (3 PTS) (Gordon 2 AST),[],Fournier,20,23,Made,True,True,203095.0,203932.0,rebound,3pt missed,,,,101161|1626209|201160|202323|202699|202738|203095|203109|203932|203935,1626209|201160|202699|203095|203932,101161|202323|202738|203109|203935,-192.0,165.0,1610612753.0,21500716,True
1,PT01M32.00S,01:32,Q1 01:32,37.53333333333333,95,3pt,MISS Smart 25' 3PT Jump Shot,[],Smart,0,0,Missed,True,False,203935.0,,3pt made,rebound,,,,101161|1626209|201160|202323|202699|202738|203095|203109|203932|203935,101161|202323|202738|203109|203935,1626209|201160|202699|203095|203932,-237.0,75.0,1610612738.0,21500716,True
1,PT01M32.00S,01:32,Q1 01:32,37.53333333333333,96,rebound,TEAM defensive REBOUND,['team'],,0,0,,False,False,0.0,,3pt missed,substitution,,,,101161|1626209|201160|202323|202699|202738|203095|203109|203932|203935,1626209|201160|202699|203095|203932,101161|202323|202738|203109|203935,,,1610612753.0,21500716,True
1,PT01M32.00S,01:32,Q1 01:32,37.53333333333333,97,substitution,SUB out: A. Gordon,[],Gordon,0,0,,False,False,203932.0,,rebound,substitution,,,,101161|1626209|201160|202323|202699|202738|203095|203109|203935,1626209|201160|202699|203095,101161|202323|202738|203109|203935,,,1610612753.0,21500716,False
1,PT01M32.00S,01:32,Q1 01:32,37.53333333333333,98,substitution,SUB out: A. Johnson,[],Johnson,0,0,,False,False,101161.0,,substitution,substitution,,,,1626209|201160|202323|202699|202738|203095|203109|203935,202323|202738|203109|203935,1626209|201160|202699|203095,,,1610612738.0,21500716,False
1,PT01M32.00S,01:32,Q1 01:32,37.53333333333333,99,substitution,SUB in: D. Dedmon,[],Dedmon,0,0,,False,False,203473.0,,substitution,substitution,,,,1626209|201160|202323|202699|202738|203095|203109|203473|203935,1626209|201160|202699|203095|203473,202323|202738|203109|203935,,,1610612753.0,21500716,False
1,PT01M32.00S,01:32,Q1 01:32,37.53333333333333,100,substitution,SUB in: K. Olynyk,[],Olynyk,0,0,,False,False,203482.0,,substitution,turnover,,,,1626209|201160|202323|202699|202738|203095|203109|203473|203482|203935,202323|202738|203109|203482|203935,1626209|201160|202699|203095|203473,,,1610612738.0,21500716,True
1,PT01M25.00S,01:25,Q1 01:25,37.416666666666664,99,turnover,Hezonja Out of Bounds - Bad Pass Turnover Turnover (P1.T4),[],Hezonja,0,0,,False,False,1626209.0,,substitution,substitution,,,,1626209|201160|202323|202699|202738|203095|203109|203473|203482|203935,1626209|201160|202699|203095|203473,202323|202738|203109|203482|203935,,,1610612753.0,21500716,True
1,PT01M25.00S,01:25,Q1 01:25,37.416666666666664,100,substitution,SUB out: J. Crowder,[],Crowder,0,0,,False,False,203109.0,,turnover,substitution,,,,1626209|201160|202323|202699|202738|203095|203473|203482|203935,202323|202738|203482|203935,1626209|201160|202699|203095|203473,,,1610612738.0,21500716,False
1,PT01M25.00S,01:25,Q1 01:25,37.416666666666664,101,substitution,SUB in: J. Jerebko,[],Jerebko,0,0,,False,False,201973.0,,substitution,2pt missed,,,,1626209|201160|201973|202323|202699|202738|203095|203473|203482|203935,201973|202323|202738|203482|203935,1626209|201160|202699|203095|203473,,,1610612738.0,21500716,True
1,PT01M12.00S,01:12,Q1 01:12,37.2,101,2pt,MISS Olynyk 5' Jump Shot,['pointsinthepaint'],Olynyk,0,0,Missed,True,False,203482.0,,substitution,block,,,,1626209|201160|201973|202323|202699|202738|203095|203473|203482|203935,201973|202323|202738|203482|203935,1626209|201160|202699|203095|203473,35.0,41.0,1610612738.0,21500716,True
1,PT01M12.00S,01:12,Q1 01:12,37.2,101,block,Dedmon BLOCK (1 BLK),[],Dedmon,0,0,,False,False,203473.0,,2pt missed,rebound,,,203473.0,1626209|201160|201973|202323|202699|202738|203095|203473|203482|203935,1626209|201160|202699|203095|203473,201973|202323|202738|203482|203935,,,1610612753.0,21500716,True
1,PT01M09.00S,01:09,Q1 01:09,37.15,102,rebound,Dedmon REBOUND (Off:0 Def:1),[],Dedmon,0,0,,False,False,203473.0,,block,turnover,,,,1626209|201160|201973|202323|202699|202738|203095|203473|203482|203935,1626209|201160|202699|203095|203473,201973|202323|202738|203482|203935,,,1610612753.0,21500716,True
1,PT01M01.00S,01:01,Q1 01:01,37.016666666666666,103,turnover,Fournier Bad Pass Turnover (P1.T5),[],Fournier,0,0,,False,False,203095.0,,rebound,steal,,,,1626209|201160|201973|202323|202699|202738|203095|203473|203482|203935,1626209|201160|202699|203095|203473,201973|202323|202738|203482|203935,,,1610612753.0,21500716,True
1,PT01M01.00S,01:01,Q1 01:01,37.016666666666666,103,steal,Smart STEAL (1 STL),[],Smart,0,0,,False,False,203935.0,,turnover,3pt made,,203935.0,,1626209|201160|201973|202323|202699|202738|203095|203473|203482|203935,201973|202323|202738|203482|203935,1626209|201160|202699|203095|203473,,,1610612738.0,21500716,True
1,PT00M53.90S,00:53,Q1 00:53,36.89833333333333,104,3pt,Smart 25' 3PT Jump Shot (3 PTS) (Turner 1 AST),[],Smart,20,26,Made,True,True,203935.0,202323.0,steal,2pt made,,,,1626209|201160|201973|202323|202699|202738|203095|203473|203482|203935,201973|202323|202738|203482|203935,1626209|201160|202699|203095|203473,86.0,239.0,1610612738.0,21500716,True
1,PT00M41.10S,00:41,Q1 00:41,36.685,105,2pt,Hezonja 17' Jump Shot (5 PTS) (Smith 1 AST),[],Hezonja,22,26,Made,True,True,1626209.0,201160.0,3pt made,3pt made,,,,1626209|201160|201973|202323|202699|202738|203095|203473|203482|203935,1626209|201160|202699|203095|203473,201973|202323|202738|203482|203935,20.0,170.0,1610612753.0,21500716,True
1,PT00M32.80S,00:32,Q1 00:32,36.54666666666667,106,3pt,Smart 25' 3PT Jump Shot (6 PTS) (Turner 2 AST),[],Smart,22,29,Made,True,True,203935.0,202323.0,2pt made,2pt made,,,,1626209|201160|201973|202323|202699|202738|203095|203473|203482|203935,201973|202323|202738|203482|203935,1626209|201160|202699|203095|203473,-17.0,247.0,1610612738.0,21500716,True
1,PT00M21.50S,00:21,Q1 00:21,36.358333333333334,107,2pt,Dedmon  Dunk (2 PTS) (Fournier 1 AST),['pointsinthepaint'],Dedmon,24,29,Made,True,True,203473.0,203095.0,3pt made,3pt made,,,,1626209|201160|201973|202323|202699|202738|203095|203473|203482|203935,1626209|201160|202699|203095|203473,201973|202323|202738|203482|203935,0.0,1.0,1610612753.0,21500716,True
1,PT00M00.00S,00:00,Q1 00:00,36.0,108,3pt,Smart 31' 3PT Jump Shot (9 PTS),[],Smart,24,32,Made,True,False,203935.0,,2pt made,instant replay,,,,1626209|201160|201973|202323|202699|202738|203095|203473|203482|203935,201973|202323|202738|203482|203935,1626209|201160|202699|203095|203473,55.0,308.0,1610612738.0,21500716,True
1,PT00M00.00S,00:00,Q1 00:00,36.0,113,period,End of 1st Period (6:34 PM EST),[],,24,32,,False,False,0.0,,instant replay,period,,,,1626209|201160|201973|202323|202699|202738|203095|203473|203482|203935,1626209|201160|202699|203095|203473,201973|202323|202738|203482|203935,,,1610612753.0,21500716,True
2,PT12M00.00S,12:00,Q2 12:00,36.0,115,period,Start of 2nd Period (6:36 PM EST),[],,24,32,,False,False,0.0,,period,substitution,,,,1626209|201160|201973|202323|202699|202738|203095|203473|203482|203935,1626209|201160|202699|203095|203473,201973|202323|202738|203482|203935,,,1610612753.0,21500716,True
2,PT11M44.00S,11:44,Q2 11:44,35.733333333333334,117,2pt,Hezonja 17' Jump Shot (7 PTS),[],Hezonja,26,32,Made,True,False,1626209.0,,substitution,2pt made,,,,1626209|201160|201973|202323|202340|203095|203473|203482|203932|203935,1626209|201160|203095|203473|203932,201973|202323|202340|203482|203935,166.0,46.0,1610612753.0,21500716,True
2,PT11M28.00S,11:28,Q2 11:28,35.46666666666667,118,2pt,Olynyk 2' Layup (2 PTS) (Turner 3 AST),['pointsinthepaint'],Olynyk,26,34,Made,True,True,203482.0,202323.0,2pt made,turnover,,,,1626209|201160|201973|202323|202340|203095|203473|203482|203932|203935,201973|202323|202340|203482|203935,1626209|201160|203095|203473|203932,9.0,23.0,1610612738.0,21500716,True
2,PT11M17.00S,11:17,Q2 11:17,35.28333333333333,119,turnover,Fournier Step Out of Bounds Turnover (P2.T6),[],Fournier,0,0,,False,False,203095.0,,2pt made,foul,,,,1626209|201160|201973|202323|202340|203095|203473|203482|203932|203935,1626209|201160|203095|203473|203932,201973|202323|202340|203482|203935,,,1610612753.0,21500716,True
2,PT11M05.00S,11:05,Q2 11:05,35.083333333333336,120,foul,Hezonja S.FOUL (P1.T1) (D.Richardson),[],Hezonja,0,0,,False,False,1626209.0,,turnover,freethrow,201973.0,,,1626209|201160|201973|202323|202340|203095|203473|203482|203932|203935,1626209|201160|203095|203473|203932,201973|202323|202340|203482|203935,,,1610612753.0,21500716,True
2,PT11M05.00S,11:05,Q2 11:05,35.083333333333336,121,freethrow,MISS Jerebko Free Throw 1 of 2,[],Jerebko,0,0,Missed,False,False,201973.0,,foul,rebound,,,,1626209|201160|201973|202323|202340|203095|203473|203482|203932|203935,201973|202323|202340|203482|203935,1626209|201160|203095|203473|203932,,,1610612738.0,21500716,True
2,PT11M05.00S,11:05,Q2 11:05,35.083333333333336,122,rebound,TEAM offensive REBOUND,['team'],,0,0,,False,False,0.0,,freethrow,freethrow,,,,1626209|201160|201973|202323|202340|203095|203473|203482|203932|203935,201973|202323|202340|203482|203935,1626209|201160|203095|203473|203932,,,1610612738.0,21500716,True
2,PT11M05.00S,11:05,Q2 11:05,35.083333333333336,123,freethrow,Jerebko Free Throw 2 of 2 (1 PTS),['2ndchance'],Jerebko,26,35,Made,False,False,201973.0,,rebound,3pt made,,,,1626209|201160|201973|202323|202340|203095|203473|203482|203932|203935,201973|202323|202340|203482|203935,1626209|201160|203095|203473|203932,,,1610612738.0,21500716,True
2,PT10M54.00S,10:54,Q2 10:54,34.9,125,3pt,Hezonja 25' 3PT Jump Shot (10 PTS) (Dedmon 1 AST),[],Hezonja,29,35,Made,True,True,1626209.0,203473.0,freethrow,foul,,,,1626209|201160|201973|202323|202340|203095|203473|203482|203932|203935,1626209|201160|203095|203473|203932,201973|202323|202340|203482|203935,-7.0,252.0,1610612753.0,21500716,True
2,PT10M34.00S,10:34,Q2 10:34,34.56666666666666,126,foul,Dedmon P.FOUL (P1.T2) (D.Richardson),[],Dedmon,0,0,,False,False,203473.0,,3pt made,3pt made,201973.0,,,1626209|201160|201973|202323|202340|203095|203473|203482|203932|203935,1626209|201160|203095|203473|203932,201973|202323|202340|203482|203935,,,1610612753.0,21500716,True
2,PT10M29.00S,10:29,Q2 10:29,34.483333333333334,127,3pt,Jerebko 24' 3PT Jump Shot (4 PTS) (Olynyk 1 AST),[],Jerebko,29,38,Made,True,True,201973.0,203482.0,foul,turnover,,,,1626209|201160|201973|202323|202340|203095|203473|203482|203932|203935,201973|202323|202340|203482|203935,1626209|201160|203095|203473|203932,-237.0,51.0,1610612738.0,21500716,True
2,PT10M19.00S,10:19,Q2 10:19,34.31666666666666,128,turnover,Hezonja Out of Bounds - Bad Pass Turnover Turnover (P2.T7),[],Hezonja,0,0,,False,False,1626209.0,,3pt made,3pt missed,,,,1626209|201160|201973|202323|202340|203095|203473|203482|203932|203935,1626209|201160|203095|203473|203932,201973|202323|202340|203482|203935,,,1610612753.0,21500716,True
2,PT10M02.00S,10:02,Q2 10:02,34.03333333333333,129,3pt,MISS Olynyk 26' 3PT Jump Shot,[],Olynyk,0,0,Missed,True,False,203482.0,,turnover,rebound,,,,1626209|201160|201973|202323|202340|203095|203473|203482|203932|203935,201973|202323|202340|203482|203935,1626209|201160|203095|203473|203932,99.0,244.0,1610612738.0,21500716,True
2,PT10M01.00S,10:01,Q2 10:01,34.016666666666666,130,rebound,Dedmon REBOUND (Off:0 Def:2),[],Dedmon,0,0,,False,False,203473.0,,3pt missed,foul,,,,1626209|201160|201973|202323|202340|203095|203473|203482|203932|203935,1626209|201160|203095|203473|203932,201973|202323|202340|203482|203935,,,1610612753.0,21500716,True
2,PT09M53.00S,09:53,Q2 09:53,33.88333333333333,131,foul,Turner S.FOUL (P1.T1) (Z.Zarba),[],Turner,0,0,,False,False,202323.0,,rebound,freethrow,203473.0,,,1626209|201160|201973|202323|202340|203095|203473|203482|203932|203935,201973|202323|202340|203482|203935,1626209|201160|203095|203473|203932,,,1610612738.0,21500716,True
2,PT09M53.00S,09:53,Q2 09:53,33.88333333333333,132,freethrow,MISS Dedmon Free Throw 1 of 2,[],Dedmon,0,0,Missed,False,False,203473.0,,foul,rebound,,,,1626209|201160|201973|202323|202340|203095|203473|203482|203932|203935,1626209|201160|203095|203473|203932,201973|202323|202340|203482|203935,,,1610612753.0,21500716,True
2,PT09M53.00S,09:53,Q2 09:53,33.88333333333333,133,rebound,TEAM offensive REBOUND,['team'],,0,0,,False,False,0.0,,freethrow,freethrow,,,,1626209|201160|201973|202323|202340|203095|203473|203482|203932|203935,1626209|201160|203095|203473|203932,201973|202323|202340|203482|203935,,,1610612753.0,21500716,True
2,PT09M53.00S,09:53,Q2 09:53,33.88333333333333,134,freethrow,Dedmon Free Throw 2 of 2 (3 PTS),['2ndchance'],Dedmon,30,38,Made,False,False,203473.0,,rebound,3pt missed,,,,1626209|201160|201973|202323|202340|203095|203473|203482|203932|203935,1626209|201160|203095|203473|203932,201973|202323|202340|203482|203935,,,1610612753.0,21500716,True
2,PT09M36.00S,09:36,Q2 09:36,33.6,136,3pt,MISS Bradley 25' 3PT Jump Shot,[],Bradley,0,0,Missed,True,False,202340.0,,freethrow,rebound,,,,1626209|201160|201973|202323|202340|203095|203473|203482|203932|203935,201973|202323|202340|203482|203935,1626209|201160|203095|203473|203932,-81.0,237.0,1610612738.0,21500716,True
2,PT09M34.00S,09:34,Q2 09:34,33.56666666666666,137,rebound,Hezonja REBOUND (Off:0 Def:1),[],Hezonja,0,0,,False,False,1626209.0,,3pt missed,2pt made,,,,1626209|201160|201973|202323|202340|203095|203473|203482|203932|203935,1626209|201160|203095|203473|203932,201973|202323|202340|203482|203935,,,1610612753.0,21500716,True
2,PT09M25.00S,09:25,Q2 09:25,33.416666666666664,138,2pt,Gordon 1' Layup (6 PTS) (Hezonja 1 AST),['pointsinthepaint'],Gordon,32,38,Made,True,True,203932.0,1626209.0,rebound,foul,,,,1626209|201160|201973|202323|202340|203095|203473|203482|203932|203935,1626209|201160|203095|203473|203932,201973|202323|202340|203482|203935,10.0,11.0,1610612753.0,21500716,True
2,PT09M10.00S,09:10,Q2 09:10,33.166666666666664,139,foul,Smith P.FOUL (P1.T3) (D.Richardson),[],Smith,0,0,,False,False,201160.0,,2pt made,foul,202323.0,,,1626209|201160|201973|202323|202340|203095|203473|203482|203932|203935,1626209|201160|203095|203473|203932,201973|202323|202340|203482|203935,,,1610612753.0,21500716,True
2,PT09M06.00S,09:06,Q2 09:06,33.1,140,foul,Fournier P.FOUL (P1.T4) (Z.Zarba),[],Fournier,0,0,,False,False,203095.0,,foul,2pt made,202323.0,,,1626209|201160|201973|202323|202340|203095|203473|203482|203932|203935,1626209|201160|203095|203473|203932,201973|202323|202340|203482|203935,,,1610612753.0,21500716,True
2,PT08M55.00S,08:55,Q2 08:55,32.916666666666664,141,2pt,Turner 2' Driving Layup (2 PTS),['pointsinthepaint'],Turner,32,40,Made,True,False,202323.0,,foul,2pt made,,,,1626209|201160|201973|202323|202340|203095|203473|203482|203932|203935,201973|202323|202340|203482|203935,1626209|201160|203095|203473|203932,9.0,21.0,1610612738.0,21500716,True
2,PT08M48.00S,08:48,Q2 08:48,32.8,142,2pt,Fournier 3' Running Layup (5 PTS),['pointsinthepaint'],Fournier,34,40,Made,True,False,203095.0,,2pt made,foul,,,,1626209|201160|201973|202323|202340|203095|203473|203482|203932|203935,1626209|201160|203095|203473|203932,201973|202323|202340|203482|203935,6.0,26.0,1610612753.0,21500716,True
2,PT08M48.00S,08:48,Q2 08:48,32.8,143,foul,Jerebko S.FOUL (P1.T2) (Z.Zarba),[],Jerebko,0,0,,False,False,201973.0,,2pt made,timeout,203095.0,,,1626209|201160|201973|202323|202340|203095|203473|203482|203932|203935,201973|202323|202340|203482|203935,1626209|201160|203095|203473|203932,,,1610612738.0,21500716,True
2,PT08M48.00S,08:48,Q2 08:48,32.8,144,timeout,Timeout: Official,[],,0,0,,False,False,0.0,,foul,freethrow,,,,1626209|201160|201973|202323|202340|203095|203473|203482|203932|203935,1626209|201160|203095|203473|203932,201973|202323|202340|203482|203935,,,0.0,21500716,True
2,PT08M48.00S,08:48,Q2 08:48,32.8,149,freethrow,Fournier Free Throw 1 of 1 (6 PTS),[],Fournier,35,40,Made,False,False,203095.0,,timeout,2pt made,,,,1626209|201160|201973|202323|202340|203095|203473|203482|203932|203935,1626209|201160|203095|203473|203932,201973|202323|202340|203482|203935,,,1610612753.0,21500716,True
2,PT08M35.00S,08:35,Q2 08:35,32.583333333333336,151,2pt,Olynyk 20' Jump Shot (4 PTS) (Turner 4 AST),[],Olynyk,35,42,Made,True,True,203482.0,202323.0,freethrow,turnover,,,,1626209|201160|201973|202323|202340|203095|203473|203482|203932|203935,201973|202323|202340|203482|203935,1626209|201160|203095|203473|203932,-89.0,178.0,1610612738.0,21500716,True
2,PT08M16.00S,08:16,Q2 08:16,32.266666666666666,152,turnover,Fournier Bad Pass Turnover (P3.T8),[],Fournier,0,0,,False,False,203095.0,,2pt made,steal,,,,1626209|201160|201973|202323|202340|203095|203473|203482|203932|203935,1626209|201160|203095|203473|203932,201973|202323|202340|203482|203935,,,1610612753.0,21500716,True
2,PT08M16.00S,08:16,Q2 08:16,32.266666666666666,152,steal,Jerebko STEAL (1 STL),[],Jerebko,0,0,,False,False,201973.0,,turnover,2pt missed,,201973.0,,1626209|201160|201973|202323|202340|203095|203473|203482|203932|203935,201973|202323|202340|203482|203935,1626209|201160|203095|203473|203932,,,1610612738.0,21500716,True
2,PT08M08.00S,08:08,Q2 08:08,32.13333333333333,153,2pt,MISS Turner 18' Jump Shot,[],Turner,0,0,Missed,True,False,202323.0,,steal,rebound,,,,1626209|201160|201973|202323|202340|203095|203473|203482|203932|203935,201973|202323|202340|203482|203935,1626209|201160|203095|203473|203932,53.0,174.0,1610612738.0,21500716,True
2,PT08M07.00S,08:07,Q2 08:07,32.11666666666667,154,rebound,Hezonja REBOUND (Off:0 Def:2),[],Hezonja,0,0,,False,False,1626209.0,,2pt missed,2pt missed,,,,1626209|201160|201973|202323|202340|203095|203473|203482|203932|203935,1626209|201160|203095|203473|203932,201973|202323|202340|203482|203935,,,1610612753.0,21500716,True
2,PT07M57.00S,07:57,Q2 07:57,31.95,155,2pt,MISS Hezonja 23' Jump Shot,[],Hezonja,0,0,Missed,True,False,1626209.0,,rebound,rebound,,,,1626209|201160|201973|202323|202340|203095|203473|203482|203932|203935,1626209|201160|203095|203473|203932,201973|202323|202340|203482|203935,-155.0,170.0,1610612753.0,21500716,True
2,PT07M56.00S,07:56,Q2 07:56,31.933333333333334,156,rebound,Bradley REBOUND (Off:0 Def:2),[],Bradley,0,0,,False,False,202340.0,,2pt missed,3pt missed,,,,1626209|201160|201973|202323|202340|203095|203473|203482|203932|203935,201973|202323|202340|203482|203935,1626209|201160|203095|203473|203932,,,1610612738.0,21500716,True
2,PT07M50.00S,07:50,Q2 07:50,31.833333333333332,157,3pt,MISS Smart 26' 3PT Running Jump Shot,[],Smart,0,0,Missed,True,False,203935.0,,rebound,rebound,,,,1626209|201160|201973|202323|202340|203095|203473|203482|203932|203935,201973|202323|202340|203482|203935,1626209|201160|203095|203473|203932,-161.0,200.0,1610612738.0,21500716,True
2,PT07M49.00S,07:49,Q2 07:49,31.816666666666666,158,rebound,Dedmon REBOUND (Off:0 Def:3),[],Dedmon,0,0,,False,False,203473.0,,3pt missed,foul,,,,1626209|201160|201973|202323|202340|203095|203473|203482|203932|203935,1626209|201160|203095|203473|203932,201973|202323|202340|203482|203935,,,1610612753.0,21500716,True
2,PT07M42.00S,07:42,Q2 07:42,31.7,159,foul,Dedmon OFF.Foul (P2) (S.Corbin),['inpenalty'],Dedmon,0,0,,False,False,203473.0,,rebound,turnover,203482.0,,,1626209|201160|201973|202323|202340|203095|203473|203482|203932|203935,1626209|201160|203095|203473|203932,201973|202323|202340|203482|203935,,,1610612753.0,21500716,True
2,PT07M42.00S,07:42,Q2 07:42,31.7,160,turnover,Dedmon Foul Turnover (P1.T9),[],Dedmon,0,0,,False,False,203473.0,,foul,3pt missed,,,,1626209|201160|201973|202323|202340|203095|203473|203482|203932|203935,1626209|201160|203095|203473|203932,201973|202323|202340|203482|203935,,,1610612753.0,21500716,True
2,PT07M31.00S,07:31,Q2 07:31,31.516666666666666,161,3pt,MISS Olynyk 26' 3PT Jump Shot,[],Olynyk,0,0,Missed,True,False,203482.0,,turnover,rebound,,,,1626209|201160|201973|202323|202340|203095|203473|203482|203932|203935,201973|202323|202340|203482|203935,1626209|201160|203095|203473|203932,58.0,257.0,1610612738.0,21500716,True
2,PT07M29.00S,07:29,Q2 07:29,31.483333333333334,162,rebound,Fournier REBOUND (Off:0 Def:2),[],Fournier,0,0,,False,False,203095.0,,3pt missed,2pt made,,,,1626209|201160|201973|202323|202340|203095|203473|203482|203932|203935,1626209|201160|203095|203473|203932,201973|202323|202340|203482|203935,,,1610612753.0,21500716,True
2,PT07M12.00S,07:12,Q2 07:12,31.2,163,2pt,Hezonja 16' Pullup Bank Shot (12 PTS) (Fournier 2 AST),[],Hezonja,37,42,Made,True,True,1626209.0,203095.0,rebound,2pt made,,,,1626209|201160|201973|202323|202340|203095|203473|203482|203932|203935,1626209|201160|203095|203473|203932,201973|202323|202340|203482|203935,-132.0,90.0,1610612753.0,21500716,True
2,PT06M57.00S,06:57,Q2 06:57,30.95,164,2pt,Bradley 19' Jump Shot (8 PTS) (Olynyk 2 AST),[],Bradley,37,44,Made,True,True,202340.0,203482.0,2pt made,2pt missed,,,,1626209|201160|201973|202323|202340|203095|203473|203482|203932|203935,201973|202323|202340|203482|203935,1626209|201160|203095|203473|203932,1.0,193.0,1610612738.0,21500716,True
2,PT06M37.00S,06:37,Q2 06:37,30.616666666666667,165,2pt,MISS Dedmon 7' Hook Shot,['pointsinthepaint'],Dedmon,0,0,Missed,True,False,203473.0,,2pt made,rebound,,,,1626209|201160|201973|202323|202340|203095|203473|203482|203932|203935,1626209|201160|203095|203473|203932,201973|202323|202340|203482|203935,20.0,72.0,1610612753.0,21500716,True
2,PT06M35.00S,06:35,Q2 06:35,30.583333333333332,166,rebound,Olynyk REBOUND (Off:0 Def:1),[],Olynyk,0,0,,False,False,203482.0,,2pt missed,2pt missed,,,,1626209|201160|201973|202323|202340|203095|203473|203482|203932|203935,201973|202323|202340|203482|203935,1626209|201160|203095|203473|203932,,,1610612738.0,21500716,True
2,PT06M21.00S,06:21,Q2 06:21,30.35,167,2pt,MISS Smart 2' Driving Layup,['pointsinthepaint'],Smart,0,0,Missed,True,False,203935.0,,rebound,2pt made,,,,1626209|201160|201973|202323|202340|203095|203473|203482|203932|203935,201973|202323|202340|203482|203935,1626209|201160|203095|203473|203932,-2.0,23.0,1610612738.0,21500716,True
2,PT06M19.00S,06:19,Q2 06:19,30.316666666666666,168,2pt,Smart 2' Tip Layup Shot (11 PTS),['pointsinthepaint'],Smart,37,46,Made,True,False,203935.0,,2pt missed,rebound,,,,1626209|201160|201973|202323|202340|203095|203473|203482|203932|203935,201973|202323|202340|203482|203935,1626209|201160|203095|203473|203932,-2.0,23.0,1610612738.0,21500716,True
2,PT06M19.00S,06:19,Q2 06:19,30.316666666666666,169,rebound,Smart REBOUND (Off:1 Def:0),[],Smart,0,0,,False,False,203935.0,,2pt made,3pt missed,,,,1626209|201160|201973|202323|202340|203095|203473|203482|203932|203935,201973|202323|202340|203482|203935,1626209|201160|203095|203473|203932,,,1610612738.0,21500716,True
2,PT06M07.00S,06:07,Q2 06:07,30.116666666666667,170,3pt,MISS Gordon 25' 3PT Jump Shot,[],Gordon,0,0,Missed,True,False,203932.0,,rebound,rebound,,,,1626209|201160|201973|202323|202340|203095|203473|203482|203932|203935,1626209|201160|203095|203473|203932,201973|202323|202340|203482|203935,-48.0,242.0,1610612753.0,21500716,True
2,PT06M05.00S,06:05,Q2 06:05,30.083333333333332,171,rebound,TEAM defensive REBOUND,['team'],,0,0,,False,False,0.0,,3pt missed,foul,,,,1626209|201160|201973|202323|202340|203095|203473|203482|203932|203935,201973|202323|202340|203482|203935,1626209|201160|203095|203473|203932,,,1610612738.0,21500716,True
2,PT05M54.00S,05:54,Q2 05:54,29.9,172,foul,Smith P.FOUL (P2.PN) (Z.Zarba),['inpenalty'],Smith,0,0,,False,False,201160.0,,rebound,timeout,203482.0,,,1626209|201160|201973|202323|202340|203095|203473|203482|203932|203935,1626209|201160|203095|203473|203932,201973|202323|202340|203482|203935,,,1610612753.0,21500716,True
2,PT05M54.00S,05:54,Q2 05:54,29.9,174,timeout,MAGIC Timeout: Regular (Full 2 Short 0),[],,0,0,,False,False,0.0,,foul,freethrow,,,,1626209|201160|201973|202323|202340|203095|203473|203482|203932|203935,1626209|201160|203095|203473|203932,201973|202323|202340|203482|203935,,,1610612753.0,21500716,True
2,PT05M54.00S,05:54,Q2 05:54,29.9,179,freethrow,Olynyk Free Throw 1 of 2 (5 PTS),[],Olynyk,37,47,Made,False,False,203482.0,,timeout,freethrow,,,,1626209|201160|201973|202323|202340|203095|203473|203482|203932|203935,201973|202323|202340|203482|203935,1626209|201160|203095|203473|203932,,,1610612738.0,21500716,True
2,PT05M54.00S,05:54,Q2 05:54,29.9,181,freethrow,Olynyk Free Throw 2 of 2 (6 PTS),[],Olynyk,37,48,Made,False,False,203482.0,,freethrow,substitution,,,,1626209|201160|201973|202323|202340|203095|203473|203482|203932|203935,201973|202323|202340|203482|203935,1626209|201160|203095|203473|203932,,,1610612738.0,21500716,True
2,PT05M54.00S,05:54,Q2 05:54,29.9,176,substitution,SUB out: E. Fournier,[],Fournier,0,0,,False,False,203095.0,,freethrow,substitution,,,,1626209|201160|201973|202323|202340|203473|203482|203932|203935,1626209|201160|203473|203932,201973|202323|202340|203482|203935,,,1610612753.0,21500716,False
2,PT05M54.00S,05:54,Q2 05:54,29.9,177,substitution,SUB out: D. Dedmon,[],Dedmon,0,0,,False,False,203473.0,,substitution,substitution,,,,1626209|201160|201973|202323|202340|203482|203932|203935,1626209|201160|203932,201973|202323|202340|203482|203935,,,1610612753.0,21500716,False
2,PT05M54.00S,05:54,Q2 05:54,29.9,178,substitution,SUB in: N. Vucevic,[],Vucevic,0,0,,False,False,202696.0,,substitution,substitution,,,,1626209|201160|201973|202323|202340|202696|203482|203932|203935,1626209|201160|202696|203932,201973|202323|202340|203482|203935,,,1610612753.0,21500716,False
2,PT05M54.00S,05:54,Q2 05:54,29.9,179,substitution,SUB in: V. Oladipo,[],Oladipo,0,0,,False,False,203506.0,,substitution,2pt missed,,,,1626209|201160|201973|202323|202340|202696|203482|203506|203932|203935,1626209|201160|202696|203506|203932,201973|202323|202340|203482|203935,,,1610612753.0,21500716,True
2,PT05M29.00S,05:29,Q2 05:29,29.483333333333334,184,2pt,MISS Vucevic 14' Turnaround Jump Shot,[],Vucevic,0,0,Missed,True,False,202696.0,,substitution,rebound,,,,1626209|201160|201973|202323|202340|202696|203482|203506|203932|203935,1626209|201160|202696|203506|203932,201973|202323|202340|203482|203935,123.0,61.0,1610612753.0,21500716,True
2,PT05M27.00S,05:27,Q2 05:27,29.45,185,rebound,Jerebko REBOUND (Off:0 Def:1),[],Jerebko,0,0,,False,False,201973.0,,2pt missed,3pt missed,,,,1626209|201160|201973|202323|202340|202696|203482|203506|203932|203935,201973|202323|202340|203482|203935,1626209|201160|202696|203506|203932,,,1610612738.0,21500716,True
2,PT05M12.00S,05:12,Q2 05:12,29.2,186,3pt,MISS Jerebko 25' 3PT Jump Shot,[],Jerebko,0,0,Missed,True,False,201973.0,,rebound,rebound,,,,1626209|201160|201973|202323|202340|202696|203482|203506|203932|203935,201973|202323|202340|203482|203935,1626209|201160|202696|203506|203932,133.0,214.0,1610612738.0,21500716,True
2,PT05M10.00S,05:10,Q2 05:10,29.166666666666668,187,rebound,Gordon REBOUND (Off:1 Def:3),[],Gordon,0,0,,False,False,203932.0,,3pt missed,3pt missed,,,,1626209|201160|201973|202323|202340|202696|203482|203506|203932|203935,1626209|201160|202696|203506|203932,201973|202323|202340|203482|203935,,,1610612753.0,21500716,True
2,PT04M51.00S,04:51,Q2 04:51,28.85,189,3pt,MISS Hezonja 26' 3PT Jump Shot,[],Hezonja,0,0,Missed,True,False,1626209.0,,rebound,rebound,,,,1626209|201160|201973|202323|202340|202696|203482|203506|203932|203935,1626209|201160|202696|203506|203932,201973|202323|202340|203482|203935,-143.0,214.0,1610612753.0,21500716,True
2,PT04M49.00S,04:49,Q2 04:49,28.816666666666666,190,rebound,Bradley REBOUND (Off:0 Def:3),[],Bradley,0,0,,False,False,202340.0,,3pt missed,2pt made,,,,1626209|201160|201973|202323|202340|202696|203482|203506|203932|203935,201973|202323|202340|203482|203935,1626209|201160|202696|203506|203932,,,1610612738.0,21500716,True
2,PT04M35.00S,04:35,Q2 04:35,28.583333333333332,191,2pt,Turner 19' Pullup Jump Shot (4 PTS),[],Turner,37,50,Made,True,False,202323.0,,rebound,2pt made,,,,1626209|201160|201973|202323|202340|202696|203482|203506|203932|203935,201973|202323|202340|203482|203935,1626209|201160|202696|203506|203932,-48.0,180.0,1610612738.0,21500716,True
2,PT04M06.00S,04:06,Q2 04:06,28.1,192,2pt,Vucevic 3' Alley Oop Layup (4 PTS) (Smith 2 AST),['pointsinthepaint'],Vucevic,39,50,Made,True,True,202696.0,201160.0,2pt made,2pt missed,,,,1626209|201160|201973|202323|202340|202696|203482|203506|203932|203935,1626209|201160|202696|203506|203932,201973|202323|202340|203482|203935,-4.0,31.0,1610612753.0,21500716,True
2,PT03M47.00S,03:47,Q2 03:47,27.78333333333333,193,2pt,MISS Bradley 18' Jump Shot,[],Bradley,0,0,Missed,True,False,202340.0,,2pt made,rebound,,,,1626209|201160|201973|202323|202340|202696|203482|203506|203932|203935,201973|202323|202340|203482|203935,1626209|201160|202696|203506|203932,-133.0,115.0,1610612738.0,21500716,True
2,PT03M46.00S,03:46,Q2 03:46,27.766666666666666,194,rebound,Vucevic REBOUND (Off:1 Def:3),[],Vucevic,0,0,,False,False,202696.0,,2pt missed,foul,,,,1626209|201160|201973|202323|202340|202696|203482|203506|203932|203935,1626209|201160|202696|203506|203932,201973|202323|202340|203482|203935,,,1610612753.0,21500716,True
2,PT03M32.00S,03:32,Q2 03:32,27.53333333333333,195,foul,Jerebko S.FOUL (P2.T3) (D.Richardson),[],Jerebko,0,0,,False,False,201973.0,,rebound,freethrow,203932.0,,,1626209|201160|201973|202323|202340|202696|203482|203506|203932|203935,201973|202323|202340|203482|203935,1626209|201160|202696|203506|203932,,,1610612738.0,21500716,True
2,PT03M32.00S,03:32,Q2 03:32,27.53333333333333,196,freethrow,MISS Gordon Free Throw 1 of 2,[],Gordon,0,0,Missed,False,False,203932.0,,foul,rebound,,,,1626209|201160|201973|202323|202340|202696|203482|203506|203932|203935,1626209|201160|202696|203506|203932,201973|202323|202340|203482|203935,,,1610612753.0,21500716,True
2,PT03M32.00S,03:32,Q2 03:32,27.53333333333333,197,rebound,TEAM offensive REBOUND,['team'],,0,0,,False,False,0.0,,freethrow,freethrow,,,,1626209|201160|201973|202323|202340|202696|203482|203506|203932|203935,1626209|201160|202696|203506|203932,201973|202323|202340|203482|203935,,,1610612753.0,21500716,True
2,PT03M32.00S,03:32,Q2 03:32,27.53333333333333,202,freethrow,MISS Gordon Free Throw 2 of 2,[],Gordon,0,0,Missed,False,False,203932.0,,rebound,substitution,,,,1626209|201160|201973|202323|202340|202696|203482|203506|203932|203935,1626209|201160|202696|203506|203932,201973|202323|202340|203482|203935,,,1610612753.0,21500716,True
2,PT03M32.00S,03:32,Q2 03:32,27.53333333333333,198,substitution,SUB out: M. Smart,[],Smart,0,0,,False,False,203935.0,,freethrow,substitution,,,,1626209|201160|201973|202323|202340|202696|203482|203506|203932,201973|202323|202340|203482,1626209|201160|202696|203506|203932,,,1610612738.0,21500716,False
2,PT03M32.00S,03:32,Q2 03:32,27.53333333333333,199,substitution,SUB out: K. Olynyk,[],Olynyk,0,0,,False,False,203482.0,,substitution,substitution,,,,1626209|201160|201973|202323|202340|202696|203506|203932,201973|202323|202340,1626209|201160|202696|203506|203932,,,1610612738.0,21500716,False
2,PT03M32.00S,03:32,Q2 03:32,27.53333333333333,200,substitution,SUB out: J. Jerebko,[],Jerebko,0,0,,False,False,201973.0,,substitution,substitution,,,,1626209|201160|202323|202340|202696|203506|203932,202323|202340,1626209|201160|202696|203506|203932,,,1610612738.0,21500716,False
2,PT03M32.00S,03:32,Q2 03:32,27.53333333333333,201,substitution,SUB out: J. Smith,[],Smith,0,0,,False,False,201160.0,,substitution,substitution,,,,1626209|202323|202340|202696|203506|203932,1626209|202696|203506|203932,202323|202340,,,1610612753.0,21500716,False
2,PT03M32.00S,03:32,Q2 03:32,27.53333333333333,202,substitution,SUB in: I. Thomas,[],Thomas,0,0,,False,False,202738.0,,substitution,substitution,,,,1626209|202323|202340|202696|202738|203506|203932,202323|202340|202738,1626209|202696|203506|203932,,,1610612738.0,21500716,False
2,PT03M32.00S,03:32,Q2 03:32,27.53333333333333,203,substitution,SUB in: J. Sullinger,[],Sullinger,0,0,,False,False,203096.0,,substitution,substitution,,,,1626209|202323|202340|202696|202738|203096|203506|203932,202323|202340|202738|203096,1626209|202696|203506|203932,,,1610612738.0,21500716,False
2,PT03M32.00S,03:32,Q2 03:32,27.53333333333333,204,substitution,SUB in: A. Johnson,[],Johnson,0,0,,False,False,101161.0,,substitution,substitution,,,,101161|1626209|202323|202340|202696|202738|203096|203506|203932,101161|202323|202340|202738|203096,1626209|202696|203506|203932,,,1610612738.0,21500716,False
2,PT03M32.00S,03:32,Q2 03:32,27.53333333333333,205,substitution,SUB in: T. Harris,[],Harris,0,0,,False,False,202699.0,,substitution,rebound,,,,101161|1626209|202323|202340|202696|202699|202738|203096|203506|203932,1626209|202696|202699|203506|203932,101161|202323|202340|202738|203096,,,1610612753.0,21500716,True
2,PT03M31.00S,03:31,Q2 03:31,27.516666666666666,204,rebound,Johnson REBOUND (Off:5 Def:2),[],Johnson,0,0,,False,False,101161.0,,substitution,2pt made,,,,101161|1626209|202323|202340|202696|202699|202738|203096|203506|203932,101161|202323|202340|202738|203096,1626209|202696|202699|203506|203932,,,1610612738.0,21500716,True
2,PT03M16.00S,03:16,Q2 03:16,27.266666666666666,205,2pt,Turner 19' Pullup Jump Shot (6 PTS),[],Turner,39,52,Made,True,False,202323.0,,rebound,3pt missed,,,,101161|1626209|202323|202340|202696|202699|202738|203096|203506|203932,101161|202323|202340|202738|203096,1626209|202696|202699|203506|203932,-40.0,183.0,1610612738.0,21500716,True
2,PT02M59.00S,02:59,Q2 02:59,26.983333333333334,206,3pt,MISS Oladipo 25' 3PT Jump Shot,[],Oladipo,0,0,Missed,True,False,203506.0,,2pt made,rebound,,,,101161|1626209|202323|202340|202696|202699|202738|203096|203506|203932,1626209|202696|202699|203506|203932,101161|202323|202340|202738|203096,-99.0,232.0,1610612753.0,21500716,True
2,PT02M57.00S,02:57,Q2 02:57,26.95,207,rebound,Thomas REBOUND (Off:0 Def:3),[],Thomas,0,0,,False,False,202738.0,,3pt missed,2pt missed,,,,101161|1626209|202323|202340|202696|202699|202738|203096|203506|203932,101161|202323|202340|202738|203096,1626209|202696|202699|203506|203932,,,1610612738.0,21500716,True
2,PT02M50.00S,02:50,Q2 02:50,26.833333333333332,208,2pt,MISS Sullinger 3' Layup,['pointsinthepaint'],Sullinger,0,0,Missed,True,False,203096.0,,rebound,block,,,,101161|1626209|202323|202340|202696|202699|202738|203096|203506|203932,101161|202323|202340|202738|203096,1626209|202696|202699|203506|203932,14.0,21.0,1610612738.0,21500716,True
2,PT02M50.00S,02:50,Q2 02:50,26.833333333333332,208,block,Vucevic BLOCK (2 BLK),[],Vucevic,0,0,,False,False,202696.0,,2pt missed,rebound,,,202696.0,101161|1626209|202323|202340|202696|202699|202738|203096|203506|203932,1626209|202696|202699|203506|203932,101161|202323|202340|202738|203096,,,1610612753.0,21500716,True
2,PT02M48.00S,02:48,Q2 02:48,26.8,209,rebound,Sullinger REBOUND (Off:1 Def:2),[],Sullinger,0,0,,False,False,203096.0,,block,3pt missed,,,,101161|1626209|202323|202340|202696|202699|202738|203096|203506|203932,101161|202323|202340|202738|203096,1626209|202696|202699|203506|203932,,,1610612738.0,21500716,True
2,PT02M44.00S,02:44,Q2 02:44,26.733333333333334,210,3pt,MISS Bradley 26' 3PT Jump Shot,[],Bradley,0,0,Missed,True,False,202340.0,,rebound,rebound,,,,101161|1626209|202323|202340|202696|202699|202738|203096|203506|203932,101161|202323|202340|202738|203096,1626209|202696|202699|203506|203932,-124.0,228.0,1610612738.0,21500716,True
2,PT02M42.00S,02:42,Q2 02:42,26.7,211,rebound,Oladipo REBOUND (Off:1 Def:1),[],Oladipo,0,0,,False,False,203506.0,,3pt missed,foul,,,,101161|1626209|202323|202340|202696|202699|202738|203096|203506|203932,1626209|202696|202699|203506|203932,101161|202323|202340|202738|203096,,,1610612753.0,21500716,True
2,PT02M38.00S,02:38,Q2 02:38,26.633333333333333,212,foul,Thomas Shooting Block Foul (P2.T4) (S.Corbin),[],Thomas,0,0,,False,False,202738.0,,rebound,timeout,202696.0,,,101161|1626209|202323|202340|202696|202699|202738|203096|203506|203932,101161|202323|202340|202738|203096,1626209|202696|202699|203506|203932,,,1610612738.0,21500716,True
2,PT02M38.00S,02:38,Q2 02:38,26.633333333333333,213,timeout,Celtics Timeout: Regular (Reg.2 Short 0),[],,0,0,,False,False,0.0,,foul,freethrow,,,,101161|1626209|202323|202340|202696|202699|202738|203096|203506|203932,101161|202323|202340|202738|203096,1626209|202696|202699|203506|203932,,,1610612738.0,21500716,True
2,PT02M38.00S,02:38,Q2 02:38,26.633333333333333,217,freethrow,Vucevic Free Throw 1 of 2 (5 PTS),[],Vucevic,40,52,Made,False,False,202696.0,,timeout,freethrow,,,,101161|1626209|202323|202340|202696|202699|202738|203096|203506|203932,1626209|202696|202699|203506|203932,101161|202323|202340|202738|203096,,,1610612753.0,21500716,True
2,PT02M38.00S,02:38,Q2 02:38,26.633333333333333,219,freethrow,MISS Vucevic Free Throw 2 of 2,[],Vucevic,0,0,Missed,False,False,202696.0,,freethrow,substitution,,,,101161|1626209|202323|202340|202696|202699|202738|203096|203506|203932,1626209|202696|202699|203506|203932,101161|202323|202340|202738|203096,,,1610612753.0,21500716,True
2,PT02M38.00S,02:38,Q2 02:38,26.633333333333333,215,substitution,SUB out: E. Turner,[],Turner,0,0,,False,False,202323.0,,freethrow,substitution,,,,101161|1626209|202340|202696|202699|202738|203096|203506|203932,101161|202340|202738|203096,1626209|202696|202699|203506|203932,,,1610612738.0,21500716,False
2,PT02M38.00S,02:38,Q2 02:38,26.633333333333333,216,substitution,SUB out: A. Gordon,[],Gordon,0,0,,False,False,203932.0,,substitution,substitution,,,,101161|1626209|202340|202696|202699|202738|203096|203506,1626209|202696|202699|203506,101161|202340|202738|203096,,,1610612753.0,21500716,False
2,PT02M38.00S,02:38,Q2 02:38,26.633333333333333,217,substitution,SUB in: J. Crowder,[],Crowder,0,0,,False,False,203109.0,,substitution,substitution,,,,101161|1626209|202340|202696|202699|202738|203096|203109|203506,101161|202340|202738|203096|203109,1626209|202696|202699|203506,,,1610612738.0,21500716,False
2,PT02M38.00S,02:38,Q2 02:38,26.633333333333333,218,substitution,SUB in: E. Payton,[],Payton,0,0,,False,False,203901.0,,substitution,rebound,,,,101161|1626209|202340|202696|202699|202738|203096|203109|203506|203901,1626209|202696|202699|203506|203901,101161|202340|202738|203096|203109,,,1610612753.0,21500716,True
2,PT02M37.00S,02:37,Q2 02:37,26.616666666666667,221,rebound,Johnson REBOUND (Off:5 Def:3),[],Johnson,0,0,,False,False,101161.0,,substitution,2pt made,,,,101161|1626209|202340|202696|202699|202738|203096|203109|203506|203901,101161|202340|202738|203096|203109,1626209|202696|202699|203506|203901,,,1610612738.0,21500716,True
2,PT02M25.00S,02:25,Q2 02:25,26.416666666666668,222,2pt,Sullinger 18' Jump Shot (2 PTS) (Thomas 4 AST),[],Sullinger,40,54,Made,True,True,203096.0,202738.0,rebound,3pt missed,,,,101161|1626209|202340|202696|202699|202738|203096|203109|203506|203901,101161|202340|202738|203096|203109,1626209|202696|202699|203506|203901,42.0,180.0,1610612738.0,21500716,True
2,PT02M09.00S,02:09,Q2 02:09,26.15,223,3pt,MISS Hezonja 25' 3PT Jump Shot,[],Hezonja,0,0,Missed,True,False,1626209.0,,2pt made,rebound,,,,101161|1626209|202340|202696|202699|202738|203096|203109|203506|203901,1626209|202696|202699|203506|203901,101161|202340|202738|203096|203109,-160.0,193.0,1610612753.0,21500716,True
2,PT02M07.00S,02:07,Q2 02:07,26.116666666666667,224,rebound,Sullinger REBOUND (Off:1 Def:3),[],Sullinger,0,0,,False,False,203096.0,,3pt missed,2pt missed,,,,101161|1626209|202340|202696|202699|202738|203096|203109|203506|203901,101161|202340|202738|203096|203109,1626209|202696|202699|203506|203901,,,1610612738.0,21500716,True
2,PT02M04.00S,02:04,Q2 02:04,26.066666666666666,225,2pt,MISS Bradley 2' Running Layup,['pointsinthepaint'],Bradley,0,0,Missed,True,False,202340.0,,rebound,rebound,,,,101161|1626209|202340|202696|202699|202738|203096|203109|203506|203901,101161|202340|202738|203096|203109,1626209|202696|202699|203506|203901,20.0,11.0,1610612738.0,21500716,True
2,PT02M02.00S,02:02,Q2 02:02,26.03333333333333,226,rebound,Payton REBOUND (Off:0 Def:2),[],Payton,0,0,,False,False,203901.0,,2pt missed,3pt missed,,,,101161|1626209|202340|202696|202699|202738|203096|203109|203506|203901,1626209|202696|202699|203506|203901,101161|202340|202738|203096|203109,,,1610612753.0,21500716,True
2,PT01M59.00S,01:59,Q2 01:59,25.983333333333334,227,3pt,MISS Oladipo 25' 3PT Running Jump Shot,[],Oladipo,0,0,Missed,True,False,203506.0,,rebound,rebound,,,,101161|1626209|202340|202696|202699|202738|203096|203109|203506|203901,1626209|202696|202699|203506|203901,101161|202340|202738|203096|203109,96.0,232.0,1610612753.0,21500716,True
2,PT01M57.00S,01:57,Q2 01:57,25.95,228,rebound,Payton REBOUND (Off:1 Def:2),[],Payton,0,0,,False,False,203901.0,,3pt missed,2pt made,,,,101161|1626209|202340|202696|202699|202738|203096|203109|203506|203901,1626209|202696|202699|203506|203901,101161|202340|202738|203096|203109,,,1610612753.0,21500716,True
2,PT01M53.00S,01:53,Q2 01:53,25.883333333333333,229,2pt,Oladipo 2' Layup (2 PTS) (Payton 1 AST),['pointsinthepaint'],Oladipo,42,54,Made,True,True,203506.0,203901.0,rebound,2pt missed,,,,101161|1626209|202340|202696|202699|202738|203096|203109|203506|203901,1626209|202696|202699|203506|203901,101161|202340|202738|203096|203109,4.0,23.0,1610612753.0,21500716,True
2,PT01M35.00S,01:35,Q2 01:35,25.583333333333332,230,2pt,MISS Bradley 19' Jump Shot,[],Bradley,0,0,Missed,True,False,202340.0,,2pt made,rebound,,,,101161|1626209|202340|202696|202699|202738|203096|203109|203506|203901,101161|202340|202738|203096|203109,1626209|202696|202699|203506|203901,107.0,160.0,1610612738.0,21500716,True
2,PT01M34.00S,01:34,Q2 01:34,25.566666666666666,231,rebound,Harris REBOUND (Off:1 Def:1),[],Harris,0,0,,False,False,202699.0,,2pt missed,2pt made,,,,101161|1626209|202340|202696|202699|202738|203096|203109|203506|203901,1626209|202696|202699|203506|203901,101161|202340|202738|203096|203109,,,1610612753.0,21500716,True
2,PT01M15.00S,01:15,Q2 01:15,25.25,232,2pt,Oladipo 10' Turnaround Fadeaway (4 PTS) (Hezonja 2 AST),[],Oladipo,44,54,Made,True,True,203506.0,1626209.0,rebound,turnover,,,,101161|1626209|202340|202696|202699|202738|203096|203109|203506|203901,1626209|202696|202699|203506|203901,101161|202340|202738|203096|203109,-94.0,31.0,1610612753.0,21500716,True
2,PT00M49.80S,00:49,Q2 00:49,24.83,233,turnover,Johnson 3 Second Violation Turnover (P2.T5),[],Johnson,0,0,,False,False,101161.0,,2pt made,turnover,,,,101161|1626209|202340|202696|202699|202738|203096|203109|203506|203901,101161|202340|202738|203096|203109,1626209|202696|202699|203506|203901,,,1610612738.0,21500716,True
2,PT00M36.90S,00:36,Q2 00:36,24.615,234,turnover,Oladipo Lost Ball Turnover (P1.T10),[],Oladipo,0,0,,False,False,203506.0,,turnover,steal,,,,101161|1626209|202340|202696|202699|202738|203096|203109|203506|203901,1626209|202696|202699|203506|203901,101161|202340|202738|203096|203109,,,1610612753.0,21500716,True
2,PT00M36.90S,00:36,Q2 00:36,24.615,234,steal,Bradley STEAL (1 STL),[],Bradley,0,0,,False,False,202340.0,,turnover,2pt missed,,202340.0,,101161|1626209|202340|202696|202699|202738|203096|203109|203506|203901,101161|202340|202738|203096|203109,1626209|202696|202699|203506|203901,,,1610612738.0,21500716,True
2,PT00M30.90S,00:30,Q2 00:30,24.515,235,2pt,MISS Thomas 12' Running Jump Shot,[],Thomas,0,0,Missed,True,False,202738.0,,steal,rebound,,,,101161|1626209|202340|202696|202699|202738|203096|203109|203506|203901,101161|202340|202738|203096|203109,1626209|202696|202699|203506|203901,-115.0,36.0,1610612738.0,21500716,True
2,PT00M29.90S,00:29,Q2 00:29,24.498333333333335,236,rebound,Oladipo REBOUND (Off:1 Def:2),[],Oladipo,0,0,,False,False,203506.0,,2pt missed,3pt made,,,,101161|1626209|202340|202696|202699|202738|203096|203109|203506|203901,1626209|202696|202699|203506|203901,101161|202340|202738|203096|203109,,,1610612753.0,21500716,True
2,PT00M07.50S,00:07,Q2 00:07,24.125,237,3pt,Payton 25' 3PT Jump Shot (7 PTS) (Oladipo 2 AST),[],Payton,47,54,Made,True,True,203901.0,203506.0,rebound,3pt missed,,,,101161|1626209|202340|202696|202699|202738|203096|203109|203506|203901,1626209|202696|202699|203506|203901,101161|202340|202738|203096|203109,114.0,224.0,1610612753.0,21500716,True
2,PT00M00.50S,00:00,Q2 00:00,24.008333333333333,238,3pt,MISS Crowder 25' 3PT Jump Shot,[],Crowder,0,0,Missed,True,False,203109.0,,3pt made,rebound,,,,101161|1626209|202340|202696|202699|202738|203096|203109|203506|203901,101161|202340|202738|203096|203109,1626209|202696|202699|203506|203901,-115.0,224.0,1610612738.0,21500716,True
2,PT00M00.00S,00:00,Q2 00:00,24.0,239,rebound,TEAM offensive REBOUND,['team'],,0,0,,False,False,0.0,,3pt missed,period,,,,101161|1626209|202340|202696|202699|202738|203096|203109|203506|203901,101161|202340|202738|203096|203109,1626209|202696|202699|203506|203901,,,1610612738.0,21500716,True
2,PT00M00.00S,00:00,Q2 00:00,24.0,241,period,End of 2nd Period (7:03 PM EST),[],,47,54,,False,False,0.0,,rebound,period,,,,101161|1626209|202340|202696|202699|202738|203096|203109|203506|203901,1626209|202696|202699|203506|203901,101161|202340|202738|203096|203109,,,1610612753.0,21500716,True
3,PT12M00.00S,12:00,Q3 12:00,24.0,243,period,Start of 3rd Period (7:19 PM EST),[],,47,54,,False,False,0.0,,period,substitution,,,,101161|1626209|202340|202696|202699|202738|203096|203109|203506|203901,1626209|202696|202699|203506|203901,101161|202340|202738|203096|203109,,,1610612753.0,21500716,True
3,PT11M41.00S,11:41,Q3 11:41,23.683333333333334,244,2pt,Vucevic 9' Hook Shot (7 PTS) (Oladipo 3 AST),[],Vucevic,49,54,Made,True,True,202696.0,203506.0,substitution,foul,,,,101161|202340|202696|202699|202738|203096|203109|203506|203901|203932,202696|202699|203506|203901|203932,101161|202340|202738|203096|203109,86.0,28.0,1610612753.0,21500716,True
3,PT11M29.00S,11:29,Q3 11:29,23.483333333333334,245,foul,MAGIC T.Foul (Def. 3 Sec Oladipo ) (D.Richardson),[],Oladipo,0,0,,False,False,203506.0,,2pt made,freethrow,202738.0,,,101161|202340|202696|202699|202738|203096|203109|203506|203901|203932,202696|202699|203506|203901|203932,101161|202340|202738|203096|203109,,,1610612753.0,21500716,True
3,PT11M29.00S,11:29,Q3 11:29,23.483333333333334,246,freethrow,Thomas Free Throw Technical (12 PTS),[],Thomas,49,55,Made,False,False,202738.0,,foul,2pt made,,,,101161|202340|202696|202699|202738|203096|203109|203506|203901|203932,101161|202340|202738|203096|203109,202696|202699|203506|203901|203932,,,1610612738.0,21500716,True
3,PT11M22.00S,11:22,Q3 11:22,23.366666666666667,248,2pt,Thomas 13' Jump Shot (14 PTS),['pointsinthepaint'],Thomas,49,57,Made,True,False,202738.0,,freethrow,3pt made,,,,101161|202340|202696|202699|202738|203096|203109|203506|203901|203932,101161|202340|202738|203096|203109,202696|202699|203506|203901|203932,60.0,111.0,1610612738.0,21500716,True
3,PT11M10.00S,11:10,Q3 11:10,23.166666666666664,249,3pt,Harris 26' 3PT Jump Shot (7 PTS) (Oladipo 4 AST),[],Harris,52,57,Made,True,True,202699.0,203506.0,2pt made,foul,,,,101161|202340|202696|202699|202738|203096|203109|203506|203901|203932,202696|202699|203506|203901|203932,101161|202340|202738|203096|203109,-114.0,234.0,1610612753.0,21500716,True
3,PT10M44.00S,10:44,Q3 10:44,22.733333333333334,250,foul,Payton S.FOUL (P3.T1) (S.Corbin),[],Payton,0,0,,False,False,203901.0,,3pt made,freethrow,203096.0,,,101161|202340|202696|202699|202738|203096|203109|203506|203901|203932,202696|202699|203506|203901|203932,101161|202340|202738|203096|203109,,,1610612753.0,21500716,True
3,PT10M44.00S,10:44,Q3 10:44,22.733333333333334,251,freethrow,Sullinger Free Throw 1 of 2 (3 PTS),[],Sullinger,52,58,Made,False,False,203096.0,,foul,freethrow,,,,101161|202340|202696|202699|202738|203096|203109|203506|203901|203932,101161|202340|202738|203096|203109,202696|202699|203506|203901|203932,,,1610612738.0,21500716,True
3,PT10M44.00S,10:44,Q3 10:44,22.733333333333334,253,freethrow,MISS Sullinger Free Throw 2 of 2,[],Sullinger,0,0,Missed,False,False,203096.0,,freethrow,rebound,,,,101161|202340|202696|202699|202738|203096|203109|203506|203901|203932,101161|202340|202738|203096|203109,202696|202699|203506|203901|203932,,,1610612738.0,21500716,True
3,PT10M42.00S,10:42,Q3 10:42,22.7,255,rebound,Harris REBOUND (Off:1 Def:2),[],Harris,0,0,,False,False,202699.0,,freethrow,2pt missed,,,,101161|202340|202696|202699|202738|203096|203109|203506|203901|203932,202696|202699|203506|203901|203932,101161|202340|202738|203096|203109,,,1610612753.0,21500716,True
3,PT10M29.00S,10:29,Q3 10:29,22.483333333333334,256,2pt,MISS Vucevic 18' Jump Shot,[],Vucevic,0,0,Missed,True,False,202696.0,,rebound,rebound,,,,101161|202340|202696|202699|202738|203096|203109|203506|203901|203932,202696|202699|203506|203901|203932,101161|202340|202738|203096|203109,-127.0,129.0,1610612753.0,21500716,True
3,PT10M28.00S,10:28,Q3 10:28,22.46666666666667,257,rebound,Johnson REBOUND (Off:5 Def:4),[],Johnson,0,0,,False,False,101161.0,,2pt missed,3pt missed,,,,101161|202340|202696|202699|202738|203096|203109|203506|203901|203932,101161|202340|202738|203096|203109,202696|202699|203506|203901|203932,,,1610612738.0,21500716,True
3,PT10M17.00S,10:17,Q3 10:17,22.28333333333333,258,3pt,MISS Bradley 26' 3PT Jump Shot,[],Bradley,0,0,Missed,True,False,202340.0,,rebound,rebound,,,,101161|202340|202696|202699|202738|203096|203109|203506|203901|203932,101161|202340|202738|203096|203109,202696|202699|203506|203901|203932,-227.0,120.0,1610612738.0,21500716,True
3,PT10M16.00S,10:16,Q3 10:16,22.266666666666666,259,rebound,Vucevic REBOUND (Off:1 Def:4),[],Vucevic,0,0,,False,False,202696.0,,3pt missed,2pt made,,,,101161|202340|202696|202699|202738|203096|203109|203506|203901|203932,202696|202699|203506|203901|203932,101161|202340|202738|203096|203109,,,1610612753.0,21500716,True
3,PT10M05.00S,10:05,Q3 10:05,22.083333333333336,260,2pt,Harris 3' Cutting Layup Shot (9 PTS) (Gordon 3 AST),['pointsinthepaint'],Harris,54,58,Made,True,True,202699.0,203932.0,rebound,2pt made,,,,101161|202340|202696|202699|202738|203096|203109|203506|203901|203932,202696|202699|203506|203901|203932,101161|202340|202738|203096|203109,24.0,11.0,1610612753.0,21500716,True
3,PT09M55.00S,09:55,Q3 09:55,21.916666666666664,261,2pt,Sullinger 21' Jump Shot (5 PTS) (Johnson 1 AST),[],Sullinger,54,60,Made,True,True,203096.0,101161.0,2pt made,3pt missed,,,,101161|202340|202696|202699|202738|203096|203109|203506|203901|203932,101161|202340|202738|203096|203109,202696|202699|203506|203901|203932,19.0,208.0,1610612738.0,21500716,True
3,PT09M37.00S,09:37,Q3 09:37,21.616666666666667,262,3pt,MISS Harris 26' 3PT Jump Shot,[],Harris,0,0,Missed,True,False,202699.0,,2pt made,rebound,,,,101161|202340|202696|202699|202738|203096|203109|203506|203901|203932,202696|202699|203506|203901|203932,101161|202340|202738|203096|203109,66.0,249.0,1610612753.0,21500716,True
3,PT09M36.00S,09:36,Q3 09:36,21.6,263,rebound,TEAM defensive REBOUND,['team'],,0,0,,False,False,0.0,,3pt missed,foul,,,,101161|202340|202696|202699|202738|203096|203109|203506|203901|203932,101161|202340|202738|203096|203109,202696|202699|203506|203901|203932,,,1610612738.0,21500716,True
3,PT09M25.00S,09:25,Q3 09:25,21.416666666666664,264,foul,Gordon S.FOUL (P1.T2) (D.Richardson),[],Gordon,0,0,,False,False,203932.0,,rebound,freethrow,101161.0,,,101161|202340|202696|202699|202738|203096|203109|203506|203901|203932,202696|202699|203506|203901|203932,101161|202340|202738|203096|203109,,,1610612753.0,21500716,True
3,PT09M25.00S,09:25,Q3 09:25,21.416666666666664,265,freethrow,Johnson Free Throw 1 of 2 (5 PTS),[],Johnson,54,61,Made,False,False,101161.0,,foul,freethrow,,,,101161|202340|202696|202699|202738|203096|203109|203506|203901|203932,101161|202340|202738|203096|203109,202696|202699|203506|203901|203932,,,1610612738.0,21500716,True
3,PT09M25.00S,09:25,Q3 09:25,21.416666666666664,267,freethrow,Johnson Free Throw 2 of 2 (6 PTS),[],Johnson,54,62,Made,False,False,101161.0,,freethrow,2pt missed,,,,101161|202340|202696|202699|202738|203096|203109|203506|203901|203932,101161|202340|202738|203096|203109,202696|202699|203506|203901|203932,,,1610612738.0,21500716,True
3,PT09M09.00S,09:09,Q3 09:09,21.15,269,2pt,MISS Oladipo 3' Layup,['pointsinthepaint'],Oladipo,0,0,Missed,True,False,203506.0,,freethrow,rebound,,,,101161|202340|202696|202699|202738|203096|203109|203506|203901|203932,202696|202699|203506|203901|203932,101161|202340|202738|203096|203109,15.0,23.0,1610612753.0,21500716,True
3,PT09M08.00S,09:08,Q3 09:08,21.133333333333333,270,rebound,Crowder REBOUND (Off:0 Def:2),[],Crowder,0,0,,False,False,203109.0,,2pt missed,3pt made,,,,101161|202340|202696|202699|202738|203096|203109|203506|203901|203932,101161|202340|202738|203096|203109,202696|202699|203506|203901|203932,,,1610612738.0,21500716,True
3,PT09M01.00S,09:01,Q3 09:01,21.016666666666666,271,3pt,Crowder 25' 3PT Jump Shot (5 PTS) (Bradley 1 AST),[],Crowder,54,65,Made,True,True,203109.0,202340.0,rebound,turnover,,,,101161|202340|202696|202699|202738|203096|203109|203506|203901|203932,101161|202340|202738|203096|203109,202696|202699|203506|203901|203932,78.0,237.0,1610612738.0,21500716,True
3,PT08M43.00S,08:43,Q3 08:43,20.71666666666667,272,turnover,Payton Bad Pass Turnover (P3.T11),[],Payton,0,0,,False,False,203901.0,,3pt made,steal,,,,101161|202340|202696|202699|202738|203096|203109|203506|203901|203932,202696|202699|203506|203901|203932,101161|202340|202738|203096|203109,,,1610612753.0,21500716,True
3,PT08M43.00S,08:43,Q3 08:43,20.71666666666667,272,steal,Bradley STEAL (2 STL),[],Bradley,0,0,,False,False,202340.0,,turnover,2pt made,,202340.0,,101161|202340|202696|202699|202738|203096|203109|203506|203901|203932,101161|202340|202738|203096|203109,202696|202699|203506|203901|203932,,,1610612738.0,21500716,True
3,PT08M39.00S,08:39,Q3 08:39,20.65,273,2pt,Bradley 2' Running Layup (10 PTS) (Crowder 1 AST),['pointsinthepaint'],Bradley,54,67,Made,True,True,202340.0,203109.0,steal,timeout,,,,101161|202340|202696|202699|202738|203096|203109|203506|203901|203932,101161|202340|202738|203096|203109,202696|202699|203506|203901|203932,4.0,18.0,1610612738.0,21500716,True
3,PT08M38.00S,08:38,Q3 08:38,20.633333333333333,274,timeout,MAGIC Timeout: Regular (Full 3 Short 0),[],,0,0,,False,False,0.0,,2pt made,2pt missed,,,,101161|202340|202696|202699|202738|203096|203109|203506|203901|203932,202696|202699|203506|203901|203932,101161|202340|202738|203096|203109,,,1610612753.0,21500716,True
3,PT08M19.00S,08:19,Q3 08:19,20.316666666666666,276,2pt,MISS Payton 3' Layup,['pointsinthepaint'],Payton,0,0,Missed,True,False,203901.0,,timeout,block,,,,101161|202340|202696|202699|202738|203096|203109|203506|203901|203932,202696|202699|203506|203901|203932,101161|202340|202738|203096|203109,-27.0,16.0,1610612753.0,21500716,True
3,PT08M19.00S,08:19,Q3 08:19,20.316666666666666,276,block,Johnson BLOCK (1 BLK),[],Johnson,0,0,,False,False,101161.0,,2pt missed,rebound,,,101161.0,101161|202340|202696|202699|202738|203096|203109|203506|203901|203932,101161|202340|202738|203096|203109,202696|202699|203506|203901|203932,,,1610612738.0,21500716,True
3,PT08M17.00S,08:17,Q3 08:17,20.28333333333333,277,rebound,Payton REBOUND (Off:2 Def:2),[],Payton,0,0,,False,False,203901.0,,block,foul,,,,101161|202340|202696|202699|202738|203096|203109|203506|203901|203932,202696|202699|203506|203901|203932,101161|202340|202738|203096|203109,,,1610612753.0,21500716,True
3,PT08M16.00S,08:16,Q3 08:16,20.266666666666666,278,foul,Sullinger P.FOUL (P2.T1) (Z.Zarba),[],Sullinger,0,0,,False,False,203096.0,,rebound,freethrow,203901.0,,,101161|202340|202696|202699|202738|203096|203109|203506|203901|203932,101161|202340|202738|203096|203109,202696|202699|203506|203901|203932,,,1610612738.0,21500716,True
3,PT08M16.00S,08:16,Q3 08:16,20.266666666666666,279,freethrow,Payton Free Throw 1 of 2 (8 PTS),[],Payton,55,67,Made,False,False,203901.0,,foul,freethrow,,,,101161|202340|202696|202699|202738|203096|203109|203506|203901|203932,202696|202699|203506|203901|203932,101161|202340|202738|203096|203109,,,1610612753.0,21500716,True
3,PT08M16.00S,08:16,Q3 08:16,20.266666666666666,281,freethrow,Payton Free Throw 2 of 2 (9 PTS),[],Payton,56,67,Made,False,False,203901.0,,freethrow,foul,,,,101161|202340|202696|202699|202738|203096|203109|203506|203901|203932,202696|202699|203506|203901|203932,101161|202340|202738|203096|203109,,,1610612753.0,21500716,True
3,PT08M07.00S,08:07,Q3 08:07,20.116666666666667,283,foul,Payton P.FOUL (P4.T3) (S.Corbin),[],Payton,0,0,,False,False,203901.0,,freethrow,substitution,202738.0,,,101161|202340|202696|202699|202738|203096|203109|203506|203901|203932,202696|202699|203506|203901|203932,101161|202340|202738|203096|203109,,,1610612753.0,21500716,True
3,PT08M07.00S,08:07,Q3 08:07,20.116666666666667,284,substitution,SUB out: E. Payton,[],Payton,0,0,,False,False,203901.0,,foul,substitution,,,,101161|202340|202696|202699|202738|203096|203109|203506|203932,202696|202699|203506|203932,101161|202340|202738|203096|203109,,,1610612753.0,21500716,False
3,PT08M07.00S,08:07,Q3 08:07,20.116666666666667,285,substitution,SUB in: M. Hezonja,[],Hezonja,0,0,,False,False,1626209.0,,substitution,3pt made,,,,101161|1626209|202340|202696|202699|202738|203096|203109|203506|203932,1626209|202696|202699|203506|203932,101161|202340|202738|203096|203109,,,1610612753.0,21500716,True
3,PT07M59.00S,07:59,Q3 07:59,19.983333333333334,285,3pt,Thomas 25' 3PT Jump Shot (17 PTS),[],Thomas,56,70,Made,True,False,202738.0,,substitution,2pt made,,,,101161|1626209|202340|202696|202699|202738|203096|203109|203506|203932,101161|202340|202738|203096|203109,1626209|202696|202699|203506|203932,35.0,247.0,1610612738.0,21500716,True
3,PT07M29.00S,07:29,Q3 07:29,19.483333333333334,286,2pt,Gordon 16' Pullup Jump Shot (8 PTS),[],Gordon,58,70,Made,True,False,203932.0,,3pt made,turnover,,,,101161|1626209|202340|202696|202699|202738|203096|203109|203506|203932,1626209|202696|202699|203506|203932,101161|202340|202738|203096|203109,-27.0,159.0,1610612753.0,21500716,True
3,PT07M18.00S,07:18,Q3 07:18,19.3,287,turnover,Thomas Backcourt Turnover (P2.T6),[],Thomas,0,0,,False,False,202738.0,,2pt made,2pt made,,,,101161|1626209|202340|202696|202699|202738|203096|203109|203506|203932,101161|202340|202738|203096|203109,1626209|202696|202699|203506|203932,,,1610612738.0,21500716,True
3,PT07M06.00S,07:06,Q3 07:06,19.1,288,2pt,Gordon 2' Driving Layup (10 PTS) (Vucevic 2 AST),['pointsinthepaint'],Gordon,60,70,Made,True,True,203932.0,202696.0,turnover,foul,,,,101161|1626209|202340|202696|202699|202738|203096|203109|203506|203932,1626209|202696|202699|203506|203932,101161|202340|202738|203096|203109,2.0,23.0,1610612753.0,21500716,True
3,PT07M06.00S,07:06,Q3 07:06,19.1,289,foul,Sullinger S.FOUL (P3.T2) (Z.Zarba),[],Sullinger,0,0,,False,False,203096.0,,2pt made,freethrow,203932.0,,,101161|1626209|202340|202696|202699|202738|203096|203109|203506|203932,101161|202340|202738|203096|203109,1626209|202696|202699|203506|203932,,,1610612738.0,21500716,True
3,PT07M06.00S,07:06,Q3 07:06,19.1,290,freethrow,Gordon Free Throw 1 of 1 (11 PTS),[],Gordon,61,70,Made,False,False,203932.0,,foul,2pt missed,,,,101161|1626209|202340|202696|202699|202738|203096|203109|203506|203932,1626209|202696|202699|203506|203932,101161|202340|202738|203096|203109,,,1610612753.0,21500716,True
3,PT06M54.00S,06:54,Q3 06:54,18.9,292,2pt,MISS Crowder 15' Jump Shot,[],Crowder,0,0,Missed,True,False,203109.0,,freethrow,rebound,,,,101161|1626209|202340|202696|202699|202738|203096|203109|203506|203932,101161|202340|202738|203096|203109,1626209|202696|202699|203506|203932,145.0,41.0,1610612738.0,21500716,True
3,PT06M53.00S,06:53,Q3 06:53,18.883333333333333,293,rebound,Vucevic REBOUND (Off:1 Def:5),[],Vucevic,0,0,,False,False,202696.0,,2pt missed,2pt missed,,,,101161|1626209|202340|202696|202699|202738|203096|203109|203506|203932,1626209|202696|202699|203506|203932,101161|202340|202738|203096|203109,,,1610612753.0,21500716,True
3,PT06M35.00S,06:35,Q3 06:35,18.583333333333332,294,2pt,MISS Hezonja 19' Jump Shot,[],Hezonja,0,0,Missed,True,False,1626209.0,,rebound,rebound,,,,101161|1626209|202340|202696|202699|202738|203096|203109|203506|203932,1626209|202696|202699|203506|203932,101161|202340|202738|203096|203109,-189.0,13.0,1610612753.0,21500716,True
3,PT06M34.00S,06:34,Q3 06:34,18.566666666666666,295,rebound,Harris REBOUND (Off:2 Def:2),[],Harris,0,0,,False,False,202699.0,,2pt missed,2pt made,,,,101161|1626209|202340|202696|202699|202738|203096|203109|203506|203932,1626209|202696|202699|203506|203932,101161|202340|202738|203096|203109,,,1610612753.0,21500716,True
3,PT06M31.00S,06:31,Q3 06:31,18.516666666666666,296,2pt,Harris 2' Layup (11 PTS),['pointsinthepaint'],Harris,63,70,Made,True,False,202699.0,,rebound,2pt made,,,,101161|1626209|202340|202696|202699|202738|203096|203109|203506|203932,1626209|202696|202699|203506|203932,101161|202340|202738|203096|203109,-1.0,16.0,1610612753.0,21500716,True
3,PT06M10.00S,06:10,Q3 06:10,18.166666666666668,297,2pt,Johnson 9' Jump Shot (8 PTS),['pointsinthepaint'],Johnson,63,72,Made,True,False,101161.0,,2pt made,2pt made,,,,101161|1626209|202340|202696|202699|202738|203096|203109|203506|203932,101161|202340|202738|203096|203109,1626209|202696|202699|203506|203932,-29.0,87.0,1610612738.0,21500716,True
3,PT05M59.00S,05:59,Q3 05:59,17.983333333333334,298,2pt,Oladipo 17' Pullup Jump Shot (6 PTS),[],Oladipo,65,72,Made,True,False,203506.0,,2pt made,2pt missed,,,,101161|1626209|202340|202696|202699|202738|203096|203109|203506|203932,1626209|202696|202699|203506|203932,101161|202340|202738|203096|203109,-32.0,165.0,1610612753.0,21500716,True
3,PT05M47.00S,05:47,Q3 05:47,17.78333333333333,299,2pt,MISS Thomas 2' Layup,['pointsinthepaint'],Thomas,0,0,Missed,True,False,202738.0,,2pt made,block,,,,101161|1626209|202340|202696|202699|202738|203096|203109|203506|203932,101161|202340|202738|203096|203109,1626209|202696|202699|203506|203932,14.0,16.0,1610612738.0,21500716,True
3,PT05M47.00S,05:47,Q3 05:47,17.78333333333333,299,block,Gordon BLOCK (1 BLK),[],Gordon,0,0,,False,False,203932.0,,2pt missed,rebound,,,203932.0,101161|1626209|202340|202696|202699|202738|203096|203109|203506|203932,1626209|202696|202699|203506|203932,101161|202340|202738|203096|203109,,,1610612753.0,21500716,True
3,PT05M46.00S,05:46,Q3 05:46,17.766666666666666,300,rebound,Johnson REBOUND (Off:6 Def:4),[],Johnson,0,0,,False,False,101161.0,,block,2pt missed,,,,101161|1626209|202340|202696|202699|202738|203096|203109|203506|203932,101161|202340|202738|203096|203109,1626209|202696|202699|203506|203932,,,1610612738.0,21500716,True
3,PT05M43.00S,05:43,Q3 05:43,17.71666666666667,301,2pt,MISS Johnson 7' Hook Shot,['pointsinthepaint'],Johnson,0,0,Missed,True,False,101161.0,,rebound,rebound,,,,101161|1626209|202340|202696|202699|202738|203096|203109|203506|203932,101161|202340|202738|203096|203109,1626209|202696|202699|203506|203932,15.0,67.0,1610612738.0,21500716,True
3,PT05M41.00S,05:41,Q3 05:41,17.683333333333334,302,rebound,Thomas REBOUND (Off:1 Def:3),[],Thomas,0,0,,False,False,202738.0,,2pt missed,3pt missed,,,,101161|1626209|202340|202696|202699|202738|203096|203109|203506|203932,101161|202340|202738|203096|203109,1626209|202696|202699|203506|203932,,,1610612738.0,21500716,True
3,PT05M38.00S,05:38,Q3 05:38,17.633333333333333,303,3pt,MISS Sullinger 25' 3PT Jump Shot,[],Sullinger,0,0,Missed,True,False,203096.0,,rebound,rebound,,,,101161|1626209|202340|202696|202699|202738|203096|203109|203506|203932,101161|202340|202738|203096|203109,1626209|202696|202699|203506|203932,-183.0,175.0,1610612738.0,21500716,True
3,PT05M37.00S,05:37,Q3 05:37,17.616666666666667,304,rebound,Gordon REBOUND (Off:1 Def:4),[],Gordon,0,0,,False,False,203932.0,,3pt missed,2pt made,,,,101161|1626209|202340|202696|202699|202738|203096|203109|203506|203932,1626209|202696|202699|203506|203932,101161|202340|202738|203096|203109,,,1610612753.0,21500716,True
3,PT05M27.00S,05:27,Q3 05:27,17.45,305,2pt,Gordon 2' Layup (13 PTS) (Vucevic 3 AST),['pointsinthepaint'],Gordon,67,72,Made,True,True,203932.0,202696.0,rebound,timeout,,,,101161|1626209|202340|202696|202699|202738|203096|203109|203506|203932,1626209|202696|202699|203506|203932,101161|202340|202738|203096|203109,12.0,13.0,1610612753.0,21500716,True
3,PT05M27.00S,05:27,Q3 05:27,17.45,306,timeout,Celtics Timeout: Regular (Reg.3 Short 0),[],,0,0,,False,False,0.0,,2pt made,substitution,,,,101161|1626209|202340|202696|202699|202738|203096|203109|203506|203932,101161|202340|202738|203096|203109,1626209|202696|202699|203506|203932,,,1610612738.0,21500716,True
3,PT05M27.00S,05:27,Q3 05:27,17.45,309,substitution,SUB out: J. Sullinger,[],Sullinger,0,0,,False,False,203096.0,,timeout,substitution,,,,101161|1626209|202340|202696|202699|202738|203109|203506|203932,101161|202340|202738|203109,1626209|202696|202699|203506|203932,,,1610612738.0,21500716,False
3,PT05M27.00S,05:27,Q3 05:27,17.45,310,substitution,SUB out: A. Bradley,[],Bradley,0,0,,False,False,202340.0,,substitution,substitution,,,,101161|1626209|202696|202699|202738|203109|203506|203932,101161|202738|203109,1626209|202696|202699|203506|203932,,,1610612738.0,21500716,False
3,PT05M27.00S,05:27,Q3 05:27,17.45,311,substitution,SUB in: E. Turner,[],Turner,0,0,,False,False,202323.0,,substitution,substitution,,,,101161|1626209|202323|202696|202699|202738|203109|203506|203932,101161|202323|202738|203109,1626209|202696|202699|203506|203932,,,1610612738.0,21500716,False
3,PT05M27.00S,05:27,Q3 05:27,17.45,312,substitution,SUB in: M. Smart,[],Smart,0,0,,False,False,203935.0,,substitution,3pt missed,,,,101161|1626209|202323|202696|202699|202738|203109|203506|203932|203935,101161|202323|202738|203109|203935,1626209|202696|202699|203506|203932,,,1610612738.0,21500716,True
3,PT05M14.00S,05:14,Q3 05:14,17.233333333333334,312,3pt,MISS Thomas 26' 3PT Jump Shot,[],Thomas,0,0,Missed,True,False,202738.0,,substitution,rebound,,,,101161|1626209|202323|202696|202699|202738|203109|203506|203932|203935,101161|202323|202738|203109|203935,1626209|202696|202699|203506|203932,-112.0,232.0,1610612738.0,21500716,True
3,PT05M13.00S,05:13,Q3 05:13,17.21666666666667,313,rebound,Gordon REBOUND (Off:1 Def:5),[],Gordon,0,0,,False,False,203932.0,,3pt missed,foul,,,,101161|1626209|202323|202696|202699|202738|203109|203506|203932|203935,1626209|202696|202699|203506|203932,101161|202323|202738|203109|203935,,,1610612753.0,21500716,True
3,PT05M03.00S,05:03,Q3 05:03,17.05,314,foul,Johnson P.FOUL (P1.T3) (S.Corbin),[],Johnson,0,0,,False,False,101161.0,,rebound,2pt missed,202696.0,,,101161|1626209|202323|202696|202699|202738|203109|203506|203932|203935,101161|202323|202738|203109|203935,1626209|202696|202699|203506|203932,,,1610612738.0,21500716,True
3,PT04M51.00S,04:51,Q3 04:51,16.85,315,2pt,MISS Vucevic 15' Jump Shot,[],Vucevic,0,0,Missed,True,False,202696.0,,foul,rebound,,,,101161|1626209|202323|202696|202699|202738|203109|203506|203932|203935,1626209|202696|202699|203506|203932,101161|202323|202738|203109|203935,140.0,38.0,1610612753.0,21500716,True
3,PT04M50.00S,04:50,Q3 04:50,16.833333333333332,316,rebound,Crowder REBOUND (Off:0 Def:3),[],Crowder,0,0,,False,False,203109.0,,2pt missed,3pt missed,,,,101161|1626209|202323|202696|202699|202738|203109|203506|203932|203935,101161|202323|202738|203109|203935,1626209|202696|202699|203506|203932,,,1610612738.0,21500716,True
3,PT04M42.00S,04:42,Q3 04:42,16.7,317,3pt,MISS Smart 25' 3PT Jump Shot,[],Smart,0,0,Missed,True,False,203935.0,,rebound,rebound,,,,101161|1626209|202323|202696|202699|202738|203109|203506|203932|203935,101161|202323|202738|203109|203935,1626209|202696|202699|203506|203932,74.0,244.0,1610612738.0,21500716,True
3,PT04M41.00S,04:41,Q3 04:41,16.683333333333334,318,rebound,Vucevic REBOUND (Off:1 Def:6),[],Vucevic,0,0,,False,False,202696.0,,3pt missed,3pt made,,,,101161|1626209|202323|202696|202699|202738|203109|203506|203932|203935,1626209|202696|202699|203506|203932,101161|202323|202738|203109|203935,,,1610612753.0,21500716,True
3,PT04M26.00S,04:26,Q3 04:26,16.433333333333334,319,3pt,Oladipo 24' 3PT Jump Shot (9 PTS) (Hezonja 3 AST),[],Oladipo,70,72,Made,True,True,203506.0,1626209.0,rebound,3pt missed,,,,101161|1626209|202323|202696|202699|202738|203109|203506|203932|203935,1626209|202696|202699|203506|203932,101161|202323|202738|203109|203935,236.0,56.0,1610612753.0,21500716,True
3,PT04M05.00S,04:05,Q3 04:05,16.083333333333332,320,3pt,MISS Crowder 25' 3PT Jump Shot,[],Crowder,0,0,Missed,True,False,203109.0,,3pt made,rebound,,,,101161|1626209|202323|202696|202699|202738|203109|203506|203932|203935,101161|202323|202738|203109|203935,1626209|202696|202699|203506|203932,71.0,237.0,1610612738.0,21500716,True
3,PT04M04.00S,04:04,Q3 04:04,16.066666666666666,321,rebound,Hezonja REBOUND (Off:0 Def:3),[],Hezonja,0,0,,False,False,1626209.0,,3pt missed,2pt made,,,,101161|1626209|202323|202696|202699|202738|203109|203506|203932|203935,1626209|202696|202699|203506|203932,101161|202323|202738|203109|203935,,,1610612753.0,21500716,True
3,PT03M49.00S,03:49,Q3 03:49,15.816666666666666,322,2pt,Oladipo 2' Driving Layup (11 PTS),['pointsinthepaint'],Oladipo,72,72,Made,True,False,203506.0,,rebound,foul,,,,101161|1626209|202323|202696|202699|202738|203109|203506|203932|203935,1626209|202696|202699|203506|203932,101161|202323|202738|203109|203935,15.0,13.0,1610612753.0,21500716,True
3,PT03M30.00S,03:30,Q3 03:30,15.5,323,foul,Vucevic S.FOUL (P1.T4) (D.Richardson),['inpenalty'],Vucevic,0,0,,False,False,202696.0,,2pt made,freethrow,202738.0,,,101161|1626209|202323|202696|202699|202738|203109|203506|203932|203935,1626209|202696|202699|203506|203932,101161|202323|202738|203109|203935,,,1610612753.0,21500716,True
3,PT03M30.00S,03:30,Q3 03:30,15.5,324,freethrow,Thomas Free Throw 1 of 2 (18 PTS),[],Thomas,72,73,Made,False,False,202738.0,,foul,freethrow,,,,101161|1626209|202323|202696|202699|202738|203109|203506|203932|203935,101161|202323|202738|203109|203935,1626209|202696|202699|203506|203932,,,1610612738.0,21500716,True
3,PT03M30.00S,03:30,Q3 03:30,15.5,327,freethrow,MISS Thomas Free Throw 2 of 2,[],Thomas,0,0,Missed,False,False,202738.0,,freethrow,substitution,,,,101161|1626209|202323|202696|202699|202738|203109|203506|203932|203935,101161|202323|202738|203109|203935,1626209|202696|202699|203506|203932,,,1610612738.0,21500716,True
3,PT03M30.00S,03:30,Q3 03:30,15.5,326,substitution,SUB out: J. Crowder,[],Crowder,0,0,,False,False,203109.0,,freethrow,substitution,,,,101161|1626209|202323|202696|202699|202738|203506|203932|203935,101161|202323|202738|203935,1626209|202696|202699|203506|203932,,,1610612738.0,21500716,False
3,PT03M30.00S,03:30,Q3 03:30,15.5,327,substitution,SUB in: K. Olynyk,[],Olynyk,0,0,,False,False,203482.0,,substitution,rebound,,,,101161|1626209|202323|202696|202699|202738|203482|203506|203932|203935,101161|202323|202738|203482|203935,1626209|202696|202699|203506|203932,,,1610612738.0,21500716,True
3,PT03M28.00S,03:28,Q3 03:28,15.466666666666667,329,rebound,Vucevic REBOUND (Off:1 Def:7),[],Vucevic,0,0,,False,False,202696.0,,substitution,foul,,,,101161|1626209|202323|202696|202699|202738|203482|203506|203932|203935,1626209|202696|202699|203506|203932,101161|202323|202738|203482|203935,,,1610612753.0,21500716,True
3,PT03M17.00S,03:17,Q3 03:17,15.283333333333333,330,foul,Smart P.FOUL (P1.T4) (Z.Zarba),[],Smart,0,0,,False,False,203935.0,,rebound,2pt missed,202696.0,,,101161|1626209|202323|202696|202699|202738|203482|203506|203932|203935,101161|202323|202738|203482|203935,1626209|202696|202699|203506|203932,,,1610612738.0,21500716,True
3,PT03M07.00S,03:07,Q3 03:07,15.116666666666667,331,2pt,MISS Vucevic 2' Layup,['pointsinthepaint'],Vucevic,0,0,Missed,True,False,202696.0,,foul,2pt made,,,,101161|1626209|202323|202696|202699|202738|203482|203506|203932|203935,1626209|202696|202699|203506|203932,101161|202323|202738|203482|203935,2.0,23.0,1610612753.0,21500716,True
3,PT03M06.00S,03:06,Q3 03:06,15.1,332,2pt,Vucevic 2' Tip Layup Shot (9 PTS),['pointsinthepaint'],Vucevic,74,73,Made,True,False,202696.0,,2pt missed,rebound,,,,101161|1626209|202323|202696|202699|202738|203482|203506|203932|203935,1626209|202696|202699|203506|203932,101161|202323|202738|203482|203935,-1.0,21.0,1610612753.0,21500716,True
3,PT03M06.00S,03:06,Q3 03:06,15.1,333,rebound,Vucevic REBOUND (Off:2 Def:7),[],Vucevic,0,0,,False,False,202696.0,,2pt made,foul,,,,101161|1626209|202323|202696|202699|202738|203482|203506|203932|203935,1626209|202696|202699|203506|203932,101161|202323|202738|203482|203935,,,1610612753.0,21500716,True
3,PT02M50.00S,02:50,Q3 02:50,14.833333333333334,334,foul,Gordon Shooting Block Foul (P2.PN) (D.Richardson),['inpenalty'],Gordon,0,0,,False,False,203932.0,,rebound,freethrow,202738.0,,,101161|1626209|202323|202696|202699|202738|203482|203506|203932|203935,1626209|202696|202699|203506|203932,101161|202323|202738|203482|203935,,,1610612753.0,21500716,True
3,PT02M50.00S,02:50,Q3 02:50,14.833333333333334,335,freethrow,Thomas Free Throw 1 of 2 (19 PTS),[],Thomas,74,74,Made,False,False,202738.0,,foul,freethrow,,,,101161|1626209|202323|202696|202699|202738|203482|203506|203932|203935,101161|202323|202738|203482|203935,1626209|202696|202699|203506|203932,,,1610612738.0,21500716,True
3,PT02M50.00S,02:50,Q3 02:50,14.833333333333334,337,freethrow,Thomas Free Throw 2 of 2 (20 PTS),[],Thomas,74,75,Made,False,False,202738.0,,freethrow,2pt missed,,,,101161|1626209|202323|202696|202699|202738|203482|203506|203932|203935,101161|202323|202738|203482|203935,1626209|202696|202699|203506|203932,,,1610612738.0,21500716,True
3,PT02M31.00S,02:31,Q3 02:31,14.516666666666666,339,2pt,MISS Harris 9' Jump Shot,['pointsinthepaint'],Harris,0,0,Missed,True,False,202699.0,,freethrow,2pt missed,,,,101161|1626209|202323|202696|202699|202738|203482|203506|203932|203935,1626209|202696|202699|203506|203932,101161|202323|202738|203482|203935,61.0,65.0,1610612753.0,21500716,True
3,PT02M30.00S,02:30,Q3 02:30,14.5,340,2pt,MISS Vucevic 2' Tip Layup Shot,['pointsinthepaint'],Vucevic,0,0,Missed,True,False,202696.0,,2pt missed,rebound,,,,101161|1626209|202323|202696|202699|202738|203482|203506|203932|203935,1626209|202696|202699|203506|203932,101161|202323|202738|203482|203935,-2.0,18.0,1610612753.0,21500716,True
3,PT02M30.00S,02:30,Q3 02:30,14.5,341,rebound,Vucevic REBOUND (Off:3 Def:7),[],Vucevic,0,0,,False,False,202696.0,,2pt missed,rebound,,,,101161|1626209|202323|202696|202699|202738|203482|203506|203932|203935,1626209|202696|202699|203506|203932,101161|202323|202738|203482|203935,,,1610612753.0,21500716,True
3,PT02M28.00S,02:28,Q3 02:28,14.466666666666667,342,rebound,Smart REBOUND (Off:1 Def:1),[],Smart,0,0,,False,False,203935.0,,rebound,2pt missed,,,,101161|1626209|202323|202696|202699|202738|203482|203506|203932|203935,101161|202323|202738|203482|203935,1626209|202696|202699|203506|203932,,,1610612738.0,21500716,True
3,PT02M19.00S,02:19,Q3 02:19,14.316666666666666,343,2pt,MISS Smart 9' Pullup Jump Shot,['pointsinthepaint'],Smart,0,0,Missed,True,False,203935.0,,rebound,rebound,,,,101161|1626209|202323|202696|202699|202738|203482|203506|203932|203935,101161|202323|202738|203482|203935,1626209|202696|202699|203506|203932,-79.0,52.0,1610612738.0,21500716,True
3,PT02M18.00S,02:18,Q3 02:18,14.3,344,rebound,Gordon REBOUND (Off:1 Def:6),[],Gordon,0,0,,False,False,203932.0,,2pt missed,foul,,,,101161|1626209|202323|202696|202699|202738|203482|203506|203932|203935,1626209|202696|202699|203506|203932,101161|202323|202738|203482|203935,,,1610612753.0,21500716,True
3,PT02M13.00S,02:13,Q3 02:13,14.216666666666667,345,foul,Johnson P.FOUL (P2.PN) (D.Richardson),['inpenalty'],Johnson,0,0,,False,False,101161.0,,rebound,freethrow,202696.0,,,101161|1626209|202323|202696|202699|202738|203482|203506|203932|203935,101161|202323|202738|203482|203935,1626209|202696|202699|203506|203932,,,1610612738.0,21500716,True
3,PT02M13.00S,02:13,Q3 02:13,14.216666666666667,346,freethrow,MISS Vucevic Free Throw 1 of 2,[],Vucevic,0,0,Missed,False,False,202696.0,,foul,rebound,,,,101161|1626209|202323|202696|202699|202738|203482|203506|203932|203935,1626209|202696|202699|203506|203932,101161|202323|202738|203482|203935,,,1610612753.0,21500716,True
3,PT02M13.00S,02:13,Q3 02:13,14.216666666666667,347,rebound,TEAM offensive REBOUND,['team'],,0,0,,False,False,0.0,,freethrow,freethrow,,,,101161|1626209|202323|202696|202699|202738|203482|203506|203932|203935,1626209|202696|202699|203506|203932,101161|202323|202738|203482|203935,,,1610612753.0,21500716,True
3,PT02M13.00S,02:13,Q3 02:13,14.216666666666667,351,freethrow,MISS Vucevic Free Throw 2 of 2,[],Vucevic,0,0,Missed,False,False,202696.0,,rebound,substitution,,,,101161|1626209|202323|202696|202699|202738|203482|203506|203932|203935,1626209|202696|202699|203506|203932,101161|202323|202738|203482|203935,,,1610612753.0,21500716,True
3,PT02M13.00S,02:13,Q3 02:13,14.216666666666667,348,substitution,SUB out: V. Oladipo,[],Oladipo,0,0,,False,False,203506.0,,freethrow,substitution,,,,101161|1626209|202323|202696|202699|202738|203482|203932|203935,1626209|202696|202699|203932,101161|202323|202738|203482|203935,,,1610612753.0,21500716,False
3,PT02M13.00S,02:13,Q3 02:13,14.216666666666667,349,substitution,SUB out: A. Gordon,[],Gordon,0,0,,False,False,203932.0,,substitution,substitution,,,,101161|1626209|202323|202696|202699|202738|203482|203935,1626209|202696|202699,101161|202323|202738|203482|203935,,,1610612753.0,21500716,False
3,PT02M13.00S,02:13,Q3 02:13,14.216666666666667,350,substitution,SUB out: A. Johnson,[],Johnson,0,0,,False,False,101161.0,,substitution,substitution,,,,1626209|202323|202696|202699|202738|203482|203935,202323|202738|203482|203935,1626209|202696|202699,,,1610612738.0,21500716,False
3,PT02M13.00S,02:13,Q3 02:13,14.216666666666667,351,substitution,SUB in: E. Fournier,[],Fournier,0,0,,False,False,203095.0,,substitution,substitution,,,,1626209|202323|202696|202699|202738|203095|203482|203935,1626209|202696|202699|203095,202323|202738|203482|203935,,,1610612753.0,21500716,False
3,PT02M13.00S,02:13,Q3 02:13,14.216666666666667,352,substitution,SUB in: J. Smith,[],Smith,0,0,,False,False,201160.0,,substitution,substitution,,,,1626209|201160|202323|202696|202699|202738|203095|203482|203935,1626209|201160|202696|202699|203095,202323|202738|203482|203935,,,1610612753.0,21500716,False
3,PT02M13.00S,02:13,Q3 02:13,14.216666666666667,353,substitution,SUB in: J. Jerebko,[],Jerebko,0,0,,False,False,201973.0,,substitution,rebound,,,,1626209|201160|201973|202323|202696|202699|202738|203095|203482|203935,201973|202323|202738|203482|203935,1626209|201160|202696|202699|203095,,,1610612738.0,21500716,True
3,PT02M12.00S,02:12,Q3 02:12,14.2,353,rebound,Jerebko REBOUND (Off:0 Def:2),[],Jerebko,0,0,,False,False,201973.0,,substitution,2pt missed,,,,1626209|201160|201973|202323|202696|202699|202738|203095|203482|203935,201973|202323|202738|203482|203935,1626209|201160|202696|202699|203095,,,1610612738.0,21500716,True
3,PT01M56.00S,01:56,Q3 01:56,13.933333333333334,355,2pt,MISS Thomas 7' Floating Jump Shot,['pointsinthepaint'],Thomas,0,0,Missed,True,False,202738.0,,rebound,rebound,,,,1626209|201160|201973|202323|202696|202699|202738|203095|203482|203935,201973|202323|202738|203482|203935,1626209|201160|202696|202699|203095,-11.0,67.0,1610612738.0,21500716,True
3,PT01M55.00S,01:55,Q3 01:55,13.916666666666666,356,rebound,TEAM offensive REBOUND,['team'],,0,0,,False,False,0.0,,2pt missed,foul,,,,1626209|201160|201973|202323|202696|202699|202738|203095|203482|203935,201973|202323|202738|203482|203935,1626209|201160|202696|202699|203095,,,1610612738.0,21500716,True
3,PT01M55.00S,01:55,Q3 01:55,13.916666666666666,357,foul,Hezonja L.B.FOUL (P2.PN) (Z.Zarba),['inpenalty'],Hezonja,0,0,,False,False,1626209.0,,rebound,freethrow,203935.0,,,1626209|201160|201973|202323|202696|202699|202738|203095|203482|203935,1626209|201160|202696|202699|203095,201973|202323|202738|203482|203935,,,1610612753.0,21500716,True
3,PT01M55.00S,01:55,Q3 01:55,13.916666666666666,358,freethrow,Smart Free Throw 1 of 2 (12 PTS),[],Smart,74,76,Made,False,False,203935.0,,foul,freethrow,,,,1626209|201160|201973|202323|202696|202699|202738|203095|203482|203935,201973|202323|202738|203482|203935,1626209|201160|202696|202699|203095,,,1610612738.0,21500716,True
3,PT01M55.00S,01:55,Q3 01:55,13.916666666666666,360,freethrow,Smart Free Throw 2 of 2 (13 PTS),[],Smart,74,77,Made,False,False,203935.0,,freethrow,2pt missed,,,,1626209|201160|201973|202323|202696|202699|202738|203095|203482|203935,201973|202323|202738|203482|203935,1626209|201160|202696|202699|203095,,,1610612738.0,21500716,True
3,PT01M44.00S,01:44,Q3 01:44,13.733333333333334,362,2pt,MISS Vucevic 9' Hook Shot,['pointsinthepaint'],Vucevic,0,0,Missed,True,False,202696.0,,freethrow,rebound,,,,1626209|201160|201973|202323|202696|202699|202738|203095|203482|203935,1626209|201160|202696|202699|203095,201973|202323|202738|203482|203935,-16.0,87.0,1610612753.0,21500716,True
3,PT01M42.00S,01:42,Q3 01:42,13.7,363,rebound,Jerebko REBOUND (Off:0 Def:3),[],Jerebko,0,0,,False,False,201973.0,,2pt missed,turnover,,,,1626209|201160|201973|202323|202696|202699|202738|203095|203482|203935,201973|202323|202738|203482|203935,1626209|201160|202696|202699|203095,,,1610612738.0,21500716,True
3,PT01M34.00S,01:34,Q3 01:34,13.566666666666666,364,turnover,Thomas Lost Ball Turnover (P3.T7),[],Thomas,0,0,,False,False,202738.0,,rebound,steal,,,,1626209|201160|201973|202323|202696|202699|202738|203095|203482|203935,201973|202323|202738|203482|203935,1626209|201160|202696|202699|203095,,,1610612738.0,21500716,True
3,PT01M34.00S,01:34,Q3 01:34,13.566666666666666,364,steal,Harris STEAL (1 STL),[],Harris,0,0,,False,False,202699.0,,turnover,2pt made,,202699.0,,1626209|201160|201973|202323|202696|202699|202738|203095|203482|203935,1626209|201160|202696|202699|203095,201973|202323|202738|203482|203935,,,1610612753.0,21500716,True
3,PT01M25.00S,01:25,Q3 01:25,13.416666666666666,365,2pt,Harris  Cutting Dunk Shot (13 PTS) (Smith 3 AST),['pointsinthepaint'],Harris,76,77,Made,True,True,202699.0,201160.0,steal,turnover,,,,1626209|201160|201973|202323|202696|202699|202738|203095|203482|203935,1626209|201160|202696|202699|203095,201973|202323|202738|203482|203935,0.0,1.0,1610612753.0,21500716,True
3,PT00M55.00S,00:55,Q3 00:55,12.916666666666666,366,turnover,Celtics Turnover: Shot Clock (T#8),[],,0,0,,False,False,1610612738.0,,2pt made,3pt made,,,,1626209|201160|201973|202323|202696|202699|202738|203095|203482|203935,1626209|201160|202696|202699|203095,201973|202323|202738|203482|203935,,,0.0,21500716,True
3,PT00M39.70S,00:39,Q3 00:39,12.661666666666667,367,3pt,Fournier 25' 3PT Jump Shot (9 PTS) (Smith 4 AST),[],Fournier,79,77,Made,True,True,203095.0,201160.0,turnover,foul,,,,1626209|201160|201973|202323|202696|202699|202738|203095|203482|203935,1626209|201160|202696|202699|203095,201973|202323|202738|203482|203935,-137.0,213.0,1610612753.0,21500716,True
3,PT00M28.20S,00:28,Q3 00:28,12.47,368,foul,Hezonja S.FOUL (P3.PN) (Z.Zarba),['inpenalty'],Hezonja,0,0,,False,False,1626209.0,,3pt made,freethrow,203935.0,,,1626209|201160|201973|202323|202696|202699|202738|203095|203482|203935,1626209|201160|202696|202699|203095,201973|202323|202738|203482|203935,,,1610612753.0,21500716,True
3,PT00M28.20S,00:28,Q3 00:28,12.47,369,freethrow,Smart Free Throw 1 of 2 (14 PTS),[],Smart,79,78,Made,False,False,203935.0,,foul,freethrow,,,,1626209|201160|201973|202323|202696|202699|202738|203095|203482|203935,201973|202323|202738|203482|203935,1626209|201160|202696|202699|203095,,,1610612738.0,21500716,True
3,PT00M28.20S,00:28,Q3 00:28,12.47,372,freethrow,Smart Free Throw 2 of 2 (15 PTS),[],Smart,79,79,Made,False,False,203935.0,,freethrow,substitution,,,,1626209|201160|201973|202323|202696|202699|202738|203095|203482|203935,201973|202323|202738|203482|203935,1626209|201160|202696|202699|203095,,,1610612738.0,21500716,True
3,PT00M28.20S,00:28,Q3 00:28,12.47,371,substitution,SUB out: I. Thomas,[],Thomas,0,0,,False,False,202738.0,,freethrow,substitution,,,,1626209|201160|201973|202323|202696|202699|203095|203482|203935,201973|202323|203482|203935,1626209|201160|202696|202699|203095,,,1610612738.0,21500716,False
3,PT00M28.20S,00:28,Q3 00:28,12.47,372,substitution,SUB in: A. Bradley,[],Bradley,0,0,,False,False,202340.0,,substitution,turnover,,,,1626209|201160|201973|202323|202340|202696|202699|203095|203482|203935,201973|202323|202340|203482|203935,1626209|201160|202696|202699|203095,,,1610612738.0,21500716,True
3,PT00M17.90S,00:17,Q3 00:17,12.298333333333334,374,turnover,Fournier Bad Pass Turnover (P4.T12),[],Fournier,0,0,,False,False,203095.0,,substitution,steal,,,,1626209|201160|201973|202323|202340|202696|202699|203095|203482|203935,1626209|201160|202696|202699|203095,201973|202323|202340|203482|203935,,,1610612753.0,21500716,True
3,PT00M17.90S,00:17,Q3 00:17,12.298333333333334,374,steal,Smart STEAL (2 STL),[],Smart,0,0,,False,False,203935.0,,turnover,2pt made,,203935.0,,1626209|201160|201973|202323|202340|202696|202699|203095|203482|203935,201973|202323|202340|203482|203935,1626209|201160|202696|202699|203095,,,1610612738.0,21500716,True
3,PT00M14.40S,00:14,Q3 00:14,12.24,375,2pt,Smart 2' Running Layup (17 PTS),['pointsinthepaint'],Smart,79,81,Made,True,False,203935.0,,steal,2pt made,,,,1626209|201160|201973|202323|202340|202696|202699|203095|203482|203935,201973|202323|202340|203482|203935,1626209|201160|202696|202699|203095,9.0,21.0,1610612738.0,21500716,True
3,PT00M04.60S,00:04,Q3 00:04,12.076666666666666,376,2pt,Vucevic 8' Hook Bank Shot (11 PTS),['pointsinthepaint'],Vucevic,81,81,Made,True,False,202696.0,,2pt made,3pt missed,,,,1626209|201160|201973|202323|202340|202696|202699|203095|203482|203935,1626209|201160|202696|202699|203095,201973|202323|202340|203482|203935,0.0,82.0,1610612753.0,21500716,True
3,PT00M00.00S,00:00,Q3 00:00,12.0,377,3pt,MISS Smart 36' 3PT Jump Shot,[],Smart,0,0,Missed,True,False,203935.0,,2pt made,rebound,,,,1626209|201160|201973|202323|202340|202696|202699|203095|203482|203935,201973|202323|202340|203482|203935,1626209|201160|202696|202699|203095,-166.0,321.0,1610612738.0,21500716,True
3,PT00M00.00S,00:00,Q3 00:00,12.0,378,rebound,TEAM offensive REBOUND,['team'],,0,0,,False,False,0.0,,3pt missed,instant replay,,,,1626209|201160|201973|202323|202340|202696|202699|203095|203482|203935,201973|202323|202340|203482|203935,1626209|201160|202696|202699|203095,,,1610612738.0,21500716,True
3,PT00M00.00S,00:00,Q3 00:00,12.0,381,period,End of 3rd Period (7:47 PM EST),[],,81,81,,False,False,0.0,,instant replay,period,,,,1626209|201160|201973|202323|202340|202696|202699|203095|203482|203935,1626209|201160|202696|202699|203095,201973|202323|202340|203482|203935,,,1610612753.0,21500716,True
4,PT12M00.00S,12:00,Q4 12:00,12.0,382,period,Start of 4th Period (7:49 PM EST),[],,81,81,,False,False,0.0,,period,3pt made,,,,1626209|201160|201973|202323|202340|202696|202699|203095|203482|203935,1626209|201160|202696|202699|203095,201973|202323|202340|203482|203935,,,1610612753.0,21500716,True
4,PT11M47.00S,11:47,Q4 11:47,11.783333333333333,383,3pt,Bradley 25' 3PT Jump Shot (13 PTS) (Olynyk 3 AST),[],Bradley,81,84,Made,True,True,202340.0,203482.0,period,2pt made,,,,1626209|201160|201973|202323|202340|202696|202699|203095|203482|203935,201973|202323|202340|203482|203935,1626209|201160|202696|202699|203095,38.0,247.0,1610612738.0,21500716,True
4,PT11M18.00S,11:18,Q4 11:18,11.3,385,2pt,Hezonja 23' Jump Shot (14 PTS),[],Hezonja,83,84,Made,True,False,1626209.0,,3pt made,3pt missed,,,,1626209|201160|201973|202323|202340|202696|202699|203095|203482|203935,1626209|201160|202696|202699|203095,201973|202323|202340|203482|203935,166.0,156.0,1610612753.0,21500716,True
4,PT11M03.00S,11:03,Q4 11:03,11.05,386,3pt,MISS Bradley 25' 3PT Jump Shot,[],Bradley,0,0,Missed,True,False,202340.0,,2pt made,rebound,,,,1626209|201160|201973|202323|202340|202696|202699|203095|203482|203935,201973|202323|202340|203482|203935,1626209|201160|202696|202699|203095,105.0,232.0,1610612738.0,21500716,True
4,PT11M02.00S,11:02,Q4 11:02,11.033333333333333,387,rebound,Vucevic REBOUND (Off:3 Def:8),[],Vucevic,0,0,,False,False,202696.0,,3pt missed,2pt missed,,,,1626209|201160|201973|202323|202340|202696|202699|203095|203482|203935,1626209|201160|202696|202699|203095,201973|202323|202340|203482|203935,,,1610612753.0,21500716,True
4,PT10M48.00S,10:48,Q4 10:48,10.8,388,2pt,MISS Fournier 12' Jump Shot,['pointsinthepaint'],Fournier,0,0,Missed,True,False,203095.0,,rebound,block,,,,1626209|201160|201973|202323|202340|202696|202699|203095|203482|203935,1626209|201160|202696|202699|203095,201973|202323|202340|203482|203935,-48.0,105.0,1610612753.0,21500716,True
4,PT10M48.00S,10:48,Q4 10:48,10.8,388,block,Turner BLOCK (1 BLK),[],Turner,0,0,,False,False,202323.0,,2pt missed,rebound,,,202323.0,1626209|201160|201973|202323|202340|202696|202699|203095|203482|203935,201973|202323|202340|203482|203935,1626209|201160|202696|202699|203095,,,1610612738.0,21500716,True
4,PT10M46.00S,10:46,Q4 10:46,10.766666666666667,389,rebound,Jerebko REBOUND (Off:0 Def:4),[],Jerebko,0,0,,False,False,201973.0,,block,3pt made,,,,1626209|201160|201973|202323|202340|202696|202699|203095|203482|203935,201973|202323|202340|203482|203935,1626209|201160|202696|202699|203095,,,1610612738.0,21500716,True
4,PT10M34.00S,10:34,Q4 10:34,10.566666666666666,390,3pt,Jerebko 25' 3PT Jump Shot (7 PTS) (Bradley 2 AST),[],Jerebko,83,87,Made,True,True,201973.0,202340.0,rebound,2pt made,,,,1626209|201160|201973|202323|202340|202696|202699|203095|203482|203935,201973|202323|202340|203482|203935,1626209|201160|202696|202699|203095,78.0,234.0,1610612738.0,21500716,True
4,PT10M20.00S,10:20,Q4 10:20,10.333333333333334,392,2pt,Fournier 3' Layup (11 PTS),['pointsinthepaint'],Fournier,85,87,Made,True,False,203095.0,,3pt made,foul,,,,1626209|201160|201973|202323|202340|202696|202699|203095|203482|203935,1626209|201160|202696|202699|203095,201973|202323|202340|203482|203935,25.0,21.0,1610612753.0,21500716,True
4,PT10M20.00S,10:20,Q4 10:20,10.333333333333334,393,foul,Jerebko S.FOUL (P3.T1) (S.Corbin),[],Jerebko,0,0,,False,False,201973.0,,2pt made,freethrow,203095.0,,,1626209|201160|201973|202323|202340|202696|202699|203095|203482|203935,201973|202323|202340|203482|203935,1626209|201160|202696|202699|203095,,,1610612738.0,21500716,True
4,PT10M20.00S,10:20,Q4 10:20,10.333333333333334,394,freethrow,Fournier Free Throw 1 of 1 (12 PTS),[],Fournier,86,87,Made,False,False,203095.0,,foul,3pt missed,,,,1626209|201160|201973|202323|202340|202696|202699|203095|203482|203935,1626209|201160|202696|202699|203095,201973|202323|202340|203482|203935,,,1610612753.0,21500716,True
4,PT10M04.00S,10:04,Q4 10:04,10.066666666666666,396,3pt,MISS Jerebko  3PT Jump Shot,[],Jerebko,0,0,Missed,True,False,201973.0,,freethrow,rebound,,,,1626209|201160|201973|202323|202340|202696|202699|203095|203482|203935,201973|202323|202340|203482|203935,1626209|201160|202696|202699|203095,225.0,65.0,1610612738.0,21500716,True
4,PT10M03.00S,10:03,Q4 10:03,10.05,397,rebound,Fournier REBOUND (Off:0 Def:3),[],Fournier,0,0,,False,False,203095.0,,3pt missed,3pt missed,,,,1626209|201160|201973|202323|202340|202696|202699|203095|203482|203935,1626209|201160|202696|202699|203095,201973|202323|202340|203482|203935,,,1610612753.0,21500716,True
4,PT09M48.00S,09:48,Q4 09:48,9.8,398,3pt,MISS Fournier 26' 3PT Jump Shot,[],Fournier,0,0,Missed,True,False,203095.0,,rebound,rebound,,,,1626209|201160|201973|202323|202340|202696|202699|203095|203482|203935,1626209|201160|202696|202699|203095,201973|202323|202340|203482|203935,-89.0,242.0,1610612753.0,21500716,True
4,PT09M46.00S,09:46,Q4 09:46,9.766666666666667,399,rebound,Turner REBOUND (Off:0 Def:1),[],Turner,0,0,,False,False,202323.0,,3pt missed,2pt made,,,,1626209|201160|201973|202323|202340|202696|202699|203095|203482|203935,201973|202323|202340|203482|203935,1626209|201160|202696|202699|203095,,,1610612738.0,21500716,True
4,PT09M42.00S,09:42,Q4 09:42,9.7,400,2pt,Olynyk 2' Running Layup (8 PTS) (Turner 5 AST),['pointsinthepaint'],Olynyk,86,89,Made,True,True,203482.0,202323.0,rebound,foul,,,,1626209|201160|201973|202323|202340|202696|202699|203095|203482|203935,201973|202323|202340|203482|203935,1626209|201160|202696|202699|203095,12.0,11.0,1610612738.0,21500716,True
4,PT09M31.00S,09:31,Q4 09:31,9.516666666666667,401,foul,Harris Offensive Charge Foul (P1.T1) (D.Richardson),[],Harris,0,0,,False,False,202699.0,,2pt made,turnover,203482.0,,,1626209|201160|201973|202323|202340|202696|202699|203095|203482|203935,1626209|201160|202696|202699|203095,201973|202323|202340|203482|203935,,,1610612753.0,21500716,True
4,PT09M31.00S,09:31,Q4 09:31,9.516666666666667,402,turnover,Harris Foul Turnover (P2.T13),[],Harris,0,0,,False,False,202699.0,,foul,substitution,,,,1626209|201160|201973|202323|202340|202696|202699|203095|203482|203935,1626209|201160|202696|202699|203095,201973|202323|202340|203482|203935,,,1610612753.0,21500716,True
4,PT09M31.00S,09:31,Q4 09:31,9.516666666666667,403,substitution,SUB out: N. Vucevic,[],Vucevic,0,0,,False,False,202696.0,,turnover,substitution,,,,1626209|201160|201973|202323|202340|202699|203095|203482|203935,1626209|201160|202699|203095,201973|202323|202340|203482|203935,,,1610612753.0,21500716,False
4,PT09M31.00S,09:31,Q4 09:31,9.516666666666667,404,substitution,SUB in: A. Gordon,[],Gordon,0,0,,False,False,203932.0,,substitution,foul,,,,1626209|201160|201973|202323|202340|202699|203095|203482|203932|203935,1626209|201160|202699|203095|203932,201973|202323|202340|203482|203935,,,1610612753.0,21500716,True
4,PT09M15.00S,09:15,Q4 09:15,9.25,404,foul,Gordon S.FOUL (P3.T2) (Z.Zarba),[],Gordon,0,0,,False,False,203932.0,,substitution,instant replay,203482.0,,,1626209|201160|201973|202323|202340|202699|203095|203482|203932|203935,1626209|201160|202699|203095|203932,201973|202323|202340|203482|203935,,,1610612753.0,21500716,True
4,PT09M15.00S,09:15,Q4 09:15,9.25,406,freethrow,MISS Olynyk Free Throw 1 of 2,[],Olynyk,0,0,Missed,False,False,203482.0,,instant replay,rebound,,,,1626209|201160|201973|202323|202340|202699|203095|203482|203932|203935,201973|202323|202340|203482|203935,1626209|201160|202699|203095|203932,,,1610612738.0,21500716,True
4,PT09M15.00S,09:15,Q4 09:15,9.25,407,rebound,TEAM offensive REBOUND,['team'],,0,0,,False,False,0.0,,freethrow,freethrow,,,,1626209|201160|201973|202323|202340|202699|203095|203482|203932|203935,201973|202323|202340|203482|203935,1626209|201160|202699|203095|203932,,,1610612738.0,21500716,True
4,PT09M15.00S,09:15,Q4 09:15,9.25,408,freethrow,Olynyk Free Throw 2 of 2 (9 PTS),['2ndchance'],Olynyk,86,90,Made,False,False,203482.0,,rebound,2pt made,,,,1626209|201160|201973|202323|202340|202699|203095|203482|203932|203935,201973|202323|202340|203482|203935,1626209|201160|202699|203095|203932,,,1610612738.0,21500716,True
4,PT08M56.00S,08:56,Q4 08:56,8.933333333333334,410,2pt,Smith 18' Jump Shot (2 PTS),[],Smith,88,90,Made,True,False,201160.0,,freethrow,2pt made,,,,1626209|201160|201973|202323|202340|202699|203095|203482|203932|203935,1626209|201160|202699|203095|203932,201973|202323|202340|203482|203935,99.0,154.0,1610612753.0,21500716,True
4,PT08M43.00S,08:43,Q4 08:43,8.716666666666667,411,2pt,Smart 8' Fadeaway Bank Shot (19 PTS),['pointsinthepaint'],Smart,88,92,Made,True,False,203935.0,,2pt made,3pt missed,,,,1626209|201160|201973|202323|202340|202699|203095|203482|203932|203935,201973|202323|202340|203482|203935,1626209|201160|202699|203095|203932,74.0,36.0,1610612738.0,21500716,True
4,PT08M15.00S,08:15,Q4 08:15,8.25,412,3pt,MISS Gordon 24' 3PT Jump Shot,[],Gordon,0,0,Missed,True,False,203932.0,,2pt made,2pt missed,,,,1626209|201160|201973|202323|202340|202699|203095|203482|203932|203935,1626209|201160|202699|203095|203932,201973|202323|202340|203482|203935,-235.0,51.0,1610612753.0,21500716,True
4,PT08M13.00S,08:13,Q4 08:13,8.216666666666667,413,2pt,MISS Smith 2' Tip Layup Shot,['pointsinthepaint'],Smith,0,0,Missed,True,False,201160.0,,3pt missed,rebound,,,,1626209|201160|201973|202323|202340|202699|203095|203482|203932|203935,1626209|201160|202699|203095|203932,201973|202323|202340|203482|203935,0.0,16.0,1610612753.0,21500716,True
4,PT08M13.00S,08:13,Q4 08:13,8.216666666666667,414,rebound,Smith REBOUND (Off:1 Def:0),[],Smith,0,0,,False,False,201160.0,,2pt missed,rebound,,,,1626209|201160|201973|202323|202340|202699|203095|203482|203932|203935,1626209|201160|202699|203095|203932,201973|202323|202340|203482|203935,,,1610612753.0,21500716,True
4,PT08M11.00S,08:11,Q4 08:11,8.183333333333334,415,rebound,Olynyk REBOUND (Off:0 Def:2),[],Olynyk,0,0,,False,False,203482.0,,rebound,3pt missed,,,,1626209|201160|201973|202323|202340|202699|203095|203482|203932|203935,201973|202323|202340|203482|203935,1626209|201160|202699|203095|203932,,,1610612738.0,21500716,True
4,PT08M04.00S,08:04,Q4 08:04,8.066666666666666,416,3pt,MISS Olynyk 25' 3PT Jump Shot,[],Olynyk,0,0,Missed,True,False,203482.0,,rebound,rebound,,,,1626209|201160|201973|202323|202340|202699|203095|203482|203932|203935,201973|202323|202340|203482|203935,1626209|201160|202699|203095|203932,22.0,252.0,1610612738.0,21500716,True
4,PT08M03.00S,08:03,Q4 08:03,8.05,417,rebound,Gordon REBOUND (Off:1 Def:7),[],Gordon,0,0,,False,False,203932.0,,3pt missed,2pt missed,,,,1626209|201160|201973|202323|202340|202699|203095|203482|203932|203935,1626209|201160|202699|203095|203932,201973|202323|202340|203482|203935,,,1610612753.0,21500716,True
4,PT07M44.00S,07:44,Q4 07:44,7.733333333333333,418,2pt,MISS Smith 20' Jump Shot,[],Smith,0,0,Missed,True,False,201160.0,,rebound,rebound,,,,1626209|201160|201973|202323|202340|202699|203095|203482|203932|203935,1626209|201160|202699|203095|203932,201973|202323|202340|203482|203935,91.0,180.0,1610612753.0,21500716,True
4,PT07M42.00S,07:42,Q4 07:42,7.7,419,rebound,Smart REBOUND (Off:1 Def:2),[],Smart,0,0,,False,False,203935.0,,2pt missed,turnover,,,,1626209|201160|201973|202323|202340|202699|203095|203482|203932|203935,201973|202323|202340|203482|203935,1626209|201160|202699|203095|203932,,,1610612738.0,21500716,True
4,PT07M26.00S,07:26,Q4 07:26,7.433333333333334,420,turnover,Turner Bad Pass Turnover (P1.T9),[],Turner,0,0,,False,False,202323.0,,rebound,steal,,,,1626209|201160|201973|202323|202340|202699|203095|203482|203932|203935,201973|202323|202340|203482|203935,1626209|201160|202699|203095|203932,,,1610612738.0,21500716,True
4,PT07M26.00S,07:26,Q4 07:26,7.433333333333334,420,steal,Fournier STEAL (2 STL),[],Fournier,0,0,,False,False,203095.0,,turnover,2pt made,,203095.0,,1626209|201160|201973|202323|202340|202699|203095|203482|203932|203935,1626209|201160|202699|203095|203932,201973|202323|202340|203482|203935,,,1610612753.0,21500716,True
4,PT07M21.00S,07:21,Q4 07:21,7.35,421,2pt,Smith 2' Running Reverse Layup (4 PTS) (Gordon 4 AST),['pointsinthepaint'],Smith,90,92,Made,True,True,201160.0,203932.0,steal,3pt missed,,,,1626209|201160|201973|202323|202340|202699|203095|203482|203932|203935,1626209|201160|202699|203095|203932,201973|202323|202340|203482|203935,4.0,18.0,1610612753.0,21500716,True
4,PT07M06.00S,07:06,Q4 07:06,7.1,422,3pt,MISS Olynyk 25' 3PT Jump Shot,[],Olynyk,0,0,Missed,True,False,203482.0,,2pt made,rebound,,,,1626209|201160|201973|202323|202340|202699|203095|203482|203932|203935,201973|202323|202340|203482|203935,1626209|201160|202699|203095|203932,-169.0,183.0,1610612738.0,21500716,True
4,PT07M05.00S,07:05,Q4 07:05,7.083333333333333,423,rebound,Bradley REBOUND (Off:1 Def:3),[],Bradley,0,0,,False,False,202340.0,,3pt missed,3pt made,,,,1626209|201160|201973|202323|202340|202699|203095|203482|203932|203935,201973|202323|202340|203482|203935,1626209|201160|202699|203095|203932,,,1610612738.0,21500716,True
4,PT06M55.00S,06:55,Q4 06:55,6.916666666666667,424,3pt,Bradley 25' 3PT Jump Shot (16 PTS) (Jerebko 1 AST),[],Bradley,90,95,Made,True,True,202340.0,201973.0,rebound,2pt made,,,,1626209|201160|201973|202323|202340|202699|203095|203482|203932|203935,201973|202323|202340|203482|203935,1626209|201160|202699|203095|203932,-173.0,183.0,1610612738.0,21500716,True
4,PT06M36.00S,06:36,Q4 06:36,6.6,425,2pt,Harris 7' Jump Bank Shot (15 PTS),['pointsinthepaint'],Harris,92,95,Made,True,False,202699.0,,3pt made,foul,,,,1626209|201160|201973|202323|202340|202699|203095|203482|203932|203935,1626209|201160|202699|203095|203932,201973|202323|202340|203482|203935,55.0,46.0,1610612753.0,21500716,True
4,PT06M36.00S,06:36,Q4 06:36,6.6,426,foul,Jerebko S.FOUL (P4.T2) (Z.Zarba),[],Jerebko,0,0,,False,False,201973.0,,2pt made,timeout,202699.0,,,1626209|201160|201973|202323|202340|202699|203095|203482|203932|203935,201973|202323|202340|203482|203935,1626209|201160|202699|203095|203932,,,1610612738.0,21500716,True
4,PT06M36.00S,06:36,Q4 06:36,6.6,427,timeout,Timeout: Official,[],,0,0,,False,False,0.0,,foul,freethrow,,,,1626209|201160|201973|202323|202340|202699|203095|203482|203932|203935,1626209|201160|202699|203095|203932,201973|202323|202340|203482|203935,,,0.0,21500716,True
4,PT06M36.00S,06:36,Q4 06:36,6.6,431,freethrow,Harris Free Throw 1 of 1 (16 PTS),[],Harris,93,95,Made,False,False,202699.0,,timeout,3pt missed,,,,1626209|201160|201973|202323|202340|202699|203095|203482|203932|203935,1626209|201160|202699|203095|203932,201973|202323|202340|203482|203935,,,1610612753.0,21500716,True
4,PT06M15.00S,06:15,Q4 06:15,6.25,433,3pt,MISS Bradley 25' 3PT Jump Shot,[],Bradley,0,0,Missed,True,False,202340.0,,freethrow,rebound,,,,1626209|201160|201973|202323|202340|202699|203095|203482|203932|203935,201973|202323|202340|203482|203935,1626209|201160|202699|203095|203932,94.0,234.0,1610612738.0,21500716,True
4,PT06M14.00S,06:14,Q4 06:14,6.233333333333333,434,rebound,Gordon REBOUND (Off:1 Def:8),[],Gordon,0,0,,False,False,203932.0,,3pt missed,3pt missed,,,,1626209|201160|201973|202323|202340|202699|203095|203482|203932|203935,1626209|201160|202699|203095|203932,201973|202323|202340|203482|203935,,,1610612753.0,21500716,True
4,PT05M49.00S,05:49,Q4 05:49,5.816666666666666,435,3pt,MISS Hezonja 25' 3PT Jump Shot,[],Hezonja,0,0,Missed,True,False,1626209.0,,rebound,rebound,,,,1626209|201160|201973|202323|202340|202699|203095|203482|203932|203935,1626209|201160|202699|203095|203932,201973|202323|202340|203482|203935,-63.0,247.0,1610612753.0,21500716,True
4,PT05M48.00S,05:48,Q4 05:48,5.8,436,rebound,Gordon REBOUND (Off:2 Def:8),[],Gordon,0,0,,False,False,203932.0,,3pt missed,foul,,,,1626209|201160|201973|202323|202340|202699|203095|203482|203932|203935,1626209|201160|202699|203095|203932,201973|202323|202340|203482|203935,,,1610612753.0,21500716,True
4,PT05M37.00S,05:37,Q4 05:37,5.616666666666667,438,foul,Jerebko P.FOUL (P5.T3) (S.Corbin),[],Jerebko,0,0,,False,False,201973.0,,rebound,timeout,,,,1626209|201160|201973|202323|202340|202699|203095|203482|203932|203935,201973|202323|202340|203482|203935,1626209|201160|202699|203095|203932,,,1610612738.0,21500716,True
4,PT05M37.00S,05:37,Q4 05:37,5.616666666666667,439,timeout,MAGIC Timeout: Regular (Full 4 Short 0),[],,0,0,,False,False,0.0,,foul,substitution,,,,1626209|201160|201973|202323|202340|202699|203095|203482|203932|203935,1626209|201160|202699|203095|203932,201973|202323|202340|203482|203935,,,1610612753.0,21500716,True
4,PT05M37.00S,05:37,Q4 05:37,5.616666666666667,441,substitution,SUB out: E. Turner,[],Turner,0,0,,False,False,202323.0,,timeout,substitution,,,,1626209|201160|201973|202340|202699|203095|203482|203932|203935,201973|202340|203482|203935,1626209|201160|202699|203095|203932,,,1610612738.0,21500716,False
4,PT05M37.00S,05:37,Q4 05:37,5.616666666666667,442,substitution,SUB out: J. Jerebko,[],Jerebko,0,0,,False,False,201973.0,,substitution,substitution,,,,1626209|201160|202340|202699|203095|203482|203932|203935,202340|203482|203935,1626209|201160|202699|203095|203932,,,1610612738.0,21500716,False
4,PT05M37.00S,05:37,Q4 05:37,5.616666666666667,443,substitution,SUB out: J. Smith,[],Smith,0,0,,False,False,201160.0,,substitution,substitution,,,,1626209|202340|202699|203095|203482|203932|203935,1626209|202699|203095|203932,202340|203482|203935,,,1610612753.0,21500716,False
4,PT05M37.00S,05:37,Q4 05:37,5.616666666666667,444,substitution,SUB in: I. Thomas,[],Thomas,0,0,,False,False,202738.0,,substitution,substitution,,,,1626209|202340|202699|202738|203095|203482|203932|203935,202340|202738|203482|203935,1626209|202699|203095|203932,,,1610612738.0,21500716,False
4,PT05M37.00S,05:37,Q4 05:37,5.616666666666667,445,substitution,SUB in: J. Crowder,[],Crowder,0,0,,False,False,203109.0,,substitution,substitution,,,,1626209|202340|202699|202738|203095|203109|203482|203932|203935,202340|202738|203109|203482|203935,1626209|202699|203095|203932,,,1610612738.0,21500716,False
4,PT05M37.00S,05:37,Q4 05:37,5.616666666666667,446,substitution,SUB in: N. Vucevic,[],Vucevic,0,0,,False,False,202696.0,,substitution,3pt made,,,,1626209|202340|202696|202699|202738|203095|203109|203482|203932|203935,1626209|202696|202699|203095|203932,202340|202738|203109|203482|203935,,,1610612753.0,21500716,True
4,PT05M27.00S,05:27,Q4 05:27,5.45,444,3pt,Fournier 25' 3PT Jump Shot (15 PTS) (Vucevic 4 AST),[],Fournier,96,95,Made,True,True,203095.0,202696.0,substitution,3pt missed,,,,1626209|202340|202696|202699|202738|203095|203109|203482|203932|203935,1626209|202696|202699|203095|203932,202340|202738|203109|203482|203935,-104.0,232.0,1610612753.0,21500716,True
4,PT05M12.00S,05:12,Q4 05:12,5.2,445,3pt,MISS Crowder 24' 3PT Jump Shot,[],Crowder,0,0,Missed,True,False,203109.0,,3pt made,rebound,,,,1626209|202340|202696|202699|202738|203095|203109|203482|203932|203935,202340|202738|203109|203482|203935,1626209|202696|202699|203095|203932,-228.0,61.0,1610612738.0,21500716,True
4,PT05M10.00S,05:10,Q4 05:10,5.166666666666667,446,rebound,Smart REBOUND (Off:2 Def:2),[],Smart,0,0,,False,False,203935.0,,3pt missed,2pt missed,,,,1626209|202340|202696|202699|202738|203095|203109|203482|203932|203935,202340|202738|203109|203482|203935,1626209|202696|202699|203095|203932,,,1610612738.0,21500716,True
4,PT05M05.00S,05:05,Q4 05:05,5.083333333333333,447,2pt,MISS Thomas 2' Driving Layup,['pointsinthepaint'],Thomas,0,0,Missed,True,False,202738.0,,rebound,rebound,,,,1626209|202340|202696|202699|202738|203095|203109|203482|203932|203935,202340|202738|203109|203482|203935,1626209|202696|202699|203095|203932,-14.0,18.0,1610612738.0,21500716,True
4,PT05M04.00S,05:04,Q4 05:04,5.066666666666666,448,rebound,Vucevic REBOUND (Off:3 Def:9),[],Vucevic,0,0,,False,False,202696.0,,2pt missed,3pt made,,,,1626209|202340|202696|202699|202738|203095|203109|203482|203932|203935,1626209|202696|202699|203095|203932,202340|202738|203109|203482|203935,,,1610612753.0,21500716,True
4,PT04M46.00S,04:46,Q4 04:46,4.766666666666667,449,3pt,Hezonja 25' 3PT Jump Shot (17 PTS) (Vucevic 5 AST),[],Hezonja,99,95,Made,True,True,1626209.0,202696.0,rebound,timeout,,,,1626209|202340|202696|202699|202738|203095|203109|203482|203932|203935,1626209|202696|202699|203095|203932,202340|202738|203109|203482|203935,-142.0,200.0,1610612753.0,21500716,True
4,PT04M46.00S,04:46,Q4 04:46,4.766666666666667,450,timeout,Celtics Timeout: Regular (Reg.4 Short 0),[],,0,0,,False,False,0.0,,3pt made,substitution,,,,1626209|202340|202696|202699|202738|203095|203109|203482|203932|203935,202340|202738|203109|203482|203935,1626209|202696|202699|203095|203932,,,1610612738.0,21500716,True
4,PT04M46.00S,04:46,Q4 04:46,4.766666666666667,452,substitution,SUB out: M. Smart,[],Smart,0,0,,False,False,203935.0,,timeout,substitution,,,,1626209|202340|202696|202699|202738|203095|203109|203482|203932,202340|202738|203109|203482,1626209|202696|202699|203095|203932,,,1610612738.0,21500716,False
4,PT04M46.00S,04:46,Q4 04:46,4.766666666666667,453,substitution,SUB in: A. Johnson,[],Johnson,0,0,,False,False,101161.0,,substitution,2pt made,,,,101161|1626209|202340|202696|202699|202738|203095|203109|203482|203932,101161|202340|202738|203109|203482,1626209|202696|202699|203095|203932,,,1610612738.0,21500716,True
4,PT04M31.00S,04:31,Q4 04:31,4.516666666666667,454,2pt,Bradley 18' Pullup Jump Shot (18 PTS),[],Bradley,99,97,Made,True,False,202340.0,,substitution,2pt missed,,,,101161|1626209|202340|202696|202699|202738|203095|203109|203482|203932,101161|202340|202738|203109|203482,1626209|202696|202699|203095|203932,74.0,169.0,1610612738.0,21500716,True
4,PT04M11.00S,04:11,Q4 04:11,4.183333333333334,455,2pt,MISS Vucevic 9' Hook Shot,['pointsinthepaint'],Vucevic,0,0,Missed,True,False,202696.0,,2pt made,rebound,,,,101161|1626209|202340|202696|202699|202738|203095|203109|203482|203932,1626209|202696|202699|203095|203932,101161|202340|202738|203109|203482,-1.0,85.0,1610612753.0,21500716,True
4,PT04M11.00S,04:11,Q4 04:11,4.183333333333334,456,rebound,TEAM defensive REBOUND,['team'],,0,0,,False,False,0.0,,2pt missed,foul,,,,101161|1626209|202340|202696|202699|202738|203095|203109|203482|203932,101161|202340|202738|203109|203482,1626209|202696|202699|203095|203932,,,1610612738.0,21500716,True
4,PT04M11.00S,04:11,Q4 04:11,4.183333333333334,457,foul,Gordon L.B.FOUL (P4.T3) (Z.Zarba),[],Gordon,0,0,,False,False,203932.0,,rebound,2pt missed,202738.0,,,101161|1626209|202340|202696|202699|202738|203095|203109|203482|203932,1626209|202696|202699|203095|203932,101161|202340|202738|203109|203482,,,1610612753.0,21500716,True
4,PT03M48.00S,03:48,Q4 03:48,3.8,458,2pt,MISS Thomas 15' Fadeaway Jumper,[],Thomas,0,0,Missed,True,False,202738.0,,foul,rebound,,,,101161|1626209|202340|202696|202699|202738|203095|203109|203482|203932,101161|202340|202738|203109|203482,1626209|202696|202699|203095|203932,102.0,110.0,1610612738.0,21500716,True
4,PT03M47.00S,03:47,Q4 03:47,3.783333333333333,459,rebound,Harris REBOUND (Off:2 Def:3),[],Harris,0,0,,False,False,202699.0,,2pt missed,3pt made,,,,101161|1626209|202340|202696|202699|202738|203095|203109|203482|203932,1626209|202696|202699|203095|203932,101161|202340|202738|203109|203482,,,1610612753.0,21500716,True
4,PT03M27.00S,03:27,Q4 03:27,3.45,460,3pt,Fournier 25' 3PT Jump Shot (18 PTS) (Vucevic 6 AST),[],Fournier,102,97,Made,True,True,203095.0,202696.0,rebound,2pt missed,,,,101161|1626209|202340|202696|202699|202738|203095|203109|203482|203932,1626209|202696|202699|203095|203932,101161|202340|202738|203109|203482,-47.0,249.0,1610612753.0,21500716,True
4,PT03M12.00S,03:12,Q4 03:12,3.2,461,2pt,MISS Bradley 18' Jump Shot,[],Bradley,0,0,Missed,True,False,202340.0,,3pt made,rebound,,,,101161|1626209|202340|202696|202699|202738|203095|203109|203482|203932,101161|202340|202738|203109|203482,1626209|202696|202699|203095|203932,-32.0,178.0,1610612738.0,21500716,True
4,PT03M10.00S,03:10,Q4 03:10,3.1666666666666665,462,rebound,Gordon REBOUND (Off:2 Def:9),[],Gordon,0,0,,False,False,203932.0,,2pt missed,2pt made,,,,101161|1626209|202340|202696|202699|202738|203095|203109|203482|203932,1626209|202696|202699|203095|203932,101161|202340|202738|203109|203482,,,1610612753.0,21500716,True
4,PT02M55.00S,02:55,Q4 02:55,2.9166666666666665,463,2pt,Vucevic 15' Jump Shot (13 PTS) (Gordon 5 AST),[],Vucevic,104,97,Made,True,True,202696.0,203932.0,rebound,3pt missed,,,,101161|1626209|202340|202696|202699|202738|203095|203109|203482|203932,1626209|202696|202699|203095|203932,101161|202340|202738|203109|203482,-124.0,82.0,1610612753.0,21500716,True
4,PT02M42.00S,02:42,Q4 02:42,2.7,464,3pt,MISS Crowder 25' 3PT Jump Shot,[],Crowder,0,0,Missed,True,False,203109.0,,2pt made,rebound,,,,101161|1626209|202340|202696|202699|202738|203095|203109|203482|203932,101161|202340|202738|203109|203482,1626209|202696|202699|203095|203932,-173.0,178.0,1610612738.0,21500716,True
4,PT02M41.00S,02:41,Q4 02:41,2.6833333333333336,465,rebound,Gordon REBOUND (Off:2 Def:10),[],Gordon,0,0,,False,False,203932.0,,3pt missed,substitution,,,,101161|1626209|202340|202696|202699|202738|203095|203109|203482|203932,1626209|202696|202699|203095|203932,101161|202340|202738|203109|203482,,,1610612753.0,21500716,True
4,PT02M37.00S,02:37,Q4 02:37,2.6166666666666667,467,substitution,SUB out: K. Olynyk,[],Olynyk,0,0,,False,False,203482.0,,rebound,substitution,,,,101161|1626209|202340|202696|202699|202738|203095|203109|203932,101161|202340|202738|203109,1626209|202696|202699|203095|203932,,,1610612738.0,21500716,False
4,PT02M37.00S,02:37,Q4 02:37,2.6166666666666667,468,substitution,SUB out: J. Crowder,[],Crowder,0,0,,False,False,203109.0,,substitution,substitution,,,,101161|1626209|202340|202696|202699|202738|203095|203932,101161|202340|202738,1626209|202696|202699|203095|203932,,,1610612738.0,21500716,False
4,PT02M37.00S,02:37,Q4 02:37,2.6166666666666667,469,substitution,SUB in: M. Smart,[],Smart,0,0,,False,False,203935.0,,substitution,substitution,,,,101161|1626209|202340|202696|202699|202738|203095|203932|203935,101161|202340|202738|203935,1626209|202696|202699|203095|203932,,,1610612738.0,21500716,False
4,PT02M37.00S,02:37,Q4 02:37,2.6166666666666667,470,substitution,SUB in: E. Turner,[],Turner,0,0,,False,False,202323.0,,substitution,foul,,,,101161|1626209|202323|202340|202696|202699|202738|203095|203932|203935,101161|202323|202340|202738|203935,1626209|202696|202699|203095|203932,,,1610612738.0,21500716,True
4,PT02M34.00S,02:34,Q4 02:34,2.5666666666666664,469,foul,Thomas S.FOUL (P3.T4) (D.Richardson),[],Thomas,0,0,,False,False,202738.0,,substitution,instant replay,203095.0,,,101161|1626209|202323|202340|202696|202699|202738|203095|203932|203935,101161|202323|202340|202738|203935,1626209|202696|202699|203095|203932,,,1610612738.0,21500716,True
4,PT02M34.00S,02:34,Q4 02:34,2.5666666666666664,472,freethrow,Fournier Free Throw 1 of 3 (19 PTS),[],Fournier,105,97,Made,False,False,203095.0,,instant replay,freethrow,,,,101161|1626209|202323|202340|202696|202699|202738|203095|203932|203935,1626209|202696|202699|203095|203932,101161|202323|202340|202738|203935,,,1610612753.0,21500716,True
4,PT02M34.00S,02:34,Q4 02:34,2.5666666666666664,474,freethrow,Fournier Free Throw 2 of 3 (20 PTS),[],Fournier,106,97,Made,False,False,203095.0,,freethrow,freethrow,,,,101161|1626209|202323|202340|202696|202699|202738|203095|203932|203935,1626209|202696|202699|203095|203932,101161|202323|202340|202738|203935,,,1610612753.0,21500716,True
4,PT02M34.00S,02:34,Q4 02:34,2.5666666666666664,477,freethrow,MISS Fournier Free Throw 3 of 3,[],Fournier,0,0,Missed,False,False,203095.0,,freethrow,substitution,,,,101161|1626209|202323|202340|202696|202699|202738|203095|203932|203935,1626209|202696|202699|203095|203932,101161|202323|202340|202738|203935,,,1610612753.0,21500716,True
4,PT02M34.00S,02:34,Q4 02:34,2.5666666666666664,476,substitution,SUB out: M. Hezonja,[],Hezonja,0,0,,False,False,1626209.0,,freethrow,substitution,,,,101161|202323|202340|202696|202699|202738|203095|203932|203935,202696|202699|203095|203932,101161|202323|202340|202738|203935,,,1610612753.0,21500716,False
4,PT02M34.00S,02:34,Q4 02:34,2.5666666666666664,477,substitution,SUB in: V. Oladipo,[],Oladipo,0,0,,False,False,203506.0,,substitution,rebound,,,,101161|202323|202340|202696|202699|202738|203095|203506|203932|203935,202696|202699|203095|203506|203932,101161|202323|202340|202738|203935,,,1610612753.0,21500716,True
4,PT02M32.00S,02:32,Q4 02:32,2.533333333333333,479,rebound,Smart REBOUND (Off:2 Def:3),[],Smart,0,0,,False,False,203935.0,,substitution,foul,,,,101161|202323|202340|202696|202699|202738|203095|203506|203932|203935,101161|202323|202340|202738|203935,202696|202699|203095|203506|203932,,,1610612738.0,21500716,True
4,PT02M26.00S,02:26,Q4 02:26,2.4333333333333336,480,foul,Fournier P.FOUL (P2.T4) (Z.Zarba),[],Fournier,0,0,,False,False,203095.0,,rebound,turnover,202323.0,,,101161|202323|202340|202696|202699|202738|203095|203506|203932|203935,202696|202699|203095|203506|203932,101161|202323|202340|202738|203935,,,1610612753.0,21500716,True
4,PT02M17.00S,02:17,Q4 02:17,2.283333333333333,481,turnover,Turner Bad Pass Turnover (P2.T10),[],Turner,0,0,,False,False,202323.0,,foul,steal,,,,101161|202323|202340|202696|202699|202738|203095|203506|203932|203935,101161|202323|202340|202738|203935,202696|202699|203095|203506|203932,,,1610612738.0,21500716,True
4,PT02M17.00S,02:17,Q4 02:17,2.283333333333333,481,steal,Harris STEAL (2 STL),[],Harris,0,0,,False,False,202699.0,,turnover,turnover,,202699.0,,101161|202323|202340|202696|202699|202738|203095|203506|203932|203935,202696|202699|203095|203506|203932,101161|202323|202340|202738|203935,,,1610612753.0,21500716,True
4,PT02M01.00S,02:01,Q4 02:01,2.0166666666666666,482,turnover,Oladipo Bad Pass Turnover (P2.T14),[],Oladipo,0,0,,False,False,203506.0,,steal,steal,,,,101161|202323|202340|202696|202699|202738|203095|203506|203932|203935,202696|202699|203095|203506|203932,101161|202323|202340|202738|203935,,,1610612753.0,21500716,True
4,PT02M01.00S,02:01,Q4 02:01,2.0166666666666666,482,steal,Thomas STEAL (2 STL),[],Thomas,0,0,,False,False,202738.0,,turnover,3pt missed,,202738.0,,101161|202323|202340|202696|202699|202738|203095|203506|203932|203935,101161|202323|202340|202738|203935,202696|202699|203095|203506|203932,,,1610612738.0,21500716,True
4,PT01M57.00S,01:57,Q4 01:57,1.95,483,3pt,MISS Bradley 25' 3PT Running Jump Shot,[],Bradley,0,0,Missed,True,False,202340.0,,steal,block,,,,101161|202323|202340|202696|202699|202738|203095|203506|203932|203935,101161|202323|202340|202738|203935,202696|202699|203095|203506|203932,171.0,188.0,1610612738.0,21500716,True
4,PT01M57.00S,01:57,Q4 01:57,1.95,483,block,Gordon BLOCK (2 BLK),[],Gordon,0,0,,False,False,203932.0,,3pt missed,rebound,,,203932.0,101161|202323|202340|202696|202699|202738|203095|203506|203932|203935,202696|202699|203095|203506|203932,101161|202323|202340|202738|203935,,,1610612753.0,21500716,True
4,PT01M57.00S,01:57,Q4 01:57,1.95,484,rebound,TEAM offensive REBOUND,['team'],,0,0,,False,False,0.0,,block,substitution,,,,101161|202323|202340|202696|202699|202738|203095|203506|203932|203935,101161|202323|202340|202738|203935,202696|202699|203095|203506|203932,,,1610612738.0,21500716,True
4,PT01M57.00S,01:57,Q4 01:57,1.95,485,substitution,SUB out: A. Johnson,[],Johnson,0,0,,False,False,101161.0,,rebound,substitution,,,,202323|202340|202696|202699|202738|203095|203506|203932|203935,202323|202340|202738|203935,202696|202699|203095|203506|203932,,,1610612738.0,21500716,False
4,PT01M57.00S,01:57,Q4 01:57,1.95,486,substitution,SUB in: K. Olynyk,[],Olynyk,0,0,,False,False,203482.0,,substitution,turnover,,,,202323|202340|202696|202699|202738|203095|203482|203506|203932|203935,202323|202340|202738|203482|203935,202696|202699|203095|203506|203932,,,1610612738.0,21500716,True
4,PT01M54.00S,01:54,Q4 01:54,1.9,486,turnover,Olynyk Lost Ball Turnover (P1.T11),[],Olynyk,0,0,,False,False,203482.0,,substitution,steal,,,,202323|202340|202696|202699|202738|203095|203482|203506|203932|203935,202323|202340|202738|203482|203935,202696|202699|203095|203506|203932,,,1610612738.0,21500716,True
4,PT01M54.00S,01:54,Q4 01:54,1.9,486,steal,Harris STEAL (3 STL),[],Harris,0,0,,False,False,202699.0,,turnover,2pt made,,202699.0,,202323|202340|202696|202699|202738|203095|203482|203506|203932|203935,202696|202699|203095|203506|203932,202323|202340|202738|203482|203935,,,1610612753.0,21500716,True
4,PT01M50.00S,01:50,Q4 01:50,1.8333333333333335,487,2pt,Gordon 3' Running Layup (15 PTS) (Vucevic 7 AST),['pointsinthepaint'],Gordon,108,97,Made,True,True,203932.0,202696.0,steal,3pt made,,,,202323|202340|202696|202699|202738|203095|203482|203506|203932|203935,202696|202699|203095|203506|203932,202323|202340|202738|203482|203935,-12.0,23.0,1610612753.0,21500716,True
4,PT01M43.00S,01:43,Q4 01:43,1.7166666666666668,488,3pt,Thomas 25' 3PT Running Jump Shot (23 PTS),[],Thomas,108,100,Made,True,False,202738.0,,2pt made,2pt missed,,,,202323|202340|202696|202699|202738|203095|203482|203506|203932|203935,202323|202340|202738|203482|203935,202696|202699|203095|203506|203932,19.0,252.0,1610612738.0,21500716,True
4,PT01M29.00S,01:29,Q4 01:29,1.4833333333333334,489,2pt,MISS Vucevic 1' Layup,['pointsinthepaint'],Vucevic,0,0,Missed,True,False,202696.0,,3pt made,2pt made,,,,202323|202340|202696|202699|202738|203095|203482|203506|203932|203935,202696|202699|203095|203506|203932,202323|202340|202738|203482|203935,10.0,11.0,1610612753.0,21500716,True
4,PT01M29.00S,01:29,Q4 01:29,1.4833333333333334,490,2pt,Gordon  Tip Dunk Shot (17 PTS),['pointsinthepaint'],Gordon,110,100,Made,True,False,203932.0,,2pt missed,rebound,,,,202323|202340|202696|202699|202738|203095|203482|203506|203932|203935,202696|202699|203095|203506|203932,202323|202340|202738|203482|203935,0.0,1.0,1610612753.0,21500716,True
4,PT01M29.00S,01:29,Q4 01:29,1.4833333333333334,491,rebound,Gordon REBOUND (Off:3 Def:10),[],Gordon,0,0,,False,False,203932.0,,2pt made,3pt missed,,,,202323|202340|202696|202699|202738|203095|203482|203506|203932|203935,202696|202699|203095|203506|203932,202323|202340|202738|203482|203935,,,1610612753.0,21500716,True
4,PT01M20.00S,01:20,Q4 01:20,1.3333333333333333,492,3pt,MISS Thomas 25' 3PT Jump Shot,[],Thomas,0,0,Missed,True,False,202738.0,,rebound,rebound,,,,202323|202340|202696|202699|202738|203095|203482|203506|203932|203935,202323|202340|202738|203482|203935,202696|202699|203095|203506|203932,13.0,248.0,1610612738.0,21500716,True
4,PT01M18.00S,01:18,Q4 01:18,1.3,493,rebound,Olynyk REBOUND (Off:1 Def:2),[],Olynyk,0,0,,False,False,203482.0,,3pt missed,2pt missed,,,,202323|202340|202696|202699|202738|203095|203482|203506|203932|203935,202323|202340|202738|203482|203935,202696|202699|203095|203506|203932,,,1610612738.0,21500716,True
4,PT01M16.00S,01:16,Q4 01:16,1.2666666666666666,494,2pt,MISS Turner 2' Layup,['pointsinthepaint'],Turner,0,0,Missed,True,False,202323.0,,rebound,rebound,,,,202323|202340|202696|202699|202738|203095|203482|203506|203932|203935,202323|202340|202738|203482|203935,202696|202699|203095|203506|203932,1.0,18.0,1610612738.0,21500716,True
4,PT01M16.00S,01:16,Q4 01:16,1.2666666666666666,495,rebound,TEAM defensive REBOUND,['team'],,0,0,,False,False,0.0,,2pt missed,foul,,,,202323|202340|202696|202699|202738|203095|203482|203506|203932|203935,202696|202699|203095|203506|203932,202323|202340|202738|203482|203935,,,1610612753.0,21500716,True
4,PT01M16.00S,01:16,Q4 01:16,1.2666666666666666,496,foul,Turner L.B.FOUL (P2.PN) (Z.Zarba),['inpenalty'],Turner,0,0,,False,False,202323.0,,rebound,freethrow,203932.0,,,202323|202340|202696|202699|202738|203095|203482|203506|203932|203935,202323|202340|202738|203482|203935,202696|202699|203095|203506|203932,,,1610612738.0,21500716,True
4,PT01M16.00S,01:16,Q4 01:16,1.2666666666666666,497,freethrow,Gordon Free Throw 1 of 2 (18 PTS),[],Gordon,111,100,Made,False,False,203932.0,,foul,freethrow,,,,202323|202340|202696|202699|202738|203095|203482|203506|203932|203935,202696|202699|203095|203506|203932,202323|202340|202738|203482|203935,,,1610612753.0,21500716,True
4,PT01M16.00S,01:16,Q4 01:16,1.2666666666666666,501,freethrow,MISS Gordon Free Throw 2 of 2,[],Gordon,0,0,Missed,False,False,203932.0,,freethrow,substitution,,,,202323|202340|202696|202699|202738|203095|203482|203506|203932|203935,202696|202699|203095|203506|203932,202323|202340|202738|203482|203935,,,1610612753.0,21500716,True
4,PT01M16.00S,01:16,Q4 01:16,1.2666666666666666,500,substitution,SUB out: N. Vucevic,[],Vucevic,0,0,,False,False,202696.0,,freethrow,substitution,,,,202323|202340|202699|202738|203095|203482|203506|203932|203935,202699|203095|203506|203932,202323|202340|202738|203482|203935,,,1610612753.0,21500716,False
4,PT01M16.00S,01:16,Q4 01:16,1.2666666666666666,501,substitution,SUB in: J. Smith,[],Smith,0,0,,False,False,201160.0,,substitution,rebound,,,,201160|202323|202340|202699|202738|203095|203482|203506|203932|203935,201160|202699|203095|203506|203932,202323|202340|202738|203482|203935,,,1610612753.0,21500716,True
4,PT01M13.00S,01:13,Q4 01:13,1.2166666666666668,503,rebound,Turner REBOUND (Off:0 Def:2),[],Turner,0,0,,False,False,202323.0,,substitution,2pt made,,,,201160|202323|202340|202699|202738|203095|203482|203506|203932|203935,202323|202340|202738|203482|203935,201160|202699|203095|203506|203932,,,1610612738.0,21500716,True
4,PT01M09.00S,01:09,Q4 01:09,1.15,504,2pt,Turner 6' Jump Shot (8 PTS),['pointsinthepaint'],Turner,111,102,Made,True,False,202323.0,,rebound,foul,,,,201160|202323|202340|202699|202738|203095|203482|203506|203932|203935,202323|202340|202738|203482|203935,201160|202699|203095|203506|203932,-40.0,46.0,1610612738.0,21500716,True
4,PT01M01.00S,01:01,Q4 01:01,1.0166666666666666,505,foul,Turner P.FOUL (P3.PN) (S.Corbin),['inpenalty'],Turner,0,0,,False,False,202323.0,,2pt made,foul,203095.0,,,201160|202323|202340|202699|202738|203095|203482|203506|203932|203935,202323|202340|202738|203482|203935,201160|202699|203095|203506|203932,,,1610612738.0,21500716,True
4,PT01M01.00S,01:01,Q4 01:01,1.0166666666666666,507,foul,Turner T.FOUL (P3.PN) (S.Corbin),['inpenalty'],Turner,0,0,,False,False,202323.0,,foul,ejection,203095.0,,,201160|202323|202340|202699|202738|203095|203482|203506|203932|203935,202323|202340|202738|203482|203935,201160|202699|203095|203506|203932,,,1610612738.0,21500716,True
4,PT01M01.00S,01:01,Q4 01:01,1.0166666666666666,509,ejection,Turner Ejection:Second Technical,[],Turner,0,0,,False,False,202323.0,,foul,freethrow,,,,201160|202323|202340|202699|202738|203095|203482|203506|203932|203935,202323|202340|202738|203482|203935,201160|202699|203095|203506|203932,,,1610612738.0,21500716,True
4,PT01M01.00S,01:01,Q4 01:01,1.0166666666666666,511,freethrow,Fournier Free Throw Technical (21 PTS),[],Fournier,112,102,Made,False,False,203095.0,,ejection,freethrow,,,,201160|202323|202340|202699|202738|203095|203482|203506|203932|203935,201160|202699|203095|203506|203932,202323|202340|202738|203482|203935,,,1610612753.0,21500716,True
4,PT01M01.00S,01:01,Q4 01:01,1.0166666666666666,513,freethrow,Fournier Free Throw Technical (22 PTS),[],Fournier,113,102,Made,False,False,203095.0,,freethrow,freethrow,,,,201160|202323|202340|202699|202738|203095|203482|203506|203932|203935,201160|202699|203095|203506|203932,202323|202340|202738|203482|203935,,,1610612753.0,21500716,True
4,PT01M01.00S,01:01,Q4 01:01,1.0166666666666666,515,freethrow,MISS Gordon Free Throw 1 of 2,[],Gordon,0,0,Missed,False,False,203932.0,,freethrow,rebound,,,,201160|202323|202340|202699|202738|203095|203482|203506|203932|203935,201160|202699|203095|203506|203932,202323|202340|202738|203482|203935,,,1610612753.0,21500716,True
4,PT01M01.00S,01:01,Q4 01:01,1.0166666666666666,516,rebound,TEAM offensive REBOUND,['team'],,0,0,,False,False,0.0,,freethrow,freethrow,,,,201160|202323|202340|202699|202738|203095|203482|203506|203932|203935,201160|202699|203095|203506|203932,202323|202340|202738|203482|203935,,,1610612753.0,21500716,True
4,PT01M01.00S,01:01,Q4 01:01,1.0166666666666666,517,freethrow,MISS Gordon Free Throw 2 of 2,['2ndchance'],Gordon,0,0,Missed,False,False,203932.0,,rebound,foul,,,,201160|202323|202340|202699|202738|203095|203482|203506|203932|203935,201160|202699|203095|203506|203932,202323|202340|202738|203482|203935,,,1610612753.0,21500716,True
4,PT01M01.00S,01:01,Q4 01:01,1.0166666666666666,524,foul,Turner T.FOUL (P3.PN) (S.Corbin),['inpenalty'],Turner,0,0,,False,False,202323.0,,freethrow,substitution,203095.0,,,201160|202323|202340|202699|202738|203095|203482|203506|203932|203935,202323|202340|202738|203482|203935,201160|202699|203095|203506|203932,,,1610612738.0,21500716,True
4,PT01M01.00S,01:01,Q4 01:01,1.0166666666666666,510,substitution,SUB out: E. Turner,[],Turner,0,0,,False,False,202323.0,,foul,substitution,,,,201160|202340|202699|202738|203095|203482|203506|203932|203935,202340|202738|203482|203935,201160|202699|203095|203506|203932,,,1610612738.0,21500716,False
4,PT01M01.00S,01:01,Q4 01:01,1.0166666666666666,511,substitution,SUB in: A. Johnson,[],Johnson,0,0,,False,False,101161.0,,substitution,rebound,,,,101161|201160|202340|202699|202738|203095|203482|203506|203932|203935,101161|202340|202738|203482|203935,201160|202699|203095|203506|203932,,,1610612738.0,21500716,True
4,PT01M00.00S,01:00,Q4 01:00,1.0,519,rebound,Johnson REBOUND (Off:6 Def:5),[],Johnson,0,0,,False,False,101161.0,,substitution,timeout,,,,101161|201160|202340|202699|202738|203095|203482|203506|203932|203935,101161|202340|202738|203482|203935,201160|202699|203095|203506|203932,,,1610612738.0,21500716,True
4,PT01M00.00S,01:00,Q4 01:00,1.0,521,timeout,Celtics Timeout: Regular (Reg.5 Short 0),[],,0,0,,False,False,0.0,,rebound,foul,,,,101161|201160|202340|202699|202738|203095|203482|203506|203932|203935,101161|202340|202738|203482|203935,201160|202699|203095|203506|203932,,,1610612738.0,21500716,True
4,PT00M54.90S,00:54,Q4 00:54,0.9149999999999999,526,foul,Fournier S.FOUL (P3.PN) (Z.Zarba),[],Fournier,0,0,,False,False,203095.0,,timeout,freethrow,202340.0,,,101161|201160|202340|202699|202738|203095|203482|203506|203932|203935,201160|202699|203095|203506|203932,101161|202340|202738|203482|203935,,,1610612753.0,21500716,True
4,PT00M54.90S,00:54,Q4 00:54,0.9149999999999999,528,freethrow,Bradley Free Throw 1 of 2 (19 PTS),[],Bradley,113,103,Made,False,False,202340.0,,foul,freethrow,,,,101161|201160|202340|202699|202738|203095|203482|203506|203932|203935,101161|202340|202738|203482|203935,201160|202699|203095|203506|203932,,,1610612738.0,21500716,True
4,PT00M54.90S,00:54,Q4 00:54,0.9149999999999999,530,freethrow,Bradley Free Throw 2 of 2 (20 PTS),[],Bradley,113,104,Made,False,False,202340.0,,freethrow,foul,,,,101161|201160|202340|202699|202738|203095|203482|203506|203932|203935,101161|202340|202738|203482|203935,201160|202699|203095|203506|203932,,,1610612738.0,21500716,True
4,PT00M54.90S,00:54,Q4 00:54,0.9149999999999999,532,foul,Thomas L.B.FOUL (P4.PN) (Z.Zarba),['inpenalty'],Thomas,0,0,,False,False,202738.0,,freethrow,freethrow,203932.0,,,101161|201160|202340|202699|202738|203095|203482|203506|203932|203935,101161|202340|202738|203482|203935,201160|202699|203095|203506|203932,,,1610612738.0,21500716,True
4,PT00M54.90S,00:54,Q4 00:54,0.9149999999999999,533,freethrow,MISS Gordon Free Throw 1 of 2,[],Gordon,0,0,Missed,False,False,203932.0,,foul,rebound,,,,101161|201160|202340|202699|202738|203095|203482|203506|203932|203935,201160|202699|203095|203506|203932,101161|202340|202738|203482|203935,,,1610612753.0,21500716,True
4,PT00M54.90S,00:54,Q4 00:54,0.9149999999999999,534,rebound,TEAM offensive REBOUND,['team'],,0,0,,False,False,0.0,,freethrow,freethrow,,,,101161|201160|202340|202699|202738|203095|203482|203506|203932|203935,201160|202699|203095|203506|203932,101161|202340|202738|203482|203935,,,1610612753.0,21500716,True
4,PT00M54.90S,00:54,Q4 00:54,0.9149999999999999,535,freethrow,Gordon Free Throw 2 of 2 (19 PTS),['2ndchance'],Gordon,114,104,Made,False,False,203932.0,,rebound,timeout,,,,101161|201160|202340|202699|202738|203095|203482|203506|203932|203935,201160|202699|203095|203506|203932,101161|202340|202738|203482|203935,,,1610612753.0,21500716,True
4,PT00M54.90S,00:54,Q4 00:54,0.9149999999999999,537,timeout,Celtics Timeout: Short (Reg.5 Short 1),[],,0,0,,False,False,0.0,,freethrow,3pt missed,,,,101161|201160|202340|202699|202738|203095|203482|203506|203932|203935,101161|202340|202738|203482|203935,201160|202699|203095|203506|203932,,,1610612738.0,21500716,True
4,PT00M49.90S,00:49,Q4 00:49,0.8316666666666667,541,3pt,MISS Bradley 26' 3PT Jump Shot,[],Bradley,0,0,Missed,True,False,202340.0,,timeout,rebound,,,,101161|201160|202340|202699|202738|203095|203482|203506|203932|203935,101161|202340|202738|203482|203935,201160|202699|203095|203506|203932,-197.0,164.0,1610612738.0,21500716,True
4,PT00M47.90S,00:47,Q4 00:47,0.7983333333333333,542,rebound,Gordon REBOUND (Off:3 Def:11),[],Gordon,0,0,,False,False,203932.0,,3pt missed,turnover,,,,101161|201160|202340|202699|202738|203095|203482|203506|203932|203935,201160|202699|203095|203506|203932,101161|202340|202738|203482|203935,,,1610612753.0,21500716,True
4,PT00M42.90S,00:42,Q4 00:42,0.715,543,turnover,Oladipo Lost Ball Turnover (P3.T15),[],Oladipo,0,0,,False,False,203506.0,,rebound,steal,,,,101161|201160|202340|202699|202738|203095|203482|203506|203932|203935,201160|202699|203095|203506|203932,101161|202340|202738|203482|203935,,,1610612753.0,21500716,True
4,PT00M42.90S,00:42,Q4 00:42,0.715,543,steal,Bradley STEAL (3 STL),[],Bradley,0,0,,False,False,202340.0,,turnover,2pt made,,202340.0,,101161|201160|202340|202699|202738|203095|203482|203506|203932|203935,101161|202340|202738|203482|203935,201160|202699|203095|203506|203932,,,1610612738.0,21500716,True
4,PT00M41.00S,00:41,Q4 00:41,0.6833333333333333,544,2pt,Bradley 2' Layup (22 PTS),['pointsinthepaint'],Bradley,114,106,Made,True,False,202340.0,,steal,timeout,,,,101161|201160|202340|202699|202738|203095|203482|203506|203932|203935,101161|202340|202738|203482|203935,201160|202699|203095|203506|203932,-2.0,21.0,1610612738.0,21500716,True
4,PT00M41.00S,00:41,Q4 00:41,0.6833333333333333,545,timeout,MAGIC Timeout: Regular (Full 5 Short 0),[],,0,0,,False,False,0.0,,2pt made,substitution,,,,101161|201160|202340|202699|202738|203095|203482|203506|203932|203935,201160|202699|203095|203506|203932,101161|202340|202738|203482|203935,,,1610612753.0,21500716,True
4,PT00M41.00S,00:41,Q4 00:41,0.6833333333333333,546,substitution,SUB out: A. Johnson,[],Johnson,0,0,,False,False,101161.0,,timeout,substitution,,,,201160|202340|202699|202738|203095|203482|203506|203932|203935,202340|202738|203482|203935,201160|202699|203095|203506|203932,,,1610612738.0,21500716,False
4,PT00M41.00S,00:41,Q4 00:41,0.6833333333333333,547,substitution,SUB out: K. Olynyk,[],Olynyk,0,0,,False,False,203482.0,,substitution,substitution,,,,201160|202340|202699|202738|203095|203506|203932|203935,202340|202738|203935,201160|202699|203095|203506|203932,,,1610612738.0,21500716,False
4,PT00M41.00S,00:41,Q4 00:41,0.6833333333333333,548,substitution,SUB out: J. Smith,[],Smith,0,0,,False,False,201160.0,,substitution,substitution,,,,202340|202699|202738|203095|203506|203932|203935,202699|203095|203506|203932,202340|202738|203935,,,1610612753.0,21500716,False
4,PT00M41.00S,00:41,Q4 00:41,0.6833333333333333,549,substitution,SUB in: J. Crowder,[],Crowder,0,0,,False,False,203109.0,,substitution,substitution,,,,202340|202699|202738|203095|203109|203506|203932|203935,202340|202738|203109|203935,202699|203095|203506|203932,,,1610612738.0,21500716,False
4,PT00M41.00S,00:41,Q4 00:41,0.6833333333333333,550,substitution,SUB in: J. Jerebko,[],Jerebko,0,0,,False,False,201973.0,,substitution,substitution,,,,201973|202340|202699|202738|203095|203109|203506|203932|203935,201973|202340|202738|203109|203935,202699|203095|203506|203932,,,1610612738.0,21500716,False
4,PT00M41.00S,00:41,Q4 00:41,0.6833333333333333,551,substitution,SUB in: N. Vucevic,[],Vucevic,0,0,,False,False,202696.0,,substitution,foul,,,,201973|202340|202696|202699|202738|203095|203109|203506|203932|203935,202696|202699|203095|203506|203932,201973|202340|202738|203109|203935,,,1610612753.0,21500716,True
4,PT00M39.40S,00:39,Q4 00:39,0.6566666666666666,549,foul,Thomas Personal Take Foul (P5.PN) (S.Corbin),['inpenalty'],Thomas,0,0,,False,False,202738.0,,substitution,freethrow,202696.0,,,201973|202340|202696|202699|202738|203095|203109|203506|203932|203935,201973|202340|202738|203109|203935,202696|202699|203095|203506|203932,,,1610612738.0,21500716,True
4,PT00M39.40S,00:39,Q4 00:39,0.6566666666666666,550,freethrow,MISS Vucevic Free Throw 1 of 2,[],Vucevic,0,0,Missed,False,False,202696.0,,foul,rebound,,,,201973|202340|202696|202699|202738|203095|203109|203506|203932|203935,202696|202699|203095|203506|203932,201973|202340|202738|203109|203935,,,1610612753.0,21500716,True
4,PT00M39.40S,00:39,Q4 00:39,0.6566666666666666,551,rebound,TEAM offensive REBOUND,['team'],,0,0,,False,False,0.0,,freethrow,freethrow,,,,201973|202340|202696|202699|202738|203095|203109|203506|203932|203935,202696|202699|203095|203506|203932,201973|202340|202738|203109|203935,,,1610612753.0,21500716,True
4,PT00M39.40S,00:39,Q4 00:39,0.6566666666666666,552,freethrow,Vucevic Free Throw 2 of 2 (14 PTS),['2ndchance'],Vucevic,115,106,Made,False,False,202696.0,,rebound,3pt missed,,,,201973|202340|202696|202699|202738|203095|203109|203506|203932|203935,202696|202699|203095|203506|203932,201973|202340|202738|203109|203935,,,1610612753.0,21500716,True
4,PT00M28.90S,00:28,Q4 00:28,0.48166666666666663,554,3pt,MISS Thomas 24' 3PT Jump Shot,[],Thomas,0,0,Missed,True,False,202738.0,,freethrow,rebound,,,,201973|202340|202696|202699|202738|203095|203109|203506|203932|203935,201973|202340|202738|203109|203935,202696|202699|203095|203506|203932,177.0,165.0,1610612738.0,21500716,True
4,PT00M27.70S,00:27,Q4 00:27,0.46166666666666667,555,rebound,Jerebko REBOUND (Off:1 Def:4),[],Jerebko,0,0,,False,False,201973.0,,3pt missed,foul,,,,201973|202340|202696|202699|202738|203095|203109|203506|203932|203935,201973|202340|202738|203109|203935,202696|202699|203095|203506|203932,,,1610612738.0,21500716,True
4,PT00M27.70S,00:27,Q4 00:27,0.46166666666666667,556,foul,Vucevic P.FOUL (P2.PN) (Z.Zarba),['inpenalty'],Vucevic,0,0,,False,False,202696.0,,rebound,freethrow,201973.0,,,201973|202340|202696|202699|202738|203095|203109|203506|203932|203935,202696|202699|203095|203506|203932,201973|202340|202738|203109|203935,,,1610612753.0,21500716,True
4,PT00M27.70S,00:27,Q4 00:27,0.46166666666666667,557,freethrow,Jerebko Free Throw 1 of 2 (8 PTS),[],Jerebko,115,107,Made,False,False,201973.0,,foul,freethrow,,,,201973|202340|202696|202699|202738|203095|203109|203506|203932|203935,201973|202340|202738|203109|203935,202696|202699|203095|203506|203932,,,1610612738.0,21500716,True
4,PT00M27.70S,00:27,Q4 00:27,0.46166666666666667,559,freethrow,MISS Jerebko Free Throw 2 of 2,[],Jerebko,0,0,Missed,False,False,201973.0,,freethrow,rebound,,,,201973|202340|202696|202699|202738|203095|203109|203506|203932|203935,201973|202340|202738|203109|203935,202696|202699|203095|203506|203932,,,1610612738.0,21500716,True
4,PT00M26.90S,00:26,Q4 00:26,0.4483333333333333,561,rebound,Vucevic REBOUND (Off:3 Def:10),[],Vucevic,0,0,,False,False,202696.0,,freethrow,foul,,,,201973|202340|202696|202699|202738|203095|203109|203506|203932|203935,202696|202699|203095|203506|203932,201973|202340|202738|203109|203935,,,1610612753.0,21500716,True
4,PT00M24.20S,00:24,Q4 00:24,0.4033333333333333,562,foul,Thomas P.FOUL (P6.PN) (S.Corbin),['inpenalty'],Thomas,0,0,,False,False,202738.0,,rebound,freethrow,203095.0,,,201973|202340|202696|202699|202738|203095|203109|203506|203932|203935,201973|202340|202738|203109|203935,202696|202699|203095|203506|203932,,,1610612738.0,21500716,True
4,PT00M24.20S,00:24,Q4 00:24,0.4033333333333333,564,freethrow,MISS Fournier Free Throw 1 of 2,[],Fournier,0,0,Missed,False,False,203095.0,,foul,rebound,,,,201973|202340|202696|202699|202738|203095|203109|203506|203932|203935,202696|202699|203095|203506|203932,201973|202340|202738|203109|203935,,,1610612753.0,21500716,True
4,PT00M24.20S,00:24,Q4 00:24,0.4033333333333333,565,rebound,TEAM offensive REBOUND,['team'],,0,0,,False,False,0.0,,freethrow,freethrow,,,,201973|202340|202696|202699|202738|203095|203109|203506|203932|203935,202696|202699|203095|203506|203932,201973|202340|202738|203109|203935,,,1610612753.0,21500716,True
4,PT00M24.20S,00:24,Q4 00:24,0.4033333333333333,566,freethrow,Fournier Free Throw 2 of 2 (23 PTS),['2ndchance'],Fournier,116,107,Made,False,False,203095.0,,rebound,substitution,,,,201973|202340|202696|202699|202738|203095|203109|203506|203932|203935,202696|202699|203095|203506|203932,201973|202340|202738|203109|203935,,,1610612753.0,21500716,True
4,PT00M24.20S,00:24,Q4 00:24,0.4033333333333333,563,substitution,SUB out: I. Thomas,[],Thomas,0,0,,False,False,202738.0,,freethrow,substitution,,,,201973|202340|202696|202699|203095|203109|203506|203932|203935,201973|202340|203109|203935,202696|202699|203095|203506|203932,,,1610612738.0,21500716,False
4,PT00M24.20S,00:24,Q4 00:24,0.4033333333333333,564,substitution,SUB in: K. Olynyk,[],Olynyk,0,0,,False,False,203482.0,,substitution,3pt made,,,,201973|202340|202696|202699|203095|203109|203482|203506|203932|203935,201973|202340|203109|203482|203935,202696|202699|203095|203506|203932,,,1610612738.0,21500716,True
4,PT00M19.10S,00:19,Q4 00:19,0.31833333333333336,568,3pt,Smart 25' 3PT Running Jump Shot (22 PTS),[],Smart,116,110,Made,True,False,203935.0,,substitution,foul,,,,201973|202340|202696|202699|203095|203109|203482|203506|203932|203935,201973|202340|203109|203482|203935,202696|202699|203095|203506|203932,137.0,205.0,1610612738.0,21500716,True
4,PT00M18.00S,00:18,Q4 00:18,0.3,569,foul,Jerebko Personal Take Foul (P6.PN) (D.Richardson),['inpenalty'],Jerebko,0,0,,False,False,201973.0,,3pt made,freethrow,203095.0,,,201973|202340|202696|202699|203095|203109|203482|203506|203932|203935,201973|202340|203109|203482|203935,202696|202699|203095|203506|203932,,,1610612738.0,21500716,True
4,PT00M18.00S,00:18,Q4 00:18,0.3,571,freethrow,MISS Fournier Free Throw 1 of 2,[],Fournier,0,0,Missed,False,False,203095.0,,foul,rebound,,,,201973|202340|202696|202699|203095|203109|203482|203506|203932|203935,202696|202699|203095|203506|203932,201973|202340|203109|203482|203935,,,1610612753.0,21500716,True
4,PT00M18.00S,00:18,Q4 00:18,0.3,572,rebound,TEAM offensive REBOUND,['team'],,0,0,,False,False,0.0,,freethrow,freethrow,,,,201973|202340|202696|202699|203095|203109|203482|203506|203932|203935,202696|202699|203095|203506|203932,201973|202340|203109|203482|203935,,,1610612753.0,21500716,True
4,PT00M18.00S,00:18,Q4 00:18,0.3,573,freethrow,Fournier Free Throw 2 of 2 (24 PTS),['2ndchance'],Fournier,117,110,Made,False,False,203095.0,,rebound,substitution,,,,201973|202340|202696|202699|203095|203109|203482|203506|203932|203935,202696|202699|203095|203506|203932,201973|202340|203109|203482|203935,,,1610612753.0,21500716,True
4,PT00M18.00S,00:18,Q4 00:18,0.3,570,substitution,SUB out: J. Jerebko,[],Jerebko,0,0,,False,False,201973.0,,freethrow,substitution,,,,202340|202696|202699|203095|203109|203482|203506|203932|203935,202340|203109|203482|203935,202696|202699|203095|203506|203932,,,1610612738.0,21500716,False
4,PT00M18.00S,00:18,Q4 00:18,0.3,571,substitution,SUB in: A. Johnson,[],Johnson,0,0,,False,False,101161.0,,substitution,3pt made,,,,101161|202340|202696|202699|203095|203109|203482|203506|203932|203935,101161|202340|203109|203482|203935,202696|202699|203095|203506|203932,,,1610612738.0,21500716,True
4,PT00M14.60S,00:14,Q4 00:14,0.24333333333333332,575,3pt,Smart 26' 3PT Running Jump Shot (25 PTS),[],Smart,117,113,Made,True,False,203935.0,,substitution,foul,,,,101161|202340|202696|202699|203095|203109|203482|203506|203932|203935,101161|202340|203109|203482|203935,202696|202699|203095|203506|203932,168.0,195.0,1610612738.0,21500716,True
4,PT00M14.60S,00:14,Q4 00:14,0.24333333333333332,576,foul,Oladipo Shooting Block Foul (P3.PN) (Z.Zarba),['inpenalty'],Oladipo,0,0,,False,False,203506.0,,3pt made,instant replay,203935.0,,,101161|202340|202696|202699|203095|203109|203482|203506|203932|203935,202696|202699|203095|203506|203932,101161|202340|203109|203482|203935,,,1610612753.0,21500716,True
4,PT00M14.60S,00:14,Q4 00:14,0.24333333333333332,578,freethrow,Smart Free Throw 1 of 1 (26 PTS),[],Smart,117,114,Made,False,False,203935.0,,instant replay,timeout,,,,101161|202340|202696|202699|203095|203109|203482|203506|203932|203935,101161|202340|203109|203482|203935,202696|202699|203095|203506|203932,,,1610612738.0,21500716,True
4,PT00M14.60S,00:14,Q4 00:14,0.24333333333333332,580,timeout,MAGIC Timeout: Short (Full 5 Short 1),[],,0,0,,False,False,0.0,,freethrow,foul,,,,101161|202340|202696|202699|203095|203109|203482|203506|203932|203935,202696|202699|203095|203506|203932,101161|202340|203109|203482|203935,,,1610612753.0,21500716,True
4,PT00M12.50S,00:12,Q4 00:12,0.20833333333333334,584,foul,Johnson Personal Take Foul (P3.PN) (S.Corbin),['inpenalty'],Johnson,0,0,,False,False,101161.0,,timeout,freethrow,202696.0,,,101161|202340|202696|202699|203095|203109|203482|203506|203932|203935,101161|202340|203109|203482|203935,202696|202699|203095|203506|203932,,,1610612738.0,21500716,True
4,PT00M12.50S,00:12,Q4 00:12,0.20833333333333334,585,freethrow,Vucevic Free Throw 1 of 2 (15 PTS),[],Vucevic,118,114,Made,False,False,202696.0,,foul,freethrow,,,,101161|202340|202696|202699|203095|203109|203482|203506|203932|203935,202696|202699|203095|203506|203932,101161|202340|203109|203482|203935,,,1610612753.0,21500716,True
4,PT00M12.50S,00:12,Q4 00:12,0.20833333333333334,588,freethrow,Vucevic Free Throw 2 of 2 (16 PTS),[],Vucevic,119,114,Made,False,False,202696.0,,freethrow,substitution,,,,101161|202340|202696|202699|203095|203109|203482|203506|203932|203935,202696|202699|203095|203506|203932,101161|202340|203109|203482|203935,,,1610612753.0,21500716,True
4,PT00M12.50S,00:12,Q4 00:12,0.20833333333333334,587,substitution,SUB: Young FOR Johnson,[],Johnson,0,0,,False,False,101161.0,,freethrow,3pt missed,,,,101161|202340|202696|202699|203095|203109|203482|203506|203932|203935,101161|202340|203109|203482|203935,202696|202699|203095|203506|203932,,,1610612738.0,21500716,True
4,PT00M05.90S,00:05,Q4 00:05,0.09833333333333334,590,3pt,MISS Olynyk 26' 3PT Jump Shot,[],Olynyk,0,0,Missed,True,False,203482.0,,substitution,block,,,,101161|202340|202696|202699|203095|203109|203482|203506|203932|203935,101161|202340|203109|203482|203935,202696|202699|203095|203506|203932,42.0,252.0,1610612738.0,21500716,True
4,PT00M05.90S,00:05,Q4 00:05,0.09833333333333334,590,block,Vucevic BLOCK (3 BLK),[],Vucevic,0,0,,False,False,202696.0,,3pt missed,rebound,,,202696.0,101161|202340|202696|202699|203095|203109|203482|203506|203932|203935,202696|202699|203095|203506|203932,101161|202340|203109|203482|203935,,,1610612753.0,21500716,True
4,PT00M03.90S,00:03,Q4 00:03,0.065,591,rebound,Harris REBOUND (Off:2 Def:4),[],Harris,0,0,,False,False,202699.0,,block,3pt missed,,,,101161|202340|202696|202699|203095|203109|203482|203506|203932|203935,202696|202699|203095|203506|203932,101161|202340|203109|203482|203935,,,1610612753.0,21500716,True
4,PT00M00.00S,00:00,Q4 00:00,0.0,592,3pt,MISS Oladipo 34' 3PT Jump Shot,[],Oladipo,0,0,Missed,True,False,203506.0,,rebound,rebound,,,,101161|202340|202696|202699|203095|203109|203482|203506|203932|203935,202696|202699|203095|203506|203932,101161|202340|203109|203482|203935,-148.0,301.0,1610612753.0,21500716,True
4,PT00M00.00S,00:00,Q4 00:00,0.0,593,rebound,TEAM offensive REBOUND,['team'],,0,0,,False,False,0.0,,3pt missed,period,,,,101161|202340|202696|202699|203095|203109|203482|203506|203932|203935,202696|202699|203095|203506|203932,101161|202340|203109|203482|203935,,,1610612753.0,21500716,True
4,PT00M00.00S,00:00,Q4 00:00,0.0,594,period,End of 4th Period (8:33 PM EST),[],,119,114,,False,False,0.0,,rebound,,,,,101161|202340|202696|202699|203095|203109|203482|203506|203932|203935,202696|202699|203095|203506|203932,101161|202340|203109|203482|203935,,,1610612753.0,21500716,True
