period,clock,clock_display,game_clock,minutes_left_in_game,actionNumber,actionType,description,qualifier,playerName,scoreHome,scoreAway,shotResult,isFieldGoal,assisted,person_id,assister_id,previous_action,next_action,foulDrawnPersonId,stealPersonId,blockPersonId,players_on,off_players_on,def_players_on,xLegacy,yLegacy,teamId,game_id,poc_ok
1,PT12M00.00S,12:00,Q1 12:00,48.0,0,period,Start of 1st Period (8:12 PM EST),[],,0,0,,False,False,0.0,,,3pt missed,,,,1627835|200765|202397|202694|202699|202703|202704|202710|203083|203530,1627835|200765|202703|202710|203530,202397|202694|202699|202704|203083,,,1610612741.0,21601061,True
1,PT11M35.00S,11:35,Q1 11:35,47.583333333333336,2,3pt,MISS Marc Morris 25' 3PT Jump Shot,[],Morris Sr.,0,0,Missed,True,False,202694.0,,period,rebound,,,,1627835|200765|202397|202694|202699|202703|202704|202710|203083|203530,202397|202694|202699|202704|203083,1627835|200765|202703|202710|203530,-150.0,203.0,1610612765.0,21601061,True
1,PT11M34.00S,11:34,Q1 11:34,47.56666666666666,3,rebound,Mirotic REBOUND (Off:0 Def:1),[],Mirotic,0,0,,False,False,202703.0,,3pt missed,2pt made,,,,1627835|200765|202397|202694|202699|202703|202704|202710|203083|203530,1627835|200765|202703|202710|203530,202397|202694|202699|202704|203083,,,1610612741.0,21601061,True
1,PT11M14.00S,11:14,Q1 11:14,47.233333333333334,5,2pt,Lauvergne 2' Cutting Layup Shot (2 PTS) (Butler 1 AST),['pointsinthepaint'],Lauvergne,2,0,Made,True,True,203530.0,202710.0,rebound,turnover,,,,1627835|200765|202397|202694|202699|202703|202704|202710|203083|203530,1627835|200765|202703|202710|203530,202397|202694|202699|202704|203083,-17.0,11.0,1610612741.0,21601061,True
1,PT10M56.00S,10:56,Q1 10:56,46.93333333333334,6,turnover,Harris Bad Pass Turnover (P1.T1),[],Harris,0,0,,False,False,202699.0,,2pt made,steal,,,,1627835|200765|202397|202694|202699|202703|202704|202710|203083|203530,202397|202694|202699|202704|203083,1627835|200765|202703|202710|203530,,,1610612765.0,21601061,True
1,PT10M56.00S,10:56,Q1 10:56,46.93333333333334,6,steal,Lauvergne STEAL (1 STL),[],Lauvergne,0,0,,False,False,203530.0,,turnover,foul,,203530.0,,1627835|200765|202397|202694|202699|202703|202704|202710|203083|203530,1627835|200765|202703|202710|203530,202397|202694|202699|202704|203083,,,1610612741.0,21601061,True
1,PT10M41.00S,10:41,Q1 10:41,46.68333333333334,9,foul,Drummond P.FOUL (P1.T1) (T.Brown),[],Drummond,0,0,,False,False,203083.0,,steal,3pt missed,203530.0,,,1627835|200765|202397|202694|202699|202703|202704|202710|203083|203530,202397|202694|202699|202704|203083,1627835|200765|202703|202710|203530,,,1610612765.0,21601061,True
1,PT10M35.00S,10:35,Q1 10:35,46.583333333333336,10,3pt,MISS Lauvergne 26' 3PT Jump Shot,[],Lauvergne,0,0,Missed,True,False,203530.0,,foul,rebound,,,,1627835|200765|202397|202694|202699|202703|202704|202710|203083|203530,1627835|200765|202703|202710|203530,202397|202694|202699|202704|203083,-135.0,218.0,1610612741.0,21601061,True
1,PT10M34.00S,10:34,Q1 10:34,46.56666666666666,11,rebound,Smith REBOUND (Off:0 Def:1),[],Smith,0,0,,False,False,202397.0,,3pt missed,2pt missed,,,,1627835|200765|202397|202694|202699|202703|202704|202710|203083|203530,202397|202694|202699|202704|203083,1627835|200765|202703|202710|203530,,,1610612765.0,21601061,True
1,PT10M26.00S,10:26,Q1 10:26,46.43333333333334,12,2pt,MISS Drummond 11' Turnaround Hook Shot,[],Drummond,0,0,Missed,True,False,203083.0,,rebound,2pt made,,,,1627835|200765|202397|202694|202699|202703|202704|202710|203083|203530,202397|202694|202699|202704|203083,1627835|200765|202703|202710|203530,104.0,31.0,1610612765.0,21601061,True
1,PT10M25.00S,10:25,Q1 10:25,46.416666666666664,13,2pt,Marc Morris 1' Tip Layup Shot (2 PTS),['pointsinthepaint'],Morris Sr.,2,2,Made,True,False,202694.0,,2pt missed,rebound,,,,1627835|200765|202397|202694|202699|202703|202704|202710|203083|203530,202397|202694|202699|202704|203083,1627835|200765|202703|202710|203530,0.0,7.0,1610612765.0,21601061,True
1,PT10M25.00S,10:25,Q1 10:25,46.416666666666664,14,rebound,Marc Morris REBOUND (Off:1 Def:0),[],Morris Sr.,0,0,,False,False,202694.0,,2pt made,turnover,,,,1627835|200765|202397|202694|202699|202703|202704|202710|203083|203530,202397|202694|202699|202704|203083,1627835|200765|202703|202710|203530,,,1610612765.0,21601061,True
1,PT10M02.00S,10:02,Q1 10:02,46.03333333333333,15,turnover,Mirotic Bad Pass Turnover (P1.T1),[],Mirotic,0,0,,False,False,202703.0,,rebound,steal,,,,1627835|200765|202397|202694|202699|202703|202704|202710|203083|203530,1627835|200765|202703|202710|203530,202397|202694|202699|202704|203083,,,1610612741.0,21601061,True
1,PT10M02.00S,10:02,Q1 10:02,46.03333333333333,15,steal,Smith STEAL (1 STL),[],Smith,0,0,,False,False,202397.0,,turnover,3pt missed,,202397.0,,1627835|200765|202397|202694|202699|202703|202704|202710|203083|203530,202397|202694|202699|202704|203083,1627835|200765|202703|202710|203530,,,1610612765.0,21601061,True
1,PT09M55.00S,09:55,Q1 09:55,45.916666666666664,16,3pt,MISS Marc Morris 24' 3PT Jump Shot,[],Morris Sr.,0,0,Missed,True,False,202694.0,,steal,rebound,,,,1627835|200765|202397|202694|202699|202703|202704|202710|203083|203530,202397|202694|202699|202704|203083,1627835|200765|202703|202710|203530,-160.0,178.0,1610612765.0,21601061,True
1,PT09M54.00S,09:54,Q1 09:54,45.9,17,rebound,Lauvergne REBOUND (Off:0 Def:1),[],Lauvergne,0,0,,False,False,203530.0,,3pt missed,2pt missed,,,,1627835|200765|202397|202694|202699|202703|202704|202710|203083|203530,1627835|200765|202703|202710|203530,202397|202694|202699|202704|203083,,,1610612741.0,21601061,True
1,PT09M41.00S,09:41,Q1 09:41,45.68333333333334,20,2pt,MISS Rondo 11' Fadeaway Jumper,[],Rondo,0,0,Missed,True,False,200765.0,,rebound,2pt made,,,,1627835|200765|202397|202694|202699|202703|202704|202710|203083|203530,1627835|200765|202703|202710|203530,202397|202694|202699|202704|203083,101.0,36.0,1610612741.0,21601061,True
1,PT09M39.00S,09:39,Q1 09:39,45.65,21,2pt,Lauvergne 1' Tip Layup Shot (4 PTS),['pointsinthepaint'],Lauvergne,4,2,Made,True,False,203530.0,,2pt missed,rebound,,,,1627835|200765|202397|202694|202699|202703|202704|202710|203083|203530,1627835|200765|202703|202710|203530,202397|202694|202699|202704|203083,-11.0,7.0,1610612741.0,21601061,True
1,PT09M39.00S,09:39,Q1 09:39,45.65,22,rebound,Lauvergne REBOUND (Off:1 Def:1),[],Lauvergne,0,0,,False,False,203530.0,,2pt made,turnover,,,,1627835|200765|202397|202694|202699|202703|202704|202710|203083|203530,1627835|200765|202703|202710|203530,202397|202694|202699|202704|203083,,,1610612741.0,21601061,True
1,PT09M25.00S,09:25,Q1 09:25,45.416666666666664,23,turnover,Harris Bad Pass Turnover (P2.T2),[],Harris,0,0,,False,False,202699.0,,rebound,steal,,,,1627835|200765|202397|202694|202699|202703|202704|202710|203083|203530,202397|202694|202699|202704|203083,1627835|200765|202703|202710|203530,,,1610612765.0,21601061,True
1,PT09M25.00S,09:25,Q1 09:25,45.416666666666664,23,steal,Mirotic STEAL (1 STL),[],Mirotic,0,0,,False,False,202703.0,,turnover,2pt missed,,202703.0,,1627835|200765|202397|202694|202699|202703|202704|202710|203083|203530,1627835|200765|202703|202710|203530,202397|202694|202699|202704|203083,,,1610612741.0,21601061,True
1,PT09M20.00S,09:20,Q1 09:20,45.333333333333336,24,2pt,MISS Zipser 3' Driving Layup,['pointsinthepaint'],Zipser,0,0,Missed,True,False,1627835.0,,steal,2pt made,,,,1627835|200765|202397|202694|202699|202703|202704|202710|203083|203530,1627835|200765|202703|202710|203530,202397|202694|202699|202704|203083,-29.0,7.0,1610612741.0,21601061,True
1,PT09M19.00S,09:19,Q1 09:19,45.31666666666666,25,2pt,Butler 1' Tip Layup Shot (2 PTS),['pointsinthepaint'],Butler,6,2,Made,True,False,202710.0,,2pt missed,rebound,,,,1627835|200765|202397|202694|202699|202703|202704|202710|203083|203530,1627835|200765|202703|202710|203530,202397|202694|202699|202704|203083,14.0,2.0,1610612741.0,21601061,True
1,PT09M19.00S,09:19,Q1 09:19,45.31666666666666,26,rebound,Butler REBOUND (Off:1 Def:0),[],Butler,0,0,,False,False,202710.0,,2pt made,3pt made,,,,1627835|200765|202397|202694|202699|202703|202704|202710|203083|203530,1627835|200765|202703|202710|203530,202397|202694|202699|202704|203083,,,1610612741.0,21601061,True
1,PT08M59.00S,08:59,Q1 08:59,44.983333333333334,27,3pt,Smith  3PT Jump Shot (3 PTS) (Harris 1 AST),[],Smith,6,5,Made,True,True,202397.0,202699.0,rebound,3pt missed,,,,1627835|200765|202397|202694|202699|202703|202704|202710|203083|203530,202397|202694|202699|202704|203083,1627835|200765|202703|202710|203530,-230.0,26.0,1610612765.0,21601061,True
1,PT08M40.00S,08:40,Q1 08:40,44.666666666666664,28,3pt,MISS Mirotic 25' 3PT Jump Shot,[],Mirotic,0,0,Missed,True,False,202703.0,,3pt made,rebound,,,,1627835|200765|202397|202694|202699|202703|202704|202710|203083|203530,1627835|200765|202703|202710|203530,202397|202694|202699|202704|203083,-166.0,190.0,1610612741.0,21601061,True
1,PT08M39.00S,08:39,Q1 08:39,44.65,29,rebound,Marc Morris REBOUND (Off:1 Def:1),[],Morris Sr.,0,0,,False,False,202694.0,,3pt missed,2pt missed,,,,1627835|200765|202397|202694|202699|202703|202704|202710|203083|203530,202397|202694|202699|202704|203083,1627835|200765|202703|202710|203530,,,1610612765.0,21601061,True
1,PT08M34.00S,08:34,Q1 08:34,44.56666666666666,30,2pt,MISS Smith 2' Running Layup,['pointsinthepaint'],Smith,0,0,Missed,True,False,202397.0,,rebound,2pt made,,,,1627835|200765|202397|202694|202699|202703|202704|202710|203083|203530,202397|202694|202699|202704|203083,1627835|200765|202703|202710|203530,12.0,16.0,1610612765.0,21601061,True
1,PT08M33.00S,08:33,Q1 08:33,44.55,31,2pt,Drummond  Putback Dunk (2 PTS),['pointsinthepaint'],Drummond,6,7,Made,True,False,203083.0,,2pt missed,rebound,,,,1627835|200765|202397|202694|202699|202703|202704|202710|203083|203530,202397|202694|202699|202704|203083,1627835|200765|202703|202710|203530,0.0,1.0,1610612765.0,21601061,True
1,PT08M33.00S,08:33,Q1 08:33,44.55,32,rebound,Drummond REBOUND (Off:1 Def:0),[],Drummond,0,0,,False,False,203083.0,,2pt made,foul,,,,1627835|200765|202397|202694|202699|202703|202704|202710|203083|203530,202397|202694|202699|202704|203083,1627835|200765|202703|202710|203530,,,1610612765.0,21601061,True
1,PT08M19.00S,08:19,Q1 08:19,44.31666666666666,33,foul,Smith P.FOUL (P1.T2) (M.McCutchen),[],Smith,0,0,,False,False,202397.0,,rebound,2pt made,202703.0,,,1627835|200765|202397|202694|202699|202703|202704|202710|203083|203530,202397|202694|202699|202704|203083,1627835|200765|202703|202710|203530,,,1610612765.0,21601061,True
1,PT08M09.00S,08:09,Q1 08:09,44.15,34,2pt,Mirotic 1' Layup (2 PTS) (Lauvergne 1 AST),['pointsinthepaint'],Mirotic,8,7,Made,True,True,202703.0,203530.0,foul,2pt made,,,,1627835|200765|202397|202694|202699|202703|202704|202710|203083|203530,1627835|200765|202703|202710|203530,202397|202694|202699|202704|203083,-2.0,13.0,1610612741.0,21601061,True
1,PT07M55.00S,07:55,Q1 07:55,43.916666666666664,35,2pt,Drummond 1' Layup (4 PTS) (Smith 1 AST),['pointsinthepaint'],Drummond,8,9,Made,True,True,203083.0,202397.0,2pt made,2pt made,,,,1627835|200765|202397|202694|202699|202703|202704|202710|203083|203530,202397|202694|202699|202704|203083,1627835|200765|202703|202710|203530,6.0,7.0,1610612765.0,21601061,True
1,PT07M36.00S,07:36,Q1 07:36,43.6,37,2pt,Butler 18' Step Back Jump Shot (4 PTS),[],Butler,10,9,Made,True,False,202710.0,,2pt made,2pt missed,,,,1627835|200765|202397|202694|202699|202703|202704|202710|203083|203530,1627835|200765|202703|202710|203530,202397|202694|202699|202704|203083,184.0,-5.0,1610612741.0,21601061,True
1,PT07M19.00S,07:19,Q1 07:19,43.31666666666666,38,2pt,MISS Marc Morris 16' Pullup Jump Shot,[],Morris Sr.,0,0,Missed,True,False,202694.0,,2pt made,rebound,,,,1627835|200765|202397|202694|202699|202703|202704|202710|203083|203530,202397|202694|202699|202704|203083,1627835|200765|202703|202710|203530,163.0,-1.0,1610612765.0,21601061,True
1,PT07M18.00S,07:18,Q1 07:18,43.3,39,rebound,Marc Morris REBOUND (Off:2 Def:1),[],Morris Sr.,0,0,,False,False,202694.0,,2pt missed,2pt made,,,,1627835|200765|202397|202694|202699|202703|202704|202710|203083|203530,202397|202694|202699|202704|203083,1627835|200765|202703|202710|203530,,,1610612765.0,21601061,True
1,PT07M16.00S,07:16,Q1 07:16,43.266666666666666,40,2pt,Marc Morris 13' Jump Shot (4 PTS),[],Morris Sr.,10,11,Made,True,False,202694.0,,rebound,2pt made,,,,1627835|200765|202397|202694|202699|202703|202704|202710|203083|203530,202397|202694|202699|202704|203083,1627835|200765|202703|202710|203530,123.0,46.0,1610612765.0,21601061,True
1,PT07M03.00S,07:03,Q1 07:03,43.05,41,2pt,Zipser 20' Jump Shot (2 PTS) (Lauvergne 2 AST),[],Zipser,12,11,Made,True,True,1627835.0,203530.0,2pt made,2pt missed,,,,1627835|200765|202397|202694|202699|202703|202704|202710|203083|203530,1627835|200765|202703|202710|203530,202397|202694|202699|202704|203083,-45.0,193.0,1610612741.0,21601061,True
1,PT06M45.00S,06:45,Q1 06:45,42.75,42,2pt,MISS Harris 2' Reverse Layup,['pointsinthepaint'],Harris,0,0,Missed,True,False,202699.0,,2pt made,2pt missed,,,,1627835|200765|202397|202694|202699|202703|202704|202710|203083|203530,202397|202694|202699|202704|203083,1627835|200765|202703|202710|203530,15.0,13.0,1610612765.0,21601061,True
1,PT06M42.00S,06:42,Q1 06:42,42.7,43,2pt,MISS Drummond 1' Tip Layup Shot,['pointsinthepaint'],Drummond,0,0,Missed,True,False,203083.0,,2pt missed,rebound,,,,1627835|200765|202397|202694|202699|202703|202704|202710|203083|203530,202397|202694|202699|202704|203083,1627835|200765|202703|202710|203530,-5.0,4.0,1610612765.0,21601061,True
1,PT06M42.00S,06:42,Q1 06:42,42.7,44,rebound,Drummond REBOUND (Off:2 Def:0),[],Drummond,0,0,,False,False,203083.0,,2pt missed,rebound,,,,1627835|200765|202397|202694|202699|202703|202704|202710|203083|203530,202397|202694|202699|202704|203083,1627835|200765|202703|202710|203530,,,1610612765.0,21601061,True
1,PT06M41.00S,06:41,Q1 06:41,42.68333333333334,45,rebound,Zipser REBOUND (Off:0 Def:1),[],Zipser,0,0,,False,False,1627835.0,,rebound,2pt missed,,,,1627835|200765|202397|202694|202699|202703|202704|202710|203083|203530,1627835|200765|202703|202710|203530,202397|202694|202699|202704|203083,,,1610612741.0,21601061,True
1,PT06M34.00S,06:34,Q1 06:34,42.56666666666666,46,2pt,MISS Lauvergne 6' Hook Shot,['pointsinthepaint'],Lauvergne,0,0,Missed,True,False,203530.0,,rebound,rebound,,,,1627835|200765|202397|202694|202699|202703|202704|202710|203083|203530,1627835|200765|202703|202710|203530,202397|202694|202699|202704|203083,-43.0,43.0,1610612741.0,21601061,True
1,PT06M33.00S,06:33,Q1 06:33,42.55,47,rebound,Mirotic REBOUND (Off:1 Def:1),[],Mirotic,0,0,,False,False,202703.0,,2pt missed,2pt missed,,,,1627835|200765|202397|202694|202699|202703|202704|202710|203083|203530,1627835|200765|202703|202710|203530,202397|202694|202699|202704|203083,,,1610612741.0,21601061,True
1,PT06M31.00S,06:31,Q1 06:31,42.516666666666666,48,2pt,MISS Mirotic 14' Jump Shot,[],Mirotic,0,0,Missed,True,False,202703.0,,rebound,rebound,,,,1627835|200765|202397|202694|202699|202703|202704|202710|203083|203530,1627835|200765|202703|202710|203530,202397|202694|202699|202704|203083,99.0,105.0,1610612741.0,21601061,True
1,PT06M30.00S,06:30,Q1 06:30,42.5,49,rebound,Drummond REBOUND (Off:2 Def:1),[],Drummond,0,0,,False,False,203083.0,,2pt missed,2pt made,,,,1627835|200765|202397|202694|202699|202703|202704|202710|203083|203530,202397|202694|202699|202704|203083,1627835|200765|202703|202710|203530,,,1610612765.0,21601061,True
1,PT06M22.00S,06:22,Q1 06:22,42.36666666666667,50,2pt,Harris 2' Cutting Layup Shot (2 PTS) (Smith 2 AST),['pointsinthepaint'],Harris,12,13,Made,True,True,202699.0,202397.0,rebound,2pt missed,,,,1627835|200765|202397|202694|202699|202703|202704|202710|203083|203530,202397|202694|202699|202704|203083,1627835|200765|202703|202710|203530,-14.0,7.0,1610612765.0,21601061,True
1,PT06M03.00S,06:03,Q1 06:03,42.05,51,2pt,MISS Lauvergne 10' Driving Floating Jump Shot,[],Lauvergne,0,0,Missed,True,False,203530.0,,2pt made,rebound,,,,1627835|200765|202397|202694|202699|202703|202704|202710|203083|203530,1627835|200765|202703|202710|203530,202397|202694|202699|202704|203083,-99.0,8.0,1610612741.0,21601061,True
1,PT06M02.00S,06:02,Q1 06:02,42.03333333333333,52,rebound,Drummond REBOUND (Off:2 Def:2),[],Drummond,0,0,,False,False,203083.0,,2pt missed,2pt missed,,,,1627835|200765|202397|202694|202699|202703|202704|202710|203083|203530,202397|202694|202699|202704|203083,1627835|200765|202703|202710|203530,,,1610612765.0,21601061,True
1,PT05M52.00S,05:52,Q1 05:52,41.86666666666667,53,2pt,MISS Drummond 9' Turnaround Hook Shot,[],Drummond,0,0,Missed,True,False,203083.0,,rebound,rebound,,,,1627835|200765|202397|202694|202699|202703|202704|202710|203083|203530,202397|202694|202699|202704|203083,1627835|200765|202703|202710|203530,-86.0,14.0,1610612765.0,21601061,True
1,PT05M51.00S,05:51,Q1 05:51,41.85,54,rebound,Butler REBOUND (Off:1 Def:1),[],Butler,0,0,,False,False,202710.0,,2pt missed,3pt missed,,,,1627835|200765|202397|202694|202699|202703|202704|202710|203083|203530,1627835|200765|202703|202710|203530,202397|202694|202699|202704|203083,,,1610612741.0,21601061,True
1,PT05M39.00S,05:39,Q1 05:39,41.65,55,3pt,MISS Zipser  3PT Jump Shot,[],Zipser,0,0,Missed,True,False,1627835.0,,rebound,rebound,,,,1627835|200765|202397|202694|202699|202703|202704|202710|203083|203530,1627835|200765|202703|202710|203530,202397|202694|202699|202704|203083,233.0,-5.0,1610612741.0,21601061,True
1,PT05M38.00S,05:38,Q1 05:38,41.63333333333333,56,rebound,Butler REBOUND (Off:2 Def:1),[],Butler,0,0,,False,False,202710.0,,3pt missed,2pt made,,,,1627835|200765|202397|202694|202699|202703|202704|202710|203083|203530,1627835|200765|202703|202710|203530,202397|202694|202699|202704|203083,,,1610612741.0,21601061,True
1,PT05M32.00S,05:32,Q1 05:32,41.53333333333333,57,2pt,Zipser 2' Driving Finger Roll Layup (4 PTS) (Rondo 1 AST),['pointsinthepaint'],Zipser,14,13,Made,True,True,1627835.0,200765.0,rebound,timeout,,,,1627835|200765|202397|202694|202699|202703|202704|202710|203083|203530,1627835|200765|202703|202710|203530,202397|202694|202699|202704|203083,1.0,21.0,1610612741.0,21601061,True
1,PT05M24.00S,05:24,Q1 05:24,41.4,58,timeout,Pistons Timeout: Regular (Reg.1 Short 0),[],,0,0,,False,False,0.0,,2pt made,2pt missed,,,,1627835|200765|202397|202694|202699|202703|202704|202710|203083|203530,202397|202694|202699|202704|203083,1627835|200765|202703|202710|203530,,,1610612765.0,21601061,True
1,PT05M09.00S,05:09,Q1 05:09,41.15,59,2pt,MISS Smith 18' Step Back Jump Shot,[],Smith,0,0,Missed,True,False,202397.0,,timeout,rebound,,,,1627835|200765|202397|202694|202699|202703|202704|202710|203083|203530,202397|202694|202699|202704|203083,1627835|200765|202703|202710|203530,-45.0,178.0,1610612765.0,21601061,True
1,PT05M08.00S,05:08,Q1 05:08,41.13333333333333,60,rebound,Lauvergne REBOUND (Off:1 Def:2),[],Lauvergne,0,0,,False,False,203530.0,,2pt missed,3pt made,,,,1627835|200765|202397|202694|202699|202703|202704|202710|203083|203530,1627835|200765|202703|202710|203530,202397|202694|202699|202704|203083,,,1610612741.0,21601061,True
1,PT04M45.00S,04:45,Q1 04:45,40.75,61,3pt,Rondo 25' 3PT Jump Shot (3 PTS) (Butler 2 AST),[],Rondo,17,13,Made,True,True,200765.0,202710.0,rebound,3pt missed,,,,1627835|200765|202397|202694|202699|202703|202704|202710|203083|203530,1627835|200765|202703|202710|203530,202397|202694|202699|202704|203083,150.0,198.0,1610612741.0,21601061,True
1,PT04M32.00S,04:32,Q1 04:32,40.53333333333333,62,3pt,MISS Harris 25' 3PT Jump Shot,[],Harris,0,0,Missed,True,False,202699.0,,3pt made,rebound,,,,1627835|200765|202397|202694|202699|202703|202704|202710|203083|203530,202397|202694|202699|202704|203083,1627835|200765|202703|202710|203530,-25.0,252.0,1610612765.0,21601061,True
1,PT04M30.00S,04:30,Q1 04:30,40.5,63,rebound,Rondo REBOUND (Off:0 Def:1),[],Rondo,0,0,,False,False,200765.0,,3pt missed,foul,,,,1627835|200765|202397|202694|202699|202703|202704|202710|203083|203530,1627835|200765|202703|202710|203530,202397|202694|202699|202704|203083,,,1610612741.0,21601061,True
1,PT04M16.00S,04:16,Q1 04:16,40.266666666666666,64,foul,Smith S.FOUL (P2.T3) (S.Twardoski),[],Smith,0,0,,False,False,202397.0,,rebound,freethrow,203530.0,,,1627835|200765|202397|202694|202699|202703|202704|202710|203083|203530,202397|202694|202699|202704|203083,1627835|200765|202703|202710|203530,,,1610612765.0,21601061,True
1,PT04M16.00S,04:16,Q1 04:16,40.266666666666666,65,freethrow,Lauvergne Free Throw 1 of 2 (5 PTS),[],Lauvergne,18,13,Made,False,False,203530.0,,foul,freethrow,,,,1627835|200765|202397|202694|202699|202703|202704|202710|203083|203530,1627835|200765|202703|202710|203530,202397|202694|202699|202704|203083,,,1610612741.0,21601061,True
1,PT04M16.00S,04:16,Q1 04:16,40.266666666666666,72,freethrow,Lauvergne Free Throw 2 of 2 (6 PTS),[],Lauvergne,19,13,Made,False,False,203530.0,,freethrow,substitution,,,,1627835|200765|202397|202694|202699|202703|202704|202710|203083|203530,1627835|200765|202703|202710|203530,202397|202694|202699|202704|203083,,,1610612741.0,21601061,True
1,PT04M16.00S,04:16,Q1 04:16,40.266666666666666,67,substitution,SUB out: T. Harris,[],Harris,0,0,,False,False,202699.0,,freethrow,substitution,,,,1627835|200765|202397|202694|202703|202704|202710|203083|203530,202397|202694|202704|203083,1627835|200765|202703|202710|203530,,,1610612765.0,21601061,False
1,PT04M16.00S,04:16,Q1 04:16,40.266666666666666,68,substitution,SUB out: P. Zipser,[],Zipser,0,0,,False,False,1627835.0,,substitution,substitution,,,,200765|202397|202694|202703|202704|202710|203083|203530,200765|202703|202710|203530,202397|202694|202704|203083,,,1610612741.0,21601061,False
1,PT04M16.00S,04:16,Q1 04:16,40.266666666666666,69,substitution,SUB out: I. Smith,[],Smith,0,0,,False,False,202397.0,,substitution,substitution,,,,200765|202694|202703|202704|202710|203083|203530,202694|202704|203083,200765|202703|202710|203530,,,1610612765.0,21601061,False
1,PT04M16.00S,04:16,Q1 04:16,40.266666666666666,70,substitution,SUB in: J. Leuer,[],Leuer,0,0,,False,False,202720.0,,substitution,substitution,,,,200765|202694|202703|202704|202710|202720|203083|203530,202694|202704|202720|203083,200765|202703|202710|203530,,,1610612765.0,21601061,False
1,PT04M16.00S,04:16,Q1 04:16,40.266666666666666,71,substitution,SUB in: D. Valentine,[],Valentine,0,0,,False,False,1627756.0,,substitution,substitution,,,,1627756|200765|202694|202703|202704|202710|202720|203083|203530,1627756|200765|202703|202710|203530,202694|202704|202720|203083,,,1610612741.0,21601061,False
1,PT04M16.00S,04:16,Q1 04:16,40.266666666666666,72,substitution,SUB in: R. Jackson,[],Jackson,0,0,,False,False,202704.0,,substitution,turnover,,,,1627756|200765|202694|202703|202704|202710|202720|203083|203530,202694|202704|202720|203083,1627756|200765|202703|202710|203530,,,1610612765.0,21601061,False
1,PT03M56.00S,03:56,Q1 03:56,39.93333333333334,74,turnover,Drummond Lost Ball Turnover (P1.T3),[],Drummond,0,0,,False,False,203083.0,,substitution,steal,,,,1627756|200765|202694|202703|202704|202710|202720|203083|203530,202694|202704|202720|203083,1627756|200765|202703|202710|203530,,,1610612765.0,21601061,False
1,PT03M56.00S,03:56,Q1 03:56,39.93333333333334,74,steal,Butler STEAL (1 STL),[],Butler,0,0,,False,False,202710.0,,turnover,2pt made,,202710.0,,1627756|200765|202694|202703|202704|202710|202720|203083|203530,1627756|200765|202703|202710|203530,202694|202704|202720|203083,,,1610612741.0,21601061,False
1,PT03M51.00S,03:51,Q1 03:51,39.85,75,2pt,Mirotic 1' Cutting Layup Shot (4 PTS) (Valentine 1 AST),['pointsinthepaint'],Mirotic,21,13,Made,True,True,202703.0,1627756.0,steal,2pt missed,,,,1627756|200765|202694|202703|202704|202710|202720|203083|203530,1627756|200765|202703|202710|203530,202694|202704|202720|203083,12.0,2.0,1610612741.0,21601061,False
1,PT03M26.00S,03:26,Q1 03:26,39.43333333333334,76,2pt,MISS Marc Morris 23' Jump Shot,[],Morris Sr.,0,0,Missed,True,False,202694.0,,2pt made,rebound,,,,1627756|200765|202694|202703|202704|202710|202720|203083|203530,202694|202704|202720|203083,1627756|200765|202703|202710|203530,-173.0,146.0,1610612765.0,21601061,False
1,PT03M26.00S,03:26,Q1 03:26,39.43333333333334,77,rebound,TEAM defensive REBOUND,['team'],,0,0,,False,False,0.0,,2pt missed,2pt made,,,,1627756|200765|202694|202703|202704|202710|202720|203083|203530,1627756|200765|202703|202710|203530,202694|202704|202720|203083,,,1610612741.0,21601061,False
1,PT03M12.00S,03:12,Q1 03:12,39.2,79,2pt,Valentine 15' Pullup Jump Shot (2 PTS),['pointsinthepaint'],Valentine,23,13,Made,True,False,1627756.0,,rebound,2pt missed,,,,1627756|200765|202694|202703|202704|202710|202720|203083|203530,1627756|200765|202703|202710|203530,202694|202704|202720|203083,63.0,134.0,1610612741.0,21601061,False
1,PT02M56.00S,02:56,Q1 02:56,38.93333333333334,80,2pt,MISS Jackson 20' Step Back Jump Shot,[],Jackson,0,0,Missed,True,False,202704.0,,2pt made,rebound,,,,1627756|200765|202694|202703|202704|202710|202720|203083|203530,202694|202704|202720|203083,1627756|200765|202703|202710|203530,-106.0,164.0,1610612765.0,21601061,False
1,PT02M55.00S,02:55,Q1 02:55,38.916666666666664,81,rebound,Mirotic REBOUND (Off:1 Def:2),[],Mirotic,0,0,,False,False,202703.0,,2pt missed,2pt made,,,,1627756|200765|202694|202703|202704|202710|202720|203083|203530,1627756|200765|202703|202710|203530,202694|202704|202720|203083,,,1610612741.0,21601061,False
1,PT02M49.00S,02:49,Q1 02:49,38.81666666666666,82,2pt,Mirotic 2' Running Reverse Layup (6 PTS),['pointsinthepaint'],Mirotic,25,13,Made,True,False,202703.0,,rebound,timeout,,,,1627756|200765|202694|202703|202704|202710|202720|203083|203530,1627756|200765|202703|202710|203530,202694|202704|202720|203083,-20.0,-1.0,1610612741.0,21601061,False
1,PT02M41.00S,02:41,Q1 02:41,38.68333333333334,83,timeout,Pistons Timeout: Short (Reg.1 Short 1),[],,0,0,,False,False,0.0,,2pt made,timeout,,,,1627756|200765|202694|202703|202704|202710|202720|203083|203530,202694|202704|202720|203083,1627756|200765|202703|202710|203530,,,1610612765.0,21601061,False
1,PT02M41.00S,02:41,Q1 02:41,38.68333333333334,84,timeout,BULLS Timeout: Regular (Full 1 Short 0),[],,0,0,,False,False,0.0,,timeout,substitution,,,,1627756|200765|202694|202703|202704|202710|202720|203083|203530,1627756|200765|202703|202710|203530,202694|202704|202720|203083,,,1610612741.0,21601061,False
1,PT02M41.00S,02:41,Q1 02:41,38.68333333333334,86,substitution,SUB out: J. Lauvergne,[],Lauvergne,0,0,,False,False,203530.0,,timeout,substitution,,,,1627756|200765|202694|202703|202704|202710|202720|203083,1627756|200765|202703|202710,202694|202704|202720|203083,,,1610612741.0,21601061,False
1,PT02M41.00S,02:41,Q1 02:41,38.68333333333334,87,substitution,SUB out: A. Drummond,[],Drummond,0,0,,False,False,203083.0,,substitution,substitution,,,,1627756|200765|202694|202703|202704|202710|202720,202694|202704|202720,1627756|200765|202703|202710,,,1610612765.0,21601061,False
1,PT02M41.00S,02:41,Q1 02:41,38.68333333333334,88,substitution,SUB out: K. Caldwell-Pope,[],Caldwell-Pope,0,0,,False,False,203484.0,,substitution,substitution,,,,1627756|200765|202694|202703|202704|202710|202720,202694|202704|202720,1627756|200765|202703|202710,,,1610612765.0,21601061,False
1,PT02M41.00S,02:41,Q1 02:41,38.68333333333334,89,substitution,SUB in: B. Portis,[],Portis,0,0,,False,False,1626171.0,,substitution,substitution,,,,1626171|1627756|200765|202694|202703|202704|202710|202720,1626171|1627756|200765|202703|202710,202694|202704|202720,,,1610612741.0,21601061,False
1,PT02M41.00S,02:41,Q1 02:41,38.68333333333334,90,substitution,SUB in: A. Baynes,[],Baynes,0,0,,False,False,203382.0,,substitution,substitution,,,,1626171|1627756|200765|202694|202703|202704|202710|202720|203382,202694|202704|202720|203382,1626171|1627756|200765|202703|202710,,,1610612765.0,21601061,False
1,PT02M41.00S,02:41,Q1 02:41,38.68333333333334,91,substitution,SUB in: R. Bullock Jr.,[],Bullock Jr.,0,0,,False,False,203493.0,,substitution,3pt made,,,,1626171|1627756|200765|202694|202703|202704|202710|202720|203382|203493,202694|202704|202720|203382|203493,1626171|1627756|200765|202703|202710,,,1610612765.0,21601061,True
1,PT02M30.00S,02:30,Q1 02:30,38.5,89,3pt,Leuer 27' 3PT Jump Shot (3 PTS) (Jackson 1 AST),[],Leuer,25,16,Made,True,True,202720.0,202704.0,substitution,2pt missed,,,,1626171|1627756|200765|202694|202703|202704|202710|202720|203382|203493,202694|202704|202720|203382|203493,1626171|1627756|200765|202703|202710,-130.0,237.0,1610612765.0,21601061,True
1,PT02M14.00S,02:14,Q1 02:14,38.233333333333334,91,2pt,MISS Portis 15' Jump Shot,[],Portis,0,0,Missed,True,False,1626171.0,,3pt made,rebound,,,,1626171|1627756|200765|202694|202703|202704|202710|202720|203382|203493,1626171|1627756|200765|202703|202710,202694|202704|202720|203382|203493,-9.0,149.0,1610612741.0,21601061,True
1,PT02M13.00S,02:13,Q1 02:13,38.21666666666667,92,rebound,Bullock REBOUND (Off:0 Def:1),[],Bullock Jr.,0,0,,False,False,203493.0,,2pt missed,2pt made,,,,1626171|1627756|200765|202694|202703|202704|202710|202720|203382|203493,202694|202704|202720|203382|203493,1626171|1627756|200765|202703|202710,,,1610612765.0,21601061,True
1,PT02M02.00S,02:02,Q1 02:02,38.03333333333333,93,2pt,Leuer 14' Pullup Jump Shot (5 PTS) (Marc Morris 1 AST),[],Leuer,25,18,Made,True,False,202720.0,,rebound,turnover,,,,1626171|1627756|200765|202694|202703|202704|202710|202720|203382|203493,202694|202704|202720|203382|203493,1626171|1627756|200765|202703|202710,143.0,0.0,1610612765.0,21601061,True
1,PT01M46.00S,01:46,Q1 01:46,37.766666666666666,94,turnover,Valentine Out of Bounds - Bad Pass Turnover Turnover (P1.T2),[],Valentine,0,0,,False,False,1627756.0,,2pt made,foul,,,,1626171|1627756|200765|202694|202703|202704|202710|202720|203382|203493,1626171|1627756|200765|202703|202710,202694|202704|202720|203382|203493,,,1610612741.0,21601061,True
1,PT01M39.00S,01:39,Q1 01:39,37.65,95,foul,Valentine P.FOUL (P1.T1) (M.McCutchen),[],Valentine,0,0,,False,False,1627756.0,,turnover,2pt missed,202704.0,,,1626171|1627756|200765|202694|202703|202704|202710|202720|203382|203493,1626171|1627756|200765|202703|202710,202694|202704|202720|203382|203493,,,1610612741.0,21601061,True
1,PT01M26.00S,01:26,Q1 01:26,37.43333333333333,96,2pt,MISS Jackson 3' Driving Finger Roll Layup,['pointsinthepaint'],Jackson,0,0,Missed,True,False,202704.0,,foul,block,,,,1626171|1627756|200765|202694|202703|202704|202710|202720|203382|203493,202694|202704|202720|203382|203493,1626171|1627756|200765|202703|202710,-27.0,3.0,1610612765.0,21601061,True
1,PT01M26.00S,01:26,Q1 01:26,37.43333333333333,96,block,Mirotic BLOCK (1 BLK),[],Mirotic,0,0,,False,False,202703.0,,2pt missed,rebound,,,202703.0,1626171|1627756|200765|202694|202703|202704|202710|202720|203382|203493,1626171|1627756|200765|202703|202710,202694|202704|202720|203382|203493,,,1610612741.0,21601061,True
1,PT01M26.00S,01:26,Q1 01:26,37.43333333333333,97,rebound,Leuer REBOUND (Off:1 Def:0),[],Leuer,0,0,,False,False,202720.0,,block,2pt made,,,,1626171|1627756|200765|202694|202703|202704|202710|202720|203382|203493,202694|202704|202720|203382|203493,1626171|1627756|200765|202703|202710,,,1610612765.0,21601061,True
1,PT01M25.00S,01:25,Q1 01:25,37.416666666666664,101,2pt,Leuer 3' Layup (7 PTS),['pointsinthepaint'],Leuer,25,20,Made,True,False,202720.0,,rebound,foul,,,,1626171|1627756|200765|202694|202703|202704|202710|202720|203382|203493,202694|202704|202720|203382|203493,1626171|1627756|200765|202703|202710,-24.0,11.0,1610612765.0,21601061,True
1,PT01M25.00S,01:25,Q1 01:25,37.416666666666664,102,foul,Portis S.FOUL (P1.PN) (T.Brown),[],Portis,0,0,,False,False,1626171.0,,2pt made,freethrow,202720.0,,,1626171|1627756|200765|202694|202703|202704|202710|202720|203382|203493,1626171|1627756|200765|202703|202710,202694|202704|202720|203382|203493,,,1610612741.0,21601061,True
1,PT01M25.00S,01:25,Q1 01:25,37.416666666666664,103,freethrow,Leuer Free Throw 1 of 1 (8 PTS),[],Leuer,25,21,Made,False,False,202720.0,,foul,3pt made,,,,1626171|1627756|200765|202694|202703|202704|202710|202720|203382|203493,202694|202704|202720|203382|203493,1626171|1627756|200765|202703|202710,,,1610612765.0,21601061,True
1,PT01M08.00S,01:08,Q1 01:08,37.13333333333333,105,3pt,Valentine 26' 3PT Jump Shot (5 PTS) (Butler 3 AST),[],Valentine,28,21,Made,True,True,1627756.0,202710.0,freethrow,2pt made,,,,1626171|1627756|200765|202694|202703|202704|202710|202720|203382|203493,1626171|1627756|200765|202703|202710,202694|202704|202720|203382|203493,-158.0,203.0,1610612741.0,21601061,True
1,PT00M59.20S,00:59,Q1 00:59,36.986666666666665,106,2pt,Baynes 12' Jump Shot (2 PTS) (Jackson 2 AST),['pointsinthepaint'],Baynes,28,23,Made,True,True,203382.0,202704.0,3pt made,2pt made,,,,1626171|1627756|200765|202694|202703|202704|202710|202720|203382|203493,202694|202704|202720|203382|203493,1626171|1627756|200765|202703|202710,1.0,115.0,1610612765.0,21601061,True
1,PT00M40.40S,00:40,Q1 00:40,36.67333333333333,108,2pt,Portis 7' Jump Shot (2 PTS) (Butler 4 AST),['pointsinthepaint'],Portis,30,23,Made,True,True,1626171.0,202710.0,2pt made,3pt missed,,,,1626171|1627756|200765|202694|202703|202704|202710|202720|203382|203493,1626171|1627756|200765|202703|202710,202694|202704|202720|203382|203493,-1.0,67.0,1610612741.0,21601061,True
1,PT00M26.70S,00:26,Q1 00:26,36.445,109,3pt,MISS Marc Morris 25' 3PT Jump Shot,[],Morris Sr.,0,0,Missed,True,False,202694.0,,2pt made,rebound,,,,1626171|1627756|200765|202694|202703|202704|202710|202720|203382|203493,202694|202704|202720|203382|203493,1626171|1627756|200765|202703|202710,228.0,101.0,1610612765.0,21601061,True
1,PT00M24.90S,00:24,Q1 00:24,36.415,110,rebound,Rondo REBOUND (Off:0 Def:2),[],Rondo,0,0,,False,False,200765.0,,3pt missed,2pt made,,,,1626171|1627756|200765|202694|202703|202704|202710|202720|203382|203493,1626171|1627756|200765|202703|202710,202694|202704|202720|203382|203493,,,1610612741.0,21601061,True
1,PT00M18.50S,00:18,Q1 00:18,36.30833333333333,111,2pt,Portis 17' Jump Shot (4 PTS) (Butler 5 AST),[],Portis,32,23,Made,True,True,1626171.0,202710.0,rebound,2pt missed,,,,1626171|1627756|200765|202694|202703|202704|202710|202720|203382|203493,1626171|1627756|200765|202703|202710,202694|202704|202720|203382|203493,173.0,-1.0,1610612741.0,21601061,True
1,PT00M00.00S,00:00,Q1 00:00,36.0,112,2pt,MISS Jackson 12' Driving Floating Jump Shot,['pointsinthepaint'],Jackson,0,0,Missed,True,False,202704.0,,2pt made,period,,,,1626171|1627756|200765|202694|202703|202704|202710|202720|203382|203493,202694|202704|202720|203382|203493,1626171|1627756|200765|202703|202710,9.0,120.0,1610612765.0,21601061,True
1,PT00M00.00S,00:00,Q1 00:00,36.0,113,period,End of 1st Period (8:33 PM EST),[],,32,23,,False,False,0.0,,2pt missed,rebound,,,,1626171|1627756|200765|202694|202703|202704|202710|202720|203382|203493,1626171|1627756|200765|202703|202710,202694|202704|202720|203382|203493,,,1610612741.0,21601061,True
1,PT00M00.00S,00:00,Q1 00:00,36.0,114,rebound,TEAM offensive REBOUND,['team'],,0,0,,False,False,0.0,,period,period,,,,1626171|1627756|200765|202694|202703|202704|202710|202720|203382|203493,202694|202704|202720|203382|203493,1626171|1627756|200765|202703|202710,,,1610612765.0,21601061,True
2,PT12M00.00S,12:00,Q2 12:00,36.0,116,period,Start of 2nd Period (8:35 PM EST),[],,32,23,,False,False,0.0,,rebound,substitution,,,,1626171|1627756|200765|202694|202703|202704|202710|202720|203382|203493,1626171|1627756|200765|202703|202710,202694|202704|202720|203382|203493,,,1610612741.0,21601061,True
2,PT11M34.00S,11:34,Q2 11:34,35.56666666666666,117,2pt,MISS Carter-Williams 3' Driving Layup,['pointsinthepaint'],Carter-Williams,0,0,Missed,True,False,203487.0,,substitution,rebound,,,,1626169|1626170|1626171|1627756|1627835|202704|202720|203382|203487|203493,1626170|1626171|1627756|1627835|203487,1626169|202704|202720|203382|203493,-4.0,28.0,1610612741.0,21601061,True
2,PT11M33.00S,11:33,Q2 11:33,35.55,118,rebound,Baynes REBOUND (Off:0 Def:1),[],Baynes,0,0,,False,False,203382.0,,2pt missed,foul,,,,1626169|1626170|1626171|1627756|1627835|202704|202720|203382|203487|203493,1626169|202704|202720|203382|203493,1626170|1626171|1627756|1627835|203487,,,1610612765.0,21601061,True
2,PT11M20.00S,11:20,Q2 11:20,35.333333333333336,119,foul,Grant S.FOUL (P1.T1) (T.Brown),[],Grant,0,0,,False,False,1626170.0,,rebound,freethrow,202720.0,,,1626169|1626170|1626171|1627756|1627835|202704|202720|203382|203487|203493,1626170|1626171|1627756|1627835|203487,1626169|202704|202720|203382|203493,,,1610612741.0,21601061,True
2,PT11M20.00S,11:20,Q2 11:20,35.333333333333336,120,freethrow,Leuer Free Throw 1 of 2 (9 PTS),[],Leuer,32,24,Made,False,False,202720.0,,foul,freethrow,,,,1626169|1626170|1626171|1627756|1627835|202704|202720|203382|203487|203493,1626169|202704|202720|203382|203493,1626170|1626171|1627756|1627835|203487,,,1610612765.0,21601061,True
2,PT11M20.00S,11:20,Q2 11:20,35.333333333333336,122,freethrow,MISS Leuer Free Throw 2 of 2,[],Leuer,0,0,Missed,False,False,202720.0,,freethrow,rebound,,,,1626169|1626170|1626171|1627756|1627835|202704|202720|203382|203487|203493,1626169|202704|202720|203382|203493,1626170|1626171|1627756|1627835|203487,,,1610612765.0,21601061,True
2,PT11M19.00S,11:19,Q2 11:19,35.31666666666666,124,rebound,Zipser REBOUND (Off:0 Def:2),[],Zipser,0,0,,False,False,1627835.0,,freethrow,3pt missed,,,,1626169|1626170|1626171|1627756|1627835|202704|202720|203382|203487|203493,1626170|1626171|1627756|1627835|203487,1626169|202704|202720|203382|203493,,,1610612741.0,21601061,True
2,PT11M06.00S,11:06,Q2 11:06,35.1,125,3pt,MISS Grant 25' 3PT Jump Shot,[],Grant,0,0,Missed,True,False,1626170.0,,rebound,rebound,,,,1626169|1626170|1626171|1627756|1627835|202704|202720|203382|203487|203493,1626170|1626171|1627756|1627835|203487,1626169|202704|202720|203382|203493,153.0,195.0,1610612741.0,21601061,True
2,PT11M05.00S,11:05,Q2 11:05,35.083333333333336,126,rebound,Johnson REBOUND (Off:0 Def:1),[],Johnson,0,0,,False,False,1626169.0,,3pt missed,2pt missed,,,,1626169|1626170|1626171|1627756|1627835|202704|202720|203382|203487|203493,1626169|202704|202720|203382|203493,1626170|1626171|1627756|1627835|203487,,,1610612765.0,21601061,True
2,PT10M55.00S,10:55,Q2 10:55,34.916666666666664,128,2pt,MISS Jackson 8' Fadeaway Jumper,['pointsinthepaint'],Jackson,0,0,Missed,True,False,202704.0,,rebound,rebound,,,,1626169|1626170|1626171|1627756|1627835|202704|202720|203382|203487|203493,1626169|202704|202720|203382|203493,1626170|1626171|1627756|1627835|203487,-78.0,8.0,1610612765.0,21601061,True
2,PT10M53.00S,10:53,Q2 10:53,34.88333333333333,129,rebound,Valentine REBOUND (Off:0 Def:1),[],Valentine,0,0,,False,False,1627756.0,,2pt missed,2pt made,,,,1626169|1626170|1626171|1627756|1627835|202704|202720|203382|203487|203493,1626170|1626171|1627756|1627835|203487,1626169|202704|202720|203382|203493,,,1610612741.0,21601061,True
2,PT10M30.00S,10:30,Q2 10:30,34.5,130,2pt,Carter-Williams 3' Driving Layup (2 PTS) (Zipser 1 AST),['pointsinthepaint'],Carter-Williams,34,24,Made,True,True,203487.0,1627835.0,rebound,2pt missed,,,,1626169|1626170|1626171|1627756|1627835|202704|202720|203382|203487|203493,1626170|1626171|1627756|1627835|203487,1626169|202704|202720|203382|203493,0.0,28.0,1610612741.0,21601061,True
2,PT10M11.00S,10:11,Q2 10:11,34.18333333333334,131,2pt,MISS Leuer 16' Pullup Jump Shot,[],Leuer,0,0,Missed,True,False,202720.0,,2pt made,rebound,,,,1626169|1626170|1626171|1627756|1627835|202704|202720|203382|203487|203493,1626169|202704|202720|203382|203493,1626170|1626171|1627756|1627835|203487,-107.0,124.0,1610612765.0,21601061,True
2,PT10M10.00S,10:10,Q2 10:10,34.166666666666664,132,rebound,Valentine REBOUND (Off:0 Def:2),[],Valentine,0,0,,False,False,1627756.0,,2pt missed,2pt made,,,,1626169|1626170|1626171|1627756|1627835|202704|202720|203382|203487|203493,1626170|1626171|1627756|1627835|203487,1626169|202704|202720|203382|203493,,,1610612741.0,21601061,True
2,PT10M02.00S,10:02,Q2 10:02,34.03333333333333,133,2pt,Zipser 2' Driving Finger Roll Layup (6 PTS),['pointsinthepaint'],Zipser,36,24,Made,True,False,1627835.0,,rebound,foul,,,,1626169|1626170|1626171|1627756|1627835|202704|202720|203382|203487|203493,1626170|1626171|1627756|1627835|203487,1626169|202704|202720|203382|203493,-19.0,16.0,1610612741.0,21601061,True
2,PT10M02.00S,10:02,Q2 10:02,34.03333333333333,134,foul,Baynes S.FOUL (P1.T1) (T.Brown),[],Baynes,0,0,,False,False,203382.0,,2pt made,freethrow,1627835.0,,,1626169|1626170|1626171|1627756|1627835|202704|202720|203382|203487|203493,1626169|202704|202720|203382|203493,1626170|1626171|1627756|1627835|203487,,,1610612765.0,21601061,True
2,PT10M02.00S,10:02,Q2 10:02,34.03333333333333,135,freethrow,Zipser Free Throw 1 of 1 (7 PTS),[],Zipser,37,24,Made,False,False,1627835.0,,foul,3pt made,,,,1626169|1626170|1626171|1627756|1627835|202704|202720|203382|203487|203493,1626170|1626171|1627756|1627835|203487,1626169|202704|202720|203382|203493,,,1610612741.0,21601061,True
2,PT09M48.00S,09:48,Q2 09:48,33.8,137,3pt,Bullock 25' 3PT Jump Shot (3 PTS) (Jackson 3 AST),[],Bullock Jr.,37,27,Made,True,True,203493.0,202704.0,freethrow,2pt made,,,,1626169|1626170|1626171|1627756|1627835|202704|202720|203382|203487|203493,1626169|202704|202720|203382|203493,1626170|1626171|1627756|1627835|203487,-196.0,156.0,1610612765.0,21601061,True
2,PT09M23.00S,09:23,Q2 09:23,33.38333333333333,140,2pt,Zipser 22' Pullup Jump Shot (9 PTS) (Portis 1 AST),[],Zipser,39,27,Made,True,True,1627835.0,1626171.0,3pt made,2pt made,,,,1626169|1626170|1626171|1627756|1627835|202704|202720|203382|203487|203493,1626170|1626171|1627756|1627835|203487,1626169|202704|202720|203382|203493,104.0,190.0,1610612741.0,21601061,True
2,PT09M10.00S,09:10,Q2 09:10,33.166666666666664,141,2pt,Jackson 2' Driving Layup (2 PTS),['pointsinthepaint'],Jackson,39,29,Made,True,False,202704.0,,2pt made,2pt missed,,,,1626169|1626170|1626171|1627756|1627835|202704|202720|203382|203487|203493,1626169|202704|202720|203382|203493,1626170|1626171|1627756|1627835|203487,-17.0,7.0,1610612765.0,21601061,True
2,PT08M50.00S,08:50,Q2 08:50,32.833333333333336,142,2pt,MISS Portis 20' Jump Shot,[],Portis,0,0,Missed,True,False,1626171.0,,2pt made,rebound,,,,1626169|1626170|1626171|1627756|1627835|202704|202720|203382|203487|203493,1626170|1626171|1627756|1627835|203487,1626169|202704|202720|203382|203493,107.0,174.0,1610612741.0,21601061,True
2,PT08M49.00S,08:49,Q2 08:49,32.81666666666666,143,rebound,Jackson REBOUND (Off:0 Def:1),[],Jackson,0,0,,False,False,202704.0,,2pt missed,2pt missed,,,,1626169|1626170|1626171|1627756|1627835|202704|202720|203382|203487|203493,1626169|202704|202720|203382|203493,1626170|1626171|1627756|1627835|203487,,,1610612765.0,21601061,True
2,PT08M40.00S,08:40,Q2 08:40,32.666666666666664,144,2pt,MISS Jackson 22' Step Back Jump Shot,[],Jackson,0,0,Missed,True,False,202704.0,,rebound,rebound,,,,1626169|1626170|1626171|1627756|1627835|202704|202720|203382|203487|203493,1626169|202704|202720|203382|203493,1626170|1626171|1627756|1627835|203487,-74.0,210.0,1610612765.0,21601061,True
2,PT08M39.00S,08:39,Q2 08:39,32.65,145,rebound,Valentine REBOUND (Off:0 Def:3),[],Valentine,0,0,,False,False,1627756.0,,2pt missed,2pt missed,,,,1626169|1626170|1626171|1627756|1627835|202704|202720|203382|203487|203493,1626170|1626171|1627756|1627835|203487,1626169|202704|202720|203382|203493,,,1610612741.0,21601061,True
2,PT08M28.00S,08:28,Q2 08:28,32.46666666666667,146,2pt,MISS Valentine 20' Pullup Jump Shot,[],Valentine,0,0,Missed,True,False,1627756.0,,rebound,rebound,,,,1626169|1626170|1626171|1627756|1627835|202704|202720|203382|203487|203493,1626170|1626171|1627756|1627835|203487,1626169|202704|202720|203382|203493,125.0,151.0,1610612741.0,21601061,True
2,PT08M27.00S,08:27,Q2 08:27,32.45,147,rebound,Leuer REBOUND (Off:1 Def:1),[],Leuer,0,0,,False,False,202720.0,,2pt missed,2pt made,,,,1626169|1626170|1626171|1627756|1627835|202704|202720|203382|203487|203493,1626169|202704|202720|203382|203493,1626170|1626171|1627756|1627835|203487,,,1610612765.0,21601061,True
2,PT08M20.00S,08:20,Q2 08:20,32.333333333333336,148,2pt,Johnson 22' Running Pull-Up Jump Shot (2 PTS),[],Johnson,39,31,Made,True,False,1626169.0,,rebound,timeout,,,,1626169|1626170|1626171|1627756|1627835|202704|202720|203382|203487|203493,1626169|202704|202720|203382|203493,1626170|1626171|1627756|1627835|203487,60.0,208.0,1610612765.0,21601061,True
2,PT08M20.00S,08:20,Q2 08:20,32.333333333333336,149,timeout,BULLS Timeout: Regular (Full 2 Short 0),[],,0,0,,False,False,0.0,,2pt made,2pt missed,,,,1626169|1626170|1626171|1627756|1627835|202704|202720|203382|203487|203493,1626170|1626171|1627756|1627835|203487,1626169|202704|202720|203382|203493,,,1610612741.0,21601061,True
2,PT08M06.00S,08:06,Q2 08:06,32.1,153,2pt,MISS Carter-Williams 17' Driving Floating Jump Shot,[],Carter-Williams,0,0,Missed,True,False,203487.0,,timeout,rebound,,,,1626169|1626170|1626171|1627756|1627835|202704|202720|203382|203487|203493,1626170|1626171|1627756|1627835|203487,1626169|202704|202720|203382|203493,150.0,87.0,1610612741.0,21601061,True
2,PT08M05.00S,08:05,Q2 08:05,32.083333333333336,154,rebound,Johnson REBOUND (Off:0 Def:2),[],Johnson,0,0,,False,False,1626169.0,,2pt missed,turnover,,,,1626169|1626170|1626171|1627756|1627835|202704|202720|203382|203487|203493,1626169|202704|202720|203382|203493,1626170|1626171|1627756|1627835|203487,,,1610612765.0,21601061,True
2,PT07M59.00S,07:59,Q2 07:59,31.983333333333334,155,turnover,Baynes Kicked Ball Violation Turnover (P1.T4),[],Baynes,0,0,,False,False,203382.0,,rebound,2pt made,,,,1626169|1626170|1626171|1627756|1627835|202704|202720|203382|203487|203493,1626169|202704|202720|203382|203493,1626170|1626171|1627756|1627835|203487,,,1610612765.0,21601061,True
2,PT07M47.00S,07:47,Q2 07:47,31.78333333333333,156,2pt,Grant 1' Driving Layup (2 PTS) (Carter-Williams 1 AST),['pointsinthepaint'],Grant,41,31,Made,True,True,1626170.0,203487.0,turnover,turnover,,,,1626169|1626170|1626171|1627756|1627835|202704|202720|203382|203487|203493,1626170|1626171|1627756|1627835|203487,1626169|202704|202720|203382|203493,6.0,7.0,1610612741.0,21601061,True
2,PT07M29.00S,07:29,Q2 07:29,31.483333333333334,157,turnover,Jackson Bad Pass Turnover (P1.T5),[],Jackson,0,0,,False,False,202704.0,,2pt made,steal,,,,1626169|1626170|1626171|1627756|1627835|202704|202720|203382|203487|203493,1626169|202704|202720|203382|203493,1626170|1626171|1627756|1627835|203487,,,1610612765.0,21601061,True
2,PT07M29.00S,07:29,Q2 07:29,31.483333333333334,157,steal,Carter-Williams STEAL (1 STL),[],Carter-Williams,0,0,,False,False,203487.0,,turnover,2pt made,,203487.0,,1626169|1626170|1626171|1627756|1627835|202704|202720|203382|203487|203493,1626170|1626171|1627756|1627835|203487,1626169|202704|202720|203382|203493,,,1610612741.0,21601061,True
2,PT07M26.00S,07:26,Q2 07:26,31.433333333333334,158,2pt,Carter-Williams 2' Running Reverse Layup (4 PTS),['pointsinthepaint'],Carter-Williams,43,31,Made,True,False,203487.0,,steal,foul,,,,1626169|1626170|1626171|1627756|1627835|202704|202720|203382|203487|203493,1626170|1626171|1627756|1627835|203487,1626169|202704|202720|203382|203493,-16.0,-1.0,1610612741.0,21601061,True
2,PT07M26.00S,07:26,Q2 07:26,31.433333333333334,159,foul,Johnson S.FOUL (P1.T2) (S.Twardoski),[],Johnson,0,0,,False,False,1626169.0,,2pt made,freethrow,203487.0,,,1626169|1626170|1626171|1627756|1627835|202704|202720|203382|203487|203493,1626169|202704|202720|203382|203493,1626170|1626171|1627756|1627835|203487,,,1610612765.0,21601061,True
2,PT07M26.00S,07:26,Q2 07:26,31.433333333333334,162,freethrow,MISS Carter-Williams Free Throw 1 of 1,[],Carter-Williams,0,0,Missed,False,False,203487.0,,foul,substitution,,,,1626169|1626170|1626171|1627756|1627835|202704|202720|203382|203487|203493,1626170|1626171|1627756|1627835|203487,1626169|202704|202720|203382|203493,,,1610612741.0,21601061,True
2,PT07M26.00S,07:26,Q2 07:26,31.433333333333334,160,substitution,SUB out: J. Leuer,[],Leuer,0,0,,False,False,202720.0,,freethrow,substitution,,,,1626169|1626170|1626171|1627756|1627835|202704|203382|203487|203493,1626169|202704|203382|203493,1626170|1626171|1627756|1627835|203487,,,1610612765.0,21601061,False
2,PT07M26.00S,07:26,Q2 07:26,31.433333333333334,161,substitution,SUB out: R. Bullock Jr.,[],Bullock Jr.,0,0,,False,False,203493.0,,substitution,substitution,,,,1626169|1626170|1626171|1627756|1627835|202704|203382|203487,1626169|202704|203382,1626170|1626171|1627756|1627835|203487,,,1610612765.0,21601061,False
2,PT07M26.00S,07:26,Q2 07:26,31.433333333333334,162,substitution,SUB in: K. Caldwell-Pope,[],Caldwell-Pope,0,0,,False,False,203484.0,,substitution,substitution,,,,1626169|1626170|1626171|1627756|1627835|202704|203382|203484|203487,1626169|202704|203382|203484,1626170|1626171|1627756|1627835|203487,,,1610612765.0,21601061,False
2,PT07M26.00S,07:26,Q2 07:26,31.433333333333334,163,substitution,SUB in: T. Harris,[],Harris,0,0,,False,False,202699.0,,substitution,rebound,,,,1626169|1626170|1626171|1627756|1627835|202699|202704|203382|203484|203487,1626169|202699|202704|203382|203484,1626170|1626171|1627756|1627835|203487,,,1610612765.0,21601061,True
2,PT07M25.00S,07:25,Q2 07:25,31.416666666666668,164,rebound,Harris REBOUND (Off:0 Def:1),[],Harris,0,0,,False,False,202699.0,,substitution,foul,,,,1626169|1626170|1626171|1627756|1627835|202699|202704|203382|203484|203487,1626169|202699|202704|203382|203484,1626170|1626171|1627756|1627835|203487,,,1610612765.0,21601061,True
2,PT07M14.00S,07:14,Q2 07:14,31.233333333333334,165,foul,Zipser P.FOUL (P1.T2) (T.Brown),[],Zipser,0,0,,False,False,1627835.0,,rebound,3pt missed,1626169.0,,,1626169|1626170|1626171|1627756|1627835|202699|202704|203382|203484|203487,1626170|1626171|1627756|1627835|203487,1626169|202699|202704|203382|203484,,,1610612741.0,21601061,True
2,PT07M01.00S,07:01,Q2 07:01,31.016666666666666,166,3pt,MISS Johnson 25' 3PT Jump Shot,[],Johnson,0,0,Missed,True,False,1626169.0,,foul,rebound,,,,1626169|1626170|1626171|1627756|1627835|202699|202704|203382|203484|203487,1626169|202699|202704|203382|203484,1626170|1626171|1627756|1627835|203487,222.0,124.0,1610612765.0,21601061,True
2,PT07M00.00S,07:00,Q2 07:00,31.0,167,rebound,Portis REBOUND (Off:0 Def:1),[],Portis,0,0,,False,False,1626171.0,,3pt missed,turnover,,,,1626169|1626170|1626171|1627756|1627835|202699|202704|203382|203484|203487,1626170|1626171|1627756|1627835|203487,1626169|202699|202704|203382|203484,,,1610612741.0,21601061,True
2,PT06M41.00S,06:41,Q2 06:41,30.683333333333334,168,turnover,Valentine Traveling Turnover (P2.T3),[],Valentine,0,0,,False,False,1627756.0,,rebound,substitution,,,,1626169|1626170|1626171|1627756|1627835|202699|202704|203382|203484|203487,1626170|1626171|1627756|1627835|203487,1626169|202699|202704|203382|203484,,,1610612741.0,21601061,True
2,PT06M41.00S,06:41,Q2 06:41,30.683333333333334,169,substitution,SUB out: D. Valentine,[],Valentine,0,0,,False,False,1627756.0,,turnover,substitution,,,,1626169|1626170|1626171|1627835|202699|202704|203382|203484|203487,1626170|1626171|1627835|203487,1626169|202699|202704|203382|203484,,,1610612741.0,21601061,False
2,PT06M41.00S,06:41,Q2 06:41,30.683333333333334,170,substitution,SUB out: R. Jackson,[],Jackson,0,0,,False,False,202704.0,,substitution,substitution,,,,1626169|1626170|1626171|1627835|202699|203382|203484|203487,1626169|202699|203382|203484,1626170|1626171|1627835|203487,,,1610612765.0,21601061,False
2,PT06M41.00S,06:41,Q2 06:41,30.683333333333334,171,substitution,SUB out: A. Baynes,[],Baynes,0,0,,False,False,203382.0,,substitution,substitution,,,,1626169|1626170|1626171|1627835|202699|203484|203487,1626169|202699|203484,1626170|1626171|1627835|203487,,,1610612765.0,21601061,False
2,PT06M41.00S,06:41,Q2 06:41,30.683333333333334,172,substitution,SUB in: J. Butler,[],Butler,0,0,,False,False,202710.0,,substitution,substitution,,,,1626169|1626170|1626171|1627835|202699|202710|203484|203487,1626170|1626171|1627835|202710|203487,1626169|202699|203484,,,1610612741.0,21601061,False
2,PT06M41.00S,06:41,Q2 06:41,30.683333333333334,173,substitution,SUB in: A. Drummond,[],Drummond,0,0,,False,False,203083.0,,substitution,substitution,,,,1626169|1626170|1626171|1627835|202699|202710|203083|203484|203487,1626169|202699|203083|203484,1626170|1626171|1627835|202710|203487,,,1610612765.0,21601061,False
2,PT06M41.00S,06:41,Q2 06:41,30.683333333333334,174,substitution,SUB in: I. Smith,[],Smith,0,0,,False,False,202397.0,,substitution,turnover,,,,1626169|1626170|1626171|1627835|202397|202699|202710|203083|203484|203487,1626169|202397|202699|203083|203484,1626170|1626171|1627835|202710|203487,,,1610612765.0,21601061,True
2,PT06M32.00S,06:32,Q2 06:32,30.53333333333333,172,turnover,Caldwell-Pope Bad Pass Turnover (P1.T6),[],Caldwell-Pope,0,0,,False,False,203484.0,,substitution,steal,,,,1626169|1626170|1626171|1627835|202397|202699|202710|203083|203484|203487,1626169|202397|202699|203083|203484,1626170|1626171|1627835|202710|203487,,,1610612765.0,21601061,True
2,PT06M32.00S,06:32,Q2 06:32,30.53333333333333,172,steal,Carter-Williams STEAL (2 STL),[],Carter-Williams,0,0,,False,False,203487.0,,turnover,turnover,,203487.0,,1626169|1626170|1626171|1627835|202397|202699|202710|203083|203484|203487,1626170|1626171|1627835|202710|203487,1626169|202397|202699|203083|203484,,,1610612741.0,21601061,True
2,PT06M25.00S,06:25,Q2 06:25,30.416666666666668,174,turnover,Carter-Williams Bad Pass Turnover (P1.T4),[],Carter-Williams,0,0,,False,False,203487.0,,steal,steal,,,,1626169|1626170|1626171|1627835|202397|202699|202710|203083|203484|203487,1626170|1626171|1627835|202710|203487,1626169|202397|202699|203083|203484,,,1610612741.0,21601061,True
2,PT06M25.00S,06:25,Q2 06:25,30.416666666666668,174,steal,Smith STEAL (2 STL),[],Smith,0,0,,False,False,202397.0,,turnover,2pt missed,,202397.0,,1626169|1626170|1626171|1627835|202397|202699|202710|203083|203484|203487,1626169|202397|202699|203083|203484,1626170|1626171|1627835|202710|203487,,,1610612765.0,21601061,True
2,PT06M16.00S,06:16,Q2 06:16,30.266666666666666,176,2pt,MISS Johnson 21' Pullup Jump Shot,[],Johnson,0,0,Missed,True,False,1626169.0,,steal,2pt made,,,,1626169|1626170|1626171|1627835|202397|202699|202710|203083|203484|203487,1626169|202397|202699|203083|203484,1626170|1626171|1627835|202710|203487,27.0,208.0,1610612765.0,21601061,True
2,PT06M15.00S,06:15,Q2 06:15,30.25,177,2pt,Drummond 1' Tip Layup Shot (6 PTS),['pointsinthepaint'],Drummond,43,33,Made,True,False,203083.0,,2pt missed,rebound,,,,1626169|1626170|1626171|1627835|202397|202699|202710|203083|203484|203487,1626169|202397|202699|203083|203484,1626170|1626171|1627835|202710|203487,1.0,11.0,1610612765.0,21601061,True
2,PT06M15.00S,06:15,Q2 06:15,30.25,178,rebound,Drummond REBOUND (Off:3 Def:2),[],Drummond,0,0,,False,False,203083.0,,2pt made,2pt missed,,,,1626169|1626170|1626171|1627835|202397|202699|202710|203083|203484|203487,1626169|202397|202699|203083|203484,1626170|1626171|1627835|202710|203487,,,1610612765.0,21601061,True
2,PT05M59.00S,05:59,Q2 05:59,29.983333333333334,179,2pt,MISS Carter-Williams 8' Fadeaway Jumper,['pointsinthepaint'],Carter-Williams,0,0,Missed,True,False,203487.0,,rebound,rebound,,,,1626169|1626170|1626171|1627835|202397|202699|202710|203083|203484|203487,1626170|1626171|1627835|202710|203487,1626169|202397|202699|203083|203484,-76.0,-10.0,1610612741.0,21601061,True
2,PT05M58.00S,05:58,Q2 05:58,29.96666666666667,180,rebound,Drummond REBOUND (Off:3 Def:3),[],Drummond,0,0,,False,False,203083.0,,2pt missed,foul,,,,1626169|1626170|1626171|1627835|202397|202699|202710|203083|203484|203487,1626169|202397|202699|203083|203484,1626170|1626171|1627835|202710|203487,,,1610612765.0,21601061,True
2,PT05M51.00S,05:51,Q2 05:51,29.85,181,foul,Carter-Williams P.FOUL (P1.T3) (T.Brown),[],Carter-Williams,0,0,,False,False,203487.0,,rebound,timeout,,,,1626169|1626170|1626171|1627835|202397|202699|202710|203083|203484|203487,1626170|1626171|1627835|202710|203487,1626169|202397|202699|203083|203484,,,1610612741.0,21601061,True
2,PT05M51.00S,05:51,Q2 05:51,29.85,182,timeout,Timeout: Regular,[],,0,0,,False,False,0.0,,foul,substitution,,,,1626169|1626170|1626171|1627835|202397|202699|202710|203083|203484|203487,1626170|1626171|1627835|202710|203487,1626169|202397|202699|203083|203484,,,0.0,21601061,True
2,PT05M51.00S,05:51,Q2 05:51,29.85,184,substitution,SUB out: P. Zipser,[],Zipser,0,0,,False,False,1627835.0,,timeout,substitution,,,,1626169|1626170|1626171|202397|202699|202710|203083|203484|203487,1626170|1626171|202710|203487,1626169|202397|202699|203083|203484,,,1610612741.0,21601061,False
2,PT05M51.00S,05:51,Q2 05:51,29.85,185,substitution,SUB out: B. Portis,[],Portis,0,0,,False,False,1626171.0,,substitution,substitution,,,,1626169|1626170|202397|202699|202710|203083|203484|203487,1626170|202710|203487,1626169|202397|202699|203083|203484,,,1610612741.0,21601061,False
2,PT05M51.00S,05:51,Q2 05:51,29.85,186,substitution,SUB out: M. Carter-Williams,[],Carter-Williams,0,0,,False,False,203487.0,,substitution,substitution,,,,1626169|1626170|202397|202699|202710|203083|203484,1626170|202710,1626169|202397|202699|203083|203484,,,1610612741.0,21601061,False
2,PT05M51.00S,05:51,Q2 05:51,29.85,187,substitution,SUB in: N. Mirotic,[],Mirotic,0,0,,False,False,202703.0,,substitution,substitution,,,,1626169|1626170|202397|202699|202703|202710|203083|203484,1626170|202703|202710,1626169|202397|202699|203083|203484,,,1610612741.0,21601061,False
2,PT05M51.00S,05:51,Q2 05:51,29.85,188,substitution,SUB in: J. Lauvergne,[],Lauvergne,0,0,,False,False,203530.0,,substitution,substitution,,,,1626169|1626170|202397|202699|202703|202710|203083|203484|203530,1626170|202703|202710|203530,1626169|202397|202699|203083|203484,,,1610612741.0,21601061,False
2,PT05M51.00S,05:51,Q2 05:51,29.85,189,substitution,SUB in: R. Rondo,[],Rondo,0,0,,False,False,200765.0,,substitution,3pt made,,,,1626169|1626170|200765|202397|202699|202703|202710|203083|203484|203530,1626170|200765|202703|202710|203530,1626169|202397|202699|203083|203484,,,1610612741.0,21601061,True
2,PT05M37.00S,05:37,Q2 05:37,29.616666666666667,188,3pt,Johnson 26' 3PT Jump Shot (5 PTS) (Smith 3 AST),[],Johnson,43,36,Made,True,True,1626169.0,202397.0,substitution,foul,,,,1626169|1626170|200765|202397|202699|202703|202710|203083|203484|203530,1626169|202397|202699|203083|203484,1626170|200765|202703|202710|203530,-84.0,249.0,1610612765.0,21601061,True
2,PT05M24.00S,05:24,Q2 05:24,29.4,189,foul,Johnson P.FOUL (P2.T3) (T.Brown),[],Johnson,0,0,,False,False,1626169.0,,3pt made,2pt missed,203530.0,,,1626169|1626170|200765|202397|202699|202703|202710|203083|203484|203530,1626169|202397|202699|203083|203484,1626170|200765|202703|202710|203530,,,1610612765.0,21601061,True
2,PT05M16.00S,05:16,Q2 05:16,29.266666666666666,190,2pt,MISS Lauvergne 5' Jump Shot,['pointsinthepaint'],Lauvergne,0,0,Missed,True,False,203530.0,,foul,rebound,,,,1626169|1626170|200765|202397|202699|202703|202710|203083|203484|203530,1626170|200765|202703|202710|203530,1626169|202397|202699|203083|203484,9.0,52.0,1610612741.0,21601061,True
2,PT05M15.00S,05:15,Q2 05:15,29.25,191,rebound,Drummond REBOUND (Off:3 Def:4),[],Drummond,0,0,,False,False,203083.0,,2pt missed,2pt made,,,,1626169|1626170|200765|202397|202699|202703|202710|203083|203484|203530,1626169|202397|202699|203083|203484,1626170|200765|202703|202710|203530,,,1610612765.0,21601061,True
2,PT04M57.00S,04:57,Q2 04:57,28.95,192,2pt,Harris 14' Turnaround Jump Shot (4 PTS),[],Harris,43,38,Made,True,False,202699.0,,rebound,2pt made,,,,1626169|1626170|200765|202397|202699|202703|202710|203083|203484|203530,1626169|202397|202699|203083|203484,1626170|200765|202703|202710|203530,-142.0,-6.0,1610612765.0,21601061,True
2,PT04M41.00S,04:41,Q2 04:41,28.683333333333334,193,2pt,Butler 2' Cutting Layup Shot (6 PTS) (Rondo 2 AST),['pointsinthepaint'],Butler,45,38,Made,True,True,202710.0,200765.0,2pt made,3pt made,,,,1626169|1626170|200765|202397|202699|202703|202710|203083|203484|203530,1626170|200765|202703|202710|203530,1626169|202397|202699|203083|203484,-15.0,14.0,1610612741.0,21601061,True
2,PT04M18.00S,04:18,Q2 04:18,28.3,194,3pt,Johnson 24' 3PT Jump Shot (8 PTS) (Caldwell-Pope 1 AST),[],Johnson,45,41,Made,True,True,1626169.0,203484.0,2pt made,2pt made,,,,1626169|1626170|200765|202397|202699|202703|202710|203083|203484|203530,1626169|202397|202699|203083|203484,1626170|200765|202703|202710|203530,194.0,146.0,1610612765.0,21601061,True
2,PT04M10.00S,04:10,Q2 04:10,28.166666666666668,195,2pt,Lauvergne 13' Jump Shot (8 PTS) (Butler 6 AST),[],Lauvergne,47,41,Made,True,True,203530.0,202710.0,3pt made,2pt missed,,,,1626169|1626170|200765|202397|202699|202703|202710|203083|203484|203530,1626170|200765|202703|202710|203530,1626169|202397|202699|203083|203484,-133.0,-1.0,1610612741.0,21601061,True
2,PT03M59.00S,03:59,Q2 03:59,27.983333333333334,196,2pt,MISS Johnson 3' Driving Layup,['pointsinthepaint'],Johnson,0,0,Missed,True,False,1626169.0,,2pt made,block,,,,1626169|1626170|200765|202397|202699|202703|202710|203083|203484|203530,1626169|202397|202699|203083|203484,1626170|200765|202703|202710|203530,9.0,31.0,1610612765.0,21601061,True
2,PT03M59.00S,03:59,Q2 03:59,27.983333333333334,196,block,Grant BLOCK (1 BLK),[],Grant,0,0,,False,False,1626170.0,,2pt missed,rebound,,,1626170.0,1626169|1626170|200765|202397|202699|202703|202710|203083|203484|203530,1626170|200765|202703|202710|203530,1626169|202397|202699|203083|203484,,,1610612741.0,21601061,True
2,PT03M58.00S,03:58,Q2 03:58,27.96666666666667,197,rebound,Lauvergne REBOUND (Off:1 Def:3),[],Lauvergne,0,0,,False,False,203530.0,,block,2pt made,,,,1626169|1626170|200765|202397|202699|202703|202710|203083|203484|203530,1626170|200765|202703|202710|203530,1626169|202397|202699|203083|203484,,,1610612741.0,21601061,True
2,PT03M54.00S,03:54,Q2 03:54,27.9,198,2pt,Butler 1' Alley Oop Layup (8 PTS) (Rondo 3 AST),['pointsinthepaint'],Butler,49,41,Made,True,True,202710.0,200765.0,rebound,foul,,,,1626169|1626170|200765|202397|202699|202703|202710|203083|203484|203530,1626170|200765|202703|202710|203530,1626169|202397|202699|203083|203484,11.0,-4.0,1610612741.0,21601061,True
2,PT03M54.00S,03:54,Q2 03:54,27.9,199,foul,Caldwell-Pope S.FOUL (P1.T4) (S.Twardoski),[],Caldwell-Pope,0,0,,False,False,203484.0,,2pt made,timeout,202710.0,,,1626169|1626170|200765|202397|202699|202703|202710|203083|203484|203530,1626169|202397|202699|203083|203484,1626170|200765|202703|202710|203530,,,1610612765.0,21601061,True
2,PT03M54.00S,03:54,Q2 03:54,27.9,200,timeout,BULLS Timeout: Short (Full 2 Short 1),[],,0,0,,False,False,0.0,,foul,freethrow,,,,1626169|1626170|200765|202397|202699|202703|202710|203083|203484|203530,1626170|200765|202703|202710|203530,1626169|202397|202699|203083|203484,,,1610612741.0,21601061,True
2,PT03M54.00S,03:54,Q2 03:54,27.9,203,freethrow,Butler Free Throw 1 of 1 (9 PTS),[],Butler,50,41,Made,False,False,202710.0,,timeout,substitution,,,,1626169|1626170|200765|202397|202699|202703|202710|203083|203484|203530,1626170|200765|202703|202710|203530,1626169|202397|202699|203083|203484,,,1610612741.0,21601061,True
2,PT03M54.00S,03:54,Q2 03:54,27.9,202,substitution,SUB out: S. Johnson,[],Johnson,0,0,,False,False,1626169.0,,freethrow,substitution,,,,1626170|200765|202397|202699|202703|202710|203083|203484|203530,202397|202699|203083|203484,1626170|200765|202703|202710|203530,,,1610612765.0,21601061,False
2,PT03M54.00S,03:54,Q2 03:54,27.9,203,substitution,SUB in: M. Morris Sr.,[],Morris Sr.,0,0,,False,False,202694.0,,substitution,2pt missed,,,,1626170|200765|202397|202694|202699|202703|202710|203083|203484|203530,202397|202694|202699|203083|203484,1626170|200765|202703|202710|203530,,,1610612765.0,21601061,True
2,PT03M36.00S,03:36,Q2 03:36,27.6,204,2pt,MISS Harris 5' Driving Floating Jump Shot,['pointsinthepaint'],Harris,0,0,Missed,True,False,202699.0,,substitution,rebound,,,,1626170|200765|202397|202694|202699|202703|202710|203083|203484|203530,202397|202694|202699|203083|203484,1626170|200765|202703|202710|203530,2.0,51.0,1610612765.0,21601061,True
2,PT03M35.00S,03:35,Q2 03:35,27.583333333333332,205,rebound,Harris REBOUND (Off:1 Def:1),[],Harris,0,0,,False,False,202699.0,,2pt missed,2pt made,,,,1626170|200765|202397|202694|202699|202703|202710|203083|203484|203530,202397|202694|202699|203083|203484,1626170|200765|202703|202710|203530,,,1610612765.0,21601061,True
2,PT03M35.00S,03:35,Q2 03:35,27.583333333333332,206,2pt,Harris 4' Jump Shot (6 PTS),['pointsinthepaint'],Harris,50,43,Made,True,False,202699.0,,rebound,foul,,,,1626170|200765|202397|202694|202699|202703|202710|203083|203484|203530,202397|202694|202699|203083|203484,1626170|200765|202703|202710|203530,-1.0,38.0,1610612765.0,21601061,True
2,PT03M35.00S,03:35,Q2 03:35,27.583333333333332,207,foul,Lauvergne S.FOUL (P1.T4) (T.Brown),[],Lauvergne,0,0,,False,False,203530.0,,2pt made,freethrow,202699.0,,,1626170|200765|202397|202694|202699|202703|202710|203083|203484|203530,1626170|200765|202703|202710|203530,202397|202694|202699|203083|203484,,,1610612741.0,21601061,True
2,PT03M35.00S,03:35,Q2 03:35,27.583333333333332,208,freethrow,Harris Free Throw 1 of 1 (7 PTS),[],Harris,50,44,Made,False,False,202699.0,,foul,turnover,,,,1626170|200765|202397|202694|202699|202703|202710|203083|203484|203530,202397|202694|202699|203083|203484,1626170|200765|202703|202710|203530,,,1610612765.0,21601061,True
2,PT03M23.00S,03:23,Q2 03:23,27.383333333333333,210,turnover,Rondo Bad Pass Turnover (P1.T5),[],Rondo,0,0,,False,False,200765.0,,freethrow,steal,,,,1626170|200765|202397|202694|202699|202703|202710|203083|203484|203530,1626170|200765|202703|202710|203530,202397|202694|202699|203083|203484,,,1610612741.0,21601061,True
2,PT03M23.00S,03:23,Q2 03:23,27.383333333333333,210,steal,Harris STEAL (1 STL),[],Harris,0,0,,False,False,202699.0,,turnover,2pt made,,202699.0,,1626170|200765|202397|202694|202699|202703|202710|203083|203484|203530,202397|202694|202699|203083|203484,1626170|200765|202703|202710|203530,,,1610612765.0,21601061,True
2,PT03M13.00S,03:13,Q2 03:13,27.21666666666667,211,2pt,Marc Morris 20' Pullup Jump Shot (6 PTS) (Smith 4 AST),[],Morris Sr.,50,46,Made,True,True,202694.0,202397.0,steal,foul,,,,1626170|200765|202397|202694|202699|202703|202710|203083|203484|203530,202397|202694|202699|203083|203484,1626170|200765|202703|202710|203530,-173.0,95.0,1610612765.0,21601061,True
2,PT03M13.00S,03:13,Q2 03:13,27.21666666666667,212,foul,Harris L.B.FOUL (P1.PN) (M.McCutchen),['inpenalty'],Harris,0,0,,False,False,202699.0,,2pt made,freethrow,1626170.0,,,1626170|200765|202397|202694|202699|202703|202710|203083|203484|203530,202397|202694|202699|203083|203484,1626170|200765|202703|202710|203530,,,1610612765.0,21601061,True
2,PT03M13.00S,03:13,Q2 03:13,27.21666666666667,213,freethrow,Grant Free Throw 1 of 2 (3 PTS),[],Grant,51,46,Made,False,False,1626170.0,,foul,freethrow,,,,1626170|200765|202397|202694|202699|202703|202710|203083|203484|203530,1626170|200765|202703|202710|203530,202397|202694|202699|203083|203484,,,1610612741.0,21601061,True
2,PT03M13.00S,03:13,Q2 03:13,27.21666666666667,215,freethrow,Grant Free Throw 2 of 2 (4 PTS),[],Grant,52,46,Made,False,False,1626170.0,,freethrow,2pt missed,,,,1626170|200765|202397|202694|202699|202703|202710|203083|203484|203530,1626170|200765|202703|202710|203530,202397|202694|202699|203083|203484,,,1610612741.0,21601061,True
2,PT03M02.00S,03:02,Q2 03:02,27.03333333333333,218,2pt,MISS Drummond 1' Layup,['pointsinthepaint'],Drummond,0,0,Missed,True,False,203083.0,,freethrow,rebound,,,,1626170|200765|202397|202694|202699|202703|202710|203083|203484|203530,202397|202694|202699|203083|203484,1626170|200765|202703|202710|203530,0.0,11.0,1610612765.0,21601061,True
2,PT03M01.00S,03:01,Q2 03:01,27.016666666666666,219,rebound,Lauvergne REBOUND (Off:1 Def:4),[],Lauvergne,0,0,,False,False,203530.0,,2pt missed,3pt missed,,,,1626170|200765|202397|202694|202699|202703|202710|203083|203484|203530,1626170|200765|202703|202710|203530,202397|202694|202699|203083|203484,,,1610612741.0,21601061,True
2,PT02M52.00S,02:52,Q2 02:52,26.866666666666667,220,3pt,MISS Grant 26' 3PT Jump Shot,[],Grant,0,0,Missed,True,False,1626170.0,,rebound,rebound,,,,1626170|200765|202397|202694|202699|202703|202710|203083|203484|203530,1626170|200765|202703|202710|203530,202397|202694|202699|203083|203484,135.0,218.0,1610612741.0,21601061,True
2,PT02M51.00S,02:51,Q2 02:51,26.85,221,rebound,Harris REBOUND (Off:1 Def:2),[],Harris,0,0,,False,False,202699.0,,3pt missed,2pt missed,,,,1626170|200765|202397|202694|202699|202703|202710|203083|203484|203530,202397|202694|202699|203083|203484,1626170|200765|202703|202710|203530,,,1610612765.0,21601061,True
2,PT02M44.00S,02:44,Q2 02:44,26.733333333333334,222,2pt,MISS Smith 2' Driving Layup,['pointsinthepaint'],Smith,0,0,Missed,True,False,202397.0,,rebound,rebound,,,,1626170|200765|202397|202694|202699|202703|202710|203083|203484|203530,202397|202694|202699|203083|203484,1626170|200765|202703|202710|203530,9.0,16.0,1610612765.0,21601061,True
2,PT02M43.00S,02:43,Q2 02:43,26.71666666666667,223,rebound,Grant REBOUND (Off:0 Def:1),[],Grant,0,0,,False,False,1626170.0,,2pt missed,turnover,,,,1626170|200765|202397|202694|202699|202703|202710|203083|203484|203530,1626170|200765|202703|202710|203530,202397|202694|202699|203083|203484,,,1610612741.0,21601061,True
2,PT02M38.00S,02:38,Q2 02:38,26.633333333333333,224,turnover,Rondo Lost Ball Turnover (P2.T6),[],Rondo,0,0,,False,False,200765.0,,rebound,steal,,,,1626170|200765|202397|202694|202699|202703|202710|203083|203484|203530,1626170|200765|202703|202710|203530,202397|202694|202699|203083|203484,,,1610612741.0,21601061,True
2,PT02M38.00S,02:38,Q2 02:38,26.633333333333333,224,steal,Smith STEAL (3 STL),[],Smith,0,0,,False,False,202397.0,,turnover,2pt missed,,202397.0,,1626170|200765|202397|202694|202699|202703|202710|203083|203484|203530,202397|202694|202699|203083|203484,1626170|200765|202703|202710|203530,,,1610612765.0,21601061,True
2,PT02M32.00S,02:32,Q2 02:32,26.53333333333333,225,2pt,MISS Harris 2' Running Layup,['pointsinthepaint'],Harris,0,0,Missed,True,False,202699.0,,steal,rebound,,,,1626170|200765|202397|202694|202699|202703|202710|203083|203484|203530,202397|202694|202699|203083|203484,1626170|200765|202703|202710|203530,19.0,8.0,1610612765.0,21601061,True
2,PT02M31.00S,02:31,Q2 02:31,26.516666666666666,226,rebound,Butler REBOUND (Off:2 Def:2),[],Butler,0,0,,False,False,202710.0,,2pt missed,3pt made,,,,1626170|200765|202397|202694|202699|202703|202710|203083|203484|203530,1626170|200765|202703|202710|203530,202397|202694|202699|203083|203484,,,1610612741.0,21601061,True
2,PT02M26.00S,02:26,Q2 02:26,26.433333333333334,227,3pt,Mirotic 26' 3PT Jump Shot (9 PTS) (Grant 1 AST),[],Mirotic,55,46,Made,True,True,202703.0,1626170.0,rebound,2pt made,,,,1626170|200765|202397|202694|202699|202703|202710|203083|203484|203530,1626170|200765|202703|202710|203530,202397|202694|202699|203083|203484,-117.0,232.0,1610612741.0,21601061,True
2,PT02M07.00S,02:07,Q2 02:07,26.116666666666667,228,2pt,Smith 20' Fadeaway Jumper (5 PTS),[],Smith,55,48,Made,True,False,202397.0,,3pt made,2pt missed,,,,1626170|200765|202397|202694|202699|202703|202710|203083|203484|203530,202397|202694|202699|203083|203484,1626170|200765|202703|202710|203530,-165.0,115.0,1610612765.0,21601061,True
2,PT01M57.00S,01:57,Q2 01:57,25.95,229,2pt,MISS Rondo 22' Jump Shot,[],Rondo,0,0,Missed,True,False,200765.0,,2pt made,rebound,,,,1626170|200765|202397|202694|202699|202703|202710|203083|203484|203530,1626170|200765|202703|202710|203530,202397|202694|202699|203083|203484,151.0,154.0,1610612741.0,21601061,True
2,PT01M56.00S,01:56,Q2 01:56,25.933333333333334,230,rebound,Drummond REBOUND (Off:3 Def:5),[],Drummond,0,0,,False,False,203083.0,,2pt missed,3pt made,,,,1626170|200765|202397|202694|202699|202703|202710|203083|203484|203530,202397|202694|202699|203083|203484,1626170|200765|202703|202710|203530,,,1610612765.0,21601061,True
2,PT01M50.00S,01:50,Q2 01:50,25.833333333333332,231,3pt,Caldwell-Pope 24' 3PT Jump Shot (3 PTS) (Smith 5 AST),[],Caldwell-Pope,55,51,Made,True,True,203484.0,202397.0,rebound,3pt missed,,,,1626170|200765|202397|202694|202699|202703|202710|203083|203484|203530,202397|202694|202699|203083|203484,1626170|200765|202703|202710|203530,-168.0,178.0,1610612765.0,21601061,True
2,PT01M17.00S,01:17,Q2 01:17,25.28333333333333,232,3pt,MISS Rondo  3PT Jump Shot,[],Rondo,0,0,Missed,True,False,200765.0,,3pt made,rebound,,,,1626170|200765|202397|202694|202699|202703|202710|203083|203484|203530,1626170|200765|202703|202710|203530,202397|202694|202699|203083|203484,228.0,-16.0,1610612741.0,21601061,True
2,PT01M16.00S,01:16,Q2 01:16,25.266666666666666,233,rebound,Drummond REBOUND (Off:3 Def:6),[],Drummond,0,0,,False,False,203083.0,,3pt missed,2pt made,,,,1626170|200765|202397|202694|202699|202703|202710|203083|203484|203530,202397|202694|202699|203083|203484,1626170|200765|202703|202710|203530,,,1610612765.0,21601061,True
2,PT01M02.00S,01:02,Q2 01:02,25.033333333333335,234,2pt,Smith 2' Driving Layup (7 PTS),['pointsinthepaint'],Smith,55,53,Made,True,False,202397.0,,rebound,2pt made,,,,1626170|200765|202397|202694|202699|202703|202710|203083|203484|203530,202397|202694|202699|203083|203484,1626170|200765|202703|202710|203530,22.0,11.0,1610612765.0,21601061,True
2,PT00M44.70S,00:44,Q2 00:44,24.745,235,2pt,Lauvergne 1' Driving Layup (10 PTS) (Butler 7 AST),['pointsinthepaint'],Lauvergne,57,53,Made,True,True,203530.0,202710.0,2pt made,turnover,,,,1626170|200765|202397|202694|202699|202703|202710|203083|203484|203530,1626170|200765|202703|202710|203530,202397|202694|202699|203083|203484,-14.0,2.0,1610612741.0,21601061,True
2,PT00M33.90S,00:33,Q2 00:33,24.565,236,turnover,Marc Morris Bad Pass Turnover (P1.T7),[],Morris Sr.,0,0,,False,False,202694.0,,2pt made,steal,,,,1626170|200765|202397|202694|202699|202703|202710|203083|203484|203530,202397|202694|202699|203083|203484,1626170|200765|202703|202710|203530,,,1610612765.0,21601061,True
2,PT00M33.90S,00:33,Q2 00:33,24.565,236,steal,Mirotic STEAL (2 STL),[],Mirotic,0,0,,False,False,202703.0,,turnover,2pt made,,202703.0,,1626170|200765|202397|202694|202699|202703|202710|203083|203484|203530,1626170|200765|202703|202710|203530,202397|202694|202699|203083|203484,,,1610612741.0,21601061,True
2,PT00M31.30S,00:31,Q2 00:31,24.52166666666667,237,2pt,Mirotic 2' Running Reverse Layup (11 PTS),['pointsinthepaint'],Mirotic,59,53,Made,True,False,202703.0,,steal,2pt missed,,,,1626170|200765|202397|202694|202699|202703|202710|203083|203484|203530,1626170|200765|202703|202710|203530,202397|202694|202699|203083|203484,-19.0,0.0,1610612741.0,21601061,True
2,PT00M12.90S,00:12,Q2 00:12,24.215,239,2pt,MISS Smith 11' Step Back Jump Shot,['pointsinthepaint'],Smith,0,0,Missed,True,False,202397.0,,2pt made,rebound,,,,1626170|200765|202397|202694|202699|202703|202710|203083|203484|203530,202397|202694|202699|203083|203484,1626170|200765|202703|202710|203530,51.0,100.0,1610612765.0,21601061,True
2,PT00M11.60S,00:11,Q2 00:11,24.19333333333333,240,rebound,Butler REBOUND (Off:2 Def:3),[],Butler,0,0,,False,False,202710.0,,2pt missed,3pt missed,,,,1626170|200765|202397|202694|202699|202703|202710|203083|203484|203530,1626170|200765|202703|202710|203530,202397|202694|202699|203083|203484,,,1610612741.0,21601061,True
2,PT00M00.00S,00:00,Q2 00:00,24.0,241,3pt,MISS Lauvergne 24' 3PT Jump Shot,[],Lauvergne,0,0,Missed,True,False,203530.0,,rebound,rebound,,,,1626170|200765|202397|202694|202699|202703|202710|203083|203484|203530,1626170|200765|202703|202710|203530,202397|202694|202699|203083|203484,-240.0,-10.0,1610612741.0,21601061,True
2,PT00M00.00S,00:00,Q2 00:00,24.0,242,rebound,Caldwell-Pope REBOUND (Off:0 Def:1),[],Caldwell-Pope,0,0,,False,False,203484.0,,3pt missed,period,,,,1626170|200765|202397|202694|202699|202703|202710|203083|203484|203530,202397|202694|202699|203083|203484,1626170|200765|202703|202710|203530,,,1610612765.0,21601061,True
2,PT00M00.00S,00:00,Q2 00:00,24.0,243,period,End of 2nd Period (8:59 PM EST),[],,59,53,,False,False,0.0,,rebound,period,,,,1626170|200765|202397|202694|202699|202703|202710|203083|203484|203530,1626170|200765|202703|202710|203530,202397|202694|202699|203083|203484,,,1610612741.0,21601061,True
3,PT12M00.00S,12:00,Q3 12:00,24.0,245,period,Start of 3rd Period (9:16 PM EST),[],,59,53,,False,False,0.0,,period,substitution,,,,1626170|200765|202397|202694|202699|202703|202710|203083|203484|203530,1626170|200765|202703|202710|203530,202397|202694|202699|203083|203484,,,1610612741.0,21601061,True
3,PT11M52.00S,11:52,Q3 11:52,23.866666666666667,246,foul,Drummond P.FOUL (P2.T1) (T.Brown),[],Drummond,0,0,,False,False,203083.0,,substitution,2pt made,202710.0,,,1627835|200765|202397|202694|202699|202703|202710|203083|203484|203530,202397|202694|202699|203083|203484,1627835|200765|202703|202710|203530,,,1610612765.0,21601061,True
3,PT11M38.00S,11:38,Q3 11:38,23.633333333333333,248,2pt,Butler 10' Driving Floating Jump Shot (11 PTS) (Mirotic 1 AST),['pointsinthepaint'],Butler,61,53,Made,True,True,202710.0,202703.0,foul,foul,,,,1627835|200765|202397|202694|202699|202703|202710|203083|203484|203530,1627835|200765|202703|202710|203530,202397|202694|202699|203083|203484,27.0,95.0,1610612741.0,21601061,True
3,PT11M38.00S,11:38,Q3 11:38,23.633333333333333,249,foul,Smith S.FOUL (P3.T2) (S.Twardoski),[],Smith,0,0,,False,False,202397.0,,2pt made,freethrow,202710.0,,,1627835|200765|202397|202694|202699|202703|202710|203083|203484|203530,202397|202694|202699|203083|203484,1627835|200765|202703|202710|203530,,,1610612765.0,21601061,True
3,PT11M38.00S,11:38,Q3 11:38,23.633333333333333,250,freethrow,Butler Free Throw 1 of 1 (12 PTS),[],Butler,62,53,Made,False,False,202710.0,,foul,foul,,,,1627835|200765|202397|202694|202699|202703|202710|203083|203484|203530,1627835|200765|202703|202710|203530,202397|202694|202699|203083|203484,,,1610612741.0,21601061,True
3,PT11M28.00S,11:28,Q3 11:28,23.46666666666667,253,foul,Mirotic P.FOUL (P1.T1) (T.Brown),[],Mirotic,0,0,,False,False,202703.0,,freethrow,2pt missed,202699.0,,,1627835|200765|202397|202694|202699|202703|202710|203083|203484|203530,1627835|200765|202703|202710|203530,202397|202694|202699|203083|203484,,,1610612741.0,21601061,True
3,PT11M16.00S,11:16,Q3 11:16,23.266666666666666,255,2pt,MISS Harris 5' Fadeaway Jumper,['pointsinthepaint'],Harris,0,0,Missed,True,False,202699.0,,foul,rebound,,,,1627835|200765|202397|202694|202699|202703|202710|203083|203484|203530,202397|202694|202699|203083|203484,1627835|200765|202703|202710|203530,2.0,51.0,1610612765.0,21601061,True
3,PT11M15.00S,11:15,Q3 11:15,23.25,256,rebound,Drummond REBOUND (Off:4 Def:6),[],Drummond,0,0,,False,False,203083.0,,2pt missed,foul,,,,1627835|200765|202397|202694|202699|202703|202710|203083|203484|203530,202397|202694|202699|203083|203484,1627835|200765|202703|202710|203530,,,1610612765.0,21601061,True
3,PT11M15.00S,11:15,Q3 11:15,23.25,257,foul,Rondo P.FOUL (P1.T2) (T.Brown),[],Rondo,0,0,,False,False,200765.0,,rebound,2pt missed,203083.0,,,1627835|200765|202397|202694|202699|202703|202710|203083|203484|203530,1627835|200765|202703|202710|203530,202397|202694|202699|203083|203484,,,1610612741.0,21601061,True
3,PT11M05.00S,11:05,Q3 11:05,23.083333333333336,258,2pt,MISS Drummond  Alley Oop Dunk,['pointsinthepaint'],Drummond,0,0,Missed,True,False,203083.0,,foul,rebound,,,,1627835|200765|202397|202694|202699|202703|202710|203083|203484|203530,202397|202694|202699|203083|203484,1627835|200765|202703|202710|203530,0.0,1.0,1610612765.0,21601061,True
3,PT11M03.00S,11:03,Q3 11:03,23.05,259,rebound,Drummond REBOUND (Off:5 Def:6),[],Drummond,0,0,,False,False,203083.0,,2pt missed,2pt missed,,,,1627835|200765|202397|202694|202699|202703|202710|203083|203484|203530,202397|202694|202699|203083|203484,1627835|200765|202703|202710|203530,,,1610612765.0,21601061,True
3,PT11M02.00S,11:02,Q3 11:02,23.03333333333333,260,2pt,MISS Drummond 1' Putback Layup,['pointsinthepaint'],Drummond,0,0,Missed,True,False,203083.0,,rebound,2pt made,,,,1627835|200765|202397|202694|202699|202703|202710|203083|203484|203530,202397|202694|202699|203083|203484,1627835|200765|202703|202710|203530,14.0,2.0,1610612765.0,21601061,True
3,PT11M01.00S,11:01,Q3 11:01,23.016666666666666,261,2pt,Drummond 1' Tip Layup Shot (8 PTS),['pointsinthepaint'],Drummond,62,55,Made,True,False,203083.0,,2pt missed,rebound,,,,1627835|200765|202397|202694|202699|202703|202710|203083|203484|203530,202397|202694|202699|203083|203484,1627835|200765|202703|202710|203530,12.0,7.0,1610612765.0,21601061,True
3,PT11M01.00S,11:01,Q3 11:01,23.016666666666666,262,rebound,Drummond REBOUND (Off:6 Def:6),[],Drummond,0,0,,False,False,203083.0,,2pt made,3pt made,,,,1627835|200765|202397|202694|202699|202703|202710|203083|203484|203530,202397|202694|202699|203083|203484,1627835|200765|202703|202710|203530,,,1610612765.0,21601061,True
3,PT10M41.00S,10:41,Q3 10:41,22.683333333333334,263,3pt,Mirotic  3PT Jump Shot (14 PTS) (Rondo 4 AST),[],Mirotic,65,55,Made,True,True,202703.0,200765.0,rebound,3pt missed,,,,1627835|200765|202397|202694|202699|202703|202710|203083|203484|203530,1627835|200765|202703|202710|203530,202397|202694|202699|203083|203484,228.0,-5.0,1610612741.0,21601061,True
3,PT10M24.00S,10:24,Q3 10:24,22.4,264,3pt,MISS Marc Morris 25' 3PT Jump Shot,[],Morris Sr.,0,0,Missed,True,False,202694.0,,3pt made,rebound,,,,1627835|200765|202397|202694|202699|202703|202710|203083|203484|203530,202397|202694|202699|203083|203484,1627835|200765|202703|202710|203530,24.0,247.0,1610612765.0,21601061,True
3,PT10M23.00S,10:23,Q3 10:23,22.383333333333333,265,rebound,Lauvergne REBOUND (Off:1 Def:5),[],Lauvergne,0,0,,False,False,203530.0,,3pt missed,foul,,,,1627835|200765|202397|202694|202699|202703|202710|203083|203484|203530,1627835|200765|202703|202710|203530,202397|202694|202699|203083|203484,,,1610612741.0,21601061,True
3,PT10M14.00S,10:14,Q3 10:14,22.233333333333334,266,foul,Smith S.FOUL (P4.T3) (T.Brown),[],Smith,0,0,,False,False,202397.0,,rebound,freethrow,1627835.0,,,1627835|200765|202397|202694|202699|202703|202710|203083|203484|203530,202397|202694|202699|203083|203484,1627835|200765|202703|202710|203530,,,1610612765.0,21601061,True
3,PT10M14.00S,10:14,Q3 10:14,22.233333333333334,268,freethrow,MISS Zipser Free Throw 1 of 2,[],Zipser,0,0,Missed,False,False,1627835.0,,foul,rebound,,,,1627835|200765|202397|202694|202699|202703|202710|203083|203484|203530,1627835|200765|202703|202710|203530,202397|202694|202699|203083|203484,,,1610612741.0,21601061,True
3,PT10M14.00S,10:14,Q3 10:14,22.233333333333334,269,rebound,TEAM offensive REBOUND,['team'],,0,0,,False,False,0.0,,freethrow,freethrow,,,,1627835|200765|202397|202694|202699|202703|202710|203083|203484|203530,1627835|200765|202703|202710|203530,202397|202694|202699|203083|203484,,,1610612741.0,21601061,True
3,PT10M14.00S,10:14,Q3 10:14,22.233333333333334,271,freethrow,Zipser Free Throw 2 of 2 (10 PTS),[],Zipser,66,55,Made,False,False,1627835.0,,rebound,substitution,,,,1627835|200765|202397|202694|202699|202703|202710|203083|203484|203530,1627835|200765|202703|202710|203530,202397|202694|202699|203083|203484,,,1610612741.0,21601061,True
3,PT10M14.00S,10:14,Q3 10:14,22.233333333333334,270,substitution,SUB out: I. Smith,[],Smith,0,0,,False,False,202397.0,,freethrow,substitution,,,,1627835|200765|202694|202699|202703|202710|203083|203484|203530,202694|202699|203083|203484,1627835|200765|202703|202710|203530,,,1610612765.0,21601061,False
3,PT10M14.00S,10:14,Q3 10:14,22.233333333333334,271,substitution,SUB in: R. Jackson,[],Jackson,0,0,,False,False,202704.0,,substitution,2pt missed,,,,1627835|200765|202694|202699|202703|202704|202710|203083|203484|203530,202694|202699|202704|203083|203484,1627835|200765|202703|202710|203530,,,1610612765.0,21601061,True
3,PT09M57.00S,09:57,Q3 09:57,21.95,274,2pt,MISS Drummond 8' Turnaround Hook Shot,[],Drummond,0,0,Missed,True,False,203083.0,,substitution,rebound,,,,1627835|200765|202694|202699|202703|202704|202710|203083|203484|203530,202694|202699|202704|203083|203484,1627835|200765|202703|202710|203530,82.0,7.0,1610612765.0,21601061,True
3,PT09M56.00S,09:56,Q3 09:56,21.933333333333334,275,rebound,Mirotic REBOUND (Off:1 Def:3),[],Mirotic,0,0,,False,False,202703.0,,2pt missed,2pt missed,,,,1627835|200765|202694|202699|202703|202704|202710|203083|203484|203530,1627835|200765|202703|202710|203530,202694|202699|202704|203083|203484,,,1610612741.0,21601061,True
3,PT09M35.00S,09:35,Q3 09:35,21.583333333333336,276,2pt,MISS Zipser 3' Driving Layup,['pointsinthepaint'],Zipser,0,0,Missed,True,False,1627835.0,,rebound,block,,,,1627835|200765|202694|202699|202703|202704|202710|203083|203484|203530,1627835|200765|202703|202710|203530,202694|202699|202704|203083|203484,0.0,26.0,1610612741.0,21601061,True
3,PT09M35.00S,09:35,Q3 09:35,21.583333333333336,276,block,Drummond BLOCK (1 BLK),[],Drummond,0,0,,False,False,203083.0,,2pt missed,2pt made,,,203083.0,1627835|200765|202694|202699|202703|202704|202710|203083|203484|203530,202694|202699|202704|203083|203484,1627835|200765|202703|202710|203530,,,1610612765.0,21601061,True
3,PT09M34.00S,09:34,Q3 09:34,21.566666666666666,277,2pt,Zipser 1' Putback Layup (12 PTS),['pointsinthepaint'],Zipser,68,55,Made,True,False,1627835.0,,block,rebound,,,,1627835|200765|202694|202699|202703|202704|202710|203083|203484|203530,1627835|200765|202703|202710|203530,202694|202699|202704|203083|203484,1.0,11.0,1610612741.0,21601061,True
3,PT09M34.00S,09:34,Q3 09:34,21.566666666666666,278,rebound,Zipser REBOUND (Off:1 Def:2),[],Zipser,0,0,,False,False,1627835.0,,2pt made,foul,,,,1627835|200765|202694|202699|202703|202704|202710|203083|203484|203530,1627835|200765|202703|202710|203530,202694|202699|202704|203083|203484,,,1610612741.0,21601061,True
3,PT09M19.00S,09:19,Q3 09:19,21.316666666666666,279,foul,Rondo S.FOUL (P2.T3) (M.McCutchen),[],Rondo,0,0,,False,False,200765.0,,rebound,freethrow,203083.0,,,1627835|200765|202694|202699|202703|202704|202710|203083|203484|203530,1627835|200765|202703|202710|203530,202694|202699|202704|203083|203484,,,1610612741.0,21601061,True
3,PT09M19.00S,09:19,Q3 09:19,21.316666666666666,280,freethrow,MISS Drummond Free Throw 1 of 2,[],Drummond,0,0,Missed,False,False,203083.0,,foul,rebound,,,,1627835|200765|202694|202699|202703|202704|202710|203083|203484|203530,202694|202699|202704|203083|203484,1627835|200765|202703|202710|203530,,,1610612765.0,21601061,True
3,PT09M19.00S,09:19,Q3 09:19,21.316666666666666,281,rebound,TEAM offensive REBOUND,['team'],,0,0,,False,False,0.0,,freethrow,freethrow,,,,1627835|200765|202694|202699|202703|202704|202710|203083|203484|203530,202694|202699|202704|203083|203484,1627835|200765|202703|202710|203530,,,1610612765.0,21601061,True
3,PT09M19.00S,09:19,Q3 09:19,21.316666666666666,282,freethrow,MISS Drummond Free Throw 2 of 2,['2ndchance'],Drummond,0,0,Missed,False,False,203083.0,,rebound,rebound,,,,1627835|200765|202694|202699|202703|202704|202710|203083|203484|203530,202694|202699|202704|203083|203484,1627835|200765|202703|202710|203530,,,1610612765.0,21601061,True
3,PT09M16.00S,09:16,Q3 09:16,21.266666666666666,284,rebound,TEAM defensive REBOUND,['team'],,0,0,,False,False,0.0,,freethrow,2pt made,,,,1627835|200765|202694|202699|202703|202704|202710|203083|203484|203530,1627835|200765|202703|202710|203530,202694|202699|202704|203083|203484,,,1610612741.0,21601061,True
3,PT08M59.00S,08:59,Q3 08:59,20.983333333333334,285,2pt,Mirotic 4' Driving Floating Jump Shot (16 PTS) (Lauvergne 3 AST),['pointsinthepaint'],Mirotic,70,55,Made,True,True,202703.0,203530.0,rebound,timeout,,,,1627835|200765|202694|202699|202703|202704|202710|203083|203484|203530,1627835|200765|202703|202710|203530,202694|202699|202704|203083|203484,-37.0,13.0,1610612741.0,21601061,True
3,PT08M58.00S,08:58,Q3 08:58,20.96666666666667,286,timeout,Pistons Timeout: Regular (Reg.2 Short 1),[],,0,0,,False,False,0.0,,2pt made,turnover,,,,1627835|200765|202694|202699|202703|202704|202710|203083|203484|203530,202694|202699|202704|203083|203484,1627835|200765|202703|202710|203530,,,1610612765.0,21601061,True
3,PT08M48.00S,08:48,Q3 08:48,20.8,288,turnover,Harris Out of Bounds Lost Ball Turnover (P3.T8),[],Harris,0,0,,False,False,202699.0,,timeout,turnover,,,,1627835|200765|202694|202699|202703|202704|202710|203083|203484|203530,202694|202699|202704|203083|203484,1627835|200765|202703|202710|203530,,,1610612765.0,21601061,True
3,PT08M30.00S,08:30,Q3 08:30,20.5,289,turnover,Lauvergne 3 Second Violation Turnover (P1.T7),[],Lauvergne,0,0,,False,False,203530.0,,turnover,foul,,,,1627835|200765|202694|202699|202703|202704|202710|203083|203484|203530,1627835|200765|202703|202710|203530,202694|202699|202704|203083|203484,,,1610612741.0,21601061,True
3,PT08M17.00S,08:17,Q3 08:17,20.28333333333333,291,foul,Butler P.FOUL (P1.T4) (T.Brown),[],Butler,0,0,,False,False,202710.0,,turnover,3pt missed,202704.0,,,1627835|200765|202694|202699|202703|202704|202710|203083|203484|203530,1627835|200765|202703|202710|203530,202694|202699|202704|203083|203484,,,1610612741.0,21601061,True
3,PT08M06.00S,08:06,Q3 08:06,20.1,292,3pt,MISS Jackson  3PT Jump Shot,[],Jackson,0,0,Missed,True,False,202704.0,,foul,rebound,,,,1627835|200765|202694|202699|202703|202704|202710|203083|203484|203530,202694|202699|202704|203083|203484,1627835|200765|202703|202710|203530,-230.0,-16.0,1610612765.0,21601061,True
3,PT08M05.00S,08:05,Q3 08:05,20.083333333333336,293,rebound,Lauvergne REBOUND (Off:1 Def:6),[],Lauvergne,0,0,,False,False,203530.0,,3pt missed,2pt made,,,,1627835|200765|202694|202699|202703|202704|202710|203083|203484|203530,1627835|200765|202703|202710|203530,202694|202699|202704|203083|203484,,,1610612741.0,21601061,True
3,PT07M57.00S,07:57,Q3 07:57,19.95,294,2pt,Butler 2' Reverse Layup (14 PTS) (Rondo 5 AST),['pointsinthepaint'],Butler,72,55,Made,True,True,202710.0,200765.0,rebound,turnover,,,,1627835|200765|202694|202699|202703|202704|202710|203083|203484|203530,1627835|200765|202703|202710|203530,202694|202699|202704|203083|203484,19.0,2.0,1610612741.0,21601061,True
3,PT07M44.00S,07:44,Q3 07:44,19.733333333333334,295,turnover,Jackson Out of Bounds - Bad Pass Turnover Turnover (P2.T9),[],Jackson,0,0,,False,False,202704.0,,2pt made,substitution,,,,1627835|200765|202694|202699|202703|202704|202710|203083|203484|203530,202694|202699|202704|203083|203484,1627835|200765|202703|202710|203530,,,1610612765.0,21601061,True
3,PT07M44.00S,07:44,Q3 07:44,19.733333333333334,296,substitution,SUB out: M. Morris Sr.,[],Morris Sr.,0,0,,False,False,202694.0,,turnover,substitution,,,,1627835|200765|202699|202703|202704|202710|203083|203484|203530,202699|202704|203083|203484,1627835|200765|202703|202710|203530,,,1610612765.0,21601061,False
3,PT07M44.00S,07:44,Q3 07:44,19.733333333333334,297,substitution,SUB in: S. Johnson,[],Johnson,0,0,,False,False,1626169.0,,substitution,2pt made,,,,1626169|1627835|200765|202699|202703|202704|202710|203083|203484|203530,1626169|202699|202704|203083|203484,1627835|200765|202703|202710|203530,,,1610612765.0,21601061,True
3,PT07M23.00S,07:23,Q3 07:23,19.383333333333333,297,2pt,Lauvergne 8' Turnaround Hook Shot (12 PTS) (Rondo 6 AST),['pointsinthepaint'],Lauvergne,74,55,Made,True,True,203530.0,200765.0,substitution,2pt missed,,,,1626169|1627835|200765|202699|202703|202704|202710|203083|203484|203530,1627835|200765|202703|202710|203530,1626169|202699|202704|203083|203484,78.0,16.0,1610612741.0,21601061,True
3,PT07M04.00S,07:04,Q3 07:04,19.066666666666666,298,2pt,MISS Johnson 11' Driving Floating Bank Jump Shot,['pointsinthepaint'],Johnson,0,0,Missed,True,False,1626169.0,,2pt made,rebound,,,,1626169|1627835|200765|202699|202703|202704|202710|203083|203484|203530,1626169|202699|202704|203083|203484,1627835|200765|202703|202710|203530,79.0,70.0,1610612765.0,21601061,True
3,PT07M03.00S,07:03,Q3 07:03,19.05,299,rebound,TEAM offensive REBOUND,['team'],,0,0,,False,False,0.0,,2pt missed,2pt made,,,,1626169|1627835|200765|202699|202703|202704|202710|203083|203484|203530,1626169|202699|202704|203083|203484,1627835|200765|202703|202710|203530,,,1610612765.0,21601061,True
3,PT06M49.00S,06:49,Q3 06:49,18.816666666666666,300,2pt,Johnson 13' Jump Shot (10 PTS) (Harris 2 AST),"['2ndchance', 'pointsinthepaint']",Johnson,74,57,Made,True,True,1626169.0,202699.0,rebound,2pt missed,,,,1626169|1627835|200765|202699|202703|202704|202710|203083|203484|203530,1626169|202699|202704|203083|203484,1627835|200765|202703|202710|203530,53.0,115.0,1610612765.0,21601061,True
3,PT06M27.00S,06:27,Q3 06:27,18.45,301,2pt,MISS Lauvergne 12' Jump Shot,['pointsinthepaint'],Lauvergne,0,0,Missed,True,False,203530.0,,2pt made,rebound,,,,1626169|1627835|200765|202699|202703|202704|202710|203083|203484|203530,1627835|200765|202703|202710|203530,1626169|202699|202704|203083|203484,33.0,116.0,1610612741.0,21601061,True
3,PT06M26.00S,06:26,Q3 06:26,18.433333333333334,302,rebound,Drummond REBOUND (Off:6 Def:7),[],Drummond,0,0,,False,False,203083.0,,2pt missed,2pt made,,,,1626169|1627835|200765|202699|202703|202704|202710|203083|203484|203530,1626169|202699|202704|203083|203484,1627835|200765|202703|202710|203530,,,1610612765.0,21601061,True
3,PT06M20.00S,06:20,Q3 06:20,18.333333333333332,303,2pt,Harris 2' Driving Reverse Layup (9 PTS) (Jackson 4 AST),['pointsinthepaint'],Harris,74,59,Made,True,True,202699.0,202704.0,rebound,turnover,,,,1626169|1627835|200765|202699|202703|202704|202710|203083|203484|203530,1626169|202699|202704|203083|203484,1627835|200765|202703|202710|203530,15.0,7.0,1610612765.0,21601061,True
3,PT06M07.00S,06:07,Q3 06:07,18.116666666666667,304,turnover,Zipser Lost Ball Turnover (P1.T8),[],Zipser,0,0,,False,False,1627835.0,,2pt made,steal,,,,1626169|1627835|200765|202699|202703|202704|202710|203083|203484|203530,1627835|200765|202703|202710|203530,1626169|202699|202704|203083|203484,,,1610612741.0,21601061,True
3,PT06M07.00S,06:07,Q3 06:07,18.116666666666667,304,steal,Caldwell-Pope STEAL (1 STL),[],Caldwell-Pope,0,0,,False,False,203484.0,,turnover,3pt missed,,203484.0,,1626169|1627835|200765|202699|202703|202704|202710|203083|203484|203530,1626169|202699|202704|203083|203484,1627835|200765|202703|202710|203530,,,1610612765.0,21601061,True
3,PT06M03.00S,06:03,Q3 06:03,18.05,305,3pt,MISS Caldwell-Pope 25' 3PT Jump Shot,[],Caldwell-Pope,0,0,Missed,True,False,203484.0,,steal,rebound,,,,1626169|1627835|200765|202699|202703|202704|202710|203083|203484|203530,1626169|202699|202704|203083|203484,1627835|200765|202703|202710|203530,-155.0,193.0,1610612765.0,21601061,True
3,PT06M03.00S,06:03,Q3 06:03,18.05,306,rebound,TEAM defensive REBOUND,['team'],,0,0,,False,False,0.0,,3pt missed,foul,,,,1626169|1627835|200765|202699|202703|202704|202710|203083|203484|203530,1627835|200765|202703|202710|203530,1626169|202699|202704|203083|203484,,,1610612741.0,21601061,True
3,PT06M03.00S,06:03,Q3 06:03,18.05,307,foul,Drummond L.B.FOUL (P3.T4) (T.Brown),[],Drummond,0,0,,False,False,203083.0,,rebound,substitution,1627756.0,,,1626169|1627835|200765|202699|202703|202704|202710|203083|203484|203530,1626169|202699|202704|203083|203484,1627835|200765|202703|202710|203530,,,1610612765.0,21601061,True
3,PT06M03.00S,06:03,Q3 06:03,18.05,309,substitution,SUB out: P. Zipser,[],Zipser,0,0,,False,False,1627835.0,,foul,substitution,,,,1626169|200765|202699|202703|202704|202710|203083|203484|203530,200765|202703|202710|203530,1626169|202699|202704|203083|203484,,,1610612741.0,21601061,False
3,PT06M03.00S,06:03,Q3 06:03,18.05,310,substitution,SUB out: A. Drummond,[],Drummond,0,0,,False,False,203083.0,,substitution,substitution,,,,1626169|200765|202699|202703|202704|202710|203484|203530,1626169|202699|202704|203484,200765|202703|202710|203530,,,1610612765.0,21601061,False
3,PT06M03.00S,06:03,Q3 06:03,18.05,311,substitution,SUB in: D. Valentine,[],Valentine,0,0,,False,False,1627756.0,,substitution,substitution,,,,1626169|1627756|200765|202699|202703|202704|202710|203484|203530,1627756|200765|202703|202710|203530,1626169|202699|202704|203484,,,1610612741.0,21601061,False
3,PT06M03.00S,06:03,Q3 06:03,18.05,312,substitution,SUB in: A. Baynes,[],Baynes,0,0,,False,False,203382.0,,substitution,3pt made,,,,1626169|1627756|200765|202699|202703|202704|202710|203382|203484|203530,1626169|202699|202704|203382|203484,1627756|200765|202703|202710|203530,,,1610612765.0,21601061,True
3,PT05M44.00S,05:44,Q3 05:44,17.733333333333334,311,3pt,Valentine 25' 3PT Jump Shot (8 PTS) (Rondo 7 AST),[],Valentine,77,59,Made,True,True,1627756.0,200765.0,substitution,2pt made,,,,1626169|1627756|200765|202699|202703|202704|202710|203382|203484|203530,1627756|200765|202703|202710|203530,1626169|202699|202704|203382|203484,74.0,237.0,1610612741.0,21601061,True
3,PT05M27.00S,05:27,Q3 05:27,17.45,312,2pt,Caldwell-Pope 16' Driving Floating Jump Shot (5 PTS),[],Caldwell-Pope,77,61,Made,True,False,203484.0,,3pt made,2pt made,,,,1626169|1627756|200765|202699|202703|202704|202710|203382|203484|203530,1626169|202699|202704|203382|203484,1627756|200765|202703|202710|203530,105.0,120.0,1610612765.0,21601061,True
3,PT05M07.00S,05:07,Q3 05:07,17.116666666666667,314,2pt,Mirotic 20' Pullup Jump Shot (18 PTS) (Rondo 8 AST),[],Mirotic,79,61,Made,True,True,202703.0,200765.0,2pt made,turnover,,,,1626169|1627756|200765|202699|202703|202704|202710|203382|203484|203530,1627756|200765|202703|202710|203530,1626169|202699|202704|203382|203484,-184.0,85.0,1610612741.0,21601061,True
3,PT04M53.00S,04:53,Q3 04:53,16.883333333333333,315,turnover,Caldwell-Pope Lost Ball Turnover (P2.T10),[],Caldwell-Pope,0,0,,False,False,203484.0,,2pt made,steal,,,,1626169|1627756|200765|202699|202703|202704|202710|203382|203484|203530,1626169|202699|202704|203382|203484,1627756|200765|202703|202710|203530,,,1610612765.0,21601061,True
3,PT04M53.00S,04:53,Q3 04:53,16.883333333333333,315,steal,Rondo STEAL (1 STL),[],Rondo,0,0,,False,False,200765.0,,turnover,foul,,200765.0,,1626169|1627756|200765|202699|202703|202704|202710|203382|203484|203530,1627756|200765|202703|202710|203530,1626169|202699|202704|203382|203484,,,1610612741.0,21601061,True
3,PT04M48.00S,04:48,Q3 04:48,16.8,316,foul,Caldwell-Pope S.FOUL (P2.PN) (S.Twardoski),['inpenalty'],Caldwell-Pope,0,0,,False,False,203484.0,,steal,freethrow,202710.0,,,1626169|1627756|200765|202699|202703|202704|202710|203382|203484|203530,1626169|202699|202704|203382|203484,1627756|200765|202703|202710|203530,,,1610612765.0,21601061,True
3,PT04M48.00S,04:48,Q3 04:48,16.8,318,freethrow,Butler Free Throw 1 of 2 (15 PTS),[],Butler,80,61,Made,False,False,202710.0,,foul,freethrow,,,,1626169|1627756|200765|202699|202703|202704|202710|203382|203484|203530,1627756|200765|202703|202710|203530,1626169|202699|202704|203382|203484,,,1610612741.0,21601061,True
3,PT04M48.00S,04:48,Q3 04:48,16.8,323,freethrow,Butler Free Throw 2 of 2 (16 PTS),[],Butler,81,61,Made,False,False,202710.0,,freethrow,substitution,,,,1626169|1627756|200765|202699|202703|202704|202710|203382|203484|203530,1627756|200765|202703|202710|203530,1626169|202699|202704|203382|203484,,,1610612741.0,21601061,True
3,PT04M48.00S,04:48,Q3 04:48,16.8,320,substitution,SUB out: J. Lauvergne,[],Lauvergne,0,0,,False,False,203530.0,,freethrow,substitution,,,,1626169|1627756|200765|202699|202703|202704|202710|203382|203484,1627756|200765|202703|202710,1626169|202699|202704|203382|203484,,,1610612741.0,21601061,False
3,PT04M48.00S,04:48,Q3 04:48,16.8,321,substitution,SUB out: T. Harris,[],Harris,0,0,,False,False,202699.0,,substitution,substitution,,,,1626169|1627756|200765|202703|202704|202710|203382|203484,1626169|202704|203382|203484,1627756|200765|202703|202710,,,1610612765.0,21601061,False
3,PT04M48.00S,04:48,Q3 04:48,16.8,322,substitution,SUB out: K. Caldwell-Pope,[],Caldwell-Pope,0,0,,False,False,203484.0,,substitution,substitution,,,,1626169|1627756|200765|202703|202704|202710|203382,1626169|202704|203382,1627756|200765|202703|202710,,,1610612765.0,21601061,False
3,PT04M48.00S,04:48,Q3 04:48,16.8,323,substitution,SUB in: B. Portis,[],Portis,0,0,,False,False,1626171.0,,substitution,substitution,,,,1626169|1626171|1627756|200765|202703|202704|202710|203382,1626171|1627756|200765|202703|202710,1626169|202704|203382,,,1610612741.0,21601061,False
3,PT04M48.00S,04:48,Q3 04:48,16.8,324,substitution,SUB in: R. Bullock Jr.,[],Bullock Jr.,0,0,,False,False,203493.0,,substitution,substitution,,,,1626169|1626171|1627756|200765|202703|202704|202710|203382|203493,1626169|202704|203382|203493,1626171|1627756|200765|202703|202710,,,1610612765.0,21601061,False
3,PT04M48.00S,04:48,Q3 04:48,16.8,325,substitution,SUB in: J. Leuer,[],Leuer,0,0,,False,False,202720.0,,substitution,2pt missed,,,,1626169|1626171|1627756|200765|202703|202704|202710|202720|203382|203493,1626169|202704|202720|203382|203493,1626171|1627756|200765|202703|202710,,,1610612765.0,21601061,True
3,PT04M36.00S,04:36,Q3 04:36,16.6,326,2pt,MISS Leuer 20' Jump Shot,[],Leuer,0,0,Missed,True,False,202720.0,,substitution,rebound,,,,1626169|1626171|1627756|200765|202703|202704|202710|202720|203382|203493,1626169|202704|202720|203382|203493,1626171|1627756|200765|202703|202710,-127.0,160.0,1610612765.0,21601061,True
3,PT04M35.00S,04:35,Q3 04:35,16.583333333333332,327,rebound,Baynes REBOUND (Off:1 Def:1),[],Baynes,0,0,,False,False,203382.0,,2pt missed,2pt made,,,,1626169|1626171|1627756|200765|202703|202704|202710|202720|203382|203493,1626169|202704|202720|203382|203493,1626171|1627756|200765|202703|202710,,,1610612765.0,21601061,True
3,PT04M30.00S,04:30,Q3 04:30,16.5,328,2pt,Jackson 2' Driving Reverse Layup (4 PTS) (Baynes 1 AST),['pointsinthepaint'],Jackson,81,63,Made,True,True,202704.0,203382.0,rebound,3pt missed,,,,1626169|1626171|1627756|200765|202703|202704|202710|202720|203382|203493,1626169|202704|202720|203382|203493,1626171|1627756|200765|202703|202710,-17.0,7.0,1610612765.0,21601061,True
3,PT04M19.00S,04:19,Q3 04:19,16.316666666666666,329,3pt,MISS Valentine 25' 3PT Jump Shot,[],Valentine,0,0,Missed,True,False,1627756.0,,2pt made,rebound,,,,1626169|1626171|1627756|200765|202703|202704|202710|202720|203382|203493,1626171|1627756|200765|202703|202710,1626169|202704|202720|203382|203493,-66.0,242.0,1610612741.0,21601061,True
3,PT04M18.00S,04:18,Q3 04:18,16.3,330,rebound,Johnson REBOUND (Off:0 Def:3),[],Johnson,0,0,,False,False,1626169.0,,3pt missed,2pt made,,,,1626169|1626171|1627756|200765|202703|202704|202710|202720|203382|203493,1626169|202704|202720|203382|203493,1626171|1627756|200765|202703|202710,,,1610612765.0,21601061,True
3,PT04M12.00S,04:12,Q3 04:12,16.2,331,2pt,Johnson 6' Running Pull-Up Jump Shot (12 PTS),['pointsinthepaint'],Johnson,81,65,Made,True,False,1626169.0,,rebound,timeout,,,,1626169|1626171|1627756|200765|202703|202704|202710|202720|203382|203493,1626169|202704|202720|203382|203493,1626171|1627756|200765|202703|202710,48.0,31.0,1610612765.0,21601061,True
3,PT04M12.00S,04:12,Q3 04:12,16.2,332,timeout,BULLS Timeout: Regular (Full 3 Short 1),[],,0,0,,False,False,0.0,,2pt made,3pt missed,,,,1626169|1626171|1627756|200765|202703|202704|202710|202720|203382|203493,1626171|1627756|200765|202703|202710,1626169|202704|202720|203382|203493,,,1610612741.0,21601061,True
3,PT03M57.00S,03:57,Q3 03:57,15.95,334,3pt,MISS Mirotic 26' 3PT Jump Shot,[],Mirotic,0,0,Missed,True,False,202703.0,,timeout,rebound,,,,1626169|1626171|1627756|200765|202703|202704|202710|202720|203382|203493,1626171|1627756|200765|202703|202710,1626169|202704|202720|203382|203493,-153.0,208.0,1610612741.0,21601061,True
3,PT03M56.00S,03:56,Q3 03:56,15.933333333333334,335,rebound,Valentine REBOUND (Off:1 Def:3),[],Valentine,0,0,,False,False,1627756.0,,3pt missed,2pt made,,,,1626169|1626171|1627756|200765|202703|202704|202710|202720|203382|203493,1626171|1627756|200765|202703|202710,1626169|202704|202720|203382|203493,,,1610612741.0,21601061,True
3,PT03M45.00S,03:45,Q3 03:45,15.75,336,2pt,Rondo 3' Driving Finger Roll Layup (5 PTS) (Butler 8 AST),['pointsinthepaint'],Rondo,83,65,Made,True,True,200765.0,202710.0,rebound,turnover,,,,1626169|1626171|1627756|200765|202703|202704|202710|202720|203382|203493,1626171|1627756|200765|202703|202710,1626169|202704|202720|203382|203493,-2.0,33.0,1610612741.0,21601061,True
3,PT03M17.00S,03:17,Q3 03:17,15.283333333333333,338,turnover,Johnson Bad Pass Turnover (P1.T11),[],Johnson,0,0,,False,False,1626169.0,,2pt made,steal,,,,1626169|1626171|1627756|200765|202703|202704|202710|202720|203382|203493,1626169|202704|202720|203382|203493,1626171|1627756|200765|202703|202710,,,1610612765.0,21601061,True
3,PT03M17.00S,03:17,Q3 03:17,15.283333333333333,338,steal,Mirotic STEAL (3 STL),[],Mirotic,0,0,,False,False,202703.0,,turnover,2pt made,,202703.0,,1626169|1626171|1627756|200765|202703|202704|202710|202720|203382|203493,1626171|1627756|200765|202703|202710,1626169|202704|202720|203382|203493,,,1610612741.0,21601061,True
3,PT03M12.00S,03:12,Q3 03:12,15.2,339,2pt,Portis 5' Jump Bank Shot (6 PTS) (Butler 9 AST),['pointsinthepaint'],Portis,85,65,Made,True,True,1626171.0,202710.0,steal,3pt missed,,,,1626169|1626171|1627756|200765|202703|202704|202710|202720|203382|203493,1626171|1627756|200765|202703|202710,1626169|202704|202720|203382|203493,2.0,47.0,1610612741.0,21601061,True
3,PT02M54.00S,02:54,Q3 02:54,14.9,340,3pt,MISS Bullock 24' 3PT Jump Shot,[],Bullock Jr.,0,0,Missed,True,False,203493.0,,2pt made,rebound,,,,1626169|1626171|1627756|200765|202703|202704|202710|202720|203382|203493,1626169|202704|202720|203382|203493,1626171|1627756|200765|202703|202710,-237.0,28.0,1610612765.0,21601061,True
3,PT02M53.00S,02:53,Q3 02:53,14.883333333333333,341,rebound,Leuer REBOUND (Off:2 Def:1),[],Leuer,0,0,,False,False,202720.0,,3pt missed,2pt made,,,,1626169|1626171|1627756|200765|202703|202704|202710|202720|203382|203493,1626169|202704|202720|203382|203493,1626171|1627756|200765|202703|202710,,,1610612765.0,21601061,True
3,PT02M52.00S,02:52,Q3 02:52,14.866666666666667,342,2pt,Leuer 2' Putback Layup (11 PTS),['pointsinthepaint'],Leuer,85,67,Made,True,False,202720.0,,rebound,3pt made,,,,1626169|1626171|1627756|200765|202703|202704|202710|202720|203382|203493,1626169|202704|202720|203382|203493,1626171|1627756|200765|202703|202710,-16.0,8.0,1610612765.0,21601061,True
3,PT02M44.00S,02:44,Q3 02:44,14.733333333333334,343,3pt,Mirotic 28' 3PT Jump Shot (21 PTS) (Rondo 9 AST),[],Mirotic,88,67,Made,True,True,202703.0,200765.0,2pt made,foul,,,,1626169|1626171|1627756|200765|202703|202704|202710|202720|203382|203493,1626171|1627756|200765|202703|202710,1626169|202704|202720|203382|203493,-4.0,282.0,1610612741.0,21601061,True
3,PT02M22.00S,02:22,Q3 02:22,14.366666666666667,344,foul,Portis S.FOUL (P2.PN) (S.Twardoski),['inpenalty'],Portis,0,0,,False,False,1626171.0,,3pt made,freethrow,203382.0,,,1626169|1626171|1627756|200765|202703|202704|202710|202720|203382|203493,1626171|1627756|200765|202703|202710,1626169|202704|202720|203382|203493,,,1610612741.0,21601061,True
3,PT02M22.00S,02:22,Q3 02:22,14.366666666666667,345,freethrow,Baynes Free Throw 1 of 2 (3 PTS),[],Baynes,88,68,Made,False,False,203382.0,,foul,freethrow,,,,1626169|1626171|1627756|200765|202703|202704|202710|202720|203382|203493,1626169|202704|202720|203382|203493,1626171|1627756|200765|202703|202710,,,1610612765.0,21601061,True
3,PT02M22.00S,02:22,Q3 02:22,14.366666666666667,348,freethrow,Baynes Free Throw 2 of 2 (4 PTS),[],Baynes,88,69,Made,False,False,203382.0,,freethrow,substitution,,,,1626169|1626171|1627756|200765|202703|202704|202710|202720|203382|203493,1626169|202704|202720|203382|203493,1626171|1627756|200765|202703|202710,,,1610612765.0,21601061,True
3,PT02M22.00S,02:22,Q3 02:22,14.366666666666667,347,substitution,SUB out: S. Johnson,[],Johnson,0,0,,False,False,1626169.0,,freethrow,substitution,,,,1626171|1627756|200765|202703|202704|202710|202720|203382|203493,202704|202720|203382|203493,1626171|1627756|200765|202703|202710,,,1610612765.0,21601061,False
3,PT02M22.00S,02:22,Q3 02:22,14.366666666666667,348,substitution,SUB in: M. Morris Sr.,[],Morris Sr.,0,0,,False,False,202694.0,,substitution,2pt missed,,,,1626171|1627756|200765|202694|202703|202704|202710|202720|203382|203493,202694|202704|202720|203382|203493,1626171|1627756|200765|202703|202710,,,1610612765.0,21601061,True
3,PT02M09.00S,02:09,Q3 02:09,14.15,349,2pt,MISS Valentine 5' Driving Floating Jump Shot,['pointsinthepaint'],Valentine,0,0,Missed,True,False,1627756.0,,substitution,rebound,,,,1626171|1627756|200765|202694|202703|202704|202710|202720|203382|203493,1626171|1627756|200765|202703|202710,202694|202704|202720|203382|203493,45.0,31.0,1610612741.0,21601061,True
3,PT02M08.00S,02:08,Q3 02:08,14.133333333333333,350,rebound,Bullock REBOUND (Off:0 Def:2),[],Bullock Jr.,0,0,,False,False,203493.0,,2pt missed,2pt missed,,,,1626171|1627756|200765|202694|202703|202704|202710|202720|203382|203493,202694|202704|202720|203382|203493,1626171|1627756|200765|202703|202710,,,1610612765.0,21601061,True
3,PT01M57.00S,01:57,Q3 01:57,13.95,351,2pt,MISS Marc Morris 21' Pullup Jump Shot,[],Morris Sr.,0,0,Missed,True,False,202694.0,,rebound,rebound,,,,1626171|1627756|200765|202694|202703|202704|202710|202720|203382|203493,202694|202704|202720|203382|203493,1626171|1627756|200765|202703|202710,114.0,174.0,1610612765.0,21601061,True
3,PT01M56.00S,01:56,Q3 01:56,13.933333333333334,352,rebound,Leuer REBOUND (Off:3 Def:1),[],Leuer,0,0,,False,False,202720.0,,2pt missed,2pt missed,,,,1626171|1627756|200765|202694|202703|202704|202710|202720|203382|203493,202694|202704|202720|203382|203493,1626171|1627756|200765|202703|202710,,,1610612765.0,21601061,True
3,PT01M52.00S,01:52,Q3 01:52,13.866666666666667,353,2pt,MISS Leuer 11' Turnaround Jump Shot,['pointsinthepaint'],Leuer,0,0,Missed,True,False,202720.0,,rebound,rebound,,,,1626171|1627756|200765|202694|202703|202704|202710|202720|203382|203493,202694|202704|202720|203382|203493,1626171|1627756|200765|202703|202710,2.0,106.0,1610612765.0,21601061,True
3,PT01M52.00S,01:52,Q3 01:52,13.866666666666667,354,rebound,TEAM offensive REBOUND,['team'],,0,0,,False,False,0.0,,2pt missed,foul,,,,1626171|1627756|200765|202694|202703|202704|202710|202720|203382|203493,202694|202704|202720|203382|203493,1626171|1627756|200765|202703|202710,,,1610612765.0,21601061,True
3,PT01M52.00S,01:52,Q3 01:52,13.866666666666667,355,foul,Rondo L.B.FOUL (P3.PN) (T.Brown),['inpenalty'],Rondo,0,0,,False,False,200765.0,,rebound,freethrow,202694.0,,,1626171|1627756|200765|202694|202703|202704|202710|202720|203382|203493,1626171|1627756|200765|202703|202710,202694|202704|202720|203382|203493,,,1610612741.0,21601061,True
3,PT01M52.00S,01:52,Q3 01:52,13.866666666666667,356,freethrow,Marc Morris Free Throw 1 of 2 (7 PTS),[],Morris Sr.,88,70,Made,False,False,202694.0,,foul,freethrow,,,,1626171|1627756|200765|202694|202703|202704|202710|202720|203382|203493,202694|202704|202720|203382|203493,1626171|1627756|200765|202703|202710,,,1610612765.0,21601061,True
3,PT01M52.00S,01:52,Q3 01:52,13.866666666666667,359,freethrow,Marc Morris Free Throw 2 of 2 (8 PTS),[],Morris Sr.,88,71,Made,False,False,202694.0,,freethrow,substitution,,,,1626171|1627756|200765|202694|202703|202704|202710|202720|203382|203493,202694|202704|202720|203382|203493,1626171|1627756|200765|202703|202710,,,1610612765.0,21601061,True
3,PT01M52.00S,01:52,Q3 01:52,13.866666666666667,358,substitution,SUB out: R. Rondo,[],Rondo,0,0,,False,False,200765.0,,freethrow,substitution,,,,1626171|1627756|202694|202703|202704|202710|202720|203382|203493,1626171|1627756|202703|202710,202694|202704|202720|203382|203493,,,1610612741.0,21601061,False
3,PT01M52.00S,01:52,Q3 01:52,13.866666666666667,359,substitution,SUB in: M. Carter-Williams,[],Carter-Williams,0,0,,False,False,203487.0,,substitution,foul,,,,1626171|1627756|202694|202703|202704|202710|202720|203382|203487|203493,1626171|1627756|202703|202710|203487,202694|202704|202720|203382|203493,,,1610612741.0,21601061,True
3,PT01M42.00S,01:42,Q3 01:42,13.7,361,foul,Baynes S.FOUL (P2.PN) (T.Brown),['inpenalty'],Baynes,0,0,,False,False,203382.0,,substitution,freethrow,1626171.0,,,1626171|1627756|202694|202703|202704|202710|202720|203382|203487|203493,202694|202704|202720|203382|203493,1626171|1627756|202703|202710|203487,,,1610612765.0,21601061,True
3,PT01M42.00S,01:42,Q3 01:42,13.7,362,freethrow,MISS Portis Free Throw 1 of 2,[],Portis,0,0,Missed,False,False,1626171.0,,foul,rebound,,,,1626171|1627756|202694|202703|202704|202710|202720|203382|203487|203493,1626171|1627756|202703|202710|203487,202694|202704|202720|203382|203493,,,1610612741.0,21601061,True
3,PT01M42.00S,01:42,Q3 01:42,13.7,363,rebound,TEAM offensive REBOUND,['team'],,0,0,,False,False,0.0,,freethrow,freethrow,,,,1626171|1627756|202694|202703|202704|202710|202720|203382|203487|203493,1626171|1627756|202703|202710|203487,202694|202704|202720|203382|203493,,,1610612741.0,21601061,True
3,PT01M42.00S,01:42,Q3 01:42,13.7,364,freethrow,Portis Free Throw 2 of 2 (7 PTS),['2ndchance'],Portis,89,71,Made,False,False,1626171.0,,rebound,2pt made,,,,1626171|1627756|202694|202703|202704|202710|202720|203382|203487|203493,1626171|1627756|202703|202710|203487,202694|202704|202720|203382|203493,,,1610612741.0,21601061,True
3,PT01M34.00S,01:34,Q3 01:34,13.566666666666666,366,2pt,Jackson 2' Driving Layup (6 PTS),['pointsinthepaint'],Jackson,89,73,Made,True,False,202704.0,,freethrow,2pt missed,,,,1626171|1627756|202694|202703|202704|202710|202720|203382|203487|203493,202694|202704|202720|203382|203493,1626171|1627756|202703|202710|203487,-20.0,11.0,1610612765.0,21601061,True
3,PT01M18.00S,01:18,Q3 01:18,13.3,367,2pt,MISS Valentine 10' Driving Floating Jump Shot,['pointsinthepaint'],Valentine,0,0,Missed,True,False,1627756.0,,2pt made,rebound,,,,1626171|1627756|202694|202703|202704|202710|202720|203382|203487|203493,1626171|1627756|202703|202710|203487,202694|202704|202720|203382|203493,25.0,101.0,1610612741.0,21601061,True
3,PT01M17.00S,01:17,Q3 01:17,13.283333333333333,368,rebound,Baynes REBOUND (Off:1 Def:2),[],Baynes,0,0,,False,False,203382.0,,2pt missed,turnover,,,,1626171|1627756|202694|202703|202704|202710|202720|203382|203487|203493,202694|202704|202720|203382|203493,1626171|1627756|202703|202710|203487,,,1610612765.0,21601061,True
3,PT01M11.00S,01:11,Q3 01:11,13.183333333333334,369,turnover,Jackson Bad Pass Turnover (P3.T12),[],Jackson,0,0,,False,False,202704.0,,rebound,steal,,,,1626171|1627756|202694|202703|202704|202710|202720|203382|203487|203493,202694|202704|202720|203382|203493,1626171|1627756|202703|202710|203487,,,1610612765.0,21601061,True
3,PT01M11.00S,01:11,Q3 01:11,13.183333333333334,369,steal,Valentine STEAL (1 STL),[],Valentine,0,0,,False,False,1627756.0,,turnover,2pt made,,1627756.0,,1626171|1627756|202694|202703|202704|202710|202720|203382|203487|203493,1626171|1627756|202703|202710|203487,202694|202704|202720|203382|203493,,,1610612741.0,21601061,True
3,PT00M48.50S,00:48,Q3 00:48,12.808333333333334,370,2pt,Mirotic 11' Driving Floating Bank Jump Shot (23 PTS) (Valentine 2 AST),[],Mirotic,91,73,Made,True,True,202703.0,1627756.0,steal,2pt missed,,,,1626171|1627756|202694|202703|202704|202710|202720|203382|203487|203493,1626171|1627756|202703|202710|203487,202694|202704|202720|203382|203493,-109.0,26.0,1610612741.0,21601061,True
3,PT00M23.70S,00:23,Q3 00:23,12.395,371,2pt,MISS Jackson 15' Driving Floating Jump Shot,[],Jackson,0,0,Missed,True,False,202704.0,,2pt made,rebound,,,,1626171|1627756|202694|202703|202704|202710|202720|203382|203487|203493,202694|202704|202720|203382|203493,1626171|1627756|202703|202710|203487,25.0,151.0,1610612765.0,21601061,True
3,PT00M23.70S,00:23,Q3 00:23,12.395,372,rebound,TEAM offensive REBOUND,['team'],,0,0,,False,False,0.0,,2pt missed,turnover,,,,1626171|1627756|202694|202703|202704|202710|202720|203382|203487|203493,202694|202704|202720|203382|203493,1626171|1627756|202703|202710|203487,,,1610612765.0,21601061,True
3,PT00M23.70S,00:23,Q3 00:23,12.395,373,turnover,Pistons Turnover: Shot Clock (T#13),[],,0,0,,False,False,1610612765.0,,rebound,foul,,,,1626171|1627756|202694|202703|202704|202710|202720|203382|203487|203493,1626171|1627756|202703|202710|203487,202694|202704|202720|203382|203493,,,0.0,21601061,True
3,PT00M05.10S,00:05,Q3 00:05,12.085,375,foul,Portis OFF.Foul (P3) (T.Brown),['inpenalty'],Portis,0,0,,False,False,1626171.0,,turnover,turnover,,,,1626171|1627756|202694|202703|202704|202710|202720|203382|203487|203493,1626171|1627756|202703|202710|203487,202694|202704|202720|203382|203493,,,1610612741.0,21601061,True
3,PT00M05.10S,00:05,Q3 00:05,12.085,376,turnover,Portis Foul Turnover (P1.T9),[],Portis,0,0,,False,False,1626171.0,,foul,period,,,,1626171|1627756|202694|202703|202704|202710|202720|203382|203487|203493,1626171|1627756|202703|202710|203487,202694|202704|202720|203382|203493,,,1610612741.0,21601061,True
3,PT00M00.00S,00:00,Q3 00:00,12.0,377,period,End of 3rd Period (9:43 PM EST),[],,91,73,,False,False,0.0,,turnover,period,,,,1626171|1627756|202694|202703|202704|202710|202720|203382|203487|203493,1626171|1627756|202703|202710|203487,202694|202704|202720|203382|203493,,,1610612741.0,21601061,True
4,PT12M00.00S,12:00,Q4 12:00,12.0,379,period,Start of 4th Period (9:45 PM EST),[],,91,73,,False,False,0.0,,period,substitution,,,,1626171|1627756|202694|202703|202704|202710|202720|203382|203487|203493,1626171|1627756|202703|202710|203487,202694|202704|202720|203382|203493,,,1610612741.0,21601061,True
4,PT11M46.00S,11:46,Q4 11:46,11.766666666666667,380,2pt,MISS Bullock 3' Driving Layup,['pointsinthepaint'],Bullock Jr.,0,0,Missed,True,False,203493.0,,substitution,rebound,,,,1626171|1627756|1627835|202397|202694|202699|202703|203083|203487|203493,202397|202694|202699|203083|203493,1626171|1627756|1627835|202703|203487,-24.0,7.0,1610612765.0,21601061,True
4,PT11M46.00S,11:46,Q4 11:46,11.766666666666667,381,rebound,Drummond REBOUND (Off:7 Def:7),[],Drummond,0,0,,False,False,203083.0,,2pt missed,foul,,,,1626171|1627756|1627835|202397|202694|202699|202703|203083|203487|203493,202397|202694|202699|203083|203493,1626171|1627756|1627835|202703|203487,,,1610612765.0,21601061,True
4,PT11M46.00S,11:46,Q4 11:46,11.766666666666667,382,foul,Valentine P.FOUL (P2.T1) (S.Twardoski),[],Valentine,0,0,,False,False,1627756.0,,rebound,2pt made,202699.0,,,1626171|1627756|1627835|202397|202694|202699|202703|203083|203487|203493,1626171|1627756|1627835|202703|203487,202397|202694|202699|203083|203493,,,1610612741.0,21601061,True
4,PT11M35.00S,11:35,Q4 11:35,11.583333333333334,383,2pt,Harris 5' Driving Floating Jump Shot (11 PTS),['pointsinthepaint'],Harris,91,75,Made,True,False,202699.0,,foul,2pt missed,,,,1626171|1627756|1627835|202397|202694|202699|202703|203083|203487|203493,202397|202694|202699|203083|203493,1626171|1627756|1627835|202703|203487,12.0,46.0,1610612765.0,21601061,True
4,PT11M17.00S,11:17,Q4 11:17,11.283333333333333,384,2pt,MISS Carter-Williams 22' Pullup Jump Shot,[],Carter-Williams,0,0,Missed,True,False,203487.0,,2pt made,rebound,,,,1626171|1627756|1627835|202397|202694|202699|202703|203083|203487|203493,1626171|1627756|1627835|202703|203487,202397|202694|202699|203083|203493,110.0,188.0,1610612741.0,21601061,True
4,PT11M16.00S,11:16,Q4 11:16,11.266666666666667,385,rebound,TEAM defensive REBOUND,['team'],,0,0,,False,False,0.0,,2pt missed,2pt missed,,,,1626171|1627756|1627835|202397|202694|202699|202703|203083|203487|203493,202397|202694|202699|203083|203493,1626171|1627756|1627835|202703|203487,,,1610612765.0,21601061,True
4,PT10M57.00S,10:57,Q4 10:57,10.95,386,2pt,MISS Smith 19' Pullup Jump Shot,[],Smith,0,0,Missed,True,False,202397.0,,rebound,rebound,,,,1626171|1627756|1627835|202397|202694|202699|202703|203083|203487|203493,202397|202694|202699|203083|203493,1626171|1627756|1627835|202703|203487,79.0,174.0,1610612765.0,21601061,True
4,PT10M56.00S,10:56,Q4 10:56,10.933333333333334,387,rebound,Portis REBOUND (Off:0 Def:2),[],Portis,0,0,,False,False,1626171.0,,2pt missed,2pt missed,,,,1626171|1627756|1627835|202397|202694|202699|202703|203083|203487|203493,1626171|1627756|1627835|202703|203487,202397|202694|202699|203083|203493,,,1610612741.0,21601061,True
4,PT10M50.00S,10:50,Q4 10:50,10.833333333333334,388,2pt,MISS Valentine 6' Driving Floating Bank Jump Shot,['pointsinthepaint'],Valentine,0,0,Missed,True,False,1627756.0,,rebound,rebound,,,,1626171|1627756|1627835|202397|202694|202699|202703|203083|203487|203493,1626171|1627756|1627835|202703|203487,202397|202694|202699|203083|203493,46.0,36.0,1610612741.0,21601061,True
4,PT10M48.00S,10:48,Q4 10:48,10.8,389,rebound,Drummond REBOUND (Off:7 Def:8),[],Drummond,0,0,,False,False,203083.0,,2pt missed,3pt missed,,,,1626171|1627756|1627835|202397|202694|202699|202703|203083|203487|203493,202397|202694|202699|203083|203493,1626171|1627756|1627835|202703|203487,,,1610612765.0,21601061,True
4,PT10M42.00S,10:42,Q4 10:42,10.7,390,3pt,MISS Bullock 24' 3PT Jump Shot,[],Bullock Jr.,0,0,Missed,True,False,203493.0,,rebound,rebound,,,,1626171|1627756|1627835|202397|202694|202699|202703|203083|203487|203493,202397|202694|202699|203083|203493,1626171|1627756|1627835|202703|203487,238.0,26.0,1610612765.0,21601061,True
4,PT10M41.00S,10:41,Q4 10:41,10.683333333333334,391,rebound,Portis REBOUND (Off:0 Def:3),[],Portis,0,0,,False,False,1626171.0,,3pt missed,2pt made,,,,1626171|1627756|1627835|202397|202694|202699|202703|203083|203487|203493,1626171|1627756|1627835|202703|203487,202397|202694|202699|203083|203493,,,1610612741.0,21601061,True
4,PT10M15.00S,10:15,Q4 10:15,10.25,392,2pt,Carter-Williams 7' Turnaround Jump Shot (6 PTS),['pointsinthepaint'],Carter-Williams,93,75,Made,True,False,203487.0,,rebound,turnover,,,,1626171|1627756|1627835|202397|202694|202699|202703|203083|203487|203493,1626171|1627756|1627835|202703|203487,202397|202694|202699|203083|203493,35.0,65.0,1610612741.0,21601061,True
4,PT09M49.00S,09:49,Q4 09:49,9.816666666666666,395,turnover,Bullock Bad Pass Turnover (P1.T14),[],Bullock Jr.,0,0,,False,False,203493.0,,2pt made,steal,,,,1626171|1627756|1627835|202397|202694|202699|202703|203083|203487|203493,202397|202694|202699|203083|203493,1626171|1627756|1627835|202703|203487,,,1610612765.0,21601061,True
4,PT09M49.00S,09:49,Q4 09:49,9.816666666666666,395,steal,Carter-Williams STEAL (3 STL),[],Carter-Williams,0,0,,False,False,203487.0,,turnover,foul,,203487.0,,1626171|1627756|1627835|202397|202694|202699|202703|203083|203487|203493,1626171|1627756|1627835|202703|203487,202397|202694|202699|203083|203493,,,1610612741.0,21601061,True
4,PT09M43.00S,09:43,Q4 09:43,9.716666666666667,396,foul,Harris S.FOUL (P2.T1) (S.Twardoski),[],Harris,0,0,,False,False,202699.0,,steal,freethrow,1626171.0,,,1626171|1627756|1627835|202397|202694|202699|202703|203083|203487|203493,202397|202694|202699|203083|203493,1626171|1627756|1627835|202703|203487,,,1610612765.0,21601061,True
4,PT09M43.00S,09:43,Q4 09:43,9.716666666666667,397,freethrow,MISS Portis Free Throw 1 of 2,[],Portis,0,0,Missed,False,False,1626171.0,,foul,rebound,,,,1626171|1627756|1627835|202397|202694|202699|202703|203083|203487|203493,1626171|1627756|1627835|202703|203487,202397|202694|202699|203083|203493,,,1610612741.0,21601061,True
4,PT09M43.00S,09:43,Q4 09:43,9.716666666666667,398,rebound,TEAM offensive REBOUND,['team'],,0,0,,False,False,0.0,,freethrow,freethrow,,,,1626171|1627756|1627835|202397|202694|202699|202703|203083|203487|203493,1626171|1627756|1627835|202703|203487,202397|202694|202699|203083|203493,,,1610612741.0,21601061,True
4,PT09M43.00S,09:43,Q4 09:43,9.716666666666667,399,freethrow,MISS Portis Free Throw 2 of 2,['2ndchance'],Portis,0,0,Missed,False,False,1626171.0,,rebound,rebound,,,,1626171|1627756|1627835|202397|202694|202699|202703|203083|203487|203493,1626171|1627756|1627835|202703|203487,202397|202694|202699|203083|203493,,,1610612741.0,21601061,True
4,PT09M41.00S,09:41,Q4 09:41,9.683333333333334,401,rebound,Drummond REBOUND (Off:7 Def:9),[],Drummond,0,0,,False,False,203083.0,,freethrow,foul,,,,1626171|1627756|1627835|202397|202694|202699|202703|203083|203487|203493,202397|202694|202699|203083|203493,1626171|1627756|1627835|202703|203487,,,1610612765.0,21601061,True
4,PT09M27.00S,09:27,Q4 09:27,9.45,402,foul,Zipser P.FOUL (P2.T2) (M.McCutchen),[],Zipser,0,0,,False,False,1627835.0,,rebound,substitution,202397.0,,,1626171|1627756|1627835|202397|202694|202699|202703|203083|203487|203493,1626171|1627756|1627835|202703|203487,202397|202694|202699|203083|203493,,,1610612741.0,21601061,True
4,PT09M27.00S,09:27,Q4 09:27,9.45,403,substitution,SUB out: R. Bullock Jr.,[],Bullock Jr.,0,0,,False,False,203493.0,,foul,substitution,,,,1626171|1627756|1627835|202397|202694|202699|202703|203083|203487,202397|202694|202699|203083,1626171|1627756|1627835|202703|203487,,,1610612765.0,21601061,False
4,PT09M27.00S,09:27,Q4 09:27,9.45,404,substitution,SUB in: K. Caldwell-Pope,[],Caldwell-Pope,0,0,,False,False,203484.0,,substitution,turnover,,,,1626171|1627756|1627835|202397|202694|202699|202703|203083|203484|203487,202397|202694|202699|203083|203484,1626171|1627756|1627835|202703|203487,,,1610612765.0,21601061,True
4,PT09M16.00S,09:16,Q4 09:16,9.266666666666667,404,turnover,Smith Bad Pass Turnover (P1.T15),[],Smith,0,0,,False,False,202397.0,,substitution,steal,,,,1626171|1627756|1627835|202397|202694|202699|202703|203083|203484|203487,202397|202694|202699|203083|203484,1626171|1627756|1627835|202703|203487,,,1610612765.0,21601061,True
4,PT09M16.00S,09:16,Q4 09:16,9.266666666666667,404,steal,Zipser STEAL (1 STL),[],Zipser,0,0,,False,False,1627835.0,,turnover,2pt made,,1627835.0,,1626171|1627756|1627835|202397|202694|202699|202703|203083|203484|203487,1626171|1627756|1627835|202703|203487,202397|202694|202699|203083|203484,,,1610612741.0,21601061,True
4,PT09M04.00S,09:04,Q4 09:04,9.066666666666666,405,2pt,Portis 2' Driving Layup (9 PTS) (Mirotic 2 AST),['pointsinthepaint'],Portis,95,75,Made,True,True,1626171.0,202703.0,steal,foul,,,,1626171|1627756|1627835|202397|202694|202699|202703|203083|203484|203487,1626171|1627756|1627835|202703|203487,202397|202694|202699|203083|203484,19.0,16.0,1610612741.0,21601061,True
4,PT09M04.00S,09:04,Q4 09:04,9.066666666666666,406,foul,Drummond S.FOUL (P4.T2) (S.Twardoski),[],Drummond,0,0,,False,False,203083.0,,2pt made,timeout,1626171.0,,,1626171|1627756|1627835|202397|202694|202699|202703|203083|203484|203487,202397|202694|202699|203083|203484,1626171|1627756|1627835|202703|203487,,,1610612765.0,21601061,True
4,PT09M04.00S,09:04,Q4 09:04,9.066666666666666,407,timeout,Pistons Timeout: Regular (Reg.3 Short 1),[],,0,0,,False,False,0.0,,foul,freethrow,,,,1626171|1627756|1627835|202397|202694|202699|202703|203083|203484|203487,202397|202694|202699|203083|203484,1626171|1627756|1627835|202703|203487,,,1610612765.0,21601061,True
4,PT09M04.00S,09:04,Q4 09:04,9.066666666666666,410,freethrow,Portis Free Throw 1 of 1 (10 PTS),[],Portis,96,75,Made,False,False,1626171.0,,timeout,2pt missed,,,,1626171|1627756|1627835|202397|202694|202699|202703|203083|203484|203487,1626171|1627756|1627835|202703|203487,202397|202694|202699|203083|203484,,,1610612741.0,21601061,True
4,PT08M43.00S,08:43,Q4 08:43,8.716666666666667,413,2pt,MISS Drummond 9' Turnaround Hook Shot,[],Drummond,0,0,Missed,True,False,203083.0,,freethrow,rebound,,,,1626171|1627756|1627835|202397|202694|202699|202703|203083|203484|203487,202397|202694|202699|203083|203484,1626171|1627756|1627835|202703|203487,86.0,16.0,1610612765.0,21601061,True
4,PT08M42.00S,08:42,Q4 08:42,8.7,414,rebound,Drummond REBOUND (Off:8 Def:9),[],Drummond,0,0,,False,False,203083.0,,2pt missed,foul,,,,1626171|1627756|1627835|202397|202694|202699|202703|203083|203484|203487,202397|202694|202699|203083|203484,1626171|1627756|1627835|202703|203487,,,1610612765.0,21601061,True
4,PT08M42.00S,08:42,Q4 08:42,8.7,415,foul,Portis S.FOUL (P4.T3) (S.Twardoski),[],Portis,0,0,,False,False,1626171.0,,rebound,freethrow,203083.0,,,1626171|1627756|1627835|202397|202694|202699|202703|203083|203484|203487,1626171|1627756|1627835|202703|203487,202397|202694|202699|203083|203484,,,1610612741.0,21601061,True
4,PT08M42.00S,08:42,Q4 08:42,8.7,416,freethrow,MISS Drummond Free Throw 1 of 2,[],Drummond,0,0,Missed,False,False,203083.0,,foul,rebound,,,,1626171|1627756|1627835|202397|202694|202699|202703|203083|203484|203487,202397|202694|202699|203083|203484,1626171|1627756|1627835|202703|203487,,,1610612765.0,21601061,True
4,PT08M42.00S,08:42,Q4 08:42,8.7,417,rebound,TEAM offensive REBOUND,['team'],,0,0,,False,False,0.0,,freethrow,freethrow,,,,1626171|1627756|1627835|202397|202694|202699|202703|203083|203484|203487,202397|202694|202699|203083|203484,1626171|1627756|1627835|202703|203487,,,1610612765.0,21601061,True
4,PT08M42.00S,08:42,Q4 08:42,8.7,418,freethrow,MISS Drummond Free Throw 2 of 2,['2ndchance'],Drummond,0,0,Missed,False,False,203083.0,,rebound,rebound,,,,1626171|1627756|1627835|202397|202694|202699|202703|203083|203484|203487,202397|202694|202699|203083|203484,1626171|1627756|1627835|202703|203487,,,1610612765.0,21601061,True
4,PT08M42.00S,08:42,Q4 08:42,8.7,420,rebound,TEAM offensive REBOUND,['team'],,0,0,,False,False,0.0,,freethrow,foul,,,,1626171|1627756|1627835|202397|202694|202699|202703|203083|203484|203487,202397|202694|202699|203083|203484,1626171|1627756|1627835|202703|203487,,,1610612765.0,21601061,True
4,PT08M42.00S,08:42,Q4 08:42,8.7,421,foul,Portis L.B.FOUL (P5.T4) (T.Brown),[],Portis,0,0,,False,False,1626171.0,,rebound,2pt made,202694.0,,,1626171|1627756|1627835|202397|202694|202699|202703|203083|203484|203487,1626171|1627756|1627835|202703|203487,202397|202694|202699|203083|203484,,,1610612741.0,21601061,True
4,PT08M28.00S,08:28,Q4 08:28,8.466666666666667,422,2pt,Marc Morris 13' Step Back Jump Shot (10 PTS) (Smith 6 AST),[],Morris Sr.,96,77,Made,True,True,202694.0,202397.0,foul,3pt missed,,,,1626171|1627756|1627835|202397|202694|202699|202703|203083|203484|203487,202397|202694|202699|203083|203484,1626171|1627756|1627835|202703|203487,87.0,90.0,1610612765.0,21601061,True
4,PT08M08.00S,08:08,Q4 08:08,8.133333333333333,423,3pt,MISS Portis 25' 3PT Jump Shot,[],Portis,0,0,Missed,True,False,1626171.0,,2pt made,rebound,,,,1626171|1627756|1627835|202397|202694|202699|202703|203083|203484|203487,1626171|1627756|1627835|202703|203487,202397|202694|202699|203083|203484,115.0,218.0,1610612741.0,21601061,True
4,PT08M07.00S,08:07,Q4 08:07,8.116666666666667,424,rebound,Harris REBOUND (Off:1 Def:3),[],Harris,0,0,,False,False,202699.0,,3pt missed,2pt missed,,,,1626171|1627756|1627835|202397|202694|202699|202703|203083|203484|203487,202397|202694|202699|203083|203484,1626171|1627756|1627835|202703|203487,,,1610612765.0,21601061,True
4,PT07M59.00S,07:59,Q4 07:59,7.983333333333333,425,2pt,MISS Smith 20' Pullup Jump Shot,[],Smith,0,0,Missed,True,False,202397.0,,rebound,rebound,,,,1626171|1627756|1627835|202397|202694|202699|202703|203083|203484|203487,202397|202694|202699|203083|203484,1626171|1627756|1627835|202703|203487,132.0,149.0,1610612765.0,21601061,True
4,PT07M58.00S,07:58,Q4 07:58,7.966666666666667,426,rebound,Carter-Williams REBOUND (Off:0 Def:1),[],Carter-Williams,0,0,,False,False,203487.0,,2pt missed,turnover,,,,1626171|1627756|1627835|202397|202694|202699|202703|203083|203484|203487,1626171|1627756|1627835|202703|203487,202397|202694|202699|203083|203484,,,1610612741.0,21601061,True
4,PT07M42.00S,07:42,Q4 07:42,7.7,427,turnover,Carter-Williams Traveling Turnover (P2.T10),[],Carter-Williams,0,0,,False,False,203487.0,,rebound,substitution,,,,1626171|1627756|1627835|202397|202694|202699|202703|203083|203484|203487,1626171|1627756|1627835|202703|203487,202397|202694|202699|203083|203484,,,1610612741.0,21601061,True
4,PT07M42.00S,07:42,Q4 07:42,7.7,428,substitution,SUB out: A. Drummond,[],Drummond,0,0,,False,False,203083.0,,turnover,substitution,,,,1626171|1627756|1627835|202397|202694|202699|202703|203484|203487,202397|202694|202699|203484,1626171|1627756|1627835|202703|203487,,,1610612765.0,21601061,False
4,PT07M42.00S,07:42,Q4 07:42,7.7,429,substitution,SUB in: B. Marjanovic,[],Marjanovic,0,0,,False,False,1626246.0,,substitution,2pt made,,,,1626171|1626246|1627756|1627835|202397|202694|202699|202703|203484|203487,1626246|202397|202694|202699|203484,1626171|1627756|1627835|202703|203487,,,1610612765.0,21601061,True
4,PT07M32.00S,07:32,Q4 07:32,7.533333333333333,429,2pt,Marjanovic 6' Turnaround Jump Shot (2 PTS) (Harris 3 AST),['pointsinthepaint'],Marjanovic,96,79,Made,True,True,1626246.0,202699.0,substitution,turnover,,,,1626171|1626246|1627756|1627835|202397|202694|202699|202703|203484|203487,1626246|202397|202694|202699|203484,1626171|1627756|1627835|202703|203487,33.0,51.0,1610612765.0,21601061,True
4,PT07M16.00S,07:16,Q4 07:16,7.266666666666667,430,turnover,Valentine Bad Pass Turnover (P3.T11),[],Valentine,0,0,,False,False,1627756.0,,2pt made,steal,,,,1626171|1626246|1627756|1627835|202397|202694|202699|202703|203484|203487,1626171|1627756|1627835|202703|203487,1626246|202397|202694|202699|203484,,,1610612741.0,21601061,True
4,PT07M16.00S,07:16,Q4 07:16,7.266666666666667,430,steal,Caldwell-Pope STEAL (2 STL),[],Caldwell-Pope,0,0,,False,False,203484.0,,turnover,2pt missed,,203484.0,,1626171|1626246|1627756|1627835|202397|202694|202699|202703|203484|203487,1626246|202397|202694|202699|203484,1626171|1627756|1627835|202703|203487,,,1610612765.0,21601061,True
4,PT07M08.00S,07:08,Q4 07:08,7.133333333333334,431,2pt,MISS Caldwell-Pope 21' Jump Shot,[],Caldwell-Pope,0,0,Missed,True,False,203484.0,,steal,rebound,,,,1626171|1626246|1627756|1627835|202397|202694|202699|202703|203484|203487,1626246|202397|202694|202699|203484,1626171|1627756|1627835|202703|203487,38.0,205.0,1610612765.0,21601061,True
4,PT07M07.00S,07:07,Q4 07:07,7.116666666666666,432,rebound,Carter-Williams REBOUND (Off:0 Def:2),[],Carter-Williams,0,0,,False,False,203487.0,,2pt missed,3pt missed,,,,1626171|1626246|1627756|1627835|202397|202694|202699|202703|203484|203487,1626171|1627756|1627835|202703|203487,1626246|202397|202694|202699|203484,,,1610612741.0,21601061,True
4,PT06M47.00S,06:47,Q4 06:47,6.783333333333333,433,3pt,MISS Valentine 26' 3PT Jump Shot,[],Valentine,0,0,Missed,True,False,1627756.0,,rebound,rebound,,,,1626171|1626246|1627756|1627835|202397|202694|202699|202703|203484|203487,1626171|1627756|1627835|202703|203487,1626246|202397|202694|202699|203484,112.0,237.0,1610612741.0,21601061,True
4,PT06M46.00S,06:46,Q4 06:46,6.766666666666667,434,rebound,Portis REBOUND (Off:1 Def:3),[],Portis,0,0,,False,False,1626171.0,,3pt missed,2pt made,,,,1626171|1626246|1627756|1627835|202397|202694|202699|202703|203484|203487,1626171|1627756|1627835|202703|203487,1626246|202397|202694|202699|203484,,,1610612741.0,21601061,True
4,PT06M25.00S,06:25,Q4 06:25,6.416666666666667,435,2pt,Portis 13' Driving Floating Jump Shot (12 PTS) (Carter-Williams 2 AST),['pointsinthepaint'],Portis,98,79,Made,True,True,1626171.0,203487.0,rebound,foul,,,,1626171|1626246|1627756|1627835|202397|202694|202699|202703|203484|203487,1626171|1627756|1627835|202703|203487,1626246|202397|202694|202699|203484,-27.0,124.0,1610612741.0,21601061,True
4,PT06M06.00S,06:06,Q4 06:06,6.1,437,foul,Valentine S.FOUL (P3.PN) (M.McCutchen),['inpenalty'],Valentine,0,0,,False,False,1627756.0,,2pt made,freethrow,202694.0,,,1626171|1626246|1627756|1627835|202397|202694|202699|202703|203484|203487,1626171|1627756|1627835|202703|203487,1626246|202397|202694|202699|203484,,,1610612741.0,21601061,True
4,PT06M06.00S,06:06,Q4 06:06,6.1,438,freethrow,Marc Morris Free Throw 1 of 2 (11 PTS),[],Morris Sr.,98,80,Made,False,False,202694.0,,foul,freethrow,,,,1626171|1626246|1627756|1627835|202397|202694|202699|202703|203484|203487,1626246|202397|202694|202699|203484,1626171|1627756|1627835|202703|203487,,,1610612765.0,21601061,True
4,PT06M06.00S,06:06,Q4 06:06,6.1,442,freethrow,MISS Marc Morris Free Throw 2 of 2,[],Morris Sr.,0,0,Missed,False,False,202694.0,,freethrow,substitution,,,,1626171|1626246|1627756|1627835|202397|202694|202699|202703|203484|203487,1626246|202397|202694|202699|203484,1626171|1627756|1627835|202703|203487,,,1610612765.0,21601061,True
4,PT06M06.00S,06:06,Q4 06:06,6.1,440,substitution,SUB out: D. Valentine,[],Valentine,0,0,,False,False,1627756.0,,freethrow,substitution,,,,1626171|1626246|1627835|202397|202694|202699|202703|203484|203487,1626171|1627835|202703|203487,1626246|202397|202694|202699|203484,,,1610612741.0,21601061,False
4,PT06M06.00S,06:06,Q4 06:06,6.1,441,substitution,SUB out: B. Portis,[],Portis,0,0,,False,False,1626171.0,,substitution,substitution,,,,1626246|1627835|202397|202694|202699|202703|203484|203487,1627835|202703|203487,1626246|202397|202694|202699|203484,,,1610612741.0,21601061,False
4,PT06M06.00S,06:06,Q4 06:06,6.1,442,substitution,SUB in: J. Butler,[],Butler,0,0,,False,False,202710.0,,substitution,substitution,,,,1626246|1627835|202397|202694|202699|202703|202710|203484|203487,1627835|202703|202710|203487,1626246|202397|202694|202699|203484,,,1610612741.0,21601061,False
4,PT06M06.00S,06:06,Q4 06:06,6.1,443,substitution,SUB in: J. Lauvergne,[],Lauvergne,0,0,,False,False,203530.0,,substitution,rebound,,,,1626246|1627835|202397|202694|202699|202703|202710|203484|203487|203530,1627835|202703|202710|203487|203530,1626246|202397|202694|202699|203484,,,1610612741.0,21601061,True
4,PT06M04.00S,06:04,Q4 06:04,6.066666666666666,444,rebound,Mirotic REBOUND (Off:1 Def:4),[],Mirotic,0,0,,False,False,202703.0,,substitution,foul,,,,1626246|1627835|202397|202694|202699|202703|202710|203484|203487|203530,1627835|202703|202710|203487|203530,1626246|202397|202694|202699|203484,,,1610612741.0,21601061,True
4,PT05M43.00S,05:43,Q4 05:43,5.716666666666667,445,foul,Harris S.FOUL (P3.T3) (T.Brown),[],Harris,0,0,,False,False,202699.0,,rebound,timeout,203530.0,,,1626246|1627835|202397|202694|202699|202703|202710|203484|203487|203530,1626246|202397|202694|202699|203484,1627835|202703|202710|203487|203530,,,1610612765.0,21601061,True
4,PT05M43.00S,05:43,Q4 05:43,5.716666666666667,446,timeout,Timeout: Regular,[],,0,0,,False,False,0.0,,foul,freethrow,,,,1626246|1627835|202397|202694|202699|202703|202710|203484|203487|203530,1627835|202703|202710|203487|203530,1626246|202397|202694|202699|203484,,,0.0,21601061,True
4,PT05M43.00S,05:43,Q4 05:43,5.716666666666667,450,freethrow,MISS Lauvergne Free Throw 1 of 2,[],Lauvergne,0,0,Missed,False,False,203530.0,,timeout,rebound,,,,1626246|1627835|202397|202694|202699|202703|202710|203484|203487|203530,1627835|202703|202710|203487|203530,1626246|202397|202694|202699|203484,,,1610612741.0,21601061,True
4,PT05M43.00S,05:43,Q4 05:43,5.716666666666667,451,rebound,TEAM offensive REBOUND,['team'],,0,0,,False,False,0.0,,freethrow,freethrow,,,,1626246|1627835|202397|202694|202699|202703|202710|203484|203487|203530,1627835|202703|202710|203487|203530,1626246|202397|202694|202699|203484,,,1610612741.0,21601061,True
4,PT05M43.00S,05:43,Q4 05:43,5.716666666666667,452,freethrow,MISS Lauvergne Free Throw 2 of 2,['2ndchance'],Lauvergne,0,0,Missed,False,False,203530.0,,rebound,rebound,,,,1626246|1627835|202397|202694|202699|202703|202710|203484|203487|203530,1627835|202703|202710|203487|203530,1626246|202397|202694|202699|203484,,,1610612741.0,21601061,True
4,PT05M41.00S,05:41,Q4 05:41,5.683333333333334,454,rebound,Marjanovic REBOUND (Off:0 Def:1),[],Marjanovic,0,0,,False,False,1626246.0,,freethrow,2pt made,,,,1626246|1627835|202397|202694|202699|202703|202710|203484|203487|203530,1626246|202397|202694|202699|203484,1627835|202703|202710|203487|203530,,,1610612765.0,21601061,True
4,PT05M21.00S,05:21,Q4 05:21,5.35,456,2pt,Marc Morris 9' Driving Bank Shot (13 PTS),[],Morris Sr.,98,82,Made,True,False,202694.0,,rebound,foul,,,,1626246|1627835|202397|202694|202699|202703|202710|203484|203487|203530,1626246|202397|202694|202699|203484,1627835|202703|202710|203487|203530,86.0,31.0,1610612765.0,21601061,True
4,PT05M21.00S,05:21,Q4 05:21,5.35,457,foul,Zipser S.FOUL (P3.PN) (M.McCutchen),['inpenalty'],Zipser,0,0,,False,False,1627835.0,,2pt made,freethrow,202694.0,,,1626246|1627835|202397|202694|202699|202703|202710|203484|203487|203530,1627835|202703|202710|203487|203530,1626246|202397|202694|202699|203484,,,1610612741.0,21601061,True
4,PT05M21.00S,05:21,Q4 05:21,5.35,458,freethrow,Marc Morris Free Throw 1 of 1 (14 PTS),[],Morris Sr.,98,83,Made,False,False,202694.0,,foul,2pt made,,,,1626246|1627835|202397|202694|202699|202703|202710|203484|203487|203530,1626246|202397|202694|202699|203484,1627835|202703|202710|203487|203530,,,1610612765.0,21601061,True
4,PT05M05.00S,05:05,Q4 05:05,5.083333333333333,460,2pt,Lauvergne 1' Reverse Layup (14 PTS) (Butler 10 AST),['pointsinthepaint'],Lauvergne,100,83,Made,True,True,203530.0,202710.0,freethrow,turnover,,,,1626246|1627835|202397|202694|202699|202703|202710|203484|203487|203530,1627835|202703|202710|203487|203530,1626246|202397|202694|202699|203484,-14.0,2.0,1610612741.0,21601061,True
4,PT04M53.00S,04:53,Q4 04:53,4.883333333333333,461,turnover,Smith Bad Pass Turnover (P2.T16),[],Smith,0,0,,False,False,202397.0,,2pt made,steal,,,,1626246|1627835|202397|202694|202699|202703|202710|203484|203487|203530,1626246|202397|202694|202699|203484,1627835|202703|202710|203487|203530,,,1610612765.0,21601061,True
4,PT04M53.00S,04:53,Q4 04:53,4.883333333333333,461,steal,Butler STEAL (2 STL),[],Butler,0,0,,False,False,202710.0,,turnover,2pt made,,202710.0,,1626246|1627835|202397|202694|202699|202703|202710|203484|203487|203530,1627835|202703|202710|203487|203530,1626246|202397|202694|202699|203484,,,1610612741.0,21601061,True
4,PT04M49.00S,04:49,Q4 04:49,4.816666666666666,462,2pt,Mirotic 2' Layup (25 PTS) (Carter-Williams 3 AST),['pointsinthepaint'],Mirotic,102,83,Made,True,True,202703.0,203487.0,steal,3pt made,,,,1626246|1627835|202397|202694|202699|202703|202710|203484|203487|203530,1627835|202703|202710|203487|203530,1626246|202397|202694|202699|203484,-17.0,7.0,1610612741.0,21601061,True
4,PT04M24.00S,04:24,Q4 04:24,4.4,464,3pt,Harris 25' 3PT Jump Shot (14 PTS) (Smith 7 AST),[],Harris,102,86,Made,True,True,202699.0,202397.0,2pt made,3pt made,,,,1626246|1627835|202397|202694|202699|202703|202710|203484|203487|203530,1626246|202397|202694|202699|203484,1627835|202703|202710|203487|203530,-160.0,198.0,1610612765.0,21601061,True
4,PT04M05.00S,04:05,Q4 04:05,4.083333333333333,465,3pt,Mirotic 26' 3PT Jump Shot (28 PTS) (Butler 11 AST),[],Mirotic,105,86,Made,True,True,202703.0,202710.0,3pt made,2pt made,,,,1626246|1627835|202397|202694|202699|202703|202710|203484|203487|203530,1627835|202703|202710|203487|203530,1626246|202397|202694|202699|203484,-178.0,185.0,1610612741.0,21601061,True
4,PT03M50.00S,03:50,Q4 03:50,3.8333333333333335,466,2pt,Smith 17' Step Back Jump Shot (9 PTS),[],Smith,105,88,Made,True,False,202397.0,,3pt made,3pt made,,,,1626246|1627835|202397|202694|202699|202703|202710|203484|203487|203530,1626246|202397|202694|202699|203484,1627835|202703|202710|203487|203530,46.0,164.0,1610612765.0,21601061,True
4,PT03M35.00S,03:35,Q4 03:35,3.5833333333333335,467,3pt,Lauvergne 26' 3PT Jump Shot (17 PTS) (Zipser 2 AST),[],Lauvergne,108,88,Made,True,True,203530.0,1627835.0,2pt made,3pt missed,,,,1626246|1627835|202397|202694|202699|202703|202710|203484|203487|203530,1627835|202703|202710|203487|203530,1626246|202397|202694|202699|203484,-34.0,254.0,1610612741.0,21601061,True
4,PT03M12.00S,03:12,Q4 03:12,3.2,468,3pt,MISS Harris 25' 3PT Jump Shot,[],Harris,0,0,Missed,True,False,202699.0,,3pt made,rebound,,,,1626246|1627835|202397|202694|202699|202703|202710|203484|203487|203530,1626246|202397|202694|202699|203484,1627835|202703|202710|203487|203530,-124.0,213.0,1610612765.0,21601061,True
4,PT03M11.00S,03:11,Q4 03:11,3.183333333333333,469,rebound,Zipser REBOUND (Off:1 Def:3),[],Zipser,0,0,,False,False,1627835.0,,3pt missed,3pt made,,,,1626246|1627835|202397|202694|202699|202703|202710|203484|203487|203530,1627835|202703|202710|203487|203530,1626246|202397|202694|202699|203484,,,1610612741.0,21601061,True
4,PT03M01.00S,03:01,Q4 03:01,3.0166666666666666,470,3pt,Zipser 26' 3PT Jump Shot (15 PTS) (Butler 12 AST),[],Zipser,111,88,Made,True,True,1627835.0,202710.0,rebound,timeout,,,,1626246|1627835|202397|202694|202699|202703|202710|203484|203487|203530,1627835|202703|202710|203487|203530,1626246|202397|202694|202699|203484,97.0,242.0,1610612741.0,21601061,True
4,PT03M01.00S,03:01,Q4 03:01,3.0166666666666666,471,timeout,Pistons Timeout: Regular (Reg.4 Short 1),[],,0,0,,False,False,0.0,,3pt made,substitution,,,,1626246|1627835|202397|202694|202699|202703|202710|203484|203487|203530,1626246|202397|202694|202699|203484,1627835|202703|202710|203487|203530,,,1610612765.0,21601061,True
4,PT03M01.00S,03:01,Q4 03:01,3.0166666666666666,475,substitution,SUB out: P. Zipser,[],Zipser,0,0,,False,False,1627835.0,,timeout,substitution,,,,1626246|202397|202694|202699|202703|202710|203484|203487|203530,202703|202710|203487|203530,1626246|202397|202694|202699|203484,,,1610612741.0,21601061,False
4,PT03M01.00S,03:01,Q4 03:01,3.0166666666666666,476,substitution,SUB out: N. Mirotic,[],Mirotic,0,0,,False,False,202703.0,,substitution,substitution,,,,1626246|202397|202694|202699|202710|203484|203487|203530,202710|203487|203530,1626246|202397|202694|202699|203484,,,1610612741.0,21601061,False
4,PT03M01.00S,03:01,Q4 03:01,3.0166666666666666,477,substitution,SUB out: J. Butler,[],Butler,0,0,,False,False,202710.0,,substitution,substitution,,,,1626246|202397|202694|202699|203484|203487|203530,203487|203530,1626246|202397|202694|202699|203484,,,1610612741.0,21601061,False
4,PT03M01.00S,03:01,Q4 03:01,3.0166666666666666,478,substitution,SUB out: M. Carter-Williams,[],Carter-Williams,0,0,,False,False,203487.0,,substitution,substitution,,,,1626246|202397|202694|202699|203484|203530,203530,1626246|202397|202694|202699|203484,,,1610612741.0,21601061,False
4,PT03M01.00S,03:01,Q4 03:01,3.0166666666666666,479,substitution,SUB out: T. Harris,[],Harris,0,0,,False,False,202699.0,,substitution,substitution,,,,1626246|202397|202694|203484|203530,1626246|202397|202694|203484,203530,,,1610612765.0,21601061,False
4,PT03M01.00S,03:01,Q4 03:01,3.0166666666666666,480,substitution,SUB out: M. Morris Sr.,[],Morris Sr.,0,0,,False,False,202694.0,,substitution,substitution,,,,1626246|202397|203484|203530,1626246|202397|203484,203530,,,1610612765.0,21601061,False
4,PT03M01.00S,03:01,Q4 03:01,3.0166666666666666,481,substitution,SUB out: K. Caldwell-Pope,[],Caldwell-Pope,0,0,,False,False,203484.0,,substitution,substitution,,,,1626246|202397|203530,1626246|202397,203530,,,1610612765.0,21601061,False
4,PT03M01.00S,03:01,Q4 03:01,3.0166666666666666,482,substitution,SUB out: I. Smith,[],Smith,0,0,,False,False,202397.0,,substitution,substitution,,,,1626246|203530,1626246,203530,,,1610612765.0,21601061,False
4,PT03M01.00S,03:01,Q4 03:01,3.0166666666666666,483,substitution,SUB in: A. Morrow,[],Morrow,0,0,,False,False,201627.0,,substitution,substitution,,,,1626246|201627|203530,201627|203530,1626246,,,1610612741.0,21601061,False
4,PT03M01.00S,03:01,Q4 03:01,3.0166666666666666,484,substitution,SUB in: I. Canaan,[],Canaan,0,0,,False,False,203477.0,,substitution,substitution,,,,1626246|201627|203477|203530,201627|203477|203530,1626246,,,1610612741.0,21601061,False
4,PT03M01.00S,03:01,Q4 03:01,3.0166666666666666,485,substitution,SUB in: J. Grant,[],Grant,0,0,,False,False,1626170.0,,substitution,substitution,,,,1626170|1626246|201627|203477|203530,1626170|201627|203477|203530,1626246,,,1610612741.0,21601061,False
4,PT03M01.00S,03:01,Q4 03:01,3.0166666666666666,486,substitution,SUB in: B. Portis,[],Portis,0,0,,False,False,1626171.0,,substitution,substitution,,,,1626170|1626171|1626246|201627|203477|203530,1626170|1626171|201627|203477|203530,1626246,,,1610612741.0,21601061,False
4,PT03M01.00S,03:01,Q4 03:01,3.0166666666666666,487,substitution,SUB in: D. Hilliard,[],Hilliard,0,0,,False,False,1626199.0,,substitution,substitution,,,,1626170|1626171|1626199|1626246|201627|203477|203530,1626199|1626246,1626170|1626171|201627|203477|203530,,,1610612765.0,21601061,False
4,PT03M01.00S,03:01,Q4 03:01,3.0166666666666666,488,substitution,SUB in: J. Leuer,[],Leuer,0,0,,False,False,202720.0,,substitution,substitution,,,,1626170|1626171|1626199|1626246|201627|202720|203477|203530,1626199|1626246|202720,1626170|1626171|201627|203477|203530,,,1610612765.0,21601061,False
4,PT03M01.00S,03:01,Q4 03:01,3.0166666666666666,489,substitution,SUB in: B. Udrih,[],Udrih,0,0,,False,False,2757.0,,substitution,substitution,,,,1626170|1626171|1626199|1626246|201627|202720|203477|203530|2757,1626199|1626246|202720|2757,1626170|1626171|201627|203477|203530,,,1610612765.0,21601061,False
4,PT03M01.00S,03:01,Q4 03:01,3.0166666666666666,490,substitution,SUB in: S. Johnson,[],Johnson,0,0,,False,False,1626169.0,,substitution,foul,,,,1626169|1626170|1626171|1626199|1626246|201627|202720|203477|203530|2757,1626169|1626199|1626246|202720|2757,1626170|1626171|201627|203477|203530,,,1610612765.0,21601061,True
4,PT02M46.00S,02:46,Q4 02:46,2.7666666666666666,482,foul,Lauvergne P.FOUL (P2.PN) (M.McCutchen),['inpenalty'],Lauvergne,0,0,,False,False,203530.0,,substitution,freethrow,1626246.0,,,1626169|1626170|1626171|1626199|1626246|201627|202720|203477|203530|2757,1626170|1626171|201627|203477|203530,1626169|1626199|1626246|202720|2757,,,1610612741.0,21601061,True
4,PT02M46.00S,02:46,Q4 02:46,2.7666666666666666,483,freethrow,MISS Marjanovic Free Throw 1 of 2,[],Marjanovic,0,0,Missed,False,False,1626246.0,,foul,rebound,,,,1626169|1626170|1626171|1626199|1626246|201627|202720|203477|203530|2757,1626169|1626199|1626246|202720|2757,1626170|1626171|201627|203477|203530,,,1610612765.0,21601061,True
4,PT02M46.00S,02:46,Q4 02:46,2.7666666666666666,484,rebound,TEAM offensive REBOUND,['team'],,0,0,,False,False,0.0,,freethrow,freethrow,,,,1626169|1626170|1626171|1626199|1626246|201627|202720|203477|203530|2757,1626169|1626199|1626246|202720|2757,1626170|1626171|201627|203477|203530,,,1610612765.0,21601061,True
4,PT02M46.00S,02:46,Q4 02:46,2.7666666666666666,485,freethrow,Marjanovic Free Throw 2 of 2 (3 PTS),['2ndchance'],Marjanovic,111,89,Made,False,False,1626246.0,,rebound,3pt made,,,,1626169|1626170|1626171|1626199|1626246|201627|202720|203477|203530|2757,1626169|1626199|1626246|202720|2757,1626170|1626171|201627|203477|203530,,,1610612765.0,21601061,True
4,PT02M20.00S,02:20,Q4 02:20,2.3333333333333335,487,3pt,Grant 25' 3PT Jump Shot (7 PTS),[],Grant,114,89,Made,True,False,1626170.0,,freethrow,2pt made,,,,1626169|1626170|1626171|1626199|1626246|201627|202720|203477|203530|2757,1626170|1626171|201627|203477|203530,1626169|1626199|1626246|202720|2757,12.0,254.0,1610612741.0,21601061,True
4,PT02M00.00S,02:00,Q4 02:00,2.0,489,2pt,Marjanovic 1' Layup (5 PTS) (Leuer 1 AST),['pointsinthepaint'],Marjanovic,114,91,Made,True,True,1626246.0,202720.0,3pt made,2pt missed,,,,1626169|1626170|1626171|1626199|1626246|201627|202720|203477|203530|2757,1626169|1626199|1626246|202720|2757,1626170|1626171|201627|203477|203530,10.0,11.0,1610612765.0,21601061,True
4,PT01M35.00S,01:35,Q4 01:35,1.5833333333333335,491,2pt,MISS Morrow 21' Step Back Jump Shot,[],Morrow,0,0,Missed,True,False,201627.0,,2pt made,rebound,,,,1626169|1626170|1626171|1626199|1626246|201627|202720|203477|203530|2757,1626170|1626171|201627|203477|203530,1626169|1626199|1626246|202720|2757,-207.0,-1.0,1610612741.0,21601061,True
4,PT01M33.00S,01:33,Q4 01:33,1.55,492,rebound,Udrih REBOUND (Off:0 Def:1),[],Udrih,0,0,,False,False,2757.0,,2pt missed,3pt missed,,,,1626169|1626170|1626171|1626199|1626246|201627|202720|203477|203530|2757,1626169|1626199|1626246|202720|2757,1626170|1626171|201627|203477|203530,,,1610612765.0,21601061,True
4,PT01M28.00S,01:28,Q4 01:28,1.4666666666666668,493,3pt,MISS Hilliard 25' 3PT Jump Shot,[],Hilliard,0,0,Missed,True,False,1626199.0,,rebound,rebound,,,,1626169|1626170|1626171|1626199|1626246|201627|202720|203477|203530|2757,1626169|1626199|1626246|202720|2757,1626170|1626171|201627|203477|203530,-199.0,159.0,1610612765.0,21601061,True
4,PT01M27.00S,01:27,Q4 01:27,1.45,494,rebound,Leuer REBOUND (Off:4 Def:1),[],Leuer,0,0,,False,False,202720.0,,3pt missed,2pt made,,,,1626169|1626170|1626171|1626199|1626246|201627|202720|203477|203530|2757,1626169|1626199|1626246|202720|2757,1626170|1626171|201627|203477|203530,,,1610612765.0,21601061,True
4,PT01M27.00S,01:27,Q4 01:27,1.45,495,2pt,Leuer 1' Putback Layup (13 PTS),['pointsinthepaint'],Leuer,114,93,Made,True,False,202720.0,,rebound,2pt missed,,,,1626169|1626170|1626171|1626199|1626246|201627|202720|203477|203530|2757,1626169|1626199|1626246|202720|2757,1626170|1626171|201627|203477|203530,9.0,7.0,1610612765.0,21601061,True
4,PT01M09.00S,01:09,Q4 01:09,1.15,497,2pt,MISS Portis 20' Pullup Jump Shot,[],Portis,0,0,Missed,True,False,1626171.0,,2pt made,rebound,,,,1626169|1626170|1626171|1626199|1626246|201627|202720|203477|203530|2757,1626170|1626171|201627|203477|203530,1626169|1626199|1626246|202720|2757,-68.0,188.0,1610612741.0,21601061,True
4,PT01M08.00S,01:08,Q4 01:08,1.1333333333333333,498,rebound,Leuer REBOUND (Off:4 Def:2),[],Leuer,0,0,,False,False,202720.0,,2pt missed,2pt made,,,,1626169|1626170|1626171|1626199|1626246|201627|202720|203477|203530|2757,1626169|1626199|1626246|202720|2757,1626170|1626171|201627|203477|203530,,,1610612765.0,21601061,True
4,PT00M58.90S,00:58,Q4 00:58,0.9816666666666667,499,2pt,Marjanovic 8' Jump Shot (7 PTS),['pointsinthepaint'],Marjanovic,114,95,Made,True,False,1626246.0,,rebound,3pt missed,,,,1626169|1626170|1626171|1626199|1626246|201627|202720|203477|203530|2757,1626169|1626199|1626246|202720|2757,1626170|1626171|201627|203477|203530,76.0,36.0,1610612765.0,21601061,True
4,PT00M47.90S,00:47,Q4 00:47,0.7983333333333333,500,3pt,MISS Canaan 25' 3PT Pullup Jump Shot,[],Canaan,0,0,Missed,True,False,203477.0,,2pt made,rebound,,,,1626169|1626170|1626171|1626199|1626246|201627|202720|203477|203530|2757,1626170|1626171|201627|203477|203530,1626169|1626199|1626246|202720|2757,-130.0,219.0,1610612741.0,21601061,True
4,PT00M46.80S,00:46,Q4 00:46,0.7799999999999999,501,rebound,Marjanovic REBOUND (Off:0 Def:2),[],Marjanovic,0,0,,False,False,1626246.0,,3pt missed,3pt missed,,,,1626169|1626170|1626171|1626199|1626246|201627|202720|203477|203530|2757,1626169|1626199|1626246|202720|2757,1626170|1626171|201627|203477|203530,,,1610612765.0,21601061,True
4,PT00M37.90S,00:37,Q4 00:37,0.6316666666666666,502,3pt,MISS Johnson 26' 3PT Jump Shot,[],Johnson,0,0,Missed,True,False,1626169.0,,rebound,rebound,,,,1626169|1626170|1626171|1626199|1626246|201627|202720|203477|203530|2757,1626169|1626199|1626246|202720|2757,1626170|1626171|201627|203477|203530,169.0,203.0,1610612765.0,21601061,True
4,PT00M36.60S,00:36,Q4 00:36,0.61,503,rebound,Portis REBOUND (Off:1 Def:4),[],Portis,0,0,,False,False,1626171.0,,3pt missed,3pt made,,,,1626169|1626170|1626171|1626199|1626246|201627|202720|203477|203530|2757,1626170|1626171|201627|203477|203530,1626169|1626199|1626246|202720|2757,,,1610612741.0,21601061,True
4,PT00M14.90S,00:14,Q4 00:14,0.24833333333333335,504,3pt,Morrow 24' 3PT Jump Shot (3 PTS) (Portis 2 AST),[],Morrow,117,95,Made,True,True,201627.0,1626171.0,rebound,2pt missed,,,,1626169|1626170|1626171|1626199|1626246|201627|202720|203477|203530|2757,1626170|1626171|201627|203477|203530,1626169|1626199|1626246|202720|2757,-237.0,57.0,1610612741.0,21601061,True
4,PT00M03.90S,00:03,Q4 00:03,0.065,505,2pt,MISS Hilliard 21' Pullup Jump Shot,[],Hilliard,0,0,Missed,True,False,1626199.0,,3pt made,rebound,,,,1626169|1626170|1626171|1626199|1626246|201627|202720|203477|203530|2757,1626169|1626199|1626246|202720|2757,1626170|1626171|201627|203477|203530,84.0,193.0,1610612765.0,21601061,True
4,PT00M01.80S,00:01,Q4 00:01,0.030000000000000002,506,rebound,Portis REBOUND (Off:1 Def:5),[],Portis,0,0,,False,False,1626171.0,,2pt missed,period,,,,1626169|1626170|1626171|1626199|1626246|201627|202720|203477|203530|2757,1626170|1626171|201627|203477|203530,1626169|1626199|1626246|202720|2757,,,1610612741.0,21601061,True
4,PT00M00.00S,00:00,Q4 00:00,0.0,507,period,End of 4th Period (10:11 PM EST),[],,117,95,,False,False,0.0,,rebound,,,,,1626169|1626170|1626171|1626199|1626246|201627|202720|203477|203530|2757,1626170|1626171|201627|203477|203530,1626169|1626199|1626246|202720|2757,,,1610612741.0,21601061,True
