period,clock,clock_display,game_clock,minutes_left_in_game,actionNumber,actionType,description,qualifier,playerName,scoreHome,scoreAway,shotResult,isFieldGoal,assisted,person_id,assister_id,previous_action,next_action,foulDrawnPersonId,stealPersonId,blockPersonId,players_on,off_players_on,def_players_on,xLegacy,yLegacy,teamId,game_id,poc_ok
1,PT12M00.00S,12:00,Q1 12:00,48.0,0,period,Start of 1st Period (10:47 PM EST),[],,0,0,,False,False,0.0,,,2pt missed,,,,201588|201950|202348|203076|203497|203524|203918|204025|204060|2564,201588|203497|203918|204060|2564,201950|202348|203076|203524|204025,,,1610612762.0,21601102,True
1,PT11M45.00S,11:45,Q1 11:45,47.75,2,2pt,MISS Davis 3' Jump Shot,['pointsinthepaint'],Davis,0,0,Missed,True,False,203076.0,,period,block,,,,201588|201950|202348|203076|203497|203524|203918|204025|204060|2564,201950|202348|203076|203524|204025,201588|203497|203918|204060|2564,-1.0,33.0,1610612740.0,21601102,True
1,PT11M45.00S,11:45,Q1 11:45,47.75,2,block,Gobert BLOCK (1 BLK),[],Gobert,0,0,,False,False,203497.0,,2pt missed,rebound,,,203497.0,201588|201950|202348|203076|203497|203524|203918|204025|204060|2564,201588|203497|203918|204060|2564,201950|202348|203076|203524|204025,,,1610612762.0,21601102,True
1,PT11M43.00S,11:43,Q1 11:43,47.71666666666667,3,rebound,Gobert REBOUND (Off:0 Def:1),[],Gobert,0,0,,False,False,203497.0,,block,2pt made,,,,201588|201950|202348|203076|203497|203524|203918|204025|204060|2564,201588|203497|203918|204060|2564,201950|202348|203076|203524|204025,,,1610612762.0,21601102,True
1,PT11M28.00S,11:28,Q1 11:28,47.46666666666667,4,2pt,Hood 11' Jump Shot (2 PTS) (G. Hill 1 AST),['pointsinthepaint'],Hood,2,0,Made,True,True,203918.0,201588.0,rebound,foul,,,,201588|201950|202348|203076|203497|203524|203918|204025|204060|2564,201588|203497|203918|204060|2564,201950|202348|203076|203524|204025,0.0,111.0,1610612762.0,21601102,True
1,PT11M16.00S,11:16,Q1 11:16,47.266666666666666,5,foul,Hood P.FOUL (P1.T1) (E.Lewis),[],Hood,0,0,,False,False,203918.0,,2pt made,2pt made,203076.0,,,201588|201950|202348|203076|203497|203524|203918|204025|204060|2564,201588|203497|203918|204060|2564,201950|202348|203076|203524|204025,,,1610612762.0,21601102,True
1,PT11M06.00S,11:06,Q1 11:06,47.1,6,2pt,Davis  Driving Dunk (2 PTS),['pointsinthepaint'],Davis,2,2,Made,True,False,203076.0,,foul,turnover,,,,201588|201950|202348|203076|203497|203524|203918|204025|204060|2564,201950|202348|203076|203524|204025,201588|203497|203918|204060|2564,0.0,1.0,1610612740.0,21601102,True
1,PT10M44.00S,10:44,Q1 10:44,46.733333333333334,7,turnover,G. Hill Lost Ball Turnover (P1.T1),[],Hill,0,0,,False,False,201588.0,,2pt made,steal,,,,201588|201950|202348|203076|203497|203524|203918|204025|204060|2564,201588|203497|203918|204060|2564,201950|202348|203076|203524|204025,,,1610612762.0,21601102,True
1,PT10M44.00S,10:44,Q1 10:44,46.733333333333334,7,steal,Frazier STEAL (1 STL),[],Frazier,0,0,,False,False,204025.0,,turnover,3pt made,,204025.0,,201588|201950|202348|203076|203497|203524|203918|204025|204060|2564,201950|202348|203076|203524|204025,201588|203497|203918|204060|2564,,,1610612740.0,21601102,True
1,PT10M35.00S,10:35,Q1 10:35,46.583333333333336,8,3pt,S. Hill 24' 3PT Jump Shot (3 PTS) (Frazier 1 AST),[],Hill,2,5,Made,True,True,203524.0,204025.0,steal,3pt missed,,,,201588|201950|202348|203076|203497|203524|203918|204025|204060|2564,201950|202348|203076|203524|204025,201588|203497|203918|204060|2564,-238.0,2.0,1610612740.0,21601102,True
1,PT10M12.00S,10:12,Q1 10:12,46.2,9,3pt,MISS G. Hill 25' 3PT Jump Shot,[],Hill,0,0,Missed,True,False,201588.0,,3pt made,rebound,,,,201588|201950|202348|203076|203497|203524|203918|204025|204060|2564,201588|203497|203918|204060|2564,201950|202348|203076|203524|204025,217.0,120.0,1610612762.0,21601102,True
1,PT10M11.00S,10:11,Q1 10:11,46.18333333333334,10,rebound,Davis REBOUND (Off:0 Def:1),[],Davis,0,0,,False,False,203076.0,,3pt missed,2pt missed,,,,201588|201950|202348|203076|203497|203524|203918|204025|204060|2564,201950|202348|203076|203524|204025,201588|203497|203918|204060|2564,,,1610612740.0,21601102,True
1,PT09M58.00S,09:58,Q1 09:58,45.96666666666667,11,2pt,MISS Davis 19' Jump Shot,[],Davis,0,0,Missed,True,False,203076.0,,rebound,rebound,,,,201588|201950|202348|203076|203497|203524|203918|204025|204060|2564,201950|202348|203076|203524|204025,201588|203497|203918|204060|2564,-137.0,131.0,1610612740.0,21601102,True
1,PT09M58.00S,09:58,Q1 09:58,45.96666666666667,12,rebound,Gobert REBOUND (Off:0 Def:2),[],Gobert,0,0,,False,False,203497.0,,2pt missed,2pt made,,,,201588|201950|202348|203076|203497|203524|203918|204025|204060|2564,201588|203497|203918|204060|2564,201950|202348|203076|203524|204025,,,1610612762.0,21601102,True
1,PT09M49.00S,09:49,Q1 09:49,45.81666666666666,13,2pt,G. Hill 20' Jump Shot (2 PTS),[],Hill,4,5,Made,True,False,201588.0,,rebound,turnover,,,,201588|201950|202348|203076|203497|203524|203918|204025|204060|2564,201588|203497|203918|204060|2564,201950|202348|203076|203524|204025,140.0,136.0,1610612762.0,21601102,True
1,PT09M36.00S,09:36,Q1 09:36,45.6,14,turnover,Frazier Bad Pass Turnover (P1.T1),[],Frazier,0,0,,False,False,204025.0,,2pt made,steal,,,,201588|201950|202348|203076|203497|203524|203918|204025|204060|2564,201950|202348|203076|203524|204025,201588|203497|203918|204060|2564,,,1610612740.0,21601102,True
1,PT09M36.00S,09:36,Q1 09:36,45.6,14,steal,G. Hill STEAL (1 STL),[],Hill,0,0,,False,False,201588.0,,turnover,3pt missed,,201588.0,,201588|201950|202348|203076|203497|203524|203918|204025|204060|2564,201588|203497|203918|204060|2564,201950|202348|203076|203524|204025,,,1610612762.0,21601102,True
1,PT09M28.00S,09:28,Q1 09:28,45.46666666666667,15,3pt,MISS Hood  3PT Jump Shot,[],Hood,0,0,Missed,True,False,203918.0,,steal,rebound,,,,201588|201950|202348|203076|203497|203524|203918|204025|204060|2564,201588|203497|203918|204060|2564,201950|202348|203076|203524|204025,232.0,-6.0,1610612762.0,21601102,True
1,PT09M27.00S,09:27,Q1 09:27,45.45,16,rebound,Gobert REBOUND (Off:1 Def:2),[],Gobert,0,0,,False,False,203497.0,,3pt missed,2pt missed,,,,201588|201950|202348|203076|203497|203524|203918|204025|204060|2564,201588|203497|203918|204060|2564,201950|202348|203076|203524|204025,,,1610612762.0,21601102,True
1,PT09M13.00S,09:13,Q1 09:13,45.21666666666667,17,2pt,MISS Diaw 3' Layup,['pointsinthepaint'],Diaw,0,0,Missed,True,False,2564.0,,rebound,rebound,,,,201588|201950|202348|203076|203497|203524|203918|204025|204060|2564,201588|203497|203918|204060|2564,201950|202348|203076|203524|204025,28.0,8.0,1610612762.0,21601102,True
1,PT09M12.00S,09:12,Q1 09:12,45.2,18,rebound,S. Hill REBOUND (Off:0 Def:1),[],Hill,0,0,,False,False,203524.0,,2pt missed,2pt missed,,,,201588|201950|202348|203076|203497|203524|203918|204025|204060|2564,201950|202348|203076|203524|204025,201588|203497|203918|204060|2564,,,1610612740.0,21601102,True
1,PT08M57.00S,08:57,Q1 08:57,44.95,19,2pt,MISS Holiday 2' Layup,['pointsinthepaint'],Holiday,0,0,Missed,True,False,201950.0,,rebound,block,,,,201588|201950|202348|203076|203497|203524|203918|204025|204060|2564,201950|202348|203076|203524|204025,201588|203497|203918|204060|2564,9.0,18.0,1610612740.0,21601102,True
1,PT08M57.00S,08:57,Q1 08:57,44.95,19,block,Gobert BLOCK (2 BLK),[],Gobert,0,0,,False,False,203497.0,,2pt missed,rebound,,,203497.0,201588|201950|202348|203076|203497|203524|203918|204025|204060|2564,201588|203497|203918|204060|2564,201950|202348|203076|203524|204025,,,1610612762.0,21601102,True
1,PT08M56.00S,08:56,Q1 08:56,44.93333333333334,20,rebound,Hood REBOUND (Off:0 Def:1),[],Hood,0,0,,False,False,203918.0,,block,2pt missed,,,,201588|201950|202348|203076|203497|203524|203918|204025|204060|2564,201588|203497|203918|204060|2564,201950|202348|203076|203524|204025,,,1610612762.0,21601102,True
1,PT08M46.00S,08:46,Q1 08:46,44.766666666666666,21,2pt,MISS G. Hill 16' Jump Shot,[],Hill,0,0,Missed,True,False,201588.0,,rebound,rebound,,,,201588|201950|202348|203076|203497|203524|203918|204025|204060|2564,201588|203497|203918|204060|2564,201950|202348|203076|203524|204025,156.0,2.0,1610612762.0,21601102,True
1,PT08M46.00S,08:46,Q1 08:46,44.766666666666666,22,rebound,Davis REBOUND (Off:0 Def:2),[],Davis,0,0,,False,False,203076.0,,2pt missed,2pt missed,,,,201588|201950|202348|203076|203497|203524|203918|204025|204060|2564,201950|202348|203076|203524|204025,201588|203497|203918|204060|2564,,,1610612740.0,21601102,True
1,PT08M32.00S,08:32,Q1 08:32,44.53333333333333,23,2pt,MISS Davis 17' Jump Shot,[],Davis,0,0,Missed,True,False,203076.0,,rebound,rebound,,,,201588|201950|202348|203076|203497|203524|203918|204025|204060|2564,201950|202348|203076|203524|204025,201588|203497|203918|204060|2564,33.0,165.0,1610612740.0,21601102,True
1,PT08M32.00S,08:32,Q1 08:32,44.53333333333333,24,rebound,G. Hill REBOUND (Off:0 Def:1),[],Hill,0,0,,False,False,201588.0,,2pt missed,2pt missed,,,,201588|201950|202348|203076|203497|203524|203918|204025|204060|2564,201588|203497|203918|204060|2564,201950|202348|203076|203524|204025,,,1610612762.0,21601102,True
1,PT08M23.00S,08:23,Q1 08:23,44.38333333333333,25,2pt,MISS Ingles 1' Layup,['pointsinthepaint'],Ingles,0,0,Missed,True,False,204060.0,,rebound,block,,,,201588|201950|202348|203076|203497|203524|203918|204025|204060|2564,201588|203497|203918|204060|2564,201950|202348|203076|203524|204025,-9.0,11.0,1610612762.0,21601102,True
1,PT08M23.00S,08:23,Q1 08:23,44.38333333333333,25,block,S. Hill BLOCK (1 BLK),[],Hill,0,0,,False,False,203524.0,,2pt missed,rebound,,,203524.0,201588|201950|202348|203076|203497|203524|203918|204025|204060|2564,201950|202348|203076|203524|204025,201588|203497|203918|204060|2564,,,1610612740.0,21601102,True
1,PT08M21.00S,08:21,Q1 08:21,44.35,26,rebound,S. Hill REBOUND (Off:0 Def:2),[],Hill,0,0,,False,False,203524.0,,block,2pt made,,,,201588|201950|202348|203076|203497|203524|203918|204025|204060|2564,201950|202348|203076|203524|204025,201588|203497|203918|204060|2564,,,1610612740.0,21601102,True
1,PT08M17.00S,08:17,Q1 08:17,44.28333333333333,27,2pt,S. Hill 7' Jump Shot (5 PTS),['pointsinthepaint'],Hill,4,7,Made,True,False,203524.0,,rebound,foul,,,,201588|201950|202348|203076|203497|203524|203918|204025|204060|2564,201950|202348|203076|203524|204025,201588|203497|203918|204060|2564,30.0,61.0,1610612740.0,21601102,True
1,PT08M17.00S,08:17,Q1 08:17,44.28333333333333,28,foul,Ingles S.FOUL (P1.T2) (J.Capers),[],Ingles,0,0,,False,False,204060.0,,2pt made,freethrow,203524.0,,,201588|201950|202348|203076|203497|203524|203918|204025|204060|2564,201588|203497|203918|204060|2564,201950|202348|203076|203524|204025,,,1610612762.0,21601102,True
1,PT08M17.00S,08:17,Q1 08:17,44.28333333333333,30,freethrow,MISS S. Hill Free Throw 1 of 1,[],Hill,0,0,Missed,False,False,203524.0,,foul,substitution,,,,201588|201950|202348|203076|203497|203524|203918|204025|204060|2564,201950|202348|203076|203524|204025,201588|203497|203918|204060|2564,,,1610612740.0,21601102,True
1,PT08M17.00S,08:17,Q1 08:17,44.28333333333333,29,substitution,SUB out: B. Diaw,[],Diaw,0,0,,False,False,2564.0,,freethrow,substitution,,,,201588|201950|202348|203076|203497|203524|203918|204025|204060,201588|203497|203918|204060,201950|202348|203076|203524|204025,,,1610612762.0,21601102,False
1,PT08M17.00S,08:17,Q1 08:17,44.28333333333333,30,substitution,SUB in: J. Johnson,[],Johnson,0,0,,False,False,2207.0,,substitution,rebound,,,,201588|201950|202348|203076|203497|203524|203918|204025|204060|2207,201588|203497|203918|204060|2207,201950|202348|203076|203524|204025,,,1610612762.0,21601102,True
1,PT08M14.00S,08:14,Q1 08:14,44.233333333333334,32,rebound,Gobert REBOUND (Off:1 Def:3),[],Gobert,0,0,,False,False,203497.0,,substitution,2pt made,,,,201588|201950|202348|203076|203497|203524|203918|204025|204060|2207,201588|203497|203918|204060|2207,201950|202348|203076|203524|204025,,,1610612762.0,21601102,True
1,PT08M03.00S,08:03,Q1 08:03,44.05,33,2pt,Gobert  Dunk (2 PTS) (Ingles 1 AST),['pointsinthepaint'],Gobert,6,7,Made,True,True,203497.0,204060.0,rebound,2pt made,,,,201588|201950|202348|203076|203497|203524|203918|204025|204060|2207,201588|203497|203918|204060|2207,201950|202348|203076|203524|204025,0.0,1.0,1610612762.0,21601102,True
1,PT07M48.00S,07:48,Q1 07:48,43.8,34,2pt,Davis 1' Driving Layup (4 PTS) (Frazier 2 AST),['pointsinthepaint'],Davis,6,9,Made,True,True,203076.0,204025.0,2pt made,2pt made,,,,201588|201950|202348|203076|203497|203524|203918|204025|204060|2207,201950|202348|203076|203524|204025,201588|203497|203918|204060|2207,-11.0,7.0,1610612740.0,21601102,True
1,PT07M31.00S,07:31,Q1 07:31,43.516666666666666,35,2pt,Hood 17' Pullup Jump Shot (4 PTS),[],Hood,8,9,Made,True,False,203918.0,,2pt made,2pt missed,,,,201588|201950|202348|203076|203497|203524|203918|204025|204060|2207,201588|203497|203918|204060|2207,201950|202348|203076|203524|204025,-137.0,95.0,1610612762.0,21601102,True
1,PT07M20.00S,07:20,Q1 07:20,43.333333333333336,36,2pt,MISS Holiday 3' Layup,['pointsinthepaint'],Holiday,0,0,Missed,True,False,201950.0,,2pt made,block,,,,201588|201950|202348|203076|203497|203524|203918|204025|204060|2207,201950|202348|203076|203524|204025,201588|203497|203918|204060|2207,-25.0,13.0,1610612740.0,21601102,True
1,PT07M20.00S,07:20,Q1 07:20,43.333333333333336,36,block,Gobert BLOCK (3 BLK),[],Gobert,0,0,,False,False,203497.0,,2pt missed,rebound,,,203497.0,201588|201950|202348|203076|203497|203524|203918|204025|204060|2207,201588|203497|203918|204060|2207,201950|202348|203076|203524|204025,,,1610612762.0,21601102,True
1,PT07M18.00S,07:18,Q1 07:18,43.3,37,rebound,Holiday REBOUND (Off:1 Def:0),[],Holiday,0,0,,False,False,201950.0,,block,2pt made,,,,201588|201950|202348|203076|203497|203524|203918|204025|204060|2207,201950|202348|203076|203524|204025,201588|203497|203918|204060|2207,,,1610612740.0,21601102,True
1,PT07M12.00S,07:12,Q1 07:12,43.2,38,2pt,Holiday 2' Layup (2 PTS),['pointsinthepaint'],Holiday,8,11,Made,True,False,201950.0,,rebound,3pt made,,,,201588|201950|202348|203076|203497|203524|203918|204025|204060|2207,201950|202348|203076|203524|204025,201588|203497|203918|204060|2207,-12.0,16.0,1610612740.0,21601102,True
1,PT06M57.00S,06:57,Q1 06:57,42.95,39,3pt,Hood 24' 3PT Jump Shot (7 PTS) (G. Hill 2 AST),[],Hood,11,11,Made,True,True,203918.0,201588.0,2pt made,turnover,,,,201588|201950|202348|203076|203497|203524|203918|204025|204060|2207,201588|203497|203918|204060|2207,201950|202348|203076|203524|204025,-38.0,242.0,1610612762.0,21601102,True
1,PT06M45.00S,06:45,Q1 06:45,42.75,40,turnover,Frazier Bad Pass Turnover (P2.T2),[],Frazier,0,0,,False,False,204025.0,,3pt made,steal,,,,201588|201950|202348|203076|203497|203524|203918|204025|204060|2207,201950|202348|203076|203524|204025,201588|203497|203918|204060|2207,,,1610612740.0,21601102,True
1,PT06M45.00S,06:45,Q1 06:45,42.75,40,steal,Ingles STEAL (1 STL),[],Ingles,0,0,,False,False,204060.0,,turnover,2pt made,,204060.0,,201588|201950|202348|203076|203497|203524|203918|204025|204060|2207,201588|203497|203918|204060|2207,201950|202348|203076|203524|204025,,,1610612762.0,21601102,True
1,PT06M34.00S,06:34,Q1 06:34,42.56666666666666,41,2pt,Gobert  Reverse Dunk (4 PTS) (Hood 1 AST),['pointsinthepaint'],Gobert,13,11,Made,True,True,203497.0,203918.0,steal,2pt made,,,,201588|201950|202348|203076|203497|203524|203918|204025|204060|2207,201588|203497|203918|204060|2207,201950|202348|203076|203524|204025,0.0,1.0,1610612762.0,21601102,True
1,PT06M18.00S,06:18,Q1 06:18,42.3,42,2pt,Davis 20' Jump Shot (6 PTS) (Frazier 3 AST),[],Davis,13,13,Made,True,True,203076.0,204025.0,2pt made,timeout,,,,201588|201950|202348|203076|203497|203524|203918|204025|204060|2207,201950|202348|203076|203524|204025,201588|203497|203918|204060|2207,-84.0,183.0,1610612740.0,21601102,True
1,PT06M11.00S,06:11,Q1 06:11,42.18333333333334,43,timeout,JAZZ Timeout: Regular (Full 1 Short 0),[],,0,0,,False,False,0.0,,2pt made,substitution,,,,201588|201950|202348|203076|203497|203524|203918|204025|204060|2207,201588|203497|203918|204060|2207,201950|202348|203076|203524|204025,,,1610612762.0,21601102,True
1,PT06M11.00S,06:11,Q1 06:11,42.18333333333334,45,substitution,SUB out: R. Hood,[],Hood,0,0,,False,False,203918.0,,timeout,substitution,,,,201588|201950|202348|203076|203497|203524|204025|204060|2207,201588|203497|204060|2207,201950|202348|203076|203524|204025,,,1610612762.0,21601102,False
1,PT06M11.00S,06:11,Q1 06:11,42.18333333333334,46,substitution,SUB out: T. Frazier,[],Frazier,0,0,,False,False,204025.0,,substitution,substitution,,,,201588|201950|202348|203076|203497|203524|204060|2207,201950|202348|203076|203524,201588|203497|204060|2207,,,1610612740.0,21601102,False
1,PT06M11.00S,06:11,Q1 06:11,42.18333333333334,47,substitution,SUB out: S. Hill,[],Hill,0,0,,False,False,203524.0,,substitution,substitution,,,,201588|201950|202348|203076|203497|204060|2207,201950|202348|203076,201588|203497|204060|2207,,,1610612740.0,21601102,False
1,PT06M11.00S,06:11,Q1 06:11,42.18333333333334,48,substitution,SUB in: D. Exum,[],Exum,0,0,,False,False,203957.0,,substitution,substitution,,,,201588|201950|202348|203076|203497|203957|204060|2207,201588|203497|203957|204060|2207,201950|202348|203076,,,1610612762.0,21601102,False
1,PT06M11.00S,06:11,Q1 06:11,42.18333333333334,49,substitution,SUB in: J. Crawford,[],Crawford,0,0,,False,False,202348.0,,substitution,substitution,,,,201588|201950|202348|203076|203497|203957|204060|2207,201950|202348|203076,201588|203497|203957|204060|2207,,,1610612740.0,21601102,False
1,PT06M11.00S,06:11,Q1 06:11,42.18333333333334,50,substitution,SUB in: E. Moore,[],Moore,0,0,,False,False,202734.0,,substitution,2pt made,,,,201588|201950|202348|202734|203076|203497|203957|204060|2207,201950|202348|202734|203076,201588|203497|203957|204060|2207,,,1610612740.0,21601102,False
1,PT06M05.00S,06:05,Q1 06:05,42.083333333333336,48,2pt,G. Hill 12' Floating Jump Shot (4 PTS),['pointsinthepaint'],Hill,15,13,Made,True,False,201588.0,,substitution,foul,,,,201588|201950|202348|202734|203076|203497|203957|204060|2207,201588|203497|203957|204060|2207,201950|202348|202734|203076,69.0,100.0,1610612762.0,21601102,False
1,PT05M53.00S,05:53,Q1 05:53,41.88333333333333,49,foul,G. Hill S.FOUL (P1.T3) (J.Capers),[],Hill,0,0,,False,False,201588.0,,2pt made,freethrow,203076.0,,,201588|201950|202348|202734|203076|203497|203957|204060|2207,201588|203497|203957|204060|2207,201950|202348|202734|203076,,,1610612762.0,21601102,False
1,PT05M53.00S,05:53,Q1 05:53,41.88333333333333,50,freethrow,Davis Free Throw 1 of 2 (7 PTS),[],Davis,15,14,Made,False,False,203076.0,,foul,freethrow,,,,201588|201950|202348|202734|203076|203497|203957|204060|2207,201950|202348|202734|203076,201588|203497|203957|204060|2207,,,1610612740.0,21601102,False
1,PT05M53.00S,05:53,Q1 05:53,41.88333333333333,52,freethrow,Davis Free Throw 2 of 2 (8 PTS),[],Davis,15,15,Made,False,False,203076.0,,freethrow,2pt missed,,,,201588|201950|202348|202734|203076|203497|203957|204060|2207,201950|202348|202734|203076,201588|203497|203957|204060|2207,,,1610612740.0,21601102,False
1,PT05M36.00S,05:36,Q1 05:36,41.6,54,2pt,MISS Ingles 16' Floating Jump Shot,[],Ingles,0,0,Missed,True,False,204060.0,,freethrow,rebound,,,,201588|201950|202348|202734|203076|203497|203957|204060|2207,201588|203497|203957|204060|2207,201950|202348|202734|203076,-114.0,115.0,1610612762.0,21601102,False
1,PT05M35.00S,05:35,Q1 05:35,41.583333333333336,55,rebound,Davis REBOUND (Off:0 Def:3),[],Davis,0,0,,False,False,203076.0,,2pt missed,2pt missed,,,,201588|201950|202348|202734|203076|203497|203957|204060|2207,201950|202348|202734|203076,201588|203497|203957|204060|2207,,,1610612740.0,21601102,False
1,PT05M25.00S,05:25,Q1 05:25,41.416666666666664,56,2pt,MISS Crawford 9' Jump Shot,[],Crawford,0,0,Missed,True,False,202348.0,,rebound,rebound,,,,201588|201950|202348|202734|203076|203497|203957|204060|2207,201950|202348|202734|203076,201588|203497|203957|204060|2207,84.0,26.0,1610612740.0,21601102,False
1,PT05M25.00S,05:25,Q1 05:25,41.416666666666664,57,rebound,Exum REBOUND (Off:0 Def:1),[],Exum,0,0,,False,False,203957.0,,2pt missed,2pt made,,,,201588|201950|202348|202734|203076|203497|203957|204060|2207,201588|203497|203957|204060|2207,201950|202348|202734|203076,,,1610612762.0,21601102,False
1,PT05M17.00S,05:17,Q1 05:17,41.28333333333333,58,2pt,G. Hill 15' Jump Shot (6 PTS),[],Hill,17,15,Made,True,False,201588.0,,rebound,3pt missed,,,,201588|201950|202348|202734|203076|203497|203957|204060|2207,201588|203497|203957|204060|2207,201950|202348|202734|203076,6.0,149.0,1610612762.0,21601102,False
1,PT05M00.00S,05:00,Q1 05:00,41.0,59,3pt,MISS Holiday 25' 3PT Jump Shot,[],Holiday,0,0,Missed,True,False,201950.0,,2pt made,rebound,,,,201588|201950|202348|202734|203076|203497|203957|204060|2207,201950|202348|202734|203076,201588|203497|203957|204060|2207,-142.0,203.0,1610612740.0,21601102,False
1,PT05M00.00S,05:00,Q1 05:00,41.0,62,rebound,TEAM defensive REBOUND,['team'],,0,0,,False,False,0.0,,3pt missed,2pt made,,,,201588|201950|202348|202734|203076|203497|203957|204060|2207,201588|203497|203957|204060|2207,201950|202348|202734|203076,,,1610612762.0,21601102,False
1,PT04M40.00S,04:40,Q1 04:40,40.666666666666664,63,2pt,Johnson 9' Jump Shot (2 PTS),[],Johnson,19,15,Made,True,False,2207.0,,rebound,2pt missed,,,,201588|201950|202348|202734|203076|203497|203957|204060|2207,201588|203497|203957|204060|2207,201950|202348|202734|203076,87.0,36.0,1610612762.0,21601102,False
1,PT04M31.00S,04:31,Q1 04:31,40.516666666666666,64,2pt,MISS Davis 3' Jump Shot,['pointsinthepaint'],Davis,0,0,Missed,True,False,203076.0,,2pt made,block,,,,201588|201950|202348|202734|203076|203497|203957|204060|2207,201950|202348|202734|203076,201588|203497|203957|204060|2207,30.0,2.0,1610612740.0,21601102,False
1,PT04M31.00S,04:31,Q1 04:31,40.516666666666666,64,block,Gobert BLOCK (4 BLK),[],Gobert,0,0,,False,False,203497.0,,2pt missed,rebound,,,203497.0,201588|201950|202348|202734|203076|203497|203957|204060|2207,201588|203497|203957|204060|2207,201950|202348|202734|203076,,,1610612762.0,21601102,False
1,PT04M30.00S,04:30,Q1 04:30,40.5,65,rebound,Johnson REBOUND (Off:0 Def:1),[],Johnson,0,0,,False,False,2207.0,,block,2pt made,,,,201588|201950|202348|202734|203076|203497|203957|204060|2207,201588|203497|203957|204060|2207,201950|202348|202734|203076,,,1610612762.0,21601102,False
1,PT04M19.00S,04:19,Q1 04:19,40.31666666666666,66,2pt,Gobert  Dunk (6 PTS) (Johnson 1 AST),['pointsinthepaint'],Gobert,21,15,Made,True,True,203497.0,2207.0,rebound,timeout,,,,201588|201950|202348|202734|203076|203497|203957|204060|2207,201588|203497|203957|204060|2207,201950|202348|202734|203076,0.0,1.0,1610612762.0,21601102,False
1,PT04M19.00S,04:19,Q1 04:19,40.31666666666666,68,timeout,Pelicans Timeout: Regular (Reg.1 Short 0),[],,0,0,,False,False,0.0,,2pt made,turnover,,,,201588|201950|202348|202734|203076|203497|203957|204060|2207,201950|202348|202734|203076,201588|203497|203957|204060|2207,,,1610612740.0,21601102,False
1,PT04M02.00S,04:02,Q1 04:02,40.03333333333333,70,turnover,Moore Bad Pass Turnover (P1.T3),[],Moore,0,0,,False,False,202734.0,,timeout,steal,,,,201588|201950|202348|202734|203076|203497|203957|204060|2207,201950|202348|202734|203076,201588|203497|203957|204060|2207,,,1610612740.0,21601102,False
1,PT04M02.00S,04:02,Q1 04:02,40.03333333333333,70,steal,Ingles STEAL (2 STL),[],Ingles,0,0,,False,False,204060.0,,turnover,3pt made,,204060.0,,201588|201950|202348|202734|203076|203497|203957|204060|2207,201588|203497|203957|204060|2207,201950|202348|202734|203076,,,1610612762.0,21601102,False
1,PT03M51.00S,03:51,Q1 03:51,39.85,71,3pt,G. Hill 24' 3PT Jump Shot (9 PTS) (Ingles 2 AST),[],Hill,24,15,Made,True,True,201588.0,204060.0,steal,foul,,,,201588|201950|202348|202734|203076|203497|203957|204060|2207,201588|203497|203957|204060|2207,201950|202348|202734|203076,-235.0,21.0,1610612762.0,21601102,False
1,PT03M38.00S,03:38,Q1 03:38,39.63333333333333,72,foul,Gobert S.FOUL (P1.T4) (M.Ervin),[],Gobert,0,0,,False,False,203497.0,,3pt made,freethrow,203076.0,,,201588|201950|202348|202734|203076|203497|203957|204060|2207,201588|203497|203957|204060|2207,201950|202348|202734|203076,,,1610612762.0,21601102,False
1,PT03M38.00S,03:38,Q1 03:38,39.63333333333333,73,freethrow,MISS Davis Free Throw 1 of 2,[],Davis,0,0,Missed,False,False,203076.0,,foul,rebound,,,,201588|201950|202348|202734|203076|203497|203957|204060|2207,201950|202348|202734|203076,201588|203497|203957|204060|2207,,,1610612740.0,21601102,False
1,PT03M38.00S,03:38,Q1 03:38,39.63333333333333,74,rebound,TEAM offensive REBOUND,['team'],,0,0,,False,False,0.0,,freethrow,freethrow,,,,201588|201950|202348|202734|203076|203497|203957|204060|2207,201950|202348|202734|203076,201588|203497|203957|204060|2207,,,1610612740.0,21601102,False
1,PT03M38.00S,03:38,Q1 03:38,39.63333333333333,75,freethrow,MISS Davis Free Throw 2 of 2,['2ndchance'],Davis,0,0,Missed,False,False,203076.0,,rebound,rebound,,,,201588|201950|202348|202734|203076|203497|203957|204060|2207,201950|202348|202734|203076,201588|203497|203957|204060|2207,,,1610612740.0,21601102,False
1,PT03M37.00S,03:37,Q1 03:37,39.61666666666667,77,rebound,Gobert REBOUND (Off:1 Def:4),[],Gobert,0,0,,False,False,203497.0,,freethrow,3pt missed,,,,201588|201950|202348|202734|203076|203497|203957|204060|2207,201588|203497|203957|204060|2207,201950|202348|202734|203076,,,1610612762.0,21601102,False
1,PT03M17.00S,03:17,Q1 03:17,39.28333333333333,78,3pt,MISS Johnson 25' 3PT Jump Shot,[],Johnson,0,0,Missed,True,False,2207.0,,rebound,rebound,,,,201588|201950|202348|202734|203076|203497|203957|204060|2207,201588|203497|203957|204060|2207,201950|202348|202734|203076,-156.0,190.0,1610612762.0,21601102,False
1,PT03M16.00S,03:16,Q1 03:16,39.266666666666666,79,rebound,Davis REBOUND (Off:0 Def:4),[],Davis,0,0,,False,False,203076.0,,3pt missed,turnover,,,,201588|201950|202348|202734|203076|203497|203957|204060|2207,201950|202348|202734|203076,201588|203497|203957|204060|2207,,,1610612740.0,21601102,False
1,PT03M11.00S,03:11,Q1 03:11,39.18333333333333,80,turnover,Davis Out of Bounds - Bad Pass Turnover Turnover (P1.T4),[],Davis,0,0,,False,False,203076.0,,rebound,2pt missed,,,,201588|201950|202348|202734|203076|203497|203957|204060|2207,201950|202348|202734|203076,201588|203497|203957|204060|2207,,,1610612740.0,21601102,False
1,PT02M48.00S,02:48,Q1 02:48,38.8,81,2pt,MISS G. Hill 10' Jump Shot,['pointsinthepaint'],Hill,0,0,Missed,True,False,201588.0,,turnover,rebound,,,,201588|201950|202348|202734|203076|203497|203957|204060|2207,201588|203497|203957|204060|2207,201950|202348|202734|203076,-56.0,80.0,1610612762.0,21601102,False
1,PT02M48.00S,02:48,Q1 02:48,38.8,82,rebound,Moore REBOUND (Off:0 Def:1),[],Moore,0,0,,False,False,202734.0,,2pt missed,2pt made,,,,201588|201950|202348|202734|203076|203497|203957|204060|2207,201950|202348|202734|203076,201588|203497|203957|204060|2207,,,1610612740.0,21601102,False
1,PT02M40.00S,02:40,Q1 02:40,38.666666666666664,83,2pt,Moore 2' Running Layup (2 PTS),['pointsinthepaint'],Moore,24,17,Made,True,False,202734.0,,rebound,2pt missed,,,,201588|201950|202348|202734|203076|203497|203957|204060|2207,201950|202348|202734|203076,201588|203497|203957|204060|2207,4.0,21.0,1610612740.0,21601102,False
1,PT02M20.00S,02:20,Q1 02:20,38.333333333333336,84,2pt,MISS Gobert 2' Layup,['pointsinthepaint'],Gobert,0,0,Missed,True,False,203497.0,,2pt made,rebound,,,,201588|201950|202348|202734|203076|203497|203957|204060|2207,201588|203497|203957|204060|2207,201950|202348|202734|203076,4.0,21.0,1610612762.0,21601102,False
1,PT02M19.00S,02:19,Q1 02:19,38.31666666666666,85,rebound,Exum REBOUND (Off:1 Def:1),[],Exum,0,0,,False,False,203957.0,,2pt missed,2pt missed,,,,201588|201950|202348|202734|203076|203497|203957|204060|2207,201588|203497|203957|204060|2207,201950|202348|202734|203076,,,1610612762.0,21601102,False
1,PT02M16.00S,02:16,Q1 02:16,38.266666666666666,86,2pt,MISS Exum 2' Layup,['pointsinthepaint'],Exum,0,0,Missed,True,False,203957.0,,rebound,rebound,,,,201588|201950|202348|202734|203076|203497|203957|204060|2207,201588|203497|203957|204060|2207,201950|202348|202734|203076,9.0,16.0,1610612762.0,21601102,False
1,PT02M15.00S,02:15,Q1 02:15,38.25,87,rebound,Cunningham REBOUND (Off:0 Def:1),[],Cunningham,0,0,,False,False,201967.0,,2pt missed,3pt missed,,,,201588|201950|202348|202734|203076|203497|203957|204060|2207,201950|202348|202734|203076,201588|203497|203957|204060|2207,,,1610612740.0,21601102,False
1,PT02M06.00S,02:06,Q1 02:06,38.1,88,3pt,MISS Moore  3PT Jump Shot,[],Moore,0,0,Missed,True,False,202734.0,,rebound,rebound,,,,201588|201950|202348|202734|203076|203497|203957|204060|2207,201950|202348|202734|203076,201588|203497|203957|204060|2207,-232.0,-6.0,1610612740.0,21601102,False
1,PT02M05.00S,02:05,Q1 02:05,38.083333333333336,89,rebound,Gobert REBOUND (Off:1 Def:5),[],Gobert,0,0,,False,False,203497.0,,3pt missed,foul,,,,201588|201950|202348|202734|203076|203497|203957|204060|2207,201588|203497|203957|204060|2207,201950|202348|202734|203076,,,1610612762.0,21601102,False
1,PT01M59.00S,01:59,Q1 01:59,37.983333333333334,90,foul,Crawford P.FOUL (P1.T1) (M.Ervin),[],Crawford,0,0,,False,False,202348.0,,rebound,substitution,,,,201588|201950|202348|202734|203076|203497|203957|204060|2207,201950|202348|202734|203076,201588|203497|203957|204060|2207,,,1610612740.0,21601102,False
1,PT01M59.00S,01:59,Q1 01:59,37.983333333333334,91,substitution,SUB out: D. Cunningham,[],Cunningham,0,0,,False,False,201967.0,,foul,substitution,,,,201588|201950|202348|202734|203076|203497|203957|204060|2207,201950|202348|202734|203076,201588|203497|203957|204060|2207,,,1610612740.0,21601102,False
1,PT01M59.00S,01:59,Q1 01:59,37.983333333333334,92,substitution,SUB out: A. Davis,[],Davis,0,0,,False,False,203076.0,,substitution,substitution,,,,201588|201950|202348|202734|203497|203957|204060|2207,201950|202348|202734,201588|203497|203957|204060|2207,,,1610612740.0,21601102,False
1,PT01M59.00S,01:59,Q1 01:59,37.983333333333334,93,substitution,SUB out: J. Holiday,[],Holiday,0,0,,False,False,201950.0,,substitution,substitution,,,,201588|202348|202734|203497|203957|204060|2207,202348|202734,201588|203497|203957|204060|2207,,,1610612740.0,21601102,False
1,PT01M59.00S,01:59,Q1 01:59,37.983333333333334,94,substitution,SUB out: G. Hill,[],Hill,0,0,,False,False,201588.0,,substitution,substitution,,,,202348|202734|203497|203957|204060|2207,203497|203957|204060|2207,202348|202734,,,1610612762.0,21601102,False
1,PT01M59.00S,01:59,Q1 01:59,37.983333333333334,95,substitution,SUB out: J. Ingles,[],Ingles,0,0,,False,False,204060.0,,substitution,substitution,,,,202348|202734|203497|203957|2207,203497|203957|2207,202348|202734,,,1610612762.0,21601102,False
1,PT01M59.00S,01:59,Q1 01:59,37.983333333333334,96,substitution,SUB in: S. Hill,[],Hill,0,0,,False,False,203524.0,,substitution,substitution,,,,202348|202734|203497|203524|203957|2207,202348|202734|203524,203497|203957|2207,,,1610612740.0,21601102,False
1,PT01M59.00S,01:59,Q1 01:59,37.983333333333334,97,substitution,SUB in: T. Frazier,[],Frazier,0,0,,False,False,204025.0,,substitution,substitution,,,,202348|202734|203497|203524|203957|204025|2207,202348|202734|203524|204025,203497|203957|2207,,,1610612740.0,21601102,False
1,PT01M59.00S,01:59,Q1 01:59,37.983333333333334,98,substitution,SUB in: A. Ajinca,[],Ajinca,0,0,,False,False,201582.0,,substitution,substitution,,,,201582|202348|202734|203497|203524|203957|204025|2207,201582|202348|202734|203524|204025,203497|203957|2207,,,1610612740.0,21601102,False
1,PT01M59.00S,01:59,Q1 01:59,37.983333333333334,99,substitution,SUB in: R. Neto,[],Neto,0,0,,False,False,203526.0,,substitution,substitution,,,,201582|202348|202734|203497|203524|203526|203957|204025|2207,203497|203526|203957|2207,201582|202348|202734|203524|204025,,,1610612762.0,21601102,False
1,PT01M59.00S,01:59,Q1 01:59,37.983333333333334,100,substitution,SUB in: R. Hood,[],Hood,0,0,,False,False,203918.0,,substitution,substitution,,,,201582|202348|202734|203497|203524|203526|203918|203957|204025|2207,203497|203526|203918|203957|2207,201582|202348|202734|203524|204025,,,1610612762.0,21601102,True
1,PT01M58.00S,01:58,Q1 01:58,37.96666666666667,96,substitution,SUB out: R. Gobert,[],Gobert,0,0,,False,False,203497.0,,substitution,substitution,,,,201582|202348|202734|203524|203526|203918|203957|204025|2207,203526|203918|203957|2207,201582|202348|202734|203524|204025,,,1610612762.0,21601102,False
1,PT01M58.00S,01:58,Q1 01:58,37.96666666666667,97,substitution,SUB in: J. Withey,[],Withey,0,0,,False,False,203481.0,,substitution,2pt missed,,,,201582|202348|202734|203481|203524|203526|203918|203957|204025|2207,203481|203526|203918|203957|2207,201582|202348|202734|203524|204025,,,1610612762.0,21601102,True
1,PT01M53.00S,01:53,Q1 01:53,37.88333333333333,97,2pt,MISS Hood 2' Layup,['pointsinthepaint'],Hood,0,0,Missed,True,False,203918.0,,substitution,rebound,,,,201582|202348|202734|203481|203524|203526|203918|203957|204025|2207,203481|203526|203918|203957|2207,201582|202348|202734|203524|204025,19.0,16.0,1610612762.0,21601102,True
1,PT01M51.00S,01:51,Q1 01:51,37.85,98,rebound,TEAM defensive REBOUND,['team'],,0,0,,False,False,0.0,,2pt missed,foul,,,,201582|202348|202734|203481|203524|203526|203918|203957|204025|2207,201582|202348|202734|203524|204025,203481|203526|203918|203957|2207,,,1610612740.0,21601102,True
1,PT01M32.00S,01:32,Q1 01:32,37.53333333333333,99,foul,Johnson S.FOUL (P1.PN) (E.Lewis),['inpenalty'],Johnson,0,0,,False,False,2207.0,,rebound,freethrow,202348.0,,,201582|202348|202734|203481|203524|203526|203918|203957|204025|2207,203481|203526|203918|203957|2207,201582|202348|202734|203524|204025,,,1610612762.0,21601102,True
1,PT01M32.00S,01:32,Q1 01:32,37.53333333333333,100,freethrow,Crawford Free Throw 1 of 2 (1 PTS),[],Crawford,24,18,Made,False,False,202348.0,,foul,freethrow,,,,201582|202348|202734|203481|203524|203526|203918|203957|204025|2207,201582|202348|202734|203524|204025,203481|203526|203918|203957|2207,,,1610612740.0,21601102,True
1,PT01M32.00S,01:32,Q1 01:32,37.53333333333333,102,freethrow,Crawford Free Throw 2 of 2 (2 PTS),[],Crawford,24,19,Made,False,False,202348.0,,freethrow,2pt made,,,,201582|202348|202734|203481|203524|203526|203918|203957|204025|2207,201582|202348|202734|203524|204025,203481|203526|203918|203957|2207,,,1610612740.0,21601102,True
1,PT01M07.00S,01:07,Q1 01:07,37.11666666666667,104,2pt,Johnson 9' Fadeaway Jumper (4 PTS),[],Johnson,26,19,Made,True,False,2207.0,,freethrow,2pt made,,,,201582|202348|202734|203481|203524|203526|203918|203957|204025|2207,203481|203526|203918|203957|2207,201582|202348|202734|203524|204025,87.0,7.0,1610612762.0,21601102,True
1,PT00M55.60S,00:55,Q1 00:55,36.92666666666667,105,2pt,Ajinca 4' Turnaround Fadeaway (2 PTS),['pointsinthepaint'],Ajinca,26,21,Made,True,False,201582.0,,2pt made,2pt made,,,,201582|202348|202734|203481|203524|203526|203918|203957|204025|2207,201582|202348|202734|203524|204025,203481|203526|203918|203957|2207,12.0,33.0,1610612740.0,21601102,True
1,PT00M36.90S,00:36,Q1 00:36,36.615,106,2pt,Exum 3' Driving Hook Shot (2 PTS),['pointsinthepaint'],Exum,28,21,Made,True,False,203957.0,,2pt made,2pt missed,,,,201582|202348|202734|203481|203524|203526|203918|203957|204025|2207,203481|203526|203918|203957|2207,201582|202348|202734|203524|204025,20.0,16.0,1610612762.0,21601102,True
1,PT00M17.90S,00:17,Q1 00:17,36.29833333333333,107,2pt,MISS Ajinca 2' Layup,['pointsinthepaint'],Ajinca,0,0,Missed,True,False,201582.0,,2pt made,rebound,,,,201582|202348|202734|203481|203524|203526|203918|203957|204025|2207,201582|202348|202734|203524|204025,203481|203526|203918|203957|2207,-22.0,8.0,1610612740.0,21601102,True
1,PT00M16.90S,00:16,Q1 00:16,36.281666666666666,108,rebound,Johnson REBOUND (Off:0 Def:2),[],Johnson,0,0,,False,False,2207.0,,2pt missed,period,,,,201582|202348|202734|203481|203524|203526|203918|203957|204025|2207,203481|203526|203918|203957|2207,201582|202348|202734|203524|204025,,,1610612762.0,21601102,True
1,PT00M00.00S,00:00,Q1 00:00,36.0,109,period,End of 1st Period (11:10 PM EST),[],,28,21,,False,False,0.0,,rebound,period,,,,201582|202348|202734|203481|203524|203526|203918|203957|204025|2207,203481|203526|203918|203957|2207,201582|202348|202734|203524|204025,,,1610612762.0,21601102,True
2,PT12M00.00S,12:00,Q2 12:00,36.0,111,period,Start of 2nd Period (11:15 PM EST),[],,28,21,,False,False,0.0,,period,foul,,,,201582|202348|202734|203481|203524|203526|203918|203957|204025|2207,203481|203526|203918|203957|2207,201582|202348|202734|203524|204025,,,1610612762.0,21601102,True
2,PT11M52.00S,11:52,Q2 11:52,35.86666666666667,112,foul,Moore P.FOUL (P1.T1) (M.Ervin),[],Moore,0,0,,False,False,202734.0,,period,3pt made,203526.0,,,201582|202348|202734|203481|203524|203526|203918|203957|204025|2207,201582|202348|202734|203524|204025,203481|203526|203918|203957|2207,,,1610612740.0,21601102,True
2,PT11M45.00S,11:45,Q2 11:45,35.75,113,3pt,Neto 24' 3PT Jump Shot (3 PTS) (Johnson 2 AST),[],Neto,31,21,Made,True,True,203526.0,2207.0,foul,2pt missed,,,,201582|202348|202734|203481|203524|203526|203918|203957|204025|2207,203481|203526|203918|203957|2207,201582|202348|202734|203524|204025,182.0,160.0,1610612762.0,21601102,True
2,PT11M27.00S,11:27,Q2 11:27,35.45,114,2pt,MISS Crawford 14' Jump Shot,['pointsinthepaint'],Crawford,0,0,Missed,True,False,202348.0,,3pt made,rebound,,,,201582|202348|202734|203481|203524|203526|203918|203957|204025|2207,201582|202348|202734|203524|204025,203481|203526|203918|203957|2207,74.0,115.0,1610612740.0,21601102,True
2,PT11M26.00S,11:26,Q2 11:26,35.43333333333334,115,rebound,Hood REBOUND (Off:0 Def:2),[],Hood,0,0,,False,False,203918.0,,2pt missed,2pt missed,,,,201582|202348|202734|203481|203524|203526|203918|203957|204025|2207,203481|203526|203918|203957|2207,201582|202348|202734|203524|204025,,,1610612762.0,21601102,True
2,PT11M17.00S,11:17,Q2 11:17,35.28333333333333,116,2pt,MISS Hood 2' Layup,['pointsinthepaint'],Hood,0,0,Missed,True,False,203918.0,,rebound,rebound,,,,201582|202348|202734|203481|203524|203526|203918|203957|204025|2207,203481|203526|203918|203957|2207,201582|202348|202734|203524|204025,-1.0,23.0,1610612762.0,21601102,True
2,PT11M16.00S,11:16,Q2 11:16,35.266666666666666,117,rebound,Hood REBOUND (Off:1 Def:2),[],Hood,0,0,,False,False,203918.0,,2pt missed,2pt missed,,,,201582|202348|202734|203481|203524|203526|203918|203957|204025|2207,203481|203526|203918|203957|2207,201582|202348|202734|203524|204025,,,1610612762.0,21601102,True
2,PT11M13.00S,11:13,Q2 11:13,35.21666666666667,118,2pt,MISS Hood 3' Layup,['pointsinthepaint'],Hood,0,0,Missed,True,False,203918.0,,rebound,2pt missed,,,,201582|202348|202734|203481|203524|203526|203918|203957|204025|2207,203481|203526|203918|203957|2207,201582|202348|202734|203524|204025,10.0,31.0,1610612762.0,21601102,True
2,PT11M12.00S,11:12,Q2 11:12,35.2,119,2pt,MISS Withey 3' Tip Layup Shot,['pointsinthepaint'],Withey,0,0,Missed,True,False,203481.0,,2pt missed,rebound,,,,201582|202348|202734|203481|203524|203526|203918|203957|204025|2207,203481|203526|203918|203957|2207,201582|202348|202734|203524|204025,10.0,26.0,1610612762.0,21601102,True
2,PT11M12.00S,11:12,Q2 11:12,35.2,120,rebound,Withey REBOUND (Off:1 Def:0),[],Withey,0,0,,False,False,203481.0,,2pt missed,rebound,,,,201582|202348|202734|203481|203524|203526|203918|203957|204025|2207,203481|203526|203918|203957|2207,201582|202348|202734|203524|204025,,,1610612762.0,21601102,True
2,PT11M11.00S,11:11,Q2 11:11,35.18333333333334,121,rebound,Withey REBOUND (Off:2 Def:0),[],Withey,0,0,,False,False,203481.0,,rebound,2pt made,,,,201582|202348|202734|203481|203524|203526|203918|203957|204025|2207,203481|203526|203918|203957|2207,201582|202348|202734|203524|204025,,,1610612762.0,21601102,True
2,PT11M07.00S,11:07,Q2 11:07,35.11666666666667,122,2pt,Withey 2' Hook Shot (2 PTS),['pointsinthepaint'],Withey,33,21,Made,True,False,203481.0,,rebound,foul,,,,201582|202348|202734|203481|203524|203526|203918|203957|204025|2207,203481|203526|203918|203957|2207,201582|202348|202734|203524|204025,1.0,16.0,1610612762.0,21601102,True
2,PT11M01.00S,11:01,Q2 11:01,35.016666666666666,123,foul,Neto P.FOUL (P1.T1) (J.Capers),[],Neto,0,0,,False,False,203526.0,,2pt made,turnover,201582.0,,,201582|202348|202734|203481|203524|203526|203918|203957|204025|2207,203481|203526|203918|203957|2207,201582|202348|202734|203524|204025,,,1610612762.0,21601102,True
2,PT10M53.00S,10:53,Q2 10:53,34.88333333333333,124,turnover,Ajinca Lost Ball Turnover (P1.T5),[],Ajinca,0,0,,False,False,201582.0,,foul,steal,,,,201582|202348|202734|203481|203524|203526|203918|203957|204025|2207,201582|202348|202734|203524|204025,203481|203526|203918|203957|2207,,,1610612740.0,21601102,True
2,PT10M53.00S,10:53,Q2 10:53,34.88333333333333,124,steal,Withey STEAL (1 STL),[],Withey,0,0,,False,False,203481.0,,turnover,3pt missed,,203481.0,,201582|202348|202734|203481|203524|203526|203918|203957|204025|2207,203481|203526|203918|203957|2207,201582|202348|202734|203524|204025,,,1610612762.0,21601102,True
2,PT10M43.00S,10:43,Q2 10:43,34.71666666666667,125,3pt,MISS Neto  3PT Jump Shot,[],Neto,0,0,Missed,True,False,203526.0,,steal,rebound,,,,201582|202348|202734|203481|203524|203526|203918|203957|204025|2207,203481|203526|203918|203957|2207,201582|202348|202734|203524|204025,-232.0,-15.0,1610612762.0,21601102,True
2,PT10M43.00S,10:43,Q2 10:43,34.71666666666667,126,rebound,Withey REBOUND (Off:3 Def:0),[],Withey,0,0,,False,False,203481.0,,3pt missed,foul,,,,201582|202348|202734|203481|203524|203526|203918|203957|204025|2207,203481|203526|203918|203957|2207,201582|202348|202734|203524|204025,,,1610612762.0,21601102,True
2,PT10M39.00S,10:39,Q2 10:39,34.65,127,foul,Crawford P.FOUL (P2.T2) (J.Capers),[],Crawford,0,0,,False,False,202348.0,,rebound,3pt made,203918.0,,,201582|202348|202734|203481|203524|203526|203918|203957|204025|2207,201582|202348|202734|203524|204025,203481|203526|203918|203957|2207,,,1610612740.0,21601102,True
2,PT10M23.00S,10:23,Q2 10:23,34.38333333333333,128,3pt,Hood 25' 3PT Jump Shot (10 PTS) (Exum 1 AST),[],Hood,36,21,Made,True,True,203918.0,203957.0,foul,timeout,,,,201582|202348|202734|203481|203524|203526|203918|203957|204025|2207,203481|203526|203918|203957|2207,201582|202348|202734|203524|204025,6.0,249.0,1610612762.0,21601102,True
2,PT10M18.00S,10:18,Q2 10:18,34.3,129,timeout,Pelicans Timeout: Regular (Reg.2 Short 0),[],,0,0,,False,False,0.0,,3pt made,substitution,,,,201582|202348|202734|203481|203524|203526|203918|203957|204025|2207,201582|202348|202734|203524|204025,203481|203526|203918|203957|2207,,,1610612740.0,21601102,True
2,PT10M18.00S,10:18,Q2 10:18,34.3,132,substitution,SUB out: A. Ajinca,[],Ajinca,0,0,,False,False,201582.0,,timeout,substitution,,,,202348|202734|203481|203524|203526|203918|203957|204025|2207,202348|202734|203524|204025,203481|203526|203918|203957|2207,,,1610612740.0,21601102,False
2,PT10M18.00S,10:18,Q2 10:18,34.3,133,substitution,SUB out: J. Crawford,[],Crawford,0,0,,False,False,202348.0,,substitution,substitution,,,,202734|203481|203524|203526|203918|203957|204025|2207,202734|203524|204025,203481|203526|203918|203957|2207,,,1610612740.0,21601102,False
2,PT10M18.00S,10:18,Q2 10:18,34.3,134,substitution,SUB out: J. Johnson,[],Johnson,0,0,,False,False,2207.0,,substitution,substitution,,,,202734|203481|203524|203526|203918|203957|204025,203481|203526|203918|203957,202734|203524|204025,,,1610612762.0,21601102,False
2,PT10M18.00S,10:18,Q2 10:18,34.3,135,substitution,SUB in: A. Davis,[],Davis,0,0,,False,False,203076.0,,substitution,substitution,,,,202734|203076|203481|203524|203526|203918|203957|204025,202734|203076|203524|204025,203481|203526|203918|203957,,,1610612740.0,21601102,False
2,PT10M18.00S,10:18,Q2 10:18,34.3,136,substitution,SUB in: J. Holiday,[],Holiday,0,0,,False,False,201950.0,,substitution,substitution,,,,201950|202734|203076|203481|203524|203526|203918|203957|204025,201950|202734|203076|203524|204025,203481|203526|203918|203957,,,1610612740.0,21601102,False
2,PT10M18.00S,10:18,Q2 10:18,34.3,137,substitution,SUB in: B. Diaw,[],Diaw,0,0,,False,False,2564.0,,substitution,foul,,,,201950|202734|203076|203481|203524|203526|203918|203957|204025|2564,203481|203526|203918|203957|2564,201950|202734|203076|203524|204025,,,1610612762.0,21601102,True
2,PT10M12.00S,10:12,Q2 10:12,34.2,135,foul,Withey P.FOUL (P1.T2) (M.Ervin),[],Withey,0,0,,False,False,203481.0,,substitution,2pt missed,203076.0,,,201950|202734|203076|203481|203524|203526|203918|203957|204025|2564,203481|203526|203918|203957|2564,201950|202734|203076|203524|204025,,,1610612762.0,21601102,True
2,PT10M04.00S,10:04,Q2 10:04,34.06666666666666,136,2pt,MISS Davis 2' Layup,['pointsinthepaint'],Davis,0,0,Missed,True,False,203076.0,,foul,block,,,,201950|202734|203076|203481|203524|203526|203918|203957|204025|2564,201950|202734|203076|203524|204025,203481|203526|203918|203957|2564,15.0,16.0,1610612740.0,21601102,True
2,PT10M04.00S,10:04,Q2 10:04,34.06666666666666,136,block,Diaw BLOCK (1 BLK),[],Diaw,0,0,,False,False,2564.0,,2pt missed,rebound,,,2564.0,201950|202734|203076|203481|203524|203526|203918|203957|204025|2564,203481|203526|203918|203957|2564,201950|202734|203076|203524|204025,,,1610612762.0,21601102,True
2,PT10M04.00S,10:04,Q2 10:04,34.06666666666666,137,rebound,Diaw REBOUND (Off:0 Def:1),[],Diaw,0,0,,False,False,2564.0,,block,3pt made,,,,201950|202734|203076|203481|203524|203526|203918|203957|204025|2564,203481|203526|203918|203957|2564,201950|202734|203076|203524|204025,,,1610612762.0,21601102,True
2,PT09M48.00S,09:48,Q2 09:48,33.8,138,3pt,Hood 25' 3PT Jump Shot (13 PTS) (Diaw 1 AST),[],Hood,39,21,Made,True,True,203918.0,2564.0,rebound,2pt made,,,,201950|202734|203076|203481|203524|203526|203918|203957|204025|2564,203481|203526|203918|203957|2564,201950|202734|203076|203524|204025,146.0,203.0,1610612762.0,21601102,True
2,PT09M33.00S,09:33,Q2 09:33,33.55,139,2pt,Holiday 21' Jump Shot (4 PTS),[],Holiday,39,23,Made,True,False,201950.0,,3pt made,turnover,,,,201950|202734|203076|203481|203524|203526|203918|203957|204025|2564,201950|202734|203076|203524|204025,203481|203526|203918|203957|2564,-137.0,154.0,1610612740.0,21601102,True
2,PT09M11.00S,09:11,Q2 09:11,33.18333333333334,140,turnover,Hood Traveling Turnover (P1.T2),[],Hood,0,0,,False,False,203918.0,,2pt made,substitution,,,,201950|202734|203076|203481|203524|203526|203918|203957|204025|2564,203481|203526|203918|203957|2564,201950|202734|203076|203524|204025,,,1610612762.0,21601102,True
2,PT09M11.00S,09:11,Q2 09:11,33.18333333333334,141,substitution,SUB out: S. Hill,[],Hill,0,0,,False,False,203524.0,,turnover,substitution,,,,201950|202734|203076|203481|203526|203918|203957|204025|2564,201950|202734|203076|204025,203481|203526|203918|203957|2564,,,1610612740.0,21601102,False
2,PT09M11.00S,09:11,Q2 09:11,33.18333333333334,142,substitution,SUB in: D. Cunningham,[],Cunningham,0,0,,False,False,201967.0,,substitution,2pt made,,,,201950|201967|202734|203076|203481|203526|203918|203957|204025|2564,201950|201967|202734|203076|204025,203481|203526|203918|203957|2564,,,1610612740.0,21601102,True
2,PT09M01.00S,09:01,Q2 09:01,33.016666666666666,142,2pt,Davis 18' Pullup Jump Shot (10 PTS),[],Davis,39,25,Made,True,False,203076.0,,substitution,2pt missed,,,,201950|201967|202734|203076|203481|203526|203918|203957|204025|2564,201950|201967|202734|203076|204025,203481|203526|203918|203957|2564,-76.0,164.0,1610612740.0,21601102,True
2,PT08M40.00S,08:40,Q2 08:40,32.666666666666664,143,2pt,MISS Exum 2' Layup,['pointsinthepaint'],Exum,0,0,Missed,True,False,203957.0,,2pt made,rebound,,,,201950|201967|202734|203076|203481|203526|203918|203957|204025|2564,203481|203526|203918|203957|2564,201950|201967|202734|203076|204025,10.0,16.0,1610612762.0,21601102,True
2,PT08M39.00S,08:39,Q2 08:39,32.65,144,rebound,Davis REBOUND (Off:0 Def:5),[],Davis,0,0,,False,False,203076.0,,2pt missed,2pt made,,,,201950|201967|202734|203076|203481|203526|203918|203957|204025|2564,201950|201967|202734|203076|204025,203481|203526|203918|203957|2564,,,1610612740.0,21601102,True
2,PT08M36.00S,08:36,Q2 08:36,32.6,145,2pt,Davis 2' Layup (12 PTS) (Frazier 4 AST),['pointsinthepaint'],Davis,39,27,Made,True,True,203076.0,204025.0,rebound,foul,,,,201950|201967|202734|203076|203481|203526|203918|203957|204025|2564,201950|201967|202734|203076|204025,203481|203526|203918|203957|2564,9.0,23.0,1610612740.0,21601102,True
2,PT08M36.00S,08:36,Q2 08:36,32.6,146,foul,Withey S.FOUL (P2.T3) (E.Lewis),[],Withey,0,0,,False,False,203481.0,,2pt made,freethrow,203076.0,,,201950|201967|202734|203076|203481|203526|203918|203957|204025|2564,203481|203526|203918|203957|2564,201950|201967|202734|203076|204025,,,1610612762.0,21601102,True
2,PT08M36.00S,08:36,Q2 08:36,32.6,151,freethrow,Davis Free Throw 1 of 1 (13 PTS),[],Davis,39,28,Made,False,False,203076.0,,foul,substitution,,,,201950|201967|202734|203076|203481|203526|203918|203957|204025|2564,201950|201967|202734|203076|204025,203481|203526|203918|203957|2564,,,1610612740.0,21601102,True
2,PT08M36.00S,08:36,Q2 08:36,32.6,147,substitution,SUB out: T. Frazier,[],Frazier,0,0,,False,False,204025.0,,freethrow,substitution,,,,201950|201967|202734|203076|203481|203526|203918|203957|2564,201950|201967|202734|203076,203481|203526|203918|203957|2564,,,1610612740.0,21601102,False
2,PT08M36.00S,08:36,Q2 08:36,32.6,148,substitution,SUB out: R. Neto,[],Neto,0,0,,False,False,203526.0,,substitution,substitution,,,,201950|201967|202734|203076|203481|203918|203957|2564,203481|203918|203957|2564,201950|201967|202734|203076,,,1610612762.0,21601102,False
2,PT08M36.00S,08:36,Q2 08:36,32.6,149,substitution,SUB out: J. Withey,[],Withey,0,0,,False,False,203481.0,,substitution,substitution,,,,201950|201967|202734|203076|203918|203957|2564,203918|203957|2564,201950|201967|202734|203076,,,1610612762.0,21601102,False
2,PT08M36.00S,08:36,Q2 08:36,32.6,150,substitution,SUB out: R. Hood,[],Hood,0,0,,False,False,203918.0,,substitution,substitution,,,,201950|201967|202734|203076|203957|2564,203957|2564,201950|201967|202734|203076,,,1610612762.0,21601102,False
2,PT08M36.00S,08:36,Q2 08:36,32.6,151,substitution,SUB in: S. Hill,[],Hill,0,0,,False,False,203524.0,,substitution,substitution,,,,201950|201967|202734|203076|203524|203957|2564,201950|201967|202734|203076|203524,203957|2564,,,1610612740.0,21601102,False
2,PT08M36.00S,08:36,Q2 08:36,32.6,152,substitution,SUB in: G. Hill,[],Hill,0,0,,False,False,201588.0,,substitution,substitution,,,,201588|201950|201967|202734|203076|203524|203957|2564,201588|203957|2564,201950|201967|202734|203076|203524,,,1610612762.0,21601102,False
2,PT08M36.00S,08:36,Q2 08:36,32.6,153,substitution,SUB in: R. Gobert,[],Gobert,0,0,,False,False,203497.0,,substitution,substitution,,,,201588|201950|201967|202734|203076|203497|203524|203957|2564,201588|203497|203957|2564,201950|201967|202734|203076|203524,,,1610612762.0,21601102,False
2,PT08M36.00S,08:36,Q2 08:36,32.6,154,substitution,SUB in: J. Ingles,[],Ingles,0,0,,False,False,204060.0,,substitution,2pt missed,,,,201588|201950|201967|202734|203076|203497|203524|203957|204060|2564,201588|203497|203957|204060|2564,201950|201967|202734|203076|203524,,,1610612762.0,21601102,True
2,PT08M15.00S,08:15,Q2 08:15,32.25,153,2pt,MISS Exum 2' Layup,['pointsinthepaint'],Exum,0,0,Missed,True,False,203957.0,,substitution,rebound,,,,201588|201950|201967|202734|203076|203497|203524|203957|204060|2564,201588|203497|203957|204060|2564,201950|201967|202734|203076|203524,-16.0,18.0,1610612762.0,21601102,True
2,PT08M15.00S,08:15,Q2 08:15,32.25,154,rebound,Davis REBOUND (Off:0 Def:6),[],Davis,0,0,,False,False,203076.0,,2pt missed,2pt made,,,,201588|201950|201967|202734|203076|203497|203524|203957|204060|2564,201950|201967|202734|203076|203524,201588|203497|203957|204060|2564,,,1610612740.0,21601102,True
2,PT08M07.00S,08:07,Q2 08:07,32.11666666666667,155,2pt,Davis 18' Jump Shot (15 PTS) (Holiday 1 AST),[],Davis,39,30,Made,True,True,203076.0,201950.0,rebound,2pt made,,,,201588|201950|201967|202734|203076|203497|203524|203957|204060|2564,201950|201967|202734|203076|203524,201588|203497|203957|204060|2564,69.0,169.0,1610612740.0,21601102,True
2,PT07M42.00S,07:42,Q2 07:42,31.7,156,2pt,Diaw 1' Reverse Layup (2 PTS),['pointsinthepaint'],Diaw,41,30,Made,True,False,2564.0,,2pt made,2pt made,,,,201588|201950|201967|202734|203076|203497|203524|203957|204060|2564,201588|203497|203957|204060|2564,201950|201967|202734|203076|203524,-9.0,7.0,1610612762.0,21601102,True
2,PT07M24.00S,07:24,Q2 07:24,31.4,157,2pt,Davis 13' Jump Shot (17 PTS),['pointsinthepaint'],Davis,41,32,Made,True,False,203076.0,,2pt made,foul,,,,201588|201950|201967|202734|203076|203497|203524|203957|204060|2564,201950|201967|202734|203076|203524,201588|203497|203957|204060|2564,35.0,124.0,1610612740.0,21601102,True
2,PT07M24.00S,07:24,Q2 07:24,31.4,158,foul,Exum S.FOUL (P1.T4) (M.Ervin),[],Exum,0,0,,False,False,203957.0,,2pt made,freethrow,203076.0,,,201588|201950|201967|202734|203076|203497|203524|203957|204060|2564,201588|203497|203957|204060|2564,201950|201967|202734|203076|203524,,,1610612762.0,21601102,True
2,PT07M24.00S,07:24,Q2 07:24,31.4,160,freethrow,Davis Free Throw 1 of 1 (18 PTS),[],Davis,41,33,Made,False,False,203076.0,,foul,substitution,,,,201588|201950|201967|202734|203076|203497|203524|203957|204060|2564,201950|201967|202734|203076|203524,201588|203497|203957|204060|2564,,,1610612740.0,21601102,True
2,PT07M24.00S,07:24,Q2 07:24,31.4,159,substitution,SUB out: D. Exum,[],Exum,0,0,,False,False,203957.0,,freethrow,substitution,,,,201588|201950|201967|202734|203076|203497|203524|204060|2564,201588|203497|204060|2564,201950|201967|202734|203076|203524,,,1610612762.0,21601102,False
2,PT07M24.00S,07:24,Q2 07:24,31.4,160,substitution,SUB in: S. Mack,[],Mack,0,0,,False,False,202714.0,,substitution,3pt made,,,,201588|201950|201967|202714|202734|203076|203497|203524|204060|2564,201588|202714|203497|204060|2564,201950|201967|202734|203076|203524,,,1610612762.0,21601102,True
2,PT07M05.00S,07:05,Q2 07:05,31.083333333333332,162,3pt,Ingles 24' 3PT Jump Shot (3 PTS) (Diaw 2 AST),[],Ingles,44,33,Made,True,True,204060.0,2564.0,substitution,2pt missed,,,,201588|201950|201967|202714|202734|203076|203497|203524|204060|2564,201588|202714|203497|204060|2564,201950|201967|202734|203076|203524,14.0,242.0,1610612762.0,21601102,True
2,PT06M47.00S,06:47,Q2 06:47,30.78333333333333,163,2pt,MISS Moore 5' Jump Shot,['pointsinthepaint'],Moore,0,0,Missed,True,False,202734.0,,3pt made,block,,,,201588|201950|201967|202714|202734|203076|203497|203524|204060|2564,201950|201967|202734|203076|203524,201588|202714|203497|204060|2564,-43.0,-21.0,1610612740.0,21601102,True
2,PT06M47.00S,06:47,Q2 06:47,30.78333333333333,163,block,Mack BLOCK (1 BLK),[],Mack,0,0,,False,False,202714.0,,2pt missed,rebound,,,202714.0,201588|201950|201967|202714|202734|203076|203497|203524|204060|2564,201588|202714|203497|204060|2564,201950|201967|202734|203076|203524,,,1610612762.0,21601102,True
2,PT06M47.00S,06:47,Q2 06:47,30.78333333333333,164,rebound,Mack REBOUND (Off:0 Def:1),[],Mack,0,0,,False,False,202714.0,,block,3pt made,,,,201588|201950|201967|202714|202734|203076|203497|203524|204060|2564,201588|202714|203497|204060|2564,201950|201967|202734|203076|203524,,,1610612762.0,21601102,True
2,PT06M28.00S,06:28,Q2 06:28,30.46666666666667,165,3pt,Ingles  3PT Jump Shot (6 PTS) (Diaw 3 AST),[],Ingles,47,33,Made,True,True,204060.0,2564.0,rebound,2pt made,,,,201588|201950|201967|202714|202734|203076|203497|203524|204060|2564,201588|202714|203497|204060|2564,201950|201967|202734|203076|203524,228.0,36.0,1610612762.0,21601102,True
2,PT06M13.00S,06:13,Q2 06:13,30.21666666666667,166,2pt,Holiday 16' Pullup Jump Shot (6 PTS),[],Holiday,47,35,Made,True,False,201950.0,,3pt made,2pt missed,,,,201588|201950|201967|202714|202734|203076|203497|203524|204060|2564,201950|201967|202734|203076|203524,201588|202714|203497|204060|2564,-74.0,146.0,1610612740.0,21601102,True
2,PT05M55.00S,05:55,Q2 05:55,29.916666666666668,167,2pt,MISS Ingles 3' Layup,['pointsinthepaint'],Ingles,0,0,Missed,True,False,204060.0,,2pt made,2pt missed,,,,201588|201950|201967|202714|202734|203076|203497|203524|204060|2564,201588|202714|203497|204060|2564,201950|201967|202734|203076|203524,-24.0,13.0,1610612762.0,21601102,True
2,PT05M55.00S,05:55,Q2 05:55,29.916666666666668,168,2pt,MISS Gobert 2' Tip Layup Shot,['pointsinthepaint'],Gobert,0,0,Missed,True,False,203497.0,,2pt missed,rebound,,,,201588|201950|201967|202714|202734|203076|203497|203524|204060|2564,201588|202714|203497|204060|2564,201950|201967|202734|203076|203524,-5.0,19.0,1610612762.0,21601102,True
2,PT05M55.00S,05:55,Q2 05:55,29.916666666666668,169,rebound,Gobert REBOUND (Off:2 Def:5),[],Gobert,0,0,,False,False,203497.0,,2pt missed,rebound,,,,201588|201950|201967|202714|202734|203076|203497|203524|204060|2564,201588|202714|203497|204060|2564,201950|201967|202734|203076|203524,,,1610612762.0,21601102,True
2,PT05M55.00S,05:55,Q2 05:55,29.916666666666668,170,rebound,TEAM offensive REBOUND,['team'],,0,0,,False,False,0.0,,rebound,foul,,,,201588|201950|201967|202714|202734|203076|203497|203524|204060|2564,201588|202714|203497|204060|2564,201950|201967|202734|203076|203524,,,1610612762.0,21601102,True
2,PT05M55.00S,05:55,Q2 05:55,29.916666666666668,171,foul,Moore P.FOUL (P2.T3) (J.Capers),[],Moore,0,0,,False,False,202734.0,,rebound,timeout,202714.0,,,201588|201950|201967|202714|202734|203076|203497|203524|204060|2564,201950|201967|202734|203076|203524,201588|202714|203497|204060|2564,,,1610612740.0,21601102,True
2,PT05M55.00S,05:55,Q2 05:55,29.916666666666668,193,timeout,Timeout: Official,[],,0,0,,False,False,0.0,,foul,substitution,,,,201588|201950|201967|202714|202734|203076|203497|203524|204060|2564,201588|202714|203497|204060|2564,201950|201967|202734|203076|203524,,,0.0,21601102,True
2,PT05M55.00S,05:55,Q2 05:55,29.916666666666668,173,substitution,SUB out: E. Moore,[],Moore,0,0,,False,False,202734.0,,timeout,substitution,,,,201588|201950|201967|202714|203076|203497|203524|204060|2564,201950|201967|203076|203524,201588|202714|203497|204060|2564,,,1610612740.0,21601102,False
2,PT05M55.00S,05:55,Q2 05:55,29.916666666666668,174,substitution,SUB in: J. Crawford,[],Crawford,0,0,,False,False,202348.0,,substitution,3pt missed,,,,201588|201950|201967|202348|202714|203076|203497|203524|204060|2564,201950|201967|202348|203076|203524,201588|202714|203497|204060|2564,,,1610612740.0,21601102,True
2,PT05M48.00S,05:48,Q2 05:48,29.8,174,3pt,MISS Mack 25' 3PT Jump Shot,[],Mack,0,0,Missed,True,False,202714.0,,substitution,rebound,,,,201588|201950|201967|202348|202714|203076|203497|203524|204060|2564,201588|202714|203497|204060|2564,201950|201967|202348|203076|203524,-217.0,121.0,1610612762.0,21601102,True
2,PT05M48.00S,05:48,Q2 05:48,29.8,175,rebound,S. Hill REBOUND (Off:0 Def:3),[],Hill,0,0,,False,False,203524.0,,3pt missed,foul,,,,201588|201950|201967|202348|202714|203076|203497|203524|204060|2564,201950|201967|202348|203076|203524,201588|202714|203497|204060|2564,,,1610612740.0,21601102,True
2,PT05M35.00S,05:35,Q2 05:35,29.583333333333332,177,foul,Gobert S.FOUL (P2.PN) (J.Capers),['inpenalty'],Gobert,0,0,,False,False,203497.0,,rebound,freethrow,203076.0,,,201588|201950|201967|202348|202714|203076|203497|203524|204060|2564,201588|202714|203497|204060|2564,201950|201967|202348|203076|203524,,,1610612762.0,21601102,True
2,PT05M35.00S,05:35,Q2 05:35,29.583333333333332,179,freethrow,Davis Free Throw 1 of 2 (19 PTS),[],Davis,47,36,Made,False,False,203076.0,,foul,freethrow,,,,201588|201950|201967|202348|202714|203076|203497|203524|204060|2564,201950|201967|202348|203076|203524,201588|202714|203497|204060|2564,,,1610612740.0,21601102,True
2,PT05M35.00S,05:35,Q2 05:35,29.583333333333332,181,freethrow,Davis Free Throw 2 of 2 (20 PTS),[],Davis,47,37,Made,False,False,203076.0,,freethrow,3pt missed,,,,201588|201950|201967|202348|202714|203076|203497|203524|204060|2564,201950|201967|202348|203076|203524,201588|202714|203497|204060|2564,,,1610612740.0,21601102,True
2,PT05M21.00S,05:21,Q2 05:21,29.35,184,3pt,MISS G. Hill 25' 3PT Jump Shot,[],Hill,0,0,Missed,True,False,201588.0,,freethrow,rebound,,,,201588|201950|201967|202348|202714|203076|203497|203524|204060|2564,201588|202714|203497|204060|2564,201950|201967|202348|203076|203524,141.0,203.0,1610612762.0,21601102,True
2,PT05M21.00S,05:21,Q2 05:21,29.35,185,rebound,Davis REBOUND (Off:0 Def:7),[],Davis,0,0,,False,False,203076.0,,3pt missed,2pt made,,,,201588|201950|201967|202348|202714|203076|203497|203524|204060|2564,201950|201967|202348|203076|203524,201588|202714|203497|204060|2564,,,1610612740.0,21601102,True
2,PT05M09.00S,05:09,Q2 05:09,29.15,186,2pt,Holiday 6' Floating Jump Shot (8 PTS),['pointsinthepaint'],Holiday,47,39,Made,True,False,201950.0,,rebound,2pt made,,,,201588|201950|201967|202348|202714|203076|203497|203524|204060|2564,201950|201967|202348|203076|203524,201588|202714|203497|204060|2564,24.0,51.0,1610612740.0,21601102,True
2,PT04M51.00S,04:51,Q2 04:51,28.85,187,2pt,G. Hill 4' Turnaround Jump Shot (11 PTS) (Diaw 4 AST),['pointsinthepaint'],Hill,49,39,Made,True,True,201588.0,2564.0,2pt made,turnover,,,,201588|201950|201967|202348|202714|203076|203497|203524|204060|2564,201588|202714|203497|204060|2564,201950|201967|202348|203076|203524,-35.0,7.0,1610612762.0,21601102,True
2,PT04M34.00S,04:34,Q2 04:34,28.566666666666666,188,turnover,Holiday Lost Ball Turnover (P1.T6),[],Holiday,0,0,,False,False,201950.0,,2pt made,steal,,,,201588|201950|201967|202348|202714|203076|203497|203524|204060|2564,201950|201967|202348|203076|203524,201588|202714|203497|204060|2564,,,1610612740.0,21601102,True
2,PT04M34.00S,04:34,Q2 04:34,28.566666666666666,188,steal,Diaw STEAL (1 STL),[],Diaw,0,0,,False,False,2564.0,,turnover,turnover,,2564.0,,201588|201950|201967|202348|202714|203076|203497|203524|204060|2564,201588|202714|203497|204060|2564,201950|201967|202348|203076|203524,,,1610612762.0,21601102,True
2,PT04M30.00S,04:30,Q2 04:30,28.5,189,turnover,G. Hill Bad Pass Turnover (P2.T3),[],Hill,0,0,,False,False,201588.0,,steal,steal,,,,201588|201950|201967|202348|202714|203076|203497|203524|204060|2564,201588|202714|203497|204060|2564,201950|201967|202348|203076|203524,,,1610612762.0,21601102,True
2,PT04M30.00S,04:30,Q2 04:30,28.5,189,steal,Davis STEAL (1 STL),[],Davis,0,0,,False,False,203076.0,,turnover,2pt made,,203076.0,,201588|201950|201967|202348|202714|203076|203497|203524|204060|2564,201950|201967|202348|203076|203524,201588|202714|203497|204060|2564,,,1610612740.0,21601102,True
2,PT04M21.00S,04:21,Q2 04:21,28.35,190,2pt,Davis 21' Jump Shot (22 PTS),[],Davis,49,41,Made,True,False,203076.0,,steal,timeout,,,,201588|201950|201967|202348|202714|203076|203497|203524|204060|2564,201950|201967|202348|203076|203524,201588|202714|203497|204060|2564,91.0,190.0,1610612740.0,21601102,True
2,PT04M16.00S,04:16,Q2 04:16,28.266666666666666,191,timeout,JAZZ Timeout: Regular (Full 2 Short 0),[],,0,0,,False,False,0.0,,2pt made,substitution,,,,201588|201950|201967|202348|202714|203076|203497|203524|204060|2564,201588|202714|203497|204060|2564,201950|201967|202348|203076|203524,,,1610612762.0,21601102,True
2,PT04M16.00S,04:16,Q2 04:16,28.266666666666666,194,substitution,SUB out: S. Mack,[],Mack,0,0,,False,False,202714.0,,timeout,substitution,,,,201588|201950|201967|202348|203076|203497|203524|204060|2564,201588|203497|204060|2564,201950|201967|202348|203076|203524,,,1610612762.0,21601102,False
2,PT04M16.00S,04:16,Q2 04:16,28.266666666666666,195,substitution,SUB out: B. Diaw,[],Diaw,0,0,,False,False,2564.0,,substitution,substitution,,,,201588|201950|201967|202348|203076|203497|203524|204060,201588|203497|204060,201950|201967|202348|203076|203524,,,1610612762.0,21601102,False
2,PT04M16.00S,04:16,Q2 04:16,28.266666666666666,196,substitution,SUB in: J. Johnson,[],Johnson,0,0,,False,False,2207.0,,substitution,substitution,,,,201588|201950|201967|202348|203076|203497|203524|204060|2207,201588|203497|204060|2207,201950|201967|202348|203076|203524,,,1610612762.0,21601102,False
2,PT04M16.00S,04:16,Q2 04:16,28.266666666666666,197,substitution,SUB in: R. Hood,[],Hood,0,0,,False,False,203918.0,,substitution,2pt missed,,,,201588|201950|201967|202348|203076|203497|203524|203918|204060|2207,201588|203497|203918|204060|2207,201950|201967|202348|203076|203524,,,1610612762.0,21601102,True
2,PT04M05.00S,04:05,Q2 04:05,28.083333333333332,196,2pt,MISS Johnson 6' Jump Shot,['pointsinthepaint'],Johnson,0,0,Missed,True,False,2207.0,,substitution,rebound,,,,201588|201950|201967|202348|203076|203497|203524|203918|204060|2207,201588|203497|203918|204060|2207,201950|201967|202348|203076|203524,51.0,38.0,1610612762.0,21601102,True
2,PT04M05.00S,04:05,Q2 04:05,28.083333333333332,197,rebound,Davis REBOUND (Off:0 Def:8),[],Davis,0,0,,False,False,203076.0,,2pt missed,2pt made,,,,201588|201950|201967|202348|203076|203497|203524|203918|204060|2207,201950|201967|202348|203076|203524,201588|203497|203918|204060|2207,,,1610612740.0,21601102,True
2,PT03M52.00S,03:52,Q2 03:52,27.866666666666667,198,2pt,Crawford  Dunk (4 PTS) (Davis 1 AST),['pointsinthepaint'],Crawford,49,43,Made,True,True,202348.0,203076.0,rebound,2pt missed,,,,201588|201950|201967|202348|203076|203497|203524|203918|204060|2207,201950|201967|202348|203076|203524,201588|203497|203918|204060|2207,0.0,1.0,1610612740.0,21601102,True
2,PT03M36.00S,03:36,Q2 03:36,27.6,199,2pt,MISS Ingles 2' Layup,['pointsinthepaint'],Ingles,0,0,Missed,True,False,204060.0,,2pt made,block,,,,201588|201950|201967|202348|203076|203497|203524|203918|204060|2207,201588|203497|203918|204060|2207,201950|201967|202348|203076|203524,-20.0,8.0,1610612762.0,21601102,True
2,PT03M36.00S,03:36,Q2 03:36,27.6,199,block,Davis BLOCK (1 BLK),[],Davis,0,0,,False,False,203076.0,,2pt missed,rebound,,,203076.0,201588|201950|201967|202348|203076|203497|203524|203918|204060|2207,201950|201967|202348|203076|203524,201588|203497|203918|204060|2207,,,1610612740.0,21601102,True
2,PT03M34.00S,03:34,Q2 03:34,27.566666666666666,200,rebound,Johnson REBOUND (Off:1 Def:2),[],Johnson,0,0,,False,False,2207.0,,block,2pt made,,,,201588|201950|201967|202348|203076|203497|203524|203918|204060|2207,201588|203497|203918|204060|2207,201950|201967|202348|203076|203524,,,1610612762.0,21601102,True
2,PT03M32.00S,03:32,Q2 03:32,27.53333333333333,201,2pt,Gobert 2' Layup (8 PTS) (Johnson 3 AST),['pointsinthepaint'],Gobert,51,43,Made,True,True,203497.0,2207.0,rebound,3pt made,,,,201588|201950|201967|202348|203076|203497|203524|203918|204060|2207,201588|203497|203918|204060|2207,201950|201967|202348|203076|203524,19.0,11.0,1610612762.0,21601102,True
2,PT03M09.00S,03:09,Q2 03:09,27.15,202,3pt,Cunningham  3PT Jump Shot (3 PTS) (Holiday 2 AST),[],Cunningham,51,46,Made,True,True,201967.0,201950.0,2pt made,3pt made,,,,201588|201950|201967|202348|203076|203497|203524|203918|204060|2207,201950|201967|202348|203076|203524,201588|203497|203918|204060|2207,228.0,8.0,1610612740.0,21601102,True
2,PT02M44.00S,02:44,Q2 02:44,26.733333333333334,203,3pt,G. Hill  3PT Jump Shot (14 PTS) (Johnson 4 AST),[],Hill,54,46,Made,True,True,201588.0,2207.0,3pt made,2pt missed,,,,201588|201950|201967|202348|203076|203497|203524|203918|204060|2207,201588|203497|203918|204060|2207,201950|201967|202348|203076|203524,-233.0,7.0,1610612762.0,21601102,True
2,PT02M30.00S,02:30,Q2 02:30,26.5,204,2pt,MISS Crawford 11' Jump Shot,['pointsinthepaint'],Crawford,0,0,Missed,True,False,202348.0,,3pt made,rebound,,,,201588|201950|201967|202348|203076|203497|203524|203918|204060|2207,201950|201967|202348|203076|203524,201588|203497|203918|204060|2207,0.0,111.0,1610612740.0,21601102,True
2,PT02M30.00S,02:30,Q2 02:30,26.5,205,rebound,Ingles REBOUND (Off:0 Def:1),[],Ingles,0,0,,False,False,204060.0,,2pt missed,turnover,,,,201588|201950|201967|202348|203076|203497|203524|203918|204060|2207,201588|203497|203918|204060|2207,201950|201967|202348|203076|203524,,,1610612762.0,21601102,True
2,PT02M24.00S,02:24,Q2 02:24,26.4,206,turnover,Ingles Bad Pass Turnover (P1.T4),[],Ingles,0,0,,False,False,204060.0,,rebound,steal,,,,201588|201950|201967|202348|203076|203497|203524|203918|204060|2207,201588|203497|203918|204060|2207,201950|201967|202348|203076|203524,,,1610612762.0,21601102,True
2,PT02M24.00S,02:24,Q2 02:24,26.4,206,steal,Holiday STEAL (1 STL),[],Holiday,0,0,,False,False,201950.0,,turnover,foul,,201950.0,,201588|201950|201967|202348|203076|203497|203524|203918|204060|2207,201950|201967|202348|203076|203524,201588|203497|203918|204060|2207,,,1610612740.0,21601102,True
2,PT02M24.00S,02:24,Q2 02:24,26.4,207,foul,Ingles C.P.FOUL (P2.PN) (M.Ervin),['inpenalty'],Ingles,0,0,,False,False,204060.0,,steal,instant replay,201950.0,,,201588|201950|201967|202348|203076|203497|203524|203918|204060|2207,201588|203497|203918|204060|2207,201950|201967|202348|203076|203524,,,1610612762.0,21601102,True
2,PT02M24.00S,02:24,Q2 02:24,26.4,212,freethrow,MISS Holiday Free Throw Clear Path 1 of 2,[],Holiday,0,0,Missed,False,False,201950.0,,instant replay,rebound,,,,201588|201950|201967|202348|203076|203497|203524|203918|204060|2207,201950|201967|202348|203076|203524,201588|203497|203918|204060|2207,,,1610612740.0,21601102,True
2,PT02M24.00S,02:24,Q2 02:24,26.4,213,rebound,TEAM offensive REBOUND,['team'],,0,0,,False,False,0.0,,freethrow,freethrow,,,,201588|201950|201967|202348|203076|203497|203524|203918|204060|2207,201950|201967|202348|203076|203524,201588|203497|203918|204060|2207,,,1610612740.0,21601102,True
2,PT02M24.00S,02:24,Q2 02:24,26.4,214,freethrow,MISS Holiday Free Throw Clear Path 2 of 2,['2ndchance'],Holiday,0,0,Missed,False,False,201950.0,,rebound,rebound,,,,201588|201950|201967|202348|203076|203497|203524|203918|204060|2207,201950|201967|202348|203076|203524,201588|203497|203918|204060|2207,,,1610612740.0,21601102,True
2,PT02M24.00S,02:24,Q2 02:24,26.4,215,rebound,TEAM offensive REBOUND,['team'],,0,0,,False,False,0.0,,freethrow,2pt missed,,,,201588|201950|201967|202348|203076|203497|203524|203918|204060|2207,201950|201967|202348|203076|203524,201588|203497|203918|204060|2207,,,1610612740.0,21601102,True
2,PT02M14.00S,02:14,Q2 02:14,26.233333333333334,217,2pt,MISS Davis 3' Turnaround Hook Shot,"['2ndchance', 'pointsinthepaint']",Davis,0,0,Missed,True,False,203076.0,,rebound,block,,,,201588|201950|201967|202348|203076|203497|203524|203918|204060|2207,201950|201967|202348|203076|203524,201588|203497|203918|204060|2207,27.0,8.0,1610612740.0,21601102,True
2,PT02M14.00S,02:14,Q2 02:14,26.233333333333334,217,block,Gobert BLOCK (5 BLK),[],Gobert,0,0,,False,False,203497.0,,2pt missed,rebound,,,203497.0,201588|201950|201967|202348|203076|203497|203524|203918|204060|2207,201588|203497|203918|204060|2207,201950|201967|202348|203076|203524,,,1610612762.0,21601102,True
2,PT02M14.00S,02:14,Q2 02:14,26.233333333333334,218,rebound,TEAM defensive REBOUND,['team'],,0,0,,False,False,0.0,,block,foul,,,,201588|201950|201967|202348|203076|203497|203524|203918|204060|2207,201588|203497|203918|204060|2207,201950|201967|202348|203076|203524,,,1610612762.0,21601102,True
2,PT02M00.00S,02:00,Q2 02:00,26.0,219,foul,Holiday S.FOUL (P1.T4) (J.Capers),[],Holiday,0,0,,False,False,201950.0,,rebound,freethrow,203918.0,,,201588|201950|201967|202348|203076|203497|203524|203918|204060|2207,201950|201967|202348|203076|203524,201588|203497|203918|204060|2207,,,1610612740.0,21601102,True
2,PT02M00.00S,02:00,Q2 02:00,26.0,220,freethrow,MISS Hood Free Throw 1 of 2,[],Hood,0,0,Missed,False,False,203918.0,,foul,rebound,,,,201588|201950|201967|202348|203076|203497|203524|203918|204060|2207,201588|203497|203918|204060|2207,201950|201967|202348|203076|203524,,,1610612762.0,21601102,True
2,PT02M00.00S,02:00,Q2 02:00,26.0,221,rebound,TEAM offensive REBOUND,['team'],,0,0,,False,False,0.0,,freethrow,freethrow,,,,201588|201950|201967|202348|203076|203497|203524|203918|204060|2207,201588|203497|203918|204060|2207,201950|201967|202348|203076|203524,,,1610612762.0,21601102,True
2,PT02M00.00S,02:00,Q2 02:00,26.0,222,freethrow,MISS Hood Free Throw 2 of 2,['2ndchance'],Hood,0,0,Missed,False,False,203918.0,,rebound,rebound,,,,201588|201950|201967|202348|203076|203497|203524|203918|204060|2207,201588|203497|203918|204060|2207,201950|201967|202348|203076|203524,,,1610612762.0,21601102,True
2,PT01M59.00S,01:59,Q2 01:59,25.983333333333334,224,rebound,Holiday REBOUND (Off:1 Def:1),[],Holiday,0,0,,False,False,201950.0,,freethrow,3pt made,,,,201588|201950|201967|202348|203076|203497|203524|203918|204060|2207,201950|201967|202348|203076|203524,201588|203497|203918|204060|2207,,,1610612740.0,21601102,True
2,PT01M54.00S,01:54,Q2 01:54,25.9,225,3pt,Crawford  3PT Jump Shot (7 PTS) (Holiday 3 AST),[],Crawford,54,49,Made,True,True,202348.0,201950.0,rebound,turnover,,,,201588|201950|201967|202348|203076|203497|203524|203918|204060|2207,201950|201967|202348|203076|203524,201588|203497|203918|204060|2207,233.0,18.0,1610612740.0,21601102,True
2,PT01M31.00S,01:31,Q2 01:31,25.516666666666666,226,turnover,Johnson Bad Pass Turnover (P1.T5),[],Johnson,0,0,,False,False,2207.0,,3pt made,steal,,,,201588|201950|201967|202348|203076|203497|203524|203918|204060|2207,201588|203497|203918|204060|2207,201950|201967|202348|203076|203524,,,1610612762.0,21601102,True
2,PT01M31.00S,01:31,Q2 01:31,25.516666666666666,226,steal,Davis STEAL (2 STL),[],Davis,0,0,,False,False,203076.0,,turnover,2pt made,,203076.0,,201588|201950|201967|202348|203076|203497|203524|203918|204060|2207,201950|201967|202348|203076|203524,201588|203497|203918|204060|2207,,,1610612740.0,21601102,True
2,PT01M17.00S,01:17,Q2 01:17,25.28333333333333,227,2pt,Davis 14' Jump Shot (24 PTS),[],Davis,54,51,Made,True,False,203076.0,,steal,timeout,,,,201588|201950|201967|202348|203076|203497|203524|203918|204060|2207,201950|201967|202348|203076|203524,201588|203497|203918|204060|2207,-119.0,65.0,1610612740.0,21601102,True
2,PT01M16.00S,01:16,Q2 01:16,25.266666666666666,228,timeout,JAZZ Timeout: Short (Full 2 Short 1),[],,0,0,,False,False,0.0,,2pt made,2pt made,,,,201588|201950|201967|202348|203076|203497|203524|203918|204060|2207,201588|203497|203918|204060|2207,201950|201967|202348|203076|203524,,,1610612762.0,21601102,True
2,PT01M00.00S,01:00,Q2 01:00,25.0,230,2pt,Gobert  Dunk (10 PTS) (Hood 2 AST),['pointsinthepaint'],Gobert,56,51,Made,True,True,203497.0,203918.0,timeout,3pt missed,,,,201588|201950|201967|202348|203076|203497|203524|203918|204060|2207,201588|203497|203918|204060|2207,201950|201967|202348|203076|203524,0.0,1.0,1610612762.0,21601102,True
2,PT00M50.40S,00:50,Q2 00:50,24.84,231,3pt,MISS Davis 25' 3PT Jump Shot,[],Davis,0,0,Missed,True,False,203076.0,,2pt made,rebound,,,,201588|201950|201967|202348|203076|203497|203524|203918|204060|2207,201950|201967|202348|203076|203524,201588|203497|203918|204060|2207,161.0,193.0,1610612740.0,21601102,True
2,PT00M49.90S,00:49,Q2 00:49,24.831666666666667,232,rebound,Ingles REBOUND (Off:0 Def:2),[],Ingles,0,0,,False,False,204060.0,,3pt missed,2pt missed,,,,201588|201950|201967|202348|203076|203497|203524|203918|204060|2207,201588|203497|203918|204060|2207,201950|201967|202348|203076|203524,,,1610612762.0,21601102,True
2,PT00M39.90S,00:39,Q2 00:39,24.665,233,2pt,MISS Ingles 11' Floating Jump Shot,['pointsinthepaint'],Ingles,0,0,Missed,True,False,204060.0,,rebound,rebound,,,,201588|201950|201967|202348|203076|203497|203524|203918|204060|2207,201588|203497|203918|204060|2207,201950|201967|202348|203076|203524,-53.0,95.0,1610612762.0,21601102,True
2,PT00M39.20S,00:39,Q2 00:39,24.653333333333332,234,rebound,S. Hill REBOUND (Off:0 Def:4),[],Hill,0,0,,False,False,203524.0,,2pt missed,3pt missed,,,,201588|201950|201967|202348|203076|203497|203524|203918|204060|2207,201950|201967|202348|203076|203524,201588|203497|203918|204060|2207,,,1610612740.0,21601102,True
2,PT00M24.80S,00:24,Q2 00:24,24.413333333333334,235,3pt,MISS S. Hill 24' 3PT Jump Shot,[],Hill,0,0,Missed,True,False,203524.0,,rebound,rebound,,,,201588|201950|201967|202348|203076|203497|203524|203918|204060|2207,201950|201967|202348|203076|203524,201588|203497|203918|204060|2207,-125.0,210.0,1610612740.0,21601102,True
2,PT00M24.40S,00:24,Q2 00:24,24.406666666666666,236,rebound,Hood REBOUND (Off:1 Def:3),[],Hood,0,0,,False,False,203918.0,,3pt missed,2pt missed,,,,201588|201950|201967|202348|203076|203497|203524|203918|204060|2207,201588|203497|203918|204060|2207,201950|201967|202348|203076|203524,,,1610612762.0,21601102,True
2,PT00M00.00S,00:00,Q2 00:00,24.0,237,2pt,MISS Hood 7' Jump Shot,['pointsinthepaint'],Hood,0,0,Missed,True,False,203918.0,,rebound,rebound,,,,201588|201950|201967|202348|203076|203497|203524|203918|204060|2207,201588|203497|203918|204060|2207,201950|201967|202348|203076|203524,53.0,41.0,1610612762.0,21601102,True
2,PT00M00.00S,00:00,Q2 00:00,24.0,238,rebound,TEAM offensive REBOUND,['team'],,0,0,,False,False,0.0,,2pt missed,period,,,,201588|201950|201967|202348|203076|203497|203524|203918|204060|2207,201588|203497|203918|204060|2207,201950|201967|202348|203076|203524,,,1610612762.0,21601102,True
2,PT00M00.00S,00:00,Q2 00:00,24.0,239,period,End of 2nd Period (11:44 PM EST),[],,56,51,,False,False,0.0,,rebound,period,,,,201588|201950|201967|202348|203076|203497|203524|203918|204060|2207,201588|203497|203918|204060|2207,201950|201967|202348|203076|203524,,,1610612762.0,21601102,True
3,PT12M00.00S,12:00,Q3 12:00,24.0,241,period,Start of 3rd Period (12:02 AM EST),[],,56,51,,False,False,0.0,,period,substitution,,,,201588|201950|201967|202348|203076|203497|203524|203918|204060|2207,201588|203497|203918|204060|2207,201950|201967|202348|203076|203524,,,1610612762.0,21601102,True
3,PT11M47.00S,11:47,Q3 11:47,23.78333333333333,242,2pt,Hood 18' Pullup Jump Shot (15 PTS) (Gobert 1 AST),[],Hood,58,51,Made,True,True,203918.0,203497.0,substitution,3pt missed,,,,201588|201950|201967|203076|203497|203524|203918|204025|204060|2564,201588|203497|203918|204060|2564,201950|201967|203076|203524|204025,-73.0,164.0,1610612762.0,21601102,True
3,PT11M26.00S,11:26,Q3 11:26,23.433333333333334,243,3pt,MISS Frazier 25' 3PT Jump Shot,[],Frazier,0,0,Missed,True,False,204025.0,,2pt made,rebound,,,,201588|201950|201967|203076|203497|203524|203918|204025|204060|2564,201950|201967|203076|203524|204025,201588|203497|203918|204060|2564,87.0,237.0,1610612740.0,21601102,True
3,PT11M26.00S,11:26,Q3 11:26,23.433333333333334,244,rebound,Hood REBOUND (Off:1 Def:4),[],Hood,0,0,,False,False,203918.0,,3pt missed,2pt missed,,,,201588|201950|201967|203076|203497|203524|203918|204025|204060|2564,201588|203497|203918|204060|2564,201950|201967|203076|203524|204025,,,1610612762.0,21601102,True
3,PT11M12.00S,11:12,Q3 11:12,23.2,245,2pt,MISS G. Hill 16' Pullup Jump Shot,[],Hill,0,0,Missed,True,False,201588.0,,rebound,rebound,,,,201588|201950|201967|203076|203497|203524|203918|204025|204060|2564,201588|203497|203918|204060|2564,201950|201967|203076|203524|204025,-35.0,151.0,1610612762.0,21601102,True
3,PT11M11.00S,11:11,Q3 11:11,23.183333333333334,246,rebound,Cunningham REBOUND (Off:0 Def:2),[],Cunningham,0,0,,False,False,201967.0,,2pt missed,2pt made,,,,201588|201950|201967|203076|203497|203524|203918|204025|204060|2564,201950|201967|203076|203524|204025,201588|203497|203918|204060|2564,,,1610612740.0,21601102,True
3,PT11M03.00S,11:03,Q3 11:03,23.05,247,2pt,Davis 20' Jump Shot (26 PTS) (Frazier 5 AST),[],Davis,58,53,Made,True,True,203076.0,204025.0,rebound,2pt missed,,,,201588|201950|201967|203076|203497|203524|203918|204025|204060|2564,201950|201967|203076|203524|204025,201588|203497|203918|204060|2564,-130.0,149.0,1610612740.0,21601102,True
3,PT10M37.00S,10:37,Q3 10:37,22.616666666666667,248,2pt,MISS Gobert 4' Jump Shot,['pointsinthepaint'],Gobert,0,0,Missed,True,False,203497.0,,2pt made,block,,,,201588|201950|201967|203076|203497|203524|203918|204025|204060|2564,201588|203497|203918|204060|2564,201950|201967|203076|203524|204025,-34.0,18.0,1610612762.0,21601102,True
3,PT10M37.00S,10:37,Q3 10:37,22.616666666666667,248,block,Davis BLOCK (2 BLK),[],Davis,0,0,,False,False,203076.0,,2pt missed,rebound,,,203076.0,201588|201950|201967|203076|203497|203524|203918|204025|204060|2564,201950|201967|203076|203524|204025,201588|203497|203918|204060|2564,,,1610612740.0,21601102,True
3,PT10M34.00S,10:34,Q3 10:34,22.566666666666666,249,rebound,Davis REBOUND (Off:0 Def:9),[],Davis,0,0,,False,False,203076.0,,block,2pt made,,,,201588|201950|201967|203076|203497|203524|203918|204025|204060|2564,201950|201967|203076|203524|204025,201588|203497|203918|204060|2564,,,1610612740.0,21601102,True
3,PT10M31.00S,10:31,Q3 10:31,22.516666666666666,250,2pt,Frazier 2' Driving Layup (2 PTS) (Davis 2 AST),['pointsinthepaint'],Frazier,58,55,Made,True,True,204025.0,203076.0,rebound,turnover,,,,201588|201950|201967|203076|203497|203524|203918|204025|204060|2564,201950|201967|203076|203524|204025,201588|203497|203918|204060|2564,22.0,3.0,1610612740.0,21601102,True
3,PT10M16.00S,10:16,Q3 10:16,22.266666666666666,251,turnover,Ingles Lost Ball Turnover (P2.T6),[],Ingles,0,0,,False,False,204060.0,,2pt made,steal,,,,201588|201950|201967|203076|203497|203524|203918|204025|204060|2564,201588|203497|203918|204060|2564,201950|201967|203076|203524|204025,,,1610612762.0,21601102,True
3,PT10M16.00S,10:16,Q3 10:16,22.266666666666666,251,steal,Frazier STEAL (2 STL),[],Frazier,0,0,,False,False,204025.0,,turnover,foul,,204025.0,,201588|201950|201967|203076|203497|203524|203918|204025|204060|2564,201950|201967|203076|203524|204025,201588|203497|203918|204060|2564,,,1610612740.0,21601102,True
3,PT09M59.00S,09:59,Q3 09:59,21.983333333333334,252,foul,Hood P.FOUL (P2.T1) (M.Ervin),[],Hood,0,0,,False,False,203918.0,,steal,2pt missed,203076.0,,,201588|201950|201967|203076|203497|203524|203918|204025|204060|2564,201588|203497|203918|204060|2564,201950|201967|203076|203524|204025,,,1610612762.0,21601102,True
3,PT09M51.00S,09:51,Q3 09:51,21.85,253,2pt,MISS Davis 10' Floating Jump Shot,['pointsinthepaint'],Davis,0,0,Missed,True,False,203076.0,,foul,rebound,,,,201588|201950|201967|203076|203497|203524|203918|204025|204060|2564,201950|201967|203076|203524|204025,201588|203497|203918|204060|2564,-17.0,95.0,1610612740.0,21601102,True
3,PT09M50.00S,09:50,Q3 09:50,21.833333333333336,254,rebound,Davis REBOUND (Off:1 Def:9),[],Davis,0,0,,False,False,203076.0,,2pt missed,2pt made,,,,201588|201950|201967|203076|203497|203524|203918|204025|204060|2564,201950|201967|203076|203524|204025,201588|203497|203918|204060|2564,,,1610612740.0,21601102,True
3,PT09M47.00S,09:47,Q3 09:47,21.78333333333333,255,2pt,Davis 1' Layup (28 PTS),['pointsinthepaint'],Davis,58,57,Made,True,False,203076.0,,rebound,foul,,,,201588|201950|201967|203076|203497|203524|203918|204025|204060|2564,201950|201967|203076|203524|204025,201588|203497|203918|204060|2564,-9.0,7.0,1610612740.0,21601102,True
3,PT09M29.00S,09:29,Q3 09:29,21.483333333333334,256,foul,Cunningham S.FOUL (P1.T1) (M.Ervin),[],Cunningham,0,0,,False,False,201967.0,,2pt made,freethrow,203497.0,,,201588|201950|201967|203076|203497|203524|203918|204025|204060|2564,201950|201967|203076|203524|204025,201588|203497|203918|204060|2564,,,1610612740.0,21601102,True
3,PT09M29.00S,09:29,Q3 09:29,21.483333333333334,257,freethrow,Gobert Free Throw 1 of 2 (11 PTS),[],Gobert,59,57,Made,False,False,203497.0,,foul,freethrow,,,,201588|201950|201967|203076|203497|203524|203918|204025|204060|2564,201588|203497|203918|204060|2564,201950|201967|203076|203524|204025,,,1610612762.0,21601102,True
3,PT09M29.00S,09:29,Q3 09:29,21.483333333333334,259,freethrow,MISS Gobert Free Throw 2 of 2,[],Gobert,0,0,Missed,False,False,203497.0,,freethrow,rebound,,,,201588|201950|201967|203076|203497|203524|203918|204025|204060|2564,201588|203497|203918|204060|2564,201950|201967|203076|203524|204025,,,1610612762.0,21601102,True
3,PT09M28.00S,09:28,Q3 09:28,21.46666666666667,261,rebound,Cunningham REBOUND (Off:0 Def:3),[],Cunningham,0,0,,False,False,201967.0,,freethrow,2pt made,,,,201588|201950|201967|203076|203497|203524|203918|204025|204060|2564,201950|201967|203076|203524|204025,201588|203497|203918|204060|2564,,,1610612740.0,21601102,True
3,PT09M22.00S,09:22,Q3 09:22,21.366666666666667,262,2pt,Frazier 2' Running Layup (4 PTS),['pointsinthepaint'],Frazier,59,59,Made,True,False,204025.0,,rebound,3pt missed,,,,201588|201950|201967|203076|203497|203524|203918|204025|204060|2564,201950|201967|203076|203524|204025,201588|203497|203918|204060|2564,9.0,18.0,1610612740.0,21601102,True
3,PT09M01.00S,09:01,Q3 09:01,21.016666666666666,263,3pt,MISS Diaw 25' 3PT Jump Shot,[],Diaw,0,0,Missed,True,False,2564.0,,2pt made,rebound,,,,201588|201950|201967|203076|203497|203524|203918|204025|204060|2564,201588|203497|203918|204060|2564,201950|201967|203076|203524|204025,-125.0,214.0,1610612762.0,21601102,True
3,PT09M01.00S,09:01,Q3 09:01,21.016666666666666,264,rebound,S. Hill REBOUND (Off:0 Def:5),[],Hill,0,0,,False,False,203524.0,,3pt missed,2pt missed,,,,201588|201950|201967|203076|203497|203524|203918|204025|204060|2564,201950|201967|203076|203524|204025,201588|203497|203918|204060|2564,,,1610612740.0,21601102,True
3,PT08M47.00S,08:47,Q3 08:47,20.78333333333333,265,2pt,MISS Holiday 3' Layup,['pointsinthepaint'],Holiday,0,0,Missed,True,False,201950.0,,rebound,2pt made,,,,201588|201950|201967|203076|203497|203524|203918|204025|204060|2564,201950|201967|203076|203524|204025,201588|203497|203918|204060|2564,-20.0,18.0,1610612740.0,21601102,True
3,PT08M47.00S,08:47,Q3 08:47,20.78333333333333,266,2pt,S. Hill 2' Tip Layup Shot (7 PTS),['pointsinthepaint'],Hill,59,61,Made,True,False,203524.0,,2pt missed,rebound,,,,201588|201950|201967|203076|203497|203524|203918|204025|204060|2564,201950|201967|203076|203524|204025,201588|203497|203918|204060|2564,-9.0,18.0,1610612740.0,21601102,True
3,PT08M47.00S,08:47,Q3 08:47,20.78333333333333,267,rebound,S. Hill REBOUND (Off:1 Def:5),[],Hill,0,0,,False,False,203524.0,,2pt made,timeout,,,,201588|201950|201967|203076|203497|203524|203918|204025|204060|2564,201950|201967|203076|203524|204025,201588|203497|203918|204060|2564,,,1610612740.0,21601102,True
3,PT08M47.00S,08:47,Q3 08:47,20.78333333333333,269,timeout,JAZZ Timeout: Regular (Full 3 Short 1),[],,0,0,,False,False,0.0,,rebound,substitution,,,,201588|201950|201967|203076|203497|203524|203918|204025|204060|2564,201588|203497|203918|204060|2564,201950|201967|203076|203524|204025,,,1610612762.0,21601102,True
3,PT08M47.00S,08:47,Q3 08:47,20.78333333333333,270,substitution,SUB out: B. Diaw,[],Diaw,0,0,,False,False,2564.0,,timeout,substitution,,,,201588|201950|201967|203076|203497|203524|203918|204025|204060,201588|203497|203918|204060,201950|201967|203076|203524|204025,,,1610612762.0,21601102,False
3,PT08M47.00S,08:47,Q3 08:47,20.78333333333333,271,substitution,SUB in: J. Johnson,[],Johnson,0,0,,False,False,2207.0,,substitution,3pt missed,,,,201588|201950|201967|203076|203497|203524|203918|204025|204060|2207,201588|203497|203918|204060|2207,201950|201967|203076|203524|204025,,,1610612762.0,21601102,True
3,PT08M22.00S,08:22,Q3 08:22,20.366666666666667,271,3pt,MISS G. Hill  3PT Jump Shot,[],Hill,0,0,Missed,True,False,201588.0,,substitution,block,,,,201588|201950|201967|203076|203497|203524|203918|204025|204060|2207,201588|203497|203918|204060|2207,201950|201967|203076|203524|204025,225.0,16.0,1610612762.0,21601102,True
3,PT08M22.00S,08:22,Q3 08:22,20.366666666666667,271,block,Holiday BLOCK (1 BLK),[],Holiday,0,0,,False,False,201950.0,,3pt missed,rebound,,,201950.0,201588|201950|201967|203076|203497|203524|203918|204025|204060|2207,201950|201967|203076|203524|204025,201588|203497|203918|204060|2207,,,1610612740.0,21601102,True
3,PT08M22.00S,08:22,Q3 08:22,20.366666666666667,272,rebound,TEAM offensive REBOUND,['team'],,0,0,,False,False,0.0,,block,turnover,,,,201588|201950|201967|203076|203497|203524|203918|204025|204060|2207,201588|203497|203918|204060|2207,201950|201967|203076|203524|204025,,,1610612762.0,21601102,True
3,PT08M22.00S,08:22,Q3 08:22,20.366666666666667,273,turnover,JAZZ Turnover: Shot Clock (T#7),[],,0,0,,False,False,1610612762.0,,rebound,3pt missed,,,,201588|201950|201967|203076|203497|203524|203918|204025|204060|2207,201588|203497|203918|204060|2207,201950|201967|203076|203524|204025,,,0.0,21601102,True
3,PT08M10.00S,08:10,Q3 08:10,20.166666666666664,274,3pt,MISS Holiday 25' 3PT Jump Shot,[],Holiday,0,0,Missed,True,False,201950.0,,turnover,rebound,,,,201588|201950|201967|203076|203497|203524|203918|204025|204060|2207,201950|201967|203076|203524|204025,201588|203497|203918|204060|2207,-150.0,195.0,1610612740.0,21601102,True
3,PT08M09.00S,08:09,Q3 08:09,20.15,275,rebound,Johnson REBOUND (Off:1 Def:3),[],Johnson,0,0,,False,False,2207.0,,3pt missed,2pt made,,,,201588|201950|201967|203076|203497|203524|203918|204025|204060|2207,201588|203497|203918|204060|2207,201950|201967|203076|203524|204025,,,1610612762.0,21601102,True
3,PT07M56.00S,07:56,Q3 07:56,19.933333333333334,276,2pt,Gobert 2' Layup (13 PTS) (Ingles 3 AST),['pointsinthepaint'],Gobert,61,61,Made,True,True,203497.0,204060.0,rebound,2pt made,,,,201588|201950|201967|203076|203497|203524|203918|204025|204060|2207,201588|203497|203918|204060|2207,201950|201967|203076|203524|204025,15.0,16.0,1610612762.0,21601102,True
3,PT07M32.00S,07:32,Q3 07:32,19.53333333333333,277,2pt,Holiday 3' Driving Layup (10 PTS),['pointsinthepaint'],Holiday,61,63,Made,True,False,201950.0,,2pt made,foul,,,,201588|201950|201967|203076|203497|203524|203918|204025|204060|2207,201950|201967|203076|203524|204025,201588|203497|203918|204060|2207,-25.0,16.0,1610612740.0,21601102,True
3,PT07M20.00S,07:20,Q3 07:20,19.333333333333332,278,foul,Davis S.FOUL (P1.T2) (M.Ervin),[],Davis,0,0,,False,False,203076.0,,2pt made,freethrow,203497.0,,,201588|201950|201967|203076|203497|203524|203918|204025|204060|2207,201950|201967|203076|203524|204025,201588|203497|203918|204060|2207,,,1610612740.0,21601102,True
3,PT07M20.00S,07:20,Q3 07:20,19.333333333333332,279,freethrow,MISS Gobert Free Throw 1 of 2,[],Gobert,0,0,Missed,False,False,203497.0,,foul,rebound,,,,201588|201950|201967|203076|203497|203524|203918|204025|204060|2207,201588|203497|203918|204060|2207,201950|201967|203076|203524|204025,,,1610612762.0,21601102,True
3,PT07M20.00S,07:20,Q3 07:20,19.333333333333332,280,rebound,TEAM offensive REBOUND,['team'],,0,0,,False,False,0.0,,freethrow,freethrow,,,,201588|201950|201967|203076|203497|203524|203918|204025|204060|2207,201588|203497|203918|204060|2207,201950|201967|203076|203524|204025,,,1610612762.0,21601102,True
3,PT07M20.00S,07:20,Q3 07:20,19.333333333333332,282,freethrow,Gobert Free Throw 2 of 2 (14 PTS),[],Gobert,62,63,Made,False,False,203497.0,,rebound,substitution,,,,201588|201950|201967|203076|203497|203524|203918|204025|204060|2207,201588|203497|203918|204060|2207,201950|201967|203076|203524|204025,,,1610612762.0,21601102,True
3,PT07M20.00S,07:20,Q3 07:20,19.333333333333332,281,substitution,SUB out: R. Hood,[],Hood,0,0,,False,False,203918.0,,freethrow,substitution,,,,201588|201950|201967|203076|203497|203524|204025|204060|2207,201588|203497|204060|2207,201950|201967|203076|203524|204025,,,1610612762.0,21601102,False
3,PT07M20.00S,07:20,Q3 07:20,19.333333333333332,282,substitution,SUB in: D. Exum,[],Exum,0,0,,False,False,203957.0,,substitution,3pt missed,,,,201588|201950|201967|203076|203497|203524|203957|204025|204060|2207,201588|203497|203957|204060|2207,201950|201967|203076|203524|204025,,,1610612762.0,21601102,True
3,PT07M03.00S,07:03,Q3 07:03,19.05,284,3pt,MISS Holiday 26' 3PT Jump Shot,[],Holiday,0,0,Missed,True,False,201950.0,,substitution,rebound,,,,201588|201950|201967|203076|203497|203524|203957|204025|204060|2207,201950|201967|203076|203524|204025,201588|203497|203957|204060|2207,-137.0,219.0,1610612740.0,21601102,True
3,PT07M03.00S,07:03,Q3 07:03,19.05,285,rebound,Gobert REBOUND (Off:2 Def:6),[],Gobert,0,0,,False,False,203497.0,,3pt missed,3pt made,,,,201588|201950|201967|203076|203497|203524|203957|204025|204060|2207,201588|203497|203957|204060|2207,201950|201967|203076|203524|204025,,,1610612762.0,21601102,True
3,PT06M47.00S,06:47,Q3 06:47,18.78333333333333,286,3pt,G. Hill  3PT Jump Shot (17 PTS) (Exum 2 AST),[],Hill,65,63,Made,True,True,201588.0,203957.0,rebound,timeout,,,,201588|201950|201967|203076|203497|203524|203957|204025|204060|2207,201588|203497|203957|204060|2207,201950|201967|203076|203524|204025,230.0,-11.0,1610612762.0,21601102,True
3,PT06M43.00S,06:43,Q3 06:43,18.71666666666667,287,timeout,Pelicans Timeout: Regular (Reg.3 Short 0),[],,0,0,,False,False,0.0,,3pt made,substitution,,,,201588|201950|201967|203076|203497|203524|203957|204025|204060|2207,201950|201967|203076|203524|204025,201588|203497|203957|204060|2207,,,1610612740.0,21601102,True
3,PT06M43.00S,06:43,Q3 06:43,18.71666666666667,289,substitution,SUB out: T. Frazier,[],Frazier,0,0,,False,False,204025.0,,timeout,substitution,,,,201588|201950|201967|203076|203497|203524|203957|204060|2207,201950|201967|203076|203524,201588|203497|203957|204060|2207,,,1610612740.0,21601102,False
3,PT06M43.00S,06:43,Q3 06:43,18.71666666666667,290,substitution,SUB in: E. Moore,[],Moore,0,0,,False,False,202734.0,,substitution,3pt missed,,,,201588|201950|201967|202734|203076|203497|203524|203957|204060|2207,201950|201967|202734|203076|203524,201588|203497|203957|204060|2207,,,1610612740.0,21601102,True
3,PT06M30.00S,06:30,Q3 06:30,18.5,290,3pt,MISS Moore 25' 3PT Jump Shot,[],Moore,0,0,Missed,True,False,202734.0,,substitution,rebound,,,,201588|201950|201967|202734|203076|203497|203524|203957|204060|2207,201950|201967|202734|203076|203524,201588|203497|203957|204060|2207,215.0,120.0,1610612740.0,21601102,True
3,PT06M29.00S,06:29,Q3 06:29,18.483333333333334,291,rebound,G. Hill REBOUND (Off:0 Def:2),[],Hill,0,0,,False,False,201588.0,,3pt missed,2pt made,,,,201588|201950|201967|202734|203076|203497|203524|203957|204060|2207,201588|203497|203957|204060|2207,201950|201967|202734|203076|203524,,,1610612762.0,21601102,True
3,PT06M12.00S,06:12,Q3 06:12,18.2,292,2pt,Gobert  Driving Dunk (16 PTS) (Ingles 4 AST),['pointsinthepaint'],Gobert,67,63,Made,True,True,203497.0,204060.0,rebound,foul,,,,201588|201950|201967|202734|203076|203497|203524|203957|204060|2207,201588|203497|203957|204060|2207,201950|201967|202734|203076|203524,0.0,1.0,1610612762.0,21601102,True
3,PT05M56.00S,05:56,Q3 05:56,17.933333333333334,293,foul,G. Hill S.FOUL (P2.T2) (J.Capers),[],Hill,0,0,,False,False,201588.0,,2pt made,freethrow,201967.0,,,201588|201950|201967|202734|203076|203497|203524|203957|204060|2207,201588|203497|203957|204060|2207,201950|201967|202734|203076|203524,,,1610612762.0,21601102,True
3,PT05M56.00S,05:56,Q3 05:56,17.933333333333334,294,freethrow,Cunningham Free Throw 1 of 2 (4 PTS),[],Cunningham,67,64,Made,False,False,201967.0,,foul,freethrow,,,,201588|201950|201967|202734|203076|203497|203524|203957|204060|2207,201950|201967|202734|203076|203524,201588|203497|203957|204060|2207,,,1610612740.0,21601102,True
3,PT05M56.00S,05:56,Q3 05:56,17.933333333333334,296,freethrow,Cunningham Free Throw 2 of 2 (5 PTS),[],Cunningham,67,65,Made,False,False,201967.0,,freethrow,2pt missed,,,,201588|201950|201967|202734|203076|203497|203524|203957|204060|2207,201950|201967|202734|203076|203524,201588|203497|203957|204060|2207,,,1610612740.0,21601102,True
3,PT05M40.00S,05:40,Q3 05:40,17.666666666666668,298,2pt,MISS Ingles 3' Jump Shot,['pointsinthepaint'],Ingles,0,0,Missed,True,False,204060.0,,freethrow,block,,,,201588|201950|201967|202734|203076|203497|203524|203957|204060|2207,201588|203497|203957|204060|2207,201950|201967|202734|203076|203524,15.0,26.0,1610612762.0,21601102,True
3,PT05M40.00S,05:40,Q3 05:40,17.666666666666668,298,block,Davis BLOCK (3 BLK),[],Davis,0,0,,False,False,203076.0,,2pt missed,rebound,,,203076.0,201588|201950|201967|202734|203076|203497|203524|203957|204060|2207,201950|201967|202734|203076|203524,201588|203497|203957|204060|2207,,,1610612740.0,21601102,True
3,PT05M39.00S,05:39,Q3 05:39,17.65,299,rebound,Ingles REBOUND (Off:1 Def:2),[],Ingles,0,0,,False,False,204060.0,,block,turnover,,,,201588|201950|201967|202734|203076|203497|203524|203957|204060|2207,201588|203497|203957|204060|2207,201950|201967|202734|203076|203524,,,1610612762.0,21601102,True
3,PT05M39.00S,05:39,Q3 05:39,17.65,300,turnover,Ingles Out of Bounds - Bad Pass Turnover Turnover (P3.T8),[],Ingles,0,0,,False,False,204060.0,,rebound,2pt missed,,,,201588|201950|201967|202734|203076|203497|203524|203957|204060|2207,201588|203497|203957|204060|2207,201950|201967|202734|203076|203524,,,1610612762.0,21601102,True
3,PT05M26.00S,05:26,Q3 05:26,17.433333333333334,301,2pt,MISS Davis 6' Floating Jump Shot,['pointsinthepaint'],Davis,0,0,Missed,True,False,203076.0,,turnover,rebound,,,,201588|201950|201967|202734|203076|203497|203524|203957|204060|2207,201950|201967|202734|203076|203524,201588|203497|203957|204060|2207,-45.0,38.0,1610612740.0,21601102,True
3,PT05M25.00S,05:25,Q3 05:25,17.416666666666668,302,rebound,Gobert REBOUND (Off:2 Def:7),[],Gobert,0,0,,False,False,203497.0,,2pt missed,3pt made,,,,201588|201950|201967|202734|203076|203497|203524|203957|204060|2207,201588|203497|203957|204060|2207,201950|201967|202734|203076|203524,,,1610612762.0,21601102,True
3,PT05M09.00S,05:09,Q3 05:09,17.15,303,3pt,Johnson  3PT Jump Shot (7 PTS) (G. Hill 3 AST),[],Johnson,70,65,Made,True,True,2207.0,201588.0,rebound,2pt missed,,,,201588|201950|201967|202734|203076|203497|203524|203957|204060|2207,201588|203497|203957|204060|2207,201950|201967|202734|203076|203524,228.0,0.0,1610612762.0,21601102,True
3,PT04M48.00S,04:48,Q3 04:48,16.8,304,2pt,MISS Cunningham 18' Jump Shot,[],Cunningham,0,0,Missed,True,False,201967.0,,3pt made,rebound,,,,201588|201950|201967|202734|203076|203497|203524|203957|204060|2207,201950|201967|202734|203076|203524,201588|203497|203957|204060|2207,0.0,180.0,1610612740.0,21601102,True
3,PT04M47.00S,04:47,Q3 04:47,16.78333333333333,305,rebound,Gobert REBOUND (Off:2 Def:8),[],Gobert,0,0,,False,False,203497.0,,2pt missed,3pt made,,,,201588|201950|201967|202734|203076|203497|203524|203957|204060|2207,201588|203497|203957|204060|2207,201950|201967|202734|203076|203524,,,1610612762.0,21601102,True
3,PT04M38.00S,04:38,Q3 04:38,16.633333333333333,306,3pt,Ingles 24' 3PT Jump Shot (9 PTS) (G. Hill 4 AST),[],Ingles,73,65,Made,True,True,204060.0,201588.0,rebound,3pt missed,,,,201588|201950|201967|202734|203076|203497|203524|203957|204060|2207,201588|203497|203957|204060|2207,201950|201967|202734|203076|203524,-238.0,26.0,1610612762.0,21601102,True
3,PT04M22.00S,04:22,Q3 04:22,16.366666666666667,307,3pt,MISS Cunningham 24' 3PT Jump Shot,[],Cunningham,0,0,Missed,True,False,201967.0,,3pt made,rebound,,,,201588|201950|201967|202734|203076|203497|203524|203957|204060|2207,201950|201967|202734|203076|203524,201588|203497|203957|204060|2207,232.0,77.0,1610612740.0,21601102,True
3,PT04M22.00S,04:22,Q3 04:22,16.366666666666667,308,rebound,Exum REBOUND (Off:1 Def:2),[],Exum,0,0,,False,False,203957.0,,3pt missed,foul,,,,201588|201950|201967|202734|203076|203497|203524|203957|204060|2207,201588|203497|203957|204060|2207,201950|201967|202734|203076|203524,,,1610612762.0,21601102,True
3,PT04M08.00S,04:08,Q3 04:08,16.133333333333333,309,foul,S. Hill P.FOUL (P1.T3) (J.Capers),[],Hill,0,0,,False,False,203524.0,,rebound,substitution,203918.0,,,201588|201950|201967|202734|203076|203497|203524|203957|204060|2207,201950|201967|202734|203076|203524,201588|203497|203957|204060|2207,,,1610612740.0,21601102,True
3,PT04M08.00S,04:08,Q3 04:08,16.133333333333333,310,substitution,SUB out: J. Ingles,[],Ingles,0,0,,False,False,204060.0,,foul,substitution,,,,201588|201950|201967|202734|203076|203497|203524|203957|2207,201588|203497|203957|2207,201950|201967|202734|203076|203524,,,1610612762.0,21601102,False
3,PT04M08.00S,04:08,Q3 04:08,16.133333333333333,311,substitution,SUB out: S. Hill,[],Hill,0,0,,False,False,203524.0,,substitution,substitution,,,,201588|201950|201967|202734|203076|203497|203957|2207,201950|201967|202734|203076,201588|203497|203957|2207,,,1610612740.0,21601102,False
3,PT04M08.00S,04:08,Q3 04:08,16.133333333333333,312,substitution,SUB in: R. Hood,[],Hood,0,0,,False,False,203918.0,,substitution,substitution,,,,201588|201950|201967|202734|203076|203497|203918|203957|2207,201588|203497|203918|203957|2207,201950|201967|202734|203076,,,1610612762.0,21601102,False
3,PT04M08.00S,04:08,Q3 04:08,16.133333333333333,313,substitution,SUB in: J. Crawford,[],Crawford,0,0,,False,False,202348.0,,substitution,2pt missed,,,,201588|201950|201967|202348|202734|203076|203497|203918|203957|2207,201950|201967|202348|202734|203076,201588|203497|203918|203957|2207,,,1610612740.0,21601102,True
3,PT03M57.00S,03:57,Q3 03:57,15.95,311,2pt,MISS Hood 14' Jump Shot,['pointsinthepaint'],Hood,0,0,Missed,True,False,203918.0,,substitution,rebound,,,,201588|201950|201967|202348|202734|203076|203497|203918|203957|2207,201588|203497|203918|203957|2207,201950|201967|202348|202734|203076,68.0,120.0,1610612762.0,21601102,True
3,PT03M56.00S,03:56,Q3 03:56,15.933333333333334,312,rebound,Davis REBOUND (Off:1 Def:10),[],Davis,0,0,,False,False,203076.0,,2pt missed,foul,,,,201588|201950|201967|202348|202734|203076|203497|203918|203957|2207,201950|201967|202348|202734|203076,201588|203497|203918|203957|2207,,,1610612740.0,21601102,True
3,PT03M56.00S,03:56,Q3 03:56,15.933333333333334,313,foul,Gobert L.B.FOUL (P3.T3) (M.Ervin),[],Gobert,0,0,,False,False,203497.0,,rebound,2pt missed,202348.0,,,201588|201950|201967|202348|202734|203076|203497|203918|203957|2207,201588|203497|203918|203957|2207,201950|201967|202348|202734|203076,,,1610612762.0,21601102,True
3,PT03M47.00S,03:47,Q3 03:47,15.783333333333333,315,2pt,MISS Crawford 19' Jump Shot,[],Crawford,0,0,Missed,True,False,202348.0,,foul,rebound,,,,201588|201950|201967|202348|202734|203076|203497|203918|203957|2207,201950|201967|202348|202734|203076,201588|203497|203918|203957|2207,-92.0,165.0,1610612740.0,21601102,True
3,PT03M46.00S,03:46,Q3 03:46,15.766666666666666,316,rebound,Johnson REBOUND (Off:1 Def:4),[],Johnson,0,0,,False,False,2207.0,,2pt missed,2pt missed,,,,201588|201950|201967|202348|202734|203076|203497|203918|203957|2207,201588|203497|203918|203957|2207,201950|201967|202348|202734|203076,,,1610612762.0,21601102,True
3,PT03M37.00S,03:37,Q3 03:37,15.616666666666667,317,2pt,MISS Johnson 18' Jump Shot,[],Johnson,0,0,Missed,True,False,2207.0,,rebound,rebound,,,,201588|201950|201967|202348|202734|203076|203497|203918|203957|2207,201588|203497|203918|203957|2207,201950|201967|202348|202734|203076,-133.0,124.0,1610612762.0,21601102,True
3,PT03M35.00S,03:35,Q3 03:35,15.583333333333334,318,rebound,Davis REBOUND (Off:1 Def:11),[],Davis,0,0,,False,False,203076.0,,2pt missed,turnover,,,,201588|201950|201967|202348|202734|203076|203497|203918|203957|2207,201950|201967|202348|202734|203076,201588|203497|203918|203957|2207,,,1610612740.0,21601102,True
3,PT03M32.00S,03:32,Q3 03:32,15.533333333333333,319,turnover,Moore Traveling Turnover (P2.T7),[],Moore,0,0,,False,False,202734.0,,rebound,substitution,,,,201588|201950|201967|202348|202734|203076|203497|203918|203957|2207,201950|201967|202348|202734|203076,201588|203497|203918|203957|2207,,,1610612740.0,21601102,True
3,PT03M32.00S,03:32,Q3 03:32,15.533333333333333,320,substitution,SUB out: G. Hill,[],Hill,0,0,,False,False,201588.0,,turnover,substitution,,,,201950|201967|202348|202734|203076|203497|203918|203957|2207,203497|203918|203957|2207,201950|201967|202348|202734|203076,,,1610612762.0,21601102,False
3,PT03M32.00S,03:32,Q3 03:32,15.533333333333333,321,substitution,SUB in: R. Neto,[],Neto,0,0,,False,False,203526.0,,substitution,turnover,,,,201950|201967|202348|202734|203076|203497|203526|203918|203957|2207,203497|203526|203918|203957|2207,201950|201967|202348|202734|203076,,,1610612762.0,21601102,True
3,PT03M15.00S,03:15,Q3 03:15,15.25,322,turnover,Gobert 3 Second Violation Turnover (P1.T9),[],Gobert,0,0,,False,False,203497.0,,substitution,substitution,,,,201950|201967|202348|202734|203076|203497|203526|203918|203957|2207,203497|203526|203918|203957|2207,201950|201967|202348|202734|203076,,,1610612762.0,21601102,True
3,PT03M15.00S,03:15,Q3 03:15,15.25,323,substitution,SUB out: J. Holiday,[],Holiday,0,0,,False,False,201950.0,,turnover,substitution,,,,201967|202348|202734|203076|203497|203526|203918|203957|2207,201967|202348|202734|203076,203497|203526|203918|203957|2207,,,1610612740.0,21601102,False
3,PT03M15.00S,03:15,Q3 03:15,15.25,324,substitution,SUB in: T. Frazier,[],Frazier,0,0,,False,False,204025.0,,substitution,2pt missed,,,,201967|202348|202734|203076|203497|203526|203918|203957|204025|2207,201967|202348|202734|203076|204025,203497|203526|203918|203957|2207,,,1610612740.0,21601102,True
3,PT02M54.00S,02:54,Q3 02:54,14.9,324,2pt,MISS Davis 13' Jump Shot,['pointsinthepaint'],Davis,0,0,Missed,True,False,203076.0,,substitution,rebound,,,,201967|202348|202734|203076|203497|203526|203918|203957|204025|2207,201967|202348|202734|203076|204025,203497|203526|203918|203957|2207,-70.0,110.0,1610612740.0,21601102,True
3,PT02M53.00S,02:53,Q3 02:53,14.883333333333333,325,rebound,Gobert REBOUND (Off:2 Def:9),[],Gobert,0,0,,False,False,203497.0,,2pt missed,foul,,,,201967|202348|202734|203076|203497|203526|203918|203957|204025|2207,203497|203526|203918|203957|2207,201967|202348|202734|203076|204025,,,1610612762.0,21601102,True
3,PT02M43.00S,02:43,Q3 02:43,14.716666666666667,326,foul,Pelicans T.Foul (Def. 3 Sec Davis ) (J.Capers),[],Davis,0,0,,False,False,203076.0,,rebound,freethrow,2207.0,,,201967|202348|202734|203076|203497|203526|203918|203957|204025|2207,201967|202348|202734|203076|204025,203497|203526|203918|203957|2207,,,1610612740.0,21601102,True
3,PT02M43.00S,02:43,Q3 02:43,14.716666666666667,327,freethrow,Johnson Free Throw Technical (8 PTS),[],Johnson,74,65,Made,False,False,2207.0,,foul,2pt made,,,,201967|202348|202734|203076|203497|203526|203918|203957|204025|2207,203497|203526|203918|203957|2207,201967|202348|202734|203076|204025,,,1610612762.0,21601102,True
3,PT02M36.00S,02:36,Q3 02:36,14.6,330,2pt,Neto 2' Driving Layup (5 PTS),['pointsinthepaint'],Neto,76,65,Made,True,False,203526.0,,freethrow,2pt missed,,,,201967|202348|202734|203076|203497|203526|203918|203957|204025|2207,203497|203526|203918|203957|2207,201967|202348|202734|203076|204025,-9.0,13.0,1610612762.0,21601102,True
3,PT02M23.00S,02:23,Q3 02:23,14.383333333333333,331,2pt,MISS Crawford 7' Jump Shot,['pointsinthepaint'],Crawford,0,0,Missed,True,False,202348.0,,2pt made,rebound,,,,201967|202348|202734|203076|203497|203526|203918|203957|204025|2207,201967|202348|202734|203076|204025,203497|203526|203918|203957|2207,55.0,41.0,1610612740.0,21601102,True
3,PT02M23.00S,02:23,Q3 02:23,14.383333333333333,332,rebound,TEAM defensive REBOUND,['team'],,0,0,,False,False,0.0,,2pt missed,foul,,,,201967|202348|202734|203076|203497|203526|203918|203957|204025|2207,203497|203526|203918|203957|2207,201967|202348|202734|203076|204025,,,1610612762.0,21601102,True
3,PT02M23.00S,02:23,Q3 02:23,14.383333333333333,333,foul,Cunningham L.B.FOUL (P2.T4) (E.Lewis),['inpenalty'],Cunningham,0,0,,False,False,201967.0,,rebound,2pt made,203497.0,,,201967|202348|202734|203076|203497|203526|203918|203957|204025|2207,201967|202348|202734|203076|204025,203497|203526|203918|203957|2207,,,1610612740.0,21601102,True
3,PT02M10.00S,02:10,Q3 02:10,14.166666666666666,335,2pt,Gobert  Dunk (18 PTS) (Neto 1 AST),['pointsinthepaint'],Gobert,78,65,Made,True,True,203497.0,203526.0,foul,3pt made,,,,201967|202348|202734|203076|203497|203526|203918|203957|204025|2207,203497|203526|203918|203957|2207,201967|202348|202734|203076|204025,0.0,1.0,1610612762.0,21601102,True
3,PT01M48.00S,01:48,Q3 01:48,13.8,336,3pt,Cunningham 24' 3PT Jump Shot (8 PTS) (Moore 1 AST),[],Cunningham,78,68,Made,True,True,201967.0,202734.0,2pt made,2pt missed,,,,201967|202348|202734|203076|203497|203526|203918|203957|204025|2207,201967|202348|202734|203076|204025,203497|203526|203918|203957|2207,241.0,0.0,1610612740.0,21601102,True
3,PT01M34.00S,01:34,Q3 01:34,13.566666666666666,337,2pt,MISS Johnson 14' Jump Shot,[],Johnson,0,0,Missed,True,False,2207.0,,3pt made,rebound,,,,201967|202348|202734|203076|203497|203526|203918|203957|204025|2207,203497|203526|203918|203957|2207,201967|202348|202734|203076|204025,-127.0,56.0,1610612762.0,21601102,True
3,PT01M34.00S,01:34,Q3 01:34,13.566666666666666,338,rebound,Frazier REBOUND (Off:0 Def:1),[],Frazier,0,0,,False,False,204025.0,,2pt missed,3pt missed,,,,201967|202348|202734|203076|203497|203526|203918|203957|204025|2207,201967|202348|202734|203076|204025,203497|203526|203918|203957|2207,,,1610612740.0,21601102,True
3,PT01M26.00S,01:26,Q3 01:26,13.433333333333334,339,3pt,MISS Crawford 25' 3PT Jump Shot,[],Crawford,0,0,Missed,True,False,202348.0,,rebound,rebound,,,,201967|202348|202734|203076|203497|203526|203918|203957|204025|2207,201967|202348|202734|203076|204025,203497|203526|203918|203957|2207,146.0,203.0,1610612740.0,21601102,True
3,PT01M25.00S,01:25,Q3 01:25,13.416666666666666,340,rebound,Johnson REBOUND (Off:1 Def:5),[],Johnson,0,0,,False,False,2207.0,,3pt missed,substitution,,,,201967|202348|202734|203076|203497|203526|203918|203957|204025|2207,203497|203526|203918|203957|2207,201967|202348|202734|203076|204025,,,1610612762.0,21601102,True
3,PT01M21.00S,01:21,Q3 01:21,13.35,342,substitution,SUB out: R. Gobert,[],Gobert,0,0,,False,False,203497.0,,rebound,substitution,,,,201967|202348|202734|203076|203526|203918|203957|204025|2207,203526|203918|203957|2207,201967|202348|202734|203076|204025,,,1610612762.0,21601102,False
3,PT01M21.00S,01:21,Q3 01:21,13.35,343,substitution,SUB out: A. Davis,[],Davis,0,0,,False,False,203076.0,,substitution,substitution,,,,201967|202348|202734|203526|203918|203957|204025|2207,201967|202348|202734|204025,203526|203918|203957|2207,,,1610612740.0,21601102,False
3,PT01M21.00S,01:21,Q3 01:21,13.35,344,substitution,SUB in: J. Withey,[],Withey,0,0,,False,False,203481.0,,substitution,substitution,,,,201967|202348|202734|203481|203526|203918|203957|204025|2207,203481|203526|203918|203957|2207,201967|202348|202734|204025,,,1610612762.0,21601102,False
3,PT01M21.00S,01:21,Q3 01:21,13.35,345,substitution,SUB in: A. Ajinca,[],Ajinca,0,0,,False,False,201582.0,,substitution,substitution,,,,201582|201967|202348|202734|203481|203526|203918|203957|204025|2207,201582|201967|202348|202734|204025,203481|203526|203918|203957|2207,,,1610612740.0,21601102,True
3,PT01M10.00S,01:10,Q3 01:10,13.166666666666666,346,substitution,SUB out: D. Cunningham,[],Cunningham,0,0,,False,False,201967.0,,substitution,substitution,,,,201582|202348|202734|203481|203526|203918|203957|204025|2207,201582|202348|202734|204025,203481|203526|203918|203957|2207,,,1610612740.0,21601102,False
3,PT01M10.00S,01:10,Q3 01:10,13.166666666666666,347,substitution,SUB in: S. Hill,[],Hill,0,0,,False,False,203524.0,,substitution,2pt missed,,,,201582|202348|202734|203481|203524|203526|203918|203957|204025|2207,201582|202348|202734|203524|204025,203481|203526|203918|203957|2207,,,1610612740.0,21601102,True
3,PT01M03.00S,01:03,Q3 01:03,13.05,347,2pt,MISS Exum 2' Layup,['pointsinthepaint'],Exum,0,0,Missed,True,False,203957.0,,substitution,block,,,,201582|202348|202734|203481|203524|203526|203918|203957|204025|2207,203481|203526|203918|203957|2207,201582|202348|202734|203524|204025,1.0,16.0,1610612762.0,21601102,True
3,PT01M03.00S,01:03,Q3 01:03,13.05,347,block,Ajinca BLOCK (1 BLK),[],Ajinca,0,0,,False,False,201582.0,,2pt missed,rebound,,,201582.0,201582|202348|202734|203481|203524|203526|203918|203957|204025|2207,201582|202348|202734|203524|204025,203481|203526|203918|203957|2207,,,1610612740.0,21601102,True
3,PT01M01.00S,01:01,Q3 01:01,13.016666666666666,348,rebound,Frazier REBOUND (Off:0 Def:2),[],Frazier,0,0,,False,False,204025.0,,block,3pt made,,,,201582|202348|202734|203481|203524|203526|203918|203957|204025|2207,201582|202348|202734|203524|204025,203481|203526|203918|203957|2207,,,1610612740.0,21601102,True
3,PT00M56.70S,00:56,Q3 00:56,12.945,349,3pt,S. Hill 25' 3PT Jump Shot (10 PTS) (Frazier 6 AST),[],Hill,78,71,Made,True,True,203524.0,204025.0,rebound,3pt made,,,,201582|202348|202734|203481|203524|203526|203918|203957|204025|2207,201582|202348|202734|203524|204025,203481|203526|203918|203957|2207,-237.0,87.0,1610612740.0,21601102,True
3,PT00M39.90S,00:39,Q3 00:39,12.665,350,3pt,Johnson 24' 3PT Jump Shot (11 PTS) (Neto 2 AST),[],Johnson,81,71,Made,True,True,2207.0,203526.0,3pt made,2pt missed,,,,201582|202348|202734|203481|203524|203526|203918|203957|204025|2207,203481|203526|203918|203957|2207,201582|202348|202734|203524|204025,-237.0,3.0,1610612762.0,21601102,True
3,PT00M26.70S,00:26,Q3 00:26,12.445,351,2pt,MISS Frazier 3' Layup,['pointsinthepaint'],Frazier,0,0,Missed,True,False,204025.0,,3pt made,rebound,,,,201582|202348|202734|203481|203524|203526|203918|203957|204025|2207,201582|202348|202734|203524|204025,203481|203526|203918|203957|2207,25.0,16.0,1610612740.0,21601102,True
3,PT00M26.70S,00:26,Q3 00:26,12.445,352,rebound,TEAM offensive REBOUND,['team'],,0,0,,False,False,0.0,,2pt missed,foul,,,,201582|202348|202734|203481|203524|203526|203918|203957|204025|2207,201582|202348|202734|203524|204025,203481|203526|203918|203957|2207,,,1610612740.0,21601102,True
3,PT00M26.70S,00:26,Q3 00:26,12.445,353,foul,Neto P.FOUL (P2.T4) (M.Ervin),[],Neto,0,0,,False,False,203526.0,,rebound,2pt missed,202348.0,,,201582|202348|202734|203481|203524|203526|203918|203957|204025|2207,203481|203526|203918|203957|2207,201582|202348|202734|203524|204025,,,1610612762.0,21601102,True
3,PT00M16.90S,00:16,Q3 00:16,12.281666666666666,354,2pt,MISS Crawford 6' Jump Shot,['pointsinthepaint'],Crawford,0,0,Missed,True,False,202348.0,,foul,rebound,,,,201582|202348|202734|203481|203524|203526|203918|203957|204025|2207,201582|202348|202734|203524|204025,203481|203526|203918|203957|2207,64.0,7.0,1610612740.0,21601102,True
3,PT00M16.90S,00:16,Q3 00:16,12.281666666666666,355,rebound,Neto REBOUND (Off:0 Def:1),[],Neto,0,0,,False,False,203526.0,,2pt missed,3pt missed,,,,201582|202348|202734|203481|203524|203526|203918|203957|204025|2207,203481|203526|203918|203957|2207,201582|202348|202734|203524|204025,,,1610612762.0,21601102,True
3,PT00M00.00S,00:00,Q3 00:00,12.0,356,3pt,MISS Hood 26' 3PT Jump Shot,[],Hood,0,0,Missed,True,False,203918.0,,rebound,block,,,,201582|202348|202734|203481|203524|203526|203918|203957|204025|2207,203481|203526|203918|203957|2207,201582|202348|202734|203524|204025,19.0,262.0,1610612762.0,21601102,True
3,PT00M00.00S,00:00,Q3 00:00,12.0,356,block,Crawford BLOCK (1 BLK),[],Crawford,0,0,,False,False,202348.0,,3pt missed,rebound,,,202348.0,201582|202348|202734|203481|203524|203526|203918|203957|204025|2207,201582|202348|202734|203524|204025,203481|203526|203918|203957|2207,,,1610612740.0,21601102,True
3,PT00M00.00S,00:00,Q3 00:00,12.0,357,rebound,Neto REBOUND (Off:1 Def:1),[],Neto,0,0,,False,False,203526.0,,block,period,,,,201582|202348|202734|203481|203524|203526|203918|203957|204025|2207,203481|203526|203918|203957|2207,201582|202348|202734|203524|204025,,,1610612762.0,21601102,True
3,PT00M00.00S,00:00,Q3 00:00,12.0,358,period,End of 3rd Period (12:27 AM EST),[],,81,71,,False,False,0.0,,rebound,period,,,,201582|202348|202734|203481|203524|203526|203918|203957|204025|2207,203481|203526|203918|203957|2207,201582|202348|202734|203524|204025,,,1610612762.0,21601102,True
4,PT12M00.00S,12:00,Q4 12:00,12.0,360,period,Start of 4th Period (12:31 AM EST),[],,81,71,,False,False,0.0,,period,foul,,,,201582|202348|202734|203481|203524|203526|203918|203957|204025|2207,203481|203526|203918|203957|2207,201582|202348|202734|203524|204025,,,1610612762.0,21601102,True
4,PT12M00.00S,12:00,Q4 12:00,12.0,431,foul,Neto P.FOUL (P3.T1) (M.Ervin),[],Neto,0,0,,False,False,203526.0,,period,foul,201582.0,,,201582|202348|202734|203481|203524|203526|203918|203957|204025|2207,203481|203526|203918|203957|2207,201582|202348|202734|203524|204025,,,1610612762.0,21601102,True
4,PT12M00.00S,12:00,Q4 12:00,12.0,432,foul,Ajinca OFF.Foul (P1) (M.Ervin),[],Ajinca,0,0,,False,False,201582.0,,foul,turnover,203481.0,,,201582|202348|202734|203481|203524|203526|203918|203957|204025|2207,201582|202348|202734|203524|204025,203481|203526|203918|203957|2207,,,1610612740.0,21601102,True
4,PT12M00.00S,12:00,Q4 12:00,12.0,433,turnover,Ajinca Offensive Foul Turnover (P2.T8),[],Ajinca,0,0,,False,False,201582.0,,foul,2pt missed,,,,201582|202348|202734|203481|203524|203526|203918|203957|204025|2207,201582|202348|202734|203524|204025,203481|203526|203918|203957|2207,,,1610612740.0,21601102,True
4,PT11M32.00S,11:32,Q4 11:32,11.533333333333333,365,2pt,MISS Withey  Dunk,['pointsinthepaint'],Withey,0,0,Missed,True,False,203481.0,,turnover,rebound,,,,201582|202348|202734|203481|203524|203526|203918|203957|204025|2207,203481|203526|203918|203957|2207,201582|202348|202734|203524|204025,0.0,1.0,1610612762.0,21601102,True
4,PT11M32.00S,11:32,Q4 11:32,11.533333333333333,366,rebound,Ajinca REBOUND (Off:0 Def:1),[],Ajinca,0,0,,False,False,201582.0,,2pt missed,foul,,,,201582|202348|202734|203481|203524|203526|203918|203957|204025|2207,201582|202348|202734|203524|204025,203481|203526|203918|203957|2207,,,1610612740.0,21601102,True
4,PT11M30.00S,11:30,Q4 11:30,11.5,367,foul,Exum S.FOUL (P2.T2) (J.Capers),[],Exum,0,0,,False,False,203957.0,,rebound,freethrow,203524.0,,,201582|202348|202734|203481|203524|203526|203918|203957|204025|2207,203481|203526|203918|203957|2207,201582|202348|202734|203524|204025,,,1610612762.0,21601102,True
4,PT11M30.00S,11:30,Q4 11:30,11.5,368,freethrow,MISS S. Hill Free Throw 1 of 2,[],Hill,0,0,Missed,False,False,203524.0,,foul,rebound,,,,201582|202348|202734|203481|203524|203526|203918|203957|204025|2207,201582|202348|202734|203524|204025,203481|203526|203918|203957|2207,,,1610612740.0,21601102,True
4,PT11M30.00S,11:30,Q4 11:30,11.5,369,rebound,TEAM offensive REBOUND,['team'],,0,0,,False,False,0.0,,freethrow,freethrow,,,,201582|202348|202734|203481|203524|203526|203918|203957|204025|2207,201582|202348|202734|203524|204025,203481|203526|203918|203957|2207,,,1610612740.0,21601102,True
4,PT11M30.00S,11:30,Q4 11:30,11.5,371,freethrow,S. Hill Free Throw 2 of 2 (11 PTS),[],Hill,81,72,Made,False,False,203524.0,,rebound,substitution,,,,201582|202348|202734|203481|203524|203526|203918|203957|204025|2207,201582|202348|202734|203524|204025,203481|203526|203918|203957|2207,,,1610612740.0,21601102,True
4,PT11M30.00S,11:30,Q4 11:30,11.5,370,substitution,SUB out: J. Johnson,[],Johnson,0,0,,False,False,2207.0,,freethrow,substitution,,,,201582|202348|202734|203481|203524|203526|203918|203957|204025,203481|203526|203918|203957,201582|202348|202734|203524|204025,,,1610612762.0,21601102,False
4,PT11M30.00S,11:30,Q4 11:30,11.5,371,substitution,SUB in: T. Lyles,[],Lyles,0,0,,False,False,1626168.0,,substitution,2pt missed,,,,1626168|201582|202348|202734|203481|203524|203526|203918|203957|204025,1626168|203481|203526|203918|203957,201582|202348|202734|203524|204025,,,1610612762.0,21601102,True
4,PT11M15.00S,11:15,Q4 11:15,11.25,374,2pt,MISS Hood 2' Layup,['pointsinthepaint'],Hood,0,0,Missed,True,False,203918.0,,substitution,rebound,,,,1626168|201582|202348|202734|203481|203524|203526|203918|203957|204025,1626168|203481|203526|203918|203957,201582|202348|202734|203524|204025,-17.0,2.0,1610612762.0,21601102,True
4,PT11M14.00S,11:14,Q4 11:14,11.233333333333333,375,rebound,Neto REBOUND (Off:2 Def:1),[],Neto,0,0,,False,False,203526.0,,2pt missed,2pt missed,,,,1626168|201582|202348|202734|203481|203524|203526|203918|203957|204025,1626168|203481|203526|203918|203957,201582|202348|202734|203524|204025,,,1610612762.0,21601102,True
4,PT11M02.00S,11:02,Q4 11:02,11.033333333333333,376,2pt,MISS Withey 2' Layup,['pointsinthepaint'],Withey,0,0,Missed,True,False,203481.0,,rebound,rebound,,,,1626168|201582|202348|202734|203481|203524|203526|203918|203957|204025,1626168|203481|203526|203918|203957,201582|202348|202734|203524|204025,-20.0,11.0,1610612762.0,21601102,True
4,PT11M02.00S,11:02,Q4 11:02,11.033333333333333,377,rebound,Ajinca REBOUND (Off:0 Def:2),[],Ajinca,0,0,,False,False,201582.0,,2pt missed,2pt missed,,,,1626168|201582|202348|202734|203481|203524|203526|203918|203957|204025,201582|202348|202734|203524|204025,1626168|203481|203526|203918|203957,,,1610612740.0,21601102,True
4,PT10M43.00S,10:43,Q4 10:43,10.716666666666667,378,2pt,MISS S. Hill 6' Jump Shot,['pointsinthepaint'],Hill,0,0,Missed,True,False,203524.0,,rebound,rebound,,,,1626168|201582|202348|202734|203481|203524|203526|203918|203957|204025,201582|202348|202734|203524|204025,1626168|203481|203526|203918|203957,45.0,36.0,1610612740.0,21601102,True
4,PT10M43.00S,10:43,Q4 10:43,10.716666666666667,379,rebound,Hood REBOUND (Off:1 Def:5),[],Hood,0,0,,False,False,203918.0,,2pt missed,2pt made,,,,1626168|201582|202348|202734|203481|203524|203526|203918|203957|204025,1626168|203481|203526|203918|203957,201582|202348|202734|203524|204025,,,1610612762.0,21601102,True
4,PT10M24.00S,10:24,Q4 10:24,10.4,381,2pt,Withey 2' Layup (4 PTS) (Hood 3 AST),['pointsinthepaint'],Withey,83,72,Made,True,True,203481.0,203918.0,rebound,foul,,,,1626168|201582|202348|202734|203481|203524|203526|203918|203957|204025,1626168|203481|203526|203918|203957,201582|202348|202734|203524|204025,4.0,16.0,1610612762.0,21601102,True
4,PT10M24.00S,10:24,Q4 10:24,10.4,382,foul,Crawford S.FOUL (P3.T1) (E.Lewis),[],Crawford,0,0,,False,False,202348.0,,2pt made,freethrow,203481.0,,,1626168|201582|202348|202734|203481|203524|203526|203918|203957|204025,201582|202348|202734|203524|204025,1626168|203481|203526|203918|203957,,,1610612740.0,21601102,True
4,PT10M24.00S,10:24,Q4 10:24,10.4,384,freethrow,Withey Free Throw 1 of 1 (5 PTS),[],Withey,84,72,Made,False,False,203481.0,,foul,2pt made,,,,1626168|201582|202348|202734|203481|203524|203526|203918|203957|204025,1626168|203481|203526|203918|203957,201582|202348|202734|203524|204025,,,1610612762.0,21601102,True
4,PT10M14.00S,10:14,Q4 10:14,10.233333333333333,386,2pt,Ajinca 2' Layup (4 PTS) (Crawford 1 AST),['pointsinthepaint'],Ajinca,84,74,Made,True,True,201582.0,202348.0,freethrow,foul,,,,1626168|201582|202348|202734|203481|203524|203526|203918|203957|204025,201582|202348|202734|203524|204025,1626168|203481|203526|203918|203957,2.0,21.0,1610612740.0,21601102,True
4,PT10M14.00S,10:14,Q4 10:14,10.233333333333333,387,foul,Exum S.FOUL (P3.T3) (E.Lewis),[],Exum,0,0,,False,False,203957.0,,2pt made,freethrow,201582.0,,,1626168|201582|202348|202734|203481|203524|203526|203918|203957|204025,1626168|203481|203526|203918|203957,201582|202348|202734|203524|204025,,,1610612762.0,21601102,True
4,PT10M14.00S,10:14,Q4 10:14,10.233333333333333,390,freethrow,MISS Ajinca Free Throw 1 of 1,[],Ajinca,0,0,Missed,False,False,201582.0,,foul,substitution,,,,1626168|201582|202348|202734|203481|203524|203526|203918|203957|204025,201582|202348|202734|203524|204025,1626168|203481|203526|203918|203957,,,1610612740.0,21601102,True
4,PT10M14.00S,10:14,Q4 10:14,10.233333333333333,388,substitution,SUB out: S. Hill,[],Hill,0,0,,False,False,203524.0,,freethrow,substitution,,,,1626168|201582|202348|202734|203481|203526|203918|203957|204025,201582|202348|202734|204025,1626168|203481|203526|203918|203957,,,1610612740.0,21601102,False
4,PT10M14.00S,10:14,Q4 10:14,10.233333333333333,389,substitution,SUB out: J. Withey,[],Withey,0,0,,False,False,203481.0,,substitution,substitution,,,,1626168|201582|202348|202734|203526|203918|203957|204025,1626168|203526|203918|203957,201582|202348|202734|204025,,,1610612762.0,21601102,False
4,PT10M14.00S,10:14,Q4 10:14,10.233333333333333,390,substitution,SUB in: A. Davis,[],Davis,0,0,,False,False,203076.0,,substitution,substitution,,,,1626168|201582|202348|202734|203076|203526|203918|203957|204025,201582|202348|202734|203076|204025,1626168|203526|203918|203957,,,1610612740.0,21601102,False
4,PT10M14.00S,10:14,Q4 10:14,10.233333333333333,391,substitution,SUB in: R. Gobert,[],Gobert,0,0,,False,False,203497.0,,substitution,rebound,,,,1626168|201582|202348|202734|203076|203497|203526|203918|203957|204025,1626168|203497|203526|203918|203957,201582|202348|202734|203076|204025,,,1610612762.0,21601102,True
4,PT10M13.00S,10:13,Q4 10:13,10.216666666666667,392,rebound,Gobert REBOUND (Off:2 Def:10),[],Gobert,0,0,,False,False,203497.0,,substitution,foul,,,,1626168|201582|202348|202734|203076|203497|203526|203918|203957|204025,1626168|203497|203526|203918|203957,201582|202348|202734|203076|204025,,,1610612762.0,21601102,True
4,PT09M55.00S,09:55,Q4 09:55,9.916666666666666,393,foul,Ajinca S.FOUL (P2.T2) (M.Ervin),[],Ajinca,0,0,,False,False,201582.0,,rebound,freethrow,1626168.0,,,1626168|201582|202348|202734|203076|203497|203526|203918|203957|204025,201582|202348|202734|203076|204025,1626168|203497|203526|203918|203957,,,1610612740.0,21601102,True
4,PT09M55.00S,09:55,Q4 09:55,9.916666666666666,394,freethrow,Lyles Free Throw 1 of 2 (1 PTS),[],Lyles,85,74,Made,False,False,1626168.0,,foul,freethrow,,,,1626168|201582|202348|202734|203076|203497|203526|203918|203957|204025,1626168|203497|203526|203918|203957,201582|202348|202734|203076|204025,,,1610612762.0,21601102,True
4,PT09M55.00S,09:55,Q4 09:55,9.916666666666666,397,freethrow,Lyles Free Throw 2 of 2 (2 PTS),[],Lyles,86,74,Made,False,False,1626168.0,,freethrow,turnover,,,,1626168|201582|202348|202734|203076|203497|203526|203918|203957|204025,1626168|203497|203526|203918|203957,201582|202348|202734|203076|204025,,,1610612762.0,21601102,True
4,PT09M46.00S,09:46,Q4 09:46,9.766666666666667,400,turnover,Crawford Bad Pass Turnover (P1.T9),[],Crawford,0,0,,False,False,202348.0,,freethrow,steal,,,,1626168|201582|202348|202734|203076|203497|203526|203918|203957|204025,201582|202348|202734|203076|204025,1626168|203497|203526|203918|203957,,,1610612740.0,21601102,True
4,PT09M46.00S,09:46,Q4 09:46,9.766666666666667,400,steal,Neto STEAL (1 STL),[],Neto,0,0,,False,False,203526.0,,turnover,turnover,,203526.0,,1626168|201582|202348|202734|203076|203497|203526|203918|203957|204025,1626168|203497|203526|203918|203957,201582|202348|202734|203076|204025,,,1610612762.0,21601102,True
4,PT09M42.00S,09:42,Q4 09:42,9.7,401,turnover,Lyles Bad Pass Turnover (P1.T10),[],Lyles,0,0,,False,False,1626168.0,,steal,steal,,,,1626168|201582|202348|202734|203076|203497|203526|203918|203957|204025,1626168|203497|203526|203918|203957,201582|202348|202734|203076|204025,,,1610612762.0,21601102,True
4,PT09M42.00S,09:42,Q4 09:42,9.7,401,steal,Davis STEAL (3 STL),[],Davis,0,0,,False,False,203076.0,,turnover,2pt made,,203076.0,,1626168|201582|202348|202734|203076|203497|203526|203918|203957|204025,201582|202348|202734|203076|204025,1626168|203497|203526|203918|203957,,,1610612740.0,21601102,True
4,PT09M35.00S,09:35,Q4 09:35,9.583333333333334,402,2pt,Crawford 19' Jump Shot (9 PTS) (Davis 3 AST),[],Crawford,86,76,Made,True,True,202348.0,203076.0,steal,foul,,,,1626168|201582|202348|202734|203076|203497|203526|203918|203957|204025,201582|202348|202734|203076|204025,1626168|203497|203526|203918|203957,4.0,188.0,1610612740.0,21601102,True
4,PT09M28.00S,09:28,Q4 09:28,9.466666666666667,403,foul,Moore S.FOUL (P3.T3) (E.Lewis),[],Moore,0,0,,False,False,202734.0,,2pt made,freethrow,203918.0,,,1626168|201582|202348|202734|203076|203497|203526|203918|203957|204025,201582|202348|202734|203076|204025,1626168|203497|203526|203918|203957,,,1610612740.0,21601102,True
4,PT09M28.00S,09:28,Q4 09:28,9.466666666666667,404,freethrow,Hood Free Throw 1 of 2 (16 PTS),[],Hood,87,76,Made,False,False,203918.0,,foul,freethrow,,,,1626168|201582|202348|202734|203076|203497|203526|203918|203957|204025,1626168|203497|203526|203918|203957,201582|202348|202734|203076|204025,,,1610612762.0,21601102,True
4,PT09M28.00S,09:28,Q4 09:28,9.466666666666667,406,freethrow,Hood Free Throw 2 of 2 (17 PTS),[],Hood,88,76,Made,False,False,203918.0,,freethrow,3pt missed,,,,1626168|201582|202348|202734|203076|203497|203526|203918|203957|204025,1626168|203497|203526|203918|203957,201582|202348|202734|203076|204025,,,1610612762.0,21601102,True
4,PT09M15.00S,09:15,Q4 09:15,9.25,408,3pt,MISS Crawford 24' 3PT Jump Shot,[],Crawford,0,0,Missed,True,False,202348.0,,freethrow,rebound,,,,1626168|201582|202348|202734|203076|203497|203526|203918|203957|204025,201582|202348|202734|203076|204025,1626168|203497|203526|203918|203957,-237.0,-6.0,1610612740.0,21601102,True
4,PT09M14.00S,09:14,Q4 09:14,9.233333333333333,409,rebound,Gobert REBOUND (Off:2 Def:11),[],Gobert,0,0,,False,False,203497.0,,3pt missed,3pt missed,,,,1626168|201582|202348|202734|203076|203497|203526|203918|203957|204025,1626168|203497|203526|203918|203957,201582|202348|202734|203076|204025,,,1610612762.0,21601102,True
4,PT09M04.00S,09:04,Q4 09:04,9.066666666666666,410,3pt,MISS Hood 25' 3PT Jump Shot,[],Hood,0,0,Missed,True,False,203918.0,,rebound,rebound,,,,1626168|201582|202348|202734|203076|203497|203526|203918|203957|204025,1626168|203497|203526|203918|203957,201582|202348|202734|203076|204025,-178.0,174.0,1610612762.0,21601102,True
4,PT09M03.00S,09:03,Q4 09:03,9.05,411,rebound,Davis REBOUND (Off:1 Def:12),[],Davis,0,0,,False,False,203076.0,,3pt missed,timeout,,,,1626168|201582|202348|202734|203076|203497|203526|203918|203957|204025,201582|202348|202734|203076|204025,1626168|203497|203526|203918|203957,,,1610612740.0,21601102,True
4,PT08M58.00S,08:58,Q4 08:58,8.966666666666667,413,timeout,Timeout: Regular,[],,0,0,,False,False,0.0,,rebound,timeout,,,,1626168|201582|202348|202734|203076|203497|203526|203918|203957|204025,1626168|203497|203526|203918|203957,201582|202348|202734|203076|204025,,,0.0,21601102,True
4,PT08M58.00S,08:58,Q4 08:58,8.966666666666667,419,timeout,Pelicans Timeout: Short (Reg.3 Short 1),[],,0,0,,False,False,0.0,,timeout,substitution,,,,1626168|201582|202348|202734|203076|203497|203526|203918|203957|204025,201582|202348|202734|203076|204025,1626168|203497|203526|203918|203957,,,1610612740.0,21601102,True
4,PT08M58.00S,08:58,Q4 08:58,8.966666666666667,415,substitution,SUB out: A. Ajinca,[],Ajinca,0,0,,False,False,201582.0,,timeout,substitution,,,,1626168|202348|202734|203076|203497|203526|203918|203957|204025,202348|202734|203076|204025,1626168|203497|203526|203918|203957,,,1610612740.0,21601102,False
4,PT08M58.00S,08:58,Q4 08:58,8.966666666666667,416,substitution,SUB out: T. Frazier,[],Frazier,0,0,,False,False,204025.0,,substitution,substitution,,,,1626168|202348|202734|203076|203497|203526|203918|203957,202348|202734|203076,1626168|203497|203526|203918|203957,,,1610612740.0,21601102,False
4,PT08M58.00S,08:58,Q4 08:58,8.966666666666667,417,substitution,SUB out: R. Hood,[],Hood,0,0,,False,False,203918.0,,substitution,substitution,,,,1626168|202348|202734|203076|203497|203526|203957,1626168|203497|203526|203957,202348|202734|203076,,,1610612762.0,21601102,False
4,PT08M58.00S,08:58,Q4 08:58,8.966666666666667,418,substitution,SUB out: D. Exum,[],Exum,0,0,,False,False,203957.0,,substitution,substitution,,,,1626168|202348|202734|203076|203497|203526,1626168|203497|203526,202348|202734|203076,,,1610612762.0,21601102,False
4,PT08M58.00S,08:58,Q4 08:58,8.966666666666667,419,substitution,SUB in: D. Cunningham,[],Cunningham,0,0,,False,False,201967.0,,substitution,substitution,,,,1626168|201967|202348|202734|203076|203497|203526,201967|202348|202734|203076,1626168|203497|203526,,,1610612740.0,21601102,False
4,PT08M58.00S,08:58,Q4 08:58,8.966666666666667,420,substitution,SUB in: J. Holiday,[],Holiday,0,0,,False,False,201950.0,,substitution,substitution,,,,1626168|201950|201967|202348|202734|203076|203497|203526,201950|201967|202348|202734|203076,1626168|203497|203526,,,1610612740.0,21601102,False
4,PT08M58.00S,08:58,Q4 08:58,8.966666666666667,421,substitution,SUB in: J. Ingles,[],Ingles,0,0,,False,False,204060.0,,substitution,substitution,,,,1626168|201950|201967|202348|202734|203076|203497|203526|204060,1626168|203497|203526|204060,201950|201967|202348|202734|203076,,,1610612762.0,21601102,False
4,PT08M58.00S,08:58,Q4 08:58,8.966666666666667,422,substitution,SUB in: G. Hill,[],Hill,0,0,,False,False,201588.0,,substitution,2pt missed,,,,1626168|201588|201950|201967|202348|202734|203076|203497|203526|204060,1626168|201588|203497|203526|204060,201950|201967|202348|202734|203076,,,1610612762.0,21601102,True
4,PT08M47.00S,08:47,Q4 08:47,8.783333333333333,421,2pt,MISS Holiday 13' Jump Shot,[],Holiday,0,0,Missed,True,False,201950.0,,substitution,rebound,,,,1626168|201588|201950|201967|202348|202734|203076|203497|203526|204060,201950|201967|202348|202734|203076,1626168|201588|203497|203526|204060,127.0,11.0,1610612740.0,21601102,True
4,PT08M46.00S,08:46,Q4 08:46,8.766666666666667,422,rebound,Gobert REBOUND (Off:2 Def:12),[],Gobert,0,0,,False,False,203497.0,,2pt missed,foul,,,,1626168|201588|201950|201967|202348|202734|203076|203497|203526|204060,1626168|201588|203497|203526|204060,201950|201967|202348|202734|203076,,,1610612762.0,21601102,True
4,PT08M29.00S,08:29,Q4 08:29,8.483333333333333,423,foul,Cunningham P.FOUL (P3.T4) (E.Lewis),['inpenalty'],Cunningham,0,0,,False,False,201967.0,,rebound,turnover,201588.0,,,1626168|201588|201950|201967|202348|202734|203076|203497|203526|204060,201950|201967|202348|202734|203076,1626168|201588|203497|203526|204060,,,1610612740.0,21601102,True
4,PT08M16.00S,08:16,Q4 08:16,8.266666666666667,424,turnover,G. Hill Lost Ball Turnover (P3.T11),[],Hill,0,0,,False,False,201588.0,,foul,steal,,,,1626168|201588|201950|201967|202348|202734|203076|203497|203526|204060,1626168|201588|203497|203526|204060,201950|201967|202348|202734|203076,,,1610612762.0,21601102,True
4,PT08M16.00S,08:16,Q4 08:16,8.266666666666667,424,steal,Holiday STEAL (2 STL),[],Holiday,0,0,,False,False,201950.0,,turnover,2pt made,,201950.0,,1626168|201588|201950|201967|202348|202734|203076|203497|203526|204060,201950|201967|202348|202734|203076,1626168|201588|203497|203526|204060,,,1610612740.0,21601102,True
4,PT08M10.00S,08:10,Q4 08:10,8.166666666666666,425,2pt,Moore 2' Running Layup (4 PTS),['pointsinthepaint'],Moore,88,78,Made,True,False,202734.0,,steal,3pt missed,,,,1626168|201588|201950|201967|202348|202734|203076|203497|203526|204060,201950|201967|202348|202734|203076,1626168|201588|203497|203526|204060,9.0,18.0,1610612740.0,21601102,True
4,PT07M50.00S,07:50,Q4 07:50,7.833333333333333,426,3pt,MISS Lyles  3PT Jump Shot,[],Lyles,0,0,Missed,True,False,1626168.0,,2pt made,rebound,,,,1626168|201588|201950|201967|202348|202734|203076|203497|203526|204060,1626168|201588|203497|203526|204060,201950|201967|202348|202734|203076,-228.0,21.0,1610612762.0,21601102,True
4,PT07M50.00S,07:50,Q4 07:50,7.833333333333333,427,rebound,Crawford REBOUND (Off:0 Def:1),[],Crawford,0,0,,False,False,202348.0,,3pt missed,2pt made,,,,1626168|201588|201950|201967|202348|202734|203076|203497|203526|204060,201950|201967|202348|202734|203076,1626168|201588|203497|203526|204060,,,1610612740.0,21601102,True
4,PT07M42.00S,07:42,Q4 07:42,7.7,428,2pt,Crawford 6' Jump Shot (11 PTS),['pointsinthepaint'],Crawford,88,80,Made,True,False,202348.0,,rebound,timeout,,,,1626168|201588|201950|201967|202348|202734|203076|203497|203526|204060,201950|201967|202348|202734|203076,1626168|201588|203497|203526|204060,-58.0,13.0,1610612740.0,21601102,True
4,PT07M42.00S,07:42,Q4 07:42,7.7,429,timeout,JAZZ Timeout: Regular (Full 4 Short 1),[],,0,0,,False,False,0.0,,2pt made,substitution,,,,1626168|201588|201950|201967|202348|202734|203076|203497|203526|204060,1626168|201588|203497|203526|204060,201950|201967|202348|202734|203076,,,1610612762.0,21601102,True
4,PT07M42.00S,07:42,Q4 07:42,7.7,434,substitution,SUB out: T. Lyles,[],Lyles,0,0,,False,False,1626168.0,,timeout,substitution,,,,201588|201950|201967|202348|202734|203076|203497|203526|204060,201588|203497|203526|204060,201950|201967|202348|202734|203076,,,1610612762.0,21601102,False
4,PT07M42.00S,07:42,Q4 07:42,7.7,435,substitution,SUB in: J. Johnson,[],Johnson,0,0,,False,False,2207.0,,substitution,2pt missed,,,,201588|201950|201967|202348|202734|203076|203497|203526|204060|2207,201588|203497|203526|204060|2207,201950|201967|202348|202734|203076,,,1610612762.0,21601102,True
4,PT07M29.00S,07:29,Q4 07:29,7.483333333333333,435,2pt,MISS Johnson 10' Jump Shot,['pointsinthepaint'],Johnson,0,0,Missed,True,False,2207.0,,substitution,rebound,,,,201588|201950|201967|202348|202734|203076|203497|203526|204060|2207,201588|203497|203526|204060|2207,201950|201967|202348|202734|203076,-20.0,95.0,1610612762.0,21601102,True
4,PT07M29.00S,07:29,Q4 07:29,7.483333333333333,436,rebound,Davis REBOUND (Off:1 Def:13),[],Davis,0,0,,False,False,203076.0,,2pt missed,foul,,,,201588|201950|201967|202348|202734|203076|203497|203526|204060|2207,201950|201967|202348|202734|203076,201588|203497|203526|204060|2207,,,1610612740.0,21601102,True
4,PT07M21.00S,07:21,Q4 07:21,7.35,437,foul,G. Hill P.FOUL (P3.T4) (E.Lewis),[],Hill,0,0,,False,False,201588.0,,rebound,substitution,201950.0,,,201588|201950|201967|202348|202734|203076|203497|203526|204060|2207,201588|203497|203526|204060|2207,201950|201967|202348|202734|203076,,,1610612762.0,21601102,True
4,PT07M21.00S,07:21,Q4 07:21,7.35,438,substitution,SUB out: E. Moore,[],Moore,0,0,,False,False,202734.0,,foul,substitution,,,,201588|201950|201967|202348|203076|203497|203526|204060|2207,201950|201967|202348|203076,201588|203497|203526|204060|2207,,,1610612740.0,21601102,False
4,PT07M21.00S,07:21,Q4 07:21,7.35,439,substitution,SUB in: S. Hill,[],Hill,0,0,,False,False,203524.0,,substitution,2pt missed,,,,201588|201950|201967|202348|203076|203497|203524|203526|204060|2207,201950|201967|202348|203076|203524,201588|203497|203526|204060|2207,,,1610612740.0,21601102,True
4,PT07M11.00S,07:11,Q4 07:11,7.183333333333334,439,2pt,MISS Holiday 10' Floating Jump Shot,['pointsinthepaint'],Holiday,0,0,Missed,True,False,201950.0,,substitution,rebound,,,,201588|201950|201967|202348|203076|203497|203524|203526|204060|2207,201950|201967|202348|203076|203524,201588|203497|203526|204060|2207,-43.0,90.0,1610612740.0,21601102,True
4,PT07M11.00S,07:11,Q4 07:11,7.183333333333334,440,rebound,Gobert REBOUND (Off:2 Def:13),[],Gobert,0,0,,False,False,203497.0,,2pt missed,3pt made,,,,201588|201950|201967|202348|203076|203497|203524|203526|204060|2207,201588|203497|203526|204060|2207,201950|201967|202348|203076|203524,,,1610612762.0,21601102,True
4,PT07M05.00S,07:05,Q4 07:05,7.083333333333333,441,3pt,Ingles 25' 3PT Jump Shot (12 PTS) (G. Hill 5 AST),[],Ingles,91,80,Made,True,True,204060.0,201588.0,rebound,2pt missed,,,,201588|201950|201967|202348|203076|203497|203524|203526|204060|2207,201588|203497|203526|204060|2207,201950|201967|202348|203076|203524,176.0,183.0,1610612762.0,21601102,True
4,PT06M47.00S,06:47,Q4 06:47,6.783333333333333,442,2pt,MISS Davis 9' Jump Shot,['pointsinthepaint'],Davis,0,0,Missed,True,False,203076.0,,3pt made,rebound,,,,201588|201950|201967|202348|203076|203497|203524|203526|204060|2207,201950|201967|202348|203076|203524,201588|203497|203526|204060|2207,35.0,87.0,1610612740.0,21601102,True
4,PT06M47.00S,06:47,Q4 06:47,6.783333333333333,443,rebound,Ingles REBOUND (Off:1 Def:3),[],Ingles,0,0,,False,False,204060.0,,2pt missed,2pt made,,,,201588|201950|201967|202348|203076|203497|203524|203526|204060|2207,201588|203497|203526|204060|2207,201950|201967|202348|203076|203524,,,1610612762.0,21601102,True
4,PT06M30.00S,06:30,Q4 06:30,6.5,444,2pt,Ingles 2' Driving Layup (14 PTS) (Johnson 5 AST),['pointsinthepaint'],Ingles,93,80,Made,True,True,204060.0,2207.0,rebound,2pt missed,,,,201588|201950|201967|202348|203076|203497|203524|203526|204060|2207,201588|203497|203526|204060|2207,201950|201967|202348|203076|203524,-11.0,18.0,1610612762.0,21601102,True
4,PT06M13.00S,06:13,Q4 06:13,6.216666666666667,445,2pt,MISS Cunningham 2' Reverse Layup,['pointsinthepaint'],Cunningham,0,0,Missed,True,False,201967.0,,2pt made,rebound,,,,201588|201950|201967|202348|203076|203497|203524|203526|204060|2207,201950|201967|202348|203076|203524,201588|203497|203526|204060|2207,-17.0,11.0,1610612740.0,21601102,True
4,PT06M13.00S,06:13,Q4 06:13,6.216666666666667,446,rebound,Gobert REBOUND (Off:2 Def:14),[],Gobert,0,0,,False,False,203497.0,,2pt missed,foul,,,,201588|201950|201967|202348|203076|203497|203524|203526|204060|2207,201588|203497|203526|204060|2207,201950|201967|202348|203076|203524,,,1610612762.0,21601102,True
4,PT06M08.00S,06:08,Q4 06:08,6.133333333333334,447,foul,Crawford P.FOUL (P4.PN) (J.Capers),['inpenalty'],Crawford,0,0,,False,False,202348.0,,rebound,freethrow,2207.0,,,201588|201950|201967|202348|203076|203497|203524|203526|204060|2207,201950|201967|202348|203076|203524,201588|203497|203526|204060|2207,,,1610612740.0,21601102,True
4,PT06M08.00S,06:08,Q4 06:08,6.133333333333334,448,freethrow,MISS Johnson Free Throw 1 of 2,[],Johnson,0,0,Missed,False,False,2207.0,,foul,rebound,,,,201588|201950|201967|202348|203076|203497|203524|203526|204060|2207,201588|203497|203526|204060|2207,201950|201967|202348|203076|203524,,,1610612762.0,21601102,True
4,PT06M08.00S,06:08,Q4 06:08,6.133333333333334,450,rebound,TEAM offensive REBOUND,['team'],,0,0,,False,False,0.0,,freethrow,freethrow,,,,201588|201950|201967|202348|203076|203497|203524|203526|204060|2207,201588|203497|203526|204060|2207,201950|201967|202348|203076|203524,,,1610612762.0,21601102,True
4,PT06M08.00S,06:08,Q4 06:08,6.133333333333334,451,freethrow,Johnson Free Throw 2 of 2 (12 PTS),[],Johnson,94,80,Made,False,False,2207.0,,rebound,substitution,,,,201588|201950|201967|202348|203076|203497|203524|203526|204060|2207,201588|203497|203526|204060|2207,201950|201967|202348|203076|203524,,,1610612762.0,21601102,True
4,PT06M08.00S,06:08,Q4 06:08,6.133333333333334,449,substitution,SUB out: R. Neto,[],Neto,0,0,,False,False,203526.0,,freethrow,substitution,,,,201588|201950|201967|202348|203076|203497|203524|204060|2207,201588|203497|204060|2207,201950|201967|202348|203076|203524,,,1610612762.0,21601102,False
4,PT06M08.00S,06:08,Q4 06:08,6.133333333333334,450,substitution,SUB in: D. Exum,[],Exum,0,0,,False,False,203957.0,,substitution,3pt made,,,,201588|201950|201967|202348|203076|203497|203524|203957|204060|2207,201588|203497|203957|204060|2207,201950|201967|202348|203076|203524,,,1610612762.0,21601102,True
4,PT05M54.00S,05:54,Q4 05:54,5.9,453,3pt,Holiday 25' 3PT Jump Shot (13 PTS),[],Holiday,94,83,Made,True,False,201950.0,,substitution,3pt made,,,,201588|201950|201967|202348|203076|203497|203524|203957|204060|2207,201950|201967|202348|203076|203524,201588|203497|203957|204060|2207,63.0,242.0,1610612740.0,21601102,True
4,PT05M40.00S,05:40,Q4 05:40,5.666666666666667,454,3pt,Ingles 25' 3PT Jump Shot (17 PTS) (Johnson 6 AST),[],Ingles,97,83,Made,True,True,204060.0,2207.0,3pt made,foul,,,,201588|201950|201967|202348|203076|203497|203524|203957|204060|2207,201588|203497|203957|204060|2207,201950|201967|202348|203076|203524,127.0,219.0,1610612762.0,21601102,True
4,PT05M31.00S,05:31,Q4 05:31,5.516666666666667,455,foul,Gobert S.FOUL (P4.PN) (M.Ervin),['inpenalty'],Gobert,0,0,,False,False,203497.0,,3pt made,freethrow,203076.0,,,201588|201950|201967|202348|203076|203497|203524|203957|204060|2207,201588|203497|203957|204060|2207,201950|201967|202348|203076|203524,,,1610612762.0,21601102,True
4,PT05M31.00S,05:31,Q4 05:31,5.516666666666667,456,freethrow,Davis Free Throw 1 of 2 (29 PTS),[],Davis,97,84,Made,False,False,203076.0,,foul,freethrow,,,,201588|201950|201967|202348|203076|203497|203524|203957|204060|2207,201950|201967|202348|203076|203524,201588|203497|203957|204060|2207,,,1610612740.0,21601102,True
4,PT05M31.00S,05:31,Q4 05:31,5.516666666666667,458,freethrow,Davis Free Throw 2 of 2 (30 PTS),[],Davis,97,85,Made,False,False,203076.0,,freethrow,foul,,,,201588|201950|201967|202348|203076|203497|203524|203957|204060|2207,201950|201967|202348|203076|203524,201588|203497|203957|204060|2207,,,1610612740.0,21601102,True
4,PT05M24.00S,05:24,Q4 05:24,5.4,460,foul,Cunningham P.FOUL (P4.PN) (J.Capers),['inpenalty'],Cunningham,0,0,,False,False,201967.0,,freethrow,freethrow,203497.0,,,201588|201950|201967|202348|203076|203497|203524|203957|204060|2207,201950|201967|202348|203076|203524,201588|203497|203957|204060|2207,,,1610612740.0,21601102,True
4,PT05M24.00S,05:24,Q4 05:24,5.4,461,freethrow,Gobert Free Throw 1 of 2 (19 PTS),[],Gobert,98,85,Made,False,False,203497.0,,foul,freethrow,,,,201588|201950|201967|202348|203076|203497|203524|203957|204060|2207,201588|203497|203957|204060|2207,201950|201967|202348|203076|203524,,,1610612762.0,21601102,True
4,PT05M24.00S,05:24,Q4 05:24,5.4,463,freethrow,MISS Gobert Free Throw 2 of 2,[],Gobert,0,0,Missed,False,False,203497.0,,freethrow,rebound,,,,201588|201950|201967|202348|203076|203497|203524|203957|204060|2207,201588|203497|203957|204060|2207,201950|201967|202348|203076|203524,,,1610612762.0,21601102,True
4,PT05M22.00S,05:22,Q4 05:22,5.366666666666666,465,rebound,Cunningham REBOUND (Off:0 Def:4),[],Cunningham,0,0,,False,False,201967.0,,freethrow,2pt missed,,,,201588|201950|201967|202348|203076|203497|203524|203957|204060|2207,201950|201967|202348|203076|203524,201588|203497|203957|204060|2207,,,1610612740.0,21601102,True
4,PT05M03.00S,05:03,Q4 05:03,5.05,467,2pt,MISS Crawford 10' Jump Shot,[],Crawford,0,0,Missed,True,False,202348.0,,rebound,rebound,,,,201588|201950|201967|202348|203076|203497|203524|203957|204060|2207,201950|201967|202348|203076|203524,201588|203497|203957|204060|2207,-96.0,3.0,1610612740.0,21601102,True
4,PT05M02.00S,05:02,Q4 05:02,5.033333333333333,468,rebound,Johnson REBOUND (Off:1 Def:6),[],Johnson,0,0,,False,False,2207.0,,2pt missed,2pt missed,,,,201588|201950|201967|202348|203076|203497|203524|203957|204060|2207,201588|203497|203957|204060|2207,201950|201967|202348|203076|203524,,,1610612762.0,21601102,True
4,PT04M48.00S,04:48,Q4 04:48,4.8,469,2pt,MISS G. Hill 11' Jump Shot,['pointsinthepaint'],Hill,0,0,Missed,True,False,201588.0,,rebound,rebound,,,,201588|201950|201967|202348|203076|203497|203524|203957|204060|2207,201588|203497|203957|204060|2207,201950|201967|202348|203076|203524,-79.0,70.0,1610612762.0,21601102,True
4,PT04M48.00S,04:48,Q4 04:48,4.8,470,rebound,Davis REBOUND (Off:1 Def:14),[],Davis,0,0,,False,False,203076.0,,2pt missed,3pt made,,,,201588|201950|201967|202348|203076|203497|203524|203957|204060|2207,201950|201967|202348|203076|203524,201588|203497|203957|204060|2207,,,1610612740.0,21601102,True
4,PT04M37.00S,04:37,Q4 04:37,4.616666666666667,471,3pt,Crawford 25' 3PT Jump Shot (14 PTS) (Holiday 4 AST),[],Crawford,98,88,Made,True,True,202348.0,201950.0,rebound,2pt made,,,,201588|201950|201967|202348|203076|203497|203524|203957|204060|2207,201950|201967|202348|203076|203524,201588|203497|203957|204060|2207,114.0,218.0,1610612740.0,21601102,True
4,PT04M10.00S,04:10,Q4 04:10,4.166666666666667,472,2pt,Exum 3' Driving Layup (4 PTS),['pointsinthepaint'],Exum,100,88,Made,True,False,203957.0,,3pt made,3pt made,,,,201588|201950|201967|202348|203076|203497|203524|203957|204060|2207,201588|203497|203957|204060|2207,201950|201967|202348|203076|203524,20.0,16.0,1610612762.0,21601102,True
4,PT03M52.00S,03:52,Q4 03:52,3.8666666666666667,473,3pt,Holiday 24' 3PT Step Back Jump Shot (16 PTS),[],Holiday,100,91,Made,True,False,201950.0,,2pt made,substitution,,,,201588|201950|201967|202348|203076|203497|203524|203957|204060|2207,201950|201967|202348|203076|203524,201588|203497|203957|204060|2207,-84.0,224.0,1610612740.0,21601102,True
4,PT03M26.00S,03:26,Q4 03:26,3.4333333333333336,475,substitution,SUB out: G. Hill,[],Hill,0,0,,False,False,201588.0,,3pt made,substitution,,,,201950|201967|202348|203076|203497|203524|203957|204060|2207,203497|203957|204060|2207,201950|201967|202348|203076|203524,,,1610612762.0,21601102,False
4,PT03M26.00S,03:26,Q4 03:26,3.4333333333333336,476,substitution,SUB in: R. Neto,[],Neto,0,0,,False,False,203526.0,,substitution,3pt missed,,,,201950|201967|202348|203076|203497|203524|203526|203957|204060|2207,203497|203526|203957|204060|2207,201950|201967|202348|203076|203524,,,1610612762.0,21601102,True
4,PT03M23.00S,03:23,Q4 03:23,3.3833333333333333,476,3pt,MISS Neto 74' 3PT Jump Shot,[],Neto,0,0,Missed,True,False,203526.0,,substitution,rebound,,,,201950|201967|202348|203076|203497|203524|203526|203957|204060|2207,203497|203526|203957|204060|2207,201950|201967|202348|203076|203524,110.0,727.0,1610612762.0,21601102,True
4,PT03M23.00S,03:23,Q4 03:23,3.3833333333333333,477,rebound,TEAM offensive REBOUND,['team'],,0,0,,False,False,0.0,,3pt missed,turnover,,,,201950|201967|202348|203076|203497|203524|203526|203957|204060|2207,203497|203526|203957|204060|2207,201950|201967|202348|203076|203524,,,1610612762.0,21601102,True
4,PT03M23.00S,03:23,Q4 03:23,3.3833333333333333,478,turnover,JAZZ Turnover: Shot Clock (T#12),[],,0,0,,False,False,1610612762.0,,rebound,3pt missed,,,,201950|201967|202348|203076|203497|203524|203526|203957|204060|2207,203497|203526|203957|204060|2207,201950|201967|202348|203076|203524,,,0.0,21601102,True
4,PT03M10.00S,03:10,Q4 03:10,3.1666666666666665,479,3pt,MISS Crawford  3PT Jump Shot,[],Crawford,0,0,Missed,True,False,202348.0,,turnover,rebound,,,,201950|201967|202348|203076|203497|203524|203526|203957|204060|2207,201950|201967|202348|203076|203524,203497|203526|203957|204060|2207,228.0,18.0,1610612740.0,21601102,True
4,PT03M10.00S,03:10,Q4 03:10,3.1666666666666665,480,rebound,Gobert REBOUND (Off:2 Def:15),[],Gobert,0,0,,False,False,203497.0,,3pt missed,2pt missed,,,,201950|201967|202348|203076|203497|203524|203526|203957|204060|2207,203497|203526|203957|204060|2207,201950|201967|202348|203076|203524,,,1610612762.0,21601102,True
4,PT03M02.00S,03:02,Q4 03:02,3.033333333333333,481,2pt,MISS Neto 11' Jump Shot,['pointsinthepaint'],Neto,0,0,Missed,True,False,203526.0,,rebound,rebound,,,,201950|201967|202348|203076|203497|203524|203526|203957|204060|2207,203497|203526|203957|204060|2207,201950|201967|202348|203076|203524,4.0,105.0,1610612762.0,21601102,True
4,PT03M01.00S,03:01,Q4 03:01,3.0166666666666666,482,rebound,Davis REBOUND (Off:1 Def:15),[],Davis,0,0,,False,False,203076.0,,2pt missed,foul,,,,201950|201967|202348|203076|203497|203524|203526|203957|204060|2207,201950|201967|202348|203076|203524,203497|203526|203957|204060|2207,,,1610612740.0,21601102,True
4,PT02M52.00S,02:52,Q4 02:52,2.8666666666666667,483,foul,Johnson S.FOUL (P2.PN) (E.Lewis),['inpenalty'],Johnson,0,0,,False,False,2207.0,,rebound,timeout,203076.0,,,201950|201967|202348|203076|203497|203524|203526|203957|204060|2207,203497|203526|203957|204060|2207,201950|201967|202348|203076|203524,,,1610612762.0,21601102,True
4,PT02M52.00S,02:52,Q4 02:52,2.8666666666666667,484,timeout,Pelicans Timeout: Regular (Reg.4 Short 1),[],,0,0,,False,False,0.0,,foul,freethrow,,,,201950|201967|202348|203076|203497|203524|203526|203957|204060|2207,201950|201967|202348|203076|203524,203497|203526|203957|204060|2207,,,1610612740.0,21601102,True
4,PT02M52.00S,02:52,Q4 02:52,2.8666666666666667,487,freethrow,Davis Free Throw 1 of 2 (31 PTS),[],Davis,100,92,Made,False,False,203076.0,,timeout,freethrow,,,,201950|201967|202348|203076|203497|203524|203526|203957|204060|2207,201950|201967|202348|203076|203524,203497|203526|203957|204060|2207,,,1610612740.0,21601102,True
4,PT02M52.00S,02:52,Q4 02:52,2.8666666666666667,489,freethrow,Davis Free Throw 2 of 2 (32 PTS),[],Davis,100,93,Made,False,False,203076.0,,freethrow,substitution,,,,201950|201967|202348|203076|203497|203524|203526|203957|204060|2207,201950|201967|202348|203076|203524,203497|203526|203957|204060|2207,,,1610612740.0,21601102,True
4,PT02M52.00S,02:52,Q4 02:52,2.8666666666666667,486,substitution,SUB out: D. Exum,[],Exum,0,0,,False,False,203957.0,,freethrow,substitution,,,,201950|201967|202348|203076|203497|203524|203526|204060|2207,203497|203526|204060|2207,201950|201967|202348|203076|203524,,,1610612762.0,21601102,False
4,PT02M52.00S,02:52,Q4 02:52,2.8666666666666667,487,substitution,SUB in: R. Hood,[],Hood,0,0,,False,False,203918.0,,substitution,2pt made,,,,201950|201967|202348|203076|203497|203524|203526|203918|204060|2207,203497|203526|203918|204060|2207,201950|201967|202348|203076|203524,,,1610612762.0,21601102,True
4,PT02M26.00S,02:26,Q4 02:26,2.4333333333333336,491,2pt,Ingles 14' Pullup Jump Shot (19 PTS),[],Ingles,102,93,Made,True,False,204060.0,,substitution,3pt made,,,,201950|201967|202348|203076|203497|203524|203526|203918|204060|2207,203497|203526|203918|204060|2207,201950|201967|202348|203076|203524,127.0,57.0,1610612762.0,21601102,True
4,PT02M14.00S,02:14,Q4 02:14,2.2333333333333334,492,3pt,Davis 25' 3PT Jump Shot (35 PTS) (Holiday 5 AST),[],Davis,102,96,Made,True,True,203076.0,201950.0,2pt made,2pt made,,,,201950|201967|202348|203076|203497|203524|203526|203918|204060|2207,201950|201967|202348|203076|203524,203497|203526|203918|204060|2207,-129.0,218.0,1610612740.0,21601102,True
4,PT01M48.00S,01:48,Q4 01:48,1.8,493,2pt,Johnson 15' Step Back Jump Shot (14 PTS),[],Johnson,104,96,Made,True,False,2207.0,,3pt made,3pt missed,,,,201950|201967|202348|203076|203497|203524|203526|203918|204060|2207,203497|203526|203918|204060|2207,201950|201967|202348|203076|203524,127.0,85.0,1610612762.0,21601102,True
4,PT01M23.00S,01:23,Q4 01:23,1.3833333333333333,494,3pt,MISS Cunningham  3PT Jump Shot,[],Cunningham,0,0,Missed,True,False,201967.0,,2pt made,rebound,,,,201950|201967|202348|203076|203497|203524|203526|203918|204060|2207,201950|201967|202348|203076|203524,203497|203526|203918|204060|2207,227.0,21.0,1610612740.0,21601102,True
4,PT01M22.00S,01:22,Q4 01:22,1.3666666666666667,495,rebound,S. Hill REBOUND (Off:2 Def:5),[],Hill,0,0,,False,False,203524.0,,3pt missed,3pt missed,,,,201950|201967|202348|203076|203497|203524|203526|203918|204060|2207,201950|201967|202348|203076|203524,203497|203526|203918|204060|2207,,,1610612740.0,21601102,True
4,PT01M14.00S,01:14,Q4 01:14,1.2333333333333334,496,3pt,MISS Holiday 25' 3PT Jump Shot,[],Holiday,0,0,Missed,True,False,201950.0,,rebound,rebound,,,,201950|201967|202348|203076|203497|203524|203526|203918|204060|2207,201950|201967|202348|203076|203524,203497|203526|203918|204060|2207,-165.0,188.0,1610612740.0,21601102,True
4,PT01M14.00S,01:14,Q4 01:14,1.2333333333333334,497,rebound,S. Hill REBOUND (Off:3 Def:5),[],Hill,0,0,,False,False,203524.0,,3pt missed,foul,,,,201950|201967|202348|203076|203497|203524|203526|203918|204060|2207,201950|201967|202348|203076|203524,203497|203526|203918|204060|2207,,,1610612740.0,21601102,True
4,PT01M12.00S,01:12,Q4 01:12,1.2,498,foul,Neto S.FOUL (P4.PN) (M.Ervin),['inpenalty'],Neto,0,0,,False,False,203526.0,,rebound,freethrow,203076.0,,,201950|201967|202348|203076|203497|203524|203526|203918|204060|2207,203497|203526|203918|204060|2207,201950|201967|202348|203076|203524,,,1610612762.0,21601102,True
4,PT01M12.00S,01:12,Q4 01:12,1.2,499,freethrow,Davis Free Throw 1 of 2 (36 PTS),[],Davis,104,97,Made,False,False,203076.0,,foul,freethrow,,,,201950|201967|202348|203076|203497|203524|203526|203918|204060|2207,201950|201967|202348|203076|203524,203497|203526|203918|204060|2207,,,1610612740.0,21601102,True
4,PT01M12.00S,01:12,Q4 01:12,1.2,501,freethrow,MISS Davis Free Throw 2 of 2,[],Davis,0,0,Missed,False,False,203076.0,,freethrow,rebound,,,,201950|201967|202348|203076|203497|203524|203526|203918|204060|2207,201950|201967|202348|203076|203524,203497|203526|203918|204060|2207,,,1610612740.0,21601102,True
4,PT01M11.00S,01:11,Q4 01:11,1.1833333333333333,503,rebound,Gobert REBOUND (Off:2 Def:16),[],Gobert,0,0,,False,False,203497.0,,freethrow,3pt made,,,,201950|201967|202348|203076|203497|203524|203526|203918|204060|2207,203497|203526|203918|204060|2207,201950|201967|202348|203076|203524,,,1610612762.0,21601102,True
4,PT00M50.30S,00:50,Q4 00:50,0.8383333333333333,504,3pt,Hood 25' 3PT Jump Shot (20 PTS),[],Hood,107,97,Made,True,False,203918.0,,rebound,timeout,,,,201950|201967|202348|203076|203497|203524|203526|203918|204060|2207,203497|203526|203918|204060|2207,201950|201967|202348|203076|203524,-158.0,190.0,1610612762.0,21601102,True
4,PT00M50.30S,00:50,Q4 00:50,0.8383333333333333,505,timeout,Pelicans Timeout: Regular (Reg.5 Short 1),[],,0,0,,False,False,0.0,,3pt made,3pt missed,,,,201950|201967|202348|203076|203497|203524|203526|203918|204060|2207,201950|201967|202348|203076|203524,203497|203526|203918|204060|2207,,,1610612740.0,21601102,True
4,PT00M38.90S,00:38,Q4 00:38,0.6483333333333333,507,3pt,MISS Crawford 27' 3PT Jump Shot,[],Crawford,0,0,Missed,True,False,202348.0,,timeout,rebound,,,,201950|201967|202348|203076|203497|203524|203526|203918|204060|2207,201950|201967|202348|203076|203524,203497|203526|203918|204060|2207,-220.0,164.0,1610612740.0,21601102,True
4,PT00M37.90S,00:37,Q4 00:37,0.6316666666666666,508,rebound,Gobert REBOUND (Off:2 Def:17),[],Gobert,0,0,,False,False,203497.0,,3pt missed,foul,,,,201950|201967|202348|203076|203497|203524|203526|203918|204060|2207,203497|203526|203918|204060|2207,201950|201967|202348|203076|203524,,,1610612762.0,21601102,True
4,PT00M21.90S,00:21,Q4 00:21,0.365,509,foul,S. Hill P.FOUL (P2.PN) (J.Capers),['inpenalty'],Hill,0,0,,False,False,203524.0,,rebound,freethrow,203497.0,,,201950|201967|202348|203076|203497|203524|203526|203918|204060|2207,201950|201967|202348|203076|203524,203497|203526|203918|204060|2207,,,1610612740.0,21601102,True
4,PT00M21.90S,00:21,Q4 00:21,0.365,510,freethrow,Gobert Free Throw 1 of 2 (20 PTS),[],Gobert,108,97,Made,False,False,203497.0,,foul,freethrow,,,,201950|201967|202348|203076|203497|203524|203526|203918|204060|2207,203497|203526|203918|204060|2207,201950|201967|202348|203076|203524,,,1610612762.0,21601102,True
4,PT00M21.90S,00:21,Q4 00:21,0.365,512,freethrow,MISS Gobert Free Throw 2 of 2,[],Gobert,0,0,Missed,False,False,203497.0,,freethrow,rebound,,,,201950|201967|202348|203076|203497|203524|203526|203918|204060|2207,203497|203526|203918|204060|2207,201950|201967|202348|203076|203524,,,1610612762.0,21601102,True
4,PT00M20.90S,00:20,Q4 00:20,0.34833333333333333,514,rebound,Davis REBOUND (Off:1 Def:16),[],Davis,0,0,,False,False,203076.0,,freethrow,3pt made,,,,201950|201967|202348|203076|203497|203524|203526|203918|204060|2207,201950|201967|202348|203076|203524,203497|203526|203918|204060|2207,,,1610612740.0,21601102,True
4,PT00M12.80S,00:12,Q4 00:12,0.21333333333333335,515,3pt,Holiday 24' 3PT Jump Shot (19 PTS) (Crawford 2 AST),[],Holiday,108,100,Made,True,True,201950.0,202348.0,rebound,period,,,,201950|201967|202348|203076|203497|203524|203526|203918|204060|2207,201950|201967|202348|203076|203524,203497|203526|203918|204060|2207,-168.0,178.0,1610612740.0,21601102,True
4,PT00M00.00S,00:00,Q4 00:00,0.0,516,period,End of 4th Period (1:06 AM EST),[],,108,100,,False,False,0.0,,3pt made,,,,,201950|201967|202348|203076|203497|203524|203526|203918|204060|2207,203497|203526|203918|204060|2207,201950|201967|202348|203076|203524,,,1610612762.0,21601102,True
