period,clock,clock_display,game_clock,minutes_left_in_game,actionNumber,actionType,description,qualifier,playerName,scoreHome,scoreAway,shotResult,isFieldGoal,assisted,person_id,assister_id,previous_action,next_action,foulDrawnPersonId,stealPersonId,blockPersonId,players_on,off_players_on,def_players_on,xLegacy,yLegacy,teamId,game_id,poc_ok
1,PT12M00.00S,12:00,Q1 12:00,48.0,0,period,Start of 1st Period (10:42 PM EST),[],,0,0,,False,False,0.0,,,2pt made,,,,101181|1627734|201156|201566|202389|203460|203500|203506|203944|2736,101181|201156|202389|203944|2736,1627734|201566|203460|203500|203506,,,1610612747.0,21600211,True
1,PT11M47.00S,11:47,Q1 11:47,47.78333333333333,3,2pt,Deng 21' Jump Shot (2 PTS) (Mozgov 1 AST),[],Deng,2,0,Made,True,True,2736.0,202389.0,period,3pt missed,,,,101181|1627734|201156|201566|202389|203460|203500|203506|203944|2736,101181|201156|202389|203944|2736,1627734|201566|203460|203500|203506,-209.0,-6.0,1610612747.0,21600211,True
1,PT11M28.00S,11:28,Q1 11:28,47.46666666666667,4,3pt,MISS Roberson 24' 3PT Jump Shot,[],Roberson,0,0,Missed,True,False,203460.0,,2pt made,rebound,,,,101181|1627734|201156|201566|202389|203460|203500|203506|203944|2736,1627734|201566|203460|203500|203506,101181|201156|202389|203944|2736,75.0,233.0,1610612760.0,21600211,True
1,PT11M27.00S,11:27,Q1 11:27,47.45,5,rebound,Randle REBOUND (Off:0 Def:1),[],Randle,0,0,,False,False,203944.0,,3pt missed,2pt missed,,,,101181|1627734|201156|201566|202389|203460|203500|203506|203944|2736,101181|201156|202389|203944|2736,1627734|201566|203460|203500|203506,,,1610612747.0,21600211,True
1,PT11M19.00S,11:19,Q1 11:19,47.31666666666666,6,2pt,MISS Randle 6' Jump Shot,['pointsinthepaint'],Randle,0,0,Missed,True,False,203944.0,,rebound,block,,,,101181|1627734|201156|201566|202389|203460|203500|203506|203944|2736,101181|201156|202389|203944|2736,1627734|201566|203460|203500|203506,-42.0,41.0,1610612747.0,21600211,True
1,PT11M19.00S,11:19,Q1 11:19,47.31666666666666,6,block,Roberson BLOCK (1 BLK),[],Roberson,0,0,,False,False,203460.0,,2pt missed,rebound,,,203460.0,101181|1627734|201156|201566|202389|203460|203500|203506|203944|2736,1627734|201566|203460|203500|203506,101181|201156|202389|203944|2736,,,1610612760.0,21600211,True
1,PT11M16.00S,11:16,Q1 11:16,47.266666666666666,7,rebound,Sabonis REBOUND (Off:0 Def:1),[],Sabonis,0,0,,False,False,1627734.0,,block,2pt made,,,,101181|1627734|201156|201566|202389|203460|203500|203506|203944|2736,1627734|201566|203460|203500|203506,101181|201156|202389|203944|2736,,,1610612760.0,21600211,True
1,PT11M12.00S,11:12,Q1 11:12,47.2,8,2pt,Adams  Cutting Dunk Shot (2 PTS) (Westbrook 1 AST),['pointsinthepaint'],Adams,2,2,Made,True,True,203500.0,201566.0,rebound,2pt made,,,,101181|1627734|201156|201566|202389|203460|203500|203506|203944|2736,1627734|201566|203460|203500|203506,101181|201156|202389|203944|2736,0.0,1.0,1610612760.0,21600211,True
1,PT10M49.00S,10:49,Q1 10:49,46.81666666666666,9,2pt,Mozgov 11' Fadeaway Jumper (2 PTS),['pointsinthepaint'],Mozgov,4,2,Made,True,False,202389.0,,2pt made,3pt missed,,,,101181|1627734|201156|201566|202389|203460|203500|203506|203944|2736,101181|201156|202389|203944|2736,1627734|201566|203460|203500|203506,41.0,106.0,1610612747.0,21600211,True
1,PT10M26.00S,10:26,Q1 10:26,46.43333333333334,10,3pt,MISS Roberson 26' 3PT Jump Shot,[],Roberson,0,0,Missed,True,False,203460.0,,2pt made,rebound,,,,101181|1627734|201156|201566|202389|203460|203500|203506|203944|2736,1627734|201566|203460|203500|203506,101181|201156|202389|203944|2736,-166.0,194.0,1610612760.0,21600211,True
1,PT10M24.00S,10:24,Q1 10:24,46.4,11,rebound,Randle REBOUND (Off:0 Def:2),[],Randle,0,0,,False,False,203944.0,,3pt missed,turnover,,,,101181|1627734|201156|201566|202389|203460|203500|203506|203944|2736,101181|201156|202389|203944|2736,1627734|201566|203460|203500|203506,,,1610612747.0,21600211,True
1,PT10M07.00S,10:07,Q1 10:07,46.11666666666667,12,turnover,Randle Traveling Turnover (P1.T1),[],Randle,0,0,,False,False,203944.0,,rebound,2pt missed,,,,101181|1627734|201156|201566|202389|203460|203500|203506|203944|2736,101181|201156|202389|203944|2736,1627734|201566|203460|203500|203506,,,1610612747.0,21600211,True
1,PT09M49.00S,09:49,Q1 09:49,45.81666666666666,14,2pt,MISS Adams 9' Hook Shot,['pointsinthepaint'],Adams,0,0,Missed,True,False,203500.0,,turnover,rebound,,,,101181|1627734|201156|201566|202389|203460|203500|203506|203944|2736,1627734|201566|203460|203500|203506,101181|201156|202389|203944|2736,-65.0,55.0,1610612760.0,21600211,True
1,PT09M46.00S,09:46,Q1 09:46,45.766666666666666,15,rebound,Mozgov REBOUND (Off:0 Def:1),[],Mozgov,0,0,,False,False,202389.0,,2pt missed,2pt missed,,,,101181|1627734|201156|201566|202389|203460|203500|203506|203944|2736,101181|201156|202389|203944|2736,1627734|201566|203460|203500|203506,,,1610612747.0,21600211,True
1,PT09M36.00S,09:36,Q1 09:36,45.6,16,2pt,MISS Deng 9' Floating Jump Shot,[],Deng,0,0,Missed,True,False,2736.0,,rebound,rebound,,,,101181|1627734|201156|201566|202389|203460|203500|203506|203944|2736,101181|201156|202389|203944|2736,1627734|201566|203460|203500|203506,-93.0,11.0,1610612747.0,21600211,True
1,PT09M36.00S,09:36,Q1 09:36,45.6,17,rebound,TEAM defensive REBOUND,['team'],,0,0,,False,False,0.0,,2pt missed,2pt made,,,,101181|1627734|201156|201566|202389|203460|203500|203506|203944|2736,1627734|201566|203460|203500|203506,101181|201156|202389|203944|2736,,,1610612760.0,21600211,True
1,PT09M10.00S,09:10,Q1 09:10,45.166666666666664,19,2pt,Oladipo 18' Jump Shot (2 PTS),[],Oladipo,4,4,Made,True,False,203506.0,,rebound,turnover,,,,101181|1627734|201156|201566|202389|203460|203500|203506|203944|2736,1627734|201566|203460|203500|203506,101181|201156|202389|203944|2736,76.0,163.0,1610612760.0,21600211,True
1,PT08M55.00S,08:55,Q1 08:55,44.916666666666664,20,turnover,Calderon Lost Ball Turnover (P1.T2),[],Calderon,0,0,,False,False,101181.0,,2pt made,steal,,,,101181|1627734|201156|201566|202389|203460|203500|203506|203944|2736,101181|201156|202389|203944|2736,1627734|201566|203460|203500|203506,,,1610612747.0,21600211,True
1,PT08M55.00S,08:55,Q1 08:55,44.916666666666664,20,steal,Westbrook STEAL (1 STL),[],Westbrook,0,0,,False,False,201566.0,,turnover,foul,,201566.0,,101181|1627734|201156|201566|202389|203460|203500|203506|203944|2736,1627734|201566|203460|203500|203506,101181|201156|202389|203944|2736,,,1610612760.0,21600211,True
1,PT08M54.00S,08:54,Q1 08:54,44.9,21,foul,Mozgov P.FOUL (P1.T1) (S.Twardoski),[],Mozgov,0,0,,False,False,202389.0,,steal,3pt missed,1627734.0,,,101181|1627734|201156|201566|202389|203460|203500|203506|203944|2736,101181|201156|202389|203944|2736,1627734|201566|203460|203500|203506,,,1610612747.0,21600211,True
1,PT08M42.00S,08:42,Q1 08:42,44.7,22,3pt,MISS Sabonis 25' 3PT Jump Shot,[],Sabonis,0,0,Missed,True,False,1627734.0,,foul,rebound,,,,101181|1627734|201156|201566|202389|203460|203500|203506|203944|2736,1627734|201566|203460|203500|203506,101181|201156|202389|203944|2736,94.0,232.0,1610612760.0,21600211,True
1,PT08M41.00S,08:41,Q1 08:41,44.68333333333334,23,rebound,Calderon REBOUND (Off:0 Def:1),[],Calderon,0,0,,False,False,101181.0,,3pt missed,2pt made,,,,101181|1627734|201156|201566|202389|203460|203500|203506|203944|2736,101181|201156|202389|203944|2736,1627734|201566|203460|203500|203506,,,1610612747.0,21600211,True
1,PT08M30.00S,08:30,Q1 08:30,44.5,25,2pt,Deng 2' Driving Layup (4 PTS) (Calderon 1 AST),['pointsinthepaint'],Deng,6,4,Made,True,True,2736.0,101181.0,rebound,foul,,,,101181|1627734|201156|201566|202389|203460|203500|203506|203944|2736,101181|201156|202389|203944|2736,1627734|201566|203460|203500|203506,-16.0,1.0,1610612747.0,21600211,True
1,PT08M25.00S,08:25,Q1 08:25,44.416666666666664,26,foul,Adams OFF.Foul (P1) (M.Lindsay),[],Adams,0,0,,False,False,203500.0,,2pt made,turnover,201156.0,,,101181|1627734|201156|201566|202389|203460|203500|203506|203944|2736,1627734|201566|203460|203500|203506,101181|201156|202389|203944|2736,,,1610612760.0,21600211,True
1,PT08M25.00S,08:25,Q1 08:25,44.416666666666664,27,turnover,Adams Foul Turnover (P1.T1),[],Adams,0,0,,False,False,203500.0,,foul,turnover,,,,101181|1627734|201156|201566|202389|203460|203500|203506|203944|2736,1627734|201566|203460|203500|203506,101181|201156|202389|203944|2736,,,1610612760.0,21600211,True
1,PT08M14.00S,08:14,Q1 08:14,44.233333333333334,28,turnover,Young Lost Ball Turnover (P1.T3),[],Young,0,0,,False,False,201156.0,,turnover,steal,,,,101181|1627734|201156|201566|202389|203460|203500|203506|203944|2736,101181|201156|202389|203944|2736,1627734|201566|203460|203500|203506,,,1610612747.0,21600211,True
1,PT08M14.00S,08:14,Q1 08:14,44.233333333333334,28,steal,Oladipo STEAL (1 STL),[],Oladipo,0,0,,False,False,203506.0,,turnover,2pt made,,203506.0,,101181|1627734|201156|201566|202389|203460|203500|203506|203944|2736,1627734|201566|203460|203500|203506,101181|201156|202389|203944|2736,,,1610612760.0,21600211,True
1,PT08M07.00S,08:07,Q1 08:07,44.11666666666667,29,2pt,Oladipo 2' Running Finger Roll Layup (4 PTS),['pointsinthepaint'],Oladipo,6,6,Made,True,False,203506.0,,steal,turnover,,,,101181|1627734|201156|201566|202389|203460|203500|203506|203944|2736,1627734|201566|203460|203500|203506,101181|201156|202389|203944|2736,-20.0,0.0,1610612760.0,21600211,True
1,PT07M47.00S,07:47,Q1 07:47,43.78333333333333,31,turnover,Calderon Bad Pass Turnover (P2.T4),[],Calderon,0,0,,False,False,101181.0,,2pt made,steal,,,,101181|1627734|201156|201566|202389|203460|203500|203506|203944|2736,101181|201156|202389|203944|2736,1627734|201566|203460|203500|203506,,,1610612747.0,21600211,True
1,PT07M47.00S,07:47,Q1 07:47,43.78333333333333,31,steal,Oladipo STEAL (2 STL),[],Oladipo,0,0,,False,False,203506.0,,turnover,2pt made,,203506.0,,101181|1627734|201156|201566|202389|203460|203500|203506|203944|2736,1627734|201566|203460|203500|203506,101181|201156|202389|203944|2736,,,1610612760.0,21600211,True
1,PT07M42.00S,07:42,Q1 07:42,43.7,32,2pt,Westbrook 2' Cutting Finger Roll Layup Shot (2 PTS) (Oladipo 1 AST),['pointsinthepaint'],Westbrook,6,8,Made,True,True,201566.0,203506.0,steal,2pt missed,,,,101181|1627734|201156|201566|202389|203460|203500|203506|203944|2736,1627734|201566|203460|203500|203506,101181|201156|202389|203944|2736,-18.0,11.0,1610612760.0,21600211,True
1,PT07M20.00S,07:20,Q1 07:20,43.333333333333336,33,2pt,MISS Randle 16' Jump Shot,[],Randle,0,0,Missed,True,False,203944.0,,2pt made,rebound,,,,101181|1627734|201156|201566|202389|203460|203500|203506|203944|2736,101181|201156|202389|203944|2736,1627734|201566|203460|203500|203506,145.0,70.0,1610612747.0,21600211,True
1,PT07M19.00S,07:19,Q1 07:19,43.31666666666666,34,rebound,Oladipo REBOUND (Off:0 Def:1),[],Oladipo,0,0,,False,False,203506.0,,2pt missed,2pt made,,,,101181|1627734|201156|201566|202389|203460|203500|203506|203944|2736,1627734|201566|203460|203500|203506,101181|201156|202389|203944|2736,,,1610612760.0,21600211,True
1,PT07M10.00S,07:10,Q1 07:10,43.166666666666664,35,2pt,Westbrook 2' Running Layup (4 PTS),['pointsinthepaint'],Westbrook,6,10,Made,True,False,201566.0,,rebound,timeout,,,,101181|1627734|201156|201566|202389|203460|203500|203506|203944|2736,1627734|201566|203460|203500|203506,101181|201156|202389|203944|2736,-24.0,1.0,1610612760.0,21600211,True
1,PT07M09.00S,07:09,Q1 07:09,43.15,36,timeout,LAKERS Timeout: Regular (Full 1 Short 0),[],,0,0,,False,False,0.0,,2pt made,substitution,,,,101181|1627734|201156|201566|202389|203460|203500|203506|203944|2736,101181|201156|202389|203944|2736,1627734|201566|203460|203500|203506,,,1610612747.0,21600211,True
1,PT07M09.00S,07:09,Q1 07:09,43.15,38,substitution,SUB: Kanter FOR Sabonis,[],Sabonis,0,0,,False,False,1627734.0,,substitution,3pt made,,,,101181|201156|201566|202389|202683|203460|203500|203506|203944|2736,201566|202683|203460|203500|203506,101181|201156|202389|203944|2736,,,1610612760.0,21600211,True
1,PT06M56.00S,06:56,Q1 06:56,42.93333333333334,39,3pt,Calderon  3PT Jump Shot (3 PTS) (Randle 1 AST),[],Calderon,9,10,Made,True,True,101181.0,203944.0,substitution,2pt missed,,,,101181|201156|201566|202389|202683|203460|203500|203506|203944|2736,101181|201156|202389|203944|2736,201566|202683|203460|203500|203506,227.0,-2.0,1610612747.0,21600211,True
1,PT06M43.00S,06:43,Q1 06:43,42.71666666666667,40,2pt,MISS Kanter 18' Jump Shot,[],Freedom,0,0,Missed,True,False,202683.0,,3pt made,rebound,,,,101181|201156|201566|202389|202683|203460|203500|203506|203944|2736,201566|202683|203460|203500|203506,101181|201156|202389|203944|2736,-29.0,173.0,1610612760.0,21600211,True
1,PT06M43.00S,06:43,Q1 06:43,42.71666666666667,41,rebound,TEAM offensive REBOUND,['team'],,0,0,,False,False,0.0,,2pt missed,foul,,,,101181|201156|201566|202389|202683|203460|203500|203506|203944|2736,201566|202683|203460|203500|203506,101181|201156|202389|203944|2736,,,1610612760.0,21600211,True
1,PT06M43.00S,06:43,Q1 06:43,42.71666666666667,42,foul,Mozgov L.B.FOUL (P2.T2) (S.Twardoski),[],Mozgov,0,0,,False,False,202389.0,,rebound,2pt missed,201566.0,,,101181|201156|201566|202389|202683|203460|203500|203506|203944|2736,101181|201156|202389|203944|2736,201566|202683|203460|203500|203506,,,1610612747.0,21600211,True
1,PT06M32.00S,06:32,Q1 06:32,42.53333333333333,43,2pt,MISS Westbrook 10' Fadeaway Jumper,[],Westbrook,0,0,Missed,True,False,201566.0,,foul,rebound,,,,101181|201156|201566|202389|202683|203460|203500|203506|203944|2736,201566|202683|203460|203500|203506,101181|201156|202389|203944|2736,98.0,18.0,1610612760.0,21600211,True
1,PT06M29.00S,06:29,Q1 06:29,42.483333333333334,44,rebound,Calderon REBOUND (Off:0 Def:2),[],Calderon,0,0,,False,False,101181.0,,2pt missed,foul,,,,101181|201156|201566|202389|202683|203460|203500|203506|203944|2736,101181|201156|202389|203944|2736,201566|202683|203460|203500|203506,,,1610612747.0,21600211,True
1,PT06M26.00S,06:26,Q1 06:26,42.43333333333334,45,foul,Kanter P.FOUL (P1.T1) (S.Twardoski),[],Freedom,0,0,,False,False,202683.0,,rebound,turnover,203944.0,,,101181|201156|201566|202389|202683|203460|203500|203506|203944|2736,201566|202683|203460|203500|203506,101181|201156|202389|203944|2736,,,1610612760.0,21600211,True
1,PT06M18.00S,06:18,Q1 06:18,42.3,46,turnover,Randle Out of Bounds - Bad Pass Turnover Turnover (P2.T5),[],Randle,0,0,,False,False,203944.0,,foul,3pt missed,,,,101181|201156|201566|202389|202683|203460|203500|203506|203944|2736,101181|201156|202389|203944|2736,201566|202683|203460|203500|203506,,,1610612747.0,21600211,True
1,PT05M58.00S,05:58,Q1 05:58,41.96666666666667,48,3pt,MISS Oladipo 25' 3PT Jump Shot,[],Oladipo,0,0,Missed,True,False,203506.0,,turnover,rebound,,,,101181|201156|201566|202389|202683|203460|203500|203506|203944|2736,201566|202683|203460|203500|203506,101181|201156|202389|203944|2736,-196.0,158.0,1610612760.0,21600211,True
1,PT05M57.00S,05:57,Q1 05:57,41.95,49,rebound,Randle REBOUND (Off:0 Def:3),[],Randle,0,0,,False,False,203944.0,,3pt missed,2pt made,,,,101181|201156|201566|202389|202683|203460|203500|203506|203944|2736,101181|201156|202389|203944|2736,201566|202683|203460|203500|203506,,,1610612747.0,21600211,True
1,PT05M52.00S,05:52,Q1 05:52,41.86666666666667,50,2pt,Mozgov  Cutting Dunk Shot (4 PTS) (Randle 2 AST),['pointsinthepaint'],Mozgov,11,10,Made,True,True,202389.0,203944.0,rebound,2pt missed,,,,101181|201156|201566|202389|202683|203460|203500|203506|203944|2736,101181|201156|202389|203944|2736,201566|202683|203460|203500|203506,0.0,1.0,1610612747.0,21600211,True
1,PT05M38.00S,05:38,Q1 05:38,41.63333333333333,51,2pt,MISS Westbrook 1' Layup,['pointsinthepaint'],Westbrook,0,0,Missed,True,False,201566.0,,2pt made,block,,,,101181|201156|201566|202389|202683|203460|203500|203506|203944|2736,201566|202683|203460|203500|203506,101181|201156|202389|203944|2736,-2.0,11.0,1610612760.0,21600211,True
1,PT05M38.00S,05:38,Q1 05:38,41.63333333333333,51,block,Mozgov BLOCK (1 BLK),[],Mozgov,0,0,,False,False,202389.0,,2pt missed,2pt missed,,,202389.0,101181|201156|201566|202389|202683|203460|203500|203506|203944|2736,101181|201156|202389|203944|2736,201566|202683|203460|203500|203506,,,1610612747.0,21600211,True
1,PT05M35.00S,05:35,Q1 05:35,41.583333333333336,52,2pt,MISS Westbrook 2' Layup,['pointsinthepaint'],Westbrook,0,0,Missed,True,False,201566.0,,block,block,,,,101181|201156|201566|202389|202683|203460|203500|203506|203944|2736,201566|202683|203460|203500|203506,101181|201156|202389|203944|2736,-8.0,13.0,1610612760.0,21600211,True
1,PT05M35.00S,05:35,Q1 05:35,41.583333333333336,52,block,Young BLOCK (1 BLK),[],Young,0,0,,False,False,201156.0,,2pt missed,rebound,,,201156.0,101181|201156|201566|202389|202683|203460|203500|203506|203944|2736,101181|201156|202389|203944|2736,201566|202683|203460|203500|203506,,,1610612747.0,21600211,True
1,PT05M35.00S,05:35,Q1 05:35,41.583333333333336,53,rebound,Westbrook REBOUND (Off:1 Def:0),[],Westbrook,0,0,,False,False,201566.0,,block,rebound,,,,101181|201156|201566|202389|202683|203460|203500|203506|203944|2736,201566|202683|203460|203500|203506,101181|201156|202389|203944|2736,,,1610612760.0,21600211,True
1,PT05M31.00S,05:31,Q1 05:31,41.516666666666666,54,rebound,Westbrook REBOUND (Off:2 Def:0),[],Westbrook,0,0,,False,False,201566.0,,rebound,2pt missed,,,,101181|201156|201566|202389|202683|203460|203500|203506|203944|2736,201566|202683|203460|203500|203506,101181|201156|202389|203944|2736,,,1610612760.0,21600211,True
1,PT05M29.00S,05:29,Q1 05:29,41.483333333333334,55,2pt,MISS Westbrook 5' Jump Shot,['pointsinthepaint'],Westbrook,0,0,Missed,True,False,201566.0,,rebound,rebound,,,,101181|201156|201566|202389|202683|203460|203500|203506|203944|2736,201566|202683|203460|203500|203506,101181|201156|202389|203944|2736,-11.0,52.0,1610612760.0,21600211,True
1,PT05M27.00S,05:27,Q1 05:27,41.45,56,rebound,Randle REBOUND (Off:0 Def:4),[],Randle,0,0,,False,False,203944.0,,2pt missed,2pt missed,,,,101181|201156|201566|202389|202683|203460|203500|203506|203944|2736,101181|201156|202389|203944|2736,201566|202683|203460|203500|203506,,,1610612747.0,21600211,True
1,PT05M22.00S,05:22,Q1 05:22,41.36666666666667,57,2pt,MISS Mozgov 19' Jump Shot,[],Mozgov,0,0,Missed,True,False,202389.0,,rebound,rebound,,,,101181|201156|201566|202389|202683|203460|203500|203506|203944|2736,101181|201156|202389|203944|2736,201566|202683|203460|203500|203506,104.0,153.0,1610612747.0,21600211,True
1,PT05M21.00S,05:21,Q1 05:21,41.35,58,rebound,Westbrook REBOUND (Off:2 Def:1),[],Westbrook,0,0,,False,False,201566.0,,2pt missed,turnover,,,,101181|201156|201566|202389|202683|203460|203500|203506|203944|2736,201566|202683|203460|203500|203506,101181|201156|202389|203944|2736,,,1610612760.0,21600211,True
1,PT05M18.00S,05:18,Q1 05:18,41.3,59,turnover,Oladipo Bad Pass Turnover (P1.T2),[],Oladipo,0,0,,False,False,203506.0,,rebound,steal,,,,101181|201156|201566|202389|202683|203460|203500|203506|203944|2736,201566|202683|203460|203500|203506,101181|201156|202389|203944|2736,,,1610612760.0,21600211,True
1,PT05M18.00S,05:18,Q1 05:18,41.3,59,steal,Calderon STEAL (1 STL),[],Calderon,0,0,,False,False,101181.0,,turnover,3pt made,,101181.0,,101181|201156|201566|202389|202683|203460|203500|203506|203944|2736,101181|201156|202389|203944|2736,201566|202683|203460|203500|203506,,,1610612747.0,21600211,True
1,PT05M11.00S,05:11,Q1 05:11,41.18333333333334,60,3pt,Young 24' 3PT Jump Shot (3 PTS) (Calderon 2 AST),[],Young,14,10,Made,True,True,201156.0,101181.0,steal,2pt missed,,,,101181|201156|201566|202389|202683|203460|203500|203506|203944|2736,101181|201156|202389|203944|2736,201566|202683|203460|203500|203506,161.0,184.0,1610612747.0,21600211,True
1,PT04M48.00S,04:48,Q1 04:48,40.8,61,2pt,MISS Adams 9' Hook Shot,[],Adams,0,0,Missed,True,False,203500.0,,3pt made,rebound,,,,101181|201156|201566|202389|202683|203460|203500|203506|203944|2736,201566|202683|203460|203500|203506,101181|201156|202389|203944|2736,-88.0,32.0,1610612760.0,21600211,True
1,PT04M48.00S,04:48,Q1 04:48,40.8,62,rebound,TEAM offensive REBOUND,['team'],,0,0,,False,False,0.0,,2pt missed,foul,,,,101181|201156|201566|202389|202683|203460|203500|203506|203944|2736,201566|202683|203460|203500|203506,101181|201156|202389|203944|2736,,,1610612760.0,21600211,True
1,PT04M48.00S,04:48,Q1 04:48,40.8,63,foul,Deng L.B.FOUL (P1.T3) (S.Twardoski),[],Deng,0,0,,False,False,2736.0,,rebound,substitution,,,,101181|201156|201566|202389|202683|203460|203500|203506|203944|2736,101181|201156|202389|203944|2736,201566|202683|203460|203500|203506,,,1610612747.0,21600211,True
1,PT04M48.00S,04:48,Q1 04:48,40.8,64,substitution,SUB out: L. Deng,[],Deng,0,0,,False,False,2736.0,,foul,substitution,,,,101181|201156|201566|202389|202683|203460|203500|203506|203944,101181|201156|202389|203944,201566|202683|203460|203500|203506,,,1610612747.0,21600211,False
1,PT04M48.00S,04:48,Q1 04:48,40.8,65,substitution,SUB out: J. Randle,[],Randle,0,0,,False,False,203944.0,,substitution,substitution,,,,101181|201156|201566|202389|202683|203460|203500|203506,101181|201156|202389,201566|202683|203460|203500|203506,,,1610612747.0,21600211,False
1,PT04M48.00S,04:48,Q1 04:48,40.8,66,substitution,SUB out: T. Mozgov,[],Mozgov,0,0,,False,False,202389.0,,substitution,substitution,,,,101181|201156|201566|202683|203460|203500|203506,101181|201156,201566|202683|203460|203500|203506,,,1610612747.0,21600211,False
1,PT04M48.00S,04:48,Q1 04:48,40.8,67,substitution,SUB out: J. Calderon,[],Calderon,0,0,,False,False,101181.0,,substitution,substitution,,,,201156|201566|202683|203460|203500|203506,201156,201566|202683|203460|203500|203506,,,1610612747.0,21600211,False
1,PT04M48.00S,04:48,Q1 04:48,40.8,68,substitution,SUB out: S. Adams,[],Adams,0,0,,False,False,203500.0,,substitution,substitution,,,,201156|201566|202683|203460|203506,201566|202683|203460|203506,201156,,,1610612760.0,21600211,False
1,PT04M48.00S,04:48,Q1 04:48,40.8,69,substitution,SUB out: A. Roberson,[],Roberson,0,0,,False,False,203460.0,,substitution,substitution,,,,201156|201566|202683|203506,201566|202683|203506,201156,,,1610612760.0,21600211,False
1,PT04M48.00S,04:48,Q1 04:48,40.8,70,substitution,SUB out: V. Oladipo,[],Oladipo,0,0,,False,False,203506.0,,substitution,substitution,,,,201156|201566|202683,201566|202683,201156,,,1610612760.0,21600211,False
1,PT04M48.00S,04:48,Q1 04:48,40.8,71,substitution,SUB in: T. Black,[],Black,0,0,,False,False,204028.0,,substitution,substitution,,,,201156|201566|202683|204028,201156|204028,201566|202683,,,1610612747.0,21600211,False
1,PT04M48.00S,04:48,Q1 04:48,40.8,72,substitution,SUB in: L. Nance Jr.,[],Nance Jr.,0,0,,False,False,1626204.0,,substitution,substitution,,,,1626204|201156|201566|202683|204028,1626204|201156|204028,201566|202683,,,1610612747.0,21600211,False
1,PT04M48.00S,04:48,Q1 04:48,40.8,73,substitution,SUB in: B. Ingram,[],Ingram,0,0,,False,False,1627742.0,,substitution,substitution,,,,1626204|1627742|201156|201566|202683|204028,1626204|1627742|201156|204028,201566|202683,,,1610612747.0,21600211,False
1,PT04M48.00S,04:48,Q1 04:48,40.8,74,substitution,SUB in: J. Clarkson,[],Clarkson,0,0,,False,False,203903.0,,substitution,substitution,,,,1626204|1627742|201156|201566|202683|203903|204028,1626204|1627742|201156|203903|204028,201566|202683,,,1610612747.0,21600211,False
1,PT04M48.00S,04:48,Q1 04:48,40.8,75,substitution,SUB in: D. Sabonis,[],Sabonis,0,0,,False,False,1627734.0,,substitution,substitution,,,,1626204|1627734|1627742|201156|201566|202683|203903|204028,1627734|201566|202683,1626204|1627742|201156|203903|204028,,,1610612760.0,21600211,False
1,PT04M48.00S,04:48,Q1 04:48,40.8,76,substitution,SUB in: J. Grant,[],Grant,0,0,,False,False,203924.0,,substitution,substitution,,,,1626204|1627734|1627742|201156|201566|202683|203903|203924|204028,1627734|201566|202683|203924,1626204|1627742|201156|203903|204028,,,1610612760.0,21600211,False
1,PT04M48.00S,04:48,Q1 04:48,40.8,77,substitution,SUB in: A. Abrines,[],Abrines,0,0,,False,False,203518.0,,substitution,foul,,,,1626204|1627734|1627742|201156|201566|202683|203518|203903|203924|204028,1627734|201566|202683|203518|203924,1626204|1627742|201156|203903|204028,,,1610612760.0,21600211,True
1,PT04M37.00S,04:37,Q1 04:37,40.61666666666667,71,foul,Young S.FOUL (P1.T4) (M.Lindsay),[],Young,0,0,,False,False,201156.0,,substitution,freethrow,202683.0,,,1626204|1627734|1627742|201156|201566|202683|203518|203903|203924|204028,1626204|1627742|201156|203903|204028,1627734|201566|202683|203518|203924,,,1610612747.0,21600211,True
1,PT04M37.00S,04:37,Q1 04:37,40.61666666666667,72,freethrow,Kanter Free Throw 1 of 2 (1 PTS),[],Freedom,14,11,Made,False,False,202683.0,,foul,freethrow,,,,1626204|1627734|1627742|201156|201566|202683|203518|203903|203924|204028,1627734|201566|202683|203518|203924,1626204|1627742|201156|203903|204028,,,1610612760.0,21600211,True
1,PT04M37.00S,04:37,Q1 04:37,40.61666666666667,74,freethrow,Kanter Free Throw 2 of 2 (2 PTS),[],Freedom,14,12,Made,False,False,202683.0,,freethrow,foul,,,,1626204|1627734|1627742|201156|201566|202683|203518|203903|203924|204028,1627734|201566|202683|203518|203924,1626204|1627742|201156|203903|204028,,,1610612760.0,21600211,True
1,PT04M23.00S,04:23,Q1 04:23,40.38333333333333,76,foul,Grant S.FOUL (P1.T2) (M.Lindsay),[],Grant,0,0,,False,False,203924.0,,freethrow,freethrow,201156.0,,,1626204|1627734|1627742|201156|201566|202683|203518|203903|203924|204028,1627734|201566|202683|203518|203924,1626204|1627742|201156|203903|204028,,,1610612760.0,21600211,True
1,PT04M23.00S,04:23,Q1 04:23,40.38333333333333,78,freethrow,MISS Young Free Throw 1 of 2,[],Young,0,0,Missed,False,False,201156.0,,foul,rebound,,,,1626204|1627734|1627742|201156|201566|202683|203518|203903|203924|204028,1626204|1627742|201156|203903|204028,1627734|201566|202683|203518|203924,,,1610612747.0,21600211,True
1,PT04M23.00S,04:23,Q1 04:23,40.38333333333333,80,rebound,TEAM offensive REBOUND,['team'],,0,0,,False,False,0.0,,freethrow,freethrow,,,,1626204|1627734|1627742|201156|201566|202683|203518|203903|203924|204028,1626204|1627742|201156|203903|204028,1627734|201566|202683|203518|203924,,,1610612747.0,21600211,True
1,PT04M23.00S,04:23,Q1 04:23,40.38333333333333,81,freethrow,Young Free Throw 2 of 2 (4 PTS),['2ndchance'],Young,15,12,Made,False,False,201156.0,,rebound,2pt made,,,,1626204|1627734|1627742|201156|201566|202683|203518|203903|203924|204028,1626204|1627742|201156|203903|204028,1627734|201566|202683|203518|203924,,,1610612747.0,21600211,True
1,PT04M07.00S,04:07,Q1 04:07,40.11666666666667,84,2pt,Kanter  Cutting Dunk Shot (4 PTS) (Westbrook 2 AST),['pointsinthepaint'],Freedom,15,14,Made,True,True,202683.0,201566.0,freethrow,2pt missed,,,,1626204|1627734|1627742|201156|201566|202683|203518|203903|203924|204028,1627734|201566|202683|203518|203924,1626204|1627742|201156|203903|204028,0.0,1.0,1610612760.0,21600211,True
1,PT03M48.00S,03:48,Q1 03:48,39.8,85,2pt,MISS Ingram 12' Pullup Jump Shot,[],Ingram,0,0,Missed,True,False,1627742.0,,2pt made,rebound,,,,1626204|1627734|1627742|201156|201566|202683|203518|203903|203924|204028,1626204|1627742|201156|203903|204028,1627734|201566|202683|203518|203924,-119.0,16.0,1610612747.0,21600211,True
1,PT03M45.00S,03:45,Q1 03:45,39.75,86,rebound,Sabonis REBOUND (Off:0 Def:2),[],Sabonis,0,0,,False,False,1627734.0,,2pt missed,3pt missed,,,,1626204|1627734|1627742|201156|201566|202683|203518|203903|203924|204028,1627734|201566|202683|203518|203924,1626204|1627742|201156|203903|204028,,,1610612760.0,21600211,True
1,PT03M37.00S,03:37,Q1 03:37,39.61666666666667,87,3pt,MISS Westbrook 25' 3PT Jump Shot,[],Westbrook,0,0,Missed,True,False,201566.0,,rebound,rebound,,,,1626204|1627734|1627742|201156|201566|202683|203518|203903|203924|204028,1627734|201566|202683|203518|203924,1626204|1627742|201156|203903|204028,-47.0,241.0,1610612760.0,21600211,True
1,PT03M36.00S,03:36,Q1 03:36,39.6,88,rebound,Ingram REBOUND (Off:0 Def:1),[],Ingram,0,0,,False,False,1627742.0,,3pt missed,3pt made,,,,1626204|1627734|1627742|201156|201566|202683|203518|203903|203924|204028,1626204|1627742|201156|203903|204028,1627734|201566|202683|203518|203924,,,1610612747.0,21600211,True
1,PT03M19.00S,03:19,Q1 03:19,39.31666666666666,89,3pt,Ingram 25' 3PT Jump Shot (3 PTS) (Nance Jr. 1 AST),[],Ingram,18,14,Made,True,True,1627742.0,1626204.0,rebound,turnover,,,,1626204|1627734|1627742|201156|201566|202683|203518|203903|203924|204028,1626204|1627742|201156|203903|204028,1627734|201566|202683|203518|203924,-132.0,217.0,1610612747.0,21600211,True
1,PT03M05.00S,03:05,Q1 03:05,39.083333333333336,90,turnover,Westbrook Bad Pass Turnover (P1.T3),[],Westbrook,0,0,,False,False,201566.0,,3pt made,steal,,,,1626204|1627734|1627742|201156|201566|202683|203518|203903|203924|204028,1627734|201566|202683|203518|203924,1626204|1627742|201156|203903|204028,,,1610612760.0,21600211,True
1,PT03M05.00S,03:05,Q1 03:05,39.083333333333336,90,steal,Clarkson STEAL (1 STL),[],Clarkson,0,0,,False,False,203903.0,,turnover,3pt missed,,203903.0,,1626204|1627734|1627742|201156|201566|202683|203518|203903|203924|204028,1626204|1627742|201156|203903|204028,1627734|201566|202683|203518|203924,,,1610612747.0,21600211,True
1,PT02M58.00S,02:58,Q1 02:58,38.96666666666667,91,3pt,MISS Young 26' 3PT Jump Shot,[],Young,0,0,Missed,True,False,201156.0,,steal,rebound,,,,1626204|1627734|1627742|201156|201566|202683|203518|203903|203924|204028,1626204|1627742|201156|203903|204028,1627734|201566|202683|203518|203924,204.0,163.0,1610612747.0,21600211,True
1,PT02M56.00S,02:56,Q1 02:56,38.93333333333334,92,rebound,Black REBOUND (Off:1 Def:0),[],Black,0,0,,False,False,204028.0,,3pt missed,2pt missed,,,,1626204|1627734|1627742|201156|201566|202683|203518|203903|203924|204028,1626204|1627742|201156|203903|204028,1627734|201566|202683|203518|203924,,,1610612747.0,21600211,True
1,PT02M51.00S,02:51,Q1 02:51,38.85,93,2pt,MISS Black 5' Hook Shot,['pointsinthepaint'],Black,0,0,Missed,True,False,204028.0,,rebound,rebound,,,,1626204|1627734|1627742|201156|201566|202683|203518|203903|203924|204028,1626204|1627742|201156|203903|204028,1627734|201566|202683|203518|203924,0.0,45.0,1610612747.0,21600211,True
1,PT02M46.00S,02:46,Q1 02:46,38.766666666666666,94,rebound,Black REBOUND (Off:2 Def:0),[],Black,0,0,,False,False,204028.0,,2pt missed,3pt made,,,,1626204|1627734|1627742|201156|201566|202683|203518|203903|203924|204028,1626204|1627742|201156|203903|204028,1627734|201566|202683|203518|203924,,,1610612747.0,21600211,True
1,PT02M40.00S,02:40,Q1 02:40,38.666666666666664,95,3pt,Young 24' 3PT Jump Shot (7 PTS) (Clarkson 1 AST),[],Young,21,14,Made,True,True,201156.0,203903.0,rebound,timeout,,,,1626204|1627734|1627742|201156|201566|202683|203518|203903|203924|204028,1626204|1627742|201156|203903|204028,1627734|201566|202683|203518|203924,96.0,222.0,1610612747.0,21600211,True
1,PT02M40.00S,02:40,Q1 02:40,38.666666666666664,96,timeout,Thunder Timeout: Regular (Reg.1 Short 0),[],,0,0,,False,False,0.0,,3pt made,substitution,,,,1626204|1627734|1627742|201156|201566|202683|203518|203903|203924|204028,1627734|201566|202683|203518|203924,1626204|1627742|201156|203903|204028,,,1610612760.0,21600211,True
1,PT02M40.00S,02:40,Q1 02:40,38.666666666666664,97,substitution,SUB out: N. Young,[],Young,0,0,,False,False,201156.0,,timeout,substitution,,,,1626204|1627734|1627742|201566|202683|203518|203903|203924|204028,1626204|1627742|203903|204028,1627734|201566|202683|203518|203924,,,1610612747.0,21600211,False
1,PT02M40.00S,02:40,Q1 02:40,38.666666666666664,98,substitution,SUB out: R. Westbrook,[],Westbrook,0,0,,False,False,201566.0,,substitution,substitution,,,,1626204|1627734|1627742|202683|203518|203903|203924|204028,1627734|202683|203518|203924,1626204|1627742|203903|204028,,,1610612760.0,21600211,False
1,PT02M40.00S,02:40,Q1 02:40,38.666666666666664,99,substitution,SUB in: L. Williams,[],Williams,0,0,,False,False,101150.0,,substitution,substitution,,,,101150|1626204|1627734|1627742|202683|203518|203903|203924|204028,101150|1626204|1627742|203903|204028,1627734|202683|203518|203924,,,1610612747.0,21600211,False
1,PT02M40.00S,02:40,Q1 02:40,38.666666666666664,100,substitution,SUB in: S. Christon,[],Christon,0,0,,False,False,203902.0,,substitution,3pt missed,,,,101150|1626204|1627734|1627742|202683|203518|203902|203903|203924|204028,1627734|202683|203518|203902|203924,101150|1626204|1627742|203903|204028,,,1610612760.0,21600211,True
1,PT02M26.00S,02:26,Q1 02:26,38.43333333333334,99,3pt,MISS Abrines 27' 3PT Jump Shot,[],Abrines,0,0,Missed,True,False,203518.0,,substitution,rebound,,,,101150|1626204|1627734|1627742|202683|203518|203902|203903|203924|204028,1627734|202683|203518|203902|203924,101150|1626204|1627742|203903|204028,-152.0,218.0,1610612760.0,21600211,True
1,PT02M25.00S,02:25,Q1 02:25,38.416666666666664,100,rebound,Ingram REBOUND (Off:0 Def:2),[],Ingram,0,0,,False,False,1627742.0,,3pt missed,2pt missed,,,,101150|1626204|1627734|1627742|202683|203518|203902|203903|203924|204028,101150|1626204|1627742|203903|204028,1627734|202683|203518|203902|203924,,,1610612747.0,21600211,True
1,PT02M12.00S,02:12,Q1 02:12,38.2,101,2pt,MISS Clarkson  Dunk,['pointsinthepaint'],Clarkson,0,0,Missed,True,False,203903.0,,rebound,block,,,,101150|1626204|1627734|1627742|202683|203518|203902|203903|203924|204028,101150|1626204|1627742|203903|204028,1627734|202683|203518|203902|203924,0.0,1.0,1610612747.0,21600211,True
1,PT02M12.00S,02:12,Q1 02:12,38.2,101,block,Abrines BLOCK (1 BLK),[],Abrines,0,0,,False,False,203518.0,,2pt missed,rebound,,,203518.0,101150|1626204|1627734|1627742|202683|203518|203902|203903|203924|204028,1627734|202683|203518|203902|203924,101150|1626204|1627742|203903|204028,,,1610612760.0,21600211,True
1,PT02M07.00S,02:07,Q1 02:07,38.11666666666667,102,rebound,Kanter REBOUND (Off:0 Def:1),[],Freedom,0,0,,False,False,202683.0,,block,turnover,,,,101150|1626204|1627734|1627742|202683|203518|203902|203903|203924|204028,1627734|202683|203518|203902|203924,101150|1626204|1627742|203903|204028,,,1610612760.0,21600211,True
1,PT02M04.00S,02:04,Q1 02:04,38.06666666666667,103,turnover,Sabonis Bad Pass Turnover (P1.T4),[],Sabonis,0,0,,False,False,1627734.0,,rebound,steal,,,,101150|1626204|1627734|1627742|202683|203518|203902|203903|203924|204028,1627734|202683|203518|203902|203924,101150|1626204|1627742|203903|204028,,,1610612760.0,21600211,True
1,PT02M04.00S,02:04,Q1 02:04,38.06666666666667,103,steal,Clarkson STEAL (2 STL),[],Clarkson,0,0,,False,False,203903.0,,turnover,2pt made,,203903.0,,101150|1626204|1627734|1627742|202683|203518|203902|203903|203924|204028,101150|1626204|1627742|203903|204028,1627734|202683|203518|203902|203924,,,1610612747.0,21600211,True
1,PT02M00.00S,02:00,Q1 02:00,38.0,104,2pt,Clarkson 1' Running Layup (2 PTS),['pointsinthepaint'],Clarkson,23,14,Made,True,False,203903.0,,steal,2pt missed,,,,101150|1626204|1627734|1627742|202683|203518|203902|203903|203924|204028,101150|1626204|1627742|203903|204028,1627734|202683|203518|203902|203924,3.0,8.0,1610612747.0,21600211,True
1,PT01M36.00S,01:36,Q1 01:36,37.6,105,2pt,MISS Christon 11' Floating Jump Shot,[],Christon,0,0,Missed,True,False,203902.0,,2pt made,rebound,,,,101150|1626204|1627734|1627742|202683|203518|203902|203903|203924|204028,1627734|202683|203518|203902|203924,101150|1626204|1627742|203903|204028,-111.0,-11.0,1610612760.0,21600211,True
1,PT01M33.00S,01:33,Q1 01:33,37.55,106,rebound,Nance Jr. REBOUND (Off:0 Def:1),[],Nance Jr.,0,0,,False,False,1626204.0,,2pt missed,substitution,,,,101150|1626204|1627734|1627742|202683|203518|203902|203903|203924|204028,101150|1626204|1627742|203903|204028,1627734|202683|203518|203902|203924,,,1610612747.0,21600211,True
1,PT01M25.00S,01:25,Q1 01:25,37.416666666666664,108,substitution,SUB out: D. Sabonis,[],Sabonis,0,0,,False,False,1627734.0,,rebound,substitution,,,,101150|1626204|1627742|202683|203518|203902|203903|203924|204028,202683|203518|203902|203924,101150|1626204|1627742|203903|204028,,,1610612760.0,21600211,False
1,PT01M25.00S,01:25,Q1 01:25,37.416666666666664,109,substitution,SUB in: J. Lauvergne,[],Lauvergne,0,0,,False,False,203530.0,,substitution,2pt made,,,,101150|1626204|1627742|202683|203518|203530|203902|203903|203924|204028,202683|203518|203530|203902|203924,101150|1626204|1627742|203903|204028,,,1610612760.0,21600211,True
1,PT01M13.00S,01:13,Q1 01:13,37.21666666666667,109,2pt,Ingram 10' Pullup Jump Shot (5 PTS) (Nance Jr. 2 AST),['pointsinthepaint'],Ingram,25,14,Made,True,True,1627742.0,1626204.0,substitution,3pt missed,,,,101150|1626204|1627742|202683|203518|203530|203902|203903|203924|204028,101150|1626204|1627742|203903|204028,202683|203518|203530|203902|203924,14.0,104.0,1610612747.0,21600211,True
1,PT00M57.90S,00:57,Q1 00:57,36.965,110,3pt,MISS Christon 25' 3PT Jump Shot,[],Christon,0,0,Missed,True,False,203902.0,,2pt made,rebound,,,,101150|1626204|1627742|202683|203518|203530|203902|203903|203924|204028,202683|203518|203530|203902|203924,101150|1626204|1627742|203903|204028,204.0,138.0,1610612760.0,21600211,True
1,PT00M56.60S,00:56,Q1 00:56,36.943333333333335,111,rebound,TEAM offensive REBOUND,['team'],,0,0,,False,False,0.0,,3pt missed,2pt made,,,,101150|1626204|1627742|202683|203518|203530|203902|203903|203924|204028,202683|203518|203530|203902|203924,101150|1626204|1627742|203903|204028,,,1610612760.0,21600211,True
1,PT00M51.00S,00:51,Q1 00:51,36.85,113,2pt,Kanter 8' Fadeaway Jumper (6 PTS) (Abrines 1 AST),"['2ndchance', 'pointsinthepaint']",Freedom,25,16,Made,True,True,202683.0,203518.0,rebound,2pt missed,,,,101150|1626204|1627742|202683|203518|203530|203902|203903|203924|204028,202683|203518|203530|203902|203924,101150|1626204|1627742|203903|204028,68.0,47.0,1610612760.0,21600211,True
1,PT00M39.90S,00:39,Q1 00:39,36.665,114,2pt,MISS Williams 11' Jump Shot,[],Williams,0,0,Missed,True,False,101150.0,,2pt made,rebound,,,,101150|1626204|1627742|202683|203518|203530|203902|203903|203924|204028,101150|1626204|1627742|203903|204028,202683|203518|203530|203902|203924,85.0,62.0,1610612747.0,21600211,True
1,PT00M37.90S,00:37,Q1 00:37,36.63166666666667,115,rebound,Nance Jr. REBOUND (Off:1 Def:1),[],Nance Jr.,0,0,,False,False,1626204.0,,2pt missed,3pt made,,,,101150|1626204|1627742|202683|203518|203530|203902|203903|203924|204028,101150|1626204|1627742|203903|204028,202683|203518|203530|203902|203924,,,1610612747.0,21600211,True
1,PT00M33.50S,00:33,Q1 00:33,36.55833333333333,116,3pt,Williams 26' 3PT Pullup Jump Shot (3 PTS),[],Williams,28,16,Made,True,False,101150.0,,rebound,foul,,,,101150|1626204|1627742|202683|203518|203530|203902|203903|203924|204028,101150|1626204|1627742|203903|204028,202683|203518|203530|203902|203924,-75.0,246.0,1610612747.0,21600211,True
1,PT00M33.50S,00:33,Q1 00:33,36.55833333333333,117,foul,Christon S.FOUL (P1.T3) (S.Twardoski),[],Christon,0,0,,False,False,203902.0,,3pt made,freethrow,101150.0,,,101150|1626204|1627742|202683|203518|203530|203902|203903|203924|204028,202683|203518|203530|203902|203924,101150|1626204|1627742|203903|204028,,,1610612760.0,21600211,True
1,PT00M33.50S,00:33,Q1 00:33,36.55833333333333,118,freethrow,Williams Free Throw 1 of 1 (4 PTS),[],Williams,29,16,Made,False,False,101150.0,,foul,2pt missed,,,,101150|1626204|1627742|202683|203518|203530|203902|203903|203924|204028,101150|1626204|1627742|203903|204028,202683|203518|203530|203902|203924,,,1610612747.0,21600211,True
1,PT00M07.80S,00:07,Q1 00:07,36.13,120,2pt,MISS Abrines 21' Jump Shot,[],Abrines,0,0,Missed,True,False,203518.0,,freethrow,rebound,,,,101150|1626204|1627742|202683|203518|203530|203902|203903|203924|204028,202683|203518|203530|203902|203924,101150|1626204|1627742|203903|204028,-211.0,-15.0,1610612760.0,21600211,True
1,PT00M05.90S,00:05,Q1 00:05,36.098333333333336,121,rebound,Black REBOUND (Off:2 Def:1),[],Black,0,0,,False,False,204028.0,,2pt missed,3pt missed,,,,101150|1626204|1627742|202683|203518|203530|203902|203903|203924|204028,101150|1626204|1627742|203903|204028,202683|203518|203530|203902|203924,,,1610612747.0,21600211,True
1,PT00M02.40S,00:02,Q1 00:02,36.04,122,3pt,MISS Clarkson 29' 3PT Running Pull-Up Jump Shot,[],Clarkson,0,0,Missed,True,False,203903.0,,rebound,rebound,,,,101150|1626204|1627742|202683|203518|203530|203902|203903|203924|204028,101150|1626204|1627742|203903|204028,202683|203518|203530|203902|203924,-96.0,271.0,1610612747.0,21600211,True
1,PT00M00.00S,00:00,Q1 00:00,36.0,123,rebound,TEAM offensive REBOUND,['team'],,0,0,,False,False,0.0,,3pt missed,period,,,,101150|1626204|1627742|202683|203518|203530|203902|203903|203924|204028,101150|1626204|1627742|203903|204028,202683|203518|203530|203902|203924,,,1610612747.0,21600211,True
1,PT00M00.00S,00:00,Q1 00:00,36.0,124,period,End of 1st Period (11:05 PM EST),[],,29,16,,False,False,0.0,,rebound,period,,,,101150|1626204|1627742|202683|203518|203530|203902|203903|203924|204028,101150|1626204|1627742|203903|204028,202683|203518|203530|203902|203924,,,1610612747.0,21600211,True
2,PT12M00.00S,12:00,Q2 12:00,36.0,126,period,Start of 2nd Period (11:08 PM EST),[],,29,16,,False,False,0.0,,period,substitution,,,,101150|1626204|1627742|202683|203518|203530|203902|203903|203924|204028,101150|1626204|1627742|203903|204028,202683|203518|203530|203902|203924,,,1610612747.0,21600211,True
2,PT11M44.00S,11:44,Q2 11:44,35.733333333333334,127,2pt,Grant  Dunk (2 PTS),['pointsinthepaint'],Grant,29,18,Made,True,False,203924.0,,substitution,2pt made,,,,101150|1626204|1627742|202683|203506|203530|203902|203903|203924|204028,202683|203506|203530|203902|203924,101150|1626204|1627742|203903|204028,0.0,1.0,1610612760.0,21600211,True
2,PT11M29.00S,11:29,Q2 11:29,35.483333333333334,128,2pt,Black 2' Cutting Finger Roll Layup Shot (2 PTS) (Clarkson 2 AST),['pointsinthepaint'],Black,31,18,Made,True,True,204028.0,203903.0,2pt made,2pt made,,,,101150|1626204|1627742|202683|203506|203530|203902|203903|203924|204028,101150|1626204|1627742|203903|204028,202683|203506|203530|203902|203924,-23.0,8.0,1610612747.0,21600211,True
2,PT11M15.00S,11:15,Q2 11:15,35.25,129,2pt,Grant 2' Driving Layup (4 PTS) (Lauvergne 1 AST),['pointsinthepaint'],Grant,31,20,Made,True,True,203924.0,203530.0,2pt made,turnover,,,,101150|1626204|1627742|202683|203506|203530|203902|203903|203924|204028,202683|203506|203530|203902|203924,101150|1626204|1627742|203903|204028,-18.0,3.0,1610612760.0,21600211,True
2,PT11M02.00S,11:02,Q2 11:02,35.03333333333333,130,turnover,Ingram Bad Pass Turnover (P1.T6),[],Ingram,0,0,,False,False,1627742.0,,2pt made,steal,,,,101150|1626204|1627742|202683|203506|203530|203902|203903|203924|204028,101150|1626204|1627742|203903|204028,202683|203506|203530|203902|203924,,,1610612747.0,21600211,True
2,PT11M02.00S,11:02,Q2 11:02,35.03333333333333,130,steal,Lauvergne STEAL (1 STL),[],Lauvergne,0,0,,False,False,203530.0,,turnover,turnover,,203530.0,,101150|1626204|1627742|202683|203506|203530|203902|203903|203924|204028,202683|203506|203530|203902|203924,101150|1626204|1627742|203903|204028,,,1610612760.0,21600211,True
2,PT10M53.00S,10:53,Q2 10:53,34.88333333333333,131,turnover,Oladipo Out of Bounds Lost Ball Turnover (P2.T5),[],Oladipo,0,0,,False,False,203506.0,,steal,substitution,,,,101150|1626204|1627742|202683|203506|203530|203902|203903|203924|204028,202683|203506|203530|203902|203924,101150|1626204|1627742|203903|204028,,,1610612760.0,21600211,True
2,PT10M53.00S,10:53,Q2 10:53,34.88333333333333,132,substitution,SUB out: S. Christon,[],Christon,0,0,,False,False,203902.0,,turnover,substitution,,,,101150|1626204|1627742|202683|203506|203530|203903|203924|204028,202683|203506|203530|203924,101150|1626204|1627742|203903|204028,,,1610612760.0,21600211,False
2,PT10M53.00S,10:53,Q2 10:53,34.88333333333333,133,substitution,SUB in: A. Roberson,[],Roberson,0,0,,False,False,203460.0,,substitution,2pt missed,,,,101150|1626204|1627742|202683|203460|203506|203530|203903|203924|204028,202683|203460|203506|203530|203924,101150|1626204|1627742|203903|204028,,,1610612760.0,21600211,True
2,PT10M32.00S,10:32,Q2 10:32,34.53333333333333,134,2pt,MISS Nance Jr. 19' Jump Shot,[],Nance Jr.,0,0,Missed,True,False,1626204.0,,substitution,rebound,,,,101150|1626204|1627742|202683|203460|203506|203530|203903|203924|204028,101150|1626204|1627742|203903|204028,202683|203460|203506|203530|203924,111.0,148.0,1610612747.0,21600211,True
2,PT10M30.00S,10:30,Q2 10:30,34.5,135,rebound,Oladipo REBOUND (Off:0 Def:2),[],Oladipo,0,0,,False,False,203506.0,,2pt missed,2pt missed,,,,101150|1626204|1627742|202683|203460|203506|203530|203903|203924|204028,202683|203460|203506|203530|203924,101150|1626204|1627742|203903|204028,,,1610612760.0,21600211,True
2,PT10M21.00S,10:21,Q2 10:21,34.35,136,2pt,MISS Oladipo 14' Step Back Jump Shot,[],Oladipo,0,0,Missed,True,False,203506.0,,rebound,rebound,,,,101150|1626204|1627742|202683|203460|203506|203530|203903|203924|204028,202683|203460|203506|203530|203924,101150|1626204|1627742|203903|204028,-13.0,140.0,1610612760.0,21600211,True
2,PT10M20.00S,10:20,Q2 10:20,34.333333333333336,137,rebound,TEAM defensive REBOUND,['team'],,0,0,,False,False,0.0,,2pt missed,foul,,,,101150|1626204|1627742|202683|203460|203506|203530|203903|203924|204028,101150|1626204|1627742|203903|204028,202683|203460|203506|203530|203924,,,1610612747.0,21600211,True
2,PT10M10.00S,10:10,Q2 10:10,34.166666666666664,138,foul,Black Offensive Charge Foul (P1.T1) (M.Davis),[],Black,0,0,,False,False,204028.0,,rebound,turnover,203460.0,,,101150|1626204|1627742|202683|203460|203506|203530|203903|203924|204028,101150|1626204|1627742|203903|204028,202683|203460|203506|203530|203924,,,1610612747.0,21600211,True
2,PT10M10.00S,10:10,Q2 10:10,34.166666666666664,139,turnover,Black Foul Turnover (P1.T7),[],Black,0,0,,False,False,204028.0,,foul,2pt made,,,,101150|1626204|1627742|202683|203460|203506|203530|203903|203924|204028,101150|1626204|1627742|203903|204028,202683|203460|203506|203530|203924,,,1610612747.0,21600211,True
2,PT09M55.00S,09:55,Q2 09:55,33.916666666666664,140,2pt,Roberson 2' Reverse Layup (2 PTS) (Kanter 1 AST),['pointsinthepaint'],Roberson,31,22,Made,True,False,203460.0,,turnover,timeout,,,,101150|1626204|1627742|202683|203460|203506|203530|203903|203924|204028,202683|203460|203506|203530|203924,101150|1626204|1627742|203903|204028,-15.0,-2.0,1610612760.0,21600211,True
2,PT09M55.00S,09:55,Q2 09:55,33.916666666666664,141,timeout,LAKERS Timeout: Regular (Full 2 Short 0),[],,0,0,,False,False,0.0,,2pt made,3pt missed,,,,101150|1626204|1627742|202683|203460|203506|203530|203903|203924|204028,101150|1626204|1627742|203903|204028,202683|203460|203506|203530|203924,,,1610612747.0,21600211,True
2,PT09M30.00S,09:30,Q2 09:30,33.5,145,3pt,MISS Williams 30' 3PT Jump Shot,[],Williams,0,0,Missed,True,False,101150.0,,timeout,rebound,,,,101150|1626204|1627742|202683|203460|203506|203530|203903|203924|204028,101150|1626204|1627742|203903|204028,202683|203460|203506|203530|203924,116.0,276.0,1610612747.0,21600211,True
2,PT09M29.00S,09:29,Q2 09:29,33.483333333333334,146,rebound,Grant REBOUND (Off:0 Def:1),[],Grant,0,0,,False,False,203924.0,,3pt missed,turnover,,,,101150|1626204|1627742|202683|203460|203506|203530|203903|203924|204028,202683|203460|203506|203530|203924,101150|1626204|1627742|203903|204028,,,1610612760.0,21600211,True
2,PT09M13.00S,09:13,Q2 09:13,33.21666666666667,147,turnover,Kanter Lost Ball Turnover (P1.T6),[],Freedom,0,0,,False,False,202683.0,,rebound,steal,,,,101150|1626204|1627742|202683|203460|203506|203530|203903|203924|204028,202683|203460|203506|203530|203924,101150|1626204|1627742|203903|204028,,,1610612760.0,21600211,True
2,PT09M13.00S,09:13,Q2 09:13,33.21666666666667,147,steal,Clarkson STEAL (3 STL),[],Clarkson,0,0,,False,False,203903.0,,turnover,2pt made,,203903.0,,101150|1626204|1627742|202683|203460|203506|203530|203903|203924|204028,101150|1626204|1627742|203903|204028,202683|203460|203506|203530|203924,,,1610612747.0,21600211,True
2,PT09M08.00S,09:08,Q2 09:08,33.13333333333333,148,2pt,Clarkson 1' Running Finger Roll Layup (4 PTS),['pointsinthepaint'],Clarkson,33,22,Made,True,False,203903.0,,steal,2pt made,,,,101150|1626204|1627742|202683|203460|203506|203530|203903|203924|204028,101150|1626204|1627742|203903|204028,202683|203460|203506|203530|203924,-7.0,11.0,1610612747.0,21600211,True
2,PT08M53.00S,08:53,Q2 08:53,32.88333333333333,149,2pt,Grant 19' Pullup Jump Shot (6 PTS),[],Grant,33,24,Made,True,False,203924.0,,2pt made,3pt missed,,,,101150|1626204|1627742|202683|203460|203506|203530|203903|203924|204028,202683|203460|203506|203530|203924,101150|1626204|1627742|203903|204028,31.0,187.0,1610612760.0,21600211,True
2,PT08M37.00S,08:37,Q2 08:37,32.61666666666667,150,3pt,MISS Williams 26' 3PT Jump Shot,[],Williams,0,0,Missed,True,False,101150.0,,2pt made,rebound,,,,101150|1626204|1627742|202683|203460|203506|203530|203903|203924|204028,101150|1626204|1627742|203903|204028,202683|203460|203506|203530|203924,-145.0,218.0,1610612747.0,21600211,True
2,PT08M36.00S,08:36,Q2 08:36,32.6,151,rebound,Lauvergne REBOUND (Off:0 Def:1),[],Lauvergne,0,0,,False,False,203530.0,,3pt missed,2pt missed,,,,101150|1626204|1627742|202683|203460|203506|203530|203903|203924|204028,202683|203460|203506|203530|203924,101150|1626204|1627742|203903|204028,,,1610612760.0,21600211,True
2,PT08M12.00S,08:12,Q2 08:12,32.2,152,2pt,MISS Kanter 7' Hook Shot,['pointsinthepaint'],Freedom,0,0,Missed,True,False,202683.0,,rebound,rebound,,,,101150|1626204|1627742|202683|203460|203506|203530|203903|203924|204028,202683|203460|203506|203530|203924,101150|1626204|1627742|203903|204028,10.0,65.0,1610612760.0,21600211,True
2,PT08M09.00S,08:09,Q2 08:09,32.15,153,rebound,Roberson REBOUND (Off:1 Def:0),[],Roberson,0,0,,False,False,203460.0,,2pt missed,3pt missed,,,,101150|1626204|1627742|202683|203460|203506|203530|203903|203924|204028,202683|203460|203506|203530|203924,101150|1626204|1627742|203903|204028,,,1610612760.0,21600211,True
2,PT08M00.00S,08:00,Q2 08:00,32.0,154,3pt,MISS Oladipo 25' 3PT Step Back Jump Shot,[],Oladipo,0,0,Missed,True,False,203506.0,,rebound,rebound,,,,101150|1626204|1627742|202683|203460|203506|203530|203903|203924|204028,202683|203460|203506|203530|203924,101150|1626204|1627742|203903|204028,-51.0,246.0,1610612760.0,21600211,True
2,PT08M00.00S,08:00,Q2 08:00,32.0,155,rebound,TEAM offensive REBOUND,['team'],,0,0,,False,False,0.0,,3pt missed,timeout,,,,101150|1626204|1627742|202683|203460|203506|203530|203903|203924|204028,202683|203460|203506|203530|203924,101150|1626204|1627742|203903|204028,,,1610612760.0,21600211,True
2,PT08M00.00S,08:00,Q2 08:00,32.0,156,timeout,Thunder Timeout: Regular (Reg.2 Short 0),[],,0,0,,False,False,0.0,,rebound,substitution,,,,101150|1626204|1627742|202683|203460|203506|203530|203903|203924|204028,202683|203460|203506|203530|203924,101150|1626204|1627742|203903|204028,,,1610612760.0,21600211,True
2,PT08M00.00S,08:00,Q2 08:00,32.0,158,substitution,SUB out: J. Grant,[],Grant,0,0,,False,False,203924.0,,timeout,substitution,,,,101150|1626204|1627742|202683|203460|203506|203530|203903|204028,202683|203460|203506|203530,101150|1626204|1627742|203903|204028,,,1610612760.0,21600211,False
2,PT08M00.00S,08:00,Q2 08:00,32.0,159,substitution,SUB out: T. Black,[],Black,0,0,,False,False,204028.0,,substitution,substitution,,,,101150|1626204|1627742|202683|203460|203506|203530|203903,101150|1626204|1627742|203903,202683|203460|203506|203530,,,1610612747.0,21600211,False
2,PT08M00.00S,08:00,Q2 08:00,32.0,160,substitution,SUB out: B. Ingram,[],Ingram,0,0,,False,False,1627742.0,,substitution,substitution,,,,101150|1626204|202683|203460|203506|203530|203903,101150|1626204|203903,202683|203460|203506|203530,,,1610612747.0,21600211,False
2,PT08M00.00S,08:00,Q2 08:00,32.0,161,substitution,SUB in: R. Westbrook,[],Westbrook,0,0,,False,False,201566.0,,substitution,substitution,,,,101150|1626204|201566|202683|203460|203506|203530|203903,201566|202683|203460|203506|203530,101150|1626204|203903,,,1610612760.0,21600211,False
2,PT08M00.00S,08:00,Q2 08:00,32.0,162,substitution,SUB in: N. Young,[],Young,0,0,,False,False,201156.0,,substitution,substitution,,,,101150|1626204|201156|201566|202683|203460|203506|203530|203903,101150|1626204|201156|203903,201566|202683|203460|203506|203530,,,1610612747.0,21600211,False
2,PT08M00.00S,08:00,Q2 08:00,32.0,163,substitution,SUB in: T. Mozgov,[],Mozgov,0,0,,False,False,202389.0,,substitution,2pt made,,,,101150|1626204|201156|201566|202389|202683|203460|203506|203530|203903,101150|1626204|201156|202389|203903,201566|202683|203460|203506|203530,,,1610612747.0,21600211,True
2,PT07M48.00S,07:48,Q2 07:48,31.8,161,2pt,Lauvergne 6' Floating Jump Shot (2 PTS) (Westbrook 3 AST),['pointsinthepaint'],Lauvergne,33,26,Made,True,True,203530.0,201566.0,substitution,2pt missed,,,,101150|1626204|201156|201566|202389|202683|203460|203506|203530|203903,201566|202683|203460|203506|203530,101150|1626204|201156|202389|203903,27.0,55.0,1610612760.0,21600211,True
2,PT07M25.00S,07:25,Q2 07:25,31.416666666666668,163,2pt,MISS Mozgov 8' Turnaround Jump Shot,['pointsinthepaint'],Mozgov,0,0,Missed,True,False,202389.0,,2pt made,rebound,,,,101150|1626204|201156|201566|202389|202683|203460|203506|203530|203903,101150|1626204|201156|202389|203903,201566|202683|203460|203506|203530,-80.0,18.0,1610612747.0,21600211,True
2,PT07M23.00S,07:23,Q2 07:23,31.383333333333333,164,rebound,Roberson REBOUND (Off:1 Def:1),[],Roberson,0,0,,False,False,203460.0,,2pt missed,turnover,,,,101150|1626204|201156|201566|202389|202683|203460|203506|203530|203903,201566|202683|203460|203506|203530,101150|1626204|201156|202389|203903,,,1610612760.0,21600211,True
2,PT07M15.00S,07:15,Q2 07:15,31.25,165,turnover,Thunder Turnover: Backcourt (T#7),[],,0,0,,False,False,1610612760.0,,rebound,substitution,,,,101150|1626204|201156|201566|202389|202683|203460|203506|203530|203903,101150|1626204|201156|202389|203903,201566|202683|203460|203506|203530,,,0.0,21600211,True
2,PT07M15.00S,07:15,Q2 07:15,31.25,166,substitution,SUB out: E. Freedom,[],Freedom,0,0,,False,False,202683.0,,turnover,substitution,,,,101150|1626204|201156|201566|202389|203460|203506|203530|203903,201566|203460|203506|203530,101150|1626204|201156|202389|203903,,,1610612760.0,21600211,False
2,PT07M15.00S,07:15,Q2 07:15,31.25,167,substitution,SUB in: S. Adams,[],Adams,0,0,,False,False,203500.0,,substitution,2pt made,,,,101150|1626204|201156|201566|202389|203460|203500|203506|203530|203903,201566|203460|203500|203506|203530,101150|1626204|201156|202389|203903,,,1610612760.0,21600211,True
2,PT06M58.00S,06:58,Q2 06:58,30.96666666666667,167,2pt,Mozgov 6' Hook Shot (6 PTS) (Williams 1 AST),['pointsinthepaint'],Mozgov,35,26,Made,True,True,202389.0,101150.0,substitution,2pt made,,,,101150|1626204|201156|201566|202389|203460|203500|203506|203530|203903,101150|1626204|201156|202389|203903,201566|203460|203500|203506|203530,31.0,47.0,1610612747.0,21600211,True
2,PT06M46.00S,06:46,Q2 06:46,30.766666666666666,168,2pt,Adams 8' Hook Bank Shot (4 PTS) (Westbrook 4 AST),['pointsinthepaint'],Adams,35,28,Made,True,True,203500.0,201566.0,2pt made,2pt made,,,,101150|1626204|201156|201566|202389|203460|203500|203506|203530|203903,201566|203460|203500|203506|203530,101150|1626204|201156|202389|203903,80.0,26.0,1610612760.0,21600211,True
2,PT06M24.00S,06:24,Q2 06:24,30.4,169,2pt,Clarkson 4' Finger Roll Layup (6 PTS),['pointsinthepaint'],Clarkson,37,28,Made,True,False,203903.0,,2pt made,2pt made,,,,101150|1626204|201156|201566|202389|203460|203500|203506|203530|203903,101150|1626204|201156|202389|203903,201566|203460|203500|203506|203530,-23.0,31.0,1610612747.0,21600211,True
2,PT06M08.00S,06:08,Q2 06:08,30.133333333333333,170,2pt,Oladipo 1' Reverse Layup (6 PTS) (Westbrook 5 AST),['pointsinthepaint'],Oladipo,37,30,Made,True,True,203506.0,201566.0,2pt made,turnover,,,,101150|1626204|201156|201566|202389|203460|203500|203506|203530|203903,201566|203460|203500|203506|203530,101150|1626204|201156|202389|203903,0.0,6.0,1610612760.0,21600211,True
2,PT05M55.00S,05:55,Q2 05:55,29.916666666666668,171,turnover,Clarkson Bad Pass Turnover (P1.T8),[],Clarkson,0,0,,False,False,203903.0,,2pt made,steal,,,,101150|1626204|201156|201566|202389|203460|203500|203506|203530|203903,101150|1626204|201156|202389|203903,201566|203460|203500|203506|203530,,,1610612747.0,21600211,True
2,PT05M55.00S,05:55,Q2 05:55,29.916666666666668,171,steal,Roberson STEAL (1 STL),[],Roberson,0,0,,False,False,203460.0,,turnover,2pt made,,203460.0,,101150|1626204|201156|201566|202389|203460|203500|203506|203530|203903,201566|203460|203500|203506|203530,101150|1626204|201156|202389|203903,,,1610612760.0,21600211,True
2,PT05M47.00S,05:47,Q2 05:47,29.78333333333333,172,2pt,Lauvergne 8' Hook Shot (4 PTS) (Westbrook 6 AST),['pointsinthepaint'],Lauvergne,37,32,Made,True,True,203530.0,201566.0,steal,timeout,,,,101150|1626204|201156|201566|202389|203460|203500|203506|203530|203903,201566|203460|203500|203506|203530,101150|1626204|201156|202389|203903,76.0,21.0,1610612760.0,21600211,True
2,PT05M47.00S,05:47,Q2 05:47,29.78333333333333,173,timeout,LAKERS Timeout: Short (Full 2 Short 1),[],,0,0,,False,False,0.0,,2pt made,substitution,,,,101150|1626204|201156|201566|202389|203460|203500|203506|203530|203903,101150|1626204|201156|202389|203903,201566|203460|203500|203506|203530,,,1610612747.0,21600211,True
2,PT05M47.00S,05:47,Q2 05:47,29.78333333333333,174,substitution,SUB out: J. Clarkson,[],Clarkson,0,0,,False,False,203903.0,,timeout,substitution,,,,101150|1626204|201156|201566|202389|203460|203500|203506|203530,101150|1626204|201156|202389,201566|203460|203500|203506|203530,,,1610612747.0,21600211,False
2,PT05M47.00S,05:47,Q2 05:47,29.78333333333333,175,substitution,SUB out: L. Nance Jr.,[],Nance Jr.,0,0,,False,False,1626204.0,,substitution,substitution,,,,101150|201156|201566|202389|203460|203500|203506|203530,101150|201156|202389,201566|203460|203500|203506|203530,,,1610612747.0,21600211,False
2,PT05M47.00S,05:47,Q2 05:47,29.78333333333333,176,substitution,SUB out: L. Williams,[],Williams,0,0,,False,False,101150.0,,substitution,substitution,,,,201156|201566|202389|203460|203500|203506|203530,201156|202389,201566|203460|203500|203506|203530,,,1610612747.0,21600211,False
2,PT05M47.00S,05:47,Q2 05:47,29.78333333333333,177,substitution,SUB out: V. Oladipo,[],Oladipo,0,0,,False,False,203506.0,,substitution,substitution,,,,201156|201566|202389|203460|203500|203530,201566|203460|203500|203530,201156|202389,,,1610612760.0,21600211,False
2,PT05M47.00S,05:47,Q2 05:47,29.78333333333333,178,substitution,SUB in: J. Calderon,[],Calderon,0,0,,False,False,101181.0,,substitution,substitution,,,,101181|201156|201566|202389|203460|203500|203530,101181|201156|202389,201566|203460|203500|203530,,,1610612747.0,21600211,False
2,PT05M47.00S,05:47,Q2 05:47,29.78333333333333,179,substitution,SUB in: L. Deng,[],Deng,0,0,,False,False,2736.0,,substitution,substitution,,,,101181|201156|201566|202389|203460|203500|203530|2736,101181|201156|202389|2736,201566|203460|203500|203530,,,1610612747.0,21600211,False
2,PT05M47.00S,05:47,Q2 05:47,29.78333333333333,180,substitution,SUB in: J. Randle,[],Randle,0,0,,False,False,203944.0,,substitution,substitution,,,,101181|201156|201566|202389|203460|203500|203530|203944|2736,101181|201156|202389|203944|2736,201566|203460|203500|203530,,,1610612747.0,21600211,False
2,PT05M47.00S,05:47,Q2 05:47,29.78333333333333,181,substitution,SUB in: J. Grant,[],Grant,0,0,,False,False,203924.0,,substitution,2pt missed,,,,101181|201156|201566|202389|203460|203500|203530|203924|203944|2736,201566|203460|203500|203530|203924,101181|201156|202389|203944|2736,,,1610612760.0,21600211,True
2,PT05M33.00S,05:33,Q2 05:33,29.55,178,2pt,MISS Young 19' Pullup Jump Shot,[],Young,0,0,Missed,True,False,201156.0,,substitution,rebound,,,,101181|201156|201566|202389|203460|203500|203530|203924|203944|2736,101181|201156|202389|203944|2736,201566|203460|203500|203530|203924,-65.0,183.0,1610612747.0,21600211,True
2,PT05M30.00S,05:30,Q2 05:30,29.5,179,rebound,Lauvergne REBOUND (Off:0 Def:2),[],Lauvergne,0,0,,False,False,203530.0,,2pt missed,turnover,,,,101181|201156|201566|202389|203460|203500|203530|203924|203944|2736,201566|203460|203500|203530|203924,101181|201156|202389|203944|2736,,,1610612760.0,21600211,True
2,PT05M27.00S,05:27,Q2 05:27,29.45,180,turnover,Westbrook Out of Bounds Lost Ball Turnover (P2.T8),[],Westbrook,0,0,,False,False,201566.0,,rebound,2pt made,,,,101181|201156|201566|202389|203460|203500|203530|203924|203944|2736,201566|203460|203500|203530|203924,101181|201156|202389|203944|2736,,,1610612760.0,21600211,True
2,PT05M10.00S,05:10,Q2 05:10,29.166666666666668,182,2pt,Deng 21' Pullup Jump Shot (6 PTS) (Randle 3 AST),[],Deng,39,32,Made,True,True,2736.0,203944.0,turnover,3pt missed,,,,101181|201156|201566|202389|203460|203500|203530|203924|203944|2736,101181|201156|202389|203944|2736,201566|203460|203500|203530|203924,178.0,114.0,1610612747.0,21600211,True
2,PT04M50.00S,04:50,Q2 04:50,28.833333333333332,183,3pt,MISS Lauvergne 25' 3PT Jump Shot,[],Lauvergne,0,0,Missed,True,False,203530.0,,2pt made,rebound,,,,101181|201156|201566|202389|203460|203500|203530|203924|203944|2736,201566|203460|203500|203530|203924,101181|201156|202389|203944|2736,-134.0,207.0,1610612760.0,21600211,True
2,PT04M49.00S,04:49,Q2 04:49,28.816666666666666,184,rebound,Calderon REBOUND (Off:0 Def:3),[],Calderon,0,0,,False,False,101181.0,,3pt missed,2pt missed,,,,101181|201156|201566|202389|203460|203500|203530|203924|203944|2736,101181|201156|202389|203944|2736,201566|203460|203500|203530|203924,,,1610612747.0,21600211,True
2,PT04M42.00S,04:42,Q2 04:42,28.7,185,2pt,MISS Randle 15' Fadeaway Jumper,[],Randle,0,0,Missed,True,False,203944.0,,rebound,rebound,,,,101181|201156|201566|202389|203460|203500|203530|203924|203944|2736,101181|201156|202389|203944|2736,201566|203460|203500|203530|203924,130.0,70.0,1610612747.0,21600211,True
2,PT04M39.00S,04:39,Q2 04:39,28.65,186,rebound,Lauvergne REBOUND (Off:0 Def:3),[],Lauvergne,0,0,,False,False,203530.0,,2pt missed,foul,,,,101181|201156|201566|202389|203460|203500|203530|203924|203944|2736,201566|203460|203500|203530|203924,101181|201156|202389|203944|2736,,,1610612760.0,21600211,True
2,PT04M38.00S,04:38,Q2 04:38,28.633333333333333,187,foul,Calderon Shooting Block Foul (P1.T2) (S.Twardoski),[],Calderon,0,0,,False,False,101181.0,,rebound,freethrow,203460.0,,,101181|201156|201566|202389|203460|203500|203530|203924|203944|2736,101181|201156|202389|203944|2736,201566|203460|203500|203530|203924,,,1610612747.0,21600211,True
2,PT04M38.00S,04:38,Q2 04:38,28.633333333333333,188,freethrow,MISS Roberson Free Throw 1 of 2,[],Roberson,0,0,Missed,False,False,203460.0,,foul,rebound,,,,101181|201156|201566|202389|203460|203500|203530|203924|203944|2736,201566|203460|203500|203530|203924,101181|201156|202389|203944|2736,,,1610612760.0,21600211,True
2,PT04M38.00S,04:38,Q2 04:38,28.633333333333333,189,rebound,TEAM offensive REBOUND,['team'],,0,0,,False,False,0.0,,freethrow,freethrow,,,,101181|201156|201566|202389|203460|203500|203530|203924|203944|2736,201566|203460|203500|203530|203924,101181|201156|202389|203944|2736,,,1610612760.0,21600211,True
2,PT04M38.00S,04:38,Q2 04:38,28.633333333333333,191,freethrow,MISS Roberson Free Throw 2 of 2,[],Roberson,0,0,Missed,False,False,203460.0,,rebound,substitution,,,,101181|201156|201566|202389|203460|203500|203530|203924|203944|2736,201566|203460|203500|203530|203924,101181|201156|202389|203944|2736,,,1610612760.0,21600211,True
2,PT04M38.00S,04:38,Q2 04:38,28.633333333333333,190,substitution,SUB out: J. Lauvergne,[],Lauvergne,0,0,,False,False,203530.0,,freethrow,substitution,,,,101181|201156|201566|202389|203460|203500|203924|203944|2736,201566|203460|203500|203924,101181|201156|202389|203944|2736,,,1610612760.0,21600211,False
2,PT04M38.00S,04:38,Q2 04:38,28.633333333333333,191,substitution,SUB in: D. Sabonis,[],Sabonis,0,0,,False,False,1627734.0,,substitution,rebound,,,,101181|1627734|201156|201566|202389|203460|203500|203924|203944|2736,1627734|201566|203460|203500|203924,101181|201156|202389|203944|2736,,,1610612760.0,21600211,True
2,PT04M36.00S,04:36,Q2 04:36,28.6,193,rebound,Deng REBOUND (Off:0 Def:1),[],Deng,0,0,,False,False,2736.0,,substitution,turnover,,,,101181|1627734|201156|201566|202389|203460|203500|203924|203944|2736,101181|201156|202389|203944|2736,1627734|201566|203460|203500|203924,,,1610612747.0,21600211,True
2,PT04M23.00S,04:23,Q2 04:23,28.383333333333333,194,turnover,Randle Bad Pass Turnover (P3.T9),[],Randle,0,0,,False,False,203944.0,,rebound,steal,,,,101181|1627734|201156|201566|202389|203460|203500|203924|203944|2736,101181|201156|202389|203944|2736,1627734|201566|203460|203500|203924,,,1610612747.0,21600211,True
2,PT04M23.00S,04:23,Q2 04:23,28.383333333333333,194,steal,Grant STEAL (1 STL),[],Grant,0,0,,False,False,203924.0,,turnover,2pt missed,,203924.0,,101181|1627734|201156|201566|202389|203460|203500|203924|203944|2736,1627734|201566|203460|203500|203924,101181|201156|202389|203944|2736,,,1610612760.0,21600211,True
2,PT04M18.00S,04:18,Q2 04:18,28.3,195,2pt,MISS Westbrook 20' Pullup Jump Shot,[],Westbrook,0,0,Missed,True,False,201566.0,,steal,rebound,,,,101181|1627734|201156|201566|202389|203460|203500|203924|203944|2736,1627734|201566|203460|203500|203924,101181|201156|202389|203944|2736,-144.0,138.0,1610612760.0,21600211,True
2,PT04M13.00S,04:13,Q2 04:13,28.21666666666667,196,rebound,Young REBOUND (Off:0 Def:1),[],Young,0,0,,False,False,201156.0,,2pt missed,2pt made,,,,101181|1627734|201156|201566|202389|203460|203500|203924|203944|2736,101181|201156|202389|203944|2736,1627734|201566|203460|203500|203924,,,1610612747.0,21600211,True
2,PT04M10.00S,04:10,Q2 04:10,28.166666666666668,197,2pt,Young 7' Floating Jump Shot (9 PTS),['pointsinthepaint'],Young,41,32,Made,True,False,201156.0,,rebound,2pt made,,,,101181|1627734|201156|201566|202389|203460|203500|203924|203944|2736,101181|201156|202389|203944|2736,1627734|201566|203460|203500|203924,5.0,72.0,1610612747.0,21600211,True
2,PT04M01.00S,04:01,Q2 04:01,28.016666666666666,198,2pt,Adams 2' Cutting Finger Roll Layup Shot (6 PTS) (Westbrook 7 AST),['pointsinthepaint'],Adams,41,34,Made,True,True,203500.0,201566.0,2pt made,foul,,,,101181|1627734|201156|201566|202389|203460|203500|203924|203944|2736,1627734|201566|203460|203500|203924,101181|201156|202389|203944|2736,-11.0,11.0,1610612760.0,21600211,True
2,PT04M01.00S,04:01,Q2 04:01,28.016666666666666,199,foul,Randle S.FOUL (P1.T3) (M.Lindsay),[],Randle,0,0,,False,False,203944.0,,2pt made,freethrow,203500.0,,,101181|1627734|201156|201566|202389|203460|203500|203924|203944|2736,101181|201156|202389|203944|2736,1627734|201566|203460|203500|203924,,,1610612747.0,21600211,True
2,PT04M01.00S,04:01,Q2 04:01,28.016666666666666,201,freethrow,Adams Free Throw 1 of 1 (7 PTS),[],Adams,41,35,Made,False,False,203500.0,,foul,substitution,,,,101181|1627734|201156|201566|202389|203460|203500|203924|203944|2736,1627734|201566|203460|203500|203924,101181|201156|202389|203944|2736,,,1610612760.0,21600211,True
2,PT04M01.00S,04:01,Q2 04:01,28.016666666666666,200,substitution,SUB out: A. Roberson,[],Roberson,0,0,,False,False,203460.0,,freethrow,substitution,,,,101181|1627734|201156|201566|202389|203500|203924|203944|2736,1627734|201566|203500|203924,101181|201156|202389|203944|2736,,,1610612760.0,21600211,False
2,PT04M01.00S,04:01,Q2 04:01,28.016666666666666,201,substitution,SUB in: V. Oladipo,[],Oladipo,0,0,,False,False,203506.0,,substitution,3pt missed,,,,101181|1627734|201156|201566|202389|203500|203506|203924|203944|2736,1627734|201566|203500|203506|203924,101181|201156|202389|203944|2736,,,1610612760.0,21600211,True
2,PT03M39.00S,03:39,Q2 03:39,27.65,204,3pt,MISS Deng  3PT Jump Shot,[],Deng,0,0,Missed,True,False,2736.0,,substitution,rebound,,,,101181|1627734|201156|201566|202389|203500|203506|203924|203944|2736,101181|201156|202389|203944|2736,1627734|201566|203500|203506|203924,228.0,31.0,1610612747.0,21600211,True
2,PT03M37.00S,03:37,Q2 03:37,27.616666666666667,205,rebound,Oladipo REBOUND (Off:0 Def:3),[],Oladipo,0,0,,False,False,203506.0,,3pt missed,foul,,,,101181|1627734|201156|201566|202389|203500|203506|203924|203944|2736,1627734|201566|203500|203506|203924,101181|201156|202389|203944|2736,,,1610612760.0,21600211,True
2,PT03M30.00S,03:30,Q2 03:30,27.5,206,foul,Calderon P.FOUL (P2.T4) (S.Twardoski),[],Calderon,0,0,,False,False,101181.0,,rebound,2pt missed,203506.0,,,101181|1627734|201156|201566|202389|203500|203506|203924|203944|2736,101181|201156|202389|203944|2736,1627734|201566|203500|203506|203924,,,1610612747.0,21600211,True
2,PT03M19.00S,03:19,Q2 03:19,27.316666666666666,207,2pt,MISS Oladipo 19' Pullup Jump Shot,[],Oladipo,0,0,Missed,True,False,203506.0,,foul,rebound,,,,101181|1627734|201156|201566|202389|203500|203506|203924|203944|2736,1627734|201566|203500|203506|203924,101181|201156|202389|203944|2736,-95.0,163.0,1610612760.0,21600211,True
2,PT03M15.00S,03:15,Q2 03:15,27.25,208,rebound,Randle REBOUND (Off:0 Def:5),[],Randle,0,0,,False,False,203944.0,,2pt missed,2pt missed,,,,101181|1627734|201156|201566|202389|203500|203506|203924|203944|2736,101181|201156|202389|203944|2736,1627734|201566|203500|203506|203924,,,1610612747.0,21600211,True
2,PT03M10.00S,03:10,Q2 03:10,27.166666666666668,209,2pt,MISS Young 17' Pullup Jump Shot,[],Young,0,0,Missed,True,False,201156.0,,rebound,rebound,,,,101181|1627734|201156|201566|202389|203500|203506|203924|203944|2736,101181|201156|202389|203944|2736,1627734|201566|203500|203506|203924,-103.0,140.0,1610612747.0,21600211,True
2,PT03M08.00S,03:08,Q2 03:08,27.133333333333333,210,rebound,Oladipo REBOUND (Off:0 Def:4),[],Oladipo,0,0,,False,False,203506.0,,2pt missed,2pt made,,,,101181|1627734|201156|201566|202389|203500|203506|203924|203944|2736,1627734|201566|203500|203506|203924,101181|201156|202389|203944|2736,,,1610612760.0,21600211,True
2,PT03M02.00S,03:02,Q2 03:02,27.03333333333333,211,2pt,Westbrook 1' Running Finger Roll Layup (6 PTS),['pointsinthepaint'],Westbrook,41,37,Made,True,False,201566.0,,rebound,2pt missed,,,,101181|1627734|201156|201566|202389|203500|203506|203924|203944|2736,1627734|201566|203500|203506|203924,101181|201156|202389|203944|2736,-13.0,1.0,1610612760.0,21600211,True
2,PT02M54.00S,02:54,Q2 02:54,26.9,212,2pt,MISS Mozgov 1' Dunk,['pointsinthepaint'],Mozgov,0,0,Missed,True,False,202389.0,,2pt made,block,,,,101181|1627734|201156|201566|202389|203500|203506|203924|203944|2736,101181|201156|202389|203944|2736,1627734|201566|203500|203506|203924,-10.0,6.0,1610612747.0,21600211,True
2,PT02M54.00S,02:54,Q2 02:54,26.9,212,block,Adams BLOCK (1 BLK),[],Adams,0,0,,False,False,203500.0,,2pt missed,rebound,,,203500.0,101181|1627734|201156|201566|202389|203500|203506|203924|203944|2736,1627734|201566|203500|203506|203924,101181|201156|202389|203944|2736,,,1610612760.0,21600211,True
2,PT02M50.00S,02:50,Q2 02:50,26.833333333333332,213,rebound,Grant REBOUND (Off:0 Def:2),[],Grant,0,0,,False,False,203924.0,,block,2pt missed,,,,101181|1627734|201156|201566|202389|203500|203506|203924|203944|2736,1627734|201566|203500|203506|203924,101181|201156|202389|203944|2736,,,1610612760.0,21600211,True
2,PT02M48.00S,02:48,Q2 02:48,26.8,214,2pt,MISS Westbrook 1' Layup,['pointsinthepaint'],Westbrook,0,0,Missed,True,False,201566.0,,rebound,block,,,,101181|1627734|201156|201566|202389|203500|203506|203924|203944|2736,1627734|201566|203500|203506|203924,101181|201156|202389|203944|2736,0.0,6.0,1610612760.0,21600211,True
2,PT02M48.00S,02:48,Q2 02:48,26.8,214,block,Young BLOCK (2 BLK),[],Young,0,0,,False,False,201156.0,,2pt missed,rebound,,,201156.0,101181|1627734|201156|201566|202389|203500|203506|203924|203944|2736,101181|201156|202389|203944|2736,1627734|201566|203500|203506|203924,,,1610612747.0,21600211,True
2,PT02M48.00S,02:48,Q2 02:48,26.8,215,rebound,Deng REBOUND (Off:0 Def:2),[],Deng,0,0,,False,False,2736.0,,block,foul,,,,101181|1627734|201156|201566|202389|203500|203506|203924|203944|2736,101181|201156|202389|203944|2736,1627734|201566|203500|203506|203924,,,1610612747.0,21600211,True
2,PT02M48.00S,02:48,Q2 02:48,26.8,216,foul,Westbrook FLAGRANT.FOUL.TYPE1 (P1.T1) (M.Lindsay),[],Westbrook,0,0,,False,False,201566.0,,rebound,timeout,2736.0,,,101181|1627734|201156|201566|202389|203500|203506|203924|203944|2736,1627734|201566|203500|203506|203924,101181|201156|202389|203944|2736,,,1610612760.0,21600211,True
2,PT02M48.00S,02:48,Q2 02:48,26.8,217,timeout,Timeout: Official,[],,0,0,,False,False,0.0,,foul,instant replay,,,,101181|1627734|201156|201566|202389|203500|203506|203924|203944|2736,101181|201156|202389|203944|2736,1627734|201566|203500|203506|203924,,,0.0,21600211,True
2,PT02M48.00S,02:48,Q2 02:48,26.8,219,freethrow,MISS Deng Free Throw Flagrant 1 of 2,[],Deng,0,0,Missed,False,False,2736.0,,instant replay,freethrow,,,,101181|1627734|201156|201566|202389|203500|203506|203924|203944|2736,101181|201156|202389|203944|2736,1627734|201566|203500|203506|203924,,,1610612747.0,21600211,True
2,PT02M48.00S,02:48,Q2 02:48,26.8,222,freethrow,MISS Deng Free Throw Flagrant 2 of 2,['2ndchance'],Deng,0,0,Missed,False,False,2736.0,,freethrow,rebound,,,,101181|1627734|201156|201566|202389|203500|203506|203924|203944|2736,101181|201156|202389|203944|2736,1627734|201566|203500|203506|203924,,,1610612747.0,21600211,True
2,PT02M48.00S,02:48,Q2 02:48,26.8,224,rebound,TEAM offensive REBOUND,['team'],,0,0,,False,False,0.0,,freethrow,rebound,,,,101181|1627734|201156|201566|202389|203500|203506|203924|203944|2736,101181|201156|202389|203944|2736,1627734|201566|203500|203506|203924,,,1610612747.0,21600211,True
2,PT02M40.00S,02:40,Q2 02:40,26.666666666666668,225,rebound,TEAM offensive REBOUND,['team'],,0,0,,False,False,0.0,,rebound,2pt missed,,,,101181|1627734|201156|201566|202389|203500|203506|203924|203944|2736,101181|201156|202389|203944|2736,1627734|201566|203500|203506|203924,,,1610612747.0,21600211,True
2,PT02M34.00S,02:34,Q2 02:34,26.566666666666666,227,2pt,MISS Deng  Layup,"['2ndchance', 'pointsinthepaint']",Deng,0,0,Missed,True,False,2736.0,,rebound,2pt made,,,,101181|1627734|201156|201566|202389|203500|203506|203924|203944|2736,101181|201156|202389|203944|2736,1627734|201566|203500|203506|203924,3.0,3.0,1610612747.0,21600211,True
2,PT02M31.00S,02:31,Q2 02:31,26.516666666666666,228,2pt,Mozgov 1' Tip Layup Shot (8 PTS),['pointsinthepaint'],Mozgov,43,37,Made,True,False,202389.0,,2pt missed,rebound,,,,101181|1627734|201156|201566|202389|203500|203506|203924|203944|2736,101181|201156|202389|203944|2736,1627734|201566|203500|203506|203924,-5.0,6.0,1610612747.0,21600211,True
2,PT02M31.00S,02:31,Q2 02:31,26.516666666666666,229,rebound,Mozgov REBOUND (Off:1 Def:1),[],Mozgov,0,0,,False,False,202389.0,,2pt made,2pt made,,,,101181|1627734|201156|201566|202389|203500|203506|203924|203944|2736,101181|201156|202389|203944|2736,1627734|201566|203500|203506|203924,,,1610612747.0,21600211,True
2,PT02M15.00S,02:15,Q2 02:15,26.25,231,2pt,Westbrook 15' Pullup Jump Shot (8 PTS) (Oladipo 2 AST),[],Westbrook,43,39,Made,True,True,201566.0,203506.0,rebound,3pt made,,,,101181|1627734|201156|201566|202389|203500|203506|203924|203944|2736,1627734|201566|203500|203506|203924,101181|201156|202389|203944|2736,88.0,116.0,1610612760.0,21600211,True
2,PT01M58.00S,01:58,Q2 01:58,25.96666666666667,233,3pt,Calderon 24' 3PT Jump Shot (6 PTS) (Young 1 AST),[],Calderon,46,39,Made,True,True,101181.0,201156.0,2pt made,3pt made,,,,101181|1627734|201156|201566|202389|203500|203506|203924|203944|2736,101181|201156|202389|203944|2736,1627734|201566|203500|203506|203924,235.0,16.0,1610612747.0,21600211,True
2,PT01M42.00S,01:42,Q2 01:42,25.7,234,3pt,Grant  3PT Jump Shot (9 PTS) (Sabonis 1 AST),[],Grant,46,42,Made,True,True,203924.0,1627734.0,3pt made,turnover,,,,101181|1627734|201156|201566|202389|203500|203506|203924|203944|2736,1627734|201566|203500|203506|203924,101181|201156|202389|203944|2736,233.0,13.0,1610612760.0,21600211,True
2,PT01M30.00S,01:30,Q2 01:30,25.5,235,turnover,Randle Bad Pass Turnover (P4.T10),[],Randle,0,0,,False,False,203944.0,,3pt made,steal,,,,101181|1627734|201156|201566|202389|203500|203506|203924|203944|2736,101181|201156|202389|203944|2736,1627734|201566|203500|203506|203924,,,1610612747.0,21600211,True
2,PT01M30.00S,01:30,Q2 01:30,25.5,235,steal,Adams STEAL (1 STL),[],Adams,0,0,,False,False,203500.0,,turnover,foul,,203500.0,,101181|1627734|201156|201566|202389|203500|203506|203924|203944|2736,1627734|201566|203500|203506|203924,101181|201156|202389|203944|2736,,,1610612760.0,21600211,True
2,PT01M28.00S,01:28,Q2 01:28,25.46666666666667,236,foul,Calderon P.FOUL (P3.PN) (M.Lindsay),[],Calderon,0,0,,False,False,101181.0,,steal,3pt made,1627734.0,,,101181|1627734|201156|201566|202389|203500|203506|203924|203944|2736,101181|201156|202389|203944|2736,1627734|201566|203500|203506|203924,,,1610612747.0,21600211,True
2,PT01M18.00S,01:18,Q2 01:18,25.3,237,3pt,Sabonis 24' 3PT Jump Shot (3 PTS) (Westbrook 8 AST),[],Sabonis,46,45,Made,True,True,1627734.0,201566.0,foul,turnover,,,,101181|1627734|201156|201566|202389|203500|203506|203924|203944|2736,1627734|201566|203500|203506|203924,101181|201156|202389|203944|2736,156.0,187.0,1610612760.0,21600211,True
2,PT00M55.00S,00:55,Q2 00:55,24.916666666666668,241,turnover,Young Step Out of Bounds Turnover (P2.T11),[],Young,0,0,,False,False,201156.0,,3pt made,3pt missed,,,,101181|1627734|201156|201566|202389|203500|203506|203924|203944|2736,101181|201156|202389|203944|2736,1627734|201566|203500|203506|203924,,,1610612747.0,21600211,True
2,PT00M32.50S,00:32,Q2 00:32,24.541666666666668,242,3pt,MISS Grant 26' 3PT Jump Shot,[],Grant,0,0,Missed,True,False,203924.0,,turnover,rebound,,,,101181|1627734|201156|201566|202389|203500|203506|203924|203944|2736,1627734|201566|203500|203506|203924,101181|201156|202389|203944|2736,-222.0,143.0,1610612760.0,21600211,True
2,PT00M31.70S,00:31,Q2 00:31,24.528333333333332,243,rebound,TEAM defensive REBOUND,['team'],,0,0,,False,False,0.0,,3pt missed,3pt missed,,,,101181|1627734|201156|201566|202389|203500|203506|203924|203944|2736,101181|201156|202389|203944|2736,1627734|201566|203500|203506|203924,,,1610612747.0,21600211,True
2,PT00M15.90S,00:15,Q2 00:15,24.265,245,3pt,MISS Calderon 25' 3PT Jump Shot,[],Calderon,0,0,Missed,True,False,101181.0,,rebound,rebound,,,,101181|1627734|201156|201566|202389|203500|203506|203924|203944|2736,101181|201156|202389|203944|2736,1627734|201566|203500|203506|203924,-122.0,223.0,1610612747.0,21600211,True
2,PT00M14.70S,00:14,Q2 00:14,24.245,246,rebound,Sabonis REBOUND (Off:0 Def:3),[],Sabonis,0,0,,False,False,1627734.0,,3pt missed,timeout,,,,101181|1627734|201156|201566|202389|203500|203506|203924|203944|2736,1627734|201566|203500|203506|203924,101181|201156|202389|203944|2736,,,1610612760.0,21600211,True
2,PT00M08.70S,00:08,Q2 00:08,24.145,247,timeout,Thunder Timeout: Short (Reg.2 Short 1),[],,0,0,,False,False,0.0,,rebound,substitution,,,,101181|1627734|201156|201566|202389|203500|203506|203924|203944|2736,1627734|201566|203500|203506|203924,101181|201156|202389|203944|2736,,,1610612760.0,21600211,True
2,PT00M08.70S,00:08,Q2 00:08,24.145,249,substitution,SUB out: T. Mozgov,[],Mozgov,0,0,,False,False,202389.0,,timeout,substitution,,,,101181|1627734|201156|201566|203500|203506|203924|203944|2736,101181|201156|203944|2736,1627734|201566|203500|203506|203924,,,1610612747.0,21600211,False
2,PT00M08.70S,00:08,Q2 00:08,24.145,250,substitution,SUB out: J. Calderon,[],Calderon,0,0,,False,False,101181.0,,substitution,substitution,,,,1627734|201156|201566|203500|203506|203924|203944|2736,201156|203944|2736,1627734|201566|203500|203506|203924,,,1610612747.0,21600211,False
2,PT00M08.70S,00:08,Q2 00:08,24.145,251,substitution,SUB out: J. Grant,[],Grant,0,0,,False,False,203924.0,,substitution,substitution,,,,1627734|201156|201566|203500|203506|203944|2736,1627734|201566|203500|203506,201156|203944|2736,,,1610612760.0,21600211,False
2,PT00M08.70S,00:08,Q2 00:08,24.145,252,substitution,SUB in: J. Clarkson,[],Clarkson,0,0,,False,False,203903.0,,substitution,substitution,,,,1627734|201156|201566|203500|203506|203903|203944|2736,201156|203903|203944|2736,1627734|201566|203500|203506,,,1610612747.0,21600211,False
2,PT00M08.70S,00:08,Q2 00:08,24.145,253,substitution,SUB in: T. Black,[],Black,0,0,,False,False,204028.0,,substitution,substitution,,,,1627734|201156|201566|203500|203506|203903|203944|204028|2736,201156|203903|203944|204028|2736,1627734|201566|203500|203506,,,1610612747.0,21600211,False
2,PT00M08.70S,00:08,Q2 00:08,24.145,254,substitution,SUB in: A. Abrines,[],Abrines,0,0,,False,False,203518.0,,substitution,2pt made,,,,1627734|201156|201566|203500|203506|203518|203903|203944|204028|2736,1627734|201566|203500|203506|203518,201156|203903|203944|204028|2736,,,1610612760.0,21600211,True
2,PT00M06.30S,00:06,Q2 00:06,24.105,252,2pt,Westbrook 1' Cutting Layup Shot (10 PTS) (Adams 1 AST),['pointsinthepaint'],Westbrook,46,47,Made,True,True,201566.0,203500.0,substitution,foul,,,,1627734|201156|201566|203500|203506|203518|203903|203944|204028|2736,1627734|201566|203500|203506|203518,201156|203903|203944|204028|2736,-2.0,11.0,1610612760.0,21600211,True
2,PT00M06.30S,00:06,Q2 00:06,24.105,253,foul,Deng Shooting Block Foul (P2.PN) (S.Twardoski),['inpenalty'],Deng,0,0,,False,False,2736.0,,2pt made,freethrow,201566.0,,,1627734|201156|201566|203500|203506|203518|203903|203944|204028|2736,201156|203903|203944|204028|2736,1627734|201566|203500|203506|203518,,,1610612747.0,21600211,True
2,PT00M06.30S,00:06,Q2 00:06,24.105,257,freethrow,Westbrook Free Throw 1 of 1 (11 PTS),[],Westbrook,46,48,Made,False,False,201566.0,,foul,substitution,,,,1627734|201156|201566|203500|203506|203518|203903|203944|204028|2736,1627734|201566|203500|203506|203518,201156|203903|203944|204028|2736,,,1610612760.0,21600211,True
2,PT00M06.30S,00:06,Q2 00:06,24.105,254,substitution,SUB out: A. Abrines,[],Abrines,0,0,,False,False,203518.0,,freethrow,substitution,,,,1627734|201156|201566|203500|203506|203903|203944|204028|2736,1627734|201566|203500|203506,201156|203903|203944|204028|2736,,,1610612760.0,21600211,False
2,PT00M06.30S,00:06,Q2 00:06,24.105,255,substitution,SUB out: D. Sabonis,[],Sabonis,0,0,,False,False,1627734.0,,substitution,substitution,,,,201156|201566|203500|203506|203903|203944|204028|2736,201566|203500|203506,201156|203903|203944|204028|2736,,,1610612760.0,21600211,False
2,PT00M06.30S,00:06,Q2 00:06,24.105,256,substitution,SUB out: T. Black,[],Black,0,0,,False,False,204028.0,,substitution,substitution,,,,201156|201566|203500|203506|203903|203944|2736,201156|203903|203944|2736,201566|203500|203506,,,1610612747.0,21600211,False
2,PT00M06.30S,00:06,Q2 00:06,24.105,257,substitution,SUB in: J. Grant,[],Grant,0,0,,False,False,203924.0,,substitution,substitution,,,,201156|201566|203500|203506|203903|203924|203944|2736,201566|203500|203506|203924,201156|203903|203944|2736,,,1610612760.0,21600211,False
2,PT00M06.30S,00:06,Q2 00:06,24.105,258,substitution,SUB in: A. Roberson,[],Roberson,0,0,,False,False,203460.0,,substitution,substitution,,,,201156|201566|203460|203500|203506|203903|203924|203944|2736,201566|203460|203500|203506|203924,201156|203903|203944|2736,,,1610612760.0,21600211,False
2,PT00M06.30S,00:06,Q2 00:06,24.105,259,substitution,SUB in: L. Williams,[],Williams,0,0,,False,False,101150.0,,substitution,3pt made,,,,101150|201156|201566|203460|203500|203506|203903|203924|203944|2736,101150|201156|203903|203944|2736,201566|203460|203500|203506|203924,,,1610612747.0,21600211,True
2,PT00M01.50S,00:01,Q2 00:01,24.025,259,3pt,Young 25' 3PT Running Pull-Up Jump Shot (12 PTS),[],Young,49,48,Made,True,False,201156.0,,substitution,instant replay,,,,101150|201156|201566|203460|203500|203506|203903|203924|203944|2736,101150|201156|203903|203944|2736,201566|203460|203500|203506|203924,98.0,232.0,1610612747.0,21600211,True
2,PT00M00.00S,00:00,Q2 00:00,24.0,261,period,End of 2nd Period (11:37 PM EST),[],,49,48,,False,False,0.0,,instant replay,period,,,,101150|201156|201566|203460|203500|203506|203903|203924|203944|2736,101150|201156|203903|203944|2736,201566|203460|203500|203506|203924,,,1610612747.0,21600211,True
3,PT12M00.00S,12:00,Q3 12:00,24.0,263,period,Start of 3rd Period (11:52 PM EST),[],,49,48,,False,False,0.0,,period,substitution,,,,101150|201156|201566|203460|203500|203506|203903|203924|203944|2736,101150|201156|203903|203944|2736,201566|203460|203500|203506|203924,,,1610612747.0,21600211,True
3,PT11M48.00S,11:48,Q3 11:48,23.8,264,3pt,Roberson  3PT Jump Shot (5 PTS) (Westbrook 9 AST),[],Roberson,49,51,Made,True,True,203460.0,201566.0,substitution,2pt missed,,,,101181|1627734|201156|201566|202389|203460|203500|203506|203924|203944|2736,1627734|201566|203460|203500|203506|203924,101181|201156|202389|203944|2736,228.0,-6.0,1610612760.0,21600211,False
3,PT11M31.00S,11:31,Q3 11:31,23.516666666666666,265,2pt,MISS Randle 7' Hook Shot,['pointsinthepaint'],Randle,0,0,Missed,True,False,203944.0,,3pt made,rebound,,,,101181|1627734|201156|201566|202389|203460|203500|203506|203924|203944|2736,101181|201156|202389|203944|2736,1627734|201566|203460|203500|203506|203924,-69.0,21.0,1610612747.0,21600211,False
3,PT11M28.00S,11:28,Q3 11:28,23.46666666666667,266,rebound,Young REBOUND (Off:1 Def:1),[],Young,0,0,,False,False,201156.0,,2pt missed,2pt made,,,,101181|1627734|201156|201566|202389|203460|203500|203506|203924|203944|2736,101181|201156|202389|203944|2736,1627734|201566|203460|203500|203506|203924,,,1610612747.0,21600211,False
3,PT11M21.00S,11:21,Q3 11:21,23.35,267,2pt,Young 19' Step Back Jump Shot (14 PTS),[],Young,51,51,Made,True,False,201156.0,,rebound,2pt missed,,,,101181|1627734|201156|201566|202389|203460|203500|203506|203924|203944|2736,101181|201156|202389|203944|2736,1627734|201566|203460|203500|203506|203924,42.0,183.0,1610612747.0,21600211,False
3,PT11M09.00S,11:09,Q3 11:09,23.15,268,2pt,MISS Westbrook 12' Jump Shot,['pointsinthepaint'],Westbrook,0,0,Missed,True,False,201566.0,,2pt made,rebound,,,,101181|1627734|201156|201566|202389|203460|203500|203506|203924|203944|2736,1627734|201566|203460|203500|203506|203924,101181|201156|202389|203944|2736,14.0,121.0,1610612760.0,21600211,False
3,PT11M07.00S,11:07,Q3 11:07,23.116666666666667,269,rebound,Westbrook REBOUND (Off:3 Def:1),[],Westbrook,0,0,,False,False,201566.0,,2pt missed,2pt missed,,,,101181|1627734|201156|201566|202389|203460|203500|203506|203924|203944|2736,1627734|201566|203460|203500|203506|203924,101181|201156|202389|203944|2736,,,1610612760.0,21600211,False
3,PT11M04.00S,11:04,Q3 11:04,23.066666666666666,270,2pt,MISS Westbrook 13' Jump Shot,['pointsinthepaint'],Westbrook,0,0,Missed,True,False,201566.0,,rebound,rebound,,,,101181|1627734|201156|201566|202389|203460|203500|203506|203924|203944|2736,1627734|201566|203460|203500|203506|203924,101181|201156|202389|203944|2736,-11.0,129.0,1610612760.0,21600211,False
3,PT11M03.00S,11:03,Q3 11:03,23.05,271,rebound,Deng REBOUND (Off:0 Def:3),[],Deng,0,0,,False,False,2736.0,,2pt missed,2pt made,,,,101181|1627734|201156|201566|202389|203460|203500|203506|203924|203944|2736,101181|201156|202389|203944|2736,1627734|201566|203460|203500|203506|203924,,,1610612747.0,21600211,False
3,PT10M52.00S,10:52,Q3 10:52,22.866666666666667,272,2pt,Deng 1' Driving Finger Roll Layup (8 PTS),['pointsinthepaint'],Deng,53,51,Made,True,False,2736.0,,rebound,turnover,,,,101181|1627734|201156|201566|202389|203460|203500|203506|203924|203944|2736,101181|201156|202389|203944|2736,1627734|201566|203460|203500|203506|203924,-7.0,13.0,1610612747.0,21600211,False
3,PT10M28.00S,10:28,Q3 10:28,22.46666666666667,274,turnover,Westbrook Bad Pass Turnover (P3.T9),[],Westbrook,0,0,,False,False,201566.0,,2pt made,steal,,,,101181|1627734|201156|201566|202389|203460|203500|203506|203924|203944|2736,1627734|201566|203460|203500|203506|203924,101181|201156|202389|203944|2736,,,1610612760.0,21600211,False
3,PT10M28.00S,10:28,Q3 10:28,22.46666666666667,274,steal,Calderon STEAL (2 STL),[],Calderon,0,0,,False,False,101181.0,,turnover,3pt missed,,101181.0,,101181|1627734|201156|201566|202389|203460|203500|203506|203924|203944|2736,101181|201156|202389|203944|2736,1627734|201566|203460|203500|203506|203924,,,1610612747.0,21600211,False
3,PT10M07.00S,10:07,Q3 10:07,22.116666666666667,275,3pt,MISS Young 25' 3PT Jump Shot,[],Young,0,0,Missed,True,False,201156.0,,steal,rebound,,,,101181|1627734|201156|201566|202389|203460|203500|203506|203924|203944|2736,101181|201156|202389|203944|2736,1627734|201566|203460|203500|203506|203924,-225.0,109.0,1610612747.0,21600211,False
3,PT10M06.00S,10:06,Q3 10:06,22.1,276,rebound,Mozgov REBOUND (Off:2 Def:1),[],Mozgov,0,0,,False,False,202389.0,,3pt missed,turnover,,,,101181|1627734|201156|201566|202389|203460|203500|203506|203924|203944|2736,101181|201156|202389|203944|2736,1627734|201566|203460|203500|203506|203924,,,1610612747.0,21600211,False
3,PT09M59.00S,09:59,Q3 09:59,21.983333333333334,277,turnover,Randle Lost Ball Turnover (P5.T12),[],Randle,0,0,,False,False,203944.0,,rebound,steal,,,,101181|1627734|201156|201566|202389|203460|203500|203506|203924|203944|2736,101181|201156|202389|203944|2736,1627734|201566|203460|203500|203506|203924,,,1610612747.0,21600211,False
3,PT09M59.00S,09:59,Q3 09:59,21.983333333333334,277,steal,Roberson STEAL (2 STL),[],Roberson,0,0,,False,False,203460.0,,turnover,2pt made,,203460.0,,101181|1627734|201156|201566|202389|203460|203500|203506|203924|203944|2736,1627734|201566|203460|203500|203506|203924,101181|201156|202389|203944|2736,,,1610612760.0,21600211,False
3,PT09M53.00S,09:53,Q3 09:53,21.883333333333333,278,2pt,Westbrook  Cutting Dunk Shot (13 PTS) (Roberson 1 AST),['pointsinthepaint'],Westbrook,53,53,Made,True,True,201566.0,203460.0,steal,2pt missed,,,,101181|1627734|201156|201566|202389|203460|203500|203506|203924|203944|2736,1627734|201566|203460|203500|203506|203924,101181|201156|202389|203944|2736,0.0,1.0,1610612760.0,21600211,False
3,PT09M28.00S,09:28,Q3 09:28,21.46666666666667,279,2pt,MISS Deng 17' Jump Shot,[],Deng,0,0,Missed,True,False,2736.0,,2pt made,rebound,,,,101181|1627734|201156|201566|202389|203460|203500|203506|203924|203944|2736,101181|201156|202389|203944|2736,1627734|201566|203460|203500|203506|203924,-2.0,168.0,1610612747.0,21600211,False
3,PT09M27.00S,09:27,Q3 09:27,21.45,280,rebound,Westbrook REBOUND (Off:3 Def:2),[],Westbrook,0,0,,False,False,201566.0,,2pt missed,foul,,,,101181|1627734|201156|201566|202389|203460|203500|203506|203924|203944|2736,1627734|201566|203460|203500|203506|203924,101181|201156|202389|203944|2736,,,1610612760.0,21600211,False
3,PT09M22.00S,09:22,Q3 09:22,21.366666666666667,281,foul,Young S.FOUL (P2.T1) (S.Twardoski),[],Young,0,0,,False,False,201156.0,,rebound,freethrow,201566.0,,,101181|1627734|201156|201566|202389|203460|203500|203506|203924|203944|2736,101181|201156|202389|203944|2736,1627734|201566|203460|203500|203506|203924,,,1610612747.0,21600211,False
3,PT09M22.00S,09:22,Q3 09:22,21.366666666666667,282,freethrow,Westbrook Free Throw 1 of 2 (14 PTS),[],Westbrook,53,54,Made,False,False,201566.0,,foul,freethrow,,,,101181|1627734|201156|201566|202389|203460|203500|203506|203924|203944|2736,1627734|201566|203460|203500|203506|203924,101181|201156|202389|203944|2736,,,1610612760.0,21600211,False
3,PT09M22.00S,09:22,Q3 09:22,21.366666666666667,284,freethrow,Westbrook Free Throw 2 of 2 (15 PTS),[],Westbrook,53,55,Made,False,False,201566.0,,freethrow,3pt made,,,,101181|1627734|201156|201566|202389|203460|203500|203506|203924|203944|2736,1627734|201566|203460|203500|203506|203924,101181|201156|202389|203944|2736,,,1610612760.0,21600211,False
3,PT09M06.00S,09:06,Q3 09:06,21.1,286,3pt,Calderon 26' 3PT Jump Shot (9 PTS) (Randle 4 AST),[],Calderon,56,55,Made,True,True,101181.0,203944.0,freethrow,2pt made,,,,101181|1627734|201156|201566|202389|203460|203500|203506|203924|203944|2736,101181|201156|202389|203944|2736,1627734|201566|203460|203500|203506|203924,143.0,212.0,1610612747.0,21600211,False
3,PT08M38.00S,08:38,Q3 08:38,20.633333333333333,288,2pt,Adams  Dunk (9 PTS) (Sabonis 2 AST),['pointsinthepaint'],Adams,56,57,Made,True,True,203500.0,1627734.0,3pt made,2pt missed,,,,101181|1627734|201156|201566|202389|203460|203500|203506|203924|203944|2736,1627734|201566|203460|203500|203506|203924,101181|201156|202389|203944|2736,0.0,1.0,1610612760.0,21600211,False
3,PT08M22.00S,08:22,Q3 08:22,20.366666666666667,289,2pt,MISS Deng 22' Jump Shot,[],Deng,0,0,Missed,True,False,2736.0,,2pt made,rebound,,,,101181|1627734|201156|201566|202389|203460|203500|203506|203924|203944|2736,101181|201156|202389|203944|2736,1627734|201566|203460|203500|203506|203924,212.0,70.0,1610612747.0,21600211,False
3,PT08M20.00S,08:20,Q3 08:20,20.333333333333336,290,rebound,Sabonis REBOUND (Off:0 Def:4),[],Sabonis,0,0,,False,False,1627734.0,,2pt missed,2pt missed,,,,101181|1627734|201156|201566|202389|203460|203500|203506|203924|203944|2736,1627734|201566|203460|203500|203506|203924,101181|201156|202389|203944|2736,,,1610612760.0,21600211,False
3,PT08M15.00S,08:15,Q3 08:15,20.25,291,2pt,MISS Roberson 1' Layup,['pointsinthepaint'],Roberson,0,0,Missed,True,False,203460.0,,rebound,block,,,,101181|1627734|201156|201566|202389|203460|203500|203506|203924|203944|2736,1627734|201566|203460|203500|203506|203924,101181|201156|202389|203944|2736,-5.0,1.0,1610612760.0,21600211,False
3,PT08M15.00S,08:15,Q3 08:15,20.25,291,block,Mozgov BLOCK (2 BLK),[],Mozgov,0,0,,False,False,202389.0,,2pt missed,rebound,,,202389.0,101181|1627734|201156|201566|202389|203460|203500|203506|203924|203944|2736,101181|201156|202389|203944|2736,1627734|201566|203460|203500|203506|203924,,,1610612747.0,21600211,False
3,PT08M11.00S,08:11,Q3 08:11,20.183333333333334,292,rebound,Calderon REBOUND (Off:0 Def:4),[],Calderon,0,0,,False,False,101181.0,,block,turnover,,,,101181|1627734|201156|201566|202389|203460|203500|203506|203924|203944|2736,101181|201156|202389|203944|2736,1627734|201566|203460|203500|203506|203924,,,1610612747.0,21600211,False
3,PT08M10.00S,08:10,Q3 08:10,20.166666666666664,293,turnover,Young Lost Ball Turnover (P3.T13),[],Young,0,0,,False,False,201156.0,,rebound,steal,,,,101181|1627734|201156|201566|202389|203460|203500|203506|203924|203944|2736,101181|201156|202389|203944|2736,1627734|201566|203460|203500|203506|203924,,,1610612747.0,21600211,False
3,PT08M10.00S,08:10,Q3 08:10,20.166666666666664,293,steal,Sabonis STEAL (1 STL),[],Sabonis,0,0,,False,False,1627734.0,,turnover,foul,,1627734.0,,101181|1627734|201156|201566|202389|203460|203500|203506|203924|203944|2736,1627734|201566|203460|203500|203506|203924,101181|201156|202389|203944|2736,,,1610612760.0,21600211,False
3,PT08M09.00S,08:09,Q3 08:09,20.15,294,foul,Young P.FOUL (P3.T2) (S.Twardoski),[],Young,0,0,,False,False,201156.0,,steal,2pt made,203500.0,,,101181|1627734|201156|201566|202389|203460|203500|203506|203924|203944|2736,101181|201156|202389|203944|2736,1627734|201566|203460|203500|203506|203924,,,1610612747.0,21600211,False
3,PT07M55.00S,07:55,Q3 07:55,19.916666666666668,295,2pt,Adams 5' Hook Shot (11 PTS) (Sabonis 3 AST),['pointsinthepaint'],Adams,56,59,Made,True,True,203500.0,1627734.0,foul,foul,,,,101181|1627734|201156|201566|202389|203460|203500|203506|203924|203944|2736,1627734|201566|203460|203500|203506|203924,101181|201156|202389|203944|2736,18.0,50.0,1610612760.0,21600211,False
3,PT07M39.00S,07:39,Q3 07:39,19.65,297,foul,Westbrook P.FOUL (P2.T1) (M.Davis),[],Westbrook,0,0,,False,False,201566.0,,2pt made,3pt made,203944.0,,,101181|1627734|201156|201566|202389|203460|203500|203506|203924|203944|2736,1627734|201566|203460|203500|203506|203924,101181|201156|202389|203944|2736,,,1610612760.0,21600211,False
3,PT07M23.00S,07:23,Q3 07:23,19.383333333333333,298,3pt,Randle 26' 3PT Jump Shot (3 PTS) (Calderon 3 AST),[],Randle,59,59,Made,True,True,203944.0,101181.0,foul,2pt missed,,,,101181|1627734|201156|201566|202389|203460|203500|203506|203924|203944|2736,101181|201156|202389|203944|2736,1627734|201566|203460|203500|203506|203924,-215.0,143.0,1610612747.0,21600211,False
3,PT07M09.00S,07:09,Q3 07:09,19.15,299,2pt,MISS Sabonis 18' Jump Shot,[],Sabonis,0,0,Missed,True,False,1627734.0,,3pt made,rebound,,,,101181|1627734|201156|201566|202389|203460|203500|203506|203924|203944|2736,1627734|201566|203460|203500|203506|203924,101181|201156|202389|203944|2736,62.0,168.0,1610612760.0,21600211,False
3,PT07M07.00S,07:07,Q3 07:07,19.116666666666667,300,rebound,Calderon REBOUND (Off:0 Def:5),[],Calderon,0,0,,False,False,101181.0,,2pt missed,2pt made,,,,101181|1627734|201156|201566|202389|203460|203500|203506|203924|203944|2736,101181|201156|202389|203944|2736,1627734|201566|203460|203500|203506|203924,,,1610612747.0,21600211,False
3,PT07M00.00S,07:00,Q3 07:00,19.0,301,2pt,Mozgov  Cutting Dunk Shot (10 PTS) (Calderon 4 AST),['pointsinthepaint'],Mozgov,61,59,Made,True,True,202389.0,101181.0,rebound,timeout,,,,101181|1627734|201156|201566|202389|203460|203500|203506|203924|203944|2736,101181|201156|202389|203944|2736,1627734|201566|203460|203500|203506|203924,0.0,1.0,1610612747.0,21600211,False
3,PT07M00.00S,07:00,Q3 07:00,19.0,302,timeout,Thunder Timeout: Regular (Reg.3 Short 1),[],,0,0,,False,False,0.0,,2pt made,substitution,,,,101181|1627734|201156|201566|202389|203460|203500|203506|203924|203944|2736,1627734|201566|203460|203500|203506|203924,101181|201156|202389|203944|2736,,,1610612760.0,21600211,False
3,PT07M00.00S,07:00,Q3 07:00,19.0,304,substitution,SUB: Kanter FOR Sabonis,[],Sabonis,0,0,,False,False,1627734.0,,substitution,substitution,,,,101181|201156|201566|202389|202683|203460|203500|203506|203924|203944|2736,201566|202683|203460|203500|203506|203924,101181|201156|202389|203944|2736,,,1610612760.0,21600211,False
3,PT07M00.00S,07:00,Q3 07:00,19.0,305,substitution,SUB out: S. Adams,[],Adams,0,0,,False,False,203500.0,,substitution,substitution,,,,101181|201156|201566|202389|202683|203460|203506|203924|203944|2736,201566|202683|203460|203506|203924,101181|201156|202389|203944|2736,,,1610612760.0,21600211,True
3,PT07M00.00S,07:00,Q3 07:00,19.0,307,substitution,SUB in: J. Lauvergne,[],Lauvergne,0,0,,False,False,203530.0,,substitution,turnover,,,,101181|201156|201566|202389|202683|203460|203506|203530|203924|203944|2736,201566|202683|203460|203506|203530|203924,101181|201156|202389|203944|2736,,,1610612760.0,21600211,False
3,PT06M51.00S,06:51,Q3 06:51,18.85,309,turnover,Westbrook Out of Bounds - Bad Pass Turnover Turnover (P4.T10),[],Westbrook,0,0,,False,False,201566.0,,substitution,foul,,,,101181|201156|201566|202389|202683|203460|203506|203530|203924|203944|2736,201566|202683|203460|203506|203530|203924,101181|201156|202389|203944|2736,,,1610612760.0,21600211,False
3,PT06M39.00S,06:39,Q3 06:39,18.65,310,foul,Kanter S.FOUL (P2.T2) (M.Lindsay),[],Freedom,0,0,,False,False,202683.0,,turnover,freethrow,202389.0,,,101181|201156|201566|202389|202683|203460|203506|203530|203924|203944|2736,201566|202683|203460|203506|203530|203924,101181|201156|202389|203944|2736,,,1610612760.0,21600211,False
3,PT06M39.00S,06:39,Q3 06:39,18.65,311,freethrow,Mozgov Free Throw 1 of 2 (11 PTS),[],Mozgov,62,59,Made,False,False,202389.0,,foul,freethrow,,,,101181|201156|201566|202389|202683|203460|203506|203530|203924|203944|2736,101181|201156|202389|203944|2736,201566|202683|203460|203506|203530|203924,,,1610612747.0,21600211,False
3,PT06M39.00S,06:39,Q3 06:39,18.65,313,freethrow,Mozgov Free Throw 2 of 2 (12 PTS),[],Mozgov,63,59,Made,False,False,202389.0,,freethrow,2pt missed,,,,101181|201156|201566|202389|202683|203460|203506|203530|203924|203944|2736,101181|201156|202389|203944|2736,201566|202683|203460|203506|203530|203924,,,1610612747.0,21600211,False
3,PT06M28.00S,06:28,Q3 06:28,18.46666666666667,315,2pt,MISS Westbrook 16' Jump Shot,[],Westbrook,0,0,Missed,True,False,201566.0,,freethrow,rebound,,,,101181|201156|201566|202389|202683|203460|203506|203530|203924|203944|2736,201566|202683|203460|203506|203530|203924,101181|201156|202389|203944|2736,129.0,94.0,1610612760.0,21600211,False
3,PT06M26.00S,06:26,Q3 06:26,18.433333333333334,316,rebound,Calderon REBOUND (Off:0 Def:6),[],Calderon,0,0,,False,False,101181.0,,2pt missed,turnover,,,,101181|201156|201566|202389|202683|203460|203506|203530|203924|203944|2736,101181|201156|202389|203944|2736,201566|202683|203460|203506|203530|203924,,,1610612747.0,21600211,False
3,PT06M20.00S,06:20,Q3 06:20,18.333333333333332,317,turnover,Randle Discontinue Dribble Turnover (P6.T14),[],Randle,0,0,,False,False,203944.0,,rebound,substitution,,,,101181|201156|201566|202389|202683|203460|203506|203530|203924|203944|2736,101181|201156|202389|203944|2736,201566|202683|203460|203506|203530|203924,,,1610612747.0,21600211,False
3,PT06M20.00S,06:20,Q3 06:20,18.333333333333332,318,substitution,SUB out: L. Deng,[],Deng,0,0,,False,False,2736.0,,turnover,substitution,,,,101181|201156|201566|202389|202683|203460|203506|203530|203924|203944,101181|201156|202389|203944,201566|202683|203460|203506|203530|203924,,,1610612747.0,21600211,True
3,PT06M20.00S,06:20,Q3 06:20,18.333333333333332,319,substitution,SUB in: B. Ingram,[],Ingram,0,0,,False,False,1627742.0,,substitution,2pt made,,,,101181|1627742|201156|201566|202389|202683|203460|203506|203530|203924|203944,101181|1627742|201156|202389|203944,201566|202683|203460|203506|203530|203924,,,1610612747.0,21600211,False
3,PT06M02.00S,06:02,Q3 06:02,18.03333333333333,319,2pt,Westbrook 16' Pullup Jump Shot (17 PTS) (Kanter 2 AST),[],Westbrook,63,61,Made,True,False,201566.0,,substitution,2pt missed,,,,101181|1627742|201156|201566|202389|202683|203460|203506|203530|203924|203944,201566|202683|203460|203506|203530|203924,101181|1627742|201156|202389|203944,143.0,65.0,1610612760.0,21600211,False
3,PT05M45.00S,05:45,Q3 05:45,17.75,320,2pt,MISS Ingram 2' Layup,['pointsinthepaint'],Ingram,0,0,Missed,True,False,1627742.0,,2pt made,block,,,,101181|1627742|201156|201566|202389|202683|203460|203506|203530|203924|203944,101181|1627742|201156|202389|203944,201566|202683|203460|203506|203530|203924,-13.0,8.0,1610612747.0,21600211,False
3,PT05M45.00S,05:45,Q3 05:45,17.75,320,block,Roberson BLOCK (2 BLK),[],Roberson,0,0,,False,False,203460.0,,2pt missed,rebound,,,203460.0,101181|1627742|201156|201566|202389|202683|203460|203506|203530|203924|203944,201566|202683|203460|203506|203530|203924,101181|1627742|201156|202389|203944,,,1610612760.0,21600211,False
3,PT05M45.00S,05:45,Q3 05:45,17.75,321,rebound,TEAM offensive REBOUND,['team'],,0,0,,False,False,0.0,,block,3pt made,,,,101181|1627742|201156|201566|202389|202683|203460|203506|203530|203924|203944,101181|1627742|201156|202389|203944,201566|202683|203460|203506|203530|203924,,,1610612747.0,21600211,False
3,PT05M35.00S,05:35,Q3 05:35,17.583333333333332,322,3pt,Calderon 26' 3PT Jump Shot (12 PTS) (Mozgov 2 AST),['2ndchance'],Calderon,66,61,Made,True,True,101181.0,202389.0,rebound,3pt made,,,,101181|1627742|201156|201566|202389|202683|203460|203506|203530|203924|203944,101181|1627742|201156|202389|203944,201566|202683|203460|203506|203530|203924,-196.0,168.0,1610612747.0,21600211,False
3,PT05M16.00S,05:16,Q3 05:16,17.266666666666666,323,3pt,Lauvergne 24' 3PT Jump Shot (7 PTS) (Westbrook 10 AST),[],Lauvergne,66,64,Made,True,True,203530.0,201566.0,3pt made,2pt missed,,,,101181|1627742|201156|201566|202389|202683|203460|203506|203530|203924|203944,201566|202683|203460|203506|203530|203924,101181|1627742|201156|202389|203944,-237.0,16.0,1610612760.0,21600211,False
3,PT04M52.00S,04:52,Q3 04:52,16.866666666666667,324,2pt,MISS Mozgov  Hook Shot,['pointsinthepaint'],Mozgov,0,0,Missed,True,False,202389.0,,3pt made,rebound,,,,101181|1627742|201156|201566|202389|202683|203460|203506|203530|203924|203944,101181|1627742|201156|202389|203944,201566|202683|203460|203506|203530|203924,0.0,1.0,1610612747.0,21600211,False
3,PT04M47.00S,04:47,Q3 04:47,16.78333333333333,325,rebound,Kanter REBOUND (Off:0 Def:2),[],Freedom,0,0,,False,False,202683.0,,2pt missed,3pt made,,,,101181|1627742|201156|201566|202389|202683|203460|203506|203530|203924|203944,201566|202683|203460|203506|203530|203924,101181|1627742|201156|202389|203944,,,1610612760.0,21600211,False
3,PT04M43.00S,04:43,Q3 04:43,16.71666666666667,326,3pt,Lauvergne  3PT Jump Shot (10 PTS) (Oladipo 3 AST),[],Lauvergne,66,67,Made,True,True,203530.0,203506.0,rebound,3pt missed,,,,101181|1627742|201156|201566|202389|202683|203460|203506|203530|203924|203944,201566|202683|203460|203506|203530|203924,101181|1627742|201156|202389|203944,230.0,-11.0,1610612760.0,21600211,False
3,PT04M25.00S,04:25,Q3 04:25,16.416666666666668,327,3pt,MISS Young 27' 3PT Jump Shot,[],Young,0,0,Missed,True,False,201156.0,,3pt made,rebound,,,,101181|1627742|201156|201566|202389|202683|203460|203506|203530|203924|203944,101181|1627742|201156|202389|203944,201566|202683|203460|203506|203530|203924,-199.0,184.0,1610612747.0,21600211,False
3,PT04M24.00S,04:24,Q3 04:24,16.4,328,rebound,Westbrook REBOUND (Off:3 Def:3),[],Westbrook,0,0,,False,False,201566.0,,3pt missed,foul,,,,101181|1627742|201156|201566|202389|202683|203460|203506|203530|203924|203944,201566|202683|203460|203506|203530|203924,101181|1627742|201156|202389|203944,,,1610612760.0,21600211,False
3,PT04M21.00S,04:21,Q3 04:21,16.35,329,foul,Oladipo Offensive Charge Foul (P1.T3) (S.Twardoski),[],Oladipo,0,0,,False,False,203506.0,,rebound,turnover,,,,101181|1627742|201156|201566|202389|202683|203460|203506|203530|203924|203944,201566|202683|203460|203506|203530|203924,101181|1627742|201156|202389|203944,,,1610612760.0,21600211,False
3,PT04M21.00S,04:21,Q3 04:21,16.35,330,turnover,Oladipo Foul Turnover (P3.T11),[],Oladipo,0,0,,False,False,203506.0,,foul,substitution,,,,101181|1627742|201156|201566|202389|202683|203460|203506|203530|203924|203944,201566|202683|203460|203506|203530|203924,101181|1627742|201156|202389|203944,,,1610612760.0,21600211,False
3,PT04M21.00S,04:21,Q3 04:21,16.35,331,substitution,SUB out: J. Randle,[],Randle,0,0,,False,False,203944.0,,turnover,substitution,,,,101181|1627742|201156|201566|202389|202683|203460|203506|203530|203924,101181|1627742|201156|202389,201566|202683|203460|203506|203530|203924,,,1610612747.0,21600211,True
3,PT04M21.00S,04:21,Q3 04:21,16.35,332,substitution,SUB out: N. Young,[],Young,0,0,,False,False,201156.0,,substitution,substitution,,,,101181|1627742|201566|202389|202683|203460|203506|203530|203924,101181|1627742|202389,201566|202683|203460|203506|203530|203924,,,1610612747.0,21600211,False
3,PT04M21.00S,04:21,Q3 04:21,16.35,333,substitution,SUB out: V. Oladipo,[],Oladipo,0,0,,False,False,203506.0,,substitution,substitution,,,,101181|1627742|201566|202389|202683|203460|203530|203924,201566|202683|203460|203530|203924,101181|1627742|202389,,,1610612760.0,21600211,False
3,PT04M21.00S,04:21,Q3 04:21,16.35,334,substitution,SUB in: L. Nance Jr.,[],Nance Jr.,0,0,,False,False,1626204.0,,substitution,substitution,,,,101181|1626204|1627742|201566|202389|202683|203460|203530|203924,101181|1626204|1627742|202389,201566|202683|203460|203530|203924,,,1610612747.0,21600211,False
3,PT04M21.00S,04:21,Q3 04:21,16.35,335,substitution,SUB in: J. Clarkson,[],Clarkson,0,0,,False,False,203903.0,,substitution,substitution,,,,101181|1626204|1627742|201566|202389|202683|203460|203530|203903|203924,101181|1626204|1627742|202389|203903,201566|202683|203460|203530|203924,,,1610612747.0,21600211,True
3,PT04M21.00S,04:21,Q3 04:21,16.35,336,substitution,SUB in: J. Grant,[],Grant,0,0,,False,False,203924.0,,substitution,foul,,,,101181|1626204|1627742|201566|202389|202683|203460|203530|203903|203924,201566|202683|203460|203530|203924,101181|1626204|1627742|202389|203903,,,1610612760.0,21600211,True
3,PT04M05.00S,04:05,Q3 04:05,16.083333333333332,335,foul,Grant S.FOUL (P2.T4) (M.Davis),[],Grant,0,0,,False,False,203924.0,,substitution,freethrow,202389.0,,,101181|1626204|1627742|201566|202389|202683|203460|203530|203903|203924,201566|202683|203460|203530|203924,101181|1626204|1627742|202389|203903,,,1610612760.0,21600211,True
3,PT04M05.00S,04:05,Q3 04:05,16.083333333333332,336,freethrow,Mozgov Free Throw 1 of 2 (13 PTS),[],Mozgov,67,67,Made,False,False,202389.0,,foul,freethrow,,,,101181|1626204|1627742|201566|202389|202683|203460|203530|203903|203924,101181|1626204|1627742|202389|203903,201566|202683|203460|203530|203924,,,1610612747.0,21600211,True
3,PT04M05.00S,04:05,Q3 04:05,16.083333333333332,338,freethrow,Mozgov Free Throw 2 of 2 (14 PTS),[],Mozgov,68,67,Made,False,False,202389.0,,freethrow,turnover,,,,101181|1626204|1627742|201566|202389|202683|203460|203530|203903|203924,101181|1626204|1627742|202389|203903,201566|202683|203460|203530|203924,,,1610612747.0,21600211,True
3,PT03M53.00S,03:53,Q3 03:53,15.883333333333333,340,turnover,Kanter Step Out of Bounds Turnover (P2.T12),[],Freedom,0,0,,False,False,202683.0,,freethrow,foul,,,,101181|1626204|1627742|201566|202389|202683|203460|203530|203903|203924,201566|202683|203460|203530|203924,101181|1626204|1627742|202389|203903,,,1610612760.0,21600211,True
3,PT03M37.00S,03:37,Q3 03:37,15.616666666666667,341,foul,Roberson P.FOUL (P1.PN) (S.Twardoski),[],Roberson,0,0,,False,False,203460.0,,turnover,2pt made,202389.0,,,101181|1626204|1627742|201566|202389|202683|203460|203530|203903|203924,201566|202683|203460|203530|203924,101181|1626204|1627742|202389|203903,,,1610612760.0,21600211,True
3,PT03M27.00S,03:27,Q3 03:27,15.45,342,2pt,Mozgov  Alley Oop Dunk (16 PTS) (Clarkson 3 AST),['pointsinthepaint'],Mozgov,70,67,Made,True,True,202389.0,203903.0,foul,turnover,,,,101181|1626204|1627742|201566|202389|202683|203460|203530|203903|203924,101181|1626204|1627742|202389|203903,201566|202683|203460|203530|203924,0.0,1.0,1610612747.0,21600211,True
3,PT03M10.00S,03:10,Q3 03:10,15.166666666666666,343,turnover,Westbrook Bad Pass Turnover (P5.T13),[],Westbrook,0,0,,False,False,201566.0,,2pt made,steal,,,,101181|1626204|1627742|201566|202389|202683|203460|203530|203903|203924,201566|202683|203460|203530|203924,101181|1626204|1627742|202389|203903,,,1610612760.0,21600211,True
3,PT03M10.00S,03:10,Q3 03:10,15.166666666666666,343,steal,Nance Jr. STEAL (1 STL),[],Nance Jr.,0,0,,False,False,1626204.0,,turnover,3pt missed,,1626204.0,,101181|1626204|1627742|201566|202389|202683|203460|203530|203903|203924,101181|1626204|1627742|202389|203903,201566|202683|203460|203530|203924,,,1610612747.0,21600211,True
3,PT02M57.00S,02:57,Q3 02:57,14.95,344,3pt,MISS Clarkson 27' 3PT Jump Shot,[],Clarkson,0,0,Missed,True,False,203903.0,,steal,rebound,,,,101181|1626204|1627742|201566|202389|202683|203460|203530|203903|203924,101181|1626204|1627742|202389|203903,201566|202683|203460|203530|203924,-209.0,168.0,1610612747.0,21600211,True
3,PT02M56.00S,02:56,Q3 02:56,14.933333333333334,345,rebound,Roberson REBOUND (Off:1 Def:2),[],Roberson,0,0,,False,False,203460.0,,3pt missed,3pt missed,,,,101181|1626204|1627742|201566|202389|202683|203460|203530|203903|203924,201566|202683|203460|203530|203924,101181|1626204|1627742|202389|203903,,,1610612760.0,21600211,True
3,PT02M48.00S,02:48,Q3 02:48,14.8,346,3pt,MISS Westbrook 26' 3PT Pullup Jump Shot,[],Westbrook,0,0,Missed,True,False,201566.0,,rebound,rebound,,,,101181|1626204|1627742|201566|202389|202683|203460|203530|203903|203924,201566|202683|203460|203530|203924,101181|1626204|1627742|202389|203903,-158.0,202.0,1610612760.0,21600211,True
3,PT02M46.00S,02:46,Q3 02:46,14.766666666666666,347,rebound,Clarkson REBOUND (Off:0 Def:1),[],Clarkson,0,0,,False,False,203903.0,,3pt missed,2pt made,,,,101181|1626204|1627742|201566|202389|202683|203460|203530|203903|203924,101181|1626204|1627742|202389|203903,201566|202683|203460|203530|203924,,,1610612747.0,21600211,True
3,PT02M38.00S,02:38,Q3 02:38,14.633333333333333,348,2pt,Nance Jr. 1' Layup (2 PTS) (Clarkson 4 AST),['pointsinthepaint'],Nance Jr.,72,67,Made,True,True,1626204.0,203903.0,rebound,turnover,,,,101181|1626204|1627742|201566|202389|202683|203460|203530|203903|203924,101181|1626204|1627742|202389|203903,201566|202683|203460|203530|203924,-3.0,6.0,1610612747.0,21600211,True
3,PT02M26.00S,02:26,Q3 02:26,14.433333333333334,349,turnover,Westbrook Bad Pass Turnover (P6.T14),[],Westbrook,0,0,,False,False,201566.0,,2pt made,steal,,,,101181|1626204|1627742|201566|202389|202683|203460|203530|203903|203924,201566|202683|203460|203530|203924,101181|1626204|1627742|202389|203903,,,1610612760.0,21600211,True
3,PT02M26.00S,02:26,Q3 02:26,14.433333333333334,349,steal,Nance Jr. STEAL (2 STL),[],Nance Jr.,0,0,,False,False,1626204.0,,turnover,2pt missed,,1626204.0,,101181|1626204|1627742|201566|202389|202683|203460|203530|203903|203924,101181|1626204|1627742|202389|203903,201566|202683|203460|203530|203924,,,1610612747.0,21600211,True
3,PT02M19.00S,02:19,Q3 02:19,14.316666666666666,350,2pt,MISS Nance Jr. 1' Running Layup,['pointsinthepaint'],Nance Jr.,0,0,Missed,True,False,1626204.0,,steal,rebound,,,,101181|1626204|1627742|201566|202389|202683|203460|203530|203903|203924,101181|1626204|1627742|202389|203903,201566|202683|203460|203530|203924,5.0,-6.0,1610612747.0,21600211,True
3,PT02M16.00S,02:16,Q3 02:16,14.266666666666666,351,rebound,Lauvergne REBOUND (Off:0 Def:4),[],Lauvergne,0,0,,False,False,203530.0,,2pt missed,2pt missed,,,,101181|1626204|1627742|201566|202389|202683|203460|203530|203903|203924,201566|202683|203460|203530|203924,101181|1626204|1627742|202389|203903,,,1610612760.0,21600211,True
3,PT02M07.00S,02:07,Q3 02:07,14.116666666666667,352,2pt,MISS Lauvergne 21' Jump Shot,[],Lauvergne,0,0,Missed,True,False,203530.0,,rebound,rebound,,,,101181|1626204|1627742|201566|202389|202683|203460|203530|203903|203924,201566|202683|203460|203530|203924,101181|1626204|1627742|202389|203903,-211.0,31.0,1610612760.0,21600211,True
3,PT02M06.00S,02:06,Q3 02:06,14.1,353,rebound,Kanter REBOUND (Off:1 Def:2),[],Freedom,0,0,,False,False,202683.0,,2pt missed,2pt missed,,,,101181|1626204|1627742|201566|202389|202683|203460|203530|203903|203924,201566|202683|203460|203530|203924,101181|1626204|1627742|202389|203903,,,1610612760.0,21600211,True
3,PT02M05.00S,02:05,Q3 02:05,14.083333333333334,354,2pt,MISS Kanter 1' Layup,['pointsinthepaint'],Freedom,0,0,Missed,True,False,202683.0,,rebound,block,,,,101181|1626204|1627742|201566|202389|202683|203460|203530|203903|203924,201566|202683|203460|203530|203924,101181|1626204|1627742|202389|203903,-13.0,6.0,1610612760.0,21600211,True
3,PT02M05.00S,02:05,Q3 02:05,14.083333333333334,354,block,Nance Jr. BLOCK (1 BLK),[],Nance Jr.,0,0,,False,False,1626204.0,,2pt missed,2pt made,,,1626204.0,101181|1626204|1627742|201566|202389|202683|203460|203530|203903|203924,101181|1626204|1627742|202389|203903,201566|202683|203460|203530|203924,,,1610612747.0,21600211,True
3,PT02M05.00S,02:05,Q3 02:05,14.083333333333334,355,2pt,Kanter 1' Putback Layup (8 PTS),['pointsinthepaint'],Freedom,72,69,Made,True,False,202683.0,,block,rebound,,,,101181|1626204|1627742|201566|202389|202683|203460|203530|203903|203924,201566|202683|203460|203530|203924,101181|1626204|1627742|202389|203903,-8.0,1.0,1610612760.0,21600211,True
3,PT02M05.00S,02:05,Q3 02:05,14.083333333333334,356,rebound,Kanter REBOUND (Off:2 Def:2),[],Freedom,0,0,,False,False,202683.0,,2pt made,timeout,,,,101181|1626204|1627742|201566|202389|202683|203460|203530|203903|203924,201566|202683|203460|203530|203924,101181|1626204|1627742|202389|203903,,,1610612760.0,21600211,True
3,PT02M05.00S,02:05,Q3 02:05,14.083333333333334,357,timeout,LAKERS Timeout: Regular (Full 3 Short 1),[],,0,0,,False,False,0.0,,rebound,substitution,,,,101181|1626204|1627742|201566|202389|202683|203460|203530|203903|203924,101181|1626204|1627742|202389|203903,201566|202683|203460|203530|203924,,,1610612747.0,21600211,True
3,PT02M05.00S,02:05,Q3 02:05,14.083333333333334,359,substitution,SUB out: A. Roberson,[],Roberson,0,0,,False,False,203460.0,,timeout,substitution,,,,101181|1626204|1627742|201566|202389|202683|203530|203903|203924,201566|202683|203530|203924,101181|1626204|1627742|202389|203903,,,1610612760.0,21600211,False
3,PT02M05.00S,02:05,Q3 02:05,14.083333333333334,360,substitution,SUB out: R. Westbrook,[],Westbrook,0,0,,False,False,201566.0,,substitution,substitution,,,,101181|1626204|1627742|202389|202683|203530|203903|203924,202683|203530|203924,101181|1626204|1627742|202389|203903,,,1610612760.0,21600211,False
3,PT02M05.00S,02:05,Q3 02:05,14.083333333333334,361,substitution,SUB out: T. Mozgov,[],Mozgov,0,0,,False,False,202389.0,,substitution,substitution,,,,101181|1626204|1627742|202683|203530|203903|203924,101181|1626204|1627742|203903,202683|203530|203924,,,1610612747.0,21600211,False
3,PT02M05.00S,02:05,Q3 02:05,14.083333333333334,362,substitution,SUB out: J. Calderon,[],Calderon,0,0,,False,False,101181.0,,substitution,substitution,,,,1626204|1627742|202683|203530|203903|203924,1626204|1627742|203903,202683|203530|203924,,,1610612747.0,21600211,False
3,PT02M05.00S,02:05,Q3 02:05,14.083333333333334,363,substitution,SUB in: V. Oladipo,[],Oladipo,0,0,,False,False,203506.0,,substitution,substitution,,,,1626204|1627742|202683|203506|203530|203903|203924,202683|203506|203530|203924,1626204|1627742|203903,,,1610612760.0,21600211,False
3,PT02M05.00S,02:05,Q3 02:05,14.083333333333334,364,substitution,SUB in: A. Abrines,[],Abrines,0,0,,False,False,203518.0,,substitution,substitution,,,,1626204|1627742|202683|203506|203518|203530|203903|203924,202683|203506|203518|203530|203924,1626204|1627742|203903,,,1610612760.0,21600211,False
3,PT02M05.00S,02:05,Q3 02:05,14.083333333333334,365,substitution,SUB in: T. Black,[],Black,0,0,,False,False,204028.0,,substitution,substitution,,,,1626204|1627742|202683|203506|203518|203530|203903|203924|204028,1626204|1627742|203903|204028,202683|203506|203518|203530|203924,,,1610612747.0,21600211,False
3,PT02M05.00S,02:05,Q3 02:05,14.083333333333334,366,substitution,SUB in: L. Williams,[],Williams,0,0,,False,False,101150.0,,substitution,2pt made,,,,101150|1626204|1627742|202683|203506|203518|203530|203903|203924|204028,101150|1626204|1627742|203903|204028,202683|203506|203518|203530|203924,,,1610612747.0,21600211,True
3,PT01M52.00S,01:52,Q3 01:52,13.866666666666667,363,2pt,Nance Jr. 8' Turnaround Hook Shot (4 PTS),['pointsinthepaint'],Nance Jr.,74,69,Made,True,False,1626204.0,,substitution,2pt missed,,,,101150|1626204|1627742|202683|203506|203518|203530|203903|203924|204028,101150|1626204|1627742|203903|204028,202683|203506|203518|203530|203924,-67.0,52.0,1610612747.0,21600211,True
3,PT01M41.00S,01:41,Q3 01:41,13.683333333333334,364,2pt,MISS Oladipo 18' Pullup Jump Shot,[],Oladipo,0,0,Missed,True,False,203506.0,,2pt made,rebound,,,,101150|1626204|1627742|202683|203506|203518|203530|203903|203924|204028,202683|203506|203518|203530|203924,101150|1626204|1627742|203903|204028,-100.0,148.0,1610612760.0,21600211,True
3,PT01M38.00S,01:38,Q3 01:38,13.633333333333333,365,rebound,Nance Jr. REBOUND (Off:1 Def:2),[],Nance Jr.,0,0,,False,False,1626204.0,,2pt missed,foul,,,,101150|1626204|1627742|202683|203506|203518|203530|203903|203924|204028,101150|1626204|1627742|203903|204028,202683|203506|203518|203530|203924,,,1610612747.0,21600211,True
3,PT01M34.00S,01:34,Q3 01:34,13.566666666666666,366,foul,Lauvergne S.FOUL (P1.PN) (S.Twardoski),['inpenalty'],Lauvergne,0,0,,False,False,203530.0,,rebound,freethrow,101150.0,,,101150|1626204|1627742|202683|203506|203518|203530|203903|203924|204028,202683|203506|203518|203530|203924,101150|1626204|1627742|203903|204028,,,1610612760.0,21600211,True
3,PT01M34.00S,01:34,Q3 01:34,13.566666666666666,367,freethrow,Williams Free Throw 1 of 2 (5 PTS),[],Williams,75,69,Made,False,False,101150.0,,foul,freethrow,,,,101150|1626204|1627742|202683|203506|203518|203530|203903|203924|204028,101150|1626204|1627742|203903|204028,202683|203506|203518|203530|203924,,,1610612747.0,21600211,True
3,PT01M34.00S,01:34,Q3 01:34,13.566666666666666,369,freethrow,Williams Free Throw 2 of 2 (6 PTS),[],Williams,76,69,Made,False,False,101150.0,,freethrow,2pt missed,,,,101150|1626204|1627742|202683|203506|203518|203530|203903|203924|204028,101150|1626204|1627742|203903|204028,202683|203506|203518|203530|203924,,,1610612747.0,21600211,True
3,PT01M23.00S,01:23,Q3 01:23,13.383333333333333,371,2pt,MISS Kanter 2' Layup,['pointsinthepaint'],Freedom,0,0,Missed,True,False,202683.0,,freethrow,block,,,,101150|1626204|1627742|202683|203506|203518|203530|203903|203924|204028,202683|203506|203518|203530|203924,101150|1626204|1627742|203903|204028,-18.0,-2.0,1610612760.0,21600211,True
3,PT01M23.00S,01:23,Q3 01:23,13.383333333333333,371,block,Black BLOCK (1 BLK),[],Black,0,0,,False,False,204028.0,,2pt missed,rebound,,,204028.0,101150|1626204|1627742|202683|203506|203518|203530|203903|203924|204028,101150|1626204|1627742|203903|204028,202683|203506|203518|203530|203924,,,1610612747.0,21600211,True
3,PT01M19.00S,01:19,Q3 01:19,13.316666666666666,372,rebound,Black REBOUND (Off:2 Def:2),[],Black,0,0,,False,False,204028.0,,block,2pt made,,,,101150|1626204|1627742|202683|203506|203518|203530|203903|203924|204028,101150|1626204|1627742|203903|204028,202683|203506|203518|203530|203924,,,1610612747.0,21600211,True
3,PT01M09.00S,01:09,Q3 01:09,13.15,373,2pt,Clarkson 8' Pullup Jump Shot (8 PTS),['pointsinthepaint'],Clarkson,78,69,Made,True,False,203903.0,,rebound,foul,,,,101150|1626204|1627742|202683|203506|203518|203530|203903|203924|204028,101150|1626204|1627742|203903|204028,202683|203506|203518|203530|203924,-78.0,16.0,1610612747.0,21600211,True
3,PT00M55.70S,00:55,Q3 00:55,12.928333333333333,374,foul,Clarkson P.FOUL (P1.T3) (S.Twardoski),[],Clarkson,0,0,,False,False,203903.0,,2pt made,substitution,203506.0,,,101150|1626204|1627742|202683|203506|203518|203530|203903|203924|204028,101150|1626204|1627742|203903|204028,202683|203506|203518|203530|203924,,,1610612747.0,21600211,True
3,PT00M55.70S,00:55,Q3 00:55,12.928333333333333,375,substitution,SUB out: E. Freedom,[],Freedom,0,0,,False,False,202683.0,,foul,substitution,,,,101150|1626204|1627742|203506|203518|203530|203903|203924|204028,203506|203518|203530|203924,101150|1626204|1627742|203903|204028,,,1610612760.0,21600211,False
3,PT00M55.70S,00:55,Q3 00:55,12.928333333333333,376,substitution,SUB in: S. Adams,[],Adams,0,0,,False,False,203500.0,,substitution,2pt missed,,,,101150|1626204|1627742|203500|203506|203518|203530|203903|203924|204028,203500|203506|203518|203530|203924,101150|1626204|1627742|203903|204028,,,1610612760.0,21600211,True
3,PT00M47.20S,00:47,Q3 00:47,12.786666666666667,376,2pt,MISS Oladipo 5' Driving Hook Shot,['pointsinthepaint'],Oladipo,0,0,Missed,True,False,203506.0,,substitution,2pt made,,,,101150|1626204|1627742|203500|203506|203518|203530|203903|203924|204028,203500|203506|203518|203530|203924,101150|1626204|1627742|203903|204028,1.0,47.0,1610612760.0,21600211,True
3,PT00M47.20S,00:47,Q3 00:47,12.786666666666667,377,2pt,Adams 2' Putback Layup (13 PTS),['pointsinthepaint'],Adams,78,71,Made,True,False,203500.0,,2pt missed,rebound,,,,101150|1626204|1627742|203500|203506|203518|203530|203903|203924|204028,203500|203506|203518|203530|203924,101150|1626204|1627742|203903|204028,-21.0,1.0,1610612760.0,21600211,True
3,PT00M47.20S,00:47,Q3 00:47,12.786666666666667,378,rebound,Adams REBOUND (Off:1 Def:0),[],Adams,0,0,,False,False,203500.0,,2pt made,2pt made,,,,101150|1626204|1627742|203500|203506|203518|203530|203903|203924|204028,203500|203506|203518|203530|203924,101150|1626204|1627742|203903|204028,,,1610612760.0,21600211,True
3,PT00M35.90S,00:35,Q3 00:35,12.598333333333333,379,2pt,Clarkson 1' Driving Layup (10 PTS),['pointsinthepaint'],Clarkson,80,71,Made,True,False,203903.0,,rebound,2pt missed,,,,101150|1626204|1627742|203500|203506|203518|203530|203903|203924|204028,101150|1626204|1627742|203903|204028,203500|203506|203518|203530|203924,-3.0,6.0,1610612747.0,21600211,True
3,PT00M11.90S,00:11,Q3 00:11,12.198333333333334,381,2pt,MISS Adams 7' Hook Shot,['pointsinthepaint'],Adams,0,0,Missed,True,False,203500.0,,2pt made,rebound,,,,101150|1626204|1627742|203500|203506|203518|203530|203903|203924|204028,203500|203506|203518|203530|203924,101150|1626204|1627742|203903|204028,57.0,45.0,1610612760.0,21600211,True
3,PT00M09.70S,00:09,Q3 00:09,12.161666666666667,382,rebound,Adams REBOUND (Off:2 Def:0),[],Adams,0,0,,False,False,203500.0,,2pt missed,2pt missed,,,,101150|1626204|1627742|203500|203506|203518|203530|203903|203924|204028,203500|203506|203518|203530|203924,101150|1626204|1627742|203903|204028,,,1610612760.0,21600211,True
3,PT00M06.90S,00:06,Q3 00:06,12.115,383,2pt,MISS Adams 7' Hook Shot,['pointsinthepaint'],Adams,0,0,Missed,True,False,203500.0,,rebound,2pt made,,,,101150|1626204|1627742|203500|203506|203518|203530|203903|203924|204028,203500|203506|203518|203530|203924,101150|1626204|1627742|203903|204028,24.0,65.0,1610612760.0,21600211,True
3,PT00M06.40S,00:06,Q3 00:06,12.106666666666667,384,2pt,Adams 1' Putback Layup (15 PTS),['pointsinthepaint'],Adams,80,73,Made,True,False,203500.0,,2pt missed,rebound,,,,101150|1626204|1627742|203500|203506|203518|203530|203903|203924|204028,203500|203506|203518|203530|203924,101150|1626204|1627742|203903|204028,-7.0,0.0,1610612760.0,21600211,True
3,PT00M06.40S,00:06,Q3 00:06,12.106666666666667,385,rebound,Adams REBOUND (Off:3 Def:0),[],Adams,0,0,,False,False,203500.0,,2pt made,foul,,,,101150|1626204|1627742|203500|203506|203518|203530|203903|203924|204028,203500|203506|203518|203530|203924,101150|1626204|1627742|203903|204028,,,1610612760.0,21600211,True
3,PT00M06.40S,00:06,Q3 00:06,12.106666666666667,386,foul,Black S.FOUL (P2.PN) (M.Lindsay),[],Black,0,0,,False,False,204028.0,,rebound,freethrow,203500.0,,,101150|1626204|1627742|203500|203506|203518|203530|203903|203924|204028,101150|1626204|1627742|203903|204028,203500|203506|203518|203530|203924,,,1610612747.0,21600211,True
3,PT00M06.40S,00:06,Q3 00:06,12.106666666666667,391,freethrow,Adams Free Throw 1 of 1 (16 PTS),[],Adams,80,74,Made,False,False,203500.0,,foul,substitution,,,,101150|1626204|1627742|203500|203506|203518|203530|203903|203924|204028,203500|203506|203518|203530|203924,101150|1626204|1627742|203903|204028,,,1610612760.0,21600211,True
3,PT00M06.40S,00:06,Q3 00:06,12.106666666666667,387,substitution,SUB out: A. Abrines,[],Abrines,0,0,,False,False,203518.0,,freethrow,substitution,,,,101150|1626204|1627742|203500|203506|203530|203903|203924|204028,203500|203506|203530|203924,101150|1626204|1627742|203903|204028,,,1610612760.0,21600211,False
3,PT00M06.40S,00:06,Q3 00:06,12.106666666666667,388,substitution,SUB out: T. Black,[],Black,0,0,,False,False,204028.0,,substitution,substitution,,,,101150|1626204|1627742|203500|203506|203530|203903|203924,101150|1626204|1627742|203903,203500|203506|203530|203924,,,1610612747.0,21600211,False
3,PT00M06.40S,00:06,Q3 00:06,12.106666666666667,389,substitution,SUB in: S. Christon,[],Christon,0,0,,False,False,203902.0,,substitution,substitution,,,,101150|1626204|1627742|203500|203506|203530|203902|203903|203924,203500|203506|203530|203902|203924,101150|1626204|1627742|203903,,,1610612760.0,21600211,False
3,PT00M06.40S,00:06,Q3 00:06,12.106666666666667,390,substitution,SUB in: N. Young,[],Young,0,0,,False,False,201156.0,,substitution,2pt missed,,,,101150|1626204|1627742|201156|203500|203506|203530|203902|203903|203924,101150|1626204|1627742|201156|203903,203500|203506|203530|203902|203924,,,1610612747.0,21600211,True
3,PT00M01.90S,00:01,Q3 00:01,12.031666666666666,394,2pt,MISS Williams 22' Running Pull-Up Jump Shot,[],Williams,0,0,Missed,True,False,101150.0,,substitution,block,,,,101150|1626204|1627742|201156|203500|203506|203530|203902|203903|203924,101150|1626204|1627742|201156|203903,203500|203506|203530|203902|203924,-212.0,45.0,1610612747.0,21600211,True
3,PT00M01.90S,00:01,Q3 00:01,12.031666666666666,394,block,Lauvergne BLOCK (1 BLK),[],Lauvergne,0,0,,False,False,203530.0,,2pt missed,rebound,,,203530.0,101150|1626204|1627742|201156|203500|203506|203530|203902|203903|203924,203500|203506|203530|203902|203924,101150|1626204|1627742|201156|203903,,,1610612760.0,21600211,True
3,PT00M00.00S,00:00,Q3 00:00,12.0,395,rebound,TEAM offensive REBOUND,['team'],,0,0,,False,False,0.0,,block,period,,,,101150|1626204|1627742|201156|203500|203506|203530|203902|203903|203924,101150|1626204|1627742|201156|203903,203500|203506|203530|203902|203924,,,1610612747.0,21600211,True
3,PT00M00.00S,00:00,Q3 00:00,12.0,396,period,End of 3rd Period (12:18 AM EST),[],,80,74,,False,False,0.0,,rebound,period,,,,101150|1626204|1627742|201156|203500|203506|203530|203902|203903|203924,101150|1626204|1627742|201156|203903,203500|203506|203530|203902|203924,,,1610612747.0,21600211,True
4,PT12M00.00S,12:00,Q4 12:00,12.0,398,period,Start of 4th Period (12:21 AM EST),[],,80,74,,False,False,0.0,,period,substitution,,,,101150|1626204|1627742|201156|203500|203506|203530|203902|203903|203924,101150|1626204|1627742|201156|203903,203500|203506|203530|203902|203924,,,1610612747.0,21600211,True
4,PT11M46.00S,11:46,Q4 11:46,11.766666666666667,400,2pt,Clarkson 18' Pullup Jump Shot (12 PTS) (Williams 2 AST),[],Clarkson,82,74,Made,True,True,203903.0,101150.0,substitution,2pt missed,,,,101150|1626204|1627742|201627|203500|203506|203530|203903|203924|204028,101150|1626204|1627742|203903|204028,201627|203500|203506|203530|203924,-153.0,94.0,1610612747.0,21600211,True
4,PT11M29.00S,11:29,Q4 11:29,11.483333333333333,401,2pt,MISS Lauvergne 3' Layup,['pointsinthepaint'],Lauvergne,0,0,Missed,True,False,203530.0,,2pt made,block,,,,101150|1626204|1627742|201627|203500|203506|203530|203903|203924|204028,201627|203500|203506|203530|203924,101150|1626204|1627742|203903|204028,-28.0,8.0,1610612760.0,21600211,True
4,PT11M29.00S,11:29,Q4 11:29,11.483333333333333,401,block,Black BLOCK (2 BLK),[],Black,0,0,,False,False,204028.0,,2pt missed,rebound,,,204028.0,101150|1626204|1627742|201627|203500|203506|203530|203903|203924|204028,101150|1626204|1627742|203903|204028,201627|203500|203506|203530|203924,,,1610612747.0,21600211,True
4,PT11M27.00S,11:27,Q4 11:27,11.45,402,rebound,Black REBOUND (Off:2 Def:3),[],Black,0,0,,False,False,204028.0,,block,2pt made,,,,101150|1626204|1627742|201627|203500|203506|203530|203903|203924|204028,101150|1626204|1627742|203903|204028,201627|203500|203506|203530|203924,,,1610612747.0,21600211,True
4,PT11M20.00S,11:20,Q4 11:20,11.333333333333334,403,2pt,Black 1' Driving Finger Roll Layup (4 PTS) (Williams 3 AST),['pointsinthepaint'],Black,84,74,Made,True,True,204028.0,101150.0,rebound,foul,,,,101150|1626204|1627742|201627|203500|203506|203530|203903|203924|204028,101150|1626204|1627742|203903|204028,201627|203500|203506|203530|203924,8.0,6.0,1610612747.0,21600211,True
4,PT11M20.00S,11:20,Q4 11:20,11.333333333333334,404,foul,Lauvergne S.FOUL (P2.T1) (M.Lindsay),[],Lauvergne,0,0,,False,False,203530.0,,2pt made,freethrow,204028.0,,,101150|1626204|1627742|201627|203500|203506|203530|203903|203924|204028,201627|203500|203506|203530|203924,101150|1626204|1627742|203903|204028,,,1610612760.0,21600211,True
4,PT11M20.00S,11:20,Q4 11:20,11.333333333333334,405,freethrow,Black Free Throw 1 of 1 (5 PTS),[],Black,85,74,Made,False,False,204028.0,,foul,2pt made,,,,101150|1626204|1627742|201627|203500|203506|203530|203903|203924|204028,101150|1626204|1627742|203903|204028,201627|203500|203506|203530|203924,,,1610612747.0,21600211,True
4,PT11M05.00S,11:05,Q4 11:05,11.083333333333334,407,2pt,Morrow 12' Pullup Jump Shot (2 PTS),['pointsinthepaint'],Morrow,85,76,Made,True,False,201627.0,,freethrow,turnover,,,,101150|1626204|1627742|201627|203500|203506|203530|203903|203924|204028,201627|203500|203506|203530|203924,101150|1626204|1627742|203903|204028,-80.0,91.0,1610612760.0,21600211,True
4,PT10M56.00S,10:56,Q4 10:56,10.933333333333334,408,turnover,Ingram Bad Pass Turnover (P2.T15),[],Ingram,0,0,,False,False,1627742.0,,2pt made,steal,,,,101150|1626204|1627742|201627|203500|203506|203530|203903|203924|204028,101150|1626204|1627742|203903|204028,201627|203500|203506|203530|203924,,,1610612747.0,21600211,True
4,PT10M56.00S,10:56,Q4 10:56,10.933333333333334,408,steal,Morrow STEAL (1 STL),[],Morrow,0,0,,False,False,201627.0,,turnover,3pt missed,,201627.0,,101150|1626204|1627742|201627|203500|203506|203530|203903|203924|204028,201627|203500|203506|203530|203924,101150|1626204|1627742|203903|204028,,,1610612760.0,21600211,True
4,PT10M47.00S,10:47,Q4 10:47,10.783333333333333,409,3pt,MISS Morrow 25' 3PT Jump Shot,[],Morrow,0,0,Missed,True,False,201627.0,,steal,rebound,,,,101150|1626204|1627742|201627|203500|203506|203530|203903|203924|204028,201627|203500|203506|203530|203924,101150|1626204|1627742|203903|204028,138.0,212.0,1610612760.0,21600211,True
4,PT10M46.00S,10:46,Q4 10:46,10.766666666666667,410,rebound,Black REBOUND (Off:2 Def:4),[],Black,0,0,,False,False,204028.0,,3pt missed,2pt missed,,,,101150|1626204|1627742|201627|203500|203506|203530|203903|203924|204028,101150|1626204|1627742|203903|204028,201627|203500|203506|203530|203924,,,1610612747.0,21600211,True
4,PT10M25.00S,10:25,Q4 10:25,10.416666666666666,411,2pt,MISS Clarkson 7' Turnaround Jump Shot,['pointsinthepaint'],Clarkson,0,0,Missed,True,False,203903.0,,rebound,rebound,,,,101150|1626204|1627742|201627|203500|203506|203530|203903|203924|204028,101150|1626204|1627742|203903|204028,201627|203500|203506|203530|203924,27.0,60.0,1610612747.0,21600211,True
4,PT10M21.00S,10:21,Q4 10:21,10.35,412,rebound,Grant REBOUND (Off:0 Def:3),[],Grant,0,0,,False,False,203924.0,,2pt missed,3pt missed,,,,101150|1626204|1627742|201627|203500|203506|203530|203903|203924|204028,201627|203500|203506|203530|203924,101150|1626204|1627742|203903|204028,,,1610612760.0,21600211,True
4,PT10M17.00S,10:17,Q4 10:17,10.283333333333333,413,3pt,MISS Lauvergne 24' 3PT Running Pull-Up Jump Shot,[],Lauvergne,0,0,Missed,True,False,203530.0,,rebound,rebound,,,,101150|1626204|1627742|201627|203500|203506|203530|203903|203924|204028,201627|203500|203506|203530|203924,101150|1626204|1627742|203903|204028,-152.0,192.0,1610612760.0,21600211,True
4,PT10M13.00S,10:13,Q4 10:13,10.216666666666667,414,rebound,Clarkson REBOUND (Off:0 Def:2),[],Clarkson,0,0,,False,False,203903.0,,3pt missed,foul,,,,101150|1626204|1627742|201627|203500|203506|203530|203903|203924|204028,101150|1626204|1627742|203903|204028,201627|203500|203506|203530|203924,,,1610612747.0,21600211,True
4,PT09M58.00S,09:58,Q4 09:58,9.966666666666667,415,foul,Ingram OFF.Foul (P1) (M.Lindsay),[],Ingram,0,0,,False,False,1627742.0,,rebound,turnover,203506.0,,,101150|1626204|1627742|201627|203500|203506|203530|203903|203924|204028,101150|1626204|1627742|203903|204028,201627|203500|203506|203530|203924,,,1610612747.0,21600211,True
4,PT09M58.00S,09:58,Q4 09:58,9.966666666666667,416,turnover,Ingram Foul Turnover (P3.T16),[],Ingram,0,0,,False,False,1627742.0,,foul,2pt missed,,,,101150|1626204|1627742|201627|203500|203506|203530|203903|203924|204028,101150|1626204|1627742|203903|204028,201627|203500|203506|203530|203924,,,1610612747.0,21600211,True
4,PT09M47.00S,09:47,Q4 09:47,9.783333333333333,417,2pt,MISS Oladipo 19' Pullup Jump Shot,[],Oladipo,0,0,Missed,True,False,203506.0,,turnover,rebound,,,,101150|1626204|1627742|201627|203500|203506|203530|203903|203924|204028,201627|203500|203506|203530|203924,101150|1626204|1627742|203903|204028,49.0,183.0,1610612760.0,21600211,True
4,PT09M44.00S,09:44,Q4 09:44,9.733333333333333,418,rebound,Williams REBOUND (Off:0 Def:1),[],Williams,0,0,,False,False,101150.0,,2pt missed,3pt made,,,,101150|1626204|1627742|201627|203500|203506|203530|203903|203924|204028,101150|1626204|1627742|203903|204028,201627|203500|203506|203530|203924,,,1610612747.0,21600211,True
4,PT09M29.00S,09:29,Q4 09:29,9.483333333333333,419,3pt,Williams 24' 3PT Step Back Jump Shot (9 PTS),[],Williams,88,76,Made,True,False,101150.0,,rebound,2pt made,,,,101150|1626204|1627742|201627|203500|203506|203530|203903|203924|204028,101150|1626204|1627742|203903|204028,201627|203500|203506|203530|203924,-238.0,-6.0,1610612747.0,21600211,True
4,PT09M06.00S,09:06,Q4 09:06,9.1,420,2pt,Lauvergne  Cutting Dunk Shot (12 PTS) (Morrow 1 AST),['pointsinthepaint'],Lauvergne,88,78,Made,True,True,203530.0,201627.0,3pt made,3pt made,,,,101150|1626204|1627742|201627|203500|203506|203530|203903|203924|204028,201627|203500|203506|203530|203924,101150|1626204|1627742|203903|204028,0.0,1.0,1610612760.0,21600211,True
4,PT08M47.00S,08:47,Q4 08:47,8.783333333333333,422,3pt,Ingram 24' 3PT Jump Shot (8 PTS) (Williams 4 AST),[],Ingram,91,78,Made,True,True,1627742.0,101150.0,2pt made,3pt made,,,,101150|1626204|1627742|201627|203500|203506|203530|203903|203924|204028,101150|1626204|1627742|203903|204028,201627|203500|203506|203530|203924,-242.0,1.0,1610612747.0,21600211,True
4,PT08M28.00S,08:28,Q4 08:28,8.466666666666667,423,3pt,Oladipo 24' 3PT Jump Shot (9 PTS) (Grant 1 AST),[],Oladipo,91,81,Made,True,True,203506.0,203924.0,3pt made,foul,,,,101150|1626204|1627742|201627|203500|203506|203530|203903|203924|204028,201627|203500|203506|203530|203924,101150|1626204|1627742|203903|204028,-240.0,-2.0,1610612760.0,21600211,True
4,PT08M16.00S,08:16,Q4 08:16,8.266666666666667,424,foul,Lauvergne S.FOUL (P3.T2) (S.Twardoski),[],Lauvergne,0,0,,False,False,203530.0,,3pt made,timeout,203903.0,,,101150|1626204|1627742|201627|203500|203506|203530|203903|203924|204028,201627|203500|203506|203530|203924,101150|1626204|1627742|203903|204028,,,1610612760.0,21600211,True
4,PT08M16.00S,08:16,Q4 08:16,8.266666666666667,425,timeout,Timeout: Official,[],,0,0,,False,False,0.0,,foul,freethrow,,,,101150|1626204|1627742|201627|203500|203506|203530|203903|203924|204028,101150|1626204|1627742|203903|204028,201627|203500|203506|203530|203924,,,0.0,21600211,True
4,PT08M16.00S,08:16,Q4 08:16,8.266666666666667,431,freethrow,Clarkson Free Throw 1 of 2 (13 PTS),[],Clarkson,92,81,Made,False,False,203903.0,,timeout,freethrow,,,,101150|1626204|1627742|201627|203500|203506|203530|203903|203924|204028,101150|1626204|1627742|203903|204028,201627|203500|203506|203530|203924,,,1610612747.0,21600211,True
4,PT08M16.00S,08:16,Q4 08:16,8.266666666666667,433,freethrow,Clarkson Free Throw 2 of 2 (14 PTS),[],Clarkson,93,81,Made,False,False,203903.0,,freethrow,substitution,,,,101150|1626204|1627742|201627|203500|203506|203530|203903|203924|204028,101150|1626204|1627742|203903|204028,201627|203500|203506|203530|203924,,,1610612747.0,21600211,True
4,PT08M16.00S,08:16,Q4 08:16,8.266666666666667,427,substitution,SUB out: S. Adams,[],Adams,0,0,,False,False,203500.0,,substitution,substitution,,,,101150|1626204|1627742|201627|202683|203506|203530|203903|204028,201627|202683|203506|203530,101150|1626204|1627742|203903|204028,,,1610612760.0,21600211,False
4,PT08M16.00S,08:16,Q4 08:16,8.266666666666667,428,substitution,SUB: Kanter FOR Grant,[],Grant,0,0,,False,False,203924.0,,substitution,substitution,,,,101150|1626204|1627742|201627|202683|203506|203530|203903|204028,201627|202683|203506|203530,101150|1626204|1627742|203903|204028,,,1610612760.0,21600211,False
4,PT08M16.00S,08:16,Q4 08:16,8.266666666666667,429,substitution,SUB out: J. Lauvergne,[],Lauvergne,0,0,,False,False,203530.0,,substitution,substitution,,,,101150|1626204|1627742|201627|202683|203506|203903|204028,201627|202683|203506,101150|1626204|1627742|203903|204028,,,1610612760.0,21600211,False
4,PT08M16.00S,08:16,Q4 08:16,8.266666666666667,430,substitution,SUB in: D. Sabonis,[],Sabonis,0,0,,False,False,1627734.0,,substitution,substitution,,,,101150|1626204|1627734|1627742|201627|202683|203506|203903|204028,1627734|201627|202683|203506,101150|1626204|1627742|203903|204028,,,1610612760.0,21600211,False
4,PT08M16.00S,08:16,Q4 08:16,8.266666666666667,432,substitution,SUB in: R. Westbrook,[],Westbrook,0,0,,False,False,201566.0,,substitution,turnover,,,,101150|1626204|1627734|1627742|201566|201627|202683|203506|203903|204028,1627734|201566|201627|202683|203506,101150|1626204|1627742|203903|204028,,,1610612760.0,21600211,True
4,PT08M04.00S,08:04,Q4 08:04,8.066666666666666,435,turnover,Westbrook Traveling Turnover (P7.T15),[],Westbrook,0,0,,False,False,201566.0,,substitution,turnover,,,,101150|1626204|1627734|1627742|201566|201627|202683|203506|203903|204028,1627734|201566|201627|202683|203506,101150|1626204|1627742|203903|204028,,,1610612760.0,21600211,True
4,PT07M54.00S,07:54,Q4 07:54,7.9,436,turnover,Ingram Bad Pass Turnover (P4.T17),[],Ingram,0,0,,False,False,1627742.0,,turnover,steal,,,,101150|1626204|1627734|1627742|201566|201627|202683|203506|203903|204028,101150|1626204|1627742|203903|204028,1627734|201566|201627|202683|203506,,,1610612747.0,21600211,True
4,PT07M54.00S,07:54,Q4 07:54,7.9,436,steal,Westbrook STEAL (2 STL),[],Westbrook,0,0,,False,False,201566.0,,turnover,3pt missed,,201566.0,,101150|1626204|1627734|1627742|201566|201627|202683|203506|203903|204028,1627734|201566|201627|202683|203506,101150|1626204|1627742|203903|204028,,,1610612760.0,21600211,True
4,PT07M31.00S,07:31,Q4 07:31,7.516666666666667,437,3pt,MISS Westbrook 27' 3PT Jump Shot,[],Westbrook,0,0,Missed,True,False,201566.0,,steal,rebound,,,,101150|1626204|1627734|1627742|201566|201627|202683|203506|203903|204028,1627734|201566|201627|202683|203506,101150|1626204|1627742|203903|204028,166.0,218.0,1610612760.0,21600211,True
4,PT07M30.00S,07:30,Q4 07:30,7.5,438,rebound,Kanter REBOUND (Off:3 Def:2),[],Freedom,0,0,,False,False,202683.0,,3pt missed,2pt made,,,,101150|1626204|1627734|1627742|201566|201627|202683|203506|203903|204028,1627734|201566|201627|202683|203506,101150|1626204|1627742|203903|204028,,,1610612760.0,21600211,True
4,PT07M28.00S,07:28,Q4 07:28,7.466666666666667,439,2pt,Kanter 1' Putback Layup (10 PTS),['pointsinthepaint'],Freedom,93,83,Made,True,False,202683.0,,rebound,substitution,,,,101150|1626204|1627734|1627742|201566|201627|202683|203506|203903|204028,1627734|201566|201627|202683|203506,101150|1626204|1627742|203903|204028,-13.0,1.0,1610612760.0,21600211,True
4,PT07M11.00S,07:11,Q4 07:11,7.183333333333334,442,substitution,SUB out: T. Black,[],Black,0,0,,False,False,204028.0,,2pt made,substitution,,,,101150|1626204|1627734|1627742|201566|201627|202683|203506|203903,101150|1626204|1627742|203903,1627734|201566|201627|202683|203506,,,1610612747.0,21600211,False
4,PT07M11.00S,07:11,Q4 07:11,7.183333333333334,443,substitution,SUB out: E. Freedom,[],Freedom,0,0,,False,False,202683.0,,substitution,substitution,,,,101150|1626204|1627734|1627742|201566|201627|203506|203903,1627734|201566|201627|203506,101150|1626204|1627742|203903,,,1610612760.0,21600211,False
4,PT07M11.00S,07:11,Q4 07:11,7.183333333333334,444,substitution,SUB in: T. Mozgov,[],Mozgov,0,0,,False,False,202389.0,,substitution,substitution,,,,101150|1626204|1627734|1627742|201566|201627|202389|203506|203903,101150|1626204|1627742|202389|203903,1627734|201566|201627|203506,,,1610612747.0,21600211,False
4,PT07M11.00S,07:11,Q4 07:11,7.183333333333334,445,substitution,SUB in: S. Adams,[],Adams,0,0,,False,False,203500.0,,substitution,foul,,,,101150|1626204|1627734|1627742|201566|201627|202389|203500|203506|203903,1627734|201566|201627|203500|203506,101150|1626204|1627742|202389|203903,,,1610612760.0,21600211,True
4,PT06M59.00S,06:59,Q4 06:59,6.983333333333333,445,foul,Westbrook S.FOUL (P3.T3) (S.Twardoski),[],Westbrook,0,0,,False,False,201566.0,,substitution,freethrow,203903.0,,,101150|1626204|1627734|1627742|201566|201627|202389|203500|203506|203903,1627734|201566|201627|203500|203506,101150|1626204|1627742|202389|203903,,,1610612760.0,21600211,True
4,PT06M59.00S,06:59,Q4 06:59,6.983333333333333,446,freethrow,Clarkson Free Throw 1 of 2 (15 PTS),[],Clarkson,94,83,Made,False,False,203903.0,,foul,freethrow,,,,101150|1626204|1627734|1627742|201566|201627|202389|203500|203506|203903,101150|1626204|1627742|202389|203903,1627734|201566|201627|203500|203506,,,1610612747.0,21600211,True
4,PT06M59.00S,06:59,Q4 06:59,6.983333333333333,448,freethrow,Clarkson Free Throw 2 of 2 (16 PTS),[],Clarkson,95,83,Made,False,False,203903.0,,freethrow,turnover,,,,101150|1626204|1627734|1627742|201566|201627|202389|203500|203506|203903,101150|1626204|1627742|202389|203903,1627734|201566|201627|203500|203506,,,1610612747.0,21600211,True
4,PT06M50.00S,06:50,Q4 06:50,6.833333333333333,450,turnover,Westbrook Bad Pass Turnover (P8.T16),[],Westbrook,0,0,,False,False,201566.0,,freethrow,steal,,,,101150|1626204|1627734|1627742|201566|201627|202389|203500|203506|203903,1627734|201566|201627|203500|203506,101150|1626204|1627742|202389|203903,,,1610612760.0,21600211,True
4,PT06M50.00S,06:50,Q4 06:50,6.833333333333333,450,steal,Clarkson STEAL (4 STL),[],Clarkson,0,0,,False,False,203903.0,,turnover,2pt made,,203903.0,,101150|1626204|1627734|1627742|201566|201627|202389|203500|203506|203903,101150|1626204|1627742|202389|203903,1627734|201566|201627|203500|203506,,,1610612747.0,21600211,True
4,PT06M45.00S,06:45,Q4 06:45,6.75,451,2pt,Nance Jr.  Cutting Dunk Shot (6 PTS) (Ingram 1 AST),['pointsinthepaint'],Nance Jr.,97,83,Made,True,True,1626204.0,1627742.0,steal,timeout,,,,101150|1626204|1627734|1627742|201566|201627|202389|203500|203506|203903,101150|1626204|1627742|202389|203903,1627734|201566|201627|203500|203506,0.0,1.0,1610612747.0,21600211,True
4,PT06M44.00S,06:44,Q4 06:44,6.733333333333333,452,timeout,Thunder Timeout: Regular (Reg.4 Short 1),[],,0,0,,False,False,0.0,,2pt made,2pt made,,,,101150|1626204|1627734|1627742|201566|201627|202389|203500|203506|203903,1627734|201566|201627|203500|203506,101150|1626204|1627742|202389|203903,,,1610612760.0,21600211,True
4,PT06M37.00S,06:37,Q4 06:37,6.616666666666667,456,2pt,Westbrook 4' Driving Floating Jump Shot (19 PTS),['pointsinthepaint'],Westbrook,97,85,Made,True,False,201566.0,,timeout,3pt missed,,,,101150|1626204|1627734|1627742|201566|201627|202389|203500|203506|203903,1627734|201566|201627|203500|203506,101150|1626204|1627742|202389|203903,-13.0,36.0,1610612760.0,21600211,True
4,PT06M18.00S,06:18,Q4 06:18,6.3,457,3pt,MISS Williams 25' 3PT Jump Shot,[],Williams,0,0,Missed,True,False,101150.0,,2pt made,rebound,,,,101150|1626204|1627734|1627742|201566|201627|202389|203500|203506|203903,101150|1626204|1627742|202389|203903,1627734|201566|201627|203500|203506,-232.0,94.0,1610612747.0,21600211,True
4,PT06M16.00S,06:16,Q4 06:16,6.266666666666667,458,rebound,Westbrook REBOUND (Off:3 Def:4),[],Westbrook,0,0,,False,False,201566.0,,3pt missed,2pt made,,,,101150|1626204|1627734|1627742|201566|201627|202389|203500|203506|203903,1627734|201566|201627|203500|203506,101150|1626204|1627742|202389|203903,,,1610612760.0,21600211,True
4,PT06M14.00S,06:14,Q4 06:14,6.233333333333333,459,2pt,Oladipo 1' Running Finger Roll Layup (11 PTS) (Westbrook 11 AST),['pointsinthepaint'],Oladipo,97,87,Made,True,True,203506.0,201566.0,rebound,timeout,,,,101150|1626204|1627734|1627742|201566|201627|202389|203500|203506|203903,1627734|201566|201627|203500|203506,101150|1626204|1627742|202389|203903,-10.0,1.0,1610612760.0,21600211,True
4,PT06M14.00S,06:14,Q4 06:14,6.233333333333333,460,timeout,LAKERS Timeout: Short (Full 3 Short 2),[],,0,0,,False,False,0.0,,2pt made,3pt made,,,,101150|1626204|1627734|1627742|201566|201627|202389|203500|203506|203903,101150|1626204|1627742|202389|203903,1627734|201566|201627|203500|203506,,,1610612747.0,21600211,True
4,PT06M00.00S,06:00,Q4 06:00,6.0,462,3pt,Ingram 25' 3PT Jump Shot (11 PTS) (Williams 5 AST),[],Ingram,100,87,Made,True,True,1627742.0,101150.0,timeout,3pt made,,,,101150|1626204|1627734|1627742|201566|201627|202389|203500|203506|203903,101150|1626204|1627742|202389|203903,1627734|201566|201627|203500|203506,107.0,228.0,1610612747.0,21600211,True
4,PT05M43.00S,05:43,Q4 05:43,5.716666666666667,463,3pt,Oladipo  3PT Jump Shot (14 PTS) (Westbrook 12 AST),[],Oladipo,100,90,Made,True,True,203506.0,201566.0,3pt made,2pt made,,,,101150|1626204|1627734|1627742|201566|201627|202389|203500|203506|203903,1627734|201566|201627|203500|203506,101150|1626204|1627742|202389|203903,233.0,21.0,1610612760.0,21600211,True
4,PT05M30.00S,05:30,Q4 05:30,5.5,464,2pt,Nance Jr. 17' Jump Shot (8 PTS) (Ingram 2 AST),[],Nance Jr.,102,90,Made,True,True,1626204.0,1627742.0,3pt made,3pt made,,,,101150|1626204|1627734|1627742|201566|201627|202389|203500|203506|203903,101150|1626204|1627742|202389|203903,1627734|201566|201627|203500|203506,36.0,168.0,1610612747.0,21600211,True
4,PT05M13.00S,05:13,Q4 05:13,5.216666666666667,465,3pt,Westbrook 27' 3PT Jump Shot (22 PTS) (Adams 2 AST),[],Westbrook,102,93,Made,True,True,201566.0,203500.0,2pt made,2pt made,,,,101150|1626204|1627734|1627742|201566|201627|202389|203500|203506|203903,1627734|201566|201627|203500|203506,101150|1626204|1627742|202389|203903,-54.0,267.0,1610612760.0,21600211,True
4,PT04M52.00S,04:52,Q4 04:52,4.866666666666667,466,2pt,Clarkson  Driving Dunk (18 PTS),['pointsinthepaint'],Clarkson,104,93,Made,True,False,203903.0,,3pt made,3pt made,,,,101150|1626204|1627734|1627742|201566|201627|202389|203500|203506|203903,101150|1626204|1627742|202389|203903,1627734|201566|201627|203500|203506,0.0,1.0,1610612747.0,21600211,True
4,PT04M37.00S,04:37,Q4 04:37,4.616666666666667,467,3pt,Westbrook 24' 3PT Jump Shot (25 PTS) (Oladipo 4 AST),[],Westbrook,104,96,Made,True,True,201566.0,203506.0,2pt made,3pt missed,,,,101150|1626204|1627734|1627742|201566|201627|202389|203500|203506|203903,1627734|201566|201627|203500|203506,101150|1626204|1627742|202389|203903,-238.0,18.0,1610612760.0,21600211,True
4,PT04M17.00S,04:17,Q4 04:17,4.283333333333333,468,3pt,MISS Clarkson 26' 3PT Jump Shot,[],Clarkson,0,0,Missed,True,False,203903.0,,3pt made,rebound,,,,101150|1626204|1627734|1627742|201566|201627|202389|203500|203506|203903,101150|1626204|1627742|202389|203903,1627734|201566|201627|203500|203506,-235.0,111.0,1610612747.0,21600211,True
4,PT04M15.00S,04:15,Q4 04:15,4.25,469,rebound,Adams REBOUND (Off:3 Def:1),[],Adams,0,0,,False,False,203500.0,,3pt missed,timeout,,,,101150|1626204|1627734|1627742|201566|201627|202389|203500|203506|203903,1627734|201566|201627|203500|203506,101150|1626204|1627742|202389|203903,,,1610612760.0,21600211,True
4,PT04M15.00S,04:15,Q4 04:15,4.25,470,timeout,Thunder Timeout: Short (Reg.4 Short 2),[],,0,0,,False,False,0.0,,rebound,substitution,,,,101150|1626204|1627734|1627742|201566|201627|202389|203500|203506|203903,1627734|201566|201627|203500|203506,101150|1626204|1627742|202389|203903,,,1610612760.0,21600211,True
4,PT04M15.00S,04:15,Q4 04:15,4.25,472,substitution,SUB out: D. Sabonis,[],Sabonis,0,0,,False,False,1627734.0,,timeout,substitution,,,,101150|1626204|1627742|201566|201627|202389|203500|203506|203903,201566|201627|203500|203506,101150|1626204|1627742|202389|203903,,,1610612760.0,21600211,False
4,PT04M15.00S,04:15,Q4 04:15,4.25,473,substitution,SUB out: J. Clarkson,[],Clarkson,0,0,,False,False,203903.0,,substitution,substitution,,,,101150|1626204|1627742|201566|201627|202389|203500|203506,101150|1626204|1627742|202389,201566|201627|203500|203506,,,1610612747.0,21600211,False
4,PT04M15.00S,04:15,Q4 04:15,4.25,474,substitution,SUB in: J. Lauvergne,[],Lauvergne,0,0,,False,False,203530.0,,substitution,substitution,,,,101150|1626204|1627742|201566|201627|202389|203500|203506|203530,201566|201627|203500|203506|203530,101150|1626204|1627742|202389,,,1610612760.0,21600211,False
4,PT04M15.00S,04:15,Q4 04:15,4.25,475,substitution,SUB in: N. Young,[],Young,0,0,,False,False,201156.0,,substitution,2pt made,,,,101150|1626204|1627742|201156|201566|201627|202389|203500|203506|203530,101150|1626204|1627742|201156|202389,201566|201627|203500|203506|203530,,,1610612747.0,21600211,True
4,PT04M04.00S,04:04,Q4 04:04,4.066666666666666,474,2pt,Westbrook 13' Step Back Bank Jump Shot (27 PTS),[],Westbrook,104,98,Made,True,False,201566.0,,substitution,2pt made,,,,101150|1626204|1627742|201156|201566|201627|202389|203500|203506|203530,201566|201627|203500|203506|203530,101150|1626204|1627742|201156|202389,-129.0,32.0,1610612760.0,21600211,True
4,PT03M49.00S,03:49,Q4 03:49,3.8166666666666664,475,2pt,Williams  Driving Layup (11 PTS),['pointsinthepaint'],Williams,106,98,Made,True,False,101150.0,,2pt made,foul,,,,101150|1626204|1627742|201156|201566|201627|202389|203500|203506|203530,101150|1626204|1627742|201156|202389,201566|201627|203500|203506|203530,1.0,-2.0,1610612747.0,21600211,True
4,PT03M38.00S,03:38,Q4 03:38,3.6333333333333333,476,foul,Mozgov Shooting Block Foul (P3.T1) (S.Twardoski),[],Mozgov,0,0,,False,False,202389.0,,2pt made,freethrow,201566.0,,,101150|1626204|1627742|201156|201566|201627|202389|203500|203506|203530,101150|1626204|1627742|201156|202389,201566|201627|203500|203506|203530,,,1610612747.0,21600211,True
4,PT03M38.00S,03:38,Q4 03:38,3.6333333333333333,477,freethrow,MISS Westbrook Free Throw 1 of 2,[],Westbrook,0,0,Missed,False,False,201566.0,,foul,rebound,,,,101150|1626204|1627742|201156|201566|201627|202389|203500|203506|203530,201566|201627|203500|203506|203530,101150|1626204|1627742|201156|202389,,,1610612760.0,21600211,True
4,PT03M38.00S,03:38,Q4 03:38,3.6333333333333333,478,rebound,TEAM offensive REBOUND,['team'],,0,0,,False,False,0.0,,freethrow,freethrow,,,,101150|1626204|1627742|201156|201566|201627|202389|203500|203506|203530,201566|201627|203500|203506|203530,101150|1626204|1627742|201156|202389,,,1610612760.0,21600211,True
4,PT03M38.00S,03:38,Q4 03:38,3.6333333333333333,479,freethrow,Westbrook Free Throw 2 of 2 (28 PTS),['2ndchance'],Westbrook,106,99,Made,False,False,201566.0,,rebound,2pt made,,,,101150|1626204|1627742|201156|201566|201627|202389|203500|203506|203530,201566|201627|203500|203506|203530,101150|1626204|1627742|201156|202389,,,1610612760.0,21600211,True
4,PT03M21.00S,03:21,Q4 03:21,3.35,481,2pt,Williams 14' Floating Jump Shot (13 PTS),[],Williams,108,99,Made,True,False,101150.0,,freethrow,3pt made,,,,101150|1626204|1627742|201156|201566|201627|202389|203500|203506|203530,101150|1626204|1627742|201156|202389,201566|201627|203500|203506|203530,-135.0,36.0,1610612747.0,21600211,True
4,PT03M12.00S,03:12,Q4 03:12,3.2,482,3pt,Westbrook 24' 3PT Jump Shot (31 PTS),[],Westbrook,108,102,Made,True,False,201566.0,,2pt made,2pt missed,,,,101150|1626204|1627742|201156|201566|201627|202389|203500|203506|203530,201566|201627|203500|203506|203530,101150|1626204|1627742|201156|202389,-237.0,36.0,1610612760.0,21600211,True
4,PT02M52.00S,02:52,Q4 02:52,2.8666666666666667,483,2pt,MISS Williams 3' Finger Roll Layup,['pointsinthepaint'],Williams,0,0,Missed,True,False,101150.0,,3pt made,block,,,,101150|1626204|1627742|201156|201566|201627|202389|203500|203506|203530,101150|1626204|1627742|201156|202389,201566|201627|203500|203506|203530,14.0,21.0,1610612747.0,21600211,True
4,PT02M52.00S,02:52,Q4 02:52,2.8666666666666667,483,block,Oladipo BLOCK (1 BLK),[],Oladipo,0,0,,False,False,203506.0,,2pt missed,rebound,,,203506.0,101150|1626204|1627742|201156|201566|201627|202389|203500|203506|203530,201566|201627|203500|203506|203530,101150|1626204|1627742|201156|202389,,,1610612760.0,21600211,True
4,PT02M52.00S,02:52,Q4 02:52,2.8666666666666667,484,rebound,TEAM offensive REBOUND,['team'],,0,0,,False,False,0.0,,block,timeout,,,,101150|1626204|1627742|201156|201566|201627|202389|203500|203506|203530,101150|1626204|1627742|201156|202389,201566|201627|203500|203506|203530,,,1610612747.0,21600211,True
4,PT02M52.00S,02:52,Q4 02:52,2.8666666666666667,485,timeout,LAKERS Timeout: Regular (Full 4 Short 2),[],,0,0,,False,False,0.0,,rebound,substitution,,,,101150|1626204|1627742|201156|201566|201627|202389|203500|203506|203530,101150|1626204|1627742|201156|202389,201566|201627|203500|203506|203530,,,1610612747.0,21600211,True
4,PT02M52.00S,02:52,Q4 02:52,2.8666666666666667,486,substitution,SUB out: B. Ingram,[],Ingram,0,0,,False,False,1627742.0,,timeout,substitution,,,,101150|1626204|201156|201566|201627|202389|203500|203506|203530,101150|1626204|201156|202389,201566|201627|203500|203506|203530,,,1610612747.0,21600211,False
4,PT02M52.00S,02:52,Q4 02:52,2.8666666666666667,487,substitution,SUB in: J. Clarkson,[],Clarkson,0,0,,False,False,203903.0,,substitution,2pt missed,,,,101150|1626204|201156|201566|201627|202389|203500|203506|203530|203903,101150|1626204|201156|202389|203903,201566|201627|203500|203506|203530,,,1610612747.0,21600211,True
4,PT02M46.00S,02:46,Q4 02:46,2.7666666666666666,488,2pt,MISS Williams 18' Pullup Jump Shot,[],Williams,0,0,Missed,True,False,101150.0,,substitution,rebound,,,,101150|1626204|201156|201566|201627|202389|203500|203506|203530|203903,101150|1626204|201156|202389|203903,201566|201627|203500|203506|203530,-75.0,160.0,1610612747.0,21600211,True
4,PT02M45.00S,02:45,Q4 02:45,2.75,489,rebound,Lauvergne REBOUND (Off:0 Def:5),[],Lauvergne,0,0,,False,False,203530.0,,2pt missed,2pt missed,,,,101150|1626204|201156|201566|201627|202389|203500|203506|203530|203903,201566|201627|203500|203506|203530,101150|1626204|201156|202389|203903,,,1610612760.0,21600211,True
4,PT02M39.00S,02:39,Q4 02:39,2.65,490,2pt,MISS Westbrook  Running Layup,['pointsinthepaint'],Westbrook,0,0,Missed,True,False,201566.0,,rebound,rebound,,,,101150|1626204|201156|201566|201627|202389|203500|203506|203530|203903,201566|201627|203500|203506|203530,101150|1626204|201156|202389|203903,1.0,0.0,1610612760.0,21600211,True
4,PT02M39.00S,02:39,Q4 02:39,2.65,491,rebound,TEAM defensive REBOUND,['team'],,0,0,,False,False,0.0,,2pt missed,substitution,,,,101150|1626204|201156|201566|201627|202389|203500|203506|203530|203903,101150|1626204|201156|202389|203903,201566|201627|203500|203506|203530,,,1610612747.0,21600211,True
4,PT02M39.00S,02:39,Q4 02:39,2.65,492,substitution,SUB out: A. Morrow,[],Morrow,0,0,,False,False,201627.0,,rebound,substitution,,,,101150|1626204|201156|201566|202389|203500|203506|203530|203903,201566|203500|203506|203530,101150|1626204|201156|202389|203903,,,1610612760.0,21600211,False
4,PT02M39.00S,02:39,Q4 02:39,2.65,493,substitution,SUB in: A. Roberson,[],Roberson,0,0,,False,False,203460.0,,substitution,2pt missed,,,,101150|1626204|201156|201566|202389|203460|203500|203506|203530|203903,201566|203460|203500|203506|203530,101150|1626204|201156|202389|203903,,,1610612760.0,21600211,True
4,PT02M16.00S,02:16,Q4 02:16,2.2666666666666666,494,2pt,MISS Young 11' Pullup Jump Shot,['pointsinthepaint'],Young,0,0,Missed,True,False,201156.0,,substitution,rebound,,,,101150|1626204|201156|201566|202389|203460|203500|203506|203530|203903,101150|1626204|201156|202389|203903,201566|203460|203500|203506|203530,23.0,104.0,1610612747.0,21600211,True
4,PT02M13.00S,02:13,Q4 02:13,2.216666666666667,495,rebound,Lauvergne REBOUND (Off:0 Def:6),[],Lauvergne,0,0,,False,False,203530.0,,2pt missed,2pt missed,,,,101150|1626204|201156|201566|202389|203460|203500|203506|203530|203903,201566|203460|203500|203506|203530,101150|1626204|201156|202389|203903,,,1610612760.0,21600211,True
4,PT02M03.00S,02:03,Q4 02:03,2.05,496,2pt,MISS Westbrook 12' Jump Shot,['pointsinthepaint'],Westbrook,0,0,Missed,True,False,201566.0,,rebound,rebound,,,,101150|1626204|201156|201566|202389|203460|203500|203506|203530|203903,201566|203460|203500|203506|203530,101150|1626204|201156|202389|203903,54.0,109.0,1610612760.0,21600211,True
4,PT02M01.00S,02:01,Q4 02:01,2.0166666666666666,497,rebound,Nance Jr. REBOUND (Off:1 Def:3),[],Nance Jr.,0,0,,False,False,1626204.0,,2pt missed,2pt missed,,,,101150|1626204|201156|201566|202389|203460|203500|203506|203530|203903,101150|1626204|201156|202389|203903,201566|203460|203500|203506|203530,,,1610612747.0,21600211,True
4,PT01M45.00S,01:45,Q4 01:45,1.75,498,2pt,MISS Clarkson 13' Pullup Jump Shot,[],Clarkson,0,0,Missed,True,False,203903.0,,rebound,rebound,,,,101150|1626204|201156|201566|202389|203460|203500|203506|203530|203903,101150|1626204|201156|202389|203903,201566|203460|203500|203506|203530,125.0,50.0,1610612747.0,21600211,True
4,PT01M45.00S,01:45,Q4 01:45,1.75,499,rebound,TEAM defensive REBOUND,['team'],,0,0,,False,False,0.0,,2pt missed,3pt made,,,,101150|1626204|201156|201566|202389|203460|203500|203506|203530|203903,201566|203460|203500|203506|203530,101150|1626204|201156|202389|203903,,,1610612760.0,21600211,True
4,PT01M38.00S,01:38,Q4 01:38,1.6333333333333333,501,3pt,Westbrook 25' 3PT Pullup Jump Shot (34 PTS),[],Westbrook,108,105,Made,True,False,201566.0,,rebound,3pt missed,,,,101150|1626204|201156|201566|202389|203460|203500|203506|203530|203903,201566|203460|203500|203506|203530,101150|1626204|201156|202389|203903,187.0,163.0,1610612760.0,21600211,True
4,PT01M14.00S,01:14,Q4 01:14,1.2333333333333334,502,3pt,MISS Clarkson 24' 3PT Jump Shot,[],Clarkson,0,0,Missed,True,False,203903.0,,3pt made,rebound,,,,101150|1626204|201156|201566|202389|203460|203500|203506|203530|203903,101150|1626204|201156|202389|203903,201566|203460|203500|203506|203530,-222.0,80.0,1610612747.0,21600211,True
4,PT01M13.00S,01:13,Q4 01:13,1.2166666666666668,503,rebound,Lauvergne REBOUND (Off:0 Def:7),[],Lauvergne,0,0,,False,False,203530.0,,3pt missed,3pt missed,,,,101150|1626204|201156|201566|202389|203460|203500|203506|203530|203903,201566|203460|203500|203506|203530,101150|1626204|201156|202389|203903,,,1610612760.0,21600211,True
4,PT01M08.00S,01:08,Q4 01:08,1.1333333333333333,504,3pt,MISS Westbrook 26' 3PT Running Jump Shot,[],Westbrook,0,0,Missed,True,False,201566.0,,rebound,rebound,,,,101150|1626204|201156|201566|202389|203460|203500|203506|203530|203903,201566|203460|203500|203506|203530,101150|1626204|201156|202389|203903,-88.0,241.0,1610612760.0,21600211,True
4,PT01M07.00S,01:07,Q4 01:07,1.1166666666666667,505,rebound,Clarkson REBOUND (Off:0 Def:3),[],Clarkson,0,0,,False,False,203903.0,,3pt missed,3pt missed,,,,101150|1626204|201156|201566|202389|203460|203500|203506|203530|203903,101150|1626204|201156|202389|203903,201566|203460|203500|203506|203530,,,1610612747.0,21600211,True
4,PT00M49.90S,00:49,Q4 00:49,0.8316666666666667,506,3pt,MISS Williams 26' 3PT Jump Shot,[],Williams,0,0,Missed,True,False,101150.0,,rebound,rebound,,,,101150|1626204|201156|201566|202389|203460|203500|203506|203530|203903,101150|1626204|201156|202389|203903,201566|203460|203500|203506|203530,-145.0,212.0,1610612747.0,21600211,True
4,PT00M48.70S,00:48,Q4 00:48,0.8116666666666668,507,rebound,Adams REBOUND (Off:3 Def:2),[],Adams,0,0,,False,False,203500.0,,3pt missed,timeout,,,,101150|1626204|201156|201566|202389|203460|203500|203506|203530|203903,201566|203460|203500|203506|203530,101150|1626204|201156|202389|203903,,,1610612760.0,21600211,True
4,PT00M48.70S,00:48,Q4 00:48,0.8116666666666668,508,timeout,Thunder Timeout: Regular (Reg.5 Short 2),[],,0,0,,False,False,0.0,,rebound,substitution,,,,101150|1626204|201156|201566|202389|203460|203500|203506|203530|203903,201566|203460|203500|203506|203530,101150|1626204|201156|202389|203903,,,1610612760.0,21600211,True
4,PT00M48.70S,00:48,Q4 00:48,0.8116666666666668,512,substitution,SUB out: T. Mozgov,[],Mozgov,0,0,,False,False,202389.0,,timeout,substitution,,,,101150|1626204|201156|201566|203460|203500|203506|203530|203903,101150|1626204|201156|203903,201566|203460|203500|203506|203530,,,1610612747.0,21600211,False
4,PT00M48.70S,00:48,Q4 00:48,0.8116666666666668,513,substitution,SUB in: B. Ingram,[],Ingram,0,0,,False,False,1627742.0,,substitution,2pt made,,,,101150|1626204|1627742|201156|201566|203460|203500|203506|203530|203903,101150|1626204|1627742|201156|203903,201566|203460|203500|203506|203530,,,1610612747.0,21600211,True
4,PT00M43.20S,00:43,Q4 00:43,0.7200000000000001,513,2pt,Adams  Dunk (18 PTS) (Westbrook 13 AST),['pointsinthepaint'],Adams,108,107,Made,True,True,203500.0,201566.0,substitution,timeout,,,,101150|1626204|1627742|201156|201566|203460|203500|203506|203530|203903,201566|203460|203500|203506|203530,101150|1626204|1627742|201156|203903,0.0,1.0,1610612760.0,21600211,True
4,PT00M43.20S,00:43,Q4 00:43,0.7200000000000001,514,timeout,LAKERS Timeout: Regular (Full 5 Short 2),[],,0,0,,False,False,0.0,,2pt made,substitution,,,,101150|1626204|1627742|201156|201566|203460|203500|203506|203530|203903,101150|1626204|1627742|201156|203903,201566|203460|203500|203506|203530,,,1610612747.0,21600211,True
4,PT00M43.20S,00:43,Q4 00:43,0.7200000000000001,517,substitution,SUB out: J. Lauvergne,[],Lauvergne,0,0,,False,False,203530.0,,timeout,substitution,,,,101150|1626204|1627742|201156|201566|203460|203500|203506|203903,201566|203460|203500|203506,101150|1626204|1627742|201156|203903,,,1610612760.0,21600211,False
4,PT00M43.20S,00:43,Q4 00:43,0.7200000000000001,518,substitution,SUB in: J. Grant,[],Grant,0,0,,False,False,203924.0,,substitution,2pt missed,,,,101150|1626204|1627742|201156|201566|203460|203500|203506|203903|203924,201566|203460|203500|203506|203924,101150|1626204|1627742|201156|203903,,,1610612760.0,21600211,True
4,PT00M23.90S,00:23,Q4 00:23,0.3983333333333333,518,2pt,MISS Nance Jr. 10' Hook Shot,[],Nance Jr.,0,0,Missed,True,False,1626204.0,,substitution,rebound,,,,101150|1626204|1627742|201156|201566|203460|203500|203506|203903|203924,101150|1626204|1627742|201156|203903,201566|203460|203500|203506|203924,96.0,26.0,1610612747.0,21600211,True
4,PT00M21.00S,00:21,Q4 00:21,0.35,519,rebound,Westbrook REBOUND (Off:3 Def:5),[],Westbrook,0,0,,False,False,201566.0,,2pt missed,foul,,,,101150|1626204|1627742|201156|201566|203460|203500|203506|203903|203924,201566|203460|203500|203506|203924,101150|1626204|1627742|201156|203903,,,1610612760.0,21600211,True
4,PT00M21.00S,00:21,Q4 00:21,0.35,520,foul,Williams P.FOUL (P1.T2) (M.Davis),[],Williams,0,0,,False,False,101150.0,,rebound,2pt missed,201566.0,,,101150|1626204|1627742|201156|201566|203460|203500|203506|203903|203924,101150|1626204|1627742|201156|203903,201566|203460|203500|203506|203924,,,1610612747.0,21600211,True
4,PT00M14.90S,00:14,Q4 00:14,0.24833333333333335,521,2pt,MISS Westbrook 19' Pullup Jump Shot,[],Westbrook,0,0,Missed,True,False,201566.0,,foul,rebound,,,,101150|1626204|1627742|201156|201566|203460|203500|203506|203903|203924,201566|203460|203500|203506|203924,101150|1626204|1627742|201156|203903,103.0,158.0,1610612760.0,21600211,True
4,PT00M13.90S,00:13,Q4 00:13,0.23166666666666666,522,rebound,Adams REBOUND (Off:4 Def:2),[],Adams,0,0,,False,False,203500.0,,2pt missed,2pt made,,,,101150|1626204|1627742|201156|201566|203460|203500|203506|203903|203924,201566|203460|203500|203506|203924,101150|1626204|1627742|201156|203903,,,1610612760.0,21600211,True
4,PT00M13.90S,00:13,Q4 00:13,0.23166666666666666,523,2pt,Adams 1' Putback Layup (20 PTS),['pointsinthepaint'],Adams,108,109,Made,True,False,203500.0,,rebound,timeout,,,,101150|1626204|1627742|201156|201566|203460|203500|203506|203903|203924,201566|203460|203500|203506|203924,101150|1626204|1627742|201156|203903,-8.0,6.0,1610612760.0,21600211,True
4,PT00M13.90S,00:13,Q4 00:13,0.23166666666666666,524,timeout,LAKERS Timeout: Short (Full 5 Short 3),[],,0,0,,False,False,0.0,,2pt made,3pt made,,,,101150|1626204|1627742|201156|201566|203460|203500|203506|203903|203924,101150|1626204|1627742|201156|203903,201566|203460|203500|203506|203924,,,1610612747.0,21600211,True
4,PT00M05.00S,00:05,Q4 00:05,0.08333333333333333,528,3pt,Young 27' 3PT Jump Shot (17 PTS) (Ingram 3 AST),[],Young,111,109,Made,True,True,201156.0,1627742.0,timeout,timeout,,,,101150|1626204|1627742|201156|201566|203460|203500|203506|203903|203924,101150|1626204|1627742|201156|203903,201566|203460|203500|203506|203924,-178.0,204.0,1610612747.0,21600211,True
4,PT00M05.00S,00:05,Q4 00:05,0.08333333333333333,529,timeout,Thunder Timeout: Short (Reg.5 Short 3),[],,0,0,,False,False,0.0,,3pt made,substitution,,,,101150|1626204|1627742|201156|201566|203460|203500|203506|203903|203924,201566|203460|203500|203506|203924,101150|1626204|1627742|201156|203903,,,1610612760.0,21600211,True
4,PT00M05.00S,00:05,Q4 00:05,0.08333333333333333,530,substitution,SUB out: L. Williams,[],Williams,0,0,,False,False,101150.0,,timeout,substitution,,,,1626204|1627742|201156|201566|203460|203500|203506|203903|203924,1626204|1627742|201156|203903,201566|203460|203500|203506|203924,,,1610612747.0,21600211,False
4,PT00M05.00S,00:05,Q4 00:05,0.08333333333333333,531,substitution,SUB out: J. Grant,[],Grant,0,0,,False,False,203924.0,,substitution,substitution,,,,1626204|1627742|201156|201566|203460|203500|203506|203903,201566|203460|203500|203506,1626204|1627742|201156|203903,,,1610612760.0,21600211,False
4,PT00M05.00S,00:05,Q4 00:05,0.08333333333333333,532,substitution,SUB in: L. Deng,[],Deng,0,0,,False,False,2736.0,,substitution,substitution,,,,1626204|1627742|201156|201566|203460|203500|203506|203903|2736,1626204|1627742|201156|203903|2736,201566|203460|203500|203506,,,1610612747.0,21600211,False
4,PT00M05.00S,00:05,Q4 00:05,0.08333333333333333,533,substitution,SUB in: A. Morrow,[],Morrow,0,0,,False,False,201627.0,,substitution,3pt missed,,,,1626204|1627742|201156|201566|201627|203460|203500|203506|203903|2736,201566|201627|203460|203500|203506,1626204|1627742|201156|203903|2736,,,1610612760.0,21600211,True
4,PT00M02.90S,00:02,Q4 00:02,0.04833333333333333,532,3pt,MISS Westbrook 31' 3PT Jump Shot,[],Westbrook,0,0,Missed,True,False,201566.0,,substitution,rebound,,,,1626204|1627742|201156|201566|201627|203460|203500|203506|203903|2736,201566|201627|203460|203500|203506,1626204|1627742|201156|203903|2736,-199.0,233.0,1610612760.0,21600211,True
4,PT00M00.00S,00:00,Q4 00:00,0.0,533,rebound,TEAM offensive REBOUND,['team'],,0,0,,False,False,0.0,,3pt missed,period,,,,1626204|1627742|201156|201566|201627|203460|203500|203506|203903|2736,201566|201627|203460|203500|203506,1626204|1627742|201156|203903|2736,,,1610612760.0,21600211,True
4,PT00M00.00S,00:00,Q4 00:00,0.0,534,period,End of 4th Period (12:56 AM EST),[],,111,109,,False,False,0.0,,rebound,,,,,1626204|1627742|201156|201566|201627|203460|203500|203506|203903|2736,1626204|1627742|201156|203903|2736,201566|201627|203460|203500|203506,,,1610612747.0,21600211,True
