period,clock,clock_display,game_clock,minutes_left_in_game,actionNumber,actionType,description,qualifier,playerName,scoreHome,scoreAway,shotResult,isFieldGoal,assisted,person_id,assister_id,previous_action,next_action,foulDrawnPersonId,stealPersonId,blockPersonId,players_on,off_players_on,def_players_on,xLegacy,yLegacy,teamId,game_id,poc_ok
1,PT12M00.00S,12:00,Q1 12:00,48.0,2,period,Start of 1st Period (8:15 PM EST),[],,0,0,,False,False,0.0,,,2pt missed,,,,1626159|1626196|201609|202339|202355|203089|203114|203503|203507|204020,1626159|1626196|201609|202355|204020,202339|203089|203114|203503|203507,,,1610612748.0,21700821,True
1,PT11M41.00S,11:41,Q1 11:41,47.68333333333334,7,2pt,MISS Antetokounmpo 10' Jump Shot,[],Antetokounmpo,0,0,Missed,True,False,203507.0,,period,rebound,,,,1626159|1626196|201609|202339|202355|203089|203114|203503|203507|204020,202339|203089|203114|203503|203507,1626159|1626196|201609|202355|204020,98.0,5.0,1610612749.0,21700821,True
1,PT11M38.00S,11:38,Q1 11:38,47.63333333333333,8,rebound,Whiteside REBOUND (Off:0 Def:1),[],Whiteside,0,0,,False,False,202355.0,,2pt missed,2pt missed,,,,1626159|1626196|201609|202339|202355|203089|203114|203503|203507|204020,1626159|1626196|201609|202355|204020,202339|203089|203114|203503|203507,,,1610612748.0,21700821,True
1,PT11M19.00S,11:19,Q1 11:19,47.31666666666666,10,2pt,MISS Richardson 4' Jump Shot,['pointsinthepaint'],Richardson,0,0,Missed,True,False,1626196.0,,rebound,rebound,,,,1626159|1626196|201609|202339|202355|203089|203114|203503|203507|204020,1626159|1626196|201609|202355|204020,202339|203089|203114|203503|203507,35.0,0.0,1610612748.0,21700821,True
1,PT11M15.00S,11:15,Q1 11:15,47.25,11,rebound,Snell REBOUND (Off:0 Def:1),[],Snell,0,0,,False,False,203503.0,,2pt missed,3pt made,,,,1626159|1626196|201609|202339|202355|203089|203114|203503|203507|204020,202339|203089|203114|203503|203507,1626159|1626196|201609|202355|204020,,,1610612749.0,21700821,True
1,PT11M12.00S,11:12,Q1 11:12,47.2,12,3pt,Middleton 25' 3PT Jump Shot (3 PTS) (Bledsoe 1 AST),[],Middleton,0,3,Made,True,True,203114.0,202339.0,rebound,2pt missed,,,,1626159|1626196|201609|202339|202355|203089|203114|203503|203507|204020,202339|203089|203114|203503|203507,1626159|1626196|201609|202355|204020,33.0,248.0,1610612749.0,21700821,True
1,PT10M52.00S,10:52,Q1 10:52,46.86666666666667,14,2pt,MISS Winslow 2' Driving Layup,['pointsinthepaint'],Winslow,0,3,Missed,True,False,1626159.0,,3pt made,block,,,,1626159|1626196|201609|202339|202355|203089|203114|203503|203507|204020,1626159|1626196|201609|202355|204020,202339|203089|203114|203503|203507,0.0,20.0,1610612748.0,21700821,True
1,PT10M52.00S,10:52,Q1 10:52,46.86666666666667,14,block,Bledsoe BLOCK (1 BLK),[],Bledsoe,0,3,,False,False,202339.0,,2pt missed,rebound,,,202339.0,1626159|1626196|201609|202339|202355|203089|203114|203503|203507|204020,202339|203089|203114|203503|203507,1626159|1626196|201609|202355|204020,,,1610612749.0,21700821,True
1,PT10M52.00S,10:52,Q1 10:52,46.86666666666667,16,rebound,TEAM offensive REBOUND,['team'],,0,3,,False,False,0.0,,block,3pt missed,,,,1626159|1626196|201609|202339|202355|203089|203114|203503|203507|204020,1626159|1626196|201609|202355|204020,202339|203089|203114|203503|203507,,,1610612748.0,21700821,True
1,PT10M46.00S,10:46,Q1 10:46,46.766666666666666,17,3pt,MISS Richardson 26' 3PT Jump Shot,['2ndchance'],Richardson,0,3,Missed,True,False,1626196.0,,rebound,rebound,,,,1626159|1626196|201609|202339|202355|203089|203114|203503|203507|204020,1626159|1626196|201609|202355|204020,202339|203089|203114|203503|203507,142.0,215.0,1610612748.0,21700821,True
1,PT10M43.00S,10:43,Q1 10:43,46.71666666666667,18,rebound,Henson REBOUND (Off:0 Def:1),[],Henson,0,3,,False,False,203089.0,,3pt missed,3pt missed,,,,1626159|1626196|201609|202339|202355|203089|203114|203503|203507|204020,202339|203089|203114|203503|203507,1626159|1626196|201609|202355|204020,,,1610612749.0,21700821,True
1,PT10M28.00S,10:28,Q1 10:28,46.46666666666667,19,3pt,MISS Snell 25' 3PT Jump Shot,[],Snell,0,3,Missed,True,False,203503.0,,rebound,rebound,,,,1626159|1626196|201609|202339|202355|203089|203114|203503|203507|204020,202339|203089|203114|203503|203507,1626159|1626196|201609|202355|204020,-225.0,97.0,1610612749.0,21700821,True
1,PT10M25.00S,10:25,Q1 10:25,46.416666666666664,20,rebound,Whiteside REBOUND (Off:0 Def:2),[],Whiteside,0,3,,False,False,202355.0,,3pt missed,2pt missed,,,,1626159|1626196|201609|202339|202355|203089|203114|203503|203507|204020,1626159|1626196|201609|202355|204020,202339|203089|203114|203503|203507,,,1610612748.0,21700821,True
1,PT10M20.00S,10:20,Q1 10:20,46.333333333333336,21,2pt,MISS Winslow 2' Driving Layup,['pointsinthepaint'],Winslow,0,3,Missed,True,False,1626159.0,,rebound,rebound,,,,1626159|1626196|201609|202339|202355|203089|203114|203503|203507|204020,1626159|1626196|201609|202355|204020,202339|203089|203114|203503|203507,-11.0,13.0,1610612748.0,21700821,True
1,PT10M17.00S,10:17,Q1 10:17,46.28333333333333,22,rebound,Henson REBOUND (Off:0 Def:2),[],Henson,0,3,,False,False,203089.0,,2pt missed,2pt missed,,,,1626159|1626196|201609|202339|202355|203089|203114|203503|203507|204020,202339|203089|203114|203503|203507,1626159|1626196|201609|202355|204020,,,1610612749.0,21700821,True
1,PT10M10.00S,10:10,Q1 10:10,46.166666666666664,23,2pt,MISS Antetokounmpo 1' Layup,['pointsinthepaint'],Antetokounmpo,0,3,Missed,True,False,203507.0,,rebound,block,,,,1626159|1626196|201609|202339|202355|203089|203114|203503|203507|204020,202339|203089|203114|203503|203507,1626159|1626196|201609|202355|204020,10.0,7.0,1610612749.0,21700821,True
1,PT10M10.00S,10:10,Q1 10:10,46.166666666666664,23,block,Whiteside BLOCK (1 BLK),[],Whiteside,0,3,,False,False,202355.0,,2pt missed,rebound,,,202355.0,1626159|1626196|201609|202339|202355|203089|203114|203503|203507|204020,1626159|1626196|201609|202355|204020,202339|203089|203114|203503|203507,,,1610612748.0,21700821,True
1,PT10M06.00S,10:06,Q1 10:06,46.1,25,rebound,Winslow REBOUND (Off:0 Def:1),[],Winslow,0,3,,False,False,1626159.0,,block,turnover,,,,1626159|1626196|201609|202339|202355|203089|203114|203503|203507|204020,1626159|1626196|201609|202355|204020,202339|203089|203114|203503|203507,,,1610612748.0,21700821,True
1,PT10M04.00S,10:04,Q1 10:04,46.06666666666666,26,turnover,T. Johnson Out of Bounds - Bad Pass Turnover Turnover (P1.T1),[],Johnson,0,3,,False,False,204020.0,,rebound,2pt made,,,,1626159|1626196|201609|202339|202355|203089|203114|203503|203507|204020,1626159|1626196|201609|202355|204020,202339|203089|203114|203503|203507,,,1610612748.0,21700821,True
1,PT09M53.00S,09:53,Q1 09:53,45.88333333333333,27,2pt,Bledsoe 2' Driving Layup (2 PTS),['pointsinthepaint'],Bledsoe,0,5,Made,True,False,202339.0,,turnover,3pt missed,,,,1626159|1626196|201609|202339|202355|203089|203114|203503|203507|204020,202339|203089|203114|203503|203507,1626159|1626196|201609|202355|204020,16.0,10.0,1610612749.0,21700821,True
1,PT09M39.00S,09:39,Q1 09:39,45.65,28,3pt,MISS T. Johnson 25' 3PT Jump Shot,[],Johnson,0,5,Missed,True,False,204020.0,,2pt made,rebound,,,,1626159|1626196|201609|202339|202355|203089|203114|203503|203507|204020,1626159|1626196|201609|202355|204020,202339|203089|203114|203503|203507,-193.0,163.0,1610612748.0,21700821,True
1,PT09M37.00S,09:37,Q1 09:37,45.61666666666667,29,rebound,Antetokounmpo REBOUND (Off:0 Def:1),[],Antetokounmpo,0,5,,False,False,203507.0,,3pt missed,2pt made,,,,1626159|1626196|201609|202339|202355|203089|203114|203503|203507|204020,202339|203089|203114|203503|203507,1626159|1626196|201609|202355|204020,,,1610612749.0,21700821,True
1,PT09M27.00S,09:27,Q1 09:27,45.45,30,2pt,Bledsoe 1' Driving Layup (4 PTS),['pointsinthepaint'],Bledsoe,0,7,Made,True,False,202339.0,,rebound,2pt missed,,,,1626159|1626196|201609|202339|202355|203089|203114|203503|203507|204020,202339|203089|203114|203503|203507,1626159|1626196|201609|202355|204020,8.0,5.0,1610612749.0,21700821,True
1,PT09M05.00S,09:05,Q1 09:05,45.083333333333336,31,2pt,MISS Dragic 13' Jump Shot,['pointsinthepaint'],Dragic,0,7,Missed,True,False,201609.0,,2pt made,block,,,,1626159|1626196|201609|202339|202355|203089|203114|203503|203507|204020,1626159|1626196|201609|202355|204020,202339|203089|203114|203503|203507,-27.0,129.0,1610612748.0,21700821,True
1,PT09M05.00S,09:05,Q1 09:05,45.083333333333336,31,block,Snell BLOCK (1 BLK),[],Snell,0,7,,False,False,203503.0,,2pt missed,rebound,,,203503.0,1626159|1626196|201609|202339|202355|203089|203114|203503|203507|204020,202339|203089|203114|203503|203507,1626159|1626196|201609|202355|204020,,,1610612749.0,21700821,True
1,PT09M02.00S,09:02,Q1 09:02,45.03333333333333,33,rebound,Antetokounmpo REBOUND (Off:0 Def:2),[],Antetokounmpo,0,7,,False,False,203507.0,,block,foul,,,,1626159|1626196|201609|202339|202355|203089|203114|203503|203507|204020,202339|203089|203114|203503|203507,1626159|1626196|201609|202355|204020,,,1610612749.0,21700821,True
1,PT08M57.00S,08:57,Q1 08:57,44.95,34,foul,Richardson P.FOUL (P1.T1) (T.Ford),[],Richardson,0,7,,False,False,1626196.0,,rebound,2pt made,203507.0,,,1626159|1626196|201609|202339|202355|203089|203114|203503|203507|204020,1626159|1626196|201609|202355|204020,202339|203089|203114|203503|203507,,,1610612748.0,21700821,True
1,PT08M47.00S,08:47,Q1 08:47,44.78333333333333,36,2pt,Antetokounmpo 2' Dunk (2 PTS) (Henson 1 AST),['pointsinthepaint'],Antetokounmpo,0,9,Made,True,True,203507.0,203089.0,foul,timeout,,,,1626159|1626196|201609|202339|202355|203089|203114|203503|203507|204020,202339|203089|203114|203503|203507,1626159|1626196|201609|202355|204020,-9.0,18.0,1610612749.0,21700821,True
1,PT08M45.00S,08:45,Q1 08:45,44.75,38,timeout,HEAT Timeout: Regular (Full 1 Short 0),[],,0,9,,False,False,0.0,,2pt made,2pt missed,,,,1626159|1626196|201609|202339|202355|203089|203114|203503|203507|204020,1626159|1626196|201609|202355|204020,202339|203089|203114|203503|203507,,,1610612748.0,21700821,True
1,PT08M34.00S,08:34,Q1 08:34,44.56666666666666,39,2pt,MISS Dragic 5' Jump Shot,['pointsinthepaint'],Dragic,0,9,Missed,True,False,201609.0,,timeout,block,,,,1626159|1626196|201609|202339|202355|203089|203114|203503|203507|204020,1626159|1626196|201609|202355|204020,202339|203089|203114|203503|203507,27.0,37.0,1610612748.0,21700821,True
1,PT08M34.00S,08:34,Q1 08:34,44.56666666666666,39,block,Bledsoe BLOCK (2 BLK),[],Bledsoe,0,9,,False,False,202339.0,,2pt missed,rebound,,,202339.0,1626159|1626196|201609|202339|202355|203089|203114|203503|203507|204020,202339|203089|203114|203503|203507,1626159|1626196|201609|202355|204020,,,1610612749.0,21700821,True
1,PT08M33.00S,08:33,Q1 08:33,44.55,41,rebound,Whiteside REBOUND (Off:1 Def:2),[],Whiteside,0,9,,False,False,202355.0,,block,foul,,,,1626159|1626196|201609|202339|202355|203089|203114|203503|203507|204020,1626159|1626196|201609|202355|204020,202339|203089|203114|203503|203507,,,1610612748.0,21700821,True
1,PT08M32.00S,08:32,Q1 08:32,44.53333333333333,42,foul,Henson P.FOUL (P1.T1) (B.Adams),[],Henson,0,9,,False,False,203089.0,,rebound,3pt made,1626196.0,,,1626159|1626196|201609|202339|202355|203089|203114|203503|203507|204020,202339|203089|203114|203503|203507,1626159|1626196|201609|202355|204020,,,1610612749.0,21700821,True
1,PT08M16.00S,08:16,Q1 08:16,44.266666666666666,44,3pt,Richardson 25' 3PT Jump Shot (3 PTS) (Dragic 1 AST),[],Richardson,3,9,Made,True,True,1626196.0,201609.0,foul,2pt made,,,,1626159|1626196|201609|202339|202355|203089|203114|203503|203507|204020,1626159|1626196|201609|202355|204020,202339|203089|203114|203503|203507,-165.0,190.0,1610612748.0,21700821,True
1,PT07M58.00S,07:58,Q1 07:58,43.96666666666667,46,2pt,Middleton 9' Driving Floating Jump Shot (5 PTS) (Antetokounmpo 1 AST),[],Middleton,3,11,Made,True,True,203114.0,203507.0,3pt made,2pt missed,,,,1626159|1626196|201609|202339|202355|203089|203114|203503|203507|204020,202339|203089|203114|203503|203507,1626159|1626196|201609|202355|204020,87.0,2.0,1610612749.0,21700821,True
1,PT07M37.00S,07:37,Q1 07:37,43.61666666666667,48,2pt,MISS Winslow 8' Hook Shot,['pointsinthepaint'],Winslow,3,11,Missed,True,False,1626159.0,,2pt made,rebound,,,,1626159|1626196|201609|202339|202355|203089|203114|203503|203507|204020,1626159|1626196|201609|202355|204020,202339|203089|203114|203503|203507,1.0,75.0,1610612748.0,21700821,True
1,PT07M34.00S,07:34,Q1 07:34,43.56666666666666,49,rebound,Henson REBOUND (Off:0 Def:3),[],Henson,3,11,,False,False,203089.0,,2pt missed,turnover,,,,1626159|1626196|201609|202339|202355|203089|203114|203503|203507|204020,202339|203089|203114|203503|203507,1626159|1626196|201609|202355|204020,,,1610612749.0,21700821,True
1,PT07M26.00S,07:26,Q1 07:26,43.43333333333334,50,turnover,Antetokounmpo Step Out of Bounds Turnover (P1.T1),[],Antetokounmpo,3,11,,False,False,203507.0,,rebound,2pt missed,,,,1626159|1626196|201609|202339|202355|203089|203114|203503|203507|204020,202339|203089|203114|203503|203507,1626159|1626196|201609|202355|204020,,,1610612749.0,21700821,True
1,PT07M05.00S,07:05,Q1 07:05,43.083333333333336,51,2pt,MISS Richardson 2' Driving Layup,['pointsinthepaint'],Richardson,3,11,Missed,True,False,1626196.0,,turnover,rebound,,,,1626159|1626196|201609|202339|202355|203089|203114|203503|203507|204020,1626159|1626196|201609|202355|204020,202339|203089|203114|203503|203507,-14.0,11.0,1610612748.0,21700821,True
1,PT07M01.00S,07:01,Q1 07:01,43.016666666666666,52,rebound,Winslow REBOUND (Off:1 Def:1),[],Winslow,3,11,,False,False,1626159.0,,2pt missed,2pt missed,,,,1626159|1626196|201609|202339|202355|203089|203114|203503|203507|204020,1626159|1626196|201609|202355|204020,202339|203089|203114|203503|203507,,,1610612748.0,21700821,True
1,PT07M01.00S,07:01,Q1 07:01,43.016666666666666,53,2pt,MISS Winslow 1' Tip Layup Shot,['pointsinthepaint'],Winslow,3,11,Missed,True,False,1626159.0,,rebound,rebound,,,,1626159|1626196|201609|202339|202355|203089|203114|203503|203507|204020,1626159|1626196|201609|202355|204020,202339|203089|203114|203503|203507,0.0,-6.0,1610612748.0,21700821,True
1,PT07M00.00S,07:00,Q1 07:00,43.0,54,rebound,T. Johnson REBOUND (Off:1 Def:0),[],Johnson,3,11,,False,False,204020.0,,2pt missed,2pt made,,,,1626159|1626196|201609|202339|202355|203089|203114|203503|203507|204020,1626159|1626196|201609|202355|204020,202339|203089|203114|203503|203507,,,1610612748.0,21700821,True
1,PT06M57.00S,06:57,Q1 06:57,42.95,55,2pt,T. Johnson 1' Driving Dunk (2 PTS),['pointsinthepaint'],Johnson,5,11,Made,True,False,204020.0,,rebound,2pt made,,,,1626159|1626196|201609|202339|202355|203089|203114|203503|203507|204020,1626159|1626196|201609|202355|204020,202339|203089|203114|203503|203507,9.0,6.0,1610612748.0,21700821,True
1,PT06M46.00S,06:46,Q1 06:46,42.766666666666666,56,2pt,Antetokounmpo 2' Cutting Dunk Shot (4 PTS) (Middleton 1 AST),['pointsinthepaint'],Antetokounmpo,5,13,Made,True,True,203507.0,203114.0,2pt made,2pt missed,,,,1626159|1626196|201609|202339|202355|203089|203114|203503|203507|204020,202339|203089|203114|203503|203507,1626159|1626196|201609|202355|204020,-18.0,13.0,1610612749.0,21700821,True
1,PT06M26.00S,06:26,Q1 06:26,42.43333333333334,58,2pt,MISS T. Johnson 1' Driving Layup,['pointsinthepaint'],Johnson,5,13,Missed,True,False,204020.0,,2pt made,rebound,,,,1626159|1626196|201609|202339|202355|203089|203114|203503|203507|204020,1626159|1626196|201609|202355|204020,202339|203089|203114|203503|203507,-9.0,6.0,1610612748.0,21700821,True
1,PT06M26.00S,06:26,Q1 06:26,42.43333333333334,59,rebound,Whiteside REBOUND (Off:2 Def:2),[],Whiteside,5,13,,False,False,202355.0,,2pt missed,2pt made,,,,1626159|1626196|201609|202339|202355|203089|203114|203503|203507|204020,1626159|1626196|201609|202355|204020,202339|203089|203114|203503|203507,,,1610612748.0,21700821,True
1,PT06M24.00S,06:24,Q1 06:24,42.4,60,2pt,Whiteside 1' Putback Dunk (2 PTS),['pointsinthepaint'],Whiteside,7,13,Made,True,False,202355.0,,rebound,2pt missed,,,,1626159|1626196|201609|202339|202355|203089|203114|203503|203507|204020,1626159|1626196|201609|202355|204020,202339|203089|203114|203503|203507,9.0,3.0,1610612748.0,21700821,True
1,PT06M06.00S,06:06,Q1 06:06,42.1,61,2pt,MISS Snell 1' Driving Layup,['pointsinthepaint'],Snell,7,13,Missed,True,False,203503.0,,2pt made,rebound,,,,1626159|1626196|201609|202339|202355|203089|203114|203503|203507|204020,202339|203089|203114|203503|203507,1626159|1626196|201609|202355|204020,10.0,7.0,1610612749.0,21700821,True
1,PT06M05.00S,06:05,Q1 06:05,42.083333333333336,62,rebound,TEAM defensive REBOUND,['team'],,7,13,,False,False,0.0,,2pt missed,foul,,,,1626159|1626196|201609|202339|202355|203089|203114|203503|203507|204020,1626159|1626196|201609|202355|204020,202339|203089|203114|203503|203507,,,1610612748.0,21700821,True
1,PT06M05.00S,06:05,Q1 06:05,42.083333333333336,63,foul,Henson T.FOUL (P1.T1) (T.Ford),[],Henson,7,13,,False,False,203089.0,,rebound,freethrow,201609.0,,,1626159|1626196|201609|202339|202355|203089|203114|203503|203507|204020,202339|203089|203114|203503|203507,1626159|1626196|201609|202355|204020,,,1610612749.0,21700821,True
1,PT06M05.00S,06:05,Q1 06:05,42.083333333333336,64,freethrow,Dragic Free Throw Technical (1 PTS),[],Dragic,8,13,Made,False,False,201609.0,,foul,2pt missed,,,,1626159|1626196|201609|202339|202355|203089|203114|203503|203507|204020,1626159|1626196|201609|202355|204020,202339|203089|203114|203503|203507,,,1610612748.0,21700821,True
1,PT05M54.00S,05:54,Q1 05:54,41.9,65,2pt,MISS Dragic 1' Driving Layup,['pointsinthepaint'],Dragic,8,13,Missed,True,False,201609.0,,freethrow,block,,,,1626159|1626196|201609|202339|202355|203089|203114|203503|203507|204020,1626159|1626196|201609|202355|204020,202339|203089|203114|203503|203507,-5.0,8.0,1610612748.0,21700821,True
1,PT05M54.00S,05:54,Q1 05:54,41.9,65,block,Henson BLOCK (1 BLK),[],Henson,8,13,,False,False,203089.0,,2pt missed,rebound,,,203089.0,1626159|1626196|201609|202339|202355|203089|203114|203503|203507|204020,202339|203089|203114|203503|203507,1626159|1626196|201609|202355|204020,,,1610612749.0,21700821,True
1,PT05M53.00S,05:53,Q1 05:53,41.88333333333333,67,rebound,Bledsoe REBOUND (Off:0 Def:1),[],Bledsoe,8,13,,False,False,202339.0,,block,turnover,,,,1626159|1626196|201609|202339|202355|203089|203114|203503|203507|204020,202339|203089|203114|203503|203507,1626159|1626196|201609|202355|204020,,,1610612749.0,21700821,True
1,PT05M48.00S,05:48,Q1 05:48,41.8,68,turnover,Bledsoe Step Out of Bounds Turnover (P1.T2),[],Bledsoe,8,13,,False,False,202339.0,,rebound,2pt missed,,,,1626159|1626196|201609|202339|202355|203089|203114|203503|203507|204020,202339|203089|203114|203503|203507,1626159|1626196|201609|202355|204020,,,1610612749.0,21700821,True
1,PT05M29.00S,05:29,Q1 05:29,41.483333333333334,69,2pt,MISS Dragic 1' Driving Layup,['pointsinthepaint'],Dragic,8,13,Missed,True,False,201609.0,,turnover,rebound,,,,1626159|1626196|201609|202339|202355|203089|203114|203503|203507|204020,1626159|1626196|201609|202355|204020,202339|203089|203114|203503|203507,-9.0,6.0,1610612748.0,21700821,True
1,PT05M25.00S,05:25,Q1 05:25,41.416666666666664,71,rebound,Antetokounmpo REBOUND (Off:0 Def:3),[],Antetokounmpo,8,13,,False,False,203507.0,,2pt missed,turnover,,,,1626159|1626196|201609|202339|202355|203089|203114|203503|203507|204020,202339|203089|203114|203503|203507,1626159|1626196|201609|202355|204020,,,1610612749.0,21700821,True
1,PT05M21.00S,05:21,Q1 05:21,41.35,72,turnover,Antetokounmpo Bad Pass Turnover (P2.T3),[],Antetokounmpo,8,13,,False,False,203507.0,,rebound,steal,,,,1626159|1626196|201609|202339|202355|203089|203114|203503|203507|204020,202339|203089|203114|203503|203507,1626159|1626196|201609|202355|204020,,,1610612749.0,21700821,True
1,PT05M21.00S,05:21,Q1 05:21,41.35,72,steal,T. Johnson STEAL (1 STL),[],Johnson,8,13,,False,False,204020.0,,turnover,foul,,204020.0,,1626159|1626196|201609|202339|202355|203089|203114|203503|203507|204020,1626159|1626196|201609|202355|204020,202339|203089|203114|203503|203507,,,1610612748.0,21700821,True
1,PT05M19.00S,05:19,Q1 05:19,41.31666666666666,74,foul,Snell S.FOUL (P1.T2) (A.Smith),[],Snell,8,13,,False,False,203503.0,,steal,freethrow,204020.0,,,1626159|1626196|201609|202339|202355|203089|203114|203503|203507|204020,202339|203089|203114|203503|203507,1626159|1626196|201609|202355|204020,,,1610612749.0,21700821,True
1,PT05M19.00S,05:19,Q1 05:19,41.31666666666666,76,freethrow,T. Johnson Free Throw 1 of 2 (3 PTS),[],Johnson,9,13,Made,False,False,204020.0,,foul,freethrow,,,,1626159|1626196|201609|202339|202355|203089|203114|203503|203507|204020,1626159|1626196|201609|202355|204020,202339|203089|203114|203503|203507,,,1610612748.0,21700821,True
1,PT05M19.00S,05:19,Q1 05:19,41.31666666666666,83,freethrow,T. Johnson Free Throw 2 of 2 (4 PTS),[],Johnson,10,13,Made,False,False,204020.0,,freethrow,substitution,,,,1626159|1626196|201609|202339|202355|203089|203114|203503|203507|204020,1626159|1626196|201609|202355|204020,202339|203089|203114|203503|203507,,,1610612748.0,21700821,True
1,PT05M19.00S,05:19,Q1 05:19,41.31666666666666,77,substitution,SUB out: J. Richardson,[],Richardson,9,13,,False,False,1626196.0,,freethrow,substitution,,,,1626159|201609|202339|202355|203089|203114|203503|203507|204020,1626159|201609|202355|204020,202339|203089|203114|203503|203507,,,1610612748.0,21700821,False
1,PT05M19.00S,05:19,Q1 05:19,41.31666666666666,78,substitution,SUB out: G. Dragic,[],Dragic,9,13,,False,False,201609.0,,substitution,substitution,,,,1626159|202339|202355|203089|203114|203503|203507|204020,1626159|202355|204020,202339|203089|203114|203503|203507,,,1610612748.0,21700821,False
1,PT05M19.00S,05:19,Q1 05:19,41.31666666666666,79,substitution,SUB out: G. Antetokounmpo,[],Antetokounmpo,9,13,,False,False,203507.0,,substitution,substitution,,,,1626159|202339|202355|203089|203114|203503|204020,202339|203089|203114|203503,1626159|202355|204020,,,1610612749.0,21700821,False
1,PT05M19.00S,05:19,Q1 05:19,41.31666666666666,80,substitution,SUB in: W. Ellington,[],Ellington,9,13,,False,False,201961.0,,substitution,substitution,,,,1626159|201961|202339|202355|203089|203114|203503|204020,1626159|201961|202355|204020,202339|203089|203114|203503,,,1610612748.0,21700821,False
1,PT05M19.00S,05:19,Q1 05:19,41.31666666666666,81,substitution,SUB in: D. Wade,[],Wade,9,13,,False,False,2548.0,,substitution,substitution,,,,1626159|201961|202339|202355|203089|203114|203503|204020|2548,1626159|201961|202355|204020|2548,202339|203089|203114|203503,,,1610612748.0,21700821,False
1,PT05M19.00S,05:19,Q1 05:19,41.31666666666666,82,substitution,SUB in: J. Parker,[],Parker,9,13,,False,False,203953.0,,substitution,2pt missed,,,,1626159|201961|202339|202355|203089|203114|203503|203953|204020|2548,202339|203089|203114|203503|203953,1626159|201961|202355|204020|2548,,,1610612749.0,21700821,True
1,PT04M58.00S,04:58,Q1 04:58,40.96666666666667,84,2pt,MISS Middleton 18' Jump Shot,[],Middleton,10,13,Missed,True,False,203114.0,,substitution,rebound,,,,1626159|201961|202339|202355|203089|203114|203503|203953|204020|2548,202339|203089|203114|203503|203953,1626159|201961|202355|204020|2548,-165.0,71.0,1610612749.0,21700821,True
1,PT04M56.00S,04:56,Q1 04:56,40.93333333333334,85,rebound,Wade REBOUND (Off:0 Def:1),[],Wade,10,13,,False,False,2548.0,,2pt missed,2pt missed,,,,1626159|201961|202339|202355|203089|203114|203503|203953|204020|2548,1626159|201961|202355|204020|2548,202339|203089|203114|203503|203953,,,1610612748.0,21700821,True
1,PT04M44.00S,04:44,Q1 04:44,40.733333333333334,86,2pt,MISS Whiteside 2' Alley Oop Dunk,['pointsinthepaint'],Whiteside,10,13,Missed,True,False,202355.0,,rebound,rebound,,,,1626159|201961|202339|202355|203089|203114|203503|203953|204020|2548,1626159|201961|202355|204020|2548,202339|203089|203114|203503|203953,22.0,5.0,1610612748.0,21700821,True
1,PT04M42.00S,04:42,Q1 04:42,40.7,87,rebound,Whiteside REBOUND (Off:3 Def:2),[],Whiteside,10,13,,False,False,202355.0,,2pt missed,2pt made,,,,1626159|201961|202339|202355|203089|203114|203503|203953|204020|2548,1626159|201961|202355|204020|2548,202339|203089|203114|203503|203953,,,1610612748.0,21700821,True
1,PT04M41.00S,04:41,Q1 04:41,40.68333333333334,88,2pt,Whiteside 1' Putback Dunk (4 PTS),['pointsinthepaint'],Whiteside,12,13,Made,True,False,202355.0,,rebound,3pt missed,,,,1626159|201961|202339|202355|203089|203114|203503|203953|204020|2548,1626159|201961|202355|204020|2548,202339|203089|203114|203503|203953,1.0,11.0,1610612748.0,21700821,True
1,PT04M16.00S,04:16,Q1 04:16,40.266666666666666,89,3pt,MISS Parker 26' 3PT Jump Shot,[],Parker,12,13,Missed,True,False,203953.0,,2pt made,rebound,,,,1626159|201961|202339|202355|203089|203114|203503|203953|204020|2548,202339|203089|203114|203503|203953,1626159|201961|202355|204020|2548,-169.0,201.0,1610612749.0,21700821,True
1,PT04M11.00S,04:11,Q1 04:11,40.18333333333334,90,rebound,Whiteside REBOUND (Off:3 Def:3),[],Whiteside,12,13,,False,False,202355.0,,3pt missed,3pt missed,,,,1626159|201961|202339|202355|203089|203114|203503|203953|204020|2548,1626159|201961|202355|204020|2548,202339|203089|203114|203503|203953,,,1610612748.0,21700821,True
1,PT04M05.00S,04:05,Q1 04:05,40.083333333333336,91,3pt,MISS Ellington 24' 3PT Jump Shot,[],Ellington,12,13,Missed,True,False,201961.0,,rebound,rebound,,,,1626159|201961|202339|202355|203089|203114|203503|203953|204020|2548,1626159|201961|202355|204020|2548,202339|203089|203114|203503|203953,231.0,50.0,1610612748.0,21700821,True
1,PT04M02.00S,04:02,Q1 04:02,40.03333333333333,92,rebound,Henson REBOUND (Off:0 Def:4),[],Henson,12,13,,False,False,203089.0,,3pt missed,foul,,,,1626159|201961|202339|202355|203089|203114|203503|203953|204020|2548,202339|203089|203114|203503|203953,1626159|201961|202355|204020|2548,,,1610612749.0,21700821,True
1,PT03M59.00S,03:59,Q1 03:59,39.983333333333334,95,foul,Snell Offensive Charge Foul (P2) (A.Smith),[],Snell,12,13,,False,False,203503.0,,rebound,turnover,,,,1626159|201961|202339|202355|203089|203114|203503|203953|204020|2548,202339|203089|203114|203503|203953,1626159|201961|202355|204020|2548,,,1610612749.0,21700821,True
1,PT03M59.00S,03:59,Q1 03:59,39.983333333333334,97,turnover,Snell Offensive Foul Turnover (P1.T4),[],Snell,12,13,,False,False,203503.0,,foul,substitution,,,,1626159|201961|202339|202355|203089|203114|203503|203953|204020|2548,202339|203089|203114|203503|203953,1626159|201961|202355|204020|2548,,,1610612749.0,21700821,True
1,PT03M59.00S,03:59,Q1 03:59,39.983333333333334,98,substitution,SUB out: T. Snell,[],Snell,12,13,,False,False,203503.0,,substitution,substitution,,,,1626159|201949|201961|202339|202355|203089|203114|203953|204020|2548,202339|203089|203114|203953,1626159|201949|201961|202355|204020|2548,,,1610612749.0,21700821,True
1,PT03M59.00S,03:59,Q1 03:59,39.983333333333334,99,substitution,SUB out: J. Winslow,[],Winslow,12,13,,False,False,1626159.0,,substitution,substitution,,,,201949|201961|202339|202355|203089|203114|203953|204020|2548,201949|201961|202355|204020|2548,202339|203089|203114|203953,,,1610612748.0,21700821,False
1,PT03M59.00S,03:59,Q1 03:59,39.983333333333334,100,substitution,SUB in: S. Brown,[],Brown,12,13,,False,False,1628425.0,,substitution,substitution,,,,1628425|201949|201961|202339|202355|203089|203114|203953|204020|2548,1628425|202339|203089|203114|203953,201949|201961|202355|204020|2548,,,1610612749.0,21700821,True
1,PT03M59.00S,03:59,Q1 03:59,39.983333333333334,101,substitution,SUB in: T. Johnson,[],Johnson,12,13,,False,False,204020.0,,substitution,turnover,,,,1628425|201949|201961|202339|202355|203089|203114|203953|204020|2548,201949|201961|202355|204020|2548,1628425|202339|203089|203114|203953,,,1610612748.0,21700821,True
1,PT03M46.00S,03:46,Q1 03:46,39.766666666666666,100,turnover,Wade Out of Bounds - Bad Pass Turnover Turnover (P1.T2),[],Wade,12,13,,False,False,2548.0,,substitution,2pt made,,,,1628425|201949|201961|202339|202355|203089|203114|203953|204020|2548,201949|201961|202355|204020|2548,1628425|202339|203089|203114|203953,,,1610612748.0,21700821,True
1,PT03M30.00S,03:30,Q1 03:30,39.5,101,2pt,Parker 4' Cutting Layup Shot (2 PTS) (Bledsoe 2 AST),['pointsinthepaint'],Parker,12,15,Made,True,True,203953.0,202339.0,turnover,2pt made,,,,1628425|201949|201961|202339|202355|203089|203114|203953|204020|2548,1628425|202339|203089|203114|203953,201949|201961|202355|204020|2548,-23.0,28.0,1610612749.0,21700821,True
1,PT03M13.00S,03:13,Q1 03:13,39.21666666666667,105,2pt,T. Johnson 2' Floating Jump Shot (6 PTS),['pointsinthepaint'],Johnson,14,15,Made,True,False,204020.0,,2pt made,2pt missed,,,,1628425|201949|201961|202339|202355|203089|203114|203953|204020|2548,201949|201961|202355|204020|2548,1628425|202339|203089|203114|203953,7.0,20.0,1610612748.0,21700821,True
1,PT02M47.00S,02:47,Q1 02:47,38.78333333333333,106,2pt,MISS Middleton 19' Jump Shot,[],Middleton,14,15,Missed,True,False,203114.0,,2pt made,block,,,,1628425|201949|201961|202339|202355|203089|203114|203953|204020|2548,1628425|202339|203089|203114|203953,201949|201961|202355|204020|2548,98.0,167.0,1610612749.0,21700821,True
1,PT02M47.00S,02:47,Q1 02:47,38.78333333333333,106,block,Wade BLOCK (1 BLK),[],Wade,14,15,,False,False,2548.0,,2pt missed,rebound,,,2548.0,1628425|201949|201961|202339|202355|203089|203114|203953|204020|2548,201949|201961|202355|204020|2548,1628425|202339|203089|203114|203953,,,1610612748.0,21700821,True
1,PT02M43.00S,02:43,Q1 02:43,38.71666666666667,108,rebound,Ellington REBOUND (Off:0 Def:1),[],Ellington,14,15,,False,False,201961.0,,block,turnover,,,,1628425|201949|201961|202339|202355|203089|203114|203953|204020|2548,201949|201961|202355|204020|2548,1628425|202339|203089|203114|203953,,,1610612748.0,21700821,True
1,PT02M35.00S,02:35,Q1 02:35,38.583333333333336,109,turnover,Wade Lost Ball Turnover (P2.T3),[],Wade,14,15,,False,False,2548.0,,rebound,steal,,,,1628425|201949|201961|202339|202355|203089|203114|203953|204020|2548,201949|201961|202355|204020|2548,1628425|202339|203089|203114|203953,,,1610612748.0,21700821,True
1,PT02M35.00S,02:35,Q1 02:35,38.583333333333336,109,steal,Middleton STEAL (1 STL),[],Middleton,14,15,,False,False,203114.0,,turnover,foul,,203114.0,,1628425|201949|201961|202339|202355|203089|203114|203953|204020|2548,1628425|202339|203089|203114|203953,201949|201961|202355|204020|2548,,,1610612749.0,21700821,True
1,PT02M35.00S,02:35,Q1 02:35,38.583333333333336,111,foul,Wade C.P.FOUL (P1.T2) (T.Ford),[],Wade,14,15,,False,False,2548.0,,steal,timeout,203114.0,,,1628425|201949|201961|202339|202355|203089|203114|203953|204020|2548,201949|201961|202355|204020|2548,1628425|202339|203089|203114|203953,,,1610612748.0,21700821,True
1,PT02M35.00S,02:35,Q1 02:35,38.583333333333336,113,timeout,Bucks Timeout: Regular (Reg.1 Short 0),[],,14,15,,False,False,0.0,,foul,instant replay,,,,1628425|201949|201961|202339|202355|203089|203114|203953|204020|2548,1628425|202339|203089|203114|203953,201949|201961|202355|204020|2548,,,1610612749.0,21700821,True
1,PT02M35.00S,02:35,Q1 02:35,38.583333333333336,121,freethrow,Middleton Free Throw Clear Path 1 of 2 (6 PTS),[],Middleton,14,16,Made,False,False,203114.0,,instant replay,freethrow,,,,1628425|201949|201961|202339|202355|203089|203114|203953|204020|2548,1628425|202339|203089|203114|203953,201949|201961|202355|204020|2548,,,1610612749.0,21700821,True
1,PT02M35.00S,02:35,Q1 02:35,38.583333333333336,122,freethrow,Middleton Free Throw Clear Path 2 of 2 (7 PTS),[],Middleton,14,17,Made,False,False,203114.0,,freethrow,substitution,,,,1628425|201949|201961|202339|202355|203089|203114|203953|204020|2548,1628425|202339|203089|203114|203953,201949|201961|202355|204020|2548,,,1610612749.0,21700821,True
1,PT02M35.00S,02:35,Q1 02:35,38.583333333333336,115,substitution,SUB out: T. Johnson,[],Johnson,14,15,,False,False,204020.0,,freethrow,substitution,,,,1628425|201949|201961|202339|202355|203089|203114|203953|2548,201949|201961|202355|2548,1628425|202339|203089|203114|203953,,,1610612748.0,21700821,False
1,PT02M35.00S,02:35,Q1 02:35,38.583333333333336,116,substitution,SUB out: H. Whiteside,[],Whiteside,14,15,,False,False,202355.0,,substitution,substitution,,,,1628425|201949|201961|202339|203089|203114|203953|2548,201949|201961|2548,1628425|202339|203089|203114|203953,,,1610612748.0,21700821,False
1,PT02M35.00S,02:35,Q1 02:35,38.583333333333336,117,substitution,SUB out: J. Henson,[],Henson,14,15,,False,False,203089.0,,substitution,substitution,,,,1628425|201949|201961|202339|203114|203953|2548,1628425|202339|203114|203953,201949|201961|2548,,,1610612749.0,21700821,False
1,PT02M35.00S,02:35,Q1 02:35,38.583333333333336,118,substitution,SUB in: J. Richardson,[],Richardson,14,15,,False,False,1626196.0,,substitution,substitution,,,,1626196|1628425|201949|201961|202339|203114|203953|2548,1626196|201949|201961|2548,1628425|202339|203114|203953,,,1610612748.0,21700821,False
1,PT02M35.00S,02:35,Q1 02:35,38.583333333333336,119,substitution,SUB in: B. Adebayo,[],Adebayo,14,15,,False,False,1628389.0,,substitution,substitution,,,,1626196|1628389|1628425|201949|201961|202339|203114|203953|2548,1626196|1628389|201949|201961|2548,1628425|202339|203114|203953,,,1610612748.0,21700821,False
1,PT02M35.00S,02:35,Q1 02:35,38.583333333333336,120,substitution,SUB in: T. Maker,[],Maker,14,15,,False,False,1627748.0,,substitution,turnover,,,,1626196|1627748|1628389|1628425|201949|201961|202339|203114|203953|2548,1627748|1628425|202339|203114|203953,1626196|1628389|201949|201961|2548,,,1610612749.0,21700821,True
1,PT02M22.00S,02:22,Q1 02:22,38.36666666666667,123,turnover,Bledsoe Bad Pass Turnover (P2.T5),[],Bledsoe,14,17,,False,False,202339.0,,substitution,steal,,,,1626196|1627748|1628389|1628425|201949|201961|202339|203114|203953|2548,1627748|1628425|202339|203114|203953,1626196|1628389|201949|201961|2548,,,1610612749.0,21700821,True
1,PT02M22.00S,02:22,Q1 02:22,38.36666666666667,123,steal,Richardson STEAL (1 STL),[],Richardson,14,17,,False,False,1626196.0,,turnover,3pt missed,,1626196.0,,1626196|1627748|1628389|1628425|201949|201961|202339|203114|203953|2548,1626196|1628389|201949|201961|2548,1627748|1628425|202339|203114|203953,,,1610612748.0,21700821,True
1,PT02M03.00S,02:03,Q1 02:03,38.05,125,3pt,MISS Ellington 26' 3PT Jump Shot,[],Ellington,14,17,Missed,True,False,201961.0,,steal,rebound,,,,1626196|1627748|1628389|1628425|201949|201961|202339|203114|203953|2548,1626196|1628389|201949|201961|2548,1627748|1628425|202339|203114|203953,136.0,227.0,1610612748.0,21700821,True
1,PT02M00.00S,02:00,Q1 02:00,38.0,126,rebound,Maker REBOUND (Off:0 Def:1),[],Maker,14,17,,False,False,1627748.0,,3pt missed,2pt made,,,,1626196|1627748|1628389|1628425|201949|201961|202339|203114|203953|2548,1627748|1628425|202339|203114|203953,1626196|1628389|201949|201961|2548,,,1610612749.0,21700821,True
1,PT01M50.00S,01:50,Q1 01:50,37.833333333333336,127,2pt,Brown 3' Driving Floating Jump Shot (2 PTS),['pointsinthepaint'],Brown,14,19,Made,True,False,1628425.0,,rebound,3pt made,,,,1626196|1627748|1628389|1628425|201949|201961|202339|203114|203953|2548,1627748|1628425|202339|203114|203953,1626196|1628389|201949|201961|2548,0.0,33.0,1610612749.0,21700821,True
1,PT01M30.00S,01:30,Q1 01:30,37.5,128,3pt,Wade 26' 3PT Jump Shot (3 PTS),[],Wade,17,19,Made,True,False,2548.0,,2pt made,foul,,,,1626196|1627748|1628389|1628425|201949|201961|202339|203114|203953|2548,1626196|1628389|201949|201961|2548,1627748|1628425|202339|203114|203953,198.0,164.0,1610612748.0,21700821,True
1,PT01M22.00S,01:22,Q1 01:22,37.36666666666667,129,foul,Wade P.FOUL (P2.T3) (T.Ford),[],Wade,17,19,,False,False,2548.0,,3pt made,substitution,1891.0,,,1626196|1627748|1628389|1628425|201949|201961|202339|203114|203953|2548,1626196|1628389|201949|201961|2548,1627748|1628425|202339|203114|203953,,,1610612748.0,21700821,True
1,PT01M22.00S,01:22,Q1 01:22,37.36666666666667,131,substitution,SUB out: E. Bledsoe,[],Bledsoe,17,19,,False,False,202339.0,,foul,substitution,,,,1626196|1627748|1628389|1628425|201949|201961|203114|203953|2548,1627748|1628425|203114|203953,1626196|1628389|201949|201961|2548,,,1610612749.0,21700821,False
1,PT01M22.00S,01:22,Q1 01:22,37.36666666666667,132,substitution,SUB out: K. Middleton,[],Middleton,17,19,,False,False,203114.0,,substitution,substitution,,,,1626196|1627748|1628389|1628425|201949|201961|203953|2548,1627748|1628425|203953,1626196|1628389|201949|201961|2548,,,1610612749.0,21700821,False
1,PT01M22.00S,01:22,Q1 01:22,37.36666666666667,133,substitution,SUB in: J. Terry,[],Terry,17,19,,False,False,1891.0,,substitution,substitution,,,,1626196|1627748|1628389|1628425|1891|201949|201961|203953|2548,1627748|1628425|1891|203953,1626196|1628389|201949|201961|2548,,,1610612749.0,21700821,False
1,PT01M22.00S,01:22,Q1 01:22,37.36666666666667,134,substitution,SUB in: G. Antetokounmpo,[],Antetokounmpo,17,19,,False,False,203507.0,,substitution,3pt missed,,,,1626196|1627748|1628389|1628425|1891|201949|201961|203507|203953|2548,1627748|1628425|1891|203507|203953,1626196|1628389|201949|201961|2548,,,1610612749.0,21700821,True
1,PT01M08.00S,01:08,Q1 01:08,37.13333333333333,135,3pt,MISS Terry 3PT Jump Shot,[],Terry,17,19,Missed,True,False,1891.0,,substitution,rebound,,,,1626196|1627748|1628389|1628425|1891|201949|201961|203507|203953|2548,1627748|1628425|1891|203507|203953,1626196|1628389|201949|201961|2548,228.0,6.0,1610612749.0,21700821,True
1,PT01M06.00S,01:06,Q1 01:06,37.1,136,rebound,Ellington REBOUND (Off:0 Def:2),[],Ellington,17,19,,False,False,201961.0,,3pt missed,2pt made,,,,1626196|1627748|1628389|1628425|1891|201949|201961|203507|203953|2548,1626196|1628389|201949|201961|2548,1627748|1628425|1891|203507|203953,,,1610612748.0,21700821,True
1,PT00M48.90S,00:48,Q1 00:48,36.815,137,2pt,Richardson 13' Floating Jump Shot (5 PTS),['pointsinthepaint'],Richardson,19,19,Made,True,False,1626196.0,,rebound,2pt made,,,,1626196|1627748|1628389|1628425|1891|201949|201961|203507|203953|2548,1626196|1628389|201949|201961|2548,1627748|1628425|1891|203507|203953,40.0,125.0,1610612748.0,21700821,True
1,PT00M39.20S,00:39,Q1 00:39,36.653333333333336,138,2pt,Antetokounmpo 1' Cutting Dunk Shot (6 PTS) (Terry 1 AST),['pointsinthepaint'],Antetokounmpo,19,21,Made,True,True,203507.0,1891.0,2pt made,3pt missed,,,,1626196|1627748|1628389|1628425|1891|201949|201961|203507|203953|2548,1627748|1628425|1891|203507|203953,1626196|1628389|201949|201961|2548,-7.0,7.0,1610612749.0,21700821,True
1,PT00M26.60S,00:26,Q1 00:26,36.443333333333335,140,3pt,MISS Ellington 3PT Jump Shot,[],Ellington,19,21,Missed,True,False,201961.0,,2pt made,rebound,,,,1626196|1627748|1628389|1628425|1891|201949|201961|203507|203953|2548,1626196|1628389|201949|201961|2548,1627748|1628425|1891|203507|203953,-230.0,27.0,1610612748.0,21700821,True
1,PT00M24.60S,00:24,Q1 00:24,36.41,141,rebound,Antetokounmpo REBOUND (Off:0 Def:4),[],Antetokounmpo,19,21,,False,False,203507.0,,3pt missed,foul,,,,1626196|1627748|1628389|1628425|1891|201949|201961|203507|203953|2548,1627748|1628425|1891|203507|203953,1626196|1628389|201949|201961|2548,,,1610612749.0,21700821,True
1,PT00M08.00S,00:08,Q1 00:08,36.13333333333333,142,foul,Richardson S.FOUL (P2.PN) (T.Ford),[],Richardson,19,21,,False,False,1626196.0,,rebound,freethrow,203507.0,,,1626196|1627748|1628389|1628425|1891|201949|201961|203507|203953|2548,1626196|1628389|201949|201961|2548,1627748|1628425|1891|203507|203953,,,1610612748.0,21700821,True
1,PT00M08.00S,00:08,Q1 00:08,36.13333333333333,144,freethrow,Antetokounmpo Free Throw 1 of 2 (7 PTS),[],Antetokounmpo,19,22,Made,False,False,203507.0,,foul,freethrow,,,,1626196|1627748|1628389|1628425|1891|201949|201961|203507|203953|2548,1627748|1628425|1891|203507|203953,1626196|1628389|201949|201961|2548,,,1610612749.0,21700821,True
1,PT00M08.00S,00:08,Q1 00:08,36.13333333333333,145,freethrow,Antetokounmpo Free Throw 2 of 2 (8 PTS),[],Antetokounmpo,19,23,Made,False,False,203507.0,,freethrow,turnover,,,,1626196|1627748|1628389|1628425|1891|201949|201961|203507|203953|2548,1627748|1628425|1891|203507|203953,1626196|1628389|201949|201961|2548,,,1610612749.0,21700821,True
1,PT00M02.30S,00:02,Q1 00:02,36.038333333333334,146,turnover,Wade Bad Pass Turnover (P3.T4),[],Wade,19,23,,False,False,2548.0,,freethrow,steal,,,,1626196|1627748|1628389|1628425|1891|201949|201961|203507|203953|2548,1626196|1628389|201949|201961|2548,1627748|1628425|1891|203507|203953,,,1610612748.0,21700821,True
1,PT00M02.30S,00:02,Q1 00:02,36.038333333333334,146,steal,Parker STEAL (1 STL),[],Parker,19,23,,False,False,203953.0,,turnover,3pt missed,,203953.0,,1626196|1627748|1628389|1628425|1891|201949|201961|203507|203953|2548,1627748|1628425|1891|203507|203953,1626196|1628389|201949|201961|2548,,,1610612749.0,21700821,True
1,PT00M01.10S,00:01,Q1 00:01,36.01833333333333,148,3pt,MISS Parker 39' 3PT Jump Shot,[],Parker,19,23,Missed,True,False,203953.0,,steal,rebound,,,,1626196|1627748|1628389|1628425|1891|201949|201961|203507|203953|2548,1627748|1628425|1891|203507|203953,1626196|1628389|201949|201961|2548,-128.0,372.0,1610612749.0,21700821,True
1,PT00M00.10S,00:00,Q1 00:00,36.001666666666665,149,rebound,TEAM offensive REBOUND,['team'],,19,23,,False,False,0.0,,3pt missed,period,,,,1626196|1627748|1628389|1628425|1891|201949|201961|203507|203953|2548,1627748|1628425|1891|203507|203953,1626196|1628389|201949|201961|2548,,,1610612749.0,21700821,True
1,PT00M00.00S,00:00,Q1 00:00,36.0,150,period,End of 1st Period (8:39 PM EST),[],,19,23,,False,False,0.0,,rebound,period,,,,1626196|1627748|1628389|1628425|1891|201949|201961|203507|203953|2548,1626196|1628389|201949|201961|2548,1627748|1628425|1891|203507|203953,,,1610612748.0,21700821,True
2,PT12M00.00S,12:00,Q2 12:00,36.0,155,period,Start of 2nd Period (8:42 PM EST),[],,19,23,,False,False,0.0,,period,substitution,,,,1626196|1627748|1628389|1628425|1891|201949|201961|203507|203953|2548,1626196|1628389|201949|201961|2548,1627748|1628425|1891|203507|203953,,,1610612748.0,21700821,True
2,PT11M51.00S,11:51,Q2 11:51,35.85,156,foul,Maker P.FOUL (P1.T1) (A.Smith),[],Maker,19,23,,False,False,1627748.0,,substitution,3pt made,201949.0,,,1627748|1628389|1628425|1891|201609|201949|201961|203507|203953|204020,1627748|1628425|1891|203507|203953,1628389|201609|201949|201961|204020,,,1610612749.0,21700821,True
2,PT11M36.00S,11:36,Q2 11:36,35.6,158,3pt,J. Johnson 3PT Jump Shot (3 PTS) (Ellington 1 AST),[],Johnson,22,23,Made,True,True,201949.0,201961.0,foul,2pt missed,,,,1627748|1628389|1628425|1891|201609|201949|201961|203507|203953|204020,1628389|201609|201949|201961|204020,1627748|1628425|1891|203507|203953,228.0,27.0,1610612748.0,21700821,True
2,PT11M03.00S,11:03,Q2 11:03,35.05,161,2pt,MISS Brown 19' Jump Shot,[],Brown,22,23,Missed,True,False,1628425.0,,3pt made,rebound,,,,1627748|1628389|1628425|1891|201609|201949|201961|203507|203953|204020,1627748|1628425|1891|203507|203953,1628389|201609|201949|201961|204020,192.0,-6.0,1610612749.0,21700821,True
2,PT11M00.00S,11:00,Q2 11:00,35.0,162,rebound,J. Johnson REBOUND (Off:0 Def:1),[],Johnson,22,23,,False,False,201949.0,,2pt missed,foul,,,,1627748|1628389|1628425|1891|201609|201949|201961|203507|203953|204020,1628389|201609|201949|201961|204020,1627748|1628425|1891|203507|203953,,,1610612748.0,21700821,True
2,PT10M57.00S,10:57,Q2 10:57,34.95,163,foul,Parker S.FOUL (P1.T2) (T.Ford),[],Parker,22,23,,False,False,203953.0,,rebound,freethrow,1628389.0,,,1627748|1628389|1628425|1891|201609|201949|201961|203507|203953|204020,1627748|1628425|1891|203507|203953,1628389|201609|201949|201961|204020,,,1610612749.0,21700821,True
2,PT10M57.00S,10:57,Q2 10:57,34.95,165,freethrow,Adebayo Free Throw 1 of 2 (1 PTS),[],Adebayo,23,23,Made,False,False,1628389.0,,foul,freethrow,,,,1627748|1628389|1628425|1891|201609|201949|201961|203507|203953|204020,1628389|201609|201949|201961|204020,1627748|1628425|1891|203507|203953,,,1610612748.0,21700821,True
2,PT10M57.00S,10:57,Q2 10:57,34.95,166,freethrow,Adebayo Free Throw 2 of 2 (2 PTS),[],Adebayo,24,23,Made,False,False,1628389.0,,freethrow,2pt missed,,,,1627748|1628389|1628425|1891|201609|201949|201961|203507|203953|204020,1628389|201609|201949|201961|204020,1627748|1628425|1891|203507|203953,,,1610612748.0,21700821,True
2,PT10M41.00S,10:41,Q2 10:41,34.68333333333334,167,2pt,MISS Parker 7' Fadeaway Jumper,['pointsinthepaint'],Parker,24,23,Missed,True,False,203953.0,,freethrow,rebound,,,,1627748|1628389|1628425|1891|201609|201949|201961|203507|203953|204020,1627748|1628425|1891|203507|203953,1628389|201609|201949|201961|204020,37.0,54.0,1610612749.0,21700821,True
2,PT10M38.00S,10:38,Q2 10:38,34.63333333333333,168,rebound,Ellington REBOUND (Off:0 Def:3),[],Ellington,24,23,,False,False,201961.0,,2pt missed,3pt made,,,,1627748|1628389|1628425|1891|201609|201949|201961|203507|203953|204020,1628389|201609|201949|201961|204020,1627748|1628425|1891|203507|203953,,,1610612748.0,21700821,True
2,PT10M27.00S,10:27,Q2 10:27,34.45,169,3pt,T. Johnson 25' 3PT Jump Shot (9 PTS) (Adebayo 1 AST),[],Johnson,27,23,Made,True,True,204020.0,1628389.0,rebound,2pt missed,,,,1627748|1628389|1628425|1891|201609|201949|201961|203507|203953|204020,1628389|201609|201949|201961|204020,1627748|1628425|1891|203507|203953,-42.0,251.0,1610612748.0,21700821,True
2,PT10M05.00S,10:05,Q2 10:05,34.083333333333336,171,2pt,MISS Antetokounmpo 2' Driving Layup,['pointsinthepaint'],Antetokounmpo,27,23,Missed,True,False,203507.0,,3pt made,rebound,,,,1627748|1628389|1628425|1891|201609|201949|201961|203507|203953|204020,1627748|1628425|1891|203507|203953,1628389|201609|201949|201961|204020,-14.0,15.0,1610612749.0,21700821,True
2,PT10M04.00S,10:04,Q2 10:04,34.06666666666666,172,rebound,Adebayo REBOUND (Off:0 Def:1),[],Adebayo,27,23,,False,False,1628389.0,,2pt missed,turnover,,,,1627748|1628389|1628425|1891|201609|201949|201961|203507|203953|204020,1628389|201609|201949|201961|204020,1627748|1628425|1891|203507|203953,,,1610612748.0,21700821,True
2,PT09M51.00S,09:51,Q2 09:51,33.85,173,turnover,Ellington Out of Bounds - Bad Pass Turnover Turnover (P1.T5),[],Ellington,27,23,,False,False,201961.0,,rebound,2pt made,,,,1627748|1628389|1628425|1891|201609|201949|201961|203507|203953|204020,1628389|201609|201949|201961|204020,1627748|1628425|1891|203507|203953,,,1610612748.0,21700821,True
2,PT09M31.00S,09:31,Q2 09:31,33.516666666666666,174,2pt,Maker 20' Jump Shot (2 PTS) (Terry 2 AST),[],Maker,27,25,Made,True,True,1627748.0,1891.0,turnover,foul,,,,1627748|1628389|1628425|1891|201609|201949|201961|203507|203953|204020,1627748|1628425|1891|203507|203953,1628389|201609|201949|201961|204020,-201.0,23.0,1610612749.0,21700821,True
2,PT09M23.00S,09:23,Q2 09:23,33.38333333333333,176,foul,Adebayo OFF.Foul (P1) (B.Adams),[],Adebayo,27,25,,False,False,1628389.0,,2pt made,turnover,203930.0,,,1627748|1628389|1628425|1891|201609|201949|201961|203507|203953|204020,1628389|201609|201949|201961|204020,1627748|1628425|1891|203507|203953,,,1610612748.0,21700821,True
2,PT09M23.00S,09:23,Q2 09:23,33.38333333333333,178,turnover,Adebayo Offensive Foul Turnover (P1.T6),[],Adebayo,27,25,,False,False,1628389.0,,foul,substitution,,,,1627748|1628389|1628425|1891|201609|201949|201961|203507|203953|204020,1628389|201609|201949|201961|204020,1627748|1628425|1891|203507|203953,,,1610612748.0,21700821,True
2,PT09M23.00S,09:23,Q2 09:23,33.38333333333333,179,substitution,SUB out: J. Parker,[],Parker,27,25,,False,False,203953.0,,turnover,substitution,,,,1627748|1628389|1628425|1891|201609|201949|201961|203507|204020,1627748|1628425|1891|203507,1628389|201609|201949|201961|204020,,,1610612749.0,21700821,False
2,PT09M23.00S,09:23,Q2 09:23,33.38333333333333,180,substitution,SUB in: S. Kilpatrick,[],Kilpatrick,27,25,,False,False,203930.0,,substitution,foul,,,,1627748|1628389|1628425|1891|201609|201949|201961|203507|203930|204020,1627748|1628425|1891|203507|203930,1628389|201609|201949|201961|204020,,,1610612749.0,21700821,True
2,PT09M09.00S,09:09,Q2 09:09,33.15,181,foul,T. Johnson S.FOUL (P1.T1) (T.Ford),[],Johnson,27,25,,False,False,204020.0,,substitution,freethrow,203930.0,,,1627748|1628389|1628425|1891|201609|201949|201961|203507|203930|204020,1628389|201609|201949|201961|204020,1627748|1628425|1891|203507|203930,,,1610612748.0,21700821,True
2,PT09M09.00S,09:09,Q2 09:09,33.15,183,freethrow,Kilpatrick Free Throw 1 of 2 (1 PTS),[],Kilpatrick,27,26,Made,False,False,203930.0,,foul,freethrow,,,,1627748|1628389|1628425|1891|201609|201949|201961|203507|203930|204020,1627748|1628425|1891|203507|203930,1628389|201609|201949|201961|204020,,,1610612749.0,21700821,True
2,PT09M09.00S,09:09,Q2 09:09,33.15,184,freethrow,Kilpatrick Free Throw 2 of 2 (2 PTS),[],Kilpatrick,27,27,Made,False,False,203930.0,,freethrow,foul,,,,1627748|1628389|1628425|1891|201609|201949|201961|203507|203930|204020,1627748|1628425|1891|203507|203930,1628389|201609|201949|201961|204020,,,1610612749.0,21700821,True
2,PT09M00.00S,09:00,Q2 09:00,33.0,185,foul,Brown S.FOUL (P1.T3) (A.Smith),[],Brown,27,27,,False,False,1628425.0,,freethrow,freethrow,1628389.0,,,1627748|1628389|1628425|1891|201609|201949|201961|203507|203930|204020,1627748|1628425|1891|203507|203930,1628389|201609|201949|201961|204020,,,1610612749.0,21700821,True
2,PT09M00.00S,09:00,Q2 09:00,33.0,187,freethrow,Adebayo Free Throw 1 of 2 (3 PTS),[],Adebayo,28,27,Made,False,False,1628389.0,,foul,freethrow,,,,1627748|1628389|1628425|1891|201609|201949|201961|203507|203930|204020,1628389|201609|201949|201961|204020,1627748|1628425|1891|203507|203930,,,1610612748.0,21700821,True
2,PT09M00.00S,09:00,Q2 09:00,33.0,188,freethrow,Adebayo Free Throw 2 of 2 (4 PTS),[],Adebayo,29,27,Made,False,False,1628389.0,,freethrow,2pt missed,,,,1627748|1628389|1628425|1891|201609|201949|201961|203507|203930|204020,1628389|201609|201949|201961|204020,1627748|1628425|1891|203507|203930,,,1610612748.0,21700821,True
2,PT08M36.00S,08:36,Q2 08:36,32.6,193,2pt,MISS Antetokounmpo 18' Turnaround Fadeaway Shot,[],Antetokounmpo,29,27,Missed,True,False,203507.0,,freethrow,rebound,,,,1627748|1628389|1628425|1891|201609|201949|201961|203507|203930|204020,1627748|1628425|1891|203507|203930,1628389|201609|201949|201961|204020,-182.0,13.0,1610612749.0,21700821,True
2,PT08M33.00S,08:33,Q2 08:33,32.55,194,rebound,T. Johnson REBOUND (Off:1 Def:1),[],Johnson,29,27,,False,False,204020.0,,2pt missed,2pt missed,,,,1627748|1628389|1628425|1891|201609|201949|201961|203507|203930|204020,1628389|201609|201949|201961|204020,1627748|1628425|1891|203507|203930,,,1610612748.0,21700821,True
2,PT08M26.00S,08:26,Q2 08:26,32.43333333333334,195,2pt,MISS Adebayo 13' Jump Shot,['pointsinthepaint'],Adebayo,29,27,Missed,True,False,1628389.0,,rebound,rebound,,,,1627748|1628389|1628425|1891|201609|201949|201961|203507|203930|204020,1628389|201609|201949|201961|204020,1627748|1628425|1891|203507|203930,-49.0,121.0,1610612748.0,21700821,True
2,PT08M24.00S,08:24,Q2 08:24,32.4,196,rebound,Maker REBOUND (Off:0 Def:2),[],Maker,29,27,,False,False,1627748.0,,2pt missed,turnover,,,,1627748|1628389|1628425|1891|201609|201949|201961|203507|203930|204020,1627748|1628425|1891|203507|203930,1628389|201609|201949|201961|204020,,,1610612749.0,21700821,True
2,PT08M20.00S,08:20,Q2 08:20,32.333333333333336,197,turnover,Maker Out of Bounds - Bad Pass Turnover Turnover (P1.T6),[],Maker,29,27,,False,False,1627748.0,,rebound,2pt missed,,,,1627748|1628389|1628425|1891|201609|201949|201961|203507|203930|204020,1627748|1628425|1891|203507|203930,1628389|201609|201949|201961|204020,,,1610612749.0,21700821,True
2,PT08M06.00S,08:06,Q2 08:06,32.1,198,2pt,MISS Dragic 16' Jump Shot,[],Dragic,29,27,Missed,True,False,201609.0,,turnover,rebound,,,,1627748|1628389|1628425|1891|201609|201949|201961|203507|203930|204020,1628389|201609|201949|201961|204020,1627748|1628425|1891|203507|203930,-156.0,-2.0,1610612748.0,21700821,True
2,PT08M04.00S,08:04,Q2 08:04,32.06666666666666,199,rebound,Maker REBOUND (Off:0 Def:3),[],Maker,29,27,,False,False,1627748.0,,2pt missed,2pt missed,,,,1627748|1628389|1628425|1891|201609|201949|201961|203507|203930|204020,1627748|1628425|1891|203507|203930,1628389|201609|201949|201961|204020,,,1610612749.0,21700821,True
2,PT07M49.00S,07:49,Q2 07:49,31.816666666666666,200,2pt,MISS Antetokounmpo 21' Jump Shot,[],Antetokounmpo,29,27,Missed,True,False,203507.0,,rebound,block,,,,1627748|1628389|1628425|1891|201609|201949|201961|203507|203930|204020,1627748|1628425|1891|203507|203930,1628389|201609|201949|201961|204020,-155.0,138.0,1610612749.0,21700821,True
2,PT07M49.00S,07:49,Q2 07:49,31.816666666666666,200,block,Adebayo BLOCK (1 BLK),[],Adebayo,29,27,,False,False,1628389.0,,2pt missed,rebound,,,1628389.0,1627748|1628389|1628425|1891|201609|201949|201961|203507|203930|204020,1628389|201609|201949|201961|204020,1627748|1628425|1891|203507|203930,,,1610612748.0,21700821,True
2,PT07M48.00S,07:48,Q2 07:48,31.8,202,rebound,Adebayo REBOUND (Off:0 Def:2),[],Adebayo,29,27,,False,False,1628389.0,,block,foul,,,,1627748|1628389|1628425|1891|201609|201949|201961|203507|203930|204020,1628389|201609|201949|201961|204020,1627748|1628425|1891|203507|203930,,,1610612748.0,21700821,True
2,PT07M47.00S,07:47,Q2 07:47,31.78333333333333,203,foul,Antetokounmpo P.FOUL (P1.T4) (A.Smith),[],Antetokounmpo,29,27,,False,False,203507.0,,rebound,2pt made,201949.0,,,1627748|1628389|1628425|1891|201609|201949|201961|203507|203930|204020,1627748|1628425|1891|203507|203930,1628389|201609|201949|201961|204020,,,1610612749.0,21700821,True
2,PT07M29.00S,07:29,Q2 07:29,31.483333333333334,205,2pt,J. Johnson 12' Fadeaway Jumper (5 PTS),['pointsinthepaint'],Johnson,31,27,Made,True,False,201949.0,,foul,2pt missed,,,,1627748|1628389|1628425|1891|201609|201949|201961|203507|203930|204020,1628389|201609|201949|201961|204020,1627748|1628425|1891|203507|203930,46.0,108.0,1610612748.0,21700821,True
2,PT07M12.00S,07:12,Q2 07:12,31.2,206,2pt,MISS Kilpatrick 11' Jump Bank Shot,[],Kilpatrick,31,27,Missed,True,False,203930.0,,2pt made,rebound,,,,1627748|1628389|1628425|1891|201609|201949|201961|203507|203930|204020,1627748|1628425|1891|203507|203930,1628389|201609|201949|201961|204020,-96.0,61.0,1610612749.0,21700821,True
2,PT07M09.00S,07:09,Q2 07:09,31.15,207,rebound,T. Johnson REBOUND (Off:1 Def:2),[],Johnson,31,27,,False,False,204020.0,,2pt missed,2pt missed,,,,1627748|1628389|1628425|1891|201609|201949|201961|203507|203930|204020,1628389|201609|201949|201961|204020,1627748|1628425|1891|203507|203930,,,1610612748.0,21700821,True
2,PT07M05.00S,07:05,Q2 07:05,31.083333333333332,208,2pt,MISS T. Johnson 3' Floating Jump Shot,['pointsinthepaint'],Johnson,31,27,Missed,True,False,204020.0,,rebound,rebound,,,,1627748|1628389|1628425|1891|201609|201949|201961|203507|203930|204020,1628389|201609|201949|201961|204020,1627748|1628425|1891|203507|203930,-20.0,15.0,1610612748.0,21700821,True
2,PT07M01.00S,07:01,Q2 07:01,31.016666666666666,209,rebound,Kilpatrick REBOUND (Off:0 Def:1),[],Kilpatrick,31,27,,False,False,203930.0,,2pt missed,2pt made,,,,1627748|1628389|1628425|1891|201609|201949|201961|203507|203930|204020,1627748|1628425|1891|203507|203930,1628389|201609|201949|201961|204020,,,1610612749.0,21700821,True
2,PT06M57.00S,06:57,Q2 06:57,30.95,210,2pt,Maker 2' Dunk (4 PTS) (Kilpatrick 1 AST),['pointsinthepaint'],Maker,31,29,Made,True,True,1627748.0,203930.0,rebound,2pt made,,,,1627748|1628389|1628425|1891|201609|201949|201961|203507|203930|204020,1627748|1628425|1891|203507|203930,1628389|201609|201949|201961|204020,-13.0,12.0,1610612749.0,21700821,True
2,PT06M32.00S,06:32,Q2 06:32,30.53333333333333,212,2pt,Ellington 3' Layup (2 PTS),['pointsinthepaint'],Ellington,33,29,Made,True,False,201961.0,,2pt made,3pt missed,,,,1627748|1628389|1628425|1891|201609|201949|201961|203507|203930|204020,1628389|201609|201949|201961|204020,1627748|1628425|1891|203507|203930,14.0,21.0,1610612748.0,21700821,True
2,PT06M16.00S,06:16,Q2 06:16,30.266666666666666,213,3pt,MISS Kilpatrick 25' 3PT Jump Shot,[],Kilpatrick,33,29,Missed,True,False,203930.0,,2pt made,rebound,,,,1627748|1628389|1628425|1891|201609|201949|201961|203507|203930|204020,1627748|1628425|1891|203507|203930,1628389|201609|201949|201961|204020,-223.0,109.0,1610612749.0,21700821,True
2,PT06M14.00S,06:14,Q2 06:14,30.233333333333334,214,rebound,J. Johnson REBOUND (Off:0 Def:2),[],Johnson,33,29,,False,False,201949.0,,3pt missed,2pt missed,,,,1627748|1628389|1628425|1891|201609|201949|201961|203507|203930|204020,1628389|201609|201949|201961|204020,1627748|1628425|1891|203507|203930,,,1610612748.0,21700821,True
2,PT06M08.00S,06:08,Q2 06:08,30.133333333333333,215,2pt,MISS J. Johnson 4' Running Layup,['pointsinthepaint'],Johnson,33,29,Missed,True,False,201949.0,,rebound,rebound,,,,1627748|1628389|1628425|1891|201609|201949|201961|203507|203930|204020,1628389|201609|201949|201961|204020,1627748|1628425|1891|203507|203930,20.0,34.0,1610612748.0,21700821,True
2,PT06M05.00S,06:05,Q2 06:05,30.083333333333332,216,rebound,Antetokounmpo REBOUND (Off:0 Def:5),[],Antetokounmpo,33,29,,False,False,203507.0,,2pt missed,2pt made,,,,1627748|1628389|1628425|1891|201609|201949|201961|203507|203930|204020,1627748|1628425|1891|203507|203930,1628389|201609|201949|201961|204020,,,1610612749.0,21700821,True
2,PT06M02.00S,06:02,Q2 06:02,30.03333333333333,217,2pt,Maker 2' Finger Roll Layup (6 PTS) (Antetokounmpo 2 AST),['pointsinthepaint'],Maker,33,31,Made,True,True,1627748.0,203507.0,rebound,timeout,,,,1627748|1628389|1628425|1891|201609|201949|201961|203507|203930|204020,1627748|1628425|1891|203507|203930,1628389|201609|201949|201961|204020,0.0,20.0,1610612749.0,21700821,True
2,PT06M02.00S,06:02,Q2 06:02,30.03333333333333,219,timeout,HEAT Timeout: Regular (Full 2 Short 0),[],,33,31,,False,False,0.0,,2pt made,substitution,,,,1627748|1628389|1628425|1891|201609|201949|201961|203507|203930|204020,1628389|201609|201949|201961|204020,1627748|1628425|1891|203507|203930,,,1610612748.0,21700821,True
2,PT06M02.00S,06:02,Q2 06:02,30.03333333333333,220,substitution,SUB out: G. Dragic,[],Dragic,33,31,,False,False,201609.0,,timeout,substitution,,,,1627748|1628389|1628425|1891|201949|201961|203507|203930|204020,1628389|201949|201961|204020,1627748|1628425|1891|203507|203930,,,1610612748.0,21700821,False
2,PT06M02.00S,06:02,Q2 06:02,30.03333333333333,221,substitution,SUB out: T. Johnson,[],Johnson,33,31,,False,False,204020.0,,substitution,substitution,,,,1627748|1628389|1628425|1891|201949|201961|203507|203930,1628389|201949|201961,1627748|1628425|1891|203507|203930,,,1610612748.0,21700821,False
2,PT06M02.00S,06:02,Q2 06:02,30.03333333333333,222,substitution,SUB out: J. Johnson,[],Johnson,33,31,,False,False,201949.0,,substitution,substitution,,,,1627748|1628389|1628425|1891|201961|203507|203930,1628389|201961,1627748|1628425|1891|203507|203930,,,1610612748.0,21700821,False
2,PT06M02.00S,06:02,Q2 06:02,30.03333333333333,223,substitution,SUB out: T. Maker,[],Maker,33,31,,False,False,1627748.0,,substitution,substitution,,,,1628389|1628425|1891|201961|203507|203930,1628425|1891|203507|203930,1628389|201961,,,1610612749.0,21700821,False
2,PT06M02.00S,06:02,Q2 06:02,30.03333333333333,224,substitution,SUB out: S. Brown,[],Brown,33,31,,False,False,1628425.0,,substitution,substitution,,,,1628389|1891|201961|203507|203930,1891|203507|203930,1628389|201961,,,1610612749.0,21700821,False
2,PT06M02.00S,06:02,Q2 06:02,30.03333333333333,225,substitution,SUB in: J. Richardson,[],Richardson,33,31,,False,False,1626196.0,,substitution,substitution,,,,1626196|1628389|1891|201961|203507|203930,1626196|1628389|201961,1891|203507|203930,,,1610612748.0,21700821,False
2,PT06M02.00S,06:02,Q2 06:02,30.03333333333333,226,substitution,SUB in: H. Whiteside,[],Whiteside,33,31,,False,False,202355.0,,substitution,substitution,,,,1626196|1628389|1891|201961|202355|203507|203930,1626196|1628389|201961|202355,1891|203507|203930,,,1610612748.0,21700821,False
2,PT06M02.00S,06:02,Q2 06:02,30.03333333333333,227,substitution,SUB in: D. Wade,[],Wade,33,31,,False,False,2548.0,,substitution,substitution,,,,1626196|1628389|1891|201961|202355|203507|203930|2548,1626196|1628389|201961|202355|2548,1891|203507|203930,,,1610612748.0,21700821,False
2,PT06M02.00S,06:02,Q2 06:02,30.03333333333333,228,substitution,SUB in: T. Snell,[],Snell,33,31,,False,False,203503.0,,substitution,substitution,,,,1626196|1628389|1891|201961|202355|203503|203507|203930|2548,1891|203503|203507|203930,1626196|1628389|201961|202355|2548,,,1610612749.0,21700821,False
2,PT06M02.00S,06:02,Q2 06:02,30.03333333333333,229,substitution,SUB in: J. Henson,[],Henson,33,31,,False,False,203089.0,,substitution,2pt missed,,,,1626196|1628389|1891|201961|202355|203089|203503|203507|203930|2548,1891|203089|203503|203507|203930,1626196|1628389|201961|202355|2548,,,1610612749.0,21700821,True
2,PT05M47.00S,05:47,Q2 05:47,29.78333333333333,230,2pt,MISS Wade 15' Jump Shot,['pointsinthepaint'],Wade,33,31,Missed,True,False,2548.0,,substitution,rebound,,,,1626196|1628389|1891|201961|202355|203089|203503|203507|203930|2548,1626196|1628389|201961|202355|2548,1891|203089|203503|203507|203930,58.0,134.0,1610612748.0,21700821,True
2,PT05M45.00S,05:45,Q2 05:45,29.75,231,rebound,Antetokounmpo REBOUND (Off:0 Def:6),[],Antetokounmpo,33,31,,False,False,203507.0,,2pt missed,2pt missed,,,,1626196|1628389|1891|201961|202355|203089|203503|203507|203930|2548,1891|203089|203503|203507|203930,1626196|1628389|201961|202355|2548,,,1610612749.0,21700821,True
2,PT05M27.00S,05:27,Q2 05:27,29.45,232,2pt,MISS Antetokounmpo 21' Pullup Jump Shot,[],Antetokounmpo,33,31,Missed,True,False,203507.0,,rebound,rebound,,,,1626196|1628389|1891|201961|202355|203089|203503|203507|203930|2548,1891|203089|203503|203507|203930,1626196|1628389|201961|202355|2548,-165.0,127.0,1610612749.0,21700821,True
2,PT05M25.00S,05:25,Q2 05:25,29.416666666666668,233,rebound,Richardson REBOUND (Off:0 Def:1),[],Richardson,33,31,,False,False,1626196.0,,2pt missed,2pt made,,,,1626196|1628389|1891|201961|202355|203089|203503|203507|203930|2548,1626196|1628389|201961|202355|2548,1891|203089|203503|203507|203930,,,1610612748.0,21700821,True
2,PT05M13.00S,05:13,Q2 05:13,29.21666666666667,234,2pt,Richardson 2' Driving Finger Roll Layup (7 PTS),['pointsinthepaint'],Richardson,35,31,Made,True,False,1626196.0,,rebound,3pt made,,,,1626196|1628389|1891|201961|202355|203089|203503|203507|203930|2548,1626196|1628389|201961|202355|2548,1891|203089|203503|203507|203930,-15.0,14.0,1610612748.0,21700821,True
2,PT04M50.00S,04:50,Q2 04:50,28.833333333333332,236,3pt,Terry 3PT Jump Shot (3 PTS) (Kilpatrick 2 AST),[],Terry,35,34,Made,True,True,1891.0,203930.0,2pt made,turnover,,,,1626196|1628389|1891|201961|202355|203089|203503|203507|203930|2548,1891|203089|203503|203507|203930,1626196|1628389|201961|202355|2548,230.0,2.0,1610612749.0,21700821,True
2,PT04M37.00S,04:37,Q2 04:37,28.616666666666667,238,turnover,Richardson Discontinue Dribble Turnover (P1.T7),[],Richardson,35,34,,False,False,1626196.0,,3pt made,substitution,,,,1626196|1628389|1891|201961|202355|203089|203503|203507|203930|2548,1626196|1628389|201961|202355|2548,1891|203089|203503|203507|203930,,,1610612748.0,21700821,True
2,PT04M37.00S,04:37,Q2 04:37,28.616666666666667,239,substitution,SUB out: J. Terry,[],Terry,35,34,,False,False,1891.0,,turnover,substitution,,,,1626196|1628389|201961|202355|203089|203503|203507|203930|2548,203089|203503|203507|203930,1626196|1628389|201961|202355|2548,,,1610612749.0,21700821,False
2,PT04M37.00S,04:37,Q2 04:37,28.616666666666667,240,substitution,SUB in: E. Bledsoe,[],Bledsoe,35,34,,False,False,202339.0,,substitution,foul,,,,1626196|1628389|201961|202339|202355|203089|203503|203507|203930|2548,202339|203089|203503|203507|203930,1626196|1628389|201961|202355|2548,,,1610612749.0,21700821,True
2,PT04M27.00S,04:27,Q2 04:27,28.45,241,foul,Henson OFF.Foul (P2) (B.Adams),['inpenalty'],Henson,35,34,,False,False,203089.0,,substitution,turnover,2548.0,,,1626196|1628389|201961|202339|202355|203089|203503|203507|203930|2548,202339|203089|203503|203507|203930,1626196|1628389|201961|202355|2548,,,1610612749.0,21700821,True
2,PT04M27.00S,04:27,Q2 04:27,28.45,243,turnover,Henson Offensive Foul Turnover (P1.T7),[],Henson,35,34,,False,False,203089.0,,foul,2pt missed,,,,1626196|1628389|201961|202339|202355|203089|203503|203507|203930|2548,202339|203089|203503|203507|203930,1626196|1628389|201961|202355|2548,,,1610612749.0,21700821,True
2,PT04M13.00S,04:13,Q2 04:13,28.21666666666667,244,2pt,MISS Wade 7' Jump Shot,['pointsinthepaint'],Wade,35,34,Missed,True,False,2548.0,,turnover,block,,,,1626196|1628389|201961|202339|202355|203089|203503|203507|203930|2548,1626196|1628389|201961|202355|2548,202339|203089|203503|203507|203930,-43.0,51.0,1610612748.0,21700821,True
2,PT04M13.00S,04:13,Q2 04:13,28.21666666666667,244,block,Snell BLOCK (2 BLK),[],Snell,35,34,,False,False,203503.0,,2pt missed,rebound,,,203503.0,1626196|1628389|201961|202339|202355|203089|203503|203507|203930|2548,202339|203089|203503|203507|203930,1626196|1628389|201961|202355|2548,,,1610612749.0,21700821,True
2,PT04M10.00S,04:10,Q2 04:10,28.166666666666668,246,rebound,Henson REBOUND (Off:0 Def:5),[],Henson,35,34,,False,False,203089.0,,block,2pt missed,,,,1626196|1628389|201961|202339|202355|203089|203503|203507|203930|2548,202339|203089|203503|203507|203930,1626196|1628389|201961|202355|2548,,,1610612749.0,21700821,True
2,PT03M54.00S,03:54,Q2 03:54,27.9,247,2pt,MISS Henson 5' Hook Shot,['pointsinthepaint'],Henson,35,34,Missed,True,False,203089.0,,rebound,rebound,,,,1626196|1628389|201961|202339|202355|203089|203503|203507|203930|2548,202339|203089|203503|203507|203930,1626196|1628389|201961|202355|2548,-35.0,38.0,1610612749.0,21700821,True
2,PT03M51.00S,03:51,Q2 03:51,27.85,248,rebound,Adebayo REBOUND (Off:0 Def:3),[],Adebayo,35,34,,False,False,1628389.0,,2pt missed,3pt missed,,,,1626196|1628389|201961|202339|202355|203089|203503|203507|203930|2548,1626196|1628389|201961|202355|2548,202339|203089|203503|203507|203930,,,1610612748.0,21700821,True
2,PT03M44.00S,03:44,Q2 03:44,27.733333333333334,249,3pt,MISS Ellington 27' 3PT Jump Shot,[],Ellington,35,34,Missed,True,False,201961.0,,rebound,rebound,,,,1626196|1628389|201961|202339|202355|203089|203503|203507|203930|2548,1626196|1628389|201961|202355|2548,202339|203089|203503|203507|203930,-135.0,229.0,1610612748.0,21700821,True
2,PT03M41.00S,03:41,Q2 03:41,27.683333333333334,250,rebound,Whiteside REBOUND (Off:4 Def:3),[],Whiteside,35,34,,False,False,202355.0,,3pt missed,2pt missed,,,,1626196|1628389|201961|202339|202355|203089|203503|203507|203930|2548,1626196|1628389|201961|202355|2548,202339|203089|203503|203507|203930,,,1610612748.0,21700821,True
2,PT03M39.00S,03:39,Q2 03:39,27.65,251,2pt,MISS Whiteside 3' Hook Shot,['pointsinthepaint'],Whiteside,35,34,Missed,True,False,202355.0,,rebound,rebound,,,,1626196|1628389|201961|202339|202355|203089|203503|203507|203930|2548,1626196|1628389|201961|202355|2548,202339|203089|203503|203507|203930,-24.0,24.0,1610612748.0,21700821,True
2,PT03M39.00S,03:39,Q2 03:39,27.65,252,rebound,Adebayo REBOUND (Off:1 Def:3),[],Adebayo,35,34,,False,False,1628389.0,,2pt missed,2pt missed,,,,1626196|1628389|201961|202339|202355|203089|203503|203507|203930|2548,1626196|1628389|201961|202355|2548,202339|203089|203503|203507|203930,,,1610612748.0,21700821,True
2,PT03M37.00S,03:37,Q2 03:37,27.616666666666667,253,2pt,MISS Adebayo 1' Tip Layup Shot,['pointsinthepaint'],Adebayo,35,34,Missed,True,False,1628389.0,,rebound,rebound,,,,1626196|1628389|201961|202339|202355|203089|203503|203507|203930|2548,1626196|1628389|201961|202355|2548,202339|203089|203503|203507|203930,0.0,-6.0,1610612748.0,21700821,True
2,PT03M36.00S,03:36,Q2 03:36,27.6,254,rebound,Bledsoe REBOUND (Off:0 Def:2),[],Bledsoe,35,34,,False,False,202339.0,,2pt missed,3pt made,,,,1626196|1628389|201961|202339|202355|203089|203503|203507|203930|2548,202339|203089|203503|203507|203930,1626196|1628389|201961|202355|2548,,,1610612749.0,21700821,True
2,PT03M18.00S,03:18,Q2 03:18,27.3,255,3pt,Bledsoe 3PT Jump Shot (7 PTS) (Henson 2 AST),[],Bledsoe,35,37,Made,True,True,202339.0,203089.0,rebound,turnover,,,,1626196|1628389|201961|202339|202355|203089|203503|203507|203930|2548,202339|203089|203503|203507|203930,1626196|1628389|201961|202355|2548,233.0,2.0,1610612749.0,21700821,True
2,PT03M02.00S,03:02,Q2 03:02,27.03333333333333,257,turnover,Whiteside Lost Ball Turnover (P1.T8),[],Whiteside,35,37,,False,False,202355.0,,3pt made,steal,,,,1626196|1628389|201961|202339|202355|203089|203503|203507|203930|2548,1626196|1628389|201961|202355|2548,202339|203089|203503|203507|203930,,,1610612748.0,21700821,True
2,PT03M02.00S,03:02,Q2 03:02,27.03333333333333,257,steal,Bledsoe STEAL (1 STL),[],Bledsoe,35,37,,False,False,202339.0,,turnover,2pt made,,202339.0,,1626196|1628389|201961|202339|202355|203089|203503|203507|203930|2548,202339|203089|203503|203507|203930,1626196|1628389|201961|202355|2548,,,1610612749.0,21700821,True
2,PT03M01.00S,03:01,Q2 03:01,27.016666666666666,259,2pt,Bledsoe 1' Running Layup (9 PTS),['pointsinthepaint'],Bledsoe,35,39,Made,True,False,202339.0,,steal,freethrow,,,,1626196|1628389|201961|202339|202355|203089|203503|203507|203930|2548,202339|203089|203503|203507|203930,1626196|1628389|201961|202355|2548,6.0,12.0,1610612749.0,21700821,True
2,PT03M01.00S,03:01,Q2 03:01,27.016666666666666,266,freethrow,Henson Free Throw 1 of 1 (1 PTS),[],Henson,35,40,Made,False,False,203089.0,,2pt made,foul,,,,1626196|1628389|201961|202339|202355|203089|203503|203507|203930|2548,202339|203089|203503|203507|203930,1626196|1628389|201961|202355|2548,,,1610612749.0,21700821,True
2,PT03M01.00S,03:01,Q2 03:01,27.016666666666666,658,foul,Whiteside S.FOUL (P1.T2) (B.Adams),[],Whiteside,35,39,,False,False,202355.0,,freethrow,substitution,202339.0,,,1626196|1628389|201961|202339|202355|203089|203503|203507|203930|2548,1626196|1628389|201961|202355|2548,202339|203089|203503|203507|203930,,,1610612748.0,21700821,True
2,PT03M01.00S,03:01,Q2 03:01,27.016666666666666,260,substitution,SUB out: S. Kilpatrick,[],Kilpatrick,35,39,,False,False,203930.0,,foul,substitution,,,,1626196|1628389|201961|202339|202355|203089|203503|203507|2548,202339|203089|203503|203507,1626196|1628389|201961|202355|2548,,,1610612749.0,21700821,False
2,PT03M01.00S,03:01,Q2 03:01,27.016666666666666,261,substitution,SUB out: W. Ellington,[],Ellington,35,39,,False,False,201961.0,,substitution,substitution,,,,1626196|1628389|202339|202355|203089|203503|203507|2548,1626196|1628389|202355|2548,202339|203089|203503|203507,,,1610612748.0,21700821,False
2,PT03M01.00S,03:01,Q2 03:01,27.016666666666666,262,substitution,SUB in: K. Middleton,[],Middleton,35,39,,False,False,203114.0,,substitution,substitution,,,,1626196|1628389|202339|202355|203089|203114|203503|203507|2548,202339|203089|203114|203503|203507,1626196|1628389|202355|2548,,,1610612749.0,21700821,False
2,PT03M01.00S,03:01,Q2 03:01,27.016666666666666,263,substitution,SUB in: T. Johnson,[],Johnson,35,39,,False,False,204020.0,,substitution,3pt made,,,,1626196|1628389|202339|202355|203089|203114|203503|203507|204020|2548,1626196|1628389|202355|204020|2548,202339|203089|203114|203503|203507,,,1610612748.0,21700821,True
2,PT02M40.00S,02:40,Q2 02:40,26.666666666666668,267,3pt,T. Johnson 26' 3PT Jump Shot (12 PTS) (Whiteside 1 AST),[],Johnson,38,40,Made,True,True,204020.0,202355.0,substitution,turnover,,,,1626196|1628389|202339|202355|203089|203114|203503|203507|204020|2548,1626196|1628389|202355|204020|2548,202339|203089|203114|203503|203507,126.0,226.0,1610612748.0,21700821,True
2,PT02M36.00S,02:36,Q2 02:36,26.6,269,turnover,Bledsoe Out of Bounds Lost Ball Turnover (P3.T8),[],Bledsoe,38,40,,False,False,202339.0,,3pt made,timeout,,,,1626196|1628389|202339|202355|203089|203114|203503|203507|204020|2548,202339|203089|203114|203503|203507,1626196|1628389|202355|204020|2548,,,1610612749.0,21700821,True
2,PT02M36.00S,02:36,Q2 02:36,26.6,270,timeout,Bucks Timeout: Regular (Reg.2 Short 0),[],,38,40,,False,False,0.0,,turnover,3pt missed,,,,1626196|1628389|202339|202355|203089|203114|203503|203507|204020|2548,202339|203089|203114|203503|203507,1626196|1628389|202355|204020|2548,,,1610612749.0,21700821,True
2,PT02M18.00S,02:18,Q2 02:18,26.3,271,3pt,MISS T. Johnson 26' 3PT Jump Shot,[],Johnson,38,40,Missed,True,False,204020.0,,timeout,rebound,,,,1626196|1628389|202339|202355|203089|203114|203503|203507|204020|2548,1626196|1628389|202355|204020|2548,202339|203089|203114|203503|203507,148.0,213.0,1610612748.0,21700821,True
2,PT02M16.00S,02:16,Q2 02:16,26.266666666666666,272,rebound,Antetokounmpo REBOUND (Off:0 Def:7),[],Antetokounmpo,38,40,,False,False,203507.0,,3pt missed,2pt missed,,,,1626196|1628389|202339|202355|203089|203114|203503|203507|204020|2548,202339|203089|203114|203503|203507,1626196|1628389|202355|204020|2548,,,1610612749.0,21700821,True
2,PT02M06.00S,02:06,Q2 02:06,26.1,273,2pt,MISS Bledsoe 2' Floating Jump Shot,['pointsinthepaint'],Bledsoe,38,40,Missed,True,False,202339.0,,rebound,rebound,,,,1626196|1628389|202339|202355|203089|203114|203503|203507|204020|2548,202339|203089|203114|203503|203507,1626196|1628389|202355|204020|2548,-6.0,18.0,1610612749.0,21700821,True
2,PT02M04.00S,02:04,Q2 02:04,26.066666666666666,274,rebound,Whiteside REBOUND (Off:4 Def:4),[],Whiteside,38,40,,False,False,202355.0,,2pt missed,2pt made,,,,1626196|1628389|202339|202355|203089|203114|203503|203507|204020|2548,1626196|1628389|202355|204020|2548,202339|203089|203114|203503|203507,,,1610612748.0,21700821,True
2,PT02M01.00S,02:01,Q2 02:01,26.016666666666666,275,2pt,T. Johnson 1' Alley Oop Dunk (14 PTS) (Wade 1 AST),['pointsinthepaint'],Johnson,40,40,Made,True,True,204020.0,2548.0,rebound,2pt made,,,,1626196|1628389|202339|202355|203089|203114|203503|203507|204020|2548,1626196|1628389|202355|204020|2548,202339|203089|203114|203503|203507,9.0,6.0,1610612748.0,21700821,True
2,PT01M43.00S,01:43,Q2 01:43,25.71666666666667,277,2pt,Henson 1' Dunk (3 PTS) (Middleton 2 AST),['pointsinthepaint'],Henson,40,42,Made,True,True,203089.0,203114.0,2pt made,turnover,,,,1626196|1628389|202339|202355|203089|203114|203503|203507|204020|2548,202339|203089|203114|203503|203507,1626196|1628389|202355|204020|2548,-8.0,11.0,1610612749.0,21700821,True
2,PT01M27.00S,01:27,Q2 01:27,25.45,279,turnover,Adebayo Lost Ball Turnover (P2.T9),[],Adebayo,40,42,,False,False,1628389.0,,2pt made,steal,,,,1626196|1628389|202339|202355|203089|203114|203503|203507|204020|2548,1626196|1628389|202355|204020|2548,202339|203089|203114|203503|203507,,,1610612748.0,21700821,True
2,PT01M27.00S,01:27,Q2 01:27,25.45,279,steal,Bledsoe STEAL (2 STL),[],Bledsoe,40,42,,False,False,202339.0,,turnover,2pt made,,202339.0,,1626196|1628389|202339|202355|203089|203114|203503|203507|204020|2548,202339|203089|203114|203503|203507,1626196|1628389|202355|204020|2548,,,1610612749.0,21700821,True
2,PT01M16.00S,01:16,Q2 01:16,25.266666666666666,281,2pt,Bledsoe 15' Pullup Jump Shot (11 PTS),['pointsinthepaint'],Bledsoe,40,44,Made,True,False,202339.0,,steal,turnover,,,,1626196|1628389|202339|202355|203089|203114|203503|203507|204020|2548,202339|203089|203114|203503|203507,1626196|1628389|202355|204020|2548,-70.0,132.0,1610612749.0,21700821,True
2,PT00M59.90S,00:59,Q2 00:59,24.998333333333335,282,turnover,Whiteside Lost Ball Turnover (P2.T10),[],Whiteside,40,44,,False,False,202355.0,,2pt made,steal,,,,1626196|1628389|202339|202355|203089|203114|203503|203507|204020|2548,1626196|1628389|202355|204020|2548,202339|203089|203114|203503|203507,,,1610612748.0,21700821,True
2,PT00M59.90S,00:59,Q2 00:59,24.998333333333335,282,steal,Henson STEAL (1 STL),[],Henson,40,44,,False,False,203089.0,,turnover,3pt missed,,203089.0,,1626196|1628389|202339|202355|203089|203114|203503|203507|204020|2548,202339|203089|203114|203503|203507,1626196|1628389|202355|204020|2548,,,1610612749.0,21700821,True
2,PT00M53.80S,00:53,Q2 00:53,24.89666666666667,284,3pt,MISS Bledsoe 27' 3PT Jump Shot,[],Bledsoe,40,44,Missed,True,False,202339.0,,steal,rebound,,,,1626196|1628389|202339|202355|203089|203114|203503|203507|204020|2548,202339|203089|203114|203503|203507,1626196|1628389|202355|204020|2548,-197.0,181.0,1610612749.0,21700821,True
2,PT00M51.40S,00:51,Q2 00:51,24.856666666666666,285,rebound,Whiteside REBOUND (Off:4 Def:5),[],Whiteside,40,44,,False,False,202355.0,,3pt missed,2pt missed,,,,1626196|1628389|202339|202355|203089|203114|203503|203507|204020|2548,1626196|1628389|202355|204020|2548,202339|203089|203114|203503|203507,,,1610612748.0,21700821,True
2,PT00M37.40S,00:37,Q2 00:37,24.623333333333335,286,2pt,MISS Wade 2' Driving Finger Roll Layup,['pointsinthepaint'],Wade,40,44,Missed,True,False,2548.0,,rebound,block,,,,1626196|1628389|202339|202355|203089|203114|203503|203507|204020|2548,1626196|1628389|202355|204020|2548,202339|203089|203114|203503|203507,16.0,16.0,1610612748.0,21700821,True
2,PT00M37.40S,00:37,Q2 00:37,24.623333333333335,286,block,Henson BLOCK (2 BLK),[],Henson,40,44,,False,False,203089.0,,2pt missed,rebound,,,203089.0,1626196|1628389|202339|202355|203089|203114|203503|203507|204020|2548,202339|203089|203114|203503|203507,1626196|1628389|202355|204020|2548,,,1610612749.0,21700821,True
2,PT00M33.50S,00:33,Q2 00:33,24.558333333333334,288,rebound,Henson REBOUND (Off:0 Def:6),[],Henson,40,44,,False,False,203089.0,,block,foul,,,,1626196|1628389|202339|202355|203089|203114|203503|203507|204020|2548,202339|203089|203114|203503|203507,1626196|1628389|202355|204020|2548,,,1610612749.0,21700821,True
2,PT00M26.80S,00:26,Q2 00:26,24.446666666666665,289,foul,Richardson S.FOUL (P3.T3) (B.Adams),[],Richardson,40,44,,False,False,1626196.0,,rebound,freethrow,203503.0,,,1626196|1628389|202339|202355|203089|203114|203503|203507|204020|2548,1626196|1628389|202355|204020|2548,202339|203089|203114|203503|203507,,,1610612748.0,21700821,True
2,PT00M26.80S,00:26,Q2 00:26,24.446666666666665,291,freethrow,Snell Free Throw 1 of 2 (1 PTS),[],Snell,40,45,Made,False,False,203503.0,,foul,freethrow,,,,1626196|1628389|202339|202355|203089|203114|203503|203507|204020|2548,202339|203089|203114|203503|203507,1626196|1628389|202355|204020|2548,,,1610612749.0,21700821,True
2,PT00M26.80S,00:26,Q2 00:26,24.446666666666665,298,freethrow,Snell Free Throw 2 of 2 (2 PTS),[],Snell,40,46,Made,False,False,203503.0,,freethrow,substitution,,,,1626196|1628389|202339|202355|203089|203114|203503|203507|204020|2548,202339|203089|203114|203503|203507,1626196|1628389|202355|204020|2548,,,1610612749.0,21700821,True
2,PT00M26.80S,00:26,Q2 00:26,24.446666666666665,292,substitution,SUB out: J. Richardson,[],Richardson,40,45,,False,False,1626196.0,,freethrow,substitution,,,,1628389|202339|202355|203089|203114|203503|203507|204020|2548,1628389|202355|204020|2548,202339|203089|203114|203503|203507,,,1610612748.0,21700821,False
2,PT00M26.80S,00:26,Q2 00:26,24.446666666666665,293,substitution,SUB out: B. Adebayo,[],Adebayo,40,45,,False,False,1628389.0,,substitution,substitution,,,,202339|202355|203089|203114|203503|203507|204020|2548,202355|204020|2548,202339|203089|203114|203503|203507,,,1610612748.0,21700821,False
2,PT00M26.80S,00:26,Q2 00:26,24.446666666666665,294,substitution,SUB out: J. Henson,[],Henson,40,45,,False,False,203089.0,,substitution,substitution,,,,202339|202355|203114|203503|203507|204020|2548,202339|203114|203503|203507,202355|204020|2548,,,1610612749.0,21700821,False
2,PT00M26.80S,00:26,Q2 00:26,24.446666666666665,295,substitution,SUB in: W. Ellington,[],Ellington,40,45,,False,False,201961.0,,substitution,substitution,,,,201961|202339|202355|203114|203503|203507|204020|2548,201961|202355|204020|2548,202339|203114|203503|203507,,,1610612748.0,21700821,False
2,PT00M26.80S,00:26,Q2 00:26,24.446666666666665,296,substitution,SUB in: G. Dragic,[],Dragic,40,45,,False,False,201609.0,,substitution,substitution,,,,201609|201961|202339|202355|203114|203503|203507|204020|2548,201609|201961|202355|204020|2548,202339|203114|203503|203507,,,1610612748.0,21700821,False
2,PT00M26.80S,00:26,Q2 00:26,24.446666666666665,297,substitution,SUB in: T. Maker,[],Maker,40,45,,False,False,1627748.0,,substitution,2pt made,,,,1627748|201609|201961|202339|202355|203114|203503|203507|204020|2548,1627748|202339|203114|203503|203507,201609|201961|202355|204020|2548,,,1610612749.0,21700821,True
2,PT00M04.50S,00:04,Q2 00:04,24.075,301,2pt,Whiteside 2' Alley Oop Dunk (6 PTS) (Wade 2 AST),['pointsinthepaint'],Whiteside,42,46,Made,True,True,202355.0,2548.0,substitution,3pt missed,,,,1627748|201609|201961|202339|202355|203114|203503|203507|204020|2548,201609|201961|202355|204020|2548,1627748|202339|203114|203503|203507,14.0,13.0,1610612748.0,21700821,True
2,PT00M01.40S,00:01,Q2 00:01,24.023333333333333,304,3pt,MISS Antetokounmpo 30' 3PT Jump Shot,[],Antetokounmpo,42,46,Missed,True,False,203507.0,,2pt made,rebound,,,,1627748|201609|201961|202339|202355|203114|203503|203507|204020|2548,1627748|202339|203114|203503|203507,201609|201961|202355|204020|2548,0.0,295.0,1610612749.0,21700821,True
2,PT00M00.10S,00:00,Q2 00:00,24.001666666666665,305,rebound,TEAM offensive REBOUND,['team'],,42,46,,False,False,0.0,,3pt missed,period,,,,1627748|201609|201961|202339|202355|203114|203503|203507|204020|2548,1627748|202339|203114|203503|203507,201609|201961|202355|204020|2548,,,1610612749.0,21700821,True
2,PT00M00.00S,00:00,Q2 00:00,24.0,306,period,End of 2nd Period (9:08 PM EST),[],,42,46,,False,False,0.0,,rebound,period,,,,1627748|201609|201961|202339|202355|203114|203503|203507|204020|2548,201609|201961|202355|204020|2548,1627748|202339|203114|203503|203507,,,1610612748.0,21700821,True
3,PT12M00.00S,12:00,Q3 12:00,24.0,313,period,Start of 3rd Period (9:24 PM EST),[],,42,46,,False,False,0.0,,period,substitution,,,,1627748|201609|201961|202339|202355|203114|203503|203507|204020|2548,201609|201961|202355|204020|2548,1627748|202339|203114|203503|203507,,,1610612748.0,21700821,True
3,PT11M48.00S,11:48,Q3 11:48,23.8,314,2pt,T. Johnson 2' Cutting Layup Shot (16 PTS) (Dragic 2 AST),['pointsinthepaint'],Johnson,44,46,Made,True,True,204020.0,201609.0,substitution,2pt made,,,,1626159|1626196|201609|202339|202355|203089|203114|203503|203507|204020,1626159|1626196|201609|202355|204020,202339|203089|203114|203503|203507,-2.0,21.0,1610612748.0,21700821,True
3,PT11M32.00S,11:32,Q3 11:32,23.53333333333333,316,2pt,Middleton 16' Pullup Jump Shot (9 PTS),[],Middleton,44,48,Made,True,False,203114.0,,2pt made,3pt missed,,,,1626159|1626196|201609|202339|202355|203089|203114|203503|203507|204020,202339|203089|203114|203503|203507,1626159|1626196|201609|202355|204020,148.0,50.0,1610612749.0,21700821,True
3,PT11M18.00S,11:18,Q3 11:18,23.3,317,3pt,MISS Richardson 3PT Jump Shot,[],Richardson,44,48,Missed,True,False,1626196.0,,2pt made,rebound,,,,1626159|1626196|201609|202339|202355|203089|203114|203503|203507|204020,1626159|1626196|201609|202355|204020,202339|203089|203114|203503|203507,-231.0,-5.0,1610612748.0,21700821,True
3,PT11M18.00S,11:18,Q3 11:18,23.3,318,rebound,TEAM defensive REBOUND,['team'],,44,48,,False,False,0.0,,3pt missed,2pt missed,,,,1626159|1626196|201609|202339|202355|203089|203114|203503|203507|204020,202339|203089|203114|203503|203507,1626159|1626196|201609|202355|204020,,,1610612749.0,21700821,True
3,PT11M08.00S,11:08,Q3 11:08,23.133333333333333,319,2pt,MISS Middleton 20' Pullup Jump Shot,[],Middleton,44,48,Missed,True,False,203114.0,,rebound,rebound,,,,1626159|1626196|201609|202339|202355|203089|203114|203503|203507|204020,202339|203089|203114|203503|203507,1626159|1626196|201609|202355|204020,114.0,167.0,1610612749.0,21700821,True
3,PT11M05.00S,11:05,Q3 11:05,23.083333333333336,320,rebound,Whiteside REBOUND (Off:4 Def:6),[],Whiteside,44,48,,False,False,202355.0,,2pt missed,foul,,,,1626159|1626196|201609|202339|202355|203089|203114|203503|203507|204020,1626159|1626196|201609|202355|204020,202339|203089|203114|203503|203507,,,1610612748.0,21700821,True
3,PT10M54.00S,10:54,Q3 10:54,22.9,321,foul,Henson P.FOUL (P3.T1) (A.Smith),[],Henson,44,48,,False,False,203089.0,,rebound,foul,202355.0,,,1626159|1626196|201609|202339|202355|203089|203114|203503|203507|204020,202339|203089|203114|203503|203507,1626159|1626196|201609|202355|204020,,,1610612749.0,21700821,True
3,PT10M47.00S,10:47,Q3 10:47,22.78333333333333,323,foul,Whiteside OFF.Foul (P2) (T.Ford),[],Whiteside,44,48,,False,False,202355.0,,foul,turnover,203507.0,,,1626159|1626196|201609|202339|202355|203089|203114|203503|203507|204020,1626159|1626196|201609|202355|204020,202339|203089|203114|203503|203507,,,1610612748.0,21700821,True
3,PT10M47.00S,10:47,Q3 10:47,22.78333333333333,325,turnover,Whiteside Offensive Foul Turnover (P3.T11),[],Whiteside,44,48,,False,False,202355.0,,foul,2pt missed,,,,1626159|1626196|201609|202339|202355|203089|203114|203503|203507|204020,1626159|1626196|201609|202355|204020,202339|203089|203114|203503|203507,,,1610612748.0,21700821,True
3,PT10M21.00S,10:21,Q3 10:21,22.35,326,2pt,MISS Antetokounmpo 19' Jump Shot,[],Antetokounmpo,44,48,Missed,True,False,203507.0,,turnover,rebound,,,,1626159|1626196|201609|202339|202355|203089|203114|203503|203507|204020,202339|203089|203114|203503|203507,1626159|1626196|201609|202355|204020,-194.0,4.0,1610612749.0,21700821,True
3,PT10M19.00S,10:19,Q3 10:19,22.316666666666666,327,rebound,Winslow REBOUND (Off:1 Def:2),[],Winslow,44,48,,False,False,1626159.0,,2pt missed,2pt missed,,,,1626159|1626196|201609|202339|202355|203089|203114|203503|203507|204020,1626159|1626196|201609|202355|204020,202339|203089|203114|203503|203507,,,1610612748.0,21700821,True
3,PT10M07.00S,10:07,Q3 10:07,22.116666666666667,328,2pt,MISS Whiteside 15' Jump Shot,['pointsinthepaint'],Whiteside,44,48,Missed,True,False,202355.0,,rebound,rebound,,,,1626159|1626196|201609|202339|202355|203089|203114|203503|203507|204020,1626159|1626196|201609|202355|204020,202339|203089|203114|203503|203507,67.0,132.0,1610612748.0,21700821,True
3,PT10M04.00S,10:04,Q3 10:04,22.066666666666666,329,rebound,Antetokounmpo REBOUND (Off:0 Def:8),[],Antetokounmpo,44,48,,False,False,203507.0,,2pt missed,turnover,,,,1626159|1626196|201609|202339|202355|203089|203114|203503|203507|204020,202339|203089|203114|203503|203507,1626159|1626196|201609|202355|204020,,,1610612749.0,21700821,True
3,PT10M01.00S,10:01,Q3 10:01,22.016666666666666,330,turnover,Antetokounmpo Lost Ball Turnover (P3.T9),[],Antetokounmpo,44,48,,False,False,203507.0,,rebound,steal,,,,1626159|1626196|201609|202339|202355|203089|203114|203503|203507|204020,202339|203089|203114|203503|203507,1626159|1626196|201609|202355|204020,,,1610612749.0,21700821,True
3,PT10M01.00S,10:01,Q3 10:01,22.016666666666666,330,steal,T. Johnson STEAL (2 STL),[],Johnson,44,48,,False,False,204020.0,,turnover,foul,,204020.0,,1626159|1626196|201609|202339|202355|203089|203114|203503|203507|204020,1626159|1626196|201609|202355|204020,202339|203089|203114|203503|203507,,,1610612748.0,21700821,True
3,PT09M52.00S,09:52,Q3 09:52,21.866666666666667,332,foul,Antetokounmpo P.FOUL (P2.T2) (T.Ford),[],Antetokounmpo,44,48,,False,False,203507.0,,steal,3pt made,204020.0,,,1626159|1626196|201609|202339|202355|203089|203114|203503|203507|204020,202339|203089|203114|203503|203507,1626159|1626196|201609|202355|204020,,,1610612749.0,21700821,True
3,PT09M47.00S,09:47,Q3 09:47,21.78333333333333,334,3pt,T. Johnson 26' 3PT Jump Shot (19 PTS) (Whiteside 2 AST),[],Johnson,47,48,Made,True,True,204020.0,202355.0,foul,2pt made,,,,1626159|1626196|201609|202339|202355|203089|203114|203503|203507|204020,1626159|1626196|201609|202355|204020,202339|203089|203114|203503|203507,-92.0,246.0,1610612748.0,21700821,True
3,PT09M28.00S,09:28,Q3 09:28,21.46666666666667,336,2pt,Bledsoe 7' Floating Jump Shot (13 PTS),['pointsinthepaint'],Bledsoe,47,50,Made,True,False,202339.0,,3pt made,3pt missed,,,,1626159|1626196|201609|202339|202355|203089|203114|203503|203507|204020,202339|203089|203114|203503|203507,1626159|1626196|201609|202355|204020,3.0,71.0,1610612749.0,21700821,True
3,PT09M18.00S,09:18,Q3 09:18,21.3,337,3pt,MISS Dragic 25' 3PT Jump Shot,[],Dragic,47,50,Missed,True,False,201609.0,,2pt made,rebound,,,,1626159|1626196|201609|202339|202355|203089|203114|203503|203507|204020,1626159|1626196|201609|202355|204020,202339|203089|203114|203503|203507,-176.0,184.0,1610612748.0,21700821,True
3,PT09M17.00S,09:17,Q3 09:17,21.28333333333333,338,rebound,Whiteside REBOUND (Off:5 Def:6),[],Whiteside,47,50,,False,False,202355.0,,3pt missed,2pt made,,,,1626159|1626196|201609|202339|202355|203089|203114|203503|203507|204020,1626159|1626196|201609|202355|204020,202339|203089|203114|203503|203507,,,1610612748.0,21700821,True
3,PT09M16.00S,09:16,Q3 09:16,21.266666666666666,339,2pt,Whiteside 1' Tip Dunk Shot (8 PTS),['pointsinthepaint'],Whiteside,49,50,Made,True,False,202355.0,,rebound,2pt missed,,,,1626159|1626196|201609|202339|202355|203089|203114|203503|203507|204020,1626159|1626196|201609|202355|204020,202339|203089|203114|203503|203507,0.0,-6.0,1610612748.0,21700821,True
3,PT08M49.00S,08:49,Q3 08:49,20.816666666666666,341,2pt,MISS Middleton 13' Fadeaway Jumper,[],Middleton,49,50,Missed,True,False,203114.0,,2pt made,rebound,,,,1626159|1626196|201609|202339|202355|203089|203114|203503|203507|204020,202339|203089|203114|203503|203507,1626159|1626196|201609|202355|204020,-133.0,-10.0,1610612749.0,21700821,True
3,PT08M44.00S,08:44,Q3 08:44,20.733333333333334,342,rebound,Winslow REBOUND (Off:1 Def:3),[],Winslow,49,50,,False,False,1626159.0,,2pt missed,2pt made,,,,1626159|1626196|201609|202339|202355|203089|203114|203503|203507|204020,1626159|1626196|201609|202355|204020,202339|203089|203114|203503|203507,,,1610612748.0,21700821,True
3,PT08M36.00S,08:36,Q3 08:36,20.6,343,2pt,Whiteside 3' Layup (10 PTS) (T. Johnson 1 AST),['pointsinthepaint'],Whiteside,51,50,Made,True,True,202355.0,204020.0,rebound,foul,,,,1626159|1626196|201609|202339|202355|203089|203114|203503|203507|204020,1626159|1626196|201609|202355|204020,202339|203089|203114|203503|203507,-14.0,27.0,1610612748.0,21700821,True
3,PT08M26.00S,08:26,Q3 08:26,20.433333333333334,345,foul,T. Johnson P.FOUL (P2.T1) (T.Ford),[],Johnson,51,50,,False,False,204020.0,,2pt made,2pt missed,203507.0,,,1626159|1626196|201609|202339|202355|203089|203114|203503|203507|204020,1626159|1626196|201609|202355|204020,202339|203089|203114|203503|203507,,,1610612748.0,21700821,True
3,PT08M20.00S,08:20,Q3 08:20,20.333333333333336,347,2pt,MISS Antetokounmpo 10' Jump Shot,['pointsinthepaint'],Antetokounmpo,51,50,Missed,True,False,203507.0,,foul,rebound,,,,1626159|1626196|201609|202339|202355|203089|203114|203503|203507|204020,202339|203089|203114|203503|203507,1626159|1626196|201609|202355|204020,58.0,85.0,1610612749.0,21700821,True
3,PT08M19.00S,08:19,Q3 08:19,20.316666666666666,348,rebound,Henson REBOUND (Off:1 Def:6),[],Henson,51,50,,False,False,203089.0,,2pt missed,2pt missed,,,,1626159|1626196|201609|202339|202355|203089|203114|203503|203507|204020,202339|203089|203114|203503|203507,1626159|1626196|201609|202355|204020,,,1610612749.0,21700821,True
3,PT08M17.00S,08:17,Q3 08:17,20.28333333333333,349,2pt,MISS Henson 1' Tip Layup Shot,['pointsinthepaint'],Henson,51,50,Missed,True,False,203089.0,,rebound,rebound,,,,1626159|1626196|201609|202339|202355|203089|203114|203503|203507|204020,202339|203089|203114|203503|203507,1626159|1626196|201609|202355|204020,0.0,-6.0,1610612749.0,21700821,True
3,PT08M16.00S,08:16,Q3 08:16,20.266666666666666,350,rebound,Whiteside REBOUND (Off:5 Def:7),[],Whiteside,51,50,,False,False,202355.0,,2pt missed,2pt missed,,,,1626159|1626196|201609|202339|202355|203089|203114|203503|203507|204020,1626159|1626196|201609|202355|204020,202339|203089|203114|203503|203507,,,1610612748.0,21700821,True
3,PT08M08.00S,08:08,Q3 08:08,20.133333333333333,351,2pt,MISS Whiteside 2' Driving Finger Roll Layup,['pointsinthepaint'],Whiteside,51,50,Missed,True,False,202355.0,,rebound,rebound,,,,1626159|1626196|201609|202339|202355|203089|203114|203503|203507|204020,1626159|1626196|201609|202355|204020,202339|203089|203114|203503|203507,-13.0,12.0,1610612748.0,21700821,True
3,PT08M08.00S,08:08,Q3 08:08,20.133333333333333,352,rebound,Henson REBOUND (Off:1 Def:7),[],Henson,51,50,,False,False,203089.0,,2pt missed,foul,,,,1626159|1626196|201609|202339|202355|203089|203114|203503|203507|204020,202339|203089|203114|203503|203507,1626159|1626196|201609|202355|204020,,,1610612749.0,21700821,True
3,PT08M08.00S,08:08,Q3 08:08,20.133333333333333,353,foul,Whiteside P.FOUL (P3.T2) (T.Ford),[],Whiteside,51,50,,False,False,202355.0,,rebound,turnover,203507.0,,,1626159|1626196|201609|202339|202355|203089|203114|203503|203507|204020,1626159|1626196|201609|202355|204020,202339|203089|203114|203503|203507,,,1610612748.0,21700821,True
3,PT07M58.00S,07:58,Q3 07:58,19.96666666666667,355,turnover,Antetokounmpo Bad Pass Turnover (P4.T10),[],Antetokounmpo,51,50,,False,False,203507.0,,foul,steal,,,,1626159|1626196|201609|202339|202355|203089|203114|203503|203507|204020,202339|203089|203114|203503|203507,1626159|1626196|201609|202355|204020,,,1610612749.0,21700821,True
3,PT07M58.00S,07:58,Q3 07:58,19.96666666666667,355,steal,Whiteside STEAL (1 STL),[],Whiteside,51,50,,False,False,202355.0,,turnover,2pt missed,,202355.0,,1626159|1626196|201609|202339|202355|203089|203114|203503|203507|204020,1626159|1626196|201609|202355|204020,202339|203089|203114|203503|203507,,,1610612748.0,21700821,True
3,PT07M55.00S,07:55,Q3 07:55,19.916666666666668,357,2pt,MISS T. Johnson 3' Cutting Layup Shot,['pointsinthepaint'],Johnson,51,50,Missed,True,False,204020.0,,steal,rebound,,,,1626159|1626196|201609|202339|202355|203089|203114|203503|203507|204020,1626159|1626196|201609|202355|204020,202339|203089|203114|203503|203507,-25.0,15.0,1610612748.0,21700821,True
3,PT07M54.00S,07:54,Q3 07:54,19.9,358,rebound,Winslow REBOUND (Off:2 Def:3),[],Winslow,51,50,,False,False,1626159.0,,2pt missed,2pt missed,,,,1626159|1626196|201609|202339|202355|203089|203114|203503|203507|204020,1626159|1626196|201609|202355|204020,202339|203089|203114|203503|203507,,,1610612748.0,21700821,True
3,PT07M54.00S,07:54,Q3 07:54,19.9,425,2pt,MISS Winslow 1' Driving Layup,['pointsinthepaint'],Winslow,51,50,Missed,True,False,1626159.0,,rebound,rebound,,,,1626159|1626196|201609|202339|202355|203089|203114|203503|203507|204020,1626159|1626196|201609|202355|204020,202339|203089|203114|203503|203507,9.0,3.0,1610612748.0,21700821,True
3,PT07M51.00S,07:51,Q3 07:51,19.85,426,rebound,TEAM offensive REBOUND,['team'],,51,50,,False,False,0.0,,2pt missed,3pt missed,,,,1626159|1626196|201609|202339|202355|203089|203114|203503|203507|204020,1626159|1626196|201609|202355|204020,202339|203089|203114|203503|203507,,,1610612748.0,21700821,True
3,PT07M45.00S,07:45,Q3 07:45,19.75,359,3pt,MISS T. Johnson 26' 3PT Jump Shot,['2ndchance'],Johnson,51,50,Missed,True,False,204020.0,,rebound,rebound,,,,1626159|1626196|201609|202339|202355|203089|203114|203503|203507|204020,1626159|1626196|201609|202355|204020,202339|203089|203114|203503|203507,-191.0,172.0,1610612748.0,21700821,True
3,PT07M41.00S,07:41,Q3 07:41,19.683333333333334,360,rebound,Bledsoe REBOUND (Off:0 Def:3),[],Bledsoe,51,50,,False,False,202339.0,,3pt missed,2pt missed,,,,1626159|1626196|201609|202339|202355|203089|203114|203503|203507|204020,202339|203089|203114|203503|203507,1626159|1626196|201609|202355|204020,,,1610612749.0,21700821,True
3,PT07M39.00S,07:39,Q3 07:39,19.65,361,2pt,MISS Bledsoe 3' Running Reverse Layup,['pointsinthepaint'],Bledsoe,51,50,Missed,True,False,202339.0,,rebound,rebound,,,,1626159|1626196|201609|202339|202355|203089|203114|203503|203507|204020,202339|203089|203114|203503|203507,1626159|1626196|201609|202355|204020,-20.0,25.0,1610612749.0,21700821,True
3,PT07M35.00S,07:35,Q3 07:35,19.583333333333332,362,rebound,Richardson REBOUND (Off:0 Def:2),[],Richardson,51,50,,False,False,1626196.0,,2pt missed,2pt missed,,,,1626159|1626196|201609|202339|202355|203089|203114|203503|203507|204020,1626159|1626196|201609|202355|204020,202339|203089|203114|203503|203507,,,1610612748.0,21700821,True
3,PT07M28.00S,07:28,Q3 07:28,19.46666666666667,363,2pt,MISS Winslow 2' Driving Layup,['pointsinthepaint'],Winslow,51,50,Missed,True,False,1626159.0,,rebound,rebound,,,,1626159|1626196|201609|202339|202355|203089|203114|203503|203507|204020,1626159|1626196|201609|202355|204020,202339|203089|203114|203503|203507,-22.0,2.0,1610612748.0,21700821,True
3,PT07M26.00S,07:26,Q3 07:26,19.433333333333334,364,rebound,Whiteside REBOUND (Off:6 Def:7),[],Whiteside,51,50,,False,False,202355.0,,2pt missed,2pt missed,,,,1626159|1626196|201609|202339|202355|203089|203114|203503|203507|204020,1626159|1626196|201609|202355|204020,202339|203089|203114|203503|203507,,,1610612748.0,21700821,True
3,PT07M26.00S,07:26,Q3 07:26,19.433333333333334,365,2pt,MISS Whiteside 1' Tip Layup Shot,['pointsinthepaint'],Whiteside,51,50,Missed,True,False,202355.0,,rebound,rebound,,,,1626159|1626196|201609|202339|202355|203089|203114|203503|203507|204020,1626159|1626196|201609|202355|204020,202339|203089|203114|203503|203507,0.0,-6.0,1610612748.0,21700821,True
3,PT07M26.00S,07:26,Q3 07:26,19.433333333333334,366,rebound,Whiteside REBOUND (Off:7 Def:7),[],Whiteside,51,50,,False,False,202355.0,,2pt missed,2pt made,,,,1626159|1626196|201609|202339|202355|203089|203114|203503|203507|204020,1626159|1626196|201609|202355|204020,202339|203089|203114|203503|203507,,,1610612748.0,21700821,True
3,PT07M26.00S,07:26,Q3 07:26,19.433333333333334,367,2pt,Whiteside 1' Putback Layup (12 PTS),['pointsinthepaint'],Whiteside,53,50,Made,True,False,202355.0,,rebound,timeout,,,,1626159|1626196|201609|202339|202355|203089|203114|203503|203507|204020,1626159|1626196|201609|202355|204020,202339|203089|203114|203503|203507,-8.0,12.0,1610612748.0,21700821,True
3,PT07M26.00S,07:26,Q3 07:26,19.433333333333334,375,timeout,Bucks Timeout: Regular (Reg.3 Short 0),[],,53,50,,False,False,0.0,,2pt made,substitution,,,,1626159|1626196|201609|202339|202355|203089|203114|203503|203507|204020,202339|203089|203114|203503|203507,1626159|1626196|201609|202355|204020,,,1610612749.0,21700821,True
3,PT07M26.00S,07:26,Q3 07:26,19.433333333333334,368,substitution,SUB out: G. Antetokounmpo,[],Antetokounmpo,53,50,,False,False,203507.0,,timeout,substitution,,,,1626159|1626196|201609|202339|202355|203089|203114|203503|204020,202339|203089|203114|203503,1626159|1626196|201609|202355|204020,,,1610612749.0,21700821,False
3,PT07M26.00S,07:26,Q3 07:26,19.433333333333334,369,substitution,SUB in: J. Parker,[],Parker,53,50,,False,False,203953.0,,substitution,2pt missed,,,,1626159|1626196|201609|202339|202355|203089|203114|203503|203953|204020,202339|203089|203114|203503|203953,1626159|1626196|201609|202355|204020,,,1610612749.0,21700821,True
3,PT07M03.00S,07:03,Q3 07:03,19.05,370,2pt,MISS Bledsoe 16' Pullup Jump Shot,[],Bledsoe,53,50,Missed,True,False,202339.0,,substitution,rebound,,,,1626159|1626196|201609|202339|202355|203089|203114|203503|203953|204020,202339|203089|203114|203503|203953,1626159|1626196|201609|202355|204020,164.0,4.0,1610612749.0,21700821,True
3,PT07M01.00S,07:01,Q3 07:01,19.016666666666666,371,rebound,Dragic REBOUND (Off:0 Def:1),[],Dragic,53,50,,False,False,201609.0,,2pt missed,2pt made,,,,1626159|1626196|201609|202339|202355|203089|203114|203503|203953|204020,1626159|1626196|201609|202355|204020,202339|203089|203114|203503|203953,,,1610612748.0,21700821,True
3,PT06M54.00S,06:54,Q3 06:54,18.9,372,2pt,Richardson 17' Jump Shot (9 PTS) (Dragic 3 AST),[],Richardson,55,50,Made,True,True,1626196.0,201609.0,rebound,turnover,,,,1626159|1626196|201609|202339|202355|203089|203114|203503|203953|204020,1626159|1626196|201609|202355|204020,202339|203089|203114|203503|203953,64.0,162.0,1610612748.0,21700821,True
3,PT06M43.00S,06:43,Q3 06:43,18.71666666666667,374,turnover,Middleton Discontinue Dribble Turnover (P1.T11),[],Middleton,55,50,,False,False,203114.0,,2pt made,3pt missed,,,,1626159|1626196|201609|202339|202355|203089|203114|203503|203953|204020,202339|203089|203114|203503|203953,1626159|1626196|201609|202355|204020,,,1610612749.0,21700821,True
3,PT06M25.00S,06:25,Q3 06:25,18.416666666666668,376,3pt,MISS Dragic 26' 3PT Jump Shot,[],Dragic,55,50,Missed,True,False,201609.0,,turnover,rebound,,,,1626159|1626196|201609|202339|202355|203089|203114|203503|203953|204020,1626159|1626196|201609|202355|204020,202339|203089|203114|203503|203953,32.0,253.0,1610612748.0,21700821,True
3,PT06M24.00S,06:24,Q3 06:24,18.4,377,rebound,TEAM offensive REBOUND,['team'],,55,50,,False,False,0.0,,3pt missed,foul,,,,1626159|1626196|201609|202339|202355|203089|203114|203503|203953|204020,1626159|1626196|201609|202355|204020,202339|203089|203114|203503|203953,,,1610612748.0,21700821,True
3,PT06M24.00S,06:24,Q3 06:24,18.4,378,foul,Henson L.B.FOUL (P4.T3) (T.Ford),[],Henson,55,50,,False,False,203089.0,,rebound,substitution,204020.0,,,1626159|1626196|201609|202339|202355|203089|203114|203503|203953|204020,202339|203089|203114|203503|203953,1626159|1626196|201609|202355|204020,,,1610612749.0,21700821,True
3,PT06M24.00S,06:24,Q3 06:24,18.4,380,substitution,SUB out: J. Richardson,[],Richardson,55,50,,False,False,1626196.0,,foul,substitution,,,,1626159|201609|202339|202355|203089|203114|203503|203953|204020,1626159|201609|202355|204020,202339|203089|203114|203503|203953,,,1610612748.0,21700821,False
3,PT06M24.00S,06:24,Q3 06:24,18.4,381,substitution,SUB out: J. Henson,[],Henson,55,50,,False,False,203089.0,,substitution,substitution,,,,1626159|201609|202339|202355|203114|203503|203953|204020,202339|203114|203503|203953,1626159|201609|202355|204020,,,1610612749.0,21700821,False
3,PT06M24.00S,06:24,Q3 06:24,18.4,382,substitution,SUB in: W. Ellington,[],Ellington,55,50,,False,False,201961.0,,substitution,substitution,,,,1626159|201609|201961|202339|202355|203114|203503|203953|204020,1626159|201609|201961|202355|204020,202339|203114|203503|203953,,,1610612748.0,21700821,False
3,PT06M24.00S,06:24,Q3 06:24,18.4,383,substitution,SUB in: T. Maker,[],Maker,55,50,,False,False,1627748.0,,substitution,2pt missed,,,,1626159|1627748|201609|201961|202339|202355|203114|203503|203953|204020,1627748|202339|203114|203503|203953,1626159|201609|201961|202355|204020,,,1610612749.0,21700821,True
3,PT06M17.00S,06:17,Q3 06:17,18.28333333333333,384,2pt,MISS T. Johnson 4' Floating Jump Shot,['pointsinthepaint'],Johnson,55,50,Missed,True,False,204020.0,,substitution,rebound,,,,1626159|1627748|201609|201961|202339|202355|203114|203503|203953|204020,1626159|201609|201961|202355|204020,1627748|202339|203114|203503|203953,26.0,33.0,1610612748.0,21700821,True
3,PT06M16.00S,06:16,Q3 06:16,18.266666666666666,385,rebound,TEAM defensive REBOUND,['team'],,55,50,,False,False,0.0,,2pt missed,foul,,,,1626159|1627748|201609|201961|202339|202355|203114|203503|203953|204020,1627748|202339|203114|203503|203953,1626159|201609|201961|202355|204020,,,1610612749.0,21700821,True
3,PT06M15.00S,06:15,Q3 06:15,18.25,386,foul,Whiteside L.B.FOUL (P4.T3) (B.Adams),[],Whiteside,55,50,,False,False,202355.0,,rebound,substitution,203114.0,,,1626159|1627748|201609|201961|202339|202355|203114|203503|203953|204020,1626159|201609|201961|202355|204020,1627748|202339|203114|203503|203953,,,1610612748.0,21700821,True
3,PT06M15.00S,06:15,Q3 06:15,18.25,400,substitution,SUB out: H. Whiteside,[],Whiteside,55,50,,False,False,202355.0,,foul,substitution,,,,1626159|1627748|201609|201961|202339|203114|203503|203953|204020,1626159|201609|201961|204020,1627748|202339|203114|203503|203953,,,1610612748.0,21700821,False
3,PT06M15.00S,06:15,Q3 06:15,18.25,401,substitution,SUB in: B. Adebayo,[],Adebayo,55,50,,False,False,1628389.0,,substitution,foul,,,,1626159|1627748|1628389|201609|201961|202339|203114|203503|203953|204020,1626159|1628389|201609|201961|204020,1627748|202339|203114|203503|203953,,,1610612748.0,21700821,True
3,PT05M59.00S,05:59,Q3 05:59,17.983333333333334,388,foul,Dragic P.FOUL (P1.T4) (B.Adams),['inpenalty'],Dragic,55,50,,False,False,201609.0,,substitution,2pt missed,203114.0,,,1626159|1627748|1628389|201609|201961|202339|203114|203503|203953|204020,1626159|1628389|201609|201961|204020,1627748|202339|203114|203503|203953,,,1610612748.0,21700821,True
3,PT05M48.00S,05:48,Q3 05:48,17.8,390,2pt,MISS Middleton 4' Driving Layup,['pointsinthepaint'],Middleton,55,50,Missed,True,False,203114.0,,foul,rebound,,,,1626159|1627748|1628389|201609|201961|202339|203114|203503|203953|204020,1627748|202339|203114|203503|203953,1626159|1628389|201609|201961|204020,-41.0,16.0,1610612749.0,21700821,True
3,PT05M42.00S,05:42,Q3 05:42,17.7,391,rebound,Adebayo REBOUND (Off:1 Def:4),[],Adebayo,55,50,,False,False,1628389.0,,2pt missed,foul,,,,1626159|1627748|1628389|201609|201961|202339|203114|203503|203953|204020,1626159|1628389|201609|201961|204020,1627748|202339|203114|203503|203953,,,1610612748.0,21700821,True
3,PT05M42.00S,05:42,Q3 05:42,17.7,392,foul,Snell S.FOUL (P3.T4) (B.Adams),[],Snell,55,50,,False,False,203503.0,,rebound,freethrow,201609.0,,,1626159|1627748|1628389|201609|201961|202339|203114|203503|203953|204020,1627748|202339|203114|203503|203953,1626159|1628389|201609|201961|204020,,,1610612749.0,21700821,True
3,PT05M42.00S,05:42,Q3 05:42,17.7,394,freethrow,Dragic Free Throw 1 of 2 (2 PTS),[],Dragic,56,50,Made,False,False,201609.0,,foul,freethrow,,,,1626159|1627748|1628389|201609|201961|202339|203114|203503|203953|204020,1626159|1628389|201609|201961|204020,1627748|202339|203114|203503|203953,,,1610612748.0,21700821,True
3,PT05M42.00S,05:42,Q3 05:42,17.7,395,freethrow,Dragic Free Throw 2 of 2 (3 PTS),[],Dragic,57,50,Made,False,False,201609.0,,freethrow,turnover,,,,1626159|1627748|1628389|201609|201961|202339|203114|203503|203953|204020,1626159|1628389|201609|201961|204020,1627748|202339|203114|203503|203953,,,1610612748.0,21700821,True
3,PT05M23.00S,05:23,Q3 05:23,17.383333333333333,398,turnover,Parker Traveling Turnover (P1.T12),[],Parker,57,50,,False,False,203953.0,,freethrow,3pt made,,,,1626159|1627748|1628389|201609|201961|202339|203114|203503|203953|204020,1627748|202339|203114|203503|203953,1626159|1628389|201609|201961|204020,,,1610612749.0,21700821,True
3,PT05M11.00S,05:11,Q3 05:11,17.183333333333334,399,3pt,Dragic 26' 3PT Jump Shot (6 PTS),[],Dragic,60,50,Made,True,False,201609.0,,turnover,turnover,,,,1626159|1627748|1628389|201609|201961|202339|203114|203503|203953|204020,1626159|1628389|201609|201961|204020,1627748|202339|203114|203503|203953,205.0,165.0,1610612748.0,21700821,True
3,PT04M56.00S,04:56,Q3 04:56,16.933333333333334,402,turnover,Parker Out of Bounds Lost Ball Turnover (P2.T13),[],Parker,60,50,,False,False,203953.0,,3pt made,3pt missed,,,,1626159|1627748|1628389|201609|201961|202339|203114|203503|203953|204020,1627748|202339|203114|203503|203953,1626159|1628389|201609|201961|204020,,,1610612749.0,21700821,True
3,PT04M42.00S,04:42,Q3 04:42,16.7,403,3pt,MISS Dragic 24' 3PT Jump Shot,[],Dragic,60,50,Missed,True,False,201609.0,,turnover,rebound,,,,1626159|1627748|1628389|201609|201961|202339|203114|203503|203953|204020,1626159|1628389|201609|201961|204020,1627748|202339|203114|203503|203953,212.0,115.0,1610612748.0,21700821,True
3,PT04M40.00S,04:40,Q3 04:40,16.666666666666668,404,rebound,Parker REBOUND (Off:0 Def:1),[],Parker,60,50,,False,False,203953.0,,3pt missed,substitution,,,,1626159|1627748|1628389|201609|201961|202339|203114|203503|203953|204020,1627748|202339|203114|203503|203953,1626159|1628389|201609|201961|204020,,,1610612749.0,21700821,True
3,PT04M39.00S,04:39,Q3 04:39,16.65,406,substitution,SUB out: T. Snell,[],Snell,60,50,,False,False,203503.0,,rebound,substitution,,,,1626159|1627748|1628389|201609|201961|202339|203114|203953|204020,1627748|202339|203114|203953,1626159|1628389|201609|201961|204020,,,1610612749.0,21700821,False
3,PT04M39.00S,04:39,Q3 04:39,16.65,407,substitution,SUB in: S. Brown,[],Brown,60,50,,False,False,1628425.0,,substitution,2pt missed,,,,1626159|1627748|1628389|1628425|201609|201961|202339|203114|203953|204020,1627748|1628425|202339|203114|203953,1626159|1628389|201609|201961|204020,,,1610612749.0,21700821,True
3,PT04M30.00S,04:30,Q3 04:30,16.5,408,2pt,MISS Middleton 2' Layup,['pointsinthepaint'],Middleton,60,50,Missed,True,False,203114.0,,substitution,block,,,,1626159|1627748|1628389|1628425|201609|201961|202339|203114|203953|204020,1627748|1628425|202339|203114|203953,1626159|1628389|201609|201961|204020,-14.0,11.0,1610612749.0,21700821,True
3,PT04M30.00S,04:30,Q3 04:30,16.5,408,block,Winslow BLOCK (1 BLK),[],Winslow,60,50,,False,False,1626159.0,,2pt missed,rebound,,,1626159.0,1626159|1627748|1628389|1628425|201609|201961|202339|203114|203953|204020,1626159|1628389|201609|201961|204020,1627748|1628425|202339|203114|203953,,,1610612748.0,21700821,True
3,PT04M26.00S,04:26,Q3 04:26,16.433333333333334,410,rebound,Winslow REBOUND (Off:2 Def:4),[],Winslow,60,50,,False,False,1626159.0,,block,turnover,,,,1626159|1627748|1628389|1628425|201609|201961|202339|203114|203953|204020,1626159|1628389|201609|201961|204020,1627748|1628425|202339|203114|203953,,,1610612748.0,21700821,True
3,PT04M25.00S,04:25,Q3 04:25,16.416666666666668,411,turnover,Winslow Bad Pass Turnover (P1.T12),[],Winslow,60,50,,False,False,1626159.0,,rebound,steal,,,,1626159|1627748|1628389|1628425|201609|201961|202339|203114|203953|204020,1626159|1628389|201609|201961|204020,1627748|1628425|202339|203114|203953,,,1610612748.0,21700821,True
3,PT04M25.00S,04:25,Q3 04:25,16.416666666666668,411,steal,Bledsoe STEAL (3 STL),[],Bledsoe,60,50,,False,False,202339.0,,turnover,2pt made,,202339.0,,1626159|1627748|1628389|1628425|201609|201961|202339|203114|203953|204020,1627748|1628425|202339|203114|203953,1626159|1628389|201609|201961|204020,,,1610612749.0,21700821,True
3,PT04M18.00S,04:18,Q3 04:18,16.3,413,2pt,Middleton 2' Dunk (11 PTS) (Bledsoe 3 AST),['pointsinthepaint'],Middleton,60,52,Made,True,True,203114.0,202339.0,steal,foul,,,,1626159|1627748|1628389|1628425|201609|201961|202339|203114|203953|204020,1627748|1628425|202339|203114|203953,1626159|1628389|201609|201961|204020,-9.0,22.0,1610612749.0,21700821,True
3,PT04M05.00S,04:05,Q3 04:05,16.083333333333332,415,foul,Middleton P.FOUL (P1.PN) (T.Ford),['inpenalty'],Middleton,60,52,,False,False,203114.0,,2pt made,freethrow,1628389.0,,,1626159|1627748|1628389|1628425|201609|201961|202339|203114|203953|204020,1627748|1628425|202339|203114|203953,1626159|1628389|201609|201961|204020,,,1610612749.0,21700821,True
3,PT04M05.00S,04:05,Q3 04:05,16.083333333333332,417,freethrow,Adebayo Free Throw 1 of 2 (5 PTS),[],Adebayo,61,52,Made,False,False,1628389.0,,foul,freethrow,,,,1626159|1627748|1628389|1628425|201609|201961|202339|203114|203953|204020,1626159|1628389|201609|201961|204020,1627748|1628425|202339|203114|203953,,,1610612748.0,21700821,True
3,PT04M05.00S,04:05,Q3 04:05,16.083333333333332,422,freethrow,Adebayo Free Throw 2 of 2 (6 PTS),[],Adebayo,62,52,Made,False,False,1628389.0,,freethrow,substitution,,,,1626159|1627748|1628389|1628425|201609|201961|202339|203114|203953|204020,1626159|1628389|201609|201961|204020,1627748|1628425|202339|203114|203953,,,1610612748.0,21700821,True
3,PT04M05.00S,04:05,Q3 04:05,16.083333333333332,418,substitution,SUB out: G. Dragic,[],Dragic,61,52,,False,False,201609.0,,substitution,substitution,,,,1626159|1627748|1628389|1628425|201949|201961|202339|203114|203953|204020,1626159|1628389|201949|201961|204020,1627748|1628425|202339|203114|203953,,,1610612748.0,21700821,True
3,PT04M05.00S,04:05,Q3 04:05,16.083333333333332,419,substitution,SUB out: J. Winslow,[],Winslow,61,52,,False,False,1626159.0,,substitution,substitution,,,,1627748|1628389|1628425|201949|201961|202339|203114|203953|204020,1628389|201949|201961|204020,1627748|1628425|202339|203114|203953,,,1610612748.0,21700821,False
3,PT04M05.00S,04:05,Q3 04:05,16.083333333333332,420,substitution,SUB in: D. Wade,[],Wade,61,52,,False,False,2548.0,,substitution,substitution,,,,1627748|1628389|1628425|201949|201961|202339|203114|203953|204020|2548,1628389|201949|201961|204020|2548,1627748|1628425|202339|203114|203953,,,1610612748.0,21700821,True
3,PT04M05.00S,04:05,Q3 04:05,16.083333333333332,421,substitution,SUB in: T. Johnson,[],Johnson,61,52,,False,False,204020.0,,substitution,3pt missed,,,,1627748|1628389|1628425|201949|201961|202339|203114|203953|204020|2548,1628389|201949|201961|204020|2548,1627748|1628425|202339|203114|203953,,,1610612748.0,21700821,True
3,PT03M42.00S,03:42,Q3 03:42,15.7,423,3pt,MISS Bledsoe 26' 3PT Jump Shot,[],Bledsoe,62,52,Missed,True,False,202339.0,,substitution,rebound,,,,1627748|1628389|1628425|201949|201961|202339|203114|203953|204020|2548,1627748|1628425|202339|203114|203953,1628389|201949|201961|204020|2548,68.0,251.0,1610612749.0,21700821,True
3,PT03M40.00S,03:40,Q3 03:40,15.666666666666666,424,rebound,T. Johnson REBOUND (Off:1 Def:3),[],Johnson,62,52,,False,False,204020.0,,3pt missed,2pt made,,,,1627748|1628389|1628425|201949|201961|202339|203114|203953|204020|2548,1628389|201949|201961|204020|2548,1627748|1628425|202339|203114|203953,,,1610612748.0,21700821,True
3,PT03M28.00S,03:28,Q3 03:28,15.466666666666667,427,2pt,J. Johnson 2' Driving Layup (7 PTS),['pointsinthepaint'],Johnson,64,52,Made,True,False,201949.0,,rebound,timeout,,,,1627748|1628389|1628425|201949|201961|202339|203114|203953|204020|2548,1628389|201949|201961|204020|2548,1627748|1628425|202339|203114|203953,2.0,16.0,1610612748.0,21700821,True
3,PT03M28.00S,03:28,Q3 03:28,15.466666666666667,428,timeout,Bucks Timeout: Regular (Reg.4 Short 0),[],,64,52,,False,False,0.0,,2pt made,substitution,,,,1627748|1628389|1628425|201949|201961|202339|203114|203953|204020|2548,1627748|1628425|202339|203114|203953,1628389|201949|201961|204020|2548,,,1610612749.0,21700821,True
3,PT03M28.00S,03:28,Q3 03:28,15.466666666666667,429,substitution,SUB out: E. Bledsoe,[],Bledsoe,64,52,,False,False,202339.0,,timeout,substitution,,,,1627748|1628389|1628425|201949|201961|203114|203953|204020|2548,1627748|1628425|203114|203953,1628389|201949|201961|204020|2548,,,1610612749.0,21700821,False
3,PT03M28.00S,03:28,Q3 03:28,15.466666666666667,430,substitution,SUB out: K. Middleton,[],Middleton,64,52,,False,False,203114.0,,substitution,substitution,,,,1627748|1628389|1628425|201949|201961|203953|204020|2548,1627748|1628425|203953,1628389|201949|201961|204020|2548,,,1610612749.0,21700821,False
3,PT03M28.00S,03:28,Q3 03:28,15.466666666666667,431,substitution,SUB in: G. Antetokounmpo,[],Antetokounmpo,64,52,,False,False,203507.0,,substitution,substitution,,,,1627748|1628389|1628425|201949|201961|203507|203953|204020|2548,1627748|1628425|203507|203953,1628389|201949|201961|204020|2548,,,1610612749.0,21700821,False
3,PT03M28.00S,03:28,Q3 03:28,15.466666666666667,432,substitution,SUB in: J. Terry,[],Terry,64,52,,False,False,1891.0,,substitution,turnover,,,,1627748|1628389|1628425|1891|201949|201961|203507|203953|204020|2548,1627748|1628425|1891|203507|203953,1628389|201949|201961|204020|2548,,,1610612749.0,21700821,True
3,PT03M06.00S,03:06,Q3 03:06,15.1,433,turnover,Brown Out of Bounds - Bad Pass Turnover Turnover (P1.T14),[],Brown,64,52,,False,False,1628425.0,,substitution,2pt missed,,,,1627748|1628389|1628425|1891|201949|201961|203507|203953|204020|2548,1627748|1628425|1891|203507|203953,1628389|201949|201961|204020|2548,,,1610612749.0,21700821,True
3,PT02M52.00S,02:52,Q3 02:52,14.866666666666667,434,2pt,MISS Adebayo 2' Layup,['pointsinthepaint'],Adebayo,64,52,Missed,True,False,1628389.0,,turnover,block,,,,1627748|1628389|1628425|1891|201949|201961|203507|203953|204020|2548,1628389|201949|201961|204020|2548,1627748|1628425|1891|203507|203953,15.0,17.0,1610612748.0,21700821,True
3,PT02M52.00S,02:52,Q3 02:52,14.866666666666667,434,block,Maker BLOCK (1 BLK),[],Maker,64,52,,False,False,1627748.0,,2pt missed,rebound,,,1627748.0,1627748|1628389|1628425|1891|201949|201961|203507|203953|204020|2548,1627748|1628425|1891|203507|203953,1628389|201949|201961|204020|2548,,,1610612749.0,21700821,True
3,PT02M52.00S,02:52,Q3 02:52,14.866666666666667,436,rebound,TEAM offensive REBOUND,['team'],,64,52,,False,False,0.0,,block,3pt missed,,,,1627748|1628389|1628425|1891|201949|201961|203507|203953|204020|2548,1628389|201949|201961|204020|2548,1627748|1628425|1891|203507|203953,,,1610612748.0,21700821,True
3,PT02M45.00S,02:45,Q3 02:45,14.75,437,3pt,MISS Ellington 25' 3PT Jump Shot,['2ndchance'],Ellington,64,52,Missed,True,False,201961.0,,rebound,rebound,,,,1627748|1628389|1628425|1891|201949|201961|203507|203953|204020|2548,1628389|201949|201961|204020|2548,1627748|1628425|1891|203507|203953,214.0,127.0,1610612748.0,21700821,True
3,PT02M43.00S,02:43,Q3 02:43,14.716666666666667,438,rebound,Parker REBOUND (Off:0 Def:2),[],Parker,64,52,,False,False,203953.0,,3pt missed,2pt made,,,,1627748|1628389|1628425|1891|201949|201961|203507|203953|204020|2548,1627748|1628425|1891|203507|203953,1628389|201949|201961|204020|2548,,,1610612749.0,21700821,True
3,PT02M36.00S,02:36,Q3 02:36,14.6,439,2pt,Maker 3' Floating Jump Shot (8 PTS) (Parker 1 AST),['pointsinthepaint'],Maker,64,54,Made,True,True,1627748.0,203953.0,rebound,2pt made,,,,1627748|1628389|1628425|1891|201949|201961|203507|203953|204020|2548,1627748|1628425|1891|203507|203953,1628389|201949|201961|204020|2548,-29.0,15.0,1610612749.0,21700821,True
3,PT02M26.00S,02:26,Q3 02:26,14.433333333333334,441,2pt,Adebayo 1' Cutting Dunk Shot (8 PTS) (T. Johnson 2 AST),['pointsinthepaint'],Adebayo,66,54,Made,True,True,1628389.0,204020.0,2pt made,2pt missed,,,,1627748|1628389|1628425|1891|201949|201961|203507|203953|204020|2548,1628389|201949|201961|204020|2548,1627748|1628425|1891|203507|203953,6.0,1.0,1610612748.0,21700821,True
3,PT02M04.00S,02:04,Q3 02:04,14.066666666666666,443,2pt,MISS Maker 9' Hook Shot,[],Maker,66,54,Missed,True,False,1627748.0,,2pt made,rebound,,,,1627748|1628389|1628425|1891|201949|201961|203507|203953|204020|2548,1627748|1628425|1891|203507|203953,1628389|201949|201961|204020|2548,-84.0,27.0,1610612749.0,21700821,True
3,PT02M01.00S,02:01,Q3 02:01,14.016666666666666,444,rebound,J. Johnson REBOUND (Off:0 Def:3),[],Johnson,66,54,,False,False,201949.0,,2pt missed,foul,,,,1627748|1628389|1628425|1891|201949|201961|203507|203953|204020|2548,1628389|201949|201961|204020|2548,1627748|1628425|1891|203507|203953,,,1610612748.0,21700821,True
3,PT01M49.00S,01:49,Q3 01:49,13.816666666666666,445,foul,Maker S.FOUL (P2.PN) (A.Smith),['inpenalty'],Maker,66,54,,False,False,1627748.0,,rebound,freethrow,1628389.0,,,1627748|1628389|1628425|1891|201949|201961|203507|203953|204020|2548,1627748|1628425|1891|203507|203953,1628389|201949|201961|204020|2548,,,1610612749.0,21700821,True
3,PT01M49.00S,01:49,Q3 01:49,13.816666666666666,447,freethrow,Adebayo Free Throw 1 of 2 (9 PTS),[],Adebayo,67,54,Made,False,False,1628389.0,,foul,freethrow,,,,1627748|1628389|1628425|1891|201949|201961|203507|203953|204020|2548,1628389|201949|201961|204020|2548,1627748|1628425|1891|203507|203953,,,1610612748.0,21700821,True
3,PT01M49.00S,01:49,Q3 01:49,13.816666666666666,450,freethrow,Adebayo Free Throw 2 of 2 (10 PTS),[],Adebayo,68,54,Made,False,False,1628389.0,,freethrow,substitution,,,,1627748|1628389|1628425|1891|201949|201961|203507|203953|204020|2548,1628389|201949|201961|204020|2548,1627748|1628425|1891|203507|203953,,,1610612748.0,21700821,True
3,PT01M49.00S,01:49,Q3 01:49,13.816666666666666,448,substitution,SUB out: T. Maker,[],Maker,68,54,,False,False,1627748.0,,freethrow,substitution,,,,1628389|1628425|1891|201949|201961|203507|203953|204020|2548,1628425|1891|203507|203953,1628389|201949|201961|204020|2548,,,1610612749.0,21700821,False
3,PT01M49.00S,01:49,Q3 01:49,13.816666666666666,449,substitution,SUB in: T. Zeller,[],Zeller,68,54,,False,False,203092.0,,substitution,turnover,,,,1628389|1628425|1891|201949|201961|203092|203507|203953|204020|2548,1628425|1891|203092|203507|203953,1628389|201949|201961|204020|2548,,,1610612749.0,21700821,True
3,PT01M23.00S,01:23,Q3 01:23,13.383333333333333,463,turnover,Bucks Turnover: Shot Clock (T#15),[],,68,54,,False,False,1610612749.0,,substitution,2pt made,,,,1628389|1628425|1891|201949|201961|203092|203507|203953|204020|2548,1628389|201949|201961|204020|2548,1628425|1891|203092|203507|203953,,,0.0,21700821,True
3,PT01M06.00S,01:06,Q3 01:06,13.1,452,2pt,J. Johnson 19' Step Back Jump Shot (9 PTS),[],Johnson,70,54,Made,True,False,201949.0,,turnover,2pt missed,,,,1628389|1628425|1891|201949|201961|203092|203507|203953|204020|2548,1628389|201949|201961|204020|2548,1628425|1891|203092|203507|203953,-193.0,-11.0,1610612748.0,21700821,True
3,PT00M48.70S,00:48,Q3 00:48,12.811666666666667,453,2pt,MISS Antetokounmpo 20' Jump Shot,[],Antetokounmpo,70,54,Missed,True,False,203507.0,,2pt made,rebound,,,,1628389|1628425|1891|201949|201961|203092|203507|203953|204020|2548,1628425|1891|203092|203507|203953,1628389|201949|201961|204020|2548,-162.0,109.0,1610612749.0,21700821,True
3,PT00M46.50S,00:46,Q3 00:46,12.775,454,rebound,T. Johnson REBOUND (Off:1 Def:4),[],Johnson,70,54,,False,False,204020.0,,2pt missed,2pt made,,,,1628389|1628425|1891|201949|201961|203092|203507|203953|204020|2548,1628389|201949|201961|204020|2548,1628425|1891|203092|203507|203953,,,1610612748.0,21700821,True
3,PT00M40.50S,00:40,Q3 00:40,12.675,455,2pt,Adebayo 1' Cutting Finger Roll Layup Shot (12 PTS) (T. Johnson 3 AST),['pointsinthepaint'],Adebayo,72,54,Made,True,True,1628389.0,204020.0,rebound,3pt missed,,,,1628389|1628425|1891|201949|201961|203092|203507|203953|204020|2548,1628389|201949|201961|204020|2548,1628425|1891|203092|203507|203953,9.0,8.0,1610612748.0,21700821,True
3,PT00M17.40S,00:17,Q3 00:17,12.29,457,3pt,MISS Zeller 3PT Jump Shot,[],Zeller,72,54,Missed,True,False,203092.0,,2pt made,rebound,,,,1628389|1628425|1891|201949|201961|203092|203507|203953|204020|2548,1628425|1891|203092|203507|203953,1628389|201949|201961|204020|2548,-231.0,4.0,1610612749.0,21700821,True
3,PT00M15.10S,00:15,Q3 00:15,12.251666666666667,458,rebound,Adebayo REBOUND (Off:1 Def:5),[],Adebayo,72,54,,False,False,1628389.0,,3pt missed,2pt missed,,,,1628389|1628425|1891|201949|201961|203092|203507|203953|204020|2548,1628389|201949|201961|204020|2548,1628425|1891|203092|203507|203953,,,1610612748.0,21700821,True
3,PT00M01.00S,00:01,Q3 00:01,12.016666666666667,459,2pt,MISS Adebayo 1' Alley Oop Dunk,['pointsinthepaint'],Adebayo,72,54,Missed,True,False,1628389.0,,rebound,rebound,,,,1628389|1628425|1891|201949|201961|203092|203507|203953|204020|2548,1628389|201949|201961|204020|2548,1628425|1891|203092|203507|203953,11.0,6.0,1610612748.0,21700821,True
3,PT00M01.00S,00:01,Q3 00:01,12.016666666666667,460,rebound,Zeller REBOUND (Off:0 Def:1),[],Zeller,72,54,,False,False,203092.0,,2pt missed,instant replay,,,,1628389|1628425|1891|201949|201961|203092|203507|203953|204020|2548,1628425|1891|203092|203507|203953,1628389|201949|201961|204020|2548,,,1610612749.0,21700821,True
3,PT00M00.00S,00:00,Q3 00:00,12.0,462,period,End of 3rd Period (9:51 PM EST),[],,72,54,,False,False,0.0,,instant replay,period,,,,1628389|1628425|1891|201949|201961|203092|203507|203953|204020|2548,1628389|201949|201961|204020|2548,1628425|1891|203092|203507|203953,,,1610612748.0,21700821,True
4,PT12M00.00S,12:00,Q4 12:00,12.0,466,period,Start of 4th Period (9:52 PM EST),[],,72,54,,False,False,0.0,,period,substitution,,,,1628389|1628425|1891|201949|201961|203092|203507|203953|204020|2548,1628389|201949|201961|204020|2548,1628425|1891|203092|203507|203953,,,1610612748.0,21700821,True
4,PT11M45.00S,11:45,Q4 11:45,11.75,467,turnover,Bledsoe Bad Pass Turnover (P4.T16),[],Bledsoe,72,54,,False,False,202339.0,,substitution,steal,,,,1628389|1891|201949|201961|202339|203092|203507|203953|204020|2548,1891|202339|203092|203507|203953,1628389|201949|201961|204020|2548,,,1610612749.0,21700821,True
4,PT11M45.00S,11:45,Q4 11:45,11.75,467,steal,Wade STEAL (1 STL),[],Wade,72,54,,False,False,2548.0,,turnover,2pt missed,,2548.0,,1628389|1891|201949|201961|202339|203092|203507|203953|204020|2548,1628389|201949|201961|204020|2548,1891|202339|203092|203507|203953,,,1610612748.0,21700821,True
4,PT11M40.00S,11:40,Q4 11:40,11.666666666666666,469,2pt,MISS Wade 2' Running Finger Roll Layup,['pointsinthepaint'],Wade,72,54,Missed,True,False,2548.0,,steal,block,,,,1628389|1891|201949|201961|202339|203092|203507|203953|204020|2548,1628389|201949|201961|204020|2548,1891|202339|203092|203507|203953,5.0,18.0,1610612748.0,21700821,True
4,PT11M40.00S,11:40,Q4 11:40,11.666666666666666,469,block,Antetokounmpo BLOCK (1 BLK),[],Antetokounmpo,72,54,,False,False,203507.0,,2pt missed,rebound,,,203507.0,1628389|1891|201949|201961|202339|203092|203507|203953|204020|2548,1891|202339|203092|203507|203953,1628389|201949|201961|204020|2548,,,1610612749.0,21700821,True
4,PT11M39.00S,11:39,Q4 11:39,11.65,471,rebound,TEAM defensive REBOUND,['team'],,72,54,,False,False,0.0,,block,turnover,,,,1628389|1891|201949|201961|202339|203092|203507|203953|204020|2548,1891|202339|203092|203507|203953,1628389|201949|201961|204020|2548,,,1610612749.0,21700821,True
4,PT11M16.00S,11:16,Q4 11:16,11.266666666666667,472,turnover,Antetokounmpo Lost Ball Turnover (P5.T17),[],Antetokounmpo,72,54,,False,False,203507.0,,rebound,steal,,,,1628389|1891|201949|201961|202339|203092|203507|203953|204020|2548,1891|202339|203092|203507|203953,1628389|201949|201961|204020|2548,,,1610612749.0,21700821,True
4,PT11M16.00S,11:16,Q4 11:16,11.266666666666667,472,steal,J. Johnson STEAL (1 STL),[],Johnson,72,54,,False,False,201949.0,,turnover,2pt missed,,201949.0,,1628389|1891|201949|201961|202339|203092|203507|203953|204020|2548,1628389|201949|201961|204020|2548,1891|202339|203092|203507|203953,,,1610612748.0,21700821,True
4,PT11M00.00S,11:00,Q4 11:00,11.0,474,2pt,MISS Wade 17' Jump Shot,[],Wade,72,54,Missed,True,False,2548.0,,steal,rebound,,,,1628389|1891|201949|201961|202339|203092|203507|203953|204020|2548,1628389|201949|201961|204020|2548,1891|202339|203092|203507|203953,-87.0,141.0,1610612748.0,21700821,True
4,PT10M58.00S,10:58,Q4 10:58,10.966666666666667,475,rebound,Bledsoe REBOUND (Off:0 Def:4),[],Bledsoe,72,54,,False,False,202339.0,,2pt missed,3pt made,,,,1628389|1891|201949|201961|202339|203092|203507|203953|204020|2548,1891|202339|203092|203507|203953,1628389|201949|201961|204020|2548,,,1610612749.0,21700821,True
4,PT10M53.00S,10:53,Q4 10:53,10.883333333333333,476,3pt,Antetokounmpo 25' 3PT Jump Shot (11 PTS) (Bledsoe 4 AST),[],Antetokounmpo,72,57,Made,True,True,203507.0,202339.0,rebound,2pt made,,,,1628389|1891|201949|201961|202339|203092|203507|203953|204020|2548,1891|202339|203092|203507|203953,1628389|201949|201961|204020|2548,-187.0,164.0,1610612749.0,21700821,True
4,PT10M39.00S,10:39,Q4 10:39,10.65,478,2pt,Adebayo Alley Oop Dunk (14 PTS) (J. Johnson 1 AST),['pointsinthepaint'],Adebayo,74,57,Made,True,True,1628389.0,201949.0,3pt made,turnover,,,,1628389|1891|201949|201961|202339|203092|203507|203953|204020|2548,1628389|201949|201961|204020|2548,1891|202339|203092|203507|203953,0.0,0.0,1610612748.0,21700821,True
4,PT10M20.00S,10:20,Q4 10:20,10.333333333333334,480,turnover,Zeller Bad Pass Turnover (P1.T18),[],Zeller,74,57,,False,False,203092.0,,2pt made,steal,,,,1628389|1891|201949|201961|202339|203092|203507|203953|204020|2548,1891|202339|203092|203507|203953,1628389|201949|201961|204020|2548,,,1610612749.0,21700821,True
4,PT10M20.00S,10:20,Q4 10:20,10.333333333333334,480,steal,Wade STEAL (2 STL),[],Wade,74,57,,False,False,2548.0,,turnover,3pt missed,,2548.0,,1628389|1891|201949|201961|202339|203092|203507|203953|204020|2548,1628389|201949|201961|204020|2548,1891|202339|203092|203507|203953,,,1610612748.0,21700821,True
4,PT10M14.00S,10:14,Q4 10:14,10.233333333333333,482,3pt,MISS T. Johnson 25' 3PT Jump Shot,[],Johnson,74,57,Missed,True,False,204020.0,,steal,rebound,,,,1628389|1891|201949|201961|202339|203092|203507|203953|204020|2548,1628389|201949|201961|204020|2548,1891|202339|203092|203507|203953,15.0,252.0,1610612748.0,21700821,True
4,PT10M11.00S,10:11,Q4 10:11,10.183333333333334,483,rebound,Parker REBOUND (Off:0 Def:3),[],Parker,74,57,,False,False,203953.0,,3pt missed,2pt made,,,,1628389|1891|201949|201961|202339|203092|203507|203953|204020|2548,1891|202339|203092|203507|203953,1628389|201949|201961|204020|2548,,,1610612749.0,21700821,True
4,PT10M08.00S,10:08,Q4 10:08,10.133333333333333,484,2pt,Parker 9' Jump Bank Shot (4 PTS),[],Parker,74,59,Made,True,False,203953.0,,rebound,foul,,,,1628389|1891|201949|201961|202339|203092|203507|203953|204020|2548,1891|202339|203092|203507|203953,1628389|201949|201961|204020|2548,91.0,18.0,1610612749.0,21700821,True
4,PT09M47.00S,09:47,Q4 09:47,9.783333333333333,485,foul,Terry P.FOUL (P1.T1) (T.Ford),[],Terry,74,59,,False,False,1891.0,,2pt made,substitution,201949.0,,,1628389|1891|201949|201961|202339|203092|203507|203953|204020|2548,1891|202339|203092|203507|203953,1628389|201949|201961|204020|2548,,,1610612749.0,21700821,True
4,PT09M47.00S,09:47,Q4 09:47,9.783333333333333,487,substitution,SUB out: T. Johnson,[],Johnson,74,59,,False,False,204020.0,,foul,substitution,,,,1628389|1891|201949|201961|202339|203092|203507|203953|2548,1628389|201949|201961|2548,1891|202339|203092|203507|203953,,,1610612748.0,21700821,False
4,PT09M47.00S,09:47,Q4 09:47,9.783333333333333,488,substitution,SUB in: J. Richardson,[],Richardson,74,59,,False,False,1626196.0,,substitution,2pt missed,,,,1626196|1628389|1891|201949|201961|202339|203092|203507|203953|2548,1626196|1628389|201949|201961|2548,1891|202339|203092|203507|203953,,,1610612748.0,21700821,True
4,PT09M35.00S,09:35,Q4 09:35,9.583333333333334,489,2pt,MISS J. Johnson 2' Driving Layup,['pointsinthepaint'],Johnson,74,59,Missed,True,False,201949.0,,substitution,rebound,,,,1626196|1628389|1891|201949|201961|202339|203092|203507|203953|2548,1626196|1628389|201949|201961|2548,1891|202339|203092|203507|203953,18.0,12.0,1610612748.0,21700821,True
4,PT09M33.00S,09:33,Q4 09:33,9.55,490,rebound,J. Johnson REBOUND (Off:1 Def:3),[],Johnson,74,59,,False,False,201949.0,,2pt missed,3pt made,,,,1626196|1628389|1891|201949|201961|202339|203092|203507|203953|2548,1626196|1628389|201949|201961|2548,1891|202339|203092|203507|203953,,,1610612748.0,21700821,True
4,PT09M31.00S,09:31,Q4 09:31,9.516666666666667,491,3pt,Ellington 3PT Jump Shot (5 PTS) (J. Johnson 2 AST),[],Ellington,77,59,Made,True,True,201961.0,201949.0,rebound,3pt made,,,,1626196|1628389|1891|201949|201961|202339|203092|203507|203953|2548,1626196|1628389|201949|201961|2548,1891|202339|203092|203507|203953,223.0,-3.0,1610612748.0,21700821,True
4,PT09M11.00S,09:11,Q4 09:11,9.183333333333334,493,3pt,Terry 3PT Jump Shot (6 PTS) (Antetokounmpo 3 AST),[],Terry,77,62,Made,True,True,1891.0,203507.0,3pt made,3pt made,,,,1626196|1628389|1891|201949|201961|202339|203092|203507|203953|2548,1891|202339|203092|203507|203953,1626196|1628389|201949|201961|2548,230.0,-5.0,1610612749.0,21700821,True
4,PT08M49.00S,08:49,Q4 08:49,8.816666666666666,495,3pt,Ellington 26' 3PT Jump Shot (8 PTS) (Adebayo 2 AST),[],Ellington,80,62,Made,True,True,201961.0,1628389.0,3pt made,timeout,,,,1626196|1628389|1891|201949|201961|202339|203092|203507|203953|2548,1626196|1628389|201949|201961|2548,1891|202339|203092|203507|203953,120.0,230.0,1610612748.0,21700821,True
4,PT08M49.00S,08:49,Q4 08:49,8.816666666666666,497,timeout,Bucks Timeout: Regular (Reg.5 Short 0),[],,80,62,,False,False,0.0,,3pt made,instant replay,,,,1626196|1628389|1891|201949|201961|202339|203092|203507|203953|2548,1891|202339|203092|203507|203953,1626196|1628389|201949|201961|2548,,,1610612749.0,21700821,True
4,PT08M49.00S,08:49,Q4 08:49,8.816666666666666,499,substitution,SUB out: J. Terry,[],Terry,80,62,,False,False,1891.0,,instant replay,substitution,,,,1626196|1628389|201949|201961|202339|203092|203507|203953|2548,202339|203092|203507|203953,1626196|1628389|201949|201961|2548,,,1610612749.0,21700821,False
4,PT08M49.00S,08:49,Q4 08:49,8.816666666666666,500,substitution,SUB out: J. Parker,[],Parker,80,62,,False,False,203953.0,,substitution,substitution,,,,1626196|1628389|201949|201961|202339|203092|203507|2548,202339|203092|203507,1626196|1628389|201949|201961|2548,,,1610612749.0,21700821,False
4,PT08M49.00S,08:49,Q4 08:49,8.816666666666666,501,substitution,SUB in: K. Middleton,[],Middleton,80,62,,False,False,203114.0,,substitution,substitution,,,,1626196|1628389|201949|201961|202339|203092|203114|203507|2548,202339|203092|203114|203507,1626196|1628389|201949|201961|2548,,,1610612749.0,21700821,False
4,PT08M49.00S,08:49,Q4 08:49,8.816666666666666,502,substitution,SUB in: T. Snell,[],Snell,80,62,,False,False,203503.0,,substitution,3pt missed,,,,1626196|1628389|201949|201961|202339|203092|203114|203503|203507|2548,202339|203092|203114|203503|203507,1626196|1628389|201949|201961|2548,,,1610612749.0,21700821,True
4,PT08M30.00S,08:30,Q4 08:30,8.5,503,3pt,MISS Middleton 26' 3PT Jump Shot,[],Middleton,80,62,Missed,True,False,203114.0,,substitution,rebound,,,,1626196|1628389|201949|201961|202339|203092|203114|203503|203507|2548,202339|203092|203114|203503|203507,1626196|1628389|201949|201961|2548,-139.0,216.0,1610612749.0,21700821,True
4,PT08M28.00S,08:28,Q4 08:28,8.466666666666667,504,rebound,Adebayo REBOUND (Off:1 Def:6),[],Adebayo,80,62,,False,False,1628389.0,,3pt missed,foul,,,,1626196|1628389|201949|201961|202339|203092|203114|203503|203507|2548,1626196|1628389|201949|201961|2548,202339|203092|203114|203503|203507,,,1610612748.0,21700821,True
4,PT08M11.00S,08:11,Q4 08:11,8.183333333333334,505,foul,Zeller S.FOUL (P1.T2) (T.Ford),[],Zeller,80,62,,False,False,203092.0,,rebound,freethrow,1628389.0,,,1626196|1628389|201949|201961|202339|203092|203114|203503|203507|2548,202339|203092|203114|203503|203507,1626196|1628389|201949|201961|2548,,,1610612749.0,21700821,True
4,PT08M11.00S,08:11,Q4 08:11,8.183333333333334,507,freethrow,MISS Adebayo Free Throw 1 of 2,[],Adebayo,80,62,Missed,False,False,1628389.0,,foul,rebound,,,,1626196|1628389|201949|201961|202339|203092|203114|203503|203507|2548,1626196|1628389|201949|201961|2548,202339|203092|203114|203503|203507,,,1610612748.0,21700821,True
4,PT08M11.00S,08:11,Q4 08:11,8.183333333333334,508,rebound,TEAM offensive REBOUND,['team'],,80,62,,False,False,0.0,,freethrow,freethrow,,,,1626196|1628389|201949|201961|202339|203092|203114|203503|203507|2548,1626196|1628389|201949|201961|2548,202339|203092|203114|203503|203507,,,1610612748.0,21700821,True
4,PT08M11.00S,08:11,Q4 08:11,8.183333333333334,509,freethrow,Adebayo Free Throw 2 of 2 (15 PTS),['2ndchance'],Adebayo,81,62,Made,False,False,1628389.0,,rebound,2pt made,,,,1626196|1628389|201949|201961|202339|203092|203114|203503|203507|2548,1626196|1628389|201949|201961|2548,202339|203092|203114|203503|203507,,,1610612748.0,21700821,True
4,PT07M53.00S,07:53,Q4 07:53,7.883333333333333,510,2pt,Zeller 1' Reverse Layup (2 PTS) (Bledsoe 5 AST),['pointsinthepaint'],Zeller,81,64,Made,True,True,203092.0,202339.0,freethrow,turnover,,,,1626196|1628389|201949|201961|202339|203092|203114|203503|203507|2548,202339|203092|203114|203503|203507,1626196|1628389|201949|201961|2548,-9.0,8.0,1610612749.0,21700821,True
4,PT07M25.00S,07:25,Q4 07:25,7.416666666666667,512,turnover,Wade Bad Pass Turnover (P4.T13),[],Wade,81,64,,False,False,2548.0,,2pt made,steal,,,,1626196|1628389|201949|201961|202339|203092|203114|203503|203507|2548,1626196|1628389|201949|201961|2548,202339|203092|203114|203503|203507,,,1610612748.0,21700821,True
4,PT07M25.00S,07:25,Q4 07:25,7.416666666666667,512,steal,Antetokounmpo STEAL (1 STL),[],Antetokounmpo,81,64,,False,False,203507.0,,turnover,2pt missed,,203507.0,,1626196|1628389|201949|201961|202339|203092|203114|203503|203507|2548,202339|203092|203114|203503|203507,1626196|1628389|201949|201961|2548,,,1610612749.0,21700821,True
4,PT07M21.00S,07:21,Q4 07:21,7.35,514,2pt,MISS Antetokounmpo 1' Running Layup,['pointsinthepaint'],Antetokounmpo,81,64,Missed,True,False,203507.0,,steal,block,,,,1626196|1628389|201949|201961|202339|203092|203114|203503|203507|2548,202339|203092|203114|203503|203507,1626196|1628389|201949|201961|2548,13.0,3.0,1610612749.0,21700821,True
4,PT07M21.00S,07:21,Q4 07:21,7.35,514,block,J. Johnson BLOCK (1 BLK),[],Johnson,81,64,,False,False,201949.0,,2pt missed,rebound,,,201949.0,1626196|1628389|201949|201961|202339|203092|203114|203503|203507|2548,1626196|1628389|201949|201961|2548,202339|203092|203114|203503|203507,,,1610612748.0,21700821,True
4,PT07M21.00S,07:21,Q4 07:21,7.35,516,rebound,TEAM offensive REBOUND,['team'],,81,64,,False,False,0.0,,block,2pt made,,,,1626196|1628389|201949|201961|202339|203092|203114|203503|203507|2548,202339|203092|203114|203503|203507,1626196|1628389|201949|201961|2548,,,1610612749.0,21700821,True
4,PT07M09.00S,07:09,Q4 07:09,7.15,517,2pt,Bledsoe 16' Pullup Jump Shot (15 PTS),['2ndchance'],Bledsoe,81,66,Made,True,False,202339.0,,rebound,2pt missed,,,,1626196|1628389|201949|201961|202339|203092|203114|203503|203507|2548,202339|203092|203114|203503|203507,1626196|1628389|201949|201961|2548,-75.0,140.0,1610612749.0,21700821,True
4,PT06M43.00S,06:43,Q4 06:43,6.716666666666667,518,2pt,MISS Ellington 22' Jump Shot,[],Ellington,81,66,Missed,True,False,201961.0,,2pt made,rebound,,,,1626196|1628389|201949|201961|202339|203092|203114|203503|203507|2548,1626196|1628389|201949|201961|2548,202339|203092|203114|203503|203507,-152.0,164.0,1610612748.0,21700821,True
4,PT06M41.00S,06:41,Q4 06:41,6.683333333333334,519,rebound,Antetokounmpo REBOUND (Off:0 Def:9),[],Antetokounmpo,81,66,,False,False,203507.0,,2pt missed,foul,,,,1626196|1628389|201949|201961|202339|203092|203114|203503|203507|2548,202339|203092|203114|203503|203507,1626196|1628389|201949|201961|2548,,,1610612749.0,21700821,True
4,PT06M33.00S,06:33,Q4 06:33,6.55,520,foul,Adebayo P.FOUL (P2.T1) (A.Smith),[],Adebayo,81,66,,False,False,1628389.0,,rebound,substitution,203507.0,,,1626196|1628389|201949|201961|202339|203092|203114|203503|203507|2548,1626196|1628389|201949|201961|2548,202339|203092|203114|203503|203507,,,1610612748.0,21700821,True
4,PT06M33.00S,06:33,Q4 06:33,6.55,522,substitution,SUB out: D. Wade,[],Wade,81,66,,False,False,2548.0,,foul,substitution,,,,1626196|1628389|201949|201961|202339|203092|203114|203503|203507,1626196|1628389|201949|201961,202339|203092|203114|203503|203507,,,1610612748.0,21700821,False
4,PT06M33.00S,06:33,Q4 06:33,6.55,523,substitution,SUB in: G. Dragic,[],Dragic,81,66,,False,False,201609.0,,substitution,2pt made,,,,1626196|1628389|201609|201949|201961|202339|203092|203114|203503|203507,1626196|1628389|201609|201949|201961,202339|203092|203114|203503|203507,,,1610612748.0,21700821,True
4,PT06M27.00S,06:27,Q4 06:27,6.45,524,2pt,Antetokounmpo 1' Cutting Dunk Shot (13 PTS) (Bledsoe 6 AST),['pointsinthepaint'],Antetokounmpo,81,68,Made,True,True,203507.0,202339.0,substitution,timeout,,,,1626196|1628389|201609|201949|201961|202339|203092|203114|203503|203507,202339|203092|203114|203503|203507,1626196|1628389|201609|201949|201961,-5.0,9.0,1610612749.0,21700821,True
4,PT06M26.00S,06:26,Q4 06:26,6.433333333333334,526,timeout,HEAT Timeout: Regular (Full 3 Short 0),[],,81,68,,False,False,0.0,,2pt made,2pt missed,,,,1626196|1628389|201609|201949|201961|202339|203092|203114|203503|203507,1626196|1628389|201609|201949|201961,202339|203092|203114|203503|203507,,,1610612748.0,21700821,True
4,PT05M59.00S,05:59,Q4 05:59,5.983333333333333,527,2pt,MISS Dragic 16' Step Back Jump Shot,[],Dragic,81,68,Missed,True,False,201609.0,,timeout,rebound,,,,1626196|1628389|201609|201949|201961|202339|203092|203114|203503|203507,1626196|1628389|201609|201949|201961,202339|203092|203114|203503|203507,-98.0,130.0,1610612748.0,21700821,True
4,PT05M57.00S,05:57,Q4 05:57,5.95,528,rebound,Middleton REBOUND (Off:0 Def:1),[],Middleton,81,68,,False,False,203114.0,,2pt missed,2pt missed,,,,1626196|1628389|201609|201949|201961|202339|203092|203114|203503|203507,202339|203092|203114|203503|203507,1626196|1628389|201609|201949|201961,,,1610612749.0,21700821,True
4,PT05M50.00S,05:50,Q4 05:50,5.833333333333333,529,2pt,MISS Bledsoe 6' Floating Jump Shot,['pointsinthepaint'],Bledsoe,81,68,Missed,True,False,202339.0,,rebound,rebound,,,,1626196|1628389|201609|201949|201961|202339|203092|203114|203503|203507,202339|203092|203114|203503|203507,1626196|1628389|201609|201949|201961,3.0,63.0,1610612749.0,21700821,True
4,PT05M50.00S,05:50,Q4 05:50,5.833333333333333,530,rebound,Zeller REBOUND (Off:1 Def:1),[],Zeller,81,68,,False,False,203092.0,,2pt missed,2pt missed,,,,1626196|1628389|201609|201949|201961|202339|203092|203114|203503|203507,202339|203092|203114|203503|203507,1626196|1628389|201609|201949|201961,,,1610612749.0,21700821,True
4,PT05M43.00S,05:43,Q4 05:43,5.716666666666667,531,2pt,MISS Zeller 8' Layup,['pointsinthepaint'],Zeller,81,68,Missed,True,False,203092.0,,rebound,rebound,,,,1626196|1628389|201609|201949|201961|202339|203092|203114|203503|203507,202339|203092|203114|203503|203507,1626196|1628389|201609|201949|201961,41.0,63.0,1610612749.0,21700821,True
4,PT05M41.00S,05:41,Q4 05:41,5.683333333333334,532,rebound,Adebayo REBOUND (Off:1 Def:7),[],Adebayo,81,68,,False,False,1628389.0,,2pt missed,foul,,,,1626196|1628389|201609|201949|201961|202339|203092|203114|203503|203507,1626196|1628389|201609|201949|201961,202339|203092|203114|203503|203507,,,1610612748.0,21700821,True
4,PT05M37.00S,05:37,Q4 05:37,5.616666666666667,533,foul,J. Johnson Offensive Charge Foul (P1) (T.Ford),[],Johnson,81,68,,False,False,201949.0,,rebound,turnover,202339.0,,,1626196|1628389|201609|201949|201961|202339|203092|203114|203503|203507,1626196|1628389|201609|201949|201961,202339|203092|203114|203503|203507,,,1610612748.0,21700821,True
4,PT05M37.00S,05:37,Q4 05:37,5.616666666666667,535,turnover,J. Johnson Offensive Foul Turnover (P1.T14),[],Johnson,81,68,,False,False,201949.0,,foul,foul,,,,1626196|1628389|201609|201949|201961|202339|203092|203114|203503|203507,1626196|1628389|201609|201949|201961,202339|203092|203114|203503|203507,,,1610612748.0,21700821,True
4,PT05M32.00S,05:32,Q4 05:32,5.533333333333333,536,foul,Adebayo S.FOUL (P3.T2) (T.Ford),[],Adebayo,81,68,,False,False,1628389.0,,turnover,freethrow,202339.0,,,1626196|1628389|201609|201949|201961|202339|203092|203114|203503|203507,1626196|1628389|201609|201949|201961,202339|203092|203114|203503|203507,,,1610612748.0,21700821,True
4,PT05M32.00S,05:32,Q4 05:32,5.533333333333333,538,freethrow,MISS Bledsoe Free Throw 1 of 2,[],Bledsoe,81,68,Missed,False,False,202339.0,,foul,rebound,,,,1626196|1628389|201609|201949|201961|202339|203092|203114|203503|203507,202339|203092|203114|203503|203507,1626196|1628389|201609|201949|201961,,,1610612749.0,21700821,True
4,PT05M32.00S,05:32,Q4 05:32,5.533333333333333,539,rebound,TEAM offensive REBOUND,['team'],,81,68,,False,False,0.0,,freethrow,freethrow,,,,1626196|1628389|201609|201949|201961|202339|203092|203114|203503|203507,202339|203092|203114|203503|203507,1626196|1628389|201609|201949|201961,,,1610612749.0,21700821,True
4,PT05M32.00S,05:32,Q4 05:32,5.533333333333333,542,freethrow,Bledsoe Free Throw 2 of 2 (16 PTS),[],Bledsoe,81,69,Made,False,False,202339.0,,rebound,substitution,,,,1626196|1628389|201609|201949|201961|202339|203092|203114|203503|203507,202339|203092|203114|203503|203507,1626196|1628389|201609|201949|201961,,,1610612749.0,21700821,True
4,PT05M32.00S,05:32,Q4 05:32,5.533333333333333,540,substitution,SUB out: J. Johnson,[],Johnson,81,68,,False,False,201949.0,,freethrow,substitution,,,,1626196|1628389|201609|201961|202339|203092|203114|203503|203507,1626196|1628389|201609|201961,202339|203092|203114|203503|203507,,,1610612748.0,21700821,False
4,PT05M32.00S,05:32,Q4 05:32,5.533333333333333,541,substitution,SUB in: H. Whiteside,[],Whiteside,81,68,,False,False,202355.0,,substitution,2pt missed,,,,1626196|1628389|201609|201961|202339|202355|203092|203114|203503|203507,1626196|1628389|201609|201961|202355,202339|203092|203114|203503|203507,,,1610612748.0,21700821,True
4,PT05M09.00S,05:09,Q4 05:09,5.15,543,2pt,MISS Dragic 1' Reverse Layup,['pointsinthepaint'],Dragic,81,69,Missed,True,False,201609.0,,substitution,rebound,,,,1626196|1628389|201609|201961|202339|202355|203092|203114|203503|203507,1626196|1628389|201609|201961|202355,202339|203092|203114|203503|203507,8.0,7.0,1610612748.0,21700821,True
4,PT05M06.00S,05:06,Q4 05:06,5.1,544,rebound,Zeller REBOUND (Off:1 Def:2),[],Zeller,81,69,,False,False,203092.0,,2pt missed,2pt missed,,,,1626196|1628389|201609|201961|202339|202355|203092|203114|203503|203507,202339|203092|203114|203503|203507,1626196|1628389|201609|201961|202355,,,1610612749.0,21700821,True
4,PT05M00.00S,05:00,Q4 05:00,5.0,545,2pt,MISS Middleton 5' Jump Shot,['pointsinthepaint'],Middleton,81,69,Missed,True,False,203114.0,,rebound,block,,,,1626196|1628389|201609|201961|202339|202355|203092|203114|203503|203507,202339|203092|203114|203503|203507,1626196|1628389|201609|201961|202355,38.0,30.0,1610612749.0,21700821,True
4,PT05M00.00S,05:00,Q4 05:00,5.0,545,block,Adebayo BLOCK (2 BLK),[],Adebayo,81,69,,False,False,1628389.0,,2pt missed,rebound,,,1628389.0,1626196|1628389|201609|201961|202339|202355|203092|203114|203503|203507,1626196|1628389|201609|201961|202355,202339|203092|203114|203503|203507,,,1610612748.0,21700821,True
4,PT05M00.00S,05:00,Q4 05:00,5.0,547,rebound,Adebayo REBOUND (Off:1 Def:8),[],Adebayo,81,69,,False,False,1628389.0,,block,2pt missed,,,,1626196|1628389|201609|201961|202339|202355|203092|203114|203503|203507,1626196|1628389|201609|201961|202355,202339|203092|203114|203503|203507,,,1610612748.0,21700821,True
4,PT04M54.00S,04:54,Q4 04:54,4.9,548,2pt,MISS Whiteside 8' Floating Jump Shot,['pointsinthepaint'],Whiteside,81,69,Missed,True,False,202355.0,,rebound,rebound,,,,1626196|1628389|201609|201961|202339|202355|203092|203114|203503|203507,1626196|1628389|201609|201961|202355,202339|203092|203114|203503|203507,9.0,84.0,1610612748.0,21700821,True
4,PT04M50.00S,04:50,Q4 04:50,4.833333333333333,549,rebound,Antetokounmpo REBOUND (Off:0 Def:10),[],Antetokounmpo,81,69,,False,False,203507.0,,2pt missed,2pt made,,,,1626196|1628389|201609|201961|202339|202355|203092|203114|203503|203507,202339|203092|203114|203503|203507,1626196|1628389|201609|201961|202355,,,1610612749.0,21700821,True
4,PT04M40.00S,04:40,Q4 04:40,4.666666666666667,550,2pt,Antetokounmpo 3' Driving Finger Roll Layup (15 PTS),['pointsinthepaint'],Antetokounmpo,81,71,Made,True,False,203507.0,,rebound,foul,,,,1626196|1628389|201609|201961|202339|202355|203092|203114|203503|203507,202339|203092|203114|203503|203507,1626196|1628389|201609|201961|202355,19.0,17.0,1610612749.0,21700821,True
4,PT04M40.00S,04:40,Q4 04:40,4.666666666666667,551,foul,Whiteside S.FOUL (P5.T3) (T.Ford),[],Whiteside,81,71,,False,False,202355.0,,2pt made,freethrow,203507.0,,,1626196|1628389|201609|201961|202339|202355|203092|203114|203503|203507,1626196|1628389|201609|201961|202355,202339|203092|203114|203503|203507,,,1610612748.0,21700821,True
4,PT04M40.00S,04:40,Q4 04:40,4.666666666666667,555,freethrow,Antetokounmpo Free Throw 1 of 1 (16 PTS),[],Antetokounmpo,81,72,Made,False,False,203507.0,,foul,substitution,,,,1626196|1628389|201609|201961|202339|202355|203092|203114|203503|203507,202339|203092|203114|203503|203507,1626196|1628389|201609|201961|202355,,,1610612749.0,21700821,True
4,PT04M40.00S,04:40,Q4 04:40,4.666666666666667,553,substitution,SUB out: W. Ellington,[],Ellington,81,71,,False,False,201961.0,,freethrow,substitution,,,,1626196|1628389|201609|202339|202355|203092|203114|203503|203507,1626196|1628389|201609|202355,202339|203092|203114|203503|203507,,,1610612748.0,21700821,False
4,PT04M40.00S,04:40,Q4 04:40,4.666666666666667,554,substitution,SUB in: T. Johnson,[],Johnson,81,71,,False,False,204020.0,,substitution,3pt missed,,,,1626196|1628389|201609|202339|202355|203092|203114|203503|203507|204020,1626196|1628389|201609|202355|204020,202339|203092|203114|203503|203507,,,1610612748.0,21700821,True
4,PT04M23.00S,04:23,Q4 04:23,4.383333333333334,556,3pt,MISS Richardson 24' 3PT Jump Shot,[],Richardson,81,72,Missed,True,False,1626196.0,,substitution,rebound,,,,1626196|1628389|201609|202339|202355|203092|203114|203503|203507|204020,1626196|1628389|201609|202355|204020,202339|203092|203114|203503|203507,-230.0,60.0,1610612748.0,21700821,True
4,PT04M20.00S,04:20,Q4 04:20,4.333333333333333,557,rebound,Antetokounmpo REBOUND (Off:0 Def:11),[],Antetokounmpo,81,72,,False,False,203507.0,,3pt missed,3pt missed,,,,1626196|1628389|201609|202339|202355|203092|203114|203503|203507|204020,202339|203092|203114|203503|203507,1626196|1628389|201609|202355|204020,,,1610612749.0,21700821,True
4,PT04M15.00S,04:15,Q4 04:15,4.25,558,3pt,MISS Snell 27' 3PT Jump Shot,[],Snell,81,72,Missed,True,False,203503.0,,rebound,rebound,,,,1626196|1628389|201609|202339|202355|203092|203114|203503|203507|204020,202339|203092|203114|203503|203507,1626196|1628389|201609|202355|204020,82.0,257.0,1610612749.0,21700821,True
4,PT04M11.00S,04:11,Q4 04:11,4.183333333333334,559,rebound,T. Johnson REBOUND (Off:1 Def:5),[],Johnson,81,72,,False,False,204020.0,,3pt missed,2pt made,,,,1626196|1628389|201609|202339|202355|203092|203114|203503|203507|204020,1626196|1628389|201609|202355|204020,202339|203092|203114|203503|203507,,,1610612748.0,21700821,True
4,PT03M51.00S,03:51,Q4 03:51,3.85,560,2pt,Richardson 9' Turnaround Jump Shot (11 PTS),[],Richardson,83,72,Made,True,False,1626196.0,,rebound,timeout,,,,1626196|1628389|201609|202339|202355|203092|203114|203503|203507|204020,1626196|1628389|201609|202355|204020,202339|203092|203114|203503|203507,-87.0,8.0,1610612748.0,21700821,True
4,PT03M50.00S,03:50,Q4 03:50,3.8333333333333335,561,timeout,Bucks Timeout: Regular (Reg.6 Short 0),[],,83,72,,False,False,0.0,,2pt made,foul,,,,1626196|1628389|201609|202339|202355|203092|203114|203503|203507|204020,202339|203092|203114|203503|203507,1626196|1628389|201609|202355|204020,,,1610612749.0,21700821,True
4,PT03M45.00S,03:45,Q4 03:45,3.75,562,foul,T. Johnson P.FOUL (P3.T4) (T.Ford),[],Johnson,83,72,,False,False,204020.0,,timeout,foul,203507.0,,,1626196|1628389|201609|202339|202355|203092|203114|203503|203507|204020,1626196|1628389|201609|202355|204020,202339|203092|203114|203503|203507,,,1610612748.0,21700821,True
4,PT03M38.00S,03:38,Q4 03:38,3.6333333333333333,564,foul,T. Johnson P.FOUL (P4.PN) (B.Adams),['inpenalty'],Johnson,83,72,,False,False,204020.0,,foul,freethrow,203507.0,,,1626196|1628389|201609|202339|202355|203092|203114|203503|203507|204020,1626196|1628389|201609|202355|204020,202339|203092|203114|203503|203507,,,1610612748.0,21700821,True
4,PT03M38.00S,03:38,Q4 03:38,3.6333333333333333,566,freethrow,Antetokounmpo Free Throw 1 of 2 (17 PTS),[],Antetokounmpo,83,73,Made,False,False,203507.0,,foul,freethrow,,,,1626196|1628389|201609|202339|202355|203092|203114|203503|203507|204020,202339|203092|203114|203503|203507,1626196|1628389|201609|202355|204020,,,1610612749.0,21700821,True
4,PT03M38.00S,03:38,Q4 03:38,3.6333333333333333,567,freethrow,MISS Antetokounmpo Free Throw 2 of 2,[],Antetokounmpo,83,73,Missed,False,False,203507.0,,freethrow,rebound,,,,1626196|1628389|201609|202339|202355|203092|203114|203503|203507|204020,202339|203092|203114|203503|203507,1626196|1628389|201609|202355|204020,,,1610612749.0,21700821,True
4,PT03M35.00S,03:35,Q4 03:35,3.5833333333333335,568,rebound,Adebayo REBOUND (Off:1 Def:9),[],Adebayo,83,73,,False,False,1628389.0,,freethrow,foul,,,,1626196|1628389|201609|202339|202355|203092|203114|203503|203507|204020,1626196|1628389|201609|202355|204020,202339|203092|203114|203503|203507,,,1610612748.0,21700821,True
4,PT03M22.00S,03:22,Q4 03:22,3.3666666666666667,569,foul,Middleton P.FOUL (P2.T3) (T.Ford),[],Middleton,83,73,,False,False,203114.0,,rebound,timeout,1626196.0,,,1626196|1628389|201609|202339|202355|203092|203114|203503|203507|204020,202339|203092|203114|203503|203507,1626196|1628389|201609|202355|204020,,,1610612749.0,21700821,True
4,PT03M22.00S,03:22,Q4 03:22,3.3666666666666667,571,timeout,HEAT Timeout: Regular (Full 4 Short 0),[],,83,73,,False,False,0.0,,foul,2pt made,,,,1626196|1628389|201609|202339|202355|203092|203114|203503|203507|204020,1626196|1628389|201609|202355|204020,202339|203092|203114|203503|203507,,,1610612748.0,21700821,True
4,PT03M12.00S,03:12,Q4 03:12,3.2,572,2pt,Richardson 16' Pullup Jump Shot (13 PTS),[],Richardson,85,73,Made,True,False,1626196.0,,timeout,3pt missed,,,,1626196|1628389|201609|202339|202355|203092|203114|203503|203507|204020,1626196|1628389|201609|202355|204020,202339|203092|203114|203503|203507,-82.0,139.0,1610612748.0,21700821,True
4,PT02M55.00S,02:55,Q4 02:55,2.9166666666666665,573,3pt,MISS Antetokounmpo 26' 3PT Jump Shot,[],Antetokounmpo,85,73,Missed,True,False,203507.0,,2pt made,rebound,,,,1626196|1628389|201609|202339|202355|203092|203114|203503|203507|204020,202339|203092|203114|203503|203507,1626196|1628389|201609|202355|204020,1.0,258.0,1610612749.0,21700821,True
4,PT02M51.00S,02:51,Q4 02:51,2.85,574,rebound,Whiteside REBOUND (Off:7 Def:8),[],Whiteside,85,73,,False,False,202355.0,,3pt missed,3pt missed,,,,1626196|1628389|201609|202339|202355|203092|203114|203503|203507|204020,1626196|1628389|201609|202355|204020,202339|203092|203114|203503|203507,,,1610612748.0,21700821,True
4,PT02M41.00S,02:41,Q4 02:41,2.6833333333333336,575,3pt,MISS T. Johnson 3PT Jump Shot,[],Johnson,85,73,Missed,True,False,204020.0,,rebound,rebound,,,,1626196|1628389|201609|202339|202355|203092|203114|203503|203507|204020,1626196|1628389|201609|202355|204020,202339|203092|203114|203503|203507,-232.0,16.0,1610612748.0,21700821,True
4,PT02M40.00S,02:40,Q4 02:40,2.6666666666666665,576,rebound,Whiteside REBOUND (Off:8 Def:8),[],Whiteside,85,73,,False,False,202355.0,,3pt missed,2pt missed,,,,1626196|1628389|201609|202339|202355|203092|203114|203503|203507|204020,1626196|1628389|201609|202355|204020,202339|203092|203114|203503|203507,,,1610612748.0,21700821,True
4,PT02M37.00S,02:37,Q4 02:37,2.6166666666666667,614,2pt,MISS Whiteside 4' Jump Shot,['pointsinthepaint'],Whiteside,85,73,Missed,True,False,202355.0,,rebound,block,,,,1626196|1628389|201609|202339|202355|203092|203114|203503|203507|204020,1626196|1628389|201609|202355|204020,202339|203092|203114|203503|203507,-5.0,37.0,1610612748.0,21700821,True
4,PT02M37.00S,02:37,Q4 02:37,2.6166666666666667,614,block,Antetokounmpo BLOCK (2 BLK),[],Antetokounmpo,85,73,,False,False,203507.0,,2pt missed,rebound,,,203507.0,1626196|1628389|201609|202339|202355|203092|203114|203503|203507|204020,202339|203092|203114|203503|203507,1626196|1628389|201609|202355|204020,,,1610612749.0,21700821,True
4,PT02M36.00S,02:36,Q4 02:36,2.6,615,rebound,TEAM defensive REBOUND,['team'],,85,73,,False,False,0.0,,block,3pt missed,,,,1626196|1628389|201609|202339|202355|203092|203114|203503|203507|204020,202339|203092|203114|203503|203507,1626196|1628389|201609|202355|204020,,,1610612749.0,21700821,True
4,PT02M20.00S,02:20,Q4 02:20,2.3333333333333335,577,3pt,MISS Middleton 25' 3PT Jump Shot,[],Middleton,85,73,Missed,True,False,203114.0,,rebound,rebound,,,,1626196|1628389|201609|202339|202355|203092|203114|203503|203507|204020,202339|203092|203114|203503|203507,1626196|1628389|201609|202355|204020,141.0,206.0,1610612749.0,21700821,True
4,PT02M20.00S,02:20,Q4 02:20,2.3333333333333335,578,rebound,TEAM defensive REBOUND,['team'],,85,73,,False,False,0.0,,3pt missed,2pt missed,,,,1626196|1628389|201609|202339|202355|203092|203114|203503|203507|204020,1626196|1628389|201609|202355|204020,202339|203092|203114|203503|203507,,,1610612748.0,21700821,True
4,PT01M56.00S,01:56,Q4 01:56,1.9333333333333333,579,2pt,MISS Whiteside 7' Driving Hook Shot,['pointsinthepaint'],Whiteside,85,73,Missed,True,False,202355.0,,rebound,rebound,,,,1626196|1628389|201609|202339|202355|203092|203114|203503|203507|204020,1626196|1628389|201609|202355|204020,202339|203092|203114|203503|203507,16.0,64.0,1610612748.0,21700821,True
4,PT01M53.00S,01:53,Q4 01:53,1.8833333333333333,580,rebound,Snell REBOUND (Off:0 Def:2),[],Snell,85,73,,False,False,203503.0,,2pt missed,2pt made,,,,1626196|1628389|201609|202339|202355|203092|203114|203503|203507|204020,202339|203092|203114|203503|203507,1626196|1628389|201609|202355|204020,,,1610612749.0,21700821,True
4,PT01M50.00S,01:50,Q4 01:50,1.8333333333333335,583,2pt,Antetokounmpo 6' Running Layup (19 PTS),['pointsinthepaint'],Antetokounmpo,85,75,Made,True,False,203507.0,,rebound,foul,,,,1626196|1628389|201609|202339|202355|203092|203114|203503|203507|204020,202339|203092|203114|203503|203507,1626196|1628389|201609|202355|204020,27.0,48.0,1610612749.0,21700821,True
4,PT01M50.00S,01:50,Q4 01:50,1.8333333333333335,584,foul,Adebayo S.FOUL (P4.PN) (A.Smith),['inpenalty'],Adebayo,85,75,,False,False,1628389.0,,2pt made,freethrow,203507.0,,,1626196|1628389|201609|202339|202355|203092|203114|203503|203507|204020,1626196|1628389|201609|202355|204020,202339|203092|203114|203503|203507,,,1610612748.0,21700821,True
4,PT01M50.00S,01:50,Q4 01:50,1.8333333333333335,586,freethrow,Antetokounmpo Free Throw 1 of 1 (20 PTS),[],Antetokounmpo,85,76,Made,False,False,203507.0,,foul,turnover,,,,1626196|1628389|201609|202339|202355|203092|203114|203503|203507|204020,202339|203092|203114|203503|203507,1626196|1628389|201609|202355|204020,,,1610612749.0,21700821,True
4,PT01M31.00S,01:31,Q4 01:31,1.5166666666666666,587,turnover,T. Johnson Lost Ball Turnover (P2.T15),[],Johnson,85,76,,False,False,204020.0,,freethrow,steal,,,,1626196|1628389|201609|202339|202355|203092|203114|203503|203507|204020,1626196|1628389|201609|202355|204020,202339|203092|203114|203503|203507,,,1610612748.0,21700821,True
4,PT01M31.00S,01:31,Q4 01:31,1.5166666666666666,587,steal,Middleton STEAL (2 STL),[],Middleton,85,76,,False,False,203114.0,,turnover,2pt made,,203114.0,,1626196|1628389|201609|202339|202355|203092|203114|203503|203507|204020,202339|203092|203114|203503|203507,1626196|1628389|201609|202355|204020,,,1610612749.0,21700821,True
4,PT01M28.00S,01:28,Q4 01:28,1.4666666666666668,589,2pt,Middleton 1' Layup (13 PTS),['pointsinthepaint'],Middleton,85,78,Made,True,False,203114.0,,steal,instant replay,,,,1626196|1628389|201609|202339|202355|203092|203114|203503|203507|204020,202339|203092|203114|203503|203507,1626196|1628389|201609|202355|204020,12.0,6.0,1610612749.0,21700821,True
4,PT01M09.00S,01:09,Q4 01:09,1.15,597,substitution,SUB out: H. Whiteside,[],Whiteside,85,78,,False,False,202355.0,,instant replay,substitution,,,,1626196|1628389|201609|202339|203092|203114|203503|203507|204020,1626196|1628389|201609|204020,202339|203092|203114|203503|203507,,,1610612748.0,21700821,False
4,PT01M09.00S,01:09,Q4 01:09,1.15,598,substitution,SUB out: T. Johnson,[],Johnson,85,78,,False,False,204020.0,,substitution,substitution,,,,1626196|1628389|201609|202339|203092|203114|203503|203507,1626196|1628389|201609,202339|203092|203114|203503|203507,,,1610612748.0,21700821,False
4,PT01M09.00S,01:09,Q4 01:09,1.15,599,substitution,SUB in: W. Ellington,[],Ellington,85,78,,False,False,201961.0,,substitution,substitution,,,,1626196|1628389|201609|201961|202339|203092|203114|203503|203507,1626196|1628389|201609|201961,202339|203092|203114|203503|203507,,,1610612748.0,21700821,False
4,PT01M09.00S,01:09,Q4 01:09,1.15,600,substitution,SUB in: D. Wade,[],Wade,85,78,,False,False,2548.0,,substitution,2pt missed,,,,1626196|1628389|201609|201961|202339|203092|203114|203503|203507|2548,1626196|1628389|201609|201961|2548,202339|203092|203114|203503|203507,,,1610612748.0,21700821,True
4,PT01M03.00S,01:03,Q4 01:03,1.05,601,2pt,MISS Richardson 4' Reverse Layup,['pointsinthepaint'],Richardson,85,78,Missed,True,False,1626196.0,,substitution,rebound,,,,1626196|1628389|201609|201961|202339|203092|203114|203503|203507|2548,1626196|1628389|201609|201961|2548,202339|203092|203114|203503|203507,18.0,36.0,1610612748.0,21700821,True
4,PT01M00.00S,01:00,Q4 01:00,1.0,602,rebound,Zeller REBOUND (Off:1 Def:3),[],Zeller,85,78,,False,False,203092.0,,2pt missed,3pt made,,,,1626196|1628389|201609|201961|202339|203092|203114|203503|203507|2548,202339|203092|203114|203503|203507,1626196|1628389|201609|201961|2548,,,1610612749.0,21700821,True
4,PT00M53.70S,00:53,Q4 00:53,0.895,603,3pt,Bledsoe 25' 3PT Jump Shot (19 PTS),[],Bledsoe,85,81,Made,True,False,202339.0,,rebound,turnover,,,,1626196|1628389|201609|201961|202339|203092|203114|203503|203507|2548,202339|203092|203114|203503|203507,1626196|1628389|201609|201961|2548,106.0,222.0,1610612749.0,21700821,True
4,PT00M37.60S,00:37,Q4 00:37,0.6266666666666667,604,turnover,Richardson Lost Ball Turnover (P2.T16),[],Richardson,85,81,,False,False,1626196.0,,3pt made,steal,,,,1626196|1628389|201609|201961|202339|203092|203114|203503|203507|2548,1626196|1628389|201609|201961|2548,202339|203092|203114|203503|203507,,,1610612748.0,21700821,True
4,PT00M37.60S,00:37,Q4 00:37,0.6266666666666667,604,steal,Bledsoe STEAL (4 STL),[],Bledsoe,85,81,,False,False,202339.0,,turnover,2pt missed,,202339.0,,1626196|1628389|201609|201961|202339|203092|203114|203503|203507|2548,202339|203092|203114|203503|203507,1626196|1628389|201609|201961|2548,,,1610612749.0,21700821,True
4,PT00M31.70S,00:31,Q4 00:31,0.5283333333333333,606,2pt,MISS Bledsoe 3' Running Layup,['pointsinthepaint'],Bledsoe,85,81,Missed,True,False,202339.0,,steal,block,,,,1626196|1628389|201609|201961|202339|203092|203114|203503|203507|2548,202339|203092|203114|203503|203507,1626196|1628389|201609|201961|2548,-24.0,9.0,1610612749.0,21700821,True
4,PT00M31.70S,00:31,Q4 00:31,0.5283333333333333,606,block,Wade BLOCK (2 BLK),[],Wade,85,81,,False,False,2548.0,,2pt missed,rebound,,,2548.0,1626196|1628389|201609|201961|202339|203092|203114|203503|203507|2548,1626196|1628389|201609|201961|2548,202339|203092|203114|203503|203507,,,1610612748.0,21700821,True
4,PT00M31.50S,00:31,Q4 00:31,0.525,608,rebound,Dragic REBOUND (Off:0 Def:2),[],Dragic,85,81,,False,False,201609.0,,block,foul,,,,1626196|1628389|201609|201961|202339|203092|203114|203503|203507|2548,1626196|1628389|201609|201961|2548,202339|203092|203114|203503|203507,,,1610612748.0,21700821,True
4,PT00M31.50S,00:31,Q4 00:31,0.525,609,foul,Antetokounmpo P.FOUL (P3.T4) (T.Ford),[],Antetokounmpo,85,81,,False,False,203507.0,,rebound,3pt made,201961.0,,,1626196|1628389|201609|201961|202339|203092|203114|203503|203507|2548,202339|203092|203114|203503|203507,1626196|1628389|201609|201961|2548,,,1610612749.0,21700821,True
4,PT00M14.70S,00:14,Q4 00:14,0.245,611,3pt,Ellington 26' 3PT Jump Shot (11 PTS) (Adebayo 3 AST),[],Ellington,88,81,Made,True,True,201961.0,1628389.0,foul,timeout,,,,1626196|1628389|201609|201961|202339|203092|203114|203503|203507|2548,1626196|1628389|201609|201961|2548,202339|203092|203114|203503|203507,-1.0,260.0,1610612748.0,21700821,True
4,PT00M14.70S,00:14,Q4 00:14,0.245,613,timeout,Bucks Timeout: Regular (Reg.7 Short 0),[],,88,81,,False,False,0.0,,3pt made,substitution,,,,1626196|1628389|201609|201961|202339|203092|203114|203503|203507|2548,202339|203092|203114|203503|203507,1626196|1628389|201609|201961|2548,,,1610612749.0,21700821,True
4,PT00M14.70S,00:14,Q4 00:14,0.245,616,substitution,SUB out: G. Dragic,[],Dragic,88,81,,False,False,201609.0,,substitution,substitution,,,,1626196|1628389|201949|201961|202339|203092|203114|203503|203507|2548,1626196|1628389|201949|201961|2548,202339|203092|203114|203503|203507,,,1610612748.0,21700821,True
4,PT00M14.70S,00:14,Q4 00:14,0.245,617,substitution,SUB out: W. Ellington,[],Ellington,88,81,,False,False,201961.0,,substitution,substitution,,,,1626196|1628389|201949|202339|203092|203114|203503|203507|2548,1626196|1628389|201949|2548,202339|203092|203114|203503|203507,,,1610612748.0,21700821,False
4,PT00M14.70S,00:14,Q4 00:14,0.245,618,substitution,SUB in: T. Johnson,[],Johnson,88,81,,False,False,204020.0,,substitution,substitution,,,,1626196|1628389|201949|202339|203092|203114|203503|203507|204020|2548,1626196|1628389|201949|204020|2548,202339|203092|203114|203503|203507,,,1610612748.0,21700821,True
4,PT00M14.70S,00:14,Q4 00:14,0.245,619,substitution,SUB in: T. Johnson,[],Johnson,88,81,,False,False,204020.0,,substitution,2pt made,,,,1626196|1628389|201949|202339|203092|203114|203503|203507|204020|2548,1626196|1628389|201949|204020|2548,202339|203092|203114|203503|203507,,,1610612748.0,21700821,True
4,PT00M13.00S,00:13,Q4 00:13,0.21666666666666667,623,2pt,Antetokounmpo 2' Driving Layup (22 PTS),['pointsinthepaint'],Antetokounmpo,88,83,Made,True,False,203507.0,,substitution,foul,,,,1626196|1628389|201949|202339|203092|203114|203503|203507|204020|2548,202339|203092|203114|203503|203507,1626196|1628389|201949|204020|2548,-10.0,17.0,1610612749.0,21700821,True
4,PT00M13.00S,00:13,Q4 00:13,0.21666666666666667,624,foul,Wade S.FOUL (P3.PN) (T.Ford),['inpenalty'],Wade,88,83,,False,False,2548.0,,2pt made,freethrow,203507.0,,,1626196|1628389|201949|202339|203092|203114|203503|203507|204020|2548,1626196|1628389|201949|204020|2548,202339|203092|203114|203503|203507,,,1610612748.0,21700821,True
4,PT00M13.00S,00:13,Q4 00:13,0.21666666666666667,626,freethrow,Antetokounmpo Free Throw 1 of 1 (23 PTS),[],Antetokounmpo,88,84,Made,False,False,203507.0,,foul,foul,,,,1626196|1628389|201949|202339|203092|203114|203503|203507|204020|2548,202339|203092|203114|203503|203507,1626196|1628389|201949|204020|2548,,,1610612749.0,21700821,True
4,PT00M13.00S,00:13,Q4 00:13,0.21666666666666667,630,foul,Antetokounmpo AWAY.FROM.PLAY.FOUL (P4.PN) (B.Adams),['inpenalty'],Antetokounmpo,88,84,,False,False,203507.0,,freethrow,instant replay,1626196.0,,,1626196|1628389|201949|202339|203092|203114|203503|203507|204020|2548,202339|203092|203114|203503|203507,1626196|1628389|201949|204020|2548,,,1610612749.0,21700821,True
4,PT00M13.00S,00:13,Q4 00:13,0.21666666666666667,633,foul,Richardson T.FOUL (P3.PN) (B.Adams),['inpenalty'],Richardson,88,84,,False,False,1626196.0,,instant replay,freethrow,203114.0,,,1626196|1628389|201949|202339|203092|203114|203503|203507|204020|2548,1626196|1628389|201949|204020|2548,202339|203092|203114|203503|203507,,,1610612748.0,21700821,True
4,PT00M13.00S,00:13,Q4 00:13,0.21666666666666667,634,freethrow,Middleton Free Throw Technical (14 PTS),[],Middleton,88,85,Made,False,False,203114.0,,foul,freethrow,,,,1626196|1628389|201949|202339|203092|203114|203503|203507|204020|2548,202339|203092|203114|203503|203507,1626196|1628389|201949|204020|2548,,,1610612749.0,21700821,True
4,PT00M13.00S,00:13,Q4 00:13,0.21666666666666667,635,freethrow,Richardson Free Throw 1 of 1 (14 PTS),[],Richardson,89,85,Made,False,False,1626196.0,,freethrow,timeout,,,,1626196|1628389|201949|202339|203092|203114|203503|203507|204020|2548,1626196|1628389|201949|204020|2548,202339|203092|203114|203503|203507,,,1610612748.0,21700821,True
4,PT00M13.00S,00:13,Q4 00:13,0.21666666666666667,636,timeout,HEAT Timeout: Regular (Full 5 Short 0),[],,89,85,,False,False,0.0,,freethrow,substitution,,,,1626196|1628389|201949|202339|203092|203114|203503|203507|204020|2548,1626196|1628389|201949|204020|2548,202339|203092|203114|203503|203507,,,1610612748.0,21700821,True
4,PT00M13.00S,00:13,Q4 00:13,0.21666666666666667,638,substitution,SUB out: B. Adebayo,[],Adebayo,89,85,,False,False,1628389.0,,timeout,substitution,,,,1626196|201949|202339|203092|203114|203503|203507|204020|2548,1626196|201949|204020|2548,202339|203092|203114|203503|203507,,,1610612748.0,21700821,False
4,PT00M13.00S,00:13,Q4 00:13,0.21666666666666667,639,substitution,SUB out: T. Zeller,[],Zeller,89,85,,False,False,203092.0,,substitution,substitution,,,,1626196|201949|202339|203114|203503|203507|204020|2548,202339|203114|203503|203507,1626196|201949|204020|2548,,,1610612749.0,21700821,False
4,PT00M13.00S,00:13,Q4 00:13,0.21666666666666667,640,substitution,SUB in: W. Ellington,[],Ellington,89,85,,False,False,201961.0,,substitution,substitution,,,,1626196|201949|201961|202339|203114|203503|203507|204020|2548,1626196|201949|201961|204020|2548,202339|203114|203503|203507,,,1610612748.0,21700821,False
4,PT00M13.00S,00:13,Q4 00:13,0.21666666666666667,641,substitution,SUB in: S. Brown,[],Brown,89,85,,False,False,1628425.0,,substitution,foul,,,,1626196|1628425|201949|201961|202339|203114|203503|203507|204020|2548,1628425|202339|203114|203503|203507,1626196|201949|201961|204020|2548,,,1610612749.0,21700821,True
4,PT00M11.50S,00:11,Q4 00:11,0.19166666666666668,642,foul,Middleton P.FOUL (P3.PN) (T.Ford),['inpenalty'],Middleton,89,85,,False,False,203114.0,,substitution,freethrow,1626196.0,,,1626196|1628425|201949|201961|202339|203114|203503|203507|204020|2548,1628425|202339|203114|203503|203507,1626196|201949|201961|204020|2548,,,1610612749.0,21700821,True
4,PT00M11.50S,00:11,Q4 00:11,0.19166666666666668,644,freethrow,Richardson Free Throw 1 of 2 (15 PTS),[],Richardson,90,85,Made,False,False,1626196.0,,foul,freethrow,,,,1626196|1628425|201949|201961|202339|203114|203503|203507|204020|2548,1626196|201949|201961|204020|2548,1628425|202339|203114|203503|203507,,,1610612748.0,21700821,True
4,PT00M11.50S,00:11,Q4 00:11,0.19166666666666668,649,freethrow,Richardson Free Throw 2 of 2 (16 PTS),[],Richardson,91,85,Made,False,False,1626196.0,,freethrow,substitution,,,,1626196|1628425|201949|201961|202339|203114|203503|203507|204020|2548,1626196|201949|201961|204020|2548,1628425|202339|203114|203503|203507,,,1610612748.0,21700821,True
4,PT00M11.50S,00:11,Q4 00:11,0.19166666666666668,645,substitution,SUB out: W. Ellington,[],Ellington,90,85,,False,False,201961.0,,freethrow,substitution,,,,1626196|1628425|201949|202339|203114|203503|203507|204020|2548,1626196|201949|204020|2548,1628425|202339|203114|203503|203507,,,1610612748.0,21700821,False
4,PT00M11.50S,00:11,Q4 00:11,0.19166666666666668,646,substitution,SUB out: S. Brown,[],Brown,90,85,,False,False,1628425.0,,substitution,substitution,,,,1626196|201949|202339|203114|203503|203507|204020|2548,202339|203114|203503|203507,1626196|201949|204020|2548,,,1610612749.0,21700821,False
4,PT00M11.50S,00:11,Q4 00:11,0.19166666666666668,647,substitution,SUB in: B. Adebayo,[],Adebayo,90,85,,False,False,1628389.0,,substitution,substitution,,,,1626196|1628389|201949|202339|203114|203503|203507|204020|2548,1626196|1628389|201949|204020|2548,202339|203114|203503|203507,,,1610612748.0,21700821,False
4,PT00M11.50S,00:11,Q4 00:11,0.19166666666666668,648,substitution,SUB in: T. Zeller,[],Zeller,90,85,,False,False,203092.0,,substitution,3pt missed,,,,1626196|1628389|201949|202339|203092|203114|203503|203507|204020|2548,202339|203092|203114|203503|203507,1626196|1628389|201949|204020|2548,,,1610612749.0,21700821,True
4,PT00M04.70S,00:04,Q4 00:04,0.07833333333333334,650,3pt,MISS Antetokounmpo 25' 3PT Jump Shot,[],Antetokounmpo,91,85,Missed,True,False,203507.0,,substitution,rebound,,,,1626196|1628389|201949|202339|203092|203114|203503|203507|204020|2548,202339|203092|203114|203503|203507,1626196|1628389|201949|204020|2548,-214.0,137.0,1610612749.0,21700821,True
4,PT00M02.20S,00:02,Q4 00:02,0.03666666666666667,651,rebound,Wade REBOUND (Off:0 Def:2),[],Wade,91,85,,False,False,2548.0,,3pt missed,period,,,,1626196|1628389|201949|202339|203092|203114|203503|203507|204020|2548,1626196|1628389|201949|204020|2548,202339|203092|203114|203503|203507,,,1610612748.0,21700821,True
4,PT00M00.00S,00:00,Q4 00:00,0.0,652,period,End of 4th Period (10:32 PM EST),[],,91,85,,False,False,0.0,,rebound,,,,,1626196|1628389|201949|202339|203092|203114|203503|203507|204020|2548,1626196|1628389|201949|204020|2548,202339|203092|203114|203503|203507,,,1610612748.0,21700821,True
