period,clock,clock_display,game_clock,minutes_left_in_game,actionNumber,actionType,description,qualifier,playerName,scoreHome,scoreAway,shotResult,isFieldGoal,assisted,person_id,assister_id,previous_action,next_action,foulDrawnPersonId,stealPersonId,blockPersonId,players_on,off_players_on,def_players_on,xLegacy,yLegacy,teamId,game_id,poc_ok
1,PT12M00.00S,12:00,Q1 12:00,48.0,2,period,Start of 1st Period (8:04 PM EST),[],,0,0,,False,False,0.0,,,2pt made,,,,1627759|1628369|201143|201565|201567|202330|202681|203109|2544|2548,201565|201567|203109|2544|2548,1627759|1628369|201143|202330|202681,,,1610612739.0,21700001,True
1,PT11M44.00S,11:44,Q1 11:44,47.733333333333334,7,2pt,Irving 10' Driving Floating Jump Shot (2 PTS) (Horford 1 AST),['pointsinthepaint'],Irving,0,2,Made,True,True,202681.0,201143.0,period,2pt missed,,,,1627759|1628369|201143|201565|201567|202330|202681|203109|2544|2548,1627759|1628369|201143|202330|202681,201565|201567|203109|2544|2548,-1.0,100.0,1610612738.0,21700001,True
1,PT11M27.00S,11:27,Q1 11:27,47.45,9,2pt,MISS Rose 2' Layup,['pointsinthepaint'],Rose,0,2,Missed,True,False,201565.0,,2pt made,block,,,,1627759|1628369|201143|201565|201567|202330|202681|203109|2544|2548,201565|201567|203109|2544|2548,1627759|1628369|201143|202330|202681,-18.0,4.0,1610612739.0,21700001,True
1,PT11M27.00S,11:27,Q1 11:27,47.45,9,block,Horford BLOCK (1 BLK),[],Horford,0,2,,False,False,201143.0,,2pt missed,rebound,,,201143.0,1627759|1628369|201143|201565|201567|202330|202681|203109|2544|2548,1627759|1628369|201143|202330|202681,201565|201567|203109|2544|2548,,,1610612738.0,21700001,True
1,PT11M23.00S,11:23,Q1 11:23,47.38333333333333,11,rebound,Horford REBOUND (Off:0 Def:1),[],Horford,0,2,,False,False,201143.0,,block,3pt missed,,,,1627759|1628369|201143|201565|201567|202330|202681|203109|2544|2548,1627759|1628369|201143|202330|202681,201565|201567|203109|2544|2548,,,1610612738.0,21700001,True
1,PT11M21.00S,11:21,Q1 11:21,47.35,12,3pt,MISS Hayward 25' 3PT Jump Shot,[],Hayward,0,2,Missed,True,False,202330.0,,rebound,rebound,,,,1627759|1628369|201143|201565|201567|202330|202681|203109|2544|2548,1627759|1628369|201143|202330|202681,201565|201567|203109|2544|2548,-214.0,138.0,1610612738.0,21700001,True
1,PT11M18.00S,11:18,Q1 11:18,47.3,13,rebound,Rose REBOUND (Off:0 Def:1),[],Rose,0,2,,False,False,201565.0,,3pt missed,2pt missed,,,,1627759|1628369|201143|201565|201567|202330|202681|203109|2544|2548,201565|201567|203109|2544|2548,1627759|1628369|201143|202330|202681,,,1610612739.0,21700001,True
1,PT11M02.00S,11:02,Q1 11:02,47.03333333333333,14,2pt,MISS Love 16' Jump Shot,[],Love,0,2,Missed,True,False,201567.0,,rebound,rebound,,,,1627759|1628369|201143|201565|201567|202330|202681|203109|2544|2548,201565|201567|203109|2544|2548,1627759|1628369|201143|202330|202681,-131.0,83.0,1610612739.0,21700001,True
1,PT10M59.00S,10:59,Q1 10:59,46.983333333333334,15,rebound,Brown REBOUND (Off:0 Def:1),[],Brown,0,2,,False,False,1627759.0,,2pt missed,2pt missed,,,,1627759|1628369|201143|201565|201567|202330|202681|203109|2544|2548,1627759|1628369|201143|202330|202681,201565|201567|203109|2544|2548,,,1610612738.0,21700001,True
1,PT10M51.00S,10:51,Q1 10:51,46.85,16,2pt,MISS Tatum 3' Cutting Layup Shot,['pointsinthepaint'],Tatum,0,2,Missed,True,False,1628369.0,,rebound,block,,,,1627759|1628369|201143|201565|201567|202330|202681|203109|2544|2548,1627759|1628369|201143|202330|202681,201565|201567|203109|2544|2548,10.0,23.0,1610612738.0,21700001,True
1,PT10M51.00S,10:51,Q1 10:51,46.85,16,block,James BLOCK (1 BLK),[],James,0,2,,False,False,2544.0,,2pt missed,rebound,,,2544.0,1627759|1628369|201143|201565|201567|202330|202681|203109|2544|2548,201565|201567|203109|2544|2548,1627759|1628369|201143|202330|202681,,,1610612739.0,21700001,True
1,PT10M51.00S,10:51,Q1 10:51,46.85,18,rebound,TEAM offensive REBOUND,['team'],,0,2,,False,False,0.0,,block,2pt made,,,,1627759|1628369|201143|201565|201567|202330|202681|203109|2544|2548,1627759|1628369|201143|202330|202681,201565|201567|203109|2544|2548,,,1610612738.0,21700001,True
1,PT10M48.00S,10:48,Q1 10:48,46.8,20,2pt,Horford 20' Jump Shot (2 PTS) (Irving 1 AST),['2ndchance'],Horford,0,4,Made,True,True,201143.0,202681.0,rebound,foul,,,,1627759|1628369|201143|201565|201567|202330|202681|203109|2544|2548,1627759|1628369|201143|202330|202681,201565|201567|203109|2544|2548,47.0,190.0,1610612738.0,21700001,True
1,PT10M32.00S,10:32,Q1 10:32,46.53333333333333,22,foul,Celtics T.Foul (Def. 3 Sec Tatum ) (B.Forte),[],Tatum,0,4,,False,False,1628369.0,,2pt made,freethrow,201567.0,,,1627759|1628369|201143|201565|201567|202330|202681|203109|2544|2548,1627759|1628369|201143|202330|202681,201565|201567|203109|2544|2548,,,1610612738.0,21700001,True
1,PT10M32.00S,10:32,Q1 10:32,46.53333333333333,23,freethrow,Love Free Throw Technical (1 PTS),[],Love,1,4,Made,False,False,201567.0,,foul,2pt made,,,,1627759|1628369|201143|201565|201567|202330|202681|203109|2544|2548,201565|201567|203109|2544|2548,1627759|1628369|201143|202330|202681,,,1610612739.0,21700001,True
1,PT10M21.00S,10:21,Q1 10:21,46.35,24,2pt,Crowder 22' Jump Shot (2 PTS) (Wade 1 AST),[],Crowder,3,4,Made,True,True,203109.0,2548.0,freethrow,turnover,,,,1627759|1628369|201143|201565|201567|202330|202681|203109|2544|2548,201565|201567|203109|2544|2548,1627759|1628369|201143|202330|202681,217.0,56.0,1610612739.0,21700001,True
1,PT10M05.00S,10:05,Q1 10:05,46.083333333333336,26,turnover,Brown Palming Turnover (P1.T1),[],Brown,3,4,,False,False,1627759.0,,2pt made,foul,,,,1627759|1628369|201143|201565|201567|202330|202681|203109|2544|2548,1627759|1628369|201143|202330|202681,201565|201567|203109|2544|2548,,,1610612738.0,21700001,True
1,PT09M56.00S,09:56,Q1 09:56,45.93333333333334,27,foul,Tatum P.FOUL (P1.T1) (M.McCutchen),[],Tatum,3,4,,False,False,1628369.0,,turnover,2pt made,2548.0,,,1627759|1628369|201143|201565|201567|202330|202681|203109|2544|2548,1627759|1628369|201143|202330|202681,201565|201567|203109|2544|2548,,,1610612738.0,21700001,True
1,PT09M49.00S,09:49,Q1 09:49,45.81666666666666,29,2pt,Wade 12' Turnaround Fadeaway (2 PTS) (James 1 AST),[],Wade,5,4,Made,True,True,2548.0,2544.0,foul,2pt missed,,,,1627759|1628369|201143|201565|201567|202330|202681|203109|2544|2548,201565|201567|203109|2544|2548,1627759|1628369|201143|202330|202681,-117.0,35.0,1610612739.0,21700001,True
1,PT09M33.00S,09:33,Q1 09:33,45.55,31,2pt,MISS Brown 1' Driving Dunk,['pointsinthepaint'],Brown,5,4,Missed,True,False,1627759.0,,2pt made,rebound,,,,1627759|1628369|201143|201565|201567|202330|202681|203109|2544|2548,1627759|1628369|201143|202330|202681,201565|201567|203109|2544|2548,-11.0,6.0,1610612738.0,21700001,True
1,PT09M31.00S,09:31,Q1 09:31,45.516666666666666,32,rebound,James REBOUND (Off:0 Def:1),[],James,5,4,,False,False,2544.0,,2pt missed,2pt made,,,,1627759|1628369|201143|201565|201567|202330|202681|203109|2544|2548,201565|201567|203109|2544|2548,1627759|1628369|201143|202330|202681,,,1610612739.0,21700001,True
1,PT09M29.00S,09:29,Q1 09:29,45.483333333333334,33,2pt,Rose 1' Running Layup (2 PTS) (James 2 AST),['pointsinthepaint'],Rose,7,4,Made,True,True,201565.0,2544.0,rebound,foul,,,,1627759|1628369|201143|201565|201567|202330|202681|203109|2544|2548,201565|201567|203109|2544|2548,1627759|1628369|201143|202330|202681,-5.0,11.0,1610612739.0,21700001,True
1,PT09M22.00S,09:22,Q1 09:22,45.36666666666667,35,foul,Love P.FOUL (P1.T1) (M.McCutchen),[],Love,7,4,,False,False,201567.0,,2pt made,2pt made,202330.0,,,1627759|1628369|201143|201565|201567|202330|202681|203109|2544|2548,201565|201567|203109|2544|2548,1627759|1628369|201143|202330|202681,,,1610612739.0,21700001,True
1,PT09M14.00S,09:14,Q1 09:14,45.233333333333334,37,2pt,Hayward 9' Fadeaway Jumper (2 PTS) (Horford 2 AST),['pointsinthepaint'],Hayward,7,6,Made,True,True,202330.0,201143.0,foul,3pt missed,,,,1627759|1628369|201143|201565|201567|202330|202681|203109|2544|2548,1627759|1628369|201143|202330|202681,201565|201567|203109|2544|2548,-9.0,91.0,1610612738.0,21700001,True
1,PT08M52.00S,08:52,Q1 08:52,44.86666666666667,39,3pt,MISS Rose 26' 3PT Jump Shot,[],Rose,7,6,Missed,True,False,201565.0,,2pt made,rebound,,,,1627759|1628369|201143|201565|201567|202330|202681|203109|2544|2548,201565|201567|203109|2544|2548,1627759|1628369|201143|202330|202681,96.0,245.0,1610612739.0,21700001,True
1,PT08M49.00S,08:49,Q1 08:49,44.81666666666666,40,rebound,Crowder REBOUND (Off:1 Def:0),[],Crowder,7,6,,False,False,203109.0,,3pt missed,foul,,,,1627759|1628369|201143|201565|201567|202330|202681|203109|2544|2548,201565|201567|203109|2544|2548,1627759|1628369|201143|202330|202681,,,1610612739.0,21700001,True
1,PT08M49.00S,08:49,Q1 08:49,44.81666666666666,41,foul,Hayward S.FOUL (P1.T2) (B.Forte),[],Hayward,7,6,,False,False,202330.0,,rebound,freethrow,203109.0,,,1627759|1628369|201143|201565|201567|202330|202681|203109|2544|2548,1627759|1628369|201143|202330|202681,201565|201567|203109|2544|2548,,,1610612738.0,21700001,True
1,PT08M49.00S,08:49,Q1 08:49,44.81666666666666,43,freethrow,Crowder Free Throw 1 of 2 (3 PTS),[],Crowder,8,6,Made,False,False,203109.0,,foul,freethrow,,,,1627759|1628369|201143|201565|201567|202330|202681|203109|2544|2548,201565|201567|203109|2544|2548,1627759|1628369|201143|202330|202681,,,1610612739.0,21700001,True
1,PT08M49.00S,08:49,Q1 08:49,44.81666666666666,44,freethrow,Crowder Free Throw 2 of 2 (4 PTS),[],Crowder,9,6,Made,False,False,203109.0,,freethrow,2pt missed,,,,1627759|1628369|201143|201565|201567|202330|202681|203109|2544|2548,201565|201567|203109|2544|2548,1627759|1628369|201143|202330|202681,,,1610612739.0,21700001,True
1,PT08M34.00S,08:34,Q1 08:34,44.56666666666666,45,2pt,MISS Irving 3' Driving Layup,['pointsinthepaint'],Irving,9,6,Missed,True,False,202681.0,,freethrow,rebound,,,,1627759|1628369|201143|201565|201567|202330|202681|203109|2544|2548,1627759|1628369|201143|202330|202681,201565|201567|203109|2544|2548,-7.0,31.0,1610612738.0,21700001,True
1,PT08M33.00S,08:33,Q1 08:33,44.55,46,rebound,Love REBOUND (Off:0 Def:1),[],Love,9,6,,False,False,201567.0,,2pt missed,2pt missed,,,,1627759|1628369|201143|201565|201567|202330|202681|203109|2544|2548,201565|201567|203109|2544|2548,1627759|1628369|201143|202330|202681,,,1610612739.0,21700001,True
1,PT08M21.00S,08:21,Q1 08:21,44.35,48,2pt,MISS Wade 15' Fadeaway Jumper,[],Wade,9,6,Missed,True,False,2548.0,,rebound,rebound,,,,1627759|1628369|201143|201565|201567|202330|202681|203109|2544|2548,201565|201567|203109|2544|2548,1627759|1628369|201143|202330|202681,148.0,15.0,1610612739.0,21700001,True
1,PT08M18.00S,08:18,Q1 08:18,44.3,49,rebound,Horford REBOUND (Off:0 Def:2),[],Horford,9,6,,False,False,201143.0,,2pt missed,2pt made,,,,1627759|1628369|201143|201565|201567|202330|202681|203109|2544|2548,1627759|1628369|201143|202330|202681,201565|201567|203109|2544|2548,,,1610612738.0,21700001,True
1,PT08M02.00S,08:02,Q1 08:02,44.03333333333333,50,2pt,Irving 16' Step Back Jump Shot (4 PTS),[],Irving,9,8,Made,True,False,202681.0,,rebound,turnover,,,,1627759|1628369|201143|201565|201567|202330|202681|203109|2544|2548,1627759|1628369|201143|202330|202681,201565|201567|203109|2544|2548,109.0,121.0,1610612738.0,21700001,True
1,PT07M49.00S,07:49,Q1 07:49,43.81666666666666,51,turnover,Rose Lost Ball Turnover (P1.T1),[],Rose,9,8,,False,False,201565.0,,2pt made,steal,,,,1627759|1628369|201143|201565|201567|202330|202681|203109|2544|2548,201565|201567|203109|2544|2548,1627759|1628369|201143|202330|202681,,,1610612739.0,21700001,True
1,PT07M49.00S,07:49,Q1 07:49,43.81666666666666,51,steal,Irving STEAL (1 STL),[],Irving,9,8,,False,False,202681.0,,turnover,2pt made,,202681.0,,1627759|1628369|201143|201565|201567|202330|202681|203109|2544|2548,1627759|1628369|201143|202330|202681,201565|201567|203109|2544|2548,,,1610612738.0,21700001,True
1,PT07M42.00S,07:42,Q1 07:42,43.7,53,2pt,Brown 2' Running Dunk (2 PTS) (Tatum 1 AST),['pointsinthepaint'],Brown,9,10,Made,True,True,1627759.0,1628369.0,steal,3pt missed,,,,1627759|1628369|201143|201565|201567|202330|202681|203109|2544|2548,1627759|1628369|201143|202330|202681,201565|201567|203109|2544|2548,2.0,16.0,1610612738.0,21700001,True
1,PT07M28.00S,07:28,Q1 07:28,43.46666666666667,55,3pt,MISS Crowder 26' 3PT Jump Shot,[],Crowder,9,10,Missed,True,False,203109.0,,2pt made,rebound,,,,1627759|1628369|201143|201565|201567|202330|202681|203109|2544|2548,201565|201567|203109|2544|2548,1627759|1628369|201143|202330|202681,-53.0,258.0,1610612739.0,21700001,True
1,PT07M28.00S,07:28,Q1 07:28,43.46666666666667,56,rebound,Hayward REBOUND (Off:0 Def:1),[],Hayward,9,10,,False,False,202330.0,,3pt missed,foul,,,,1627759|1628369|201143|201565|201567|202330|202681|203109|2544|2548,1627759|1628369|201143|202330|202681,201565|201567|203109|2544|2548,,,1610612738.0,21700001,True
1,PT07M22.00S,07:22,Q1 07:22,43.36666666666667,57,foul,Love P.FOUL (P2.T2) (M.Smith),[],Love,9,10,,False,False,201567.0,,rebound,substitution,201143.0,,,1627759|1628369|201143|201565|201567|202330|202681|203109|2544|2548,201565|201567|203109|2544|2548,1627759|1628369|201143|202330|202681,,,1610612739.0,21700001,True
1,PT07M22.00S,07:22,Q1 07:22,43.36666666666667,60,substitution,SUB out: K. Love,[],Love,9,10,,False,False,201567.0,,foul,substitution,,,,1627759|1628369|201143|201565|202330|202681|203109|2544|2548,201565|203109|2544|2548,1627759|1628369|201143|202330|202681,,,1610612739.0,21700001,False
1,PT07M22.00S,07:22,Q1 07:22,43.36666666666667,61,substitution,SUB in: T. Thompson,[],Thompson,9,10,,False,False,202684.0,,substitution,3pt missed,,,,1627759|1628369|201143|201565|202330|202681|202684|203109|2544|2548,201565|202684|203109|2544|2548,1627759|1628369|201143|202330|202681,,,1610612739.0,21700001,True
1,PT07M15.00S,07:15,Q1 07:15,43.25,62,3pt,MISS Horford 25' 3PT Jump Shot,[],Horford,9,10,Missed,True,False,201143.0,,substitution,rebound,,,,1627759|1628369|201143|201565|202330|202681|202684|203109|2544|2548,1627759|1628369|201143|202330|202681,201565|202684|203109|2544|2548,117.0,222.0,1610612738.0,21700001,True
1,PT07M11.00S,07:11,Q1 07:11,43.18333333333334,63,rebound,Irving REBOUND (Off:1 Def:0),[],Irving,9,10,,False,False,202681.0,,3pt missed,3pt missed,,,,1627759|1628369|201143|201565|202330|202681|202684|203109|2544|2548,1627759|1628369|201143|202330|202681,201565|202684|203109|2544|2548,,,1610612738.0,21700001,True
1,PT07M09.00S,07:09,Q1 07:09,43.15,64,3pt,MISS Brown 26' 3PT Jump Shot,[],Brown,9,10,Missed,True,False,1627759.0,,rebound,rebound,,,,1627759|1628369|201143|201565|202330|202681|202684|203109|2544|2548,1627759|1628369|201143|202330|202681,201565|202684|203109|2544|2548,-218.0,141.0,1610612738.0,21700001,True
1,PT07M06.00S,07:06,Q1 07:06,43.1,65,rebound,James REBOUND (Off:0 Def:2),[],James,9,10,,False,False,2544.0,,3pt missed,turnover,,,,1627759|1628369|201143|201565|202330|202681|202684|203109|2544|2548,201565|202684|203109|2544|2548,1627759|1628369|201143|202330|202681,,,1610612739.0,21700001,True
1,PT06M59.00S,06:59,Q1 06:59,42.983333333333334,66,turnover,Wade Traveling Turnover (P1.T2),[],Wade,9,10,,False,False,2548.0,,rebound,timeout,,,,1627759|1628369|201143|201565|202330|202681|202684|203109|2544|2548,201565|202684|203109|2544|2548,1627759|1628369|201143|202330|202681,,,1610612739.0,21700001,True
1,PT06M59.00S,06:59,Q1 06:59,42.983333333333334,67,timeout,CAVALIERS Timeout: Regular (Full 1 Short 0),[],,9,10,,False,False,0.0,,turnover,2pt made,,,,1627759|1628369|201143|201565|202330|202681|202684|203109|2544|2548,201565|202684|203109|2544|2548,1627759|1628369|201143|202330|202681,,,1610612739.0,21700001,True
1,PT06M45.00S,06:45,Q1 06:45,42.75,68,2pt,Brown 1' Layup (4 PTS),['pointsinthepaint'],Brown,9,12,Made,True,False,1627759.0,,timeout,substitution,,,,1627759|1628369|201143|201565|202330|202681|202684|203109|2544|2548,1627759|1628369|201143|202330|202681,201565|202684|203109|2544|2548,-5.0,13.0,1610612738.0,21700001,True
1,PT06M45.00S,06:45,Q1 06:45,42.75,71,substitution,SUB out: G. Hayward,[],Hayward,9,12,,False,False,202330.0,,2pt made,substitution,,,,1627759|1628369|201143|201565|202681|202684|203109|2544|2548,1627759|1628369|201143|202681,201565|202684|203109|2544|2548,,,1610612738.0,21700001,False
1,PT06M45.00S,06:45,Q1 06:45,42.75,72,substitution,SUB in: M. Smart,[],Smart,9,12,,False,False,203935.0,,substitution,2pt missed,,,,1627759|1628369|201143|201565|202681|202684|203109|203935|2544|2548,1627759|1628369|201143|202681|203935,201565|202684|203109|2544|2548,,,1610612738.0,21700001,True
1,PT06M26.00S,06:26,Q1 06:26,42.43333333333334,72,2pt,MISS James 17' Turnaround Fadeaway Shot,[],James,9,12,Missed,True,False,2544.0,,substitution,rebound,,,,1627759|1628369|201143|201565|202681|202684|203109|203935|2544|2548,201565|202684|203109|2544|2548,1627759|1628369|201143|202681|203935,92.0,143.0,1610612739.0,21700001,True
1,PT06M23.00S,06:23,Q1 06:23,42.38333333333333,73,rebound,Horford REBOUND (Off:0 Def:3),[],Horford,9,12,,False,False,201143.0,,2pt missed,turnover,,,,1627759|1628369|201143|201565|202681|202684|203109|203935|2544|2548,1627759|1628369|201143|202681|203935,201565|202684|203109|2544|2548,,,1610612738.0,21700001,True
1,PT06M10.00S,06:10,Q1 06:10,42.166666666666664,74,turnover,Brown Step Out of Bounds Turnover (P2.T2),[],Brown,9,12,,False,False,1627759.0,,rebound,substitution,,,,1627759|1628369|201143|201565|202681|202684|203109|203935|2544|2548,1627759|1628369|201143|202681|203935,201565|202684|203109|2544|2548,,,1610612738.0,21700001,True
1,PT06M10.00S,06:10,Q1 06:10,42.166666666666664,76,substitution,SUB out: D. Wade,[],Wade,9,12,,False,False,2548.0,,turnover,substitution,,,,1627759|1628369|201143|201565|202681|202684|203109|203935|2544,201565|202684|203109|2544,1627759|1628369|201143|202681|203935,,,1610612739.0,21700001,False
1,PT06M10.00S,06:10,Q1 06:10,42.166666666666664,77,substitution,SUB in: J. Smith,[],Smith,9,12,,False,False,2747.0,,substitution,2pt missed,,,,1627759|1628369|201143|201565|202681|202684|203109|203935|2544|2747,201565|202684|203109|2544|2747,1627759|1628369|201143|202681|203935,,,1610612739.0,21700001,True
1,PT05M59.00S,05:59,Q1 05:59,41.983333333333334,78,2pt,MISS Rose 19' Jump Shot,[],Rose,9,12,Missed,True,False,201565.0,,substitution,rebound,,,,1627759|1628369|201143|201565|202681|202684|203109|203935|2544|2747,201565|202684|203109|2544|2747,1627759|1628369|201143|202681|203935,112.0,150.0,1610612739.0,21700001,True
1,PT05M54.00S,05:54,Q1 05:54,41.9,79,rebound,Smart REBOUND (Off:0 Def:1),[],Smart,9,12,,False,False,203935.0,,2pt missed,2pt missed,,,,1627759|1628369|201143|201565|202681|202684|203109|203935|2544|2747,1627759|1628369|201143|202681|203935,201565|202684|203109|2544|2747,,,1610612738.0,21700001,True
1,PT05M52.00S,05:52,Q1 05:52,41.86666666666667,80,2pt,MISS Smart 4' Pullup Jump Shot,['pointsinthepaint'],Smart,9,12,Missed,True,False,203935.0,,rebound,rebound,,,,1627759|1628369|201143|201565|202681|202684|203109|203935|2544|2747,1627759|1628369|201143|202681|203935,201565|202684|203109|2544|2747,-6.0,44.0,1610612738.0,21700001,True
1,PT05M49.00S,05:49,Q1 05:49,41.81666666666666,81,rebound,James REBOUND (Off:0 Def:3),[],James,9,12,,False,False,2544.0,,2pt missed,2pt made,,,,1627759|1628369|201143|201565|202681|202684|203109|203935|2544|2747,201565|202684|203109|2544|2747,1627759|1628369|201143|202681|203935,,,1610612739.0,21700001,True
1,PT05M44.00S,05:44,Q1 05:44,41.733333333333334,82,2pt,James 22' Jump Shot (2 PTS),[],James,11,12,Made,True,False,2544.0,,rebound,2pt made,,,,1627759|1628369|201143|201565|202681|202684|203109|203935|2544|2747,201565|202684|203109|2544|2747,1627759|1628369|201143|202681|203935,-145.0,162.0,1610612739.0,21700001,True
1,PT05M31.00S,05:31,Q1 05:31,41.516666666666666,83,2pt,Irving 16' Pullup Jump Shot (6 PTS),[],Irving,11,14,Made,True,False,202681.0,,2pt made,2pt made,,,,1627759|1628369|201143|201565|202681|202684|203109|203935|2544|2747,1627759|1628369|201143|202681|203935,201565|202684|203109|2544|2747,65.0,142.0,1610612738.0,21700001,True
1,PT05M08.00S,05:08,Q1 05:08,41.13333333333333,84,2pt,Rose 1' Driving Layup (4 PTS),['pointsinthepaint'],Rose,13,14,Made,True,False,201565.0,,2pt made,3pt missed,,,,1627759|1628369|201143|201565|202681|202684|203109|203935|2544|2747,201565|202684|203109|2544|2747,1627759|1628369|201143|202681|203935,8.0,6.0,1610612739.0,21700001,True
1,PT04M56.00S,04:56,Q1 04:56,40.93333333333334,86,3pt,MISS Irving 25' 3PT Jump Shot,[],Irving,13,14,Missed,True,False,202681.0,,2pt made,rebound,,,,1627759|1628369|201143|201565|202681|202684|203109|203935|2544|2747,1627759|1628369|201143|202681|203935,201565|202684|203109|2544|2747,64.0,237.0,1610612738.0,21700001,True
1,PT04M52.00S,04:52,Q1 04:52,40.86666666666667,87,rebound,Rose REBOUND (Off:0 Def:2),[],Rose,13,14,,False,False,201565.0,,3pt missed,3pt missed,,,,1627759|1628369|201143|201565|202681|202684|203109|203935|2544|2747,201565|202684|203109|2544|2747,1627759|1628369|201143|202681|203935,,,1610612739.0,21700001,True
1,PT04M47.00S,04:47,Q1 04:47,40.78333333333333,88,3pt,MISS Smith 25' 3PT Jump Shot,[],Smith,13,14,Missed,True,False,2747.0,,rebound,rebound,,,,1627759|1628369|201143|201565|202681|202684|203109|203935|2544|2747,201565|202684|203109|2544|2747,1627759|1628369|201143|202681|203935,-70.0,243.0,1610612739.0,21700001,True
1,PT04M43.00S,04:43,Q1 04:43,40.71666666666667,89,rebound,Smart REBOUND (Off:0 Def:2),[],Smart,13,14,,False,False,203935.0,,3pt missed,2pt missed,,,,1627759|1628369|201143|201565|202681|202684|203109|203935|2544|2747,1627759|1628369|201143|202681|203935,201565|202684|203109|2544|2747,,,1610612738.0,21700001,True
1,PT04M39.00S,04:39,Q1 04:39,40.65,90,2pt,MISS Smart 2' Running Layup,['pointsinthepaint'],Smart,13,14,Missed,True,False,203935.0,,rebound,rebound,,,,1627759|1628369|201143|201565|202681|202684|203109|203935|2544|2747,1627759|1628369|201143|202681|203935,201565|202684|203109|2544|2747,3.0,22.0,1610612738.0,21700001,True
1,PT04M33.00S,04:33,Q1 04:33,40.55,91,rebound,Tatum REBOUND (Off:1 Def:0),[],Tatum,13,14,,False,False,1628369.0,,2pt missed,2pt missed,,,,1627759|1628369|201143|201565|202681|202684|203109|203935|2544|2747,1627759|1628369|201143|202681|203935,201565|202684|203109|2544|2747,,,1610612738.0,21700001,True
1,PT04M33.00S,04:33,Q1 04:33,40.55,92,2pt,MISS Tatum 1' Tip Layup Shot,['pointsinthepaint'],Tatum,13,14,Missed,True,False,1628369.0,,rebound,rebound,,,,1627759|1628369|201143|201565|202681|202684|203109|203935|2544|2747,1627759|1628369|201143|202681|203935,201565|202684|203109|2544|2747,0.0,-6.0,1610612738.0,21700001,True
1,PT04M33.00S,04:33,Q1 04:33,40.55,93,rebound,Thompson REBOUND (Off:0 Def:1),[],Thompson,13,14,,False,False,202684.0,,2pt missed,2pt made,,,,1627759|1628369|201143|201565|202681|202684|203109|203935|2544|2747,201565|202684|203109|2544|2747,1627759|1628369|201143|202681|203935,,,1610612739.0,21700001,True
1,PT04M31.00S,04:31,Q1 04:31,40.516666666666666,94,2pt,James 1' Running Layup (4 PTS),['pointsinthepaint'],James,15,14,Made,True,False,2544.0,,rebound,2pt made,,,,1627759|1628369|201143|201565|202681|202684|203109|203935|2544|2747,201565|202684|203109|2544|2747,1627759|1628369|201143|202681|203935,9.0,11.0,1610612739.0,21700001,True
1,PT04M26.00S,04:26,Q1 04:26,40.43333333333334,95,2pt,Brown 1' Layup (6 PTS) (Irving 2 AST),['pointsinthepaint'],Brown,15,16,Made,True,True,1627759.0,202681.0,2pt made,foul,,,,1627759|1628369|201143|201565|202681|202684|203109|203935|2544|2747,1627759|1628369|201143|202681|203935,201565|202684|203109|2544|2747,-5.0,10.0,1610612738.0,21700001,True
1,PT04M26.00S,04:26,Q1 04:26,40.43333333333334,97,foul,Thompson S.FOUL (P1.T3) (B.Forte),[],Thompson,15,16,,False,False,202684.0,,2pt made,freethrow,1627759.0,,,1627759|1628369|201143|201565|202681|202684|203109|203935|2544|2747,201565|202684|203109|2544|2747,1627759|1628369|201143|202681|203935,,,1610612739.0,21700001,True
1,PT04M26.00S,04:26,Q1 04:26,40.43333333333334,103,freethrow,Brown Free Throw 1 of 1 (7 PTS),[],Brown,15,17,Made,False,False,1627759.0,,foul,substitution,,,,1627759|1628369|201143|201565|202681|202684|203109|203935|2544|2747,1627759|1628369|201143|202681|203935,201565|202684|203109|2544|2747,,,1610612738.0,21700001,True
1,PT04M26.00S,04:26,Q1 04:26,40.43333333333334,101,substitution,SUB out: D. Rose,[],Rose,15,16,,False,False,201565.0,,freethrow,substitution,,,,1627759|1628369|201143|202681|202684|203109|203935|2544|2747,202684|203109|2544|2747,1627759|1628369|201143|202681|203935,,,1610612739.0,21700001,False
1,PT04M26.00S,04:26,Q1 04:26,40.43333333333334,102,substitution,SUB out: A. Horford,[],Horford,15,16,,False,False,201143.0,,substitution,substitution,,,,1627759|1628369|202681|202684|203109|203935|2544|2747,1627759|1628369|202681|203935,202684|203109|2544|2747,,,1610612738.0,21700001,False
1,PT04M26.00S,04:26,Q1 04:26,40.43333333333334,103,substitution,SUB in: I. Shumpert,[],Shumpert,15,16,,False,False,202697.0,,substitution,substitution,,,,1627759|1628369|202681|202684|202697|203109|203935|2544|2747,202684|202697|203109|2544|2747,1627759|1628369|202681|203935,,,1610612739.0,21700001,False
1,PT04M26.00S,04:26,Q1 04:26,40.43333333333334,104,substitution,SUB in: A. Baynes,[],Baynes,15,16,,False,False,203382.0,,substitution,2pt made,,,,1627759|1628369|202681|202684|202697|203109|203382|203935|2544|2747,1627759|1628369|202681|203382|203935,202684|202697|203109|2544|2747,,,1610612738.0,21700001,True
1,PT04M05.00S,04:05,Q1 04:05,40.083333333333336,104,2pt,Thompson Alley Oop Layup (2 PTS) (Smith 1 AST),['pointsinthepaint'],Thompson,17,17,Made,True,True,202684.0,2747.0,substitution,3pt missed,,,,1627759|1628369|202681|202684|202697|203109|203382|203935|2544|2747,202684|202697|203109|2544|2747,1627759|1628369|202681|203382|203935,-2.0,1.0,1610612739.0,21700001,True
1,PT03M52.00S,03:52,Q1 03:52,39.86666666666667,106,3pt,MISS Brown 26' 3PT Jump Shot,[],Brown,17,17,Missed,True,False,1627759.0,,2pt made,rebound,,,,1627759|1628369|202681|202684|202697|203109|203382|203935|2544|2747,1627759|1628369|202681|203382|203935,202684|202697|203109|2544|2747,-164.0,202.0,1610612738.0,21700001,True
1,PT03M49.00S,03:49,Q1 03:49,39.81666666666666,107,rebound,Crowder REBOUND (Off:1 Def:1),[],Crowder,17,17,,False,False,203109.0,,3pt missed,2pt missed,,,,1627759|1628369|202681|202684|202697|203109|203382|203935|2544|2747,202684|202697|203109|2544|2747,1627759|1628369|202681|203382|203935,,,1610612739.0,21700001,True
1,PT03M39.00S,03:39,Q1 03:39,39.65,108,2pt,MISS Shumpert 21' Jump Shot,[],Shumpert,17,17,Missed,True,False,202697.0,,rebound,rebound,,,,1627759|1628369|202681|202684|202697|203109|203382|203935|2544|2747,202684|202697|203109|2544|2747,1627759|1628369|202681|203382|203935,-192.0,92.0,1610612739.0,21700001,True
1,PT03M37.00S,03:37,Q1 03:37,39.61666666666667,109,rebound,Smart REBOUND (Off:0 Def:3),[],Smart,17,17,,False,False,203935.0,,2pt missed,2pt missed,,,,1627759|1628369|202681|202684|202697|203109|203382|203935|2544|2747,1627759|1628369|202681|203382|203935,202684|202697|203109|2544|2747,,,1610612738.0,21700001,True
1,PT03M28.00S,03:28,Q1 03:28,39.46666666666667,110,2pt,MISS Smart 2' Driving Layup,['pointsinthepaint'],Smart,17,17,Missed,True,False,203935.0,,rebound,rebound,,,,1627759|1628369|202681|202684|202697|203109|203382|203935|2544|2747,1627759|1628369|202681|203382|203935,202684|202697|203109|2544|2747,-16.0,17.0,1610612738.0,21700001,True
1,PT03M25.00S,03:25,Q1 03:25,39.416666666666664,111,rebound,James REBOUND (Off:0 Def:4),[],James,17,17,,False,False,2544.0,,2pt missed,3pt made,,,,1627759|1628369|202681|202684|202697|203109|203382|203935|2544|2747,202684|202697|203109|2544|2747,1627759|1628369|202681|203382|203935,,,1610612739.0,21700001,True
1,PT03M21.00S,03:21,Q1 03:21,39.35,112,3pt,Smith 3PT Jump Shot (3 PTS) (James 3 AST),[],Smith,20,17,Made,True,True,2747.0,2544.0,rebound,3pt missed,,,,1627759|1628369|202681|202684|202697|203109|203382|203935|2544|2747,202684|202697|203109|2544|2747,1627759|1628369|202681|203382|203935,232.0,27.0,1610612739.0,21700001,True
1,PT02M58.00S,02:58,Q1 02:58,38.96666666666667,114,3pt,MISS Smart 26' 3PT Jump Shot,[],Smart,20,17,Missed,True,False,203935.0,,3pt made,rebound,,,,1627759|1628369|202681|202684|202697|203109|203382|203935|2544|2747,1627759|1628369|202681|203382|203935,202684|202697|203109|2544|2747,135.0,221.0,1610612738.0,21700001,True
1,PT02M54.00S,02:54,Q1 02:54,38.9,115,rebound,Tatum REBOUND (Off:2 Def:0),[],Tatum,20,17,,False,False,1628369.0,,3pt missed,turnover,,,,1627759|1628369|202681|202684|202697|203109|203382|203935|2544|2747,1627759|1628369|202681|203382|203935,202684|202697|203109|2544|2747,,,1610612738.0,21700001,True
1,PT02M41.00S,02:41,Q1 02:41,38.68333333333334,116,turnover,Baynes Lost Ball Turnover (P1.T3),[],Baynes,20,17,,False,False,203382.0,,rebound,steal,,,,1627759|1628369|202681|202684|202697|203109|203382|203935|2544|2747,1627759|1628369|202681|203382|203935,202684|202697|203109|2544|2747,,,1610612738.0,21700001,True
1,PT02M41.00S,02:41,Q1 02:41,38.68333333333334,116,steal,Shumpert STEAL (1 STL),[],Shumpert,20,17,,False,False,202697.0,,turnover,2pt made,,202697.0,,1627759|1628369|202681|202684|202697|203109|203382|203935|2544|2747,202684|202697|203109|2544|2747,1627759|1628369|202681|203382|203935,,,1610612739.0,21700001,True
1,PT02M38.00S,02:38,Q1 02:38,38.63333333333333,118,2pt,Thompson 1' Running Layup (4 PTS) (James 4 AST),['pointsinthepaint'],Thompson,22,17,Made,True,True,202684.0,2544.0,steal,timeout,,,,1627759|1628369|202681|202684|202697|203109|203382|203935|2544|2747,202684|202697|203109|2544|2747,1627759|1628369|202681|203382|203935,-10.0,0.0,1610612739.0,21700001,True
1,PT02M38.00S,02:38,Q1 02:38,38.63333333333333,120,timeout,Celtics Timeout: Regular (Reg.1 Short 0),[],,22,17,,False,False,0.0,,2pt made,freethrow,,,,1627759|1628369|202681|202684|202697|203109|203382|203935|2544|2747,1627759|1628369|202681|203382|203935,202684|202697|203109|2544|2747,,,1610612738.0,21700001,True
1,PT02M38.00S,02:38,Q1 02:38,38.63333333333333,134,freethrow,Thompson Free Throw 1 of 1 (5 PTS),[],Thompson,23,17,Made,False,False,202684.0,,timeout,foul,,,,1627759|1628369|202681|202684|202697|203109|203382|203935|2544|2747,202684|202697|203109|2544|2747,1627759|1628369|202681|203382|203935,,,1610612739.0,21700001,True
1,PT02M38.00S,02:38,Q1 02:38,38.63333333333333,679,foul,Baynes S.FOUL (P1.T3) (M.Smith),[],Baynes,22,17,,False,False,203382.0,,freethrow,substitution,,,,1627759|1628369|202681|202684|202697|203109|203382|203935|2544|2747,1627759|1628369|202681|203382|203935,202684|202697|203109|2544|2747,,,1610612738.0,21700001,True
1,PT02M38.00S,02:38,Q1 02:38,38.63333333333333,128,substitution,SUB out: L. James,[],James,22,17,,False,False,2544.0,,foul,substitution,,,,1627759|1628369|202681|202684|202697|203109|203382|203935|2747,202684|202697|203109|2747,1627759|1628369|202681|203382|203935,,,1610612739.0,21700001,False
1,PT02M38.00S,02:38,Q1 02:38,38.63333333333333,129,substitution,SUB out: J. Crowder,[],Crowder,22,17,,False,False,203109.0,,substitution,substitution,,,,1627759|1628369|202681|202684|202697|203382|203935|2747,202684|202697|2747,1627759|1628369|202681|203382|203935,,,1610612739.0,21700001,False
1,PT02M38.00S,02:38,Q1 02:38,38.63333333333333,130,substitution,SUB out: J. Tatum,[],Tatum,22,17,,False,False,1628369.0,,substitution,substitution,,,,1627759|202681|202684|202697|203382|203935|2747,1627759|202681|203382|203935,202684|202697|2747,,,1610612738.0,21700001,False
1,PT02M38.00S,02:38,Q1 02:38,38.63333333333333,131,substitution,SUB out: K. Irving,[],Irving,22,17,,False,False,202681.0,,substitution,substitution,,,,1627759|202684|202697|203382|203935|2747,1627759|203382|203935,202684|202697|2747,,,1610612738.0,21700001,False
1,PT02M38.00S,02:38,Q1 02:38,38.63333333333333,132,substitution,SUB in: J. Green,[],Green,22,17,,False,False,201145.0,,substitution,substitution,,,,1627759|201145|202684|202697|203382|203935|2747,201145|202684|202697|2747,1627759|203382|203935,,,1610612739.0,21700001,False
1,PT02M38.00S,02:38,Q1 02:38,38.63333333333333,133,substitution,SUB in: D. Wade,[],Wade,22,17,,False,False,2548.0,,substitution,substitution,,,,1627759|201145|202684|202697|203382|203935|2548|2747,201145|202684|202697|2548|2747,1627759|203382|203935,,,1610612739.0,21700001,False
1,PT02M38.00S,02:38,Q1 02:38,38.63333333333333,134,substitution,SUB in: S. Ojeleye,[],Ojeleye,22,17,,False,False,1628400.0,,substitution,substitution,,,,1627759|1628400|201145|202684|202697|203382|203935|2548|2747,1627759|1628400|203382|203935,201145|202684|202697|2548|2747,,,1610612738.0,21700001,False
1,PT02M38.00S,02:38,Q1 02:38,38.63333333333333,135,substitution,SUB in: T. Rozier,[],Rozier,22,17,,False,False,1626179.0,,substitution,3pt missed,,,,1626179|1627759|1628400|201145|202684|202697|203382|203935|2548|2747,1626179|1627759|1628400|203382|203935,201145|202684|202697|2548|2747,,,1610612738.0,21700001,True
1,PT02M17.00S,02:17,Q1 02:17,38.28333333333333,135,3pt,MISS Brown 26' 3PT Jump Shot,[],Brown,23,17,Missed,True,False,1627759.0,,substitution,rebound,,,,1626179|1627759|1628400|201145|202684|202697|203382|203935|2548|2747,1626179|1627759|1628400|203382|203935,201145|202684|202697|2548|2747,-160.0,200.0,1610612738.0,21700001,True
1,PT02M15.00S,02:15,Q1 02:15,38.25,136,rebound,Thompson REBOUND (Off:0 Def:2),[],Thompson,23,17,,False,False,202684.0,,3pt missed,2pt missed,,,,1626179|1627759|1628400|201145|202684|202697|203382|203935|2548|2747,201145|202684|202697|2548|2747,1626179|1627759|1628400|203382|203935,,,1610612739.0,21700001,True
1,PT02M03.00S,02:03,Q1 02:03,38.05,137,2pt,MISS Green 7' Driving Floating Bank Jump Shot,['pointsinthepaint'],Green,23,17,Missed,True,False,201145.0,,rebound,rebound,,,,1626179|1627759|1628400|201145|202684|202697|203382|203935|2548|2747,201145|202684|202697|2548|2747,1626179|1627759|1628400|203382|203935,54.0,50.0,1610612739.0,21700001,True
1,PT02M03.00S,02:03,Q1 02:03,38.05,138,rebound,Brown REBOUND (Off:0 Def:2),[],Brown,23,17,,False,False,1627759.0,,2pt missed,2pt missed,,,,1626179|1627759|1628400|201145|202684|202697|203382|203935|2548|2747,1626179|1627759|1628400|203382|203935,201145|202684|202697|2548|2747,,,1610612738.0,21700001,True
1,PT01M42.00S,01:42,Q1 01:42,37.7,139,2pt,MISS Smart 17' Jump Shot,[],Smart,23,17,Missed,True,False,203935.0,,rebound,rebound,,,,1626179|1627759|1628400|201145|202684|202697|203382|203935|2548|2747,1626179|1627759|1628400|203382|203935,201145|202684|202697|2548|2747,-168.0,21.0,1610612738.0,21700001,True
1,PT01M41.00S,01:41,Q1 01:41,37.68333333333333,140,rebound,TEAM offensive REBOUND,['team'],,23,17,,False,False,0.0,,2pt missed,turnover,,,,1626179|1627759|1628400|201145|202684|202697|203382|203935|2548|2747,1626179|1627759|1628400|203382|203935,201145|202684|202697|2548|2747,,,1610612738.0,21700001,True
1,PT01M40.00S,01:40,Q1 01:40,37.666666666666664,159,turnover,Celtics Turnover: Shot Clock (T#4),[],,23,17,,False,False,1610612738.0,,rebound,2pt made,,,,1626179|1627759|1628400|201145|202684|202697|203382|203935|2548|2747,201145|202684|202697|2548|2747,1626179|1627759|1628400|203382|203935,,,0.0,21700001,True
1,PT01M26.00S,01:26,Q1 01:26,37.43333333333333,142,2pt,Smith 9' Jump Shot (5 PTS),['pointsinthepaint'],Smith,25,17,Made,True,False,2747.0,,turnover,foul,,,,1626179|1627759|1628400|201145|202684|202697|203382|203935|2548|2747,201145|202684|202697|2548|2747,1626179|1627759|1628400|203382|203935,70.0,63.0,1610612739.0,21700001,True
1,PT01M26.00S,01:26,Q1 01:26,37.43333333333333,143,foul,Brown S.FOUL (P1.T4) (M.Smith),['inpenalty'],Brown,25,17,,False,False,1627759.0,,2pt made,freethrow,2747.0,,,1626179|1627759|1628400|201145|202684|202697|203382|203935|2548|2747,1626179|1627759|1628400|203382|203935,201145|202684|202697|2548|2747,,,1610612738.0,21700001,True
1,PT01M26.00S,01:26,Q1 01:26,37.43333333333333,145,freethrow,Smith Free Throw 1 of 1 (6 PTS),[],Smith,26,17,Made,False,False,2747.0,,foul,2pt missed,,,,1626179|1627759|1628400|201145|202684|202697|203382|203935|2548|2747,201145|202684|202697|2548|2747,1626179|1627759|1628400|203382|203935,,,1610612739.0,21700001,True
1,PT01M13.00S,01:13,Q1 01:13,37.21666666666667,146,2pt,MISS Smart 11' Jump Shot,['pointsinthepaint'],Smart,26,17,Missed,True,False,203935.0,,freethrow,rebound,,,,1626179|1627759|1628400|201145|202684|202697|203382|203935|2548|2747,1626179|1627759|1628400|203382|203935,201145|202684|202697|2548|2747,-27.0,105.0,1610612738.0,21700001,True
1,PT01M13.00S,01:13,Q1 01:13,37.21666666666667,147,rebound,Thompson REBOUND (Off:0 Def:3),[],Thompson,26,17,,False,False,202684.0,,2pt missed,foul,,,,1626179|1627759|1628400|201145|202684|202697|203382|203935|2548|2747,201145|202684|202697|2548|2747,1626179|1627759|1628400|203382|203935,,,1610612739.0,21700001,True
1,PT01M06.00S,01:06,Q1 01:06,37.1,148,foul,Green Offensive Charge Foul (P1.T4) (M.McCutchen),[],Green,26,17,,False,False,201145.0,,rebound,turnover,1626179.0,,,1626179|1627759|1628400|201145|202684|202697|203382|203935|2548|2747,201145|202684|202697|2548|2747,1626179|1627759|1628400|203382|203935,,,1610612739.0,21700001,True
1,PT01M06.00S,01:06,Q1 01:06,37.1,150,turnover,Green Offensive Foul Turnover (P1.T3),[],Green,26,17,,False,False,201145.0,,foul,2pt made,,,,1626179|1627759|1628400|201145|202684|202697|203382|203935|2548|2747,201145|202684|202697|2548|2747,1626179|1627759|1628400|203382|203935,,,1610612739.0,21700001,True
1,PT00M55.50S,00:55,Q1 00:55,36.925,151,2pt,Rozier 9' Jump Shot (2 PTS),['pointsinthepaint'],Rozier,26,19,Made,True,False,1626179.0,,turnover,2pt made,,,,1626179|1627759|1628400|201145|202684|202697|203382|203935|2548|2747,1626179|1627759|1628400|203382|203935,201145|202684|202697|2548|2747,-1.0,85.0,1610612738.0,21700001,True
1,PT00M41.80S,00:41,Q1 00:41,36.696666666666665,152,2pt,Wade 18' Jump Shot (4 PTS) (Thompson 1 AST),[],Wade,28,19,Made,True,True,2548.0,202684.0,2pt made,foul,,,,1626179|1627759|1628400|201145|202684|202697|203382|203935|2548|2747,201145|202684|202697|2548|2747,1626179|1627759|1628400|203382|203935,169.0,69.0,1610612739.0,21700001,True
1,PT00M41.60S,00:41,Q1 00:41,36.693333333333335,154,foul,Smart S.FOUL (P1.PN) (B.Forte),['inpenalty'],Smart,28,19,,False,False,203935.0,,2pt made,freethrow,2548.0,,,1626179|1627759|1628400|201145|202684|202697|203382|203935|2548|2747,1626179|1627759|1628400|203382|203935,201145|202684|202697|2548|2747,,,1610612738.0,21700001,True
1,PT00M41.60S,00:41,Q1 00:41,36.693333333333335,158,freethrow,Wade Free Throw 1 of 1 (5 PTS),[],Wade,29,19,Made,False,False,2548.0,,foul,substitution,,,,1626179|1627759|1628400|201145|202684|202697|203382|203935|2548|2747,201145|202684|202697|2548|2747,1626179|1627759|1628400|203382|203935,,,1610612739.0,21700001,True
1,PT00M41.60S,00:41,Q1 00:41,36.693333333333335,157,substitution,SUB out: J. Brown,[],Brown,28,19,,False,False,1627759.0,,freethrow,substitution,,,,1626179|1628400|201145|202684|202697|203382|203935|2548|2747,1626179|1628400|203382|203935,201145|202684|202697|2548|2747,,,1610612738.0,21700001,False
1,PT00M41.60S,00:41,Q1 00:41,36.693333333333335,158,substitution,SUB in: A. Horford,[],Horford,28,19,,False,False,201143.0,,substitution,3pt missed,,,,1626179|1628400|201143|201145|202684|202697|203382|203935|2548|2747,1626179|1628400|201143|203382|203935,201145|202684|202697|2548|2747,,,1610612738.0,21700001,True
1,PT00M25.50S,00:25,Q1 00:25,36.425,160,3pt,MISS Rozier 25' 3PT Jump Shot,[],Rozier,29,19,Missed,True,False,1626179.0,,substitution,rebound,,,,1626179|1628400|201143|201145|202684|202697|203382|203935|2548|2747,1626179|1628400|201143|203382|203935,201145|202684|202697|2548|2747,31.0,248.0,1610612738.0,21700001,True
1,PT00M22.40S,00:22,Q1 00:22,36.373333333333335,161,rebound,Shumpert REBOUND (Off:0 Def:1),[],Shumpert,29,19,,False,False,202697.0,,3pt missed,2pt missed,,,,1626179|1628400|201143|201145|202684|202697|203382|203935|2548|2747,201145|202684|202697|2548|2747,1626179|1628400|201143|203382|203935,,,1610612739.0,21700001,True
1,PT00M00.60S,00:00,Q1 00:00,36.01,162,2pt,MISS Thompson 2' Alley Oop Layup,['pointsinthepaint'],Thompson,29,19,Missed,True,False,202684.0,,rebound,rebound,,,,1626179|1628400|201143|201145|202684|202697|203382|203935|2548|2747,201145|202684|202697|2548|2747,1626179|1628400|201143|203382|203935,13.0,17.0,1610612739.0,21700001,True
1,PT00M00.60S,00:00,Q1 00:00,36.01,163,rebound,Baynes REBOUND (Off:0 Def:1),[],Baynes,29,19,,False,False,203382.0,,2pt missed,period,,,,1626179|1628400|201143|201145|202684|202697|203382|203935|2548|2747,1626179|1628400|201143|203382|203935,201145|202684|202697|2548|2747,,,1610612738.0,21700001,True
1,PT00M00.00S,00:00,Q1 00:00,36.0,164,period,End of 1st Period (8:36 PM EST),[],,29,19,,False,False,0.0,,rebound,period,,,,1626179|1628400|201143|201145|202684|202697|203382|203935|2548|2747,201145|202684|202697|2548|2747,1626179|1628400|201143|203382|203935,,,1610612739.0,21700001,True
2,PT12M00.00S,12:00,Q2 12:00,36.0,173,period,Start of 2nd Period (8:39 PM EST),[],,29,19,,False,False,0.0,,period,substitution,,,,1626179|1628400|201143|201145|202684|202697|203382|203935|2548|2747,201145|202684|202697|2548|2747,1626179|1628400|201143|203382|203935,,,1610612739.0,21700001,True
2,PT11M45.00S,11:45,Q2 11:45,35.75,174,2pt,MISS Green 15' Jump Shot,[],Green,29,19,Missed,True,False,201145.0,,substitution,rebound,,,,1626179|1628369|201143|201145|201565|201567|202697|203382|203935|2594,201145|201565|201567|202697|2594,1626179|1628369|201143|203382|203935,98.0,115.0,1610612739.0,21700001,True
2,PT11M42.00S,11:42,Q2 11:42,35.7,175,rebound,Tatum REBOUND (Off:2 Def:1),[],Tatum,29,19,,False,False,1628369.0,,2pt missed,2pt made,,,,1626179|1628369|201143|201145|201565|201567|202697|203382|203935|2594,1626179|1628369|201143|203382|203935,201145|201565|201567|202697|2594,,,1610612738.0,21700001,True
2,PT11M25.00S,11:25,Q2 11:25,35.416666666666664,176,2pt,Horford 14' Hook Shot (4 PTS),['pointsinthepaint'],Horford,29,21,Made,True,False,201143.0,,rebound,foul,,,,1626179|1628369|201143|201145|201565|201567|202697|203382|203935|2594,1626179|1628369|201143|203382|203935,201145|201565|201567|202697|2594,-52.0,128.0,1610612738.0,21700001,True
2,PT11M10.00S,11:10,Q2 11:10,35.166666666666664,177,foul,Baynes S.FOUL (P2.T1) (M.Smith),[],Baynes,29,21,,False,False,203382.0,,2pt made,freethrow,201565.0,,,1626179|1628369|201143|201145|201565|201567|202697|203382|203935|2594,1626179|1628369|201143|203382|203935,201145|201565|201567|202697|2594,,,1610612738.0,21700001,True
2,PT11M10.00S,11:10,Q2 11:10,35.166666666666664,179,freethrow,Rose Free Throw 1 of 2 (5 PTS),[],Rose,30,21,Made,False,False,201565.0,,foul,freethrow,,,,1626179|1628369|201143|201145|201565|201567|202697|203382|203935|2594,201145|201565|201567|202697|2594,1626179|1628369|201143|203382|203935,,,1610612739.0,21700001,True
2,PT11M10.00S,11:10,Q2 11:10,35.166666666666664,182,freethrow,MISS Rose Free Throw 2 of 2,[],Rose,30,21,Missed,False,False,201565.0,,freethrow,substitution,,,,1626179|1628369|201143|201145|201565|201567|202697|203382|203935|2594,201145|201565|201567|202697|2594,1626179|1628369|201143|203382|203935,,,1610612739.0,21700001,True
2,PT11M10.00S,11:10,Q2 11:10,35.166666666666664,181,substitution,SUB out: I. Shumpert,[],Shumpert,30,21,,False,False,202697.0,,freethrow,substitution,,,,1626179|1628369|201143|201145|201565|201567|203382|203935|2594,201145|201565|201567|2594,1626179|1628369|201143|203382|203935,,,1610612739.0,21700001,False
2,PT11M10.00S,11:10,Q2 11:10,35.166666666666664,182,substitution,SUB in: L. James,[],James,30,21,,False,False,2544.0,,substitution,rebound,,,,1626179|1628369|201143|201145|201565|201567|203382|203935|2544|2594,201145|201565|201567|2544|2594,1626179|1628369|201143|203382|203935,,,1610612739.0,21700001,True
2,PT11M08.00S,11:08,Q2 11:08,35.13333333333333,183,rebound,Horford REBOUND (Off:0 Def:4),[],Horford,30,21,,False,False,201143.0,,substitution,foul,,,,1626179|1628369|201143|201145|201565|201567|203382|203935|2544|2594,1626179|1628369|201143|203382|203935,201145|201565|201567|2544|2594,,,1610612738.0,21700001,True
2,PT10M48.00S,10:48,Q2 10:48,34.8,184,foul,Smart Offensive Charge Foul (P2.T2) (M.Smith),[],Smart,30,21,,False,False,203935.0,,rebound,turnover,2544.0,,,1626179|1628369|201143|201145|201565|201567|203382|203935|2544|2594,1626179|1628369|201143|203382|203935,201145|201565|201567|2544|2594,,,1610612738.0,21700001,True
2,PT10M48.00S,10:48,Q2 10:48,34.8,186,turnover,Smart Offensive Foul Turnover (P1.T5),[],Smart,30,21,,False,False,203935.0,,foul,substitution,,,,1626179|1628369|201143|201145|201565|201567|203382|203935|2544|2594,1626179|1628369|201143|203382|203935,201145|201565|201567|2544|2594,,,1610612738.0,21700001,True
2,PT10M48.00S,10:48,Q2 10:48,34.8,188,substitution,SUB out: M. Smart,[],Smart,30,21,,False,False,203935.0,,turnover,substitution,,,,1626179|1628369|201143|201145|201565|201567|203382|2544|2594,1626179|1628369|201143|203382,201145|201565|201567|2544|2594,,,1610612738.0,21700001,False
2,PT10M48.00S,10:48,Q2 10:48,34.8,189,substitution,SUB in: K. Irving,[],Irving,30,21,,False,False,202681.0,,substitution,3pt missed,,,,1626179|1628369|201143|201145|201565|201567|202681|203382|2544|2594,1626179|1628369|201143|202681|203382,201145|201565|201567|2544|2594,,,1610612738.0,21700001,True
2,PT10M28.00S,10:28,Q2 10:28,34.46666666666667,190,3pt,MISS James 3PT Jump Shot,[],James,30,21,Missed,True,False,2544.0,,substitution,rebound,,,,1626179|1628369|201143|201145|201565|201567|202681|203382|2544|2594,201145|201565|201567|2544|2594,1626179|1628369|201143|202681|203382,-228.0,-1.0,1610612739.0,21700001,True
2,PT10M27.00S,10:27,Q2 10:27,34.45,191,rebound,TEAM offensive REBOUND,['team'],,30,21,,False,False,0.0,,3pt missed,foul,,,,1626179|1628369|201143|201145|201565|201567|202681|203382|2544|2594,201145|201565|201567|2544|2594,1626179|1628369|201143|202681|203382,,,1610612739.0,21700001,True
2,PT10M27.00S,10:27,Q2 10:27,34.45,192,foul,Tatum L.B.FOUL (P2.T3) (M.McCutchen),[],Tatum,30,21,,False,False,1628369.0,,rebound,2pt made,2544.0,,,1626179|1628369|201143|201145|201565|201567|202681|203382|2544|2594,1626179|1628369|201143|202681|203382,201145|201565|201567|2544|2594,,,1610612738.0,21700001,True
2,PT10M17.00S,10:17,Q2 10:17,34.28333333333333,194,2pt,James 1' Cutting Finger Roll Layup Shot (6 PTS) (Rose 1 AST),['pointsinthepaint'],James,32,21,Made,True,True,2544.0,201565.0,foul,3pt missed,,,,1626179|1628369|201143|201145|201565|201567|202681|203382|2544|2594,201145|201565|201567|2544|2594,1626179|1628369|201143|202681|203382,8.0,1.0,1610612739.0,21700001,True
2,PT09M56.00S,09:56,Q2 09:56,33.93333333333334,196,3pt,MISS Tatum 26' 3PT Jump Shot,[],Tatum,32,21,Missed,True,False,1628369.0,,2pt made,rebound,,,,1626179|1628369|201143|201145|201565|201567|202681|203382|2544|2594,1626179|1628369|201143|202681|203382,201145|201565|201567|2544|2594,-107.0,233.0,1610612738.0,21700001,True
2,PT09M53.00S,09:53,Q2 09:53,33.88333333333333,197,rebound,Love REBOUND (Off:0 Def:2),[],Love,32,21,,False,False,201567.0,,3pt missed,2pt missed,,,,1626179|1628369|201143|201145|201565|201567|202681|203382|2544|2594,201145|201565|201567|2544|2594,1626179|1628369|201143|202681|203382,,,1610612739.0,21700001,True
2,PT09M48.00S,09:48,Q2 09:48,33.8,198,2pt,MISS Rose 1' Running Layup,['pointsinthepaint'],Rose,32,21,Missed,True,False,201565.0,,rebound,rebound,,,,1626179|1628369|201143|201145|201565|201567|202681|203382|2544|2594,201145|201565|201567|2544|2594,1626179|1628369|201143|202681|203382,3.0,8.0,1610612739.0,21700001,True
2,PT09M45.00S,09:45,Q2 09:45,33.75,199,rebound,Rozier REBOUND (Off:0 Def:1),[],Rozier,32,21,,False,False,1626179.0,,2pt missed,3pt missed,,,,1626179|1628369|201143|201145|201565|201567|202681|203382|2544|2594,1626179|1628369|201143|202681|203382,201145|201565|201567|2544|2594,,,1610612738.0,21700001,True
2,PT09M33.00S,09:33,Q2 09:33,33.55,200,3pt,MISS Rozier 26' 3PT Jump Shot,[],Rozier,32,21,Missed,True,False,1626179.0,,rebound,rebound,,,,1626179|1628369|201143|201145|201565|201567|202681|203382|2544|2594,1626179|1628369|201143|202681|203382,201145|201565|201567|2544|2594,-187.0,183.0,1610612738.0,21700001,True
2,PT09M31.00S,09:31,Q2 09:31,33.516666666666666,201,rebound,Rose REBOUND (Off:0 Def:3),[],Rose,32,21,,False,False,201565.0,,3pt missed,2pt made,,,,1626179|1628369|201143|201145|201565|201567|202681|203382|2544|2594,201145|201565|201567|2544|2594,1626179|1628369|201143|202681|203382,,,1610612739.0,21700001,True
2,PT09M29.00S,09:29,Q2 09:29,33.483333333333334,202,2pt,James 1' Running Layup (8 PTS) (Rose 2 AST),['pointsinthepaint'],James,34,21,Made,True,True,2544.0,201565.0,rebound,timeout,,,,1626179|1628369|201143|201145|201565|201567|202681|203382|2544|2594,201145|201565|201567|2544|2594,1626179|1628369|201143|202681|203382,3.0,9.0,1610612739.0,21700001,True
2,PT09M29.00S,09:29,Q2 09:29,33.483333333333334,204,timeout,Celtics Timeout: Regular (Reg.2 Short 0),[],,34,21,,False,False,0.0,,2pt made,substitution,,,,1626179|1628369|201143|201145|201565|201567|202681|203382|2544|2594,1626179|1628369|201143|202681|203382,201145|201565|201567|2544|2594,,,1610612738.0,21700001,True
2,PT09M29.00S,09:29,Q2 09:29,33.483333333333334,206,substitution,SUB out: A. Baynes,[],Baynes,34,21,,False,False,203382.0,,timeout,substitution,,,,1626179|1628369|201143|201145|201565|201567|202681|2544|2594,1626179|1628369|201143|202681,201145|201565|201567|2544|2594,,,1610612738.0,21700001,False
2,PT09M29.00S,09:29,Q2 09:29,33.483333333333334,207,substitution,SUB in: S. Ojeleye,[],Ojeleye,34,21,,False,False,1628400.0,,substitution,foul,,,,1626179|1628369|1628400|201143|201145|201565|201567|202681|2544|2594,1626179|1628369|1628400|201143|202681,201145|201565|201567|2544|2594,,,1610612738.0,21700001,True
2,PT09M23.00S,09:23,Q2 09:23,33.38333333333333,207,foul,CAVALIERS T.Foul (Def. 3 Sec Love ) (M.McCutchen),[],Love,34,21,,False,False,201567.0,,substitution,freethrow,202681.0,,,1626179|1628369|1628400|201143|201145|201565|201567|202681|2544|2594,201145|201565|201567|2544|2594,1626179|1628369|1628400|201143|202681,,,1610612739.0,21700001,True
2,PT09M23.00S,09:23,Q2 09:23,33.38333333333333,208,freethrow,Irving Free Throw Technical (7 PTS),[],Irving,34,22,Made,False,False,202681.0,,foul,2pt missed,,,,1626179|1628369|1628400|201143|201145|201565|201567|202681|2544|2594,1626179|1628369|1628400|201143|202681,201145|201565|201567|2544|2594,,,1610612738.0,21700001,True
2,PT09M06.00S,09:06,Q2 09:06,33.1,209,2pt,MISS Tatum 3' Driving Layup,['pointsinthepaint'],Tatum,34,22,Missed,True,False,1628369.0,,freethrow,rebound,,,,1626179|1628369|1628400|201143|201145|201565|201567|202681|2544|2594,1626179|1628369|1628400|201143|202681,201145|201565|201567|2544|2594,-12.0,22.0,1610612738.0,21700001,True
2,PT09M05.00S,09:05,Q2 09:05,33.083333333333336,210,rebound,Tatum REBOUND (Off:3 Def:1),[],Tatum,34,22,,False,False,1628369.0,,2pt missed,turnover,,,,1626179|1628369|1628400|201143|201145|201565|201567|202681|2544|2594,1626179|1628369|1628400|201143|202681,201145|201565|201567|2544|2594,,,1610612738.0,21700001,True
2,PT09M05.00S,09:05,Q2 09:05,33.083333333333336,211,turnover,Celtics Turnover: Shot Clock (T#6),[],,34,22,,False,False,1610612738.0,,rebound,turnover,,,,1626179|1628369|1628400|201143|201145|201565|201567|202681|2544|2594,201145|201565|201567|2544|2594,1626179|1628369|1628400|201143|202681,,,0.0,21700001,True
2,PT08M56.00S,08:56,Q2 08:56,32.93333333333334,212,turnover,James Out of Bounds Lost Ball Turnover (P1.T4),[],James,34,22,,False,False,2544.0,,turnover,3pt missed,,,,1626179|1628369|1628400|201143|201145|201565|201567|202681|2544|2594,201145|201565|201567|2544|2594,1626179|1628369|1628400|201143|202681,,,1610612739.0,21700001,True
2,PT08M41.00S,08:41,Q2 08:41,32.68333333333334,213,3pt,MISS Ojeleye 26' 3PT Jump Shot,[],Ojeleye,34,22,Missed,True,False,1628400.0,,turnover,rebound,,,,1626179|1628369|1628400|201143|201145|201565|201567|202681|2544|2594,1626179|1628369|1628400|201143|202681,201145|201565|201567|2544|2594,-199.0,165.0,1610612738.0,21700001,True
2,PT08M38.00S,08:38,Q2 08:38,32.63333333333333,214,rebound,Love REBOUND (Off:0 Def:3),[],Love,34,22,,False,False,201567.0,,3pt missed,turnover,,,,1626179|1628369|1628400|201143|201145|201565|201567|202681|2544|2594,201145|201565|201567|2544|2594,1626179|1628369|1628400|201143|202681,,,1610612739.0,21700001,True
2,PT08M34.00S,08:34,Q2 08:34,32.56666666666666,215,turnover,Love Bad Pass Turnover (P1.T5),[],Love,34,22,,False,False,201567.0,,rebound,steal,,,,1626179|1628369|1628400|201143|201145|201565|201567|202681|2544|2594,201145|201565|201567|2544|2594,1626179|1628369|1628400|201143|202681,,,1610612739.0,21700001,True
2,PT08M34.00S,08:34,Q2 08:34,32.56666666666666,215,steal,Irving STEAL (2 STL),[],Irving,34,22,,False,False,202681.0,,turnover,3pt made,,202681.0,,1626179|1628369|1628400|201143|201145|201565|201567|202681|2544|2594,1626179|1628369|1628400|201143|202681,201145|201565|201567|2544|2594,,,1610612738.0,21700001,True
2,PT08M27.00S,08:27,Q2 08:27,32.45,217,3pt,Rozier 27' 3PT Jump Shot (5 PTS) (Tatum 2 AST),[],Rozier,34,25,Made,True,True,1626179.0,1628369.0,steal,foul,,,,1626179|1628369|1628400|201143|201145|201565|201567|202681|2544|2594,1626179|1628369|1628400|201143|202681,201145|201565|201567|2544|2594,-183.0,199.0,1610612738.0,21700001,True
2,PT08M24.00S,08:24,Q2 08:24,32.4,219,foul,Irving P.FOUL (P1.T4) (B.Forte),[],Irving,34,25,,False,False,202681.0,,3pt made,substitution,201565.0,,,1626179|1628369|1628400|201143|201145|201565|201567|202681|2544|2594,1626179|1628369|1628400|201143|202681,201145|201565|201567|2544|2594,,,1610612738.0,21700001,True
2,PT08M24.00S,08:24,Q2 08:24,32.4,222,substitution,SUB out: J. Green,[],Green,34,25,,False,False,201145.0,,foul,substitution,,,,1626179|1628369|1628400|201143|201565|201567|202681|2544|2594,201565|201567|2544|2594,1626179|1628369|1628400|201143|202681,,,1610612739.0,21700001,False
2,PT08M24.00S,08:24,Q2 08:24,32.4,223,substitution,SUB in: J. Crowder,[],Crowder,34,25,,False,False,203109.0,,substitution,2pt made,,,,1626179|1628369|1628400|201143|201565|201567|202681|203109|2544|2594,201565|201567|203109|2544|2594,1626179|1628369|1628400|201143|202681,,,1610612739.0,21700001,True
2,PT08M19.00S,08:19,Q2 08:19,32.31666666666666,223,2pt,Rose 1' Driving Layup (7 PTS) (Crowder 1 AST),['pointsinthepaint'],Rose,36,25,Made,True,True,201565.0,203109.0,substitution,foul,,,,1626179|1628369|1628400|201143|201565|201567|202681|203109|2544|2594,201565|201567|203109|2544|2594,1626179|1628369|1628400|201143|202681,-2.0,5.0,1610612739.0,21700001,True
2,PT08M04.00S,08:04,Q2 08:04,32.06666666666666,225,foul,Korver P.FOUL (P1.T1) (M.McCutchen),[],Korver,36,25,,False,False,2594.0,,2pt made,foul,202681.0,,,1626179|1628369|1628400|201143|201565|201567|202681|203109|2544|2594,201565|201567|203109|2544|2594,1626179|1628369|1628400|201143|202681,,,1610612739.0,21700001,True
2,PT07M55.00S,07:55,Q2 07:55,31.916666666666668,227,foul,Rose L.B.FOUL (P1.T2) (B.Forte),[],Rose,36,25,,False,False,201565.0,,foul,turnover,202681.0,,,1626179|1628369|1628400|201143|201565|201567|202681|203109|2544|2594,201565|201567|203109|2544|2594,1626179|1628369|1628400|201143|202681,,,1610612739.0,21700001,True
2,PT07M49.00S,07:49,Q2 07:49,31.816666666666666,230,turnover,Irving Bad Pass Turnover (P1.T7),[],Irving,36,25,,False,False,202681.0,,foul,steal,,,,1626179|1628369|1628400|201143|201565|201567|202681|203109|2544|2594,1626179|1628369|1628400|201143|202681,201565|201567|203109|2544|2594,,,1610612738.0,21700001,True
2,PT07M49.00S,07:49,Q2 07:49,31.816666666666666,230,steal,Crowder STEAL (1 STL),[],Crowder,36,25,,False,False,203109.0,,turnover,foul,,203109.0,,1626179|1628369|1628400|201143|201565|201567|202681|203109|2544|2594,201565|201567|203109|2544|2594,1626179|1628369|1628400|201143|202681,,,1610612739.0,21700001,True
2,PT07M38.00S,07:38,Q2 07:38,31.633333333333333,232,foul,Irving P.FOUL (P2.PN) (B.Forte),[],Irving,36,25,,False,False,202681.0,,steal,substitution,2544.0,,,1626179|1628369|1628400|201143|201565|201567|202681|203109|2544|2594,1626179|1628369|1628400|201143|202681,201565|201567|203109|2544|2594,,,1610612738.0,21700001,True
2,PT07M38.00S,07:38,Q2 07:38,31.633333333333333,236,substitution,SUB out: J. Tatum,[],Tatum,36,25,,False,False,1628369.0,,foul,substitution,,,,1626179|1628400|201143|201565|201567|202681|203109|2544|2594,1626179|1628400|201143|202681,201565|201567|203109|2544|2594,,,1610612738.0,21700001,False
2,PT07M38.00S,07:38,Q2 07:38,31.633333333333333,237,substitution,SUB out: T. Rozier,[],Rozier,36,25,,False,False,1626179.0,,substitution,substitution,,,,1628400|201143|201565|201567|202681|203109|2544|2594,1628400|201143|202681,201565|201567|203109|2544|2594,,,1610612738.0,21700001,False
2,PT07M38.00S,07:38,Q2 07:38,31.633333333333333,238,substitution,SUB in: M. Smart,[],Smart,36,25,,False,False,203935.0,,substitution,substitution,,,,1628400|201143|201565|201567|202681|203109|203935|2544|2594,1628400|201143|202681|203935,201565|201567|203109|2544|2594,,,1610612738.0,21700001,False
2,PT07M38.00S,07:38,Q2 07:38,31.633333333333333,239,substitution,SUB in: J. Brown,[],Brown,36,25,,False,False,1627759.0,,substitution,foul,,,,1627759|1628400|201143|201565|201567|202681|203109|203935|2544|2594,1627759|1628400|201143|202681|203935,201565|201567|203109|2544|2594,,,1610612738.0,21700001,True
2,PT07M34.00S,07:34,Q2 07:34,31.566666666666666,238,foul,Ojeleye P.FOUL (P1.PN) (M.McCutchen),['inpenalty'],Ojeleye,36,25,,False,False,1628400.0,,substitution,freethrow,2544.0,,,1627759|1628400|201143|201565|201567|202681|203109|203935|2544|2594,1627759|1628400|201143|202681|203935,201565|201567|203109|2544|2594,,,1610612738.0,21700001,True
2,PT07M34.00S,07:34,Q2 07:34,31.566666666666666,240,freethrow,James Free Throw 1 of 2 (9 PTS),[],James,37,25,Made,False,False,2544.0,,foul,freethrow,,,,1627759|1628400|201143|201565|201567|202681|203109|203935|2544|2594,201565|201567|203109|2544|2594,1627759|1628400|201143|202681|203935,,,1610612739.0,21700001,True
2,PT07M34.00S,07:34,Q2 07:34,31.566666666666666,241,freethrow,James Free Throw 2 of 2 (10 PTS),[],James,38,25,Made,False,False,2544.0,,freethrow,2pt missed,,,,1627759|1628400|201143|201565|201567|202681|203109|203935|2544|2594,201565|201567|203109|2544|2594,1627759|1628400|201143|202681|203935,,,1610612739.0,21700001,True
2,PT07M22.00S,07:22,Q2 07:22,31.366666666666667,242,2pt,MISS Brown 2' Reverse Layup,['pointsinthepaint'],Brown,38,25,Missed,True,False,1627759.0,,freethrow,rebound,,,,1627759|1628400|201143|201565|201567|202681|203109|203935|2544|2594,1627759|1628400|201143|202681|203935,201565|201567|203109|2544|2594,-8.0,15.0,1610612738.0,21700001,True
2,PT07M19.00S,07:19,Q2 07:19,31.316666666666666,243,rebound,Brown REBOUND (Off:1 Def:2),[],Brown,38,25,,False,False,1627759.0,,2pt missed,2pt missed,,,,1627759|1628400|201143|201565|201567|202681|203109|203935|2544|2594,1627759|1628400|201143|202681|203935,201565|201567|203109|2544|2594,,,1610612738.0,21700001,True
2,PT07M18.00S,07:18,Q2 07:18,31.3,244,2pt,MISS Brown 1' Putback Layup,['pointsinthepaint'],Brown,38,25,Missed,True,False,1627759.0,,rebound,rebound,,,,1627759|1628400|201143|201565|201567|202681|203109|203935|2544|2594,1627759|1628400|201143|202681|203935,201565|201567|203109|2544|2594,6.0,12.0,1610612738.0,21700001,True
2,PT07M18.00S,07:18,Q2 07:18,31.3,245,rebound,James REBOUND (Off:0 Def:5),[],James,38,25,,False,False,2544.0,,2pt missed,foul,,,,1627759|1628400|201143|201565|201567|202681|203109|203935|2544|2594,201565|201567|203109|2544|2594,1627759|1628400|201143|202681|203935,,,1610612739.0,21700001,True
2,PT07M03.00S,07:03,Q2 07:03,31.05,247,foul,Horford S.FOUL (P1.PN) (B.Forte),['inpenalty'],Horford,38,25,,False,False,201143.0,,rebound,freethrow,201567.0,,,1627759|1628400|201143|201565|201567|202681|203109|203935|2544|2594,1627759|1628400|201143|202681|203935,201565|201567|203109|2544|2594,,,1610612738.0,21700001,True
2,PT07M03.00S,07:03,Q2 07:03,31.05,249,freethrow,Love Free Throw 1 of 2 (2 PTS),[],Love,39,25,Made,False,False,201567.0,,foul,freethrow,,,,1627759|1628400|201143|201565|201567|202681|203109|203935|2544|2594,201565|201567|203109|2544|2594,1627759|1628400|201143|202681|203935,,,1610612739.0,21700001,True
2,PT07M03.00S,07:03,Q2 07:03,31.05,252,freethrow,MISS Love Free Throw 2 of 2,[],Love,39,25,Missed,False,False,201567.0,,freethrow,substitution,,,,1627759|1628400|201143|201565|201567|202681|203109|203935|2544|2594,201565|201567|203109|2544|2594,1627759|1628400|201143|202681|203935,,,1610612739.0,21700001,True
2,PT07M03.00S,07:03,Q2 07:03,31.05,251,substitution,SUB out: K. Korver,[],Korver,39,25,,False,False,2594.0,,freethrow,substitution,,,,1627759|1628400|201143|201565|201567|202681|203109|203935|2544,201565|201567|203109|2544,1627759|1628400|201143|202681|203935,,,1610612739.0,21700001,False
2,PT07M03.00S,07:03,Q2 07:03,31.05,252,substitution,SUB in: J. Smith,[],Smith,39,25,,False,False,2747.0,,substitution,rebound,,,,1627759|1628400|201143|201565|201567|202681|203109|203935|2544|2747,201565|201567|203109|2544|2747,1627759|1628400|201143|202681|203935,,,1610612739.0,21700001,True
2,PT07M00.00S,07:00,Q2 07:00,31.0,253,rebound,Horford REBOUND (Off:0 Def:5),[],Horford,39,25,,False,False,201143.0,,substitution,3pt made,,,,1627759|1628400|201143|201565|201567|202681|203109|203935|2544|2747,1627759|1628400|201143|202681|203935,201565|201567|203109|2544|2747,,,1610612738.0,21700001,True
2,PT06M45.00S,06:45,Q2 06:45,30.75,254,3pt,Brown 3PT Jump Shot (10 PTS) (Irving 3 AST),[],Brown,39,28,Made,True,True,1627759.0,202681.0,rebound,2pt missed,,,,1627759|1628400|201143|201565|201567|202681|203109|203935|2544|2747,1627759|1628400|201143|202681|203935,201565|201567|203109|2544|2747,222.0,-3.0,1610612738.0,21700001,True
2,PT06M22.00S,06:22,Q2 06:22,30.366666666666667,256,2pt,MISS Love 1' Cutting Layup Shot,['pointsinthepaint'],Love,39,28,Missed,True,False,201567.0,,3pt made,rebound,,,,1627759|1628400|201143|201565|201567|202681|203109|203935|2544|2747,201565|201567|203109|2544|2747,1627759|1628400|201143|202681|203935,3.0,8.0,1610612739.0,21700001,True
2,PT06M22.00S,06:22,Q2 06:22,30.366666666666667,261,rebound,Love REBOUND (Off:1 Def:3),[],Love,39,28,,False,False,201567.0,,2pt missed,2pt made,,,,1627759|1628400|201143|201565|201567|202681|203109|203935|2544|2747,201565|201567|203109|2544|2747,1627759|1628400|201143|202681|203935,,,1610612739.0,21700001,True
2,PT06M10.00S,06:10,Q2 06:10,30.166666666666668,258,2pt,Love 1' Putback Layup (4 PTS),['pointsinthepaint'],Love,41,28,Made,True,False,201567.0,,rebound,2pt missed,,,,1627759|1628400|201143|201565|201567|202681|203109|203935|2544|2747,201565|201567|203109|2544|2747,1627759|1628400|201143|202681|203935,0.0,-6.0,1610612739.0,21700001,True
2,PT05M59.00S,05:59,Q2 05:59,29.983333333333334,259,2pt,MISS Ojeleye 18' Jump Shot,[],Ojeleye,41,28,Missed,True,False,1628400.0,,2pt made,rebound,,,,1627759|1628400|201143|201565|201567|202681|203109|203935|2544|2747,1627759|1628400|201143|202681|203935,201565|201567|203109|2544|2747,141.0,115.0,1610612738.0,21700001,True
2,PT05M59.00S,05:59,Q2 05:59,29.983333333333334,260,rebound,Smith REBOUND (Off:0 Def:1),[],Smith,41,28,,False,False,2747.0,,2pt missed,3pt made,,,,1627759|1628400|201143|201565|201567|202681|203109|203935|2544|2747,201565|201567|203109|2544|2747,1627759|1628400|201143|202681|203935,,,1610612739.0,21700001,True
2,PT05M52.00S,05:52,Q2 05:52,29.866666666666667,262,3pt,Crowder 25' 3PT Jump Shot (7 PTS) (James 5 AST),[],Crowder,44,28,Made,True,True,203109.0,2544.0,rebound,2pt made,,,,1627759|1628400|201143|201565|201567|202681|203109|203935|2544|2747,201565|201567|203109|2544|2747,1627759|1628400|201143|202681|203935,239.0,61.0,1610612739.0,21700001,True
2,PT05M44.00S,05:44,Q2 05:44,29.733333333333334,264,2pt,Brown 2' Layup (12 PTS) (Irving 4 AST),['pointsinthepaint'],Brown,44,30,Made,True,True,1627759.0,202681.0,3pt made,3pt missed,,,,1627759|1628400|201143|201565|201567|202681|203109|203935|2544|2747,1627759|1628400|201143|202681|203935,201565|201567|203109|2544|2747,-11.0,15.0,1610612738.0,21700001,True
2,PT05M35.00S,05:35,Q2 05:35,29.583333333333332,266,3pt,MISS Crowder 27' 3PT Jump Shot,[],Crowder,44,30,Missed,True,False,203109.0,,2pt made,rebound,,,,1627759|1628400|201143|201565|201567|202681|203109|203935|2544|2747,201565|201567|203109|2544|2747,1627759|1628400|201143|202681|203935,150.0,225.0,1610612739.0,21700001,True
2,PT05M32.00S,05:32,Q2 05:32,29.53333333333333,267,rebound,Smart REBOUND (Off:0 Def:4),[],Smart,44,30,,False,False,203935.0,,3pt missed,turnover,,,,1627759|1628400|201143|201565|201567|202681|203109|203935|2544|2747,1627759|1628400|201143|202681|203935,201565|201567|203109|2544|2747,,,1610612738.0,21700001,True
2,PT05M30.00S,05:30,Q2 05:30,29.5,268,turnover,Brown Out of Bounds Lost Ball Turnover (P3.T8),[],Brown,44,30,,False,False,1627759.0,,rebound,timeout,,,,1627759|1628400|201143|201565|201567|202681|203109|203935|2544|2747,1627759|1628400|201143|202681|203935,201565|201567|203109|2544|2747,,,1610612738.0,21700001,True
2,PT05M30.00S,05:30,Q2 05:30,29.5,269,timeout,CAVALIERS Timeout: Regular (Full 2 Short 0),[],,44,30,,False,False,0.0,,turnover,substitution,,,,1627759|1628400|201143|201565|201567|202681|203109|203935|2544|2747,201565|201567|203109|2544|2747,1627759|1628400|201143|202681|203935,,,1610612739.0,21700001,True
2,PT05M30.00S,05:30,Q2 05:30,29.5,272,substitution,SUB out: D. Rose,[],Rose,44,30,,False,False,201565.0,,timeout,substitution,,,,1627759|1628400|201143|201567|202681|203109|203935|2544|2747,201567|203109|2544|2747,1627759|1628400|201143|202681|203935,,,1610612739.0,21700001,False
2,PT05M30.00S,05:30,Q2 05:30,29.5,273,substitution,SUB out: A. Horford,[],Horford,44,30,,False,False,201143.0,,substitution,substitution,,,,1627759|1628400|201567|202681|203109|203935|2544|2747,1627759|1628400|202681|203935,201567|203109|2544|2747,,,1610612738.0,21700001,False
2,PT05M30.00S,05:30,Q2 05:30,29.5,274,substitution,SUB in: D. Wade,[],Wade,44,30,,False,False,2548.0,,substitution,substitution,,,,1627759|1628400|201567|202681|203109|203935|2544|2548|2747,201567|203109|2544|2548|2747,1627759|1628400|202681|203935,,,1610612739.0,21700001,False
2,PT05M30.00S,05:30,Q2 05:30,29.5,275,substitution,SUB in: A. Baynes,[],Baynes,44,30,,False,False,203382.0,,substitution,2pt missed,,,,1627759|1628400|201567|202681|203109|203382|203935|2544|2548|2747,1627759|1628400|202681|203382|203935,201567|203109|2544|2548|2747,,,1610612738.0,21700001,True
2,PT05M15.00S,05:15,Q2 05:15,29.25,274,2pt,MISS Crowder 4' Driving Layup,['pointsinthepaint'],Crowder,44,30,Missed,True,False,203109.0,,substitution,rebound,,,,1627759|1628400|201567|202681|203109|203382|203935|2544|2548|2747,201567|203109|2544|2548|2747,1627759|1628400|202681|203382|203935,-9.0,35.0,1610612739.0,21700001,True
2,PT05M13.00S,05:13,Q2 05:13,29.21666666666667,275,rebound,Smart REBOUND (Off:0 Def:5),[],Smart,44,30,,False,False,203935.0,,2pt missed,3pt missed,,,,1627759|1628400|201567|202681|203109|203382|203935|2544|2548|2747,1627759|1628400|202681|203382|203935,201567|203109|2544|2548|2747,,,1610612738.0,21700001,True
2,PT05M06.00S,05:06,Q2 05:06,29.1,276,3pt,MISS Smart 25' 3PT Jump Shot,[],Smart,44,30,Missed,True,False,203935.0,,rebound,rebound,,,,1627759|1628400|201567|202681|203109|203382|203935|2544|2548|2747,1627759|1628400|202681|203382|203935,201567|203109|2544|2548|2747,-126.0,220.0,1610612738.0,21700001,True
2,PT05M03.00S,05:03,Q2 05:03,29.05,277,rebound,Smith REBOUND (Off:0 Def:2),[],Smith,44,30,,False,False,2747.0,,3pt missed,2pt missed,,,,1627759|1628400|201567|202681|203109|203382|203935|2544|2548|2747,201567|203109|2544|2548|2747,1627759|1628400|202681|203382|203935,,,1610612739.0,21700001,True
2,PT04M48.00S,04:48,Q2 04:48,28.8,278,2pt,MISS Crowder 13' Turnaround Jump Shot,[],Crowder,44,30,Missed,True,False,203109.0,,rebound,rebound,,,,1627759|1628400|201567|202681|203109|203382|203935|2544|2548|2747,201567|203109|2544|2548|2747,1627759|1628400|202681|203382|203935,-125.0,38.0,1610612739.0,21700001,True
2,PT04M45.00S,04:45,Q2 04:45,28.75,279,rebound,Brown REBOUND (Off:1 Def:3),[],Brown,44,30,,False,False,1627759.0,,2pt missed,3pt missed,,,,1627759|1628400|201567|202681|203109|203382|203935|2544|2548|2747,1627759|1628400|202681|203382|203935,201567|203109|2544|2548|2747,,,1610612738.0,21700001,True
2,PT04M27.00S,04:27,Q2 04:27,28.45,280,3pt,MISS Irving 30' 3PT Jump Shot,[],Irving,44,30,Missed,True,False,202681.0,,rebound,rebound,,,,1627759|1628400|201567|202681|203109|203382|203935|2544|2548|2747,1627759|1628400|202681|203382|203935,201567|203109|2544|2548|2747,-196.0,227.0,1610612738.0,21700001,True
2,PT04M25.00S,04:25,Q2 04:25,28.416666666666668,281,rebound,James REBOUND (Off:0 Def:6),[],James,44,30,,False,False,2544.0,,3pt missed,2pt made,,,,1627759|1628400|201567|202681|203109|203382|203935|2544|2548|2747,201567|203109|2544|2548|2747,1627759|1628400|202681|203382|203935,,,1610612739.0,21700001,True
2,PT04M15.00S,04:15,Q2 04:15,28.25,282,2pt,James 10' Driving Floating Jump Shot (12 PTS),['pointsinthepaint'],James,46,30,Made,True,False,2544.0,,rebound,3pt missed,,,,1627759|1628400|201567|202681|203109|203382|203935|2544|2548|2747,201567|203109|2544|2548|2747,1627759|1628400|202681|203382|203935,70.0,68.0,1610612739.0,21700001,True
2,PT03M50.00S,03:50,Q2 03:50,27.833333333333332,283,3pt,MISS Smart 26' 3PT Jump Shot,[],Smart,46,30,Missed,True,False,203935.0,,2pt made,rebound,,,,1627759|1628400|201567|202681|203109|203382|203935|2544|2548|2747,1627759|1628400|202681|203382|203935,201567|203109|2544|2548|2747,-107.0,242.0,1610612738.0,21700001,True
2,PT03M47.00S,03:47,Q2 03:47,27.78333333333333,284,rebound,Smith REBOUND (Off:0 Def:3),[],Smith,46,30,,False,False,2747.0,,3pt missed,2pt made,,,,1627759|1628400|201567|202681|203109|203382|203935|2544|2548|2747,201567|203109|2544|2548|2747,1627759|1628400|202681|203382|203935,,,1610612739.0,21700001,True
2,PT03M40.00S,03:40,Q2 03:40,27.666666666666668,285,2pt,Crowder 1' Reverse Layup (9 PTS) (James 6 AST),['pointsinthepaint'],Crowder,48,30,Made,True,True,203109.0,2544.0,rebound,foul,,,,1627759|1628400|201567|202681|203109|203382|203935|2544|2548|2747,201567|203109|2544|2548|2747,1627759|1628400|202681|203382|203935,14.0,3.0,1610612739.0,21700001,True
2,PT03M28.00S,03:28,Q2 03:28,27.46666666666667,287,foul,Smith P.FOUL (P1.T3) (M.McCutchen),[],Smith,48,30,,False,False,2747.0,,2pt made,substitution,202681.0,,,1627759|1628400|201567|202681|203109|203382|203935|2544|2548|2747,201567|203109|2544|2548|2747,1627759|1628400|202681|203382|203935,,,1610612739.0,21700001,True
2,PT03M28.00S,03:28,Q2 03:28,27.46666666666667,291,substitution,SUB out: K. Love,[],Love,48,30,,False,False,201567.0,,foul,substitution,,,,1627759|1628400|202681|203109|203382|203935|2544|2548|2747,203109|2544|2548|2747,1627759|1628400|202681|203382|203935,,,1610612739.0,21700001,False
2,PT03M28.00S,03:28,Q2 03:28,27.46666666666667,292,substitution,SUB out: S. Ojeleye,[],Ojeleye,48,30,,False,False,1628400.0,,substitution,substitution,,,,1627759|202681|203109|203382|203935|2544|2548|2747,1627759|202681|203382|203935,203109|2544|2548|2747,,,1610612738.0,21700001,False
2,PT03M28.00S,03:28,Q2 03:28,27.46666666666667,293,substitution,SUB in: T. Thompson,[],Thompson,48,30,,False,False,202684.0,,substitution,substitution,,,,1627759|202681|202684|203109|203382|203935|2544|2548|2747,202684|203109|2544|2548|2747,1627759|202681|203382|203935,,,1610612739.0,21700001,False
2,PT03M28.00S,03:28,Q2 03:28,27.46666666666667,294,substitution,SUB in: J. Tatum,[],Tatum,48,30,,False,False,1628369.0,,substitution,2pt made,,,,1627759|1628369|202681|202684|203109|203382|203935|2544|2548|2747,1627759|1628369|202681|203382|203935,202684|203109|2544|2548|2747,,,1610612738.0,21700001,True
2,PT03M17.00S,03:17,Q2 03:17,27.28333333333333,293,2pt,Irving 18' Step Back Jump Shot (9 PTS),[],Irving,48,32,Made,True,False,202681.0,,substitution,3pt missed,,,,1627759|1628369|202681|202684|203109|203382|203935|2544|2548|2747,1627759|1628369|202681|203382|203935,202684|203109|2544|2548|2747,162.0,73.0,1610612738.0,21700001,True
2,PT02M54.00S,02:54,Q2 02:54,26.9,294,3pt,MISS Wade 26' 3PT Jump Shot,[],Wade,48,32,Missed,True,False,2548.0,,2pt made,rebound,,,,1627759|1628369|202681|202684|203109|203382|203935|2544|2548|2747,202684|203109|2544|2548|2747,1627759|1628369|202681|203382|203935,77.0,248.0,1610612739.0,21700001,True
2,PT02M51.00S,02:51,Q2 02:51,26.85,295,rebound,Smart REBOUND (Off:0 Def:6),[],Smart,48,32,,False,False,203935.0,,3pt missed,2pt missed,,,,1627759|1628369|202681|202684|203109|203382|203935|2544|2548|2747,1627759|1628369|202681|203382|203935,202684|203109|2544|2548|2747,,,1610612738.0,21700001,True
2,PT02M46.00S,02:46,Q2 02:46,26.766666666666666,296,2pt,MISS Irving 2' Driving Layup,['pointsinthepaint'],Irving,48,32,Missed,True,False,202681.0,,rebound,rebound,,,,1627759|1628369|202681|202684|203109|203382|203935|2544|2548|2747,1627759|1628369|202681|203382|203935,202684|203109|2544|2548|2747,2.0,16.0,1610612738.0,21700001,True
2,PT02M44.00S,02:44,Q2 02:44,26.733333333333334,297,rebound,James REBOUND (Off:0 Def:7),[],James,48,32,,False,False,2544.0,,2pt missed,2pt missed,,,,1627759|1628369|202681|202684|203109|203382|203935|2544|2548|2747,202684|203109|2544|2548|2747,1627759|1628369|202681|203382|203935,,,1610612739.0,21700001,True
2,PT02M38.00S,02:38,Q2 02:38,26.633333333333333,298,2pt,MISS Wade 2' Layup,['pointsinthepaint'],Wade,48,32,Missed,True,False,2548.0,,rebound,block,,,,1627759|1628369|202681|202684|203109|203382|203935|2544|2548|2747,202684|203109|2544|2548|2747,1627759|1628369|202681|203382|203935,-13.0,14.0,1610612739.0,21700001,True
2,PT02M38.00S,02:38,Q2 02:38,26.633333333333333,298,block,Baynes BLOCK (1 BLK),[],Baynes,48,32,,False,False,203382.0,,2pt missed,rebound,,,203382.0,1627759|1628369|202681|202684|203109|203382|203935|2544|2548|2747,1627759|1628369|202681|203382|203935,202684|203109|2544|2548|2747,,,1610612738.0,21700001,True
2,PT02M32.00S,02:32,Q2 02:32,26.53333333333333,300,rebound,Baynes REBOUND (Off:0 Def:2),[],Baynes,48,32,,False,False,203382.0,,block,foul,,,,1627759|1628369|202681|202684|203109|203382|203935|2544|2548|2747,1627759|1628369|202681|203382|203935,202684|203109|2544|2548|2747,,,1610612738.0,21700001,True
2,PT02M31.00S,02:31,Q2 02:31,26.516666666666666,301,foul,James P.FOUL (P1.T4) (M.Smith),['inpenalty'],James,48,32,,False,False,2544.0,,rebound,foul,1628369.0,,,1627759|1628369|202681|202684|203109|203382|203935|2544|2548|2747,202684|203109|2544|2548|2747,1627759|1628369|202681|203382|203935,,,1610612739.0,21700001,True
2,PT02M18.00S,02:18,Q2 02:18,26.3,304,foul,Thompson P.FOUL (P2.PN) (M.McCutchen),['inpenalty'],Thompson,48,32,,False,False,202684.0,,foul,instant replay,1628369.0,,,1627759|1628369|202681|202684|203109|203382|203935|2544|2548|2747,202684|203109|2544|2548|2747,1627759|1628369|202681|203382|203935,,,1610612739.0,21700001,True
2,PT02M18.00S,02:18,Q2 02:18,26.3,307,freethrow,Tatum Free Throw 1 of 1 (1 PTS),[],Tatum,48,33,Made,False,False,1628369.0,,instant replay,freethrow,,,,1627759|1628369|202681|202684|203109|203382|203935|2544|2548|2747,1627759|1628369|202681|203382|203935,202684|203109|2544|2548|2747,,,1610612738.0,21700001,True
2,PT02M18.00S,02:18,Q2 02:18,26.3,308,freethrow,Tatum Free Throw 2 of 2 (2 PTS),[],Tatum,48,34,Made,False,False,1628369.0,,freethrow,turnover,,,,1627759|1628369|202681|202684|203109|203382|203935|2544|2548|2747,1627759|1628369|202681|203382|203935,202684|203109|2544|2548|2747,,,1610612738.0,21700001,True
2,PT02M03.00S,02:03,Q2 02:03,26.05,309,turnover,Crowder Lost Ball Turnover (P1.T6),[],Crowder,48,34,,False,False,203109.0,,freethrow,steal,,,,1627759|1628369|202681|202684|203109|203382|203935|2544|2548|2747,202684|203109|2544|2548|2747,1627759|1628369|202681|203382|203935,,,1610612739.0,21700001,True
2,PT02M03.00S,02:03,Q2 02:03,26.05,309,steal,Smart STEAL (1 STL),[],Smart,48,34,,False,False,203935.0,,turnover,2pt missed,,203935.0,,1627759|1628369|202681|202684|203109|203382|203935|2544|2548|2747,1627759|1628369|202681|203382|203935,202684|203109|2544|2548|2747,,,1610612738.0,21700001,True
2,PT01M50.00S,01:50,Q2 01:50,25.833333333333332,311,2pt,MISS Tatum 18' Jump Shot,[],Tatum,48,34,Missed,True,False,1628369.0,,steal,rebound,,,,1627759|1628369|202681|202684|203109|203382|203935|2544|2548|2747,1627759|1628369|202681|203382|203935,202684|203109|2544|2548|2747,131.0,117.0,1610612738.0,21700001,True
2,PT01M46.00S,01:46,Q2 01:46,25.766666666666666,312,rebound,Smith REBOUND (Off:0 Def:4),[],Smith,48,34,,False,False,2747.0,,2pt missed,2pt made,,,,1627759|1628369|202681|202684|203109|203382|203935|2544|2548|2747,202684|203109|2544|2548|2747,1627759|1628369|202681|203382|203935,,,1610612739.0,21700001,True
2,PT01M38.00S,01:38,Q2 01:38,25.633333333333333,313,2pt,Smith 17' Jump Shot (8 PTS),[],Smith,50,34,Made,True,False,2747.0,,rebound,2pt made,,,,1627759|1628369|202681|202684|203109|203382|203935|2544|2548|2747,202684|203109|2544|2548|2747,1627759|1628369|202681|203382|203935,6.0,174.0,1610612739.0,21700001,True
2,PT01M21.00S,01:21,Q2 01:21,25.35,314,2pt,Baynes 16' Jump Shot (2 PTS) (Smart 1 AST),[],Baynes,50,36,Made,True,True,203382.0,203935.0,2pt made,2pt made,,,,1627759|1628369|202681|202684|203109|203382|203935|2544|2548|2747,1627759|1628369|202681|203382|203935,202684|203109|2544|2548|2747,69.0,146.0,1610612738.0,21700001,True
2,PT00M57.70S,00:57,Q2 00:57,24.961666666666666,316,2pt,James 19' Jump Shot (14 PTS),[],James,52,36,Made,True,False,2544.0,,2pt made,2pt made,,,,1627759|1628369|202681|202684|203109|203382|203935|2544|2548|2747,202684|203109|2544|2548|2747,1627759|1628369|202681|203382|203935,183.0,32.0,1610612739.0,21700001,True
2,PT00M44.50S,00:44,Q2 00:44,24.741666666666667,317,2pt,Baynes 9' Jump Shot (4 PTS) (Irving 5 AST),['pointsinthepaint'],Baynes,52,38,Made,True,True,203382.0,202681.0,2pt made,2pt missed,,,,1627759|1628369|202681|202684|203109|203382|203935|2544|2548|2747,1627759|1628369|202681|203382|203935,202684|203109|2544|2548|2747,-28.0,90.0,1610612738.0,21700001,True
2,PT00M31.80S,00:31,Q2 00:31,24.53,319,2pt,MISS Crowder 24' Jump Shot,[],Crowder,52,38,Missed,True,False,203109.0,,2pt made,rebound,,,,1627759|1628369|202681|202684|203109|203382|203935|2544|2548|2747,202684|203109|2544|2548|2747,1627759|1628369|202681|203382|203935,29.0,234.0,1610612739.0,21700001,True
2,PT00M28.40S,00:28,Q2 00:28,24.473333333333333,320,rebound,Tatum REBOUND (Off:3 Def:2),[],Tatum,52,38,,False,False,1628369.0,,2pt missed,2pt missed,,,,1627759|1628369|202681|202684|203109|203382|203935|2544|2548|2747,1627759|1628369|202681|203382|203935,202684|203109|2544|2548|2747,,,1610612738.0,21700001,True
2,PT00M20.10S,00:20,Q2 00:20,24.335,321,2pt,MISS Smart 18' Jump Shot,[],Smart,52,38,Missed,True,False,203935.0,,rebound,rebound,,,,1627759|1628369|202681|202684|203109|203382|203935|2544|2548|2747,1627759|1628369|202681|203382|203935,202684|203109|2544|2548|2747,96.0,157.0,1610612738.0,21700001,True
2,PT00M17.90S,00:17,Q2 00:17,24.298333333333332,322,rebound,TEAM defensive REBOUND,['team'],,52,38,,False,False,0.0,,2pt missed,foul,,,,1627759|1628369|202681|202684|203109|203382|203935|2544|2548|2747,202684|203109|2544|2548|2747,1627759|1628369|202681|203382|203935,,,1610612739.0,21700001,True
2,PT00M17.90S,00:17,Q2 00:17,24.298333333333332,323,foul,Baynes L.B.FOUL (P3.PN) (M.McCutchen),['inpenalty'],Baynes,52,38,,False,False,203382.0,,rebound,freethrow,203109.0,,,1627759|1628369|202681|202684|203109|203382|203935|2544|2548|2747,1627759|1628369|202681|203382|203935,202684|203109|2544|2548|2747,,,1610612738.0,21700001,True
2,PT00M17.90S,00:17,Q2 00:17,24.298333333333332,325,freethrow,Crowder Free Throw 1 of 2 (10 PTS),[],Crowder,53,38,Made,False,False,203109.0,,foul,freethrow,,,,1627759|1628369|202681|202684|203109|203382|203935|2544|2548|2747,202684|203109|2544|2548|2747,1627759|1628369|202681|203382|203935,,,1610612739.0,21700001,True
2,PT00M17.90S,00:17,Q2 00:17,24.298333333333332,328,freethrow,Crowder Free Throw 2 of 2 (11 PTS),[],Crowder,54,38,Made,False,False,203109.0,,freethrow,substitution,,,,1627759|1628369|202681|202684|203109|203382|203935|2544|2548|2747,202684|203109|2544|2548|2747,1627759|1628369|202681|203382|203935,,,1610612739.0,21700001,True
2,PT00M17.90S,00:17,Q2 00:17,24.298333333333332,327,substitution,SUB out: A. Baynes,[],Baynes,53,38,,False,False,203382.0,,freethrow,substitution,,,,1627759|1628369|202681|202684|203109|203935|2544|2548|2747,1627759|1628369|202681|203935,202684|203109|2544|2548|2747,,,1610612738.0,21700001,False
2,PT00M17.90S,00:17,Q2 00:17,24.298333333333332,328,substitution,SUB in: A. Horford,[],Horford,53,38,,False,False,201143.0,,substitution,2pt missed,,,,1627759|1628369|201143|202681|202684|203109|203935|2544|2548|2747,1627759|1628369|201143|202681|203935,202684|203109|2544|2548|2747,,,1610612738.0,21700001,True
2,PT00M00.00S,00:00,Q2 00:00,24.0,329,2pt,MISS Irving 19' Step Back Jump Shot,[],Irving,54,38,Missed,True,False,202681.0,,substitution,rebound,,,,1627759|1628369|201143|202681|202684|203109|203935|2544|2548|2747,1627759|1628369|201143|202681|203935,202684|203109|2544|2548|2747,166.0,83.0,1610612738.0,21700001,True
2,PT00M00.00S,00:00,Q2 00:00,24.0,330,rebound,TEAM offensive REBOUND,['team'],,54,38,,False,False,0.0,,2pt missed,period,,,,1627759|1628369|201143|202681|202684|203109|203935|2544|2548|2747,1627759|1628369|201143|202681|203935,202684|203109|2544|2548|2747,,,1610612738.0,21700001,True
2,PT00M00.00S,00:00,Q2 00:00,24.0,331,period,End of 2nd Period (9:09 PM EST),[],,54,38,,False,False,0.0,,rebound,period,,,,1627759|1628369|201143|202681|202684|203109|203935|2544|2548|2747,202684|203109|2544|2548|2747,1627759|1628369|201143|202681|203935,,,1610612739.0,21700001,True
3,PT12M00.00S,12:00,Q3 12:00,24.0,336,period,Start of 3rd Period (9:26 PM EST),[],,54,38,,False,False,0.0,,period,substitution,,,,1627759|1628369|201143|202681|202684|203109|203935|2544|2548|2747,202684|203109|2544|2548|2747,1627759|1628369|201143|202681|203935,,,1610612739.0,21700001,True
3,PT11M50.00S,11:50,Q3 11:50,23.833333333333336,337,foul,Brown P.FOUL (P2.T1) (M.McCutchen),[],Brown,54,38,,False,False,1627759.0,,substitution,2pt missed,201565.0,,,1627759|1628369|201143|201565|201567|202681|203109|203935|2544|2548,1627759|1628369|201143|202681|203935,201565|201567|203109|2544|2548,,,1610612738.0,21700001,True
3,PT11M34.00S,11:34,Q3 11:34,23.566666666666666,339,2pt,MISS Rose 12' Jump Shot,[],Rose,54,38,Missed,True,False,201565.0,,foul,rebound,,,,1627759|1628369|201143|201565|201567|202681|203109|203935|2544|2548,201565|201567|203109|2544|2548,1627759|1628369|201143|202681|203935,118.0,29.0,1610612739.0,21700001,True
3,PT11M31.00S,11:31,Q3 11:31,23.516666666666666,340,rebound,Rose REBOUND (Off:1 Def:3),[],Rose,54,38,,False,False,201565.0,,2pt missed,turnover,,,,1627759|1628369|201143|201565|201567|202681|203109|203935|2544|2548,201565|201567|203109|2544|2548,1627759|1628369|201143|202681|203935,,,1610612739.0,21700001,True
3,PT11M29.00S,11:29,Q3 11:29,23.483333333333334,341,turnover,Rose Bad Pass Turnover (P2.T7),[],Rose,54,38,,False,False,201565.0,,rebound,steal,,,,1627759|1628369|201143|201565|201567|202681|203109|203935|2544|2548,201565|201567|203109|2544|2548,1627759|1628369|201143|202681|203935,,,1610612739.0,21700001,True
3,PT11M29.00S,11:29,Q3 11:29,23.483333333333334,341,steal,Brown STEAL (1 STL),[],Brown,54,38,,False,False,1627759.0,,turnover,2pt made,,1627759.0,,1627759|1628369|201143|201565|201567|202681|203109|203935|2544|2548,1627759|1628369|201143|202681|203935,201565|201567|203109|2544|2548,,,1610612738.0,21700001,True
3,PT11M26.00S,11:26,Q3 11:26,23.433333333333334,343,2pt,Smart 2' Running Layup (2 PTS) (Tatum 3 AST),['pointsinthepaint'],Smart,54,40,Made,True,True,203935.0,1628369.0,steal,turnover,,,,1627759|1628369|201143|201565|201567|202681|203109|203935|2544|2548,1627759|1628369|201143|202681|203935,201565|201567|203109|2544|2548,13.0,21.0,1610612738.0,21700001,True
3,PT11M20.00S,11:20,Q3 11:20,23.333333333333336,347,turnover,Wade Bad Pass Turnover (P2.T8),[],Wade,54,40,,False,False,2548.0,,2pt made,steal,,,,1627759|1628369|201143|201565|201567|202681|203109|203935|2544|2548,201565|201567|203109|2544|2548,1627759|1628369|201143|202681|203935,,,1610612739.0,21700001,True
3,PT11M20.00S,11:20,Q3 11:20,23.333333333333336,347,steal,Smart STEAL (2 STL),[],Smart,54,40,,False,False,203935.0,,turnover,2pt made,,203935.0,,1627759|1628369|201143|201565|201567|202681|203109|203935|2544|2548,1627759|1628369|201143|202681|203935,201565|201567|203109|2544|2548,,,1610612738.0,21700001,True
3,PT11M15.00S,11:15,Q3 11:15,23.25,349,2pt,Tatum 2' Alley Oop Dunk (4 PTS) (Irving 6 AST),['pointsinthepaint'],Tatum,54,42,Made,True,True,1628369.0,202681.0,steal,timeout,,,,1627759|1628369|201143|201565|201567|202681|203109|203935|2544|2548,1627759|1628369|201143|202681|203935,201565|201567|203109|2544|2548,9.0,13.0,1610612738.0,21700001,True
3,PT11M15.00S,11:15,Q3 11:15,23.25,351,timeout,CAVALIERS Timeout: Regular (Full 3 Short 0),[],,54,42,,False,False,0.0,,2pt made,foul,,,,1627759|1628369|201143|201565|201567|202681|203109|203935|2544|2548,201565|201567|203109|2544|2548,1627759|1628369|201143|202681|203935,,,1610612739.0,21700001,True
3,PT11M15.00S,11:15,Q3 11:15,23.25,352,foul,Irving T.FOUL (P2.T1) (M.Smith),[],Irving,54,42,,False,False,202681.0,,timeout,freethrow,201567.0,,,1627759|1628369|201143|201565|201567|202681|203109|203935|2544|2548,1627759|1628369|201143|202681|203935,201565|201567|203109|2544|2548,,,1610612738.0,21700001,True
3,PT11M15.00S,11:15,Q3 11:15,23.25,353,freethrow,Love Free Throw Technical (5 PTS),[],Love,55,42,Made,False,False,201567.0,,foul,2pt made,,,,1627759|1628369|201143|201565|201567|202681|203109|203935|2544|2548,201565|201567|203109|2544|2548,1627759|1628369|201143|202681|203935,,,1610612739.0,21700001,True
3,PT10M52.00S,10:52,Q3 10:52,22.866666666666667,354,2pt,Wade 11' Turnaround Jump Shot (7 PTS),['pointsinthepaint'],Wade,57,42,Made,True,False,2548.0,,freethrow,foul,,,,1627759|1628369|201143|201565|201567|202681|203109|203935|2544|2548,201565|201567|203109|2544|2548,1627759|1628369|201143|202681|203935,0.0,113.0,1610612739.0,21700001,True
3,PT10M52.00S,10:52,Q3 10:52,22.866666666666667,355,foul,Tatum S.FOUL (P3.T2) (B.Forte),[],Tatum,57,42,,False,False,1628369.0,,2pt made,freethrow,2548.0,,,1627759|1628369|201143|201565|201567|202681|203109|203935|2544|2548,1627759|1628369|201143|202681|203935,201565|201567|203109|2544|2548,,,1610612738.0,21700001,True
3,PT10M52.00S,10:52,Q3 10:52,22.866666666666667,357,freethrow,Wade Free Throw 1 of 1 (8 PTS),[],Wade,58,42,Made,False,False,2548.0,,foul,2pt missed,,,,1627759|1628369|201143|201565|201567|202681|203109|203935|2544|2548,201565|201567|203109|2544|2548,1627759|1628369|201143|202681|203935,,,1610612739.0,21700001,True
3,PT10M33.00S,10:33,Q3 10:33,22.55,358,2pt,MISS Horford 8' Driving Hook Shot,['pointsinthepaint'],Horford,58,42,Missed,True,False,201143.0,,freethrow,rebound,,,,1627759|1628369|201143|201565|201567|202681|203109|203935|2544|2548,1627759|1628369|201143|202681|203935,201565|201567|203109|2544|2548,-6.0,83.0,1610612738.0,21700001,True
3,PT10M30.00S,10:30,Q3 10:30,22.5,359,rebound,James REBOUND (Off:0 Def:8),[],James,58,42,,False,False,2544.0,,2pt missed,2pt made,,,,1627759|1628369|201143|201565|201567|202681|203109|203935|2544|2548,201565|201567|203109|2544|2548,1627759|1628369|201143|202681|203935,,,1610612739.0,21700001,True
3,PT10M25.00S,10:25,Q3 10:25,22.416666666666664,360,2pt,James 2' Running Dunk (16 PTS),['pointsinthepaint'],James,60,42,Made,True,False,2544.0,,rebound,foul,,,,1627759|1628369|201143|201565|201567|202681|203109|203935|2544|2548,201565|201567|203109|2544|2548,1627759|1628369|201143|202681|203935,-6.0,21.0,1610612739.0,21700001,True
3,PT10M18.00S,10:18,Q3 10:18,22.3,361,foul,Crowder S.FOUL (P1.T1) (M.Smith),[],Crowder,60,42,,False,False,203109.0,,2pt made,freethrow,201143.0,,,1627759|1628369|201143|201565|201567|202681|203109|203935|2544|2548,201565|201567|203109|2544|2548,1627759|1628369|201143|202681|203935,,,1610612739.0,21700001,True
3,PT10M18.00S,10:18,Q3 10:18,22.3,363,freethrow,Horford Free Throw 1 of 2 (5 PTS),[],Horford,60,43,Made,False,False,201143.0,,foul,freethrow,,,,1627759|1628369|201143|201565|201567|202681|203109|203935|2544|2548,1627759|1628369|201143|202681|203935,201565|201567|203109|2544|2548,,,1610612738.0,21700001,True
3,PT10M18.00S,10:18,Q3 10:18,22.3,364,freethrow,MISS Horford Free Throw 2 of 2,[],Horford,60,43,Missed,False,False,201143.0,,freethrow,rebound,,,,1627759|1628369|201143|201565|201567|202681|203109|203935|2544|2548,1627759|1628369|201143|202681|203935,201565|201567|203109|2544|2548,,,1610612738.0,21700001,True
3,PT10M15.00S,10:15,Q3 10:15,22.25,365,rebound,James REBOUND (Off:0 Def:9),[],James,60,43,,False,False,2544.0,,freethrow,2pt missed,,,,1627759|1628369|201143|201565|201567|202681|203109|203935|2544|2548,201565|201567|203109|2544|2548,1627759|1628369|201143|202681|203935,,,1610612739.0,21700001,True
3,PT10M05.00S,10:05,Q3 10:05,22.083333333333336,366,2pt,MISS Wade 13' Driving Floating Jump Shot,['pointsinthepaint'],Wade,60,43,Missed,True,False,2548.0,,rebound,rebound,,,,1627759|1628369|201143|201565|201567|202681|203109|203935|2544|2548,201565|201567|203109|2544|2548,1627759|1628369|201143|202681|203935,20.0,130.0,1610612739.0,21700001,True
3,PT10M02.00S,10:02,Q3 10:02,22.03333333333333,367,rebound,Irving REBOUND (Off:1 Def:1),[],Irving,60,43,,False,False,202681.0,,2pt missed,foul,,,,1627759|1628369|201143|201565|201567|202681|203109|203935|2544|2548,1627759|1628369|201143|202681|203935,201565|201567|203109|2544|2548,,,1610612738.0,21700001,True
3,PT09M57.00S,09:57,Q3 09:57,21.95,368,foul,Crowder P.FOUL (P2.T2) (M.Smith),[],Crowder,60,43,,False,False,203109.0,,rebound,foul,201143.0,,,1627759|1628369|201143|201565|201567|202681|203109|203935|2544|2548,201565|201567|203109|2544|2548,1627759|1628369|201143|202681|203935,,,1610612739.0,21700001,True
3,PT09M57.00S,09:57,Q3 09:57,21.95,370,foul,Horford T.FOUL (P1.T2) (M.McCutchen),[],Horford,60,43,,False,False,201143.0,,foul,freethrow,201567.0,,,1627759|1628369|201143|201565|201567|202681|203109|203935|2544|2548,1627759|1628369|201143|202681|203935,201565|201567|203109|2544|2548,,,1610612738.0,21700001,True
3,PT09M57.00S,09:57,Q3 09:57,21.95,371,freethrow,Love Free Throw Technical (6 PTS),[],Love,61,43,Made,False,False,201567.0,,foul,foul,,,,1627759|1628369|201143|201565|201567|202681|203109|203935|2544|2548,201565|201567|203109|2544|2548,1627759|1628369|201143|202681|203935,,,1610612739.0,21700001,True
3,PT09M50.00S,09:50,Q3 09:50,21.833333333333336,372,foul,Wade S.FOUL (P1.T3) (M.McCutchen),[],Wade,61,43,,False,False,2548.0,,freethrow,freethrow,201143.0,,,1627759|1628369|201143|201565|201567|202681|203109|203935|2544|2548,201565|201567|203109|2544|2548,1627759|1628369|201143|202681|203935,,,1610612739.0,21700001,True
3,PT09M50.00S,09:50,Q3 09:50,21.833333333333336,374,freethrow,MISS Horford Free Throw 1 of 2,[],Horford,61,43,Missed,False,False,201143.0,,foul,rebound,,,,1627759|1628369|201143|201565|201567|202681|203109|203935|2544|2548,1627759|1628369|201143|202681|203935,201565|201567|203109|2544|2548,,,1610612738.0,21700001,True
3,PT09M50.00S,09:50,Q3 09:50,21.833333333333336,375,rebound,TEAM offensive REBOUND,['team'],,61,43,,False,False,0.0,,freethrow,freethrow,,,,1627759|1628369|201143|201565|201567|202681|203109|203935|2544|2548,1627759|1628369|201143|202681|203935,201565|201567|203109|2544|2548,,,1610612738.0,21700001,True
3,PT09M50.00S,09:50,Q3 09:50,21.833333333333336,376,freethrow,Horford Free Throw 2 of 2 (6 PTS),['2ndchance'],Horford,61,44,Made,False,False,201143.0,,rebound,3pt missed,,,,1627759|1628369|201143|201565|201567|202681|203109|203935|2544|2548,1627759|1628369|201143|202681|203935,201565|201567|203109|2544|2548,,,1610612738.0,21700001,True
3,PT09M38.00S,09:38,Q3 09:38,21.633333333333333,377,3pt,MISS Love 25' 3PT Jump Shot,[],Love,61,44,Missed,True,False,201567.0,,freethrow,rebound,,,,1627759|1628369|201143|201565|201567|202681|203109|203935|2544|2548,201565|201567|203109|2544|2548,1627759|1628369|201143|202681|203935,41.0,244.0,1610612739.0,21700001,True
3,PT09M35.00S,09:35,Q3 09:35,21.583333333333336,378,rebound,Smart REBOUND (Off:0 Def:7),[],Smart,61,44,,False,False,203935.0,,3pt missed,2pt made,,,,1627759|1628369|201143|201565|201567|202681|203109|203935|2544|2548,1627759|1628369|201143|202681|203935,201565|201567|203109|2544|2548,,,1610612738.0,21700001,True
3,PT09M25.00S,09:25,Q3 09:25,21.416666666666664,379,2pt,Brown 1' Cutting Layup Shot (14 PTS) (Horford 3 AST),['pointsinthepaint'],Brown,61,46,Made,True,True,1627759.0,201143.0,rebound,3pt missed,,,,1627759|1628369|201143|201565|201567|202681|203109|203935|2544|2548,1627759|1628369|201143|202681|203935,201565|201567|203109|2544|2548,-2.0,8.0,1610612738.0,21700001,True
3,PT09M07.00S,09:07,Q3 09:07,21.116666666666667,381,3pt,MISS James 27' 3PT Jump Shot,[],James,61,46,Missed,True,False,2544.0,,2pt made,rebound,,,,1627759|1628369|201143|201565|201567|202681|203109|203935|2544|2548,201565|201567|203109|2544|2548,1627759|1628369|201143|202681|203935,-210.0,162.0,1610612739.0,21700001,True
3,PT09M05.00S,09:05,Q3 09:05,21.083333333333336,382,rebound,Tatum REBOUND (Off:3 Def:3),[],Tatum,61,46,,False,False,1628369.0,,3pt missed,2pt made,,,,1627759|1628369|201143|201565|201567|202681|203109|203935|2544|2548,1627759|1628369|201143|202681|203935,201565|201567|203109|2544|2548,,,1610612738.0,21700001,True
3,PT08M54.00S,08:54,Q3 08:54,20.9,383,2pt,Smart 7' Turnaround Jump Shot (4 PTS),['pointsinthepaint'],Smart,61,48,Made,True,False,203935.0,,rebound,turnover,,,,1627759|1628369|201143|201565|201567|202681|203109|203935|2544|2548,1627759|1628369|201143|202681|203935,201565|201567|203109|2544|2548,-70.0,17.0,1610612738.0,21700001,True
3,PT08M37.00S,08:37,Q3 08:37,20.616666666666667,384,turnover,Wade Bad Pass Turnover (P3.T9),[],Wade,61,48,,False,False,2548.0,,2pt made,steal,,,,1627759|1628369|201143|201565|201567|202681|203109|203935|2544|2548,201565|201567|203109|2544|2548,1627759|1628369|201143|202681|203935,,,1610612739.0,21700001,True
3,PT08M37.00S,08:37,Q3 08:37,20.616666666666667,384,steal,Brown STEAL (2 STL),[],Brown,61,48,,False,False,1627759.0,,turnover,2pt made,,1627759.0,,1627759|1628369|201143|201565|201567|202681|203109|203935|2544|2548,1627759|1628369|201143|202681|203935,201565|201567|203109|2544|2548,,,1610612738.0,21700001,True
3,PT08M33.00S,08:33,Q3 08:33,20.55,386,2pt,Brown 3' Cutting Layup Shot (16 PTS),['pointsinthepaint'],Brown,61,50,Made,True,False,1627759.0,,steal,timeout,,,,1627759|1628369|201143|201565|201567|202681|203109|203935|2544|2548,1627759|1628369|201143|202681|203935,201565|201567|203109|2544|2548,24.0,20.0,1610612738.0,21700001,True
3,PT08M33.00S,08:33,Q3 08:33,20.55,387,timeout,CAVALIERS Timeout: Regular (Full 4 Short 0),[],,61,50,,False,False,0.0,,2pt made,turnover,,,,1627759|1628369|201143|201565|201567|202681|203109|203935|2544|2548,201565|201567|203109|2544|2548,1627759|1628369|201143|202681|203935,,,1610612739.0,21700001,True
3,PT08M15.00S,08:15,Q3 08:15,20.25,389,turnover,Wade Bad Pass Turnover (P4.T10),[],Wade,61,50,,False,False,2548.0,,timeout,steal,,,,1627759|1628369|201143|201565|201567|202681|203109|203935|2544|2548,201565|201567|203109|2544|2548,1627759|1628369|201143|202681|203935,,,1610612739.0,21700001,True
3,PT08M15.00S,08:15,Q3 08:15,20.25,389,steal,Irving STEAL (3 STL),[],Irving,61,50,,False,False,202681.0,,turnover,2pt made,,202681.0,,1627759|1628369|201143|201565|201567|202681|203109|203935|2544|2548,1627759|1628369|201143|202681|203935,201565|201567|203109|2544|2548,,,1610612738.0,21700001,True
3,PT08M09.00S,08:09,Q3 08:09,20.15,391,2pt,Brown 2' Running Layup (18 PTS) (Horford 4 AST),['pointsinthepaint'],Brown,61,52,Made,True,True,1627759.0,201143.0,steal,foul,,,,1627759|1628369|201143|201565|201567|202681|203109|203935|2544|2548,1627759|1628369|201143|202681|203935,201565|201567|203109|2544|2548,8.0,21.0,1610612738.0,21700001,True
3,PT07M59.00S,07:59,Q3 07:59,19.983333333333334,393,foul,Irving P.FOUL (P3.T3) (B.Forte),['inpenalty'],Irving,61,52,,False,False,202681.0,,2pt made,2pt made,201567.0,,,1627759|1628369|201143|201565|201567|202681|203109|203935|2544|2548,1627759|1628369|201143|202681|203935,201565|201567|203109|2544|2548,,,1610612738.0,21700001,True
3,PT07M51.00S,07:51,Q3 07:51,19.85,395,2pt,Love 20' Jump Shot (8 PTS) (Wade 2 AST),[],Love,63,52,Made,True,True,201567.0,2548.0,foul,2pt missed,,,,1627759|1628369|201143|201565|201567|202681|203109|203935|2544|2548,201565|201567|203109|2544|2548,1627759|1628369|201143|202681|203935,-133.0,146.0,1610612739.0,21700001,True
3,PT07M28.00S,07:28,Q3 07:28,19.46666666666667,397,2pt,MISS Brown 10' Step Back Jump Shot,['pointsinthepaint'],Brown,63,52,Missed,True,False,1627759.0,,2pt made,rebound,,,,1627759|1628369|201143|201565|201567|202681|203109|203935|2544|2548,1627759|1628369|201143|202681|203935,201565|201567|203109|2544|2548,0.0,103.0,1610612738.0,21700001,True
3,PT07M25.00S,07:25,Q3 07:25,19.416666666666668,398,rebound,James REBOUND (Off:0 Def:10),[],James,63,52,,False,False,2544.0,,2pt missed,foul,,,,1627759|1628369|201143|201565|201567|202681|203109|203935|2544|2548,201565|201567|203109|2544|2548,1627759|1628369|201143|202681|203935,,,1610612739.0,21700001,True
3,PT07M22.00S,07:22,Q3 07:22,19.366666666666667,399,foul,James Offensive Charge Foul (P2.T4) (M.McCutchen),[],James,63,52,,False,False,2544.0,,rebound,turnover,202681.0,,,1627759|1628369|201143|201565|201567|202681|203109|203935|2544|2548,201565|201567|203109|2544|2548,1627759|1628369|201143|202681|203935,,,1610612739.0,21700001,True
3,PT07M22.00S,07:22,Q3 07:22,19.366666666666667,401,turnover,James Offensive Foul Turnover (P2.T11),[],James,63,52,,False,False,2544.0,,foul,3pt missed,,,,1627759|1628369|201143|201565|201567|202681|203109|203935|2544|2548,201565|201567|203109|2544|2548,1627759|1628369|201143|202681|203935,,,1610612739.0,21700001,True
3,PT07M12.00S,07:12,Q3 07:12,19.2,402,3pt,MISS Irving 26' 3PT Jump Shot,[],Irving,63,52,Missed,True,False,202681.0,,turnover,rebound,,,,1627759|1628369|201143|201565|201567|202681|203109|203935|2544|2548,1627759|1628369|201143|202681|203935,201565|201567|203109|2544|2548,3.0,255.0,1610612738.0,21700001,True
3,PT07M09.00S,07:09,Q3 07:09,19.15,403,rebound,Love REBOUND (Off:1 Def:4),[],Love,63,52,,False,False,201567.0,,3pt missed,2pt missed,,,,1627759|1628369|201143|201565|201567|202681|203109|203935|2544|2548,201565|201567|203109|2544|2548,1627759|1628369|201143|202681|203935,,,1610612739.0,21700001,True
3,PT07M02.00S,07:02,Q3 07:02,19.03333333333333,404,2pt,MISS Wade 18' Jump Shot,[],Wade,63,52,Missed,True,False,2548.0,,rebound,rebound,,,,1627759|1628369|201143|201565|201567|202681|203109|203935|2544|2548,201565|201567|203109|2544|2548,1627759|1628369|201143|202681|203935,-142.0,105.0,1610612739.0,21700001,True
3,PT06M59.00S,06:59,Q3 06:59,18.983333333333334,405,rebound,Love REBOUND (Off:2 Def:4),[],Love,63,52,,False,False,201567.0,,2pt missed,3pt missed,,,,1627759|1628369|201143|201565|201567|202681|203109|203935|2544|2548,201565|201567|203109|2544|2548,1627759|1628369|201143|202681|203935,,,1610612739.0,21700001,True
3,PT06M54.00S,06:54,Q3 06:54,18.9,406,3pt,MISS Crowder 3PT Jump Shot,[],Crowder,63,52,Missed,True,False,203109.0,,rebound,rebound,,,,1627759|1628369|201143|201565|201567|202681|203109|203935|2544|2548,201565|201567|203109|2544|2548,1627759|1628369|201143|202681|203935,225.0,-9.0,1610612739.0,21700001,True
3,PT06M51.00S,06:51,Q3 06:51,18.85,407,rebound,Horford REBOUND (Off:0 Def:6),[],Horford,63,52,,False,False,201143.0,,3pt missed,3pt made,,,,1627759|1628369|201143|201565|201567|202681|203109|203935|2544|2548,1627759|1628369|201143|202681|203935,201565|201567|203109|2544|2548,,,1610612738.0,21700001,True
3,PT06M48.00S,06:48,Q3 06:48,18.8,408,3pt,Irving 26' 3PT Jump Shot (12 PTS) (Smart 2 AST),[],Irving,63,55,Made,True,True,202681.0,203935.0,rebound,2pt made,,,,1627759|1628369|201143|201565|201567|202681|203109|203935|2544|2548,1627759|1628369|201143|202681|203935,201565|201567|203109|2544|2548,206.0,156.0,1610612738.0,21700001,True
3,PT06M34.00S,06:34,Q3 06:34,18.566666666666666,410,2pt,Rose 2' Driving Layup (9 PTS),['pointsinthepaint'],Rose,65,55,Made,True,False,201565.0,,3pt made,3pt missed,,,,1627759|1628369|201143|201565|201567|202681|203109|203935|2544|2548,201565|201567|203109|2544|2548,1627759|1628369|201143|202681|203935,-14.0,10.0,1610612739.0,21700001,True
3,PT06M25.00S,06:25,Q3 06:25,18.416666666666668,411,3pt,MISS Smart 25' 3PT Jump Shot,[],Smart,65,55,Missed,True,False,203935.0,,2pt made,rebound,,,,1627759|1628369|201143|201565|201567|202681|203109|203935|2544|2548,1627759|1628369|201143|202681|203935,201565|201567|203109|2544|2548,-211.0,127.0,1610612738.0,21700001,True
3,PT06M23.00S,06:23,Q3 06:23,18.383333333333333,412,rebound,Crowder REBOUND (Off:1 Def:2),[],Crowder,65,55,,False,False,203109.0,,3pt missed,3pt missed,,,,1627759|1628369|201143|201565|201567|202681|203109|203935|2544|2548,201565|201567|203109|2544|2548,1627759|1628369|201143|202681|203935,,,1610612739.0,21700001,True
3,PT06M08.00S,06:08,Q3 06:08,18.133333333333333,413,3pt,MISS Rose 24' 3PT Jump Shot,[],Rose,65,55,Missed,True,False,201565.0,,rebound,rebound,,,,1627759|1628369|201143|201565|201567|202681|203109|203935|2544|2548,201565|201567|203109|2544|2548,1627759|1628369|201143|202681|203935,-235.0,43.0,1610612739.0,21700001,True
3,PT06M04.00S,06:04,Q3 06:04,18.066666666666666,414,rebound,Brown REBOUND (Off:1 Def:4),[],Brown,65,55,,False,False,1627759.0,,3pt missed,turnover,,,,1627759|1628369|201143|201565|201567|202681|203109|203935|2544|2548,1627759|1628369|201143|202681|203935,201565|201567|203109|2544|2548,,,1610612738.0,21700001,True
3,PT05M57.00S,05:57,Q3 05:57,17.95,415,turnover,Smart Out of Bounds - Bad Pass Turnover Turnover (P2.T9),[],Smart,65,55,,False,False,203935.0,,rebound,2pt missed,,,,1627759|1628369|201143|201565|201567|202681|203109|203935|2544|2548,1627759|1628369|201143|202681|203935,201565|201567|203109|2544|2548,,,1610612738.0,21700001,True
3,PT05M41.00S,05:41,Q3 05:41,17.683333333333334,416,2pt,MISS Wade 1' Driving Layup,['pointsinthepaint'],Wade,65,55,Missed,True,False,2548.0,,turnover,rebound,,,,1627759|1628369|201143|201565|201567|202681|203109|203935|2544|2548,201565|201567|203109|2544|2548,1627759|1628369|201143|202681|203935,5.0,1.0,1610612739.0,21700001,True
3,PT05M40.00S,05:40,Q3 05:40,17.666666666666668,417,rebound,Wade REBOUND (Off:1 Def:0),[],Wade,65,55,,False,False,2548.0,,2pt missed,2pt missed,,,,1627759|1628369|201143|201565|201567|202681|203109|203935|2544|2548,201565|201567|203109|2544|2548,1627759|1628369|201143|202681|203935,,,1610612739.0,21700001,True
3,PT05M40.00S,05:40,Q3 05:40,17.666666666666668,418,2pt,MISS Wade 1' Tip Layup Shot,['pointsinthepaint'],Wade,65,55,Missed,True,False,2548.0,,rebound,rebound,,,,1627759|1628369|201143|201565|201567|202681|203109|203935|2544|2548,201565|201567|203109|2544|2548,1627759|1628369|201143|202681|203935,0.0,-6.0,1610612739.0,21700001,True
3,PT05M38.00S,05:38,Q3 05:38,17.633333333333333,419,rebound,Tatum REBOUND (Off:3 Def:4),[],Tatum,65,55,,False,False,1628369.0,,2pt missed,2pt made,,,,1627759|1628369|201143|201565|201567|202681|203109|203935|2544|2548,1627759|1628369|201143|202681|203935,201565|201567|203109|2544|2548,,,1610612738.0,21700001,True
3,PT05M30.00S,05:30,Q3 05:30,17.5,420,2pt,Tatum 2' Driving Layup (6 PTS) (Smart 3 AST),['pointsinthepaint'],Tatum,65,57,Made,True,True,1628369.0,203935.0,rebound,foul,,,,1627759|1628369|201143|201565|201567|202681|203109|203935|2544|2548,1627759|1628369|201143|202681|203935,201565|201567|203109|2544|2548,16.0,17.0,1610612738.0,21700001,True
3,PT05M30.00S,05:30,Q3 05:30,17.5,422,foul,James S.FOUL (P3.PN) (B.Forte),[],James,65,57,,False,False,2544.0,,2pt made,freethrow,1628369.0,,,1627759|1628369|201143|201565|201567|202681|203109|203935|2544|2548,201565|201567|203109|2544|2548,1627759|1628369|201143|202681|203935,,,1610612739.0,21700001,True
3,PT05M30.00S,05:30,Q3 05:30,17.5,428,freethrow,Tatum Free Throw 1 of 1 (7 PTS),[],Tatum,65,58,Made,False,False,1628369.0,,foul,substitution,,,,1627759|1628369|201143|201565|201567|202681|203109|203935|2544|2548,1627759|1628369|201143|202681|203935,201565|201567|203109|2544|2548,,,1610612738.0,21700001,True
3,PT05M30.00S,05:30,Q3 05:30,17.5,426,substitution,SUB out: D. Wade,[],Wade,65,57,,False,False,2548.0,,freethrow,substitution,,,,1627759|1628369|201143|201565|201567|202681|203109|203935|2544,201565|201567|203109|2544,1627759|1628369|201143|202681|203935,,,1610612739.0,21700001,False
3,PT05M30.00S,05:30,Q3 05:30,17.5,427,substitution,SUB out: A. Horford,[],Horford,65,57,,False,False,201143.0,,substitution,substitution,,,,1627759|1628369|201565|201567|202681|203109|203935|2544,1627759|1628369|202681|203935,201565|201567|203109|2544,,,1610612738.0,21700001,False
3,PT05M30.00S,05:30,Q3 05:30,17.5,428,substitution,SUB out: M. Smart,[],Smart,65,57,,False,False,203935.0,,substitution,substitution,,,,1627759|1628369|201565|201567|202681|203109|2544,1627759|1628369|202681,201565|201567|203109|2544,,,1610612738.0,21700001,False
3,PT05M30.00S,05:30,Q3 05:30,17.5,429,substitution,SUB in: J. Smith,[],Smith,65,57,,False,False,2747.0,,substitution,substitution,,,,1627759|1628369|201565|201567|202681|203109|2544|2747,201565|201567|203109|2544|2747,1627759|1628369|202681,,,1610612739.0,21700001,False
3,PT05M30.00S,05:30,Q3 05:30,17.5,430,substitution,SUB in: T. Rozier,[],Rozier,65,57,,False,False,1626179.0,,substitution,substitution,,,,1626179|1627759|1628369|201565|201567|202681|203109|2544|2747,1626179|1627759|1628369|202681,201565|201567|203109|2544|2747,,,1610612738.0,21700001,False
3,PT05M30.00S,05:30,Q3 05:30,17.5,431,substitution,SUB in: A. Baynes,[],Baynes,65,57,,False,False,203382.0,,substitution,3pt missed,,,,1626179|1627759|1628369|201565|201567|202681|203109|203382|2544|2747,1626179|1627759|1628369|202681|203382,201565|201567|203109|2544|2747,,,1610612738.0,21700001,True
3,PT05M17.00S,05:17,Q3 05:17,17.28333333333333,429,3pt,MISS Smith 26' 3PT Jump Shot,[],Smith,65,58,Missed,True,False,2747.0,,substitution,rebound,,,,1626179|1627759|1628369|201565|201567|202681|203109|203382|2544|2747,201565|201567|203109|2544|2747,1626179|1627759|1628369|202681|203382,178.0,185.0,1610612739.0,21700001,True
3,PT05M07.00S,05:07,Q3 05:07,17.116666666666667,430,rebound,Baynes REBOUND (Off:0 Def:3),[],Baynes,65,58,,False,False,203382.0,,3pt missed,2pt made,,,,1626179|1627759|1628369|201565|201567|202681|203109|203382|2544|2747,1626179|1627759|1628369|202681|203382,201565|201567|203109|2544|2747,,,1610612738.0,21700001,True
3,PT04M59.00S,04:59,Q3 04:59,16.983333333333334,433,2pt,Brown Layup (20 PTS) (Irving 7 AST),['pointsinthepaint'],Brown,65,60,Made,True,True,1627759.0,202681.0,rebound,foul,,,,1626179|1627759|1628369|201565|201567|202681|203109|203382|2544|2747,1626179|1627759|1628369|202681|203382,201565|201567|203109|2544|2747,0.0,4.0,1610612738.0,21700001,True
3,PT04M59.00S,04:59,Q3 04:59,16.983333333333334,437,foul,Rose S.FOUL (P2.PN) (M.McCutchen),['inpenalty'],Rose,65,60,,False,False,201565.0,,2pt made,freethrow,1627759.0,,,1626179|1627759|1628369|201565|201567|202681|203109|203382|2544|2747,201565|201567|203109|2544|2747,1626179|1627759|1628369|202681|203382,,,1610612739.0,21700001,True
3,PT04M59.00S,04:59,Q3 04:59,16.983333333333334,439,freethrow,MISS Brown Free Throw 1 of 1,[],Brown,65,60,Missed,False,False,1627759.0,,foul,rebound,,,,1626179|1627759|1628369|201565|201567|202681|203109|203382|2544|2747,1626179|1627759|1628369|202681|203382,201565|201567|203109|2544|2747,,,1610612738.0,21700001,True
3,PT04M59.00S,04:59,Q3 04:59,16.983333333333334,442,rebound,Love REBOUND (Off:2 Def:5),[],Love,65,60,,False,False,201567.0,,freethrow,2pt made,,,,1626179|1627759|1628369|201565|201567|202681|203109|203382|2544|2747,201565|201567|203109|2544|2747,1626179|1627759|1628369|202681|203382,,,1610612739.0,21700001,True
3,PT04M31.00S,04:31,Q3 04:31,16.516666666666666,441,2pt,Love 1' Cutting Layup Shot (10 PTS) (James 7 AST),['pointsinthepaint'],Love,67,60,Made,True,True,201567.0,2544.0,rebound,2pt missed,,,,1626179|1627759|1628369|201565|201567|202681|203109|203382|2544|2747,201565|201567|203109|2544|2747,1626179|1627759|1628369|202681|203382,-5.0,7.0,1610612739.0,21700001,True
3,PT04M15.00S,04:15,Q3 04:15,16.25,444,2pt,MISS Tatum 12' Jump Shot,[],Tatum,67,60,Missed,True,False,1628369.0,,2pt made,rebound,,,,1626179|1627759|1628369|201565|201567|202681|203109|203382|2544|2747,1626179|1627759|1628369|202681|203382,201565|201567|203109|2544|2747,-96.0,80.0,1610612738.0,21700001,True
3,PT04M12.00S,04:12,Q3 04:12,16.2,445,rebound,Baynes REBOUND (Off:1 Def:3),[],Baynes,67,60,,False,False,203382.0,,2pt missed,3pt missed,,,,1626179|1627759|1628369|201565|201567|202681|203109|203382|2544|2747,1626179|1627759|1628369|202681|203382,201565|201567|203109|2544|2747,,,1610612738.0,21700001,True
3,PT04M08.00S,04:08,Q3 04:08,16.133333333333333,446,3pt,MISS Brown 26' 3PT Jump Shot,[],Brown,67,60,Missed,True,False,1627759.0,,rebound,rebound,,,,1626179|1627759|1628369|201565|201567|202681|203109|203382|2544|2747,1626179|1627759|1628369|202681|203382,201565|201567|203109|2544|2747,-223.0,129.0,1610612738.0,21700001,True
3,PT04M05.00S,04:05,Q3 04:05,16.083333333333332,447,rebound,Love REBOUND (Off:2 Def:6),[],Love,67,60,,False,False,201567.0,,3pt missed,turnover,,,,1626179|1627759|1628369|201565|201567|202681|203109|203382|2544|2747,201565|201567|203109|2544|2747,1626179|1627759|1628369|202681|203382,,,1610612739.0,21700001,True
3,PT04M00.00S,04:00,Q3 04:00,16.0,448,turnover,James Bad Pass Turnover (P3.T12),[],James,67,60,,False,False,2544.0,,rebound,steal,,,,1626179|1627759|1628369|201565|201567|202681|203109|203382|2544|2747,201565|201567|203109|2544|2747,1626179|1627759|1628369|202681|203382,,,1610612739.0,21700001,True
3,PT04M00.00S,04:00,Q3 04:00,16.0,448,steal,Rozier STEAL (1 STL),[],Rozier,67,60,,False,False,1626179.0,,turnover,3pt made,,1626179.0,,1626179|1627759|1628369|201565|201567|202681|203109|203382|2544|2747,1626179|1627759|1628369|202681|203382,201565|201567|203109|2544|2747,,,1610612738.0,21700001,True
3,PT03M53.00S,03:53,Q3 03:53,15.883333333333333,450,3pt,Tatum 26' 3PT Jump Shot (10 PTS) (Rozier 1 AST),[],Tatum,67,63,Made,True,True,1628369.0,1626179.0,steal,3pt missed,,,,1626179|1627759|1628369|201565|201567|202681|203109|203382|2544|2747,1626179|1627759|1628369|202681|203382,201565|201567|203109|2544|2747,-177.0,184.0,1610612738.0,21700001,True
3,PT03M37.00S,03:37,Q3 03:37,15.616666666666667,452,3pt,MISS Love 25' 3PT Jump Shot,[],Love,67,63,Missed,True,False,201567.0,,3pt made,rebound,,,,1626179|1627759|1628369|201565|201567|202681|203109|203382|2544|2747,201565|201567|203109|2544|2747,1626179|1627759|1628369|202681|203382,80.0,242.0,1610612739.0,21700001,True
3,PT03M36.00S,03:36,Q3 03:36,15.6,453,rebound,Irving REBOUND (Off:1 Def:2),[],Irving,67,63,,False,False,202681.0,,3pt missed,turnover,,,,1626179|1627759|1628369|201565|201567|202681|203109|203382|2544|2747,1626179|1627759|1628369|202681|203382,201565|201567|203109|2544|2747,,,1610612738.0,21700001,True
3,PT03M20.00S,03:20,Q3 03:20,15.333333333333334,455,turnover,Irving Bad Pass Turnover (P2.T10),[],Irving,67,63,,False,False,202681.0,,rebound,steal,,,,1626179|1627759|1628369|201565|201567|202681|203109|203382|2544|2747,1626179|1627759|1628369|202681|203382,201565|201567|203109|2544|2747,,,1610612738.0,21700001,True
3,PT03M20.00S,03:20,Q3 03:20,15.333333333333334,455,steal,Crowder STEAL (2 STL),[],Crowder,67,63,,False,False,203109.0,,turnover,foul,,203109.0,,1626179|1627759|1628369|201565|201567|202681|203109|203382|2544|2747,201565|201567|203109|2544|2747,1626179|1627759|1628369|202681|203382,,,1610612739.0,21700001,True
3,PT03M20.00S,03:20,Q3 03:20,15.333333333333334,457,foul,Tatum P.FOUL (P4.T4) (M.McCutchen),['inpenalty'],Tatum,67,63,,False,False,1628369.0,,steal,substitution,,,,1626179|1627759|1628369|201565|201567|202681|203109|203382|2544|2747,1626179|1627759|1628369|202681|203382,201565|201567|203109|2544|2747,,,1610612738.0,21700001,True
3,PT03M20.00S,03:20,Q3 03:20,15.333333333333334,463,substitution,SUB out: K. Love,[],Love,67,63,,False,False,201567.0,,foul,substitution,,,,1626179|1627759|1628369|201565|202681|203109|203382|2544|2747,201565|203109|2544|2747,1626179|1627759|1628369|202681|203382,,,1610612739.0,21700001,False
3,PT03M20.00S,03:20,Q3 03:20,15.333333333333334,464,substitution,SUB out: L. James,[],James,67,63,,False,False,2544.0,,substitution,substitution,,,,1626179|1627759|1628369|201565|202681|203109|203382|2747,201565|203109|2747,1626179|1627759|1628369|202681|203382,,,1610612739.0,21700001,False
3,PT03M20.00S,03:20,Q3 03:20,15.333333333333334,465,substitution,SUB out: J. Brown,[],Brown,67,63,,False,False,1627759.0,,substitution,substitution,,,,1626179|1628369|201565|202681|203109|203382|2747,1626179|1628369|202681|203382,201565|203109|2747,,,1610612738.0,21700001,False
3,PT03M20.00S,03:20,Q3 03:20,15.333333333333334,466,substitution,SUB out: K. Irving,[],Irving,67,63,,False,False,202681.0,,substitution,substitution,,,,1626179|1628369|201565|203109|203382|2747,1626179|1628369|203382,201565|203109|2747,,,1610612738.0,21700001,False
3,PT03M20.00S,03:20,Q3 03:20,15.333333333333334,467,substitution,SUB in: J. Green,[],Green,67,63,,False,False,201145.0,,substitution,substitution,,,,1626179|1628369|201145|201565|203109|203382|2747,201145|201565|203109|2747,1626179|1628369|203382,,,1610612739.0,21700001,False
3,PT03M20.00S,03:20,Q3 03:20,15.333333333333334,468,substitution,SUB in: T. Thompson,[],Thompson,67,63,,False,False,202684.0,,substitution,substitution,,,,1626179|1628369|201145|201565|202684|203109|203382|2747,201145|201565|202684|203109|2747,1626179|1628369|203382,,,1610612739.0,21700001,False
3,PT03M20.00S,03:20,Q3 03:20,15.333333333333334,469,substitution,SUB in: S. Larkin,[],Larkin,67,63,,False,False,203499.0,,substitution,substitution,,,,1626179|1628369|201145|201565|202684|203109|203382|203499|2747,1626179|1628369|203382|203499,201145|201565|202684|203109|2747,,,1610612738.0,21700001,False
3,PT03M20.00S,03:20,Q3 03:20,15.333333333333334,470,substitution,SUB in: M. Smart,[],Smart,67,63,,False,False,203935.0,,substitution,turnover,,,,1626179|1628369|201145|201565|202684|203109|203382|203499|203935|2747,1626179|1628369|203382|203499|203935,201145|201565|202684|203109|2747,,,1610612738.0,21700001,True
3,PT03M12.00S,03:12,Q3 03:12,15.2,467,turnover,Thompson Bad Pass Turnover (P1.T13),[],Thompson,67,63,,False,False,202684.0,,substitution,steal,,,,1626179|1628369|201145|201565|202684|203109|203382|203499|203935|2747,201145|201565|202684|203109|2747,1626179|1628369|203382|203499|203935,,,1610612739.0,21700001,True
3,PT03M12.00S,03:12,Q3 03:12,15.2,467,steal,Rozier STEAL (2 STL),[],Rozier,67,63,,False,False,1626179.0,,turnover,2pt missed,,1626179.0,,1626179|1628369|201145|201565|202684|203109|203382|203499|203935|2747,1626179|1628369|203382|203499|203935,201145|201565|202684|203109|2747,,,1610612738.0,21700001,True
3,PT03M04.00S,03:04,Q3 03:04,15.066666666666666,469,2pt,MISS Rozier 18' Jump Shot,[],Rozier,67,63,Missed,True,False,1626179.0,,steal,rebound,,,,1626179|1628369|201145|201565|202684|203109|203382|203499|203935|2747,1626179|1628369|203382|203499|203935,201145|201565|202684|203109|2747,133.0,120.0,1610612738.0,21700001,True
3,PT03M04.00S,03:04,Q3 03:04,15.066666666666666,470,rebound,Baynes REBOUND (Off:2 Def:3),[],Baynes,67,63,,False,False,203382.0,,2pt missed,foul,,,,1626179|1628369|201145|201565|202684|203109|203382|203499|203935|2747,1626179|1628369|203382|203499|203935,201145|201565|202684|203109|2747,,,1610612738.0,21700001,True
3,PT03M04.00S,03:04,Q3 03:04,15.066666666666666,471,foul,Smith S.FOUL (P2.PN) (M.Smith),['inpenalty'],Smith,67,63,,False,False,2747.0,,rebound,freethrow,203382.0,,,1626179|1628369|201145|201565|202684|203109|203382|203499|203935|2747,201145|201565|202684|203109|2747,1626179|1628369|203382|203499|203935,,,1610612739.0,21700001,True
3,PT03M04.00S,03:04,Q3 03:04,15.066666666666666,473,freethrow,MISS Baynes Free Throw 1 of 2,[],Baynes,67,63,Missed,False,False,203382.0,,foul,rebound,,,,1626179|1628369|201145|201565|202684|203109|203382|203499|203935|2747,1626179|1628369|203382|203499|203935,201145|201565|202684|203109|2747,,,1610612738.0,21700001,True
3,PT03M04.00S,03:04,Q3 03:04,15.066666666666666,474,rebound,TEAM offensive REBOUND,['team'],,67,63,,False,False,0.0,,freethrow,freethrow,,,,1626179|1628369|201145|201565|202684|203109|203382|203499|203935|2747,1626179|1628369|203382|203499|203935,201145|201565|202684|203109|2747,,,1610612738.0,21700001,True
3,PT03M04.00S,03:04,Q3 03:04,15.066666666666666,475,freethrow,MISS Baynes Free Throw 2 of 2,['2ndchance'],Baynes,67,63,Missed,False,False,203382.0,,rebound,rebound,,,,1626179|1628369|201145|201565|202684|203109|203382|203499|203935|2747,1626179|1628369|203382|203499|203935,201145|201565|202684|203109|2747,,,1610612738.0,21700001,True
3,PT03M00.00S,03:00,Q3 03:00,15.0,476,rebound,Thompson REBOUND (Off:0 Def:4),[],Thompson,67,63,,False,False,202684.0,,freethrow,2pt missed,,,,1626179|1628369|201145|201565|202684|203109|203382|203499|203935|2747,201145|201565|202684|203109|2747,1626179|1628369|203382|203499|203935,,,1610612739.0,21700001,True
3,PT02M43.00S,02:43,Q3 02:43,14.716666666666667,477,2pt,MISS Rose 5' Driving Layup,['pointsinthepaint'],Rose,67,63,Missed,True,False,201565.0,,rebound,rebound,,,,1626179|1628369|201145|201565|202684|203109|203382|203499|203935|2747,201145|201565|202684|203109|2747,1626179|1628369|203382|203499|203935,46.0,18.0,1610612739.0,21700001,True
3,PT02M41.00S,02:41,Q3 02:41,14.683333333333334,478,rebound,Thompson REBOUND (Off:1 Def:4),[],Thompson,67,63,,False,False,202684.0,,2pt missed,2pt made,,,,1626179|1628369|201145|201565|202684|203109|203382|203499|203935|2747,201145|201565|202684|203109|2747,1626179|1628369|203382|203499|203935,,,1610612739.0,21700001,True
3,PT02M36.00S,02:36,Q3 02:36,14.6,479,2pt,Green 2' Cutting Layup Shot (2 PTS) (Thompson 2 AST),['pointsinthepaint'],Green,69,63,Made,True,True,201145.0,202684.0,rebound,foul,,,,1626179|1628369|201145|201565|202684|203109|203382|203499|203935|2747,201145|201565|202684|203109|2747,1626179|1628369|203382|203499|203935,-3.0,17.0,1610612739.0,21700001,True
3,PT02M22.00S,02:22,Q3 02:22,14.366666666666667,481,foul,Baynes OFF.Foul (P4) (B.Forte),['inpenalty'],Baynes,69,63,,False,False,203382.0,,2pt made,turnover,202684.0,,,1626179|1628369|201145|201565|202684|203109|203382|203499|203935|2747,1626179|1628369|203382|203499|203935,201145|201565|202684|203109|2747,,,1610612738.0,21700001,True
3,PT02M22.00S,02:22,Q3 02:22,14.366666666666667,483,turnover,Baynes Offensive Foul Turnover (P2.T11),[],Baynes,69,63,,False,False,203382.0,,foul,substitution,,,,1626179|1628369|201145|201565|202684|203109|203382|203499|203935|2747,1626179|1628369|203382|203499|203935,201145|201565|202684|203109|2747,,,1610612738.0,21700001,True
3,PT02M22.00S,02:22,Q3 02:22,14.366666666666667,485,substitution,SUB out: J. Crowder,[],Crowder,69,63,,False,False,203109.0,,turnover,substitution,,,,1626179|1628369|201145|201565|202684|203382|203499|203935|2747,201145|201565|202684|2747,1626179|1628369|203382|203499|203935,,,1610612739.0,21700001,False
3,PT02M22.00S,02:22,Q3 02:22,14.366666666666667,486,substitution,SUB in: K. Korver,[],Korver,69,63,,False,False,2594.0,,substitution,foul,,,,1626179|1628369|201145|201565|202684|203382|203499|203935|2594|2747,201145|201565|202684|2594|2747,1626179|1628369|203382|203499|203935,,,1610612739.0,21700001,True
3,PT02M10.00S,02:10,Q3 02:10,14.166666666666666,486,foul,Thompson OFF.Foul (P3) (B.Forte),['inpenalty'],Thompson,69,63,,False,False,202684.0,,substitution,turnover,203935.0,,,1626179|1628369|201145|201565|202684|203382|203499|203935|2594|2747,201145|201565|202684|2594|2747,1626179|1628369|203382|203499|203935,,,1610612739.0,21700001,True
3,PT02M10.00S,02:10,Q3 02:10,14.166666666666666,488,turnover,Thompson Offensive Foul Turnover (P2.T14),[],Thompson,69,63,,False,False,202684.0,,foul,timeout,,,,1626179|1628369|201145|201565|202684|203382|203499|203935|2594|2747,201145|201565|202684|2594|2747,1626179|1628369|203382|203499|203935,,,1610612739.0,21700001,True
3,PT02M10.00S,02:10,Q3 02:10,14.166666666666666,489,timeout,Celtics Timeout: Regular (Reg.3 Short 0),[],,69,63,,False,False,0.0,,turnover,substitution,,,,1626179|1628369|201145|201565|202684|203382|203499|203935|2594|2747,1626179|1628369|203382|203499|203935,201145|201565|202684|2594|2747,,,1610612738.0,21700001,True
3,PT02M10.00S,02:10,Q3 02:10,14.166666666666666,491,substitution,SUB out: A. Baynes,[],Baynes,69,63,,False,False,203382.0,,timeout,substitution,,,,1626179|1628369|201145|201565|202684|203499|203935|2594|2747,1626179|1628369|203499|203935,201145|201565|202684|2594|2747,,,1610612738.0,21700001,False
3,PT02M10.00S,02:10,Q3 02:10,14.166666666666666,492,substitution,SUB in: A. Horford,[],Horford,69,63,,False,False,201143.0,,substitution,2pt made,,,,1626179|1628369|201143|201145|201565|202684|203499|203935|2594|2747,1626179|1628369|201143|203499|203935,201145|201565|202684|2594|2747,,,1610612738.0,21700001,True
3,PT01M48.00S,01:48,Q3 01:48,13.8,492,2pt,Smart 13' Turnaround Fadeaway Bank Jump Shot (6 PTS),[],Smart,69,65,Made,True,False,203935.0,,substitution,2pt missed,,,,1626179|1628369|201143|201145|201565|202684|203499|203935|2594|2747,1626179|1628369|201143|203499|203935,201145|201565|202684|2594|2747,-120.0,37.0,1610612738.0,21700001,True
3,PT01M22.00S,01:22,Q3 01:22,13.366666666666667,493,2pt,MISS Green 15' Step Back Jump Shot,[],Green,69,65,Missed,True,False,201145.0,,2pt made,rebound,,,,1626179|1628369|201143|201145|201565|202684|203499|203935|2594|2747,201145|201565|202684|2594|2747,1626179|1628369|201143|203499|203935,143.0,42.0,1610612739.0,21700001,True
3,PT01M19.00S,01:19,Q3 01:19,13.316666666666666,494,rebound,Rozier REBOUND (Off:0 Def:2),[],Rozier,69,65,,False,False,1626179.0,,2pt missed,2pt made,,,,1626179|1628369|201143|201145|201565|202684|203499|203935|2594|2747,1626179|1628369|201143|203499|203935,201145|201565|202684|2594|2747,,,1610612738.0,21700001,True
3,PT01M13.00S,01:13,Q3 01:13,13.216666666666667,495,2pt,Smart 1' Layup (8 PTS),['pointsinthepaint'],Smart,69,67,Made,True,False,203935.0,,rebound,foul,,,,1626179|1628369|201143|201145|201565|202684|203499|203935|2594|2747,1626179|1628369|201143|203499|203935,201145|201565|202684|2594|2747,-6.0,5.0,1610612738.0,21700001,True
3,PT01M13.00S,01:13,Q3 01:13,13.216666666666667,496,foul,Korver S.FOUL (P2.PN) (B.Forte),['inpenalty'],Korver,69,67,,False,False,2594.0,,2pt made,freethrow,203935.0,,,1626179|1628369|201143|201145|201565|202684|203499|203935|2594|2747,201145|201565|202684|2594|2747,1626179|1628369|201143|203499|203935,,,1610612739.0,21700001,True
3,PT01M13.00S,01:13,Q3 01:13,13.216666666666667,498,freethrow,Smart Free Throw 1 of 1 (9 PTS),[],Smart,69,68,Made,False,False,203935.0,,foul,2pt missed,,,,1626179|1628369|201143|201145|201565|202684|203499|203935|2594|2747,1626179|1628369|201143|203499|203935,201145|201565|202684|2594|2747,,,1610612738.0,21700001,True
3,PT00M58.20S,00:58,Q3 00:58,12.97,499,2pt,MISS Rose 9' Driving Layup,[],Rose,69,68,Missed,True,False,201565.0,,freethrow,rebound,,,,1626179|1628369|201143|201145|201565|202684|203499|203935|2594|2747,201145|201565|202684|2594|2747,1626179|1628369|201143|203499|203935,86.0,8.0,1610612739.0,21700001,True
3,PT00M55.70S,00:55,Q3 00:55,12.928333333333333,500,rebound,Larkin REBOUND (Off:0 Def:1),[],Larkin,69,68,,False,False,203499.0,,2pt missed,3pt missed,,,,1626179|1628369|201143|201145|201565|202684|203499|203935|2594|2747,1626179|1628369|201143|203499|203935,201145|201565|202684|2594|2747,,,1610612738.0,21700001,True
3,PT00M52.60S,00:52,Q3 00:52,12.876666666666667,501,3pt,MISS Larkin 25' 3PT Jump Shot,[],Larkin,69,68,Missed,True,False,203499.0,,rebound,rebound,,,,1626179|1628369|201143|201145|201565|202684|203499|203935|2594|2747,1626179|1628369|201143|203499|203935,201145|201565|202684|2594|2747,71.0,242.0,1610612738.0,21700001,True
3,PT00M52.10S,00:52,Q3 00:52,12.868333333333334,502,rebound,TEAM defensive REBOUND,['team'],,69,68,,False,False,0.0,,3pt missed,foul,,,,1626179|1628369|201143|201145|201565|202684|203499|203935|2594|2747,201145|201565|202684|2594|2747,1626179|1628369|201143|203499|203935,,,1610612739.0,21700001,True
3,PT00M52.10S,00:52,Q3 00:52,12.868333333333334,503,foul,Horford L.B.FOUL (P2.PN) (M.McCutchen),['inpenalty'],Horford,69,68,,False,False,201143.0,,rebound,freethrow,202684.0,,,1626179|1628369|201143|201145|201565|202684|203499|203935|2594|2747,1626179|1628369|201143|203499|203935,201145|201565|202684|2594|2747,,,1610612738.0,21700001,True
3,PT00M52.10S,00:52,Q3 00:52,12.868333333333334,505,freethrow,MISS Thompson Free Throw 1 of 2,[],Thompson,69,68,Missed,False,False,202684.0,,foul,rebound,,,,1626179|1628369|201143|201145|201565|202684|203499|203935|2594|2747,201145|201565|202684|2594|2747,1626179|1628369|201143|203499|203935,,,1610612739.0,21700001,True
3,PT00M52.10S,00:52,Q3 00:52,12.868333333333334,506,rebound,TEAM offensive REBOUND,['team'],,69,68,,False,False,0.0,,freethrow,freethrow,,,,1626179|1628369|201143|201145|201565|202684|203499|203935|2594|2747,201145|201565|202684|2594|2747,1626179|1628369|201143|203499|203935,,,1610612739.0,21700001,True
3,PT00M52.10S,00:52,Q3 00:52,12.868333333333334,507,freethrow,MISS Thompson Free Throw 2 of 2,['2ndchance'],Thompson,69,68,Missed,False,False,202684.0,,rebound,rebound,,,,1626179|1628369|201143|201145|201565|202684|203499|203935|2594|2747,201145|201565|202684|2594|2747,1626179|1628369|201143|203499|203935,,,1610612739.0,21700001,True
3,PT00M49.50S,00:49,Q3 00:49,12.825,508,rebound,Horford REBOUND (Off:0 Def:7),[],Horford,69,68,,False,False,201143.0,,freethrow,foul,,,,1626179|1628369|201143|201145|201565|202684|203499|203935|2594|2747,1626179|1628369|201143|203499|203935,201145|201565|202684|2594|2747,,,1610612738.0,21700001,True
3,PT00M37.50S,00:37,Q3 00:37,12.625,509,foul,Smith P.FOUL (P3.PN) (M.McCutchen),['inpenalty'],Smith,69,68,,False,False,2747.0,,rebound,freethrow,203935.0,,,1626179|1628369|201143|201145|201565|202684|203499|203935|2594|2747,201145|201565|202684|2594|2747,1626179|1628369|201143|203499|203935,,,1610612739.0,21700001,True
3,PT00M37.50S,00:37,Q3 00:37,12.625,511,freethrow,Smart Free Throw 1 of 2 (10 PTS),[],Smart,69,69,Made,False,False,203935.0,,foul,freethrow,,,,1626179|1628369|201143|201145|201565|202684|203499|203935|2594|2747,1626179|1628369|201143|203499|203935,201145|201565|202684|2594|2747,,,1610612738.0,21700001,True
3,PT00M37.50S,00:37,Q3 00:37,12.625,512,freethrow,MISS Smart Free Throw 2 of 2,[],Smart,69,69,Missed,False,False,203935.0,,freethrow,rebound,,,,1626179|1628369|201143|201145|201565|202684|203499|203935|2594|2747,1626179|1628369|201143|203499|203935,201145|201565|202684|2594|2747,,,1610612738.0,21700001,True
3,PT00M36.10S,00:36,Q3 00:36,12.601666666666667,513,rebound,Thompson REBOUND (Off:1 Def:5),[],Thompson,69,69,,False,False,202684.0,,freethrow,2pt missed,,,,1626179|1628369|201143|201145|201565|202684|203499|203935|2594|2747,201145|201565|202684|2594|2747,1626179|1628369|201143|203499|203935,,,1610612739.0,21700001,True
3,PT00M24.20S,00:24,Q3 00:24,12.403333333333332,514,2pt,MISS Smith 21' Jump Shot,[],Smith,69,69,Missed,True,False,2747.0,,rebound,rebound,,,,1626179|1628369|201143|201145|201565|202684|203499|203935|2594|2747,201145|201565|202684|2594|2747,1626179|1628369|201143|203499|203935,151.0,144.0,1610612739.0,21700001,True
3,PT00M21.80S,00:21,Q3 00:21,12.363333333333333,515,rebound,Smart REBOUND (Off:0 Def:8),[],Smart,69,69,,False,False,203935.0,,2pt missed,2pt made,,,,1626179|1628369|201143|201145|201565|202684|203499|203935|2594|2747,1626179|1628369|201143|203499|203935,201145|201565|202684|2594|2747,,,1610612738.0,21700001,True
3,PT00M04.70S,00:04,Q3 00:04,12.078333333333333,516,2pt,Smart 2' Driving Layup (12 PTS),['pointsinthepaint'],Smart,69,71,Made,True,False,203935.0,,rebound,3pt made,,,,1626179|1628369|201143|201145|201565|202684|203499|203935|2594|2747,1626179|1628369|201143|203499|203935,201145|201565|202684|2594|2747,18.0,15.0,1610612738.0,21700001,True
3,PT00M00.00S,00:00,Q3 00:00,12.0,517,3pt,Rose 26' 3PT Jump Shot (12 PTS),[],Rose,72,71,Made,True,False,201565.0,,2pt made,period,,,,1626179|1628369|201143|201145|201565|202684|203499|203935|2594|2747,201145|201565|202684|2594|2747,1626179|1628369|201143|203499|203935,-3.0,262.0,1610612739.0,21700001,True
3,PT00M00.00S,00:00,Q3 00:00,12.0,518,period,End of 3rd Period (9:57 PM EST),[],,72,71,,False,False,0.0,,3pt made,period,,,,1626179|1628369|201143|201145|201565|202684|203499|203935|2594|2747,201145|201565|202684|2594|2747,1626179|1628369|201143|203499|203935,,,1610612739.0,21700001,True
4,PT12M00.00S,12:00,Q4 12:00,12.0,525,period,Start of 4th Period (10:01 PM EST),[],,72,71,,False,False,0.0,,period,substitution,,,,1626179|1628369|201143|201145|201565|202684|203499|203935|2594|2747,201145|201565|202684|2594|2747,1626179|1628369|201143|203499|203935,,,1610612739.0,21700001,True
4,PT11M43.00S,11:43,Q4 11:43,11.716666666666667,526,3pt,MISS Horford 25' 3PT Jump Shot,[],Horford,72,71,Missed,True,False,201143.0,,substitution,rebound,,,,1626179|1627759|201143|201145|202684|202697|203499|203935|2544|2747,1626179|1627759|201143|203499|203935,201145|202684|202697|2544|2747,67.0,245.0,1610612738.0,21700001,True
4,PT11M40.00S,11:40,Q4 11:40,11.666666666666666,527,rebound,James REBOUND (Off:0 Def:11),[],James,72,71,,False,False,2544.0,,3pt missed,2pt made,,,,1626179|1627759|201143|201145|202684|202697|203499|203935|2544|2747,201145|202684|202697|2544|2747,1626179|1627759|201143|203499|203935,,,1610612739.0,21700001,True
4,PT11M23.00S,11:23,Q4 11:23,11.383333333333333,528,2pt,Smith 13' Floating Jump Shot (10 PTS),['pointsinthepaint'],Smith,74,71,Made,True,False,2747.0,,rebound,foul,,,,1626179|1627759|201143|201145|202684|202697|203499|203935|2544|2747,201145|202684|202697|2544|2747,1626179|1627759|201143|203499|203935,-24.0,130.0,1610612739.0,21700001,True
4,PT11M03.00S,11:03,Q4 11:03,11.05,529,foul,Shumpert S.FOUL (P1.T1) (B.Forte),[],Shumpert,74,71,,False,False,202697.0,,2pt made,freethrow,1626179.0,,,1626179|1627759|201143|201145|202684|202697|203499|203935|2544|2747,201145|202684|202697|2544|2747,1626179|1627759|201143|203499|203935,,,1610612739.0,21700001,True
4,PT11M03.00S,11:03,Q4 11:03,11.05,531,freethrow,Rozier Free Throw 1 of 2 (7 PTS),[],Rozier,74,73,Made,False,False,1626179.0,,foul,freethrow,,,,1626179|1627759|201143|201145|202684|202697|203499|203935|2544|2747,1626179|1627759|201143|203499|203935,201145|202684|202697|2544|2747,,,1610612738.0,21700001,True
4,PT11M03.00S,11:03,Q4 11:03,11.05,532,freethrow,Rozier Free Throw 2 of 2 (6 PTS),[],Rozier,74,72,Made,False,False,1626179.0,,freethrow,2pt made,,,,1626179|1627759|201143|201145|202684|202697|203499|203935|2544|2747,1626179|1627759|201143|203499|203935,201145|202684|202697|2544|2747,,,1610612738.0,21700001,True
4,PT10M42.00S,10:42,Q4 10:42,10.7,533,2pt,Green 3' Cutting Dunk Shot (4 PTS) (James 8 AST),['pointsinthepaint'],Green,76,73,Made,True,True,201145.0,2544.0,freethrow,instant replay,,,,1626179|1627759|201143|201145|202684|202697|203499|203935|2544|2747,201145|202684|202697|2544|2747,1626179|1627759|201143|203499|203935,3.0,26.0,1610612739.0,21700001,True
4,PT10M31.00S,10:31,Q4 10:31,10.516666666666667,536,foul,CAVALIERS T.Foul (Def. 3 Sec Shumpert ) (M.Smith),[],Shumpert,76,73,,False,False,202697.0,,instant replay,freethrow,201143.0,,,1626179|1627759|201143|201145|202684|202697|203499|203935|2544|2747,201145|202684|202697|2544|2747,1626179|1627759|201143|203499|203935,,,1610612739.0,21700001,True
4,PT10M31.00S,10:31,Q4 10:31,10.516666666666667,537,freethrow,Horford Free Throw Technical (7 PTS),[],Horford,76,74,Made,False,False,201143.0,,foul,substitution,,,,1626179|1627759|201143|201145|202684|202697|203499|203935|2544|2747,1626179|1627759|201143|203499|203935,201145|202684|202697|2544|2747,,,1610612738.0,21700001,True
4,PT10M31.00S,10:31,Q4 10:31,10.516666666666667,539,substitution,SUB out: S. Larkin,[],Larkin,76,74,,False,False,203499.0,,freethrow,substitution,,,,1626179|1627759|201143|201145|202684|202697|203935|2544|2747,1626179|1627759|201143|203935,201145|202684|202697|2544|2747,,,1610612738.0,21700001,False
4,PT10M31.00S,10:31,Q4 10:31,10.516666666666667,540,substitution,SUB in: K. Irving,[],Irving,76,74,,False,False,202681.0,,substitution,2pt missed,,,,1626179|1627759|201143|201145|202681|202684|202697|203935|2544|2747,1626179|1627759|201143|202681|203935,201145|202684|202697|2544|2747,,,1610612738.0,21700001,True
4,PT10M21.00S,10:21,Q4 10:21,10.35,540,2pt,MISS Horford 16' Jump Shot,[],Horford,76,74,Missed,True,False,201143.0,,substitution,rebound,,,,1626179|1627759|201143|201145|202681|202684|202697|203935|2544|2747,1626179|1627759|201143|202681|203935,201145|202684|202697|2544|2747,139.0,82.0,1610612738.0,21700001,True
4,PT10M19.00S,10:19,Q4 10:19,10.316666666666666,541,rebound,James REBOUND (Off:0 Def:12),[],James,76,74,,False,False,2544.0,,2pt missed,2pt missed,,,,1626179|1627759|201143|201145|202681|202684|202697|203935|2544|2747,201145|202684|202697|2544|2747,1626179|1627759|201143|202681|203935,,,1610612739.0,21700001,True
4,PT10M11.00S,10:11,Q4 10:11,10.183333333333334,548,2pt,MISS James 2' Driving Layup,['pointsinthepaint'],James,76,74,Missed,True,False,2544.0,,rebound,block,,,,1626179|1627759|201143|201145|202681|202684|202697|203935|2544|2747,201145|202684|202697|2544|2747,1626179|1627759|201143|202681|203935,16.0,5.0,1610612739.0,21700001,True
4,PT10M11.00S,10:11,Q4 10:11,10.183333333333334,548,block,Smart BLOCK (1 BLK),[],Smart,76,74,,False,False,203935.0,,2pt missed,rebound,,,203935.0,1626179|1627759|201143|201145|202681|202684|202697|203935|2544|2747,1626179|1627759|201143|202681|203935,201145|202684|202697|2544|2747,,,1610612738.0,21700001,True
4,PT10M11.00S,10:11,Q4 10:11,10.183333333333334,550,rebound,TEAM offensive REBOUND,['team'],,76,74,,False,False,0.0,,block,2pt made,,,,1626179|1627759|201143|201145|202681|202684|202697|203935|2544|2747,201145|202684|202697|2544|2747,1626179|1627759|201143|202681|203935,,,1610612739.0,21700001,True
4,PT09M59.00S,09:59,Q4 09:59,9.983333333333333,543,2pt,James 1' Reverse Layup (18 PTS),"['2ndchance', 'pointsinthepaint']",James,78,74,Made,True,False,2544.0,,rebound,foul,,,,1626179|1627759|201143|201145|202681|202684|202697|203935|2544|2747,201145|202684|202697|2544|2747,1626179|1627759|201143|202681|203935,2.0,12.0,1610612739.0,21700001,True
4,PT09M47.00S,09:47,Q4 09:47,9.783333333333333,544,foul,Green S.FOUL (P2.T2) (M.Smith),[],Green,78,74,,False,False,201145.0,,2pt made,freethrow,201143.0,,,1626179|1627759|201143|201145|202681|202684|202697|203935|2544|2747,201145|202684|202697|2544|2747,1626179|1627759|201143|202681|203935,,,1610612739.0,21700001,True
4,PT09M47.00S,09:47,Q4 09:47,9.783333333333333,546,freethrow,Horford Free Throw 1 of 2 (8 PTS),[],Horford,78,75,Made,False,False,201143.0,,foul,freethrow,,,,1626179|1627759|201143|201145|202681|202684|202697|203935|2544|2747,1626179|1627759|201143|202681|203935,201145|202684|202697|2544|2747,,,1610612738.0,21700001,True
4,PT09M47.00S,09:47,Q4 09:47,9.783333333333333,547,freethrow,Horford Free Throw 2 of 2 (9 PTS),[],Horford,78,76,Made,False,False,201143.0,,freethrow,2pt missed,,,,1626179|1627759|201143|201145|202681|202684|202697|203935|2544|2747,1626179|1627759|201143|202681|203935,201145|202684|202697|2544|2747,,,1610612738.0,21700001,True
4,PT09M25.00S,09:25,Q4 09:25,9.416666666666666,551,2pt,MISS Green 11' Jump Shot,['pointsinthepaint'],Green,78,76,Missed,True,False,201145.0,,freethrow,block,,,,1626179|1627759|201143|201145|202681|202684|202697|203935|2544|2747,201145|202684|202697|2544|2747,1626179|1627759|201143|202681|203935,57.0,96.0,1610612739.0,21700001,True
4,PT09M25.00S,09:25,Q4 09:25,9.416666666666666,551,block,Smart BLOCK (2 BLK),[],Smart,78,76,,False,False,203935.0,,2pt missed,rebound,,,203935.0,1626179|1627759|201143|201145|202681|202684|202697|203935|2544|2747,1626179|1627759|201143|202681|203935,201145|202684|202697|2544|2747,,,1610612738.0,21700001,True
4,PT09M25.00S,09:25,Q4 09:25,9.416666666666666,553,rebound,Rozier REBOUND (Off:0 Def:3),[],Rozier,78,76,,False,False,1626179.0,,block,foul,,,,1626179|1627759|201143|201145|202681|202684|202697|203935|2544|2747,1626179|1627759|201143|202681|203935,201145|202684|202697|2544|2747,,,1610612738.0,21700001,True
4,PT09M16.00S,09:16,Q4 09:16,9.266666666666667,554,foul,Smith P.FOUL (P4.T3) (B.Forte),[],Smith,78,76,,False,False,2747.0,,rebound,3pt made,202681.0,,,1626179|1627759|201143|201145|202681|202684|202697|203935|2544|2747,201145|202684|202697|2544|2747,1626179|1627759|201143|202681|203935,,,1610612739.0,21700001,True
4,PT09M06.00S,09:06,Q4 09:06,9.1,556,3pt,Irving 27' 3PT Jump Shot (15 PTS) (Horford 5 AST),[],Irving,78,79,Made,True,True,202681.0,201143.0,foul,foul,,,,1626179|1627759|201143|201145|202681|202684|202697|203935|2544|2747,1626179|1627759|201143|202681|203935,201145|202684|202697|2544|2747,230.0,135.0,1610612738.0,21700001,True
4,PT08M48.00S,08:48,Q4 08:48,8.8,558,foul,Brown P.FOUL (P3.T1) (M.McCutchen),[],Brown,78,79,,False,False,1627759.0,,3pt made,substitution,2544.0,,,1626179|1627759|201143|201145|202681|202684|202697|203935|2544|2747,1626179|1627759|201143|202681|203935,201145|202684|202697|2544|2747,,,1610612738.0,21700001,True
4,PT08M48.00S,08:48,Q4 08:48,8.8,562,substitution,SUB out: J. Smith,[],Smith,78,79,,False,False,2747.0,,foul,substitution,,,,1626179|1627759|201143|201145|202681|202684|202697|203935|2544,201145|202684|202697|2544,1626179|1627759|201143|202681|203935,,,1610612739.0,21700001,False
4,PT08M48.00S,08:48,Q4 08:48,8.8,563,substitution,SUB out: A. Horford,[],Horford,78,79,,False,False,201143.0,,substitution,substitution,,,,1626179|1627759|201145|202681|202684|202697|203935|2544,1626179|1627759|202681|203935,201145|202684|202697|2544,,,1610612738.0,21700001,False
4,PT08M48.00S,08:48,Q4 08:48,8.8,564,substitution,SUB in: D. Wade,[],Wade,78,79,,False,False,2548.0,,substitution,substitution,,,,1626179|1627759|201145|202681|202684|202697|203935|2544|2548,201145|202684|202697|2544|2548,1626179|1627759|202681|203935,,,1610612739.0,21700001,False
4,PT08M48.00S,08:48,Q4 08:48,8.8,565,substitution,SUB in: A. Baynes,[],Baynes,78,79,,False,False,203382.0,,substitution,2pt missed,,,,1626179|1627759|201145|202681|202684|202697|203382|203935|2544|2548,1626179|1627759|202681|203382|203935,201145|202684|202697|2544|2548,,,1610612738.0,21700001,True
4,PT08M39.00S,08:39,Q4 08:39,8.65,564,2pt,MISS James 16' Jump Shot,[],James,78,79,Missed,True,False,2544.0,,substitution,rebound,,,,1626179|1627759|201145|202681|202684|202697|203382|203935|2544|2548,201145|202684|202697|2544|2548,1626179|1627759|202681|203382|203935,-110.0,110.0,1610612739.0,21700001,True
4,PT08M39.00S,08:39,Q4 08:39,8.65,565,rebound,James REBOUND (Off:1 Def:12),[],James,78,79,,False,False,2544.0,,2pt missed,foul,,,,1626179|1627759|201145|202681|202684|202697|203382|203935|2544|2548,201145|202684|202697|2544|2548,1626179|1627759|202681|203382|203935,,,1610612739.0,21700001,True
4,PT08M39.00S,08:39,Q4 08:39,8.65,566,foul,Baynes S.FOUL (P5.T2) (M.Smith),[],Baynes,78,79,,False,False,203382.0,,rebound,freethrow,2544.0,,,1626179|1627759|201145|202681|202684|202697|203382|203935|2544|2548,1626179|1627759|202681|203382|203935,201145|202684|202697|2544|2548,,,1610612738.0,21700001,True
4,PT08M39.00S,08:39,Q4 08:39,8.65,568,freethrow,James Free Throw 1 of 2 (19 PTS),[],James,79,79,Made,False,False,2544.0,,foul,freethrow,,,,1626179|1627759|201145|202681|202684|202697|203382|203935|2544|2548,201145|202684|202697|2544|2548,1626179|1627759|202681|203382|203935,,,1610612739.0,21700001,True
4,PT08M39.00S,08:39,Q4 08:39,8.65,569,freethrow,James Free Throw 2 of 2 (20 PTS),[],James,80,79,Made,False,False,2544.0,,freethrow,3pt made,,,,1626179|1627759|201145|202681|202684|202697|203382|203935|2544|2548,201145|202684|202697|2544|2548,1626179|1627759|202681|203382|203935,,,1610612739.0,21700001,True
4,PT08M29.00S,08:29,Q4 08:29,8.483333333333333,570,3pt,Irving 25' 3PT Jump Shot (18 PTS) (Baynes 1 AST),[],Irving,80,82,Made,True,True,202681.0,203382.0,freethrow,2pt made,,,,1626179|1627759|201145|202681|202684|202697|203382|203935|2544|2548,1626179|1627759|202681|203382|203935,201145|202684|202697|2544|2548,90.0,231.0,1610612738.0,21700001,True
4,PT08M03.00S,08:03,Q4 08:03,8.05,572,2pt,Green 2' Layup (6 PTS),['pointsinthepaint'],Green,82,82,Made,True,False,201145.0,,3pt made,2pt missed,,,,1626179|1627759|201145|202681|202684|202697|203382|203935|2544|2548,201145|202684|202697|2544|2548,1626179|1627759|202681|203382|203935,4.0,18.0,1610612739.0,21700001,True
4,PT07M39.00S,07:39,Q4 07:39,7.65,573,2pt,MISS Smart 6' Driving Floating Bank Jump Shot,['pointsinthepaint'],Smart,82,82,Missed,True,False,203935.0,,2pt made,rebound,,,,1626179|1627759|201145|202681|202684|202697|203382|203935|2544|2548,1626179|1627759|202681|203382|203935,201145|202684|202697|2544|2548,52.0,37.0,1610612738.0,21700001,True
4,PT07M37.00S,07:37,Q4 07:37,7.616666666666667,574,rebound,James REBOUND (Off:1 Def:13),[],James,82,82,,False,False,2544.0,,2pt missed,3pt missed,,,,1626179|1627759|201145|202681|202684|202697|203382|203935|2544|2548,201145|202684|202697|2544|2548,1626179|1627759|202681|203382|203935,,,1610612739.0,21700001,True
4,PT07M34.00S,07:34,Q4 07:34,7.566666666666666,575,3pt,MISS Green 24' 3PT Jump Shot,[],Green,82,82,Missed,True,False,201145.0,,rebound,rebound,,,,1626179|1627759|201145|202681|202684|202697|203382|203935|2544|2548,201145|202684|202697|2544|2548,1626179|1627759|202681|203382|203935,-236.0,29.0,1610612739.0,21700001,True
4,PT07M34.00S,07:34,Q4 07:34,7.566666666666666,576,rebound,Smart REBOUND (Off:0 Def:9),[],Smart,82,82,,False,False,203935.0,,3pt missed,foul,,,,1626179|1627759|201145|202681|202684|202697|203382|203935|2544|2548,1626179|1627759|202681|203382|203935,201145|202684|202697|2544|2548,,,1610612738.0,21700001,True
4,PT07M20.00S,07:20,Q4 07:20,7.333333333333333,577,foul,Green S.FOUL (P3.T4) (M.McCutchen),['inpenalty'],Green,82,82,,False,False,201145.0,,rebound,freethrow,203382.0,,,1626179|1627759|201145|202681|202684|202697|203382|203935|2544|2548,201145|202684|202697|2544|2548,1626179|1627759|202681|203382|203935,,,1610612739.0,21700001,True
4,PT07M20.00S,07:20,Q4 07:20,7.333333333333333,579,freethrow,Baynes Free Throw 1 of 2 (5 PTS),[],Baynes,82,83,Made,False,False,203382.0,,foul,freethrow,,,,1626179|1627759|201145|202681|202684|202697|203382|203935|2544|2548,1626179|1627759|202681|203382|203935,201145|202684|202697|2544|2548,,,1610612738.0,21700001,True
4,PT07M20.00S,07:20,Q4 07:20,7.333333333333333,586,freethrow,Baynes Free Throw 2 of 2 (6 PTS),[],Baynes,82,84,Made,False,False,203382.0,,freethrow,substitution,,,,1626179|1627759|201145|202681|202684|202697|203382|203935|2544|2548,1626179|1627759|202681|203382|203935,201145|202684|202697|2544|2548,,,1610612738.0,21700001,True
4,PT07M20.00S,07:20,Q4 07:20,7.333333333333333,583,substitution,SUB out: T. Thompson,[],Thompson,82,83,,False,False,202684.0,,freethrow,substitution,,,,1626179|1627759|201145|202681|202697|203382|203935|2544|2548,201145|202697|2544|2548,1626179|1627759|202681|203382|203935,,,1610612739.0,21700001,False
4,PT07M20.00S,07:20,Q4 07:20,7.333333333333333,584,substitution,SUB out: J. Green,[],Green,82,83,,False,False,201145.0,,substitution,substitution,,,,1626179|1627759|202681|202697|203382|203935|2544|2548,202697|2544|2548,1626179|1627759|202681|203382|203935,,,1610612739.0,21700001,False
4,PT07M20.00S,07:20,Q4 07:20,7.333333333333333,585,substitution,SUB out: M. Smart,[],Smart,82,83,,False,False,203935.0,,substitution,substitution,,,,1626179|1627759|202681|202697|203382|2544|2548,1626179|1627759|202681|203382,202697|2544|2548,,,1610612738.0,21700001,False
4,PT07M20.00S,07:20,Q4 07:20,7.333333333333333,586,substitution,SUB in: K. Love,[],Love,82,83,,False,False,201567.0,,substitution,substitution,,,,1626179|1627759|201567|202681|202697|203382|2544|2548,201567|202697|2544|2548,1626179|1627759|202681|203382,,,1610612739.0,21700001,False
4,PT07M20.00S,07:20,Q4 07:20,7.333333333333333,587,substitution,SUB in: J. Crowder,[],Crowder,82,83,,False,False,203109.0,,substitution,substitution,,,,1626179|1627759|201567|202681|202697|203109|203382|2544|2548,201567|202697|203109|2544|2548,1626179|1627759|202681|203382,,,1610612739.0,21700001,False
4,PT07M20.00S,07:20,Q4 07:20,7.333333333333333,588,substitution,SUB in: J. Tatum,[],Tatum,82,83,,False,False,1628369.0,,substitution,3pt missed,,,,1626179|1627759|1628369|201567|202681|202697|203109|203382|2544|2548,1626179|1627759|1628369|202681|203382,201567|202697|203109|2544|2548,,,1610612738.0,21700001,True
4,PT07M01.00S,07:01,Q4 07:01,7.016666666666667,587,3pt,MISS Love 25' 3PT Jump Shot,[],Love,82,84,Missed,True,False,201567.0,,substitution,rebound,,,,1626179|1627759|1628369|201567|202681|202697|203109|203382|2544|2548,201567|202697|203109|2544|2548,1626179|1627759|1628369|202681|203382,135.0,207.0,1610612739.0,21700001,True
4,PT06M59.00S,06:59,Q4 06:59,6.983333333333333,588,rebound,Brown REBOUND (Off:1 Def:5),[],Brown,82,84,,False,False,1627759.0,,3pt missed,2pt missed,,,,1626179|1627759|1628369|201567|202681|202697|203109|203382|2544|2548,1626179|1627759|1628369|202681|203382,201567|202697|203109|2544|2548,,,1610612738.0,21700001,True
4,PT06M54.00S,06:54,Q4 06:54,6.9,589,2pt,MISS Brown 1' Driving Layup,['pointsinthepaint'],Brown,82,84,Missed,True,False,1627759.0,,rebound,rebound,,,,1626179|1627759|1628369|201567|202681|202697|203109|203382|2544|2548,1626179|1627759|1628369|202681|203382,201567|202697|203109|2544|2548,7.0,11.0,1610612738.0,21700001,True
4,PT06M54.00S,06:54,Q4 06:54,6.9,590,rebound,Love REBOUND (Off:2 Def:7),[],Love,82,84,,False,False,201567.0,,2pt missed,foul,,,,1626179|1627759|1628369|201567|202681|202697|203109|203382|2544|2548,201567|202697|203109|2544|2548,1626179|1627759|1628369|202681|203382,,,1610612739.0,21700001,True
4,PT06M41.00S,06:41,Q4 06:41,6.683333333333334,591,foul,Brown P.FOUL (P4.T3) (M.McCutchen),[],Brown,82,84,,False,False,1627759.0,,rebound,timeout,202697.0,,,1626179|1627759|1628369|201567|202681|202697|203109|203382|2544|2548,1626179|1627759|1628369|202681|203382,201567|202697|203109|2544|2548,,,1610612738.0,21700001,True
4,PT06M41.00S,06:41,Q4 06:41,6.683333333333334,593,timeout,CAVALIERS Timeout: Regular (Full 5 Short 0),[],,82,84,,False,False,0.0,,foul,2pt made,,,,1626179|1627759|1628369|201567|202681|202697|203109|203382|2544|2548,201567|202697|203109|2544|2548,1626179|1627759|1628369|202681|203382,,,1610612739.0,21700001,True
4,PT06M29.00S,06:29,Q4 06:29,6.483333333333333,594,2pt,Shumpert 15' Jump Shot (2 PTS),[],Shumpert,84,84,Made,True,False,202697.0,,timeout,3pt made,,,,1626179|1627759|1628369|201567|202681|202697|203109|203382|2544|2548,201567|202697|203109|2544|2548,1626179|1627759|1628369|202681|203382,-132.0,68.0,1610612739.0,21700001,True
4,PT06M13.00S,06:13,Q4 06:13,6.216666666666667,595,3pt,Irving 28' 3PT Jump Shot (21 PTS) (Rozier 2 AST),[],Irving,84,87,Made,True,True,202681.0,1626179.0,2pt made,3pt missed,,,,1626179|1627759|1628369|201567|202681|202697|203109|203382|2544|2548,1626179|1627759|1628369|202681|203382,201567|202697|203109|2544|2548,160.0,235.0,1610612738.0,21700001,True
4,PT05M55.00S,05:55,Q4 05:55,5.916666666666667,597,3pt,MISS Crowder 26' 3PT Jump Shot,[],Crowder,84,87,Missed,True,False,203109.0,,3pt made,rebound,,,,1626179|1627759|1628369|201567|202681|202697|203109|203382|2544|2548,201567|202697|203109|2544|2548,1626179|1627759|1628369|202681|203382,119.0,228.0,1610612739.0,21700001,True
4,PT05M46.00S,05:46,Q4 05:46,5.766666666666667,598,rebound,Shumpert REBOUND (Off:1 Def:1),[],Shumpert,84,87,,False,False,202697.0,,3pt missed,2pt made,,,,1626179|1627759|1628369|201567|202681|202697|203109|203382|2544|2548,201567|202697|203109|2544|2548,1626179|1627759|1628369|202681|203382,,,1610612739.0,21700001,True
4,PT05M46.00S,05:46,Q4 05:46,5.766666666666667,599,2pt,Shumpert 1' Putback Layup (4 PTS),['pointsinthepaint'],Shumpert,86,87,Made,True,False,202697.0,,rebound,3pt missed,,,,1626179|1627759|1628369|201567|202681|202697|203109|203382|2544|2548,201567|202697|203109|2544|2548,1626179|1627759|1628369|202681|203382,0.0,-6.0,1610612739.0,21700001,True
4,PT05M33.00S,05:33,Q4 05:33,5.55,600,3pt,MISS Irving 29' 3PT Jump Shot,[],Irving,86,87,Missed,True,False,202681.0,,2pt made,rebound,,,,1626179|1627759|1628369|201567|202681|202697|203109|203382|2544|2548,1626179|1627759|1628369|202681|203382,201567|202697|203109|2544|2548,142.0,258.0,1610612738.0,21700001,True
4,PT05M30.00S,05:30,Q4 05:30,5.5,601,rebound,Crowder REBOUND (Off:1 Def:3),[],Crowder,86,87,,False,False,203109.0,,3pt missed,turnover,,,,1626179|1627759|1628369|201567|202681|202697|203109|203382|2544|2548,201567|202697|203109|2544|2548,1626179|1627759|1628369|202681|203382,,,1610612739.0,21700001,True
4,PT05M25.00S,05:25,Q4 05:25,5.416666666666667,602,turnover,James Bad Pass Turnover (P4.T15),[],James,86,87,,False,False,2544.0,,rebound,steal,,,,1626179|1627759|1628369|201567|202681|202697|203109|203382|2544|2548,201567|202697|203109|2544|2548,1626179|1627759|1628369|202681|203382,,,1610612739.0,21700001,True
4,PT05M25.00S,05:25,Q4 05:25,5.416666666666667,602,steal,Rozier STEAL (3 STL),[],Rozier,86,87,,False,False,1626179.0,,turnover,2pt missed,,1626179.0,,1626179|1627759|1628369|201567|202681|202697|203109|203382|2544|2548,1626179|1627759|1628369|202681|203382,201567|202697|203109|2544|2548,,,1610612738.0,21700001,True
4,PT05M24.00S,05:24,Q4 05:24,5.4,604,2pt,MISS Rozier 2' Running Layup,['pointsinthepaint'],Rozier,86,87,Missed,True,False,1626179.0,,steal,block,,,,1626179|1627759|1628369|201567|202681|202697|203109|203382|2544|2548,1626179|1627759|1628369|202681|203382,201567|202697|203109|2544|2548,6.0,19.0,1610612738.0,21700001,True
4,PT05M24.00S,05:24,Q4 05:24,5.4,604,block,James BLOCK (2 BLK),[],James,86,87,,False,False,2544.0,,2pt missed,rebound,,,2544.0,1626179|1627759|1628369|201567|202681|202697|203109|203382|2544|2548,201567|202697|203109|2544|2548,1626179|1627759|1628369|202681|203382,,,1610612739.0,21700001,True
4,PT05M23.00S,05:23,Q4 05:23,5.383333333333334,605,rebound,Tatum REBOUND (Off:4 Def:4),[],Tatum,86,87,,False,False,1628369.0,,block,2pt missed,,,,1626179|1627759|1628369|201567|202681|202697|203109|203382|2544|2548,1626179|1627759|1628369|202681|203382,201567|202697|203109|2544|2548,,,1610612738.0,21700001,True
4,PT05M22.00S,05:22,Q4 05:22,5.366666666666666,676,2pt,MISS Tatum 3' Putback Layup,['pointsinthepaint'],Tatum,86,87,Missed,True,False,1628369.0,,rebound,block,,,,1626179|1627759|1628369|201567|202681|202697|203109|203382|2544|2548,1626179|1627759|1628369|202681|203382,201567|202697|203109|2544|2548,25.0,6.0,1610612738.0,21700001,True
4,PT05M22.00S,05:22,Q4 05:22,5.366666666666666,676,block,Wade BLOCK (1 BLK),[],Wade,86,87,,False,False,2548.0,,2pt missed,rebound,,,2548.0,1626179|1627759|1628369|201567|202681|202697|203109|203382|2544|2548,201567|202697|203109|2544|2548,1626179|1627759|1628369|202681|203382,,,1610612739.0,21700001,True
4,PT05M21.00S,05:21,Q4 05:21,5.35,678,rebound,Wade REBOUND (Off:1 Def:1),[],Wade,86,87,,False,False,2548.0,,block,turnover,,,,1626179|1627759|1628369|201567|202681|202697|203109|203382|2544|2548,201567|202697|203109|2544|2548,1626179|1627759|1628369|202681|203382,,,1610612739.0,21700001,True
4,PT05M11.00S,05:11,Q4 05:11,5.183333333333334,606,turnover,Shumpert Bad Pass Turnover (P1.T16),[],Shumpert,86,87,,False,False,202697.0,,rebound,steal,,,,1626179|1627759|1628369|201567|202681|202697|203109|203382|2544|2548,201567|202697|203109|2544|2548,1626179|1627759|1628369|202681|203382,,,1610612739.0,21700001,True
4,PT05M11.00S,05:11,Q4 05:11,5.183333333333334,606,steal,Rozier STEAL (4 STL),[],Rozier,86,87,,False,False,1626179.0,,turnover,foul,,1626179.0,,1626179|1627759|1628369|201567|202681|202697|203109|203382|2544|2548,1626179|1627759|1628369|202681|203382,201567|202697|203109|2544|2548,,,1610612738.0,21700001,True
4,PT05M11.00S,05:11,Q4 05:11,5.183333333333334,642,foul,Shumpert P.FOUL (P2.PN) (M.McCutchen),['inpenalty'],Shumpert,86,87,,False,False,202697.0,,steal,freethrow,1626179.0,,,1626179|1627759|1628369|201567|202681|202697|203109|203382|2544|2548,201567|202697|203109|2544|2548,1626179|1627759|1628369|202681|203382,,,1610612739.0,21700001,True
4,PT05M11.00S,05:11,Q4 05:11,5.183333333333334,648,freethrow,Rozier Free Throw 1 of 2 (9 PTS),[],Rozier,86,89,Made,False,False,1626179.0,,foul,freethrow,,,,1626179|1627759|1628369|201567|202681|202697|203109|203382|2544|2548,1626179|1627759|1628369|202681|203382,201567|202697|203109|2544|2548,,,1610612738.0,21700001,True
4,PT05M11.00S,05:11,Q4 05:11,5.183333333333334,649,freethrow,Rozier Free Throw 2 of 2 (8 PTS),[],Rozier,86,88,Made,False,False,1626179.0,,freethrow,substitution,,,,1626179|1627759|1628369|201567|202681|202697|203109|203382|2544|2548,1626179|1627759|1628369|202681|203382,201567|202697|203109|2544|2548,,,1610612738.0,21700001,True
4,PT05M11.00S,05:11,Q4 05:11,5.183333333333334,610,substitution,SUB out: I. Shumpert,[],Shumpert,86,88,,False,False,202697.0,,freethrow,substitution,,,,1626179|1627759|1628369|201567|202681|203109|203382|2544|2548,201567|203109|2544|2548,1626179|1627759|1628369|202681|203382,,,1610612739.0,21700001,False
4,PT05M11.00S,05:11,Q4 05:11,5.183333333333334,611,substitution,SUB out: A. Baynes,[],Baynes,86,88,,False,False,203382.0,,substitution,substitution,,,,1626179|1627759|1628369|201567|202681|203109|2544|2548,1626179|1627759|1628369|202681,201567|203109|2544|2548,,,1610612738.0,21700001,False
4,PT05M11.00S,05:11,Q4 05:11,5.183333333333334,612,substitution,SUB in: D. Rose,[],Rose,86,88,,False,False,201565.0,,substitution,substitution,,,,1626179|1627759|1628369|201565|201567|202681|203109|2544|2548,201565|201567|203109|2544|2548,1626179|1627759|1628369|202681,,,1610612739.0,21700001,False
4,PT05M11.00S,05:11,Q4 05:11,5.183333333333334,613,substitution,SUB in: A. Horford,[],Horford,86,88,,False,False,201143.0,,substitution,turnover,,,,1626179|1627759|1628369|201143|201565|201567|202681|203109|2544|2548,1626179|1627759|1628369|201143|202681,201565|201567|203109|2544|2548,,,1610612738.0,21700001,True
4,PT04M58.00S,04:58,Q4 04:58,4.966666666666667,612,turnover,Love Out of Bounds Lost Ball Turnover (P2.T17),[],Love,86,88,,False,False,201567.0,,substitution,substitution,,,,1626179|1627759|1628369|201143|201565|201567|202681|203109|2544|2548,201565|201567|203109|2544|2548,1626179|1627759|1628369|201143|202681,,,1610612739.0,21700001,True
4,PT04M58.00S,04:58,Q4 04:58,4.966666666666667,615,substitution,SUB out: T. Rozier,[],Rozier,86,88,,False,False,1626179.0,,turnover,substitution,,,,1627759|1628369|201143|201565|201567|202681|203109|2544|2548,1627759|1628369|201143|202681,201565|201567|203109|2544|2548,,,1610612738.0,21700001,False
4,PT04M58.00S,04:58,Q4 04:58,4.966666666666667,616,substitution,SUB in: M. Smart,[],Smart,86,88,,False,False,203935.0,,substitution,2pt missed,,,,1627759|1628369|201143|201565|201567|202681|203109|203935|2544|2548,1627759|1628369|201143|202681|203935,201565|201567|203109|2544|2548,,,1610612738.0,21700001,True
4,PT04M41.00S,04:41,Q4 04:41,4.683333333333334,616,2pt,MISS Horford 5' Layup,['pointsinthepaint'],Horford,86,88,Missed,True,False,201143.0,,substitution,block,,,,1627759|1628369|201143|201565|201567|202681|203109|203935|2544|2548,1627759|1628369|201143|202681|203935,201565|201567|203109|2544|2548,8.0,51.0,1610612738.0,21700001,True
4,PT04M41.00S,04:41,Q4 04:41,4.683333333333334,616,block,Wade BLOCK (2 BLK),[],Wade,86,88,,False,False,2548.0,,2pt missed,rebound,,,2548.0,1627759|1628369|201143|201565|201567|202681|203109|203935|2544|2548,201565|201567|203109|2544|2548,1627759|1628369|201143|202681|203935,,,1610612739.0,21700001,True
4,PT04M41.00S,04:41,Q4 04:41,4.683333333333334,617,rebound,Love REBOUND (Off:2 Def:8),[],Love,86,88,,False,False,201567.0,,block,2pt made,,,,1627759|1628369|201143|201565|201567|202681|203109|203935|2544|2548,201565|201567|203109|2544|2548,1627759|1628369|201143|202681|203935,,,1610612739.0,21700001,True
4,PT04M32.00S,04:32,Q4 04:32,4.533333333333333,618,2pt,James 1' Layup (22 PTS),['pointsinthepaint'],James,88,89,Made,True,False,2544.0,,rebound,3pt made,,,,1627759|1628369|201143|201565|201567|202681|203109|203935|2544|2548,201565|201567|203109|2544|2548,1627759|1628369|201143|202681|203935,-5.0,13.0,1610612739.0,21700001,True
4,PT04M12.00S,04:12,Q4 04:12,4.2,619,3pt,Brown 3PT Jump Shot (23 PTS) (Irving 8 AST),[],Brown,88,92,Made,True,True,1627759.0,202681.0,2pt made,3pt made,,,,1627759|1628369|201143|201565|201567|202681|203109|203935|2544|2548,1627759|1628369|201143|202681|203935,201565|201567|203109|2544|2548,-230.0,24.0,1610612738.0,21700001,True
4,PT03M47.00S,03:47,Q4 03:47,3.783333333333333,621,3pt,James 29' 3PT Jump Shot (25 PTS) (Crowder 2 AST),[],James,91,92,Made,True,True,2544.0,203109.0,3pt made,3pt missed,,,,1627759|1628369|201143|201565|201567|202681|203109|203935|2544|2548,201565|201567|203109|2544|2548,1627759|1628369|201143|202681|203935,-130.0,258.0,1610612739.0,21700001,True
4,PT03M29.00S,03:29,Q4 03:29,3.4833333333333334,623,3pt,MISS Brown 3PT Jump Shot,[],Brown,91,92,Missed,True,False,1627759.0,,3pt made,rebound,,,,1627759|1628369|201143|201565|201567|202681|203109|203935|2544|2548,1627759|1628369|201143|202681|203935,201565|201567|203109|2544|2548,-231.0,15.0,1610612738.0,21700001,True
4,PT03M29.00S,03:29,Q4 03:29,3.4833333333333334,624,rebound,James REBOUND (Off:1 Def:14),[],James,91,92,,False,False,2544.0,,3pt missed,3pt missed,,,,1627759|1628369|201143|201565|201567|202681|203109|203935|2544|2548,201565|201567|203109|2544|2548,1627759|1628369|201143|202681|203935,,,1610612739.0,21700001,True
4,PT03M21.00S,03:21,Q4 03:21,3.35,625,3pt,MISS James 26' 3PT Jump Shot,[],James,91,92,Missed,True,False,2544.0,,rebound,rebound,,,,1627759|1628369|201143|201565|201567|202681|203109|203935|2544|2548,201565|201567|203109|2544|2548,1627759|1628369|201143|202681|203935,-98.0,241.0,1610612739.0,21700001,True
4,PT03M21.00S,03:21,Q4 03:21,3.35,626,rebound,Tatum REBOUND (Off:4 Def:5),[],Tatum,91,92,,False,False,1628369.0,,3pt missed,2pt made,,,,1627759|1628369|201143|201565|201567|202681|203109|203935|2544|2548,1627759|1628369|201143|202681|203935,201565|201567|203109|2544|2548,,,1610612738.0,21700001,True
4,PT03M12.00S,03:12,Q4 03:12,3.2,627,2pt,Tatum 2' Driving Layup (12 PTS) (Irving 9 AST),['pointsinthepaint'],Tatum,91,94,Made,True,True,1628369.0,202681.0,rebound,foul,,,,1627759|1628369|201143|201565|201567|202681|203109|203935|2544|2548,1627759|1628369|201143|202681|203935,201565|201567|203109|2544|2548,-8.0,13.0,1610612738.0,21700001,True
4,PT02M58.00S,02:58,Q4 02:58,2.966666666666667,629,foul,Irving S.FOUL (P4.T4) (M.Smith),[],Irving,91,94,,False,False,202681.0,,2pt made,timeout,201565.0,,,1627759|1628369|201143|201565|201567|202681|203109|203935|2544|2548,1627759|1628369|201143|202681|203935,201565|201567|203109|2544|2548,,,1610612738.0,21700001,True
4,PT02M58.00S,02:58,Q4 02:58,2.966666666666667,631,timeout,Celtics Timeout: Regular (Reg.4 Short 0),[],,91,94,,False,False,0.0,,foul,freethrow,,,,1627759|1628369|201143|201565|201567|202681|203109|203935|2544|2548,1627759|1628369|201143|202681|203935,201565|201567|203109|2544|2548,,,1610612738.0,21700001,True
4,PT02M58.00S,02:58,Q4 02:58,2.966666666666667,633,freethrow,Rose Free Throw 1 of 2 (13 PTS),[],Rose,92,94,Made,False,False,201565.0,,timeout,freethrow,,,,1627759|1628369|201143|201565|201567|202681|203109|203935|2544|2548,201565|201567|203109|2544|2548,1627759|1628369|201143|202681|203935,,,1610612739.0,21700001,True
4,PT02M58.00S,02:58,Q4 02:58,2.966666666666667,634,freethrow,Rose Free Throw 2 of 2 (14 PTS),[],Rose,93,94,Made,False,False,201565.0,,freethrow,2pt made,,,,1627759|1628369|201143|201565|201567|202681|203109|203935|2544|2548,201565|201567|203109|2544|2548,1627759|1628369|201143|202681|203935,,,1610612739.0,21700001,True
4,PT02M41.00S,02:41,Q4 02:41,2.6833333333333336,635,2pt,Brown 18' Jump Shot (25 PTS),[],Brown,93,96,Made,True,False,1627759.0,,freethrow,2pt made,,,,1627759|1628369|201143|201565|201567|202681|203109|203935|2544|2548,1627759|1628369|201143|202681|203935,201565|201567|203109|2544|2548,-177.0,-10.0,1610612738.0,21700001,True
4,PT02M24.00S,02:24,Q4 02:24,2.4,636,2pt,James 2' Alley Oop Dunk (27 PTS) (Wade 3 AST),['pointsinthepaint'],James,95,96,Made,True,True,2544.0,2548.0,2pt made,2pt made,,,,1627759|1628369|201143|201565|201567|202681|203109|203935|2544|2548,201565|201567|203109|2544|2548,1627759|1628369|201143|202681|203935,2.0,16.0,1610612739.0,21700001,True
4,PT02M03.00S,02:03,Q4 02:03,2.05,638,2pt,Tatum Layup (14 PTS) (Irving 10 AST),['pointsinthepaint'],Tatum,95,98,Made,True,True,1628369.0,202681.0,2pt made,2pt missed,,,,1627759|1628369|201143|201565|201567|202681|203109|203935|2544|2548,1627759|1628369|201143|202681|203935,201565|201567|203109|2544|2548,2.0,0.0,1610612738.0,21700001,True
4,PT01M43.00S,01:43,Q4 01:43,1.7166666666666668,640,2pt,MISS Rose 7' Driving Floating Jump Shot,['pointsinthepaint'],Rose,95,98,Missed,True,False,201565.0,,2pt made,rebound,,,,1627759|1628369|201143|201565|201567|202681|203109|203935|2544|2548,201565|201567|203109|2544|2548,1627759|1628369|201143|202681|203935,-45.0,57.0,1610612739.0,21700001,True
4,PT01M43.00S,01:43,Q4 01:43,1.7166666666666668,641,rebound,Love REBOUND (Off:3 Def:8),[],Love,95,98,,False,False,201567.0,,2pt missed,foul,,,,1627759|1628369|201143|201565|201567|202681|203109|203935|2544|2548,201565|201567|203109|2544|2548,1627759|1628369|201143|202681|203935,,,1610612739.0,21700001,True
4,PT01M43.00S,01:43,Q4 01:43,1.7166666666666668,645,foul,Brown P.FOUL (P5.PN) (M.McCutchen),['inpenalty'],Brown,95,98,,False,False,1627759.0,,rebound,freethrow,201567.0,,,1627759|1628369|201143|201565|201567|202681|203109|203935|2544|2548,1627759|1628369|201143|202681|203935,201565|201567|203109|2544|2548,,,1610612738.0,21700001,True
4,PT01M43.00S,01:43,Q4 01:43,1.7166666666666668,647,freethrow,Love Free Throw 1 of 2 (11 PTS),[],Love,96,98,Made,False,False,201567.0,,foul,freethrow,,,,1627759|1628369|201143|201565|201567|202681|203109|203935|2544|2548,201565|201567|203109|2544|2548,1627759|1628369|201143|202681|203935,,,1610612739.0,21700001,True
4,PT01M43.00S,01:43,Q4 01:43,1.7166666666666668,650,freethrow,Love Free Throw 2 of 2 (12 PTS),[],Love,97,98,Made,False,False,201567.0,,freethrow,3pt missed,,,,1627759|1628369|201143|201565|201567|202681|203109|203935|2544|2548,201565|201567|203109|2544|2548,1627759|1628369|201143|202681|203935,,,1610612739.0,21700001,True
4,PT01M31.00S,01:31,Q4 01:31,1.5166666666666666,651,3pt,MISS Brown 24' 3PT Jump Shot,[],Brown,97,98,Missed,True,False,1627759.0,,freethrow,rebound,,,,1627759|1628369|201143|201565|201567|202681|203109|203935|2544|2548,1627759|1628369|201143|202681|203935,201565|201567|203109|2544|2548,231.0,51.0,1610612738.0,21700001,True
4,PT01M27.00S,01:27,Q4 01:27,1.45,652,rebound,Crowder REBOUND (Off:1 Def:4),[],Crowder,97,98,,False,False,203109.0,,3pt missed,2pt made,,,,1627759|1628369|201143|201565|201567|202681|203109|203935|2544|2548,201565|201567|203109|2544|2548,1627759|1628369|201143|202681|203935,,,1610612739.0,21700001,True
4,PT01M19.00S,01:19,Q4 01:19,1.3166666666666667,653,2pt,James 2' Layup (29 PTS),['pointsinthepaint'],James,99,98,Made,True,False,2544.0,,rebound,turnover,,,,1627759|1628369|201143|201565|201567|202681|203109|203935|2544|2548,201565|201567|203109|2544|2548,1627759|1628369|201143|202681|203935,2.0,20.0,1610612739.0,21700001,True
4,PT01M04.00S,01:04,Q4 01:04,1.0666666666666667,654,turnover,Tatum Out of Bounds - Bad Pass Turnover Turnover (P1.T12),[],Tatum,99,98,,False,False,1628369.0,,2pt made,timeout,,,,1627759|1628369|201143|201565|201567|202681|203109|203935|2544|2548,1627759|1628369|201143|202681|203935,201565|201567|203109|2544|2548,,,1610612738.0,21700001,True
4,PT01M04.00S,01:04,Q4 01:04,1.0666666666666667,655,timeout,CAVALIERS Timeout: Regular (Full 6 Short 0),[],,99,98,,False,False,0.0,,turnover,3pt made,,,,1627759|1628369|201143|201565|201567|202681|203109|203935|2544|2548,201565|201567|203109|2544|2548,1627759|1628369|201143|202681|203935,,,1610612739.0,21700001,True
4,PT00M46.30S,00:46,Q4 00:46,0.7716666666666666,656,3pt,Love 3PT Jump Shot (15 PTS) (James 9 AST),[],Love,102,98,Made,True,True,201567.0,2544.0,timeout,timeout,,,,1627759|1628369|201143|201565|201567|202681|203109|203935|2544|2548,201565|201567|203109|2544|2548,1627759|1628369|201143|202681|203935,227.0,21.0,1610612739.0,21700001,True
4,PT00M46.30S,00:46,Q4 00:46,0.7716666666666666,658,timeout,Celtics Timeout: Regular (Reg.5 Short 0),[],,102,98,,False,False,0.0,,3pt made,foul,,,,1627759|1628369|201143|201565|201567|202681|203109|203935|2544|2548,1627759|1628369|201143|202681|203935,201565|201567|203109|2544|2548,,,1610612738.0,21700001,True
4,PT00M46.30S,00:46,Q4 00:46,0.7716666666666666,663,foul,Shumpert IN.FOUL (P3.PN) (M.Smith),['inpenalty'],Shumpert,102,98,,False,False,202697.0,,timeout,freethrow,202681.0,,,1627759|1628369|201143|201565|201567|202681|203109|203935|2544|2548,201565|201567|203109|2544|2548,1627759|1628369|201143|202681|203935,,,1610612739.0,21700001,True
4,PT00M46.30S,00:46,Q4 00:46,0.7716666666666666,665,freethrow,Irving Free Throw 1 of 1 (22 PTS),[],Irving,102,99,Made,False,False,202681.0,,foul,substitution,,,,1627759|1628369|201143|201565|201567|202681|203109|203935|2544|2548,1627759|1628369|201143|202681|203935,201565|201567|203109|2544|2548,,,1610612738.0,21700001,True
4,PT00M46.30S,00:46,Q4 00:46,0.7716666666666666,661,substitution,SUB out: K. Love,[],Love,102,98,,False,False,201567.0,,freethrow,substitution,,,,1627759|1628369|201143|201565|202681|203109|203935|2544|2548,201565|203109|2544|2548,1627759|1628369|201143|202681|203935,,,1610612739.0,21700001,False
4,PT00M46.30S,00:46,Q4 00:46,0.7716666666666666,662,substitution,SUB out: D. Wade,[],Wade,102,98,,False,False,2548.0,,substitution,substitution,,,,1627759|1628369|201143|201565|202681|203109|203935|2544,201565|203109|2544,1627759|1628369|201143|202681|203935,,,1610612739.0,21700001,False
4,PT00M46.30S,00:46,Q4 00:46,0.7716666666666666,663,substitution,SUB in: I. Shumpert,[],Shumpert,102,98,,False,False,202697.0,,substitution,substitution,,,,1627759|1628369|201143|201565|202681|202697|203109|203935|2544,201565|202697|203109|2544,1627759|1628369|201143|202681|203935,,,1610612739.0,21700001,False
4,PT00M46.30S,00:46,Q4 00:46,0.7716666666666666,664,substitution,SUB in: T. Thompson,[],Thompson,102,98,,False,False,202684.0,,substitution,2pt missed,,,,1627759|1628369|201143|201565|202681|202684|202697|203109|203935|2544,201565|202684|202697|203109|2544,1627759|1628369|201143|202681|203935,,,1610612739.0,21700001,True
4,PT00M33.80S,00:33,Q4 00:33,0.5633333333333332,666,2pt,MISS Irving 9' Driving Floating Jump Shot,[],Irving,102,99,Missed,True,False,202681.0,,substitution,rebound,,,,1627759|1628369|201143|201565|202681|202684|202697|203109|203935|2544,1627759|1628369|201143|202681|203935,201565|202684|202697|203109|2544,-86.0,17.0,1610612738.0,21700001,True
4,PT00M31.20S,00:31,Q4 00:31,0.52,667,rebound,James REBOUND (Off:1 Def:15),[],James,102,99,,False,False,2544.0,,2pt missed,3pt missed,,,,1627759|1628369|201143|201565|202681|202684|202697|203109|203935|2544,201565|202684|202697|203109|2544,1627759|1628369|201143|202681|203935,,,1610612739.0,21700001,True
4,PT00M09.90S,00:09,Q4 00:09,0.165,668,3pt,MISS James 26' 3PT Jump Shot,[],James,102,99,Missed,True,False,2544.0,,rebound,rebound,,,,1627759|1628369|201143|201565|202681|202684|202697|203109|203935|2544,201565|202684|202697|203109|2544,1627759|1628369|201143|202681|203935,-133.0,228.0,1610612739.0,21700001,True
4,PT00M06.80S,00:06,Q4 00:06,0.11333333333333333,669,rebound,Tatum REBOUND (Off:4 Def:6),[],Tatum,102,99,,False,False,1628369.0,,3pt missed,3pt missed,,,,1627759|1628369|201143|201565|202681|202684|202697|203109|203935|2544,1627759|1628369|201143|202681|203935,201565|202684|202697|203109|2544,,,1610612738.0,21700001,True
4,PT00M02.90S,00:02,Q4 00:02,0.04833333333333333,670,3pt,MISS Brown 25' 3PT Jump Shot,[],Brown,102,99,Missed,True,False,1627759.0,,rebound,rebound,,,,1627759|1628369|201143|201565|202681|202684|202697|203109|203935|2544,1627759|1628369|201143|202681|203935,201565|202684|202697|203109|2544,-118.0,224.0,1610612738.0,21700001,True
4,PT00M02.90S,00:02,Q4 00:02,0.04833333333333333,671,rebound,Irving REBOUND (Off:2 Def:2),[],Irving,102,99,,False,False,202681.0,,3pt missed,3pt missed,,,,1627759|1628369|201143|201565|202681|202684|202697|203109|203935|2544,1627759|1628369|201143|202681|203935,201565|202684|202697|203109|2544,,,1610612738.0,21700001,True
4,PT00M00.00S,00:00,Q4 00:00,0.0,672,3pt,MISS Irving 26' 3PT Jump Shot,[],Irving,102,99,Missed,True,False,202681.0,,rebound,rebound,,,,1627759|1628369|201143|201565|202681|202684|202697|203109|203935|2544,1627759|1628369|201143|202681|203935,201565|202684|202697|203109|2544,209.0,155.0,1610612738.0,21700001,True
4,PT00M00.00S,00:00,Q4 00:00,0.0,673,rebound,TEAM offensive REBOUND,['team'],,102,99,,False,False,0.0,,3pt missed,period,,,,1627759|1628369|201143|201565|202681|202684|202697|203109|203935|2544,1627759|1628369|201143|202681|203935,201565|202684|202697|203109|2544,,,1610612738.0,21700001,True
4,PT00M00.00S,00:00,Q4 00:00,0.0,674,period,End of 4th Period (10:32 PM EST),[],,102,99,,False,False,0.0,,rebound,,,,,1627759|1628369|201143|201565|202681|202684|202697|203109|203935|2544,201565|202684|202697|203109|2544,1627759|1628369|201143|202681|203935,,,1610612739.0,21700001,True
