period,clock,clock_display,game_clock,minutes_left_in_game,actionNumber,actionType,description,qualifier,playerName,scoreHome,scoreAway,shotResult,isFieldGoal,assisted,person_id,assister_id,previous_action,next_action,foulDrawnPersonId,stealPersonId,blockPersonId,players_on,off_players_on,def_players_on,xLegacy,yLegacy,teamId,game_id,poc_ok
1,PT12M00.00S,12:00,Q1 12:00,48.0,2,period,Start of 1st Period (8:11 PM EST),[],,0,0,,False,False,0.0,,,2pt missed,,,,101107|1628991|201144|201188|201587|202066|202687|202689|203087|203200,1628991|201144|201188|202066|203200,101107|201587|202687|202689|203087,,,1610612763.0,21800713,True
1,PT11M35.00S,11:35,Q1 11:35,47.583333333333336,7,2pt,MISS Biyombo 1' Cutting Layup Shot,['pointsinthepaint'],Biyombo,0,0,Missed,True,False,202687.0,,period,rebound,,,,101107|1628991|201144|201188|201587|202066|202687|202689|203087|203200,101107|201587|202687|202689|203087,1628991|201144|201188|202066|203200,8.0,4.0,1610612766.0,21800713,True
1,PT11M33.00S,11:33,Q1 11:33,47.55,8,rebound,Jackson Jr. REBOUND (Off:0 Def:1),[],Jackson Jr.,0,0,,False,False,1628991.0,,2pt missed,2pt missed,,,,101107|1628991|201144|201188|201587|202066|202687|202689|203087|203200,1628991|201144|201188|202066|203200,101107|201587|202687|202689|203087,,,1610612763.0,21800713,True
1,PT11M18.00S,11:18,Q1 11:18,47.3,9,2pt,MISS Gasol 11' Jump Shot,[],Gasol,0,0,Missed,True,False,201188.0,,rebound,rebound,,,,101107|1628991|201144|201188|201587|202066|202687|202689|203087|203200,1628991|201144|201188|202066|203200,101107|201587|202687|202689|203087,-97.0,43.0,1610612763.0,21800713,True
1,PT11M14.00S,11:14,Q1 11:14,47.233333333333334,10,rebound,Lamb REBOUND (Off:0 Def:1),[],Lamb,0,0,,False,False,203087.0,,2pt missed,2pt made,,,,101107|1628991|201144|201188|201587|202066|202687|202689|203087|203200,101107|201587|202687|202689|203087,1628991|201144|201188|202066|203200,,,1610612766.0,21800713,True
1,PT10M52.00S,10:52,Q1 10:52,46.86666666666667,11,2pt,Lamb 9' Driving Floating Jump Shot (2 PTS),['pointsinthepaint'],Lamb,0,2,Made,True,False,203087.0,,rebound,2pt made,,,,101107|1628991|201144|201188|201587|202066|202687|202689|203087|203200,101107|201587|202687|202689|203087,1628991|201144|201188|202066|203200,-70.0,62.0,1610612766.0,21800713,True
1,PT10M41.00S,10:41,Q1 10:41,46.68333333333334,12,2pt,Temple 1' Cutting Layup Shot (2 PTS) (Gasol 1 AST),['pointsinthepaint'],Temple,2,2,Made,True,True,202066.0,201188.0,2pt made,turnover,,,,101107|1628991|201144|201188|201587|202066|202687|202689|203087|203200,1628991|201144|201188|202066|203200,101107|201587|202687|202689|203087,-5.0,1.0,1610612763.0,21800713,True
1,PT10M24.00S,10:24,Q1 10:24,46.4,14,turnover,Williams Lost Ball Turnover (P1.T1),[],Williams,2,2,,False,False,101107.0,,2pt made,steal,,,,101107|1628991|201144|201188|201587|202066|202687|202689|203087|203200,101107|201587|202687|202689|203087,1628991|201144|201188|202066|203200,,,1610612766.0,21800713,True
1,PT10M24.00S,10:24,Q1 10:24,46.4,14,steal,Gasol STEAL (1 STL),[],Gasol,2,2,,False,False,201188.0,,turnover,turnover,,201188.0,,101107|1628991|201144|201188|201587|202066|202687|202689|203087|203200,1628991|201144|201188|202066|203200,101107|201587|202687|202689|203087,,,1610612763.0,21800713,True
1,PT10M21.00S,10:21,Q1 10:21,46.35,16,turnover,Gasol Bad Pass Turnover (P1.T1),[],Gasol,2,2,,False,False,201188.0,,steal,steal,,,,101107|1628991|201144|201188|201587|202066|202687|202689|203087|203200,1628991|201144|201188|202066|203200,101107|201587|202687|202689|203087,,,1610612763.0,21800713,True
1,PT10M21.00S,10:21,Q1 10:21,46.35,16,steal,Williams STEAL (1 STL),[],Williams,2,2,,False,False,101107.0,,turnover,3pt missed,,101107.0,,101107|1628991|201144|201188|201587|202066|202687|202689|203087|203200,101107|201587|202687|202689|203087,1628991|201144|201188|202066|203200,,,1610612766.0,21800713,True
1,PT10M17.00S,10:17,Q1 10:17,46.28333333333333,18,3pt,MISS Walker 28' 3PT Jump Shot,[],Walker,2,2,Missed,True,False,202689.0,,steal,rebound,,,,101107|1628991|201144|201188|201587|202066|202687|202689|203087|203200,101107|201587|202687|202689|203087,1628991|201144|201188|202066|203200,-27.0,279.0,1610612766.0,21800713,True
1,PT10M15.00S,10:15,Q1 10:15,46.25,19,rebound,Conley REBOUND (Off:0 Def:1),[],Conley,2,2,,False,False,201144.0,,3pt missed,foul,,,,101107|1628991|201144|201188|201587|202066|202687|202689|203087|203200,1628991|201144|201188|202066|203200,101107|201587|202687|202689|203087,,,1610612763.0,21800713,True
1,PT10M09.00S,10:09,Q1 10:09,46.15,20,foul,Lamb P.FOUL (P1.T1) (H.Workman),[],Lamb,2,2,,False,False,203087.0,,rebound,3pt missed,1628991.0,,,101107|1628991|201144|201188|201587|202066|202687|202689|203087|203200,101107|201587|202687|202689|203087,1628991|201144|201188|202066|203200,,,1610612766.0,21800713,True
1,PT09M58.00S,09:58,Q1 09:58,45.96666666666667,22,3pt,MISS Jackson Jr. 26' 3PT Jump Shot,[],Jackson Jr.,2,2,Missed,True,False,1628991.0,,foul,rebound,,,,101107|1628991|201144|201188|201587|202066|202687|202689|203087|203200,1628991|201144|201188|202066|203200,101107|201587|202687|202689|203087,-111.0,234.0,1610612763.0,21800713,True
1,PT09M55.00S,09:55,Q1 09:55,45.916666666666664,23,rebound,Batum REBOUND (Off:0 Def:1),[],Batum,2,2,,False,False,201587.0,,3pt missed,2pt missed,,,,101107|1628991|201144|201188|201587|202066|202687|202689|203087|203200,101107|201587|202687|202689|203087,1628991|201144|201188|202066|203200,,,1610612766.0,21800713,True
1,PT09M49.00S,09:49,Q1 09:49,45.81666666666666,24,2pt,MISS Batum 15' Fadeaway Jumper,[],Batum,2,2,Missed,True,False,201587.0,,rebound,rebound,,,,101107|1628991|201144|201188|201587|202066|202687|202689|203087|203200,101107|201587|202687|202689|203087,1628991|201144|201188|202066|203200,-104.0,109.0,1610612766.0,21800713,True
1,PT09M46.00S,09:46,Q1 09:46,45.766666666666666,25,rebound,Gasol REBOUND (Off:0 Def:1),[],Gasol,2,2,,False,False,201188.0,,2pt missed,2pt missed,,,,101107|1628991|201144|201188|201587|202066|202687|202689|203087|203200,1628991|201144|201188|202066|203200,101107|201587|202687|202689|203087,,,1610612763.0,21800713,True
1,PT09M37.00S,09:37,Q1 09:37,45.61666666666667,26,2pt,MISS Jackson Jr. 9' Turnaround Hook Shot,['pointsinthepaint'],Jackson Jr.,2,2,Missed,True,False,1628991.0,,rebound,rebound,,,,101107|1628991|201144|201188|201587|202066|202687|202689|203087|203200,1628991|201144|201188|202066|203200,101107|201587|202687|202689|203087,22.0,85.0,1610612763.0,21800713,True
1,PT09M34.00S,09:34,Q1 09:34,45.56666666666666,27,rebound,Lamb REBOUND (Off:0 Def:2),[],Lamb,2,2,,False,False,203087.0,,2pt missed,foul,,,,101107|1628991|201144|201188|201587|202066|202687|202689|203087|203200,101107|201587|202687|202689|203087,1628991|201144|201188|202066|203200,,,1610612766.0,21800713,True
1,PT09M22.00S,09:22,Q1 09:22,45.36666666666667,28,foul,Jackson Jr. S.FOUL (P1.T1) (M.Kogut),[],Jackson Jr.,2,2,,False,False,1628991.0,,rebound,freethrow,202687.0,,,101107|1628991|201144|201188|201587|202066|202687|202689|203087|203200,1628991|201144|201188|202066|203200,101107|201587|202687|202689|203087,,,1610612763.0,21800713,True
1,PT09M22.00S,09:22,Q1 09:22,45.36666666666667,30,freethrow,Biyombo Free Throw 1 of 2 (1 PTS),[],Biyombo,2,3,Made,False,False,202687.0,,foul,freethrow,,,,101107|1628991|201144|201188|201587|202066|202687|202689|203087|203200,101107|201587|202687|202689|203087,1628991|201144|201188|202066|203200,,,1610612766.0,21800713,True
1,PT09M22.00S,09:22,Q1 09:22,45.36666666666667,31,freethrow,Biyombo Free Throw 2 of 2 (2 PTS),[],Biyombo,2,4,Made,False,False,202687.0,,freethrow,3pt missed,,,,101107|1628991|201144|201188|201587|202066|202687|202689|203087|203200,101107|201587|202687|202689|203087,1628991|201144|201188|202066|203200,,,1610612766.0,21800713,True
1,PT09M00.00S,09:00,Q1 09:00,45.0,32,3pt,MISS Holiday 25' 3PT Jump Shot,[],Holiday,2,4,Missed,True,False,203200.0,,freethrow,rebound,,,,101107|1628991|201144|201188|201587|202066|202687|202689|203087|203200,1628991|201144|201188|202066|203200,101107|201587|202687|202689|203087,-116.0,218.0,1610612763.0,21800713,True
1,PT08M56.00S,08:56,Q1 08:56,44.93333333333334,33,rebound,Biyombo REBOUND (Off:0 Def:1),[],Biyombo,2,4,,False,False,202687.0,,3pt missed,3pt missed,,,,101107|1628991|201144|201188|201587|202066|202687|202689|203087|203200,101107|201587|202687|202689|203087,1628991|201144|201188|202066|203200,,,1610612766.0,21800713,True
1,PT08M48.00S,08:48,Q1 08:48,44.8,34,3pt,MISS Walker 27' 3PT Jump Shot,[],Walker,2,4,Missed,True,False,202689.0,,rebound,rebound,,,,101107|1628991|201144|201188|201587|202066|202687|202689|203087|203200,101107|201587|202687|202689|203087,1628991|201144|201188|202066|203200,-103.0,248.0,1610612766.0,21800713,True
1,PT08M43.00S,08:43,Q1 08:43,44.71666666666667,35,rebound,Biyombo REBOUND (Off:1 Def:1),[],Biyombo,2,4,,False,False,202687.0,,3pt missed,foul,,,,101107|1628991|201144|201188|201587|202066|202687|202689|203087|203200,101107|201587|202687|202689|203087,1628991|201144|201188|202066|203200,,,1610612766.0,21800713,True
1,PT08M40.00S,08:40,Q1 08:40,44.666666666666664,36,foul,Jackson Jr. P.FOUL (P2.T2) (K.Mauer),[],Jackson Jr.,2,4,,False,False,1628991.0,,rebound,substitution,101107.0,,,101107|1628991|201144|201188|201587|202066|202687|202689|203087|203200,1628991|201144|201188|202066|203200,101107|201587|202687|202689|203087,,,1610612763.0,21800713,True
1,PT08M40.00S,08:40,Q1 08:40,44.666666666666664,38,substitution,SUB out: J. Jackson Jr.,[],Jackson Jr.,2,4,,False,False,1628991.0,,foul,substitution,,,,101107|201144|201188|201587|202066|202687|202689|203087|203200,201144|201188|202066|203200,101107|201587|202687|202689|203087,,,1610612763.0,21800713,False
1,PT08M40.00S,08:40,Q1 08:40,44.666666666666664,39,substitution,SUB in: J. Green,[],Green,2,4,,False,False,203210.0,,substitution,3pt missed,,,,101107|201144|201188|201587|202066|202687|202689|203087|203200|203210,201144|201188|202066|203200|203210,101107|201587|202687|202689|203087,,,1610612763.0,21800713,True
1,PT08M32.00S,08:32,Q1 08:32,44.53333333333333,40,3pt,MISS Williams 26' 3PT Jump Shot,[],Williams,2,4,Missed,True,False,101107.0,,substitution,rebound,,,,101107|201144|201188|201587|202066|202687|202689|203087|203200|203210,101107|201587|202687|202689|203087,201144|201188|202066|203200|203210,-164.0,206.0,1610612766.0,21800713,True
1,PT08M27.00S,08:27,Q1 08:27,44.45,41,rebound,Biyombo REBOUND (Off:2 Def:1),[],Biyombo,2,4,,False,False,202687.0,,3pt missed,3pt missed,,,,101107|201144|201188|201587|202066|202687|202689|203087|203200|203210,101107|201587|202687|202689|203087,201144|201188|202066|203200|203210,,,1610612766.0,21800713,True
1,PT08M25.00S,08:25,Q1 08:25,44.416666666666664,42,3pt,MISS Williams 24' 3PT Jump Shot,[],Williams,2,4,Missed,True,False,101107.0,,rebound,rebound,,,,101107|201144|201188|201587|202066|202687|202689|203087|203200|203210,101107|201587|202687|202689|203087,201144|201188|202066|203200|203210,-234.0,47.0,1610612766.0,21800713,True
1,PT08M23.00S,08:23,Q1 08:23,44.38333333333333,43,rebound,Temple REBOUND (Off:0 Def:1),[],Temple,2,4,,False,False,202066.0,,3pt missed,2pt missed,,,,101107|201144|201188|201587|202066|202687|202689|203087|203200|203210,201144|201188|202066|203200|203210,101107|201587|202687|202689|203087,,,1610612763.0,21800713,True
1,PT08M08.00S,08:08,Q1 08:08,44.13333333333333,44,2pt,MISS Gasol 7' Turnaround Hook Shot,['pointsinthepaint'],Gasol,2,4,Missed,True,False,201188.0,,rebound,rebound,,,,101107|201144|201188|201587|202066|202687|202689|203087|203200|203210,201144|201188|202066|203200|203210,101107|201587|202687|202689|203087,5.0,69.0,1610612763.0,21800713,True
1,PT08M04.00S,08:04,Q1 08:04,44.06666666666666,45,rebound,Lamb REBOUND (Off:0 Def:3),[],Lamb,2,4,,False,False,203087.0,,2pt missed,3pt missed,,,,101107|201144|201188|201587|202066|202687|202689|203087|203200|203210,101107|201587|202687|202689|203087,201144|201188|202066|203200|203210,,,1610612766.0,21800713,True
1,PT07M57.00S,07:57,Q1 07:57,43.95,46,3pt,MISS Batum 3PT Jump Shot,[],Batum,2,4,Missed,True,False,201587.0,,rebound,rebound,,,,101107|201144|201188|201587|202066|202687|202689|203087|203200|203210,101107|201587|202687|202689|203087,201144|201188|202066|203200|203210,-228.0,4.0,1610612766.0,21800713,True
1,PT07M55.00S,07:55,Q1 07:55,43.916666666666664,47,rebound,Temple REBOUND (Off:0 Def:2),[],Temple,2,4,,False,False,202066.0,,3pt missed,2pt made,,,,101107|201144|201188|201587|202066|202687|202689|203087|203200|203210,201144|201188|202066|203200|203210,101107|201587|202687|202689|203087,,,1610612763.0,21800713,True
1,PT07M49.00S,07:49,Q1 07:49,43.81666666666666,48,2pt,Green 2' Running Layup (2 PTS) (Temple 1 AST),['pointsinthepaint'],Green,4,4,Made,True,True,203210.0,202066.0,rebound,2pt missed,,,,101107|201144|201188|201587|202066|202687|202689|203087|203200|203210,201144|201188|202066|203200|203210,101107|201587|202687|202689|203087,2.0,15.0,1610612763.0,21800713,True
1,PT07M33.00S,07:33,Q1 07:33,43.55,50,2pt,MISS Biyombo 5' Turnaround Hook Shot,['pointsinthepaint'],Biyombo,4,4,Missed,True,False,202687.0,,2pt made,rebound,,,,101107|201144|201188|201587|202066|202687|202689|203087|203200|203210,101107|201587|202687|202689|203087,201144|201188|202066|203200|203210,-51.0,7.0,1610612766.0,21800713,True
1,PT07M30.00S,07:30,Q1 07:30,43.5,51,rebound,Gasol REBOUND (Off:0 Def:2),[],Gasol,4,4,,False,False,201188.0,,2pt missed,2pt made,,,,101107|201144|201188|201587|202066|202687|202689|203087|203200|203210,201144|201188|202066|203200|203210,101107|201587|202687|202689|203087,,,1610612763.0,21800713,True
1,PT07M24.00S,07:24,Q1 07:24,43.4,52,2pt,Conley 1' Driving Layup (2 PTS),['pointsinthepaint'],Conley,6,4,Made,True,False,201144.0,,rebound,turnover,,,,101107|201144|201188|201587|202066|202687|202689|203087|203200|203210,201144|201188|202066|203200|203210,101107|201587|202687|202689|203087,-2.0,6.0,1610612763.0,21800713,True
1,PT07M07.00S,07:07,Q1 07:07,43.11666666666667,53,turnover,Lamb Lost Ball Turnover (P1.T2),[],Lamb,6,4,,False,False,203087.0,,2pt made,steal,,,,101107|201144|201188|201587|202066|202687|202689|203087|203200|203210,101107|201587|202687|202689|203087,201144|201188|202066|203200|203210,,,1610612766.0,21800713,True
1,PT07M07.00S,07:07,Q1 07:07,43.11666666666667,53,steal,Temple STEAL (1 STL),[],Temple,6,4,,False,False,202066.0,,turnover,2pt made,,202066.0,,101107|201144|201188|201587|202066|202687|202689|203087|203200|203210,201144|201188|202066|203200|203210,101107|201587|202687|202689|203087,,,1610612763.0,21800713,True
1,PT06M57.00S,06:57,Q1 06:57,42.95,55,2pt,Green 1' Driving Dunk (4 PTS) (Gasol 2 AST),['pointsinthepaint'],Green,8,4,Made,True,True,203210.0,201188.0,steal,timeout,,,,101107|201144|201188|201587|202066|202687|202689|203087|203200|203210,201144|201188|202066|203200|203210,101107|201587|202687|202689|203087,1.0,-5.0,1610612763.0,21800713,True
1,PT06M57.00S,06:57,Q1 06:57,42.95,57,timeout,Hornets Timeout: Regular (Reg.1 Short 0),[],,8,4,,False,False,0.0,,2pt made,2pt made,,,,101107|201144|201188|201587|202066|202687|202689|203087|203200|203210,101107|201587|202687|202689|203087,201144|201188|202066|203200|203210,,,1610612766.0,21800713,True
1,PT06M34.00S,06:34,Q1 06:34,42.56666666666666,58,2pt,Lamb 16' Pullup Jump Shot (4 PTS),[],Lamb,8,6,Made,True,False,203087.0,,timeout,2pt missed,,,,101107|201144|201188|201587|202066|202687|202689|203087|203200|203210,101107|201587|202687|202689|203087,201144|201188|202066|203200|203210,-39.0,155.0,1610612766.0,21800713,True
1,PT06M14.00S,06:14,Q1 06:14,42.233333333333334,59,2pt,MISS Conley 13' Driving Floating Jump Shot,['pointsinthepaint'],Conley,8,6,Missed,True,False,201144.0,,2pt made,rebound,,,,101107|201144|201188|201587|202066|202687|202689|203087|203200|203210,201144|201188|202066|203200|203210,101107|201587|202687|202689|203087,55.0,120.0,1610612763.0,21800713,True
1,PT06M12.00S,06:12,Q1 06:12,42.2,60,rebound,Williams REBOUND (Off:0 Def:1),[],Williams,8,6,,False,False,101107.0,,2pt missed,foul,,,,101107|201144|201188|201587|202066|202687|202689|203087|203200|203210,101107|201587|202687|202689|203087,201144|201188|202066|203200|203210,,,1610612766.0,21800713,True
1,PT06M09.00S,06:09,Q1 06:09,42.15,61,foul,Holiday P.FOUL (P1.T3) (H.Workman),[],Holiday,8,6,,False,False,203200.0,,rebound,foul,202689.0,,,101107|201144|201188|201587|202066|202687|202689|203087|203200|203210,201144|201188|202066|203200|203210,101107|201587|202687|202689|203087,,,1610612763.0,21800713,True
1,PT06M06.00S,06:06,Q1 06:06,42.1,63,foul,Conley P.FOUL (P1.T4) (K.Mauer),[],Conley,8,6,,False,False,201144.0,,foul,2pt missed,202689.0,,,101107|201144|201188|201587|202066|202687|202689|203087|203200|203210,201144|201188|202066|203200|203210,101107|201587|202687|202689|203087,,,1610612763.0,21800713,True
1,PT05M59.00S,05:59,Q1 05:59,41.983333333333334,65,2pt,MISS Walker 6' Driving Layup,['pointsinthepaint'],Walker,8,6,Missed,True,False,202689.0,,foul,rebound,,,,101107|201144|201188|201587|202066|202687|202689|203087|203200|203210,101107|201587|202687|202689|203087,201144|201188|202066|203200|203210,-19.0,57.0,1610612766.0,21800713,True
1,PT05M58.00S,05:58,Q1 05:58,41.96666666666667,66,rebound,TEAM defensive REBOUND,['team'],,8,6,,False,False,0.0,,2pt missed,foul,,,,101107|201144|201188|201587|202066|202687|202689|203087|203200|203210,201144|201188|202066|203200|203210,101107|201587|202687|202689|203087,,,1610612763.0,21800713,True
1,PT05M58.00S,05:58,Q1 05:58,41.96666666666667,67,foul,Biyombo L.B.FOUL (P1.T2) (H.Workman),[],Biyombo,8,6,,False,False,202687.0,,rebound,2pt made,203210.0,,,101107|201144|201188|201587|202066|202687|202689|203087|203200|203210,101107|201587|202687|202689|203087,201144|201188|202066|203200|203210,,,1610612766.0,21800713,True
1,PT05M37.00S,05:37,Q1 05:37,41.61666666666667,69,2pt,Green 1' Layup (6 PTS) (Gasol 3 AST),['pointsinthepaint'],Green,10,6,Made,True,True,203210.0,201188.0,foul,2pt made,,,,101107|201144|201188|201587|202066|202687|202689|203087|203200|203210,201144|201188|202066|203200|203210,101107|201587|202687|202689|203087,-5.0,4.0,1610612763.0,21800713,True
1,PT05M21.00S,05:21,Q1 05:21,41.35,71,2pt,Walker 23' Step Back Jump Shot (2 PTS),[],Walker,10,8,Made,True,False,202689.0,,2pt made,3pt made,,,,101107|201144|201188|201587|202066|202687|202689|203087|203200|203210,101107|201587|202687|202689|203087,201144|201188|202066|203200|203210,19.0,232.0,1610612766.0,21800713,True
1,PT05M01.00S,05:01,Q1 05:01,41.016666666666666,72,3pt,Holiday 3PT Jump Shot (3 PTS) (Gasol 4 AST),[],Holiday,13,8,Made,True,True,203200.0,201188.0,2pt made,3pt missed,,,,101107|201144|201188|201587|202066|202687|202689|203087|203200|203210,201144|201188|202066|203200|203210,101107|201587|202687|202689|203087,-228.0,-23.0,1610612763.0,21800713,True
1,PT04M42.00S,04:42,Q1 04:42,40.7,74,3pt,MISS Williams 26' 3PT Jump Shot,[],Williams,13,8,Missed,True,False,101107.0,,3pt made,rebound,,,,101107|201144|201188|201587|202066|202687|202689|203087|203200|203210,101107|201587|202687|202689|203087,201144|201188|202066|203200|203210,189.0,181.0,1610612766.0,21800713,True
1,PT04M41.00S,04:41,Q1 04:41,40.68333333333334,75,rebound,Gasol REBOUND (Off:0 Def:3),[],Gasol,13,8,,False,False,201188.0,,3pt missed,3pt made,,,,101107|201144|201188|201587|202066|202687|202689|203087|203200|203210,201144|201188|202066|203200|203210,101107|201587|202687|202689|203087,,,1610612763.0,21800713,True
1,PT04M34.00S,04:34,Q1 04:34,40.56666666666666,76,3pt,Gasol 24' 3PT Jump Shot (3 PTS) (Conley 1 AST),[],Gasol,16,8,Made,True,True,201188.0,201144.0,rebound,2pt missed,,,,101107|201144|201188|201587|202066|202687|202689|203087|203200|203210,201144|201188|202066|203200|203210,101107|201587|202687|202689|203087,-57.0,237.0,1610612763.0,21800713,True
1,PT04M18.00S,04:18,Q1 04:18,40.3,78,2pt,MISS Biyombo 2' Layup,['pointsinthepaint'],Biyombo,16,8,Missed,True,False,202687.0,,3pt made,block,,,,101107|201144|201188|201587|202066|202687|202689|203087|203200|203210,101107|201587|202687|202689|203087,201144|201188|202066|203200|203210,22.0,10.0,1610612766.0,21800713,True
1,PT04M18.00S,04:18,Q1 04:18,40.3,78,block,Temple BLOCK (1 BLK),[],Temple,16,8,,False,False,202066.0,,2pt missed,rebound,,,202066.0,101107|201144|201188|201587|202066|202687|202689|203087|203200|203210,201144|201188|202066|203200|203210,101107|201587|202687|202689|203087,,,1610612763.0,21800713,True
1,PT04M18.00S,04:18,Q1 04:18,40.3,80,rebound,TEAM offensive REBOUND,['team'],,16,8,,False,False,0.0,,block,substitution,,,,101107|201144|201188|201587|202066|202687|202689|203087|203200|203210,101107|201587|202687|202689|203087,201144|201188|202066|203200|203210,,,1610612766.0,21800713,True
1,PT04M18.00S,04:18,Q1 04:18,40.3,82,substitution,SUB out: J. Holiday,[],Holiday,16,8,,False,False,203200.0,,rebound,substitution,,,,101107|201144|201188|201587|202066|202687|202689|203087|203210,201144|201188|202066|203210,101107|201587|202687|202689|203087,,,1610612763.0,21800713,False
1,PT04M18.00S,04:18,Q1 04:18,40.3,83,substitution,SUB out: M. Conley,[],Conley,16,8,,False,False,201144.0,,substitution,substitution,,,,101107|201188|201587|202066|202687|202689|203087|203210,201188|202066|203210,101107|201587|202687|202689|203087,,,1610612763.0,21800713,False
1,PT04M18.00S,04:18,Q1 04:18,40.3,84,substitution,SUB out: M. Williams,[],Williams,16,8,,False,False,101107.0,,substitution,substitution,,,,201188|201587|202066|202687|202689|203087|203210,201587|202687|202689|203087,201188|202066|203210,,,1610612766.0,21800713,False
1,PT04M18.00S,04:18,Q1 04:18,40.3,85,substitution,SUB out: J. Lamb,[],Lamb,16,8,,False,False,203087.0,,substitution,substitution,,,,201188|201587|202066|202687|202689|203210,201587|202687|202689,201188|202066|203210,,,1610612766.0,21800713,False
1,PT04M18.00S,04:18,Q1 04:18,40.3,86,substitution,SUB out: B. Biyombo,[],Biyombo,16,8,,False,False,202687.0,,substitution,substitution,,,,201188|201587|202066|202689|203210,201587|202689,201188|202066|203210,,,1610612766.0,21800713,False
1,PT04M18.00S,04:18,Q1 04:18,40.3,87,substitution,SUB in: O. Casspi,[],Casspi,16,8,,False,False,201956.0,,substitution,substitution,,,,201188|201587|201956|202066|202689|203210,201188|201956|202066|203210,201587|202689,,,1610612763.0,21800713,False
1,PT04M18.00S,04:18,Q1 04:18,40.3,88,substitution,SUB in: S. Mack,[],Mack,16,8,,False,False,202714.0,,substitution,substitution,,,,201188|201587|201956|202066|202689|202714|203210,201188|201956|202066|202714|203210,201587|202689,,,1610612763.0,21800713,False
1,PT04M18.00S,04:18,Q1 04:18,40.3,89,substitution,SUB in: T. Parker,[],Parker,16,8,,False,False,2225.0,,substitution,substitution,,,,201188|201587|201956|202066|202689|202714|203210|2225,201587|202689|2225,201188|201956|202066|202714|203210,,,1610612766.0,21800713,False
1,PT04M18.00S,04:18,Q1 04:18,40.3,90,substitution,SUB in: M. Kidd-Gilchrist,[],Kidd-Gilchrist,16,8,,False,False,203077.0,,substitution,substitution,,,,201188|201587|201956|202066|202689|202714|203077|203210|2225,201587|202689|203077|2225,201188|201956|202066|202714|203210,,,1610612766.0,21800713,False
1,PT04M18.00S,04:18,Q1 04:18,40.3,91,substitution,SUB in: W. Hernangomez,[],Hernangomez,16,8,,False,False,1626195.0,,substitution,3pt made,,,,1626195|201188|201587|201956|202066|202689|202714|203077|203210|2225,1626195|201587|202689|203077|2225,201188|201956|202066|202714|203210,,,1610612766.0,21800713,True
1,PT04M14.00S,04:14,Q1 04:14,40.233333333333334,92,3pt,Batum 3PT Jump Shot (3 PTS) (Kidd-Gilchrist 1 AST),[],Batum,16,11,Made,True,True,201587.0,203077.0,substitution,foul,,,,1626195|201188|201587|201956|202066|202689|202714|203077|203210|2225,1626195|201587|202689|203077|2225,201188|201956|202066|202714|203210,232.0,-20.0,1610612766.0,21800713,True
1,PT04M02.00S,04:02,Q1 04:02,40.03333333333333,94,foul,Kidd-Gilchrist P.FOUL (P1.T3) (H.Workman),[],Kidd-Gilchrist,16,11,,False,False,203077.0,,3pt made,3pt missed,202066.0,,,1626195|201188|201587|201956|202066|202689|202714|203077|203210|2225,1626195|201587|202689|203077|2225,201188|201956|202066|202714|203210,,,1610612766.0,21800713,True
1,PT03M56.00S,03:56,Q1 03:56,39.93333333333334,96,3pt,MISS Temple 25' 3PT Jump Shot,[],Temple,16,11,Missed,True,False,202066.0,,foul,rebound,,,,1626195|201188|201587|201956|202066|202689|202714|203077|203210|2225,201188|201956|202066|202714|203210,1626195|201587|202689|203077|2225,152.0,194.0,1610612763.0,21800713,True
1,PT03M54.00S,03:54,Q1 03:54,39.9,97,rebound,Batum REBOUND (Off:0 Def:2),[],Batum,16,11,,False,False,201587.0,,3pt missed,3pt made,,,,1626195|201188|201587|201956|202066|202689|202714|203077|203210|2225,1626195|201587|202689|203077|2225,201188|201956|202066|202714|203210,,,1610612766.0,21800713,True
1,PT03M46.00S,03:46,Q1 03:46,39.766666666666666,98,3pt,Walker 3PT Jump Shot (5 PTS) (Parker 1 AST),[],Walker,16,14,Made,True,True,202689.0,2225.0,rebound,foul,,,,1626195|201188|201587|201956|202066|202689|202714|203077|203210|2225,1626195|201587|202689|203077|2225,201188|201956|202066|202714|203210,-229.0,23.0,1610612766.0,21800713,True
1,PT03M32.00S,03:32,Q1 03:32,39.53333333333333,100,foul,Hernangomez P.FOUL (P1.T4) (K.Mauer),[],Hernangomez,16,14,,False,False,1626195.0,,3pt made,2pt made,201188.0,,,1626195|201188|201587|201956|202066|202689|202714|203077|203210|2225,1626195|201587|202689|203077|2225,201188|201956|202066|202714|203210,,,1610612766.0,21800713,True
1,PT03M26.00S,03:26,Q1 03:26,39.43333333333334,102,2pt,Gasol 8' Turnaround Fadeaway (5 PTS),['pointsinthepaint'],Gasol,18,14,Made,True,False,201188.0,,foul,3pt made,,,,1626195|201188|201587|201956|202066|202689|202714|203077|203210|2225,201188|201956|202066|202714|203210,1626195|201587|202689|203077|2225,-69.0,35.0,1610612763.0,21800713,True
1,PT03M09.00S,03:09,Q1 03:09,39.15,103,3pt,Batum 27' 3PT Jump Shot (6 PTS) (Kidd-Gilchrist 2 AST),[],Batum,18,17,Made,True,True,201587.0,203077.0,2pt made,3pt missed,,,,1626195|201188|201587|201956|202066|202689|202714|203077|203210|2225,1626195|201587|202689|203077|2225,201188|201956|202066|202714|203210,-117.0,244.0,1610612766.0,21800713,True
1,PT02M50.00S,02:50,Q1 02:50,38.833333333333336,105,3pt,MISS Mack 27' 3PT Jump Shot,[],Mack,18,17,Missed,True,False,202714.0,,3pt made,rebound,,,,1626195|201188|201587|201956|202066|202689|202714|203077|203210|2225,201188|201956|202066|202714|203210,1626195|201587|202689|203077|2225,93.0,256.0,1610612763.0,21800713,True
1,PT02M47.00S,02:47,Q1 02:47,38.78333333333333,106,rebound,Hernangomez REBOUND (Off:0 Def:1),[],Hernangomez,18,17,,False,False,1626195.0,,3pt missed,turnover,,,,1626195|201188|201587|201956|202066|202689|202714|203077|203210|2225,1626195|201587|202689|203077|2225,201188|201956|202066|202714|203210,,,1610612766.0,21800713,True
1,PT02M42.00S,02:42,Q1 02:42,38.7,107,turnover,Batum Bad Pass Turnover (P1.T3),[],Batum,18,17,,False,False,201587.0,,rebound,steal,,,,1626195|201188|201587|201956|202066|202689|202714|203077|203210|2225,1626195|201587|202689|203077|2225,201188|201956|202066|202714|203210,,,1610612766.0,21800713,True
1,PT02M42.00S,02:42,Q1 02:42,38.7,107,steal,Casspi STEAL (1 STL),[],Casspi,18,17,,False,False,201956.0,,turnover,foul,,201956.0,,1626195|201188|201587|201956|202066|202689|202714|203077|203210|2225,201188|201956|202066|202714|203210,1626195|201587|202689|203077|2225,,,1610612763.0,21800713,True
1,PT02M26.00S,02:26,Q1 02:26,38.43333333333334,109,foul,Kidd-Gilchrist S.FOUL (P2.PN) (H.Workman),['inpenalty'],Kidd-Gilchrist,18,17,,False,False,203077.0,,steal,timeout,201188.0,,,1626195|201188|201587|201956|202066|202689|202714|203077|203210|2225,1626195|201587|202689|203077|2225,201188|201956|202066|202714|203210,,,1610612766.0,21800713,True
1,PT02M26.00S,02:26,Q1 02:26,38.43333333333334,111,timeout,GRIZZLIES Timeout: Regular (Full 1 Short 0),[],,18,17,,False,False,0.0,,foul,freethrow,,,,1626195|201188|201587|201956|202066|202689|202714|203077|203210|2225,201188|201956|202066|202714|203210,1626195|201587|202689|203077|2225,,,1610612763.0,21800713,True
1,PT02M26.00S,02:26,Q1 02:26,38.43333333333334,116,freethrow,Gasol Free Throw 1 of 2 (6 PTS),[],Gasol,19,17,Made,False,False,201188.0,,timeout,freethrow,,,,1626195|201188|201587|201956|202066|202689|202714|203077|203210|2225,201188|201956|202066|202714|203210,1626195|201587|202689|203077|2225,,,1610612763.0,21800713,True
1,PT02M26.00S,02:26,Q1 02:26,38.43333333333334,117,freethrow,Gasol Free Throw 2 of 2 (7 PTS),[],Gasol,20,17,Made,False,False,201188.0,,freethrow,substitution,,,,1626195|201188|201587|201956|202066|202689|202714|203077|203210|2225,201188|201956|202066|202714|203210,1626195|201587|202689|203077|2225,,,1610612763.0,21800713,True
1,PT02M26.00S,02:26,Q1 02:26,38.43333333333334,112,substitution,SUB out: G. Temple,[],Temple,18,17,,False,False,202066.0,,freethrow,substitution,,,,1626195|201188|201587|201956|202689|202714|203077|203210|2225,201188|201956|202714|203210,1626195|201587|202689|203077|2225,,,1610612763.0,21800713,False
1,PT02M26.00S,02:26,Q1 02:26,38.43333333333334,113,substitution,SUB out: K. Walker,[],Walker,18,17,,False,False,202689.0,,substitution,substitution,,,,1626195|201188|201587|201956|202714|203077|203210|2225,1626195|201587|203077|2225,201188|201956|202714|203210,,,1610612766.0,21800713,False
1,PT02M26.00S,02:26,Q1 02:26,38.43333333333334,114,substitution,SUB in: J. Holiday,[],Holiday,18,17,,False,False,203200.0,,substitution,substitution,,,,1626195|201188|201587|201956|202714|203077|203200|203210|2225,201188|201956|202714|203200|203210,1626195|201587|203077|2225,,,1610612763.0,21800713,False
1,PT02M26.00S,02:26,Q1 02:26,38.43333333333334,115,substitution,SUB in: M. Monk,[],Monk,18,17,,False,False,1628370.0,,substitution,3pt missed,,,,1626195|1628370|201188|201587|201956|202714|203077|203200|203210|2225,1626195|1628370|201587|203077|2225,201188|201956|202714|203200|203210,,,1610612766.0,21800713,True
1,PT02M07.00S,02:07,Q1 02:07,38.11666666666667,118,3pt,MISS Monk 25' 3PT Step Back Jump Shot,[],Monk,20,17,Missed,True,False,1628370.0,,substitution,rebound,,,,1626195|1628370|201188|201587|201956|202714|203077|203200|203210|2225,1626195|1628370|201587|203077|2225,201188|201956|202714|203200|203210,161.0,194.0,1610612766.0,21800713,True
1,PT02M04.00S,02:04,Q1 02:04,38.06666666666667,119,rebound,Green REBOUND (Off:0 Def:1),[],Green,20,17,,False,False,203210.0,,3pt missed,3pt missed,,,,1626195|1628370|201188|201587|201956|202714|203077|203200|203210|2225,201188|201956|202714|203200|203210,1626195|1628370|201587|203077|2225,,,1610612763.0,21800713,True
1,PT01M47.00S,01:47,Q1 01:47,37.78333333333333,120,3pt,MISS Gasol 25' 3PT Jump Shot,[],Gasol,20,17,Missed,True,False,201188.0,,rebound,rebound,,,,1626195|1628370|201188|201587|201956|202714|203077|203200|203210|2225,201188|201956|202714|203200|203210,1626195|1628370|201587|203077|2225,-21.0,247.0,1610612763.0,21800713,True
1,PT01M46.00S,01:46,Q1 01:46,37.766666666666666,121,rebound,TEAM offensive REBOUND,['team'],,20,17,,False,False,0.0,,3pt missed,substitution,,,,1626195|1628370|201188|201587|201956|202714|203077|203200|203210|2225,201188|201956|202714|203200|203210,1626195|1628370|201587|203077|2225,,,1610612763.0,21800713,True
1,PT01M46.00S,01:46,Q1 01:46,37.766666666666666,123,substitution,SUB out: M. Gasol,[],Gasol,20,17,,False,False,201188.0,,rebound,substitution,,,,1626195|1628370|201587|201956|202714|203077|203200|203210|2225,201956|202714|203200|203210,1626195|1628370|201587|203077|2225,,,1610612763.0,21800713,False
1,PT01M46.00S,01:46,Q1 01:46,37.766666666666666,124,substitution,SUB in: I. Rabb,[],Rabb,20,17,,False,False,1628397.0,,substitution,2pt missed,,,,1626195|1628370|1628397|201587|201956|202714|203077|203200|203210|2225,1628397|201956|202714|203200|203210,1626195|1628370|201587|203077|2225,,,1610612763.0,21800713,True
1,PT01M34.00S,01:34,Q1 01:34,37.56666666666667,125,2pt,MISS Mack 20' Pullup Jump Shot,[],Mack,20,17,Missed,True,False,202714.0,,substitution,rebound,,,,1626195|1628370|1628397|201587|201956|202714|203077|203200|203210|2225,1628397|201956|202714|203200|203210,1626195|1628370|201587|203077|2225,-81.0,180.0,1610612763.0,21800713,True
1,PT01M29.00S,01:29,Q1 01:29,37.483333333333334,126,rebound,Hernangomez REBOUND (Off:0 Def:2),[],Hernangomez,20,17,,False,False,1626195.0,,2pt missed,2pt made,,,,1626195|1628370|1628397|201587|201956|202714|203077|203200|203210|2225,1626195|1628370|201587|203077|2225,1628397|201956|202714|203200|203210,,,1610612766.0,21800713,True
1,PT01M19.00S,01:19,Q1 01:19,37.31666666666667,127,2pt,Hernangomez 7' Hook Shot (2 PTS) (Parker 2 AST),['pointsinthepaint'],Hernangomez,20,19,Made,True,True,1626195.0,2225.0,rebound,2pt missed,,,,1626195|1628370|1628397|201587|201956|202714|203077|203200|203210|2225,1626195|1628370|201587|203077|2225,1628397|201956|202714|203200|203210,-18.0,69.0,1610612766.0,21800713,True
1,PT01M07.00S,01:07,Q1 01:07,37.11666666666667,129,2pt,MISS Rabb 20' Jump Shot,[],Rabb,20,19,Missed,True,False,1628397.0,,2pt made,rebound,,,,1626195|1628370|1628397|201587|201956|202714|203077|203200|203210|2225,1628397|201956|202714|203200|203210,1626195|1628370|201587|203077|2225,99.0,177.0,1610612763.0,21800713,True
1,PT01M03.00S,01:03,Q1 01:03,37.05,130,rebound,Kidd-Gilchrist REBOUND (Off:0 Def:1),[],Kidd-Gilchrist,20,19,,False,False,203077.0,,2pt missed,3pt missed,,,,1626195|1628370|1628397|201587|201956|202714|203077|203200|203210|2225,1626195|1628370|201587|203077|2225,1628397|201956|202714|203200|203210,,,1610612766.0,21800713,True
1,PT00M59.40S,00:59,Q1 00:59,36.99,131,3pt,MISS Batum 24' 3PT Running Jump Shot,[],Batum,20,19,Missed,True,False,201587.0,,rebound,rebound,,,,1626195|1628370|1628397|201587|201956|202714|203077|203200|203210|2225,1626195|1628370|201587|203077|2225,1628397|201956|202714|203200|203210,205.0,134.0,1610612766.0,21800713,True
1,PT00M56.50S,00:56,Q1 00:56,36.94166666666667,132,rebound,Kidd-Gilchrist REBOUND (Off:1 Def:1),[],Kidd-Gilchrist,20,19,,False,False,203077.0,,3pt missed,2pt made,,,,1626195|1628370|1628397|201587|201956|202714|203077|203200|203210|2225,1626195|1628370|201587|203077|2225,1628397|201956|202714|203200|203210,,,1610612766.0,21800713,True
1,PT00M51.10S,00:51,Q1 00:51,36.85166666666667,133,2pt,Parker 19' Pullup Jump Shot (2 PTS),[],Parker,20,21,Made,True,False,2225.0,,rebound,2pt missed,,,,1626195|1628370|1628397|201587|201956|202714|203077|203200|203210|2225,1626195|1628370|201587|203077|2225,1628397|201956|202714|203200|203210,-143.0,132.0,1610612766.0,21800713,True
1,PT00M36.90S,00:36,Q1 00:36,36.615,134,2pt,MISS Holiday 19' Pullup Jump Shot,[],Holiday,20,21,Missed,True,False,203200.0,,2pt made,rebound,,,,1626195|1628370|1628397|201587|201956|202714|203077|203200|203210|2225,1628397|201956|202714|203200|203210,1626195|1628370|201587|203077|2225,-76.0,173.0,1610612763.0,21800713,True
1,PT00M33.80S,00:33,Q1 00:33,36.56333333333333,135,rebound,Hernangomez REBOUND (Off:0 Def:3),[],Hernangomez,20,21,,False,False,1626195.0,,2pt missed,2pt made,,,,1626195|1628370|1628397|201587|201956|202714|203077|203200|203210|2225,1626195|1628370|201587|203077|2225,1628397|201956|202714|203200|203210,,,1610612766.0,21800713,True
1,PT00M28.30S,00:28,Q1 00:28,36.471666666666664,136,2pt,Monk 1' Running Layup (2 PTS),['pointsinthepaint'],Monk,20,23,Made,True,False,1628370.0,,rebound,2pt missed,,,,1626195|1628370|1628397|201587|201956|202714|203077|203200|203210|2225,1626195|1628370|201587|203077|2225,1628397|201956|202714|203200|203210,9.0,-4.0,1610612766.0,21800713,True
1,PT00M05.80S,00:05,Q1 00:05,36.096666666666664,137,2pt,MISS Casspi 7' Turnaround Jump Shot,['pointsinthepaint'],Casspi,20,23,Missed,True,False,201956.0,,2pt made,block,,,,1626195|1628370|1628397|201587|201956|202714|203077|203200|203210|2225,1628397|201956|202714|203200|203210,1626195|1628370|201587|203077|2225,-49.0,56.0,1610612763.0,21800713,True
1,PT00M05.80S,00:05,Q1 00:05,36.096666666666664,137,block,Batum BLOCK (1 BLK),[],Batum,20,23,,False,False,201587.0,,2pt missed,rebound,,,201587.0,1626195|1628370|1628397|201587|201956|202714|203077|203200|203210|2225,1626195|1628370|201587|203077|2225,1628397|201956|202714|203200|203210,,,1610612766.0,21800713,True
1,PT00M03.80S,00:03,Q1 00:03,36.06333333333333,139,rebound,Casspi REBOUND (Off:1 Def:0),[],Casspi,20,23,,False,False,201956.0,,block,2pt made,,,,1626195|1628370|1628397|201587|201956|202714|203077|203200|203210|2225,1628397|201956|202714|203200|203210,1626195|1628370|201587|203077|2225,,,1610612763.0,21800713,True
1,PT00M03.80S,00:03,Q1 00:03,36.06333333333333,140,2pt,Casspi 6' Floating Jump Shot (2 PTS),['pointsinthepaint'],Casspi,22,23,Made,True,False,201956.0,,rebound,3pt missed,,,,1626195|1628370|1628397|201587|201956|202714|203077|203200|203210|2225,1628397|201956|202714|203200|203210,1626195|1628370|201587|203077|2225,-48.0,43.0,1610612763.0,21800713,True
1,PT00M00.00S,00:00,Q1 00:00,36.0,141,3pt,MISS Parker 42' 3PT Jump Shot,[],Parker,22,23,Missed,True,False,2225.0,,2pt made,rebound,,,,1626195|1628370|1628397|201587|201956|202714|203077|203200|203210|2225,1626195|1628370|201587|203077|2225,1628397|201956|202714|203200|203210,-169.0,384.0,1610612766.0,21800713,True
1,PT00M00.00S,00:00,Q1 00:00,36.0,142,rebound,TEAM offensive REBOUND,['team'],,22,23,,False,False,0.0,,3pt missed,period,,,,1626195|1628370|1628397|201587|201956|202714|203077|203200|203210|2225,1626195|1628370|201587|203077|2225,1628397|201956|202714|203200|203210,,,1610612766.0,21800713,True
1,PT00M00.00S,00:00,Q1 00:00,36.0,143,period,End of 1st Period (8:33 PM EST),[],,22,23,,False,False,0.0,,rebound,period,,,,1626195|1628370|1628397|201587|201956|202714|203077|203200|203210|2225,1628397|201956|202714|203200|203210,1626195|1628370|201587|203077|2225,,,1610612763.0,21800713,True
2,PT12M00.00S,12:00,Q2 12:00,36.0,148,period,Start of 2nd Period (8:36 PM EST),[],,22,23,,False,False,0.0,,period,substitution,,,,1626195|1628370|1628397|201587|201956|202714|203077|203200|203210|2225,1628397|201956|202714|203200|203210,1626195|1628370|201587|203077|2225,,,1610612763.0,21800713,True
2,PT11M48.00S,11:48,Q2 11:48,35.8,149,2pt,MISS Casspi 1' Driving Reverse Layup,['pointsinthepaint'],Casspi,22,23,Missed,True,False,201956.0,,substitution,rebound,,,,1626195|1628370|1628970|201144|201956|202714|203077|203200|203210|2225,201144|201956|202714|203200|203210,1626195|1628370|1628970|203077|2225,-10.0,-2.0,1610612763.0,21800713,True
2,PT11M45.00S,11:45,Q2 11:45,35.75,150,rebound,Hernangomez REBOUND (Off:0 Def:4),[],Hernangomez,22,23,,False,False,1626195.0,,2pt missed,foul,,,,1626195|1628370|1628970|201144|201956|202714|203077|203200|203210|2225,1626195|1628370|1628970|203077|2225,201144|201956|202714|203200|203210,,,1610612766.0,21800713,True
2,PT11M42.00S,11:42,Q2 11:42,35.7,151,foul,Mack S.FOUL (P1.T1) (M.Kogut),[],Mack,22,23,,False,False,202714.0,,rebound,freethrow,2225.0,,,1626195|1628370|1628970|201144|201956|202714|203077|203200|203210|2225,201144|201956|202714|203200|203210,1626195|1628370|1628970|203077|2225,,,1610612763.0,21800713,True
2,PT11M42.00S,11:42,Q2 11:42,35.7,153,freethrow,Parker Free Throw 1 of 2 (3 PTS),[],Parker,22,24,Made,False,False,2225.0,,foul,freethrow,,,,1626195|1628370|1628970|201144|201956|202714|203077|203200|203210|2225,1626195|1628370|1628970|203077|2225,201144|201956|202714|203200|203210,,,1610612766.0,21800713,True
2,PT11M42.00S,11:42,Q2 11:42,35.7,154,freethrow,Parker Free Throw 2 of 2 (4 PTS),[],Parker,22,25,Made,False,False,2225.0,,freethrow,3pt missed,,,,1626195|1628370|1628970|201144|201956|202714|203077|203200|203210|2225,1626195|1628370|1628970|203077|2225,201144|201956|202714|203200|203210,,,1610612766.0,21800713,True
2,PT11M31.00S,11:31,Q2 11:31,35.516666666666666,155,3pt,MISS Green 25' 3PT Jump Shot,[],Green,22,25,Missed,True,False,203210.0,,freethrow,rebound,,,,1626195|1628370|1628970|201144|201956|202714|203077|203200|203210|2225,201144|201956|202714|203200|203210,1626195|1628370|1628970|203077|2225,-220.0,109.0,1610612763.0,21800713,True
2,PT11M27.00S,11:27,Q2 11:27,35.45,156,rebound,Hernangomez REBOUND (Off:0 Def:5),[],Hernangomez,22,25,,False,False,1626195.0,,3pt missed,2pt made,,,,1626195|1628370|1628970|201144|201956|202714|203077|203200|203210|2225,1626195|1628370|1628970|203077|2225,201144|201956|202714|203200|203210,,,1610612766.0,21800713,True
2,PT11M23.00S,11:23,Q2 11:23,35.38333333333333,157,2pt,Hernangomez 2' Cutting Layup Shot (4 PTS) (Monk 1 AST),['pointsinthepaint'],Hernangomez,22,27,Made,True,True,1626195.0,1628370.0,rebound,foul,,,,1626195|1628370|1628970|201144|201956|202714|203077|203200|203210|2225,1626195|1628370|1628970|203077|2225,201144|201956|202714|203200|203210,-7.0,17.0,1610612766.0,21800713,True
2,PT11M23.00S,11:23,Q2 11:23,35.38333333333333,159,foul,Green S.FOUL (P1.T2) (K.Mauer),[],Green,22,27,,False,False,203210.0,,2pt made,freethrow,1626195.0,,,1626195|1628370|1628970|201144|201956|202714|203077|203200|203210|2225,201144|201956|202714|203200|203210,1626195|1628370|1628970|203077|2225,,,1610612763.0,21800713,True
2,PT11M23.00S,11:23,Q2 11:23,35.38333333333333,161,freethrow,Hernangomez Free Throw 1 of 1 (5 PTS),[],Hernangomez,22,28,Made,False,False,1626195.0,,foul,2pt made,,,,1626195|1628370|1628970|201144|201956|202714|203077|203200|203210|2225,1626195|1628370|1628970|203077|2225,201144|201956|202714|203200|203210,,,1610612766.0,21800713,True
2,PT11M07.00S,11:07,Q2 11:07,35.11666666666667,162,2pt,Conley 1' Driving Layup (4 PTS),['pointsinthepaint'],Conley,24,28,Made,True,False,201144.0,,freethrow,2pt made,,,,1626195|1628370|1628970|201144|201956|202714|203077|203200|203210|2225,201144|201956|202714|203200|203210,1626195|1628370|1628970|203077|2225,-6.0,-1.0,1610612763.0,21800713,True
2,PT10M54.00S,10:54,Q2 10:54,34.9,163,2pt,Parker 1' Driving Finger Roll Layup (6 PTS),['pointsinthepaint'],Parker,24,30,Made,True,False,2225.0,,2pt made,timeout,,,,1626195|1628370|1628970|201144|201956|202714|203077|203200|203210|2225,1626195|1628370|1628970|203077|2225,201144|201956|202714|203200|203210,13.0,0.0,1610612766.0,21800713,True
2,PT10M53.00S,10:53,Q2 10:53,34.88333333333333,164,timeout,GRIZZLIES Timeout: Regular (Full 2 Short 0),[],,24,30,,False,False,0.0,,2pt made,turnover,,,,1626195|1628370|1628970|201144|201956|202714|203077|203200|203210|2225,201144|201956|202714|203200|203210,1626195|1628370|1628970|203077|2225,,,1610612763.0,21800713,True
2,PT10M30.00S,10:30,Q2 10:30,34.5,165,turnover,Holiday Bad Pass Turnover (P1.T2),[],Holiday,24,30,,False,False,203200.0,,timeout,steal,,,,1626195|1628370|1628970|201144|201956|202714|203077|203200|203210|2225,201144|201956|202714|203200|203210,1626195|1628370|1628970|203077|2225,,,1610612763.0,21800713,True
2,PT10M30.00S,10:30,Q2 10:30,34.5,165,steal,Parker STEAL (1 STL),[],Parker,24,30,,False,False,2225.0,,turnover,2pt made,,2225.0,,1626195|1628370|1628970|201144|201956|202714|203077|203200|203210|2225,1626195|1628370|1628970|203077|2225,201144|201956|202714|203200|203210,,,1610612766.0,21800713,True
2,PT10M26.00S,10:26,Q2 10:26,34.43333333333334,167,2pt,Bridges 1' Running Layup (2 PTS) (Parker 3 AST),['pointsinthepaint'],Bridges,24,32,Made,True,True,1628970.0,2225.0,steal,2pt missed,,,,1626195|1628370|1628970|201144|201956|202714|203077|203200|203210|2225,1626195|1628370|1628970|203077|2225,201144|201956|202714|203200|203210,3.0,-5.0,1610612766.0,21800713,True
2,PT10M08.00S,10:08,Q2 10:08,34.13333333333333,169,2pt,MISS Mack 7' Pullup Jump Shot,['pointsinthepaint'],Mack,24,32,Missed,True,False,202714.0,,2pt made,rebound,,,,1626195|1628370|1628970|201144|201956|202714|203077|203200|203210|2225,201144|201956|202714|203200|203210,1626195|1628370|1628970|203077|2225,49.0,56.0,1610612763.0,21800713,True
2,PT10M08.00S,10:08,Q2 10:08,34.13333333333333,170,rebound,Hernangomez REBOUND (Off:0 Def:6),[],Hernangomez,24,32,,False,False,1626195.0,,2pt missed,foul,,,,1626195|1628370|1628970|201144|201956|202714|203077|203200|203210|2225,1626195|1628370|1628970|203077|2225,201144|201956|202714|203200|203210,,,1610612766.0,21800713,True
2,PT10M08.00S,10:08,Q2 10:08,34.13333333333333,171,foul,Mack P.FOUL (P2.T3) (K.Mauer),[],Mack,24,32,,False,False,202714.0,,rebound,substitution,203077.0,,,1626195|1628370|1628970|201144|201956|202714|203077|203200|203210|2225,201144|201956|202714|203200|203210,1626195|1628370|1628970|203077|2225,,,1610612763.0,21800713,True
2,PT10M08.00S,10:08,Q2 10:08,34.13333333333333,173,substitution,SUB out: S. Mack,[],Mack,24,32,,False,False,202714.0,,foul,substitution,,,,1626195|1628370|1628970|201144|201956|203077|203200|203210|2225,201144|201956|203200|203210,1626195|1628370|1628970|203077|2225,,,1610612763.0,21800713,False
2,PT10M08.00S,10:08,Q2 10:08,34.13333333333333,174,substitution,SUB out: O. Casspi,[],Casspi,24,32,,False,False,201956.0,,substitution,substitution,,,,1626195|1628370|1628970|201144|203077|203200|203210|2225,201144|203200|203210,1626195|1628370|1628970|203077|2225,,,1610612763.0,21800713,False
2,PT10M08.00S,10:08,Q2 10:08,34.13333333333333,175,substitution,SUB in: J. Jackson Jr.,[],Jackson Jr.,24,32,,False,False,1628991.0,,substitution,substitution,,,,1626195|1628370|1628970|1628991|201144|203077|203200|203210|2225,1628991|201144|203200|203210,1626195|1628370|1628970|203077|2225,,,1610612763.0,21800713,False
2,PT10M08.00S,10:08,Q2 10:08,34.13333333333333,176,substitution,SUB in: G. Temple,[],Temple,24,32,,False,False,202066.0,,substitution,foul,,,,1626195|1628370|1628970|1628991|201144|202066|203077|203200|203210|2225,1628991|201144|202066|203200|203210,1626195|1628370|1628970|203077|2225,,,1610612763.0,21800713,True
2,PT09M57.00S,09:57,Q2 09:57,33.95,177,foul,Green S.FOUL (P2.T4) (H.Workman),[],Green,24,32,,False,False,203210.0,,substitution,freethrow,203077.0,,,1626195|1628370|1628970|1628991|201144|202066|203077|203200|203210|2225,1628991|201144|202066|203200|203210,1626195|1628370|1628970|203077|2225,,,1610612763.0,21800713,True
2,PT09M57.00S,09:57,Q2 09:57,33.95,179,freethrow,MISS Kidd-Gilchrist Free Throw 1 of 2,[],Kidd-Gilchrist,24,32,Missed,False,False,203077.0,,foul,rebound,,,,1626195|1628370|1628970|1628991|201144|202066|203077|203200|203210|2225,1626195|1628370|1628970|203077|2225,1628991|201144|202066|203200|203210,,,1610612766.0,21800713,True
2,PT09M57.00S,09:57,Q2 09:57,33.95,180,rebound,TEAM offensive REBOUND,['team'],,24,32,,False,False,0.0,,freethrow,freethrow,,,,1626195|1628370|1628970|1628991|201144|202066|203077|203200|203210|2225,1626195|1628370|1628970|203077|2225,1628991|201144|202066|203200|203210,,,1610612766.0,21800713,True
2,PT09M57.00S,09:57,Q2 09:57,33.95,181,freethrow,Kidd-Gilchrist Free Throw 2 of 2 (1 PTS),['2ndchance'],Kidd-Gilchrist,24,33,Made,False,False,203077.0,,rebound,3pt made,,,,1626195|1628370|1628970|1628991|201144|202066|203077|203200|203210|2225,1626195|1628370|1628970|203077|2225,1628991|201144|202066|203200|203210,,,1610612766.0,21800713,True
2,PT09M45.00S,09:45,Q2 09:45,33.75,182,3pt,Conley 25' 3PT Jump Shot (7 PTS) (Green 1 AST),[],Conley,27,33,Made,True,True,201144.0,203210.0,freethrow,2pt made,,,,1626195|1628370|1628970|1628991|201144|202066|203077|203200|203210|2225,1628991|201144|202066|203200|203210,1626195|1628370|1628970|203077|2225,130.0,215.0,1610612763.0,21800713,True
2,PT09M28.00S,09:28,Q2 09:28,33.46666666666667,184,2pt,Parker 6' Driving Floating Jump Shot (8 PTS),['pointsinthepaint'],Parker,27,35,Made,True,False,2225.0,,3pt made,foul,,,,1626195|1628370|1628970|1628991|201144|202066|203077|203200|203210|2225,1626195|1628370|1628970|203077|2225,1628991|201144|202066|203200|203210,5.0,62.0,1610612766.0,21800713,True
2,PT09M20.00S,09:20,Q2 09:20,33.333333333333336,185,foul,Hernangomez S.FOUL (P2.T1) (K.Mauer),[],Hernangomez,27,35,,False,False,1626195.0,,2pt made,freethrow,203210.0,,,1626195|1628370|1628970|1628991|201144|202066|203077|203200|203210|2225,1626195|1628370|1628970|203077|2225,1628991|201144|202066|203200|203210,,,1610612766.0,21800713,True
2,PT09M20.00S,09:20,Q2 09:20,33.333333333333336,187,freethrow,Green Free Throw 1 of 2 (7 PTS),[],Green,28,35,Made,False,False,203210.0,,foul,freethrow,,,,1626195|1628370|1628970|1628991|201144|202066|203077|203200|203210|2225,1628991|201144|202066|203200|203210,1626195|1628370|1628970|203077|2225,,,1610612763.0,21800713,True
2,PT09M20.00S,09:20,Q2 09:20,33.333333333333336,190,freethrow,MISS Green Free Throw 2 of 2,[],Green,28,35,Missed,False,False,203210.0,,freethrow,substitution,,,,1626195|1628370|1628970|1628991|201144|202066|203077|203200|203210|2225,1628991|201144|202066|203200|203210,1626195|1628370|1628970|203077|2225,,,1610612763.0,21800713,True
2,PT09M20.00S,09:20,Q2 09:20,33.333333333333336,188,substitution,SUB out: T. Parker,[],Parker,28,35,,False,False,2225.0,,freethrow,substitution,,,,1626195|1628370|1628970|1628991|201144|202066|203077|203200|203210,1626195|1628370|1628970|203077,1628991|201144|202066|203200|203210,,,1610612766.0,21800713,False
2,PT09M20.00S,09:20,Q2 09:20,33.333333333333336,189,substitution,SUB in: K. Walker,[],Walker,28,35,,False,False,202689.0,,substitution,rebound,,,,1626195|1628370|1628970|1628991|201144|202066|202689|203077|203200|203210,1626195|1628370|1628970|202689|203077,1628991|201144|202066|203200|203210,,,1610612766.0,21800713,True
2,PT09M16.00S,09:16,Q2 09:16,33.266666666666666,191,rebound,Holiday REBOUND (Off:1 Def:0),[],Holiday,28,35,,False,False,203200.0,,substitution,3pt missed,,,,1626195|1628370|1628970|1628991|201144|202066|202689|203077|203200|203210,1628991|201144|202066|203200|203210,1626195|1628370|1628970|202689|203077,,,1610612763.0,21800713,True
2,PT09M15.00S,09:15,Q2 09:15,33.25,192,3pt,MISS Holiday 25' 3PT Step Back Jump Shot,[],Holiday,28,35,Missed,True,False,203200.0,,rebound,rebound,,,,1626195|1628370|1628970|1628991|201144|202066|202689|203077|203200|203210,1628991|201144|202066|203200|203210,1626195|1628370|1628970|202689|203077,220.0,108.0,1610612763.0,21800713,True
2,PT09M12.00S,09:12,Q2 09:12,33.2,196,rebound,TEAM offensive REBOUND,['team'],,28,35,,False,False,0.0,,3pt missed,2pt missed,,,,1626195|1628370|1628970|1628991|201144|202066|202689|203077|203200|203210,1628991|201144|202066|203200|203210,1626195|1628370|1628970|202689|203077,,,1610612763.0,21800713,True
2,PT09M07.00S,09:07,Q2 09:07,33.11666666666667,197,2pt,MISS Conley 9' Driving Floating Bank Jump Shot,"['2ndchance', 'pointsinthepaint']",Conley,28,35,Missed,True,False,201144.0,,rebound,rebound,,,,1626195|1628370|1628970|1628991|201144|202066|202689|203077|203200|203210,1628991|201144|202066|203200|203210,1626195|1628370|1628970|202689|203077,43.0,84.0,1610612763.0,21800713,True
2,PT09M06.00S,09:06,Q2 09:06,33.1,198,rebound,TEAM defensive REBOUND,['team'],,28,35,,False,False,0.0,,2pt missed,foul,,,,1626195|1628370|1628970|1628991|201144|202066|202689|203077|203200|203210,1626195|1628370|1628970|202689|203077,1628991|201144|202066|203200|203210,,,1610612766.0,21800713,True
2,PT09M06.00S,09:06,Q2 09:06,33.1,199,foul,Green L.B.FOUL (P3.PN) (M.Kogut),['inpenalty'],Green,28,35,,False,False,203210.0,,rebound,freethrow,203077.0,,,1626195|1628370|1628970|1628991|201144|202066|202689|203077|203200|203210,1628991|201144|202066|203200|203210,1626195|1628370|1628970|202689|203077,,,1610612763.0,21800713,True
2,PT09M06.00S,09:06,Q2 09:06,33.1,201,freethrow,Kidd-Gilchrist Free Throw 1 of 2 (2 PTS),[],Kidd-Gilchrist,28,36,Made,False,False,203077.0,,foul,freethrow,,,,1626195|1628370|1628970|1628991|201144|202066|202689|203077|203200|203210,1626195|1628370|1628970|202689|203077,1628991|201144|202066|203200|203210,,,1610612766.0,21800713,True
2,PT09M06.00S,09:06,Q2 09:06,33.1,204,freethrow,Kidd-Gilchrist Free Throw 2 of 2 (3 PTS),[],Kidd-Gilchrist,28,37,Made,False,False,203077.0,,freethrow,substitution,,,,1626195|1628370|1628970|1628991|201144|202066|202689|203077|203200|203210,1626195|1628370|1628970|202689|203077,1628991|201144|202066|203200|203210,,,1610612766.0,21800713,True
2,PT09M06.00S,09:06,Q2 09:06,33.1,202,substitution,SUB out: J. Green,[],Green,28,36,,False,False,203210.0,,freethrow,substitution,,,,1626195|1628370|1628970|1628991|201144|202066|202689|203077|203200,1628991|201144|202066|203200,1626195|1628370|1628970|202689|203077,,,1610612763.0,21800713,False
2,PT09M06.00S,09:06,Q2 09:06,33.1,203,substitution,SUB in: M. Gasol,[],Gasol,28,36,,False,False,201188.0,,substitution,3pt missed,,,,1626195|1628370|1628970|1628991|201144|201188|202066|202689|203077|203200,1628991|201144|201188|202066|203200,1626195|1628370|1628970|202689|203077,,,1610612763.0,21800713,True
2,PT08M54.00S,08:54,Q2 08:54,32.9,205,3pt,MISS Holiday 26' 3PT Jump Shot,[],Holiday,28,37,Missed,True,False,203200.0,,substitution,rebound,,,,1626195|1628370|1628970|1628991|201144|201188|202066|202689|203077|203200,1628991|201144|201188|202066|203200,1626195|1628370|1628970|202689|203077,127.0,227.0,1610612763.0,21800713,True
2,PT08M52.00S,08:52,Q2 08:52,32.86666666666667,206,rebound,Hernangomez REBOUND (Off:0 Def:7),[],Hernangomez,28,37,,False,False,1626195.0,,3pt missed,3pt made,,,,1626195|1628370|1628970|1628991|201144|201188|202066|202689|203077|203200,1626195|1628370|1628970|202689|203077,1628991|201144|201188|202066|203200,,,1610612766.0,21800713,True
2,PT08M42.00S,08:42,Q2 08:42,32.7,207,3pt,Monk 28' 3PT Jump Shot (5 PTS) (Walker 1 AST),[],Monk,28,40,Made,True,True,1628370.0,202689.0,rebound,3pt missed,,,,1626195|1628370|1628970|1628991|201144|201188|202066|202689|203077|203200,1626195|1628370|1628970|202689|203077,1628991|201144|201188|202066|203200,-169.0,222.0,1610612766.0,21800713,True
2,PT08M27.00S,08:27,Q2 08:27,32.45,209,3pt,MISS Conley 26' 3PT Jump Shot,[],Conley,28,40,Missed,True,False,201144.0,,3pt made,rebound,,,,1626195|1628370|1628970|1628991|201144|201188|202066|202689|203077|203200,1628991|201144|201188|202066|203200,1626195|1628370|1628970|202689|203077,-35.0,253.0,1610612763.0,21800713,True
2,PT08M24.00S,08:24,Q2 08:24,32.4,210,rebound,Gasol REBOUND (Off:1 Def:3),[],Gasol,28,40,,False,False,201188.0,,3pt missed,turnover,,,,1626195|1628370|1628970|1628991|201144|201188|202066|202689|203077|203200,1628991|201144|201188|202066|203200,1626195|1628370|1628970|202689|203077,,,1610612763.0,21800713,True
2,PT08M15.00S,08:15,Q2 08:15,32.25,211,turnover,Temple Bad Pass Turnover (P1.T3),[],Temple,28,40,,False,False,202066.0,,rebound,steal,,,,1626195|1628370|1628970|1628991|201144|201188|202066|202689|203077|203200,1628991|201144|201188|202066|203200,1626195|1628370|1628970|202689|203077,,,1610612763.0,21800713,True
2,PT08M15.00S,08:15,Q2 08:15,32.25,211,steal,Walker STEAL (1 STL),[],Walker,28,40,,False,False,202689.0,,turnover,turnover,,202689.0,,1626195|1628370|1628970|1628991|201144|201188|202066|202689|203077|203200,1626195|1628370|1628970|202689|203077,1628991|201144|201188|202066|203200,,,1610612766.0,21800713,True
2,PT08M12.00S,08:12,Q2 08:12,32.2,213,turnover,Kidd-Gilchrist Lost Ball Turnover (P1.T4),[],Kidd-Gilchrist,28,40,,False,False,203077.0,,steal,steal,,,,1626195|1628370|1628970|1628991|201144|201188|202066|202689|203077|203200,1626195|1628370|1628970|202689|203077,1628991|201144|201188|202066|203200,,,1610612766.0,21800713,True
2,PT08M12.00S,08:12,Q2 08:12,32.2,213,steal,Conley STEAL (1 STL),[],Conley,28,40,,False,False,201144.0,,turnover,2pt missed,,201144.0,,1626195|1628370|1628970|1628991|201144|201188|202066|202689|203077|203200,1628991|201144|201188|202066|203200,1626195|1628370|1628970|202689|203077,,,1610612763.0,21800713,True
2,PT08M03.00S,08:03,Q2 08:03,32.05,215,2pt,MISS Jackson Jr. 2' Layup,['pointsinthepaint'],Jackson Jr.,28,40,Missed,True,False,1628991.0,,steal,block,,,,1626195|1628370|1628970|1628991|201144|201188|202066|202689|203077|203200,1628991|201144|201188|202066|203200,1626195|1628370|1628970|202689|203077,2.0,15.0,1610612763.0,21800713,True
2,PT08M03.00S,08:03,Q2 08:03,32.05,215,block,Hernangomez BLOCK (1 BLK),[],Hernangomez,28,40,,False,False,1626195.0,,2pt missed,rebound,,,1626195.0,1626195|1628370|1628970|1628991|201144|201188|202066|202689|203077|203200,1626195|1628370|1628970|202689|203077,1628991|201144|201188|202066|203200,,,1610612766.0,21800713,True
2,PT07M59.00S,07:59,Q2 07:59,31.983333333333334,217,rebound,Hernangomez REBOUND (Off:0 Def:8),[],Hernangomez,28,40,,False,False,1626195.0,,block,2pt made,,,,1626195|1628370|1628970|1628991|201144|201188|202066|202689|203077|203200,1626195|1628370|1628970|202689|203077,1628991|201144|201188|202066|203200,,,1610612766.0,21800713,True
2,PT07M58.00S,07:58,Q2 07:58,31.96666666666667,218,2pt,Walker Running Layup (7 PTS) (Bridges 1 AST),['pointsinthepaint'],Walker,28,42,Made,True,True,202689.0,1628970.0,rebound,timeout,,,,1626195|1628370|1628970|1628991|201144|201188|202066|202689|203077|203200,1626195|1628370|1628970|202689|203077,1628991|201144|201188|202066|203200,3.0,0.0,1610612766.0,21800713,True
2,PT07M58.00S,07:58,Q2 07:58,31.96666666666667,220,timeout,GRIZZLIES Timeout: Regular (Full 3 Short 0),[],,28,42,,False,False,0.0,,2pt made,substitution,,,,1626195|1628370|1628970|1628991|201144|201188|202066|202689|203077|203200,1628991|201144|201188|202066|203200,1626195|1628370|1628970|202689|203077,,,1610612763.0,21800713,True
2,PT07M58.00S,07:58,Q2 07:58,31.96666666666667,221,substitution,SUB out: M. Bridges,[],Bridges,28,42,,False,False,1628970.0,,timeout,substitution,,,,1626195|1628370|1628991|201144|201188|202066|202689|203077|203200,1626195|1628370|202689|203077,1628991|201144|201188|202066|203200,,,1610612766.0,21800713,False
2,PT07M58.00S,07:58,Q2 07:58,31.96666666666667,222,substitution,SUB out: M. Kidd-Gilchrist,[],Kidd-Gilchrist,28,42,,False,False,203077.0,,substitution,substitution,,,,1626195|1628370|1628991|201144|201188|202066|202689|203200,1626195|1628370|202689,1628991|201144|201188|202066|203200,,,1610612766.0,21800713,False
2,PT07M58.00S,07:58,Q2 07:58,31.96666666666667,223,substitution,SUB in: J. Lamb,[],Lamb,28,42,,False,False,203087.0,,substitution,substitution,,,,1626195|1628370|1628991|201144|201188|202066|202689|203087|203200,1626195|1628370|202689|203087,1628991|201144|201188|202066|203200,,,1610612766.0,21800713,False
2,PT07M58.00S,07:58,Q2 07:58,31.96666666666667,224,substitution,SUB in: M. Williams,[],Williams,28,42,,False,False,101107.0,,substitution,3pt made,,,,101107|1626195|1628370|1628991|201144|201188|202066|202689|203087|203200,101107|1626195|1628370|202689|203087,1628991|201144|201188|202066|203200,,,1610612766.0,21800713,True
2,PT07M47.00S,07:47,Q2 07:47,31.78333333333333,225,3pt,Conley 3PT Jump Shot (10 PTS) (Temple 2 AST),[],Conley,31,42,Made,True,True,201144.0,202066.0,substitution,2pt missed,,,,101107|1626195|1628370|1628991|201144|201188|202066|202689|203087|203200,1628991|201144|201188|202066|203200,101107|1626195|1628370|202689|203087,224.0,34.0,1610612763.0,21800713,True
2,PT07M29.00S,07:29,Q2 07:29,31.483333333333334,227,2pt,MISS Williams 1' Driving Floating Jump Shot,['pointsinthepaint'],Williams,31,42,Missed,True,False,101107.0,,3pt made,rebound,,,,101107|1626195|1628370|1628991|201144|201188|202066|202689|203087|203200,101107|1626195|1628370|202689|203087,1628991|201144|201188|202066|203200,-7.0,13.0,1610612766.0,21800713,True
2,PT07M27.00S,07:27,Q2 07:27,31.45,228,rebound,Holiday REBOUND (Off:1 Def:1),[],Holiday,31,42,,False,False,203200.0,,2pt missed,2pt made,,,,101107|1626195|1628370|1628991|201144|201188|202066|202689|203087|203200,1628991|201144|201188|202066|203200,101107|1626195|1628370|202689|203087,,,1610612763.0,21800713,True
2,PT07M18.00S,07:18,Q2 07:18,31.3,229,2pt,Jackson Jr. 2' Driving Layup (2 PTS) (Gasol 5 AST),['pointsinthepaint'],Jackson Jr.,33,42,Made,True,True,1628991.0,201188.0,rebound,2pt made,,,,101107|1626195|1628370|1628991|201144|201188|202066|202689|203087|203200,1628991|201144|201188|202066|203200,101107|1626195|1628370|202689|203087,-19.0,9.0,1610612763.0,21800713,True
2,PT06M57.00S,06:57,Q2 06:57,30.95,231,2pt,Hernangomez 7' Hook Shot (7 PTS) (Lamb 1 AST),['pointsinthepaint'],Hernangomez,33,44,Made,True,True,1626195.0,203087.0,2pt made,2pt missed,,,,101107|1626195|1628370|1628991|201144|201188|202066|202689|203087|203200,101107|1626195|1628370|202689|203087,1628991|201144|201188|202066|203200,-58.0,42.0,1610612766.0,21800713,True
2,PT06M38.00S,06:38,Q2 06:38,30.633333333333333,233,2pt,MISS Jackson Jr. 8' Turnaround Jump Shot,['pointsinthepaint'],Jackson Jr.,33,44,Missed,True,False,1628991.0,,2pt made,rebound,,,,101107|1626195|1628370|1628991|201144|201188|202066|202689|203087|203200,1628991|201144|201188|202066|203200,101107|1626195|1628370|202689|203087,-44.0,64.0,1610612763.0,21800713,True
2,PT06M36.00S,06:36,Q2 06:36,30.6,234,rebound,Monk REBOUND (Off:0 Def:1),[],Monk,33,44,,False,False,1628370.0,,2pt missed,2pt made,,,,101107|1626195|1628370|1628991|201144|201188|202066|202689|203087|203200,101107|1626195|1628370|202689|203087,1628991|201144|201188|202066|203200,,,1610612766.0,21800713,True
2,PT06M24.00S,06:24,Q2 06:24,30.4,235,2pt,Monk 1' Driving Finger Roll Layup (7 PTS),['pointsinthepaint'],Monk,33,46,Made,True,False,1628370.0,,rebound,3pt made,,,,101107|1626195|1628370|1628991|201144|201188|202066|202689|203087|203200,101107|1626195|1628370|202689|203087,1628991|201144|201188|202066|203200,8.0,-1.0,1610612766.0,21800713,True
2,PT06M05.00S,06:05,Q2 06:05,30.083333333333332,236,3pt,Jackson Jr. 24' 3PT Jump Shot (5 PTS) (Gasol 6 AST),[],Jackson Jr.,36,46,Made,True,True,1628991.0,201188.0,2pt made,2pt missed,,,,101107|1626195|1628370|1628991|201144|201188|202066|202689|203087|203200,1628991|201144|201188|202066|203200,101107|1626195|1628370|202689|203087,-236.0,-2.0,1610612763.0,21800713,True
2,PT05M51.00S,05:51,Q2 05:51,29.85,238,2pt,MISS Walker 1' Driving Reverse Layup,['pointsinthepaint'],Walker,36,46,Missed,True,False,202689.0,,3pt made,rebound,,,,101107|1626195|1628370|1628991|201144|201188|202066|202689|203087|203200,101107|1626195|1628370|202689|203087,1628991|201144|201188|202066|203200,-13.0,6.0,1610612766.0,21800713,True
2,PT05M48.00S,05:48,Q2 05:48,29.8,239,rebound,Gasol REBOUND (Off:1 Def:4),[],Gasol,36,46,,False,False,201188.0,,2pt missed,foul,,,,101107|1626195|1628370|1628991|201144|201188|202066|202689|203087|203200,1628991|201144|201188|202066|203200,101107|1626195|1628370|202689|203087,,,1610612763.0,21800713,True
2,PT05M45.00S,05:45,Q2 05:45,29.75,240,foul,Lamb S.FOUL (P2.T2) (K.Mauer),[],Lamb,36,46,,False,False,203087.0,,rebound,freethrow,1628991.0,,,101107|1626195|1628370|1628991|201144|201188|202066|202689|203087|203200,101107|1626195|1628370|202689|203087,1628991|201144|201188|202066|203200,,,1610612766.0,21800713,True
2,PT05M45.00S,05:45,Q2 05:45,29.75,242,freethrow,Jackson Jr. Free Throw 1 of 2 (6 PTS),[],Jackson Jr.,37,46,Made,False,False,1628991.0,,foul,freethrow,,,,101107|1626195|1628370|1628991|201144|201188|202066|202689|203087|203200,1628991|201144|201188|202066|203200,101107|1626195|1628370|202689|203087,,,1610612763.0,21800713,True
2,PT05M45.00S,05:45,Q2 05:45,29.75,247,freethrow,Jackson Jr. Free Throw 2 of 2 (7 PTS),[],Jackson Jr.,38,46,Made,False,False,1628991.0,,freethrow,substitution,,,,101107|1626195|1628370|1628991|201144|201188|202066|202689|203087|203200,1628991|201144|201188|202066|203200,101107|1626195|1628370|202689|203087,,,1610612763.0,21800713,True
2,PT05M45.00S,05:45,Q2 05:45,29.75,243,substitution,SUB out: M. Conley,[],Conley,37,46,,False,False,201144.0,,freethrow,substitution,,,,101107|1626195|1628370|1628991|201188|202066|202689|203087|203200,1628991|201188|202066|203200,101107|1626195|1628370|202689|203087,,,1610612763.0,21800713,False
2,PT05M45.00S,05:45,Q2 05:45,29.75,244,substitution,SUB out: W. Hernangomez,[],Hernangomez,37,46,,False,False,1626195.0,,substitution,substitution,,,,101107|1628370|1628991|201188|202066|202689|203087|203200,101107|1628370|202689|203087,1628991|201188|202066|203200,,,1610612766.0,21800713,False
2,PT05M45.00S,05:45,Q2 05:45,29.75,245,substitution,SUB in: S. Mack,[],Mack,37,46,,False,False,202714.0,,substitution,substitution,,,,101107|1628370|1628991|201188|202066|202689|202714|203087|203200,1628991|201188|202066|202714|203200,101107|1628370|202689|203087,,,1610612763.0,21800713,False
2,PT05M45.00S,05:45,Q2 05:45,29.75,246,substitution,SUB in: B. Biyombo,[],Biyombo,37,46,,False,False,202687.0,,substitution,2pt missed,,,,101107|1628370|1628991|201188|202066|202687|202689|202714|203087|203200,101107|1628370|202687|202689|203087,1628991|201188|202066|202714|203200,,,1610612766.0,21800713,True
2,PT05M34.00S,05:34,Q2 05:34,29.566666666666666,248,2pt,MISS Monk 1' Driving Layup,['pointsinthepaint'],Monk,38,46,Missed,True,False,1628370.0,,substitution,rebound,,,,101107|1628370|1628991|201188|202066|202687|202689|202714|203087|203200,101107|1628370|202687|202689|203087,1628991|201188|202066|202714|203200,11.0,4.0,1610612766.0,21800713,True
2,PT05M32.00S,05:32,Q2 05:32,29.53333333333333,249,rebound,Gasol REBOUND (Off:1 Def:5),[],Gasol,38,46,,False,False,201188.0,,2pt missed,3pt made,,,,101107|1628370|1628991|201188|202066|202687|202689|202714|203087|203200,1628991|201188|202066|202714|203200,101107|1628370|202687|202689|203087,,,1610612763.0,21800713,True
2,PT05M22.00S,05:22,Q2 05:22,29.366666666666667,250,3pt,Gasol 25' 3PT Jump Shot (10 PTS) (Mack 1 AST),[],Gasol,41,46,Made,True,True,201188.0,202714.0,rebound,timeout,,,,101107|1628370|1628991|201188|202066|202687|202689|202714|203087|203200,1628991|201188|202066|202714|203200,101107|1628370|202687|202689|203087,65.0,245.0,1610612763.0,21800713,True
2,PT05M20.00S,05:20,Q2 05:20,29.333333333333332,252,timeout,Hornets Timeout: Regular (Reg.2 Short 0),[],,41,46,,False,False,0.0,,3pt made,substitution,,,,101107|1628370|1628991|201188|202066|202687|202689|202714|203087|203200,101107|1628370|202687|202689|203087,1628991|201188|202066|202714|203200,,,1610612766.0,21800713,True
2,PT05M20.00S,05:20,Q2 05:20,29.333333333333332,253,substitution,SUB out: M. Monk,[],Monk,41,46,,False,False,1628370.0,,timeout,substitution,,,,101107|1628991|201188|202066|202687|202689|202714|203087|203200,101107|202687|202689|203087,1628991|201188|202066|202714|203200,,,1610612766.0,21800713,False
2,PT05M20.00S,05:20,Q2 05:20,29.333333333333332,254,substitution,SUB in: N. Batum,[],Batum,41,46,,False,False,201587.0,,substitution,2pt missed,,,,101107|1628991|201188|201587|202066|202687|202689|202714|203087|203200,101107|201587|202687|202689|203087,1628991|201188|202066|202714|203200,,,1610612766.0,21800713,True
2,PT05M02.00S,05:02,Q2 05:02,29.03333333333333,256,2pt,MISS Lamb 12' Fadeaway Jumper,[],Lamb,41,46,Missed,True,False,203087.0,,substitution,rebound,,,,101107|1628991|201188|201587|202066|202687|202689|202714|203087|203200,101107|201587|202687|202689|203087,1628991|201188|202066|202714|203200,-106.0,52.0,1610612766.0,21800713,True
2,PT04M58.00S,04:58,Q2 04:58,28.96666666666667,257,rebound,Biyombo REBOUND (Off:3 Def:1),[],Biyombo,41,46,,False,False,202687.0,,2pt missed,2pt missed,,,,101107|1628991|201188|201587|202066|202687|202689|202714|203087|203200,101107|201587|202687|202689|203087,1628991|201188|202066|202714|203200,,,1610612766.0,21800713,True
2,PT04M46.00S,04:46,Q2 04:46,28.766666666666666,258,2pt,MISS Walker 1' Driving Layup,['pointsinthepaint'],Walker,41,46,Missed,True,False,202689.0,,rebound,block,,,,101107|1628991|201188|201587|202066|202687|202689|202714|203087|203200,101107|201587|202687|202689|203087,1628991|201188|202066|202714|203200,3.0,8.0,1610612766.0,21800713,True
2,PT04M46.00S,04:46,Q2 04:46,28.766666666666666,258,block,Jackson Jr. BLOCK (1 BLK),[],Jackson Jr.,41,46,,False,False,1628991.0,,2pt missed,rebound,,,1628991.0,101107|1628991|201188|201587|202066|202687|202689|202714|203087|203200,1628991|201188|202066|202714|203200,101107|201587|202687|202689|203087,,,1610612763.0,21800713,True
2,PT04M40.00S,04:40,Q2 04:40,28.666666666666668,260,rebound,Gasol REBOUND (Off:1 Def:6),[],Gasol,41,46,,False,False,201188.0,,block,2pt made,,,,101107|1628991|201188|201587|202066|202687|202689|202714|203087|203200,1628991|201188|202066|202714|203200,101107|201587|202687|202689|203087,,,1610612763.0,21800713,True
2,PT04M38.00S,04:38,Q2 04:38,28.633333333333333,261,2pt,Gasol 13' Floating Jump Shot (12 PTS) (Mack 2 AST),['pointsinthepaint'],Gasol,43,46,Made,True,True,201188.0,202714.0,rebound,2pt made,,,,101107|1628991|201188|201587|202066|202687|202689|202714|203087|203200,1628991|201188|202066|202714|203200,101107|201587|202687|202689|203087,14.0,125.0,1610612763.0,21800713,True
2,PT04M22.00S,04:22,Q2 04:22,28.366666666666667,263,2pt,Batum 1' Driving Dunk (8 PTS) (Walker 2 AST),['pointsinthepaint'],Batum,43,48,Made,True,True,201587.0,202689.0,2pt made,3pt missed,,,,101107|1628991|201188|201587|202066|202687|202689|202714|203087|203200,101107|201587|202687|202689|203087,1628991|201188|202066|202714|203200,3.0,4.0,1610612766.0,21800713,True
2,PT04M04.00S,04:04,Q2 04:04,28.066666666666666,265,3pt,MISS Temple 3PT Jump Shot,[],Temple,43,48,Missed,True,False,202066.0,,2pt made,rebound,,,,101107|1628991|201188|201587|202066|202687|202689|202714|203087|203200,1628991|201188|202066|202714|203200,101107|201587|202687|202689|203087,225.0,32.0,1610612763.0,21800713,True
2,PT04M01.00S,04:01,Q2 04:01,28.016666666666666,266,rebound,Batum REBOUND (Off:0 Def:3),[],Batum,43,48,,False,False,201587.0,,3pt missed,3pt made,,,,101107|1628991|201188|201587|202066|202687|202689|202714|203087|203200,101107|201587|202687|202689|203087,1628991|201188|202066|202714|203200,,,1610612766.0,21800713,True
2,PT03M49.00S,03:49,Q2 03:49,27.816666666666666,267,3pt,Williams 3PT Jump Shot (3 PTS) (Lamb 2 AST),[],Williams,43,51,Made,True,True,101107.0,203087.0,rebound,2pt made,,,,101107|1628991|201188|201587|202066|202687|202689|202714|203087|203200,101107|201587|202687|202689|203087,1628991|201188|202066|202714|203200,-225.0,0.0,1610612766.0,21800713,True
2,PT03M24.00S,03:24,Q2 03:24,27.4,269,2pt,Holiday 19' Pullup Jump Shot (5 PTS) (Gasol 7 AST),[],Holiday,45,51,Made,True,True,203200.0,201188.0,3pt made,foul,,,,101107|1628991|201188|201587|202066|202687|202689|202714|203087|203200,1628991|201188|202066|202714|203200,101107|201587|202687|202689|203087,-16.0,187.0,1610612763.0,21800713,True
2,PT03M10.00S,03:10,Q2 03:10,27.166666666666668,271,foul,Temple P.FOUL (P1.PN) (H.Workman),['inpenalty'],Temple,45,51,,False,False,202066.0,,2pt made,freethrow,202689.0,,,101107|1628991|201188|201587|202066|202687|202689|202714|203087|203200,1628991|201188|202066|202714|203200,101107|201587|202687|202689|203087,,,1610612763.0,21800713,True
2,PT03M10.00S,03:10,Q2 03:10,27.166666666666668,273,freethrow,Walker Free Throw 1 of 2 (8 PTS),[],Walker,45,52,Made,False,False,202689.0,,foul,freethrow,,,,101107|1628991|201188|201587|202066|202687|202689|202714|203087|203200,101107|201587|202687|202689|203087,1628991|201188|202066|202714|203200,,,1610612766.0,21800713,True
2,PT03M10.00S,03:10,Q2 03:10,27.166666666666668,274,freethrow,MISS Walker Free Throw 2 of 2,[],Walker,45,52,Missed,False,False,202689.0,,freethrow,rebound,,,,101107|1628991|201188|201587|202066|202687|202689|202714|203087|203200,101107|201587|202687|202689|203087,1628991|201188|202066|202714|203200,,,1610612766.0,21800713,True
2,PT03M08.00S,03:08,Q2 03:08,27.133333333333333,275,rebound,Gasol REBOUND (Off:1 Def:7),[],Gasol,45,52,,False,False,201188.0,,freethrow,turnover,,,,101107|1628991|201188|201587|202066|202687|202689|202714|203087|203200,1628991|201188|202066|202714|203200,101107|201587|202687|202689|203087,,,1610612763.0,21800713,True
2,PT02M48.00S,02:48,Q2 02:48,26.8,276,turnover,Gasol Lost Ball Turnover (P2.T4),[],Gasol,45,52,,False,False,201188.0,,rebound,steal,,,,101107|1628991|201188|201587|202066|202687|202689|202714|203087|203200,1628991|201188|202066|202714|203200,101107|201587|202687|202689|203087,,,1610612763.0,21800713,True
2,PT02M48.00S,02:48,Q2 02:48,26.8,276,steal,Williams STEAL (2 STL),[],Williams,45,52,,False,False,101107.0,,turnover,2pt made,,101107.0,,101107|1628991|201188|201587|202066|202687|202689|202714|203087|203200,101107|201587|202687|202689|203087,1628991|201188|202066|202714|203200,,,1610612766.0,21800713,True
2,PT02M35.00S,02:35,Q2 02:35,26.583333333333332,278,2pt,Biyombo Cutting Dunk Shot (4 PTS) (Lamb 3 AST),['pointsinthepaint'],Biyombo,45,54,Made,True,True,202687.0,203087.0,steal,foul,,,,101107|1628991|201188|201587|202066|202687|202689|202714|203087|203200,101107|201587|202687|202689|203087,1628991|201188|202066|202714|203200,-3.0,2.0,1610612766.0,21800713,True
2,PT02M12.00S,02:12,Q2 02:12,26.2,280,foul,Biyombo S.FOUL (P2.T3) (M.Kogut),[],Biyombo,45,54,,False,False,202687.0,,2pt made,freethrow,1628991.0,,,101107|1628991|201188|201587|202066|202687|202689|202714|203087|203200,101107|201587|202687|202689|203087,1628991|201188|202066|202714|203200,,,1610612766.0,21800713,True
2,PT02M12.00S,02:12,Q2 02:12,26.2,282,freethrow,Jackson Jr. Free Throw 1 of 2 (8 PTS),[],Jackson Jr.,46,54,Made,False,False,1628991.0,,foul,freethrow,,,,101107|1628991|201188|201587|202066|202687|202689|202714|203087|203200,1628991|201188|202066|202714|203200,101107|201587|202687|202689|203087,,,1610612763.0,21800713,True
2,PT02M12.00S,02:12,Q2 02:12,26.2,285,freethrow,Jackson Jr. Free Throw 2 of 2 (9 PTS),[],Jackson Jr.,47,54,Made,False,False,1628991.0,,freethrow,substitution,,,,101107|1628991|201188|201587|202066|202687|202689|202714|203087|203200,1628991|201188|202066|202714|203200,101107|201587|202687|202689|203087,,,1610612763.0,21800713,True
2,PT02M12.00S,02:12,Q2 02:12,26.2,283,substitution,SUB out: S. Mack,[],Mack,46,54,,False,False,202714.0,,freethrow,substitution,,,,101107|1628991|201188|201587|202066|202687|202689|203087|203200,1628991|201188|202066|203200,101107|201587|202687|202689|203087,,,1610612763.0,21800713,False
2,PT02M12.00S,02:12,Q2 02:12,26.2,284,substitution,SUB in: M. Conley,[],Conley,46,54,,False,False,201144.0,,substitution,2pt made,,,,101107|1628991|201144|201188|201587|202066|202687|202689|203087|203200,1628991|201144|201188|202066|203200,101107|201587|202687|202689|203087,,,1610612763.0,21800713,True
2,PT01M48.00S,01:48,Q2 01:48,25.8,286,2pt,Lamb 19' Fadeaway Jumper (6 PTS) (Batum 1 AST),[],Lamb,47,56,Made,True,True,203087.0,201587.0,substitution,3pt made,,,,101107|1628991|201144|201188|201587|202066|202687|202689|203087|203200,101107|201587|202687|202689|203087,1628991|201144|201188|202066|203200,-116.0,152.0,1610612766.0,21800713,True
2,PT01M27.00S,01:27,Q2 01:27,25.45,288,3pt,Temple 3PT Jump Shot (5 PTS) (Jackson Jr. 1 AST),[],Temple,50,56,Made,True,True,202066.0,1628991.0,2pt made,2pt made,,,,101107|1628991|201144|201188|201587|202066|202687|202689|203087|203200,1628991|201144|201188|202066|203200,101107|201587|202687|202689|203087,-231.0,-23.0,1610612763.0,21800713,True
2,PT01M03.00S,01:03,Q2 01:03,25.05,290,2pt,Williams 6' Driving Floating Jump Shot (5 PTS) (Batum 2 AST),['pointsinthepaint'],Williams,50,58,Made,True,True,101107.0,201587.0,3pt made,foul,,,,101107|1628991|201144|201188|201587|202066|202687|202689|203087|203200,101107|201587|202687|202689|203087,1628991|201144|201188|202066|203200,-17.0,60.0,1610612766.0,21800713,True
2,PT00M49.50S,00:49,Q2 00:49,24.825,292,foul,Batum S.FOUL (P1.T4) (K.Mauer),[],Batum,50,58,,False,False,201587.0,,2pt made,freethrow,201144.0,,,101107|1628991|201144|201188|201587|202066|202687|202689|203087|203200,101107|201587|202687|202689|203087,1628991|201144|201188|202066|203200,,,1610612766.0,21800713,True
2,PT00M49.50S,00:49,Q2 00:49,24.825,294,freethrow,Conley Free Throw 1 of 2 (11 PTS),[],Conley,51,58,Made,False,False,201144.0,,foul,freethrow,,,,101107|1628991|201144|201188|201587|202066|202687|202689|203087|203200,1628991|201144|201188|202066|203200,101107|201587|202687|202689|203087,,,1610612763.0,21800713,True
2,PT00M49.50S,00:49,Q2 00:49,24.825,297,freethrow,Conley Free Throw 2 of 2 (12 PTS),[],Conley,52,58,Made,False,False,201144.0,,freethrow,substitution,,,,101107|1628991|201144|201188|201587|202066|202687|202689|203087|203200,1628991|201144|201188|202066|203200,101107|201587|202687|202689|203087,,,1610612763.0,21800713,True
2,PT00M49.50S,00:49,Q2 00:49,24.825,295,substitution,SUB out: J. Jackson Jr.,[],Jackson Jr.,51,58,,False,False,1628991.0,,freethrow,substitution,,,,101107|201144|201188|201587|202066|202687|202689|203087|203200,201144|201188|202066|203200,101107|201587|202687|202689|203087,,,1610612763.0,21800713,False
2,PT00M49.50S,00:49,Q2 00:49,24.825,296,substitution,SUB in: O. Casspi,[],Casspi,51,58,,False,False,201956.0,,substitution,3pt missed,,,,101107|201144|201188|201587|201956|202066|202687|202689|203087|203200,201144|201188|201956|202066|203200,101107|201587|202687|202689|203087,,,1610612763.0,21800713,True
2,PT00M30.60S,00:30,Q2 00:30,24.51,298,3pt,MISS Lamb 3PT Jump Shot,[],Lamb,52,58,Missed,True,False,203087.0,,substitution,rebound,,,,101107|201144|201188|201587|201956|202066|202687|202689|203087|203200,101107|201587|202687|202689|203087,201144|201188|201956|202066|203200,232.0,33.0,1610612766.0,21800713,True
2,PT00M28.40S,00:28,Q2 00:28,24.473333333333333,299,rebound,Casspi REBOUND (Off:1 Def:1),[],Casspi,52,58,,False,False,201956.0,,3pt missed,2pt made,,,,101107|201144|201188|201587|201956|202066|202687|202689|203087|203200,201144|201188|201956|202066|203200,101107|201587|202687|202689|203087,,,1610612763.0,21800713,True
2,PT00M13.10S,00:13,Q2 00:13,24.218333333333334,300,2pt,Conley 2' Driving Layup (14 PTS),['pointsinthepaint'],Conley,54,58,Made,True,False,201144.0,,rebound,3pt missed,,,,101107|201144|201188|201587|201956|202066|202687|202689|203087|203200,201144|201188|201956|202066|203200,101107|201587|202687|202689|203087,-16.0,1.0,1610612763.0,21800713,True
2,PT00M02.90S,00:02,Q2 00:02,24.048333333333332,301,3pt,MISS Walker 26' 3PT Pullup Jump Shot,[],Walker,54,58,Missed,True,False,202689.0,,2pt made,rebound,,,,101107|201144|201188|201587|201956|202066|202687|202689|203087|203200,101107|201587|202687|202689|203087,201144|201188|201956|202066|203200,67.0,248.0,1610612766.0,21800713,True
2,PT00M02.90S,00:02,Q2 00:02,24.048333333333332,302,rebound,Holiday REBOUND (Off:1 Def:2),[],Holiday,54,58,,False,False,203200.0,,3pt missed,3pt missed,,,,101107|201144|201188|201587|201956|202066|202687|202689|203087|203200,201144|201188|201956|202066|203200,101107|201587|202687|202689|203087,,,1610612763.0,21800713,True
2,PT00M00.00S,00:00,Q2 00:00,24.0,303,3pt,MISS Holiday 63' 3PT Jump Shot,[],Holiday,54,58,Missed,True,False,203200.0,,rebound,rebound,,,,101107|201144|201188|201587|201956|202066|202687|202689|203087|203200,201144|201188|201956|202066|203200,101107|201587|202687|202689|203087,-15.0,628.0,1610612763.0,21800713,True
2,PT00M00.00S,00:00,Q2 00:00,24.0,304,rebound,TEAM offensive REBOUND,['team'],,54,58,,False,False,0.0,,3pt missed,period,,,,101107|201144|201188|201587|201956|202066|202687|202689|203087|203200,201144|201188|201956|202066|203200,101107|201587|202687|202689|203087,,,1610612763.0,21800713,True
2,PT00M00.00S,00:00,Q2 00:00,24.0,305,period,End of 2nd Period (9:04 PM EST),[],,54,58,,False,False,0.0,,rebound,period,,,,101107|201144|201188|201587|201956|202066|202687|202689|203087|203200,201144|201188|201956|202066|203200,101107|201587|202687|202689|203087,,,1610612763.0,21800713,True
3,PT12M00.00S,12:00,Q3 12:00,24.0,308,period,Start of 3rd Period (9:19 PM EST),[],,54,58,,False,False,0.0,,period,substitution,,,,101107|201144|201188|201587|201956|202066|202687|202689|203087|203200,201144|201188|201956|202066|203200,101107|201587|202687|202689|203087,,,1610612763.0,21800713,True
3,PT11M36.00S,11:36,Q3 11:36,23.6,309,turnover,GRIZZLIES Turnover: Shot Clock (T#5),[],,54,58,,False,False,1610612763.0,,substitution,3pt missed,,,,101107|1628991|201144|201188|201587|202066|202687|202689|203087|203200,1628991|201144|201188|202066|203200,101107|201587|202687|202689|203087,,,0.0,21800713,True
3,PT11M13.00S,11:13,Q3 11:13,23.21666666666667,310,3pt,MISS Lamb 28' 3PT Jump Shot,[],Lamb,54,58,Missed,True,False,203087.0,,turnover,rebound,,,,101107|1628991|201144|201188|201587|202066|202687|202689|203087|203200,101107|201587|202687|202689|203087,1628991|201144|201188|202066|203200,120.0,258.0,1610612766.0,21800713,True
3,PT11M10.00S,11:10,Q3 11:10,23.166666666666664,311,rebound,Temple REBOUND (Off:0 Def:3),[],Temple,54,58,,False,False,202066.0,,3pt missed,turnover,,,,101107|1628991|201144|201188|201587|202066|202687|202689|203087|203200,1628991|201144|201188|202066|203200,101107|201587|202687|202689|203087,,,1610612763.0,21800713,True
3,PT10M57.00S,10:57,Q3 10:57,22.95,312,turnover,Conley Bad Pass Turnover (P1.T6),[],Conley,54,58,,False,False,201144.0,,rebound,steal,,,,101107|1628991|201144|201188|201587|202066|202687|202689|203087|203200,1628991|201144|201188|202066|203200,101107|201587|202687|202689|203087,,,1610612763.0,21800713,True
3,PT10M57.00S,10:57,Q3 10:57,22.95,312,steal,Biyombo STEAL (1 STL),[],Biyombo,54,58,,False,False,202687.0,,turnover,foul,,202687.0,,101107|1628991|201144|201188|201587|202066|202687|202689|203087|203200,101107|201587|202687|202689|203087,1628991|201144|201188|202066|203200,,,1610612766.0,21800713,True
3,PT10M55.00S,10:55,Q3 10:55,22.916666666666664,314,foul,Temple S.FOUL (P2.T1) (M.Kogut),[],Temple,54,58,,False,False,202066.0,,steal,freethrow,202687.0,,,101107|1628991|201144|201188|201587|202066|202687|202689|203087|203200,1628991|201144|201188|202066|203200,101107|201587|202687|202689|203087,,,1610612763.0,21800713,True
3,PT10M55.00S,10:55,Q3 10:55,22.916666666666664,316,freethrow,Biyombo Free Throw 1 of 2 (5 PTS),[],Biyombo,54,59,Made,False,False,202687.0,,foul,freethrow,,,,101107|1628991|201144|201188|201587|202066|202687|202689|203087|203200,101107|201587|202687|202689|203087,1628991|201144|201188|202066|203200,,,1610612766.0,21800713,True
3,PT10M55.00S,10:55,Q3 10:55,22.916666666666664,317,freethrow,MISS Biyombo Free Throw 2 of 2,[],Biyombo,54,59,Missed,False,False,202687.0,,freethrow,rebound,,,,101107|1628991|201144|201188|201587|202066|202687|202689|203087|203200,101107|201587|202687|202689|203087,1628991|201144|201188|202066|203200,,,1610612766.0,21800713,True
3,PT10M53.00S,10:53,Q3 10:53,22.883333333333333,318,rebound,Gasol REBOUND (Off:1 Def:8),[],Gasol,54,59,,False,False,201188.0,,freethrow,3pt missed,,,,101107|1628991|201144|201188|201587|202066|202687|202689|203087|203200,1628991|201144|201188|202066|203200,101107|201587|202687|202689|203087,,,1610612763.0,21800713,True
3,PT10M33.00S,10:33,Q3 10:33,22.55,319,3pt,MISS Gasol 26' 3PT Jump Shot,[],Gasol,54,59,Missed,True,False,201188.0,,rebound,rebound,,,,101107|1628991|201144|201188|201587|202066|202687|202689|203087|203200,1628991|201144|201188|202066|203200,101107|201587|202687|202689|203087,-14.0,258.0,1610612763.0,21800713,True
3,PT10M31.00S,10:31,Q3 10:31,22.516666666666666,320,rebound,Biyombo REBOUND (Off:3 Def:2),[],Biyombo,54,59,,False,False,202687.0,,3pt missed,2pt made,,,,101107|1628991|201144|201188|201587|202066|202687|202689|203087|203200,101107|201587|202687|202689|203087,1628991|201144|201188|202066|203200,,,1610612766.0,21800713,True
3,PT10M16.00S,10:16,Q3 10:16,22.266666666666666,321,2pt,Walker 19' Pullup Jump Shot (10 PTS),[],Walker,54,61,Made,True,False,202689.0,,rebound,2pt missed,,,,101107|1628991|201144|201188|201587|202066|202687|202689|203087|203200,101107|201587|202687|202689|203087,1628991|201144|201188|202066|203200,112.0,153.0,1610612766.0,21800713,True
3,PT09M58.00S,09:58,Q3 09:58,21.96666666666667,322,2pt,MISS Gasol 5' Driving Layup,['pointsinthepaint'],Gasol,54,61,Missed,True,False,201188.0,,2pt made,rebound,,,,101107|1628991|201144|201188|201587|202066|202687|202689|203087|203200,1628991|201144|201188|202066|203200,101107|201587|202687|202689|203087,0.0,49.0,1610612763.0,21800713,True
3,PT09M55.00S,09:55,Q3 09:55,21.916666666666664,323,rebound,Holiday REBOUND (Off:2 Def:2),[],Holiday,54,61,,False,False,203200.0,,2pt missed,turnover,,,,101107|1628991|201144|201188|201587|202066|202687|202689|203087|203200,1628991|201144|201188|202066|203200,101107|201587|202687|202689|203087,,,1610612763.0,21800713,True
3,PT09M54.00S,09:54,Q3 09:54,21.9,324,turnover,Holiday Backcourt Turnover (P2.T7),[],Holiday,54,61,,False,False,203200.0,,rebound,3pt missed,,,,101107|1628991|201144|201188|201587|202066|202687|202689|203087|203200,1628991|201144|201188|202066|203200,101107|201587|202687|202689|203087,,,1610612763.0,21800713,True
3,PT09M44.00S,09:44,Q3 09:44,21.733333333333334,325,3pt,MISS Walker 25' 3PT Jump Shot,[],Walker,54,61,Missed,True,False,202689.0,,turnover,rebound,,,,101107|1628991|201144|201188|201587|202066|202687|202689|203087|203200,101107|201587|202687|202689|203087,1628991|201144|201188|202066|203200,94.0,230.0,1610612766.0,21800713,True
3,PT09M42.00S,09:42,Q3 09:42,21.7,326,rebound,Gasol REBOUND (Off:1 Def:9),[],Gasol,54,61,,False,False,201188.0,,3pt missed,2pt missed,,,,101107|1628991|201144|201188|201587|202066|202687|202689|203087|203200,1628991|201144|201188|202066|203200,101107|201587|202687|202689|203087,,,1610612763.0,21800713,True
3,PT09M29.00S,09:29,Q3 09:29,21.483333333333334,327,2pt,MISS Jackson Jr. 6' Turnaround Jump Shot,['pointsinthepaint'],Jackson Jr.,54,61,Missed,True,False,1628991.0,,rebound,rebound,,,,101107|1628991|201144|201188|201587|202066|202687|202689|203087|203200,1628991|201144|201188|202066|203200,101107|201587|202687|202689|203087,-43.0,38.0,1610612763.0,21800713,True
3,PT09M28.00S,09:28,Q3 09:28,21.46666666666667,328,rebound,TEAM defensive REBOUND,['team'],,54,61,,False,False,0.0,,2pt missed,2pt made,,,,101107|1628991|201144|201188|201587|202066|202687|202689|203087|203200,101107|201587|202687|202689|203087,1628991|201144|201188|202066|203200,,,1610612766.0,21800713,True
3,PT09M15.00S,09:15,Q3 09:15,21.25,330,2pt,Batum 1' Cutting Dunk Shot (10 PTS) (Walker 3 AST),['pointsinthepaint'],Batum,54,63,Made,True,True,201587.0,202689.0,rebound,timeout,,,,101107|1628991|201144|201188|201587|202066|202687|202689|203087|203200,101107|201587|202687|202689|203087,1628991|201144|201188|202066|203200,-11.0,-6.0,1610612766.0,21800713,True
3,PT09M15.00S,09:15,Q3 09:15,21.25,332,timeout,GRIZZLIES Timeout: Regular (Full 4 Short 0),[],,54,63,,False,False,0.0,,2pt made,2pt missed,,,,101107|1628991|201144|201188|201587|202066|202687|202689|203087|203200,1628991|201144|201188|202066|203200,101107|201587|202687|202689|203087,,,1610612763.0,21800713,True
3,PT08M55.00S,08:55,Q3 08:55,20.916666666666664,333,2pt,MISS Conley 1' Driving Layup,['pointsinthepaint'],Conley,54,63,Missed,True,False,201144.0,,timeout,rebound,,,,101107|1628991|201144|201188|201587|202066|202687|202689|203087|203200,1628991|201144|201188|202066|203200,101107|201587|202687|202689|203087,-9.0,6.0,1610612763.0,21800713,True
3,PT08M52.00S,08:52,Q3 08:52,20.866666666666667,334,rebound,Walker REBOUND (Off:0 Def:1),[],Walker,54,63,,False,False,202689.0,,2pt missed,2pt made,,,,101107|1628991|201144|201188|201587|202066|202687|202689|203087|203200,101107|201587|202687|202689|203087,1628991|201144|201188|202066|203200,,,1610612766.0,21800713,True
3,PT08M48.00S,08:48,Q3 08:48,20.8,335,2pt,Lamb 1' Driving Layup (8 PTS) (Walker 4 AST),['pointsinthepaint'],Lamb,54,65,Made,True,True,203087.0,202689.0,rebound,foul,,,,101107|1628991|201144|201188|201587|202066|202687|202689|203087|203200,101107|201587|202687|202689|203087,1628991|201144|201188|202066|203200,8.0,0.0,1610612766.0,21800713,True
3,PT08M48.00S,08:48,Q3 08:48,20.8,337,foul,Jackson Jr. S.FOUL (P3.T2) (M.Kogut),[],Jackson Jr.,54,65,,False,False,1628991.0,,2pt made,freethrow,203087.0,,,101107|1628991|201144|201188|201587|202066|202687|202689|203087|203200,1628991|201144|201188|202066|203200,101107|201587|202687|202689|203087,,,1610612763.0,21800713,True
3,PT08M48.00S,08:48,Q3 08:48,20.8,341,freethrow,Lamb Free Throw 1 of 1 (9 PTS),[],Lamb,54,66,Made,False,False,203087.0,,foul,substitution,,,,101107|1628991|201144|201188|201587|202066|202687|202689|203087|203200,101107|201587|202687|202689|203087,1628991|201144|201188|202066|203200,,,1610612766.0,21800713,True
3,PT08M48.00S,08:48,Q3 08:48,20.8,339,substitution,SUB out: J. Jackson Jr.,[],Jackson Jr.,54,65,,False,False,1628991.0,,freethrow,substitution,,,,101107|201144|201188|201587|202066|202687|202689|203087|203200,201144|201188|202066|203200,101107|201587|202687|202689|203087,,,1610612763.0,21800713,False
3,PT08M48.00S,08:48,Q3 08:48,20.8,340,substitution,SUB in: J. Green,[],Green,54,65,,False,False,203210.0,,substitution,3pt missed,,,,101107|201144|201188|201587|202066|202687|202689|203087|203200|203210,201144|201188|202066|203200|203210,101107|201587|202687|202689|203087,,,1610612763.0,21800713,True
3,PT08M29.00S,08:29,Q3 08:29,20.483333333333334,342,3pt,MISS Conley 25' 3PT Jump Shot,[],Conley,54,66,Missed,True,False,201144.0,,substitution,rebound,,,,101107|201144|201188|201587|202066|202687|202689|203087|203200|203210,201144|201188|202066|203200|203210,101107|201587|202687|202689|203087,217.0,122.0,1610612763.0,21800713,True
3,PT08M23.00S,08:23,Q3 08:23,20.383333333333333,343,rebound,Lamb REBOUND (Off:0 Def:4),[],Lamb,54,66,,False,False,203087.0,,3pt missed,3pt made,,,,101107|201144|201188|201587|202066|202687|202689|203087|203200|203210,101107|201587|202687|202689|203087,201144|201188|202066|203200|203210,,,1610612766.0,21800713,True
3,PT08M15.00S,08:15,Q3 08:15,20.25,344,3pt,Williams 3PT Jump Shot (8 PTS) (Walker 5 AST),[],Williams,54,69,Made,True,True,101107.0,202689.0,rebound,2pt made,,,,101107|201144|201188|201587|202066|202687|202689|203087|203200|203210,101107|201587|202687|202689|203087,201144|201188|202066|203200|203210,-225.0,4.0,1610612766.0,21800713,True
3,PT07M59.00S,07:59,Q3 07:59,19.983333333333334,346,2pt,Green 1' Dunk (9 PTS) (Temple 3 AST),['pointsinthepaint'],Green,56,69,Made,True,True,203210.0,202066.0,3pt made,turnover,,,,101107|201144|201188|201587|202066|202687|202689|203087|203200|203210,201144|201188|202066|203200|203210,101107|201587|202687|202689|203087,3.0,8.0,1610612763.0,21800713,True
3,PT07M40.00S,07:40,Q3 07:40,19.666666666666668,348,turnover,Biyombo Bad Pass Turnover (P1.T5),[],Biyombo,56,69,,False,False,202687.0,,2pt made,steal,,,,101107|201144|201188|201587|202066|202687|202689|203087|203200|203210,101107|201587|202687|202689|203087,201144|201188|202066|203200|203210,,,1610612766.0,21800713,True
3,PT07M40.00S,07:40,Q3 07:40,19.666666666666668,348,steal,Gasol STEAL (2 STL),[],Gasol,56,69,,False,False,201188.0,,turnover,2pt made,,201188.0,,101107|201144|201188|201587|202066|202687|202689|203087|203200|203210,201144|201188|202066|203200|203210,101107|201587|202687|202689|203087,,,1610612763.0,21800713,True
3,PT07M26.00S,07:26,Q3 07:26,19.433333333333334,350,2pt,Holiday 20' Pullup Jump Shot (7 PTS) (Green 2 AST),[],Holiday,58,69,Made,True,True,203200.0,203210.0,steal,3pt made,,,,101107|201144|201188|201587|202066|202687|202689|203087|203200|203210,201144|201188|202066|203200|203210,101107|201587|202687|202689|203087,-195.0,23.0,1610612763.0,21800713,True
3,PT07M11.00S,07:11,Q3 07:11,19.183333333333334,352,3pt,Lamb 25' 3PT Jump Shot (12 PTS) (Walker 6 AST),[],Lamb,58,72,Made,True,True,203087.0,202689.0,2pt made,2pt made,,,,101107|201144|201188|201587|202066|202687|202689|203087|203200|203210,101107|201587|202687|202689|203087,201144|201188|202066|203200|203210,11.0,246.0,1610612766.0,21800713,True
3,PT06M54.00S,06:54,Q3 06:54,18.9,354,2pt,Conley 1' Driving Finger Roll Layup (16 PTS),['pointsinthepaint'],Conley,60,72,Made,True,False,201144.0,,3pt made,3pt missed,,,,101107|201144|201188|201587|202066|202687|202689|203087|203200|203210,201144|201188|202066|203200|203210,101107|201587|202687|202689|203087,2.0,10.0,1610612763.0,21800713,True
3,PT06M36.00S,06:36,Q3 06:36,18.6,355,3pt,MISS Williams 24' 3PT Jump Shot,[],Williams,60,72,Missed,True,False,101107.0,,2pt made,rebound,,,,101107|201144|201188|201587|202066|202687|202689|203087|203200|203210,101107|201587|202687|202689|203087,201144|201188|202066|203200|203210,214.0,111.0,1610612766.0,21800713,True
3,PT06M34.00S,06:34,Q3 06:34,18.566666666666666,356,rebound,Holiday REBOUND (Off:2 Def:3),[],Holiday,60,72,,False,False,203200.0,,3pt missed,3pt missed,,,,101107|201144|201188|201587|202066|202687|202689|203087|203200|203210,201144|201188|202066|203200|203210,101107|201587|202687|202689|203087,,,1610612763.0,21800713,True
3,PT06M24.00S,06:24,Q3 06:24,18.4,358,3pt,MISS Green 26' 3PT Jump Shot,[],Green,60,72,Missed,True,False,203210.0,,rebound,rebound,,,,101107|201144|201188|201587|202066|202687|202689|203087|203200|203210,201144|201188|202066|203200|203210,101107|201587|202687|202689|203087,-100.0,241.0,1610612763.0,21800713,True
3,PT06M22.00S,06:22,Q3 06:22,18.366666666666667,359,rebound,Biyombo REBOUND (Off:3 Def:3),[],Biyombo,60,72,,False,False,202687.0,,3pt missed,3pt made,,,,101107|201144|201188|201587|202066|202687|202689|203087|203200|203210,101107|201587|202687|202689|203087,201144|201188|202066|203200|203210,,,1610612766.0,21800713,True
3,PT06M15.00S,06:15,Q3 06:15,18.25,360,3pt,Batum 24' 3PT Jump Shot (13 PTS),[],Batum,60,75,Made,True,False,201587.0,,rebound,foul,,,,101107|201144|201188|201587|202066|202687|202689|203087|203200|203210,101107|201587|202687|202689|203087,201144|201188|202066|203200|203210,-3.0,241.0,1610612766.0,21800713,True
3,PT06M05.00S,06:05,Q3 06:05,18.083333333333332,361,foul,Biyombo P.FOUL (P3.T1) (M.Kogut),[],Biyombo,60,75,,False,False,202687.0,,3pt made,3pt missed,203200.0,,,101107|201144|201188|201587|202066|202687|202689|203087|203200|203210,101107|201587|202687|202689|203087,201144|201188|202066|203200|203210,,,1610612766.0,21800713,True
3,PT05M58.00S,05:58,Q3 05:58,17.96666666666667,363,3pt,MISS Holiday 26' 3PT Jump Shot,[],Holiday,60,75,Missed,True,False,203200.0,,foul,rebound,,,,101107|201144|201188|201587|202066|202687|202689|203087|203200|203210,201144|201188|202066|203200|203210,101107|201587|202687|202689|203087,-121.0,231.0,1610612763.0,21800713,True
3,PT05M55.00S,05:55,Q3 05:55,17.916666666666668,364,rebound,Biyombo REBOUND (Off:3 Def:4),[],Biyombo,60,75,,False,False,202687.0,,3pt missed,foul,,,,101107|201144|201188|201587|202066|202687|202689|203087|203200|203210,101107|201587|202687|202689|203087,201144|201188|202066|203200|203210,,,1610612766.0,21800713,True
3,PT05M49.00S,05:49,Q3 05:49,17.816666666666666,365,foul,Temple P.FOUL (P3.T3) (K.Mauer),[],Temple,60,75,,False,False,202066.0,,rebound,substitution,101107.0,,,101107|201144|201188|201587|202066|202687|202689|203087|203200|203210,201144|201188|202066|203200|203210,101107|201587|202687|202689|203087,,,1610612763.0,21800713,True
3,PT05M49.00S,05:49,Q3 05:49,17.816666666666666,367,substitution,SUB out: J. Holiday,[],Holiday,60,75,,False,False,203200.0,,foul,substitution,,,,101107|201144|201188|201587|202066|202687|202689|203087|203210,201144|201188|202066|203210,101107|201587|202687|202689|203087,,,1610612763.0,21800713,False
3,PT05M49.00S,05:49,Q3 05:49,17.816666666666666,368,substitution,SUB in: O. Casspi,[],Casspi,60,75,,False,False,201956.0,,substitution,turnover,,,,101107|201144|201188|201587|201956|202066|202687|202689|203087|203210,201144|201188|201956|202066|203210,101107|201587|202687|202689|203087,,,1610612763.0,21800713,True
3,PT05M47.00S,05:47,Q3 05:47,17.78333333333333,369,turnover,Williams Bad Pass Turnover (P2.T6),[],Williams,60,75,,False,False,101107.0,,substitution,steal,,,,101107|201144|201188|201587|201956|202066|202687|202689|203087|203210,101107|201587|202687|202689|203087,201144|201188|201956|202066|203210,,,1610612766.0,21800713,True
3,PT05M47.00S,05:47,Q3 05:47,17.78333333333333,369,steal,Green STEAL (1 STL),[],Green,60,75,,False,False,203210.0,,turnover,2pt made,,203210.0,,101107|201144|201188|201587|201956|202066|202687|202689|203087|203210,201144|201188|201956|202066|203210,101107|201587|202687|202689|203087,,,1610612763.0,21800713,True
3,PT05M37.00S,05:37,Q3 05:37,17.616666666666667,371,2pt,Gasol 9' Turnaround Hook Shot (14 PTS),['pointsinthepaint'],Gasol,62,75,Made,True,False,201188.0,,steal,foul,,,,101107|201144|201188|201587|201956|202066|202687|202689|203087|203210,201144|201188|201956|202066|203210,101107|201587|202687|202689|203087,-39.0,81.0,1610612763.0,21800713,True
3,PT05M26.00S,05:26,Q3 05:26,17.433333333333334,372,foul,Conley P.FOUL (P2.T4) (K.Mauer),[],Conley,62,75,,False,False,201144.0,,2pt made,substitution,203077.0,,,101107|201144|201188|201587|201956|202066|202687|202689|203087|203210,201144|201188|201956|202066|203210,101107|201587|202687|202689|203087,,,1610612763.0,21800713,True
3,PT05M26.00S,05:26,Q3 05:26,17.433333333333334,374,substitution,SUB out: M. Williams,[],Williams,62,75,,False,False,101107.0,,foul,substitution,,,,201144|201188|201587|201956|202066|202687|202689|203087|203210,201587|202687|202689|203087,201144|201188|201956|202066|203210,,,1610612766.0,21800713,False
3,PT05M26.00S,05:26,Q3 05:26,17.433333333333334,375,substitution,SUB out: J. Lamb,[],Lamb,62,75,,False,False,203087.0,,substitution,substitution,,,,201144|201188|201587|201956|202066|202687|202689|203210,201587|202687|202689,201144|201188|201956|202066|203210,,,1610612766.0,21800713,False
3,PT05M26.00S,05:26,Q3 05:26,17.433333333333334,376,substitution,SUB in: M. Kidd-Gilchrist,[],Kidd-Gilchrist,62,75,,False,False,203077.0,,substitution,substitution,,,,201144|201188|201587|201956|202066|202687|202689|203077|203210,201587|202687|202689|203077,201144|201188|201956|202066|203210,,,1610612766.0,21800713,False
3,PT05M26.00S,05:26,Q3 05:26,17.433333333333334,377,substitution,SUB in: T. Parker,[],Parker,62,75,,False,False,2225.0,,substitution,2pt missed,,,,201144|201188|201587|201956|202066|202687|202689|203077|203210|2225,201587|202687|202689|203077|2225,201144|201188|201956|202066|203210,,,1610612766.0,21800713,True
3,PT05M07.00S,05:07,Q3 05:07,17.116666666666667,378,2pt,MISS Kidd-Gilchrist 20' Jump Shot,[],Kidd-Gilchrist,62,75,Missed,True,False,203077.0,,substitution,rebound,,,,201144|201188|201587|201956|202066|202687|202689|203077|203210|2225,201587|202687|202689|203077|2225,201144|201188|201956|202066|203210,-199.0,41.0,1610612766.0,21800713,True
3,PT05M04.00S,05:04,Q3 05:04,17.066666666666666,379,rebound,Gasol REBOUND (Off:1 Def:10),[],Gasol,62,75,,False,False,201188.0,,2pt missed,3pt missed,,,,201144|201188|201587|201956|202066|202687|202689|203077|203210|2225,201144|201188|201956|202066|203210,201587|202687|202689|203077|2225,,,1610612763.0,21800713,True
3,PT05M02.00S,05:02,Q3 05:02,17.03333333333333,380,3pt,MISS Temple 25' 3PT Running Jump Shot,[],Temple,62,75,Missed,True,False,202066.0,,rebound,rebound,,,,201144|201188|201587|201956|202066|202687|202689|203077|203210|2225,201144|201188|201956|202066|203210,201587|202687|202689|203077|2225,-148.0,207.0,1610612763.0,21800713,True
3,PT04M58.00S,04:58,Q3 04:58,16.96666666666667,381,rebound,Biyombo REBOUND (Off:3 Def:5),[],Biyombo,62,75,,False,False,202687.0,,3pt missed,foul,,,,201144|201188|201587|201956|202066|202687|202689|203077|203210|2225,201587|202687|202689|203077|2225,201144|201188|201956|202066|203210,,,1610612766.0,21800713,True
3,PT04M48.00S,04:48,Q3 04:48,16.8,382,foul,Temple P.FOUL (P4.PN) (K.Mauer),['inpenalty'],Temple,62,75,,False,False,202066.0,,rebound,freethrow,201587.0,,,201144|201188|201587|201956|202066|202687|202689|203077|203210|2225,201144|201188|201956|202066|203210,201587|202687|202689|203077|2225,,,1610612763.0,21800713,True
3,PT04M48.00S,04:48,Q3 04:48,16.8,384,freethrow,Batum Free Throw 1 of 2 (14 PTS),[],Batum,62,76,Made,False,False,201587.0,,foul,freethrow,,,,201144|201188|201587|201956|202066|202687|202689|203077|203210|2225,201587|202687|202689|203077|2225,201144|201188|201956|202066|203210,,,1610612766.0,21800713,True
3,PT04M48.00S,04:48,Q3 04:48,16.8,389,freethrow,Batum Free Throw 2 of 2 (15 PTS),[],Batum,62,77,Made,False,False,201587.0,,freethrow,substitution,,,,201144|201188|201587|201956|202066|202687|202689|203077|203210|2225,201587|202687|202689|203077|2225,201144|201188|201956|202066|203210,,,1610612766.0,21800713,True
3,PT04M48.00S,04:48,Q3 04:48,16.8,385,substitution,SUB out: G. Temple,[],Temple,62,76,,False,False,202066.0,,freethrow,substitution,,,,201144|201188|201587|201956|202687|202689|203077|203210|2225,201144|201188|201956|203210,201587|202687|202689|203077|2225,,,1610612763.0,21800713,False
3,PT04M48.00S,04:48,Q3 04:48,16.8,386,substitution,SUB out: B. Biyombo,[],Biyombo,62,76,,False,False,202687.0,,substitution,substitution,,,,201144|201188|201587|201956|202689|203077|203210|2225,201587|202689|203077|2225,201144|201188|201956|203210,,,1610612766.0,21800713,False
3,PT04M48.00S,04:48,Q3 04:48,16.8,387,substitution,SUB in: S. Mack,[],Mack,62,76,,False,False,202714.0,,substitution,substitution,,,,201144|201188|201587|201956|202689|202714|203077|203210|2225,201144|201188|201956|202714|203210,201587|202689|203077|2225,,,1610612763.0,21800713,False
3,PT04M48.00S,04:48,Q3 04:48,16.8,388,substitution,SUB in: W. Hernangomez,[],Hernangomez,62,76,,False,False,1626195.0,,substitution,2pt missed,,,,1626195|201144|201188|201587|201956|202689|202714|203077|203210|2225,1626195|201587|202689|203077|2225,201144|201188|201956|202714|203210,,,1610612766.0,21800713,True
3,PT04M33.00S,04:33,Q3 04:33,16.55,391,2pt,MISS Green 17' Jump Shot,[],Green,62,77,Missed,True,False,203210.0,,substitution,rebound,,,,1626195|201144|201188|201587|201956|202689|202714|203077|203210|2225,201144|201188|201956|202714|203210,1626195|201587|202689|203077|2225,-33.0,165.0,1610612763.0,21800713,True
3,PT04M29.00S,04:29,Q3 04:29,16.483333333333334,392,rebound,Hernangomez REBOUND (Off:0 Def:9),[],Hernangomez,62,77,,False,False,1626195.0,,2pt missed,turnover,,,,1626195|201144|201188|201587|201956|202689|202714|203077|203210|2225,1626195|201587|202689|203077|2225,201144|201188|201956|202714|203210,,,1610612766.0,21800713,True
3,PT04M12.00S,04:12,Q3 04:12,16.2,393,turnover,Parker Out of Bounds - Bad Pass Turnover Turnover (P1.T7),[],Parker,62,77,,False,False,2225.0,,rebound,substitution,,,,1626195|201144|201188|201587|201956|202689|202714|203077|203210|2225,1626195|201587|202689|203077|2225,201144|201188|201956|202714|203210,,,1610612766.0,21800713,True
3,PT04M12.00S,04:12,Q3 04:12,16.2,394,substitution,SUB out: M. Conley,[],Conley,62,77,,False,False,201144.0,,turnover,substitution,,,,1626195|201188|201587|201956|202689|202714|203077|203210|2225,201188|201956|202714|203210,1626195|201587|202689|203077|2225,,,1610612763.0,21800713,False
3,PT04M12.00S,04:12,Q3 04:12,16.2,395,substitution,SUB in: J. Carter,[],Carter,62,77,,False,False,1628975.0,,substitution,3pt missed,,,,1626195|1628975|201188|201587|201956|202689|202714|203077|203210|2225,1628975|201188|201956|202714|203210,1626195|201587|202689|203077|2225,,,1610612763.0,21800713,True
3,PT03M54.00S,03:54,Q3 03:54,15.9,396,3pt,MISS Mack 25' 3PT Jump Shot,[],Mack,62,77,Missed,True,False,202714.0,,substitution,rebound,,,,1626195|1628975|201188|201587|201956|202689|202714|203077|203210|2225,1628975|201188|201956|202714|203210,1626195|201587|202689|203077|2225,143.0,207.0,1610612763.0,21800713,True
3,PT03M50.00S,03:50,Q3 03:50,15.833333333333334,397,rebound,Mack REBOUND (Off:1 Def:0),[],Mack,62,77,,False,False,202714.0,,3pt missed,3pt made,,,,1626195|1628975|201188|201587|201956|202689|202714|203077|203210|2225,1628975|201188|201956|202714|203210,1626195|201587|202689|203077|2225,,,1610612763.0,21800713,True
3,PT03M46.00S,03:46,Q3 03:46,15.766666666666666,398,3pt,Green 26' 3PT Jump Shot (12 PTS) (Carter 1 AST),[],Green,65,77,Made,True,True,203210.0,1628975.0,rebound,2pt missed,,,,1626195|1628975|201188|201587|201956|202689|202714|203077|203210|2225,1628975|201188|201956|202714|203210,1626195|201587|202689|203077|2225,41.0,257.0,1610612763.0,21800713,True
3,PT03M28.00S,03:28,Q3 03:28,15.466666666666667,400,2pt,MISS Parker 7' Driving Floating Jump Shot,['pointsinthepaint'],Parker,65,77,Missed,True,False,2225.0,,3pt made,rebound,,,,1626195|1628975|201188|201587|201956|202689|202714|203077|203210|2225,1626195|201587|202689|203077|2225,1628975|201188|201956|202714|203210,5.0,71.0,1610612766.0,21800713,True
3,PT03M26.00S,03:26,Q3 03:26,15.433333333333334,401,rebound,Gasol REBOUND (Off:1 Def:11),[],Gasol,65,77,,False,False,201188.0,,2pt missed,turnover,,,,1626195|1628975|201188|201587|201956|202689|202714|203077|203210|2225,1628975|201188|201956|202714|203210,1626195|201587|202689|203077|2225,,,1610612763.0,21800713,True
3,PT03M18.00S,03:18,Q3 03:18,15.3,402,turnover,Gasol Bad Pass Turnover (P3.T8),[],Gasol,65,77,,False,False,201188.0,,rebound,steal,,,,1626195|1628975|201188|201587|201956|202689|202714|203077|203210|2225,1628975|201188|201956|202714|203210,1626195|201587|202689|203077|2225,,,1610612763.0,21800713,True
3,PT03M18.00S,03:18,Q3 03:18,15.3,402,steal,Walker STEAL (2 STL),[],Walker,65,77,,False,False,202689.0,,turnover,2pt made,,202689.0,,1626195|1628975|201188|201587|201956|202689|202714|203077|203210|2225,1626195|201587|202689|203077|2225,1628975|201188|201956|202714|203210,,,1610612766.0,21800713,True
3,PT03M08.00S,03:08,Q3 03:08,15.133333333333333,404,2pt,Parker 12' Pullup Jump Shot (10 PTS),[],Parker,65,79,Made,True,False,2225.0,,steal,2pt missed,,,,1626195|1628975|201188|201587|201956|202689|202714|203077|203210|2225,1626195|201587|202689|203077|2225,1628975|201188|201956|202714|203210,-91.0,78.0,1610612766.0,21800713,True
3,PT02M48.00S,02:48,Q3 02:48,14.8,405,2pt,MISS Mack 5' Driving Layup,['pointsinthepaint'],Mack,65,79,Missed,True,False,202714.0,,2pt made,rebound,,,,1626195|1628975|201188|201587|201956|202689|202714|203077|203210|2225,1628975|201188|201956|202714|203210,1626195|201587|202689|203077|2225,6.0,50.0,1610612763.0,21800713,True
3,PT02M44.00S,02:44,Q3 02:44,14.733333333333334,406,rebound,Casspi REBOUND (Off:2 Def:1),[],Casspi,65,79,,False,False,201956.0,,2pt missed,2pt made,,,,1626195|1628975|201188|201587|201956|202689|202714|203077|203210|2225,1628975|201188|201956|202714|203210,1626195|201587|202689|203077|2225,,,1610612763.0,21800713,True
3,PT02M44.00S,02:44,Q3 02:44,14.733333333333334,407,2pt,Casspi 1' Tip Layup Shot (4 PTS),['pointsinthepaint'],Casspi,67,79,Made,True,False,201956.0,,rebound,3pt made,,,,1626195|1628975|201188|201587|201956|202689|202714|203077|203210|2225,1628975|201188|201956|202714|203210,1626195|201587|202689|203077|2225,0.0,-6.0,1610612763.0,21800713,True
3,PT02M28.00S,02:28,Q3 02:28,14.466666666666667,408,3pt,Batum 24' 3PT Jump Shot (18 PTS) (Walker 7 AST),[],Batum,67,82,Made,True,True,201587.0,202689.0,2pt made,3pt missed,,,,1626195|1628975|201188|201587|201956|202689|202714|203077|203210|2225,1626195|201587|202689|203077|2225,1628975|201188|201956|202714|203210,-233.0,38.0,1610612766.0,21800713,True
3,PT02M11.00S,02:11,Q3 02:11,14.183333333333334,410,3pt,MISS Carter 3PT Jump Shot,[],Carter,67,82,Missed,True,False,1628975.0,,3pt made,rebound,,,,1626195|1628975|201188|201587|201956|202689|202714|203077|203210|2225,1628975|201188|201956|202714|203210,1626195|201587|202689|203077|2225,231.0,-10.0,1610612763.0,21800713,True
3,PT02M09.00S,02:09,Q3 02:09,14.15,411,rebound,Batum REBOUND (Off:0 Def:4),[],Batum,67,82,,False,False,201587.0,,3pt missed,2pt missed,,,,1626195|1628975|201188|201587|201956|202689|202714|203077|203210|2225,1626195|201587|202689|203077|2225,1628975|201188|201956|202714|203210,,,1610612766.0,21800713,True
3,PT01M57.00S,01:57,Q3 01:57,13.95,412,2pt,MISS Parker 19' Pullup Jump Shot,[],Parker,67,82,Missed,True,False,2225.0,,rebound,rebound,,,,1626195|1628975|201188|201587|201956|202689|202714|203077|203210|2225,1626195|201587|202689|203077|2225,1628975|201188|201956|202714|203210,-118.0,152.0,1610612766.0,21800713,True
3,PT01M54.00S,01:54,Q3 01:54,13.9,413,rebound,Casspi REBOUND (Off:2 Def:2),[],Casspi,67,82,,False,False,201956.0,,2pt missed,2pt made,,,,1626195|1628975|201188|201587|201956|202689|202714|203077|203210|2225,1628975|201188|201956|202714|203210,1626195|201587|202689|203077|2225,,,1610612763.0,21800713,True
3,PT01M45.00S,01:45,Q3 01:45,13.75,414,2pt,Mack 1' Driving Layup (2 PTS) (Gasol 8 AST),['pointsinthepaint'],Mack,69,82,Made,True,True,202714.0,201188.0,rebound,timeout,,,,1626195|1628975|201188|201587|201956|202689|202714|203077|203210|2225,1628975|201188|201956|202714|203210,1626195|201587|202689|203077|2225,11.0,2.0,1610612763.0,21800713,True
3,PT01M45.00S,01:45,Q3 01:45,13.75,415,timeout,Hornets Timeout: Regular (Reg.3 Short 0),[],,69,82,,False,False,0.0,,2pt made,substitution,,,,1626195|1628975|201188|201587|201956|202689|202714|203077|203210|2225,1626195|201587|202689|203077|2225,1628975|201188|201956|202714|203210,,,1610612766.0,21800713,True
3,PT01M45.00S,01:45,Q3 01:45,13.75,417,substitution,SUB out: K. Walker,[],Walker,69,82,,False,False,202689.0,,timeout,substitution,,,,1626195|1628975|201188|201587|201956|202714|203077|203210|2225,1626195|201587|203077|2225,1628975|201188|201956|202714|203210,,,1610612766.0,21800713,False
3,PT01M45.00S,01:45,Q3 01:45,13.75,418,substitution,SUB in: M. Monk,[],Monk,69,82,,False,False,1628370.0,,substitution,foul,,,,1626195|1628370|1628975|201188|201587|201956|202714|203077|203210|2225,1626195|1628370|201587|203077|2225,1628975|201188|201956|202714|203210,,,1610612766.0,21800713,True
3,PT01M33.00S,01:33,Q3 01:33,13.55,419,foul,Mack P.FOUL (P3.PN) (M.Kogut),['inpenalty'],Mack,69,82,,False,False,202714.0,,substitution,freethrow,1626195.0,,,1626195|1628370|1628975|201188|201587|201956|202714|203077|203210|2225,1628975|201188|201956|202714|203210,1626195|1628370|201587|203077|2225,,,1610612763.0,21800713,True
3,PT01M33.00S,01:33,Q3 01:33,13.55,421,freethrow,MISS Hernangomez Free Throw 1 of 2,[],Hernangomez,69,82,Missed,False,False,1626195.0,,foul,rebound,,,,1626195|1628370|1628975|201188|201587|201956|202714|203077|203210|2225,1626195|1628370|201587|203077|2225,1628975|201188|201956|202714|203210,,,1610612766.0,21800713,True
3,PT01M33.00S,01:33,Q3 01:33,13.55,422,rebound,TEAM offensive REBOUND,['team'],,69,82,,False,False,0.0,,freethrow,freethrow,,,,1626195|1628370|1628975|201188|201587|201956|202714|203077|203210|2225,1626195|1628370|201587|203077|2225,1628975|201188|201956|202714|203210,,,1610612766.0,21800713,True
3,PT01M33.00S,01:33,Q3 01:33,13.55,423,freethrow,Hernangomez Free Throw 2 of 2 (8 PTS),['2ndchance'],Hernangomez,69,83,Made,False,False,1626195.0,,rebound,2pt made,,,,1626195|1628370|1628975|201188|201587|201956|202714|203077|203210|2225,1626195|1628370|201587|203077|2225,1628975|201188|201956|202714|203210,,,1610612766.0,21800713,True
3,PT01M15.00S,01:15,Q3 01:15,13.25,424,2pt,Gasol 5' Layup (16 PTS) (Mack 3 AST),['pointsinthepaint'],Gasol,71,83,Made,True,True,201188.0,202714.0,freethrow,foul,,,,1626195|1628370|1628975|201188|201587|201956|202714|203077|203210|2225,1628975|201188|201956|202714|203210,1626195|1628370|201587|203077|2225,2.0,47.0,1610612763.0,21800713,True
3,PT01M15.00S,01:15,Q3 01:15,13.25,425,foul,Hernangomez S.FOUL (P3.T2) (H.Workman),[],Hernangomez,71,83,,False,False,1626195.0,,2pt made,freethrow,201188.0,,,1626195|1628370|1628975|201188|201587|201956|202714|203077|203210|2225,1626195|1628370|201587|203077|2225,1628975|201188|201956|202714|203210,,,1610612766.0,21800713,True
3,PT01M15.00S,01:15,Q3 01:15,13.25,428,freethrow,Gasol Free Throw 1 of 1 (17 PTS),[],Gasol,72,83,Made,False,False,201188.0,,foul,3pt missed,,,,1626195|1628370|1628975|201188|201587|201956|202714|203077|203210|2225,1628975|201188|201956|202714|203210,1626195|1628370|201587|203077|2225,,,1610612763.0,21800713,True
3,PT01M04.00S,01:04,Q3 01:04,13.066666666666666,429,3pt,MISS Monk 28' 3PT Jump Shot,[],Monk,72,83,Missed,True,False,1628370.0,,freethrow,rebound,,,,1626195|1628370|1628975|201188|201587|201956|202714|203077|203210|2225,1626195|1628370|201587|203077|2225,1628975|201188|201956|202714|203210,134.0,250.0,1610612766.0,21800713,True
3,PT01M02.00S,01:02,Q3 01:02,13.033333333333333,430,rebound,Gasol REBOUND (Off:1 Def:12),[],Gasol,72,83,,False,False,201188.0,,3pt missed,2pt made,,,,1626195|1628370|1628975|201188|201587|201956|202714|203077|203210|2225,1628975|201188|201956|202714|203210,1626195|1628370|201587|203077|2225,,,1610612763.0,21800713,True
3,PT00M47.90S,00:47,Q3 00:47,12.798333333333334,431,2pt,Carter Cutting Finger Roll Layup Shot (2 PTS) (Mack 4 AST),['pointsinthepaint'],Carter,74,83,Made,True,True,1628975.0,202714.0,rebound,foul,,,,1626195|1628370|1628975|201188|201587|201956|202714|203077|203210|2225,1628975|201188|201956|202714|203210,1626195|1628370|201587|203077|2225,-1.0,4.0,1610612763.0,21800713,True
3,PT00M32.90S,00:32,Q3 00:32,12.548333333333334,433,foul,Gasol S.FOUL (P1.PN) (K.Mauer),['inpenalty'],Gasol,74,83,,False,False,201188.0,,2pt made,freethrow,2225.0,,,1626195|1628370|1628975|201188|201587|201956|202714|203077|203210|2225,1628975|201188|201956|202714|203210,1626195|1628370|201587|203077|2225,,,1610612763.0,21800713,True
3,PT00M32.90S,00:32,Q3 00:32,12.548333333333334,435,freethrow,Parker Free Throw 1 of 2 (11 PTS),[],Parker,74,84,Made,False,False,2225.0,,foul,freethrow,,,,1626195|1628370|1628975|201188|201587|201956|202714|203077|203210|2225,1626195|1628370|201587|203077|2225,1628975|201188|201956|202714|203210,,,1610612766.0,21800713,True
3,PT00M32.90S,00:32,Q3 00:32,12.548333333333334,438,freethrow,MISS Parker Free Throw 2 of 2,[],Parker,74,84,Missed,False,False,2225.0,,freethrow,substitution,,,,1626195|1628370|1628975|201188|201587|201956|202714|203077|203210|2225,1626195|1628370|201587|203077|2225,1628975|201188|201956|202714|203210,,,1610612766.0,21800713,True
3,PT00M32.90S,00:32,Q3 00:32,12.548333333333334,436,substitution,SUB out: W. Hernangomez,[],Hernangomez,74,84,,False,False,1626195.0,,freethrow,substitution,,,,1628370|1628975|201188|201587|201956|202714|203077|203210|2225,1628370|201587|203077|2225,1628975|201188|201956|202714|203210,,,1610612766.0,21800713,False
3,PT00M32.90S,00:32,Q3 00:32,12.548333333333334,437,substitution,SUB in: B. Biyombo,[],Biyombo,74,84,,False,False,202687.0,,substitution,rebound,,,,1628370|1628975|201188|201587|201956|202687|202714|203077|203210|2225,1628370|201587|202687|203077|2225,1628975|201188|201956|202714|203210,,,1610612766.0,21800713,True
3,PT00M31.50S,00:31,Q3 00:31,12.525,439,rebound,Gasol REBOUND (Off:1 Def:13),[],Gasol,74,84,,False,False,201188.0,,substitution,2pt made,,,,1628370|1628975|201188|201587|201956|202687|202714|203077|203210|2225,1628975|201188|201956|202714|203210,1628370|201587|202687|203077|2225,,,1610612763.0,21800713,True
3,PT00M16.00S,00:16,Q3 00:16,12.266666666666667,440,2pt,Gasol 15' Fadeaway Jumper (19 PTS) (Mack 5 AST),[],Gasol,76,84,Made,True,True,201188.0,202714.0,rebound,timeout,,,,1628370|1628975|201188|201587|201956|202687|202714|203077|203210|2225,1628975|201188|201956|202714|203210,1628370|201587|202687|203077|2225,5.0,153.0,1610612763.0,21800713,True
3,PT00M15.20S,00:15,Q3 00:15,12.253333333333334,443,timeout,Hornets Timeout: Regular (Reg.4 Short 0),[],,76,84,,False,False,0.0,,2pt made,substitution,,,,1628370|1628975|201188|201587|201956|202687|202714|203077|203210|2225,1628370|201587|202687|203077|2225,1628975|201188|201956|202714|203210,,,1610612766.0,21800713,True
3,PT00M15.20S,00:15,Q3 00:15,12.253333333333334,444,substitution,SUB out: N. Batum,[],Batum,76,84,,False,False,201587.0,,timeout,substitution,,,,1628370|1628975|201188|201956|202687|202714|203077|203210|2225,1628370|202687|203077|2225,1628975|201188|201956|202714|203210,,,1610612766.0,21800713,False
3,PT00M15.20S,00:15,Q3 00:15,12.253333333333334,445,substitution,SUB out: M. Kidd-Gilchrist,[],Kidd-Gilchrist,76,84,,False,False,203077.0,,substitution,substitution,,,,1628370|1628975|201188|201956|202687|202714|203210|2225,1628370|202687|2225,1628975|201188|201956|202714|203210,,,1610612766.0,21800713,False
3,PT00M15.20S,00:15,Q3 00:15,12.253333333333334,446,substitution,SUB out: B. Biyombo,[],Biyombo,76,84,,False,False,202687.0,,substitution,substitution,,,,1628370|1628975|201188|201956|202714|203210|2225,1628370|2225,1628975|201188|201956|202714|203210,,,1610612766.0,21800713,False
3,PT00M15.20S,00:15,Q3 00:15,12.253333333333334,447,substitution,SUB in: M. Williams,[],Williams,76,84,,False,False,101107.0,,substitution,substitution,,,,101107|1628370|1628975|201188|201956|202714|203210|2225,101107|1628370|2225,1628975|201188|201956|202714|203210,,,1610612766.0,21800713,False
3,PT00M15.20S,00:15,Q3 00:15,12.253333333333334,448,substitution,SUB in: J. Lamb,[],Lamb,76,84,,False,False,203087.0,,substitution,substitution,,,,101107|1628370|1628975|201188|201956|202714|203087|203210|2225,101107|1628370|203087|2225,1628975|201188|201956|202714|203210,,,1610612766.0,21800713,False
3,PT00M15.20S,00:15,Q3 00:15,12.253333333333334,449,substitution,SUB in: K. Walker,[],Walker,76,84,,False,False,202689.0,,substitution,foul,,,,101107|1628370|1628975|201188|201956|202689|202714|203087|203210|2225,101107|1628370|202689|203087|2225,1628975|201188|201956|202714|203210,,,1610612766.0,21800713,True
3,PT00M04.00S,00:04,Q3 00:04,12.066666666666666,450,foul,Green S.FOUL (P4.PN) (M.Kogut),['inpenalty'],Green,76,84,,False,False,203210.0,,substitution,freethrow,203087.0,,,101107|1628370|1628975|201188|201956|202689|202714|203087|203210|2225,1628975|201188|201956|202714|203210,101107|1628370|202689|203087|2225,,,1610612763.0,21800713,True
3,PT00M04.00S,00:04,Q3 00:04,12.066666666666666,452,freethrow,Lamb Free Throw 1 of 2 (13 PTS),[],Lamb,76,85,Made,False,False,203087.0,,foul,freethrow,,,,101107|1628370|1628975|201188|201956|202689|202714|203087|203210|2225,101107|1628370|202689|203087|2225,1628975|201188|201956|202714|203210,,,1610612766.0,21800713,True
3,PT00M04.00S,00:04,Q3 00:04,12.066666666666666,461,freethrow,Lamb Free Throw 2 of 2 (14 PTS),[],Lamb,76,86,Made,False,False,203087.0,,freethrow,substitution,,,,101107|1628370|1628975|201188|201956|202689|202714|203087|203210|2225,101107|1628370|202689|203087|2225,1628975|201188|201956|202714|203210,,,1610612766.0,21800713,True
3,PT00M04.00S,00:04,Q3 00:04,12.066666666666666,453,substitution,SUB out: J. Carter,[],Carter,76,85,,False,False,1628975.0,,freethrow,substitution,,,,101107|1628370|201188|201956|202689|202714|203087|203210|2225,201188|201956|202714|203210,101107|1628370|202689|203087|2225,,,1610612763.0,21800713,False
3,PT00M04.00S,00:04,Q3 00:04,12.066666666666666,454,substitution,SUB out: O. Casspi,[],Casspi,76,85,,False,False,201956.0,,substitution,substitution,,,,101107|1628370|201188|202689|202714|203087|203210|2225,201188|202714|203210,101107|1628370|202689|203087|2225,,,1610612763.0,21800713,False
3,PT00M04.00S,00:04,Q3 00:04,12.066666666666666,455,substitution,SUB out: M. Monk,[],Monk,76,85,,False,False,1628370.0,,substitution,substitution,,,,101107|201188|202689|202714|203087|203210|2225,101107|202689|203087|2225,201188|202714|203210,,,1610612766.0,21800713,False
3,PT00M04.00S,00:04,Q3 00:04,12.066666666666666,456,substitution,SUB out: M. Williams,[],Williams,76,85,,False,False,101107.0,,substitution,substitution,,,,201188|202689|202714|203087|203210|2225,202689|203087|2225,201188|202714|203210,,,1610612766.0,21800713,False
3,PT00M04.00S,00:04,Q3 00:04,12.066666666666666,457,substitution,SUB out: K. Walker,[],Walker,76,85,,False,False,202689.0,,substitution,substitution,,,,201188|202714|203087|203210|2225,203087|2225,201188|202714|203210,,,1610612766.0,21800713,False
3,PT00M04.00S,00:04,Q3 00:04,12.066666666666666,458,substitution,SUB in: J. Holiday,[],Holiday,76,85,,False,False,203200.0,,substitution,substitution,,,,201188|202714|203087|203200|203210|2225,201188|202714|203200|203210,203087|2225,,,1610612763.0,21800713,False
3,PT00M04.00S,00:04,Q3 00:04,12.066666666666666,459,substitution,SUB in: M. Conley,[],Conley,76,85,,False,False,201144.0,,substitution,substitution,,,,201144|201188|202714|203087|203200|203210|2225,201144|201188|202714|203200|203210,203087|2225,,,1610612763.0,21800713,False
3,PT00M04.00S,00:04,Q3 00:04,12.066666666666666,460,substitution,SUB in: M. Kidd-Gilchrist,[],Kidd-Gilchrist,76,85,,False,False,203077.0,,substitution,substitution,,,,201144|201188|202714|203077|203087|203200|203210|2225,203077|203087|2225,201144|201188|202714|203200|203210,,,1610612766.0,21800713,False
3,PT00M04.00S,00:04,Q3 00:04,12.066666666666666,461,substitution,SUB in: B. Biyombo,[],Biyombo,76,85,,False,False,202687.0,,substitution,substitution,,,,201144|201188|202687|202714|203077|203087|203200|203210|2225,202687|203077|203087|2225,201144|201188|202714|203200|203210,,,1610612766.0,21800713,False
3,PT00M04.00S,00:04,Q3 00:04,12.066666666666666,462,substitution,SUB in: N. Batum,[],Batum,76,85,,False,False,201587.0,,substitution,3pt missed,,,,201144|201188|201587|202687|202714|203077|203087|203200|203210|2225,201587|202687|203077|203087|2225,201144|201188|202714|203200|203210,,,1610612766.0,21800713,True
3,PT00M00.80S,00:00,Q3 00:00,12.013333333333334,462,3pt,MISS Gasol 25' 3PT Running Jump Shot,[],Gasol,76,86,Missed,True,False,201188.0,,substitution,rebound,,,,201144|201188|201587|202687|202714|203077|203087|203200|203210|2225,201144|201188|202714|203200|203210,201587|202687|203077|203087|2225,-90.0,238.0,1610612763.0,21800713,True
3,PT00M00.80S,00:00,Q3 00:00,12.013333333333334,463,rebound,TEAM offensive REBOUND,['team'],,76,86,,False,False,0.0,,3pt missed,period,,,,201144|201188|201587|202687|202714|203077|203087|203200|203210|2225,201144|201188|202714|203200|203210,201587|202687|203077|203087|2225,,,1610612763.0,21800713,True
3,PT00M00.00S,00:00,Q3 00:00,12.0,464,period,End of 3rd Period (9:48 PM EST),[],,76,86,,False,False,0.0,,rebound,period,,,,201144|201188|201587|202687|202714|203077|203087|203200|203210|2225,201144|201188|202714|203200|203210,201587|202687|203077|203087|2225,,,1610612763.0,21800713,True
4,PT12M00.00S,12:00,Q4 12:00,12.0,475,period,Start of 4th Period (9:50 PM EST),[],,76,86,,False,False,0.0,,period,substitution,,,,201144|201188|201587|202687|202714|203077|203087|203200|203210|2225,201144|201188|202714|203200|203210,201587|202687|203077|203087|2225,,,1610612763.0,21800713,True
4,PT11M48.00S,11:48,Q4 11:48,11.8,476,2pt,MISS Parker Driving Layup,['pointsinthepaint'],Parker,76,86,Missed,True,False,2225.0,,substitution,rebound,,,,1626195|1628370|1628991|201144|201587|202687|202714|203077|203087|203200|203210|2225,1626195|1628370|201587|202687|203077|203087|2225,1628991|201144|202714|203200|203210,1.0,1.0,1610612766.0,21800713,False
4,PT11M44.00S,11:44,Q4 11:44,11.733333333333333,477,rebound,Green REBOUND (Off:0 Def:2),[],Green,76,86,,False,False,203210.0,,2pt missed,2pt made,,,,1626195|1628370|1628991|201144|201587|202687|202714|203077|203087|203200|203210|2225,1628991|201144|202714|203200|203210,1626195|1628370|201587|202687|203077|203087|2225,,,1610612763.0,21800713,False
4,PT11M36.00S,11:36,Q4 11:36,11.6,478,2pt,Mack 1' Cutting Layup Shot (4 PTS) (Green 3 AST),['pointsinthepaint'],Mack,78,86,Made,True,True,202714.0,203210.0,rebound,2pt missed,,,,1626195|1628370|1628991|201144|201587|202687|202714|203077|203087|203200|203210|2225,1628991|201144|202714|203200|203210,1626195|1628370|201587|202687|203077|203087|2225,5.0,4.0,1610612763.0,21800713,False
4,PT11M20.00S,11:20,Q4 11:20,11.333333333333334,480,2pt,MISS Kidd-Gilchrist 11' Floating Jump Shot,['pointsinthepaint'],Kidd-Gilchrist,78,86,Missed,True,False,203077.0,,2pt made,rebound,,,,1626195|1628370|1628991|201144|201587|202687|202714|203077|203087|203200|203210|2225,1626195|1628370|201587|202687|203077|203087|2225,1628991|201144|202714|203200|203210,62.0,92.0,1610612766.0,21800713,False
4,PT11M16.00S,11:16,Q4 11:16,11.266666666666667,481,rebound,Green REBOUND (Off:0 Def:3),[],Green,78,86,,False,False,203210.0,,2pt missed,2pt missed,,,,1626195|1628370|1628991|201144|201587|202687|202714|203077|203087|203200|203210|2225,1628991|201144|202714|203200|203210,1626195|1628370|201587|202687|203077|203087|2225,,,1610612763.0,21800713,False
4,PT11M04.00S,11:04,Q4 11:04,11.066666666666666,482,2pt,MISS Green 5' Turnaround Hook Shot,['pointsinthepaint'],Green,78,86,Missed,True,False,203210.0,,rebound,rebound,,,,1626195|1628370|1628991|201144|201587|202687|202714|203077|203087|203200|203210|2225,1628991|201144|202714|203200|203210,1626195|1628370|201587|202687|203077|203087|2225,8.0,53.0,1610612763.0,21800713,False
4,PT11M01.00S,11:01,Q4 11:01,11.016666666666667,483,rebound,Kidd-Gilchrist REBOUND (Off:1 Def:2),[],Kidd-Gilchrist,78,86,,False,False,203077.0,,2pt missed,foul,,,,1626195|1628370|1628991|201144|201587|202687|202714|203077|203087|203200|203210|2225,1626195|1628370|201587|202687|203077|203087|2225,1628991|201144|202714|203200|203210,,,1610612766.0,21800713,False
4,PT10M53.00S,10:53,Q4 10:53,10.883333333333333,484,foul,Conley P.FOUL (P3.T1) (K.Mauer),[],Conley,78,86,,False,False,201144.0,,rebound,foul,203077.0,,,1626195|1628370|1628991|201144|201587|202687|202714|203077|203087|203200|203210|2225,1628991|201144|202714|203200|203210,1626195|1628370|201587|202687|203077|203087|2225,,,1610612763.0,21800713,False
4,PT10M43.00S,10:43,Q4 10:43,10.716666666666667,486,foul,Green S.FOUL (P5.T2) (M.Kogut),[],Green,78,86,,False,False,203210.0,,foul,freethrow,203077.0,,,1626195|1628370|1628991|201144|201587|202687|202714|203077|203087|203200|203210|2225,1628991|201144|202714|203200|203210,1626195|1628370|201587|202687|203077|203087|2225,,,1610612763.0,21800713,False
4,PT10M43.00S,10:43,Q4 10:43,10.716666666666667,488,freethrow,Kidd-Gilchrist Free Throw 1 of 2 (4 PTS),[],Kidd-Gilchrist,78,87,Made,False,False,203077.0,,foul,freethrow,,,,1626195|1628370|1628991|201144|201587|202687|202714|203077|203087|203200|203210|2225,1626195|1628370|201587|202687|203077|203087|2225,1628991|201144|202714|203200|203210,,,1610612766.0,21800713,False
4,PT10M43.00S,10:43,Q4 10:43,10.716666666666667,489,freethrow,Kidd-Gilchrist Free Throw 2 of 2 (5 PTS),[],Kidd-Gilchrist,78,88,Made,False,False,203077.0,,freethrow,2pt missed,,,,1626195|1628370|1628991|201144|201587|202687|202714|203077|203087|203200|203210|2225,1626195|1628370|201587|202687|203077|203087|2225,1628991|201144|202714|203200|203210,,,1610612766.0,21800713,False
4,PT10M32.00S,10:32,Q4 10:32,10.533333333333333,490,2pt,MISS Green 15' Jump Shot,[],Green,78,88,Missed,True,False,203210.0,,freethrow,rebound,,,,1626195|1628370|1628991|201144|201587|202687|202714|203077|203087|203200|203210|2225,1628991|201144|202714|203200|203210,1626195|1628370|201587|202687|203077|203087|2225,-128.0,70.0,1610612763.0,21800713,False
4,PT10M29.00S,10:29,Q4 10:29,10.483333333333333,491,rebound,Monk REBOUND (Off:0 Def:2),[],Monk,78,88,,False,False,1628370.0,,2pt missed,2pt made,,,,1626195|1628370|1628991|201144|201587|202687|202714|203077|203087|203200|203210|2225,1626195|1628370|201587|202687|203077|203087|2225,1628991|201144|202714|203200|203210,,,1610612766.0,21800713,False
4,PT10M14.00S,10:14,Q4 10:14,10.233333333333333,492,2pt,Parker 15' Pullup Jump Shot (13 PTS) (Lamb 4 AST),[],Parker,78,90,Made,True,True,2225.0,203087.0,rebound,foul,,,,1626195|1628370|1628991|201144|201587|202687|202714|203077|203087|203200|203210|2225,1626195|1628370|201587|202687|203077|203087|2225,1628991|201144|202714|203200|203210,-117.0,94.0,1610612766.0,21800713,False
4,PT09M59.00S,09:59,Q4 09:59,9.983333333333333,494,foul,Hernangomez S.FOUL (P4.T1) (H.Workman),[],Hernangomez,78,90,,False,False,1626195.0,,2pt made,freethrow,1628991.0,,,1626195|1628370|1628991|201144|201587|202687|202714|203077|203087|203200|203210|2225,1626195|1628370|201587|202687|203077|203087|2225,1628991|201144|202714|203200|203210,,,1610612766.0,21800713,False
4,PT09M59.00S,09:59,Q4 09:59,9.983333333333333,496,freethrow,Jackson Jr. Free Throw 1 of 2 (10 PTS),[],Jackson Jr.,79,90,Made,False,False,1628991.0,,foul,freethrow,,,,1626195|1628370|1628991|201144|201587|202687|202714|203077|203087|203200|203210|2225,1628991|201144|202714|203200|203210,1626195|1628370|201587|202687|203077|203087|2225,,,1610612763.0,21800713,False
4,PT09M59.00S,09:59,Q4 09:59,9.983333333333333,497,freethrow,Jackson Jr. Free Throw 2 of 2 (11 PTS),[],Jackson Jr.,80,90,Made,False,False,1628991.0,,freethrow,2pt missed,,,,1626195|1628370|1628991|201144|201587|202687|202714|203077|203087|203200|203210|2225,1628991|201144|202714|203200|203210,1626195|1628370|201587|202687|203077|203087|2225,,,1610612763.0,21800713,False
4,PT09M46.00S,09:46,Q4 09:46,9.766666666666667,498,2pt,MISS Hernangomez 1' Cutting Layup Shot,['pointsinthepaint'],Hernangomez,80,90,Missed,True,False,1626195.0,,freethrow,block,,,,1626195|1628370|1628991|201144|201587|202687|202714|203077|203087|203200|203210|2225,1626195|1628370|201587|202687|203077|203087|2225,1628991|201144|202714|203200|203210,-13.0,4.0,1610612766.0,21800713,False
4,PT09M46.00S,09:46,Q4 09:46,9.766666666666667,498,block,Green BLOCK (1 BLK),[],Green,80,90,,False,False,203210.0,,2pt missed,rebound,,,203210.0,1626195|1628370|1628991|201144|201587|202687|202714|203077|203087|203200|203210|2225,1628991|201144|202714|203200|203210,1626195|1628370|201587|202687|203077|203087|2225,,,1610612763.0,21800713,False
4,PT09M43.00S,09:43,Q4 09:43,9.716666666666667,500,rebound,Mack REBOUND (Off:1 Def:1),[],Mack,80,90,,False,False,202714.0,,block,foul,,,,1626195|1628370|1628991|201144|201587|202687|202714|203077|203087|203200|203210|2225,1628991|201144|202714|203200|203210,1626195|1628370|201587|202687|203077|203087|2225,,,1610612763.0,21800713,False
4,PT09M38.00S,09:38,Q4 09:38,9.633333333333333,501,foul,Lamb S.FOUL (P3.T2) (M.Kogut),[],Lamb,80,90,,False,False,203087.0,,rebound,freethrow,201144.0,,,1626195|1628370|1628991|201144|201587|202687|202714|203077|203087|203200|203210|2225,1626195|1628370|201587|202687|203077|203087|2225,1628991|201144|202714|203200|203210,,,1610612766.0,21800713,False
4,PT09M38.00S,09:38,Q4 09:38,9.633333333333333,503,freethrow,Conley Free Throw 1 of 2 (17 PTS),[],Conley,81,90,Made,False,False,201144.0,,foul,freethrow,,,,1626195|1628370|1628991|201144|201587|202687|202714|203077|203087|203200|203210|2225,1628991|201144|202714|203200|203210,1626195|1628370|201587|202687|203077|203087|2225,,,1610612763.0,21800713,False
4,PT09M38.00S,09:38,Q4 09:38,9.633333333333333,508,freethrow,Conley Free Throw 2 of 2 (18 PTS),[],Conley,82,90,Made,False,False,201144.0,,freethrow,substitution,,,,1626195|1628370|1628991|201144|201587|202687|202714|203077|203087|203200|203210|2225,1628991|201144|202714|203200|203210,1626195|1628370|201587|202687|203077|203087|2225,,,1610612763.0,21800713,False
4,PT09M38.00S,09:38,Q4 09:38,9.633333333333333,504,substitution,SUB out: S. Mack,[],Mack,81,90,,False,False,202714.0,,freethrow,substitution,,,,1626195|1628370|1628991|201144|201587|202687|203077|203087|203200|203210|2225,1628991|201144|203200|203210,1626195|1628370|201587|202687|203077|203087|2225,,,1610612763.0,21800713,False
4,PT09M38.00S,09:38,Q4 09:38,9.633333333333333,505,substitution,SUB out: J. Lamb,[],Lamb,81,90,,False,False,203087.0,,substitution,substitution,,,,1626195|1628370|1628991|201144|201587|202687|203077|203200|203210|2225,1626195|1628370|201587|202687|203077|2225,1628991|201144|203200|203210,,,1610612766.0,21800713,True
4,PT09M38.00S,09:38,Q4 09:38,9.633333333333333,506,substitution,SUB in: G. Temple,[],Temple,81,90,,False,False,202066.0,,substitution,substitution,,,,1626195|1628370|1628991|201144|201587|202066|202687|203077|203200|203210|2225,1628991|201144|202066|203200|203210,1626195|1628370|201587|202687|203077|2225,,,1610612763.0,21800713,False
4,PT09M38.00S,09:38,Q4 09:38,9.633333333333333,507,substitution,SUB in: K. Walker,[],Walker,81,90,,False,False,202689.0,,substitution,2pt made,,,,1626195|1628370|1628991|201144|201587|202066|202687|202689|203077|203200|203210|2225,1626195|1628370|201587|202687|202689|203077|2225,1628991|201144|202066|203200|203210,,,1610612766.0,21800713,False
4,PT09M24.00S,09:24,Q4 09:24,9.4,509,2pt,Parker 22' Pullup Jump Shot (15 PTS) (Hernangomez 1 AST),[],Parker,82,92,Made,True,True,2225.0,1626195.0,substitution,foul,,,,1626195|1628370|1628991|201144|201587|202066|202687|202689|203077|203200|203210|2225,1626195|1628370|201587|202687|202689|203077|2225,1628991|201144|202066|203200|203210,-113.0,183.0,1610612766.0,21800713,False
4,PT09M08.00S,09:08,Q4 09:08,9.133333333333333,511,foul,Walker S.FOUL (P1.T3) (K.Mauer),[],Walker,82,92,,False,False,202689.0,,2pt made,freethrow,203210.0,,,1626195|1628370|1628991|201144|201587|202066|202687|202689|203077|203200|203210|2225,1626195|1628370|201587|202687|202689|203077|2225,1628991|201144|202066|203200|203210,,,1610612766.0,21800713,False
4,PT09M08.00S,09:08,Q4 09:08,9.133333333333333,513,freethrow,Green Free Throw 1 of 2 (13 PTS),[],Green,83,92,Made,False,False,203210.0,,foul,freethrow,,,,1626195|1628370|1628991|201144|201587|202066|202687|202689|203077|203200|203210|2225,1628991|201144|202066|203200|203210,1626195|1628370|201587|202687|202689|203077|2225,,,1610612763.0,21800713,False
4,PT09M08.00S,09:08,Q4 09:08,9.133333333333333,514,freethrow,Green Free Throw 2 of 2 (14 PTS),[],Green,84,92,Made,False,False,203210.0,,freethrow,2pt made,,,,1626195|1628370|1628991|201144|201587|202066|202687|202689|203077|203200|203210|2225,1628991|201144|202066|203200|203210,1626195|1628370|201587|202687|202689|203077|2225,,,1610612763.0,21800713,False
4,PT08M49.00S,08:49,Q4 08:49,8.816666666666666,515,2pt,Monk 13' Pullup Jump Shot (9 PTS),[],Monk,84,94,Made,True,False,1628370.0,,freethrow,turnover,,,,1626195|1628370|1628991|201144|201587|202066|202687|202689|203077|203200|203210|2225,1626195|1628370|201587|202687|202689|203077|2225,1628991|201144|202066|203200|203210,105.0,84.0,1610612766.0,21800713,False
4,PT08M37.00S,08:37,Q4 08:37,8.616666666666667,516,turnover,Green Bad Pass Turnover (P1.T9),[],Green,84,94,,False,False,203210.0,,2pt made,steal,,,,1626195|1628370|1628991|201144|201587|202066|202687|202689|203077|203200|203210|2225,1628991|201144|202066|203200|203210,1626195|1628370|201587|202687|202689|203077|2225,,,1610612763.0,21800713,False
4,PT08M37.00S,08:37,Q4 08:37,8.616666666666667,516,steal,Walker STEAL (3 STL),[],Walker,84,94,,False,False,202689.0,,turnover,2pt made,,202689.0,,1626195|1628370|1628991|201144|201587|202066|202687|202689|203077|203200|203210|2225,1626195|1628370|201587|202687|202689|203077|2225,1628991|201144|202066|203200|203210,,,1610612766.0,21800713,False
4,PT08M28.00S,08:28,Q4 08:28,8.466666666666667,518,2pt,Parker 22' Pullup Jump Shot (17 PTS),[],Parker,84,96,Made,True,False,2225.0,,steal,timeout,,,,1626195|1628370|1628991|201144|201587|202066|202687|202689|203077|203200|203210|2225,1626195|1628370|201587|202687|202689|203077|2225,1628991|201144|202066|203200|203210,144.0,164.0,1610612766.0,21800713,False
4,PT08M28.00S,08:28,Q4 08:28,8.466666666666667,519,timeout,GRIZZLIES Timeout: Regular (Full 5 Short 0),[],,84,96,,False,False,0.0,,2pt made,substitution,,,,1626195|1628370|1628991|201144|201587|202066|202687|202689|203077|203200|203210|2225,1628991|201144|202066|203200|203210,1626195|1628370|201587|202687|202689|203077|2225,,,1610612763.0,21800713,False
4,PT08M28.00S,08:28,Q4 08:28,8.466666666666667,520,substitution,SUB out: W. Hernangomez,[],Hernangomez,84,96,,False,False,1626195.0,,timeout,substitution,,,,1628370|1628991|201144|201587|202066|202687|202689|203077|203200|203210|2225,1628370|201587|202687|202689|203077|2225,1628991|201144|202066|203200|203210,,,1610612766.0,21800713,False
4,PT08M28.00S,08:28,Q4 08:28,8.466666666666667,521,substitution,SUB in: B. Biyombo,[],Biyombo,84,96,,False,False,202687.0,,substitution,2pt made,,,,1628370|1628991|201144|201587|202066|202687|202689|203077|203200|203210|2225,1628370|201587|202687|202689|203077|2225,1628991|201144|202066|203200|203210,,,1610612766.0,21800713,False
4,PT08M16.00S,08:16,Q4 08:16,8.266666666666667,522,2pt,Jackson Jr. 7' Driving Hook Shot (13 PTS),['pointsinthepaint'],Jackson Jr.,86,96,Made,True,False,1628991.0,,substitution,2pt made,,,,1628370|1628991|201144|201587|202066|202687|202689|203077|203200|203210|2225,1628991|201144|202066|203200|203210,1628370|201587|202687|202689|203077|2225,-43.0,54.0,1610612763.0,21800713,False
4,PT07M49.00S,07:49,Q4 07:49,7.816666666666666,523,2pt,Walker 11' Driving Floating Jump Shot (12 PTS),['pointsinthepaint'],Walker,86,98,Made,True,False,202689.0,,2pt made,3pt missed,,,,1628370|1628991|201144|201587|202066|202687|202689|203077|203200|203210|2225,1628370|201587|202687|202689|203077|2225,1628991|201144|202066|203200|203210,20.0,105.0,1610612766.0,21800713,False
4,PT07M29.00S,07:29,Q4 07:29,7.483333333333333,524,3pt,MISS Conley 26' 3PT Jump Shot,[],Conley,86,98,Missed,True,False,201144.0,,2pt made,rebound,,,,1628370|1628991|201144|201587|202066|202687|202689|203077|203200|203210|2225,1628991|201144|202066|203200|203210,1628370|201587|202687|202689|203077|2225,21.0,256.0,1610612763.0,21800713,False
4,PT07M28.00S,07:28,Q4 07:28,7.466666666666667,525,rebound,TEAM offensive REBOUND,['team'],,86,98,,False,False,0.0,,3pt missed,foul,,,,1628370|1628991|201144|201587|202066|202687|202689|203077|203200|203210|2225,1628991|201144|202066|203200|203210,1628370|201587|202687|202689|203077|2225,,,1610612763.0,21800713,False
4,PT07M28.00S,07:28,Q4 07:28,7.466666666666667,526,foul,Monk L.B.FOUL (P1.T4) (M.Kogut),[],Monk,86,98,,False,False,1628370.0,,rebound,substitution,201144.0,,,1628370|1628991|201144|201587|202066|202687|202689|203077|203200|203210|2225,1628370|201587|202687|202689|203077|2225,1628991|201144|202066|203200|203210,,,1610612766.0,21800713,False
4,PT07M28.00S,07:28,Q4 07:28,7.466666666666667,528,substitution,SUB out: J. Green,[],Green,86,98,,False,False,203210.0,,foul,substitution,,,,1628370|1628991|201144|201587|202066|202687|202689|203077|203200|2225,1628991|201144|202066|203200,1628370|201587|202687|202689|203077|2225,,,1610612763.0,21800713,True
4,PT07M28.00S,07:28,Q4 07:28,7.466666666666667,529,substitution,SUB out: T. Parker,[],Parker,86,98,,False,False,2225.0,,substitution,substitution,,,,1628370|1628991|201144|201587|202066|202687|202689|203077|203200,1628370|201587|202687|202689|203077,1628991|201144|202066|203200,,,1610612766.0,21800713,False
4,PT07M28.00S,07:28,Q4 07:28,7.466666666666667,530,substitution,SUB in: M. Gasol,[],Gasol,86,98,,False,False,201188.0,,substitution,substitution,,,,1628370|1628991|201144|201188|201587|202066|202687|202689|203077|203200,1628991|201144|201188|202066|203200,1628370|201587|202687|202689|203077,,,1610612763.0,21800713,True
4,PT07M28.00S,07:28,Q4 07:28,7.466666666666667,531,substitution,SUB in: N. Batum,[],Batum,86,98,,False,False,201587.0,,substitution,2pt made,,,,1628370|1628991|201144|201188|201587|202066|202687|202689|203077|203200,1628370|201587|202687|202689|203077,1628991|201144|201188|202066|203200,,,1610612766.0,21800713,True
4,PT07M14.00S,07:14,Q4 07:14,7.233333333333333,532,2pt,Conley 1' Driving Layup (20 PTS),['pointsinthepaint'],Conley,88,98,Made,True,False,201144.0,,substitution,2pt missed,,,,1628370|1628991|201144|201188|201587|202066|202687|202689|203077|203200,1628991|201144|201188|202066|203200,1628370|201587|202687|202689|203077,4.0,12.0,1610612763.0,21800713,True
4,PT06M53.00S,06:53,Q4 06:53,6.883333333333333,533,2pt,MISS Kidd-Gilchrist 1' Layup,['pointsinthepaint'],Kidd-Gilchrist,88,98,Missed,True,False,203077.0,,2pt made,rebound,,,,1628370|1628991|201144|201188|201587|202066|202687|202689|203077|203200,1628370|201587|202687|202689|203077,1628991|201144|201188|202066|203200,-10.0,1.0,1610612766.0,21800713,True
4,PT06M50.00S,06:50,Q4 06:50,6.833333333333333,534,rebound,Conley REBOUND (Off:0 Def:2),[],Conley,88,98,,False,False,201144.0,,2pt missed,foul,,,,1628370|1628991|201144|201188|201587|202066|202687|202689|203077|203200,1628991|201144|201188|202066|203200,1628370|201587|202687|202689|203077,,,1610612763.0,21800713,True
4,PT06M38.00S,06:38,Q4 06:38,6.633333333333333,535,foul,Biyombo P.FOUL (P4.PN) (M.Kogut),['inpenalty'],Biyombo,88,98,,False,False,202687.0,,rebound,freethrow,201144.0,,,1628370|1628991|201144|201188|201587|202066|202687|202689|203077|203200,1628370|201587|202687|202689|203077,1628991|201144|201188|202066|203200,,,1610612766.0,21800713,True
4,PT06M38.00S,06:38,Q4 06:38,6.633333333333333,537,freethrow,Conley Free Throw 1 of 2 (21 PTS),[],Conley,89,98,Made,False,False,201144.0,,foul,freethrow,,,,1628370|1628991|201144|201188|201587|202066|202687|202689|203077|203200,1628991|201144|201188|202066|203200,1628370|201587|202687|202689|203077,,,1610612763.0,21800713,True
4,PT06M38.00S,06:38,Q4 06:38,6.633333333333333,542,freethrow,Conley Free Throw 2 of 2 (22 PTS),[],Conley,90,98,Made,False,False,201144.0,,freethrow,substitution,,,,1628370|1628991|201144|201188|201587|202066|202687|202689|203077|203200,1628991|201144|201188|202066|203200,1628370|201587|202687|202689|203077,,,1610612763.0,21800713,True
4,PT06M38.00S,06:38,Q4 06:38,6.633333333333333,538,substitution,SUB out: J. Jackson Jr.,[],Jackson Jr.,89,98,,False,False,1628991.0,,freethrow,substitution,,,,1628370|201144|201188|201587|202066|202687|202689|203077|203200,201144|201188|202066|203200,1628370|201587|202687|202689|203077,,,1610612763.0,21800713,False
4,PT06M38.00S,06:38,Q4 06:38,6.633333333333333,539,substitution,SUB out: M. Kidd-Gilchrist,[],Kidd-Gilchrist,89,98,,False,False,203077.0,,substitution,substitution,,,,1628370|201144|201188|201587|202066|202687|202689|203200,1628370|201587|202687|202689,201144|201188|202066|203200,,,1610612766.0,21800713,False
4,PT06M38.00S,06:38,Q4 06:38,6.633333333333333,540,substitution,SUB in: J. Green,[],Green,89,98,,False,False,203210.0,,substitution,substitution,,,,1628370|201144|201188|201587|202066|202687|202689|203200|203210,201144|201188|202066|203200|203210,1628370|201587|202687|202689,,,1610612763.0,21800713,False
4,PT06M38.00S,06:38,Q4 06:38,6.633333333333333,541,substitution,SUB in: M. Williams,[],Williams,89,98,,False,False,101107.0,,substitution,2pt made,,,,101107|1628370|201144|201188|201587|202066|202687|202689|203200|203210,101107|1628370|201587|202687|202689,201144|201188|202066|203200|203210,,,1610612766.0,21800713,True
4,PT06M26.00S,06:26,Q4 06:26,6.433333333333334,543,2pt,Walker 1' Driving Layup (14 PTS) (Biyombo 1 AST),['pointsinthepaint'],Walker,90,100,Made,True,True,202689.0,202687.0,substitution,2pt made,,,,101107|1628370|201144|201188|201587|202066|202687|202689|203200|203210,101107|1628370|201587|202687|202689,201144|201188|202066|203200|203210,6.0,-7.0,1610612766.0,21800713,True
4,PT06M16.00S,06:16,Q4 06:16,6.266666666666667,544,2pt,Conley 10' Driving Floating Jump Shot (24 PTS),[],Conley,92,100,Made,True,False,201144.0,,2pt made,3pt made,,,,101107|1628370|201144|201188|201587|202066|202687|202689|203200|203210,201144|201188|202066|203200|203210,101107|1628370|201587|202687|202689,97.0,7.0,1610612763.0,21800713,True
4,PT06M03.00S,06:03,Q4 06:03,6.05,546,3pt,Williams 3PT Jump Shot (11 PTS) (Monk 2 AST),[],Williams,92,103,Made,True,True,101107.0,1628370.0,2pt made,3pt missed,,,,101107|1628370|201144|201188|201587|202066|202687|202689|203200|203210,101107|1628370|201587|202687|202689,201144|201188|202066|203200|203210,-234.0,-15.0,1610612766.0,21800713,True
4,PT05M49.00S,05:49,Q4 05:49,5.816666666666666,548,3pt,MISS Gasol 26' 3PT Jump Shot,[],Gasol,92,103,Missed,True,False,201188.0,,3pt made,rebound,,,,101107|1628370|201144|201188|201587|202066|202687|202689|203200|203210,201144|201188|202066|203200|203210,101107|1628370|201587|202687|202689,-145.0,218.0,1610612763.0,21800713,True
4,PT05M46.00S,05:46,Q4 05:46,5.766666666666667,549,rebound,Williams REBOUND (Off:0 Def:2),[],Williams,92,103,,False,False,101107.0,,3pt missed,3pt missed,,,,101107|1628370|201144|201188|201587|202066|202687|202689|203200|203210,101107|1628370|201587|202687|202689,201144|201188|202066|203200|203210,,,1610612766.0,21800713,True
4,PT05M34.00S,05:34,Q4 05:34,5.566666666666666,550,3pt,MISS Williams 25' 3PT Jump Shot,[],Williams,92,103,Missed,True,False,101107.0,,rebound,rebound,,,,101107|1628370|201144|201188|201587|202066|202687|202689|203200|203210,101107|1628370|201587|202687|202689,201144|201188|202066|203200|203210,-29.0,246.0,1610612766.0,21800713,True
4,PT05M31.00S,05:31,Q4 05:31,5.516666666666667,551,rebound,Gasol REBOUND (Off:1 Def:14),[],Gasol,92,103,,False,False,201188.0,,3pt missed,2pt made,,,,101107|1628370|201144|201188|201587|202066|202687|202689|203200|203210,201144|201188|202066|203200|203210,101107|1628370|201587|202687|202689,,,1610612763.0,21800713,True
4,PT05M24.00S,05:24,Q4 05:24,5.4,552,2pt,Gasol 22' Jump Shot (21 PTS) (Holiday 1 AST),[],Gasol,94,103,Made,True,True,201188.0,203200.0,rebound,2pt made,,,,101107|1628370|201144|201188|201587|202066|202687|202689|203200|203210,201144|201188|202066|203200|203210,101107|1628370|201587|202687|202689,92.0,201.0,1610612763.0,21800713,True
4,PT05M07.00S,05:07,Q4 05:07,5.116666666666666,554,2pt,Walker 1' Driving Layup (16 PTS),['pointsinthepaint'],Walker,94,105,Made,True,False,202689.0,,2pt made,foul,,,,101107|1628370|201144|201188|201587|202066|202687|202689|203200|203210,101107|1628370|201587|202687|202689,201144|201188|202066|203200|203210,7.0,11.0,1610612766.0,21800713,True
4,PT05M01.00S,05:01,Q4 05:01,5.016666666666667,555,foul,Williams P.FOUL (P1.PN) (H.Workman),['inpenalty'],Williams,94,105,,False,False,101107.0,,2pt made,freethrow,201144.0,,,101107|1628370|201144|201188|201587|202066|202687|202689|203200|203210,101107|1628370|201587|202687|202689,201144|201188|202066|203200|203210,,,1610612766.0,21800713,True
4,PT05M01.00S,05:01,Q4 05:01,5.016666666666667,557,freethrow,Conley Free Throw 1 of 2 (25 PTS),[],Conley,95,105,Made,False,False,201144.0,,foul,freethrow,,,,101107|1628370|201144|201188|201587|202066|202687|202689|203200|203210,201144|201188|202066|203200|203210,101107|1628370|201587|202687|202689,,,1610612763.0,21800713,True
4,PT05M01.00S,05:01,Q4 05:01,5.016666666666667,560,freethrow,Conley Free Throw 2 of 2 (26 PTS),[],Conley,96,105,Made,False,False,201144.0,,freethrow,substitution,,,,101107|1628370|201144|201188|201587|202066|202687|202689|203200|203210,201144|201188|202066|203200|203210,101107|1628370|201587|202687|202689,,,1610612763.0,21800713,True
4,PT05M01.00S,05:01,Q4 05:01,5.016666666666667,558,substitution,SUB out: M. Monk,[],Monk,95,105,,False,False,1628370.0,,freethrow,substitution,,,,101107|201144|201188|201587|202066|202687|202689|203200|203210,101107|201587|202687|202689,201144|201188|202066|203200|203210,,,1610612766.0,21800713,False
4,PT05M01.00S,05:01,Q4 05:01,5.016666666666667,559,substitution,SUB in: J. Lamb,[],Lamb,95,105,,False,False,203087.0,,substitution,3pt made,,,,101107|201144|201188|201587|202066|202687|202689|203087|203200|203210,101107|201587|202687|202689|203087,201144|201188|202066|203200|203210,,,1610612766.0,21800713,True
4,PT04M47.00S,04:47,Q4 04:47,4.783333333333333,561,3pt,Walker 25' 3PT Step Back Jump Shot (19 PTS),[],Walker,96,108,Made,True,False,202689.0,,substitution,2pt made,,,,101107|201144|201188|201587|202066|202687|202689|203087|203200|203210,101107|201587|202687|202689|203087,201144|201188|202066|203200|203210,77.0,241.0,1610612766.0,21800713,True
4,PT04M34.00S,04:34,Q4 04:34,4.566666666666666,562,2pt,Conley 3' Running Layup (28 PTS),['pointsinthepaint'],Conley,98,108,Made,True,False,201144.0,,3pt made,foul,,,,101107|201144|201188|201587|202066|202687|202689|203087|203200|203210,201144|201188|202066|203200|203210,101107|201587|202687|202689|203087,-22.0,25.0,1610612763.0,21800713,True
4,PT04M20.00S,04:20,Q4 04:20,4.333333333333333,563,foul,Green P.FOUL (P6.T3) (K.Mauer),[],Green,98,108,,False,False,203210.0,,2pt made,substitution,202689.0,,,101107|201144|201188|201587|202066|202687|202689|203087|203200|203210,201144|201188|202066|203200|203210,101107|201587|202687|202689|203087,,,1610612763.0,21800713,True
4,PT04M20.00S,04:20,Q4 04:20,4.333333333333333,565,substitution,SUB out: J. Green,[],Green,98,108,,False,False,203210.0,,foul,substitution,,,,101107|201144|201188|201587|202066|202687|202689|203087|203200,201144|201188|202066|203200,101107|201587|202687|202689|203087,,,1610612763.0,21800713,False
4,PT04M20.00S,04:20,Q4 04:20,4.333333333333333,566,substitution,SUB in: J. Jackson Jr.,[],Jackson Jr.,98,108,,False,False,1628991.0,,substitution,3pt made,,,,101107|1628991|201144|201188|201587|202066|202687|202689|203087|203200,1628991|201144|201188|202066|203200,101107|201587|202687|202689|203087,,,1610612763.0,21800713,True
4,PT04M07.00S,04:07,Q4 04:07,4.116666666666666,567,3pt,Walker 25' 3PT Pullup Jump Shot (22 PTS),[],Walker,98,111,Made,True,False,202689.0,,substitution,3pt made,,,,101107|1628991|201144|201188|201587|202066|202687|202689|203087|203200,101107|201587|202687|202689|203087,1628991|201144|201188|202066|203200,-177.0,173.0,1610612766.0,21800713,True
4,PT03M51.00S,03:51,Q4 03:51,3.85,568,3pt,Holiday 3PT Jump Shot (10 PTS) (Gasol 9 AST),[],Holiday,101,111,Made,True,True,203200.0,201188.0,3pt made,2pt made,,,,101107|1628991|201144|201188|201587|202066|202687|202689|203087|203200,1628991|201144|201188|202066|203200,101107|201587|202687|202689|203087,230.0,-10.0,1610612763.0,21800713,True
4,PT03M29.00S,03:29,Q4 03:29,3.4833333333333334,570,2pt,Biyombo 2' Driving Layup (7 PTS),['pointsinthepaint'],Biyombo,101,113,Made,True,False,202687.0,,3pt made,foul,,,,101107|1628991|201144|201188|201587|202066|202687|202689|203087|203200,101107|201587|202687|202689|203087,1628991|201144|201188|202066|203200,-16.0,5.0,1610612766.0,21800713,True
4,PT03M29.00S,03:29,Q4 03:29,3.4833333333333334,571,foul,Gasol S.FOUL (P2.T4) (M.Kogut),[],Gasol,101,113,,False,False,201188.0,,2pt made,freethrow,202687.0,,,101107|1628991|201144|201188|201587|202066|202687|202689|203087|203200,1628991|201144|201188|202066|203200,101107|201587|202687|202689|203087,,,1610612763.0,21800713,True
4,PT03M29.00S,03:29,Q4 03:29,3.4833333333333334,573,freethrow,MISS Biyombo Free Throw 1 of 1,[],Biyombo,101,113,Missed,False,False,202687.0,,foul,rebound,,,,101107|1628991|201144|201188|201587|202066|202687|202689|203087|203200,101107|201587|202687|202689|203087,1628991|201144|201188|202066|203200,,,1610612766.0,21800713,True
4,PT03M27.00S,03:27,Q4 03:27,3.45,574,rebound,Gasol REBOUND (Off:1 Def:15),[],Gasol,101,113,,False,False,201188.0,,freethrow,turnover,,,,101107|1628991|201144|201188|201587|202066|202687|202689|203087|203200,1628991|201144|201188|202066|203200,101107|201587|202687|202689|203087,,,1610612763.0,21800713,True
4,PT03M17.00S,03:17,Q4 03:17,3.283333333333333,575,turnover,Conley Bad Pass Turnover (P2.T10),[],Conley,101,113,,False,False,201144.0,,rebound,steal,,,,101107|1628991|201144|201188|201587|202066|202687|202689|203087|203200,1628991|201144|201188|202066|203200,101107|201587|202687|202689|203087,,,1610612763.0,21800713,True
4,PT03M17.00S,03:17,Q4 03:17,3.283333333333333,575,steal,Walker STEAL (4 STL),[],Walker,101,113,,False,False,202689.0,,turnover,foul,,202689.0,,101107|1628991|201144|201188|201587|202066|202687|202689|203087|203200,101107|201587|202687|202689|203087,1628991|201144|201188|202066|203200,,,1610612766.0,21800713,True
4,PT03M13.00S,03:13,Q4 03:13,3.216666666666667,577,foul,Temple S.FOUL (P5.PN) (K.Mauer),['inpenalty'],Temple,101,113,,False,False,202066.0,,steal,freethrow,203087.0,,,101107|1628991|201144|201188|201587|202066|202687|202689|203087|203200,1628991|201144|201188|202066|203200,101107|201587|202687|202689|203087,,,1610612763.0,21800713,True
4,PT03M13.00S,03:13,Q4 03:13,3.216666666666667,579,freethrow,Lamb Free Throw 1 of 2 (15 PTS),[],Lamb,101,114,Made,False,False,203087.0,,foul,freethrow,,,,101107|1628991|201144|201188|201587|202066|202687|202689|203087|203200,101107|201587|202687|202689|203087,1628991|201144|201188|202066|203200,,,1610612766.0,21800713,True
4,PT03M13.00S,03:13,Q4 03:13,3.216666666666667,580,freethrow,MISS Lamb Free Throw 2 of 2,[],Lamb,101,114,Missed,False,False,203087.0,,freethrow,rebound,,,,101107|1628991|201144|201188|201587|202066|202687|202689|203087|203200,101107|201587|202687|202689|203087,1628991|201144|201188|202066|203200,,,1610612766.0,21800713,True
4,PT03M11.00S,03:11,Q4 03:11,3.183333333333333,581,rebound,Holiday REBOUND (Off:2 Def:4),[],Holiday,101,114,,False,False,203200.0,,freethrow,turnover,,,,101107|1628991|201144|201188|201587|202066|202687|202689|203087|203200,1628991|201144|201188|202066|203200,101107|201587|202687|202689|203087,,,1610612763.0,21800713,True
4,PT03M02.00S,03:02,Q4 03:02,3.033333333333333,582,turnover,Conley Out of Bounds - Bad Pass Turnover Turnover (P3.T11),[],Conley,101,114,,False,False,201144.0,,rebound,3pt missed,,,,101107|1628991|201144|201188|201587|202066|202687|202689|203087|203200,1628991|201144|201188|202066|203200,101107|201587|202687|202689|203087,,,1610612763.0,21800713,True
4,PT02M47.00S,02:47,Q4 02:47,2.783333333333333,583,3pt,MISS Lamb 25' 3PT Jump Shot,[],Lamb,101,114,Missed,True,False,203087.0,,turnover,rebound,,,,101107|1628991|201144|201188|201587|202066|202687|202689|203087|203200,101107|201587|202687|202689|203087,1628991|201144|201188|202066|203200,127.0,215.0,1610612766.0,21800713,True
4,PT02M43.00S,02:43,Q4 02:43,2.716666666666667,584,rebound,Walker REBOUND (Off:1 Def:1),[],Walker,101,114,,False,False,202689.0,,3pt missed,foul,,,,101107|1628991|201144|201188|201587|202066|202687|202689|203087|203200,101107|201587|202687|202689|203087,1628991|201144|201188|202066|203200,,,1610612766.0,21800713,True
4,PT02M32.00S,02:32,Q4 02:32,2.533333333333333,585,foul,Jackson Jr. S.FOUL (P4.PN) (H.Workman),['inpenalty'],Jackson Jr.,101,114,,False,False,1628991.0,,rebound,timeout,203087.0,,,101107|1628991|201144|201188|201587|202066|202687|202689|203087|203200,1628991|201144|201188|202066|203200,101107|201587|202687|202689|203087,,,1610612763.0,21800713,True
4,PT02M32.00S,02:32,Q4 02:32,2.533333333333333,587,timeout,Hornets Timeout: Regular (Reg.5 Short 0),[],,101,114,,False,False,0.0,,foul,freethrow,,,,101107|1628991|201144|201188|201587|202066|202687|202689|203087|203200,101107|201587|202687|202689|203087,1628991|201144|201188|202066|203200,,,1610612766.0,21800713,True
4,PT02M32.00S,02:32,Q4 02:32,2.533333333333333,588,freethrow,Lamb Free Throw 1 of 2 (16 PTS),[],Lamb,101,115,Made,False,False,203087.0,,timeout,freethrow,,,,101107|1628991|201144|201188|201587|202066|202687|202689|203087|203200,101107|201587|202687|202689|203087,1628991|201144|201188|202066|203200,,,1610612766.0,21800713,True
4,PT02M32.00S,02:32,Q4 02:32,2.533333333333333,589,freethrow,Lamb Free Throw 2 of 2 (17 PTS),[],Lamb,101,116,Made,False,False,203087.0,,freethrow,foul,,,,101107|1628991|201144|201188|201587|202066|202687|202689|203087|203200,101107|201587|202687|202689|203087,1628991|201144|201188|202066|203200,,,1610612766.0,21800713,True
4,PT02M19.00S,02:19,Q4 02:19,2.3166666666666664,590,foul,Biyombo P.FOUL (P5.PN) (H.Workman),['inpenalty'],Biyombo,101,116,,False,False,202687.0,,freethrow,freethrow,201188.0,,,101107|1628991|201144|201188|201587|202066|202687|202689|203087|203200,101107|201587|202687|202689|203087,1628991|201144|201188|202066|203200,,,1610612766.0,21800713,True
4,PT02M19.00S,02:19,Q4 02:19,2.3166666666666664,592,freethrow,Gasol Free Throw 1 of 2 (22 PTS),[],Gasol,102,116,Made,False,False,201188.0,,foul,freethrow,,,,101107|1628991|201144|201188|201587|202066|202687|202689|203087|203200,1628991|201144|201188|202066|203200,101107|201587|202687|202689|203087,,,1610612763.0,21800713,True
4,PT02M19.00S,02:19,Q4 02:19,2.3166666666666664,593,freethrow,MISS Gasol Free Throw 2 of 2,[],Gasol,102,116,Missed,False,False,201188.0,,freethrow,rebound,,,,101107|1628991|201144|201188|201587|202066|202687|202689|203087|203200,1628991|201144|201188|202066|203200,101107|201587|202687|202689|203087,,,1610612763.0,21800713,True
4,PT02M16.00S,02:16,Q4 02:16,2.2666666666666666,594,rebound,Biyombo REBOUND (Off:3 Def:6),[],Biyombo,102,116,,False,False,202687.0,,freethrow,turnover,,,,101107|1628991|201144|201188|201587|202066|202687|202689|203087|203200,101107|201587|202687|202689|203087,1628991|201144|201188|202066|203200,,,1610612766.0,21800713,True
4,PT01M57.00S,01:57,Q4 01:57,1.95,595,turnover,Walker Bad Pass Turnover (P1.T8),[],Walker,102,116,,False,False,202689.0,,rebound,steal,,,,101107|1628991|201144|201188|201587|202066|202687|202689|203087|203200,101107|201587|202687|202689|203087,1628991|201144|201188|202066|203200,,,1610612766.0,21800713,True
4,PT01M57.00S,01:57,Q4 01:57,1.95,595,steal,Gasol STEAL (3 STL),[],Gasol,102,116,,False,False,201188.0,,turnover,2pt missed,,201188.0,,101107|1628991|201144|201188|201587|202066|202687|202689|203087|203200,1628991|201144|201188|202066|203200,101107|201587|202687|202689|203087,,,1610612763.0,21800713,True
4,PT01M51.00S,01:51,Q4 01:51,1.85,597,2pt,MISS Conley Running Layup,['pointsinthepaint'],Conley,102,116,Missed,True,False,201144.0,,steal,rebound,,,,101107|1628991|201144|201188|201587|202066|202687|202689|203087|203200,1628991|201144|201188|202066|203200,101107|201587|202687|202689|203087,-2.0,0.0,1610612763.0,21800713,True
4,PT01M47.00S,01:47,Q4 01:47,1.7833333333333332,598,rebound,Biyombo REBOUND (Off:3 Def:7),[],Biyombo,102,116,,False,False,202687.0,,2pt missed,3pt missed,,,,101107|1628991|201144|201188|201587|202066|202687|202689|203087|203200,101107|201587|202687|202689|203087,1628991|201144|201188|202066|203200,,,1610612766.0,21800713,True
4,PT01M30.00S,01:30,Q4 01:30,1.5,599,3pt,MISS Williams 3PT Jump Shot,[],Williams,102,116,Missed,True,False,101107.0,,rebound,rebound,,,,101107|1628991|201144|201188|201587|202066|202687|202689|203087|203200,101107|201587|202687|202689|203087,1628991|201144|201188|202066|203200,-230.0,-8.0,1610612766.0,21800713,True
4,PT01M25.00S,01:25,Q4 01:25,1.4166666666666667,600,rebound,Gasol REBOUND (Off:1 Def:16),[],Gasol,102,116,,False,False,201188.0,,3pt missed,3pt missed,,,,101107|1628991|201144|201188|201587|202066|202687|202689|203087|203200,1628991|201144|201188|202066|203200,101107|201587|202687|202689|203087,,,1610612763.0,21800713,True
4,PT01M12.00S,01:12,Q4 01:12,1.2,601,3pt,MISS Holiday 3PT Jump Shot,[],Holiday,102,116,Missed,True,False,203200.0,,rebound,rebound,,,,101107|1628991|201144|201188|201587|202066|202687|202689|203087|203200,1628991|201144|201188|202066|203200,101107|201587|202687|202689|203087,-225.0,0.0,1610612763.0,21800713,True
4,PT01M10.00S,01:10,Q4 01:10,1.1666666666666667,602,rebound,Williams REBOUND (Off:0 Def:3),[],Williams,102,116,,False,False,101107.0,,3pt missed,2pt missed,,,,101107|1628991|201144|201188|201587|202066|202687|202689|203087|203200,101107|201587|202687|202689|203087,1628991|201144|201188|202066|203200,,,1610612766.0,21800713,True
4,PT00M48.80S,00:48,Q4 00:48,0.8133333333333332,603,2pt,MISS Walker 11' Driving Floating Jump Shot,['pointsinthepaint'],Walker,102,116,Missed,True,False,202689.0,,rebound,rebound,,,,101107|1628991|201144|201188|201587|202066|202687|202689|203087|203200,101107|201587|202687|202689|203087,1628991|201144|201188|202066|203200,62.0,89.0,1610612766.0,21800713,True
4,PT00M48.10S,00:48,Q4 00:48,0.8016666666666666,604,rebound,TEAM offensive REBOUND,['team'],,102,116,,False,False,0.0,,2pt missed,foul,,,,101107|1628991|201144|201188|201587|202066|202687|202689|203087|203200,101107|201587|202687|202689|203087,1628991|201144|201188|202066|203200,,,1610612766.0,21800713,True
4,PT00M48.10S,00:48,Q4 00:48,0.8016666666666666,605,foul,Holiday L.B.FOUL (P2.PN) (H.Workman),['inpenalty'],Holiday,102,116,,False,False,203200.0,,rebound,freethrow,202687.0,,,101107|1628991|201144|201188|201587|202066|202687|202689|203087|203200,1628991|201144|201188|202066|203200,101107|201587|202687|202689|203087,,,1610612763.0,21800713,True
4,PT00M48.10S,00:48,Q4 00:48,0.8016666666666666,607,freethrow,Biyombo Free Throw 1 of 2 (8 PTS),[],Biyombo,102,117,Made,False,False,202687.0,,foul,freethrow,,,,101107|1628991|201144|201188|201587|202066|202687|202689|203087|203200,101107|201587|202687|202689|203087,1628991|201144|201188|202066|203200,,,1610612766.0,21800713,True
4,PT00M48.10S,00:48,Q4 00:48,0.8016666666666666,608,freethrow,Biyombo Free Throw 2 of 2 (9 PTS),[],Biyombo,102,118,Made,False,False,202687.0,,freethrow,2pt made,,,,101107|1628991|201144|201188|201587|202066|202687|202689|203087|203200,101107|201587|202687|202689|203087,1628991|201144|201188|202066|203200,,,1610612766.0,21800713,True
4,PT00M39.80S,00:39,Q4 00:39,0.6633333333333333,609,2pt,Conley 10' Driving Floating Jump Shot (30 PTS) (Gasol 10 AST),['pointsinthepaint'],Conley,104,118,Made,True,True,201144.0,201188.0,freethrow,foul,,,,101107|1628991|201144|201188|201587|202066|202687|202689|203087|203200,1628991|201144|201188|202066|203200,101107|201587|202687|202689|203087,4.0,101.0,1610612763.0,21800713,True
4,PT00M39.80S,00:39,Q4 00:39,0.6633333333333333,611,foul,Biyombo S.FOUL (P6.PN) (M.Kogut),['inpenalty'],Biyombo,104,118,,False,False,202687.0,,2pt made,freethrow,201144.0,,,101107|1628991|201144|201188|201587|202066|202687|202689|203087|203200,101107|201587|202687|202689|203087,1628991|201144|201188|202066|203200,,,1610612766.0,21800713,True
4,PT00M39.80S,00:39,Q4 00:39,0.6633333333333333,615,freethrow,Conley Free Throw 1 of 1 (31 PTS),[],Conley,105,118,Made,False,False,201144.0,,foul,substitution,,,,101107|1628991|201144|201188|201587|202066|202687|202689|203087|203200,1628991|201144|201188|202066|203200,101107|201587|202687|202689|203087,,,1610612763.0,21800713,True
4,PT00M39.80S,00:39,Q4 00:39,0.6633333333333333,613,substitution,SUB out: B. Biyombo,[],Biyombo,104,118,,False,False,202687.0,,freethrow,substitution,,,,101107|1628991|201144|201188|201587|202066|202689|203087|203200,101107|201587|202689|203087,1628991|201144|201188|202066|203200,,,1610612766.0,21800713,False
4,PT00M39.80S,00:39,Q4 00:39,0.6633333333333333,614,substitution,SUB in: M. Kidd-Gilchrist,[],Kidd-Gilchrist,104,118,,False,False,203077.0,,substitution,turnover,,,,101107|1628991|201144|201188|201587|202066|202689|203077|203087|203200,101107|201587|202689|203077|203087,1628991|201144|201188|202066|203200,,,1610612766.0,21800713,True
4,PT00M18.90S,00:18,Q4 00:18,0.315,616,turnover,Kidd-Gilchrist Bad Pass Turnover (P2.T9),[],Kidd-Gilchrist,105,118,,False,False,203077.0,,substitution,steal,,,,101107|1628991|201144|201188|201587|202066|202689|203077|203087|203200,101107|201587|202689|203077|203087,1628991|201144|201188|202066|203200,,,1610612766.0,21800713,True
4,PT00M18.90S,00:18,Q4 00:18,0.315,616,steal,Jackson Jr. STEAL (1 STL),[],Jackson Jr.,105,118,,False,False,1628991.0,,turnover,2pt made,,1628991.0,,101107|1628991|201144|201188|201587|202066|202689|203077|203087|203200,1628991|201144|201188|202066|203200,101107|201587|202689|203077|203087,,,1610612763.0,21800713,True
4,PT00M15.20S,00:15,Q4 00:15,0.2533333333333333,618,2pt,Jackson Jr. 1' Running Dunk (15 PTS),['pointsinthepaint'],Jackson Jr.,107,118,Made,True,False,1628991.0,,steal,period,,,,101107|1628991|201144|201188|201587|202066|202689|203077|203087|203200,1628991|201144|201188|202066|203200,101107|201587|202689|203077|203087,-3.0,8.0,1610612763.0,21800713,True
4,PT00M00.00S,00:00,Q4 00:00,0.0,619,period,End of 4th Period (10:19 PM EST),[],,107,118,,False,False,0.0,,2pt made,,,,,101107|1628991|201144|201188|201587|202066|202689|203077|203087|203200,1628991|201144|201188|202066|203200,101107|201587|202689|203077|203087,,,1610612763.0,21800713,True
