period,clock,clock_display,game_clock,minutes_left_in_game,actionNumber,actionType,description,qualifier,playerName,scoreHome,scoreAway,shotResult,isFieldGoal,assisted,person_id,assister_id,previous_action,next_action,foulDrawnPersonId,stealPersonId,blockPersonId,players_on,off_players_on,def_players_on,xLegacy,yLegacy,teamId,game_id,poc_ok
1,PT12M00.00S,12:00,Q1 12:00,48.0,2,period,Start of 1st Period (8:41 PM EST),[],,0,0,,False,False,0.0,,,turnover,,,,1627854|1628366|1628398|1628404|200746|201580|201942|201967|202722|2544,1627854|200746|201942|201967|202722,1628366|1628398|1628404|201580|2544,,,1610612759.0,21800082,True
1,PT11M47.00S,11:47,Q1 11:47,47.78333333333333,7,turnover,McGee Traveling Turnover (P1.T1),[],McGee,0,0,,False,False,201580.0,,period,3pt missed,,,,1627854|1628366|1628398|1628404|200746|201580|201942|201967|202722|2544,1628366|1628398|1628404|201580|2544,1627854|200746|201942|201967|202722,,,1610612747.0,21800082,True
1,PT11M31.00S,11:31,Q1 11:31,47.516666666666666,8,3pt,MISS Forbes 3PT Jump Shot,[],Forbes,0,0,Missed,True,False,1627854.0,,turnover,rebound,,,,1627854|1628366|1628398|1628404|200746|201580|201942|201967|202722|2544,1627854|200746|201942|201967|202722,1628366|1628398|1628404|201580|2544,-226.0,-11.0,1610612759.0,21800082,True
1,PT11M28.00S,11:28,Q1 11:28,47.46666666666667,9,rebound,McGee REBOUND (Off:0 Def:1),[],McGee,0,0,,False,False,201580.0,,3pt missed,3pt made,,,,1627854|1628366|1628398|1628404|200746|201580|201942|201967|202722|2544,1628366|1628398|1628404|201580|2544,1627854|200746|201942|201967|202722,,,1610612747.0,21800082,True
1,PT11M18.00S,11:18,Q1 11:18,47.3,10,3pt,Kuzma 25' 3PT Jump Shot (3 PTS) (James 1 AST),[],Kuzma,0,3,Made,True,True,1628398.0,2544.0,rebound,2pt made,,,,1627854|1628366|1628398|1628404|200746|201580|201942|201967|202722|2544,1628366|1628398|1628404|201580|2544,1627854|200746|201942|201967|202722,-206.0,136.0,1610612747.0,21800082,True
1,PT10M58.00S,10:58,Q1 10:58,46.96666666666667,11,2pt,Aldridge 1' Hook Bank Shot (2 PTS),['pointsinthepaint'],Aldridge,2,3,Made,True,False,200746.0,,3pt made,3pt made,,,,1627854|1628366|1628398|1628404|200746|201580|201942|201967|202722|2544,1627854|200746|201942|201967|202722,1628366|1628398|1628404|201580|2544,11.0,-1.0,1610612759.0,21800082,True
1,PT10M49.00S,10:49,Q1 10:49,46.81666666666666,12,3pt,Kuzma 26' 3PT Jump Shot (6 PTS) (McGee 1 AST),[],Kuzma,2,6,Made,True,True,1628398.0,201580.0,2pt made,2pt missed,,,,1627854|1628366|1628398|1628404|200746|201580|201942|201967|202722|2544,1628366|1628398|1628404|201580|2544,1627854|200746|201942|201967|202722,-93.0,239.0,1610612747.0,21800082,True
1,PT10M29.00S,10:29,Q1 10:29,46.483333333333334,15,2pt,MISS Aldridge 17' Jump Shot,[],Aldridge,2,6,Missed,True,False,200746.0,,3pt made,rebound,,,,1627854|1628366|1628398|1628404|200746|201580|201942|201967|202722|2544,1627854|200746|201942|201967|202722,1628366|1628398|1628404|201580|2544,-9.0,170.0,1610612759.0,21800082,True
1,PT10M26.00S,10:26,Q1 10:26,46.43333333333334,16,rebound,James REBOUND (Off:0 Def:1),[],James,2,6,,False,False,2544.0,,2pt missed,2pt made,,,,1627854|1628366|1628398|1628404|200746|201580|201942|201967|202722|2544,1628366|1628398|1628404|201580|2544,1627854|200746|201942|201967|202722,,,1610612747.0,21800082,True
1,PT10M21.00S,10:21,Q1 10:21,46.35,17,2pt,James 10' Fadeaway Jumper (2 PTS),[],James,2,8,Made,True,False,2544.0,,rebound,foul,,,,1627854|1628366|1628398|1628404|200746|201580|201942|201967|202722|2544,1628366|1628398|1628404|201580|2544,1627854|200746|201942|201967|202722,-100.0,-15.0,1610612747.0,21800082,True
1,PT10M01.00S,10:01,Q1 10:01,46.016666666666666,18,foul,Ball S.FOUL (P1.T1) (G.Petraitis),[],Ball,2,8,,False,False,1628366.0,,2pt made,freethrow,1627854.0,,,1627854|1628366|1628398|1628404|200746|201580|201942|201967|202722|2544,1628366|1628398|1628404|201580|2544,1627854|200746|201942|201967|202722,,,1610612747.0,21800082,True
1,PT10M01.00S,10:01,Q1 10:01,46.016666666666666,20,freethrow,Forbes Free Throw 1 of 2 (1 PTS),[],Forbes,3,8,Made,False,False,1627854.0,,foul,freethrow,,,,1627854|1628366|1628398|1628404|200746|201580|201942|201967|202722|2544,1627854|200746|201942|201967|202722,1628366|1628398|1628404|201580|2544,,,1610612759.0,21800082,True
1,PT10M01.00S,10:01,Q1 10:01,46.016666666666666,21,freethrow,Forbes Free Throw 2 of 2 (2 PTS),[],Forbes,4,8,Made,False,False,1627854.0,,freethrow,3pt missed,,,,1627854|1628366|1628398|1628404|200746|201580|201942|201967|202722|2544,1627854|200746|201942|201967|202722,1628366|1628398|1628404|201580|2544,,,1610612759.0,21800082,True
1,PT09M53.00S,09:53,Q1 09:53,45.88333333333333,22,3pt,MISS Kuzma 26' 3PT Jump Shot,[],Kuzma,4,8,Missed,True,False,1628398.0,,freethrow,rebound,,,,1627854|1628366|1628398|1628404|200746|201580|201942|201967|202722|2544,1628366|1628398|1628404|201580|2544,1627854|200746|201942|201967|202722,19.0,255.0,1610612747.0,21800082,True
1,PT09M49.00S,09:49,Q1 09:49,45.81666666666666,23,rebound,DeRozan REBOUND (Off:0 Def:1),[],DeRozan,4,8,,False,False,201942.0,,3pt missed,2pt made,,,,1627854|1628366|1628398|1628404|200746|201580|201942|201967|202722|2544,1627854|200746|201942|201967|202722,1628366|1628398|1628404|201580|2544,,,1610612759.0,21800082,True
1,PT09M36.00S,09:36,Q1 09:36,45.6,24,2pt,DeRozan 14' Step Back Jump Shot (2 PTS),[],DeRozan,6,8,Made,True,False,201942.0,,rebound,2pt made,,,,1627854|1628366|1628398|1628404|200746|201580|201942|201967|202722|2544,1627854|200746|201942|201967|202722,1628366|1628398|1628404|201580|2544,-89.0,109.0,1610612759.0,21800082,True
1,PT09M15.00S,09:15,Q1 09:15,45.25,26,2pt,James 17' Step Back Jump Shot (4 PTS),[],James,6,10,Made,True,False,2544.0,,2pt made,foul,,,,1627854|1628366|1628398|1628404|200746|201580|201942|201967|202722|2544,1628366|1628398|1628404|201580|2544,1627854|200746|201942|201967|202722,153.0,83.0,1610612747.0,21800082,True
1,PT09M02.00S,09:02,Q1 09:02,45.03333333333333,27,foul,Kuzma P.FOUL (P1.T2) (J.Capers),[],Kuzma,6,10,,False,False,1628398.0,,2pt made,turnover,1627854.0,,,1627854|1628366|1628398|1628404|200746|201580|201942|201967|202722|2544,1628366|1628398|1628404|201580|2544,1627854|200746|201942|201967|202722,,,1610612747.0,21800082,True
1,PT09M01.00S,09:01,Q1 09:01,45.016666666666666,29,turnover,Forbes Bad Pass Turnover (P1.T1),[],Forbes,6,10,,False,False,1627854.0,,foul,steal,,,,1627854|1628366|1628398|1628404|200746|201580|201942|201967|202722|2544,1627854|200746|201942|201967|202722,1628366|1628398|1628404|201580|2544,,,1610612759.0,21800082,True
1,PT09M01.00S,09:01,Q1 09:01,45.016666666666666,29,steal,Hart STEAL (1 STL),[],Hart,6,10,,False,False,1628404.0,,turnover,2pt made,,1628404.0,,1627854|1628366|1628398|1628404|200746|201580|201942|201967|202722|2544,1628366|1628398|1628404|201580|2544,1627854|200746|201942|201967|202722,,,1610612747.0,21800082,True
1,PT08M57.00S,08:57,Q1 08:57,44.95,31,2pt,Hart 2' Running Dunk (2 PTS),['pointsinthepaint'],Hart,6,12,Made,True,False,1628404.0,,steal,2pt missed,,,,1627854|1628366|1628398|1628404|200746|201580|201942|201967|202722|2544,1628366|1628398|1628404|201580|2544,1627854|200746|201942|201967|202722,-15.0,16.0,1610612747.0,21800082,True
1,PT08M33.00S,08:33,Q1 08:33,44.55,32,2pt,MISS Aldridge 12' Pullup Jump Shot,[],Aldridge,6,12,Missed,True,False,200746.0,,2pt made,rebound,,,,1627854|1628366|1628398|1628404|200746|201580|201942|201967|202722|2544,1627854|200746|201942|201967|202722,1628366|1628398|1628404|201580|2544,122.0,-1.0,1610612759.0,21800082,True
1,PT08M28.00S,08:28,Q1 08:28,44.46666666666667,33,rebound,Ball REBOUND (Off:0 Def:1),[],Ball,6,12,,False,False,1628366.0,,2pt missed,2pt missed,,,,1627854|1628366|1628398|1628404|200746|201580|201942|201967|202722|2544,1628366|1628398|1628404|201580|2544,1627854|200746|201942|201967|202722,,,1610612747.0,21800082,True
1,PT08M25.00S,08:25,Q1 08:25,44.416666666666664,34,2pt,MISS McGee 1' Driving Finger Roll Layup,['pointsinthepaint'],McGee,6,12,Missed,True,False,201580.0,,rebound,rebound,,,,1627854|1628366|1628398|1628404|200746|201580|201942|201967|202722|2544,1628366|1628398|1628404|201580|2544,1627854|200746|201942|201967|202722,2.0,-5.0,1610612747.0,21800082,True
1,PT08M23.00S,08:23,Q1 08:23,44.38333333333333,35,rebound,Aldridge REBOUND (Off:0 Def:1),[],Aldridge,6,12,,False,False,200746.0,,2pt missed,2pt made,,,,1627854|1628366|1628398|1628404|200746|201580|201942|201967|202722|2544,1627854|200746|201942|201967|202722,1628366|1628398|1628404|201580|2544,,,1610612759.0,21800082,True
1,PT08M10.00S,08:10,Q1 08:10,44.166666666666664,36,2pt,Aldridge 7' Turnaround Jump Shot (4 PTS),['pointsinthepaint'],Aldridge,8,12,Made,True,False,200746.0,,rebound,turnover,,,,1627854|1628366|1628398|1628404|200746|201580|201942|201967|202722|2544,1627854|200746|201942|201967|202722,1628366|1628398|1628404|201580|2544,67.0,-8.0,1610612759.0,21800082,True
1,PT08M01.00S,08:01,Q1 08:01,44.016666666666666,37,turnover,James Bad Pass Turnover (P1.T2),[],James,8,12,,False,False,2544.0,,2pt made,steal,,,,1627854|1628366|1628398|1628404|200746|201580|201942|201967|202722|2544,1628366|1628398|1628404|201580|2544,1627854|200746|201942|201967|202722,,,1610612747.0,21800082,True
1,PT08M01.00S,08:01,Q1 08:01,44.016666666666666,37,steal,Bertans STEAL (1 STL),[],Bertans,8,12,,False,False,202722.0,,turnover,2pt made,,202722.0,,1627854|1628366|1628398|1628404|200746|201580|201942|201967|202722|2544,1627854|200746|201942|201967|202722,1628366|1628398|1628404|201580|2544,,,1610612759.0,21800082,True
1,PT07M49.00S,07:49,Q1 07:49,43.81666666666666,39,2pt,Forbes 6' Driving Floating Jump Shot (4 PTS) (Aldridge 1 AST),['pointsinthepaint'],Forbes,10,12,Made,True,True,1627854.0,200746.0,steal,2pt missed,,,,1627854|1628366|1628398|1628404|200746|201580|201942|201967|202722|2544,1627854|200746|201942|201967|202722,1628366|1628398|1628404|201580|2544,0.0,58.0,1610612759.0,21800082,True
1,PT07M41.00S,07:41,Q1 07:41,43.68333333333334,41,2pt,MISS Ball 20' Pullup Jump Shot,[],Ball,10,12,Missed,True,False,1628366.0,,2pt made,rebound,,,,1627854|1628366|1628398|1628404|200746|201580|201942|201967|202722|2544,1628366|1628398|1628404|201580|2544,1627854|200746|201942|201967|202722,117.0,164.0,1610612747.0,21800082,True
1,PT07M41.00S,07:41,Q1 07:41,43.68333333333334,42,rebound,Bertans REBOUND (Off:0 Def:1),[],Bertans,10,12,,False,False,202722.0,,2pt missed,2pt made,,,,1627854|1628366|1628398|1628404|200746|201580|201942|201967|202722|2544,1627854|200746|201942|201967|202722,1628366|1628398|1628404|201580|2544,,,1610612759.0,21800082,True
1,PT07M26.00S,07:26,Q1 07:26,43.43333333333334,43,2pt,Aldridge 1' Driving Layup (6 PTS) (Bertans 1 AST),['pointsinthepaint'],Aldridge,12,12,Made,True,True,200746.0,202722.0,rebound,timeout,,,,1627854|1628366|1628398|1628404|200746|201580|201942|201967|202722|2544,1627854|200746|201942|201967|202722,1628366|1628398|1628404|201580|2544,4.0,-6.0,1610612759.0,21800082,True
1,PT07M17.00S,07:17,Q1 07:17,43.28333333333333,45,timeout,Lakers Timeout: Regular (Reg.1 Short 0),[],,12,12,,False,False,0.0,,2pt made,2pt made,,,,1627854|1628366|1628398|1628404|200746|201580|201942|201967|202722|2544,1628366|1628398|1628404|201580|2544,1627854|200746|201942|201967|202722,,,1610612747.0,21800082,True
1,PT07M04.00S,07:04,Q1 07:04,43.06666666666666,48,2pt,James 1' Layup (6 PTS),['pointsinthepaint'],James,12,14,Made,True,False,2544.0,,timeout,2pt missed,,,,1627854|1628366|1628398|1628404|200746|201580|201942|201967|202722|2544,1628366|1628398|1628404|201580|2544,1627854|200746|201942|201967|202722,0.0,-6.0,1610612747.0,21800082,True
1,PT06M46.00S,06:46,Q1 06:46,42.766666666666666,49,2pt,MISS Aldridge 8' Hook Shot,['pointsinthepaint'],Aldridge,12,14,Missed,True,False,200746.0,,2pt made,block,,,,1627854|1628366|1628398|1628404|200746|201580|201942|201967|202722|2544,1627854|200746|201942|201967|202722,1628366|1628398|1628404|201580|2544,27.0,79.0,1610612759.0,21800082,True
1,PT06M46.00S,06:46,Q1 06:46,42.766666666666666,49,block,McGee BLOCK (1 BLK),[],McGee,12,14,,False,False,201580.0,,2pt missed,rebound,,,201580.0,1627854|1628366|1628398|1628404|200746|201580|201942|201967|202722|2544,1628366|1628398|1628404|201580|2544,1627854|200746|201942|201967|202722,,,1610612747.0,21800082,True
1,PT06M43.00S,06:43,Q1 06:43,42.71666666666667,51,rebound,James REBOUND (Off:0 Def:2),[],James,12,14,,False,False,2544.0,,block,2pt made,,,,1627854|1628366|1628398|1628404|200746|201580|201942|201967|202722|2544,1628366|1628398|1628404|201580|2544,1627854|200746|201942|201967|202722,,,1610612747.0,21800082,True
1,PT06M40.00S,06:40,Q1 06:40,42.666666666666664,52,2pt,McGee 2' Hook Shot (2 PTS) (James 2 AST),['pointsinthepaint'],McGee,12,16,Made,True,True,201580.0,2544.0,rebound,3pt missed,,,,1627854|1628366|1628398|1628404|200746|201580|201942|201967|202722|2544,1628366|1628398|1628404|201580|2544,1627854|200746|201942|201967|202722,0.0,19.0,1610612747.0,21800082,True
1,PT06M22.00S,06:22,Q1 06:22,42.36666666666667,54,3pt,MISS Bertans 26' 3PT Jump Shot,[],Bertans,12,16,Missed,True,False,202722.0,,2pt made,rebound,,,,1627854|1628366|1628398|1628404|200746|201580|201942|201967|202722|2544,1627854|200746|201942|201967|202722,1628366|1628398|1628404|201580|2544,-172.0,190.0,1610612759.0,21800082,True
1,PT06M19.00S,06:19,Q1 06:19,42.31666666666666,55,rebound,Cunningham REBOUND (Off:1 Def:0),[],Cunningham,12,16,,False,False,201967.0,,3pt missed,turnover,,,,1627854|1628366|1628398|1628404|200746|201580|201942|201967|202722|2544,1627854|200746|201942|201967|202722,1628366|1628398|1628404|201580|2544,,,1610612759.0,21800082,True
1,PT06M17.00S,06:17,Q1 06:17,42.28333333333333,56,turnover,DeRozan Step Out of Bounds Turnover (P1.T2),[],DeRozan,12,16,,False,False,201942.0,,rebound,substitution,,,,1627854|1628366|1628398|1628404|200746|201580|201942|201967|202722|2544,1627854|200746|201942|201967|202722,1628366|1628398|1628404|201580|2544,,,1610612759.0,21800082,True
1,PT06M17.00S,06:17,Q1 06:17,42.28333333333333,57,substitution,SUB out: B. Forbes,[],Forbes,12,16,,False,False,1627854.0,,turnover,substitution,,,,1628366|1628398|1628404|200746|201580|201942|201967|202722|2544,200746|201942|201967|202722,1628366|1628398|1628404|201580|2544,,,1610612759.0,21800082,False
1,PT06M17.00S,06:17,Q1 06:17,42.28333333333333,58,substitution,SUB out: D. Bertans,[],Bertans,12,16,,False,False,202722.0,,substitution,substitution,,,,1628366|1628398|1628404|200746|201580|201942|201967|2544,200746|201942|201967,1628366|1628398|1628404|201580|2544,,,1610612759.0,21800082,False
1,PT06M17.00S,06:17,Q1 06:17,42.28333333333333,59,substitution,SUB out: J. Hart,[],Hart,12,16,,False,False,1628404.0,,substitution,substitution,,,,1628366|1628398|200746|201580|201942|201967|2544,1628366|1628398|201580|2544,200746|201942|201967,,,1610612747.0,21800082,False
1,PT06M17.00S,06:17,Q1 06:17,42.28333333333333,60,substitution,SUB out: J. McGee,[],McGee,12,16,,False,False,201580.0,,substitution,substitution,,,,1628366|1628398|200746|201942|201967|2544,1628366|1628398|2544,200746|201942|201967,,,1610612747.0,21800082,False
1,PT06M17.00S,06:17,Q1 06:17,42.28333333333333,61,substitution,SUB in: P. Mills,[],Mills,12,16,,False,False,201988.0,,substitution,substitution,,,,1628366|1628398|200746|201942|201967|201988|2544,200746|201942|201967|201988,1628366|1628398|2544,,,1610612759.0,21800082,False
1,PT06M17.00S,06:17,Q1 06:17,42.28333333333333,62,substitution,SUB in: R. Gay,[],Gay,12,16,,False,False,200752.0,,substitution,substitution,,,,1628366|1628398|200746|200752|201942|201967|201988|2544,200746|200752|201942|201967|201988,1628366|1628398|2544,,,1610612759.0,21800082,False
1,PT06M17.00S,06:17,Q1 06:17,42.28333333333333,63,substitution,SUB in: J. Williams,[],Williams,12,16,,False,False,1629140.0,,substitution,substitution,,,,1628366|1628398|1629140|200746|200752|201942|201967|201988|2544,1628366|1628398|1629140|2544,200746|200752|201942|201967|201988,,,1610612747.0,21800082,False
1,PT06M17.00S,06:17,Q1 06:17,42.28333333333333,64,substitution,SUB in: R. Rondo,[],Rondo,12,16,,False,False,200765.0,,substitution,3pt missed,,,,1628366|1628398|1629140|200746|200752|200765|201942|201967|201988|2544,1628366|1628398|1629140|200765|2544,200746|200752|201942|201967|201988,,,1610612747.0,21800082,True
1,PT06M06.00S,06:06,Q1 06:06,42.1,65,3pt,MISS Kuzma 26' 3PT Jump Shot,[],Kuzma,12,16,Missed,True,False,1628398.0,,substitution,rebound,,,,1628366|1628398|1629140|200746|200752|200765|201942|201967|201988|2544,1628366|1628398|1629140|200765|2544,200746|200752|201942|201967|201988,147.0,210.0,1610612747.0,21800082,True
1,PT06M01.00S,06:01,Q1 06:01,42.016666666666666,66,rebound,DeRozan REBOUND (Off:0 Def:2),[],DeRozan,12,16,,False,False,201942.0,,3pt missed,2pt made,,,,1628366|1628398|1629140|200746|200752|200765|201942|201967|201988|2544,200746|200752|201942|201967|201988,1628366|1628398|1629140|200765|2544,,,1610612759.0,21800082,True
1,PT05M49.00S,05:49,Q1 05:49,41.81666666666666,67,2pt,DeRozan 1' Driving Layup (4 PTS),['pointsinthepaint'],DeRozan,14,16,Made,True,False,201942.0,,rebound,foul,,,,1628366|1628398|1629140|200746|200752|200765|201942|201967|201988|2544,200746|200752|201942|201967|201988,1628366|1628398|1629140|200765|2544,3.0,8.0,1610612759.0,21800082,True
1,PT05M32.00S,05:32,Q1 05:32,41.53333333333333,68,foul,Gay S.FOUL (P1.T1) (G.Petraitis),[],Gay,14,16,,False,False,200752.0,,2pt made,freethrow,2544.0,,,1628366|1628398|1629140|200746|200752|200765|201942|201967|201988|2544,200746|200752|201942|201967|201988,1628366|1628398|1629140|200765|2544,,,1610612759.0,21800082,True
1,PT05M32.00S,05:32,Q1 05:32,41.53333333333333,70,freethrow,MISS James Free Throw 1 of 2,[],James,14,16,Missed,False,False,2544.0,,foul,rebound,,,,1628366|1628398|1629140|200746|200752|200765|201942|201967|201988|2544,1628366|1628398|1629140|200765|2544,200746|200752|201942|201967|201988,,,1610612747.0,21800082,True
1,PT05M32.00S,05:32,Q1 05:32,41.53333333333333,71,rebound,TEAM offensive REBOUND,['team'],,14,16,,False,False,0.0,,freethrow,freethrow,,,,1628366|1628398|1629140|200746|200752|200765|201942|201967|201988|2544,1628366|1628398|1629140|200765|2544,200746|200752|201942|201967|201988,,,1610612747.0,21800082,True
1,PT05M32.00S,05:32,Q1 05:32,41.53333333333333,76,freethrow,James Free Throw 2 of 2 (7 PTS),[],James,14,17,Made,False,False,2544.0,,rebound,substitution,,,,1628366|1628398|1629140|200746|200752|200765|201942|201967|201988|2544,1628366|1628398|1629140|200765|2544,200746|200752|201942|201967|201988,,,1610612747.0,21800082,True
1,PT05M32.00S,05:32,Q1 05:32,41.53333333333333,72,substitution,SUB out: D. Cunningham,[],Cunningham,14,16,,False,False,201967.0,,freethrow,substitution,,,,1628366|1628398|1629140|200746|200752|200765|201942|201988|2544,200746|200752|201942|201988,1628366|1628398|1629140|200765|2544,,,1610612759.0,21800082,False
1,PT05M32.00S,05:32,Q1 05:32,41.53333333333333,73,substitution,SUB out: L. Ball,[],Ball,14,16,,False,False,1628366.0,,substitution,substitution,,,,1628398|1629140|200746|200752|200765|201942|201988|2544,1628398|1629140|200765|2544,200746|200752|201942|201988,,,1610612747.0,21800082,False
1,PT05M32.00S,05:32,Q1 05:32,41.53333333333333,74,substitution,SUB in: M. Belinelli,[],Belinelli,14,16,,False,False,201158.0,,substitution,substitution,,,,1628398|1629140|200746|200752|200765|201158|201942|201988|2544,200746|200752|201158|201942|201988,1628398|1629140|200765|2544,,,1610612759.0,21800082,False
1,PT05M32.00S,05:32,Q1 05:32,41.53333333333333,75,substitution,SUB in: L. Stephenson,[],Stephenson,14,16,,False,False,202362.0,,substitution,2pt missed,,,,1628398|1629140|200746|200752|200765|201158|201942|201988|202362|2544,1628398|1629140|200765|202362|2544,200746|200752|201158|201942|201988,,,1610612747.0,21800082,True
1,PT05M18.00S,05:18,Q1 05:18,41.3,77,2pt,MISS DeRozan 15' Turnaround Jump Shot,[],DeRozan,14,17,Missed,True,False,201942.0,,substitution,rebound,,,,1628398|1629140|200746|200752|200765|201158|201942|201988|202362|2544,200746|200752|201158|201942|201988,1628398|1629140|200765|202362|2544,-153.0,18.0,1610612759.0,21800082,True
1,PT05M14.00S,05:14,Q1 05:14,41.233333333333334,78,rebound,Gay REBOUND (Off:1 Def:0),[],Gay,14,17,,False,False,200752.0,,2pt missed,2pt missed,,,,1628398|1629140|200746|200752|200765|201158|201942|201988|202362|2544,200746|200752|201158|201942|201988,1628398|1629140|200765|202362|2544,,,1610612759.0,21800082,True
1,PT05M04.00S,05:04,Q1 05:04,41.06666666666666,80,2pt,MISS Aldridge 18' Pullup Jump Shot,[],Aldridge,14,17,Missed,True,False,200746.0,,rebound,rebound,,,,1628398|1629140|200746|200752|200765|201158|201942|201988|202362|2544,200746|200752|201158|201942|201988,1628398|1629140|200765|202362|2544,18.0,183.0,1610612759.0,21800082,True
1,PT05M03.00S,05:03,Q1 05:03,41.05,81,rebound,TEAM offensive REBOUND,['team'],,14,17,,False,False,0.0,,2pt missed,foul,,,,1628398|1629140|200746|200752|200765|201158|201942|201988|202362|2544,200746|200752|201158|201942|201988,1628398|1629140|200765|202362|2544,,,1610612759.0,21800082,True
1,PT05M03.00S,05:03,Q1 05:03,41.05,82,foul,Stephenson P.FOUL (P1.T3) (J.Capers),[],Stephenson,14,17,,False,False,202362.0,,rebound,2pt made,201988.0,,,1628398|1629140|200746|200752|200765|201158|201942|201988|202362|2544,1628398|1629140|200765|202362|2544,200746|200752|201158|201942|201988,,,1610612747.0,21800082,True
1,PT04M51.00S,04:51,Q1 04:51,40.85,84,2pt,Mills 5' Driving Floating Jump Shot (2 PTS) (DeRozan 1 AST),['pointsinthepaint'],Mills,16,17,Made,True,True,201988.0,201942.0,foul,foul,,,,1628398|1629140|200746|200752|200765|201158|201942|201988|202362|2544,200746|200752|201158|201942|201988,1628398|1629140|200765|202362|2544,-13.0,53.0,1610612759.0,21800082,True
1,PT04M32.00S,04:32,Q1 04:32,40.53333333333333,87,foul,Aldridge S.FOUL (P1.T2) (J.DeRosa),[],Aldridge,16,17,,False,False,200746.0,,2pt made,freethrow,2544.0,,,1628398|1629140|200746|200752|200765|201158|201942|201988|202362|2544,200746|200752|201158|201942|201988,1628398|1629140|200765|202362|2544,,,1610612759.0,21800082,True
1,PT04M32.00S,04:32,Q1 04:32,40.53333333333333,89,freethrow,James Free Throw 1 of 2 (8 PTS),[],James,16,18,Made,False,False,2544.0,,foul,freethrow,,,,1628398|1629140|200746|200752|200765|201158|201942|201988|202362|2544,1628398|1629140|200765|202362|2544,200746|200752|201158|201942|201988,,,1610612747.0,21800082,True
1,PT04M32.00S,04:32,Q1 04:32,40.53333333333333,93,freethrow,James Free Throw 2 of 2 (9 PTS),[],James,16,19,Made,False,False,2544.0,,freethrow,substitution,,,,1628398|1629140|200746|200752|200765|201158|201942|201988|202362|2544,1628398|1629140|200765|202362|2544,200746|200752|201158|201942|201988,,,1610612747.0,21800082,True
1,PT04M32.00S,04:32,Q1 04:32,40.53333333333333,91,substitution,SUB out: D. DeRozan,[],DeRozan,16,18,,False,False,201942.0,,freethrow,substitution,,,,1628398|1629140|200746|200752|200765|201158|201988|202362|2544,200746|200752|201158|201988,1628398|1629140|200765|202362|2544,,,1610612759.0,21800082,False
1,PT04M32.00S,04:32,Q1 04:32,40.53333333333333,92,substitution,SUB in: B. Forbes,[],Forbes,16,18,,False,False,1627854.0,,substitution,foul,,,,1627854|1628398|1629140|200746|200752|200765|201158|201988|202362|2544,1627854|200746|200752|201158|201988,1628398|1629140|200765|202362|2544,,,1610612759.0,21800082,True
1,PT04M13.00S,04:13,Q1 04:13,40.21666666666667,94,foul,James S.FOUL (P1.T4) (J.Capers),[],James,16,19,,False,False,2544.0,,substitution,freethrow,200752.0,,,1627854|1628398|1629140|200746|200752|200765|201158|201988|202362|2544,1628398|1629140|200765|202362|2544,1627854|200746|200752|201158|201988,,,1610612747.0,21800082,True
1,PT04M13.00S,04:13,Q1 04:13,40.21666666666667,96,freethrow,MISS Gay Free Throw 1 of 2,[],Gay,16,19,Missed,False,False,200752.0,,foul,rebound,,,,1627854|1628398|1629140|200746|200752|200765|201158|201988|202362|2544,1627854|200746|200752|201158|201988,1628398|1629140|200765|202362|2544,,,1610612759.0,21800082,True
1,PT04M13.00S,04:13,Q1 04:13,40.21666666666667,97,rebound,TEAM offensive REBOUND,['team'],,16,19,,False,False,0.0,,freethrow,freethrow,,,,1627854|1628398|1629140|200746|200752|200765|201158|201988|202362|2544,1627854|200746|200752|201158|201988,1628398|1629140|200765|202362|2544,,,1610612759.0,21800082,True
1,PT04M13.00S,04:13,Q1 04:13,40.21666666666667,102,freethrow,Gay Free Throw 2 of 2 (1 PTS),[],Gay,17,19,Made,False,False,200752.0,,rebound,substitution,,,,1627854|1628398|1629140|200746|200752|200765|201158|201988|202362|2544,1627854|200746|200752|201158|201988,1628398|1629140|200765|202362|2544,,,1610612759.0,21800082,True
1,PT04M13.00S,04:13,Q1 04:13,40.21666666666667,98,substitution,SUB out: K. Kuzma,[],Kuzma,16,19,,False,False,1628398.0,,freethrow,substitution,,,,1627854|1629140|200746|200752|200765|201158|201988|202362|2544,1629140|200765|202362|2544,1627854|200746|200752|201158|201988,,,1610612747.0,21800082,False
1,PT04M13.00S,04:13,Q1 04:13,40.21666666666667,99,substitution,SUB out: L. James,[],James,16,19,,False,False,2544.0,,substitution,substitution,,,,1627854|1629140|200746|200752|200765|201158|201988|202362,1629140|200765|202362,1627854|200746|200752|201158|201988,,,1610612747.0,21800082,False
1,PT04M13.00S,04:13,Q1 04:13,40.21666666666667,100,substitution,SUB in: K. Caldwell-Pope,[],Caldwell-Pope,16,19,,False,False,203484.0,,substitution,substitution,,,,1627854|1629140|200746|200752|200765|201158|201988|202362|203484,1629140|200765|202362|203484,1627854|200746|200752|201158|201988,,,1610612747.0,21800082,False
1,PT04M13.00S,04:13,Q1 04:13,40.21666666666667,101,substitution,SUB in: J. Hart,[],Hart,16,19,,False,False,1628404.0,,substitution,2pt made,,,,1627854|1628404|1629140|200746|200752|200765|201158|201988|202362|203484,1628404|1629140|200765|202362|203484,1627854|200746|200752|201158|201988,,,1610612747.0,21800082,True
1,PT04M01.00S,04:01,Q1 04:01,40.016666666666666,103,2pt,Stephenson 17' Step Back Jump Shot (2 PTS),[],Stephenson,17,21,Made,True,False,202362.0,,substitution,2pt made,,,,1627854|1628404|1629140|200746|200752|200765|201158|201988|202362|203484,1628404|1629140|200765|202362|203484,1627854|200746|200752|201158|201988,-139.0,105.0,1610612747.0,21800082,True
1,PT03M47.00S,03:47,Q1 03:47,39.78333333333333,104,2pt,Aldridge Cutting Layup Shot (8 PTS) (Forbes 1 AST),['pointsinthepaint'],Aldridge,19,21,Made,True,True,200746.0,1627854.0,2pt made,turnover,,,,1627854|1628404|1629140|200746|200752|200765|201158|201988|202362|203484,1627854|200746|200752|201158|201988,1628404|1629140|200765|202362|203484,0.0,-4.0,1610612759.0,21800082,True
1,PT03M36.00S,03:36,Q1 03:36,39.6,106,turnover,Stephenson Lost Ball Turnover (P1.T3),[],Stephenson,19,21,,False,False,202362.0,,2pt made,steal,,,,1627854|1628404|1629140|200746|200752|200765|201158|201988|202362|203484,1628404|1629140|200765|202362|203484,1627854|200746|200752|201158|201988,,,1610612747.0,21800082,True
1,PT03M36.00S,03:36,Q1 03:36,39.6,106,steal,Forbes STEAL (1 STL),[],Forbes,19,21,,False,False,1627854.0,,turnover,turnover,,1627854.0,,1627854|1628404|1629140|200746|200752|200765|201158|201988|202362|203484,1627854|200746|200752|201158|201988,1628404|1629140|200765|202362|203484,,,1610612759.0,21800082,True
1,PT03M22.00S,03:22,Q1 03:22,39.36666666666667,108,turnover,Aldridge Lost Ball Turnover (P1.T3),[],Aldridge,19,21,,False,False,200746.0,,steal,steal,,,,1627854|1628404|1629140|200746|200752|200765|201158|201988|202362|203484,1627854|200746|200752|201158|201988,1628404|1629140|200765|202362|203484,,,1610612759.0,21800082,True
1,PT03M22.00S,03:22,Q1 03:22,39.36666666666667,108,steal,Williams STEAL (1 STL),[],Williams,19,21,,False,False,1629140.0,,turnover,3pt missed,,1629140.0,,1627854|1628404|1629140|200746|200752|200765|201158|201988|202362|203484,1628404|1629140|200765|202362|203484,1627854|200746|200752|201158|201988,,,1610612747.0,21800082,True
1,PT03M10.00S,03:10,Q1 03:10,39.166666666666664,111,3pt,MISS Hart 3PT Jump Bank Shot,[],Hart,19,21,Missed,True,False,1628404.0,,steal,rebound,,,,1627854|1628404|1629140|200746|200752|200765|201158|201988|202362|203484,1628404|1629140|200765|202362|203484,1627854|200746|200752|201158|201988,-221.0,-4.0,1610612747.0,21800082,True
1,PT03M08.00S,03:08,Q1 03:08,39.13333333333333,112,rebound,Mills REBOUND (Off:0 Def:1),[],Mills,19,21,,False,False,201988.0,,3pt missed,foul,,,,1627854|1628404|1629140|200746|200752|200765|201158|201988|202362|203484,1627854|200746|200752|201158|201988,1628404|1629140|200765|202362|203484,,,1610612759.0,21800082,True
1,PT03M08.00S,03:08,Q1 03:08,39.13333333333333,113,foul,Rondo P.FOUL (P1.PN) (J.Capers),['inpenalty'],Rondo,19,21,,False,False,200765.0,,rebound,freethrow,201988.0,,,1627854|1628404|1629140|200746|200752|200765|201158|201988|202362|203484,1628404|1629140|200765|202362|203484,1627854|200746|200752|201158|201988,,,1610612747.0,21800082,True
1,PT03M08.00S,03:08,Q1 03:08,39.13333333333333,115,freethrow,Mills Free Throw 1 of 2 (3 PTS),[],Mills,20,21,Made,False,False,201988.0,,foul,freethrow,,,,1627854|1628404|1629140|200746|200752|200765|201158|201988|202362|203484,1627854|200746|200752|201158|201988,1628404|1629140|200765|202362|203484,,,1610612759.0,21800082,True
1,PT03M08.00S,03:08,Q1 03:08,39.13333333333333,118,freethrow,Mills Free Throw 2 of 2 (4 PTS),[],Mills,21,21,Made,False,False,201988.0,,freethrow,substitution,,,,1627854|1628404|1629140|200746|200752|200765|201158|201988|202362|203484,1627854|200746|200752|201158|201988,1628404|1629140|200765|202362|203484,,,1610612759.0,21800082,True
1,PT03M08.00S,03:08,Q1 03:08,39.13333333333333,116,substitution,SUB out: L. Aldridge,[],Aldridge,20,21,,False,False,200746.0,,freethrow,substitution,,,,1627854|1628404|1629140|200752|200765|201158|201988|202362|203484,1627854|200752|201158|201988,1628404|1629140|200765|202362|203484,,,1610612759.0,21800082,False
1,PT03M08.00S,03:08,Q1 03:08,39.13333333333333,117,substitution,SUB in: P. Gasol,[],Gasol,20,21,,False,False,2200.0,,substitution,3pt made,,,,1627854|1628404|1629140|200752|200765|201158|201988|202362|203484|2200,1627854|200752|201158|201988|2200,1628404|1629140|200765|202362|203484,,,1610612759.0,21800082,True
1,PT02M56.00S,02:56,Q1 02:56,38.93333333333334,119,3pt,Stephenson 24' 3PT Jump Shot (5 PTS) (Caldwell-Pope 1 AST),[],Stephenson,21,24,Made,True,True,202362.0,203484.0,substitution,timeout,,,,1627854|1628404|1629140|200752|200765|201158|201988|202362|203484|2200,1628404|1629140|200765|202362|203484,1627854|200752|201158|201988|2200,232.0,69.0,1610612747.0,21800082,True
1,PT02M55.00S,02:55,Q1 02:55,38.916666666666664,121,timeout,SPURS Timeout: Regular (Full 1 Short 0),[],,21,24,,False,False,0.0,,3pt made,substitution,,,,1627854|1628404|1629140|200752|200765|201158|201988|202362|203484|2200,1627854|200752|201158|201988|2200,1628404|1629140|200765|202362|203484,,,1610612759.0,21800082,True
1,PT02M55.00S,02:55,Q1 02:55,38.916666666666664,122,substitution,SUB out: J. Williams,[],Williams,21,24,,False,False,1629140.0,,timeout,substitution,,,,1627854|1628404|200752|200765|201158|201988|202362|203484|2200,1628404|200765|202362|203484,1627854|200752|201158|201988|2200,,,1610612747.0,21800082,False
1,PT02M55.00S,02:55,Q1 02:55,38.916666666666664,123,substitution,SUB in: J. McGee,[],McGee,21,24,,False,False,201580.0,,substitution,2pt missed,,,,1627854|1628404|200752|200765|201158|201580|201988|202362|203484|2200,1628404|200765|201580|202362|203484,1627854|200752|201158|201988|2200,,,1610612747.0,21800082,True
1,PT02M41.00S,02:41,Q1 02:41,38.68333333333334,124,2pt,MISS Gay 1' Driving Finger Roll Layup,['pointsinthepaint'],Gay,21,24,Missed,True,False,200752.0,,substitution,block,,,,1627854|1628404|200752|200765|201158|201580|201988|202362|203484|2200,1627854|200752|201158|201988|2200,1628404|200765|201580|202362|203484,-13.0,5.0,1610612759.0,21800082,True
1,PT02M41.00S,02:41,Q1 02:41,38.68333333333334,124,block,McGee BLOCK (2 BLK),[],McGee,21,24,,False,False,201580.0,,2pt missed,rebound,,,201580.0,1627854|1628404|200752|200765|201158|201580|201988|202362|203484|2200,1628404|200765|201580|202362|203484,1627854|200752|201158|201988|2200,,,1610612747.0,21800082,True
1,PT02M38.00S,02:38,Q1 02:38,38.63333333333333,126,rebound,Stephenson REBOUND (Off:0 Def:1),[],Stephenson,21,24,,False,False,202362.0,,block,3pt made,,,,1627854|1628404|200752|200765|201158|201580|201988|202362|203484|2200,1628404|200765|201580|202362|203484,1627854|200752|201158|201988|2200,,,1610612747.0,21800082,True
1,PT02M31.00S,02:31,Q1 02:31,38.516666666666666,127,3pt,Rondo 24' 3PT Jump Shot (3 PTS) (Stephenson 1 AST),[],Rondo,21,27,Made,True,True,200765.0,202362.0,rebound,2pt missed,,,,1627854|1628404|200752|200765|201158|201580|201988|202362|203484|2200,1628404|200765|201580|202362|203484,1627854|200752|201158|201988|2200,235.0,47.0,1610612747.0,21800082,True
1,PT02M18.00S,02:18,Q1 02:18,38.3,129,2pt,MISS Mills 21' Jump Shot,[],Mills,21,27,Missed,True,False,201988.0,,3pt made,rebound,,,,1627854|1628404|200752|200765|201158|201580|201988|202362|203484|2200,1627854|200752|201158|201988|2200,1628404|200765|201580|202362|203484,-74.0,193.0,1610612759.0,21800082,True
1,PT02M18.00S,02:18,Q1 02:18,38.3,130,rebound,McGee REBOUND (Off:0 Def:2),[],McGee,21,27,,False,False,201580.0,,2pt missed,2pt made,,,,1627854|1628404|200752|200765|201158|201580|201988|202362|203484|2200,1628404|200765|201580|202362|203484,1627854|200752|201158|201988|2200,,,1610612747.0,21800082,True
1,PT02M09.00S,02:09,Q1 02:09,38.15,131,2pt,Caldwell-Pope 12' Pullup Jump Shot (2 PTS),[],Caldwell-Pope,21,29,Made,True,False,203484.0,,rebound,3pt missed,,,,1627854|1628404|200752|200765|201158|201580|201988|202362|203484|2200,1628404|200765|201580|202362|203484,1627854|200752|201158|201988|2200,-122.0,3.0,1610612747.0,21800082,True
1,PT01M57.00S,01:57,Q1 01:57,37.95,132,3pt,MISS Gasol 25' 3PT Jump Shot,[],Gasol,21,29,Missed,True,False,2200.0,,2pt made,rebound,,,,1627854|1628404|200752|200765|201158|201580|201988|202362|203484|2200,1627854|200752|201158|201988|2200,1628404|200765|201580|202362|203484,-16.0,251.0,1610612759.0,21800082,True
1,PT01M57.00S,01:57,Q1 01:57,37.95,133,rebound,Caldwell-Pope REBOUND (Off:0 Def:1),[],Caldwell-Pope,21,29,,False,False,203484.0,,3pt missed,2pt made,,,,1627854|1628404|200752|200765|201158|201580|201988|202362|203484|2200,1628404|200765|201580|202362|203484,1627854|200752|201158|201988|2200,,,1610612747.0,21800082,True
1,PT01M47.00S,01:47,Q1 01:47,37.78333333333333,134,2pt,Stephenson 1' Driving Layup (7 PTS),['pointsinthepaint'],Stephenson,21,31,Made,True,False,202362.0,,rebound,2pt made,,,,1627854|1628404|200752|200765|201158|201580|201988|202362|203484|2200,1628404|200765|201580|202362|203484,1627854|200752|201158|201988|2200,-3.0,9.0,1610612747.0,21800082,True
1,PT01M33.00S,01:33,Q1 01:33,37.55,135,2pt,Forbes 6' Driving Floating Jump Shot (6 PTS),['pointsinthepaint'],Forbes,23,31,Made,True,False,1627854.0,,2pt made,foul,,,,1627854|1628404|200752|200765|201158|201580|201988|202362|203484|2200,1627854|200752|201158|201988|2200,1628404|200765|201580|202362|203484,36.0,42.0,1610612759.0,21800082,True
1,PT01M24.00S,01:24,Q1 01:24,37.4,136,foul,McGee OFF.Foul (P1) (J.Capers),['inpenalty'],McGee,23,31,,False,False,201580.0,,2pt made,turnover,200752.0,,,1627854|1628404|200752|200765|201158|201580|201988|202362|203484|2200,1628404|200765|201580|202362|203484,1627854|200752|201158|201988|2200,,,1610612747.0,21800082,True
1,PT01M24.00S,01:24,Q1 01:24,37.4,138,turnover,McGee Offensive Foul Turnover (P2.T4),[],McGee,23,31,,False,False,201580.0,,foul,substitution,,,,1627854|1628404|200752|200765|201158|201580|201988|202362|203484|2200,1628404|200765|201580|202362|203484,1627854|200752|201158|201988|2200,,,1610612747.0,21800082,True
1,PT01M24.00S,01:24,Q1 01:24,37.4,139,substitution,SUB out: M. Belinelli,[],Belinelli,23,31,,False,False,201158.0,,turnover,substitution,,,,1627854|1628404|200752|200765|201580|201988|202362|203484|2200,1627854|200752|201988|2200,1628404|200765|201580|202362|203484,,,1610612759.0,21800082,False
1,PT01M24.00S,01:24,Q1 01:24,37.4,140,substitution,SUB in: D. Cunningham,[],Cunningham,23,31,,False,False,201967.0,,substitution,2pt missed,,,,1627854|1628404|200752|200765|201580|201967|201988|202362|203484|2200,1627854|200752|201967|201988|2200,1628404|200765|201580|202362|203484,,,1610612759.0,21800082,True
1,PT01M01.00S,01:01,Q1 01:01,37.016666666666666,141,2pt,MISS Gay 9' Jump Shot,['pointsinthepaint'],Gay,23,31,Missed,True,False,200752.0,,substitution,rebound,,,,1627854|1628404|200752|200765|201580|201967|201988|202362|203484|2200,1627854|200752|201967|201988|2200,1628404|200765|201580|202362|203484,0.0,86.0,1610612759.0,21800082,True
1,PT01M00.00S,01:00,Q1 01:00,37.0,142,rebound,Gasol REBOUND (Off:1 Def:0),[],Gasol,23,31,,False,False,2200.0,,2pt missed,2pt made,,,,1627854|1628404|200752|200765|201580|201967|201988|202362|203484|2200,1627854|200752|201967|201988|2200,1628404|200765|201580|202362|203484,,,1610612759.0,21800082,True
1,PT01M00.00S,01:00,Q1 01:00,37.0,143,2pt,Gasol 1' Putback Layup (2 PTS),['pointsinthepaint'],Gasol,25,31,Made,True,False,2200.0,,rebound,foul,,,,1627854|1628404|200752|200765|201580|201967|201988|202362|203484|2200,1627854|200752|201967|201988|2200,1628404|200765|201580|202362|203484,0.0,-6.0,1610612759.0,21800082,True
1,PT01M00.00S,01:00,Q1 01:00,37.0,145,foul,"Double Technical - Stephenson, Gay (J.Capers)",[],Stephenson,25,31,,False,False,202362.0,,2pt made,3pt missed,201967.0,,,1627854|1628404|200752|200765|201580|201967|201988|202362|203484|2200,1628404|200765|201580|202362|203484,1627854|200752|201967|201988|2200,,,1610612747.0,21800082,True
1,PT00M42.00S,00:42,Q1 00:42,36.7,147,3pt,MISS Stephenson 25' 3PT Jump Shot,[],Stephenson,25,31,Missed,True,False,202362.0,,foul,rebound,,,,1627854|1628404|200752|200765|201580|201967|201988|202362|203484|2200,1628404|200765|201580|202362|203484,1627854|200752|201967|201988|2200,-193.0,166.0,1610612747.0,21800082,True
1,PT00M40.10S,00:40,Q1 00:40,36.66833333333334,148,rebound,Cunningham REBOUND (Off:1 Def:1),[],Cunningham,25,31,,False,False,201967.0,,3pt missed,foul,,,,1627854|1628404|200752|200765|201580|201967|201988|202362|203484|2200,1627854|200752|201967|201988|2200,1628404|200765|201580|202362|203484,,,1610612759.0,21800082,True
1,PT00M40.10S,00:40,Q1 00:40,36.66833333333334,149,foul,McGee P.FOUL (P2.PN) (J.DeRosa),['inpenalty'],McGee,25,31,,False,False,201580.0,,rebound,freethrow,201967.0,,,1627854|1628404|200752|200765|201580|201967|201988|202362|203484|2200,1628404|200765|201580|202362|203484,1627854|200752|201967|201988|2200,,,1610612747.0,21800082,True
1,PT00M40.10S,00:40,Q1 00:40,36.66833333333334,151,freethrow,Cunningham Free Throw 1 of 2 (1 PTS),[],Cunningham,26,31,Made,False,False,201967.0,,foul,freethrow,,,,1627854|1628404|200752|200765|201580|201967|201988|202362|203484|2200,1627854|200752|201967|201988|2200,1628404|200765|201580|202362|203484,,,1610612759.0,21800082,True
1,PT00M40.10S,00:40,Q1 00:40,36.66833333333334,157,freethrow,Cunningham Free Throw 2 of 2 (2 PTS),[],Cunningham,27,31,Made,False,False,201967.0,,freethrow,substitution,,,,1627854|1628404|200752|200765|201580|201967|201988|202362|203484|2200,1627854|200752|201967|201988|2200,1628404|200765|201580|202362|203484,,,1610612759.0,21800082,True
1,PT00M40.10S,00:40,Q1 00:40,36.66833333333334,152,substitution,SUB out: P. Mills,[],Mills,26,31,,False,False,201988.0,,freethrow,substitution,,,,1627854|1628404|200752|200765|201580|201967|202362|203484|2200,1627854|200752|201967|2200,1628404|200765|201580|202362|203484,,,1610612759.0,21800082,False
1,PT00M40.10S,00:40,Q1 00:40,36.66833333333334,153,substitution,SUB out: J. McGee,[],McGee,26,31,,False,False,201580.0,,substitution,substitution,,,,1627854|1628404|200752|200765|201967|202362|203484|2200,1628404|200765|202362|203484,1627854|200752|201967|2200,,,1610612747.0,21800082,False
1,PT00M40.10S,00:40,Q1 00:40,36.66833333333334,154,substitution,SUB in: M. Belinelli,[],Belinelli,26,31,,False,False,201158.0,,substitution,substitution,,,,1627854|1628404|200752|200765|201158|201967|202362|203484|2200,1627854|200752|201158|201967|2200,1628404|200765|202362|203484,,,1610612759.0,21800082,False
1,PT00M40.10S,00:40,Q1 00:40,36.66833333333334,155,substitution,SUB in: J. Williams,[],Williams,26,31,,False,False,1629140.0,,substitution,2pt made,,,,1627854|1628404|1629140|200752|200765|201158|201967|202362|203484|2200,1628404|1629140|200765|202362|203484,1627854|200752|201158|201967|2200,,,1610612747.0,21800082,True
1,PT00M32.50S,00:32,Q1 00:32,36.541666666666664,158,2pt,Rondo 6' Floating Jump Shot (5 PTS),['pointsinthepaint'],Rondo,27,33,Made,True,False,200765.0,,substitution,2pt made,,,,1627854|1628404|1629140|200752|200765|201158|201967|202362|203484|2200,1628404|1629140|200765|202362|203484,1627854|200752|201158|201967|2200,23.0,59.0,1610612747.0,21800082,True
1,PT00M18.30S,00:18,Q1 00:18,36.305,159,2pt,Gasol 9' Turnaround Jump Shot (4 PTS),['pointsinthepaint'],Gasol,29,33,Made,True,False,2200.0,,2pt made,3pt made,,,,1627854|1628404|1629140|200752|200765|201158|201967|202362|203484|2200,1627854|200752|201158|201967|2200,1628404|1629140|200765|202362|203484,-2.0,88.0,1610612759.0,21800082,True
1,PT00M00.00S,00:00,Q1 00:00,36.0,160,3pt,Stephenson 25' 3PT Jump Shot (10 PTS) (Rondo 1 AST),[],Stephenson,29,36,Made,True,True,202362.0,200765.0,2pt made,instant replay,,,,1627854|1628404|1629140|200752|200765|201158|201967|202362|203484|2200,1628404|1629140|200765|202362|203484,1627854|200752|201158|201967|2200,239.0,59.0,1610612747.0,21800082,True
1,PT00M00.00S,00:00,Q1 00:00,36.0,162,period,End of 1st Period (9:09 PM EST),[],,29,36,,False,False,0.0,,instant replay,period,,,,1627854|1628404|1629140|200752|200765|201158|201967|202362|203484|2200,1627854|200752|201158|201967|2200,1628404|1629140|200765|202362|203484,,,1610612759.0,21800082,True
2,PT12M00.00S,12:00,Q2 12:00,36.0,167,period,Start of 2nd Period (9:11 PM EST),[],,29,36,,False,False,0.0,,period,substitution,,,,1627854|1628404|1629140|200752|200765|201158|201967|202362|203484|2200,1627854|200752|201158|201967|2200,1628404|1629140|200765|202362|203484,,,1610612759.0,21800082,True
2,PT11M52.00S,11:52,Q2 11:52,35.86666666666667,168,3pt,MISS Forbes 26' 3PT Jump Shot,[],Forbes,29,36,Missed,True,False,1627854.0,,substitution,rebound,,,,1627854|1629140|200752|200765|201158|201942|201967|202362|203484|2200|2544,1627854|200752|201158|201942|201967|2200,1629140|200765|202362|203484|2544,138.0,216.0,1610612759.0,21800082,False
2,PT11M48.00S,11:48,Q2 11:48,35.8,169,rebound,Stephenson REBOUND (Off:0 Def:2),[],Stephenson,29,36,,False,False,202362.0,,3pt missed,foul,,,,1627854|1629140|200752|200765|201158|201942|201967|202362|203484|2200|2544,1629140|200765|202362|203484|2544,1627854|200752|201158|201942|201967|2200,,,1610612747.0,21800082,False
2,PT11M38.00S,11:38,Q2 11:38,35.63333333333333,170,foul,Forbes P.FOUL (P1.T1) (J.DeRosa),[],Forbes,29,36,,False,False,1627854.0,,rebound,substitution,2544.0,,,1627854|1629140|200752|200765|201158|201942|201967|202362|203484|2200|2544,1627854|200752|201158|201942|201967|2200,1629140|200765|202362|203484|2544,,,1610612759.0,21800082,False
2,PT11M38.00S,11:38,Q2 11:38,35.63333333333333,172,substitution,SUB out: R. Gay,[],Gay,29,36,,False,False,200752.0,,foul,substitution,,,,1627854|1629140|200765|201158|201942|201967|202362|203484|2200|2544,1627854|201158|201942|201967|2200,1629140|200765|202362|203484|2544,,,1610612759.0,21800082,True
2,PT11M38.00S,11:38,Q2 11:38,35.63333333333333,173,substitution,SUB in: D. Cunningham,[],Cunningham,29,36,,False,False,201967.0,,substitution,turnover,,,,1627854|1629140|200765|201158|201942|201967|202362|203484|2200|2544,1627854|201158|201942|201967|2200,1629140|200765|202362|203484|2544,,,1610612759.0,21800082,True
2,PT11M25.00S,11:25,Q2 11:25,35.416666666666664,174,turnover,James Lost Ball Turnover (P2.T5),[],James,29,36,,False,False,2544.0,,substitution,steal,,,,1627854|1629140|200765|201158|201942|201967|202362|203484|2200|2544,1629140|200765|202362|203484|2544,1627854|201158|201942|201967|2200,,,1610612747.0,21800082,True
2,PT11M25.00S,11:25,Q2 11:25,35.416666666666664,174,steal,DeRozan STEAL (1 STL),[],DeRozan,29,36,,False,False,201942.0,,turnover,turnover,,201942.0,,1627854|1629140|200765|201158|201942|201967|202362|203484|2200|2544,1627854|201158|201942|201967|2200,1629140|200765|202362|203484|2544,,,1610612759.0,21800082,True
2,PT11M21.00S,11:21,Q2 11:21,35.35,176,turnover,Belinelli Out of Bounds Lost Ball Turnover (P1.T4),[],Belinelli,29,36,,False,False,201158.0,,steal,2pt missed,,,,1627854|1629140|200765|201158|201942|201967|202362|203484|2200|2544,1627854|201158|201942|201967|2200,1629140|200765|202362|203484|2544,,,1610612759.0,21800082,True
2,PT11M10.00S,11:10,Q2 11:10,35.166666666666664,177,2pt,MISS Williams 5' Driving Hook Shot,['pointsinthepaint'],Williams,29,36,Missed,True,False,1629140.0,,turnover,rebound,,,,1627854|1629140|200765|201158|201942|201967|202362|203484|2200|2544,1629140|200765|202362|203484|2544,1627854|201158|201942|201967|2200,-54.0,1.0,1610612747.0,21800082,True
2,PT11M08.00S,11:08,Q2 11:08,35.13333333333333,178,rebound,DeRozan REBOUND (Off:0 Def:3),[],DeRozan,29,36,,False,False,201942.0,,2pt missed,2pt made,,,,1627854|1629140|200765|201158|201942|201967|202362|203484|2200|2544,1627854|201158|201942|201967|2200,1629140|200765|202362|203484|2544,,,1610612759.0,21800082,True
2,PT11M00.00S,11:00,Q2 11:00,35.0,179,2pt,DeRozan 1' Finger Roll Layup (6 PTS),['pointsinthepaint'],DeRozan,31,36,Made,True,False,201942.0,,rebound,2pt made,,,,1627854|1629140|200765|201158|201942|201967|202362|203484|2200|2544,1627854|201158|201942|201967|2200,1629140|200765|202362|203484|2544,6.0,0.0,1610612759.0,21800082,True
2,PT10M45.00S,10:45,Q2 10:45,34.75,180,2pt,Rondo 18' Pullup Jump Shot (7 PTS),[],Rondo,31,38,Made,True,False,200765.0,,2pt made,turnover,,,,1627854|1629140|200765|201158|201942|201967|202362|203484|2200|2544,1629140|200765|202362|203484|2544,1627854|201158|201942|201967|2200,-59.0,171.0,1610612747.0,21800082,True
2,PT10M26.00S,10:26,Q2 10:26,34.43333333333334,181,turnover,Gasol Bad Pass Turnover (P1.T5),[],Gasol,31,38,,False,False,2200.0,,2pt made,steal,,,,1627854|1629140|200765|201158|201942|201967|202362|203484|2200|2544,1627854|201158|201942|201967|2200,1629140|200765|202362|203484|2544,,,1610612759.0,21800082,True
2,PT10M26.00S,10:26,Q2 10:26,34.43333333333334,181,steal,James STEAL (1 STL),[],James,31,38,,False,False,2544.0,,turnover,2pt missed,,2544.0,,1627854|1629140|200765|201158|201942|201967|202362|203484|2200|2544,1629140|200765|202362|203484|2544,1627854|201158|201942|201967|2200,,,1610612747.0,21800082,True
2,PT10M12.00S,10:12,Q2 10:12,34.2,183,2pt,MISS Williams 6' Driving Hook Shot,['pointsinthepaint'],Williams,31,38,Missed,True,False,1629140.0,,steal,rebound,,,,1627854|1629140|200765|201158|201942|201967|202362|203484|2200|2544,1629140|200765|202362|203484|2544,1627854|201158|201942|201967|2200,-2.0,63.0,1610612747.0,21800082,True
2,PT10M09.00S,10:09,Q2 10:09,34.15,184,rebound,Gasol REBOUND (Off:1 Def:1),[],Gasol,31,38,,False,False,2200.0,,2pt missed,3pt missed,,,,1627854|1629140|200765|201158|201942|201967|202362|203484|2200|2544,1627854|201158|201942|201967|2200,1629140|200765|202362|203484|2544,,,1610612759.0,21800082,True
2,PT10M05.00S,10:05,Q2 10:05,34.083333333333336,185,3pt,MISS Belinelli 27' 3PT Jump Shot,[],Belinelli,31,38,Missed,True,False,201158.0,,rebound,rebound,,,,1627854|1629140|200765|201158|201942|201967|202362|203484|2200|2544,1627854|201158|201942|201967|2200,1629140|200765|202362|203484|2544,-136.0,231.0,1610612759.0,21800082,True
2,PT10M01.00S,10:01,Q2 10:01,34.016666666666666,186,rebound,Stephenson REBOUND (Off:0 Def:3),[],Stephenson,31,38,,False,False,202362.0,,3pt missed,2pt made,,,,1627854|1629140|200765|201158|201942|201967|202362|203484|2200|2544,1629140|200765|202362|203484|2544,1627854|201158|201942|201967|2200,,,1610612747.0,21800082,True
2,PT09M52.00S,09:52,Q2 09:52,33.86666666666667,187,2pt,Williams 1' Layup (2 PTS),['pointsinthepaint'],Williams,31,40,Made,True,False,1629140.0,,rebound,2pt missed,,,,1627854|1629140|200765|201158|201942|201967|202362|203484|2200|2544,1629140|200765|202362|203484|2544,1627854|201158|201942|201967|2200,0.0,14.0,1610612747.0,21800082,True
2,PT09M32.00S,09:32,Q2 09:32,33.53333333333333,188,2pt,MISS DeRozan 14' Step Back Jump Shot,['pointsinthepaint'],DeRozan,31,40,Missed,True,False,201942.0,,2pt made,rebound,,,,1627854|1629140|200765|201158|201942|201967|202362|203484|2200|2544,1627854|201158|201942|201967|2200,1629140|200765|202362|203484|2544,44.0,137.0,1610612759.0,21800082,True
2,PT09M30.00S,09:30,Q2 09:30,33.5,189,rebound,Williams REBOUND (Off:0 Def:1),[],Williams,31,40,,False,False,1629140.0,,2pt missed,3pt missed,,,,1627854|1629140|200765|201158|201942|201967|202362|203484|2200|2544,1629140|200765|202362|203484|2544,1627854|201158|201942|201967|2200,,,1610612747.0,21800082,True
2,PT09M18.00S,09:18,Q2 09:18,33.3,190,3pt,MISS James 25' 3PT Pullup Jump Shot,[],James,31,40,Missed,True,False,2544.0,,rebound,rebound,,,,1627854|1629140|200765|201158|201942|201967|202362|203484|2200|2544,1629140|200765|202362|203484|2544,1627854|201158|201942|201967|2200,14.0,251.0,1610612747.0,21800082,True
2,PT09M18.00S,09:18,Q2 09:18,33.3,191,rebound,Gasol REBOUND (Off:1 Def:2),[],Gasol,31,40,,False,False,2200.0,,3pt missed,foul,,,,1627854|1629140|200765|201158|201942|201967|202362|203484|2200|2544,1627854|201158|201942|201967|2200,1629140|200765|202362|203484|2544,,,1610612759.0,21800082,True
2,PT09M07.00S,09:07,Q2 09:07,33.11666666666667,192,foul,Rondo S.FOUL (P2.T1) (J.DeRosa),[],Rondo,31,40,,False,False,200765.0,,rebound,freethrow,1627854.0,,,1627854|1629140|200765|201158|201942|201967|202362|203484|2200|2544,1629140|200765|202362|203484|2544,1627854|201158|201942|201967|2200,,,1610612747.0,21800082,True
2,PT09M07.00S,09:07,Q2 09:07,33.11666666666667,194,freethrow,Forbes Free Throw 1 of 2 (7 PTS),[],Forbes,32,40,Made,False,False,1627854.0,,foul,freethrow,,,,1627854|1629140|200765|201158|201942|201967|202362|203484|2200|2544,1627854|201158|201942|201967|2200,1629140|200765|202362|203484|2544,,,1610612759.0,21800082,True
2,PT09M07.00S,09:07,Q2 09:07,33.11666666666667,197,freethrow,MISS Forbes Free Throw 2 of 2,[],Forbes,32,40,Missed,False,False,1627854.0,,freethrow,substitution,,,,1627854|1629140|200765|201158|201942|201967|202362|203484|2200|2544,1627854|201158|201942|201967|2200,1629140|200765|202362|203484|2544,,,1610612759.0,21800082,True
2,PT09M07.00S,09:07,Q2 09:07,33.11666666666667,195,substitution,SUB out: J. Williams,[],Williams,32,40,,False,False,1629140.0,,freethrow,substitution,,,,1627854|200765|201158|201942|201967|202362|203484|2200|2544,200765|202362|203484|2544,1627854|201158|201942|201967|2200,,,1610612747.0,21800082,False
2,PT09M07.00S,09:07,Q2 09:07,33.11666666666667,196,substitution,SUB in: J. McGee,[],McGee,32,40,,False,False,201580.0,,substitution,rebound,,,,1627854|200765|201158|201580|201942|201967|202362|203484|2200|2544,200765|201580|202362|203484|2544,1627854|201158|201942|201967|2200,,,1610612747.0,21800082,True
2,PT09M04.00S,09:04,Q2 09:04,33.06666666666666,198,rebound,James REBOUND (Off:0 Def:3),[],James,32,40,,False,False,2544.0,,substitution,2pt made,,,,1627854|200765|201158|201580|201942|201967|202362|203484|2200|2544,200765|201580|202362|203484|2544,1627854|201158|201942|201967|2200,,,1610612747.0,21800082,True
2,PT08M51.00S,08:51,Q2 08:51,32.85,199,2pt,Stephenson 16' Pullup Jump Shot (12 PTS),[],Stephenson,32,42,Made,True,False,202362.0,,rebound,2pt missed,,,,1627854|200765|201158|201580|201942|201967|202362|203484|2200|2544,200765|201580|202362|203484|2544,1627854|201158|201942|201967|2200,-93.0,130.0,1610612747.0,21800082,True
2,PT08M42.00S,08:42,Q2 08:42,32.7,200,2pt,MISS DeRozan Driving Floating Bank Jump Shot,['pointsinthepaint'],DeRozan,32,42,Missed,True,False,201942.0,,2pt made,rebound,,,,1627854|200765|201158|201580|201942|201967|202362|203484|2200|2544,1627854|201158|201942|201967|2200,200765|201580|202362|203484|2544,2.0,-1.0,1610612759.0,21800082,True
2,PT08M42.00S,08:42,Q2 08:42,32.7,201,rebound,Gasol REBOUND (Off:2 Def:2),[],Gasol,32,42,,False,False,2200.0,,2pt missed,foul,,,,1627854|200765|201158|201580|201942|201967|202362|203484|2200|2544,1627854|201158|201942|201967|2200,200765|201580|202362|203484|2544,,,1610612759.0,21800082,True
2,PT08M42.00S,08:42,Q2 08:42,32.7,202,foul,Stephenson S.FOUL (P2.T2) (J.Capers),[],Stephenson,32,42,,False,False,202362.0,,rebound,freethrow,2200.0,,,1627854|200765|201158|201580|201942|201967|202362|203484|2200|2544,200765|201580|202362|203484|2544,1627854|201158|201942|201967|2200,,,1610612747.0,21800082,True
2,PT08M42.00S,08:42,Q2 08:42,32.7,204,freethrow,MISS Gasol Free Throw 1 of 2,[],Gasol,32,42,Missed,False,False,2200.0,,foul,rebound,,,,1627854|200765|201158|201580|201942|201967|202362|203484|2200|2544,1627854|201158|201942|201967|2200,200765|201580|202362|203484|2544,,,1610612759.0,21800082,True
2,PT08M42.00S,08:42,Q2 08:42,32.7,205,rebound,TEAM offensive REBOUND,['team'],,32,42,,False,False,0.0,,freethrow,freethrow,,,,1627854|200765|201158|201580|201942|201967|202362|203484|2200|2544,1627854|201158|201942|201967|2200,200765|201580|202362|203484|2544,,,1610612759.0,21800082,True
2,PT08M42.00S,08:42,Q2 08:42,32.7,208,freethrow,Gasol Free Throw 2 of 2 (5 PTS),[],Gasol,33,42,Made,False,False,2200.0,,rebound,substitution,,,,1627854|200765|201158|201580|201942|201967|202362|203484|2200|2544,1627854|201158|201942|201967|2200,200765|201580|202362|203484|2544,,,1610612759.0,21800082,True
2,PT08M42.00S,08:42,Q2 08:42,32.7,206,substitution,SUB out: M. Belinelli,[],Belinelli,32,42,,False,False,201158.0,,freethrow,substitution,,,,1627854|200765|201580|201942|201967|202362|203484|2200|2544,1627854|201942|201967|2200,200765|201580|202362|203484|2544,,,1610612759.0,21800082,False
2,PT08M42.00S,08:42,Q2 08:42,32.7,207,substitution,SUB in: D. Bertans,[],Bertans,32,42,,False,False,202722.0,,substitution,3pt missed,,,,1627854|200765|201580|201942|201967|202362|202722|203484|2200|2544,1627854|201942|201967|202722|2200,200765|201580|202362|203484|2544,,,1610612759.0,21800082,True
2,PT08M29.00S,08:29,Q2 08:29,32.483333333333334,209,3pt,MISS Rondo 25' 3PT Pullup Jump Shot,[],Rondo,33,42,Missed,True,False,200765.0,,substitution,rebound,,,,1627854|200765|201580|201942|201967|202362|202722|203484|2200|2544,200765|201580|202362|203484|2544,1627854|201942|201967|202722|2200,-211.0,137.0,1610612747.0,21800082,True
2,PT08M26.00S,08:26,Q2 08:26,32.43333333333334,210,rebound,TEAM offensive REBOUND,['team'],,33,42,,False,False,0.0,,3pt missed,substitution,,,,1627854|200765|201580|201942|201967|202362|202722|203484|2200|2544,200765|201580|202362|203484|2544,1627854|201942|201967|202722|2200,,,1610612747.0,21800082,True
2,PT08M26.00S,08:26,Q2 08:26,32.43333333333334,212,substitution,SUB out: P. Gasol,[],Gasol,33,42,,False,False,2200.0,,rebound,substitution,,,,1627854|200765|201580|201942|201967|202362|202722|203484|2544,1627854|201942|201967|202722,200765|201580|202362|203484|2544,,,1610612759.0,21800082,False
2,PT08M26.00S,08:26,Q2 08:26,32.43333333333334,213,substitution,SUB in: L. Aldridge,[],Aldridge,33,42,,False,False,200746.0,,substitution,3pt missed,,,,1627854|200746|200765|201580|201942|201967|202362|202722|203484|2544,1627854|200746|201942|201967|202722,200765|201580|202362|203484|2544,,,1610612759.0,21800082,True
2,PT08M21.00S,08:21,Q2 08:21,32.35,214,3pt,MISS James 25' 3PT Jump Shot,[],James,33,42,Missed,True,False,2544.0,,substitution,rebound,,,,1627854|200746|200765|201580|201942|201967|202362|202722|203484|2544,200765|201580|202362|203484|2544,1627854|200746|201942|201967|202722,-199.0,146.0,1610612747.0,21800082,True
2,PT08M15.00S,08:15,Q2 08:15,32.25,215,rebound,DeRozan REBOUND (Off:0 Def:4),[],DeRozan,33,42,,False,False,201942.0,,3pt missed,3pt missed,,,,1627854|200746|200765|201580|201942|201967|202362|202722|203484|2544,1627854|200746|201942|201967|202722,200765|201580|202362|203484|2544,,,1610612759.0,21800082,True
2,PT08M08.00S,08:08,Q2 08:08,32.13333333333333,216,3pt,MISS Cunningham 3PT Jump Shot,[],Cunningham,33,42,Missed,True,False,201967.0,,rebound,rebound,,,,1627854|200746|200765|201580|201942|201967|202362|202722|203484|2544,1627854|200746|201942|201967|202722,200765|201580|202362|203484|2544,-230.0,6.0,1610612759.0,21800082,True
2,PT08M04.00S,08:04,Q2 08:04,32.06666666666666,217,rebound,James REBOUND (Off:0 Def:4),[],James,33,42,,False,False,2544.0,,3pt missed,foul,,,,1627854|200746|200765|201580|201942|201967|202362|202722|203484|2544,200765|201580|202362|203484|2544,1627854|200746|201942|201967|202722,,,1610612747.0,21800082,True
2,PT08M04.00S,08:04,Q2 08:04,32.06666666666666,218,foul,Bertans S.FOUL (P1.T2) (J.Capers),[],Bertans,33,42,,False,False,202722.0,,rebound,freethrow,2544.0,,,1627854|200746|200765|201580|201942|201967|202362|202722|203484|2544,1627854|200746|201942|201967|202722,200765|201580|202362|203484|2544,,,1610612759.0,21800082,True
2,PT08M04.00S,08:04,Q2 08:04,32.06666666666666,220,freethrow,James Free Throw 1 of 2 (10 PTS),[],James,33,43,Made,False,False,2544.0,,foul,freethrow,,,,1627854|200746|200765|201580|201942|201967|202362|202722|203484|2544,200765|201580|202362|203484|2544,1627854|200746|201942|201967|202722,,,1610612747.0,21800082,True
2,PT08M04.00S,08:04,Q2 08:04,32.06666666666666,225,freethrow,James Free Throw 2 of 2 (11 PTS),[],James,33,44,Made,False,False,2544.0,,freethrow,substitution,,,,1627854|200746|200765|201580|201942|201967|202362|202722|203484|2544,200765|201580|202362|203484|2544,1627854|200746|201942|201967|202722,,,1610612747.0,21800082,True
2,PT08M04.00S,08:04,Q2 08:04,32.06666666666666,221,substitution,SUB out: K. Caldwell-Pope,[],Caldwell-Pope,33,43,,False,False,203484.0,,freethrow,substitution,,,,1627854|200746|200765|201580|201942|201967|202362|202722|2544,200765|201580|202362|2544,1627854|200746|201942|201967|202722,,,1610612747.0,21800082,False
2,PT08M04.00S,08:04,Q2 08:04,32.06666666666666,222,substitution,SUB out: L. Stephenson,[],Stephenson,33,43,,False,False,202362.0,,substitution,substitution,,,,1627854|200746|200765|201580|201942|201967|202722|2544,200765|201580|2544,1627854|200746|201942|201967|202722,,,1610612747.0,21800082,False
2,PT08M04.00S,08:04,Q2 08:04,32.06666666666666,223,substitution,SUB in: J. Hart,[],Hart,33,43,,False,False,1628404.0,,substitution,substitution,,,,1627854|1628404|200746|200765|201580|201942|201967|202722|2544,1628404|200765|201580|2544,1627854|200746|201942|201967|202722,,,1610612747.0,21800082,False
2,PT08M04.00S,08:04,Q2 08:04,32.06666666666666,224,substitution,SUB in: K. Kuzma,[],Kuzma,33,43,,False,False,1628398.0,,substitution,2pt made,,,,1627854|1628398|1628404|200746|200765|201580|201942|201967|202722|2544,1628398|1628404|200765|201580|2544,1627854|200746|201942|201967|202722,,,1610612747.0,21800082,True
2,PT07M53.00S,07:53,Q2 07:53,31.883333333333333,226,2pt,DeRozan 14' Pullup Jump Shot (8 PTS),[],DeRozan,35,44,Made,True,False,201942.0,,substitution,2pt made,,,,1627854|1628398|1628404|200746|200765|201580|201942|201967|202722|2544,1627854|200746|201942|201967|202722,1628398|1628404|200765|201580|2544,11.0,144.0,1610612759.0,21800082,True
2,PT07M45.00S,07:45,Q2 07:45,31.75,227,2pt,McGee Dunk (4 PTS) (Rondo 2 AST),['pointsinthepaint'],McGee,35,46,Made,True,True,201580.0,200765.0,2pt made,turnover,,,,1627854|1628398|1628404|200746|200765|201580|201942|201967|202722|2544,1628398|1628404|200765|201580|2544,1627854|200746|201942|201967|202722,1.0,-2.0,1610612747.0,21800082,True
2,PT07M28.00S,07:28,Q2 07:28,31.46666666666667,229,turnover,Forbes Bad Pass Turnover (P2.T6),[],Forbes,35,46,,False,False,1627854.0,,2pt made,steal,,,,1627854|1628398|1628404|200746|200765|201580|201942|201967|202722|2544,1627854|200746|201942|201967|202722,1628398|1628404|200765|201580|2544,,,1610612759.0,21800082,True
2,PT07M28.00S,07:28,Q2 07:28,31.46666666666667,229,steal,James STEAL (2 STL),[],James,35,46,,False,False,2544.0,,turnover,2pt made,,2544.0,,1627854|1628398|1628404|200746|200765|201580|201942|201967|202722|2544,1628398|1628404|200765|201580|2544,1627854|200746|201942|201967|202722,,,1610612747.0,21800082,True
2,PT07M23.00S,07:23,Q2 07:23,31.383333333333333,231,2pt,McGee 1' Alley Oop Dunk (6 PTS) (James 3 AST),['pointsinthepaint'],McGee,35,48,Made,True,True,201580.0,2544.0,steal,timeout,,,,1627854|1628398|1628404|200746|200765|201580|201942|201967|202722|2544,1628398|1628404|200765|201580|2544,1627854|200746|201942|201967|202722,0.0,13.0,1610612747.0,21800082,True
2,PT07M23.00S,07:23,Q2 07:23,31.383333333333333,233,timeout,SPURS Timeout: Regular (Full 2 Short 0),[],,35,48,,False,False,0.0,,2pt made,substitution,,,,1627854|1628398|1628404|200746|200765|201580|201942|201967|202722|2544,1627854|200746|201942|201967|202722,1628398|1628404|200765|201580|2544,,,1610612759.0,21800082,True
2,PT07M23.00S,07:23,Q2 07:23,31.383333333333333,235,substitution,SUB out: B. Forbes,[],Forbes,35,48,,False,False,1627854.0,,timeout,substitution,,,,1628398|1628404|200746|200765|201580|201942|201967|202722|2544,200746|201942|201967|202722,1628398|1628404|200765|201580|2544,,,1610612759.0,21800082,False
2,PT07M23.00S,07:23,Q2 07:23,31.383333333333333,236,substitution,SUB out: D. Cunningham,[],Cunningham,35,48,,False,False,201967.0,,substitution,substitution,,,,1628398|1628404|200746|200765|201580|201942|202722|2544,200746|201942|202722,1628398|1628404|200765|201580|2544,,,1610612759.0,21800082,False
2,PT07M23.00S,07:23,Q2 07:23,31.383333333333333,237,substitution,SUB out: L. James,[],James,35,48,,False,False,2544.0,,substitution,substitution,,,,1628398|1628404|200746|200765|201580|201942|202722,1628398|1628404|200765|201580,200746|201942|202722,,,1610612747.0,21800082,False
2,PT07M23.00S,07:23,Q2 07:23,31.383333333333333,238,substitution,SUB in: P. Mills,[],Mills,35,48,,False,False,201988.0,,substitution,substitution,,,,1628398|1628404|200746|200765|201580|201942|201988|202722,200746|201942|201988|202722,1628398|1628404|200765|201580,,,1610612759.0,21800082,False
2,PT07M23.00S,07:23,Q2 07:23,31.383333333333333,239,substitution,SUB in: R. Gay,[],Gay,35,48,,False,False,200752.0,,substitution,substitution,,,,1628398|1628404|200746|200752|200765|201580|201942|201988|202722,200746|200752|201942|201988|202722,1628398|1628404|200765|201580,,,1610612759.0,21800082,False
2,PT07M23.00S,07:23,Q2 07:23,31.383333333333333,240,substitution,SUB in: L. Ball,[],Ball,35,48,,False,False,1628366.0,,substitution,2pt missed,,,,1628366|1628398|1628404|200746|200752|200765|201580|201942|201988|202722,1628366|1628398|1628404|200765|201580,200746|200752|201942|201988|202722,,,1610612747.0,21800082,True
2,PT07M08.00S,07:08,Q2 07:08,31.133333333333333,241,2pt,MISS DeRozan 15' Pullup Jump Shot,[],DeRozan,35,48,Missed,True,False,201942.0,,substitution,rebound,,,,1628366|1628398|1628404|200746|200752|200765|201580|201942|201988|202722,200746|200752|201942|201988|202722,1628366|1628398|1628404|200765|201580,-58.0,139.0,1610612759.0,21800082,True
2,PT07M03.00S,07:03,Q2 07:03,31.05,242,rebound,Kuzma REBOUND (Off:0 Def:1),[],Kuzma,35,48,,False,False,1628398.0,,2pt missed,foul,,,,1628366|1628398|1628404|200746|200752|200765|201580|201942|201988|202722,1628366|1628398|1628404|200765|201580,200746|200752|201942|201988|202722,,,1610612747.0,21800082,True
2,PT07M02.00S,07:02,Q2 07:02,31.03333333333333,243,foul,McGee OFF.Foul (P3) (G.Petraitis),[],McGee,35,48,,False,False,201580.0,,rebound,turnover,200746.0,,,1628366|1628398|1628404|200746|200752|200765|201580|201942|201988|202722,1628366|1628398|1628404|200765|201580,200746|200752|201942|201988|202722,,,1610612747.0,21800082,True
2,PT07M02.00S,07:02,Q2 07:02,31.03333333333333,245,turnover,McGee Offensive Foul Turnover (P3.T6),[],McGee,35,48,,False,False,201580.0,,foul,substitution,,,,1628366|1628398|1628404|200746|200752|200765|201580|201942|201988|202722,1628366|1628398|1628404|200765|201580,200746|200752|201942|201988|202722,,,1610612747.0,21800082,True
2,PT07M02.00S,07:02,Q2 07:02,31.03333333333333,246,substitution,SUB out: J. McGee,[],McGee,35,48,,False,False,201580.0,,turnover,substitution,,,,1628366|1628398|1628404|200746|200752|200765|201942|201988|202722,1628366|1628398|1628404|200765,200746|200752|201942|201988|202722,,,1610612747.0,21800082,False
2,PT07M02.00S,07:02,Q2 07:02,31.03333333333333,247,substitution,SUB in: J. Williams,[],Williams,35,48,,False,False,1629140.0,,substitution,turnover,,,,1628366|1628398|1628404|1629140|200746|200752|200765|201942|201988|202722,1628366|1628398|1628404|1629140|200765,200746|200752|201942|201988|202722,,,1610612747.0,21800082,True
2,PT06M50.00S,06:50,Q2 06:50,30.833333333333332,248,turnover,Aldridge 3 Second Violation Turnover (P2.T7),[],Aldridge,35,48,,False,False,200746.0,,substitution,3pt missed,,,,1628366|1628398|1628404|1629140|200746|200752|200765|201942|201988|202722,200746|200752|201942|201988|202722,1628366|1628398|1628404|1629140|200765,,,1610612759.0,21800082,True
2,PT06M29.00S,06:29,Q2 06:29,30.483333333333334,250,3pt,MISS Rondo 25' 3PT Jump Shot,[],Rondo,35,48,Missed,True,False,200765.0,,turnover,rebound,,,,1628366|1628398|1628404|1629140|200746|200752|200765|201942|201988|202722,1628366|1628398|1628404|1629140|200765,200746|200752|201942|201988|202722,-156.0,200.0,1610612747.0,21800082,True
2,PT06M25.00S,06:25,Q2 06:25,30.416666666666668,251,rebound,Gay REBOUND (Off:1 Def:1),[],Gay,35,48,,False,False,200752.0,,3pt missed,2pt made,,,,1628366|1628398|1628404|1629140|200746|200752|200765|201942|201988|202722,200746|200752|201942|201988|202722,1628366|1628398|1628404|1629140|200765,,,1610612759.0,21800082,True
2,PT06M16.00S,06:16,Q2 06:16,30.266666666666666,252,2pt,Aldridge 2' Dunk (10 PTS) (Gay 1 AST),['pointsinthepaint'],Aldridge,37,48,Made,True,True,200746.0,200752.0,rebound,3pt made,,,,1628366|1628398|1628404|1629140|200746|200752|200765|201942|201988|202722,200746|200752|201942|201988|202722,1628366|1628398|1628404|1629140|200765,2.0,15.0,1610612759.0,21800082,True
2,PT06M04.00S,06:04,Q2 06:04,30.066666666666666,254,3pt,Kuzma 26' 3PT Jump Shot (9 PTS) (Ball 1 AST),[],Kuzma,37,51,Made,True,True,1628398.0,1628366.0,2pt made,3pt missed,,,,1628366|1628398|1628404|1629140|200746|200752|200765|201942|201988|202722,1628366|1628398|1628404|1629140|200765,200746|200752|201942|201988|202722,197.0,164.0,1610612747.0,21800082,True
2,PT05M39.00S,05:39,Q2 05:39,29.65,256,3pt,MISS Bertans 26' 3PT Pullup Jump Shot,[],Bertans,37,51,Missed,True,False,202722.0,,3pt made,rebound,,,,1628366|1628398|1628404|1629140|200746|200752|200765|201942|201988|202722,200746|200752|201942|201988|202722,1628366|1628398|1628404|1629140|200765,41.0,257.0,1610612759.0,21800082,True
2,PT05M35.00S,05:35,Q2 05:35,29.583333333333332,257,rebound,Hart REBOUND (Off:0 Def:1),[],Hart,37,51,,False,False,1628404.0,,3pt missed,foul,,,,1628366|1628398|1628404|1629140|200746|200752|200765|201942|201988|202722,1628366|1628398|1628404|1629140|200765,200746|200752|201942|201988|202722,,,1610612747.0,21800082,True
2,PT05M30.00S,05:30,Q2 05:30,29.5,258,foul,DeRozan S.FOUL (P1.T3) (G.Petraitis),[],DeRozan,37,51,,False,False,201942.0,,rebound,freethrow,1629140.0,,,1628366|1628398|1628404|1629140|200746|200752|200765|201942|201988|202722,200746|200752|201942|201988|202722,1628366|1628398|1628404|1629140|200765,,,1610612759.0,21800082,True
2,PT05M30.00S,05:30,Q2 05:30,29.5,260,freethrow,MISS Williams Free Throw 1 of 2,[],Williams,37,51,Missed,False,False,1629140.0,,foul,rebound,,,,1628366|1628398|1628404|1629140|200746|200752|200765|201942|201988|202722,1628366|1628398|1628404|1629140|200765,200746|200752|201942|201988|202722,,,1610612747.0,21800082,True
2,PT05M30.00S,05:30,Q2 05:30,29.5,261,rebound,TEAM offensive REBOUND,['team'],,37,51,,False,False,0.0,,freethrow,freethrow,,,,1628366|1628398|1628404|1629140|200746|200752|200765|201942|201988|202722,1628366|1628398|1628404|1629140|200765,200746|200752|201942|201988|202722,,,1610612747.0,21800082,True
2,PT05M30.00S,05:30,Q2 05:30,29.5,262,freethrow,MISS Williams Free Throw 2 of 2,['2ndchance'],Williams,37,51,Missed,False,False,1629140.0,,rebound,rebound,,,,1628366|1628398|1628404|1629140|200746|200752|200765|201942|201988|202722,1628366|1628398|1628404|1629140|200765,200746|200752|201942|201988|202722,,,1610612747.0,21800082,True
2,PT05M27.00S,05:27,Q2 05:27,29.45,263,rebound,Gay REBOUND (Off:1 Def:2),[],Gay,37,51,,False,False,200752.0,,freethrow,3pt made,,,,1628366|1628398|1628404|1629140|200746|200752|200765|201942|201988|202722,200746|200752|201942|201988|202722,1628366|1628398|1628404|1629140|200765,,,1610612759.0,21800082,True
2,PT05M15.00S,05:15,Q2 05:15,29.25,264,3pt,Mills 26' 3PT Jump Shot (7 PTS) (DeRozan 2 AST),[],Mills,40,51,Made,True,True,201988.0,201942.0,rebound,timeout,,,,1628366|1628398|1628404|1629140|200746|200752|200765|201942|201988|202722,200746|200752|201942|201988|202722,1628366|1628398|1628404|1629140|200765,20.0,256.0,1610612759.0,21800082,True
2,PT05M04.00S,05:04,Q2 05:04,29.066666666666666,266,timeout,Lakers Timeout: Regular (Reg.2 Short 0),[],,40,51,,False,False,0.0,,3pt made,substitution,,,,1628366|1628398|1628404|1629140|200746|200752|200765|201942|201988|202722,1628366|1628398|1628404|1629140|200765,200746|200752|201942|201988|202722,,,1610612747.0,21800082,True
2,PT05M04.00S,05:04,Q2 05:04,29.066666666666666,267,substitution,SUB out: D. Bertans,[],Bertans,40,51,,False,False,202722.0,,timeout,substitution,,,,1628366|1628398|1628404|1629140|200746|200752|200765|201942|201988,200746|200752|201942|201988,1628366|1628398|1628404|1629140|200765,,,1610612759.0,21800082,False
2,PT05M04.00S,05:04,Q2 05:04,29.066666666666666,268,substitution,SUB in: M. Belinelli,[],Belinelli,40,51,,False,False,201158.0,,substitution,3pt missed,,,,1628366|1628398|1628404|1629140|200746|200752|200765|201158|201942|201988,200746|200752|201158|201942|201988,1628366|1628398|1628404|1629140|200765,,,1610612759.0,21800082,True
2,PT04M55.00S,04:55,Q2 04:55,28.916666666666668,269,3pt,MISS Ball 3PT Jump Shot,[],Ball,40,51,Missed,True,False,1628366.0,,substitution,rebound,,,,1628366|1628398|1628404|1629140|200746|200752|200765|201158|201942|201988,1628366|1628398|1628404|1629140|200765,200746|200752|201158|201942|201988,230.0,22.0,1610612747.0,21800082,True
2,PT04M52.00S,04:52,Q2 04:52,28.866666666666667,270,rebound,Kuzma REBOUND (Off:1 Def:1),[],Kuzma,40,51,,False,False,1628398.0,,3pt missed,2pt made,,,,1628366|1628398|1628404|1629140|200746|200752|200765|201158|201942|201988,1628366|1628398|1628404|1629140|200765,200746|200752|201158|201942|201988,,,1610612747.0,21800082,True
2,PT04M49.00S,04:49,Q2 04:49,28.816666666666666,271,2pt,Kuzma 2' Driving Floating Jump Shot (11 PTS),['pointsinthepaint'],Kuzma,40,53,Made,True,False,1628398.0,,rebound,2pt made,,,,1628366|1628398|1628404|1629140|200746|200752|200765|201158|201942|201988,1628366|1628398|1628404|1629140|200765,200746|200752|201158|201942|201988,2.0,15.0,1610612747.0,21800082,True
2,PT04M25.00S,04:25,Q2 04:25,28.416666666666668,272,2pt,Gay 16' Pullup Jump Shot (3 PTS),[],Gay,42,53,Made,True,False,200752.0,,2pt made,foul,,,,1628366|1628398|1628404|1629140|200746|200752|200765|201158|201942|201988,200746|200752|201158|201942|201988,1628366|1628398|1628404|1629140|200765,-138.0,88.0,1610612759.0,21800082,True
2,PT04M12.00S,04:12,Q2 04:12,28.2,273,foul,Belinelli S.FOUL (P1.T4) (J.Capers),[],Belinelli,42,53,,False,False,201158.0,,2pt made,freethrow,1628366.0,,,1628366|1628398|1628404|1629140|200746|200752|200765|201158|201942|201988,200746|200752|201158|201942|201988,1628366|1628398|1628404|1629140|200765,,,1610612759.0,21800082,True
2,PT04M12.00S,04:12,Q2 04:12,28.2,275,freethrow,MISS Ball Free Throw 1 of 2,[],Ball,42,53,Missed,False,False,1628366.0,,foul,rebound,,,,1628366|1628398|1628404|1629140|200746|200752|200765|201158|201942|201988,1628366|1628398|1628404|1629140|200765,200746|200752|201158|201942|201988,,,1610612747.0,21800082,True
2,PT04M12.00S,04:12,Q2 04:12,28.2,276,rebound,TEAM offensive REBOUND,['team'],,42,53,,False,False,0.0,,freethrow,freethrow,,,,1628366|1628398|1628404|1629140|200746|200752|200765|201158|201942|201988,1628366|1628398|1628404|1629140|200765,200746|200752|201158|201942|201988,,,1610612747.0,21800082,True
2,PT04M12.00S,04:12,Q2 04:12,28.2,281,freethrow,MISS Ball Free Throw 2 of 2,[],Ball,42,53,Missed,False,False,1628366.0,,rebound,substitution,,,,1628366|1628398|1628404|1629140|200746|200752|200765|201158|201942|201988,1628366|1628398|1628404|1629140|200765,200746|200752|201158|201942|201988,,,1610612747.0,21800082,True
2,PT04M12.00S,04:12,Q2 04:12,28.2,277,substitution,SUB out: R. Rondo,[],Rondo,42,53,,False,False,200765.0,,freethrow,substitution,,,,1628366|1628398|1628404|1629140|200746|200752|201158|201942|201988,1628366|1628398|1628404|1629140,200746|200752|201158|201942|201988,,,1610612747.0,21800082,False
2,PT04M12.00S,04:12,Q2 04:12,28.2,278,substitution,SUB out: J. Williams,[],Williams,42,53,,False,False,1629140.0,,substitution,substitution,,,,1628366|1628398|1628404|200746|200752|201158|201942|201988,1628366|1628398|1628404,200746|200752|201158|201942|201988,,,1610612747.0,21800082,False
2,PT04M12.00S,04:12,Q2 04:12,28.2,279,substitution,SUB in: L. Stephenson,[],Stephenson,42,53,,False,False,202362.0,,substitution,substitution,,,,1628366|1628398|1628404|200746|200752|201158|201942|201988|202362,1628366|1628398|1628404|202362,200746|200752|201158|201942|201988,,,1610612747.0,21800082,False
2,PT04M12.00S,04:12,Q2 04:12,28.2,280,substitution,SUB in: L. James,[],James,42,53,,False,False,2544.0,,substitution,rebound,,,,1628366|1628398|1628404|200746|200752|201158|201942|201988|202362|2544,1628366|1628398|1628404|202362|2544,200746|200752|201158|201942|201988,,,1610612747.0,21800082,True
2,PT04M09.00S,04:09,Q2 04:09,28.15,282,rebound,Gay REBOUND (Off:1 Def:3),[],Gay,42,53,,False,False,200752.0,,substitution,2pt made,,,,1628366|1628398|1628404|200746|200752|201158|201942|201988|202362|2544,200746|200752|201158|201942|201988,1628366|1628398|1628404|202362|2544,,,1610612759.0,21800082,True
2,PT03M49.00S,03:49,Q2 03:49,27.816666666666666,283,2pt,DeRozan 14' Turnaround Jump Shot (10 PTS),[],DeRozan,44,53,Made,True,False,201942.0,,rebound,2pt missed,,,,1628366|1628398|1628404|200746|200752|201158|201942|201988|202362|2544,200746|200752|201158|201942|201988,1628366|1628398|1628404|202362|2544,-8.0,139.0,1610612759.0,21800082,True
2,PT03M37.00S,03:37,Q2 03:37,27.616666666666667,284,2pt,MISS Stephenson 8' Turnaround Jump Shot,['pointsinthepaint'],Stephenson,44,53,Missed,True,False,202362.0,,2pt made,rebound,,,,1628366|1628398|1628404|200746|200752|201158|201942|201988|202362|2544,1628366|1628398|1628404|202362|2544,200746|200752|201158|201942|201988,-11.0,75.0,1610612747.0,21800082,True
2,PT03M30.00S,03:30,Q2 03:30,27.5,285,rebound,Stephenson REBOUND (Off:1 Def:3),[],Stephenson,44,53,,False,False,202362.0,,2pt missed,2pt missed,,,,1628366|1628398|1628404|200746|200752|201158|201942|201988|202362|2544,1628366|1628398|1628404|202362|2544,200746|200752|201158|201942|201988,,,1610612747.0,21800082,True
2,PT03M30.00S,03:30,Q2 03:30,27.5,286,2pt,MISS Stephenson 1' Tip Layup Shot,['pointsinthepaint'],Stephenson,44,53,Missed,True,False,202362.0,,rebound,rebound,,,,1628366|1628398|1628404|200746|200752|201158|201942|201988|202362|2544,1628366|1628398|1628404|202362|2544,200746|200752|201158|201942|201988,0.0,-6.0,1610612747.0,21800082,True
2,PT03M29.00S,03:29,Q2 03:29,27.483333333333334,287,rebound,DeRozan REBOUND (Off:0 Def:5),[],DeRozan,44,53,,False,False,201942.0,,2pt missed,2pt made,,,,1628366|1628398|1628404|200746|200752|201158|201942|201988|202362|2544,200746|200752|201158|201942|201988,1628366|1628398|1628404|202362|2544,,,1610612759.0,21800082,True
2,PT03M26.00S,03:26,Q2 03:26,27.433333333333334,288,2pt,DeRozan 1' Driving Dunk (12 PTS),['pointsinthepaint'],DeRozan,46,53,Made,True,False,201942.0,,rebound,turnover,,,,1628366|1628398|1628404|200746|200752|201158|201942|201988|202362|2544,200746|200752|201158|201942|201988,1628366|1628398|1628404|202362|2544,6.0,-1.0,1610612759.0,21800082,True
2,PT03M13.00S,03:13,Q2 03:13,27.21666666666667,289,turnover,Ball Out of Bounds - Bad Pass Turnover Turnover (P1.T7),[],Ball,46,53,,False,False,1628366.0,,2pt made,2pt missed,,,,1628366|1628398|1628404|200746|200752|201158|201942|201988|202362|2544,1628366|1628398|1628404|202362|2544,200746|200752|201158|201942|201988,,,1610612747.0,21800082,True
2,PT03M05.00S,03:05,Q2 03:05,27.083333333333332,290,2pt,MISS Gay 1' Driving Reverse Layup,['pointsinthepaint'],Gay,46,53,Missed,True,False,200752.0,,turnover,rebound,,,,1628366|1628398|1628404|200746|200752|201158|201942|201988|202362|2544,200746|200752|201158|201942|201988,1628366|1628398|1628404|202362|2544,6.0,4.0,1610612759.0,21800082,True
2,PT03M05.00S,03:05,Q2 03:05,27.083333333333332,291,rebound,Stephenson REBOUND (Off:1 Def:4),[],Stephenson,46,53,,False,False,202362.0,,2pt missed,2pt made,,,,1628366|1628398|1628404|200746|200752|201158|201942|201988|202362|2544,1628366|1628398|1628404|202362|2544,200746|200752|201158|201942|201988,,,1610612747.0,21800082,True
2,PT03M05.00S,03:05,Q2 03:05,27.083333333333332,292,2pt,Kuzma 1' Driving Dunk (13 PTS),['pointsinthepaint'],Kuzma,46,55,Made,True,False,1628398.0,,rebound,2pt missed,,,,1628366|1628398|1628404|200746|200752|201158|201942|201988|202362|2544,1628366|1628398|1628404|202362|2544,200746|200752|201158|201942|201988,-3.0,6.0,1610612747.0,21800082,True
2,PT02M53.00S,02:53,Q2 02:53,26.883333333333333,293,2pt,MISS Aldridge 1' Hook Bank Shot,['pointsinthepaint'],Aldridge,46,55,Missed,True,False,200746.0,,2pt made,rebound,,,,1628366|1628398|1628404|200746|200752|201158|201942|201988|202362|2544,200746|200752|201158|201942|201988,1628366|1628398|1628404|202362|2544,-6.0,6.0,1610612759.0,21800082,True
2,PT02M53.00S,02:53,Q2 02:53,26.883333333333333,294,rebound,Aldridge REBOUND (Off:1 Def:1),[],Aldridge,46,55,,False,False,200746.0,,2pt missed,2pt missed,,,,1628366|1628398|1628404|200746|200752|201158|201942|201988|202362|2544,200746|200752|201158|201942|201988,1628366|1628398|1628404|202362|2544,,,1610612759.0,21800082,True
2,PT02M49.00S,02:49,Q2 02:49,26.816666666666666,295,2pt,MISS Aldridge 1' Putback Layup,['pointsinthepaint'],Aldridge,46,55,Missed,True,False,200746.0,,rebound,rebound,,,,1628366|1628398|1628404|200746|200752|201158|201942|201988|202362|2544,200746|200752|201158|201942|201988,1628366|1628398|1628404|202362|2544,0.0,-6.0,1610612759.0,21800082,True
2,PT02M49.00S,02:49,Q2 02:49,26.816666666666666,296,rebound,Stephenson REBOUND (Off:1 Def:5),[],Stephenson,46,55,,False,False,202362.0,,2pt missed,foul,,,,1628366|1628398|1628404|200746|200752|201158|201942|201988|202362|2544,1628366|1628398|1628404|202362|2544,200746|200752|201158|201942|201988,,,1610612747.0,21800082,True
2,PT02M41.00S,02:41,Q2 02:41,26.683333333333334,297,foul,James OFF.Foul (P2) (G.Petraitis),[],James,46,55,,False,False,2544.0,,rebound,turnover,201942.0,,,1628366|1628398|1628404|200746|200752|201158|201942|201988|202362|2544,1628366|1628398|1628404|202362|2544,200746|200752|201158|201942|201988,,,1610612747.0,21800082,True
2,PT02M41.00S,02:41,Q2 02:41,26.683333333333334,299,turnover,James Offensive Foul Turnover (P3.T8),[],James,46,55,,False,False,2544.0,,foul,2pt made,,,,1628366|1628398|1628404|200746|200752|201158|201942|201988|202362|2544,1628366|1628398|1628404|202362|2544,200746|200752|201158|201942|201988,,,1610612747.0,21800082,True
2,PT02M28.00S,02:28,Q2 02:28,26.46666666666667,301,2pt,DeRozan 15' Jump Shot (14 PTS) (Belinelli 1 AST),[],DeRozan,48,55,Made,True,True,201942.0,201158.0,turnover,3pt missed,,,,1628366|1628398|1628404|200746|200752|201158|201942|201988|202362|2544,200746|200752|201158|201942|201988,1628366|1628398|1628404|202362|2544,-139.0,64.0,1610612759.0,21800082,True
2,PT02M19.00S,02:19,Q2 02:19,26.316666666666666,303,3pt,MISS Kuzma 25' 3PT Jump Shot,[],Kuzma,48,55,Missed,True,False,1628398.0,,2pt made,rebound,,,,1628366|1628398|1628404|200746|200752|201158|201942|201988|202362|2544,1628366|1628398|1628404|202362|2544,200746|200752|201158|201942|201988,230.0,87.0,1610612747.0,21800082,True
2,PT02M16.00S,02:16,Q2 02:16,26.266666666666666,304,rebound,Mills REBOUND (Off:0 Def:2),[],Mills,48,55,,False,False,201988.0,,3pt missed,2pt made,,,,1628366|1628398|1628404|200746|200752|201158|201942|201988|202362|2544,200746|200752|201158|201942|201988,1628366|1628398|1628404|202362|2544,,,1610612759.0,21800082,True
2,PT02M10.00S,02:10,Q2 02:10,26.166666666666668,305,2pt,Gay 17' Jump Shot (5 PTS) (DeRozan 3 AST),[],Gay,50,55,Made,True,True,200752.0,201942.0,rebound,2pt missed,,,,1628366|1628398|1628404|200746|200752|201158|201942|201988|202362|2544,200746|200752|201158|201942|201988,1628366|1628398|1628404|202362|2544,-134.0,104.0,1610612759.0,21800082,True
2,PT01M50.00S,01:50,Q2 01:50,25.833333333333332,307,2pt,MISS Kuzma 10' Turnaround Fadeaway Bank Jump Shot,[],Kuzma,50,55,Missed,True,False,1628398.0,,2pt made,rebound,,,,1628366|1628398|1628404|200746|200752|201158|201942|201988|202362|2544,1628366|1628398|1628404|202362|2544,200746|200752|201158|201942|201988,83.0,55.0,1610612747.0,21800082,True
2,PT01M48.00S,01:48,Q2 01:48,25.8,308,rebound,Gay REBOUND (Off:1 Def:4),[],Gay,50,55,,False,False,200752.0,,2pt missed,turnover,,,,1628366|1628398|1628404|200746|200752|201158|201942|201988|202362|2544,200746|200752|201158|201942|201988,1628366|1628398|1628404|202362|2544,,,1610612759.0,21800082,True
2,PT01M45.00S,01:45,Q2 01:45,25.75,309,turnover,DeRozan Bad Pass Turnover (P2.T8),[],DeRozan,50,55,,False,False,201942.0,,rebound,steal,,,,1628366|1628398|1628404|200746|200752|201158|201942|201988|202362|2544,200746|200752|201158|201942|201988,1628366|1628398|1628404|202362|2544,,,1610612759.0,21800082,True
2,PT01M45.00S,01:45,Q2 01:45,25.75,309,steal,Stephenson STEAL (1 STL),[],Stephenson,50,55,,False,False,202362.0,,turnover,2pt made,,202362.0,,1628366|1628398|1628404|200746|200752|201158|201942|201988|202362|2544,1628366|1628398|1628404|202362|2544,200746|200752|201158|201942|201988,,,1610612747.0,21800082,True
2,PT01M41.00S,01:41,Q2 01:41,25.683333333333334,311,2pt,James 2' Running Dunk (13 PTS) (Ball 2 AST),['pointsinthepaint'],James,50,57,Made,True,True,2544.0,1628366.0,steal,foul,,,,1628366|1628398|1628404|200746|200752|201158|201942|201988|202362|2544,1628366|1628398|1628404|202362|2544,200746|200752|201158|201942|201988,7.0,14.0,1610612747.0,21800082,True
2,PT01M23.00S,01:23,Q2 01:23,25.383333333333333,313,foul,Kuzma P.FOUL (P2.T3) (J.DeRosa),['inpenalty'],Kuzma,50,57,,False,False,1628398.0,,2pt made,substitution,201158.0,,,1628366|1628398|1628404|200746|200752|201158|201942|201988|202362|2544,1628366|1628398|1628404|202362|2544,200746|200752|201158|201942|201988,,,1610612747.0,21800082,True
2,PT01M23.00S,01:23,Q2 01:23,25.383333333333333,315,substitution,SUB out: K. Kuzma,[],Kuzma,50,57,,False,False,1628398.0,,foul,substitution,,,,1628366|1628404|200746|200752|201158|201942|201988|202362|2544,1628366|1628404|202362|2544,200746|200752|201158|201942|201988,,,1610612747.0,21800082,False
2,PT01M23.00S,01:23,Q2 01:23,25.383333333333333,316,substitution,SUB in: J. Williams,[],Williams,50,57,,False,False,1629140.0,,substitution,2pt made,,,,1628366|1628404|1629140|200746|200752|201158|201942|201988|202362|2544,1628366|1628404|1629140|202362|2544,200746|200752|201158|201942|201988,,,1610612747.0,21800082,True
2,PT01M16.00S,01:16,Q2 01:16,25.266666666666666,317,2pt,Belinelli 1' Driving Finger Roll Layup (2 PTS) (Mills 1 AST),['pointsinthepaint'],Belinelli,52,57,Made,True,True,201158.0,201988.0,substitution,2pt missed,,,,1628366|1628404|1629140|200746|200752|201158|201942|201988|202362|2544,200746|200752|201158|201942|201988,1628366|1628404|1629140|202362|2544,-8.0,6.0,1610612759.0,21800082,True
2,PT01M06.00S,01:06,Q2 01:06,25.1,319,2pt,MISS Stephenson 18' Pullup Jump Shot,[],Stephenson,52,57,Missed,True,False,202362.0,,2pt made,rebound,,,,1628366|1628404|1629140|200746|200752|201158|201942|201988|202362|2544,1628366|1628404|1629140|202362|2544,200746|200752|201158|201942|201988,116.0,137.0,1610612747.0,21800082,True
2,PT01M03.00S,01:03,Q2 01:03,25.05,320,rebound,Williams REBOUND (Off:1 Def:1),[],Williams,52,57,,False,False,1629140.0,,2pt missed,3pt made,,,,1628366|1628404|1629140|200746|200752|201158|201942|201988|202362|2544,1628366|1628404|1629140|202362|2544,200746|200752|201158|201942|201988,,,1610612747.0,21800082,True
2,PT01M01.00S,01:01,Q2 01:01,25.016666666666666,321,3pt,Ball 27' 3PT Jump Shot (3 PTS) (Hart 1 AST),[],Ball,52,60,Made,True,True,1628366.0,1628404.0,rebound,3pt missed,,,,1628366|1628404|1629140|200746|200752|201158|201942|201988|202362|2544,1628366|1628404|1629140|202362|2544,200746|200752|201158|201942|201988,-52.0,260.0,1610612747.0,21800082,True
2,PT00M46.00S,00:46,Q2 00:46,24.766666666666666,323,3pt,MISS Belinelli 26' 3PT Pullup Jump Shot,[],Belinelli,52,60,Missed,True,False,201158.0,,3pt made,rebound,,,,1628366|1628404|1629140|200746|200752|201158|201942|201988|202362|2544,200746|200752|201158|201942|201988,1628366|1628404|1629140|202362|2544,-144.0,214.0,1610612759.0,21800082,True
2,PT00M42.80S,00:42,Q2 00:42,24.713333333333335,324,rebound,Stephenson REBOUND (Off:1 Def:6),[],Stephenson,52,60,,False,False,202362.0,,3pt missed,3pt missed,,,,1628366|1628404|1629140|200746|200752|201158|201942|201988|202362|2544,1628366|1628404|1629140|202362|2544,200746|200752|201158|201942|201988,,,1610612747.0,21800082,True
2,PT00M38.20S,00:38,Q2 00:38,24.636666666666667,325,3pt,MISS Hart 27' 3PT Pullup Jump Shot,[],Hart,52,60,Missed,True,False,1628404.0,,rebound,rebound,,,,1628366|1628404|1629140|200746|200752|201158|201942|201988|202362|2544,1628366|1628404|1629140|202362|2544,200746|200752|201158|201942|201988,134.0,230.0,1610612747.0,21800082,True
2,PT00M33.50S,00:33,Q2 00:33,24.558333333333334,326,rebound,Mills REBOUND (Off:0 Def:3),[],Mills,52,60,,False,False,201988.0,,3pt missed,foul,,,,1628366|1628404|1629140|200746|200752|201158|201942|201988|202362|2544,200746|200752|201158|201942|201988,1628366|1628404|1629140|202362|2544,,,1610612759.0,21800082,True
2,PT00M16.20S,00:16,Q2 00:16,24.27,327,foul,Stephenson S.FOUL (P3.PN) (J.Capers),['inpenalty'],Stephenson,52,60,,False,False,202362.0,,rebound,freethrow,201942.0,,,1628366|1628404|1629140|200746|200752|201158|201942|201988|202362|2544,1628366|1628404|1629140|202362|2544,200746|200752|201158|201942|201988,,,1610612747.0,21800082,True
2,PT00M16.20S,00:16,Q2 00:16,24.27,329,freethrow,DeRozan Free Throw 1 of 2 (15 PTS),[],DeRozan,53,60,Made,False,False,201942.0,,foul,freethrow,,,,1628366|1628404|1629140|200746|200752|201158|201942|201988|202362|2544,200746|200752|201158|201942|201988,1628366|1628404|1629140|202362|2544,,,1610612759.0,21800082,True
2,PT00M16.20S,00:16,Q2 00:16,24.27,332,freethrow,DeRozan Free Throw 2 of 2 (16 PTS),[],DeRozan,54,60,Made,False,False,201942.0,,freethrow,substitution,,,,1628366|1628404|1629140|200746|200752|201158|201942|201988|202362|2544,200746|200752|201158|201942|201988,1628366|1628404|1629140|202362|2544,,,1610612759.0,21800082,True
2,PT00M16.20S,00:16,Q2 00:16,24.27,330,substitution,SUB out: J. Williams,[],Williams,53,60,,False,False,1629140.0,,freethrow,substitution,,,,1628366|1628404|200746|200752|201158|201942|201988|202362|2544,1628366|1628404|202362|2544,200746|200752|201158|201942|201988,,,1610612747.0,21800082,False
2,PT00M16.20S,00:16,Q2 00:16,24.27,331,substitution,SUB in: K. Kuzma,[],Kuzma,53,60,,False,False,1628398.0,,substitution,3pt missed,,,,1628366|1628398|1628404|200746|200752|201158|201942|201988|202362|2544,1628366|1628398|1628404|202362|2544,200746|200752|201158|201942|201988,,,1610612747.0,21800082,True
2,PT00M01.60S,00:01,Q2 00:01,24.026666666666667,334,3pt,MISS Kuzma 26' 3PT Jump Shot,[],Kuzma,54,60,Missed,True,False,1628398.0,,substitution,rebound,,,,1628366|1628398|1628404|200746|200752|201158|201942|201988|202362|2544,1628366|1628398|1628404|202362|2544,200746|200752|201158|201942|201988,-129.0,225.0,1610612747.0,21800082,True
2,PT00M01.60S,00:01,Q2 00:01,24.026666666666667,335,rebound,DeRozan REBOUND (Off:0 Def:6),[],DeRozan,54,60,,False,False,201942.0,,3pt missed,period,,,,1628366|1628398|1628404|200746|200752|201158|201942|201988|202362|2544,200746|200752|201158|201942|201988,1628366|1628398|1628404|202362|2544,,,1610612759.0,21800082,True
2,PT00M00.00S,00:00,Q2 00:00,24.0,336,period,End of 2nd Period (9:39 PM EST),[],,54,60,,False,False,0.0,,rebound,period,,,,1628366|1628398|1628404|200746|200752|201158|201942|201988|202362|2544,200746|200752|201158|201942|201988,1628366|1628398|1628404|202362|2544,,,1610612759.0,21800082,True
3,PT12M00.00S,12:00,Q3 12:00,24.0,343,period,Start of 3rd Period (9:54 PM EST),[],,54,60,,False,False,0.0,,period,substitution,,,,1628366|1628398|1628404|200746|200752|201158|201942|201988|202362|2544,200746|200752|201158|201942|201988,1628366|1628398|1628404|202362|2544,,,1610612759.0,21800082,True
3,PT11M46.00S,11:46,Q3 11:46,23.766666666666666,344,2pt,DeRozan 13' Jump Shot (18 PTS) (Gay 2 AST),[],DeRozan,56,60,Made,True,True,201942.0,200752.0,substitution,2pt made,,,,1627854|1628366|1628398|1628404|200746|200752|201580|201942|201967|2544,1627854|200746|200752|201942|201967,1628366|1628398|1628404|201580|2544,-127.0,3.0,1610612759.0,21800082,True
3,PT11M25.00S,11:25,Q3 11:25,23.416666666666664,346,2pt,James Driving Layup (15 PTS),['pointsinthepaint'],James,56,62,Made,True,False,2544.0,,2pt made,foul,,,,1627854|1628366|1628398|1628404|200746|200752|201580|201942|201967|2544,1628366|1628398|1628404|201580|2544,1627854|200746|200752|201942|201967,-3.0,0.0,1610612747.0,21800082,True
3,PT11M08.00S,11:08,Q3 11:08,23.133333333333333,347,foul,Ball P.FOUL (P2.T1) (J.Capers),[],Ball,56,62,,False,False,1628366.0,,2pt made,2pt made,1627854.0,,,1627854|1628366|1628398|1628404|200746|200752|201580|201942|201967|2544,1628366|1628398|1628404|201580|2544,1627854|200746|200752|201942|201967,,,1610612747.0,21800082,True
3,PT10M59.00S,10:59,Q3 10:59,22.983333333333334,349,2pt,Forbes 1' Driving Finger Roll Layup (9 PTS) (DeRozan 4 AST),['pointsinthepaint'],Forbes,58,62,Made,True,True,1627854.0,201942.0,foul,foul,,,,1627854|1628366|1628398|1628404|200746|200752|201580|201942|201967|2544,1627854|200746|200752|201942|201967,1628366|1628398|1628404|201580|2544,-3.0,9.0,1610612759.0,21800082,True
3,PT10M59.00S,10:59,Q3 10:59,22.983333333333334,350,foul,Ball S.FOUL (P3.T2) (J.DeRosa),[],Ball,58,62,,False,False,1628366.0,,2pt made,freethrow,1627854.0,,,1627854|1628366|1628398|1628404|200746|200752|201580|201942|201967|2544,1628366|1628398|1628404|201580|2544,1627854|200746|200752|201942|201967,,,1610612747.0,21800082,True
3,PT10M59.00S,10:59,Q3 10:59,22.983333333333334,353,freethrow,MISS Forbes Free Throw 1 of 1,[],Forbes,58,62,Missed,False,False,1627854.0,,foul,rebound,,,,1627854|1628366|1628398|1628404|200746|200752|201580|201942|201967|2544,1627854|200746|200752|201942|201967,1628366|1628398|1628404|201580|2544,,,1610612759.0,21800082,True
3,PT10M59.00S,10:59,Q3 10:59,22.983333333333334,354,rebound,James REBOUND (Off:0 Def:5),[],James,58,62,,False,False,2544.0,,freethrow,2pt made,,,,1627854|1628366|1628398|1628404|200746|200752|201580|201942|201967|2544,1628366|1628398|1628404|201580|2544,1627854|200746|200752|201942|201967,,,1610612747.0,21800082,True
3,PT10M52.00S,10:52,Q3 10:52,22.866666666666667,355,2pt,James 18' Pullup Jump Shot (17 PTS),[],James,58,64,Made,True,False,2544.0,,rebound,foul,,,,1627854|1628366|1628398|1628404|200746|200752|201580|201942|201967|2544,1628366|1628398|1628404|201580|2544,1627854|200746|200752|201942|201967,-153.0,102.0,1610612747.0,21800082,True
3,PT10M41.00S,10:41,Q3 10:41,22.683333333333334,356,foul,Aldridge OFF.Foul (P2) (J.Capers),[],Aldridge,58,64,,False,False,200746.0,,2pt made,turnover,2544.0,,,1627854|1628366|1628398|1628404|200746|200752|201580|201942|201967|2544,1627854|200746|200752|201942|201967,1628366|1628398|1628404|201580|2544,,,1610612759.0,21800082,True
3,PT10M41.00S,10:41,Q3 10:41,22.683333333333334,358,turnover,Aldridge Offensive Foul Turnover (P3.T9),[],Aldridge,58,64,,False,False,200746.0,,foul,2pt missed,,,,1627854|1628366|1628398|1628404|200746|200752|201580|201942|201967|2544,1627854|200746|200752|201942|201967,1628366|1628398|1628404|201580|2544,,,1610612759.0,21800082,True
3,PT10M26.00S,10:26,Q3 10:26,22.433333333333334,360,2pt,MISS James 20' Pullup Jump Shot,[],James,58,64,Missed,True,False,2544.0,,turnover,rebound,,,,1627854|1628366|1628398|1628404|200746|200752|201580|201942|201967|2544,1628366|1628398|1628404|201580|2544,1627854|200746|200752|201942|201967,0.0,196.0,1610612747.0,21800082,True
3,PT10M22.00S,10:22,Q3 10:22,22.366666666666667,361,rebound,Gay REBOUND (Off:1 Def:5),[],Gay,58,64,,False,False,200752.0,,2pt missed,2pt made,,,,1627854|1628366|1628398|1628404|200746|200752|201580|201942|201967|2544,1627854|200746|200752|201942|201967,1628366|1628398|1628404|201580|2544,,,1610612759.0,21800082,True
3,PT10M15.00S,10:15,Q3 10:15,22.25,362,2pt,Aldridge 2' Cutting Finger Roll Layup Shot (12 PTS) (Gay 3 AST),['pointsinthepaint'],Aldridge,60,64,Made,True,True,200746.0,200752.0,rebound,foul,,,,1627854|1628366|1628398|1628404|200746|200752|201580|201942|201967|2544,1627854|200746|200752|201942|201967,1628366|1628398|1628404|201580|2544,5.0,21.0,1610612759.0,21800082,True
3,PT10M09.00S,10:09,Q3 10:09,22.15,364,foul,Aldridge S.FOUL (P3.T1) (G.Petraitis),[],Aldridge,60,64,,False,False,200746.0,,2pt made,freethrow,201580.0,,,1627854|1628366|1628398|1628404|200746|200752|201580|201942|201967|2544,1627854|200746|200752|201942|201967,1628366|1628398|1628404|201580|2544,,,1610612759.0,21800082,True
3,PT10M09.00S,10:09,Q3 10:09,22.15,366,freethrow,MISS McGee Free Throw 1 of 2,[],McGee,60,64,Missed,False,False,201580.0,,foul,rebound,,,,1627854|1628366|1628398|1628404|200746|200752|201580|201942|201967|2544,1628366|1628398|1628404|201580|2544,1627854|200746|200752|201942|201967,,,1610612747.0,21800082,True
3,PT10M09.00S,10:09,Q3 10:09,22.15,367,rebound,TEAM offensive REBOUND,['team'],,60,64,,False,False,0.0,,freethrow,freethrow,,,,1627854|1628366|1628398|1628404|200746|200752|201580|201942|201967|2544,1628366|1628398|1628404|201580|2544,1627854|200746|200752|201942|201967,,,1610612747.0,21800082,True
3,PT10M09.00S,10:09,Q3 10:09,22.15,368,freethrow,McGee Free Throw 2 of 2 (7 PTS),['2ndchance'],McGee,60,65,Made,False,False,201580.0,,rebound,2pt made,,,,1627854|1628366|1628398|1628404|200746|200752|201580|201942|201967|2544,1628366|1628398|1628404|201580|2544,1627854|200746|200752|201942|201967,,,1610612747.0,21800082,True
3,PT09M54.00S,09:54,Q3 09:54,21.9,369,2pt,Forbes 22' Pullup Jump Shot (11 PTS) (Aldridge 2 AST),[],Forbes,62,65,Made,True,True,1627854.0,200746.0,freethrow,2pt made,,,,1627854|1628366|1628398|1628404|200746|200752|201580|201942|201967|2544,1627854|200746|200752|201942|201967,1628366|1628398|1628404|201580|2544,133.0,170.0,1610612759.0,21800082,True
3,PT09M42.00S,09:42,Q3 09:42,21.7,370,2pt,McGee 13' Jump Shot (9 PTS) (Ball 3 AST),['pointsinthepaint'],McGee,62,67,Made,True,True,201580.0,1628366.0,2pt made,turnover,,,,1627854|1628366|1628398|1628404|200746|200752|201580|201942|201967|2544,1628366|1628398|1628404|201580|2544,1627854|200746|200752|201942|201967,-12.0,128.0,1610612747.0,21800082,True
3,PT09M34.00S,09:34,Q3 09:34,21.566666666666666,372,turnover,DeRozan Out of Bounds Lost Ball Turnover (P3.T10),[],DeRozan,62,67,,False,False,201942.0,,2pt made,3pt missed,,,,1627854|1628366|1628398|1628404|200746|200752|201580|201942|201967|2544,1627854|200746|200752|201942|201967,1628366|1628398|1628404|201580|2544,,,1610612759.0,21800082,True
3,PT09M17.00S,09:17,Q3 09:17,21.28333333333333,374,3pt,MISS Ball 3PT Jump Shot,[],Ball,62,67,Missed,True,False,1628366.0,,turnover,rebound,,,,1627854|1628366|1628398|1628404|200746|200752|201580|201942|201967|2544,1628366|1628398|1628404|201580|2544,1627854|200746|200752|201942|201967,-234.0,2.0,1610612747.0,21800082,True
3,PT09M13.00S,09:13,Q3 09:13,21.21666666666667,375,rebound,Cunningham REBOUND (Off:1 Def:2),[],Cunningham,62,67,,False,False,201967.0,,3pt missed,2pt missed,,,,1627854|1628366|1628398|1628404|200746|200752|201580|201942|201967|2544,1627854|200746|200752|201942|201967,1628366|1628398|1628404|201580|2544,,,1610612759.0,21800082,True
3,PT09M04.00S,09:04,Q3 09:04,21.066666666666666,376,2pt,MISS Forbes 24' Pullup Jump Shot,[],Forbes,62,67,Missed,True,False,1627854.0,,rebound,rebound,,,,1627854|1628366|1628398|1628404|200746|200752|201580|201942|201967|2544,1627854|200746|200752|201942|201967,1628366|1628398|1628404|201580|2544,-3.0,236.0,1610612759.0,21800082,True
3,PT09M01.00S,09:01,Q3 09:01,21.016666666666666,377,rebound,McGee REBOUND (Off:0 Def:3),[],McGee,62,67,,False,False,201580.0,,2pt missed,foul,,,,1627854|1628366|1628398|1628404|200746|200752|201580|201942|201967|2544,1628366|1628398|1628404|201580|2544,1627854|200746|200752|201942|201967,,,1610612747.0,21800082,True
3,PT09M01.00S,09:01,Q3 09:01,21.016666666666666,378,foul,Forbes P.FOUL (P2.T2) (J.Capers),[],Forbes,62,67,,False,False,1627854.0,,rebound,2pt made,2544.0,,,1627854|1628366|1628398|1628404|200746|200752|201580|201942|201967|2544,1627854|200746|200752|201942|201967,1628366|1628398|1628404|201580|2544,,,1610612759.0,21800082,True
3,PT08M53.00S,08:53,Q3 08:53,20.883333333333333,380,2pt,James 1' Driving Layup (19 PTS),['pointsinthepaint'],James,62,69,Made,True,False,2544.0,,foul,2pt made,,,,1627854|1628366|1628398|1628404|200746|200752|201580|201942|201967|2544,1628366|1628398|1628404|201580|2544,1627854|200746|200752|201942|201967,-7.0,7.0,1610612747.0,21800082,True
3,PT08M30.00S,08:30,Q3 08:30,20.5,381,2pt,Forbes 1' Driving Finger Roll Layup (13 PTS),['pointsinthepaint'],Forbes,64,69,Made,True,False,1627854.0,,2pt made,2pt missed,,,,1627854|1628366|1628398|1628404|200746|200752|201580|201942|201967|2544,1627854|200746|200752|201942|201967,1628366|1628398|1628404|201580|2544,-5.0,3.0,1610612759.0,21800082,True
3,PT08M17.00S,08:17,Q3 08:17,20.28333333333333,382,2pt,MISS Kuzma 2' Cutting Layup Shot,['pointsinthepaint'],Kuzma,64,69,Missed,True,False,1628398.0,,2pt made,block,,,,1627854|1628366|1628398|1628404|200746|200752|201580|201942|201967|2544,1628366|1628398|1628404|201580|2544,1627854|200746|200752|201942|201967,0.0,21.0,1610612747.0,21800082,True
3,PT08M17.00S,08:17,Q3 08:17,20.28333333333333,382,block,Aldridge BLOCK (1 BLK),[],Aldridge,64,69,,False,False,200746.0,,2pt missed,rebound,,,200746.0,1627854|1628366|1628398|1628404|200746|200752|201580|201942|201967|2544,1627854|200746|200752|201942|201967,1628366|1628398|1628404|201580|2544,,,1610612759.0,21800082,True
3,PT08M14.00S,08:14,Q3 08:14,20.233333333333334,384,rebound,Gay REBOUND (Off:1 Def:6),[],Gay,64,69,,False,False,200752.0,,block,3pt made,,,,1627854|1628366|1628398|1628404|200746|200752|201580|201942|201967|2544,1627854|200746|200752|201942|201967,1628366|1628398|1628404|201580|2544,,,1610612759.0,21800082,True
3,PT08M10.00S,08:10,Q3 08:10,20.166666666666664,385,3pt,Forbes 25' 3PT Step Back Jump Shot (16 PTS) (DeRozan 5 AST),[],Forbes,67,69,Made,True,True,1627854.0,201942.0,rebound,timeout,,,,1627854|1628366|1628398|1628404|200746|200752|201580|201942|201967|2544,1627854|200746|200752|201942|201967,1628366|1628398|1628404|201580|2544,-205.0,147.0,1610612759.0,21800082,True
3,PT08M09.00S,08:09,Q3 08:09,20.15,387,timeout,Lakers Timeout: Regular (Reg.3 Short 0),[],,67,69,,False,False,0.0,,3pt made,2pt made,,,,1627854|1628366|1628398|1628404|200746|200752|201580|201942|201967|2544,1628366|1628398|1628404|201580|2544,1627854|200746|200752|201942|201967,,,1610612747.0,21800082,True
3,PT07M51.00S,07:51,Q3 07:51,19.85,389,2pt,James 17' Fadeaway Jumper (21 PTS),[],James,67,71,Made,True,False,2544.0,,timeout,2pt made,,,,1627854|1628366|1628398|1628404|200746|200752|201580|201942|201967|2544,1628366|1628398|1628404|201580|2544,1627854|200746|200752|201942|201967,165.0,37.0,1610612747.0,21800082,True
3,PT07M32.00S,07:32,Q3 07:32,19.53333333333333,391,2pt,DeRozan 19' Step Back Jump Shot (20 PTS),[],DeRozan,69,71,Made,True,False,201942.0,,2pt made,turnover,,,,1627854|1628366|1628398|1628404|200746|200752|201580|201942|201967|2544,1627854|200746|200752|201942|201967,1628366|1628398|1628404|201580|2544,161.0,105.0,1610612759.0,21800082,True
3,PT07M23.00S,07:23,Q3 07:23,19.383333333333333,392,turnover,Ball Bad Pass Turnover (P2.T9),[],Ball,69,71,,False,False,1628366.0,,2pt made,steal,,,,1627854|1628366|1628398|1628404|200746|200752|201580|201942|201967|2544,1628366|1628398|1628404|201580|2544,1627854|200746|200752|201942|201967,,,1610612747.0,21800082,True
3,PT07M23.00S,07:23,Q3 07:23,19.383333333333333,392,steal,Forbes STEAL (2 STL),[],Forbes,69,71,,False,False,1627854.0,,turnover,3pt missed,,1627854.0,,1627854|1628366|1628398|1628404|200746|200752|201580|201942|201967|2544,1627854|200746|200752|201942|201967,1628366|1628398|1628404|201580|2544,,,1610612759.0,21800082,True
3,PT07M15.00S,07:15,Q3 07:15,19.25,394,3pt,MISS Cunningham 3PT Jump Shot,[],Cunningham,69,71,Missed,True,False,201967.0,,steal,rebound,,,,1627854|1628366|1628398|1628404|200746|200752|201580|201942|201967|2544,1627854|200746|200752|201942|201967,1628366|1628398|1628404|201580|2544,-223.0,-8.0,1610612759.0,21800082,True
3,PT07M10.00S,07:10,Q3 07:10,19.166666666666668,395,rebound,James REBOUND (Off:0 Def:6),[],James,69,71,,False,False,2544.0,,3pt missed,3pt missed,,,,1627854|1628366|1628398|1628404|200746|200752|201580|201942|201967|2544,1628366|1628398|1628404|201580|2544,1627854|200746|200752|201942|201967,,,1610612747.0,21800082,True
3,PT07M05.00S,07:05,Q3 07:05,19.083333333333332,396,3pt,MISS Ball 27' 3PT Pullup Jump Shot,[],Ball,69,71,Missed,True,False,1628366.0,,rebound,rebound,,,,1627854|1628366|1628398|1628404|200746|200752|201580|201942|201967|2544,1628366|1628398|1628404|201580|2544,1627854|200746|200752|201942|201967,-175.0,200.0,1610612747.0,21800082,True
3,PT07M00.00S,07:00,Q3 07:00,19.0,397,rebound,Cunningham REBOUND (Off:1 Def:3),[],Cunningham,69,71,,False,False,201967.0,,3pt missed,2pt made,,,,1627854|1628366|1628398|1628404|200746|200752|201580|201942|201967|2544,1627854|200746|200752|201942|201967,1628366|1628398|1628404|201580|2544,,,1610612759.0,21800082,True
3,PT06M52.00S,06:52,Q3 06:52,18.866666666666667,398,2pt,DeRozan 14' Turnaround Jump Shot (22 PTS),[],DeRozan,71,71,Made,True,False,201942.0,,rebound,3pt made,,,,1627854|1628366|1628398|1628404|200746|200752|201580|201942|201967|2544,1627854|200746|200752|201942|201967,1628366|1628398|1628404|201580|2544,-113.0,83.0,1610612759.0,21800082,True
3,PT06M42.00S,06:42,Q3 06:42,18.7,399,3pt,James 25' 3PT Pullup Jump Shot (24 PTS),[],James,71,74,Made,True,False,2544.0,,2pt made,2pt made,,,,1627854|1628366|1628398|1628404|200746|200752|201580|201942|201967|2544,1628366|1628398|1628404|201580|2544,1627854|200746|200752|201942|201967,-149.0,202.0,1610612747.0,21800082,True
3,PT06M19.00S,06:19,Q3 06:19,18.316666666666666,400,2pt,Cunningham 13' Jump Shot (4 PTS) (DeRozan 6 AST),['pointsinthepaint'],Cunningham,73,74,Made,True,True,201967.0,201942.0,3pt made,2pt missed,,,,1627854|1628366|1628398|1628404|200746|200752|201580|201942|201967|2544,1627854|200746|200752|201942|201967,1628366|1628398|1628404|201580|2544,-57.0,117.0,1610612759.0,21800082,True
3,PT06M04.00S,06:04,Q3 06:04,18.066666666666666,402,2pt,MISS James 10' Driving Floating Bank Jump Shot,['pointsinthepaint'],James,73,74,Missed,True,False,2544.0,,2pt made,rebound,,,,1627854|1628366|1628398|1628404|200746|200752|201580|201942|201967|2544,1628366|1628398|1628404|201580|2544,1627854|200746|200752|201942|201967,-3.0,104.0,1610612747.0,21800082,True
3,PT06M04.00S,06:04,Q3 06:04,18.066666666666666,403,rebound,James REBOUND (Off:1 Def:6),[],James,73,74,,False,False,2544.0,,2pt missed,2pt made,,,,1627854|1628366|1628398|1628404|200746|200752|201580|201942|201967|2544,1628366|1628398|1628404|201580|2544,1627854|200746|200752|201942|201967,,,1610612747.0,21800082,True
3,PT05M59.00S,05:59,Q3 05:59,17.983333333333334,404,2pt,James 1' Putback Layup (26 PTS),['pointsinthepaint'],James,73,76,Made,True,False,2544.0,,rebound,2pt made,,,,1627854|1628366|1628398|1628404|200746|200752|201580|201942|201967|2544,1628366|1628398|1628404|201580|2544,1627854|200746|200752|201942|201967,0.0,-6.0,1610612747.0,21800082,True
3,PT05M40.00S,05:40,Q3 05:40,17.666666666666668,405,2pt,Gay 12' Pullup Jump Shot (7 PTS),['pointsinthepaint'],Gay,75,76,Made,True,False,200752.0,,2pt made,3pt missed,,,,1627854|1628366|1628398|1628404|200746|200752|201580|201942|201967|2544,1627854|200746|200752|201942|201967,1628366|1628398|1628404|201580|2544,28.0,115.0,1610612759.0,21800082,True
3,PT05M16.00S,05:16,Q3 05:16,17.266666666666666,406,3pt,MISS Hart 25' 3PT Pullup Jump Shot,[],Hart,75,76,Missed,True,False,1628404.0,,2pt made,rebound,,,,1627854|1628366|1628398|1628404|200746|200752|201580|201942|201967|2544,1628366|1628398|1628404|201580|2544,1627854|200746|200752|201942|201967,-228.0,102.0,1610612747.0,21800082,True
3,PT05M13.00S,05:13,Q3 05:13,17.21666666666667,407,rebound,DeRozan REBOUND (Off:0 Def:7),[],DeRozan,75,76,,False,False,201942.0,,3pt missed,2pt missed,,,,1627854|1628366|1628398|1628404|200746|200752|201580|201942|201967|2544,1627854|200746|200752|201942|201967,1628366|1628398|1628404|201580|2544,,,1610612759.0,21800082,True
3,PT05M01.00S,05:01,Q3 05:01,17.016666666666666,408,2pt,MISS Gay 8' Pullup Jump Shot,['pointsinthepaint'],Gay,75,76,Missed,True,False,200752.0,,rebound,block,,,,1627854|1628366|1628398|1628404|200746|200752|201580|201942|201967|2544,1627854|200746|200752|201942|201967,1628366|1628398|1628404|201580|2544,16.0,79.0,1610612759.0,21800082,True
3,PT05M01.00S,05:01,Q3 05:01,17.016666666666666,408,block,McGee BLOCK (3 BLK),[],McGee,75,76,,False,False,201580.0,,2pt missed,rebound,,,201580.0,1627854|1628366|1628398|1628404|200746|200752|201580|201942|201967|2544,1628366|1628398|1628404|201580|2544,1627854|200746|200752|201942|201967,,,1610612747.0,21800082,True
3,PT04M55.00S,04:55,Q3 04:55,16.916666666666668,410,rebound,James REBOUND (Off:1 Def:7),[],James,75,76,,False,False,2544.0,,block,3pt made,,,,1627854|1628366|1628398|1628404|200746|200752|201580|201942|201967|2544,1628366|1628398|1628404|201580|2544,1627854|200746|200752|201942|201967,,,1610612747.0,21800082,True
3,PT04M53.00S,04:53,Q3 04:53,16.883333333333333,411,3pt,Hart 25' 3PT Jump Shot (5 PTS) (Kuzma 1 AST),[],Hart,75,79,Made,True,True,1628404.0,1628398.0,rebound,timeout,,,,1627854|1628366|1628398|1628404|200746|200752|201580|201942|201967|2544,1628366|1628398|1628404|201580|2544,1627854|200746|200752|201942|201967,149.0,195.0,1610612747.0,21800082,True
3,PT04M53.00S,04:53,Q3 04:53,16.883333333333333,413,timeout,SPURS Timeout: Regular (Full 3 Short 0),[],,75,79,,False,False,0.0,,3pt made,substitution,,,,1627854|1628366|1628398|1628404|200746|200752|201580|201942|201967|2544,1627854|200746|200752|201942|201967,1628366|1628398|1628404|201580|2544,,,1610612759.0,21800082,True
3,PT04M53.00S,04:53,Q3 04:53,16.883333333333333,414,substitution,SUB out: R. Gay,[],Gay,75,79,,False,False,200752.0,,timeout,substitution,,,,1627854|1628366|1628398|1628404|200746|201580|201942|201967|2544,1627854|200746|201942|201967,1628366|1628398|1628404|201580|2544,,,1610612759.0,21800082,False
3,PT04M53.00S,04:53,Q3 04:53,16.883333333333333,415,substitution,SUB out: B. Forbes,[],Forbes,75,79,,False,False,1627854.0,,substitution,substitution,,,,1628366|1628398|1628404|200746|201580|201942|201967|2544,200746|201942|201967,1628366|1628398|1628404|201580|2544,,,1610612759.0,21800082,False
3,PT04M53.00S,04:53,Q3 04:53,16.883333333333333,416,substitution,SUB out: L. Ball,[],Ball,75,79,,False,False,1628366.0,,substitution,substitution,,,,1628398|1628404|200746|201580|201942|201967|2544,1628398|1628404|201580|2544,200746|201942|201967,,,1610612747.0,21800082,False
3,PT04M53.00S,04:53,Q3 04:53,16.883333333333333,417,substitution,SUB out: L. James,[],James,75,79,,False,False,2544.0,,substitution,substitution,,,,1628398|1628404|200746|201580|201942|201967,1628398|1628404|201580,200746|201942|201967,,,1610612747.0,21800082,False
3,PT04M53.00S,04:53,Q3 04:53,16.883333333333333,418,substitution,SUB out: J. McGee,[],McGee,75,79,,False,False,201580.0,,substitution,substitution,,,,1628398|1628404|200746|201942|201967,1628398|1628404,200746|201942|201967,,,1610612747.0,21800082,False
3,PT04M53.00S,04:53,Q3 04:53,16.883333333333333,419,substitution,SUB in: M. Belinelli,[],Belinelli,75,79,,False,False,201158.0,,substitution,substitution,,,,1628398|1628404|200746|201158|201942|201967,200746|201158|201942|201967,1628398|1628404,,,1610612759.0,21800082,False
3,PT04M53.00S,04:53,Q3 04:53,16.883333333333333,420,substitution,SUB in: P. Mills,[],Mills,75,79,,False,False,201988.0,,substitution,substitution,,,,1628398|1628404|200746|201158|201942|201967|201988,200746|201158|201942|201967|201988,1628398|1628404,,,1610612759.0,21800082,False
3,PT04M53.00S,04:53,Q3 04:53,16.883333333333333,421,substitution,SUB in: J. Williams,[],Williams,75,79,,False,False,1629140.0,,substitution,substitution,,,,1628398|1628404|1629140|200746|201158|201942|201967|201988,1628398|1628404|1629140,200746|201158|201942|201967|201988,,,1610612747.0,21800082,False
3,PT04M53.00S,04:53,Q3 04:53,16.883333333333333,422,substitution,SUB in: L. Stephenson,[],Stephenson,75,79,,False,False,202362.0,,substitution,substitution,,,,1628398|1628404|1629140|200746|201158|201942|201967|201988|202362,1628398|1628404|1629140|202362,200746|201158|201942|201967|201988,,,1610612747.0,21800082,False
3,PT04M53.00S,04:53,Q3 04:53,16.883333333333333,423,substitution,SUB in: R. Rondo,[],Rondo,75,79,,False,False,200765.0,,substitution,2pt missed,,,,1628398|1628404|1629140|200746|200765|201158|201942|201967|201988|202362,1628398|1628404|1629140|200765|202362,200746|201158|201942|201967|201988,,,1610612747.0,21800082,True
3,PT04M36.00S,04:36,Q3 04:36,16.6,424,2pt,MISS Aldridge 1' Hook Shot,['pointsinthepaint'],Aldridge,75,79,Missed,True,False,200746.0,,substitution,rebound,,,,1628398|1628404|1629140|200746|200765|201158|201942|201967|201988|202362,200746|201158|201942|201967|201988,1628398|1628404|1629140|200765|202362,-9.0,-1.0,1610612759.0,21800082,True
3,PT04M34.00S,04:34,Q3 04:34,16.566666666666666,425,rebound,Stephenson REBOUND (Off:1 Def:7),[],Stephenson,75,79,,False,False,202362.0,,2pt missed,2pt missed,,,,1628398|1628404|1629140|200746|200765|201158|201942|201967|201988|202362,1628398|1628404|1629140|200765|202362,200746|201158|201942|201967|201988,,,1610612747.0,21800082,True
3,PT04M11.00S,04:11,Q3 04:11,16.183333333333334,426,2pt,MISS Hart 12' Turnaround Jump Shot,[],Hart,75,79,Missed,True,False,1628404.0,,rebound,rebound,,,,1628398|1628404|1629140|200746|200765|201158|201942|201967|201988|202362,1628398|1628404|1629140|200765|202362,200746|201158|201942|201967|201988,-123.0,15.0,1610612747.0,21800082,True
3,PT04M09.00S,04:09,Q3 04:09,16.15,427,rebound,Aldridge REBOUND (Off:1 Def:2),[],Aldridge,75,79,,False,False,200746.0,,2pt missed,2pt missed,,,,1628398|1628404|1629140|200746|200765|201158|201942|201967|201988|202362,200746|201158|201942|201967|201988,1628398|1628404|1629140|200765|202362,,,1610612759.0,21800082,True
3,PT03M55.00S,03:55,Q3 03:55,15.916666666666666,428,2pt,MISS Cunningham 16' Jump Shot,[],Cunningham,75,79,Missed,True,False,201967.0,,rebound,rebound,,,,1628398|1628404|1629140|200746|200765|201158|201942|201967|201988|202362,200746|201158|201942|201967|201988,1628398|1628404|1629140|200765|202362,2.0,164.0,1610612759.0,21800082,True
3,PT03M51.00S,03:51,Q3 03:51,15.85,429,rebound,Williams REBOUND (Off:1 Def:2),[],Williams,75,79,,False,False,1629140.0,,2pt missed,2pt made,,,,1628398|1628404|1629140|200746|200765|201158|201942|201967|201988|202362,1628398|1628404|1629140|200765|202362,200746|201158|201942|201967|201988,,,1610612747.0,21800082,True
3,PT03M41.00S,03:41,Q3 03:41,15.683333333333334,430,2pt,Kuzma 10' Turnaround Hook Shot (15 PTS),['pointsinthepaint'],Kuzma,75,81,Made,True,False,1628398.0,,rebound,turnover,,,,1628398|1628404|1629140|200746|200765|201158|201942|201967|201988|202362,1628398|1628404|1629140|200765|202362,200746|201158|201942|201967|201988,-30.0,91.0,1610612747.0,21800082,True
3,PT03M27.00S,03:27,Q3 03:27,15.45,431,turnover,Aldridge Out of Bounds Lost Ball Turnover (P4.T11),[],Aldridge,75,81,,False,False,200746.0,,2pt made,substitution,,,,1628398|1628404|1629140|200746|200765|201158|201942|201967|201988|202362,200746|201158|201942|201967|201988,1628398|1628404|1629140|200765|202362,,,1610612759.0,21800082,True
3,PT03M27.00S,03:27,Q3 03:27,15.45,432,substitution,SUB out: L. Aldridge,[],Aldridge,75,81,,False,False,200746.0,,turnover,substitution,,,,1628398|1628404|1629140|200765|201158|201942|201967|201988|202362,201158|201942|201967|201988,1628398|1628404|1629140|200765|202362,,,1610612759.0,21800082,False
3,PT03M27.00S,03:27,Q3 03:27,15.45,433,substitution,SUB out: D. Cunningham,[],Cunningham,75,81,,False,False,201967.0,,substitution,substitution,,,,1628398|1628404|1629140|200765|201158|201942|201988|202362,201158|201942|201988,1628398|1628404|1629140|200765|202362,,,1610612759.0,21800082,False
3,PT03M27.00S,03:27,Q3 03:27,15.45,434,substitution,SUB in: P. Gasol,[],Gasol,75,81,,False,False,2200.0,,substitution,substitution,,,,1628398|1628404|1629140|200765|201158|201942|201988|202362|2200,201158|201942|201988|2200,1628398|1628404|1629140|200765|202362,,,1610612759.0,21800082,False
3,PT03M27.00S,03:27,Q3 03:27,15.45,435,substitution,SUB in: D. Bertans,[],Bertans,75,81,,False,False,202722.0,,substitution,foul,,,,1628398|1628404|1629140|200765|201158|201942|201988|202362|202722|2200,201158|201942|201988|202722|2200,1628398|1628404|1629140|200765|202362,,,1610612759.0,21800082,True
3,PT03M18.00S,03:18,Q3 03:18,15.3,436,foul,Mills S.FOUL (P1.T3) (G.Petraitis),[],Mills,75,81,,False,False,201988.0,,substitution,freethrow,200765.0,,,1628398|1628404|1629140|200765|201158|201942|201988|202362|202722|2200,201158|201942|201988|202722|2200,1628398|1628404|1629140|200765|202362,,,1610612759.0,21800082,True
3,PT03M18.00S,03:18,Q3 03:18,15.3,438,freethrow,Rondo Free Throw 1 of 2 (8 PTS),[],Rondo,75,82,Made,False,False,200765.0,,foul,freethrow,,,,1628398|1628404|1629140|200765|201158|201942|201988|202362|202722|2200,1628398|1628404|1629140|200765|202362,201158|201942|201988|202722|2200,,,1610612747.0,21800082,True
3,PT03M18.00S,03:18,Q3 03:18,15.3,443,freethrow,Rondo Free Throw 2 of 2 (9 PTS),[],Rondo,75,83,Made,False,False,200765.0,,freethrow,substitution,,,,1628398|1628404|1629140|200765|201158|201942|201988|202362|202722|2200,1628398|1628404|1629140|200765|202362,201158|201942|201988|202722|2200,,,1610612747.0,21800082,True
3,PT03M18.00S,03:18,Q3 03:18,15.3,439,substitution,SUB out: D. DeRozan,[],DeRozan,75,82,,False,False,201942.0,,freethrow,substitution,,,,1628398|1628404|1629140|200765|201158|201988|202362|202722|2200,201158|201988|202722|2200,1628398|1628404|1629140|200765|202362,,,1610612759.0,21800082,False
3,PT03M18.00S,03:18,Q3 03:18,15.3,440,substitution,SUB out: J. Hart,[],Hart,75,82,,False,False,1628404.0,,substitution,substitution,,,,1628398|1629140|200765|201158|201988|202362|202722|2200,1628398|1629140|200765|202362,201158|201988|202722|2200,,,1610612747.0,21800082,False
3,PT03M18.00S,03:18,Q3 03:18,15.3,441,substitution,SUB in: R. Gay,[],Gay,75,82,,False,False,200752.0,,substitution,substitution,,,,1628398|1629140|200752|200765|201158|201988|202362|202722|2200,200752|201158|201988|202722|2200,1628398|1629140|200765|202362,,,1610612759.0,21800082,False
3,PT03M18.00S,03:18,Q3 03:18,15.3,442,substitution,SUB in: K. Caldwell-Pope,[],Caldwell-Pope,75,82,,False,False,203484.0,,substitution,foul,,,,1628398|1629140|200752|200765|201158|201988|202362|202722|203484|2200,1628398|1629140|200765|202362|203484,200752|201158|201988|202722|2200,,,1610612747.0,21800082,True
3,PT03M10.00S,03:10,Q3 03:10,15.166666666666666,444,foul,Caldwell-Pope S.FOUL (P1.T3) (J.Capers),[],Caldwell-Pope,75,83,,False,False,203484.0,,substitution,freethrow,201158.0,,,1628398|1629140|200752|200765|201158|201988|202362|202722|203484|2200,1628398|1629140|200765|202362|203484,200752|201158|201988|202722|2200,,,1610612747.0,21800082,True
3,PT03M10.00S,03:10,Q3 03:10,15.166666666666666,447,freethrow,Belinelli Free Throw 1 of 2 (3 PTS),[],Belinelli,76,83,Made,False,False,201158.0,,foul,freethrow,,,,1628398|1629140|200752|200765|201158|201988|202362|202722|203484|2200,200752|201158|201988|202722|2200,1628398|1629140|200765|202362|203484,,,1610612759.0,21800082,True
3,PT03M10.00S,03:10,Q3 03:10,15.166666666666666,448,freethrow,Belinelli Free Throw 2 of 2 (4 PTS),[],Belinelli,77,83,Made,False,False,201158.0,,freethrow,3pt made,,,,1628398|1629140|200752|200765|201158|201988|202362|202722|203484|2200,200752|201158|201988|202722|2200,1628398|1629140|200765|202362|203484,,,1610612759.0,21800082,True
3,PT02M58.00S,02:58,Q3 02:58,14.966666666666667,449,3pt,Rondo 26' 3PT Jump Shot (12 PTS) (Williams 1 AST),[],Rondo,77,86,Made,True,True,200765.0,1629140.0,freethrow,2pt missed,,,,1628398|1629140|200752|200765|201158|201988|202362|202722|203484|2200,1628398|1629140|200765|202362|203484,200752|201158|201988|202722|2200,-128.0,232.0,1610612747.0,21800082,True
3,PT02M43.00S,02:43,Q3 02:43,14.716666666666667,451,2pt,MISS Mills 3' Alley Oop Layup,['pointsinthepaint'],Mills,77,86,Missed,True,False,201988.0,,3pt made,rebound,,,,1628398|1629140|200752|200765|201158|201988|202362|202722|203484|2200,200752|201158|201988|202722|2200,1628398|1629140|200765|202362|203484,3.0,25.0,1610612759.0,21800082,True
3,PT02M40.00S,02:40,Q3 02:40,14.666666666666666,452,rebound,Kuzma REBOUND (Off:1 Def:2),[],Kuzma,77,86,,False,False,1628398.0,,2pt missed,2pt made,,,,1628398|1629140|200752|200765|201158|201988|202362|202722|203484|2200,1628398|1629140|200765|202362|203484,200752|201158|201988|202722|2200,,,1610612747.0,21800082,True
3,PT02M32.00S,02:32,Q3 02:32,14.533333333333333,453,2pt,Williams 2' Cutting Finger Roll Layup Shot (4 PTS) (Rondo 3 AST),['pointsinthepaint'],Williams,77,88,Made,True,True,1629140.0,200765.0,rebound,2pt missed,,,,1628398|1629140|200752|200765|201158|201988|202362|202722|203484|2200,1628398|1629140|200765|202362|203484,200752|201158|201988|202722|2200,-12.0,13.0,1610612747.0,21800082,True
3,PT02M12.00S,02:12,Q3 02:12,14.2,455,2pt,MISS Gay 14' Pullup Jump Shot,[],Gay,77,88,Missed,True,False,200752.0,,2pt made,rebound,,,,1628398|1629140|200752|200765|201158|201988|202362|202722|203484|2200,200752|201158|201988|202722|2200,1628398|1629140|200765|202362|203484,16.0,138.0,1610612759.0,21800082,True
3,PT02M11.00S,02:11,Q3 02:11,14.183333333333334,456,rebound,Gay REBOUND (Off:2 Def:6),[],Gay,77,88,,False,False,200752.0,,2pt missed,2pt made,,,,1628398|1629140|200752|200765|201158|201988|202362|202722|203484|2200,200752|201158|201988|202722|2200,1628398|1629140|200765|202362|203484,,,1610612759.0,21800082,True
3,PT02M11.00S,02:11,Q3 02:11,14.183333333333334,457,2pt,Gay 1' Putback Layup (9 PTS),['pointsinthepaint'],Gay,79,88,Made,True,False,200752.0,,rebound,foul,,,,1628398|1629140|200752|200765|201158|201988|202362|202722|203484|2200,200752|201158|201988|202722|2200,1628398|1629140|200765|202362|203484,1.0,9.0,1610612759.0,21800082,True
3,PT02M11.00S,02:11,Q3 02:11,14.183333333333334,458,foul,Rondo S.FOUL (P3.T4) (J.DeRosa),[],Rondo,79,88,,False,False,200765.0,,2pt made,freethrow,200752.0,,,1628398|1629140|200752|200765|201158|201988|202362|202722|203484|2200,1628398|1629140|200765|202362|203484,200752|201158|201988|202722|2200,,,1610612747.0,21800082,True
3,PT02M11.00S,02:11,Q3 02:11,14.183333333333334,462,freethrow,Gay Free Throw 1 of 1 (10 PTS),[],Gay,80,88,Made,False,False,200752.0,,foul,substitution,,,,1628398|1629140|200752|200765|201158|201988|202362|202722|203484|2200,200752|201158|201988|202722|2200,1628398|1629140|200765|202362|203484,,,1610612759.0,21800082,True
3,PT02M11.00S,02:11,Q3 02:11,14.183333333333334,460,substitution,SUB out: K. Kuzma,[],Kuzma,79,88,,False,False,1628398.0,,freethrow,substitution,,,,1629140|200752|200765|201158|201988|202362|202722|203484|2200,1629140|200765|202362|203484,200752|201158|201988|202722|2200,,,1610612747.0,21800082,False
3,PT02M11.00S,02:11,Q3 02:11,14.183333333333334,461,substitution,SUB in: J. Hart,[],Hart,79,88,,False,False,1628404.0,,substitution,turnover,,,,1628404|1629140|200752|200765|201158|201988|202362|202722|203484|2200,1628404|1629140|200765|202362|203484,200752|201158|201988|202722|2200,,,1610612747.0,21800082,True
3,PT01M51.00S,01:51,Q3 01:51,13.85,463,turnover,Rondo Bad Pass Turnover (P1.T10),[],Rondo,80,88,,False,False,200765.0,,substitution,steal,,,,1628404|1629140|200752|200765|201158|201988|202362|202722|203484|2200,1628404|1629140|200765|202362|203484,200752|201158|201988|202722|2200,,,1610612747.0,21800082,True
3,PT01M51.00S,01:51,Q3 01:51,13.85,463,steal,Gay STEAL (1 STL),[],Gay,80,88,,False,False,200752.0,,turnover,foul,,200752.0,,1628404|1629140|200752|200765|201158|201988|202362|202722|203484|2200,200752|201158|201988|202722|2200,1628404|1629140|200765|202362|203484,,,1610612759.0,21800082,True
3,PT01M49.00S,01:49,Q3 01:49,13.816666666666666,465,foul,Stephenson P.FOUL (P4.PN) (J.DeRosa),['inpenalty'],Stephenson,80,88,,False,False,202362.0,,steal,freethrow,200752.0,,,1628404|1629140|200752|200765|201158|201988|202362|202722|203484|2200,1628404|1629140|200765|202362|203484,200752|201158|201988|202722|2200,,,1610612747.0,21800082,True
3,PT01M49.00S,01:49,Q3 01:49,13.816666666666666,467,freethrow,Gay Free Throw 1 of 2 (11 PTS),[],Gay,81,88,Made,False,False,200752.0,,foul,freethrow,,,,1628404|1629140|200752|200765|201158|201988|202362|202722|203484|2200,200752|201158|201988|202722|2200,1628404|1629140|200765|202362|203484,,,1610612759.0,21800082,True
3,PT01M49.00S,01:49,Q3 01:49,13.816666666666666,468,freethrow,Gay Free Throw 2 of 2 (12 PTS),[],Gay,82,88,Made,False,False,200752.0,,freethrow,2pt missed,,,,1628404|1629140|200752|200765|201158|201988|202362|202722|203484|2200,200752|201158|201988|202722|2200,1628404|1629140|200765|202362|203484,,,1610612759.0,21800082,True
3,PT01M39.00S,01:39,Q3 01:39,13.65,469,2pt,MISS Stephenson 2' Driving Layup,['pointsinthepaint'],Stephenson,82,88,Missed,True,False,202362.0,,freethrow,rebound,,,,1628404|1629140|200752|200765|201158|201988|202362|202722|203484|2200,1628404|1629140|200765|202362|203484,200752|201158|201988|202722|2200,6.0,18.0,1610612747.0,21800082,True
3,PT01M32.00S,01:32,Q3 01:32,13.533333333333333,470,rebound,Williams REBOUND (Off:2 Def:2),[],Williams,82,88,,False,False,1629140.0,,2pt missed,2pt missed,,,,1628404|1629140|200752|200765|201158|201988|202362|202722|203484|2200,1628404|1629140|200765|202362|203484,200752|201158|201988|202722|2200,,,1610612747.0,21800082,True
3,PT01M32.00S,01:32,Q3 01:32,13.533333333333333,471,2pt,MISS Williams 1' Putback Layup,['pointsinthepaint'],Williams,82,88,Missed,True,False,1629140.0,,rebound,block,,,,1628404|1629140|200752|200765|201158|201988|202362|202722|203484|2200,1628404|1629140|200765|202362|203484,200752|201158|201988|202722|2200,0.0,-6.0,1610612747.0,21800082,True
3,PT01M32.00S,01:32,Q3 01:32,13.533333333333333,471,block,Gay BLOCK (1 BLK),[],Gay,82,88,,False,False,200752.0,,2pt missed,rebound,,,200752.0,1628404|1629140|200752|200765|201158|201988|202362|202722|203484|2200,200752|201158|201988|202722|2200,1628404|1629140|200765|202362|203484,,,1610612759.0,21800082,True
3,PT01M30.00S,01:30,Q3 01:30,13.5,473,rebound,Gay REBOUND (Off:2 Def:7),[],Gay,82,88,,False,False,200752.0,,block,turnover,,,,1628404|1629140|200752|200765|201158|201988|202362|202722|203484|2200,200752|201158|201988|202722|2200,1628404|1629140|200765|202362|203484,,,1610612759.0,21800082,True
3,PT01M27.00S,01:27,Q3 01:27,13.45,474,turnover,Mills Traveling Turnover (P1.T12),[],Mills,82,88,,False,False,201988.0,,rebound,2pt missed,,,,1628404|1629140|200752|200765|201158|201988|202362|202722|203484|2200,200752|201158|201988|202722|2200,1628404|1629140|200765|202362|203484,,,1610612759.0,21800082,True
3,PT01M14.00S,01:14,Q3 01:14,13.233333333333334,475,2pt,MISS Stephenson 21' Step Back Jump Shot,[],Stephenson,82,88,Missed,True,False,202362.0,,turnover,rebound,,,,1628404|1629140|200752|200765|201158|201988|202362|202722|203484|2200,1628404|1629140|200765|202362|203484,200752|201158|201988|202722|2200,-40.0,202.0,1610612747.0,21800082,True
3,PT01M11.00S,01:11,Q3 01:11,13.183333333333334,476,rebound,Rondo REBOUND (Off:1 Def:0),[],Rondo,82,88,,False,False,200765.0,,2pt missed,2pt missed,,,,1628404|1629140|200752|200765|201158|201988|202362|202722|203484|2200,1628404|1629140|200765|202362|203484,200752|201158|201988|202722|2200,,,1610612747.0,21800082,True
3,PT01M07.00S,01:07,Q3 01:07,13.116666666666667,477,2pt,MISS Rondo 2' Driving Reverse Layup,['pointsinthepaint'],Rondo,82,88,Missed,True,False,200765.0,,rebound,block,,,,1628404|1629140|200752|200765|201158|201988|202362|202722|203484|2200,1628404|1629140|200765|202362|203484,200752|201158|201988|202722|2200,-14.0,8.0,1610612747.0,21800082,True
3,PT01M07.00S,01:07,Q3 01:07,13.116666666666667,477,block,Gay BLOCK (2 BLK),[],Gay,82,88,,False,False,200752.0,,2pt missed,rebound,,,200752.0,1628404|1629140|200752|200765|201158|201988|202362|202722|203484|2200,200752|201158|201988|202722|2200,1628404|1629140|200765|202362|203484,,,1610612759.0,21800082,True
3,PT01M07.00S,01:07,Q3 01:07,13.116666666666667,479,rebound,Gay REBOUND (Off:2 Def:8),[],Gay,82,88,,False,False,200752.0,,block,2pt missed,,,,1628404|1629140|200752|200765|201158|201988|202362|202722|203484|2200,200752|201158|201988|202722|2200,1628404|1629140|200765|202362|203484,,,1610612759.0,21800082,True
3,PT00M56.40S,00:56,Q3 00:56,12.94,480,2pt,MISS Belinelli 14' Pullup Jump Shot,[],Belinelli,82,88,Missed,True,False,201158.0,,rebound,rebound,,,,1628404|1629140|200752|200765|201158|201988|202362|202722|203484|2200,200752|201158|201988|202722|2200,1628404|1629140|200765|202362|203484,-120.0,78.0,1610612759.0,21800082,True
3,PT00M56.40S,00:56,Q3 00:56,12.94,481,rebound,TEAM defensive REBOUND,['team'],,82,88,,False,False,0.0,,2pt missed,foul,,,,1628404|1629140|200752|200765|201158|201988|202362|202722|203484|2200,1628404|1629140|200765|202362|203484,200752|201158|201988|202722|2200,,,1610612747.0,21800082,True
3,PT00M56.40S,00:56,Q3 00:56,12.94,482,foul,Gasol L.B.FOUL (P1.T4) (J.Capers),['inpenalty'],Gasol,82,88,,False,False,2200.0,,rebound,2pt missed,203484.0,,,1628404|1629140|200752|200765|201158|201988|202362|202722|203484|2200,200752|201158|201988|202722|2200,1628404|1629140|200765|202362|203484,,,1610612759.0,21800082,True
3,PT00M41.20S,00:41,Q3 00:41,12.686666666666667,484,2pt,MISS Caldwell-Pope 18' Pullup Jump Shot,[],Caldwell-Pope,82,88,Missed,True,False,203484.0,,foul,rebound,,,,1628404|1629140|200752|200765|201158|201988|202362|202722|203484|2200,1628404|1629140|200765|202362|203484,200752|201158|201988|202722|2200,-116.0,144.0,1610612747.0,21800082,True
3,PT00M37.40S,00:37,Q3 00:37,12.623333333333333,485,rebound,Gasol REBOUND (Off:2 Def:3),[],Gasol,82,88,,False,False,2200.0,,2pt missed,3pt made,,,,1628404|1629140|200752|200765|201158|201988|202362|202722|203484|2200,200752|201158|201988|202722|2200,1628404|1629140|200765|202362|203484,,,1610612759.0,21800082,True
3,PT00M32.10S,00:32,Q3 00:32,12.535,486,3pt,Mills 27' 3PT Pullup Jump Shot (10 PTS),[],Mills,85,88,Made,True,False,201988.0,,rebound,foul,,,,1628404|1629140|200752|200765|201158|201988|202362|202722|203484|2200,200752|201158|201988|202722|2200,1628404|1629140|200765|202362|203484,55.0,260.0,1610612759.0,21800082,True
3,PT00M15.60S,00:15,Q3 00:15,12.26,487,foul,Hart Offensive Charge Foul (P1.PN) (J.Capers),[],Hart,85,88,,False,False,1628404.0,,3pt made,turnover,200752.0,,,1628404|1629140|200752|200765|201158|201988|202362|202722|203484|2200,1628404|1629140|200765|202362|203484,200752|201158|201988|202722|2200,,,1610612747.0,21800082,True
3,PT00M15.60S,00:15,Q3 00:15,12.26,489,turnover,Hart Offensive Foul Turnover (P1.T11),[],Hart,85,88,,False,False,1628404.0,,foul,2pt missed,,,,1628404|1629140|200752|200765|201158|201988|202362|202722|203484|2200,1628404|1629140|200765|202362|203484,200752|201158|201988|202722|2200,,,1610612747.0,21800082,True
3,PT00M00.00S,00:00,Q3 00:00,12.0,490,2pt,MISS Gay 2' Driving Finger Roll Layup,['pointsinthepaint'],Gay,85,88,Missed,True,False,200752.0,,turnover,rebound,,,,1628404|1629140|200752|200765|201158|201988|202362|202722|203484|2200,200752|201158|201988|202722|2200,1628404|1629140|200765|202362|203484,14.0,20.0,1610612759.0,21800082,True
3,PT00M00.00S,00:00,Q3 00:00,12.0,491,rebound,Gasol REBOUND (Off:3 Def:3),[],Gasol,85,88,,False,False,2200.0,,2pt missed,2pt made,,,,1628404|1629140|200752|200765|201158|201988|202362|202722|203484|2200,200752|201158|201988|202722|2200,1628404|1629140|200765|202362|203484,,,1610612759.0,21800082,True
3,PT00M00.00S,00:00,Q3 00:00,12.0,492,2pt,Gasol 1' Tip Dunk Shot (7 PTS),['pointsinthepaint'],Gasol,87,88,Made,True,False,2200.0,,rebound,period,,,,1628404|1629140|200752|200765|201158|201988|202362|202722|203484|2200,200752|201158|201988|202722|2200,1628404|1629140|200765|202362|203484,0.0,-6.0,1610612759.0,21800082,True
3,PT00M00.00S,00:00,Q3 00:00,12.0,493,period,End of 3rd Period (10:20 PM EST),[],,87,88,,False,False,0.0,,2pt made,period,,,,1628404|1629140|200752|200765|201158|201988|202362|202722|203484|2200,200752|201158|201988|202722|2200,1628404|1629140|200765|202362|203484,,,1610612759.0,21800082,True
4,PT12M00.00S,12:00,Q4 12:00,12.0,506,period,Start of 4th Period (10:23 PM EST),[],,87,88,,False,False,0.0,,period,substitution,,,,1628404|1629140|200752|200765|201158|201988|202362|202722|203484|2200,200752|201158|201988|202722|2200,1628404|1629140|200765|202362|203484,,,1610612759.0,21800082,True
4,PT11M45.00S,11:45,Q4 11:45,11.75,507,foul,Mills P.FOUL (P2.T1) (J.Capers),[],Mills,87,88,,False,False,201988.0,,substitution,substitution,1628366.0,,,1628366|1629004|201158|201580|201942|201988|202722|203484|2200|2544,201158|201942|201988|202722|2200,1628366|1629004|201580|203484|2544,,,1610612759.0,21800082,True
4,PT11M45.00S,11:45,Q4 11:45,11.75,509,substitution,SUB out: D. Bertans,[],Bertans,87,88,,False,False,202722.0,,foul,substitution,,,,1628366|1629004|201158|201580|201942|201988|203484|2200|2544,201158|201942|201988|2200,1628366|1629004|201580|203484|2544,,,1610612759.0,21800082,False
4,PT11M45.00S,11:45,Q4 11:45,11.75,510,substitution,SUB in: D. Cunningham,[],Cunningham,87,88,,False,False,201967.0,,substitution,3pt made,,,,1628366|1629004|201158|201580|201942|201967|201988|203484|2200|2544,201158|201942|201967|201988|2200,1628366|1629004|201580|203484|2544,,,1610612759.0,21800082,True
4,PT11M35.00S,11:35,Q4 11:35,11.583333333333334,511,3pt,Ball 25' 3PT Pullup Jump Shot (6 PTS),[],Ball,87,91,Made,True,False,1628366.0,,substitution,3pt missed,,,,1628366|1629004|201158|201580|201942|201967|201988|203484|2200|2544,1628366|1629004|201580|203484|2544,201158|201942|201967|201988|2200,91.0,228.0,1610612747.0,21800082,True
4,PT11M17.00S,11:17,Q4 11:17,11.283333333333333,512,3pt,MISS Belinelli 25' 3PT Pullup Jump Shot,[],Belinelli,87,91,Missed,True,False,201158.0,,3pt made,rebound,,,,1628366|1629004|201158|201580|201942|201967|201988|203484|2200|2544,201158|201942|201967|201988|2200,1628366|1629004|201580|203484|2544,143.0,201.0,1610612759.0,21800082,True
4,PT11M13.00S,11:13,Q4 11:13,11.216666666666667,513,rebound,Gasol REBOUND (Off:4 Def:3),[],Gasol,87,91,,False,False,2200.0,,3pt missed,2pt made,,,,1628366|1629004|201158|201580|201942|201967|201988|203484|2200|2544,201158|201942|201967|201988|2200,1628366|1629004|201580|203484|2544,,,1610612759.0,21800082,True
4,PT11M06.00S,11:06,Q4 11:06,11.1,514,2pt,DeRozan 15' Step Back Jump Shot (24 PTS),[],DeRozan,89,91,Made,True,False,201942.0,,rebound,3pt missed,,,,1628366|1629004|201158|201580|201942|201967|201988|203484|2200|2544,201158|201942|201967|201988|2200,1628366|1629004|201580|203484|2544,2.0,153.0,1610612759.0,21800082,True
4,PT10M54.00S,10:54,Q4 10:54,10.9,515,3pt,MISS Mykhailiuk 24' 3PT Jump Shot,[],Mykhailiuk,89,91,Missed,True,False,1629004.0,,2pt made,rebound,,,,1628366|1629004|201158|201580|201942|201967|201988|203484|2200|2544,1628366|1629004|201580|203484|2544,201158|201942|201967|201988|2200,223.0,80.0,1610612747.0,21800082,True
4,PT10M51.00S,10:51,Q4 10:51,10.85,516,rebound,Gasol REBOUND (Off:4 Def:4),[],Gasol,89,91,,False,False,2200.0,,3pt missed,2pt missed,,,,1628366|1629004|201158|201580|201942|201967|201988|203484|2200|2544,201158|201942|201967|201988|2200,1628366|1629004|201580|203484|2544,,,1610612759.0,21800082,True
4,PT10M36.00S,10:36,Q4 10:36,10.6,517,2pt,MISS Belinelli 2' Driving Finger Roll Layup,['pointsinthepaint'],Belinelli,89,91,Missed,True,False,201158.0,,rebound,block,,,,1628366|1629004|201158|201580|201942|201967|201988|203484|2200|2544,201158|201942|201967|201988|2200,1628366|1629004|201580|203484|2544,-6.0,20.0,1610612759.0,21800082,True
4,PT10M36.00S,10:36,Q4 10:36,10.6,517,block,McGee BLOCK (4 BLK),[],McGee,89,91,,False,False,201580.0,,2pt missed,rebound,,,201580.0,1628366|1629004|201158|201580|201942|201967|201988|203484|2200|2544,1628366|1629004|201580|203484|2544,201158|201942|201967|201988|2200,,,1610612747.0,21800082,True
4,PT10M30.00S,10:30,Q4 10:30,10.5,518,rebound,Gasol REBOUND (Off:5 Def:4),[],Gasol,89,91,,False,False,2200.0,,block,2pt made,,,,1628366|1629004|201158|201580|201942|201967|201988|203484|2200|2544,201158|201942|201967|201988|2200,1628366|1629004|201580|203484|2544,,,1610612759.0,21800082,True
4,PT10M30.00S,10:30,Q4 10:30,10.5,519,2pt,Gasol 1' Tip Dunk Shot (9 PTS),['pointsinthepaint'],Gasol,91,91,Made,True,False,2200.0,,rebound,2pt missed,,,,1628366|1629004|201158|201580|201942|201967|201988|203484|2200|2544,201158|201942|201967|201988|2200,1628366|1629004|201580|203484|2544,0.0,-6.0,1610612759.0,21800082,True
4,PT10M17.00S,10:17,Q4 10:17,10.283333333333333,521,2pt,MISS Ball 7' Pullup Jump Shot,['pointsinthepaint'],Ball,91,91,Missed,True,False,1628366.0,,2pt made,rebound,,,,1628366|1629004|201158|201580|201942|201967|201988|203484|2200|2544,1628366|1629004|201580|203484|2544,201158|201942|201967|201988|2200,67.0,18.0,1610612747.0,21800082,True
4,PT10M15.00S,10:15,Q4 10:15,10.25,522,rebound,DeRozan REBOUND (Off:0 Def:8),[],DeRozan,91,91,,False,False,201942.0,,2pt missed,2pt missed,,,,1628366|1629004|201158|201580|201942|201967|201988|203484|2200|2544,201158|201942|201967|201988|2200,1628366|1629004|201580|203484|2544,,,1610612759.0,21800082,True
4,PT10M06.00S,10:06,Q4 10:06,10.1,523,2pt,MISS DeRozan 2' Finger Roll Layup,['pointsinthepaint'],DeRozan,91,91,Missed,True,False,201942.0,,rebound,rebound,,,,1628366|1629004|201158|201580|201942|201967|201988|203484|2200|2544,201158|201942|201967|201988|2200,1628366|1629004|201580|203484|2544,-14.0,13.0,1610612759.0,21800082,True
4,PT10M06.00S,10:06,Q4 10:06,10.1,524,rebound,DeRozan REBOUND (Off:1 Def:8),[],DeRozan,91,91,,False,False,201942.0,,2pt missed,2pt made,,,,1628366|1629004|201158|201580|201942|201967|201988|203484|2200|2544,201158|201942|201967|201988|2200,1628366|1629004|201580|203484|2544,,,1610612759.0,21800082,True
4,PT10M04.00S,10:04,Q4 10:04,10.066666666666666,525,2pt,DeRozan 1' Putback Layup (26 PTS),['pointsinthepaint'],DeRozan,93,91,Made,True,False,201942.0,,rebound,timeout,,,,1628366|1629004|201158|201580|201942|201967|201988|203484|2200|2544,201158|201942|201967|201988|2200,1628366|1629004|201580|203484|2544,0.0,-6.0,1610612759.0,21800082,True
4,PT10M04.00S,10:04,Q4 10:04,10.066666666666666,526,timeout,Lakers Timeout: Regular (Reg.4 Short 0),[],,93,91,,False,False,0.0,,2pt made,substitution,,,,1628366|1629004|201158|201580|201942|201967|201988|203484|2200|2544,1628366|1629004|201580|203484|2544,201158|201942|201967|201988|2200,,,1610612747.0,21800082,True
4,PT10M04.00S,10:04,Q4 10:04,10.066666666666666,527,substitution,SUB out: L. Ball,[],Ball,93,91,,False,False,1628366.0,,timeout,substitution,,,,1629004|201158|201580|201942|201967|201988|203484|2200|2544,1629004|201580|203484|2544,201158|201942|201967|201988|2200,,,1610612747.0,21800082,False
4,PT10M04.00S,10:04,Q4 10:04,10.066666666666666,528,substitution,SUB out: S. Mykhailiuk,[],Mykhailiuk,93,91,,False,False,1629004.0,,substitution,substitution,,,,201158|201580|201942|201967|201988|203484|2200|2544,201580|203484|2544,201158|201942|201967|201988|2200,,,1610612747.0,21800082,False
4,PT10M04.00S,10:04,Q4 10:04,10.066666666666666,529,substitution,SUB in: L. Stephenson,[],Stephenson,93,91,,False,False,202362.0,,substitution,substitution,,,,201158|201580|201942|201967|201988|202362|203484|2200|2544,201580|202362|203484|2544,201158|201942|201967|201988|2200,,,1610612747.0,21800082,False
4,PT10M04.00S,10:04,Q4 10:04,10.066666666666666,530,substitution,SUB in: R. Rondo,[],Rondo,93,91,,False,False,200765.0,,substitution,2pt missed,,,,200765|201158|201580|201942|201967|201988|202362|203484|2200|2544,200765|201580|202362|203484|2544,201158|201942|201967|201988|2200,,,1610612747.0,21800082,True
4,PT09M41.00S,09:41,Q4 09:41,9.683333333333334,531,2pt,MISS James 13' Fadeaway Jumper,[],James,93,91,Missed,True,False,2544.0,,substitution,rebound,,,,200765|201158|201580|201942|201967|201988|202362|203484|2200|2544,200765|201580|202362|203484|2544,201158|201942|201967|201988|2200,120.0,58.0,1610612747.0,21800082,True
4,PT09M41.00S,09:41,Q4 09:41,9.683333333333334,532,rebound,Gasol REBOUND (Off:5 Def:5),[],Gasol,93,91,,False,False,2200.0,,2pt missed,foul,,,,200765|201158|201580|201942|201967|201988|202362|203484|2200|2544,201158|201942|201967|201988|2200,200765|201580|202362|203484|2544,,,1610612759.0,21800082,True
4,PT09M41.00S,09:41,Q4 09:41,9.683333333333334,533,foul,McGee P.FOUL (P4.T1) (J.DeRosa),[],McGee,93,91,,False,False,201580.0,,rebound,3pt missed,201158.0,,,200765|201158|201580|201942|201967|201988|202362|203484|2200|2544,200765|201580|202362|203484|2544,201158|201942|201967|201988|2200,,,1610612747.0,21800082,True
4,PT09M28.00S,09:28,Q4 09:28,9.466666666666667,535,3pt,MISS Belinelli 25' 3PT Jump Shot,[],Belinelli,93,91,Missed,True,False,201158.0,,foul,rebound,,,,200765|201158|201580|201942|201967|201988|202362|203484|2200|2544,201158|201942|201967|201988|2200,200765|201580|202362|203484|2544,-105.0,227.0,1610612759.0,21800082,True
4,PT09M24.00S,09:24,Q4 09:24,9.4,536,rebound,McGee REBOUND (Off:0 Def:4),[],McGee,93,91,,False,False,201580.0,,3pt missed,2pt made,,,,200765|201158|201580|201942|201967|201988|202362|203484|2200|2544,200765|201580|202362|203484|2544,201158|201942|201967|201988|2200,,,1610612747.0,21800082,True
4,PT09M14.00S,09:14,Q4 09:14,9.233333333333333,537,2pt,Stephenson 19' Pullup Jump Shot (14 PTS),[],Stephenson,93,93,Made,True,False,202362.0,,rebound,3pt missed,,,,200765|201158|201580|201942|201967|201988|202362|203484|2200|2544,200765|201580|202362|203484|2544,201158|201942|201967|201988|2200,-160.0,99.0,1610612747.0,21800082,True
4,PT08M55.00S,08:55,Q4 08:55,8.916666666666666,538,3pt,MISS Belinelli 26' 3PT Jump Shot,[],Belinelli,93,93,Missed,True,False,201158.0,,2pt made,rebound,,,,200765|201158|201580|201942|201967|201988|202362|203484|2200|2544,201158|201942|201967|201988|2200,200765|201580|202362|203484|2544,99.0,235.0,1610612759.0,21800082,True
4,PT08M45.00S,08:45,Q4 08:45,8.75,539,rebound,Cunningham REBOUND (Off:2 Def:3),[],Cunningham,93,93,,False,False,201967.0,,3pt missed,2pt missed,,,,200765|201158|201580|201942|201967|201988|202362|203484|2200|2544,201158|201942|201967|201988|2200,200765|201580|202362|203484|2544,,,1610612759.0,21800082,True
4,PT08M45.00S,08:45,Q4 08:45,8.75,540,2pt,MISS Cunningham 1' Putback Layup,['pointsinthepaint'],Cunningham,93,93,Missed,True,False,201967.0,,rebound,block,,,,200765|201158|201580|201942|201967|201988|202362|203484|2200|2544,201158|201942|201967|201988|2200,200765|201580|202362|203484|2544,0.0,-6.0,1610612759.0,21800082,True
4,PT08M45.00S,08:45,Q4 08:45,8.75,540,block,Caldwell-Pope BLOCK (1 BLK),[],Caldwell-Pope,93,93,,False,False,203484.0,,2pt missed,rebound,,,203484.0,200765|201158|201580|201942|201967|201988|202362|203484|2200|2544,200765|201580|202362|203484|2544,201158|201942|201967|201988|2200,,,1610612747.0,21800082,True
4,PT08M41.00S,08:41,Q4 08:41,8.683333333333334,542,rebound,Stephenson REBOUND (Off:1 Def:8),[],Stephenson,93,93,,False,False,202362.0,,block,turnover,,,,200765|201158|201580|201942|201967|201988|202362|203484|2200|2544,200765|201580|202362|203484|2544,201158|201942|201967|201988|2200,,,1610612747.0,21800082,True
4,PT08M41.00S,08:41,Q4 08:41,8.683333333333334,543,turnover,McGee Out of Bounds - Bad Pass Turnover Turnover (P4.T12),[],McGee,93,93,,False,False,201580.0,,rebound,substitution,,,,200765|201158|201580|201942|201967|201988|202362|203484|2200|2544,200765|201580|202362|203484|2544,201158|201942|201967|201988|2200,,,1610612747.0,21800082,True
4,PT08M41.00S,08:41,Q4 08:41,8.683333333333334,577,substitution,SUB out: P. Mills,[],Mills,93,93,,False,False,201988.0,,turnover,substitution,,,,200765|201158|201580|201942|201967|202362|203484|2200|2544,201158|201942|201967|2200,200765|201580|202362|203484|2544,,,1610612759.0,21800082,False
4,PT08M41.00S,08:41,Q4 08:41,8.683333333333334,578,substitution,SUB in: B. Forbes,[],Forbes,93,93,,False,False,1627854.0,,substitution,2pt made,,,,1627854|200765|201158|201580|201942|201967|202362|203484|2200|2544,1627854|201158|201942|201967|2200,200765|201580|202362|203484|2544,,,1610612759.0,21800082,True
4,PT08M27.00S,08:27,Q4 08:27,8.45,544,2pt,Belinelli 2' Cutting Finger Roll Layup Shot (6 PTS) (DeRozan 7 AST),['pointsinthepaint'],Belinelli,95,93,Made,True,True,201158.0,201942.0,substitution,foul,,,,1627854|200765|201158|201580|201942|201967|202362|203484|2200|2544,1627854|201158|201942|201967|2200,200765|201580|202362|203484|2544,7.0,21.0,1610612759.0,21800082,True
4,PT08M16.00S,08:16,Q4 08:16,8.266666666666667,546,foul,James OFF.Foul (P3) (G.Petraitis),[],James,95,93,,False,False,2544.0,,2pt made,turnover,200752.0,,,1627854|200765|201158|201580|201942|201967|202362|203484|2200|2544,200765|201580|202362|203484|2544,1627854|201158|201942|201967|2200,,,1610612747.0,21800082,True
4,PT08M16.00S,08:16,Q4 08:16,8.266666666666667,548,turnover,James Offensive Foul Turnover (P4.T13),[],James,95,93,,False,False,2544.0,,foul,substitution,,,,1627854|200765|201158|201580|201942|201967|202362|203484|2200|2544,200765|201580|202362|203484|2544,1627854|201158|201942|201967|2200,,,1610612747.0,21800082,True
4,PT08M16.00S,08:16,Q4 08:16,8.266666666666667,550,substitution,SUB out: M. Belinelli,[],Belinelli,95,93,,False,False,201158.0,,turnover,substitution,,,,1627854|200765|201580|201942|201967|202362|203484|2200|2544,1627854|201942|201967|2200,200765|201580|202362|203484|2544,,,1610612759.0,21800082,False
4,PT08M16.00S,08:16,Q4 08:16,8.266666666666667,551,substitution,SUB in: R. Gay,[],Gay,95,93,,False,False,200752.0,,substitution,2pt missed,,,,1627854|200752|200765|201580|201942|201967|202362|203484|2200|2544,1627854|200752|201942|201967|2200,200765|201580|202362|203484|2544,,,1610612759.0,21800082,True
4,PT07M53.00S,07:53,Q4 07:53,7.883333333333333,553,2pt,MISS Gay 21' Jump Shot,[],Gay,95,93,Missed,True,False,200752.0,,substitution,rebound,,,,1627854|200752|200765|201580|201942|201967|202362|203484|2200|2544,1627854|200752|201942|201967|2200,200765|201580|202362|203484|2544,202.0,55.0,1610612759.0,21800082,True
4,PT07M51.00S,07:51,Q4 07:51,7.85,554,rebound,James REBOUND (Off:1 Def:8),[],James,95,93,,False,False,2544.0,,2pt missed,2pt missed,,,,1627854|200752|200765|201580|201942|201967|202362|203484|2200|2544,200765|201580|202362|203484|2544,1627854|200752|201942|201967|2200,,,1610612747.0,21800082,True
4,PT07M45.00S,07:45,Q4 07:45,7.75,555,2pt,MISS James 11' Floating Jump Shot,['pointsinthepaint'],James,95,93,Missed,True,False,2544.0,,rebound,rebound,,,,1627854|200752|200765|201580|201942|201967|202362|203484|2200|2544,200765|201580|202362|203484|2544,1627854|200752|201942|201967|2200,6.0,112.0,1610612747.0,21800082,True
4,PT07M43.00S,07:43,Q4 07:43,7.716666666666667,556,rebound,Gasol REBOUND (Off:5 Def:6),[],Gasol,95,93,,False,False,2200.0,,2pt missed,2pt missed,,,,1627854|200752|200765|201580|201942|201967|202362|203484|2200|2544,1627854|200752|201942|201967|2200,200765|201580|202362|203484|2544,,,1610612759.0,21800082,True
4,PT07M32.00S,07:32,Q4 07:32,7.533333333333333,557,2pt,MISS Gay 10' Turnaround Fadeaway Shot,['pointsinthepaint'],Gay,95,93,Missed,True,False,200752.0,,rebound,rebound,,,,1627854|200752|200765|201580|201942|201967|202362|203484|2200|2544,1627854|200752|201942|201967|2200,200765|201580|202362|203484|2544,-20.0,94.0,1610612759.0,21800082,True
4,PT07M29.00S,07:29,Q4 07:29,7.483333333333333,558,rebound,McGee REBOUND (Off:0 Def:5),[],McGee,95,93,,False,False,201580.0,,2pt missed,foul,,,,1627854|200752|200765|201580|201942|201967|202362|203484|2200|2544,200765|201580|202362|203484|2544,1627854|200752|201942|201967|2200,,,1610612747.0,21800082,True
4,PT07M23.00S,07:23,Q4 07:23,7.383333333333334,559,foul,Gasol P.FOUL (P2.T2) (J.DeRosa),[],Gasol,95,93,,False,False,2200.0,,rebound,substitution,,,,1627854|200752|200765|201580|201942|201967|202362|203484|2200|2544,1627854|200752|201942|201967|2200,200765|201580|202362|203484|2544,,,1610612759.0,21800082,True
4,PT07M23.00S,07:23,Q4 07:23,7.383333333333334,561,substitution,SUB out: D. DeRozan,[],DeRozan,95,93,,False,False,201942.0,,foul,substitution,,,,1627854|200752|200765|201580|201967|202362|203484|2200|2544,1627854|200752|201967|2200,200765|201580|202362|203484|2544,,,1610612759.0,21800082,False
4,PT07M23.00S,07:23,Q4 07:23,7.383333333333334,562,substitution,SUB out: P. Gasol,[],Gasol,95,93,,False,False,2200.0,,substitution,substitution,,,,1627854|200752|200765|201580|201967|202362|203484|2544,1627854|200752|201967,200765|201580|202362|203484|2544,,,1610612759.0,21800082,False
4,PT07M23.00S,07:23,Q4 07:23,7.383333333333334,563,substitution,SUB out: K. Caldwell-Pope,[],Caldwell-Pope,95,93,,False,False,203484.0,,substitution,substitution,,,,1627854|200752|200765|201580|201967|202362|2544,200765|201580|202362|2544,1627854|200752|201967,,,1610612747.0,21800082,False
4,PT07M23.00S,07:23,Q4 07:23,7.383333333333334,564,substitution,SUB in: M. Belinelli,[],Belinelli,95,93,,False,False,201158.0,,substitution,substitution,,,,1627854|200752|200765|201158|201580|201967|202362|2544,1627854|200752|201158|201967,200765|201580|202362|2544,,,1610612759.0,21800082,False
4,PT07M23.00S,07:23,Q4 07:23,7.383333333333334,565,substitution,SUB in: L. Aldridge,[],Aldridge,95,93,,False,False,200746.0,,substitution,substitution,,,,1627854|200746|200752|200765|201158|201580|201967|202362|2544,1627854|200746|200752|201158|201967,200765|201580|202362|2544,,,1610612759.0,21800082,False
4,PT07M23.00S,07:23,Q4 07:23,7.383333333333334,566,substitution,SUB in: J. Hart,[],Hart,95,93,,False,False,1628404.0,,substitution,foul,,,,1627854|1628404|200746|200752|200765|201158|201580|201967|202362|2544,1628404|200765|201580|202362|2544,1627854|200746|200752|201158|201967,,,1610612747.0,21800082,True
4,PT07M16.00S,07:16,Q4 07:16,7.266666666666667,567,foul,Forbes P.FOUL (P3.T3) (G.Petraitis),[],Forbes,95,93,,False,False,1627854.0,,substitution,3pt made,2544.0,,,1627854|1628404|200746|200752|200765|201158|201580|201967|202362|2544,1627854|200746|200752|201158|201967,1628404|200765|201580|202362|2544,,,1610612759.0,21800082,True
4,PT07M11.00S,07:11,Q4 07:11,7.183333333333334,569,3pt,James 26' 3PT Jump Shot (29 PTS) (Stephenson 2 AST),[],James,95,96,Made,True,True,2544.0,202362.0,foul,2pt made,,,,1627854|1628404|200746|200752|200765|201158|201580|201967|202362|2544,1628404|200765|201580|202362|2544,1627854|200746|200752|201158|201967,-136.0,223.0,1610612747.0,21800082,True
4,PT06M53.00S,06:53,Q4 06:53,6.883333333333333,571,2pt,Belinelli 2' Cutting Finger Roll Layup Shot (8 PTS) (Gay 4 AST),['pointsinthepaint'],Belinelli,97,96,Made,True,True,201158.0,200752.0,3pt made,turnover,,,,1627854|1628404|200746|200752|200765|201158|201580|201967|202362|2544,1627854|200746|200752|201158|201967,1628404|200765|201580|202362|2544,11.0,11.0,1610612759.0,21800082,True
4,PT06M37.00S,06:37,Q4 06:37,6.616666666666667,573,turnover,Hart Traveling Turnover (P2.T14),[],Hart,97,96,,False,False,1628404.0,,2pt made,timeout,,,,1627854|1628404|200746|200752|200765|201158|201580|201967|202362|2544,1628404|200765|201580|202362|2544,1627854|200746|200752|201158|201967,,,1610612747.0,21800082,True
4,PT06M37.00S,06:37,Q4 06:37,6.616666666666667,576,timeout,SPURS Timeout: Regular (Full 4 Short 0),[],,97,96,,False,False,0.0,,turnover,substitution,,,,1627854|1628404|200746|200752|200765|201158|201580|201967|202362|2544,1627854|200746|200752|201158|201967,1628404|200765|201580|202362|2544,,,1610612759.0,21800082,True
4,PT06M37.00S,06:37,Q4 06:37,6.616666666666667,574,substitution,SUB out: J. McGee,[],McGee,97,96,,False,False,201580.0,,timeout,substitution,,,,1627854|1628404|200746|200752|200765|201158|201967|202362|2544,1628404|200765|202362|2544,1627854|200746|200752|201158|201967,,,1610612747.0,21800082,False
4,PT06M37.00S,06:37,Q4 06:37,6.616666666666667,575,substitution,SUB out: M. Belinelli,[],Belinelli,97,96,,False,False,201158.0,,substitution,substitution,,,,1627854|1628404|200746|200752|200765|201967|202362|2544,1627854|200746|200752|201967,1628404|200765|202362|2544,,,1610612759.0,21800082,False
4,PT06M37.00S,06:37,Q4 06:37,6.616666666666667,576,substitution,SUB out: D. Cunningham,[],Cunningham,97,96,,False,False,201967.0,,substitution,substitution,,,,1627854|1628404|200746|200752|200765|202362|2544,1627854|200746|200752,1628404|200765|202362|2544,,,1610612759.0,21800082,False
4,PT06M37.00S,06:37,Q4 06:37,6.616666666666667,577,substitution,SUB out: L. James,[],James,97,96,,False,False,2544.0,,substitution,substitution,,,,1627854|1628404|200746|200752|200765|202362,1628404|200765|202362,1627854|200746|200752,,,1610612747.0,21800082,False
4,PT06M37.00S,06:37,Q4 06:37,6.616666666666667,578,substitution,SUB in: J. Williams,[],Williams,97,96,,False,False,1629140.0,,substitution,substitution,,,,1627854|1628404|1629140|200746|200752|200765|202362,1628404|1629140|200765|202362,1627854|200746|200752,,,1610612747.0,21800082,False
4,PT06M37.00S,06:37,Q4 06:37,6.616666666666667,579,substitution,SUB in: D. DeRozan,[],DeRozan,97,96,,False,False,201942.0,,substitution,substitution,,,,1627854|1628404|1629140|200746|200752|200765|201942|202362,1627854|200746|200752|201942,1628404|1629140|200765|202362,,,1610612759.0,21800082,False
4,PT06M37.00S,06:37,Q4 06:37,6.616666666666667,580,substitution,SUB in: P. Gasol,[],Gasol,97,96,,False,False,2200.0,,substitution,substitution,,,,1627854|1628404|1629140|200746|200752|200765|201942|202362|2200,1627854|200746|200752|201942|2200,1628404|1629140|200765|202362,,,1610612759.0,21800082,False
4,PT06M37.00S,06:37,Q4 06:37,6.616666666666667,581,substitution,SUB in: K. Kuzma,[],Kuzma,97,96,,False,False,1628398.0,,substitution,2pt missed,,,,1627854|1628398|1628404|1629140|200746|200752|200765|201942|202362|2200,1628398|1628404|1629140|200765|202362,1627854|200746|200752|201942|2200,,,1610612747.0,21800082,True
4,PT06M25.00S,06:25,Q4 06:25,6.416666666666667,585,2pt,MISS DeRozan 15' Pullup Jump Shot,[],DeRozan,97,96,Missed,True,False,201942.0,,substitution,rebound,,,,1627854|1628398|1628404|1629140|200746|200752|200765|201942|202362|2200,1627854|200746|200752|201942|2200,1628398|1628404|1629140|200765|202362,-108.0,106.0,1610612759.0,21800082,True
4,PT06M22.00S,06:22,Q4 06:22,6.366666666666666,586,rebound,Kuzma REBOUND (Off:1 Def:3),[],Kuzma,97,96,,False,False,1628398.0,,2pt missed,2pt missed,,,,1627854|1628398|1628404|1629140|200746|200752|200765|201942|202362|2200,1628398|1628404|1629140|200765|202362,1627854|200746|200752|201942|2200,,,1610612747.0,21800082,True
4,PT06M10.00S,06:10,Q4 06:10,6.166666666666667,587,2pt,MISS Hart 19' Step Back Jump Shot,[],Hart,97,96,Missed,True,False,1628404.0,,rebound,rebound,,,,1627854|1628398|1628404|1629140|200746|200752|200765|201942|202362|2200,1628398|1628404|1629140|200765|202362,1627854|200746|200752|201942|2200,-65.0,175.0,1610612747.0,21800082,True
4,PT06M10.00S,06:10,Q4 06:10,6.166666666666667,588,rebound,Rondo REBOUND (Off:2 Def:0),[],Rondo,97,96,,False,False,200765.0,,2pt missed,3pt missed,,,,1627854|1628398|1628404|1629140|200746|200752|200765|201942|202362|2200,1628398|1628404|1629140|200765|202362,1627854|200746|200752|201942|2200,,,1610612747.0,21800082,True
4,PT06M03.00S,06:03,Q4 06:03,6.05,589,3pt,MISS Kuzma 25' 3PT Jump Shot,[],Kuzma,97,96,Missed,True,False,1628398.0,,rebound,rebound,,,,1627854|1628398|1628404|1629140|200746|200752|200765|201942|202362|2200,1628398|1628404|1629140|200765|202362,1627854|200746|200752|201942|2200,41.0,248.0,1610612747.0,21800082,True
4,PT05M59.00S,05:59,Q4 05:59,5.983333333333333,590,rebound,DeRozan REBOUND (Off:1 Def:9),[],DeRozan,97,96,,False,False,201942.0,,3pt missed,foul,,,,1627854|1628398|1628404|1629140|200746|200752|200765|201942|202362|2200,1627854|200746|200752|201942|2200,1628398|1628404|1629140|200765|202362,,,1610612759.0,21800082,True
4,PT05M54.00S,05:54,Q4 05:54,5.9,591,foul,Williams S.FOUL (P1.T2) (J.DeRosa),[],Williams,97,96,,False,False,1629140.0,,rebound,freethrow,200746.0,,,1627854|1628398|1628404|1629140|200746|200752|200765|201942|202362|2200,1628398|1628404|1629140|200765|202362,1627854|200746|200752|201942|2200,,,1610612747.0,21800082,True
4,PT05M54.00S,05:54,Q4 05:54,5.9,593,freethrow,MISS Aldridge Free Throw 1 of 2,[],Aldridge,97,96,Missed,False,False,200746.0,,foul,rebound,,,,1627854|1628398|1628404|1629140|200746|200752|200765|201942|202362|2200,1627854|200746|200752|201942|2200,1628398|1628404|1629140|200765|202362,,,1610612759.0,21800082,True
4,PT05M54.00S,05:54,Q4 05:54,5.9,594,rebound,TEAM offensive REBOUND,['team'],,97,96,,False,False,0.0,,freethrow,freethrow,,,,1627854|1628398|1628404|1629140|200746|200752|200765|201942|202362|2200,1627854|200746|200752|201942|2200,1628398|1628404|1629140|200765|202362,,,1610612759.0,21800082,True
4,PT05M54.00S,05:54,Q4 05:54,5.9,597,freethrow,Aldridge Free Throw 2 of 2 (13 PTS),[],Aldridge,98,96,Made,False,False,200746.0,,rebound,substitution,,,,1627854|1628398|1628404|1629140|200746|200752|200765|201942|202362|2200,1627854|200746|200752|201942|2200,1628398|1628404|1629140|200765|202362,,,1610612759.0,21800082,True
4,PT05M54.00S,05:54,Q4 05:54,5.9,595,substitution,SUB out: L. Stephenson,[],Stephenson,97,96,,False,False,202362.0,,freethrow,substitution,,,,1627854|1628398|1628404|1629140|200746|200752|200765|201942|2200,1628398|1628404|1629140|200765,1627854|200746|200752|201942|2200,,,1610612747.0,21800082,False
4,PT05M54.00S,05:54,Q4 05:54,5.9,596,substitution,SUB in: L. Ball,[],Ball,97,96,,False,False,1628366.0,,substitution,turnover,,,,1627854|1628366|1628398|1628404|1629140|200746|200752|200765|201942|2200,1628366|1628398|1628404|1629140|200765,1627854|200746|200752|201942|2200,,,1610612747.0,21800082,True
4,PT05M47.00S,05:47,Q4 05:47,5.783333333333333,598,turnover,Ball Bad Pass Turnover (P3.T15),[],Ball,98,96,,False,False,1628366.0,,substitution,steal,,,,1627854|1628366|1628398|1628404|1629140|200746|200752|200765|201942|2200,1628366|1628398|1628404|1629140|200765,1627854|200746|200752|201942|2200,,,1610612747.0,21800082,True
4,PT05M47.00S,05:47,Q4 05:47,5.783333333333333,598,steal,DeRozan STEAL (2 STL),[],DeRozan,98,96,,False,False,201942.0,,turnover,2pt made,,201942.0,,1627854|1628366|1628398|1628404|1629140|200746|200752|200765|201942|2200,1627854|200746|200752|201942|2200,1628366|1628398|1628404|1629140|200765,,,1610612759.0,21800082,True
4,PT05M34.00S,05:34,Q4 05:34,5.566666666666666,600,2pt,Gay 2' Driving Dunk (14 PTS) (Aldridge 3 AST),['pointsinthepaint'],Gay,100,96,Made,True,True,200752.0,200746.0,steal,2pt missed,,,,1627854|1628366|1628398|1628404|1629140|200746|200752|200765|201942|2200,1627854|200746|200752|201942|2200,1628366|1628398|1628404|1629140|200765,-5.0,15.0,1610612759.0,21800082,True
4,PT05M17.00S,05:17,Q4 05:17,5.283333333333333,602,2pt,MISS Ball 18' Pullup Jump Shot,[],Ball,100,96,Missed,True,False,1628366.0,,2pt made,rebound,,,,1627854|1628366|1628398|1628404|1629140|200746|200752|200765|201942|2200,1628366|1628398|1628404|1629140|200765,1627854|200746|200752|201942|2200,-127.0,121.0,1610612747.0,21800082,True
4,PT05M17.00S,05:17,Q4 05:17,5.283333333333333,603,rebound,DeRozan REBOUND (Off:1 Def:10),[],DeRozan,100,96,,False,False,201942.0,,2pt missed,foul,,,,1627854|1628366|1628398|1628404|1629140|200746|200752|200765|201942|2200,1627854|200746|200752|201942|2200,1628366|1628398|1628404|1629140|200765,,,1610612759.0,21800082,True
4,PT05M12.00S,05:12,Q4 05:12,5.2,604,foul,Williams P.FOUL (P2.T3) (J.Capers),[],Williams,100,96,,False,False,1629140.0,,rebound,substitution,201942.0,,,1627854|1628366|1628398|1628404|1629140|200746|200752|200765|201942|2200,1628366|1628398|1628404|1629140|200765,1627854|200746|200752|201942|2200,,,1610612747.0,21800082,True
4,PT05M12.00S,05:12,Q4 05:12,5.2,606,substitution,SUB out: J. Williams,[],Williams,100,96,,False,False,1629140.0,,foul,substitution,,,,1627854|1628366|1628398|1628404|200746|200752|200765|201942|2200,1628366|1628398|1628404|200765,1627854|200746|200752|201942|2200,,,1610612747.0,21800082,False
4,PT05M12.00S,05:12,Q4 05:12,5.2,607,substitution,SUB in: L. James,[],James,100,96,,False,False,2544.0,,substitution,2pt made,,,,1627854|1628366|1628398|1628404|200746|200752|200765|201942|2200|2544,1628366|1628398|1628404|200765|2544,1627854|200746|200752|201942|2200,,,1610612747.0,21800082,True
4,PT05M01.00S,05:01,Q4 05:01,5.016666666666667,609,2pt,DeRozan 14' Jump Shot (28 PTS) (Gay 5 AST),[],DeRozan,102,96,Made,True,True,201942.0,200752.0,substitution,3pt missed,,,,1627854|1628366|1628398|1628404|200746|200752|200765|201942|2200|2544,1627854|200746|200752|201942|2200,1628366|1628398|1628404|200765|2544,142.0,10.0,1610612759.0,21800082,True
4,PT04M36.00S,04:36,Q4 04:36,4.6,611,3pt,MISS James 25' 3PT Jump Shot,[],James,102,96,Missed,True,False,2544.0,,2pt made,rebound,,,,1627854|1628366|1628398|1628404|200746|200752|200765|201942|2200|2544,1628366|1628398|1628404|200765|2544,1627854|200746|200752|201942|2200,85.0,230.0,1610612747.0,21800082,True
4,PT04M34.00S,04:34,Q4 04:34,4.566666666666666,612,rebound,TEAM defensive REBOUND,['team'],,102,96,,False,False,0.0,,3pt missed,foul,,,,1627854|1628366|1628398|1628404|200746|200752|200765|201942|2200|2544,1627854|200746|200752|201942|2200,1628366|1628398|1628404|200765|2544,,,1610612759.0,21800082,True
4,PT04M34.00S,04:34,Q4 04:34,4.566666666666666,613,foul,Kuzma L.B.FOUL (P3.T4) (J.Capers),['inpenalty'],Kuzma,102,96,,False,False,1628398.0,,rebound,foul,201942.0,,,1627854|1628366|1628398|1628404|200746|200752|200765|201942|2200|2544,1628366|1628398|1628404|200765|2544,1627854|200746|200752|201942|2200,,,1610612747.0,21800082,True
4,PT04M24.00S,04:24,Q4 04:24,4.4,615,foul,DeRozan OFF.Foul (P2) (G.Petraitis),[],DeRozan,102,96,,False,False,201942.0,,foul,turnover,200765.0,,,1627854|1628366|1628398|1628404|200746|200752|200765|201942|2200|2544,1627854|200746|200752|201942|2200,1628366|1628398|1628404|200765|2544,,,1610612759.0,21800082,True
4,PT04M24.00S,04:24,Q4 04:24,4.4,617,turnover,DeRozan Offensive Foul Turnover (P4.T13),[],DeRozan,102,96,,False,False,201942.0,,foul,timeout,,,,1627854|1628366|1628398|1628404|200746|200752|200765|201942|2200|2544,1627854|200746|200752|201942|2200,1628366|1628398|1628404|200765|2544,,,1610612759.0,21800082,True
4,PT04M24.00S,04:24,Q4 04:24,4.4,618,timeout,Lakers Timeout: Regular (Reg.5 Short 0),[],,102,96,,False,False,0.0,,turnover,substitution,,,,1627854|1628366|1628398|1628404|200746|200752|200765|201942|2200|2544,1628366|1628398|1628404|200765|2544,1627854|200746|200752|201942|2200,,,1610612747.0,21800082,True
4,PT04M24.00S,04:24,Q4 04:24,4.4,619,substitution,SUB out: P. Gasol,[],Gasol,102,96,,False,False,2200.0,,timeout,substitution,,,,1627854|1628366|1628398|1628404|200746|200752|200765|201942|2544,1627854|200746|200752|201942,1628366|1628398|1628404|200765|2544,,,1610612759.0,21800082,False
4,PT04M24.00S,04:24,Q4 04:24,4.4,620,substitution,SUB in: M. Belinelli,[],Belinelli,102,96,,False,False,201158.0,,substitution,2pt missed,,,,1627854|1628366|1628398|1628404|200746|200752|200765|201158|201942|2544,1627854|200746|200752|201158|201942,1628366|1628398|1628404|200765|2544,,,1610612759.0,21800082,True
4,PT04M06.00S,04:06,Q4 04:06,4.1,621,2pt,MISS Rondo 1' Driving Finger Roll Layup,['pointsinthepaint'],Rondo,102,96,Missed,True,False,200765.0,,substitution,block,,,,1627854|1628366|1628398|1628404|200746|200752|200765|201158|201942|2544,1628366|1628398|1628404|200765|2544,1627854|200746|200752|201158|201942,-2.0,11.0,1610612747.0,21800082,True
4,PT04M06.00S,04:06,Q4 04:06,4.1,621,block,Aldridge BLOCK (2 BLK),[],Aldridge,102,96,,False,False,200746.0,,2pt missed,rebound,,,200746.0,1627854|1628366|1628398|1628404|200746|200752|200765|201158|201942|2544,1627854|200746|200752|201158|201942,1628366|1628398|1628404|200765|2544,,,1610612759.0,21800082,True
4,PT04M06.00S,04:06,Q4 04:06,4.1,623,rebound,TEAM defensive REBOUND,['team'],,102,96,,False,False,0.0,,block,substitution,,,,1627854|1628366|1628398|1628404|200746|200752|200765|201158|201942|2544,1627854|200746|200752|201158|201942,1628366|1628398|1628404|200765|2544,,,1610612759.0,21800082,True
4,PT04M06.00S,04:06,Q4 04:06,4.1,626,substitution,SUB out: M. Belinelli,[],Belinelli,102,96,,False,False,201158.0,,rebound,substitution,,,,1627854|1628366|1628398|1628404|200746|200752|200765|201942|2544,1627854|200746|200752|201942,1628366|1628398|1628404|200765|2544,,,1610612759.0,21800082,False
4,PT04M06.00S,04:06,Q4 04:06,4.1,627,substitution,SUB in: P. Mills,[],Mills,102,96,,False,False,201988.0,,substitution,2pt missed,,,,1627854|1628366|1628398|1628404|200746|200752|200765|201942|201988|2544,1627854|200746|200752|201942|201988,1628366|1628398|1628404|200765|2544,,,1610612759.0,21800082,True
4,PT03M55.00S,03:55,Q4 03:55,3.9166666666666665,628,2pt,MISS DeRozan 19' Step Back Jump Shot,[],DeRozan,102,96,Missed,True,False,201942.0,,substitution,rebound,,,,1627854|1628366|1628398|1628404|200746|200752|200765|201942|201988|2544,1627854|200746|200752|201942|201988,1628366|1628398|1628404|200765|2544,149.0,110.0,1610612759.0,21800082,True
4,PT03M51.00S,03:51,Q4 03:51,3.85,629,rebound,Rondo REBOUND (Off:2 Def:1),[],Rondo,102,96,,False,False,200765.0,,2pt missed,2pt missed,,,,1627854|1628366|1628398|1628404|200746|200752|200765|201942|201988|2544,1628366|1628398|1628404|200765|2544,1627854|200746|200752|201942|201988,,,1610612747.0,21800082,True
4,PT03M48.00S,03:48,Q4 03:48,3.8,630,2pt,MISS Kuzma 1' Cutting Finger Roll Layup Shot,['pointsinthepaint'],Kuzma,102,96,Missed,True,False,1628398.0,,rebound,rebound,,,,1627854|1628366|1628398|1628404|200746|200752|200765|201942|201988|2544,1628366|1628398|1628404|200765|2544,1627854|200746|200752|201942|201988,4.0,12.0,1610612747.0,21800082,True
4,PT03M45.00S,03:45,Q4 03:45,3.75,631,rebound,DeRozan REBOUND (Off:1 Def:11),[],DeRozan,102,96,,False,False,201942.0,,2pt missed,3pt missed,,,,1627854|1628366|1628398|1628404|200746|200752|200765|201942|201988|2544,1627854|200746|200752|201942|201988,1628366|1628398|1628404|200765|2544,,,1610612759.0,21800082,True
4,PT03M36.00S,03:36,Q4 03:36,3.6,632,3pt,MISS Gay 26' 3PT Jump Shot,[],Gay,102,96,Missed,True,False,200752.0,,rebound,rebound,,,,1627854|1628366|1628398|1628404|200746|200752|200765|201942|201988|2544,1627854|200746|200752|201942|201988,1628366|1628398|1628404|200765|2544,-214.0,142.0,1610612759.0,21800082,True
4,PT03M32.00S,03:32,Q4 03:32,3.533333333333333,633,rebound,Hart REBOUND (Off:0 Def:2),[],Hart,102,96,,False,False,1628404.0,,3pt missed,2pt made,,,,1627854|1628366|1628398|1628404|200746|200752|200765|201942|201988|2544,1628366|1628398|1628404|200765|2544,1627854|200746|200752|201942|201988,,,1610612747.0,21800082,True
4,PT03M27.00S,03:27,Q4 03:27,3.45,634,2pt,James 1' Cutting Dunk Shot (31 PTS) (Rondo 4 AST),['pointsinthepaint'],James,102,98,Made,True,True,2544.0,200765.0,rebound,timeout,,,,1627854|1628366|1628398|1628404|200746|200752|200765|201942|201988|2544,1628366|1628398|1628404|200765|2544,1627854|200746|200752|201942|201988,-8.0,11.0,1610612747.0,21800082,True
4,PT03M27.00S,03:27,Q4 03:27,3.45,636,timeout,SPURS Timeout: Regular (Full 5 Short 0),[],,102,98,,False,False,0.0,,2pt made,substitution,,,,1627854|1628366|1628398|1628404|200746|200752|200765|201942|201988|2544,1627854|200746|200752|201942|201988,1628366|1628398|1628404|200765|2544,,,1610612759.0,21800082,True
4,PT03M27.00S,03:27,Q4 03:27,3.45,637,substitution,SUB out: L. Ball,[],Ball,102,98,,False,False,1628366.0,,timeout,substitution,,,,1627854|1628398|1628404|200746|200752|200765|201942|201988|2544,1628398|1628404|200765|2544,1627854|200746|200752|201942|201988,,,1610612747.0,21800082,False
4,PT03M27.00S,03:27,Q4 03:27,3.45,638,substitution,SUB in: J. McGee,[],McGee,102,98,,False,False,201580.0,,substitution,2pt missed,,,,1627854|1628398|1628404|200746|200752|200765|201580|201942|201988|2544,1628398|1628404|200765|201580|2544,1627854|200746|200752|201942|201988,,,1610612747.0,21800082,True
4,PT03M09.00S,03:09,Q4 03:09,3.15,639,2pt,MISS Forbes 11' Driving Floating Jump Shot,['pointsinthepaint'],Forbes,102,98,Missed,True,False,1627854.0,,substitution,rebound,,,,1627854|1628398|1628404|200746|200752|200765|201580|201942|201988|2544,1627854|200746|200752|201942|201988,1628398|1628404|200765|201580|2544,14.0,114.0,1610612759.0,21800082,True
4,PT03M07.00S,03:07,Q4 03:07,3.1166666666666667,640,rebound,James REBOUND (Off:1 Def:9),[],James,102,98,,False,False,2544.0,,2pt missed,2pt missed,,,,1627854|1628398|1628404|200746|200752|200765|201580|201942|201988|2544,1628398|1628404|200765|201580|2544,1627854|200746|200752|201942|201988,,,1610612747.0,21800082,True
4,PT03M03.00S,03:03,Q4 03:03,3.05,641,2pt,MISS Hart 2' Driving Layup,['pointsinthepaint'],Hart,102,98,Missed,True,False,1628404.0,,rebound,block,,,,1627854|1628398|1628404|200746|200752|200765|201580|201942|201988|2544,1628398|1628404|200765|201580|2544,1627854|200746|200752|201942|201988,-13.0,21.0,1610612747.0,21800082,True
4,PT03M03.00S,03:03,Q4 03:03,3.05,641,block,DeRozan BLOCK (1 BLK),[],DeRozan,102,98,,False,False,201942.0,,2pt missed,rebound,,,201942.0,1627854|1628398|1628404|200746|200752|200765|201580|201942|201988|2544,1627854|200746|200752|201942|201988,1628398|1628404|200765|201580|2544,,,1610612759.0,21800082,True
4,PT03M03.00S,03:03,Q4 03:03,3.05,643,rebound,Aldridge REBOUND (Off:1 Def:3),[],Aldridge,102,98,,False,False,200746.0,,block,2pt made,,,,1627854|1628398|1628404|200746|200752|200765|201580|201942|201988|2544,1627854|200746|200752|201942|201988,1628398|1628404|200765|201580|2544,,,1610612759.0,21800082,True
4,PT02M45.00S,02:45,Q4 02:45,2.75,644,2pt,Aldridge 18' Jump Shot (15 PTS) (DeRozan 8 AST),[],Aldridge,104,98,Made,True,True,200746.0,201942.0,rebound,3pt missed,,,,1627854|1628398|1628404|200746|200752|200765|201580|201942|201988|2544,1627854|200746|200752|201942|201988,1628398|1628404|200765|201580|2544,62.0,172.0,1610612759.0,21800082,True
4,PT02M25.00S,02:25,Q4 02:25,2.4166666666666665,646,3pt,MISS Hart 24' 3PT Jump Shot,[],Hart,104,98,Missed,True,False,1628404.0,,2pt made,rebound,,,,1627854|1628398|1628404|200746|200752|200765|201580|201942|201988|2544,1628398|1628404|200765|201580|2544,1627854|200746|200752|201942|201988,-240.0,-3.0,1610612747.0,21800082,True
4,PT02M23.00S,02:23,Q4 02:23,2.3833333333333333,647,rebound,Forbes REBOUND (Off:0 Def:1),[],Forbes,104,98,,False,False,1627854.0,,3pt missed,2pt missed,,,,1627854|1628398|1628404|200746|200752|200765|201580|201942|201988|2544,1627854|200746|200752|201942|201988,1628398|1628404|200765|201580|2544,,,1610612759.0,21800082,True
4,PT02M06.00S,02:06,Q4 02:06,2.1,648,2pt,MISS DeRozan 16' Step Back Jump Shot,[],DeRozan,104,98,Missed,True,False,201942.0,,rebound,rebound,,,,1627854|1628398|1628404|200746|200752|200765|201580|201942|201988|2544,1627854|200746|200752|201942|201988,1628398|1628404|200765|201580|2544,51.0,156.0,1610612759.0,21800082,True
4,PT02M05.00S,02:05,Q4 02:05,2.0833333333333335,649,rebound,Aldridge REBOUND (Off:2 Def:3),[],Aldridge,104,98,,False,False,200746.0,,2pt missed,2pt missed,,,,1627854|1628398|1628404|200746|200752|200765|201580|201942|201988|2544,1627854|200746|200752|201942|201988,1628398|1628404|200765|201580|2544,,,1610612759.0,21800082,True
4,PT02M05.00S,02:05,Q4 02:05,2.0833333333333335,653,2pt,MISS Aldridge 1' Tip Layup Shot,['pointsinthepaint'],Aldridge,104,98,Missed,True,False,200746.0,,rebound,rebound,,,,1627854|1628398|1628404|200746|200752|200765|201580|201942|201988|2544,1627854|200746|200752|201942|201988,1628398|1628404|200765|201580|2544,-9.0,-3.0,1610612759.0,21800082,True
4,PT02M05.00S,02:05,Q4 02:05,2.0833333333333335,654,rebound,James REBOUND (Off:1 Def:10),[],James,104,98,,False,False,2544.0,,2pt missed,turnover,,,,1627854|1628398|1628404|200746|200752|200765|201580|201942|201988|2544,1628398|1628404|200765|201580|2544,1627854|200746|200752|201942|201988,,,1610612747.0,21800082,True
4,PT01M54.00S,01:54,Q4 01:54,1.9,650,turnover,McGee Step Out of Bounds Turnover (P5.T16),[],McGee,104,98,,False,False,201580.0,,rebound,2pt made,,,,1627854|1628398|1628404|200746|200752|200765|201580|201942|201988|2544,1628398|1628404|200765|201580|2544,1627854|200746|200752|201942|201988,,,1610612747.0,21800082,True
4,PT01M34.00S,01:34,Q4 01:34,1.5666666666666667,651,2pt,Gay 11' Turnaround Jump Shot (16 PTS),['pointsinthepaint'],Gay,106,98,Made,True,False,200752.0,,turnover,timeout,,,,1627854|1628398|1628404|200746|200752|200765|201580|201942|201988|2544,1627854|200746|200752|201942|201988,1628398|1628404|200765|201580|2544,1.0,105.0,1610612759.0,21800082,True
4,PT01M34.00S,01:34,Q4 01:34,1.5666666666666667,652,timeout,Lakers Timeout: Regular (Reg.6 Short 0),[],,106,98,,False,False,0.0,,2pt made,substitution,,,,1627854|1628398|1628404|200746|200752|200765|201580|201942|201988|2544,1628398|1628404|200765|201580|2544,1627854|200746|200752|201942|201988,,,1610612747.0,21800082,True
4,PT01M34.00S,01:34,Q4 01:34,1.5666666666666667,655,substitution,SUB out: J. McGee,[],McGee,106,98,,False,False,201580.0,,timeout,substitution,,,,1627854|1628398|1628404|200746|200752|200765|201942|201988|2544,1628398|1628404|200765|2544,1627854|200746|200752|201942|201988,,,1610612747.0,21800082,False
4,PT01M34.00S,01:34,Q4 01:34,1.5666666666666667,656,substitution,SUB in: L. Ball,[],Ball,106,98,,False,False,1628366.0,,substitution,2pt made,,,,1627854|1628366|1628398|1628404|200746|200752|200765|201942|201988|2544,1628366|1628398|1628404|200765|2544,1627854|200746|200752|201942|201988,,,1610612747.0,21800082,True
4,PT01M31.00S,01:31,Q4 01:31,1.5166666666666666,657,2pt,James 1' Driving Finger Roll Layup (33 PTS) (Rondo 5 AST),['pointsinthepaint'],James,106,100,Made,True,True,2544.0,200765.0,substitution,2pt missed,,,,1627854|1628366|1628398|1628404|200746|200752|200765|201942|201988|2544,1628366|1628398|1628404|200765|2544,1627854|200746|200752|201942|201988,5.0,4.0,1610612747.0,21800082,True
4,PT01M11.00S,01:11,Q4 01:11,1.1833333333333333,659,2pt,MISS DeRozan 15' Turnaround Fadeaway Shot,[],DeRozan,106,100,Missed,True,False,201942.0,,2pt made,rebound,,,,1627854|1628366|1628398|1628404|200746|200752|200765|201942|201988|2544,1627854|200746|200752|201942|201988,1628366|1628398|1628404|200765|2544,126.0,88.0,1610612759.0,21800082,True
4,PT01M09.00S,01:09,Q4 01:09,1.15,660,rebound,Rondo REBOUND (Off:2 Def:2),[],Rondo,106,100,,False,False,200765.0,,2pt missed,foul,,,,1627854|1628366|1628398|1628404|200746|200752|200765|201942|201988|2544,1628366|1628398|1628404|200765|2544,1627854|200746|200752|201942|201988,,,1610612747.0,21800082,True
4,PT01M05.00S,01:05,Q4 01:05,1.0833333333333333,661,foul,DeRozan S.FOUL (P3.T4) (J.DeRosa),['inpenalty'],DeRozan,106,100,,False,False,201942.0,,rebound,freethrow,2544.0,,,1627854|1628366|1628398|1628404|200746|200752|200765|201942|201988|2544,1627854|200746|200752|201942|201988,1628366|1628398|1628404|200765|2544,,,1610612759.0,21800082,True
4,PT01M05.00S,01:05,Q4 01:05,1.0833333333333333,663,freethrow,James Free Throw 1 of 2 (34 PTS),[],James,106,101,Made,False,False,2544.0,,foul,freethrow,,,,1627854|1628366|1628398|1628404|200746|200752|200765|201942|201988|2544,1628366|1628398|1628404|200765|2544,1627854|200746|200752|201942|201988,,,1610612747.0,21800082,True
4,PT01M05.00S,01:05,Q4 01:05,1.0833333333333333,664,freethrow,James Free Throw 2 of 2 (35 PTS),[],James,106,102,Made,False,False,2544.0,,freethrow,2pt missed,,,,1627854|1628366|1628398|1628404|200746|200752|200765|201942|201988|2544,1628366|1628398|1628404|200765|2544,1627854|200746|200752|201942|201988,,,1610612747.0,21800082,True
4,PT00M45.20S,00:45,Q4 00:45,0.7533333333333334,665,2pt,MISS Aldridge 14' Turnaround Jump Shot,[],Aldridge,106,102,Missed,True,False,200746.0,,freethrow,rebound,,,,1627854|1628366|1628398|1628404|200746|200752|200765|201942|201988|2544,1627854|200746|200752|201942|201988,1628366|1628398|1628404|200765|2544,-129.0,56.0,1610612759.0,21800082,True
4,PT00M42.90S,00:42,Q4 00:42,0.715,666,rebound,Ball REBOUND (Off:0 Def:2),[],Ball,106,102,,False,False,1628366.0,,2pt missed,3pt made,,,,1627854|1628366|1628398|1628404|200746|200752|200765|201942|201988|2544,1628366|1628398|1628404|200765|2544,1627854|200746|200752|201942|201988,,,1610612747.0,21800082,True
4,PT00M37.10S,00:37,Q4 00:37,0.6183333333333334,667,3pt,Hart 26' 3PT Jump Shot (8 PTS) (James 4 AST),[],Hart,106,105,Made,True,True,1628404.0,2544.0,rebound,2pt made,,,,1627854|1628366|1628398|1628404|200746|200752|200765|201942|201988|2544,1628366|1628398|1628404|200765|2544,1627854|200746|200752|201942|201988,-193.0,172.0,1610612747.0,21800082,True
4,PT00M15.90S,00:15,Q4 00:15,0.265,669,2pt,DeRozan 16' Jump Shot (30 PTS),[],DeRozan,108,105,Made,True,False,201942.0,,3pt made,timeout,,,,1627854|1628366|1628398|1628404|200746|200752|200765|201942|201988|2544,1627854|200746|200752|201942|201988,1628366|1628398|1628404|200765|2544,40.0,155.0,1610612759.0,21800082,True
4,PT00M15.90S,00:15,Q4 00:15,0.265,670,timeout,Lakers Timeout: Regular (Reg.7 Short 0),[],,108,105,,False,False,0.0,,2pt made,substitution,,,,1627854|1628366|1628398|1628404|200746|200752|200765|201942|201988|2544,1628366|1628398|1628404|200765|2544,1627854|200746|200752|201942|201988,,,1610612747.0,21800082,True
4,PT00M15.90S,00:15,Q4 00:15,0.265,676,substitution,SUB out: L. Aldridge,[],Aldridge,108,105,,False,False,200746.0,,timeout,substitution,,,,1627854|1628366|1628398|1628404|200752|200765|201942|201988|2544,1627854|200752|201942|201988,1628366|1628398|1628404|200765|2544,,,1610612759.0,21800082,False
4,PT00M15.90S,00:15,Q4 00:15,0.265,677,substitution,SUB in: D. Cunningham,[],Cunningham,108,105,,False,False,201967.0,,substitution,3pt missed,,,,1627854|1628366|1628398|1628404|200752|200765|201942|201967|201988|2544,1627854|200752|201942|201967|201988,1628366|1628398|1628404|200765|2544,,,1610612759.0,21800082,True
4,PT00M05.10S,00:05,Q4 00:05,0.08499999999999999,671,3pt,MISS James 31' 3PT Pullup Jump Shot,[],James,108,105,Missed,True,False,2544.0,,substitution,rebound,,,,1627854|1628366|1628398|1628404|200752|200765|201942|201967|201988|2544,1628366|1628398|1628404|200765|2544,1627854|200752|201942|201967|201988,-157.0,264.0,1610612747.0,21800082,True
4,PT00M03.50S,00:03,Q4 00:03,0.058333333333333334,672,rebound,TEAM offensive REBOUND,['team'],,108,105,,False,False,0.0,,3pt missed,foul,,,,1627854|1628366|1628398|1628404|200752|200765|201942|201967|201988|2544,1628366|1628398|1628404|200765|2544,1627854|200752|201942|201967|201988,,,1610612747.0,21800082,True
4,PT00M03.50S,00:03,Q4 00:03,0.058333333333333334,673,foul,DeRozan L.B.FOUL (P4.PN) (G.Petraitis),['inpenalty'],DeRozan,108,105,,False,False,201942.0,,rebound,freethrow,1628404.0,,,1627854|1628366|1628398|1628404|200752|200765|201942|201967|201988|2544,1627854|200752|201942|201967|201988,1628366|1628398|1628404|200765|2544,,,1610612759.0,21800082,True
4,PT00M03.50S,00:03,Q4 00:03,0.058333333333333334,675,freethrow,Hart Free Throw 1 of 2 (9 PTS),[],Hart,108,106,Made,False,False,1628404.0,,foul,freethrow,,,,1627854|1628366|1628398|1628404|200752|200765|201942|201967|201988|2544,1628366|1628398|1628404|200765|2544,1627854|200752|201942|201967|201988,,,1610612747.0,21800082,True
4,PT00M03.50S,00:03,Q4 00:03,0.058333333333333334,684,freethrow,MISS Hart Free Throw 2 of 2,[],Hart,108,106,Missed,False,False,1628404.0,,freethrow,substitution,,,,1627854|1628366|1628398|1628404|200752|200765|201942|201967|201988|2544,1628366|1628398|1628404|200765|2544,1627854|200752|201942|201967|201988,,,1610612747.0,21800082,True
4,PT00M03.50S,00:03,Q4 00:03,0.058333333333333334,678,substitution,SUB out: R. Gay,[],Gay,108,106,,False,False,200752.0,,freethrow,substitution,,,,1627854|1628366|1628398|1628404|200765|201942|201967|201988|2544,1627854|201942|201967|201988,1628366|1628398|1628404|200765|2544,,,1610612759.0,21800082,False
4,PT00M03.50S,00:03,Q4 00:03,0.058333333333333334,679,substitution,SUB out: D. Cunningham,[],Cunningham,108,106,,False,False,201967.0,,substitution,substitution,,,,1627854|1628366|1628398|1628404|200765|201942|201988|2544,1627854|201942|201988,1628366|1628398|1628404|200765|2544,,,1610612759.0,21800082,False
4,PT00M03.50S,00:03,Q4 00:03,0.058333333333333334,680,substitution,SUB out: K. Kuzma,[],Kuzma,108,106,,False,False,1628398.0,,substitution,substitution,,,,1627854|1628366|1628404|200765|201942|201988|2544,1628366|1628404|200765|2544,1627854|201942|201988,,,1610612747.0,21800082,False
4,PT00M03.50S,00:03,Q4 00:03,0.058333333333333334,681,substitution,SUB in: L. Aldridge,[],Aldridge,108,106,,False,False,200746.0,,substitution,substitution,,,,1627854|1628366|1628404|200746|200765|201942|201988|2544,1627854|200746|201942|201988,1628366|1628404|200765|2544,,,1610612759.0,21800082,False
4,PT00M03.50S,00:03,Q4 00:03,0.058333333333333334,682,substitution,SUB in: P. Gasol,[],Gasol,108,106,,False,False,2200.0,,substitution,substitution,,,,1627854|1628366|1628404|200746|200765|201942|201988|2200|2544,1627854|200746|201942|201988|2200,1628366|1628404|200765|2544,,,1610612759.0,21800082,False
4,PT00M03.50S,00:03,Q4 00:03,0.058333333333333334,683,substitution,SUB in: J. McGee,[],McGee,108,106,,False,False,201580.0,,substitution,rebound,,,,1627854|1628366|1628404|200746|200765|201580|201942|201988|2200|2544,1628366|1628404|200765|201580|2544,1627854|200746|201942|201988|2200,,,1610612747.0,21800082,True
4,PT00M02.40S,00:02,Q4 00:02,0.04,685,rebound,Gasol REBOUND (Off:5 Def:7),[],Gasol,108,106,,False,False,2200.0,,substitution,foul,,,,1627854|1628366|1628404|200746|200765|201580|201942|201988|2200|2544,1627854|200746|201942|201988|2200,1628366|1628404|200765|201580|2544,,,1610612759.0,21800082,True
4,PT00M02.40S,00:02,Q4 00:02,0.04,686,foul,Rondo P.FOUL (P4.PN) (J.DeRosa),['inpenalty'],Rondo,108,106,,False,False,200765.0,,rebound,freethrow,2200.0,,,1627854|1628366|1628404|200746|200765|201580|201942|201988|2200|2544,1628366|1628404|200765|201580|2544,1627854|200746|201942|201988|2200,,,1610612747.0,21800082,True
4,PT00M02.40S,00:02,Q4 00:02,0.04,688,freethrow,Gasol Free Throw 1 of 2 (10 PTS),[],Gasol,109,106,Made,False,False,2200.0,,foul,freethrow,,,,1627854|1628366|1628404|200746|200765|201580|201942|201988|2200|2544,1627854|200746|201942|201988|2200,1628366|1628404|200765|201580|2544,,,1610612759.0,21800082,True
4,PT00M02.40S,00:02,Q4 00:02,0.04,691,freethrow,Gasol Free Throw 2 of 2 (11 PTS),[],Gasol,110,106,Made,False,False,2200.0,,freethrow,substitution,,,,1627854|1628366|1628404|200746|200765|201580|201942|201988|2200|2544,1627854|200746|201942|201988|2200,1628366|1628404|200765|201580|2544,,,1610612759.0,21800082,True
4,PT00M02.40S,00:02,Q4 00:02,0.04,689,substitution,SUB out: L. Aldridge,[],Aldridge,109,106,,False,False,200746.0,,freethrow,substitution,,,,1627854|1628366|1628404|200765|201580|201942|201988|2200|2544,1627854|201942|201988|2200,1628366|1628404|200765|201580|2544,,,1610612759.0,21800082,False
4,PT00M02.40S,00:02,Q4 00:02,0.04,690,substitution,SUB in: D. Cunningham,[],Cunningham,109,106,,False,False,201967.0,,substitution,turnover,,,,1627854|1628366|1628404|200765|201580|201942|201967|201988|2200|2544,1627854|201942|201967|201988|2200,1628366|1628404|200765|201580|2544,,,1610612759.0,21800082,True
4,PT00M00.00S,00:00,Q4 00:00,0.0,692,turnover,Rondo Bad Pass Turnover (P2.T17),[],Rondo,110,106,,False,False,200765.0,,substitution,steal,,,,1627854|1628366|1628404|200765|201580|201942|201967|201988|2200|2544,1628366|1628404|200765|201580|2544,1627854|201942|201967|201988|2200,,,1610612747.0,21800082,True
4,PT00M00.00S,00:00,Q4 00:00,0.0,692,steal,Cunningham STEAL (1 STL),[],Cunningham,110,106,,False,False,201967.0,,turnover,period,,201967.0,,1627854|1628366|1628404|200765|201580|201942|201967|201988|2200|2544,1627854|201942|201967|201988|2200,1628366|1628404|200765|201580|2544,,,1610612759.0,21800082,True
4,PT00M00.00S,00:00,Q4 00:00,0.0,694,period,End of 4th Period (10:56 PM EST),[],,110,106,,False,False,0.0,,steal,,,,,1627854|1628366|1628404|200765|201580|201942|201967|201988|2200|2544,1627854|201942|201967|201988|2200,1628366|1628404|200765|201580|2544,,,1610612759.0,21800082,True
