period,clock,clock_display,game_clock,minutes_left_in_game,actionNumber,actionType,description,qualifier,playerName,scoreHome,scoreAway,shotResult,isFieldGoal,assisted,person_id,assister_id,previous_action,next_action,foulDrawnPersonId,stealPersonId,blockPersonId,players_on,off_players_on,def_players_on,xLegacy,yLegacy,teamId,game_id,poc_ok
1,PT12M00.00S,12:00,Q1 12:00,48.0,2,period,Start of 1st Period (6:11 PM EST),[],,0,0,,False,False,0.0,,,2pt missed,,,,1626156|1626178|1627732|1628386|200755|201163|202710|203459|203925|203954,1626156|1626178|1628386|203459|203925,1627732|200755|201163|202710|203954,,,1610612751.0,21800289,True
1,PT11M45.00S,11:45,Q1 11:45,47.75,7,2pt,MISS Chandler 14' Step Back Jump Shot,[],Chandler,0,0,Missed,True,False,201163.0,,period,rebound,,,,1626156|1626178|1627732|1628386|200755|201163|202710|203459|203925|203954,1627732|200755|201163|202710|203954,1626156|1626178|1628386|203459|203925,101.0,98.0,1610612755.0,21800289,True
1,PT11M39.00S,11:39,Q1 11:39,47.65,8,rebound,Allen REBOUND (Off:0 Def:1),[],Allen,0,0,,False,False,1628386.0,,2pt missed,2pt missed,,,,1626156|1626178|1627732|1628386|200755|201163|202710|203459|203925|203954,1626156|1626178|1628386|203459|203925,1627732|200755|201163|202710|203954,,,1610612751.0,21800289,True
1,PT11M20.00S,11:20,Q1 11:20,47.333333333333336,9,2pt,MISS Harris 3' Driving Layup,['pointsinthepaint'],Harris,0,0,Missed,True,False,203925.0,,rebound,rebound,,,,1626156|1626178|1627732|1628386|200755|201163|202710|203459|203925|203954,1626156|1626178|1628386|203459|203925,1627732|200755|201163|202710|203954,-19.0,23.0,1610612751.0,21800289,True
1,PT11M18.00S,11:18,Q1 11:18,47.3,10,rebound,Redick REBOUND (Off:0 Def:1),[],Redick,0,0,,False,False,200755.0,,2pt missed,2pt made,,,,1626156|1626178|1627732|1628386|200755|201163|202710|203459|203925|203954,1627732|200755|201163|202710|203954,1626156|1626178|1628386|203459|203925,,,1610612755.0,21800289,True
1,PT11M12.00S,11:12,Q1 11:12,47.2,11,2pt,Simmons 3' Turnaround Hook Shot (2 PTS),['pointsinthepaint'],Simmons,0,2,Made,True,False,1627732.0,,rebound,2pt made,,,,1626156|1626178|1627732|1628386|200755|201163|202710|203459|203925|203954,1627732|200755|201163|202710|203954,1626156|1626178|1628386|203459|203925,-4.0,31.0,1610612755.0,21800289,True
1,PT10M56.00S,10:56,Q1 10:56,46.93333333333334,12,2pt,Russell 17' Pullup Jump Shot (2 PTS),[],Russell,2,2,Made,True,False,1626156.0,,2pt made,foul,,,,1626156|1626178|1627732|1628386|200755|201163|202710|203459|203925|203954,1626156|1626178|1628386|203459|203925,1627732|200755|201163|202710|203954,-111.0,132.0,1610612751.0,21800289,True
1,PT10M56.00S,10:56,Q1 10:56,46.93333333333334,13,foul,Butler S.FOUL (P1.T1) (B.Adair),[],Butler,2,2,,False,False,202710.0,,2pt made,freethrow,1626156.0,,,1626156|1626178|1627732|1628386|200755|201163|202710|203459|203925|203954,1627732|200755|201163|202710|203954,1626156|1626178|1628386|203459|203925,,,1610612755.0,21800289,True
1,PT10M56.00S,10:56,Q1 10:56,46.93333333333334,15,freethrow,Russell Free Throw 1 of 1 (3 PTS),[],Russell,3,2,Made,False,False,1626156.0,,foul,2pt missed,,,,1626156|1626178|1627732|1628386|200755|201163|202710|203459|203925|203954,1626156|1626178|1628386|203459|203925,1627732|200755|201163|202710|203954,,,1610612751.0,21800289,True
1,PT10M41.00S,10:41,Q1 10:41,46.68333333333334,16,2pt,MISS Simmons 12' Floating Jump Shot,['pointsinthepaint'],Simmons,3,2,Missed,True,False,1627732.0,,freethrow,rebound,,,,1626156|1626178|1627732|1628386|200755|201163|202710|203459|203925|203954,1627732|200755|201163|202710|203954,1626156|1626178|1628386|203459|203925,74.0,99.0,1610612755.0,21800289,True
1,PT10M38.00S,10:38,Q1 10:38,46.63333333333333,17,rebound,Butler REBOUND (Off:1 Def:0),[],Butler,3,2,,False,False,202710.0,,2pt missed,2pt missed,,,,1626156|1626178|1627732|1628386|200755|201163|202710|203459|203925|203954,1627732|200755|201163|202710|203954,1626156|1626178|1628386|203459|203925,,,1610612755.0,21800289,True
1,PT10M28.00S,10:28,Q1 10:28,46.46666666666667,19,2pt,MISS Embiid 14' Jump Shot,[],Embiid,3,2,Missed,True,False,203954.0,,rebound,rebound,,,,1626156|1626178|1627732|1628386|200755|201163|202710|203459|203925|203954,1627732|200755|201163|202710|203954,1626156|1626178|1628386|203459|203925,-129.0,42.0,1610612755.0,21800289,True
1,PT10M26.00S,10:26,Q1 10:26,46.43333333333334,20,rebound,Russell REBOUND (Off:0 Def:1),[],Russell,3,2,,False,False,1626156.0,,2pt missed,2pt made,,,,1626156|1626178|1627732|1628386|200755|201163|202710|203459|203925|203954,1626156|1626178|1628386|203459|203925,1627732|200755|201163|202710|203954,,,1610612751.0,21800289,True
1,PT10M19.00S,10:19,Q1 10:19,46.31666666666666,21,2pt,Allen 2' Cutting Layup Shot (2 PTS) (Russell 1 AST),['pointsinthepaint'],Allen,5,2,Made,True,True,1628386.0,1626156.0,rebound,3pt made,,,,1626156|1626178|1627732|1628386|200755|201163|202710|203459|203925|203954,1626156|1626178|1628386|203459|203925,1627732|200755|201163|202710|203954,-13.0,12.0,1610612751.0,21800289,True
1,PT10M07.00S,10:07,Q1 10:07,46.11666666666667,23,3pt,Chandler 26' 3PT Jump Shot (3 PTS) (Redick 1 AST),[],Chandler,5,5,Made,True,True,201163.0,200755.0,2pt made,2pt made,,,,1626156|1626178|1627732|1628386|200755|201163|202710|203459|203925|203954,1627732|200755|201163|202710|203954,1626156|1626178|1628386|203459|203925,174.0,199.0,1610612755.0,21800289,True
1,PT09M51.00S,09:51,Q1 09:51,45.85,25,2pt,Russell 3' Driving Layup (5 PTS),['pointsinthepaint'],Russell,7,5,Made,True,False,1626156.0,,3pt made,2pt missed,,,,1626156|1626178|1627732|1628386|200755|201163|202710|203459|203925|203954,1626156|1626178|1628386|203459|203925,1627732|200755|201163|202710|203954,-20.0,23.0,1610612751.0,21800289,True
1,PT09M39.00S,09:39,Q1 09:39,45.65,26,2pt,MISS Redick 23' Pullup Jump Shot,[],Redick,7,5,Missed,True,False,200755.0,,2pt made,rebound,,,,1626156|1626178|1627732|1628386|200755|201163|202710|203459|203925|203954,1627732|200755|201163|202710|203954,1626156|1626178|1628386|203459|203925,99.0,210.0,1610612755.0,21800289,True
1,PT09M35.00S,09:35,Q1 09:35,45.583333333333336,27,rebound,Harris REBOUND (Off:0 Def:1),[],Harris,7,5,,False,False,203925.0,,2pt missed,turnover,,,,1626156|1626178|1627732|1628386|200755|201163|202710|203459|203925|203954,1626156|1626178|1628386|203459|203925,1627732|200755|201163|202710|203954,,,1610612751.0,21800289,True
1,PT09M30.00S,09:30,Q1 09:30,45.5,28,turnover,Harris Out of Bounds - Bad Pass Turnover Turnover (P1.T1),[],Harris,7,5,,False,False,203925.0,,rebound,turnover,,,,1626156|1626178|1627732|1628386|200755|201163|202710|203459|203925|203954,1626156|1626178|1628386|203459|203925,1627732|200755|201163|202710|203954,,,1610612751.0,21800289,True
1,PT09M22.00S,09:22,Q1 09:22,45.36666666666667,29,turnover,Embiid Out of Bounds - Bad Pass Turnover Turnover (P1.T1),[],Embiid,7,5,,False,False,203954.0,,turnover,3pt missed,,,,1626156|1626178|1627732|1628386|200755|201163|202710|203459|203925|203954,1627732|200755|201163|202710|203954,1626156|1626178|1628386|203459|203925,,,1610612755.0,21800289,True
1,PT09M04.00S,09:04,Q1 09:04,45.06666666666666,31,3pt,MISS Crabbe 26' 3PT Jump Shot,[],Crabbe,7,5,Missed,True,False,203459.0,,turnover,rebound,,,,1626156|1626178|1627732|1628386|200755|201163|202710|203459|203925|203954,1626156|1626178|1628386|203459|203925,1627732|200755|201163|202710|203954,-175.0,190.0,1610612751.0,21800289,True
1,PT09M01.00S,09:01,Q1 09:01,45.016666666666666,32,rebound,Embiid REBOUND (Off:0 Def:1),[],Embiid,7,5,,False,False,203954.0,,3pt missed,2pt made,,,,1626156|1626178|1627732|1628386|200755|201163|202710|203459|203925|203954,1627732|200755|201163|202710|203954,1626156|1626178|1628386|203459|203925,,,1610612755.0,21800289,True
1,PT08M53.00S,08:53,Q1 08:53,44.88333333333333,33,2pt,Butler 2' Driving Layup (2 PTS),['pointsinthepaint'],Butler,7,7,Made,True,False,202710.0,,rebound,3pt missed,,,,1626156|1626178|1627732|1628386|200755|201163|202710|203459|203925|203954,1627732|200755|201163|202710|203954,1626156|1626178|1628386|203459|203925,13.0,10.0,1610612755.0,21800289,True
1,PT08M41.00S,08:41,Q1 08:41,44.68333333333334,34,3pt,MISS Harris 3PT Jump Shot,[],Harris,7,7,Missed,True,False,203925.0,,2pt made,rebound,,,,1626156|1626178|1627732|1628386|200755|201163|202710|203459|203925|203954,1626156|1626178|1628386|203459|203925,1627732|200755|201163|202710|203954,223.0,25.0,1610612751.0,21800289,True
1,PT08M37.00S,08:37,Q1 08:37,44.61666666666667,35,rebound,Butler REBOUND (Off:1 Def:1),[],Butler,7,7,,False,False,202710.0,,3pt missed,2pt missed,,,,1626156|1626178|1627732|1628386|200755|201163|202710|203459|203925|203954,1627732|200755|201163|202710|203954,1626156|1626178|1628386|203459|203925,,,1610612755.0,21800289,True
1,PT08M30.00S,08:30,Q1 08:30,44.5,36,2pt,MISS Butler 9' Driving Floating Jump Shot,['pointsinthepaint'],Butler,7,7,Missed,True,False,202710.0,,rebound,rebound,,,,1626156|1626178|1627732|1628386|200755|201163|202710|203459|203925|203954,1627732|200755|201163|202710|203954,1626156|1626178|1628386|203459|203925,52.0,68.0,1610612755.0,21800289,True
1,PT08M27.00S,08:27,Q1 08:27,44.45,37,rebound,Hollis-Jefferson REBOUND (Off:0 Def:1),[],Hollis-Jefferson,7,7,,False,False,1626178.0,,2pt missed,turnover,,,,1626156|1626178|1627732|1628386|200755|201163|202710|203459|203925|203954,1626156|1626178|1628386|203459|203925,1627732|200755|201163|202710|203954,,,1610612751.0,21800289,True
1,PT08M22.00S,08:22,Q1 08:22,44.36666666666667,38,turnover,Allen Bad Pass Turnover (P1.T2),[],Allen,7,7,,False,False,1628386.0,,rebound,steal,,,,1626156|1626178|1627732|1628386|200755|201163|202710|203459|203925|203954,1626156|1626178|1628386|203459|203925,1627732|200755|201163|202710|203954,,,1610612751.0,21800289,True
1,PT08M22.00S,08:22,Q1 08:22,44.36666666666667,38,steal,Butler STEAL (1 STL),[],Butler,7,7,,False,False,202710.0,,turnover,foul,,202710.0,,1626156|1626178|1627732|1628386|200755|201163|202710|203459|203925|203954,1627732|200755|201163|202710|203954,1626156|1626178|1628386|203459|203925,,,1610612755.0,21800289,True
1,PT08M20.00S,08:20,Q1 08:20,44.333333333333336,40,foul,Harris S.FOUL (P1.T1) (B.Adair),[],Harris,7,7,,False,False,203925.0,,steal,freethrow,1627732.0,,,1626156|1626178|1627732|1628386|200755|201163|202710|203459|203925|203954,1626156|1626178|1628386|203459|203925,1627732|200755|201163|202710|203954,,,1610612751.0,21800289,True
1,PT08M20.00S,08:20,Q1 08:20,44.333333333333336,42,freethrow,MISS Simmons Free Throw 1 of 2,[],Simmons,7,7,Missed,False,False,1627732.0,,foul,rebound,,,,1626156|1626178|1627732|1628386|200755|201163|202710|203459|203925|203954,1627732|200755|201163|202710|203954,1626156|1626178|1628386|203459|203925,,,1610612755.0,21800289,True
1,PT08M20.00S,08:20,Q1 08:20,44.333333333333336,43,rebound,TEAM offensive REBOUND,['team'],,7,7,,False,False,0.0,,freethrow,freethrow,,,,1626156|1626178|1627732|1628386|200755|201163|202710|203459|203925|203954,1627732|200755|201163|202710|203954,1626156|1626178|1628386|203459|203925,,,1610612755.0,21800289,True
1,PT08M20.00S,08:20,Q1 08:20,44.333333333333336,44,freethrow,MISS Simmons Free Throw 2 of 2,['2ndchance'],Simmons,7,7,Missed,False,False,1627732.0,,rebound,rebound,,,,1626156|1626178|1627732|1628386|200755|201163|202710|203459|203925|203954,1627732|200755|201163|202710|203954,1626156|1626178|1628386|203459|203925,,,1610612755.0,21800289,True
1,PT08M17.00S,08:17,Q1 08:17,44.28333333333333,45,rebound,Allen REBOUND (Off:0 Def:2),[],Allen,7,7,,False,False,1628386.0,,freethrow,2pt made,,,,1626156|1626178|1627732|1628386|200755|201163|202710|203459|203925|203954,1626156|1626178|1628386|203459|203925,1627732|200755|201163|202710|203954,,,1610612751.0,21800289,True
1,PT08M05.00S,08:05,Q1 08:05,44.083333333333336,46,2pt,Russell 18' Pullup Jump Shot (7 PTS),[],Russell,9,7,Made,True,False,1626156.0,,rebound,2pt made,,,,1626156|1626178|1627732|1628386|200755|201163|202710|203459|203925|203954,1626156|1626178|1628386|203459|203925,1627732|200755|201163|202710|203954,75.0,168.0,1610612751.0,21800289,True
1,PT07M49.00S,07:49,Q1 07:49,43.81666666666666,47,2pt,Embiid 2' Dunk (2 PTS) (Chandler 1 AST),['pointsinthepaint'],Embiid,9,9,Made,True,True,203954.0,201163.0,2pt made,foul,,,,1626156|1626178|1627732|1628386|200755|201163|202710|203459|203925|203954,1627732|200755|201163|202710|203954,1626156|1626178|1628386|203459|203925,13.0,13.0,1610612755.0,21800289,True
1,PT07M31.00S,07:31,Q1 07:31,43.516666666666666,49,foul,Chandler P.FOUL (P1.T2) (E.Lewis),[],Chandler,9,9,,False,False,201163.0,,2pt made,2pt made,1626156.0,,,1626156|1626178|1627732|1628386|200755|201163|202710|203459|203925|203954,1627732|200755|201163|202710|203954,1626156|1626178|1628386|203459|203925,,,1610612755.0,21800289,True
1,PT07M19.00S,07:19,Q1 07:19,43.31666666666666,51,2pt,Russell 7' Floating Jump Shot (9 PTS),['pointsinthepaint'],Russell,11,9,Made,True,False,1626156.0,,foul,3pt missed,,,,1626156|1626178|1627732|1628386|200755|201163|202710|203459|203925|203954,1626156|1626178|1628386|203459|203925,1627732|200755|201163|202710|203954,0.0,65.0,1610612751.0,21800289,True
1,PT07M11.00S,07:11,Q1 07:11,43.18333333333334,52,3pt,MISS Redick 25' 3PT Jump Shot,[],Redick,11,9,Missed,True,False,200755.0,,2pt made,rebound,,,,1626156|1626178|1627732|1628386|200755|201163|202710|203459|203925|203954,1627732|200755|201163|202710|203954,1626156|1626178|1628386|203459|203925,220.0,124.0,1610612755.0,21800289,True
1,PT07M08.00S,07:08,Q1 07:08,43.13333333333333,53,rebound,Russell REBOUND (Off:0 Def:2),[],Russell,11,9,,False,False,1626156.0,,3pt missed,2pt missed,,,,1626156|1626178|1627732|1628386|200755|201163|202710|203459|203925|203954,1626156|1626178|1628386|203459|203925,1627732|200755|201163|202710|203954,,,1610612751.0,21800289,True
1,PT07M04.00S,07:04,Q1 07:04,43.06666666666666,54,2pt,MISS Hollis-Jefferson 1' Driving Layup,['pointsinthepaint'],Hollis-Jefferson,11,9,Missed,True,False,1626178.0,,rebound,rebound,,,,1626156|1626178|1627732|1628386|200755|201163|202710|203459|203925|203954,1626156|1626178|1628386|203459|203925,1627732|200755|201163|202710|203954,2.0,12.0,1610612751.0,21800289,True
1,PT07M03.00S,07:03,Q1 07:03,43.05,55,rebound,Chandler REBOUND (Off:0 Def:1),[],Chandler,11,9,,False,False,201163.0,,2pt missed,2pt made,,,,1626156|1626178|1627732|1628386|200755|201163|202710|203459|203925|203954,1627732|200755|201163|202710|203954,1626156|1626178|1628386|203459|203925,,,1610612755.0,21800289,True
1,PT06M55.00S,06:55,Q1 06:55,42.916666666666664,56,2pt,Embiid 13' Pullup Jump Shot (4 PTS),[],Embiid,11,11,Made,True,False,203954.0,,rebound,2pt made,,,,1626156|1626178|1627732|1628386|200755|201163|202710|203459|203925|203954,1627732|200755|201163|202710|203954,1626156|1626178|1628386|203459|203925,-91.0,88.0,1610612755.0,21800289,True
1,PT06M36.00S,06:36,Q1 06:36,42.6,57,2pt,Harris 2' Driving Finger Roll Layup (2 PTS) (Russell 2 AST),['pointsinthepaint'],Harris,13,11,Made,True,True,203925.0,1626156.0,2pt made,3pt missed,,,,1626156|1626178|1627732|1628386|200755|201163|202710|203459|203925|203954,1626156|1626178|1628386|203459|203925,1627732|200755|201163|202710|203954,-16.0,18.0,1610612751.0,21800289,True
1,PT06M28.00S,06:28,Q1 06:28,42.46666666666667,59,3pt,MISS Embiid 27' 3PT Jump Shot,[],Embiid,13,11,Missed,True,False,203954.0,,2pt made,rebound,,,,1626156|1626178|1627732|1628386|200755|201163|202710|203459|203925|203954,1627732|200755|201163|202710|203954,1626156|1626178|1628386|203459|203925,2.0,274.0,1610612755.0,21800289,True
1,PT06M24.00S,06:24,Q1 06:24,42.4,60,rebound,Allen REBOUND (Off:0 Def:3),[],Allen,13,11,,False,False,1628386.0,,3pt missed,2pt missed,,,,1626156|1626178|1627732|1628386|200755|201163|202710|203459|203925|203954,1626156|1626178|1628386|203459|203925,1627732|200755|201163|202710|203954,,,1610612751.0,21800289,True
1,PT06M09.00S,06:09,Q1 06:09,42.15,61,2pt,MISS Russell 19' Jump Shot,[],Russell,13,11,Missed,True,False,1626156.0,,rebound,rebound,,,,1626156|1626178|1627732|1628386|200755|201163|202710|203459|203925|203954,1626156|1626178|1628386|203459|203925,1627732|200755|201163|202710|203954,-130.0,143.0,1610612751.0,21800289,True
1,PT06M06.00S,06:06,Q1 06:06,42.1,62,rebound,Redick REBOUND (Off:0 Def:2),[],Redick,13,11,,False,False,200755.0,,2pt missed,foul,,,,1626156|1626178|1627732|1628386|200755|201163|202710|203459|203925|203954,1627732|200755|201163|202710|203954,1626156|1626178|1628386|203459|203925,,,1610612755.0,21800289,True
1,PT06M03.00S,06:03,Q1 06:03,42.05,63,foul,Embiid OFF.Foul (P1) (E.Lewis),[],Embiid,13,11,,False,False,203954.0,,rebound,turnover,,,,1626156|1626178|1627732|1628386|200755|201163|202710|203459|203925|203954,1627732|200755|201163|202710|203954,1626156|1626178|1628386|203459|203925,,,1610612755.0,21800289,True
1,PT06M03.00S,06:03,Q1 06:03,42.05,65,turnover,Embiid Offensive Foul Turnover (P2.T2),[],Embiid,13,11,,False,False,203954.0,,foul,timeout,,,,1626156|1626178|1627732|1628386|200755|201163|202710|203459|203925|203954,1627732|200755|201163|202710|203954,1626156|1626178|1628386|203459|203925,,,1610612755.0,21800289,True
1,PT06M03.00S,06:03,Q1 06:03,42.05,66,timeout,NETS Timeout: Regular (Full 1 Short 0),[],,13,11,,False,False,0.0,,turnover,substitution,,,,1626156|1626178|1627732|1628386|200755|201163|202710|203459|203925|203954,1626156|1626178|1628386|203459|203925,1627732|200755|201163|202710|203954,,,1610612751.0,21800289,True
1,PT06M03.00S,06:03,Q1 06:03,42.05,67,substitution,SUB out: J. Harris,[],Harris,13,11,,False,False,203925.0,,timeout,substitution,,,,1626156|1626178|1627732|1628386|200755|201163|202710|203459|203954,1626156|1626178|1628386|203459,1627732|200755|201163|202710|203954,,,1610612751.0,21800289,False
1,PT06M03.00S,06:03,Q1 06:03,42.05,68,substitution,SUB out: J. Embiid,[],Embiid,13,11,,False,False,203954.0,,substitution,substitution,,,,1626156|1626178|1627732|1628386|200755|201163|202710|203459,1627732|200755|201163|202710,1626156|1626178|1628386|203459,,,1610612755.0,21800289,False
1,PT06M03.00S,06:03,Q1 06:03,42.05,69,substitution,SUB out: J. Redick,[],Redick,13,11,,False,False,200755.0,,substitution,substitution,,,,1626156|1626178|1627732|1628386|201163|202710|203459,1627732|201163|202710,1626156|1626178|1628386|203459,,,1610612755.0,21800289,False
1,PT06M03.00S,06:03,Q1 06:03,42.05,70,substitution,SUB in: S. Dinwiddie,[],Dinwiddie,13,11,,False,False,203915.0,,substitution,substitution,,,,1626156|1626178|1627732|1628386|201163|202710|203459|203915,1626156|1626178|1628386|203459|203915,1627732|201163|202710,,,1610612751.0,21800289,False
1,PT06M03.00S,06:03,Q1 06:03,42.05,71,substitution,SUB in: L. Shamet,[],Shamet,13,11,,False,False,1629013.0,,substitution,substitution,,,,1626156|1626178|1627732|1628386|1629013|201163|202710|203459|203915,1627732|1629013|201163|202710,1626156|1626178|1628386|203459|203915,,,1610612755.0,21800289,False
1,PT06M03.00S,06:03,Q1 06:03,42.05,72,substitution,SUB in: T. McConnell,[],McConnell,13,11,,False,False,204456.0,,substitution,foul,,,,1626156|1626178|1627732|1628386|1629013|201163|202710|203459|203915|204456,1627732|1629013|201163|202710|204456,1626156|1626178|1628386|203459|203915,,,1610612755.0,21800289,True
1,PT05M46.00S,05:46,Q1 05:46,41.766666666666666,73,foul,McConnell P.FOUL (P1.T3) (M.Kogut),[],McConnell,13,11,,False,False,204456.0,,substitution,3pt missed,203459.0,,,1626156|1626178|1627732|1628386|1629013|201163|202710|203459|203915|204456,1627732|1629013|201163|202710|204456,1626156|1626178|1628386|203459|203915,,,1610612755.0,21800289,True
1,PT05M40.00S,05:40,Q1 05:40,41.666666666666664,75,3pt,MISS Crabbe 27' 3PT Jump Shot,[],Crabbe,13,11,Missed,True,False,203459.0,,foul,rebound,,,,1626156|1626178|1627732|1628386|1629013|201163|202710|203459|203915|204456,1626156|1626178|1628386|203459|203915,1627732|1629013|201163|202710|204456,-43.0,269.0,1610612751.0,21800289,True
1,PT05M37.00S,05:37,Q1 05:37,41.61666666666667,76,rebound,Butler REBOUND (Off:1 Def:2),[],Butler,13,11,,False,False,202710.0,,3pt missed,2pt missed,,,,1626156|1626178|1627732|1628386|1629013|201163|202710|203459|203915|204456,1627732|1629013|201163|202710|204456,1626156|1626178|1628386|203459|203915,,,1610612755.0,21800289,True
1,PT05M31.00S,05:31,Q1 05:31,41.516666666666666,77,2pt,MISS Shamet 18' Pullup Jump Shot,[],Shamet,13,11,Missed,True,False,1629013.0,,rebound,rebound,,,,1626156|1626178|1627732|1628386|1629013|201163|202710|203459|203915|204456,1627732|1629013|201163|202710|204456,1626156|1626178|1628386|203459|203915,-63.0,169.0,1610612755.0,21800289,True
1,PT05M28.00S,05:28,Q1 05:28,41.46666666666667,78,rebound,Dinwiddie REBOUND (Off:0 Def:1),[],Dinwiddie,13,11,,False,False,203915.0,,2pt missed,2pt made,,,,1626156|1626178|1627732|1628386|1629013|201163|202710|203459|203915|204456,1626156|1626178|1628386|203459|203915,1627732|1629013|201163|202710|204456,,,1610612751.0,21800289,True
1,PT05M22.00S,05:22,Q1 05:22,41.36666666666667,79,2pt,Russell 4' Driving Finger Roll Layup (11 PTS),['pointsinthepaint'],Russell,15,11,Made,True,False,1626156.0,,rebound,2pt missed,,,,1626156|1626178|1627732|1628386|1629013|201163|202710|203459|203915|204456,1626156|1626178|1628386|203459|203915,1627732|1629013|201163|202710|204456,-11.0,41.0,1610612751.0,21800289,True
1,PT05M03.00S,05:03,Q1 05:03,41.05,80,2pt,MISS Butler 4' Pullup Jump Shot,['pointsinthepaint'],Butler,15,11,Missed,True,False,202710.0,,2pt made,rebound,,,,1626156|1626178|1627732|1628386|1629013|201163|202710|203459|203915|204456,1627732|1629013|201163|202710|204456,1626156|1626178|1628386|203459|203915,-16.0,34.0,1610612755.0,21800289,True
1,PT05M01.00S,05:01,Q1 05:01,41.016666666666666,81,rebound,McConnell REBOUND (Off:1 Def:0),[],McConnell,15,11,,False,False,204456.0,,2pt missed,2pt made,,,,1626156|1626178|1627732|1628386|1629013|201163|202710|203459|203915|204456,1627732|1629013|201163|202710|204456,1626156|1626178|1628386|203459|203915,,,1610612755.0,21800289,True
1,PT05M00.00S,05:00,Q1 05:00,41.0,82,2pt,McConnell 3' Layup (2 PTS),['pointsinthepaint'],McConnell,15,13,Made,True,False,204456.0,,rebound,3pt made,,,,1626156|1626178|1627732|1628386|1629013|201163|202710|203459|203915|204456,1627732|1629013|201163|202710|204456,1626156|1626178|1628386|203459|203915,25.0,15.0,1610612755.0,21800289,True
1,PT04M45.00S,04:45,Q1 04:45,40.75,83,3pt,Hollis-Jefferson 3PT Jump Shot (3 PTS) (Dinwiddie 1 AST),[],Hollis-Jefferson,18,13,Made,True,True,1626178.0,203915.0,2pt made,3pt made,,,,1626156|1626178|1627732|1628386|1629013|201163|202710|203459|203915|204456,1626156|1626178|1628386|203459|203915,1627732|1629013|201163|202710|204456,230.0,16.0,1610612751.0,21800289,True
1,PT04M35.00S,04:35,Q1 04:35,40.583333333333336,85,3pt,Butler 27' 3PT Jump Shot (5 PTS) (McConnell 1 AST),[],Butler,18,16,Made,True,True,202710.0,204456.0,3pt made,2pt made,,,,1626156|1626178|1627732|1628386|1629013|201163|202710|203459|203915|204456,1627732|1629013|201163|202710|204456,1626156|1626178|1628386|203459|203915,150.0,226.0,1610612755.0,21800289,True
1,PT04M23.00S,04:23,Q1 04:23,40.38333333333333,87,2pt,Hollis-Jefferson 2' Driving Layup (5 PTS) (Russell 3 AST),['pointsinthepaint'],Hollis-Jefferson,20,16,Made,True,True,1626178.0,1626156.0,3pt made,2pt made,,,,1626156|1626178|1627732|1628386|1629013|201163|202710|203459|203915|204456,1626156|1626178|1628386|203459|203915,1627732|1629013|201163|202710|204456,4.0,22.0,1610612751.0,21800289,True
1,PT04M11.00S,04:11,Q1 04:11,40.18333333333334,88,2pt,Chandler 4' Floating Jump Shot (5 PTS),['pointsinthepaint'],Chandler,20,18,Made,True,False,201163.0,,2pt made,2pt made,,,,1626156|1626178|1627732|1628386|1629013|201163|202710|203459|203915|204456,1627732|1629013|201163|202710|204456,1626156|1626178|1628386|203459|203915,-21.0,35.0,1610612755.0,21800289,True
1,PT03M59.00S,03:59,Q1 03:59,39.983333333333334,89,2pt,Allen 4' Hook Shot (4 PTS) (Russell 4 AST),['pointsinthepaint'],Allen,22,18,Made,True,True,1628386.0,1626156.0,2pt made,2pt missed,,,,1626156|1626178|1627732|1628386|1629013|201163|202710|203459|203915|204456,1626156|1626178|1628386|203459|203915,1627732|1629013|201163|202710|204456,38.0,12.0,1610612751.0,21800289,True
1,PT03M51.00S,03:51,Q1 03:51,39.85,92,2pt,MISS Simmons 8' Turnaround Fadeaway Shot,['pointsinthepaint'],Simmons,22,18,Missed,True,False,1627732.0,,2pt made,rebound,,,,1626156|1626178|1627732|1628386|1629013|201163|202710|203459|203915|204456,1627732|1629013|201163|202710|204456,1626156|1626178|1628386|203459|203915,62.0,57.0,1610612755.0,21800289,True
1,PT03M47.00S,03:47,Q1 03:47,39.78333333333333,93,rebound,Butler REBOUND (Off:2 Def:2),[],Butler,22,18,,False,False,202710.0,,2pt missed,2pt missed,,,,1626156|1626178|1627732|1628386|1629013|201163|202710|203459|203915|204456,1627732|1629013|201163|202710|204456,1626156|1626178|1628386|203459|203915,,,1610612755.0,21800289,True
1,PT03M34.00S,03:34,Q1 03:34,39.56666666666666,94,2pt,MISS Simmons 10' Turnaround Hook Shot,[],Simmons,22,18,Missed,True,False,1627732.0,,rebound,rebound,,,,1626156|1626178|1627732|1628386|1629013|201163|202710|203459|203915|204456,1627732|1629013|201163|202710|204456,1626156|1626178|1628386|203459|203915,99.0,4.0,1610612755.0,21800289,True
1,PT03M31.00S,03:31,Q1 03:31,39.516666666666666,95,rebound,Russell REBOUND (Off:0 Def:3),[],Russell,22,18,,False,False,1626156.0,,2pt missed,2pt missed,,,,1626156|1626178|1627732|1628386|1629013|201163|202710|203459|203915|204456,1626156|1626178|1628386|203459|203915,1627732|1629013|201163|202710|204456,,,1610612751.0,21800289,True
1,PT03M22.00S,03:22,Q1 03:22,39.36666666666667,96,2pt,MISS Russell 16' Pullup Jump Shot,[],Russell,22,18,Missed,True,False,1626156.0,,rebound,rebound,,,,1626156|1626178|1627732|1628386|1629013|201163|202710|203459|203915|204456,1626156|1626178|1628386|203459|203915,1627732|1629013|201163|202710|204456,84.0,138.0,1610612751.0,21800289,True
1,PT03M19.00S,03:19,Q1 03:19,39.31666666666666,97,rebound,McConnell REBOUND (Off:1 Def:1),[],McConnell,22,18,,False,False,204456.0,,2pt missed,foul,,,,1626156|1626178|1627732|1628386|1629013|201163|202710|203459|203915|204456,1627732|1629013|201163|202710|204456,1626156|1626178|1628386|203459|203915,,,1610612755.0,21800289,True
1,PT03M15.00S,03:15,Q1 03:15,39.25,98,foul,Allen S.FOUL (P1.T2) (M.Kogut),[],Allen,22,18,,False,False,1628386.0,,rebound,freethrow,1627732.0,,,1626156|1626178|1627732|1628386|1629013|201163|202710|203459|203915|204456,1626156|1626178|1628386|203459|203915,1627732|1629013|201163|202710|204456,,,1610612751.0,21800289,True
1,PT03M15.00S,03:15,Q1 03:15,39.25,100,freethrow,MISS Simmons Free Throw 1 of 2,[],Simmons,22,18,Missed,False,False,1627732.0,,foul,rebound,,,,1626156|1626178|1627732|1628386|1629013|201163|202710|203459|203915|204456,1627732|1629013|201163|202710|204456,1626156|1626178|1628386|203459|203915,,,1610612755.0,21800289,True
1,PT03M15.00S,03:15,Q1 03:15,39.25,101,rebound,TEAM offensive REBOUND,['team'],,22,18,,False,False,0.0,,freethrow,freethrow,,,,1626156|1626178|1627732|1628386|1629013|201163|202710|203459|203915|204456,1627732|1629013|201163|202710|204456,1626156|1626178|1628386|203459|203915,,,1610612755.0,21800289,True
1,PT03M15.00S,03:15,Q1 03:15,39.25,117,freethrow,Simmons Free Throw 2 of 2 (3 PTS),[],Simmons,22,19,Made,False,False,1627732.0,,rebound,substitution,,,,1626156|1626178|1627732|1628386|1629013|201163|202710|203459|203915|204456,1627732|1629013|201163|202710|204456,1626156|1626178|1628386|203459|203915,,,1610612755.0,21800289,True
1,PT03M15.00S,03:15,Q1 03:15,39.25,102,substitution,SUB out: D. Russell,[],Russell,22,18,,False,False,1626156.0,,freethrow,substitution,,,,1626178|1627732|1628386|1629013|201163|202710|203459|203915|204456,1626178|1628386|203459|203915,1627732|1629013|201163|202710|204456,,,1610612751.0,21800289,False
1,PT03M15.00S,03:15,Q1 03:15,39.25,103,substitution,SUB out: R. Hollis-Jefferson,[],Hollis-Jefferson,22,18,,False,False,1626178.0,,substitution,substitution,,,,1627732|1628386|1629013|201163|202710|203459|203915|204456,1628386|203459|203915,1627732|1629013|201163|202710|204456,,,1610612751.0,21800289,False
1,PT03M15.00S,03:15,Q1 03:15,39.25,104,substitution,SUB out: J. Allen,[],Allen,22,18,,False,False,1628386.0,,substitution,substitution,,,,1627732|1629013|201163|202710|203459|203915|204456,203459|203915,1627732|1629013|201163|202710|204456,,,1610612751.0,21800289,False
1,PT03M15.00S,03:15,Q1 03:15,39.25,105,substitution,SUB out: A. Crabbe,[],Crabbe,22,18,,False,False,203459.0,,substitution,substitution,,,,1627732|1629013|201163|202710|203915|204456,203915,1627732|1629013|201163|202710|204456,,,1610612751.0,21800289,False
1,PT03M15.00S,03:15,Q1 03:15,39.25,106,substitution,SUB out: W. Chandler,[],Chandler,22,18,,False,False,201163.0,,substitution,substitution,,,,1627732|1629013|202710|203915|204456,1627732|1629013|202710|204456,203915,,,1610612755.0,21800289,False
1,PT03M15.00S,03:15,Q1 03:15,39.25,107,substitution,SUB out: J. Butler,[],Butler,22,18,,False,False,202710.0,,substitution,substitution,,,,1627732|1629013|203915|204456,1627732|1629013|204456,203915,,,1610612755.0,21800289,False
1,PT03M15.00S,03:15,Q1 03:15,39.25,108,substitution,SUB out: L. Shamet,[],Shamet,22,18,,False,False,1629013.0,,substitution,substitution,,,,1627732|203915|204456,1627732|204456,203915,,,1610612755.0,21800289,False
1,PT03M15.00S,03:15,Q1 03:15,39.25,109,substitution,SUB in: J. Dudley,[],Dudley,22,18,,False,False,201162.0,,substitution,substitution,,,,1627732|201162|203915|204456,201162|203915,1627732|204456,,,1610612751.0,21800289,False
1,PT03M15.00S,03:15,Q1 03:15,39.25,110,substitution,SUB in: D. Carroll,[],Carroll,22,18,,False,False,201960.0,,substitution,substitution,,,,1627732|201162|201960|203915|204456,201162|201960|203915,1627732|204456,,,1610612751.0,21800289,False
1,PT03M15.00S,03:15,Q1 03:15,39.25,111,substitution,SUB in: S. Napier,[],Napier,22,18,,False,False,203894.0,,substitution,substitution,,,,1627732|201162|201960|203894|203915|204456,201162|201960|203894|203915,1627732|204456,,,1610612751.0,21800289,False
1,PT03M15.00S,03:15,Q1 03:15,39.25,112,substitution,SUB in: E. Davis,[],Davis,22,18,,False,False,202334.0,,substitution,substitution,,,,1627732|201162|201960|202334|203894|203915|204456,201162|201960|202334|203894|203915,1627732|204456,,,1610612751.0,21800289,False
1,PT03M15.00S,03:15,Q1 03:15,39.25,113,substitution,SUB in: M. Muscala,[],Muscala,22,18,,False,False,203488.0,,substitution,substitution,,,,1627732|201162|201960|202334|203488|203894|203915|204456,1627732|203488|204456,201162|201960|202334|203894|203915,,,1610612755.0,21800289,False
1,PT03M15.00S,03:15,Q1 03:15,39.25,114,substitution,SUB in: J. Redick,[],Redick,22,18,,False,False,200755.0,,substitution,substitution,,,,1627732|200755|201162|201960|202334|203488|203894|203915|204456,1627732|200755|203488|204456,201162|201960|202334|203894|203915,,,1610612755.0,21800289,False
1,PT03M15.00S,03:15,Q1 03:15,39.25,115,substitution,SUB in: F. Korkmaz,[],Korkmaz,22,18,,False,False,1627788.0,,substitution,2pt made,,,,1627732|1627788|200755|201162|201960|202334|203488|203894|203915|204456,1627732|1627788|200755|203488|204456,201162|201960|202334|203894|203915,,,1610612755.0,21800289,True
1,PT02M52.00S,02:52,Q1 02:52,38.86666666666667,118,2pt,Napier 22' Step Back Jump Shot (2 PTS),[],Napier,24,19,Made,True,False,203894.0,,substitution,timeout,,,,1627732|1627788|200755|201162|201960|202334|203488|203894|203915|204456,201162|201960|202334|203894|203915,1627732|1627788|200755|203488|204456,-123.0,186.0,1610612751.0,21800289,True
1,PT02M51.00S,02:51,Q1 02:51,38.85,119,timeout,76ers Timeout: Regular (Reg.1 Short 0),[],,24,19,,False,False,0.0,,2pt made,substitution,,,,1627732|1627788|200755|201162|201960|202334|203488|203894|203915|204456,1627732|1627788|200755|203488|204456,201162|201960|202334|203894|203915,,,1610612755.0,21800289,True
1,PT02M51.00S,02:51,Q1 02:51,38.85,120,substitution,SUB out: B. Simmons,[],Simmons,24,19,,False,False,1627732.0,,timeout,substitution,,,,1627788|200755|201162|201960|202334|203488|203894|203915|204456,1627788|200755|203488|204456,201162|201960|202334|203894|203915,,,1610612755.0,21800289,False
1,PT02M51.00S,02:51,Q1 02:51,38.85,121,substitution,SUB in: J. Embiid,[],Embiid,24,19,,False,False,203954.0,,substitution,3pt missed,,,,1627788|200755|201162|201960|202334|203488|203894|203915|203954|204456,1627788|200755|203488|203954|204456,201162|201960|202334|203894|203915,,,1610612755.0,21800289,True
1,PT02M36.00S,02:36,Q1 02:36,38.6,122,3pt,MISS Korkmaz 25' 3PT Jump Shot,[],Korkmaz,24,19,Missed,True,False,1627788.0,,substitution,rebound,,,,1627788|200755|201162|201960|202334|203488|203894|203915|203954|204456,1627788|200755|203488|203954|204456,201162|201960|202334|203894|203915,-192.0,166.0,1610612755.0,21800289,True
1,PT02M34.00S,02:34,Q1 02:34,38.56666666666666,123,rebound,Muscala REBOUND (Off:1 Def:0),[],Muscala,24,19,,False,False,203488.0,,3pt missed,foul,,,,1627788|200755|201162|201960|202334|203488|203894|203915|203954|204456,1627788|200755|203488|203954|204456,201162|201960|202334|203894|203915,,,1610612755.0,21800289,True
1,PT02M34.00S,02:34,Q1 02:34,38.56666666666666,124,foul,Carroll S.FOUL (P1.T3) (E.Lewis),[],Carroll,24,19,,False,False,201960.0,,rebound,freethrow,203488.0,,,1627788|200755|201162|201960|202334|203488|203894|203915|203954|204456,201162|201960|202334|203894|203915,1627788|200755|203488|203954|204456,,,1610612751.0,21800289,True
1,PT02M34.00S,02:34,Q1 02:34,38.56666666666666,126,freethrow,Muscala Free Throw 1 of 2 (1 PTS),[],Muscala,24,20,Made,False,False,203488.0,,foul,freethrow,,,,1627788|200755|201162|201960|202334|203488|203894|203915|203954|204456,1627788|200755|203488|203954|204456,201162|201960|202334|203894|203915,,,1610612755.0,21800289,True
1,PT02M34.00S,02:34,Q1 02:34,38.56666666666666,127,freethrow,MISS Muscala Free Throw 2 of 2,[],Muscala,24,20,Missed,False,False,203488.0,,freethrow,rebound,,,,1627788|200755|201162|201960|202334|203488|203894|203915|203954|204456,1627788|200755|203488|203954|204456,201162|201960|202334|203894|203915,,,1610612755.0,21800289,True
1,PT02M31.00S,02:31,Q1 02:31,38.516666666666666,128,rebound,Davis REBOUND (Off:0 Def:1),[],Davis,24,20,,False,False,202334.0,,freethrow,foul,,,,1627788|200755|201162|201960|202334|203488|203894|203915|203954|204456,201162|201960|202334|203894|203915,1627788|200755|203488|203954|204456,,,1610612751.0,21800289,True
1,PT02M15.00S,02:15,Q1 02:15,38.25,129,foul,Korkmaz S.FOUL (P1.T4) (E.Lewis),['inpenalty'],Korkmaz,24,20,,False,False,1627788.0,,rebound,freethrow,203915.0,,,1627788|200755|201162|201960|202334|203488|203894|203915|203954|204456,1627788|200755|203488|203954|204456,201162|201960|202334|203894|203915,,,1610612755.0,21800289,True
1,PT02M15.00S,02:15,Q1 02:15,38.25,131,freethrow,Dinwiddie Free Throw 1 of 2 (1 PTS),[],Dinwiddie,25,20,Made,False,False,203915.0,,foul,freethrow,,,,1627788|200755|201162|201960|202334|203488|203894|203915|203954|204456,201162|201960|202334|203894|203915,1627788|200755|203488|203954|204456,,,1610612751.0,21800289,True
1,PT02M15.00S,02:15,Q1 02:15,38.25,132,freethrow,Dinwiddie Free Throw 2 of 2 (2 PTS),[],Dinwiddie,26,20,Made,False,False,203915.0,,freethrow,2pt missed,,,,1627788|200755|201162|201960|202334|203488|203894|203915|203954|204456,201162|201960|202334|203894|203915,1627788|200755|203488|203954|204456,,,1610612751.0,21800289,True
1,PT01M56.00S,01:56,Q1 01:56,37.93333333333333,133,2pt,MISS Embiid 16' Jump Shot,[],Embiid,26,20,Missed,True,False,203954.0,,freethrow,rebound,,,,1627788|200755|201162|201960|202334|203488|203894|203915|203954|204456,1627788|200755|203488|203954|204456,201162|201960|202334|203894|203915,41.0,157.0,1610612755.0,21800289,True
1,PT01M53.00S,01:53,Q1 01:53,37.88333333333333,134,rebound,Dinwiddie REBOUND (Off:0 Def:2),[],Dinwiddie,26,20,,False,False,203915.0,,2pt missed,timeout,,,,1627788|200755|201162|201960|202334|203488|203894|203915|203954|204456,201162|201960|202334|203894|203915,1627788|200755|203488|203954|204456,,,1610612751.0,21800289,True
1,PT01M44.00S,01:44,Q1 01:44,37.733333333333334,135,timeout,NETS Timeout: Regular (Full 2 Short 0),[],,26,20,,False,False,0.0,,rebound,turnover,,,,1627788|200755|201162|201960|202334|203488|203894|203915|203954|204456,201162|201960|202334|203894|203915,1627788|200755|203488|203954|204456,,,1610612751.0,21800289,True
1,PT01M42.00S,01:42,Q1 01:42,37.7,136,turnover,Dudley Bad Pass Turnover (P1.T3),[],Dudley,26,20,,False,False,201162.0,,timeout,steal,,,,1627788|200755|201162|201960|202334|203488|203894|203915|203954|204456,201162|201960|202334|203894|203915,1627788|200755|203488|203954|204456,,,1610612751.0,21800289,True
1,PT01M42.00S,01:42,Q1 01:42,37.7,136,steal,Korkmaz STEAL (1 STL),[],Korkmaz,26,20,,False,False,1627788.0,,turnover,foul,,1627788.0,,1627788|200755|201162|201960|202334|203488|203894|203915|203954|204456,1627788|200755|203488|203954|204456,201162|201960|202334|203894|203915,,,1610612755.0,21800289,True
1,PT01M31.00S,01:31,Q1 01:31,37.516666666666666,138,foul,Davis P.FOUL (P1.T4) (E.Lewis),[],Davis,26,20,,False,False,202334.0,,steal,foul,203954.0,,,1627788|200755|201162|201960|202334|203488|203894|203915|203954|204456,201162|201960|202334|203894|203915,1627788|200755|203488|203954|204456,,,1610612751.0,21800289,True
1,PT01M24.00S,01:24,Q1 01:24,37.4,140,foul,Davis S.FOUL (P2.PN) (B.Adair),['inpenalty'],Davis,26,20,,False,False,202334.0,,foul,freethrow,203954.0,,,1627788|200755|201162|201960|202334|203488|203894|203915|203954|204456,201162|201960|202334|203894|203915,1627788|200755|203488|203954|204456,,,1610612751.0,21800289,True
1,PT01M24.00S,01:24,Q1 01:24,37.4,142,freethrow,MISS Embiid Free Throw 1 of 2,[],Embiid,26,20,Missed,False,False,203954.0,,foul,rebound,,,,1627788|200755|201162|201960|202334|203488|203894|203915|203954|204456,1627788|200755|203488|203954|204456,201162|201960|202334|203894|203915,,,1610612755.0,21800289,True
1,PT01M24.00S,01:24,Q1 01:24,37.4,143,rebound,TEAM offensive REBOUND,['team'],,26,20,,False,False,0.0,,freethrow,freethrow,,,,1627788|200755|201162|201960|202334|203488|203894|203915|203954|204456,1627788|200755|203488|203954|204456,201162|201960|202334|203894|203915,,,1610612755.0,21800289,True
1,PT01M24.00S,01:24,Q1 01:24,37.4,144,freethrow,Embiid Free Throw 2 of 2 (5 PTS),['2ndchance'],Embiid,26,21,Made,False,False,203954.0,,rebound,3pt made,,,,1627788|200755|201162|201960|202334|203488|203894|203915|203954|204456,1627788|200755|203488|203954|204456,201162|201960|202334|203894|203915,,,1610612755.0,21800289,True
1,PT01M02.00S,01:02,Q1 01:02,37.03333333333333,145,3pt,Carroll 25' 3PT Jump Shot (3 PTS) (Dinwiddie 2 AST),[],Carroll,29,21,Made,True,True,201960.0,203915.0,freethrow,2pt made,,,,1627788|200755|201162|201960|202334|203488|203894|203915|203954|204456,201162|201960|202334|203894|203915,1627788|200755|203488|203954|204456,-228.0,100.0,1610612751.0,21800289,True
1,PT00M49.20S,00:49,Q1 00:49,36.82,147,2pt,Redick 22' Pullup Jump Shot (2 PTS) (Embiid 1 AST),[],Redick,29,23,Made,True,True,200755.0,203954.0,3pt made,foul,,,,1627788|200755|201162|201960|202334|203488|203894|203915|203954|204456,1627788|200755|203488|203954|204456,201162|201960|202334|203894|203915,87.0,204.0,1610612755.0,21800289,True
1,PT00M39.70S,00:39,Q1 00:39,36.66166666666667,149,foul,Redick S.FOUL (P1.PN) (E.Lewis),['inpenalty'],Redick,29,23,,False,False,200755.0,,2pt made,freethrow,202334.0,,,1627788|200755|201162|201960|202334|203488|203894|203915|203954|204456,1627788|200755|203488|203954|204456,201162|201960|202334|203894|203915,,,1610612755.0,21800289,True
1,PT00M39.70S,00:39,Q1 00:39,36.66166666666667,151,freethrow,MISS Davis Free Throw 1 of 2,[],Davis,29,23,Missed,False,False,202334.0,,foul,rebound,,,,1627788|200755|201162|201960|202334|203488|203894|203915|203954|204456,201162|201960|202334|203894|203915,1627788|200755|203488|203954|204456,,,1610612751.0,21800289,True
1,PT00M39.70S,00:39,Q1 00:39,36.66166666666667,152,rebound,TEAM offensive REBOUND,['team'],,29,23,,False,False,0.0,,freethrow,freethrow,,,,1627788|200755|201162|201960|202334|203488|203894|203915|203954|204456,201162|201960|202334|203894|203915,1627788|200755|203488|203954|204456,,,1610612751.0,21800289,True
1,PT00M39.70S,00:39,Q1 00:39,36.66166666666667,153,freethrow,MISS Davis Free Throw 2 of 2,['2ndchance'],Davis,29,23,Missed,False,False,202334.0,,rebound,rebound,,,,1627788|200755|201162|201960|202334|203488|203894|203915|203954|204456,201162|201960|202334|203894|203915,1627788|200755|203488|203954|204456,,,1610612751.0,21800289,True
1,PT00M37.50S,00:37,Q1 00:37,36.625,154,rebound,Embiid REBOUND (Off:0 Def:2),[],Embiid,29,23,,False,False,203954.0,,freethrow,foul,,,,1627788|200755|201162|201960|202334|203488|203894|203915|203954|204456,1627788|200755|203488|203954|204456,201162|201960|202334|203894|203915,,,1610612755.0,21800289,True
1,PT00M23.00S,00:23,Q1 00:23,36.38333333333333,155,foul,Dudley S.FOUL (P1.PN) (B.Adair),['inpenalty'],Dudley,29,23,,False,False,201162.0,,rebound,freethrow,203954.0,,,1627788|200755|201162|201960|202334|203488|203894|203915|203954|204456,201162|201960|202334|203894|203915,1627788|200755|203488|203954|204456,,,1610612751.0,21800289,True
1,PT00M23.00S,00:23,Q1 00:23,36.38333333333333,157,freethrow,Embiid Free Throw 1 of 2 (6 PTS),[],Embiid,29,24,Made,False,False,203954.0,,foul,freethrow,,,,1627788|200755|201162|201960|202334|203488|203894|203915|203954|204456,1627788|200755|203488|203954|204456,201162|201960|202334|203894|203915,,,1610612755.0,21800289,True
1,PT00M23.00S,00:23,Q1 00:23,36.38333333333333,158,freethrow,Embiid Free Throw 2 of 2 (7 PTS),[],Embiid,29,25,Made,False,False,203954.0,,freethrow,3pt made,,,,1627788|200755|201162|201960|202334|203488|203894|203915|203954|204456,1627788|200755|203488|203954|204456,201162|201960|202334|203894|203915,,,1610612755.0,21800289,True
1,PT00M05.10S,00:05,Q1 00:05,36.085,159,3pt,Dinwiddie 26' 3PT Jump Shot (5 PTS) (Davis 1 AST),[],Dinwiddie,32,25,Made,True,True,203915.0,202334.0,freethrow,3pt missed,,,,1627788|200755|201162|201960|202334|203488|203894|203915|203954|204456,201162|201960|202334|203894|203915,1627788|200755|203488|203954|204456,-17.0,256.0,1610612751.0,21800289,True
1,PT00M00.20S,00:00,Q1 00:00,36.00333333333333,161,3pt,MISS Muscala 36' 3PT Jump Shot,[],Muscala,32,25,Missed,True,False,203488.0,,3pt made,rebound,,,,1627788|200755|201162|201960|202334|203488|203894|203915|203954|204456,1627788|200755|203488|203954|204456,201162|201960|202334|203894|203915,-2.0,356.0,1610612755.0,21800289,True
1,PT00M00.10S,00:00,Q1 00:00,36.001666666666665,162,rebound,TEAM offensive REBOUND,['team'],,32,25,,False,False,0.0,,3pt missed,period,,,,1627788|200755|201162|201960|202334|203488|203894|203915|203954|204456,1627788|200755|203488|203954|204456,201162|201960|202334|203894|203915,,,1610612755.0,21800289,True
1,PT00M00.00S,00:00,Q1 00:00,36.0,163,period,End of 1st Period (6:39 PM EST),[],,32,25,,False,False,0.0,,rebound,period,,,,1627788|200755|201162|201960|202334|203488|203894|203915|203954|204456,201162|201960|202334|203894|203915,1627788|200755|203488|203954|204456,,,1610612751.0,21800289,True
2,PT12M00.00S,12:00,Q2 12:00,36.0,168,period,Start of 2nd Period (6:41 PM EST),[],,32,25,,False,False,0.0,,period,substitution,,,,1627788|200755|201162|201960|202334|203488|203894|203915|203954|204456,201162|201960|202334|203894|203915,1627788|200755|203488|203954|204456,,,1610612751.0,21800289,True
2,PT11M43.00S,11:43,Q2 11:43,35.71666666666667,169,2pt,MISS Russell 7' Driving Floating Jump Shot,['pointsinthepaint'],Russell,32,25,Missed,True,False,1626156.0,,substitution,block,,,,1626156|200755|201162|201960|202334|202710|203488|203894|203954|204456,1626156|201162|201960|202334|203894,200755|202710|203488|203954|204456,57.0,34.0,1610612751.0,21800289,True
2,PT11M43.00S,11:43,Q2 11:43,35.71666666666667,169,block,Redick BLOCK (1 BLK),[],Redick,32,25,,False,False,200755.0,,2pt missed,rebound,,,200755.0,1626156|200755|201162|201960|202334|202710|203488|203894|203954|204456,200755|202710|203488|203954|204456,1626156|201162|201960|202334|203894,,,1610612755.0,21800289,True
2,PT11M38.00S,11:38,Q2 11:38,35.63333333333333,171,rebound,Russell REBOUND (Off:1 Def:3),[],Russell,32,25,,False,False,1626156.0,,block,2pt missed,,,,1626156|200755|201162|201960|202334|202710|203488|203894|203954|204456,1626156|201162|201960|202334|203894,200755|202710|203488|203954|204456,,,1610612751.0,21800289,True
2,PT11M37.00S,11:37,Q2 11:37,35.61666666666667,172,2pt,MISS Russell 2' Floating Jump Shot,['pointsinthepaint'],Russell,32,25,Missed,True,False,1626156.0,,rebound,rebound,,,,1626156|200755|201162|201960|202334|202710|203488|203894|203954|204456,1626156|201162|201960|202334|203894,200755|202710|203488|203954|204456,14.0,18.0,1610612751.0,21800289,True
2,PT11M19.00S,11:19,Q2 11:19,35.31666666666666,173,rebound,Davis REBOUND (Off:1 Def:1),[],Davis,32,25,,False,False,202334.0,,2pt missed,2pt made,,,,1626156|200755|201162|201960|202334|202710|203488|203894|203954|204456,1626156|201162|201960|202334|203894,200755|202710|203488|203954|204456,,,1610612751.0,21800289,True
2,PT11M18.00S,11:18,Q2 11:18,35.3,174,2pt,Davis 1' Tip Layup Shot (2 PTS),['pointsinthepaint'],Davis,34,25,Made,True,False,202334.0,,rebound,3pt missed,,,,1626156|200755|201162|201960|202334|202710|203488|203894|203954|204456,1626156|201162|201960|202334|203894,200755|202710|203488|203954|204456,3.0,8.0,1610612751.0,21800289,True
2,PT11M15.00S,11:15,Q2 11:15,35.25,175,3pt,MISS Embiid 26' 3PT Jump Shot,[],Embiid,34,25,Missed,True,False,203954.0,,2pt made,rebound,,,,1626156|200755|201162|201960|202334|202710|203488|203894|203954|204456,200755|202710|203488|203954|204456,1626156|201162|201960|202334|203894,-25.0,263.0,1610612755.0,21800289,True
2,PT11M12.00S,11:12,Q2 11:12,35.2,176,rebound,Russell REBOUND (Off:1 Def:4),[],Russell,34,25,,False,False,1626156.0,,3pt missed,2pt made,,,,1626156|200755|201162|201960|202334|202710|203488|203894|203954|204456,1626156|201162|201960|202334|203894,200755|202710|203488|203954|204456,,,1610612751.0,21800289,True
2,PT11M06.00S,11:06,Q2 11:06,35.1,177,2pt,Russell 3' Layup (13 PTS),['pointsinthepaint'],Russell,36,25,Made,True,False,1626156.0,,rebound,3pt missed,,,,1626156|200755|201162|201960|202334|202710|203488|203894|203954|204456,1626156|201162|201960|202334|203894,200755|202710|203488|203954|204456,-29.0,10.0,1610612751.0,21800289,True
2,PT10M40.00S,10:40,Q2 10:40,34.666666666666664,178,3pt,MISS Butler 26' 3PT Jump Shot,[],Butler,36,25,Missed,True,False,202710.0,,2pt made,rebound,,,,1626156|200755|201162|201960|202334|202710|203488|203894|203954|204456,200755|202710|203488|203954|204456,1626156|201162|201960|202334|203894,-140.0,214.0,1610612755.0,21800289,True
2,PT10M38.00S,10:38,Q2 10:38,34.63333333333333,179,rebound,Russell REBOUND (Off:1 Def:5),[],Russell,36,25,,False,False,1626156.0,,3pt missed,2pt missed,,,,1626156|200755|201162|201960|202334|202710|203488|203894|203954|204456,1626156|201162|201960|202334|203894,200755|202710|203488|203954|204456,,,1610612751.0,21800289,True
2,PT10M26.00S,10:26,Q2 10:26,34.43333333333334,180,2pt,MISS Russell 2' Driving Layup,['pointsinthepaint'],Russell,36,25,Missed,True,False,1626156.0,,rebound,rebound,,,,1626156|200755|201162|201960|202334|202710|203488|203894|203954|204456,1626156|201162|201960|202334|203894,200755|202710|203488|203954|204456,-16.0,13.0,1610612751.0,21800289,True
2,PT10M25.00S,10:25,Q2 10:25,34.416666666666664,181,rebound,Davis REBOUND (Off:3 Def:1),[],Davis,36,25,,False,False,202334.0,,2pt missed,2pt missed,,,,1626156|200755|201162|201960|202334|202710|203488|203894|203954|204456,1626156|201162|201960|202334|203894,200755|202710|203488|203954|204456,,,1610612751.0,21800289,True
2,PT10M24.00S,10:24,Q2 10:24,34.4,199,2pt,MISS Davis 1' Tip Layup Shot,['pointsinthepaint'],Davis,36,25,Missed,True,False,202334.0,,rebound,2pt missed,,,,1626156|200755|201162|201960|202334|202710|203488|203894|203954|204456,1626156|201162|201960|202334|203894,200755|202710|203488|203954|204456,-9.0,2.0,1610612751.0,21800289,True
2,PT10M23.00S,10:23,Q2 10:23,34.38333333333333,184,2pt,MISS Davis 1' Tip Layup Shot,['pointsinthepaint'],Davis,36,25,Missed,True,False,202334.0,,2pt missed,rebound,,,,1626156|200755|201162|201960|202334|202710|203488|203894|203954|204456,1626156|201162|201960|202334|203894,200755|202710|203488|203954|204456,0.0,-6.0,1610612751.0,21800289,True
2,PT10M23.00S,10:23,Q2 10:23,34.38333333333333,200,rebound,Davis REBOUND (Off:3 Def:1),[],Davis,36,25,,False,False,202334.0,,2pt missed,rebound,,,,1626156|200755|201162|201960|202334|202710|203488|203894|203954|204456,1626156|201162|201960|202334|203894,200755|202710|203488|203954|204456,,,1610612751.0,21800289,True
2,PT10M22.00S,10:22,Q2 10:22,34.36666666666667,185,rebound,Redick REBOUND (Off:0 Def:3),[],Redick,36,25,,False,False,200755.0,,rebound,3pt missed,,,,1626156|200755|201162|201960|202334|202710|203488|203894|203954|204456,200755|202710|203488|203954|204456,1626156|201162|201960|202334|203894,,,1610612755.0,21800289,True
2,PT10M08.00S,10:08,Q2 10:08,34.13333333333333,186,3pt,MISS McConnell 3PT Jump Shot,[],McConnell,36,25,Missed,True,False,204456.0,,rebound,rebound,,,,1626156|200755|201162|201960|202334|202710|203488|203894|203954|204456,200755|202710|203488|203954|204456,1626156|201162|201960|202334|203894,-228.0,21.0,1610612755.0,21800289,True
2,PT10M04.00S,10:04,Q2 10:04,34.06666666666666,187,rebound,Dudley REBOUND (Off:0 Def:1),[],Dudley,36,25,,False,False,201162.0,,3pt missed,3pt missed,,,,1626156|200755|201162|201960|202334|202710|203488|203894|203954|204456,1626156|201162|201960|202334|203894,200755|202710|203488|203954|204456,,,1610612751.0,21800289,True
2,PT09M57.00S,09:57,Q2 09:57,33.95,188,3pt,MISS Napier 26' 3PT Step Back Jump Shot,[],Napier,36,25,Missed,True,False,203894.0,,rebound,rebound,,,,1626156|200755|201162|201960|202334|202710|203488|203894|203954|204456,1626156|201162|201960|202334|203894,200755|202710|203488|203954|204456,-46.0,254.0,1610612751.0,21800289,True
2,PT09M54.00S,09:54,Q2 09:54,33.9,189,rebound,Embiid REBOUND (Off:0 Def:3),[],Embiid,36,25,,False,False,203954.0,,3pt missed,2pt missed,,,,1626156|200755|201162|201960|202334|202710|203488|203894|203954|204456,200755|202710|203488|203954|204456,1626156|201162|201960|202334|203894,,,1610612755.0,21800289,True
2,PT09M46.00S,09:46,Q2 09:46,33.766666666666666,190,2pt,MISS Butler 4' Driving Layup,['pointsinthepaint'],Butler,36,25,Missed,True,False,202710.0,,rebound,block,,,,1626156|200755|201162|201960|202334|202710|203488|203894|203954|204456,200755|202710|203488|203954|204456,1626156|201162|201960|202334|203894,-37.0,4.0,1610612755.0,21800289,True
2,PT09M46.00S,09:46,Q2 09:46,33.766666666666666,190,block,Dudley BLOCK (1 BLK),[],Dudley,36,25,,False,False,201162.0,,2pt missed,rebound,,,201162.0,1626156|200755|201162|201960|202334|202710|203488|203894|203954|204456,1626156|201162|201960|202334|203894,200755|202710|203488|203954|204456,,,1610612751.0,21800289,True
2,PT09M46.00S,09:46,Q2 09:46,33.766666666666666,192,rebound,Butler REBOUND (Off:3 Def:2),[],Butler,36,25,,False,False,202710.0,,block,3pt missed,,,,1626156|200755|201162|201960|202334|202710|203488|203894|203954|204456,200755|202710|203488|203954|204456,1626156|201162|201960|202334|203894,,,1610612755.0,21800289,True
2,PT09M40.00S,09:40,Q2 09:40,33.666666666666664,193,3pt,MISS Muscala 3PT Jump Shot,[],Muscala,36,25,Missed,True,False,203488.0,,rebound,rebound,,,,1626156|200755|201162|201960|202334|202710|203488|203894|203954|204456,200755|202710|203488|203954|204456,1626156|201162|201960|202334|203894,-226.0,-5.0,1610612755.0,21800289,True
2,PT09M35.00S,09:35,Q2 09:35,33.583333333333336,194,rebound,Carroll REBOUND (Off:0 Def:1),[],Carroll,36,25,,False,False,201960.0,,3pt missed,3pt made,,,,1626156|200755|201162|201960|202334|202710|203488|203894|203954|204456,1626156|201162|201960|202334|203894,200755|202710|203488|203954|204456,,,1610612751.0,21800289,True
2,PT09M31.00S,09:31,Q2 09:31,33.516666666666666,195,3pt,Dudley 26' 3PT Jump Shot (3 PTS) (Carroll 1 AST),[],Dudley,39,25,Made,True,True,201162.0,201960.0,rebound,substitution,,,,1626156|200755|201162|201960|202334|202710|203488|203894|203954|204456,1626156|201162|201960|202334|203894,200755|202710|203488|203954|204456,156.0,205.0,1610612751.0,21800289,True
2,PT09M31.00S,09:31,Q2 09:31,33.516666666666666,197,substitution,SUB out: T. McConnell,[],McConnell,39,25,,False,False,204456.0,,3pt made,substitution,,,,1626156|200755|201162|201960|202334|202710|203488|203894|203954,200755|202710|203488|203954,1626156|201162|201960|202334|203894,,,1610612755.0,21800289,False
2,PT09M31.00S,09:31,Q2 09:31,33.516666666666666,198,substitution,SUB in: B. Simmons,[],Simmons,39,25,,False,False,1627732.0,,substitution,2pt made,,,,1626156|1627732|200755|201162|201960|202334|202710|203488|203894|203954,1627732|200755|202710|203488|203954,1626156|201162|201960|202334|203894,,,1610612755.0,21800289,True
2,PT09M12.00S,09:12,Q2 09:12,33.2,201,2pt,Embiid 1' Reverse Layup (9 PTS) (Butler 1 AST),['pointsinthepaint'],Embiid,39,27,Made,True,True,203954.0,202710.0,substitution,foul,,,,1626156|1627732|200755|201162|201960|202334|202710|203488|203894|203954,1627732|200755|202710|203488|203954,1626156|201162|201960|202334|203894,0.0,14.0,1610612755.0,21800289,True
2,PT09M12.00S,09:12,Q2 09:12,33.2,202,foul,Davis S.FOUL (P3.T1) (M.Kogut),[],Davis,39,27,,False,False,202334.0,,2pt made,freethrow,203954.0,,,1626156|1627732|200755|201162|201960|202334|202710|203488|203894|203954,1626156|201162|201960|202334|203894,1627732|200755|202710|203488|203954,,,1610612751.0,21800289,True
2,PT09M12.00S,09:12,Q2 09:12,33.2,207,freethrow,Embiid Free Throw 1 of 1 (10 PTS),[],Embiid,39,28,Made,False,False,203954.0,,foul,substitution,,,,1626156|1627732|200755|201162|201960|202334|202710|203488|203894|203954,1627732|200755|202710|203488|203954,1626156|201162|201960|202334|203894,,,1610612755.0,21800289,True
2,PT09M12.00S,09:12,Q2 09:12,33.2,204,substitution,SUB out: E. Davis,[],Davis,39,27,,False,False,202334.0,,freethrow,substitution,,,,1626156|1627732|200755|201162|201960|202710|203488|203894|203954,1626156|201162|201960|203894,1627732|200755|202710|203488|203954,,,1610612751.0,21800289,False
2,PT09M12.00S,09:12,Q2 09:12,33.2,205,substitution,SUB in: J. Allen,[],Allen,39,27,,False,False,1628386.0,,substitution,foul,,,,1626156|1627732|1628386|200755|201162|201960|202710|203488|203894|203954,1626156|1628386|201162|201960|203894,1627732|200755|202710|203488|203954,,,1610612751.0,21800289,True
2,PT09M03.00S,09:03,Q2 09:03,33.05,208,foul,Butler S.FOUL (P2.T1) (M.Kogut),[],Butler,39,28,,False,False,202710.0,,substitution,foul,1626156.0,,,1626156|1627732|1628386|200755|201162|201960|202710|203488|203894|203954,1627732|200755|202710|203488|203954,1626156|1628386|201162|201960|203894,,,1610612755.0,21800289,True
2,PT09M03.00S,09:03,Q2 09:03,33.05,210,foul,Butler T.FOUL (P2.T1) (M.Kogut),[],Butler,39,28,,False,False,202710.0,,foul,freethrow,1626156.0,,,1626156|1627732|1628386|200755|201162|201960|202710|203488|203894|203954,1627732|200755|202710|203488|203954,1626156|1628386|201162|201960|203894,,,1610612755.0,21800289,True
2,PT09M03.00S,09:03,Q2 09:03,33.05,211,freethrow,Russell Free Throw Technical (14 PTS),[],Russell,40,28,Made,False,False,1626156.0,,foul,freethrow,,,,1626156|1627732|1628386|200755|201162|201960|202710|203488|203894|203954,1626156|1628386|201162|201960|203894,1627732|200755|202710|203488|203954,,,1610612751.0,21800289,True
2,PT09M03.00S,09:03,Q2 09:03,33.05,212,freethrow,Russell Free Throw 1 of 2 (15 PTS),[],Russell,41,28,Made,False,False,1626156.0,,freethrow,freethrow,,,,1626156|1627732|1628386|200755|201162|201960|202710|203488|203894|203954,1626156|1628386|201162|201960|203894,1627732|200755|202710|203488|203954,,,1610612751.0,21800289,True
2,PT09M03.00S,09:03,Q2 09:03,33.05,213,freethrow,Russell Free Throw 2 of 2 (16 PTS),[],Russell,42,28,Made,False,False,1626156.0,,freethrow,foul,,,,1626156|1627732|1628386|200755|201162|201960|202710|203488|203894|203954,1626156|1628386|201162|201960|203894,1627732|200755|202710|203488|203954,,,1610612751.0,21800289,True
2,PT08M51.00S,08:51,Q2 08:51,32.85,214,foul,Allen S.FOUL (P2.T2) (E.Lewis),[],Allen,42,28,,False,False,1628386.0,,freethrow,freethrow,202710.0,,,1626156|1627732|1628386|200755|201162|201960|202710|203488|203894|203954,1626156|1628386|201162|201960|203894,1627732|200755|202710|203488|203954,,,1610612751.0,21800289,True
2,PT08M51.00S,08:51,Q2 08:51,32.85,216,freethrow,Butler Free Throw 1 of 2 (6 PTS),[],Butler,42,29,Made,False,False,202710.0,,foul,freethrow,,,,1626156|1627732|1628386|200755|201162|201960|202710|203488|203894|203954,1627732|200755|202710|203488|203954,1626156|1628386|201162|201960|203894,,,1610612755.0,21800289,True
2,PT08M51.00S,08:51,Q2 08:51,32.85,217,freethrow,Butler Free Throw 2 of 2 (7 PTS),[],Butler,42,30,Made,False,False,202710.0,,freethrow,2pt missed,,,,1626156|1627732|1628386|200755|201162|201960|202710|203488|203894|203954,1627732|200755|202710|203488|203954,1626156|1628386|201162|201960|203894,,,1610612755.0,21800289,True
2,PT08M37.00S,08:37,Q2 08:37,32.61666666666667,218,2pt,MISS Allen 4' Floating Jump Shot,['pointsinthepaint'],Allen,42,30,Missed,True,False,1628386.0,,freethrow,rebound,,,,1626156|1627732|1628386|200755|201162|201960|202710|203488|203894|203954,1626156|1628386|201162|201960|203894,1627732|200755|202710|203488|203954,-25.0,25.0,1610612751.0,21800289,True
2,PT08M35.00S,08:35,Q2 08:35,32.583333333333336,219,rebound,Butler REBOUND (Off:3 Def:3),[],Butler,42,30,,False,False,202710.0,,2pt missed,foul,,,,1626156|1627732|1628386|200755|201162|201960|202710|203488|203894|203954,1627732|200755|202710|203488|203954,1626156|1628386|201162|201960|203894,,,1610612755.0,21800289,True
2,PT08M33.00S,08:33,Q2 08:33,32.55,220,foul,Dudley P.FOUL (P2.T3) (M.Kogut),[],Dudley,42,30,,False,False,201162.0,,rebound,substitution,203954.0,,,1626156|1627732|1628386|200755|201162|201960|202710|203488|203894|203954,1626156|1628386|201162|201960|203894,1627732|200755|202710|203488|203954,,,1610612751.0,21800289,True
2,PT08M33.00S,08:33,Q2 08:33,32.55,222,substitution,SUB out: J. Dudley,[],Dudley,42,30,,False,False,201162.0,,foul,substitution,,,,1626156|1627732|1628386|200755|201960|202710|203488|203894|203954,1626156|1628386|201960|203894,1627732|200755|202710|203488|203954,,,1610612751.0,21800289,False
2,PT08M33.00S,08:33,Q2 08:33,32.55,223,substitution,SUB out: S. Napier,[],Napier,42,30,,False,False,203894.0,,substitution,substitution,,,,1626156|1627732|1628386|200755|201960|202710|203488|203954,1626156|1628386|201960,1627732|200755|202710|203488|203954,,,1610612751.0,21800289,False
2,PT08M33.00S,08:33,Q2 08:33,32.55,224,substitution,SUB in: J. Harris,[],Harris,42,30,,False,False,203925.0,,substitution,substitution,,,,1626156|1627732|1628386|200755|201960|202710|203488|203925|203954,1626156|1628386|201960|203925,1627732|200755|202710|203488|203954,,,1610612751.0,21800289,False
2,PT08M33.00S,08:33,Q2 08:33,32.55,225,substitution,SUB in: S. Dinwiddie,[],Dinwiddie,42,30,,False,False,203915.0,,substitution,2pt made,,,,1626156|1627732|1628386|200755|201960|202710|203488|203915|203925|203954,1626156|1628386|201960|203915|203925,1627732|200755|202710|203488|203954,,,1610612751.0,21800289,True
2,PT08M22.00S,08:22,Q2 08:22,32.36666666666667,226,2pt,Embiid 2' Driving Finger Roll Layup (12 PTS),['pointsinthepaint'],Embiid,42,32,Made,True,False,203954.0,,substitution,turnover,,,,1626156|1627732|1628386|200755|201960|202710|203488|203915|203925|203954,1627732|200755|202710|203488|203954,1626156|1628386|201960|203915|203925,19.0,15.0,1610612755.0,21800289,True
2,PT08M01.00S,08:01,Q2 08:01,32.016666666666666,227,turnover,Harris Lost Ball Turnover (P2.T4),[],Harris,42,32,,False,False,203925.0,,2pt made,steal,,,,1626156|1627732|1628386|200755|201960|202710|203488|203915|203925|203954,1626156|1628386|201960|203915|203925,1627732|200755|202710|203488|203954,,,1610612751.0,21800289,True
2,PT08M01.00S,08:01,Q2 08:01,32.016666666666666,227,steal,Butler STEAL (2 STL),[],Butler,42,32,,False,False,202710.0,,turnover,2pt missed,,202710.0,,1626156|1627732|1628386|200755|201960|202710|203488|203915|203925|203954,1627732|200755|202710|203488|203954,1626156|1628386|201960|203915|203925,,,1610612755.0,21800289,True
2,PT07M52.00S,07:52,Q2 07:52,31.866666666666667,229,2pt,MISS Simmons 2' Dunk,['pointsinthepaint'],Simmons,42,32,Missed,True,False,1627732.0,,steal,rebound,,,,1626156|1627732|1628386|200755|201960|202710|203488|203915|203925|203954,1627732|200755|202710|203488|203954,1626156|1628386|201960|203915|203925,-2.0,21.0,1610612755.0,21800289,True
2,PT07M51.00S,07:51,Q2 07:51,31.85,230,rebound,TEAM offensive REBOUND,['team'],,42,32,,False,False,0.0,,2pt missed,substitution,,,,1626156|1627732|1628386|200755|201960|202710|203488|203915|203925|203954,1627732|200755|202710|203488|203954,1626156|1628386|201960|203915|203925,,,1610612755.0,21800289,True
2,PT07M51.00S,07:51,Q2 07:51,31.85,232,substitution,SUB out: J. Embiid,[],Embiid,42,32,,False,False,203954.0,,rebound,substitution,,,,1626156|1627732|1628386|200755|201960|202710|203488|203915|203925,1627732|200755|202710|203488,1626156|1628386|201960|203915|203925,,,1610612755.0,21800289,False
2,PT07M51.00S,07:51,Q2 07:51,31.85,233,substitution,SUB out: J. Butler,[],Butler,42,32,,False,False,202710.0,,substitution,substitution,,,,1626156|1627732|1628386|200755|201960|203488|203915|203925,1627732|200755|203488,1626156|1628386|201960|203915|203925,,,1610612755.0,21800289,False
2,PT07M51.00S,07:51,Q2 07:51,31.85,234,substitution,SUB in: W. Chandler,[],Chandler,42,32,,False,False,201163.0,,substitution,substitution,,,,1626156|1627732|1628386|200755|201163|201960|203488|203915|203925,1627732|200755|201163|203488,1626156|1628386|201960|203915|203925,,,1610612755.0,21800289,False
2,PT07M51.00S,07:51,Q2 07:51,31.85,235,substitution,SUB in: F. Korkmaz,[],Korkmaz,42,32,,False,False,1627788.0,,substitution,turnover,,,,1626156|1627732|1627788|1628386|200755|201163|201960|203488|203915|203925,1627732|1627788|200755|201163|203488,1626156|1628386|201960|203915|203925,,,1610612755.0,21800289,True
2,PT07M48.00S,07:48,Q2 07:48,31.8,236,turnover,Simmons Bad Pass Turnover (P1.T3),[],Simmons,42,32,,False,False,1627732.0,,substitution,steal,,,,1626156|1627732|1627788|1628386|200755|201163|201960|203488|203915|203925,1627732|1627788|200755|201163|203488,1626156|1628386|201960|203915|203925,,,1610612755.0,21800289,True
2,PT07M48.00S,07:48,Q2 07:48,31.8,236,steal,Harris STEAL (1 STL),[],Harris,42,32,,False,False,203925.0,,turnover,turnover,,203925.0,,1626156|1627732|1627788|1628386|200755|201163|201960|203488|203915|203925,1626156|1628386|201960|203915|203925,1627732|1627788|200755|201163|203488,,,1610612751.0,21800289,True
2,PT07M36.00S,07:36,Q2 07:36,31.6,238,turnover,Allen Traveling Turnover (P2.T5),[],Allen,42,32,,False,False,1628386.0,,steal,2pt missed,,,,1626156|1627732|1627788|1628386|200755|201163|201960|203488|203915|203925,1626156|1628386|201960|203915|203925,1627732|1627788|200755|201163|203488,,,1610612751.0,21800289,True
2,PT07M25.00S,07:25,Q2 07:25,31.416666666666668,239,2pt,MISS Simmons 1' Driving Layup,['pointsinthepaint'],Simmons,42,32,Missed,True,False,1627732.0,,turnover,rebound,,,,1626156|1627732|1627788|1628386|200755|201163|201960|203488|203915|203925,1627732|1627788|200755|201163|203488,1626156|1628386|201960|203915|203925,-11.0,9.0,1610612755.0,21800289,True
2,PT07M20.00S,07:20,Q2 07:20,31.333333333333332,240,rebound,Harris REBOUND (Off:0 Def:2),[],Harris,42,32,,False,False,203925.0,,2pt missed,foul,,,,1626156|1627732|1627788|1628386|200755|201163|201960|203488|203915|203925,1626156|1628386|201960|203915|203925,1627732|1627788|200755|201163|203488,,,1610612751.0,21800289,True
2,PT07M17.00S,07:17,Q2 07:17,31.28333333333333,241,foul,Muscala S.FOUL (P1.T2) (E.Lewis),[],Muscala,42,32,,False,False,203488.0,,rebound,freethrow,201960.0,,,1626156|1627732|1627788|1628386|200755|201163|201960|203488|203915|203925,1627732|1627788|200755|201163|203488,1626156|1628386|201960|203915|203925,,,1610612755.0,21800289,True
2,PT07M17.00S,07:17,Q2 07:17,31.28333333333333,243,freethrow,Carroll Free Throw 1 of 2 (4 PTS),[],Carroll,43,32,Made,False,False,201960.0,,foul,freethrow,,,,1626156|1627732|1627788|1628386|200755|201163|201960|203488|203915|203925,1626156|1628386|201960|203915|203925,1627732|1627788|200755|201163|203488,,,1610612751.0,21800289,True
2,PT07M17.00S,07:17,Q2 07:17,31.28333333333333,244,freethrow,Carroll Free Throw 2 of 2 (5 PTS),[],Carroll,44,32,Made,False,False,201960.0,,freethrow,3pt missed,,,,1626156|1627732|1627788|1628386|200755|201163|201960|203488|203915|203925,1626156|1628386|201960|203915|203925,1627732|1627788|200755|201163|203488,,,1610612751.0,21800289,True
2,PT07M05.00S,07:05,Q2 07:05,31.083333333333332,245,3pt,MISS Redick 25' 3PT Jump Shot,[],Redick,44,32,Missed,True,False,200755.0,,freethrow,rebound,,,,1626156|1627732|1627788|1628386|200755|201163|201960|203488|203915|203925,1627732|1627788|200755|201163|203488,1626156|1628386|201960|203915|203925,-125.0,216.0,1610612755.0,21800289,True
2,PT07M04.00S,07:04,Q2 07:04,31.066666666666666,246,rebound,Carroll REBOUND (Off:0 Def:2),[],Carroll,44,32,,False,False,201960.0,,3pt missed,2pt made,,,,1626156|1627732|1627788|1628386|200755|201163|201960|203488|203915|203925,1626156|1628386|201960|203915|203925,1627732|1627788|200755|201163|203488,,,1610612751.0,21800289,True
2,PT06M56.00S,06:56,Q2 06:56,30.933333333333334,247,2pt,Allen 2' Cutting Dunk Shot (6 PTS) (Russell 5 AST),['pointsinthepaint'],Allen,46,32,Made,True,True,1628386.0,1626156.0,rebound,2pt made,,,,1626156|1627732|1627788|1628386|200755|201163|201960|203488|203915|203925,1626156|1628386|201960|203915|203925,1627732|1627788|200755|201163|203488,-14.0,11.0,1610612751.0,21800289,True
2,PT06M38.00S,06:38,Q2 06:38,30.633333333333333,249,2pt,Simmons 2' Layup (5 PTS) (Chandler 2 AST),['pointsinthepaint'],Simmons,46,34,Made,True,True,1627732.0,201163.0,2pt made,turnover,,,,1626156|1627732|1627788|1628386|200755|201163|201960|203488|203915|203925,1627732|1627788|200755|201163|203488,1626156|1628386|201960|203915|203925,-19.0,13.0,1610612755.0,21800289,True
2,PT06M17.00S,06:17,Q2 06:17,30.28333333333333,251,turnover,Dinwiddie Out of Bounds Lost Ball Turnover (P1.T6),[],Dinwiddie,46,34,,False,False,203915.0,,2pt made,2pt missed,,,,1626156|1627732|1627788|1628386|200755|201163|201960|203488|203915|203925,1626156|1628386|201960|203915|203925,1627732|1627788|200755|201163|203488,,,1610612751.0,21800289,True
2,PT06M06.00S,06:06,Q2 06:06,30.1,252,2pt,MISS Korkmaz 5' Driving Layup,['pointsinthepaint'],Korkmaz,46,34,Missed,True,False,1627788.0,,turnover,block,,,,1626156|1627732|1627788|1628386|200755|201163|201960|203488|203915|203925,1627732|1627788|200755|201163|203488,1626156|1628386|201960|203915|203925,45.0,8.0,1610612755.0,21800289,True
2,PT06M06.00S,06:06,Q2 06:06,30.1,252,block,Russell BLOCK (1 BLK),[],Russell,46,34,,False,False,1626156.0,,2pt missed,rebound,,,1626156.0,1626156|1627732|1627788|1628386|200755|201163|201960|203488|203915|203925,1626156|1628386|201960|203915|203925,1627732|1627788|200755|201163|203488,,,1610612751.0,21800289,True
2,PT06M02.00S,06:02,Q2 06:02,30.03333333333333,254,rebound,Carroll REBOUND (Off:0 Def:3),[],Carroll,46,34,,False,False,201960.0,,block,turnover,,,,1626156|1627732|1627788|1628386|200755|201163|201960|203488|203915|203925,1626156|1628386|201960|203915|203925,1627732|1627788|200755|201163|203488,,,1610612751.0,21800289,True
2,PT06M01.00S,06:01,Q2 06:01,30.016666666666666,255,turnover,Carroll Lost Ball Turnover (P1.T7),[],Carroll,46,34,,False,False,201960.0,,rebound,steal,,,,1626156|1627732|1627788|1628386|200755|201163|201960|203488|203915|203925,1626156|1628386|201960|203915|203925,1627732|1627788|200755|201163|203488,,,1610612751.0,21800289,True
2,PT06M01.00S,06:01,Q2 06:01,30.016666666666666,255,steal,Simmons STEAL (1 STL),[],Simmons,46,34,,False,False,1627732.0,,turnover,3pt missed,,1627732.0,,1626156|1627732|1627788|1628386|200755|201163|201960|203488|203915|203925,1627732|1627788|200755|201163|203488,1626156|1628386|201960|203915|203925,,,1610612755.0,21800289,True
2,PT05M56.00S,05:56,Q2 05:56,29.933333333333334,257,3pt,MISS Korkmaz 3PT Jump Shot,[],Korkmaz,46,34,Missed,True,False,1627788.0,,steal,rebound,,,,1626156|1627732|1627788|1628386|200755|201163|201960|203488|203915|203925,1627732|1627788|200755|201163|203488,1626156|1628386|201960|203915|203925,-223.0,-7.0,1610612755.0,21800289,True
2,PT05M53.00S,05:53,Q2 05:53,29.883333333333333,258,rebound,Dinwiddie REBOUND (Off:0 Def:3),[],Dinwiddie,46,34,,False,False,203915.0,,3pt missed,3pt missed,,,,1626156|1627732|1627788|1628386|200755|201163|201960|203488|203915|203925,1626156|1628386|201960|203915|203925,1627732|1627788|200755|201163|203488,,,1610612751.0,21800289,True
2,PT05M50.00S,05:50,Q2 05:50,29.833333333333332,259,3pt,MISS Russell 26' 3PT Running Jump Shot,[],Russell,46,34,Missed,True,False,1626156.0,,rebound,rebound,,,,1626156|1627732|1627788|1628386|200755|201163|201960|203488|203915|203925,1626156|1628386|201960|203915|203925,1627732|1627788|200755|201163|203488,-208.0,157.0,1610612751.0,21800289,True
2,PT05M46.00S,05:46,Q2 05:46,29.766666666666666,260,rebound,Korkmaz REBOUND (Off:0 Def:1),[],Korkmaz,46,34,,False,False,1627788.0,,3pt missed,3pt missed,,,,1626156|1627732|1627788|1628386|200755|201163|201960|203488|203915|203925,1627732|1627788|200755|201163|203488,1626156|1628386|201960|203915|203925,,,1610612755.0,21800289,True
2,PT05M40.00S,05:40,Q2 05:40,29.666666666666668,261,3pt,MISS Redick 24' 3PT Jump Shot,[],Redick,46,34,Missed,True,False,200755.0,,rebound,rebound,,,,1626156|1627732|1627788|1628386|200755|201163|201960|203488|203915|203925,1627732|1627788|200755|201163|203488,1626156|1628386|201960|203915|203925,234.0,31.0,1610612755.0,21800289,True
2,PT05M37.00S,05:37,Q2 05:37,29.616666666666667,262,rebound,Carroll REBOUND (Off:0 Def:4),[],Carroll,46,34,,False,False,201960.0,,3pt missed,timeout,,,,1626156|1627732|1627788|1628386|200755|201163|201960|203488|203915|203925,1626156|1628386|201960|203915|203925,1627732|1627788|200755|201163|203488,,,1610612751.0,21800289,True
2,PT05M35.00S,05:35,Q2 05:35,29.583333333333332,263,timeout,NETS Timeout: Regular (Full 3 Short 0),[],,46,34,,False,False,0.0,,rebound,substitution,,,,1626156|1627732|1627788|1628386|200755|201163|201960|203488|203915|203925,1626156|1628386|201960|203915|203925,1627732|1627788|200755|201163|203488,,,1610612751.0,21800289,True
2,PT05M35.00S,05:35,Q2 05:35,29.583333333333332,264,substitution,SUB out: D. Russell,[],Russell,46,34,,False,False,1626156.0,,timeout,substitution,,,,1627732|1627788|1628386|200755|201163|201960|203488|203915|203925,1628386|201960|203915|203925,1627732|1627788|200755|201163|203488,,,1610612751.0,21800289,False
2,PT05M35.00S,05:35,Q2 05:35,29.583333333333332,265,substitution,SUB out: J. Redick,[],Redick,46,34,,False,False,200755.0,,substitution,substitution,,,,1627732|1627788|1628386|201163|201960|203488|203915|203925,1627732|1627788|201163|203488,1628386|201960|203915|203925,,,1610612755.0,21800289,False
2,PT05M35.00S,05:35,Q2 05:35,29.583333333333332,266,substitution,SUB in: A. Crabbe,[],Crabbe,46,34,,False,False,203459.0,,substitution,substitution,,,,1627732|1627788|1628386|201163|201960|203459|203488|203915|203925,1628386|201960|203459|203915|203925,1627732|1627788|201163|203488,,,1610612751.0,21800289,False
2,PT05M35.00S,05:35,Q2 05:35,29.583333333333332,267,substitution,SUB in: L. Shamet,[],Shamet,46,34,,False,False,1629013.0,,substitution,turnover,,,,1627732|1627788|1628386|1629013|201163|201960|203459|203488|203915|203925,1627732|1627788|1629013|201163|203488,1628386|201960|203459|203915|203925,,,1610612755.0,21800289,True
2,PT05M30.00S,05:30,Q2 05:30,29.5,268,turnover,Allen Bad Pass Turnover (P3.T8),[],Allen,46,34,,False,False,1628386.0,,substitution,steal,,,,1627732|1627788|1628386|1629013|201163|201960|203459|203488|203915|203925,1628386|201960|203459|203915|203925,1627732|1627788|1629013|201163|203488,,,1610612751.0,21800289,True
2,PT05M30.00S,05:30,Q2 05:30,29.5,268,steal,Muscala STEAL (1 STL),[],Muscala,46,34,,False,False,203488.0,,turnover,foul,,203488.0,,1627732|1627788|1628386|1629013|201163|201960|203459|203488|203915|203925,1627732|1627788|1629013|201163|203488,1628386|201960|203459|203915|203925,,,1610612755.0,21800289,True
2,PT05M29.00S,05:29,Q2 05:29,29.483333333333334,270,foul,Dinwiddie P.FOUL (P1.T4) (B.Adair),[],Dinwiddie,46,34,,False,False,203915.0,,steal,2pt made,1627788.0,,,1627732|1627788|1628386|1629013|201163|201960|203459|203488|203915|203925,1628386|201960|203459|203915|203925,1627732|1627788|1629013|201163|203488,,,1610612751.0,21800289,True
2,PT05M17.00S,05:17,Q2 05:17,29.28333333333333,272,2pt,Korkmaz 3' Finger Roll Layup (2 PTS) (Simmons 1 AST),['pointsinthepaint'],Korkmaz,46,36,Made,True,True,1627788.0,1627732.0,foul,2pt made,,,,1627732|1627788|1628386|1629013|201163|201960|203459|203488|203915|203925,1627732|1627788|1629013|201163|203488,1628386|201960|203459|203915|203925,2.0,31.0,1610612755.0,21800289,True
2,PT04M57.00S,04:57,Q2 04:57,28.95,274,2pt,Allen 3' Turnaround Hook Shot (8 PTS) (Dinwiddie 3 AST),['pointsinthepaint'],Allen,48,36,Made,True,True,1628386.0,203915.0,2pt made,2pt made,,,,1627732|1627788|1628386|1629013|201163|201960|203459|203488|203915|203925,1628386|201960|203459|203915|203925,1627732|1627788|1629013|201163|203488,-8.0,34.0,1610612751.0,21800289,True
2,PT04M48.00S,04:48,Q2 04:48,28.8,276,2pt,Simmons 2' Running Layup (7 PTS),['pointsinthepaint'],Simmons,48,38,Made,True,False,1627732.0,,2pt made,3pt made,,,,1627732|1627788|1628386|1629013|201163|201960|203459|203488|203915|203925,1627732|1627788|1629013|201163|203488,1628386|201960|203459|203915|203925,-19.0,1.0,1610612755.0,21800289,True
2,PT04M42.00S,04:42,Q2 04:42,28.7,277,3pt,Dinwiddie 27' 3PT Pullup Jump Shot (8 PTS),[],Dinwiddie,51,38,Made,True,False,203915.0,,2pt made,foul,,,,1627732|1627788|1628386|1629013|201163|201960|203459|203488|203915|203925,1628386|201960|203459|203915|203925,1627732|1627788|1629013|201163|203488,-134.0,232.0,1610612751.0,21800289,True
2,PT04M42.00S,04:42,Q2 04:42,28.7,278,foul,Shamet S.FOUL (P1.T3) (E.Lewis),[],Shamet,51,38,,False,False,1629013.0,,3pt made,instant replay,203915.0,,,1627732|1627788|1628386|1629013|201163|201960|203459|203488|203915|203925,1627732|1627788|1629013|201163|203488,1628386|201960|203459|203915|203925,,,1610612755.0,21800289,True
2,PT04M42.00S,04:42,Q2 04:42,28.7,281,freethrow,MISS Dinwiddie Free Throw 1 of 1,[],Dinwiddie,51,38,Missed,False,False,203915.0,,instant replay,rebound,,,,1627732|1627788|1628386|1629013|201163|201960|203459|203488|203915|203925,1628386|201960|203459|203915|203925,1627732|1627788|1629013|201163|203488,,,1610612751.0,21800289,True
2,PT04M42.00S,04:42,Q2 04:42,28.7,282,rebound,Simmons REBOUND (Off:0 Def:1),[],Simmons,51,38,,False,False,1627732.0,,freethrow,substitution,,,,1627732|1627788|1628386|1629013|201163|201960|203459|203488|203915|203925,1627732|1627788|1629013|201163|203488,1628386|201960|203459|203915|203925,,,1610612755.0,21800289,True
2,PT04M42.00S,04:42,Q2 04:42,28.7,285,substitution,SUB out: D. Carroll,[],Carroll,51,38,,False,False,201960.0,,rebound,substitution,,,,1627732|1627788|1628386|1629013|201163|203459|203488|203915|203925,1628386|203459|203915|203925,1627732|1627788|1629013|201163|203488,,,1610612751.0,21800289,False
2,PT04M42.00S,04:42,Q2 04:42,28.7,286,substitution,SUB in: R. Hollis-Jefferson,[],Hollis-Jefferson,51,38,,False,False,1626178.0,,substitution,foul,,,,1626178|1627732|1627788|1628386|1629013|201163|203459|203488|203915|203925,1626178|1628386|203459|203915|203925,1627732|1627788|1629013|201163|203488,,,1610612751.0,21800289,True
2,PT04M32.00S,04:32,Q2 04:32,28.53333333333333,283,foul,Hollis-Jefferson S.FOUL (P1.PN) (E.Lewis),['inpenalty'],Hollis-Jefferson,51,38,,False,False,1626178.0,,substitution,freethrow,1627732.0,,,1626178|1627732|1627788|1628386|1629013|201163|203459|203488|203915|203925,1626178|1628386|203459|203915|203925,1627732|1627788|1629013|201163|203488,,,1610612751.0,21800289,True
2,PT04M32.00S,04:32,Q2 04:32,28.53333333333333,287,freethrow,Simmons Free Throw 1 of 2 (8 PTS),[],Simmons,51,39,Made,False,False,1627732.0,,foul,freethrow,,,,1626178|1627732|1627788|1628386|1629013|201163|203459|203488|203915|203925,1627732|1627788|1629013|201163|203488,1626178|1628386|203459|203915|203925,,,1610612755.0,21800289,True
2,PT04M32.00S,04:32,Q2 04:32,28.53333333333333,288,freethrow,Simmons Free Throw 2 of 2 (9 PTS),[],Simmons,51,40,Made,False,False,1627732.0,,freethrow,2pt made,,,,1626178|1627732|1627788|1628386|1629013|201163|203459|203488|203915|203925,1627732|1627788|1629013|201163|203488,1626178|1628386|203459|203915|203925,,,1610612755.0,21800289,True
2,PT04M08.00S,04:08,Q2 04:08,28.133333333333333,289,2pt,Dinwiddie 1' Driving Dunk (10 PTS),['pointsinthepaint'],Dinwiddie,53,40,Made,True,False,203915.0,,freethrow,3pt missed,,,,1626178|1627732|1627788|1628386|1629013|201163|203459|203488|203915|203925,1626178|1628386|203459|203915|203925,1627732|1627788|1629013|201163|203488,-7.0,13.0,1610612751.0,21800289,True
2,PT04M01.00S,04:01,Q2 04:01,28.016666666666666,290,3pt,MISS Muscala 26' 3PT Jump Shot,[],Muscala,53,40,Missed,True,False,203488.0,,2pt made,rebound,,,,1626178|1627732|1627788|1628386|1629013|201163|203459|203488|203915|203925,1627732|1627788|1629013|201163|203488,1626178|1628386|203459|203915|203925,0.0,255.0,1610612755.0,21800289,True
2,PT04M01.00S,04:01,Q2 04:01,28.016666666666666,291,rebound,Hollis-Jefferson REBOUND (Off:0 Def:2),[],Hollis-Jefferson,53,40,,False,False,1626178.0,,3pt missed,2pt made,,,,1626178|1627732|1627788|1628386|1629013|201163|203459|203488|203915|203925,1626178|1628386|203459|203915|203925,1627732|1627788|1629013|201163|203488,,,1610612751.0,21800289,True
2,PT03M54.00S,03:54,Q2 03:54,27.9,292,2pt,Dinwiddie 1' Driving Reverse Layup (12 PTS),['pointsinthepaint'],Dinwiddie,55,40,Made,True,False,203915.0,,rebound,foul,,,,1626178|1627732|1627788|1628386|1629013|201163|203459|203488|203915|203925,1626178|1628386|203459|203915|203925,1627732|1627788|1629013|201163|203488,9.0,11.0,1610612751.0,21800289,True
2,PT03M54.00S,03:54,Q2 03:54,27.9,293,foul,Muscala S.FOUL (P2.T4) (E.Lewis),['inpenalty'],Muscala,55,40,,False,False,203488.0,,2pt made,freethrow,203915.0,,,1626178|1627732|1627788|1628386|1629013|201163|203459|203488|203915|203925,1627732|1627788|1629013|201163|203488,1626178|1628386|203459|203915|203925,,,1610612755.0,21800289,True
2,PT03M54.00S,03:54,Q2 03:54,27.9,300,freethrow,Dinwiddie Free Throw 1 of 1 (13 PTS),[],Dinwiddie,56,40,Made,False,False,203915.0,,foul,substitution,,,,1626178|1627732|1627788|1628386|1629013|201163|203459|203488|203915|203925,1626178|1628386|203459|203915|203925,1627732|1627788|1629013|201163|203488,,,1610612751.0,21800289,True
2,PT03M54.00S,03:54,Q2 03:54,27.9,296,substitution,SUB out: M. Muscala,[],Muscala,55,40,,False,False,203488.0,,freethrow,substitution,,,,1626178|1627732|1627788|1628386|1629013|201163|203459|203915|203925,1627732|1627788|1629013|201163,1626178|1628386|203459|203915|203925,,,1610612755.0,21800289,False
2,PT03M54.00S,03:54,Q2 03:54,27.9,297,substitution,SUB out: F. Korkmaz,[],Korkmaz,55,40,,False,False,1627788.0,,substitution,substitution,,,,1626178|1627732|1628386|1629013|201163|203459|203915|203925,1627732|1629013|201163,1626178|1628386|203459|203915|203925,,,1610612755.0,21800289,False
2,PT03M54.00S,03:54,Q2 03:54,27.9,298,substitution,SUB in: J. Butler,[],Butler,55,40,,False,False,202710.0,,substitution,substitution,,,,1626178|1627732|1628386|1629013|201163|202710|203459|203915|203925,1627732|1629013|201163|202710,1626178|1628386|203459|203915|203925,,,1610612755.0,21800289,False
2,PT03M54.00S,03:54,Q2 03:54,27.9,299,substitution,SUB in: J. Embiid,[],Embiid,55,40,,False,False,203954.0,,substitution,foul,,,,1626178|1627732|1628386|1629013|201163|202710|203459|203915|203925|203954,1627732|1629013|201163|202710|203954,1626178|1628386|203459|203915|203925,,,1610612755.0,21800289,True
2,PT03M44.00S,03:44,Q2 03:44,27.733333333333334,301,foul,Dinwiddie P.FOUL (P2.PN) (M.Kogut),['inpenalty'],Dinwiddie,56,40,,False,False,203915.0,,substitution,freethrow,1629013.0,,,1626178|1627732|1628386|1629013|201163|202710|203459|203915|203925|203954,1626178|1628386|203459|203915|203925,1627732|1629013|201163|202710|203954,,,1610612751.0,21800289,True
2,PT03M44.00S,03:44,Q2 03:44,27.733333333333334,303,freethrow,Shamet Free Throw 1 of 2 (1 PTS),[],Shamet,56,41,Made,False,False,1629013.0,,foul,freethrow,,,,1626178|1627732|1628386|1629013|201163|202710|203459|203915|203925|203954,1627732|1629013|201163|202710|203954,1626178|1628386|203459|203915|203925,,,1610612755.0,21800289,True
2,PT03M44.00S,03:44,Q2 03:44,27.733333333333334,304,freethrow,Shamet Free Throw 2 of 2 (2 PTS),[],Shamet,56,42,Made,False,False,1629013.0,,freethrow,2pt made,,,,1626178|1627732|1628386|1629013|201163|202710|203459|203915|203925|203954,1627732|1629013|201163|202710|203954,1626178|1628386|203459|203915|203925,,,1610612755.0,21800289,True
2,PT03M34.00S,03:34,Q2 03:34,27.566666666666666,305,2pt,Harris 2' Driving Layup (4 PTS) (Dinwiddie 4 AST),['pointsinthepaint'],Harris,58,42,Made,True,True,203925.0,203915.0,freethrow,2pt missed,,,,1626178|1627732|1628386|1629013|201163|202710|203459|203915|203925|203954,1626178|1628386|203459|203915|203925,1627732|1629013|201163|202710|203954,13.0,16.0,1610612751.0,21800289,True
2,PT03M26.00S,03:26,Q2 03:26,27.433333333333334,318,2pt,MISS Butler 3' Driving Layup,['pointsinthepaint'],Butler,58,42,Missed,True,False,202710.0,,2pt made,block,,,,1626178|1627732|1628386|1629013|201163|202710|203459|203915|203925|203954,1627732|1629013|201163|202710|203954,1626178|1628386|203459|203915|203925,-15.0,29.0,1610612755.0,21800289,True
2,PT03M26.00S,03:26,Q2 03:26,27.433333333333334,318,block,Hollis-Jefferson BLOCK (1 BLK),[],Hollis-Jefferson,58,42,,False,False,1626178.0,,2pt missed,rebound,,,1626178.0,1626178|1627732|1628386|1629013|201163|202710|203459|203915|203925|203954,1626178|1628386|203459|203915|203925,1627732|1629013|201163|202710|203954,,,1610612751.0,21800289,True
2,PT03M25.00S,03:25,Q2 03:25,27.416666666666668,320,rebound,Butler REBOUND (Off:4 Def:3),[],Butler,58,42,,False,False,202710.0,,block,2pt missed,,,,1626178|1627732|1628386|1629013|201163|202710|203459|203915|203925|203954,1627732|1629013|201163|202710|203954,1626178|1628386|203459|203915|203925,,,1610612755.0,21800289,True
2,PT03M22.00S,03:22,Q2 03:22,27.366666666666667,307,2pt,MISS Butler 4' Layup,['pointsinthepaint'],Butler,58,42,Missed,True,False,202710.0,,rebound,block,,,,1626178|1627732|1628386|1629013|201163|202710|203459|203915|203925|203954,1627732|1629013|201163|202710|203954,1626178|1628386|203459|203915|203925,-30.0,25.0,1610612755.0,21800289,True
2,PT03M22.00S,03:22,Q2 03:22,27.366666666666667,307,block,Harris BLOCK (1 BLK),[],Harris,58,42,,False,False,203925.0,,2pt missed,rebound,,,203925.0,1626178|1627732|1628386|1629013|201163|202710|203459|203915|203925|203954,1626178|1628386|203459|203915|203925,1627732|1629013|201163|202710|203954,,,1610612751.0,21800289,True
2,PT03M19.00S,03:19,Q2 03:19,27.316666666666666,309,rebound,Allen REBOUND (Off:0 Def:4),[],Allen,58,42,,False,False,1628386.0,,block,2pt missed,,,,1626178|1627732|1628386|1629013|201163|202710|203459|203915|203925|203954,1626178|1628386|203459|203915|203925,1627732|1629013|201163|202710|203954,,,1610612751.0,21800289,True
2,PT03M13.00S,03:13,Q2 03:13,27.21666666666667,310,2pt,MISS Hollis-Jefferson 3' Layup,['pointsinthepaint'],Hollis-Jefferson,58,42,Missed,True,False,1626178.0,,rebound,rebound,,,,1626178|1627732|1628386|1629013|201163|202710|203459|203915|203925|203954,1626178|1628386|203459|203915|203925,1627732|1629013|201163|202710|203954,-18.0,20.0,1610612751.0,21800289,True
2,PT03M11.00S,03:11,Q2 03:11,27.183333333333334,311,rebound,Allen REBOUND (Off:1 Def:4),[],Allen,58,42,,False,False,1628386.0,,2pt missed,2pt missed,,,,1626178|1627732|1628386|1629013|201163|202710|203459|203915|203925|203954,1626178|1628386|203459|203915|203925,1627732|1629013|201163|202710|203954,,,1610612751.0,21800289,True
2,PT03M09.00S,03:09,Q2 03:09,27.15,312,2pt,MISS Allen 3' Turnaround Hook Shot,['pointsinthepaint'],Allen,58,42,Missed,True,False,1628386.0,,rebound,rebound,,,,1626178|1627732|1628386|1629013|201163|202710|203459|203915|203925|203954,1626178|1628386|203459|203915|203925,1627732|1629013|201163|202710|203954,-20.0,16.0,1610612751.0,21800289,True
2,PT03M09.00S,03:09,Q2 03:09,27.15,313,rebound,Embiid REBOUND (Off:0 Def:4),[],Embiid,58,42,,False,False,203954.0,,2pt missed,foul,,,,1626178|1627732|1628386|1629013|201163|202710|203459|203915|203925|203954,1627732|1629013|201163|202710|203954,1626178|1628386|203459|203915|203925,,,1610612755.0,21800289,True
2,PT03M05.00S,03:05,Q2 03:05,27.083333333333332,314,foul,Harris S.FOUL (P2.PN) (B.Adair),['inpenalty'],Harris,58,42,,False,False,203925.0,,rebound,freethrow,202710.0,,,1626178|1627732|1628386|1629013|201163|202710|203459|203915|203925|203954,1626178|1628386|203459|203915|203925,1627732|1629013|201163|202710|203954,,,1610612751.0,21800289,True
2,PT03M05.00S,03:05,Q2 03:05,27.083333333333332,316,freethrow,Butler Free Throw 1 of 2 (8 PTS),[],Butler,58,43,Made,False,False,202710.0,,foul,freethrow,,,,1626178|1627732|1628386|1629013|201163|202710|203459|203915|203925|203954,1627732|1629013|201163|202710|203954,1626178|1628386|203459|203915|203925,,,1610612755.0,21800289,True
2,PT03M05.00S,03:05,Q2 03:05,27.083333333333332,317,freethrow,Butler Free Throw 2 of 2 (9 PTS),[],Butler,58,44,Made,False,False,202710.0,,freethrow,2pt made,,,,1626178|1627732|1628386|1629013|201163|202710|203459|203915|203925|203954,1627732|1629013|201163|202710|203954,1626178|1628386|203459|203915|203925,,,1610612755.0,21800289,True
2,PT02M44.00S,02:44,Q2 02:44,26.733333333333334,321,2pt,Harris 6' Driving Floating Jump Shot (6 PTS) (Crabbe 1 AST),['pointsinthepaint'],Harris,60,44,Made,True,True,203925.0,203459.0,freethrow,2pt missed,,,,1626178|1627732|1628386|1629013|201163|202710|203459|203915|203925|203954,1626178|1628386|203459|203915|203925,1627732|1629013|201163|202710|203954,-29.0,50.0,1610612751.0,21800289,True
2,PT02M21.00S,02:21,Q2 02:21,26.35,324,2pt,MISS Embiid 4' Layup,['pointsinthepaint'],Embiid,60,44,Missed,True,False,203954.0,,2pt made,rebound,,,,1626178|1627732|1628386|1629013|201163|202710|203459|203915|203925|203954,1627732|1629013|201163|202710|203954,1626178|1628386|203459|203915|203925,-33.0,16.0,1610612755.0,21800289,True
2,PT02M19.00S,02:19,Q2 02:19,26.316666666666666,325,rebound,TEAM defensive REBOUND,['team'],,60,44,,False,False,0.0,,2pt missed,turnover,,,,1626178|1627732|1628386|1629013|201163|202710|203459|203915|203925|203954,1626178|1628386|203459|203915|203925,1627732|1629013|201163|202710|203954,,,1610612751.0,21800289,True
2,PT02M14.00S,02:14,Q2 02:14,26.233333333333334,326,turnover,Crabbe Out of Bounds Lost Ball Turnover (P1.T9),[],Crabbe,60,44,,False,False,203459.0,,rebound,2pt missed,,,,1626178|1627732|1628386|1629013|201163|202710|203459|203915|203925|203954,1626178|1628386|203459|203915|203925,1627732|1629013|201163|202710|203954,,,1610612751.0,21800289,True
2,PT02M01.00S,02:01,Q2 02:01,26.016666666666666,327,2pt,MISS Butler 12' Step Back Jump Shot,['pointsinthepaint'],Butler,60,44,Missed,True,False,202710.0,,turnover,rebound,,,,1626178|1627732|1628386|1629013|201163|202710|203459|203915|203925|203954,1627732|1629013|201163|202710|203954,1626178|1628386|203459|203915|203925,-57.0,103.0,1610612755.0,21800289,True
2,PT01M59.00S,01:59,Q2 01:59,25.983333333333334,328,rebound,Hollis-Jefferson REBOUND (Off:0 Def:3),[],Hollis-Jefferson,60,44,,False,False,1626178.0,,2pt missed,2pt made,,,,1626178|1627732|1628386|1629013|201163|202710|203459|203915|203925|203954,1626178|1628386|203459|203915|203925,1627732|1629013|201163|202710|203954,,,1610612751.0,21800289,True
2,PT01M53.00S,01:53,Q2 01:53,25.883333333333333,329,2pt,Allen 3' Layup (10 PTS) (Hollis-Jefferson 1 AST),['pointsinthepaint'],Allen,62,44,Made,True,True,1628386.0,1626178.0,rebound,foul,,,,1626178|1627732|1628386|1629013|201163|202710|203459|203915|203925|203954,1626178|1628386|203459|203915|203925,1627732|1629013|201163|202710|203954,-23.0,16.0,1610612751.0,21800289,True
2,PT01M53.00S,01:53,Q2 01:53,25.883333333333333,331,foul,Chandler S.FOUL (P2.PN) (B.Adair),['inpenalty'],Chandler,62,44,,False,False,201163.0,,2pt made,freethrow,1628386.0,,,1626178|1627732|1628386|1629013|201163|202710|203459|203915|203925|203954,1627732|1629013|201163|202710|203954,1626178|1628386|203459|203915|203925,,,1610612755.0,21800289,True
2,PT01M53.00S,01:53,Q2 01:53,25.883333333333333,333,freethrow,Allen Free Throw 1 of 1 (11 PTS),[],Allen,63,44,Made,False,False,1628386.0,,foul,3pt missed,,,,1626178|1627732|1628386|1629013|201163|202710|203459|203915|203925|203954,1626178|1628386|203459|203915|203925,1627732|1629013|201163|202710|203954,,,1610612751.0,21800289,True
2,PT01M32.00S,01:32,Q2 01:32,25.53333333333333,334,3pt,MISS Chandler 3PT Jump Shot,[],Chandler,63,44,Missed,True,False,201163.0,,freethrow,rebound,,,,1626178|1627732|1628386|1629013|201163|202710|203459|203915|203925|203954,1627732|1629013|201163|202710|203954,1626178|1628386|203459|203915|203925,-221.0,-10.0,1610612755.0,21800289,True
2,PT01M25.00S,01:25,Q2 01:25,25.416666666666668,335,rebound,Embiid REBOUND (Off:1 Def:4),[],Embiid,63,44,,False,False,203954.0,,3pt missed,2pt made,,,,1626178|1627732|1628386|1629013|201163|202710|203459|203915|203925|203954,1627732|1629013|201163|202710|203954,1626178|1628386|203459|203915|203925,,,1610612755.0,21800289,True
2,PT01M25.00S,01:25,Q2 01:25,25.416666666666668,336,2pt,Embiid 1' Putback Layup (14 PTS),['pointsinthepaint'],Embiid,63,46,Made,True,False,203954.0,,rebound,3pt made,,,,1626178|1627732|1628386|1629013|201163|202710|203459|203915|203925|203954,1627732|1629013|201163|202710|203954,1626178|1628386|203459|203915|203925,0.0,-6.0,1610612755.0,21800289,True
2,PT01M22.00S,01:22,Q2 01:22,25.366666666666667,337,3pt,Dinwiddie 27' 3PT Pullup Jump Shot (16 PTS),[],Dinwiddie,66,46,Made,True,False,203915.0,,2pt made,2pt made,,,,1626178|1627732|1628386|1629013|201163|202710|203459|203915|203925|203954,1626178|1628386|203459|203915|203925,1627732|1629013|201163|202710|203954,-150.0,220.0,1610612751.0,21800289,True
2,PT01M09.00S,01:09,Q2 01:09,25.15,338,2pt,Shamet 2' Cutting Layup Shot (4 PTS) (Simmons 2 AST),['pointsinthepaint'],Shamet,66,48,Made,True,True,1629013.0,1627732.0,3pt made,2pt made,,,,1626178|1627732|1628386|1629013|201163|202710|203459|203915|203925|203954,1627732|1629013|201163|202710|203954,1626178|1628386|203459|203915|203925,17.0,1.0,1610612755.0,21800289,True
2,PT00M47.70S,00:47,Q2 00:47,24.795,340,2pt,Hollis-Jefferson 15' Jump Shot (7 PTS) (Dinwiddie 5 AST),[],Hollis-Jefferson,68,48,Made,True,True,1626178.0,203915.0,2pt made,3pt made,,,,1626178|1627732|1628386|1629013|201163|202710|203459|203915|203925|203954,1626178|1628386|203459|203915|203925,1627732|1629013|201163|202710|203954,151.0,0.0,1610612751.0,21800289,True
2,PT00M29.10S,00:29,Q2 00:29,24.485,342,3pt,Shamet 30' 3PT Jump Shot (7 PTS) (Butler 2 AST),[],Shamet,68,51,Made,True,True,1629013.0,202710.0,2pt made,3pt missed,,,,1626178|1627732|1628386|1629013|201163|202710|203459|203915|203925|203954,1627732|1629013|201163|202710|203954,1626178|1628386|203459|203915|203925,161.0,253.0,1610612755.0,21800289,True
2,PT00M13.70S,00:13,Q2 00:13,24.22833333333333,344,3pt,MISS Allen 3PT Jump Shot,[],Allen,68,51,Missed,True,False,1628386.0,,3pt made,rebound,,,,1626178|1627732|1628386|1629013|201163|202710|203459|203915|203925|203954,1626178|1628386|203459|203915|203925,1627732|1629013|201163|202710|203954,220.0,2.0,1610612751.0,21800289,True
2,PT00M09.20S,00:09,Q2 00:09,24.153333333333332,345,rebound,Simmons REBOUND (Off:0 Def:2),[],Simmons,68,51,,False,False,1627732.0,,3pt missed,3pt made,,,,1626178|1627732|1628386|1629013|201163|202710|203459|203915|203925|203954,1627732|1629013|201163|202710|203954,1626178|1628386|203459|203915|203925,,,1610612755.0,21800289,True
2,PT00M04.40S,00:04,Q2 00:04,24.073333333333334,346,3pt,Chandler 27' 3PT Jump Shot (8 PTS) (Simmons 3 AST),[],Chandler,68,54,Made,True,True,201163.0,1627732.0,rebound,3pt missed,,,,1626178|1627732|1628386|1629013|201163|202710|203459|203915|203925|203954,1627732|1629013|201163|202710|203954,1626178|1628386|203459|203915|203925,126.0,237.0,1610612755.0,21800289,True
2,PT00M00.10S,00:00,Q2 00:00,24.001666666666665,348,3pt,MISS Dinwiddie 43' 3PT Pullup Jump Shot,[],Dinwiddie,68,54,Missed,True,False,203915.0,,3pt made,rebound,,,,1626178|1627732|1628386|1629013|201163|202710|203459|203915|203925|203954,1626178|1628386|203459|203915|203925,1627732|1629013|201163|202710|203954,-16.0,431.0,1610612751.0,21800289,True
2,PT00M00.10S,00:00,Q2 00:00,24.001666666666665,349,rebound,TEAM offensive REBOUND,['team'],,68,54,,False,False,0.0,,3pt missed,period,,,,1626178|1627732|1628386|1629013|201163|202710|203459|203915|203925|203954,1626178|1628386|203459|203915|203925,1627732|1629013|201163|202710|203954,,,1610612751.0,21800289,True
2,PT00M00.00S,00:00,Q2 00:00,24.0,350,period,End of 2nd Period (7:08 PM EST),[],,68,54,,False,False,0.0,,rebound,period,,,,1626178|1627732|1628386|1629013|201163|202710|203459|203915|203925|203954,1626178|1628386|203459|203915|203925,1627732|1629013|201163|202710|203954,,,1610612751.0,21800289,True
3,PT12M00.00S,12:00,Q3 12:00,24.0,356,period,Start of 3rd Period (7:24 PM EST),[],,68,54,,False,False,0.0,,period,substitution,,,,1626178|1627732|1628386|1629013|201163|202710|203459|203915|203925|203954,1626178|1628386|203459|203915|203925,1627732|1629013|201163|202710|203954,,,1610612751.0,21800289,True
3,PT11M43.00S,11:43,Q3 11:43,23.71666666666667,357,2pt,Hollis-Jefferson 3' Driving Layup (9 PTS) (Russell 6 AST),['pointsinthepaint'],Hollis-Jefferson,70,54,Made,True,True,1626178.0,1626156.0,substitution,2pt missed,,,,1626156|1626178|1627732|1628386|200755|201163|202710|203459|203925|203954,1626156|1626178|1628386|203459|203925,1627732|200755|201163|202710|203954,27.0,6.0,1610612751.0,21800289,True
3,PT11M30.00S,11:30,Q3 11:30,23.5,359,2pt,MISS Redick 18' Jump Shot,[],Redick,70,54,Missed,True,False,200755.0,,2pt made,rebound,,,,1626156|1626178|1627732|1628386|200755|201163|202710|203459|203925|203954,1627732|200755|201163|202710|203954,1626156|1626178|1628386|203459|203925,157.0,80.0,1610612755.0,21800289,True
3,PT11M28.00S,11:28,Q3 11:28,23.46666666666667,360,rebound,Simmons REBOUND (Off:1 Def:2),[],Simmons,70,54,,False,False,1627732.0,,2pt missed,2pt made,,,,1626156|1626178|1627732|1628386|200755|201163|202710|203459|203925|203954,1627732|200755|201163|202710|203954,1626156|1626178|1628386|203459|203925,,,1610612755.0,21800289,True
3,PT11M23.00S,11:23,Q3 11:23,23.383333333333333,361,2pt,Embiid 2' Driving Layup (16 PTS) (Simmons 4 AST),['pointsinthepaint'],Embiid,70,56,Made,True,True,203954.0,1627732.0,rebound,foul,,,,1626156|1626178|1627732|1628386|200755|201163|202710|203459|203925|203954,1627732|200755|201163|202710|203954,1626156|1626178|1628386|203459|203925,13.0,20.0,1610612755.0,21800289,True
3,PT11M19.00S,11:19,Q3 11:19,23.316666666666666,362,foul,Redick P.FOUL (P2.T1) (M.Kogut),[],Redick,70,56,,False,False,200755.0,,2pt made,3pt missed,203925.0,,,1626156|1626178|1627732|1628386|200755|201163|202710|203459|203925|203954,1627732|200755|201163|202710|203954,1626156|1626178|1628386|203459|203925,,,1610612755.0,21800289,True
3,PT11M07.00S,11:07,Q3 11:07,23.116666666666667,364,3pt,MISS Harris 27' 3PT Jump Shot,[],Harris,70,56,Missed,True,False,203925.0,,foul,rebound,,,,1626156|1626178|1627732|1628386|200755|201163|202710|203459|203925|203954,1626156|1626178|1628386|203459|203925,1627732|200755|201163|202710|203954,36.0,266.0,1610612751.0,21800289,True
3,PT11M03.00S,11:03,Q3 11:03,23.05,365,rebound,Allen REBOUND (Off:2 Def:4),[],Allen,70,56,,False,False,1628386.0,,3pt missed,2pt missed,,,,1626156|1626178|1627732|1628386|200755|201163|202710|203459|203925|203954,1626156|1626178|1628386|203459|203925,1627732|200755|201163|202710|203954,,,1610612751.0,21800289,True
3,PT10M53.00S,10:53,Q3 10:53,22.883333333333333,366,2pt,MISS Crabbe 12' Driving Floating Jump Shot,['pointsinthepaint'],Crabbe,70,56,Missed,True,False,203459.0,,rebound,block,,,,1626156|1626178|1627732|1628386|200755|201163|202710|203459|203925|203954,1626156|1626178|1628386|203459|203925,1627732|200755|201163|202710|203954,46.0,109.0,1610612751.0,21800289,True
3,PT10M53.00S,10:53,Q3 10:53,22.883333333333333,366,block,Simmons BLOCK (1 BLK),[],Simmons,70,56,,False,False,1627732.0,,2pt missed,rebound,,,1627732.0,1626156|1626178|1627732|1628386|200755|201163|202710|203459|203925|203954,1627732|200755|201163|202710|203954,1626156|1626178|1628386|203459|203925,,,1610612755.0,21800289,True
3,PT10M49.00S,10:49,Q3 10:49,22.816666666666666,367,rebound,Hollis-Jefferson REBOUND (Off:1 Def:3),[],Hollis-Jefferson,70,56,,False,False,1626178.0,,block,2pt missed,,,,1626156|1626178|1627732|1628386|200755|201163|202710|203459|203925|203954,1626156|1626178|1628386|203459|203925,1627732|200755|201163|202710|203954,,,1610612751.0,21800289,True
3,PT10M49.00S,10:49,Q3 10:49,22.816666666666666,368,2pt,MISS Hollis-Jefferson 5' Reverse Layup,['pointsinthepaint'],Hollis-Jefferson,70,56,Missed,True,False,1626178.0,,rebound,block,,,,1626156|1626178|1627732|1628386|200755|201163|202710|203459|203925|203954,1626156|1626178|1628386|203459|203925,1627732|200755|201163|202710|203954,43.0,27.0,1610612751.0,21800289,True
3,PT10M49.00S,10:49,Q3 10:49,22.816666666666666,368,block,Embiid BLOCK (1 BLK),[],Embiid,70,56,,False,False,203954.0,,2pt missed,rebound,,,203954.0,1626156|1626178|1627732|1628386|200755|201163|202710|203459|203925|203954,1627732|200755|201163|202710|203954,1626156|1626178|1628386|203459|203925,,,1610612755.0,21800289,True
3,PT10M49.00S,10:49,Q3 10:49,22.816666666666666,371,rebound,Chandler REBOUND (Off:0 Def:2),[],Chandler,70,56,,False,False,201163.0,,block,2pt missed,,,,1626156|1626178|1627732|1628386|200755|201163|202710|203459|203925|203954,1627732|200755|201163|202710|203954,1626156|1626178|1628386|203459|203925,,,1610612755.0,21800289,True
3,PT10M41.00S,10:41,Q3 10:41,22.683333333333334,372,2pt,MISS Simmons 2' Layup,['pointsinthepaint'],Simmons,70,56,Missed,True,False,1627732.0,,rebound,rebound,,,,1626156|1626178|1627732|1628386|200755|201163|202710|203459|203925|203954,1627732|200755|201163|202710|203954,1626156|1626178|1628386|203459|203925,-2.0,23.0,1610612755.0,21800289,True
3,PT10M37.00S,10:37,Q3 10:37,22.616666666666667,373,rebound,Simmons REBOUND (Off:2 Def:2),[],Simmons,70,56,,False,False,1627732.0,,2pt missed,2pt missed,,,,1626156|1626178|1627732|1628386|200755|201163|202710|203459|203925|203954,1627732|200755|201163|202710|203954,1626156|1626178|1628386|203459|203925,,,1610612755.0,21800289,True
3,PT10M37.00S,10:37,Q3 10:37,22.616666666666667,374,2pt,MISS Simmons 1' Tip Layup Shot,['pointsinthepaint'],Simmons,70,56,Missed,True,False,1627732.0,,rebound,rebound,,,,1626156|1626178|1627732|1628386|200755|201163|202710|203459|203925|203954,1627732|200755|201163|202710|203954,1626156|1626178|1628386|203459|203925,0.0,-6.0,1610612755.0,21800289,True
3,PT10M36.00S,10:36,Q3 10:36,22.6,375,rebound,Russell REBOUND (Off:1 Def:6),[],Russell,70,56,,False,False,1626156.0,,2pt missed,2pt made,,,,1626156|1626178|1627732|1628386|200755|201163|202710|203459|203925|203954,1626156|1626178|1628386|203459|203925,1627732|200755|201163|202710|203954,,,1610612751.0,21800289,True
3,PT10M29.00S,10:29,Q3 10:29,22.483333333333334,376,2pt,Russell 21' Pullup Jump Shot (18 PTS),[],Russell,72,56,Made,True,False,1626156.0,,rebound,2pt missed,,,,1626156|1626178|1627732|1628386|200755|201163|202710|203459|203925|203954,1626156|1626178|1628386|203459|203925,1627732|200755|201163|202710|203954,-2.0,208.0,1610612751.0,21800289,True
3,PT10M09.00S,10:09,Q3 10:09,22.15,377,2pt,MISS Embiid 12' Step Back Jump Shot,[],Embiid,72,56,Missed,True,False,203954.0,,2pt made,rebound,,,,1626156|1626178|1627732|1628386|200755|201163|202710|203459|203925|203954,1627732|200755|201163|202710|203954,1626156|1626178|1628386|203459|203925,100.0,65.0,1610612755.0,21800289,True
3,PT10M07.00S,10:07,Q3 10:07,22.116666666666667,378,rebound,Allen REBOUND (Off:2 Def:5),[],Allen,72,56,,False,False,1628386.0,,2pt missed,3pt made,,,,1626156|1626178|1627732|1628386|200755|201163|202710|203459|203925|203954,1626156|1626178|1628386|203459|203925,1627732|200755|201163|202710|203954,,,1610612751.0,21800289,True
3,PT10M03.00S,10:03,Q3 10:03,22.05,379,3pt,Russell 25' 3PT Pullup Jump Shot (21 PTS),[],Russell,75,56,Made,True,False,1626156.0,,rebound,2pt made,,,,1626156|1626178|1627732|1628386|200755|201163|202710|203459|203925|203954,1626156|1626178|1628386|203459|203925,1627732|200755|201163|202710|203954,-58.0,245.0,1610612751.0,21800289,True
3,PT09M46.00S,09:46,Q3 09:46,21.766666666666666,381,2pt,Simmons 1' Driving Layup (11 PTS) (Redick 2 AST),['pointsinthepaint'],Simmons,75,58,Made,True,True,1627732.0,200755.0,3pt made,2pt made,,,,1626156|1626178|1627732|1628386|200755|201163|202710|203459|203925|203954,1627732|200755|201163|202710|203954,1626156|1626178|1628386|203459|203925,8.0,11.0,1610612755.0,21800289,True
3,PT09M28.00S,09:28,Q3 09:28,21.46666666666667,383,2pt,Russell 17' Pullup Jump Shot (23 PTS),[],Russell,77,58,Made,True,False,1626156.0,,2pt made,2pt made,,,,1626156|1626178|1627732|1628386|200755|201163|202710|203459|203925|203954,1626156|1626178|1628386|203459|203925,1627732|200755|201163|202710|203954,-15.0,169.0,1610612751.0,21800289,True
3,PT09M13.00S,09:13,Q3 09:13,21.21666666666667,384,2pt,Simmons 2' Layup (13 PTS) (Embiid 2 AST),['pointsinthepaint'],Simmons,77,60,Made,True,True,1627732.0,203954.0,2pt made,turnover,,,,1626156|1626178|1627732|1628386|200755|201163|202710|203459|203925|203954,1627732|200755|201163|202710|203954,1626156|1626178|1628386|203459|203925,20.0,8.0,1610612755.0,21800289,True
3,PT08M55.00S,08:55,Q3 08:55,20.916666666666664,386,turnover,Russell Bad Pass Turnover (P1.T10),[],Russell,77,60,,False,False,1626156.0,,2pt made,steal,,,,1626156|1626178|1627732|1628386|200755|201163|202710|203459|203925|203954,1626156|1626178|1628386|203459|203925,1627732|200755|201163|202710|203954,,,1610612751.0,21800289,True
3,PT08M55.00S,08:55,Q3 08:55,20.916666666666664,386,steal,Butler STEAL (3 STL),[],Butler,77,60,,False,False,202710.0,,turnover,turnover,,202710.0,,1626156|1626178|1627732|1628386|200755|201163|202710|203459|203925|203954,1627732|200755|201163|202710|203954,1626156|1626178|1628386|203459|203925,,,1610612755.0,21800289,True
3,PT08M53.00S,08:53,Q3 08:53,20.883333333333333,388,turnover,Simmons Out of Bounds - Bad Pass Turnover Turnover (P2.T4),[],Simmons,77,60,,False,False,1627732.0,,steal,2pt made,,,,1626156|1626178|1627732|1628386|200755|201163|202710|203459|203925|203954,1627732|200755|201163|202710|203954,1626156|1626178|1628386|203459|203925,,,1610612755.0,21800289,True
3,PT08M28.00S,08:28,Q3 08:28,20.46666666666667,389,2pt,Russell 8' Pullup Jump Shot (25 PTS),['pointsinthepaint'],Russell,79,60,Made,True,False,1626156.0,,turnover,2pt made,,,,1626156|1626178|1627732|1628386|200755|201163|202710|203459|203925|203954,1626156|1626178|1628386|203459|203925,1627732|200755|201163|202710|203954,-78.0,19.0,1610612751.0,21800289,True
3,PT08M17.00S,08:17,Q3 08:17,20.28333333333333,390,2pt,Butler 2' Cutting Dunk Shot (11 PTS) (Simmons 5 AST),['pointsinthepaint'],Butler,79,62,Made,True,True,202710.0,1627732.0,2pt made,turnover,,,,1626156|1626178|1627732|1628386|200755|201163|202710|203459|203925|203954,1627732|200755|201163|202710|203954,1626156|1626178|1628386|203459|203925,11.0,15.0,1610612755.0,21800289,True
3,PT08M06.00S,08:06,Q3 08:06,20.1,392,turnover,Crabbe Out of Bounds Lost Ball Turnover (P2.T11),[],Crabbe,79,62,,False,False,203459.0,,2pt made,2pt made,,,,1626156|1626178|1627732|1628386|200755|201163|202710|203459|203925|203954,1626156|1626178|1628386|203459|203925,1627732|200755|201163|202710|203954,,,1610612751.0,21800289,True
3,PT07M54.00S,07:54,Q3 07:54,19.9,393,2pt,Embiid 1' Driving Dunk (18 PTS) (Chandler 3 AST),['pointsinthepaint'],Embiid,79,64,Made,True,True,203954.0,201163.0,turnover,2pt missed,,,,1626156|1626178|1627732|1628386|200755|201163|202710|203459|203925|203954,1627732|200755|201163|202710|203954,1626156|1626178|1628386|203459|203925,-5.0,10.0,1610612755.0,21800289,True
3,PT07M42.00S,07:42,Q3 07:42,19.7,395,2pt,MISS Russell 15' Fadeaway Jumper,[],Russell,79,64,Missed,True,False,1626156.0,,2pt made,rebound,,,,1626156|1626178|1627732|1628386|200755|201163|202710|203459|203925|203954,1626156|1626178|1628386|203459|203925,1627732|200755|201163|202710|203954,147.0,26.0,1610612751.0,21800289,True
3,PT07M40.00S,07:40,Q3 07:40,19.666666666666668,396,rebound,Butler REBOUND (Off:4 Def:4),[],Butler,79,64,,False,False,202710.0,,2pt missed,3pt missed,,,,1626156|1626178|1627732|1628386|200755|201163|202710|203459|203925|203954,1627732|200755|201163|202710|203954,1626156|1626178|1628386|203459|203925,,,1610612755.0,21800289,True
3,PT07M23.00S,07:23,Q3 07:23,19.383333333333333,397,3pt,MISS Chandler 26' 3PT Jump Shot,[],Chandler,79,64,Missed,True,False,201163.0,,rebound,rebound,,,,1626156|1626178|1627732|1628386|200755|201163|202710|203459|203925|203954,1627732|200755|201163|202710|203954,1626156|1626178|1628386|203459|203925,84.0,247.0,1610612755.0,21800289,True
3,PT07M22.00S,07:22,Q3 07:22,19.366666666666667,398,rebound,Harris REBOUND (Off:0 Def:3),[],Harris,79,64,,False,False,203925.0,,3pt missed,foul,,,,1626156|1626178|1627732|1628386|200755|201163|202710|203459|203925|203954,1626156|1626178|1628386|203459|203925,1627732|200755|201163|202710|203954,,,1610612751.0,21800289,True
3,PT07M22.00S,07:22,Q3 07:22,19.366666666666667,399,foul,Chandler Personal Take Foul (P3.T2) (B.Adair),[],Chandler,79,64,,False,False,201163.0,,rebound,substitution,1628386.0,,,1626156|1626178|1627732|1628386|200755|201163|202710|203459|203925|203954,1627732|200755|201163|202710|203954,1626156|1626178|1628386|203459|203925,,,1610612755.0,21800289,True
3,PT07M22.00S,07:22,Q3 07:22,19.366666666666667,401,substitution,SUB out: J. Redick,[],Redick,79,64,,False,False,200755.0,,foul,substitution,,,,1626156|1626178|1627732|1628386|201163|202710|203459|203925|203954,1627732|201163|202710|203954,1626156|1626178|1628386|203459|203925,,,1610612755.0,21800289,False
3,PT07M22.00S,07:22,Q3 07:22,19.366666666666667,402,substitution,SUB in: L. Shamet,[],Shamet,79,64,,False,False,1629013.0,,substitution,foul,,,,1626156|1626178|1627732|1628386|1629013|201163|202710|203459|203925|203954,1627732|1629013|201163|202710|203954,1626156|1626178|1628386|203459|203925,,,1610612755.0,21800289,True
3,PT07M14.00S,07:14,Q3 07:14,19.233333333333334,403,foul,Embiid S.FOUL (P2.T3) (E.Lewis),[],Embiid,79,64,,False,False,203954.0,,substitution,freethrow,1628386.0,,,1626156|1626178|1627732|1628386|1629013|201163|202710|203459|203925|203954,1627732|1629013|201163|202710|203954,1626156|1626178|1628386|203459|203925,,,1610612755.0,21800289,True
3,PT07M14.00S,07:14,Q3 07:14,19.233333333333334,405,freethrow,Allen Free Throw 1 of 2 (12 PTS),[],Allen,80,64,Made,False,False,1628386.0,,foul,freethrow,,,,1626156|1626178|1627732|1628386|1629013|201163|202710|203459|203925|203954,1626156|1626178|1628386|203459|203925,1627732|1629013|201163|202710|203954,,,1610612751.0,21800289,True
3,PT07M14.00S,07:14,Q3 07:14,19.233333333333334,406,freethrow,Allen Free Throw 2 of 2 (13 PTS),[],Allen,81,64,Made,False,False,1628386.0,,freethrow,foul,,,,1626156|1626178|1627732|1628386|1629013|201163|202710|203459|203925|203954,1626156|1626178|1628386|203459|203925,1627732|1629013|201163|202710|203954,,,1610612751.0,21800289,True
3,PT06M58.00S,06:58,Q3 06:58,18.96666666666667,407,foul,Allen P.FOUL (P3.T1) (B.Adair),[],Allen,81,64,,False,False,1628386.0,,freethrow,timeout,202710.0,,,1626156|1626178|1627732|1628386|1629013|201163|202710|203459|203925|203954,1626156|1626178|1628386|203459|203925,1627732|1629013|201163|202710|203954,,,1610612751.0,21800289,True
3,PT06M58.00S,06:58,Q3 06:58,18.96666666666667,409,timeout,NETS Timeout: Regular (Full 4 Short 0),[],,81,64,,False,False,0.0,,foul,substitution,,,,1626156|1626178|1627732|1628386|1629013|201163|202710|203459|203925|203954,1626156|1626178|1628386|203459|203925,1627732|1629013|201163|202710|203954,,,1610612751.0,21800289,True
3,PT06M58.00S,06:58,Q3 06:58,18.96666666666667,410,substitution,SUB out: J. Embiid,[],Embiid,81,64,,False,False,203954.0,,timeout,substitution,,,,1626156|1626178|1627732|1628386|1629013|201163|202710|203459|203925,1627732|1629013|201163|202710,1626156|1626178|1628386|203459|203925,,,1610612755.0,21800289,False
3,PT06M58.00S,06:58,Q3 06:58,18.96666666666667,411,substitution,SUB out: W. Chandler,[],Chandler,81,64,,False,False,201163.0,,substitution,substitution,,,,1626156|1626178|1627732|1628386|1629013|202710|203459|203925,1627732|1629013|202710,1626156|1626178|1628386|203459|203925,,,1610612755.0,21800289,False
3,PT06M58.00S,06:58,Q3 06:58,18.96666666666667,412,substitution,SUB in: T. McConnell,[],McConnell,81,64,,False,False,204456.0,,substitution,substitution,,,,1626156|1626178|1627732|1628386|1629013|202710|203459|203925|204456,1627732|1629013|202710|204456,1626156|1626178|1628386|203459|203925,,,1610612755.0,21800289,False
3,PT06M58.00S,06:58,Q3 06:58,18.96666666666667,413,substitution,SUB in: M. Muscala,[],Muscala,81,64,,False,False,203488.0,,substitution,2pt missed,,,,1626156|1626178|1627732|1628386|1629013|202710|203459|203488|203925|204456,1627732|1629013|202710|203488|204456,1626156|1626178|1628386|203459|203925,,,1610612755.0,21800289,True
3,PT06M47.00S,06:47,Q3 06:47,18.78333333333333,414,2pt,MISS Butler 20' Pullup Jump Shot,[],Butler,81,64,Missed,True,False,202710.0,,substitution,rebound,,,,1626156|1626178|1627732|1628386|1629013|202710|203459|203488|203925|204456,1627732|1629013|202710|203488|204456,1626156|1626178|1628386|203459|203925,-94.0,174.0,1610612755.0,21800289,True
3,PT06M44.00S,06:44,Q3 06:44,18.733333333333334,415,rebound,Allen REBOUND (Off:2 Def:6),[],Allen,81,64,,False,False,1628386.0,,2pt missed,3pt missed,,,,1626156|1626178|1627732|1628386|1629013|202710|203459|203488|203925|204456,1626156|1626178|1628386|203459|203925,1627732|1629013|202710|203488|204456,,,1610612751.0,21800289,True
3,PT06M36.00S,06:36,Q3 06:36,18.6,416,3pt,MISS Russell 26' 3PT Pullup Jump Shot,[],Russell,81,64,Missed,True,False,1626156.0,,rebound,rebound,,,,1626156|1626178|1627732|1628386|1629013|202710|203459|203488|203925|204456,1626156|1626178|1628386|203459|203925,1627732|1629013|202710|203488|204456,-86.0,241.0,1610612751.0,21800289,True
3,PT06M34.00S,06:34,Q3 06:34,18.566666666666666,417,rebound,Shamet REBOUND (Off:0 Def:1),[],Shamet,81,64,,False,False,1629013.0,,3pt missed,2pt missed,,,,1626156|1626178|1627732|1628386|1629013|202710|203459|203488|203925|204456,1627732|1629013|202710|203488|204456,1626156|1626178|1628386|203459|203925,,,1610612755.0,21800289,True
3,PT06M27.00S,06:27,Q3 06:27,18.45,418,2pt,MISS Butler 14' Pullup Jump Shot,[],Butler,81,64,Missed,True,False,202710.0,,rebound,rebound,,,,1626156|1626178|1627732|1628386|1629013|202710|203459|203488|203925|204456,1627732|1629013|202710|203488|204456,1626156|1626178|1628386|203459|203925,4.0,139.0,1610612755.0,21800289,True
3,PT06M25.00S,06:25,Q3 06:25,18.416666666666668,419,rebound,Russell REBOUND (Off:1 Def:7),[],Russell,81,64,,False,False,1626156.0,,2pt missed,2pt made,,,,1626156|1626178|1627732|1628386|1629013|202710|203459|203488|203925|204456,1626156|1626178|1628386|203459|203925,1627732|1629013|202710|203488|204456,,,1610612751.0,21800289,True
3,PT06M20.00S,06:20,Q3 06:20,18.333333333333332,420,2pt,Hollis-Jefferson 9' Fadeaway Jumper (11 PTS),['pointsinthepaint'],Hollis-Jefferson,83,64,Made,True,False,1626178.0,,rebound,2pt made,,,,1626156|1626178|1627732|1628386|1629013|202710|203459|203488|203925|204456,1626156|1626178|1628386|203459|203925,1627732|1629013|202710|203488|204456,-80.0,38.0,1610612751.0,21800289,True
3,PT06M02.00S,06:02,Q3 06:02,18.03333333333333,421,2pt,Butler 17' Pullup Jump Shot (13 PTS) (Muscala 1 AST),[],Butler,83,66,Made,True,True,202710.0,203488.0,2pt made,3pt missed,,,,1626156|1626178|1627732|1628386|1629013|202710|203459|203488|203925|204456,1627732|1629013|202710|203488|204456,1626156|1626178|1628386|203459|203925,80.0,154.0,1610612755.0,21800289,True
3,PT05M45.00S,05:45,Q3 05:45,17.75,423,3pt,MISS Crabbe 26' 3PT Jump Shot,[],Crabbe,83,66,Missed,True,False,203459.0,,2pt made,rebound,,,,1626156|1626178|1627732|1628386|1629013|202710|203459|203488|203925|204456,1626156|1626178|1628386|203459|203925,1627732|1629013|202710|203488|204456,-26.0,256.0,1610612751.0,21800289,True
3,PT05M43.00S,05:43,Q3 05:43,17.71666666666667,424,rebound,Butler REBOUND (Off:4 Def:5),[],Butler,83,66,,False,False,202710.0,,3pt missed,3pt missed,,,,1626156|1626178|1627732|1628386|1629013|202710|203459|203488|203925|204456,1627732|1629013|202710|203488|204456,1626156|1626178|1628386|203459|203925,,,1610612755.0,21800289,True
3,PT05M38.00S,05:38,Q3 05:38,17.633333333333333,425,3pt,MISS Muscala 25' 3PT Jump Shot,[],Muscala,83,66,Missed,True,False,203488.0,,rebound,rebound,,,,1626156|1626178|1627732|1628386|1629013|202710|203459|203488|203925|204456,1627732|1629013|202710|203488|204456,1626156|1626178|1628386|203459|203925,86.0,239.0,1610612755.0,21800289,True
3,PT05M34.00S,05:34,Q3 05:34,17.566666666666666,426,rebound,Butler REBOUND (Off:5 Def:5),[],Butler,83,66,,False,False,202710.0,,3pt missed,foul,,,,1626156|1626178|1627732|1628386|1629013|202710|203459|203488|203925|204456,1627732|1629013|202710|203488|204456,1626156|1626178|1628386|203459|203925,,,1610612755.0,21800289,True
3,PT05M34.00S,05:34,Q3 05:34,17.566666666666666,427,foul,Harris S.FOUL (P3.T2) (M.Kogut),[],Harris,83,66,,False,False,203925.0,,rebound,freethrow,202710.0,,,1626156|1626178|1627732|1628386|1629013|202710|203459|203488|203925|204456,1626156|1626178|1628386|203459|203925,1627732|1629013|202710|203488|204456,,,1610612751.0,21800289,True
3,PT05M34.00S,05:34,Q3 05:34,17.566666666666666,429,freethrow,Butler Free Throw 1 of 3 (14 PTS),[],Butler,83,67,Made,False,False,202710.0,,foul,freethrow,,,,1626156|1626178|1627732|1628386|1629013|202710|203459|203488|203925|204456,1627732|1629013|202710|203488|204456,1626156|1626178|1628386|203459|203925,,,1610612755.0,21800289,True
3,PT05M34.00S,05:34,Q3 05:34,17.566666666666666,430,freethrow,Butler Free Throw 2 of 3 (15 PTS),[],Butler,83,68,Made,False,False,202710.0,,freethrow,freethrow,,,,1626156|1626178|1627732|1628386|1629013|202710|203459|203488|203925|204456,1627732|1629013|202710|203488|204456,1626156|1626178|1628386|203459|203925,,,1610612755.0,21800289,True
3,PT05M34.00S,05:34,Q3 05:34,17.566666666666666,433,freethrow,Butler Free Throw 3 of 3 (16 PTS),[],Butler,83,69,Made,False,False,202710.0,,freethrow,substitution,,,,1626156|1626178|1627732|1628386|1629013|202710|203459|203488|203925|204456,1627732|1629013|202710|203488|204456,1626156|1626178|1628386|203459|203925,,,1610612755.0,21800289,True
3,PT05M34.00S,05:34,Q3 05:34,17.566666666666666,431,substitution,SUB out: J. Harris,[],Harris,83,68,,False,False,203925.0,,freethrow,substitution,,,,1626156|1626178|1627732|1628386|1629013|202710|203459|203488|204456,1626156|1626178|1628386|203459,1627732|1629013|202710|203488|204456,,,1610612751.0,21800289,False
3,PT05M34.00S,05:34,Q3 05:34,17.566666666666666,432,substitution,SUB in: S. Dinwiddie,[],Dinwiddie,83,68,,False,False,203915.0,,substitution,2pt made,,,,1626156|1626178|1627732|1628386|1629013|202710|203459|203488|203915|204456,1626156|1626178|1628386|203459|203915,1627732|1629013|202710|203488|204456,,,1610612751.0,21800289,True
3,PT05M21.00S,05:21,Q3 05:21,17.35,434,2pt,Russell 13' Turnaround Fadeaway Bank Jump Shot (27 PTS),[],Russell,85,69,Made,True,False,1626156.0,,substitution,3pt made,,,,1626156|1626178|1627732|1628386|1629013|202710|203459|203488|203915|204456,1626156|1626178|1628386|203459|203915,1627732|1629013|202710|203488|204456,-128.0,24.0,1610612751.0,21800289,True
3,PT05M05.00S,05:05,Q3 05:05,17.083333333333332,435,3pt,Shamet 26' 3PT Pullup Jump Shot (10 PTS) (Muscala 2 AST),[],Shamet,85,72,Made,True,True,1629013.0,203488.0,2pt made,2pt made,,,,1626156|1626178|1627732|1628386|1629013|202710|203459|203488|203915|204456,1627732|1629013|202710|203488|204456,1626156|1626178|1628386|203459|203915,146.0,214.0,1610612755.0,21800289,True
3,PT04M43.00S,04:43,Q3 04:43,16.71666666666667,437,2pt,Russell 9' Driving Floating Jump Shot (29 PTS),[],Russell,87,72,Made,True,False,1626156.0,,3pt made,2pt missed,,,,1626156|1626178|1627732|1628386|1629013|202710|203459|203488|203915|204456,1626156|1626178|1628386|203459|203915,1627732|1629013|202710|203488|204456,85.0,26.0,1610612751.0,21800289,True
3,PT04M22.00S,04:22,Q3 04:22,16.366666666666667,438,2pt,MISS Simmons 3' Cutting Finger Roll Layup Shot,['pointsinthepaint'],Simmons,87,72,Missed,True,False,1627732.0,,2pt made,rebound,,,,1626156|1626178|1627732|1628386|1629013|202710|203459|203488|203915|204456,1627732|1629013|202710|203488|204456,1626156|1626178|1628386|203459|203915,-16.0,23.0,1610612755.0,21800289,True
3,PT04M20.00S,04:20,Q3 04:20,16.333333333333332,439,rebound,Hollis-Jefferson REBOUND (Off:1 Def:4),[],Hollis-Jefferson,87,72,,False,False,1626178.0,,2pt missed,2pt made,,,,1626156|1626178|1627732|1628386|1629013|202710|203459|203488|203915|204456,1626156|1626178|1628386|203459|203915,1627732|1629013|202710|203488|204456,,,1610612751.0,21800289,True
3,PT04M16.00S,04:16,Q3 04:16,16.266666666666666,440,2pt,Hollis-Jefferson 2' Running Jump Shot (13 PTS),['pointsinthepaint'],Hollis-Jefferson,89,72,Made,True,False,1626178.0,,rebound,timeout,,,,1626156|1626178|1627732|1628386|1629013|202710|203459|203488|203915|204456,1626156|1626178|1628386|203459|203915,1627732|1629013|202710|203488|204456,-16.0,19.0,1610612751.0,21800289,True
3,PT04M16.00S,04:16,Q3 04:16,16.266666666666666,441,timeout,76ers Timeout: Regular (Reg.2 Short 0),[],,89,72,,False,False,0.0,,2pt made,substitution,,,,1626156|1626178|1627732|1628386|1629013|202710|203459|203488|203915|204456,1627732|1629013|202710|203488|204456,1626156|1626178|1628386|203459|203915,,,1610612755.0,21800289,True
3,PT04M16.00S,04:16,Q3 04:16,16.266666666666666,442,substitution,SUB out: D. Russell,[],Russell,89,72,,False,False,1626156.0,,timeout,substitution,,,,1626178|1627732|1628386|1629013|202710|203459|203488|203915|204456,1626178|1628386|203459|203915,1627732|1629013|202710|203488|204456,,,1610612751.0,21800289,False
3,PT04M16.00S,04:16,Q3 04:16,16.266666666666666,443,substitution,SUB out: R. Hollis-Jefferson,[],Hollis-Jefferson,89,72,,False,False,1626178.0,,substitution,substitution,,,,1627732|1628386|1629013|202710|203459|203488|203915|204456,1628386|203459|203915,1627732|1629013|202710|203488|204456,,,1610612751.0,21800289,False
3,PT04M16.00S,04:16,Q3 04:16,16.266666666666666,444,substitution,SUB out: J. Allen,[],Allen,89,72,,False,False,1628386.0,,substitution,substitution,,,,1627732|1629013|202710|203459|203488|203915|204456,203459|203915,1627732|1629013|202710|203488|204456,,,1610612751.0,21800289,False
3,PT04M16.00S,04:16,Q3 04:16,16.266666666666666,445,substitution,SUB out: A. Crabbe,[],Crabbe,89,72,,False,False,203459.0,,substitution,substitution,,,,1627732|1629013|202710|203488|203915|204456,203915,1627732|1629013|202710|203488|204456,,,1610612751.0,21800289,False
3,PT04M16.00S,04:16,Q3 04:16,16.266666666666666,446,substitution,SUB out: J. Butler,[],Butler,89,72,,False,False,202710.0,,substitution,substitution,,,,1627732|1629013|203488|203915|204456,1627732|1629013|203488|204456,203915,,,1610612755.0,21800289,False
3,PT04M16.00S,04:16,Q3 04:16,16.266666666666666,447,substitution,SUB out: M. Muscala,[],Muscala,89,72,,False,False,203488.0,,substitution,substitution,,,,1627732|1629013|203915|204456,1627732|1629013|204456,203915,,,1610612755.0,21800289,False
3,PT04M16.00S,04:16,Q3 04:16,16.266666666666666,448,substitution,SUB in: D. Carroll,[],Carroll,89,72,,False,False,201960.0,,substitution,substitution,,,,1627732|1629013|201960|203915|204456,201960|203915,1627732|1629013|204456,,,1610612751.0,21800289,False
3,PT04M16.00S,04:16,Q3 04:16,16.266666666666666,449,substitution,SUB in: E. Davis,[],Davis,89,72,,False,False,202334.0,,substitution,substitution,,,,1627732|1629013|201960|202334|203915|204456,201960|202334|203915,1627732|1629013|204456,,,1610612751.0,21800289,False
3,PT04M16.00S,04:16,Q3 04:16,16.266666666666666,450,substitution,SUB in: S. Napier,[],Napier,89,72,,False,False,203894.0,,substitution,substitution,,,,1627732|1629013|201960|202334|203894|203915|204456,201960|202334|203894|203915,1627732|1629013|204456,,,1610612751.0,21800289,False
3,PT04M16.00S,04:16,Q3 04:16,16.266666666666666,451,substitution,SUB in: J. Dudley,[],Dudley,89,72,,False,False,201162.0,,substitution,substitution,,,,1627732|1629013|201162|201960|202334|203894|203915|204456,201162|201960|202334|203894|203915,1627732|1629013|204456,,,1610612751.0,21800289,False
3,PT04M16.00S,04:16,Q3 04:16,16.266666666666666,452,substitution,SUB in: J. Redick,[],Redick,89,72,,False,False,200755.0,,substitution,substitution,,,,1627732|1629013|200755|201162|201960|202334|203894|203915|204456,1627732|1629013|200755|204456,201162|201960|202334|203894|203915,,,1610612755.0,21800289,False
3,PT04M16.00S,04:16,Q3 04:16,16.266666666666666,453,substitution,SUB in: J. Embiid,[],Embiid,89,72,,False,False,203954.0,,substitution,2pt missed,,,,1627732|1629013|200755|201162|201960|202334|203894|203915|203954|204456,1627732|1629013|200755|203954|204456,201162|201960|202334|203894|203915,,,1610612755.0,21800289,True
3,PT03M58.00S,03:58,Q3 03:58,15.966666666666667,454,2pt,MISS Embiid 7' Hook Shot,['pointsinthepaint'],Embiid,89,72,Missed,True,False,203954.0,,substitution,rebound,,,,1627732|1629013|200755|201162|201960|202334|203894|203915|203954|204456,1627732|1629013|200755|203954|204456,201162|201960|202334|203894|203915,-24.0,70.0,1610612755.0,21800289,True
3,PT03M57.00S,03:57,Q3 03:57,15.95,455,rebound,TEAM offensive REBOUND,['team'],,89,72,,False,False,0.0,,2pt missed,foul,,,,1627732|1629013|200755|201162|201960|202334|203894|203915|203954|204456,1627732|1629013|200755|203954|204456,201162|201960|202334|203894|203915,,,1610612755.0,21800289,True
3,PT03M54.00S,03:54,Q3 03:54,15.9,457,foul,Davis S.FOUL (P4.T3) (B.Adair),[],Davis,89,72,,False,False,202334.0,,rebound,freethrow,200755.0,,,1627732|1629013|200755|201162|201960|202334|203894|203915|203954|204456,201162|201960|202334|203894|203915,1627732|1629013|200755|203954|204456,,,1610612751.0,21800289,True
3,PT03M54.00S,03:54,Q3 03:54,15.9,459,freethrow,Redick Free Throw 1 of 3 (3 PTS),[],Redick,89,73,Made,False,False,200755.0,,foul,freethrow,,,,1627732|1629013|200755|201162|201960|202334|203894|203915|203954|204456,1627732|1629013|200755|203954|204456,201162|201960|202334|203894|203915,,,1610612755.0,21800289,True
3,PT03M54.00S,03:54,Q3 03:54,15.9,460,freethrow,Redick Free Throw 2 of 3 (4 PTS),[],Redick,89,74,Made,False,False,200755.0,,freethrow,freethrow,,,,1627732|1629013|200755|201162|201960|202334|203894|203915|203954|204456,1627732|1629013|200755|203954|204456,201162|201960|202334|203894|203915,,,1610612755.0,21800289,True
3,PT03M54.00S,03:54,Q3 03:54,15.9,461,freethrow,Redick Free Throw 3 of 3 (5 PTS),[],Redick,89,75,Made,False,False,200755.0,,freethrow,foul,,,,1627732|1629013|200755|201162|201960|202334|203894|203915|203954|204456,1627732|1629013|200755|203954|204456,201162|201960|202334|203894|203915,,,1610612755.0,21800289,True
3,PT03M39.00S,03:39,Q3 03:39,15.65,462,foul,Dinwiddie OFF.Foul (P3) (M.Kogut),[],Dinwiddie,89,75,,False,False,203915.0,,freethrow,turnover,204456.0,,,1627732|1629013|200755|201162|201960|202334|203894|203915|203954|204456,201162|201960|202334|203894|203915,1627732|1629013|200755|203954|204456,,,1610612751.0,21800289,True
3,PT03M39.00S,03:39,Q3 03:39,15.65,464,turnover,Dinwiddie Offensive Foul Turnover (P2.T12),[],Dinwiddie,89,75,,False,False,203915.0,,foul,2pt made,,,,1627732|1629013|200755|201162|201960|202334|203894|203915|203954|204456,201162|201960|202334|203894|203915,1627732|1629013|200755|203954|204456,,,1610612751.0,21800289,True
3,PT03M28.00S,03:28,Q3 03:28,15.466666666666667,465,2pt,McConnell 10' Pullup Jump Shot (4 PTS),['pointsinthepaint'],McConnell,89,77,Made,True,False,204456.0,,turnover,2pt missed,,,,1627732|1629013|200755|201162|201960|202334|203894|203915|203954|204456,1627732|1629013|200755|203954|204456,201162|201960|202334|203894|203915,67.0,76.0,1610612755.0,21800289,True
3,PT03M13.00S,03:13,Q3 03:13,15.216666666666667,466,2pt,MISS Dinwiddie 5' Driving Reverse Layup,['pointsinthepaint'],Dinwiddie,89,77,Missed,True,False,203915.0,,2pt made,rebound,,,,1627732|1629013|200755|201162|201960|202334|203894|203915|203954|204456,201162|201960|202334|203894|203915,1627732|1629013|200755|203954|204456,-51.0,3.0,1610612751.0,21800289,True
3,PT03M11.00S,03:11,Q3 03:11,15.183333333333334,467,rebound,Embiid REBOUND (Off:1 Def:5),[],Embiid,89,77,,False,False,203954.0,,2pt missed,3pt made,,,,1627732|1629013|200755|201162|201960|202334|203894|203915|203954|204456,1627732|1629013|200755|203954|204456,201162|201960|202334|203894|203915,,,1610612755.0,21800289,True
3,PT03M03.00S,03:03,Q3 03:03,15.05,468,3pt,Shamet 28' 3PT Fadeaway Jumper (13 PTS) (Simmons 6 AST),[],Shamet,89,80,Made,True,True,1629013.0,1627732.0,rebound,2pt missed,,,,1627732|1629013|200755|201162|201960|202334|203894|203915|203954|204456,1627732|1629013|200755|203954|204456,201162|201960|202334|203894|203915,-23.0,277.0,1610612755.0,21800289,True
3,PT02M40.00S,02:40,Q3 02:40,14.666666666666666,471,2pt,MISS Dinwiddie 13' Driving Floating Jump Shot,['pointsinthepaint'],Dinwiddie,89,80,Missed,True,False,203915.0,,3pt made,rebound,,,,1627732|1629013|200755|201162|201960|202334|203894|203915|203954|204456,201162|201960|202334|203894|203915,1627732|1629013|200755|203954|204456,57.0,115.0,1610612751.0,21800289,True
3,PT02M36.00S,02:36,Q3 02:36,14.6,472,rebound,Davis REBOUND (Off:4 Def:1),[],Davis,89,80,,False,False,202334.0,,2pt missed,2pt made,,,,1627732|1629013|200755|201162|201960|202334|203894|203915|203954|204456,201162|201960|202334|203894|203915,1627732|1629013|200755|203954|204456,,,1610612751.0,21800289,True
3,PT02M36.00S,02:36,Q3 02:36,14.6,473,2pt,Davis 1' Putback Layup (4 PTS),['pointsinthepaint'],Davis,91,80,Made,True,False,202334.0,,rebound,3pt made,,,,1627732|1629013|200755|201162|201960|202334|203894|203915|203954|204456,201162|201960|202334|203894|203915,1627732|1629013|200755|203954|204456,0.0,-6.0,1610612751.0,21800289,True
3,PT02M26.00S,02:26,Q3 02:26,14.433333333333334,474,3pt,Shamet 25' 3PT Jump Shot (16 PTS),[],Shamet,91,83,Made,True,False,1629013.0,,2pt made,3pt missed,,,,1627732|1629013|200755|201162|201960|202334|203894|203915|203954|204456,1627732|1629013|200755|203954|204456,201162|201960|202334|203894|203915,8.0,251.0,1610612755.0,21800289,True
3,PT02M12.00S,02:12,Q3 02:12,14.2,475,3pt,MISS Napier 26' 3PT Pullup Jump Shot,[],Napier,91,83,Missed,True,False,203894.0,,3pt made,rebound,,,,1627732|1629013|200755|201162|201960|202334|203894|203915|203954|204456,201162|201960|202334|203894|203915,1627732|1629013|200755|203954|204456,-53.0,251.0,1610612751.0,21800289,True
3,PT02M09.00S,02:09,Q3 02:09,14.15,476,rebound,Shamet REBOUND (Off:0 Def:2),[],Shamet,91,83,,False,False,1629013.0,,3pt missed,turnover,,,,1627732|1629013|200755|201162|201960|202334|203894|203915|203954|204456,1627732|1629013|200755|203954|204456,201162|201960|202334|203894|203915,,,1610612755.0,21800289,True
3,PT02M06.00S,02:06,Q3 02:06,14.1,477,turnover,Redick Bad Pass Turnover (P1.T5),[],Redick,91,83,,False,False,200755.0,,rebound,steal,,,,1627732|1629013|200755|201162|201960|202334|203894|203915|203954|204456,1627732|1629013|200755|203954|204456,201162|201960|202334|203894|203915,,,1610612755.0,21800289,True
3,PT02M06.00S,02:06,Q3 02:06,14.1,477,steal,Napier STEAL (1 STL),[],Napier,91,83,,False,False,203894.0,,turnover,foul,,203894.0,,1627732|1629013|200755|201162|201960|202334|203894|203915|203954|204456,201162|201960|202334|203894|203915,1627732|1629013|200755|203954|204456,,,1610612751.0,21800289,True
3,PT02M06.00S,02:06,Q3 02:06,14.1,479,foul,McConnell P.FOUL (P2.T4) (E.Lewis),[],McConnell,91,83,,False,False,204456.0,,steal,2pt made,203915.0,,,1627732|1629013|200755|201162|201960|202334|203894|203915|203954|204456,1627732|1629013|200755|203954|204456,201162|201960|202334|203894|203915,,,1610612755.0,21800289,True
3,PT01M52.00S,01:52,Q3 01:52,13.866666666666667,481,2pt,Dinwiddie 4' Driving Floating Jump Shot (18 PTS),['pointsinthepaint'],Dinwiddie,93,83,Made,True,False,203915.0,,foul,3pt missed,,,,1627732|1629013|200755|201162|201960|202334|203894|203915|203954|204456,201162|201960|202334|203894|203915,1627732|1629013|200755|203954|204456,35.0,-5.0,1610612751.0,21800289,True
3,PT01M42.00S,01:42,Q3 01:42,13.7,482,3pt,MISS Embiid 27' 3PT Jump Shot,[],Embiid,93,83,Missed,True,False,203954.0,,2pt made,rebound,,,,1627732|1629013|200755|201162|201960|202334|203894|203915|203954|204456,1627732|1629013|200755|203954|204456,201162|201960|202334|203894|203915,21.0,265.0,1610612755.0,21800289,True
3,PT01M40.00S,01:40,Q3 01:40,13.666666666666666,483,rebound,Carroll REBOUND (Off:0 Def:5),[],Carroll,93,83,,False,False,201960.0,,3pt missed,foul,,,,1627732|1629013|200755|201162|201960|202334|203894|203915|203954|204456,201162|201960|202334|203894|203915,1627732|1629013|200755|203954|204456,,,1610612751.0,21800289,True
3,PT01M34.00S,01:34,Q3 01:34,13.566666666666666,484,foul,Shamet S.FOUL (P2.PN) (M.Kogut),['inpenalty'],Shamet,93,83,,False,False,1629013.0,,rebound,freethrow,203915.0,,,1627732|1629013|200755|201162|201960|202334|203894|203915|203954|204456,1627732|1629013|200755|203954|204456,201162|201960|202334|203894|203915,,,1610612755.0,21800289,True
3,PT01M34.00S,01:34,Q3 01:34,13.566666666666666,486,freethrow,Dinwiddie Free Throw 1 of 2 (19 PTS),[],Dinwiddie,94,83,Made,False,False,203915.0,,foul,freethrow,,,,1627732|1629013|200755|201162|201960|202334|203894|203915|203954|204456,201162|201960|202334|203894|203915,1627732|1629013|200755|203954|204456,,,1610612751.0,21800289,True
3,PT01M34.00S,01:34,Q3 01:34,13.566666666666666,489,freethrow,Dinwiddie Free Throw 2 of 2 (20 PTS),[],Dinwiddie,95,83,Made,False,False,203915.0,,freethrow,substitution,,,,1627732|1629013|200755|201162|201960|202334|203894|203915|203954|204456,201162|201960|202334|203894|203915,1627732|1629013|200755|203954|204456,,,1610612751.0,21800289,True
3,PT01M34.00S,01:34,Q3 01:34,13.566666666666666,487,substitution,SUB out: B. Simmons,[],Simmons,94,83,,False,False,1627732.0,,freethrow,substitution,,,,1629013|200755|201162|201960|202334|203894|203915|203954|204456,1629013|200755|203954|204456,201162|201960|202334|203894|203915,,,1610612755.0,21800289,False
3,PT01M34.00S,01:34,Q3 01:34,13.566666666666666,488,substitution,SUB in: W. Chandler,[],Chandler,94,83,,False,False,201163.0,,substitution,2pt missed,,,,1629013|200755|201162|201163|201960|202334|203894|203915|203954|204456,1629013|200755|201163|203954|204456,201162|201960|202334|203894|203915,,,1610612755.0,21800289,True
3,PT01M18.00S,01:18,Q3 01:18,13.3,490,2pt,MISS Redick 22' Pullup Jump Shot,[],Redick,95,83,Missed,True,False,200755.0,,substitution,rebound,,,,1629013|200755|201162|201163|201960|202334|203894|203915|203954|204456,1629013|200755|201163|203954|204456,201162|201960|202334|203894|203915,-5.0,218.0,1610612755.0,21800289,True
3,PT01M16.00S,01:16,Q3 01:16,13.266666666666666,491,rebound,Carroll REBOUND (Off:0 Def:6),[],Carroll,95,83,,False,False,201960.0,,2pt missed,2pt made,,,,1629013|200755|201162|201163|201960|202334|203894|203915|203954|204456,201162|201960|202334|203894|203915,1629013|200755|201163|203954|204456,,,1610612751.0,21800289,True
3,PT01M02.00S,01:02,Q3 01:02,13.033333333333333,492,2pt,Davis 2' Driving Layup (6 PTS) (Carroll 2 AST),['pointsinthepaint'],Davis,97,83,Made,True,True,202334.0,201960.0,rebound,foul,,,,1629013|200755|201162|201163|201960|202334|203894|203915|203954|204456,201162|201960|202334|203894|203915,1629013|200755|201163|203954|204456,-16.0,13.0,1610612751.0,21800289,True
3,PT01M02.00S,01:02,Q3 01:02,13.033333333333333,494,foul,Embiid S.FOUL (P3.PN) (E.Lewis),['inpenalty'],Embiid,97,83,,False,False,203954.0,,2pt made,freethrow,202334.0,,,1629013|200755|201162|201163|201960|202334|203894|203915|203954|204456,1629013|200755|201163|203954|204456,201162|201960|202334|203894|203915,,,1610612755.0,21800289,True
3,PT01M02.00S,01:02,Q3 01:02,13.033333333333333,496,freethrow,Davis Free Throw 1 of 1 (7 PTS),[],Davis,98,83,Made,False,False,202334.0,,foul,2pt made,,,,1629013|200755|201162|201163|201960|202334|203894|203915|203954|204456,201162|201960|202334|203894|203915,1629013|200755|201163|203954|204456,,,1610612751.0,21800289,True
3,PT00M52.90S,00:52,Q3 00:52,12.881666666666666,497,2pt,Redick 2' Driving Finger Roll Layup (7 PTS),['pointsinthepaint'],Redick,98,85,Made,True,False,200755.0,,freethrow,2pt missed,,,,1629013|200755|201162|201163|201960|202334|203894|203915|203954|204456,1629013|200755|201163|203954|204456,201162|201960|202334|203894|203915,-3.0,23.0,1610612755.0,21800289,True
3,PT00M48.60S,00:48,Q3 00:48,12.81,517,2pt,MISS Napier 5' Driving Layup,['pointsinthepaint'],Napier,98,85,Missed,True,False,203894.0,,2pt made,block,,,,1629013|200755|201162|201163|201960|202334|203894|203915|203954|204456,201162|201960|202334|203894|203915,1629013|200755|201163|203954|204456,14.0,45.0,1610612751.0,21800289,True
3,PT00M48.60S,00:48,Q3 00:48,12.81,517,block,McConnell BLOCK (1 BLK),[],McConnell,98,85,,False,False,204456.0,,2pt missed,rebound,,,204456.0,1629013|200755|201162|201163|201960|202334|203894|203915|203954|204456,1629013|200755|201163|203954|204456,201162|201960|202334|203894|203915,,,1610612755.0,21800289,True
3,PT00M46.60S,00:46,Q3 00:46,12.776666666666667,519,rebound,Redick REBOUND (Off:0 Def:4),[],Redick,98,85,,False,False,200755.0,,block,2pt made,,,,1629013|200755|201162|201163|201960|202334|203894|203915|203954|204456,1629013|200755|201163|203954|204456,201162|201960|202334|203894|203915,,,1610612755.0,21800289,True
3,PT00M35.00S,00:35,Q3 00:35,12.583333333333334,500,2pt,Embiid 2' Dunk (20 PTS),['pointsinthepaint'],Embiid,98,87,Made,True,False,203954.0,,rebound,2pt made,,,,1629013|200755|201162|201163|201960|202334|203894|203915|203954|204456,1629013|200755|201163|203954|204456,201162|201960|202334|203894|203915,-2.0,17.0,1610612755.0,21800289,True
3,PT00M29.40S,00:29,Q3 00:29,12.49,501,2pt,Dinwiddie 16' Driving Floating Jump Shot (22 PTS),[],Dinwiddie,100,87,Made,True,False,203915.0,,2pt made,foul,,,,1629013|200755|201162|201163|201960|202334|203894|203915|203954|204456,201162|201960|202334|203894|203915,1629013|200755|201163|203954|204456,104.0,126.0,1610612751.0,21800289,True
3,PT00M14.00S,00:14,Q3 00:14,12.233333333333333,502,foul,Davis S.FOUL (P5.T4) (M.Kogut),['inpenalty'],Davis,100,87,,False,False,202334.0,,2pt made,foul,200755.0,,,1629013|200755|201162|201163|201960|202334|203894|203915|203954|204456,201162|201960|202334|203894|203915,1629013|200755|201163|203954|204456,,,1610612751.0,21800289,True
3,PT00M14.00S,00:14,Q3 00:14,12.233333333333333,504,foul,Dinwiddie T.FOUL (P3.T4) (M.Kogut),['inpenalty'],Dinwiddie,100,87,,False,False,203915.0,,foul,freethrow,200755.0,,,1629013|200755|201162|201163|201960|202334|203894|203915|203954|204456,201162|201960|202334|203894|203915,1629013|200755|201163|203954|204456,,,1610612751.0,21800289,True
3,PT00M14.00S,00:14,Q3 00:14,12.233333333333333,505,freethrow,Redick Free Throw Technical (8 PTS),[],Redick,100,88,Made,False,False,200755.0,,foul,freethrow,,,,1629013|200755|201162|201163|201960|202334|203894|203915|203954|204456,1629013|200755|201163|203954|204456,201162|201960|202334|203894|203915,,,1610612755.0,21800289,True
3,PT00M14.00S,00:14,Q3 00:14,12.233333333333333,506,freethrow,Embiid Free Throw 1 of 2 (21 PTS),[],Embiid,100,89,Made,False,False,203954.0,,freethrow,freethrow,,,,1629013|200755|201162|201163|201960|202334|203894|203915|203954|204456,1629013|200755|201163|203954|204456,201162|201960|202334|203894|203915,,,1610612755.0,21800289,True
3,PT00M14.00S,00:14,Q3 00:14,12.233333333333333,511,freethrow,MISS Embiid Free Throw 2 of 2,[],Embiid,100,89,Missed,False,False,203954.0,,freethrow,rebound,,,,1629013|200755|201162|201163|201960|202334|203894|203915|203954|204456,1629013|200755|201163|203954|204456,201162|201960|202334|203894|203915,,,1610612755.0,21800289,True
3,PT00M14.00S,00:14,Q3 00:14,12.233333333333333,512,rebound,Dudley REBOUND (Off:0 Def:2),[],Dudley,100,89,,False,False,201162.0,,freethrow,substitution,,,,1629013|200755|201162|201163|201960|202334|203894|203915|203954|204456,201162|201960|202334|203894|203915,1629013|200755|201163|203954|204456,,,1610612751.0,21800289,True
3,PT00M14.00S,00:14,Q3 00:14,12.233333333333333,507,substitution,SUB out: E. Davis,[],Davis,100,88,,False,False,202334.0,,rebound,substitution,,,,1629013|200755|201162|201163|201960|203894|203915|203954|204456,201162|201960|203894|203915,1629013|200755|201163|203954|204456,,,1610612751.0,21800289,False
3,PT00M14.00S,00:14,Q3 00:14,12.233333333333333,508,substitution,SUB out: J. Redick,[],Redick,100,88,,False,False,200755.0,,substitution,substitution,,,,1629013|201162|201163|201960|203894|203915|203954|204456,1629013|201163|203954|204456,201162|201960|203894|203915,,,1610612755.0,21800289,False
3,PT00M14.00S,00:14,Q3 00:14,12.233333333333333,509,substitution,SUB in: J. Allen,[],Allen,100,88,,False,False,1628386.0,,substitution,substitution,,,,1628386|1629013|201162|201163|201960|203894|203915|203954|204456,1628386|201162|201960|203894|203915,1629013|201163|203954|204456,,,1610612751.0,21800289,False
3,PT00M14.00S,00:14,Q3 00:14,12.233333333333333,510,substitution,SUB in: J. Butler,[],Butler,100,88,,False,False,202710.0,,substitution,2pt made,,,,1628386|1629013|201162|201163|201960|202710|203894|203915|203954|204456,1629013|201163|202710|203954|204456,1628386|201162|201960|203894|203915,,,1610612755.0,21800289,True
3,PT00M00.30S,00:00,Q3 00:00,12.005,513,2pt,Dinwiddie 11' Driving Floating Jump Shot (24 PTS),['pointsinthepaint'],Dinwiddie,102,89,Made,True,False,203915.0,,substitution,instant replay,,,,1628386|1629013|201162|201163|201960|202710|203894|203915|203954|204456,1628386|201162|201960|203894|203915,1629013|201163|202710|203954|204456,29.0,101.0,1610612751.0,21800289,True
3,PT00M00.00S,00:00,Q3 00:00,12.0,516,period,End of 3rd Period (7:51 PM EST),[],,102,89,,False,False,0.0,,instant replay,period,,,,1628386|1629013|201162|201163|201960|202710|203894|203915|203954|204456,1628386|201162|201960|203894|203915,1629013|201163|202710|203954|204456,,,1610612751.0,21800289,True
4,PT12M00.00S,12:00,Q4 12:00,12.0,526,period,Start of 4th Period (7:52 PM EST),[],,102,89,,False,False,0.0,,period,substitution,,,,1628386|1629013|201162|201163|201960|202710|203894|203915|203954|204456,1628386|201162|201960|203894|203915,1629013|201163|202710|203954|204456,,,1610612751.0,21800289,True
4,PT11M41.00S,11:41,Q4 11:41,11.683333333333334,527,foul,Davis P.FOUL (P6.T1) (E.Lewis),[],Davis,102,89,,False,False,202334.0,,substitution,substitution,200755.0,,,1626156|1628386|200755|201162|201163|201960|202334|202710|203894|203954|204456,1626156|1628386|201162|201960|202334|203894,200755|201163|202710|203954|204456,,,1610612751.0,21800289,False
4,PT11M40.00S,11:40,Q4 11:40,11.666666666666666,531,substitution,SUB out: E. Davis,[],Davis,102,89,,False,False,202334.0,,foul,substitution,,,,1626156|1628386|200755|201162|201163|201960|202710|203894|203954|204456,1626156|1628386|201162|201960|203894,200755|201163|202710|203954|204456,,,1610612751.0,21800289,True
4,PT11M40.00S,11:40,Q4 11:40,11.666666666666666,532,substitution,SUB in: J. Allen,[],Allen,102,89,,False,False,1628386.0,,substitution,foul,,,,1626156|1628386|200755|201162|201163|201960|202710|203894|203954|204456,1626156|1628386|201162|201960|203894,200755|201163|202710|203954|204456,,,1610612751.0,21800289,True
4,PT11M32.00S,11:32,Q4 11:32,11.533333333333333,529,foul,Dudley P.FOUL (P3.T2) (M.Kogut),[],Dudley,102,89,,False,False,201162.0,,substitution,2pt made,200755.0,,,1626156|1628386|200755|201162|201163|201960|202710|203894|203954|204456,1626156|1628386|201162|201960|203894,200755|201163|202710|203954|204456,,,1610612751.0,21800289,True
4,PT11M24.00S,11:24,Q4 11:24,11.4,533,2pt,Redick 17' Pullup Jump Shot (10 PTS) (Embiid 3 AST),[],Redick,102,91,Made,True,True,200755.0,203954.0,foul,foul,,,,1626156|1628386|200755|201162|201163|201960|202710|203894|203954|204456,200755|201163|202710|203954|204456,1626156|1628386|201162|201960|203894,0.0,167.0,1610612755.0,21800289,True
4,PT11M10.00S,11:10,Q4 11:10,11.166666666666666,535,foul,McConnell P.FOUL (P3.T1) (B.Adair),[],McConnell,102,91,,False,False,204456.0,,2pt made,foul,1628386.0,,,1626156|1628386|200755|201162|201163|201960|202710|203894|203954|204456,200755|201163|202710|203954|204456,1626156|1628386|201162|201960|203894,,,1610612755.0,21800289,True
4,PT11M06.00S,11:06,Q4 11:06,11.1,537,foul,Embiid P.FOUL (P4.T2) (M.Kogut),[],Embiid,102,91,,False,False,203954.0,,foul,2pt made,1628386.0,,,1626156|1628386|200755|201162|201163|201960|202710|203894|203954|204456,200755|201163|202710|203954|204456,1626156|1628386|201162|201960|203894,,,1610612755.0,21800289,True
4,PT10M56.00S,10:56,Q4 10:56,10.933333333333334,539,2pt,Allen 1' Dunk (15 PTS) (Napier 1 AST),['pointsinthepaint'],Allen,104,91,Made,True,True,1628386.0,203894.0,foul,2pt made,,,,1626156|1628386|200755|201162|201163|201960|202710|203894|203954|204456,1626156|1628386|201162|201960|203894,200755|201163|202710|203954|204456,12.0,1.0,1610612751.0,21800289,True
4,PT10M43.00S,10:43,Q4 10:43,10.716666666666667,541,2pt,Butler 2' Driving Floating Jump Shot (18 PTS),['pointsinthepaint'],Butler,104,93,Made,True,False,202710.0,,2pt made,2pt made,,,,1626156|1628386|200755|201162|201163|201960|202710|203894|203954|204456,200755|201163|202710|203954|204456,1626156|1628386|201162|201960|203894,-8.0,21.0,1610612755.0,21800289,True
4,PT10M32.00S,10:32,Q4 10:32,10.533333333333333,542,2pt,Russell 6' Driving Floating Jump Shot (31 PTS),['pointsinthepaint'],Russell,106,93,Made,True,False,1626156.0,,2pt made,timeout,,,,1626156|1628386|200755|201162|201163|201960|202710|203894|203954|204456,1626156|1628386|201162|201960|203894,200755|201163|202710|203954|204456,-2.0,57.0,1610612751.0,21800289,True
4,PT10M16.00S,10:16,Q4 10:16,10.266666666666667,544,timeout,76ers Timeout: Regular (Reg.3 Short 0),[],,106,93,,False,False,0.0,,2pt made,3pt made,,,,1626156|1628386|200755|201162|201163|201960|202710|203894|203954|204456,200755|201163|202710|203954|204456,1626156|1628386|201162|201960|203894,,,1610612755.0,21800289,True
4,PT10M13.00S,10:13,Q4 10:13,10.216666666666667,545,3pt,Butler 24' 3PT Jump Shot (21 PTS) (McConnell 2 AST),[],Butler,106,96,Made,True,True,202710.0,204456.0,timeout,2pt made,,,,1626156|1628386|200755|201162|201163|201960|202710|203894|203954|204456,200755|201163|202710|203954|204456,1626156|1628386|201162|201960|203894,-239.0,34.0,1610612755.0,21800289,True
4,PT09M50.00S,09:50,Q4 09:50,9.833333333333334,547,2pt,Russell 18' Step Back Jump Shot (33 PTS),[],Russell,108,96,Made,True,False,1626156.0,,3pt made,2pt made,,,,1626156|1628386|200755|201162|201163|201960|202710|203894|203954|204456,1626156|1628386|201162|201960|203894,200755|201163|202710|203954|204456,174.0,43.0,1610612751.0,21800289,True
4,PT09M32.00S,09:32,Q4 09:32,9.533333333333333,548,2pt,Embiid 3' Driving Layup (23 PTS),['pointsinthepaint'],Embiid,108,98,Made,True,False,203954.0,,2pt made,foul,,,,1626156|1628386|200755|201162|201163|201960|202710|203894|203954|204456,200755|201163|202710|203954|204456,1626156|1628386|201162|201960|203894,25.0,15.0,1610612755.0,21800289,True
4,PT09M08.00S,09:08,Q4 09:08,9.133333333333333,549,foul,Chandler P.FOUL (P4.T3) (E.Lewis),[],Chandler,108,98,,False,False,201163.0,,2pt made,substitution,1626156.0,,,1626156|1628386|200755|201162|201163|201960|202710|203894|203954|204456,200755|201163|202710|203954|204456,1626156|1628386|201162|201960|203894,,,1610612755.0,21800289,True
4,PT09M08.00S,09:08,Q4 09:08,9.133333333333333,552,substitution,SUB out: J. Dudley,[],Dudley,108,98,,False,False,201162.0,,foul,substitution,,,,1626156|1628386|200755|201163|201960|202710|203894|203954|204456,1626156|1628386|201960|203894,200755|201163|202710|203954|204456,,,1610612751.0,21800289,False
4,PT09M08.00S,09:08,Q4 09:08,9.133333333333333,553,substitution,SUB out: T. McConnell,[],McConnell,108,98,,False,False,204456.0,,substitution,substitution,,,,1626156|1628386|200755|201163|201960|202710|203894|203954,200755|201163|202710|203954,1626156|1628386|201960|203894,,,1610612755.0,21800289,False
4,PT09M08.00S,09:08,Q4 09:08,9.133333333333333,554,substitution,SUB in: R. Hollis-Jefferson,[],Hollis-Jefferson,108,98,,False,False,1626178.0,,substitution,substitution,,,,1626156|1626178|1628386|200755|201163|201960|202710|203894|203954,1626156|1626178|1628386|201960|203894,200755|201163|202710|203954,,,1610612751.0,21800289,False
4,PT09M08.00S,09:08,Q4 09:08,9.133333333333333,555,substitution,SUB in: B. Simmons,[],Simmons,108,98,,False,False,1627732.0,,substitution,2pt missed,,,,1626156|1626178|1627732|1628386|200755|201163|201960|202710|203894|203954,1627732|200755|201163|202710|203954,1626156|1626178|1628386|201960|203894,,,1610612755.0,21800289,True
4,PT09M01.00S,09:01,Q4 09:01,9.016666666666667,556,2pt,MISS Russell 4' Driving Floating Jump Shot,['pointsinthepaint'],Russell,108,98,Missed,True,False,1626156.0,,substitution,rebound,,,,1626156|1626178|1627732|1628386|200755|201163|201960|202710|203894|203954,1626156|1626178|1628386|201960|203894,1627732|200755|201163|202710|203954,39.0,9.0,1610612751.0,21800289,True
4,PT08M58.00S,08:58,Q4 08:58,8.966666666666667,557,rebound,Embiid REBOUND (Off:1 Def:6),[],Embiid,108,98,,False,False,203954.0,,2pt missed,2pt made,,,,1626156|1626178|1627732|1628386|200755|201163|201960|202710|203894|203954,1627732|200755|201163|202710|203954,1626156|1626178|1628386|201960|203894,,,1610612755.0,21800289,True
4,PT08M47.00S,08:47,Q4 08:47,8.783333333333333,558,2pt,Chandler 5' Cutting Layup Shot (10 PTS) (Embiid 4 AST),['pointsinthepaint'],Chandler,108,100,Made,True,True,201163.0,203954.0,rebound,turnover,,,,1626156|1626178|1627732|1628386|200755|201163|201960|202710|203894|203954,1627732|200755|201163|202710|203954,1626156|1626178|1628386|201960|203894,2.0,47.0,1610612755.0,21800289,True
4,PT08M35.00S,08:35,Q4 08:35,8.583333333333334,560,turnover,Hollis-Jefferson Traveling Turnover (P1.T13),[],Hollis-Jefferson,108,100,,False,False,1626178.0,,2pt made,substitution,,,,1626156|1626178|1627732|1628386|200755|201163|201960|202710|203894|203954,1626156|1626178|1628386|201960|203894,1627732|200755|201163|202710|203954,,,1610612751.0,21800289,True
4,PT08M35.00S,08:35,Q4 08:35,8.583333333333334,561,substitution,SUB out: D. Carroll,[],Carroll,108,100,,False,False,201960.0,,turnover,substitution,,,,1626156|1626178|1627732|1628386|200755|201163|202710|203894|203954,1626156|1626178|1628386|203894,1627732|200755|201163|202710|203954,,,1610612751.0,21800289,False
4,PT08M35.00S,08:35,Q4 08:35,8.583333333333334,562,substitution,SUB out: S. Napier,[],Napier,108,100,,False,False,203894.0,,substitution,substitution,,,,1626156|1626178|1627732|1628386|200755|201163|202710|203954,1626156|1626178|1628386,1627732|200755|201163|202710|203954,,,1610612751.0,21800289,False
4,PT08M35.00S,08:35,Q4 08:35,8.583333333333334,563,substitution,SUB out: J. Redick,[],Redick,108,100,,False,False,200755.0,,substitution,substitution,,,,1626156|1626178|1627732|1628386|201163|202710|203954,1627732|201163|202710|203954,1626156|1626178|1628386,,,1610612755.0,21800289,False
4,PT08M35.00S,08:35,Q4 08:35,8.583333333333334,564,substitution,SUB in: J. Harris,[],Harris,108,100,,False,False,203925.0,,substitution,substitution,,,,1626156|1626178|1627732|1628386|201163|202710|203925|203954,1626156|1626178|1628386|203925,1627732|201163|202710|203954,,,1610612751.0,21800289,False
4,PT08M35.00S,08:35,Q4 08:35,8.583333333333334,565,substitution,SUB in: S. Dinwiddie,[],Dinwiddie,108,100,,False,False,203915.0,,substitution,substitution,,,,1626156|1626178|1627732|1628386|201163|202710|203915|203925|203954,1626156|1626178|1628386|203915|203925,1627732|201163|202710|203954,,,1610612751.0,21800289,False
4,PT08M35.00S,08:35,Q4 08:35,8.583333333333334,566,substitution,SUB in: L. Shamet,[],Shamet,108,100,,False,False,1629013.0,,substitution,foul,,,,1626156|1626178|1627732|1628386|1629013|201163|202710|203915|203925|203954,1627732|1629013|201163|202710|203954,1626156|1626178|1628386|203915|203925,,,1610612755.0,21800289,True
4,PT08M28.00S,08:28,Q4 08:28,8.466666666666667,567,foul,Allen P.FOUL (P4.T3) (E.Lewis),[],Allen,108,100,,False,False,1628386.0,,substitution,foul,203954.0,,,1626156|1626178|1627732|1628386|1629013|201163|202710|203915|203925|203954,1626156|1626178|1628386|203915|203925,1627732|1629013|201163|202710|203954,,,1610612751.0,21800289,True
4,PT08M23.00S,08:23,Q4 08:23,8.383333333333333,569,foul,Hollis-Jefferson P.FOUL (P2.T4) (M.Kogut),[],Hollis-Jefferson,108,100,,False,False,1626178.0,,foul,turnover,203954.0,,,1626156|1626178|1627732|1628386|1629013|201163|202710|203915|203925|203954,1626156|1626178|1628386|203915|203925,1627732|1629013|201163|202710|203954,,,1610612751.0,21800289,True
4,PT08M14.00S,08:14,Q4 08:14,8.233333333333333,571,turnover,Embiid Traveling Turnover (P3.T6),[],Embiid,108,100,,False,False,203954.0,,foul,2pt made,,,,1626156|1626178|1627732|1628386|1629013|201163|202710|203915|203925|203954,1627732|1629013|201163|202710|203954,1626156|1626178|1628386|203915|203925,,,1610612755.0,21800289,True
4,PT08M01.00S,08:01,Q4 08:01,8.016666666666667,572,2pt,Russell 13' Driving Floating Jump Shot (35 PTS),['pointsinthepaint'],Russell,110,100,Made,True,False,1626156.0,,turnover,3pt made,,,,1626156|1626178|1627732|1628386|1629013|201163|202710|203915|203925|203954,1626156|1626178|1628386|203915|203925,1627732|1629013|201163|202710|203954,63.0,113.0,1610612751.0,21800289,True
4,PT07M39.00S,07:39,Q4 07:39,7.65,573,3pt,Butler 26' 3PT Jump Shot (24 PTS) (Chandler 4 AST),[],Butler,110,103,Made,True,True,202710.0,201163.0,2pt made,3pt made,,,,1626156|1626178|1627732|1628386|1629013|201163|202710|203915|203925|203954,1627732|1629013|201163|202710|203954,1626156|1626178|1628386|203915|203925,2.0,263.0,1610612755.0,21800289,True
4,PT07M26.00S,07:26,Q4 07:26,7.433333333333334,575,3pt,Russell 28' 3PT Pullup Jump Shot (38 PTS),[],Russell,113,103,Made,True,False,1626156.0,,3pt made,2pt missed,,,,1626156|1626178|1627732|1628386|1629013|201163|202710|203915|203925|203954,1626156|1626178|1628386|203915|203925,1627732|1629013|201163|202710|203954,168.0,221.0,1610612751.0,21800289,True
4,PT07M14.00S,07:14,Q4 07:14,7.233333333333333,576,2pt,MISS Shamet 3' Finger Roll Layup,['pointsinthepaint'],Shamet,113,103,Missed,True,False,1629013.0,,3pt made,rebound,,,,1626156|1626178|1627732|1628386|1629013|201163|202710|203915|203925|203954,1627732|1629013|201163|202710|203954,1626156|1626178|1628386|203915|203925,-22.0,18.0,1610612755.0,21800289,True
4,PT07M13.00S,07:13,Q4 07:13,7.216666666666667,577,rebound,Hollis-Jefferson REBOUND (Off:1 Def:5),[],Hollis-Jefferson,113,103,,False,False,1626178.0,,2pt missed,3pt missed,,,,1626156|1626178|1627732|1628386|1629013|201163|202710|203915|203925|203954,1626156|1626178|1628386|203915|203925,1627732|1629013|201163|202710|203954,,,1610612751.0,21800289,True
4,PT07M07.00S,07:07,Q4 07:07,7.116666666666666,578,3pt,MISS Russell 26' 3PT Pullup Jump Shot,[],Russell,113,103,Missed,True,False,1626156.0,,rebound,rebound,,,,1626156|1626178|1627732|1628386|1629013|201163|202710|203915|203925|203954,1626156|1626178|1628386|203915|203925,1627732|1629013|201163|202710|203954,-138.0,225.0,1610612751.0,21800289,True
4,PT07M05.00S,07:05,Q4 07:05,7.083333333333333,579,rebound,Chandler REBOUND (Off:0 Def:3),[],Chandler,113,103,,False,False,201163.0,,3pt missed,turnover,,,,1626156|1626178|1627732|1628386|1629013|201163|202710|203915|203925|203954,1627732|1629013|201163|202710|203954,1626156|1626178|1628386|203915|203925,,,1610612755.0,21800289,True
4,PT06M50.00S,06:50,Q4 06:50,6.833333333333333,580,turnover,Embiid Traveling Turnover (P4.T7),[],Embiid,113,103,,False,False,203954.0,,rebound,timeout,,,,1626156|1626178|1627732|1628386|1629013|201163|202710|203915|203925|203954,1627732|1629013|201163|202710|203954,1626156|1626178|1628386|203915|203925,,,1610612755.0,21800289,True
4,PT06M50.00S,06:50,Q4 06:50,6.833333333333333,583,timeout,NETS Timeout: Regular (Full 5 Short 0),[],,113,103,,False,False,0.0,,turnover,substitution,,,,1626156|1626178|1627732|1628386|1629013|201163|202710|203915|203925|203954,1626156|1626178|1628386|203915|203925,1627732|1629013|201163|202710|203954,,,1610612751.0,21800289,True
4,PT06M50.00S,06:50,Q4 06:50,6.833333333333333,581,substitution,SUB out: J. Embiid,[],Embiid,113,103,,False,False,203954.0,,timeout,substitution,,,,1626156|1626178|1627732|1628386|1629013|201163|202710|203915|203925,1627732|1629013|201163|202710,1626156|1626178|1628386|203915|203925,,,1610612755.0,21800289,False
4,PT06M50.00S,06:50,Q4 06:50,6.833333333333333,582,substitution,SUB out: J. Allen,[],Allen,113,103,,False,False,1628386.0,,substitution,substitution,,,,1626156|1626178|1627732|1629013|201163|202710|203915|203925,1626156|1626178|203915|203925,1627732|1629013|201163|202710,,,1610612751.0,21800289,False
4,PT06M50.00S,06:50,Q4 06:50,6.833333333333333,583,substitution,SUB in: M. Muscala,[],Muscala,113,103,,False,False,203488.0,,substitution,substitution,,,,1626156|1626178|1627732|1629013|201163|202710|203488|203915|203925,1627732|1629013|201163|202710|203488,1626156|1626178|203915|203925,,,1610612755.0,21800289,False
4,PT06M50.00S,06:50,Q4 06:50,6.833333333333333,584,substitution,SUB in: A. Crabbe,[],Crabbe,113,103,,False,False,203459.0,,substitution,2pt made,,,,1626156|1626178|1627732|1629013|201163|202710|203459|203488|203915|203925,1626156|1626178|203459|203915|203925,1627732|1629013|201163|202710|203488,,,1610612751.0,21800289,True
4,PT06M38.00S,06:38,Q4 06:38,6.633333333333333,586,2pt,Dinwiddie 2' Driving Layup (26 PTS),['pointsinthepaint'],Dinwiddie,115,103,Made,True,False,203915.0,,substitution,turnover,,,,1626156|1626178|1627732|1629013|201163|202710|203459|203488|203915|203925,1626156|1626178|203459|203915|203925,1627732|1629013|201163|202710|203488,-16.0,9.0,1610612751.0,21800289,True
4,PT06M25.00S,06:25,Q4 06:25,6.416666666666667,587,turnover,Simmons Out of Bounds Lost Ball Turnover (P3.T8),[],Simmons,115,103,,False,False,1627732.0,,2pt made,turnover,,,,1626156|1626178|1627732|1629013|201163|202710|203459|203488|203915|203925,1627732|1629013|201163|202710|203488,1626156|1626178|203459|203915|203925,,,1610612755.0,21800289,True
4,PT06M11.00S,06:11,Q4 06:11,6.183333333333334,588,turnover,Hollis-Jefferson Bad Pass Turnover (P2.T14),[],Hollis-Jefferson,115,103,,False,False,1626178.0,,turnover,steal,,,,1626156|1626178|1627732|1629013|201163|202710|203459|203488|203915|203925,1626156|1626178|203459|203915|203925,1627732|1629013|201163|202710|203488,,,1610612751.0,21800289,True
4,PT06M11.00S,06:11,Q4 06:11,6.183333333333334,588,steal,Simmons STEAL (2 STL),[],Simmons,115,103,,False,False,1627732.0,,turnover,2pt made,,1627732.0,,1626156|1626178|1627732|1629013|201163|202710|203459|203488|203915|203925,1627732|1629013|201163|202710|203488,1626156|1626178|203459|203915|203925,,,1610612755.0,21800289,True
4,PT05M57.00S,05:57,Q4 05:57,5.95,590,2pt,Butler 2' Driving Finger Roll Layup (26 PTS) (Shamet 1 AST),['pointsinthepaint'],Butler,115,105,Made,True,True,202710.0,1629013.0,steal,3pt made,,,,1626156|1626178|1627732|1629013|201163|202710|203459|203488|203915|203925,1627732|1629013|201163|202710|203488,1626156|1626178|203459|203915|203925,10.0,20.0,1610612755.0,21800289,True
4,PT05M38.00S,05:38,Q4 05:38,5.633333333333333,592,3pt,Dinwiddie 26' 3PT Jump Shot (29 PTS) (Russell 7 AST),[],Dinwiddie,118,105,Made,True,True,203915.0,1626156.0,2pt made,3pt made,,,,1626156|1626178|1627732|1629013|201163|202710|203459|203488|203915|203925,1626156|1626178|203459|203915|203925,1627732|1629013|201163|202710|203488,-152.0,211.0,1610612751.0,21800289,True
4,PT05M21.00S,05:21,Q4 05:21,5.35,594,3pt,Butler 25' 3PT Jump Shot (29 PTS) (Muscala 3 AST),[],Butler,118,108,Made,True,True,202710.0,203488.0,3pt made,3pt missed,,,,1626156|1626178|1627732|1629013|201163|202710|203459|203488|203915|203925,1627732|1629013|201163|202710|203488,1626156|1626178|203459|203915|203925,182.0,176.0,1610612755.0,21800289,True
4,PT05M02.00S,05:02,Q4 05:02,5.033333333333333,596,3pt,MISS Harris 3PT Jump Shot,[],Harris,118,108,Missed,True,False,203925.0,,3pt made,rebound,,,,1626156|1626178|1627732|1629013|201163|202710|203459|203488|203915|203925,1626156|1626178|203459|203915|203925,1627732|1629013|201163|202710|203488,-226.0,-12.0,1610612751.0,21800289,True
4,PT05M00.00S,05:00,Q4 05:00,5.0,597,rebound,Butler REBOUND (Off:5 Def:6),[],Butler,118,108,,False,False,202710.0,,3pt missed,timeout,,,,1626156|1626178|1627732|1629013|201163|202710|203459|203488|203915|203925,1627732|1629013|201163|202710|203488,1626156|1626178|203459|203915|203925,,,1610612755.0,21800289,True
4,PT04M57.00S,04:57,Q4 04:57,4.95,598,timeout,76ers Timeout: Regular (Reg.4 Short 0),[],,118,108,,False,False,0.0,,rebound,substitution,,,,1626156|1626178|1627732|1629013|201163|202710|203459|203488|203915|203925,1627732|1629013|201163|202710|203488,1626156|1626178|203459|203915|203925,,,1610612755.0,21800289,True
4,PT04M57.00S,04:57,Q4 04:57,4.95,599,substitution,SUB out: L. Shamet,[],Shamet,118,108,,False,False,1629013.0,,timeout,substitution,,,,1626156|1626178|1627732|201163|202710|203459|203488|203915|203925,1627732|201163|202710|203488,1626156|1626178|203459|203915|203925,,,1610612755.0,21800289,False
4,PT04M57.00S,04:57,Q4 04:57,4.95,600,substitution,SUB out: M. Muscala,[],Muscala,118,108,,False,False,203488.0,,substitution,substitution,,,,1626156|1626178|1627732|201163|202710|203459|203915|203925,1627732|201163|202710,1626156|1626178|203459|203915|203925,,,1610612755.0,21800289,False
4,PT04M57.00S,04:57,Q4 04:57,4.95,601,substitution,SUB in: J. Redick,[],Redick,118,108,,False,False,200755.0,,substitution,substitution,,,,1626156|1626178|1627732|200755|201163|202710|203459|203915|203925,1627732|200755|201163|202710,1626156|1626178|203459|203915|203925,,,1610612755.0,21800289,False
4,PT04M57.00S,04:57,Q4 04:57,4.95,602,substitution,SUB in: J. Embiid,[],Embiid,118,108,,False,False,203954.0,,substitution,foul,,,,1626156|1626178|1627732|200755|201163|202710|203459|203915|203925|203954,1627732|200755|201163|202710|203954,1626156|1626178|203459|203915|203925,,,1610612755.0,21800289,True
4,PT04M50.00S,04:50,Q4 04:50,4.833333333333333,603,foul,Crabbe P.FOUL (P1.PN) (M.Kogut),['inpenalty'],Crabbe,118,108,,False,False,203459.0,,substitution,freethrow,203954.0,,,1626156|1626178|1627732|200755|201163|202710|203459|203915|203925|203954,1626156|1626178|203459|203915|203925,1627732|200755|201163|202710|203954,,,1610612751.0,21800289,True
4,PT04M50.00S,04:50,Q4 04:50,4.833333333333333,605,freethrow,Embiid Free Throw 1 of 2 (24 PTS),[],Embiid,118,109,Made,False,False,203954.0,,foul,freethrow,,,,1626156|1626178|1627732|200755|201163|202710|203459|203915|203925|203954,1627732|200755|201163|202710|203954,1626156|1626178|203459|203915|203925,,,1610612755.0,21800289,True
4,PT04M50.00S,04:50,Q4 04:50,4.833333333333333,608,freethrow,Embiid Free Throw 2 of 2 (25 PTS),[],Embiid,118,110,Made,False,False,203954.0,,freethrow,substitution,,,,1626156|1626178|1627732|200755|201163|202710|203459|203915|203925|203954,1627732|200755|201163|202710|203954,1626156|1626178|203459|203915|203925,,,1610612755.0,21800289,True
4,PT04M50.00S,04:50,Q4 04:50,4.833333333333333,606,substitution,SUB out: A. Crabbe,[],Crabbe,118,109,,False,False,203459.0,,freethrow,substitution,,,,1626156|1626178|1627732|200755|201163|202710|203915|203925|203954,1626156|1626178|203915|203925,1627732|200755|201163|202710|203954,,,1610612751.0,21800289,False
4,PT04M50.00S,04:50,Q4 04:50,4.833333333333333,607,substitution,SUB in: J. Allen,[],Allen,118,109,,False,False,1628386.0,,substitution,2pt missed,,,,1626156|1626178|1627732|1628386|200755|201163|202710|203915|203925|203954,1626156|1626178|1628386|203915|203925,1627732|200755|201163|202710|203954,,,1610612751.0,21800289,True
4,PT04M30.00S,04:30,Q4 04:30,4.5,609,2pt,MISS Allen 8' Floating Jump Shot,['pointsinthepaint'],Allen,118,110,Missed,True,False,1628386.0,,substitution,rebound,,,,1626156|1626178|1627732|1628386|200755|201163|202710|203915|203925|203954,1626156|1626178|1628386|203915|203925,1627732|200755|201163|202710|203954,60.0,45.0,1610612751.0,21800289,True
4,PT04M28.00S,04:28,Q4 04:28,4.466666666666667,610,rebound,Embiid REBOUND (Off:1 Def:7),[],Embiid,118,110,,False,False,203954.0,,2pt missed,2pt missed,,,,1626156|1626178|1627732|1628386|200755|201163|202710|203915|203925|203954,1627732|200755|201163|202710|203954,1626156|1626178|1628386|203915|203925,,,1610612755.0,21800289,True
4,PT04M21.00S,04:21,Q4 04:21,4.35,611,2pt,MISS Redick 19' Pullup Jump Shot,[],Redick,118,110,Missed,True,False,200755.0,,rebound,rebound,,,,1626156|1626178|1627732|1628386|200755|201163|202710|203915|203925|203954,1627732|200755|201163|202710|203954,1626156|1626178|1628386|203915|203925,30.0,186.0,1610612755.0,21800289,True
4,PT04M18.00S,04:18,Q4 04:18,4.3,612,rebound,Simmons REBOUND (Off:3 Def:2),[],Simmons,118,110,,False,False,1627732.0,,2pt missed,foul,,,,1626156|1626178|1627732|1628386|200755|201163|202710|203915|203925|203954,1627732|200755|201163|202710|203954,1626156|1626178|1628386|203915|203925,,,1610612755.0,21800289,True
4,PT04M11.00S,04:11,Q4 04:11,4.183333333333334,613,foul,Dinwiddie P.FOUL (P4.PN) (E.Lewis),['inpenalty'],Dinwiddie,118,110,,False,False,203915.0,,rebound,freethrow,203954.0,,,1626156|1626178|1627732|1628386|200755|201163|202710|203915|203925|203954,1626156|1626178|1628386|203915|203925,1627732|200755|201163|202710|203954,,,1610612751.0,21800289,True
4,PT04M11.00S,04:11,Q4 04:11,4.183333333333334,615,freethrow,Embiid Free Throw 1 of 2 (26 PTS),[],Embiid,118,111,Made,False,False,203954.0,,foul,freethrow,,,,1626156|1626178|1627732|1628386|200755|201163|202710|203915|203925|203954,1627732|200755|201163|202710|203954,1626156|1626178|1628386|203915|203925,,,1610612755.0,21800289,True
4,PT04M11.00S,04:11,Q4 04:11,4.183333333333334,616,freethrow,Embiid Free Throw 2 of 2 (27 PTS),[],Embiid,118,112,Made,False,False,203954.0,,freethrow,turnover,,,,1626156|1626178|1627732|1628386|200755|201163|202710|203915|203925|203954,1627732|200755|201163|202710|203954,1626156|1626178|1628386|203915|203925,,,1610612755.0,21800289,True
4,PT03M59.00S,03:59,Q4 03:59,3.9833333333333334,617,turnover,Dinwiddie Bad Pass Turnover (P3.T15),[],Dinwiddie,118,112,,False,False,203915.0,,freethrow,steal,,,,1626156|1626178|1627732|1628386|200755|201163|202710|203915|203925|203954,1626156|1626178|1628386|203915|203925,1627732|200755|201163|202710|203954,,,1610612751.0,21800289,True
4,PT03M59.00S,03:59,Q4 03:59,3.9833333333333334,617,steal,Butler STEAL (4 STL),[],Butler,118,112,,False,False,202710.0,,turnover,2pt made,,202710.0,,1626156|1626178|1627732|1628386|200755|201163|202710|203915|203925|203954,1627732|200755|201163|202710|203954,1626156|1626178|1628386|203915|203925,,,1610612755.0,21800289,True
4,PT03M51.00S,03:51,Q4 03:51,3.85,619,2pt,Redick 4' Floating Jump Shot (12 PTS) (Simmons 7 AST),['pointsinthepaint'],Redick,118,114,Made,True,True,200755.0,1627732.0,steal,3pt missed,,,,1626156|1626178|1627732|1628386|200755|201163|202710|203915|203925|203954,1627732|200755|201163|202710|203954,1626156|1626178|1628386|203915|203925,2.0,43.0,1610612755.0,21800289,True
4,PT03M34.00S,03:34,Q4 03:34,3.5666666666666664,621,3pt,MISS Harris 27' 3PT Jump Shot,[],Harris,118,114,Missed,True,False,203925.0,,2pt made,rebound,,,,1626156|1626178|1627732|1628386|200755|201163|202710|203915|203925|203954,1626156|1626178|1628386|203915|203925,1627732|200755|201163|202710|203954,83.0,258.0,1610612751.0,21800289,True
4,PT03M32.00S,03:32,Q4 03:32,3.533333333333333,622,rebound,TEAM offensive REBOUND,['team'],,118,114,,False,False,0.0,,3pt missed,foul,,,,1626156|1626178|1627732|1628386|200755|201163|202710|203915|203925|203954,1626156|1626178|1628386|203915|203925,1627732|200755|201163|202710|203954,,,1610612751.0,21800289,True
4,PT03M32.00S,03:32,Q4 03:32,3.533333333333333,623,foul,Redick L.B.FOUL (P3.T4) (E.Lewis),[],Redick,118,114,,False,False,200755.0,,rebound,2pt missed,203915.0,,,1626156|1626178|1627732|1628386|200755|201163|202710|203915|203925|203954,1627732|200755|201163|202710|203954,1626156|1626178|1628386|203915|203925,,,1610612755.0,21800289,True
4,PT03M21.00S,03:21,Q4 03:21,3.35,625,2pt,MISS Dinwiddie 2' Driving Finger Roll Layup,['pointsinthepaint'],Dinwiddie,118,114,Missed,True,False,203915.0,,foul,block,,,,1626156|1626178|1627732|1628386|200755|201163|202710|203915|203925|203954,1626156|1626178|1628386|203915|203925,1627732|200755|201163|202710|203954,16.0,0.0,1610612751.0,21800289,True
4,PT03M21.00S,03:21,Q4 03:21,3.35,625,block,Embiid BLOCK (2 BLK),[],Embiid,118,114,,False,False,203954.0,,2pt missed,rebound,,,203954.0,1626156|1626178|1627732|1628386|200755|201163|202710|203915|203925|203954,1627732|200755|201163|202710|203954,1626156|1626178|1628386|203915|203925,,,1610612755.0,21800289,True
4,PT03M21.00S,03:21,Q4 03:21,3.35,627,rebound,Allen REBOUND (Off:3 Def:6),[],Allen,118,114,,False,False,1628386.0,,block,foul,,,,1626156|1626178|1627732|1628386|200755|201163|202710|203915|203925|203954,1626156|1626178|1628386|203915|203925,1627732|200755|201163|202710|203954,,,1610612751.0,21800289,True
4,PT03M21.00S,03:21,Q4 03:21,3.35,628,foul,Simmons S.FOUL (P1.PN) (B.Adair),['inpenalty'],Simmons,118,114,,False,False,1627732.0,,rebound,freethrow,1628386.0,,,1626156|1626178|1627732|1628386|200755|201163|202710|203915|203925|203954,1627732|200755|201163|202710|203954,1626156|1626178|1628386|203915|203925,,,1610612755.0,21800289,True
4,PT03M21.00S,03:21,Q4 03:21,3.35,630,freethrow,MISS Allen Free Throw 1 of 2,[],Allen,118,114,Missed,False,False,1628386.0,,foul,rebound,,,,1626156|1626178|1627732|1628386|200755|201163|202710|203915|203925|203954,1626156|1626178|1628386|203915|203925,1627732|200755|201163|202710|203954,,,1610612751.0,21800289,True
4,PT03M21.00S,03:21,Q4 03:21,3.35,631,rebound,TEAM offensive REBOUND,['team'],,118,114,,False,False,0.0,,freethrow,freethrow,,,,1626156|1626178|1627732|1628386|200755|201163|202710|203915|203925|203954,1626156|1626178|1628386|203915|203925,1627732|200755|201163|202710|203954,,,1610612751.0,21800289,True
4,PT03M21.00S,03:21,Q4 03:21,3.35,632,freethrow,MISS Allen Free Throw 2 of 2,['2ndchance'],Allen,118,114,Missed,False,False,1628386.0,,rebound,rebound,,,,1626156|1626178|1627732|1628386|200755|201163|202710|203915|203925|203954,1626156|1626178|1628386|203915|203925,1627732|200755|201163|202710|203954,,,1610612751.0,21800289,True
4,PT03M18.00S,03:18,Q4 03:18,3.3,633,rebound,Embiid REBOUND (Off:1 Def:8),[],Embiid,118,114,,False,False,203954.0,,freethrow,turnover,,,,1626156|1626178|1627732|1628386|200755|201163|202710|203915|203925|203954,1627732|200755|201163|202710|203954,1626156|1626178|1628386|203915|203925,,,1610612755.0,21800289,True
4,PT03M01.00S,03:01,Q4 03:01,3.0166666666666666,635,turnover,Butler Out of Bounds - Bad Pass Turnover Turnover (P1.T9),[],Butler,118,114,,False,False,202710.0,,rebound,2pt missed,,,,1626156|1626178|1627732|1628386|200755|201163|202710|203915|203925|203954,1627732|200755|201163|202710|203954,1626156|1626178|1628386|203915|203925,,,1610612755.0,21800289,True
4,PT02M36.00S,02:36,Q4 02:36,2.6,636,2pt,MISS Harris 3' Driving Reverse Layup,['pointsinthepaint'],Harris,118,114,Missed,True,False,203925.0,,turnover,block,,,,1626156|1626178|1627732|1628386|200755|201163|202710|203915|203925|203954,1626156|1626178|1628386|203915|203925,1627732|200755|201163|202710|203954,-30.0,-4.0,1610612751.0,21800289,True
4,PT02M36.00S,02:36,Q4 02:36,2.6,636,block,Simmons BLOCK (2 BLK),[],Simmons,118,114,,False,False,1627732.0,,2pt missed,rebound,,,1627732.0,1626156|1626178|1627732|1628386|200755|201163|202710|203915|203925|203954,1627732|200755|201163|202710|203954,1626156|1626178|1628386|203915|203925,,,1610612755.0,21800289,True
4,PT02M33.00S,02:33,Q4 02:33,2.55,637,rebound,Embiid REBOUND (Off:1 Def:9),[],Embiid,118,114,,False,False,203954.0,,block,2pt made,,,,1626156|1626178|1627732|1628386|200755|201163|202710|203915|203925|203954,1627732|200755|201163|202710|203954,1626156|1626178|1628386|203915|203925,,,1610612755.0,21800289,True
4,PT02M30.00S,02:30,Q4 02:30,2.5,638,2pt,Butler 2' Cutting Dunk Shot (31 PTS) (Simmons 8 AST),['pointsinthepaint'],Butler,118,116,Made,True,True,202710.0,1627732.0,rebound,2pt missed,,,,1626156|1626178|1627732|1628386|200755|201163|202710|203915|203925|203954,1627732|200755|201163|202710|203954,1626156|1626178|1628386|203915|203925,-11.0,11.0,1610612755.0,21800289,True
4,PT02M02.00S,02:02,Q4 02:02,2.033333333333333,641,2pt,MISS Russell 2' Driving Floating Jump Shot,['pointsinthepaint'],Russell,118,116,Missed,True,False,1626156.0,,2pt made,rebound,,,,1626156|1626178|1627732|1628386|200755|201163|202710|203915|203925|203954,1626156|1626178|1628386|203915|203925,1627732|200755|201163|202710|203954,-6.0,14.0,1610612751.0,21800289,True
4,PT01M59.00S,01:59,Q4 01:59,1.9833333333333334,642,rebound,Allen REBOUND (Off:4 Def:6),[],Allen,118,116,,False,False,1628386.0,,2pt missed,2pt made,,,,1626156|1626178|1627732|1628386|200755|201163|202710|203915|203925|203954,1626156|1626178|1628386|203915|203925,1627732|200755|201163|202710|203954,,,1610612751.0,21800289,True
4,PT01M59.00S,01:59,Q4 01:59,1.9833333333333334,643,2pt,Allen 1' Tip Dunk Shot (17 PTS),['pointsinthepaint'],Allen,120,116,Made,True,False,1628386.0,,rebound,3pt missed,,,,1626156|1626178|1627732|1628386|200755|201163|202710|203915|203925|203954,1626156|1626178|1628386|203915|203925,1627732|200755|201163|202710|203954,0.0,-6.0,1610612751.0,21800289,True
4,PT01M45.00S,01:45,Q4 01:45,1.75,644,3pt,MISS Redick 26' 3PT Jump Shot,[],Redick,120,116,Missed,True,False,200755.0,,2pt made,rebound,,,,1626156|1626178|1627732|1628386|200755|201163|202710|203915|203925|203954,1627732|200755|201163|202710|203954,1626156|1626178|1628386|203915|203925,195.0,168.0,1610612755.0,21800289,True
4,PT01M42.00S,01:42,Q4 01:42,1.7,645,rebound,Embiid REBOUND (Off:2 Def:9),[],Embiid,120,116,,False,False,203954.0,,3pt missed,2pt made,,,,1626156|1626178|1627732|1628386|200755|201163|202710|203915|203925|203954,1627732|200755|201163|202710|203954,1626156|1626178|1628386|203915|203925,,,1610612755.0,21800289,True
4,PT01M38.00S,01:38,Q4 01:38,1.6333333333333333,646,2pt,Embiid 2' Driving Dunk (29 PTS),['pointsinthepaint'],Embiid,120,118,Made,True,False,203954.0,,rebound,3pt missed,,,,1626156|1626178|1627732|1628386|200755|201163|202710|203915|203925|203954,1627732|200755|201163|202710|203954,1626156|1626178|1628386|203915|203925,-11.0,12.0,1610612755.0,21800289,True
4,PT01M20.00S,01:20,Q4 01:20,1.3333333333333333,647,3pt,MISS Russell 26' 3PT Pullup Jump Shot,[],Russell,120,118,Missed,True,False,1626156.0,,2pt made,rebound,,,,1626156|1626178|1627732|1628386|200755|201163|202710|203915|203925|203954,1626156|1626178|1628386|203915|203925,1627732|200755|201163|202710|203954,-52.0,252.0,1610612751.0,21800289,True
4,PT01M17.00S,01:17,Q4 01:17,1.2833333333333332,648,rebound,Embiid REBOUND (Off:2 Def:10),[],Embiid,120,118,,False,False,203954.0,,3pt missed,3pt made,,,,1626156|1626178|1627732|1628386|200755|201163|202710|203915|203925|203954,1627732|200755|201163|202710|203954,1626156|1626178|1628386|203915|203925,,,1610612755.0,21800289,True
4,PT01M03.00S,01:03,Q4 01:03,1.05,649,3pt,Redick 26' 3PT Jump Shot (15 PTS) (Simmons 9 AST),[],Redick,120,121,Made,True,True,200755.0,1627732.0,rebound,timeout,,,,1626156|1626178|1627732|1628386|200755|201163|202710|203915|203925|203954,1627732|200755|201163|202710|203954,1626156|1626178|1628386|203915|203925,54.0,252.0,1610612755.0,21800289,True
4,PT01M03.00S,01:03,Q4 01:03,1.05,651,timeout,NETS Timeout: Regular (Full 6 Short 0),[],,120,121,,False,False,0.0,,3pt made,substitution,,,,1626156|1626178|1627732|1628386|200755|201163|202710|203915|203925|203954,1626156|1626178|1628386|203915|203925,1627732|200755|201163|202710|203954,,,1610612751.0,21800289,True
4,PT01M03.00S,01:03,Q4 01:03,1.05,652,substitution,SUB out: R. Hollis-Jefferson,[],Hollis-Jefferson,120,121,,False,False,1626178.0,,timeout,substitution,,,,1626156|1627732|1628386|200755|201163|202710|203915|203925|203954,1626156|1628386|203915|203925,1627732|200755|201163|202710|203954,,,1610612751.0,21800289,False
4,PT01M03.00S,01:03,Q4 01:03,1.05,653,substitution,SUB in: A. Crabbe,[],Crabbe,120,121,,False,False,203459.0,,substitution,3pt made,,,,1626156|1627732|1628386|200755|201163|202710|203459|203915|203925|203954,1626156|1628386|203459|203915|203925,1627732|200755|201163|202710|203954,,,1610612751.0,21800289,True
4,PT00M48.80S,00:48,Q4 00:48,0.8133333333333332,654,3pt,Harris 26' 3PT Jump Shot (9 PTS) (Russell 8 AST),[],Harris,123,121,Made,True,True,203925.0,1626156.0,substitution,2pt made,,,,1626156|1627732|1628386|200755|201163|202710|203459|203915|203925|203954,1626156|1628386|203459|203915|203925,1627732|200755|201163|202710|203954,132.0,227.0,1610612751.0,21800289,True
4,PT00M38.00S,00:38,Q4 00:38,0.6333333333333333,656,2pt,Embiid 2' Cutting Layup Shot (31 PTS) (Chandler 5 AST),['pointsinthepaint'],Embiid,123,123,Made,True,True,203954.0,201163.0,3pt made,foul,,,,1626156|1627732|1628386|200755|201163|202710|203459|203915|203925|203954,1627732|200755|201163|202710|203954,1626156|1628386|203459|203915|203925,3.0,16.0,1610612755.0,21800289,True
4,PT00M38.00S,00:38,Q4 00:38,0.6333333333333333,658,foul,Harris S.FOUL (P4.PN) (M.Kogut),['inpenalty'],Harris,123,123,,False,False,203925.0,,2pt made,freethrow,203954.0,,,1626156|1627732|1628386|200755|201163|202710|203459|203915|203925|203954,1626156|1628386|203459|203915|203925,1627732|200755|201163|202710|203954,,,1610612751.0,21800289,True
4,PT00M38.00S,00:38,Q4 00:38,0.6333333333333333,660,freethrow,Embiid Free Throw 1 of 1 (32 PTS),[],Embiid,123,124,Made,False,False,203954.0,,foul,2pt made,,,,1626156|1627732|1628386|200755|201163|202710|203459|203915|203925|203954,1627732|200755|201163|202710|203954,1626156|1628386|203459|203915|203925,,,1610612755.0,21800289,True
4,PT00M26.80S,00:26,Q4 00:26,0.44666666666666666,661,2pt,Dinwiddie 18' Pullup Jump Shot (31 PTS),[],Dinwiddie,125,124,Made,True,False,203915.0,,freethrow,timeout,,,,1626156|1627732|1628386|200755|201163|202710|203459|203915|203925|203954,1626156|1628386|203459|203915|203925,1627732|200755|201163|202710|203954,-3.0,182.0,1610612751.0,21800289,True
4,PT00M26.50S,00:26,Q4 00:26,0.44166666666666665,662,timeout,76ers Timeout: Regular (Reg.5 Short 0),[],,125,124,,False,False,0.0,,2pt made,substitution,,,,1626156|1627732|1628386|200755|201163|202710|203459|203915|203925|203954,1627732|200755|201163|202710|203954,1626156|1628386|203459|203915|203925,,,1610612755.0,21800289,True
4,PT00M26.50S,00:26,Q4 00:26,0.44166666666666665,663,substitution,SUB out: D. Russell,[],Russell,125,124,,False,False,1626156.0,,timeout,substitution,,,,1627732|1628386|200755|201163|202710|203459|203915|203925|203954,1628386|203459|203915|203925,1627732|200755|201163|202710|203954,,,1610612751.0,21800289,False
4,PT00M26.50S,00:26,Q4 00:26,0.44166666666666665,664,substitution,SUB in: R. Hollis-Jefferson,[],Hollis-Jefferson,125,124,,False,False,1626178.0,,substitution,2pt missed,,,,1626178|1627732|1628386|200755|201163|202710|203459|203915|203925|203954,1626178|1628386|203459|203915|203925,1627732|200755|201163|202710|203954,,,1610612751.0,21800289,True
4,PT00M19.70S,00:19,Q4 00:19,0.3283333333333333,665,2pt,MISS Redick 23' Pullup Jump Shot,[],Redick,125,124,Missed,True,False,200755.0,,substitution,rebound,,,,1626178|1627732|1628386|200755|201163|202710|203459|203915|203925|203954,1627732|200755|201163|202710|203954,1626178|1628386|203459|203915|203925,-104.0,201.0,1610612755.0,21800289,True
4,PT00M15.30S,00:15,Q4 00:15,0.255,666,rebound,Butler REBOUND (Off:6 Def:6),[],Butler,125,124,,False,False,202710.0,,2pt missed,timeout,,,,1626178|1627732|1628386|200755|201163|202710|203459|203915|203925|203954,1627732|200755|201163|202710|203954,1626178|1628386|203459|203915|203925,,,1610612755.0,21800289,True
4,PT00M10.20S,00:10,Q4 00:10,0.16999999999999998,670,timeout,76ers Timeout: Regular (Reg.6 Short 0),[],,125,124,,False,False,0.0,,rebound,3pt made,,,,1626178|1627732|1628386|200755|201163|202710|203459|203915|203925|203954,1627732|200755|201163|202710|203954,1626178|1628386|203459|203915|203925,,,1610612755.0,21800289,True
4,PT00M02.30S,00:02,Q4 00:02,0.03833333333333333,671,3pt,Butler 26' 3PT Step Back Jump Shot (34 PTS),[],Butler,125,127,Made,True,False,202710.0,,timeout,timeout,,,,1626178|1627732|1628386|200755|201163|202710|203459|203915|203925|203954,1627732|200755|201163|202710|203954,1626178|1628386|203459|203915|203925,194.0,179.0,1610612755.0,21800289,True
4,PT00M00.40S,00:00,Q4 00:00,0.006666666666666667,672,timeout,NETS Timeout: Regular (Full 7 Short 0),[],,125,127,,False,False,0.0,,3pt made,substitution,,,,1626178|1627732|1628386|200755|201163|202710|203459|203915|203925|203954,1626178|1628386|203459|203915|203925,1627732|200755|201163|202710|203954,,,1610612751.0,21800289,True
4,PT00M00.40S,00:00,Q4 00:00,0.006666666666666667,673,substitution,SUB out: J. Allen,[],Allen,125,127,,False,False,1628386.0,,timeout,substitution,,,,1626178|1627732|200755|201163|202710|203459|203915|203925|203954,1626178|203459|203915|203925,1627732|200755|201163|202710|203954,,,1610612751.0,21800289,False
4,PT00M00.40S,00:00,Q4 00:00,0.006666666666666667,674,substitution,SUB out: R. Hollis-Jefferson,[],Hollis-Jefferson,125,127,,False,False,1626178.0,,substitution,substitution,,,,1627732|200755|201163|202710|203459|203915|203925|203954,203459|203915|203925,1627732|200755|201163|202710|203954,,,1610612751.0,21800289,False
4,PT00M00.40S,00:00,Q4 00:00,0.006666666666666667,675,substitution,SUB out: J. Redick,[],Redick,125,127,,False,False,200755.0,,substitution,substitution,,,,1627732|201163|202710|203459|203915|203925|203954,1627732|201163|202710|203954,203459|203915|203925,,,1610612755.0,21800289,False
4,PT00M00.40S,00:00,Q4 00:00,0.006666666666666667,676,substitution,SUB in: D. Russell,[],Russell,125,127,,False,False,1626156.0,,substitution,substitution,,,,1626156|1627732|201163|202710|203459|203915|203925|203954,1626156|203459|203915|203925,1627732|201163|202710|203954,,,1610612751.0,21800289,False
4,PT00M00.40S,00:00,Q4 00:00,0.006666666666666667,677,substitution,SUB in: D. Carroll,[],Carroll,125,127,,False,False,201960.0,,substitution,substitution,,,,1626156|1627732|201163|201960|202710|203459|203915|203925|203954,1626156|201960|203459|203915|203925,1627732|201163|202710|203954,,,1610612751.0,21800289,False
4,PT00M00.40S,00:00,Q4 00:00,0.006666666666666667,678,substitution,SUB in: M. Muscala,[],Muscala,125,127,,False,False,203488.0,,substitution,turnover,,,,1626156|1627732|201163|201960|202710|203459|203488|203915|203925|203954,1627732|201163|202710|203488|203954,1626156|201960|203459|203915|203925,,,1610612755.0,21800289,True
4,PT00M00.10S,00:00,Q4 00:00,0.0016666666666666668,679,turnover,Carroll Bad Pass Turnover (P2.T16),[],Carroll,125,127,,False,False,201960.0,,substitution,steal,,,,1626156|1627732|201163|201960|202710|203459|203488|203915|203925|203954,1626156|201960|203459|203915|203925,1627732|201163|202710|203488|203954,,,1610612751.0,21800289,True
4,PT00M00.10S,00:00,Q4 00:00,0.0016666666666666668,679,steal,Simmons STEAL (3 STL),[],Simmons,125,127,,False,False,1627732.0,,turnover,period,,1627732.0,,1626156|1627732|201163|201960|202710|203459|203488|203915|203925|203954,1627732|201163|202710|203488|203954,1626156|201960|203459|203915|203925,,,1610612755.0,21800289,True
4,PT00M00.00S,00:00,Q4 00:00,0.0,681,period,End of 4th Period (8:29 PM EST),[],,125,127,,False,False,0.0,,steal,,,,,1626156|1627732|201163|201960|202710|203459|203488|203915|203925|203954,1626156|201960|203459|203915|203925,1627732|201163|202710|203488|203954,,,1610612751.0,21800289,True
