period,clock,clock_display,game_clock,minutes_left_in_game,actionNumber,actionType,description,qualifier,playerName,scoreHome,scoreAway,shotResult,isFieldGoal,assisted,person_id,assister_id,previous_action,next_action,foulDrawnPersonId,stealPersonId,blockPersonId,players_on,off_players_on,def_players_on,xLegacy,yLegacy,teamId,game_id,poc_ok
1,PT12M00.00S,12:00,Q1 12:00,48.0,2,period,Start of 1st Period (7:41 PM EST),[],,0,0,,False,False,0.0,,,2pt made,,,,1627751|1627854|1628401|200746|201942|202330|202681|202694|203382|203935,202330|202681|202694|203382|203935,1627751|1627854|1628401|200746|201942,,,1610612738.0,21801100,True
1,PT11M47.00S,11:47,Q1 11:47,47.78333333333333,7,2pt,Aldridge 22' Jump Shot (2 PTS) (DeRozan 1 AST),[],Aldridge,0,2,Made,True,True,200746.0,201942.0,period,2pt made,,,,1627751|1627854|1628401|200746|201942|202330|202681|202694|203382|203935,1627751|1627854|1628401|200746|201942,202330|202681|202694|203382|203935,-68.0,204.0,1610612759.0,21801100,True
1,PT11M30.00S,11:30,Q1 11:30,47.5,9,2pt,Baynes 1' Hook Shot (2 PTS) (Irving 1 AST),['pointsinthepaint'],Baynes,2,2,Made,True,True,203382.0,202681.0,2pt made,turnover,,,,1627751|1627854|1628401|200746|201942|202330|202681|202694|203382|203935,202330|202681|202694|203382|203935,1627751|1627854|1628401|200746|201942,-7.0,11.0,1610612738.0,21801100,True
1,PT11M16.00S,11:16,Q1 11:16,47.266666666666666,11,turnover,DeRozan Bad Pass Turnover (P1.T1),[],DeRozan,2,2,,False,False,201942.0,,2pt made,steal,,,,1627751|1627854|1628401|200746|201942|202330|202681|202694|203382|203935,1627751|1627854|1628401|200746|201942,202330|202681|202694|203382|203935,,,1610612759.0,21801100,True
1,PT11M16.00S,11:16,Q1 11:16,47.266666666666666,11,steal,Baynes STEAL (1 STL),[],Baynes,2,2,,False,False,203382.0,,turnover,2pt missed,,203382.0,,1627751|1627854|1628401|200746|201942|202330|202681|202694|203382|203935,202330|202681|202694|203382|203935,1627751|1627854|1628401|200746|201942,,,1610612738.0,21801100,True
1,PT11M09.00S,11:09,Q1 11:09,47.15,13,2pt,MISS Irving 1' Driving Finger Roll Layup,['pointsinthepaint'],Irving,2,2,Missed,True,False,202681.0,,steal,rebound,,,,1627751|1627854|1628401|200746|201942|202330|202681|202694|203382|203935,202330|202681|202694|203382|203935,1627751|1627854|1628401|200746|201942,-12.0,1.0,1610612738.0,21801100,True
1,PT11M05.00S,11:05,Q1 11:05,47.083333333333336,14,rebound,Aldridge REBOUND (Off:0 Def:1),[],Aldridge,2,2,,False,False,200746.0,,2pt missed,2pt made,,,,1627751|1627854|1628401|200746|201942|202330|202681|202694|203382|203935,1627751|1627854|1628401|200746|201942,202330|202681|202694|203382|203935,,,1610612759.0,21801100,True
1,PT10M54.00S,10:54,Q1 10:54,46.9,15,2pt,White 13' Driving Floating Jump Shot (2 PTS) (Aldridge 1 AST),['pointsinthepaint'],White,2,4,Made,True,True,1628401.0,200746.0,rebound,2pt made,,,,1627751|1627854|1628401|200746|201942|202330|202681|202694|203382|203935,1627751|1627854|1628401|200746|201942,202330|202681|202694|203382|203935,-49.0,121.0,1610612759.0,21801100,True
1,PT10M35.00S,10:35,Q1 10:35,46.583333333333336,17,2pt,Morris Sr. 19' Pullup Jump Shot (2 PTS),[],Morris Sr.,4,4,Made,True,False,202694.0,,2pt made,2pt missed,,,,1627751|1627854|1628401|200746|201942|202330|202681|202694|203382|203935,202330|202681|202694|203382|203935,1627751|1627854|1628401|200746|201942,44.0,189.0,1610612738.0,21801100,True
1,PT10M15.00S,10:15,Q1 10:15,46.25,18,2pt,MISS Aldridge 17' Step Back Jump Shot,[],Aldridge,4,4,Missed,True,False,200746.0,,2pt made,rebound,,,,1627751|1627854|1628401|200746|201942|202330|202681|202694|203382|203935,1627751|1627854|1628401|200746|201942,202330|202681|202694|203382|203935,132.0,110.0,1610612759.0,21801100,True
1,PT10M13.00S,10:13,Q1 10:13,46.21666666666667,19,rebound,Hayward REBOUND (Off:0 Def:1),[],Hayward,4,4,,False,False,202330.0,,2pt missed,2pt made,,,,1627751|1627854|1628401|200746|201942|202330|202681|202694|203382|203935,202330|202681|202694|203382|203935,1627751|1627854|1628401|200746|201942,,,1610612738.0,21801100,True
1,PT10M03.00S,10:03,Q1 10:03,46.05,20,2pt,Morris Sr. Driving Reverse Layup (4 PTS) (Hayward 1 AST),['pointsinthepaint'],Morris Sr.,6,4,Made,True,True,202694.0,202330.0,rebound,2pt missed,,,,1627751|1627854|1628401|200746|201942|202330|202681|202694|203382|203935,202330|202681|202694|203382|203935,1627751|1627854|1628401|200746|201942,-2.0,-3.0,1610612738.0,21801100,True
1,PT09M53.00S,09:53,Q1 09:53,45.88333333333333,22,2pt,MISS DeRozan 13' Fadeaway Jumper,['pointsinthepaint'],DeRozan,6,4,Missed,True,False,201942.0,,2pt made,rebound,,,,1627751|1627854|1628401|200746|201942|202330|202681|202694|203382|203935,1627751|1627854|1628401|200746|201942,202330|202681|202694|203382|203935,14.0,132.0,1610612759.0,21801100,True
1,PT09M52.00S,09:52,Q1 09:52,45.86666666666667,23,rebound,Baynes REBOUND (Off:0 Def:1),[],Baynes,6,4,,False,False,203382.0,,2pt missed,3pt missed,,,,1627751|1627854|1628401|200746|201942|202330|202681|202694|203382|203935,202330|202681|202694|203382|203935,1627751|1627854|1628401|200746|201942,,,1610612738.0,21801100,True
1,PT09M44.00S,09:44,Q1 09:44,45.733333333333334,24,3pt,MISS Irving 26' 3PT Jump Shot,[],Irving,6,4,Missed,True,False,202681.0,,rebound,rebound,,,,1627751|1627854|1628401|200746|201942|202330|202681|202694|203382|203935,202330|202681|202694|203382|203935,1627751|1627854|1628401|200746|201942,22.0,256.0,1610612738.0,21801100,True
1,PT09M42.00S,09:42,Q1 09:42,45.7,25,rebound,Forbes REBOUND (Off:0 Def:1),[],Forbes,6,4,,False,False,1627854.0,,3pt missed,2pt made,,,,1627751|1627854|1628401|200746|201942|202330|202681|202694|203382|203935,1627751|1627854|1628401|200746|201942,202330|202681|202694|203382|203935,,,1610612759.0,21801100,True
1,PT09M26.00S,09:26,Q1 09:26,45.43333333333334,26,2pt,Aldridge 12' Turnaround Jump Shot (4 PTS),['pointsinthepaint'],Aldridge,6,6,Made,True,False,200746.0,,rebound,foul,,,,1627751|1627854|1628401|200746|201942|202330|202681|202694|203382|203935,1627751|1627854|1628401|200746|201942,202330|202681|202694|203382|203935,-46.0,110.0,1610612759.0,21801100,True
1,PT09M16.00S,09:16,Q1 09:16,45.266666666666666,27,foul,Baynes OFF.Foul (P1) (T.Maddox),[],Baynes,6,6,,False,False,203382.0,,2pt made,turnover,200746.0,,,1627751|1627854|1628401|200746|201942|202330|202681|202694|203382|203935,202330|202681|202694|203382|203935,1627751|1627854|1628401|200746|201942,,,1610612738.0,21801100,True
1,PT09M16.00S,09:16,Q1 09:16,45.266666666666666,29,turnover,Baynes Offensive Foul Turnover (P1.T1),[],Baynes,6,6,,False,False,203382.0,,foul,2pt made,,,,1627751|1627854|1628401|200746|201942|202330|202681|202694|203382|203935,202330|202681|202694|203382|203935,1627751|1627854|1628401|200746|201942,,,1610612738.0,21801100,True
1,PT09M01.00S,09:01,Q1 09:01,45.016666666666666,30,2pt,Aldridge 12' Step Back Jump Shot (6 PTS),[],Aldridge,6,8,Made,True,False,200746.0,,turnover,2pt made,,,,1627751|1627854|1628401|200746|201942|202330|202681|202694|203382|203935,1627751|1627854|1628401|200746|201942,202330|202681|202694|203382|203935,-118.0,11.0,1610612759.0,21801100,True
1,PT08M42.00S,08:42,Q1 08:42,44.7,31,2pt,Morris Sr. 15' Jump Shot (6 PTS) (Irving 2 AST),[],Morris Sr.,8,8,Made,True,True,202694.0,202681.0,2pt made,2pt missed,,,,1627751|1627854|1628401|200746|201942|202330|202681|202694|203382|203935,202330|202681|202694|203382|203935,1627751|1627854|1628401|200746|201942,-23.0,146.0,1610612738.0,21801100,True
1,PT08M28.00S,08:28,Q1 08:28,44.46666666666667,33,2pt,MISS Aldridge 20' Jump Shot,[],Aldridge,8,8,Missed,True,False,200746.0,,2pt made,rebound,,,,1627751|1627854|1628401|200746|201942|202330|202681|202694|203382|203935,1627751|1627854|1628401|200746|201942,202330|202681|202694|203382|203935,-43.0,198.0,1610612759.0,21801100,True
1,PT08M26.00S,08:26,Q1 08:26,44.43333333333334,34,rebound,Irving REBOUND (Off:0 Def:1),[],Irving,8,8,,False,False,202681.0,,2pt missed,2pt made,,,,1627751|1627854|1628401|200746|201942|202330|202681|202694|203382|203935,202330|202681|202694|203382|203935,1627751|1627854|1628401|200746|201942,,,1610612738.0,21801100,True
1,PT08M20.00S,08:20,Q1 08:20,44.333333333333336,35,2pt,Irving 1' Running Finger Roll Layup (2 PTS),['pointsinthepaint'],Irving,10,8,Made,True,False,202681.0,,rebound,timeout,,,,1627751|1627854|1628401|200746|201942|202330|202681|202694|203382|203935,202330|202681|202694|203382|203935,1627751|1627854|1628401|200746|201942,-7.0,-9.0,1610612738.0,21801100,True
1,PT08M13.00S,08:13,Q1 08:13,44.21666666666667,36,timeout,Spurs Timeout: Regular (Reg.1 Short 0),[],,10,8,,False,False,0.0,,2pt made,substitution,,,,1627751|1627854|1628401|200746|201942|202330|202681|202694|203382|203935,1627751|1627854|1628401|200746|201942,202330|202681|202694|203382|203935,,,1610612759.0,21801100,True
1,PT08M13.00S,08:13,Q1 08:13,44.21666666666667,37,substitution,SUB out: A. Baynes,[],Baynes,10,8,,False,False,203382.0,,timeout,substitution,,,,1627751|1627854|1628401|200746|201942|202330|202681|202694|203935,202330|202681|202694|203935,1627751|1627854|1628401|200746|201942,,,1610612738.0,21801100,False
1,PT08M13.00S,08:13,Q1 08:13,44.21666666666667,38,substitution,SUB in: G. Yabusele,[],Yabusele,10,8,,False,False,1627824.0,,substitution,2pt missed,,,,1627751|1627824|1627854|1628401|200746|201942|202330|202681|202694|203935,1627824|202330|202681|202694|203935,1627751|1627854|1628401|200746|201942,,,1610612738.0,21801100,True
1,PT08M02.00S,08:02,Q1 08:02,44.03333333333333,39,2pt,MISS White 18' Pullup Jump Shot,[],White,10,8,Missed,True,False,1628401.0,,substitution,rebound,,,,1627751|1627824|1627854|1628401|200746|201942|202330|202681|202694|203935,1627751|1627854|1628401|200746|201942,1627824|202330|202681|202694|203935,-96.0,151.0,1610612759.0,21801100,True
1,PT08M00.00S,08:00,Q1 08:00,44.0,40,rebound,Poeltl REBOUND (Off:1 Def:0),[],Poeltl,10,8,,False,False,1627751.0,,2pt missed,2pt missed,,,,1627751|1627824|1627854|1628401|200746|201942|202330|202681|202694|203935,1627751|1627854|1628401|200746|201942,1627824|202330|202681|202694|203935,,,1610612759.0,21801100,True
1,PT07M48.00S,07:48,Q1 07:48,43.8,41,2pt,MISS Poeltl 4' Hook Shot,['pointsinthepaint'],Poeltl,10,8,Missed,True,False,1627751.0,,rebound,rebound,,,,1627751|1627824|1627854|1628401|200746|201942|202330|202681|202694|203935,1627751|1627854|1628401|200746|201942,1627824|202330|202681|202694|203935,-15.0,36.0,1610612759.0,21801100,True
1,PT07M45.00S,07:45,Q1 07:45,43.75,42,rebound,Poeltl REBOUND (Off:3 Def:0),[],Poeltl,10,8,,False,False,1627751.0,,2pt missed,2pt missed,,,,1627751|1627824|1627854|1628401|200746|201942|202330|202681|202694|203935,1627751|1627854|1628401|200746|201942,1627824|202330|202681|202694|203935,,,1610612759.0,21801100,True
1,PT07M44.00S,07:44,Q1 07:44,43.733333333333334,43,2pt,MISS Poeltl 1' Tip Layup Shot,['pointsinthepaint'],Poeltl,10,8,Missed,True,False,1627751.0,,rebound,rebound,,,,1627751|1627824|1627854|1628401|200746|201942|202330|202681|202694|203935,1627751|1627854|1628401|200746|201942,1627824|202330|202681|202694|203935,0.0,-6.0,1610612759.0,21801100,True
1,PT07M43.00S,07:43,Q1 07:43,43.71666666666667,44,rebound,Poeltl REBOUND (Off:3 Def:0),[],Poeltl,10,8,,False,False,1627751.0,,2pt missed,3pt missed,,,,1627751|1627824|1627854|1628401|200746|201942|202330|202681|202694|203935,1627751|1627854|1628401|200746|201942,1627824|202330|202681|202694|203935,,,1610612759.0,21801100,True
1,PT07M32.00S,07:32,Q1 07:32,43.53333333333333,45,3pt,MISS Forbes 26' 3PT Jump Shot,[],Forbes,10,8,Missed,True,False,1627854.0,,rebound,rebound,,,,1627751|1627824|1627854|1628401|200746|201942|202330|202681|202694|203935,1627751|1627854|1628401|200746|201942,1627824|202330|202681|202694|203935,-169.0,193.0,1610612759.0,21801100,True
1,PT07M28.00S,07:28,Q1 07:28,43.46666666666667,46,rebound,Morris Sr. REBOUND (Off:0 Def:1),[],Morris Sr.,10,8,,False,False,202694.0,,3pt missed,3pt missed,,,,1627751|1627824|1627854|1628401|200746|201942|202330|202681|202694|203935,1627824|202330|202681|202694|203935,1627751|1627854|1628401|200746|201942,,,1610612738.0,21801100,True
1,PT07M12.00S,07:12,Q1 07:12,43.2,47,3pt,MISS Hayward 25' 3PT Pullup Jump Shot,[],Hayward,10,8,Missed,True,False,202330.0,,rebound,rebound,,,,1627751|1627824|1627854|1628401|200746|201942|202330|202681|202694|203935,1627824|202330|202681|202694|203935,1627751|1627854|1628401|200746|201942,-44.0,248.0,1610612738.0,21801100,True
1,PT07M10.00S,07:10,Q1 07:10,43.166666666666664,48,rebound,Poeltl REBOUND (Off:3 Def:1),[],Poeltl,10,8,,False,False,1627751.0,,3pt missed,2pt made,,,,1627751|1627824|1627854|1628401|200746|201942|202330|202681|202694|203935,1627751|1627854|1628401|200746|201942,1627824|202330|202681|202694|203935,,,1610612759.0,21801100,True
1,PT06M54.00S,06:54,Q1 06:54,42.9,49,2pt,Aldridge 15' Turnaround Fadeaway (8 PTS),[],Aldridge,10,10,Made,True,False,200746.0,,rebound,foul,,,,1627751|1627824|1627854|1628401|200746|201942|202330|202681|202694|203935,1627751|1627854|1628401|200746|201942,1627824|202330|202681|202694|203935,0.0,153.0,1610612759.0,21801100,True
1,PT06M46.00S,06:46,Q1 06:46,42.766666666666666,50,foul,White P.FOUL (P1.T1) (S.Foster),[],White,10,10,,False,False,1628401.0,,2pt made,foul,202694.0,,,1627751|1627824|1627854|1628401|200746|201942|202330|202681|202694|203935,1627751|1627854|1628401|200746|201942,1627824|202330|202681|202694|203935,,,1610612759.0,21801100,True
1,PT06M44.00S,06:44,Q1 06:44,42.733333333333334,52,foul,Morris Sr. OFF.Foul (P1) (S.Foster),[],Morris Sr.,10,10,,False,False,202694.0,,foul,turnover,200746.0,,,1627751|1627824|1627854|1628401|200746|201942|202330|202681|202694|203935,1627824|202330|202681|202694|203935,1627751|1627854|1628401|200746|201942,,,1610612738.0,21801100,True
1,PT06M44.00S,06:44,Q1 06:44,42.733333333333334,54,turnover,Morris Sr. Offensive Foul Turnover (P1.T2),[],Morris Sr.,10,10,,False,False,202694.0,,foul,2pt made,,,,1627751|1627824|1627854|1628401|200746|201942|202330|202681|202694|203935,1627824|202330|202681|202694|203935,1627751|1627854|1628401|200746|201942,,,1610612738.0,21801100,True
1,PT06M29.00S,06:29,Q1 06:29,42.483333333333334,55,2pt,Aldridge 11' Turnaround Fadeaway (10 PTS),[],Aldridge,10,12,Made,True,False,200746.0,,turnover,2pt made,,,,1627751|1627824|1627854|1628401|200746|201942|202330|202681|202694|203935,1627751|1627854|1628401|200746|201942,1627824|202330|202681|202694|203935,-109.0,24.0,1610612759.0,21801100,True
1,PT06M15.00S,06:15,Q1 06:15,42.25,56,2pt,Smart 4' Driving Layup (2 PTS),['pointsinthepaint'],Smart,12,12,Made,True,False,203935.0,,2pt made,3pt missed,,,,1627751|1627824|1627854|1628401|200746|201942|202330|202681|202694|203935,1627824|202330|202681|202694|203935,1627751|1627854|1628401|200746|201942,35.0,20.0,1610612738.0,21801100,True
1,PT05M53.00S,05:53,Q1 05:53,41.88333333333333,57,3pt,MISS White 24' 3PT Jump Shot,[],White,12,12,Missed,True,False,1628401.0,,2pt made,rebound,,,,1627751|1627824|1627854|1628401|200746|201942|202330|202681|202694|203935,1627751|1627854|1628401|200746|201942,1627824|202330|202681|202694|203935,-140.0,199.0,1610612759.0,21801100,True
1,PT05M51.00S,05:51,Q1 05:51,41.85,58,rebound,Morris Sr. REBOUND (Off:0 Def:2),[],Morris Sr.,12,12,,False,False,202694.0,,3pt missed,2pt made,,,,1627751|1627824|1627854|1628401|200746|201942|202330|202681|202694|203935,1627824|202330|202681|202694|203935,1627751|1627854|1628401|200746|201942,,,1610612738.0,21801100,True
1,PT05M39.00S,05:39,Q1 05:39,41.65,59,2pt,Morris Sr. 19' Jump Shot (8 PTS) (Smart 1 AST),[],Morris Sr.,14,12,Made,True,True,202694.0,203935.0,rebound,2pt made,,,,1627751|1627824|1627854|1628401|200746|201942|202330|202681|202694|203935,1627824|202330|202681|202694|203935,1627751|1627854|1628401|200746|201942,79.0,168.0,1610612738.0,21801100,True
1,PT05M19.00S,05:19,Q1 05:19,41.31666666666666,61,2pt,Forbes 8' Driving Floating Jump Shot (2 PTS) (DeRozan 2 AST),['pointsinthepaint'],Forbes,14,14,Made,True,True,1627854.0,201942.0,2pt made,2pt missed,,,,1627751|1627824|1627854|1628401|200746|201942|202330|202681|202694|203935,1627751|1627854|1628401|200746|201942,1627824|202330|202681|202694|203935,-5.0,79.0,1610612759.0,21801100,True
1,PT05M06.00S,05:06,Q1 05:06,41.1,63,2pt,MISS Smart 5' Driving Layup,['pointsinthepaint'],Smart,14,14,Missed,True,False,203935.0,,2pt made,block,,,,1627751|1627824|1627854|1628401|200746|201942|202330|202681|202694|203935,1627824|202330|202681|202694|203935,1627751|1627854|1628401|200746|201942,46.0,25.0,1610612738.0,21801100,True
1,PT05M06.00S,05:06,Q1 05:06,41.1,63,block,DeRozan BLOCK (1 BLK),[],DeRozan,14,14,,False,False,201942.0,,2pt missed,rebound,,,201942.0,1627751|1627824|1627854|1628401|200746|201942|202330|202681|202694|203935,1627751|1627854|1628401|200746|201942,1627824|202330|202681|202694|203935,,,1610612759.0,21801100,True
1,PT05M03.00S,05:03,Q1 05:03,41.05,65,rebound,Poeltl REBOUND (Off:3 Def:2),[],Poeltl,14,14,,False,False,1627751.0,,block,2pt made,,,,1627751|1627824|1627854|1628401|200746|201942|202330|202681|202694|203935,1627751|1627854|1628401|200746|201942,1627824|202330|202681|202694|203935,,,1610612759.0,21801100,True
1,PT04M57.00S,04:57,Q1 04:57,40.95,66,2pt,Aldridge 2' Turnaround Hook Shot (12 PTS) (DeRozan 3 AST),['pointsinthepaint'],Aldridge,14,16,Made,True,True,200746.0,201942.0,rebound,3pt missed,,,,1627751|1627824|1627854|1628401|200746|201942|202330|202681|202694|203935,1627751|1627854|1628401|200746|201942,1627824|202330|202681|202694|203935,-19.0,0.0,1610612759.0,21801100,True
1,PT04M44.00S,04:44,Q1 04:44,40.733333333333334,68,3pt,MISS Yabusele 3PT Jump Shot,[],Yabusele,14,16,Missed,True,False,1627824.0,,2pt made,rebound,,,,1627751|1627824|1627854|1628401|200746|201942|202330|202681|202694|203935,1627824|202330|202681|202694|203935,1627751|1627854|1628401|200746|201942,226.0,36.0,1610612738.0,21801100,True
1,PT04M41.00S,04:41,Q1 04:41,40.68333333333334,69,rebound,White REBOUND (Off:0 Def:1),[],White,14,16,,False,False,1628401.0,,3pt missed,2pt made,,,,1627751|1627824|1627854|1628401|200746|201942|202330|202681|202694|203935,1627751|1627854|1628401|200746|201942,1627824|202330|202681|202694|203935,,,1610612759.0,21801100,True
1,PT04M35.00S,04:35,Q1 04:35,40.583333333333336,70,2pt,Aldridge 21' Jump Shot (14 PTS) (White 1 AST),[],Aldridge,14,18,Made,True,True,200746.0,1628401.0,rebound,3pt missed,,,,1627751|1627824|1627854|1628401|200746|201942|202330|202681|202694|203935,1627751|1627854|1628401|200746|201942,1627824|202330|202681|202694|203935,123.0,167.0,1610612759.0,21801100,True
1,PT04M16.00S,04:16,Q1 04:16,40.266666666666666,72,3pt,MISS Morris Sr. 25' 3PT Jump Shot,[],Morris Sr.,14,18,Missed,True,False,202694.0,,2pt made,rebound,,,,1627751|1627824|1627854|1628401|200746|201942|202330|202681|202694|203935,1627824|202330|202681|202694|203935,1627751|1627854|1628401|200746|201942,218.0,128.0,1610612738.0,21801100,True
1,PT04M12.00S,04:12,Q1 04:12,40.2,73,rebound,Smart REBOUND (Off:1 Def:0),[],Smart,14,18,,False,False,203935.0,,3pt missed,2pt made,,,,1627751|1627824|1627854|1628401|200746|201942|202330|202681|202694|203935,1627824|202330|202681|202694|203935,1627751|1627854|1628401|200746|201942,,,1610612738.0,21801100,True
1,PT04M10.00S,04:10,Q1 04:10,40.166666666666664,74,2pt,Smart 1' Driving Finger Roll Layup (4 PTS),['pointsinthepaint'],Smart,16,18,Made,True,False,203935.0,,rebound,2pt missed,,,,1627751|1627824|1627854|1628401|200746|201942|202330|202681|202694|203935,1627824|202330|202681|202694|203935,1627751|1627854|1628401|200746|201942,-12.0,-5.0,1610612738.0,21801100,True
1,PT03M53.00S,03:53,Q1 03:53,39.88333333333333,75,2pt,MISS Aldridge 10' Turnaround Fadeaway Shot,[],Aldridge,16,18,Missed,True,False,200746.0,,2pt made,rebound,,,,1627751|1627824|1627854|1628401|200746|201942|202330|202681|202694|203935,1627751|1627854|1628401|200746|201942,1627824|202330|202681|202694|203935,-98.0,13.0,1610612759.0,21801100,True
1,PT03M49.00S,03:49,Q1 03:49,39.81666666666666,76,rebound,Hayward REBOUND (Off:0 Def:2),[],Hayward,16,18,,False,False,202330.0,,2pt missed,foul,,,,1627751|1627824|1627854|1628401|200746|201942|202330|202681|202694|203935,1627824|202330|202681|202694|203935,1627751|1627854|1628401|200746|201942,,,1610612738.0,21801100,True
1,PT03M39.00S,03:39,Q1 03:39,39.65,77,foul,White S.FOUL (P2.T2) (T.Maddox),[],White,16,18,,False,False,1628401.0,,rebound,freethrow,1627824.0,,,1627751|1627824|1627854|1628401|200746|201942|202330|202681|202694|203935,1627751|1627854|1628401|200746|201942,1627824|202330|202681|202694|203935,,,1610612759.0,21801100,True
1,PT03M39.00S,03:39,Q1 03:39,39.65,79,freethrow,Yabusele Free Throw 1 of 2 (1 PTS),[],Yabusele,17,18,Made,False,False,1627824.0,,foul,freethrow,,,,1627751|1627824|1627854|1628401|200746|201942|202330|202681|202694|203935,1627824|202330|202681|202694|203935,1627751|1627854|1628401|200746|201942,,,1610612738.0,21801100,True
1,PT03M39.00S,03:39,Q1 03:39,39.65,88,freethrow,Yabusele Free Throw 2 of 2 (2 PTS),[],Yabusele,18,18,Made,False,False,1627824.0,,freethrow,substitution,,,,1627751|1627824|1627854|1628401|200746|201942|202330|202681|202694|203935,1627824|202330|202681|202694|203935,1627751|1627854|1628401|200746|201942,,,1610612738.0,21801100,True
1,PT03M39.00S,03:39,Q1 03:39,39.65,80,substitution,SUB out: G. Hayward,[],Hayward,17,18,,False,False,202330.0,,freethrow,substitution,,,,1627751|1627824|1627854|1628401|200746|201942|202681|202694|203935,1627824|202681|202694|203935,1627751|1627854|1628401|200746|201942,,,1610612738.0,21801100,False
1,PT03M39.00S,03:39,Q1 03:39,39.65,81,substitution,SUB out: D. White,[],White,17,18,,False,False,1628401.0,,substitution,substitution,,,,1627751|1627824|1627854|200746|201942|202681|202694|203935,1627751|1627854|200746|201942,1627824|202681|202694|203935,,,1610612759.0,21801100,False
1,PT03M39.00S,03:39,Q1 03:39,39.65,82,substitution,SUB out: B. Forbes,[],Forbes,17,18,,False,False,1627854.0,,substitution,substitution,,,,1627751|1627824|200746|201942|202681|202694|203935,1627751|200746|201942,1627824|202681|202694|203935,,,1610612759.0,21801100,False
1,PT03M39.00S,03:39,Q1 03:39,39.65,83,substitution,SUB out: J. Poeltl,[],Poeltl,17,18,,False,False,1627751.0,,substitution,substitution,,,,1627824|200746|201942|202681|202694|203935,200746|201942,1627824|202681|202694|203935,,,1610612759.0,21801100,False
1,PT03M39.00S,03:39,Q1 03:39,39.65,84,substitution,SUB in: J. Brown,[],Brown,17,18,,False,False,1627759.0,,substitution,substitution,,,,1627759|1627824|200746|201942|202681|202694|203935,1627759|1627824|202681|202694|203935,200746|201942,,,1610612738.0,21801100,False
1,PT03M39.00S,03:39,Q1 03:39,39.65,85,substitution,SUB in: P. Mills,[],Mills,17,18,,False,False,201988.0,,substitution,substitution,,,,1627759|1627824|200746|201942|201988|202681|202694|203935,200746|201942|201988,1627759|1627824|202681|202694|203935,,,1610612759.0,21801100,False
1,PT03M39.00S,03:39,Q1 03:39,39.65,86,substitution,SUB in: M. Belinelli,[],Belinelli,17,18,,False,False,201158.0,,substitution,substitution,,,,1627759|1627824|200746|201158|201942|201988|202681|202694|203935,200746|201158|201942|201988,1627759|1627824|202681|202694|203935,,,1610612759.0,21801100,False
1,PT03M39.00S,03:39,Q1 03:39,39.65,87,substitution,SUB in: R. Gay,[],Gay,17,18,,False,False,200752.0,,substitution,2pt made,,,,1627759|1627824|200746|200752|201158|201942|201988|202681|202694|203935,200746|200752|201158|201942|201988,1627759|1627824|202681|202694|203935,,,1610612759.0,21801100,True
1,PT03M27.00S,03:27,Q1 03:27,39.45,90,2pt,Aldridge 7' Driving Hook Shot (16 PTS),['pointsinthepaint'],Aldridge,18,20,Made,True,False,200746.0,,substitution,foul,,,,1627759|1627824|200746|200752|201158|201942|201988|202681|202694|203935,200746|200752|201158|201942|201988,1627759|1627824|202681|202694|203935,-57.0,40.0,1610612759.0,21801100,True
1,PT03M27.00S,03:27,Q1 03:27,39.45,91,foul,Yabusele S.FOUL (P1.T1) (T.Maddox),[],Yabusele,18,20,,False,False,1627824.0,,2pt made,freethrow,200746.0,,,1627759|1627824|200746|200752|201158|201942|201988|202681|202694|203935,1627759|1627824|202681|202694|203935,200746|200752|201158|201942|201988,,,1610612738.0,21801100,True
1,PT03M27.00S,03:27,Q1 03:27,39.45,97,freethrow,Aldridge Free Throw 1 of 1 (17 PTS),[],Aldridge,18,21,Made,False,False,200746.0,,foul,substitution,,,,1627759|1627824|200746|200752|201158|201942|201988|202681|202694|203935,200746|200752|201158|201942|201988,1627759|1627824|202681|202694|203935,,,1610612759.0,21801100,True
1,PT03M27.00S,03:27,Q1 03:27,39.45,93,substitution,SUB out: G. Yabusele,[],Yabusele,18,20,,False,False,1627824.0,,freethrow,substitution,,,,1627759|200746|200752|201158|201942|201988|202681|202694|203935,1627759|202681|202694|203935,200746|200752|201158|201942|201988,,,1610612738.0,21801100,False
1,PT03M27.00S,03:27,Q1 03:27,39.45,94,substitution,SUB out: D. DeRozan,[],DeRozan,18,20,,False,False,201942.0,,substitution,substitution,,,,1627759|200746|200752|201158|201988|202681|202694|203935,200746|200752|201158|201988,1627759|202681|202694|203935,,,1610612759.0,21801100,False
1,PT03M27.00S,03:27,Q1 03:27,39.45,95,substitution,SUB in: A. Baynes,[],Baynes,18,20,,False,False,203382.0,,substitution,substitution,,,,1627759|200746|200752|201158|201988|202681|202694|203382|203935,1627759|202681|202694|203382|203935,200746|200752|201158|201988,,,1610612738.0,21801100,False
1,PT03M27.00S,03:27,Q1 03:27,39.45,96,substitution,SUB in: D. Bertans,[],Bertans,18,20,,False,False,202722.0,,substitution,2pt missed,,,,1627759|200746|200752|201158|201988|202681|202694|202722|203382|203935,200746|200752|201158|201988|202722,1627759|202681|202694|203382|203935,,,1610612759.0,21801100,True
1,PT03M12.00S,03:12,Q1 03:12,39.2,98,2pt,MISS Baynes 3' Layup,['pointsinthepaint'],Baynes,18,21,Missed,True,False,203382.0,,substitution,rebound,,,,1627759|200746|200752|201158|201988|202681|202694|202722|203382|203935,1627759|202681|202694|203382|203935,200746|200752|201158|201988|202722,-28.0,18.0,1610612738.0,21801100,True
1,PT03M10.00S,03:10,Q1 03:10,39.166666666666664,100,rebound,Aldridge REBOUND (Off:0 Def:2),[],Aldridge,18,21,,False,False,200746.0,,2pt missed,3pt made,,,,1627759|200746|200752|201158|201988|202681|202694|202722|203382|203935,200746|200752|201158|201988|202722,1627759|202681|202694|203382|203935,,,1610612759.0,21801100,True
1,PT03M05.00S,03:05,Q1 03:05,39.083333333333336,101,3pt,Belinelli 26' 3PT Pullup Jump Shot (3 PTS),[],Belinelli,18,24,Made,True,False,201158.0,,rebound,3pt missed,,,,1627759|200746|200752|201158|201988|202681|202694|202722|203382|203935,200746|200752|201158|201988|202722,1627759|202681|202694|203382|203935,-8.0,263.0,1610612759.0,21801100,True
1,PT02M54.00S,02:54,Q1 02:54,38.9,102,3pt,MISS Irving 25' 3PT Pullup Jump Shot,[],Irving,18,24,Missed,True,False,202681.0,,3pt made,rebound,,,,1627759|200746|200752|201158|201988|202681|202694|202722|203382|203935,1627759|202681|202694|203382|203935,200746|200752|201158|201988|202722,-66.0,244.0,1610612738.0,21801100,True
1,PT02M52.00S,02:52,Q1 02:52,38.86666666666667,103,rebound,Bertans REBOUND (Off:0 Def:1),[],Bertans,18,24,,False,False,202722.0,,3pt missed,2pt missed,,,,1627759|200746|200752|201158|201988|202681|202694|202722|203382|203935,200746|200752|201158|201988|202722,1627759|202681|202694|203382|203935,,,1610612759.0,21801100,True
1,PT02M42.00S,02:42,Q1 02:42,38.7,104,2pt,MISS Aldridge 12' Turnaround Fadeaway Shot,[],Aldridge,18,24,Missed,True,False,200746.0,,rebound,rebound,,,,1627759|200746|200752|201158|201988|202681|202694|202722|203382|203935,200746|200752|201158|201988|202722,1627759|202681|202694|203382|203935,-112.0,37.0,1610612759.0,21801100,True
1,PT02M39.00S,02:39,Q1 02:39,38.65,105,rebound,Morris Sr. REBOUND (Off:0 Def:3),[],Morris Sr.,18,24,,False,False,202694.0,,2pt missed,timeout,,,,1627759|200746|200752|201158|201988|202681|202694|202722|203382|203935,1627759|202681|202694|203382|203935,200746|200752|201158|201988|202722,,,1610612738.0,21801100,True
1,PT02M36.00S,02:36,Q1 02:36,38.6,106,timeout,CELTICS Timeout: Regular (Full 1 Short 0),[],,18,24,,False,False,0.0,,rebound,substitution,,,,1627759|200746|200752|201158|201988|202681|202694|202722|203382|203935,1627759|202681|202694|203382|203935,200746|200752|201158|201988|202722,,,1610612738.0,21801100,True
1,PT02M36.00S,02:36,Q1 02:36,38.6,107,substitution,SUB out: M. Smart,[],Smart,18,24,,False,False,203935.0,,timeout,substitution,,,,1627759|200746|200752|201158|201988|202681|202694|202722|203382,1627759|202681|202694|203382,200746|200752|201158|201988|202722,,,1610612738.0,21801100,False
1,PT02M36.00S,02:36,Q1 02:36,38.6,108,substitution,SUB in: T. Rozier,[],Rozier,18,24,,False,False,1626179.0,,substitution,foul,,,,1626179|1627759|200746|200752|201158|201988|202681|202694|202722|203382,1626179|1627759|202681|202694|203382,200746|200752|201158|201988|202722,,,1610612738.0,21801100,True
1,PT02M22.00S,02:22,Q1 02:22,38.36666666666667,109,foul,Aldridge S.FOUL (P1.T3) (T.Maddox),[],Aldridge,18,24,,False,False,200746.0,,substitution,freethrow,1627759.0,,,1626179|1627759|200746|200752|201158|201988|202681|202694|202722|203382,200746|200752|201158|201988|202722,1626179|1627759|202681|202694|203382,,,1610612759.0,21801100,True
1,PT02M22.00S,02:22,Q1 02:22,38.36666666666667,111,freethrow,Brown Free Throw 1 of 2 (1 PTS),[],Brown,19,24,Made,False,False,1627759.0,,foul,freethrow,,,,1626179|1627759|200746|200752|201158|201988|202681|202694|202722|203382,1626179|1627759|202681|202694|203382,200746|200752|201158|201988|202722,,,1610612738.0,21801100,True
1,PT02M22.00S,02:22,Q1 02:22,38.36666666666667,112,freethrow,Brown Free Throw 2 of 2 (2 PTS),[],Brown,20,24,Made,False,False,1627759.0,,freethrow,3pt made,,,,1626179|1627759|200746|200752|201158|201988|202681|202694|202722|203382,1626179|1627759|202681|202694|203382,200746|200752|201158|201988|202722,,,1610612738.0,21801100,True
1,PT02M05.00S,02:05,Q1 02:05,38.083333333333336,113,3pt,Mills 27' 3PT Jump Shot (3 PTS) (Aldridge 2 AST),[],Mills,20,27,Made,True,True,201988.0,200746.0,freethrow,2pt made,,,,1626179|1627759|200746|200752|201158|201988|202681|202694|202722|203382,200746|200752|201158|201988|202722,1626179|1627759|202681|202694|203382,40.0,262.0,1610612759.0,21801100,True
1,PT01M53.00S,01:53,Q1 01:53,37.88333333333333,115,2pt,Irving 13' Fadeaway Jumper (4 PTS),['pointsinthepaint'],Irving,22,27,Made,True,False,202681.0,,3pt made,2pt missed,,,,1626179|1627759|200746|200752|201158|201988|202681|202694|202722|203382,1626179|1627759|202681|202694|203382,200746|200752|201158|201988|202722,-74.0,111.0,1610612738.0,21801100,True
1,PT01M36.00S,01:36,Q1 01:36,37.6,116,2pt,MISS Aldridge 6' Driving Hook Shot,['pointsinthepaint'],Aldridge,22,27,Missed,True,False,200746.0,,2pt made,rebound,,,,1626179|1627759|200746|200752|201158|201988|202681|202694|202722|203382,200746|200752|201158|201988|202722,1626179|1627759|202681|202694|203382,13.0,63.0,1610612759.0,21801100,True
1,PT01M34.00S,01:34,Q1 01:34,37.56666666666667,117,rebound,Aldridge REBOUND (Off:1 Def:2),[],Aldridge,22,27,,False,False,200746.0,,2pt missed,substitution,,,,1626179|1627759|200746|200752|201158|201988|202681|202694|202722|203382,200746|200752|201158|201988|202722,1626179|1627759|202681|202694|203382,,,1610612759.0,21801100,True
1,PT01M31.00S,01:31,Q1 01:31,37.516666666666666,119,substitution,SUB out: M. Morris Sr.,[],Morris Sr.,22,27,,False,False,202694.0,,rebound,substitution,,,,1626179|1627759|200746|200752|201158|201988|202681|202722|203382,1626179|1627759|202681|203382,200746|200752|201158|201988|202722,,,1610612738.0,21801100,False
1,PT01M31.00S,01:31,Q1 01:31,37.516666666666666,120,substitution,SUB in: G. Hayward,[],Hayward,22,27,,False,False,202330.0,,substitution,2pt missed,,,,1626179|1627759|200746|200752|201158|201988|202330|202681|202722|203382,1626179|1627759|202330|202681|203382,200746|200752|201158|201988|202722,,,1610612738.0,21801100,True
1,PT01M28.00S,01:28,Q1 01:28,37.46666666666667,121,2pt,MISS Aldridge 14' Jump Shot,[],Aldridge,22,27,Missed,True,False,200746.0,,substitution,rebound,,,,1626179|1627759|200746|200752|201158|201988|202330|202681|202722|203382,200746|200752|201158|201988|202722,1626179|1627759|202330|202681|203382,-134.0,48.0,1610612759.0,21801100,True
1,PT01M27.00S,01:27,Q1 01:27,37.45,122,rebound,Baynes REBOUND (Off:0 Def:2),[],Baynes,22,27,,False,False,203382.0,,2pt missed,2pt missed,,,,1626179|1627759|200746|200752|201158|201988|202330|202681|202722|203382,1626179|1627759|202330|202681|203382,200746|200752|201158|201988|202722,,,1610612738.0,21801100,True
1,PT01M13.00S,01:13,Q1 01:13,37.21666666666667,123,2pt,MISS Brown 16' Step Back Jump Shot,[],Brown,22,27,Missed,True,False,1627759.0,,rebound,rebound,,,,1626179|1627759|200746|200752|201158|201988|202330|202681|202722|203382,1626179|1627759|202330|202681|203382,200746|200752|201158|201988|202722,144.0,76.0,1610612738.0,21801100,True
1,PT01M10.00S,01:10,Q1 01:10,37.166666666666664,124,rebound,Hayward REBOUND (Off:1 Def:2),[],Hayward,22,27,,False,False,202330.0,,2pt missed,2pt made,,,,1626179|1627759|200746|200752|201158|201988|202330|202681|202722|203382,1626179|1627759|202330|202681|203382,200746|200752|201158|201988|202722,,,1610612738.0,21801100,True
1,PT01M09.00S,01:09,Q1 01:09,37.15,125,2pt,Hayward 4' Putback Layup (2 PTS),['pointsinthepaint'],Hayward,24,27,Made,True,False,202330.0,,rebound,2pt made,,,,1626179|1627759|200746|200752|201158|201988|202330|202681|202722|203382,1626179|1627759|202330|202681|203382,200746|200752|201158|201988|202722,-44.0,3.0,1610612738.0,21801100,True
1,PT00M53.90S,00:53,Q1 00:53,36.89833333333333,126,2pt,Aldridge 1' Dunk (19 PTS) (Bertans 1 AST),['pointsinthepaint'],Aldridge,24,29,Made,True,True,200746.0,202722.0,2pt made,3pt missed,,,,1626179|1627759|200746|200752|201158|201988|202330|202681|202722|203382,200746|200752|201158|201988|202722,1626179|1627759|202330|202681|203382,6.0,5.0,1610612759.0,21801100,True
1,PT00M37.70S,00:37,Q1 00:37,36.62833333333333,128,3pt,MISS Brown 25' 3PT Jump Shot,[],Brown,24,29,Missed,True,False,1627759.0,,2pt made,rebound,,,,1626179|1627759|200746|200752|201158|201988|202330|202681|202722|203382,1626179|1627759|202330|202681|203382,200746|200752|201158|201988|202722,-231.0,90.0,1610612738.0,21801100,True
1,PT00M36.70S,00:36,Q1 00:36,36.611666666666665,129,rebound,Gay REBOUND (Off:0 Def:1),[],Gay,24,29,,False,False,200752.0,,3pt missed,2pt made,,,,1626179|1627759|200746|200752|201158|201988|202330|202681|202722|203382,200746|200752|201158|201988|202722,1626179|1627759|202330|202681|203382,,,1610612759.0,21801100,True
1,PT00M24.80S,00:24,Q1 00:24,36.413333333333334,130,2pt,Gay 6' Pullup Jump Shot (2 PTS),['pointsinthepaint'],Gay,24,31,Made,True,False,200752.0,,rebound,foul,,,,1626179|1627759|200746|200752|201158|201988|202330|202681|202722|203382,200746|200752|201158|201988|202722,1626179|1627759|202330|202681|203382,18.0,53.0,1610612759.0,21801100,True
1,PT00M05.80S,00:05,Q1 00:05,36.096666666666664,131,foul,Mills P.FOUL (P1.T4) (S.Foster),[],Mills,24,31,,False,False,201988.0,,2pt made,substitution,1627759.0,,,1626179|1627759|200746|200752|201158|201988|202330|202681|202722|203382,200746|200752|201158|201988|202722,1626179|1627759|202330|202681|203382,,,1610612759.0,21801100,True
1,PT00M05.80S,00:05,Q1 00:05,36.096666666666664,133,substitution,SUB out: L. Aldridge,[],Aldridge,24,31,,False,False,200746.0,,foul,substitution,,,,1626179|1627759|200752|201158|201988|202330|202681|202722|203382,200752|201158|201988|202722,1626179|1627759|202330|202681|203382,,,1610612759.0,21801100,False
1,PT00M05.80S,00:05,Q1 00:05,36.096666666666664,134,substitution,SUB in: J. Poeltl,[],Poeltl,24,31,,False,False,1627751.0,,substitution,3pt missed,,,,1626179|1627751|1627759|200752|201158|201988|202330|202681|202722|203382,1627751|200752|201158|201988|202722,1626179|1627759|202330|202681|203382,,,1610612759.0,21801100,True
1,PT00M00.30S,00:00,Q1 00:00,36.005,135,3pt,MISS Brown 25' 3PT Jump Shot,[],Brown,24,31,Missed,True,False,1627759.0,,substitution,rebound,,,,1626179|1627751|1627759|200752|201158|201988|202330|202681|202722|203382,1626179|1627759|202330|202681|203382,1627751|200752|201158|201988|202722,-100.0,230.0,1610612738.0,21801100,True
1,PT00M00.30S,00:00,Q1 00:00,36.005,136,rebound,TEAM offensive REBOUND,['team'],,24,31,,False,False,0.0,,3pt missed,period,,,,1626179|1627751|1627759|200752|201158|201988|202330|202681|202722|203382,1626179|1627759|202330|202681|203382,1627751|200752|201158|201988|202722,,,1610612738.0,21801100,True
1,PT00M00.00S,00:00,Q1 00:00,36.0,137,period,End of 1st Period (8:03 PM EST),[],,24,31,,False,False,0.0,,rebound,period,,,,1626179|1627751|1627759|200752|201158|201988|202330|202681|202722|203382,1626179|1627759|202330|202681|203382,1627751|200752|201158|201988|202722,,,1610612738.0,21801100,True
2,PT12M00.00S,12:00,Q2 12:00,36.0,142,period,Start of 2nd Period (8:06 PM EST),[],,24,31,,False,False,0.0,,period,substitution,,,,1626179|1627751|1627759|200752|201158|201988|202330|202681|202722|203382,1626179|1627759|202330|202681|203382,1627751|200752|201158|201988|202722,,,1610612738.0,21801100,True
2,PT11M46.00S,11:46,Q2 11:46,35.766666666666666,143,3pt,MISS Ojeleye 3PT Jump Shot,[],Ojeleye,24,31,Missed,True,False,1628400.0,,substitution,rebound,,,,1626179|1627751|1627759|1628400|1628464|200752|201158|201988|202330|202722,1626179|1627759|1628400|1628464|202330,1627751|200752|201158|201988|202722,-229.0,-10.0,1610612738.0,21801100,True
2,PT11M41.00S,11:41,Q2 11:41,35.68333333333334,144,rebound,Hayward REBOUND (Off:2 Def:2),[],Hayward,24,31,,False,False,202330.0,,3pt missed,2pt made,,,,1626179|1627751|1627759|1628400|1628464|200752|201158|201988|202330|202722,1626179|1627759|1628400|1628464|202330,1627751|200752|201158|201988|202722,,,1610612738.0,21801100,True
2,PT11M40.00S,11:40,Q2 11:40,35.666666666666664,145,2pt,Hayward 1' Tip Layup Shot (4 PTS),['pointsinthepaint'],Hayward,26,31,Made,True,False,202330.0,,rebound,3pt missed,,,,1626179|1627751|1627759|1628400|1628464|200752|201158|201988|202330|202722,1626179|1627759|1628400|1628464|202330,1627751|200752|201158|201988|202722,0.0,-6.0,1610612738.0,21801100,True
2,PT11M26.00S,11:26,Q2 11:26,35.43333333333334,146,3pt,MISS Bertans 3PT Jump Shot,[],Bertans,26,31,Missed,True,False,202722.0,,2pt made,rebound,,,,1626179|1627751|1627759|1628400|1628464|200752|201158|201988|202330|202722,1627751|200752|201158|201988|202722,1626179|1627759|1628400|1628464|202330,-230.0,1.0,1610612759.0,21801100,True
2,PT11M24.00S,11:24,Q2 11:24,35.4,147,rebound,Rozier REBOUND (Off:0 Def:1),[],Rozier,26,31,,False,False,1626179.0,,3pt missed,2pt missed,,,,1626179|1627751|1627759|1628400|1628464|200752|201158|201988|202330|202722,1626179|1627759|1628400|1628464|202330,1627751|200752|201158|201988|202722,,,1610612738.0,21801100,True
2,PT11M18.00S,11:18,Q2 11:18,35.3,148,2pt,MISS Rozier 12' Driving Floating Jump Shot,['pointsinthepaint'],Rozier,26,31,Missed,True,False,1626179.0,,rebound,rebound,,,,1626179|1627751|1627759|1628400|1628464|200752|201158|201988|202330|202722,1626179|1627759|1628400|1628464|202330,1627751|200752|201158|201988|202722,10.0,121.0,1610612738.0,21801100,True
2,PT11M15.00S,11:15,Q2 11:15,35.25,149,rebound,Bertans REBOUND (Off:0 Def:2),[],Bertans,26,31,,False,False,202722.0,,2pt missed,2pt made,,,,1626179|1627751|1627759|1628400|1628464|200752|201158|201988|202330|202722,1627751|200752|201158|201988|202722,1626179|1627759|1628400|1628464|202330,,,1610612759.0,21801100,True
2,PT11M06.00S,11:06,Q2 11:06,35.1,150,2pt,Poeltl 2' Cutting Layup Shot (2 PTS) (Mills 1 AST),['pointsinthepaint'],Poeltl,26,33,Made,True,True,1627751.0,201988.0,rebound,2pt missed,,,,1626179|1627751|1627759|1628400|1628464|200752|201158|201988|202330|202722,1627751|200752|201158|201988|202722,1626179|1627759|1628400|1628464|202330,-14.0,10.0,1610612759.0,21801100,True
2,PT10M56.00S,10:56,Q2 10:56,34.93333333333334,152,2pt,MISS Hayward 19' Step Back Jump Shot,[],Hayward,26,33,Missed,True,False,202330.0,,2pt made,rebound,,,,1626179|1627751|1627759|1628400|1628464|200752|201158|201988|202330|202722,1626179|1627759|1628400|1628464|202330,1627751|200752|201158|201988|202722,155.0,104.0,1610612738.0,21801100,True
2,PT10M54.00S,10:54,Q2 10:54,34.9,153,rebound,Poeltl REBOUND (Off:3 Def:3),[],Poeltl,26,33,,False,False,1627751.0,,2pt missed,3pt made,,,,1626179|1627751|1627759|1628400|1628464|200752|201158|201988|202330|202722,1627751|200752|201158|201988|202722,1626179|1627759|1628400|1628464|202330,,,1610612759.0,21801100,True
2,PT10M48.00S,10:48,Q2 10:48,34.8,154,3pt,Mills 26' 3PT Pullup Jump Shot (6 PTS),[],Mills,26,36,Made,True,False,201988.0,,rebound,2pt missed,,,,1626179|1627751|1627759|1628400|1628464|200752|201158|201988|202330|202722,1627751|200752|201158|201988|202722,1626179|1627759|1628400|1628464|202330,14.0,263.0,1610612759.0,21801100,True
2,PT10M29.00S,10:29,Q2 10:29,34.483333333333334,155,2pt,MISS Rozier 2' Driving Layup,['pointsinthepaint'],Rozier,26,36,Missed,True,False,1626179.0,,3pt made,rebound,,,,1626179|1627751|1627759|1628400|1628464|200752|201158|201988|202330|202722,1626179|1627759|1628400|1628464|202330,1627751|200752|201158|201988|202722,-14.0,15.0,1610612738.0,21801100,True
2,PT10M28.00S,10:28,Q2 10:28,34.46666666666667,156,rebound,Gay REBOUND (Off:0 Def:2),[],Gay,26,36,,False,False,200752.0,,2pt missed,foul,,,,1626179|1627751|1627759|1628400|1628464|200752|201158|201988|202330|202722,1627751|200752|201158|201988|202722,1626179|1627759|1628400|1628464|202330,,,1610612759.0,21801100,True
2,PT10M28.00S,10:28,Q2 10:28,34.46666666666667,157,foul,Theis P.FOUL (P1.T1) (T.Maddox),[],Theis,26,36,,False,False,1628464.0,,rebound,3pt missed,201158.0,,,1626179|1627751|1627759|1628400|1628464|200752|201158|201988|202330|202722,1626179|1627759|1628400|1628464|202330,1627751|200752|201158|201988|202722,,,1610612738.0,21801100,True
2,PT10M11.00S,10:11,Q2 10:11,34.18333333333334,159,3pt,MISS Belinelli 26' 3PT Jump Shot,[],Belinelli,26,36,Missed,True,False,201158.0,,foul,rebound,,,,1626179|1627751|1627759|1628400|1628464|200752|201158|201988|202330|202722,1627751|200752|201158|201988|202722,1626179|1627759|1628400|1628464|202330,201.0,162.0,1610612759.0,21801100,True
2,PT10M10.00S,10:10,Q2 10:10,34.166666666666664,160,rebound,Hayward REBOUND (Off:2 Def:3),[],Hayward,26,36,,False,False,202330.0,,3pt missed,2pt made,,,,1626179|1627751|1627759|1628400|1628464|200752|201158|201988|202330|202722,1626179|1627759|1628400|1628464|202330,1627751|200752|201158|201988|202722,,,1610612738.0,21801100,True
2,PT10M01.00S,10:01,Q2 10:01,34.016666666666666,161,2pt,Hayward 13' Pullup Jump Shot (6 PTS),[],Hayward,28,36,Made,True,False,202330.0,,rebound,turnover,,,,1626179|1627751|1627759|1628400|1628464|200752|201158|201988|202330|202722,1626179|1627759|1628400|1628464|202330,1627751|200752|201158|201988|202722,111.0,74.0,1610612738.0,21801100,True
2,PT09M43.00S,09:43,Q2 09:43,33.71666666666667,162,turnover,Gay Out of Bounds Lost Ball Turnover (P1.T2),[],Gay,28,36,,False,False,200752.0,,2pt made,foul,,,,1626179|1627751|1627759|1628400|1628464|200752|201158|201988|202330|202722,1627751|200752|201158|201988|202722,1626179|1627759|1628400|1628464|202330,,,1610612759.0,21801100,True
2,PT09M32.00S,09:32,Q2 09:32,33.53333333333333,163,foul,Belinelli S.FOUL (P1.T1) (D.Richardson),[],Belinelli,28,36,,False,False,201158.0,,turnover,freethrow,202330.0,,,1626179|1627751|1627759|1628400|1628464|200752|201158|201988|202330|202722,1627751|200752|201158|201988|202722,1626179|1627759|1628400|1628464|202330,,,1610612759.0,21801100,True
2,PT09M32.00S,09:32,Q2 09:32,33.53333333333333,165,freethrow,Hayward Free Throw 1 of 2 (7 PTS),[],Hayward,29,36,Made,False,False,202330.0,,foul,freethrow,,,,1626179|1627751|1627759|1628400|1628464|200752|201158|201988|202330|202722,1626179|1627759|1628400|1628464|202330,1627751|200752|201158|201988|202722,,,1610612738.0,21801100,True
2,PT09M32.00S,09:32,Q2 09:32,33.53333333333333,168,freethrow,Hayward Free Throw 2 of 2 (8 PTS),[],Hayward,30,36,Made,False,False,202330.0,,freethrow,substitution,,,,1626179|1627751|1627759|1628400|1628464|200752|201158|201988|202330|202722,1626179|1627759|1628400|1628464|202330,1627751|200752|201158|201988|202722,,,1610612738.0,21801100,True
2,PT09M32.00S,09:32,Q2 09:32,33.53333333333333,166,substitution,SUB out: D. Bertans,[],Bertans,29,36,,False,False,202722.0,,freethrow,substitution,,,,1626179|1627751|1627759|1628400|1628464|200752|201158|201988|202330,1627751|200752|201158|201988,1626179|1627759|1628400|1628464|202330,,,1610612759.0,21801100,False
2,PT09M32.00S,09:32,Q2 09:32,33.53333333333333,167,substitution,SUB in: D. DeRozan,[],DeRozan,29,36,,False,False,201942.0,,substitution,3pt missed,,,,1626179|1627751|1627759|1628400|1628464|200752|201158|201942|201988|202330,1627751|200752|201158|201942|201988,1626179|1627759|1628400|1628464|202330,,,1610612759.0,21801100,True
2,PT09M17.00S,09:17,Q2 09:17,33.28333333333333,169,3pt,MISS Gay 24' 3PT Jump Shot,[],Gay,30,36,Missed,True,False,200752.0,,substitution,rebound,,,,1626179|1627751|1627759|1628400|1628464|200752|201158|201942|201988|202330,1627751|200752|201158|201942|201988,1626179|1627759|1628400|1628464|202330,234.0,40.0,1610612759.0,21801100,True
2,PT09M14.00S,09:14,Q2 09:14,33.233333333333334,170,rebound,Poeltl REBOUND (Off:4 Def:3),[],Poeltl,30,36,,False,False,1627751.0,,3pt missed,2pt missed,,,,1626179|1627751|1627759|1628400|1628464|200752|201158|201942|201988|202330,1627751|200752|201158|201942|201988,1626179|1627759|1628400|1628464|202330,,,1610612759.0,21801100,True
2,PT09M13.00S,09:13,Q2 09:13,33.21666666666667,171,2pt,MISS Poeltl 1' Tip Layup Shot,['pointsinthepaint'],Poeltl,30,36,Missed,True,False,1627751.0,,rebound,rebound,,,,1626179|1627751|1627759|1628400|1628464|200752|201158|201942|201988|202330,1627751|200752|201158|201942|201988,1626179|1627759|1628400|1628464|202330,0.0,-6.0,1610612759.0,21801100,True
2,PT09M12.00S,09:12,Q2 09:12,33.2,175,rebound,Belinelli REBOUND (Off:1 Def:0),[],Belinelli,30,36,,False,False,201158.0,,2pt missed,3pt missed,,,,1626179|1627751|1627759|1628400|1628464|200752|201158|201942|201988|202330,1627751|200752|201158|201942|201988,1626179|1627759|1628400|1628464|202330,,,1610612759.0,21801100,True
2,PT09M10.00S,09:10,Q2 09:10,33.166666666666664,172,3pt,MISS Mills 26' 3PT Jump Shot,[],Mills,30,36,Missed,True,False,201988.0,,rebound,rebound,,,,1626179|1627751|1627759|1628400|1628464|200752|201158|201942|201988|202330,1627751|200752|201158|201942|201988,1626179|1627759|1628400|1628464|202330,-192.0,169.0,1610612759.0,21801100,True
2,PT09M08.00S,09:08,Q2 09:08,33.13333333333333,173,rebound,Gay REBOUND (Off:1 Def:2),[],Gay,30,36,,False,False,200752.0,,3pt missed,2pt made,,,,1626179|1627751|1627759|1628400|1628464|200752|201158|201942|201988|202330,1627751|200752|201158|201942|201988,1626179|1627759|1628400|1628464|202330,,,1610612759.0,21801100,True
2,PT09M01.00S,09:01,Q2 09:01,33.016666666666666,174,2pt,Belinelli 14' Jump Shot (5 PTS) (Mills 2 AST),[],Belinelli,30,38,Made,True,True,201158.0,201988.0,rebound,foul,,,,1626179|1627751|1627759|1628400|1628464|200752|201158|201942|201988|202330,1627751|200752|201158|201942|201988,1626179|1627759|1628400|1628464|202330,-100.0,92.0,1610612759.0,21801100,True
2,PT08M48.00S,08:48,Q2 08:48,32.8,176,foul,Poeltl S.FOUL (P1.T2) (T.Maddox),[],Poeltl,30,38,,False,False,1627751.0,,2pt made,freethrow,202330.0,,,1626179|1627751|1627759|1628400|1628464|200752|201158|201942|201988|202330,1627751|200752|201158|201942|201988,1626179|1627759|1628400|1628464|202330,,,1610612759.0,21801100,True
2,PT08M48.00S,08:48,Q2 08:48,32.8,178,freethrow,Hayward Free Throw 1 of 2 (9 PTS),[],Hayward,31,38,Made,False,False,202330.0,,foul,freethrow,,,,1626179|1627751|1627759|1628400|1628464|200752|201158|201942|201988|202330,1626179|1627759|1628400|1628464|202330,1627751|200752|201158|201942|201988,,,1610612738.0,21801100,True
2,PT08M48.00S,08:48,Q2 08:48,32.8,179,freethrow,Hayward Free Throw 2 of 2 (10 PTS),[],Hayward,32,38,Made,False,False,202330.0,,freethrow,timeout,,,,1626179|1627751|1627759|1628400|1628464|200752|201158|201942|201988|202330,1626179|1627759|1628400|1628464|202330,1627751|200752|201158|201942|201988,,,1610612738.0,21801100,True
2,PT08M48.00S,08:48,Q2 08:48,32.8,180,timeout,Spurs Timeout: Regular (Reg.2 Short 0),[],,32,38,,False,False,0.0,,freethrow,2pt missed,,,,1626179|1627751|1627759|1628400|1628464|200752|201158|201942|201988|202330,1627751|200752|201158|201942|201988,1626179|1627759|1628400|1628464|202330,,,1610612759.0,21801100,True
2,PT08M25.00S,08:25,Q2 08:25,32.416666666666664,182,2pt,MISS Gay 5' Floating Jump Shot,['pointsinthepaint'],Gay,32,38,Missed,True,False,200752.0,,timeout,rebound,,,,1626179|1627751|1627759|1628400|1628464|200752|201158|201942|201988|202330,1627751|200752|201158|201942|201988,1626179|1627759|1628400|1628464|202330,5.0,52.0,1610612759.0,21801100,True
2,PT08M23.00S,08:23,Q2 08:23,32.38333333333333,183,rebound,Rozier REBOUND (Off:0 Def:2),[],Rozier,32,38,,False,False,1626179.0,,2pt missed,turnover,,,,1626179|1627751|1627759|1628400|1628464|200752|201158|201942|201988|202330,1626179|1627759|1628400|1628464|202330,1627751|200752|201158|201942|201988,,,1610612738.0,21801100,True
2,PT08M20.00S,08:20,Q2 08:20,32.333333333333336,184,turnover,Rozier Out of Bounds Lost Ball Turnover (P1.T3),[],Rozier,32,38,,False,False,1626179.0,,rebound,substitution,,,,1626179|1627751|1627759|1628400|1628464|200752|201158|201942|201988|202330,1626179|1627759|1628400|1628464|202330,1627751|200752|201158|201942|201988,,,1610612738.0,21801100,True
2,PT08M20.00S,08:20,Q2 08:20,32.333333333333336,185,substitution,SUB out: P. Mills,[],Mills,32,38,,False,False,201988.0,,turnover,substitution,,,,1626179|1627751|1627759|1628400|1628464|200752|201158|201942|202330,1627751|200752|201158|201942,1626179|1627759|1628400|1628464|202330,,,1610612759.0,21801100,False
2,PT08M20.00S,08:20,Q2 08:20,32.333333333333336,186,substitution,SUB in: D. White,[],White,32,38,,False,False,1628401.0,,substitution,2pt made,,,,1626179|1627751|1627759|1628400|1628401|1628464|200752|201158|201942|202330,1627751|1628401|200752|201158|201942,1626179|1627759|1628400|1628464|202330,,,1610612759.0,21801100,True
2,PT08M03.00S,08:03,Q2 08:03,32.05,187,2pt,DeRozan 20' Jump Shot (2 PTS),[],DeRozan,32,40,Made,True,False,201942.0,,substitution,foul,,,,1626179|1627751|1627759|1628400|1628401|1628464|200752|201158|201942|202330,1627751|1628401|200752|201158|201942,1626179|1627759|1628400|1628464|202330,-123.0,159.0,1610612759.0,21801100,True
2,PT07M50.00S,07:50,Q2 07:50,31.833333333333332,188,foul,Gay S.FOUL (P1.T3) (S.Foster),[],Gay,32,40,,False,False,200752.0,,2pt made,freethrow,1627759.0,,,1626179|1627751|1627759|1628400|1628401|1628464|200752|201158|201942|202330,1627751|1628401|200752|201158|201942,1626179|1627759|1628400|1628464|202330,,,1610612759.0,21801100,True
2,PT07M50.00S,07:50,Q2 07:50,31.833333333333332,190,freethrow,MISS Brown Free Throw 1 of 2,[],Brown,32,40,Missed,False,False,1627759.0,,foul,rebound,,,,1626179|1627751|1627759|1628400|1628401|1628464|200752|201158|201942|202330,1626179|1627759|1628400|1628464|202330,1627751|1628401|200752|201158|201942,,,1610612738.0,21801100,True
2,PT07M50.00S,07:50,Q2 07:50,31.833333333333332,191,rebound,TEAM offensive REBOUND,['team'],,32,40,,False,False,0.0,,freethrow,freethrow,,,,1626179|1627751|1627759|1628400|1628401|1628464|200752|201158|201942|202330,1626179|1627759|1628400|1628464|202330,1627751|1628401|200752|201158|201942,,,1610612738.0,21801100,True
2,PT07M50.00S,07:50,Q2 07:50,31.833333333333332,196,freethrow,Brown Free Throw 2 of 2 (3 PTS),[],Brown,33,40,Made,False,False,1627759.0,,rebound,substitution,,,,1626179|1627751|1627759|1628400|1628401|1628464|200752|201158|201942|202330,1626179|1627759|1628400|1628464|202330,1627751|1628401|200752|201158|201942,,,1610612738.0,21801100,True
2,PT07M50.00S,07:50,Q2 07:50,31.833333333333332,192,substitution,SUB out: S. Ojeleye,[],Ojeleye,32,40,,False,False,1628400.0,,freethrow,substitution,,,,1626179|1627751|1627759|1628401|1628464|200752|201158|201942|202330,1626179|1627759|1628464|202330,1627751|1628401|200752|201158|201942,,,1610612738.0,21801100,False
2,PT07M50.00S,07:50,Q2 07:50,31.833333333333332,193,substitution,SUB out: M. Belinelli,[],Belinelli,32,40,,False,False,201158.0,,substitution,substitution,,,,1626179|1627751|1627759|1628401|1628464|200752|201942|202330,1627751|1628401|200752|201942,1626179|1627759|1628464|202330,,,1610612759.0,21801100,False
2,PT07M50.00S,07:50,Q2 07:50,31.833333333333332,194,substitution,SUB in: M. Smart,[],Smart,32,40,,False,False,203935.0,,substitution,substitution,,,,1626179|1627751|1627759|1628401|1628464|200752|201942|202330|203935,1626179|1627759|1628464|202330|203935,1627751|1628401|200752|201942,,,1610612738.0,21801100,False
2,PT07M50.00S,07:50,Q2 07:50,31.833333333333332,195,substitution,SUB in: B. Forbes,[],Forbes,32,40,,False,False,1627854.0,,substitution,2pt made,,,,1626179|1627751|1627759|1627854|1628401|1628464|200752|201942|202330|203935,1627751|1627854|1628401|200752|201942,1626179|1627759|1628464|202330|203935,,,1610612759.0,21801100,True
2,PT07M39.00S,07:39,Q2 07:39,31.65,197,2pt,White 2' Cutting Finger Roll Layup Shot (4 PTS) (DeRozan 4 AST),['pointsinthepaint'],White,33,42,Made,True,True,1628401.0,201942.0,substitution,3pt missed,,,,1626179|1627751|1627759|1627854|1628401|1628464|200752|201942|202330|203935,1627751|1627854|1628401|200752|201942,1626179|1627759|1628464|202330|203935,5.0,16.0,1610612759.0,21801100,True
2,PT07M25.00S,07:25,Q2 07:25,31.416666666666668,199,3pt,MISS Theis 26' 3PT Jump Shot,[],Theis,33,42,Missed,True,False,1628464.0,,2pt made,rebound,,,,1626179|1627751|1627759|1627854|1628401|1628464|200752|201942|202330|203935,1626179|1627759|1628464|202330|203935,1627751|1627854|1628401|200752|201942,147.0,214.0,1610612738.0,21801100,True
2,PT07M23.00S,07:23,Q2 07:23,31.383333333333333,200,rebound,Gay REBOUND (Off:1 Def:3),[],Gay,33,42,,False,False,200752.0,,3pt missed,2pt made,,,,1626179|1627751|1627759|1627854|1628401|1628464|200752|201942|202330|203935,1627751|1627854|1628401|200752|201942,1626179|1627759|1628464|202330|203935,,,1610612759.0,21801100,True
2,PT07M14.00S,07:14,Q2 07:14,31.233333333333334,201,2pt,DeRozan 21' Jump Shot (4 PTS) (Gay 1 AST),[],DeRozan,33,44,Made,True,True,201942.0,200752.0,rebound,3pt missed,,,,1626179|1627751|1627759|1627854|1628401|1628464|200752|201942|202330|203935,1627751|1627854|1628401|200752|201942,1626179|1627759|1628464|202330|203935,-76.0,192.0,1610612759.0,21801100,True
2,PT07M00.00S,07:00,Q2 07:00,31.0,203,3pt,MISS Brown 25' 3PT Jump Shot,[],Brown,33,44,Missed,True,False,1627759.0,,2pt made,rebound,,,,1626179|1627751|1627759|1627854|1628401|1628464|200752|201942|202330|203935,1626179|1627759|1628464|202330|203935,1627751|1627854|1628401|200752|201942,210.0,136.0,1610612738.0,21801100,True
2,PT06M58.00S,06:58,Q2 06:58,30.96666666666667,204,rebound,Theis REBOUND (Off:1 Def:0),[],Theis,33,44,,False,False,1628464.0,,3pt missed,3pt made,,,,1626179|1627751|1627759|1627854|1628401|1628464|200752|201942|202330|203935,1626179|1627759|1628464|202330|203935,1627751|1627854|1628401|200752|201942,,,1610612738.0,21801100,True
2,PT06M53.00S,06:53,Q2 06:53,30.883333333333333,205,3pt,Theis 25' 3PT Jump Shot (3 PTS) (Hayward 2 AST),[],Theis,36,44,Made,True,True,1628464.0,202330.0,rebound,2pt made,,,,1626179|1627751|1627759|1627854|1628401|1628464|200752|201942|202330|203935,1626179|1627759|1628464|202330|203935,1627751|1627854|1628401|200752|201942,188.0,172.0,1610612738.0,21801100,True
2,PT06M25.00S,06:25,Q2 06:25,30.416666666666668,207,2pt,Gay 20' Turnaround Fadeaway (4 PTS),[],Gay,36,46,Made,True,False,200752.0,,3pt made,turnover,,,,1626179|1627751|1627759|1627854|1628401|1628464|200752|201942|202330|203935,1627751|1627854|1628401|200752|201942,1626179|1627759|1628464|202330|203935,-138.0,150.0,1610612759.0,21801100,True
2,PT06M08.00S,06:08,Q2 06:08,30.133333333333333,208,turnover,Theis Traveling Turnover (P1.T4),[],Theis,36,46,,False,False,1628464.0,,2pt made,substitution,,,,1626179|1627751|1627759|1627854|1628401|1628464|200752|201942|202330|203935,1626179|1627759|1628464|202330|203935,1627751|1627854|1628401|200752|201942,,,1610612738.0,21801100,True
2,PT06M08.00S,06:08,Q2 06:08,30.133333333333333,209,substitution,SUB out: G. Hayward,[],Hayward,36,46,,False,False,202330.0,,turnover,substitution,,,,1626179|1627751|1627759|1627854|1628401|1628464|200752|201942|203935,1626179|1627759|1628464|203935,1627751|1627854|1628401|200752|201942,,,1610612738.0,21801100,False
2,PT06M08.00S,06:08,Q2 06:08,30.133333333333333,210,substitution,SUB out: R. Gay,[],Gay,36,46,,False,False,200752.0,,substitution,substitution,,,,1626179|1627751|1627759|1627854|1628401|1628464|201942|203935,1627751|1627854|1628401|201942,1626179|1627759|1628464|203935,,,1610612759.0,21801100,False
2,PT06M08.00S,06:08,Q2 06:08,30.133333333333333,211,substitution,SUB out: J. Poeltl,[],Poeltl,36,46,,False,False,1627751.0,,substitution,substitution,,,,1626179|1627759|1627854|1628401|1628464|201942|203935,1627854|1628401|201942,1626179|1627759|1628464|203935,,,1610612759.0,21801100,False
2,PT06M08.00S,06:08,Q2 06:08,30.133333333333333,212,substitution,SUB in: M. Morris Sr.,[],Morris Sr.,36,46,,False,False,202694.0,,substitution,substitution,,,,1626179|1627759|1627854|1628401|1628464|201942|202694|203935,1626179|1627759|1628464|202694|203935,1627854|1628401|201942,,,1610612738.0,21801100,False
2,PT06M08.00S,06:08,Q2 06:08,30.133333333333333,213,substitution,SUB in: L. Aldridge,[],Aldridge,36,46,,False,False,200746.0,,substitution,substitution,,,,1626179|1627759|1627854|1628401|1628464|200746|201942|202694|203935,1627854|1628401|200746|201942,1626179|1627759|1628464|202694|203935,,,1610612759.0,21801100,False
2,PT06M08.00S,06:08,Q2 06:08,30.133333333333333,214,substitution,SUB in: D. Bertans,[],Bertans,36,46,,False,False,202722.0,,substitution,2pt made,,,,1626179|1627759|1627854|1628401|1628464|200746|201942|202694|202722|203935,1627854|1628401|200746|201942|202722,1626179|1627759|1628464|202694|203935,,,1610612759.0,21801100,True
2,PT05M57.00S,05:57,Q2 05:57,29.95,215,2pt,Aldridge 17' Jump Shot (21 PTS) (DeRozan 5 AST),[],Aldridge,36,48,Made,True,True,200746.0,201942.0,substitution,timeout,,,,1626179|1627759|1627854|1628401|1628464|200746|201942|202694|202722|203935,1627854|1628401|200746|201942|202722,1626179|1627759|1628464|202694|203935,-79.0,148.0,1610612759.0,21801100,True
2,PT05M49.00S,05:49,Q2 05:49,29.816666666666666,217,timeout,CELTICS Timeout: Regular (Full 2 Short 0),[],,36,48,,False,False,0.0,,2pt made,substitution,,,,1626179|1627759|1627854|1628401|1628464|200746|201942|202694|202722|203935,1626179|1627759|1628464|202694|203935,1627854|1628401|200746|201942|202722,,,1610612738.0,21801100,True
2,PT05M49.00S,05:49,Q2 05:49,29.816666666666666,218,substitution,SUB out: T. Rozier,[],Rozier,36,48,,False,False,1626179.0,,timeout,substitution,,,,1627759|1627854|1628401|1628464|200746|201942|202694|202722|203935,1627759|1628464|202694|203935,1627854|1628401|200746|201942|202722,,,1610612738.0,21801100,False
2,PT05M49.00S,05:49,Q2 05:49,29.816666666666666,219,substitution,SUB out: D. Theis,[],Theis,36,48,,False,False,1628464.0,,substitution,substitution,,,,1627759|1627854|1628401|200746|201942|202694|202722|203935,1627759|202694|203935,1627854|1628401|200746|201942|202722,,,1610612738.0,21801100,False
2,PT05M49.00S,05:49,Q2 05:49,29.816666666666666,220,substitution,SUB in: K. Irving,[],Irving,36,48,,False,False,202681.0,,substitution,substitution,,,,1627759|1627854|1628401|200746|201942|202681|202694|202722|203935,1627759|202681|202694|203935,1627854|1628401|200746|201942|202722,,,1610612738.0,21801100,False
2,PT05M49.00S,05:49,Q2 05:49,29.816666666666666,221,substitution,SUB in: A. Baynes,[],Baynes,36,48,,False,False,203382.0,,substitution,2pt missed,,,,1627759|1627854|1628401|200746|201942|202681|202694|202722|203382|203935,1627759|202681|202694|203382|203935,1627854|1628401|200746|201942|202722,,,1610612738.0,21801100,True
2,PT05M43.00S,05:43,Q2 05:43,29.71666666666667,222,2pt,MISS Irving 21' Jump Shot,[],Irving,36,48,Missed,True,False,202681.0,,substitution,rebound,,,,1627759|1627854|1628401|200746|201942|202681|202694|202722|203382|203935,1627759|202681|202694|203382|203935,1627854|1628401|200746|201942|202722,-54.0,202.0,1610612738.0,21801100,True
2,PT05M42.00S,05:42,Q2 05:42,29.7,223,rebound,Aldridge REBOUND (Off:1 Def:3),[],Aldridge,36,48,,False,False,200746.0,,2pt missed,3pt missed,,,,1627759|1627854|1628401|200746|201942|202681|202694|202722|203382|203935,1627854|1628401|200746|201942|202722,1627759|202681|202694|203382|203935,,,1610612759.0,21801100,True
2,PT05M29.00S,05:29,Q2 05:29,29.483333333333334,224,3pt,MISS Forbes 26' 3PT Jump Shot,[],Forbes,36,48,Missed,True,False,1627854.0,,rebound,rebound,,,,1627759|1627854|1628401|200746|201942|202681|202694|202722|203382|203935,1627854|1628401|200746|201942|202722,1627759|202681|202694|203382|203935,-214.0,148.0,1610612759.0,21801100,True
2,PT05M28.00S,05:28,Q2 05:28,29.46666666666667,225,rebound,Baynes REBOUND (Off:0 Def:3),[],Baynes,36,48,,False,False,203382.0,,3pt missed,3pt made,,,,1627759|1627854|1628401|200746|201942|202681|202694|202722|203382|203935,1627759|202681|202694|203382|203935,1627854|1628401|200746|201942|202722,,,1610612738.0,21801100,True
2,PT05M21.00S,05:21,Q2 05:21,29.35,226,3pt,Morris Sr. 26' 3PT Jump Shot (11 PTS) (Irving 3 AST),[],Morris Sr.,39,48,Made,True,True,202694.0,202681.0,rebound,2pt missed,,,,1627759|1627854|1628401|200746|201942|202681|202694|202722|203382|203935,1627759|202681|202694|203382|203935,1627854|1628401|200746|201942|202722,205.0,160.0,1610612738.0,21801100,True
2,PT05M07.00S,05:07,Q2 05:07,29.116666666666667,228,2pt,MISS DeRozan 16' Pullup Jump Shot,[],DeRozan,39,48,Missed,True,False,201942.0,,3pt made,rebound,,,,1627759|1627854|1628401|200746|201942|202681|202694|202722|203382|203935,1627854|1628401|200746|201942|202722,1627759|202681|202694|203382|203935,126.0,94.0,1610612759.0,21801100,True
2,PT05M05.00S,05:05,Q2 05:05,29.083333333333332,229,rebound,Irving REBOUND (Off:0 Def:2),[],Irving,39,48,,False,False,202681.0,,2pt missed,2pt missed,,,,1627759|1627854|1628401|200746|201942|202681|202694|202722|203382|203935,1627759|202681|202694|203382|203935,1627854|1628401|200746|201942|202722,,,1610612738.0,21801100,True
2,PT04M59.00S,04:59,Q2 04:59,28.983333333333334,230,2pt,MISS Irving 1' Driving Layup,['pointsinthepaint'],Irving,39,48,Missed,True,False,202681.0,,rebound,rebound,,,,1627759|1627854|1628401|200746|201942|202681|202694|202722|203382|203935,1627759|202681|202694|203382|203935,1627854|1628401|200746|201942|202722,-9.0,8.0,1610612738.0,21801100,True
2,PT04M57.00S,04:57,Q2 04:57,28.95,231,rebound,Aldridge REBOUND (Off:1 Def:4),[],Aldridge,39,48,,False,False,200746.0,,2pt missed,3pt missed,,,,1627759|1627854|1628401|200746|201942|202681|202694|202722|203382|203935,1627854|1628401|200746|201942|202722,1627759|202681|202694|203382|203935,,,1610612759.0,21801100,True
2,PT04M52.00S,04:52,Q2 04:52,28.866666666666667,232,3pt,MISS Forbes 26' 3PT Pullup Jump Shot,[],Forbes,39,48,Missed,True,False,1627854.0,,rebound,rebound,,,,1627759|1627854|1628401|200746|201942|202681|202694|202722|203382|203935,1627854|1628401|200746|201942|202722,1627759|202681|202694|203382|203935,122.0,231.0,1610612759.0,21801100,True
2,PT04M49.00S,04:49,Q2 04:49,28.816666666666666,233,rebound,Baynes REBOUND (Off:0 Def:4),[],Baynes,39,48,,False,False,203382.0,,3pt missed,foul,,,,1627759|1627854|1628401|200746|201942|202681|202694|202722|203382|203935,1627759|202681|202694|203382|203935,1627854|1628401|200746|201942|202722,,,1610612738.0,21801100,True
2,PT04M42.00S,04:42,Q2 04:42,28.7,234,foul,Forbes S.FOUL (P1.T4) (D.Richardson),[],Forbes,39,48,,False,False,1627854.0,,rebound,freethrow,203935.0,,,1627759|1627854|1628401|200746|201942|202681|202694|202722|203382|203935,1627854|1628401|200746|201942|202722,1627759|202681|202694|203382|203935,,,1610612759.0,21801100,True
2,PT04M42.00S,04:42,Q2 04:42,28.7,236,freethrow,MISS Smart Free Throw 1 of 2,[],Smart,39,48,Missed,False,False,203935.0,,foul,rebound,,,,1627759|1627854|1628401|200746|201942|202681|202694|202722|203382|203935,1627759|202681|202694|203382|203935,1627854|1628401|200746|201942|202722,,,1610612738.0,21801100,True
2,PT04M42.00S,04:42,Q2 04:42,28.7,237,rebound,TEAM offensive REBOUND,['team'],,39,48,,False,False,0.0,,freethrow,freethrow,,,,1627759|1627854|1628401|200746|201942|202681|202694|202722|203382|203935,1627759|202681|202694|203382|203935,1627854|1628401|200746|201942|202722,,,1610612738.0,21801100,True
2,PT04M42.00S,04:42,Q2 04:42,28.7,238,freethrow,Smart Free Throw 2 of 2 (5 PTS),['2ndchance'],Smart,40,48,Made,False,False,203935.0,,rebound,2pt made,,,,1627759|1627854|1628401|200746|201942|202681|202694|202722|203382|203935,1627759|202681|202694|203382|203935,1627854|1628401|200746|201942|202722,,,1610612738.0,21801100,True
2,PT04M33.00S,04:33,Q2 04:33,28.55,239,2pt,Aldridge 1' Alley Oop Layup (23 PTS) (White 2 AST),['pointsinthepaint'],Aldridge,40,50,Made,True,True,200746.0,1628401.0,freethrow,turnover,,,,1627759|1627854|1628401|200746|201942|202681|202694|202722|203382|203935,1627854|1628401|200746|201942|202722,1627759|202681|202694|203382|203935,6.0,5.0,1610612759.0,21801100,True
2,PT04M22.00S,04:22,Q2 04:22,28.366666666666667,241,turnover,Irving Out of Bounds Lost Ball Turnover (P1.T5),[],Irving,40,50,,False,False,202681.0,,2pt made,foul,,,,1627759|1627854|1628401|200746|201942|202681|202694|202722|203382|203935,1627759|202681|202694|203382|203935,1627854|1628401|200746|201942|202722,,,1610612738.0,21801100,True
2,PT04M08.00S,04:08,Q2 04:08,28.133333333333333,242,foul,Baynes S.FOUL (P2.T2) (S.Foster),[],Baynes,40,50,,False,False,203382.0,,turnover,freethrow,200746.0,,,1627759|1627854|1628401|200746|201942|202681|202694|202722|203382|203935,1627759|202681|202694|203382|203935,1627854|1628401|200746|201942|202722,,,1610612738.0,21801100,True
2,PT04M08.00S,04:08,Q2 04:08,28.133333333333333,244,freethrow,Aldridge Free Throw 1 of 2 (24 PTS),[],Aldridge,40,51,Made,False,False,200746.0,,foul,freethrow,,,,1627759|1627854|1628401|200746|201942|202681|202694|202722|203382|203935,1627854|1628401|200746|201942|202722,1627759|202681|202694|203382|203935,,,1610612759.0,21801100,True
2,PT04M08.00S,04:08,Q2 04:08,28.133333333333333,249,freethrow,Aldridge Free Throw 2 of 2 (25 PTS),[],Aldridge,40,52,Made,False,False,200746.0,,freethrow,substitution,,,,1627759|1627854|1628401|200746|201942|202681|202694|202722|203382|203935,1627854|1628401|200746|201942|202722,1627759|202681|202694|203382|203935,,,1610612759.0,21801100,True
2,PT04M08.00S,04:08,Q2 04:08,28.133333333333333,245,substitution,SUB out: J. Brown,[],Brown,40,51,,False,False,1627759.0,,freethrow,substitution,,,,1627854|1628401|200746|201942|202681|202694|202722|203382|203935,202681|202694|203382|203935,1627854|1628401|200746|201942|202722,,,1610612738.0,21801100,False
2,PT04M08.00S,04:08,Q2 04:08,28.133333333333333,246,substitution,SUB out: B. Forbes,[],Forbes,40,51,,False,False,1627854.0,,substitution,substitution,,,,1628401|200746|201942|202681|202694|202722|203382|203935,1628401|200746|201942|202722,202681|202694|203382|203935,,,1610612759.0,21801100,False
2,PT04M08.00S,04:08,Q2 04:08,28.133333333333333,247,substitution,SUB in: G. Hayward,[],Hayward,40,51,,False,False,202330.0,,substitution,substitution,,,,1628401|200746|201942|202330|202681|202694|202722|203382|203935,202330|202681|202694|203382|203935,1628401|200746|201942|202722,,,1610612738.0,21801100,False
2,PT04M08.00S,04:08,Q2 04:08,28.133333333333333,248,substitution,SUB in: M. Belinelli,[],Belinelli,40,51,,False,False,201158.0,,substitution,2pt missed,,,,1628401|200746|201158|201942|202330|202681|202694|202722|203382|203935,1628401|200746|201158|201942|202722,202330|202681|202694|203382|203935,,,1610612759.0,21801100,True
2,PT03M49.00S,03:49,Q2 03:49,27.816666666666666,250,2pt,MISS Morris Sr. 1' Layup,['pointsinthepaint'],Morris Sr.,40,52,Missed,True,False,202694.0,,substitution,rebound,,,,1628401|200746|201158|201942|202330|202681|202694|202722|203382|203935,202330|202681|202694|203382|203935,1628401|200746|201158|201942|202722,-14.0,4.0,1610612738.0,21801100,True
2,PT03M45.00S,03:45,Q2 03:45,27.75,251,rebound,Belinelli REBOUND (Off:1 Def:1),[],Belinelli,40,52,,False,False,201158.0,,2pt missed,foul,,,,1628401|200746|201158|201942|202330|202681|202694|202722|203382|203935,1628401|200746|201158|201942|202722,202330|202681|202694|203382|203935,,,1610612759.0,21801100,True
2,PT03M32.00S,03:32,Q2 03:32,27.53333333333333,252,foul,Bertans OFF.Foul (P1) (S.Foster),['inpenalty'],Bertans,40,52,,False,False,202722.0,,rebound,turnover,202681.0,,,1628401|200746|201158|201942|202330|202681|202694|202722|203382|203935,1628401|200746|201158|201942|202722,202330|202681|202694|203382|203935,,,1610612759.0,21801100,True
2,PT03M32.00S,03:32,Q2 03:32,27.53333333333333,254,turnover,Bertans Offensive Foul Turnover (P1.T3),[],Bertans,40,52,,False,False,202722.0,,foul,2pt made,,,,1628401|200746|201158|201942|202330|202681|202694|202722|203382|203935,1628401|200746|201158|201942|202722,202330|202681|202694|203382|203935,,,1610612759.0,21801100,True
2,PT03M19.00S,03:19,Q2 03:19,27.316666666666666,255,2pt,Irving 18' Jump Shot (6 PTS),[],Irving,42,52,Made,True,False,202681.0,,turnover,timeout,,,,1628401|200746|201158|201942|202330|202681|202694|202722|203382|203935,202330|202681|202694|203382|203935,1628401|200746|201158|201942|202722,93.0,153.0,1610612738.0,21801100,True
2,PT03M17.00S,03:17,Q2 03:17,27.28333333333333,256,timeout,Spurs Timeout: Regular (Reg.3 Short 0),[],,42,52,,False,False,0.0,,2pt made,substitution,,,,1628401|200746|201158|201942|202330|202681|202694|202722|203382|203935,1628401|200746|201158|201942|202722,202330|202681|202694|203382|203935,,,1610612759.0,21801100,True
2,PT03M17.00S,03:17,Q2 03:17,27.28333333333333,257,substitution,SUB out: A. Baynes,[],Baynes,42,52,,False,False,203382.0,,timeout,substitution,,,,1628401|200746|201158|201942|202330|202681|202694|202722|203935,202330|202681|202694|203935,1628401|200746|201158|201942|202722,,,1610612738.0,21801100,False
2,PT03M17.00S,03:17,Q2 03:17,27.28333333333333,258,substitution,SUB out: D. Bertans,[],Bertans,42,52,,False,False,202722.0,,substitution,substitution,,,,1628401|200746|201158|201942|202330|202681|202694|203935,1628401|200746|201158|201942,202330|202681|202694|203935,,,1610612759.0,21801100,False
2,PT03M17.00S,03:17,Q2 03:17,27.28333333333333,259,substitution,SUB in: D. Theis,[],Theis,42,52,,False,False,1628464.0,,substitution,substitution,,,,1628401|1628464|200746|201158|201942|202330|202681|202694|203935,1628464|202330|202681|202694|203935,1628401|200746|201158|201942,,,1610612738.0,21801100,False
2,PT03M17.00S,03:17,Q2 03:17,27.28333333333333,260,substitution,SUB in: R. Gay,[],Gay,42,52,,False,False,200752.0,,substitution,2pt missed,,,,1628401|1628464|200746|200752|201158|201942|202330|202681|202694|203935,1628401|200746|200752|201158|201942,1628464|202330|202681|202694|203935,,,1610612759.0,21801100,True
2,PT03M09.00S,03:09,Q2 03:09,27.15,261,2pt,MISS DeRozan 20' Pullup Jump Shot,[],DeRozan,42,52,Missed,True,False,201942.0,,substitution,rebound,,,,1628401|1628464|200746|200752|201158|201942|202330|202681|202694|203935,1628401|200746|200752|201158|201942,1628464|202330|202681|202694|203935,18.0,197.0,1610612759.0,21801100,True
2,PT03M07.00S,03:07,Q2 03:07,27.116666666666667,262,rebound,Smart REBOUND (Off:1 Def:1),[],Smart,42,52,,False,False,203935.0,,2pt missed,3pt missed,,,,1628401|1628464|200746|200752|201158|201942|202330|202681|202694|203935,1628464|202330|202681|202694|203935,1628401|200746|200752|201158|201942,,,1610612738.0,21801100,True
2,PT03M01.00S,03:01,Q2 03:01,27.016666666666666,263,3pt,MISS Smart 26' 3PT Jump Shot,[],Smart,42,52,Missed,True,False,203935.0,,rebound,rebound,,,,1628401|1628464|200746|200752|201158|201942|202330|202681|202694|203935,1628464|202330|202681|202694|203935,1628401|200746|200752|201158|201942,152.0,206.0,1610612738.0,21801100,True
2,PT02M59.00S,02:59,Q2 02:59,26.983333333333334,264,rebound,Aldridge REBOUND (Off:1 Def:5),[],Aldridge,42,52,,False,False,200746.0,,3pt missed,3pt missed,,,,1628401|1628464|200746|200752|201158|201942|202330|202681|202694|203935,1628401|200746|200752|201158|201942,1628464|202330|202681|202694|203935,,,1610612759.0,21801100,True
2,PT02M52.00S,02:52,Q2 02:52,26.866666666666667,265,3pt,MISS Belinelli 26' 3PT Fadeaway Jumper,[],Belinelli,42,52,Missed,True,False,201158.0,,rebound,rebound,,,,1628401|1628464|200746|200752|201158|201942|202330|202681|202694|203935,1628401|200746|200752|201158|201942,1628464|202330|202681|202694|203935,131.0,220.0,1610612759.0,21801100,True
2,PT02M50.00S,02:50,Q2 02:50,26.833333333333332,266,rebound,TEAM defensive REBOUND,['team'],,42,52,,False,False,0.0,,3pt missed,2pt missed,,,,1628401|1628464|200746|200752|201158|201942|202330|202681|202694|203935,1628464|202330|202681|202694|203935,1628401|200746|200752|201158|201942,,,1610612738.0,21801100,True
2,PT02M36.00S,02:36,Q2 02:36,26.6,268,2pt,MISS Theis 18' Jump Shot,[],Theis,42,52,Missed,True,False,1628464.0,,rebound,rebound,,,,1628401|1628464|200746|200752|201158|201942|202330|202681|202694|203935,1628464|202330|202681|202694|203935,1628401|200746|200752|201158|201942,19.0,175.0,1610612738.0,21801100,True
2,PT02M35.00S,02:35,Q2 02:35,26.583333333333332,269,rebound,Theis REBOUND (Off:2 Def:0),[],Theis,42,52,,False,False,1628464.0,,2pt missed,3pt missed,,,,1628401|1628464|200746|200752|201158|201942|202330|202681|202694|203935,1628464|202330|202681|202694|203935,1628401|200746|200752|201158|201942,,,1610612738.0,21801100,True
2,PT02M32.00S,02:32,Q2 02:32,26.53333333333333,270,3pt,MISS Hayward 25' 3PT Jump Shot,[],Hayward,42,52,Missed,True,False,202330.0,,rebound,rebound,,,,1628401|1628464|200746|200752|201158|201942|202330|202681|202694|203935,1628464|202330|202681|202694|203935,1628401|200746|200752|201158|201942,217.0,121.0,1610612738.0,21801100,True
2,PT02M31.00S,02:31,Q2 02:31,26.516666666666666,271,rebound,Aldridge REBOUND (Off:1 Def:6),[],Aldridge,42,52,,False,False,200746.0,,3pt missed,2pt made,,,,1628401|1628464|200746|200752|201158|201942|202330|202681|202694|203935,1628401|200746|200752|201158|201942,1628464|202330|202681|202694|203935,,,1610612759.0,21801100,True
2,PT02M18.00S,02:18,Q2 02:18,26.3,272,2pt,DeRozan 8' Turnaround Fadeaway Bank Jump Shot (6 PTS),[],DeRozan,42,54,Made,True,False,201942.0,,rebound,2pt missed,,,,1628401|1628464|200746|200752|201158|201942|202330|202681|202694|203935,1628401|200746|200752|201158|201942,1628464|202330|202681|202694|203935,-81.0,11.0,1610612759.0,21801100,True
2,PT02M07.00S,02:07,Q2 02:07,26.116666666666667,273,2pt,MISS Hayward 10' Jump Shot,['pointsinthepaint'],Hayward,42,54,Missed,True,False,202330.0,,2pt made,block,,,,1628401|1628464|200746|200752|201158|201942|202330|202681|202694|203935,1628464|202330|202681|202694|203935,1628401|200746|200752|201158|201942,-77.0,63.0,1610612738.0,21801100,True
2,PT02M07.00S,02:07,Q2 02:07,26.116666666666667,273,block,DeRozan BLOCK (2 BLK),[],DeRozan,42,54,,False,False,201942.0,,2pt missed,rebound,,,201942.0,1628401|1628464|200746|200752|201158|201942|202330|202681|202694|203935,1628401|200746|200752|201158|201942,1628464|202330|202681|202694|203935,,,1610612759.0,21801100,True
2,PT02M04.00S,02:04,Q2 02:04,26.066666666666666,275,rebound,Aldridge REBOUND (Off:1 Def:7),[],Aldridge,42,54,,False,False,200746.0,,block,turnover,,,,1628401|1628464|200746|200752|201158|201942|202330|202681|202694|203935,1628401|200746|200752|201158|201942,1628464|202330|202681|202694|203935,,,1610612759.0,21801100,True
2,PT02M03.00S,02:03,Q2 02:03,26.05,276,turnover,Aldridge Bad Pass Turnover (P1.T4),[],Aldridge,42,54,,False,False,200746.0,,rebound,steal,,,,1628401|1628464|200746|200752|201158|201942|202330|202681|202694|203935,1628401|200746|200752|201158|201942,1628464|202330|202681|202694|203935,,,1610612759.0,21801100,True
2,PT02M03.00S,02:03,Q2 02:03,26.05,276,steal,Irving STEAL (1 STL),[],Irving,42,54,,False,False,202681.0,,turnover,3pt missed,,202681.0,,1628401|1628464|200746|200752|201158|201942|202330|202681|202694|203935,1628464|202330|202681|202694|203935,1628401|200746|200752|201158|201942,,,1610612738.0,21801100,True
2,PT01M55.00S,01:55,Q2 01:55,25.916666666666668,278,3pt,MISS Smart 26' 3PT Step Back Jump Shot,[],Smart,42,54,Missed,True,False,203935.0,,steal,rebound,,,,1628401|1628464|200746|200752|201158|201942|202330|202681|202694|203935,1628464|202330|202681|202694|203935,1628401|200746|200752|201158|201942,-208.0,149.0,1610612738.0,21801100,True
2,PT01M53.00S,01:53,Q2 01:53,25.883333333333333,279,rebound,TEAM defensive REBOUND,['team'],,42,54,,False,False,0.0,,3pt missed,foul,,,,1628401|1628464|200746|200752|201158|201942|202330|202681|202694|203935,1628401|200746|200752|201158|201942,1628464|202330|202681|202694|203935,,,1610612759.0,21801100,True
2,PT01M52.00S,01:52,Q2 01:52,25.866666666666667,280,foul,Irving L.B.FOUL (P1.T3) (D.Richardson),[],Irving,42,54,,False,False,202681.0,,rebound,3pt missed,201158.0,,,1628401|1628464|200746|200752|201158|201942|202330|202681|202694|203935,1628464|202330|202681|202694|203935,1628401|200746|200752|201158|201942,,,1610612738.0,21801100,True
2,PT01M34.00S,01:34,Q2 01:34,25.566666666666666,282,3pt,MISS Belinelli 27' 3PT Jump Shot,[],Belinelli,42,54,Missed,True,False,201158.0,,foul,rebound,,,,1628401|1628464|200746|200752|201158|201942|202330|202681|202694|203935,1628401|200746|200752|201158|201942,1628464|202330|202681|202694|203935,149.0,221.0,1610612759.0,21801100,True
2,PT01M31.00S,01:31,Q2 01:31,25.516666666666666,283,rebound,Theis REBOUND (Off:2 Def:1),[],Theis,42,54,,False,False,1628464.0,,3pt missed,2pt made,,,,1628401|1628464|200746|200752|201158|201942|202330|202681|202694|203935,1628464|202330|202681|202694|203935,1628401|200746|200752|201158|201942,,,1610612738.0,21801100,True
2,PT01M25.00S,01:25,Q2 01:25,25.416666666666668,284,2pt,Smart 1' Cutting Layup Shot (7 PTS) (Irving 4 AST),['pointsinthepaint'],Smart,44,54,Made,True,True,203935.0,202681.0,rebound,2pt missed,,,,1628401|1628464|200746|200752|201158|201942|202330|202681|202694|203935,1628464|202330|202681|202694|203935,1628401|200746|200752|201158|201942,11.0,0.0,1610612738.0,21801100,True
2,PT01M03.00S,01:03,Q2 01:03,25.05,286,2pt,MISS White 4' Driving Layup,['pointsinthepaint'],White,44,54,Missed,True,False,1628401.0,,2pt made,block,,,,1628401|1628464|200746|200752|201158|201942|202330|202681|202694|203935,1628401|200746|200752|201158|201942,1628464|202330|202681|202694|203935,-30.0,19.0,1610612759.0,21801100,True
2,PT01M03.00S,01:03,Q2 01:03,25.05,286,block,Theis BLOCK (1 BLK),[],Theis,44,54,,False,False,1628464.0,,2pt missed,rebound,,,1628464.0,1628401|1628464|200746|200752|201158|201942|202330|202681|202694|203935,1628464|202330|202681|202694|203935,1628401|200746|200752|201158|201942,,,1610612738.0,21801100,True
2,PT01M01.00S,01:01,Q2 01:01,25.016666666666666,288,rebound,Theis REBOUND (Off:2 Def:2),[],Theis,44,54,,False,False,1628464.0,,block,2pt made,,,,1628401|1628464|200746|200752|201158|201942|202330|202681|202694|203935,1628464|202330|202681|202694|203935,1628401|200746|200752|201158|201942,,,1610612738.0,21801100,True
2,PT00M59.70S,00:59,Q2 00:59,24.995,289,2pt,Hayward 1' Running Layup (12 PTS) (Irving 5 AST),['pointsinthepaint'],Hayward,46,54,Made,True,True,202330.0,202681.0,rebound,foul,,,,1628401|1628464|200746|200752|201158|201942|202330|202681|202694|203935,1628464|202330|202681|202694|203935,1628401|200746|200752|201158|201942,-3.0,6.0,1610612738.0,21801100,True
2,PT00M59.70S,00:59,Q2 00:59,24.995,291,foul,Aldridge S.FOUL (P2.PN) (T.Maddox),['inpenalty'],Aldridge,46,54,,False,False,200746.0,,2pt made,freethrow,202330.0,,,1628401|1628464|200746|200752|201158|201942|202330|202681|202694|203935,1628401|200746|200752|201158|201942,1628464|202330|202681|202694|203935,,,1610612759.0,21801100,True
2,PT00M59.70S,00:59,Q2 00:59,24.995,293,freethrow,Hayward Free Throw 1 of 1 (13 PTS),[],Hayward,47,54,Made,False,False,202330.0,,foul,2pt missed,,,,1628401|1628464|200746|200752|201158|201942|202330|202681|202694|203935,1628464|202330|202681|202694|203935,1628401|200746|200752|201158|201942,,,1610612738.0,21801100,True
2,PT00M43.60S,00:43,Q2 00:43,24.726666666666667,294,2pt,MISS DeRozan 20' Step Back Jump Shot,[],DeRozan,47,54,Missed,True,False,201942.0,,freethrow,rebound,,,,1628401|1628464|200746|200752|201158|201942|202330|202681|202694|203935,1628401|200746|200752|201158|201942,1628464|202330|202681|202694|203935,203.0,22.0,1610612759.0,21801100,True
2,PT00M41.90S,00:41,Q2 00:41,24.698333333333334,295,rebound,Hayward REBOUND (Off:2 Def:4),[],Hayward,47,54,,False,False,202330.0,,2pt missed,3pt missed,,,,1628401|1628464|200746|200752|201158|201942|202330|202681|202694|203935,1628464|202330|202681|202694|203935,1628401|200746|200752|201158|201942,,,1610612738.0,21801100,True
2,PT00M30.00S,00:30,Q2 00:30,24.5,296,3pt,MISS Morris Sr. 25' 3PT Jump Shot,[],Morris Sr.,47,54,Missed,True,False,202694.0,,rebound,rebound,,,,1628401|1628464|200746|200752|201158|201942|202330|202681|202694|203935,1628464|202330|202681|202694|203935,1628401|200746|200752|201158|201942,217.0,130.0,1610612738.0,21801100,True
2,PT00M28.70S,00:28,Q2 00:28,24.47833333333333,297,rebound,TEAM defensive REBOUND,['team'],,47,54,,False,False,0.0,,3pt missed,2pt missed,,,,1628401|1628464|200746|200752|201158|201942|202330|202681|202694|203935,1628401|200746|200752|201158|201942,1628464|202330|202681|202694|203935,,,1610612759.0,21801100,True
2,PT00M03.80S,00:03,Q2 00:03,24.063333333333333,299,2pt,MISS DeRozan 14' Jump Shot,[],DeRozan,47,54,Missed,True,False,201942.0,,rebound,block,,,,1628401|1628464|200746|200752|201158|201942|202330|202681|202694|203935,1628401|200746|200752|201158|201942,1628464|202330|202681|202694|203935,-136.0,26.0,1610612759.0,21801100,True
2,PT00M03.80S,00:03,Q2 00:03,24.063333333333333,299,block,Irving BLOCK (1 BLK),[],Irving,47,54,,False,False,202681.0,,2pt missed,rebound,,,202681.0,1628401|1628464|200746|200752|201158|201942|202330|202681|202694|203935,1628464|202330|202681|202694|203935,1628401|200746|200752|201158|201942,,,1610612738.0,21801100,True
2,PT00M01.10S,00:01,Q2 00:01,24.018333333333334,301,rebound,Morris Sr. REBOUND (Off:0 Def:4),[],Morris Sr.,47,54,,False,False,202694.0,,block,3pt missed,,,,1628401|1628464|200746|200752|201158|201942|202330|202681|202694|203935,1628464|202330|202681|202694|203935,1628401|200746|200752|201158|201942,,,1610612738.0,21801100,True
2,PT00M00.40S,00:00,Q2 00:00,24.006666666666668,302,3pt,MISS Morris Sr. 24' 3PT Jump Shot,[],Morris Sr.,47,54,Missed,True,False,202694.0,,rebound,rebound,,,,1628401|1628464|200746|200752|201158|201942|202330|202681|202694|203935,1628464|202330|202681|202694|203935,1628401|200746|200752|201158|201942,117.0,215.0,1610612738.0,21801100,True
2,PT00M00.10S,00:00,Q2 00:00,24.001666666666665,303,rebound,TEAM offensive REBOUND,['team'],,47,54,,False,False,0.0,,3pt missed,period,,,,1628401|1628464|200746|200752|201158|201942|202330|202681|202694|203935,1628464|202330|202681|202694|203935,1628401|200746|200752|201158|201942,,,1610612738.0,21801100,True
2,PT00M00.00S,00:00,Q2 00:00,24.0,304,period,End of 2nd Period (8:32 PM EST),[],,47,54,,False,False,0.0,,rebound,period,,,,1628401|1628464|200746|200752|201158|201942|202330|202681|202694|203935,1628464|202330|202681|202694|203935,1628401|200746|200752|201158|201942,,,1610612738.0,21801100,True
3,PT12M00.00S,12:00,Q3 12:00,24.0,311,period,Start of 3rd Period (8:48 PM EST),[],,47,54,,False,False,0.0,,period,substitution,,,,1628401|1628464|200746|200752|201158|201942|202330|202681|202694|203935,1628464|202330|202681|202694|203935,1628401|200746|200752|201158|201942,,,1610612738.0,21801100,True
3,PT11M50.00S,11:50,Q3 11:50,23.833333333333336,312,3pt,MISS Morris Sr. 25' 3PT Jump Shot,[],Morris Sr.,47,54,Missed,True,False,202694.0,,substitution,rebound,,,,1627751|1627854|1628401|200746|201942|202330|202681|202694|203382|203935,202330|202681|202694|203382|203935,1627751|1627854|1628401|200746|201942,-130.0,219.0,1610612738.0,21801100,True
3,PT11M48.00S,11:48,Q3 11:48,23.8,313,rebound,Poeltl REBOUND (Off:4 Def:4),[],Poeltl,47,54,,False,False,1627751.0,,3pt missed,2pt missed,,,,1627751|1627854|1628401|200746|201942|202330|202681|202694|203382|203935,1627751|1627854|1628401|200746|201942,202330|202681|202694|203382|203935,,,1610612759.0,21801100,True
3,PT11M27.00S,11:27,Q3 11:27,23.45,314,2pt,MISS DeRozan 16' Fadeaway Jumper,[],DeRozan,47,54,Missed,True,False,201942.0,,rebound,rebound,,,,1627751|1627854|1628401|200746|201942|202330|202681|202694|203382|203935,1627751|1627854|1628401|200746|201942,202330|202681|202694|203382|203935,155.0,32.0,1610612759.0,21801100,True
3,PT11M21.00S,11:21,Q3 11:21,23.35,315,rebound,Hayward REBOUND (Off:2 Def:5),[],Hayward,47,54,,False,False,202330.0,,2pt missed,foul,,,,1627751|1627854|1628401|200746|201942|202330|202681|202694|203382|203935,202330|202681|202694|203382|203935,1627751|1627854|1628401|200746|201942,,,1610612738.0,21801100,True
3,PT11M17.00S,11:17,Q3 11:17,23.28333333333333,316,foul,Smart OFF.Foul (P1) (D.Richardson),[],Smart,47,54,,False,False,203935.0,,rebound,turnover,200746.0,,,1627751|1627854|1628401|200746|201942|202330|202681|202694|203382|203935,202330|202681|202694|203382|203935,1627751|1627854|1628401|200746|201942,,,1610612738.0,21801100,True
3,PT11M17.00S,11:17,Q3 11:17,23.28333333333333,318,turnover,Smart Offensive Foul Turnover (P1.T6),[],Smart,47,54,,False,False,203935.0,,foul,2pt made,,,,1627751|1627854|1628401|200746|201942|202330|202681|202694|203382|203935,202330|202681|202694|203382|203935,1627751|1627854|1628401|200746|201942,,,1610612738.0,21801100,True
3,PT11M06.00S,11:06,Q3 11:06,23.1,319,2pt,Aldridge 13' Turnaround Fadeaway (27 PTS),[],Aldridge,47,56,Made,True,False,200746.0,,turnover,3pt missed,,,,1627751|1627854|1628401|200746|201942|202330|202681|202694|203382|203935,1627751|1627854|1628401|200746|201942,202330|202681|202694|203382|203935,-125.0,28.0,1610612759.0,21801100,True
3,PT10M56.00S,10:56,Q3 10:56,22.933333333333334,320,3pt,MISS Irving 26' 3PT Running Pull-Up Jump Shot,[],Irving,47,56,Missed,True,False,202681.0,,2pt made,rebound,,,,1627751|1627854|1628401|200746|201942|202330|202681|202694|203382|203935,202330|202681|202694|203382|203935,1627751|1627854|1628401|200746|201942,181.0,187.0,1610612738.0,21801100,True
3,PT10M53.00S,10:53,Q3 10:53,22.883333333333333,321,rebound,TEAM offensive REBOUND,['team'],,47,56,,False,False,0.0,,3pt missed,2pt missed,,,,1627751|1627854|1628401|200746|201942|202330|202681|202694|203382|203935,202330|202681|202694|203382|203935,1627751|1627854|1628401|200746|201942,,,1610612738.0,21801100,True
3,PT10M42.00S,10:42,Q3 10:42,22.7,323,2pt,MISS Irving 19' Step Back Jump Shot,['2ndchance'],Irving,47,56,Missed,True,False,202681.0,,rebound,rebound,,,,1627751|1627854|1628401|200746|201942|202330|202681|202694|203382|203935,202330|202681|202694|203382|203935,1627751|1627854|1628401|200746|201942,-136.0,126.0,1610612738.0,21801100,True
3,PT10M39.00S,10:39,Q3 10:39,22.65,324,rebound,Smart REBOUND (Off:2 Def:1),[],Smart,47,56,,False,False,203935.0,,2pt missed,3pt missed,,,,1627751|1627854|1628401|200746|201942|202330|202681|202694|203382|203935,202330|202681|202694|203382|203935,1627751|1627854|1628401|200746|201942,,,1610612738.0,21801100,True
3,PT10M36.00S,10:36,Q3 10:36,22.6,325,3pt,MISS Morris Sr. 3PT Jump Shot,[],Morris Sr.,47,56,Missed,True,False,202694.0,,rebound,rebound,,,,1627751|1627854|1628401|200746|201942|202330|202681|202694|203382|203935,202330|202681|202694|203382|203935,1627751|1627854|1628401|200746|201942,-228.0,-4.0,1610612738.0,21801100,True
3,PT10M33.00S,10:33,Q3 10:33,22.55,326,rebound,Poeltl REBOUND (Off:4 Def:5),[],Poeltl,47,56,,False,False,1627751.0,,3pt missed,2pt missed,,,,1627751|1627854|1628401|200746|201942|202330|202681|202694|203382|203935,1627751|1627854|1628401|200746|201942,202330|202681|202694|203382|203935,,,1610612759.0,21801100,True
3,PT10M23.00S,10:23,Q3 10:23,22.383333333333333,327,2pt,MISS Aldridge 20' Jump Shot,[],Aldridge,47,56,Missed,True,False,200746.0,,rebound,rebound,,,,1627751|1627854|1628401|200746|201942|202330|202681|202694|203382|203935,1627751|1627854|1628401|200746|201942,202330|202681|202694|203382|203935,-54.0,191.0,1610612759.0,21801100,True
3,PT10M21.00S,10:21,Q3 10:21,22.35,328,rebound,Morris Sr. REBOUND (Off:0 Def:5),[],Morris Sr.,47,56,,False,False,202694.0,,2pt missed,2pt missed,,,,1627751|1627854|1628401|200746|201942|202330|202681|202694|203382|203935,202330|202681|202694|203382|203935,1627751|1627854|1628401|200746|201942,,,1610612738.0,21801100,True
3,PT10M12.00S,10:12,Q3 10:12,22.2,329,2pt,MISS Smart 2' Driving Layup,['pointsinthepaint'],Smart,47,56,Missed,True,False,203935.0,,rebound,rebound,,,,1627751|1627854|1628401|200746|201942|202330|202681|202694|203382|203935,202330|202681|202694|203382|203935,1627751|1627854|1628401|200746|201942,12.0,20.0,1610612738.0,21801100,True
3,PT10M11.00S,10:11,Q3 10:11,22.183333333333334,330,rebound,Poeltl REBOUND (Off:4 Def:6),[],Poeltl,47,56,,False,False,1627751.0,,2pt missed,foul,,,,1627751|1627854|1628401|200746|201942|202330|202681|202694|203382|203935,1627751|1627854|1628401|200746|201942,202330|202681|202694|203382|203935,,,1610612759.0,21801100,True
3,PT09M59.00S,09:59,Q3 09:59,21.983333333333334,331,foul,Forbes Offensive Charge Foul (P2.T1) (T.Maddox),[],Forbes,47,56,,False,False,1627854.0,,rebound,turnover,202330.0,,,1627751|1627854|1628401|200746|201942|202330|202681|202694|203382|203935,1627751|1627854|1628401|200746|201942,202330|202681|202694|203382|203935,,,1610612759.0,21801100,True
3,PT09M59.00S,09:59,Q3 09:59,21.983333333333334,333,turnover,Forbes Offensive Foul Turnover (P1.T5),[],Forbes,47,56,,False,False,1627854.0,,foul,2pt missed,,,,1627751|1627854|1628401|200746|201942|202330|202681|202694|203382|203935,1627751|1627854|1628401|200746|201942,202330|202681|202694|203382|203935,,,1610612759.0,21801100,True
3,PT09M48.00S,09:48,Q3 09:48,21.8,334,2pt,MISS Hayward 18' Pullup Jump Shot,[],Hayward,47,56,Missed,True,False,202330.0,,turnover,rebound,,,,1627751|1627854|1628401|200746|201942|202330|202681|202694|203382|203935,202330|202681|202694|203382|203935,1627751|1627854|1628401|200746|201942,1.0,184.0,1610612738.0,21801100,True
3,PT09M46.00S,09:46,Q3 09:46,21.766666666666666,335,rebound,Aldridge REBOUND (Off:1 Def:8),[],Aldridge,47,56,,False,False,200746.0,,2pt missed,2pt made,,,,1627751|1627854|1628401|200746|201942|202330|202681|202694|203382|203935,1627751|1627854|1628401|200746|201942,202330|202681|202694|203382|203935,,,1610612759.0,21801100,True
3,PT09M41.00S,09:41,Q3 09:41,21.683333333333334,337,2pt,DeRozan 16' Jump Shot (8 PTS) (White 3 AST),[],DeRozan,47,58,Made,True,True,201942.0,1628401.0,rebound,2pt made,,,,1627751|1627854|1628401|200746|201942|202330|202681|202694|203382|203935,1627751|1627854|1628401|200746|201942,202330|202681|202694|203382|203935,162.0,28.0,1610612759.0,21801100,True
3,PT09M25.00S,09:25,Q3 09:25,21.416666666666664,339,2pt,Baynes 1' Hook Shot (4 PTS) (Irving 6 AST),['pointsinthepaint'],Baynes,49,58,Made,True,True,203382.0,202681.0,2pt made,2pt missed,,,,1627751|1627854|1628401|200746|201942|202330|202681|202694|203382|203935,202330|202681|202694|203382|203935,1627751|1627854|1628401|200746|201942,-14.0,4.0,1610612738.0,21801100,True
3,PT09M13.00S,09:13,Q3 09:13,21.21666666666667,341,2pt,MISS White 10' Pullup Jump Shot,['pointsinthepaint'],White,49,58,Missed,True,False,1628401.0,,2pt made,rebound,,,,1627751|1627854|1628401|200746|201942|202330|202681|202694|203382|203935,1627751|1627854|1628401|200746|201942,202330|202681|202694|203382|203935,24.0,96.0,1610612759.0,21801100,True
3,PT09M10.00S,09:10,Q3 09:10,21.166666666666664,342,rebound,Baynes REBOUND (Off:0 Def:5),[],Baynes,49,58,,False,False,203382.0,,2pt missed,2pt made,,,,1627751|1627854|1628401|200746|201942|202330|202681|202694|203382|203935,202330|202681|202694|203382|203935,1627751|1627854|1628401|200746|201942,,,1610612738.0,21801100,True
3,PT09M03.00S,09:03,Q3 09:03,21.05,343,2pt,Irving 1' Driving Finger Roll Layup (8 PTS),['pointsinthepaint'],Irving,51,58,Made,True,False,202681.0,,rebound,timeout,,,,1627751|1627854|1628401|200746|201942|202330|202681|202694|203382|203935,202330|202681|202694|203382|203935,1627751|1627854|1628401|200746|201942,1.0,10.0,1610612738.0,21801100,True
3,PT09M03.00S,09:03,Q3 09:03,21.05,344,timeout,Spurs Timeout: Regular (Reg.4 Short 0),[],,51,58,,False,False,0.0,,2pt made,3pt missed,,,,1627751|1627854|1628401|200746|201942|202330|202681|202694|203382|203935,1627751|1627854|1628401|200746|201942,202330|202681|202694|203382|203935,,,1610612759.0,21801100,True
3,PT08M47.00S,08:47,Q3 08:47,20.78333333333333,345,3pt,MISS White 26' 3PT Jump Shot,[],White,51,58,Missed,True,False,1628401.0,,timeout,rebound,,,,1627751|1627854|1628401|200746|201942|202330|202681|202694|203382|203935,1627751|1627854|1628401|200746|201942,202330|202681|202694|203382|203935,133.0,225.0,1610612759.0,21801100,True
3,PT08M45.00S,08:45,Q3 08:45,20.75,346,rebound,Aldridge REBOUND (Off:2 Def:8),[],Aldridge,51,58,,False,False,200746.0,,3pt missed,turnover,,,,1627751|1627854|1628401|200746|201942|202330|202681|202694|203382|203935,1627751|1627854|1628401|200746|201942,202330|202681|202694|203382|203935,,,1610612759.0,21801100,True
3,PT08M41.00S,08:41,Q3 08:41,20.683333333333334,347,turnover,Aldridge Bad Pass Turnover (P2.T6),[],Aldridge,51,58,,False,False,200746.0,,rebound,steal,,,,1627751|1627854|1628401|200746|201942|202330|202681|202694|203382|203935,1627751|1627854|1628401|200746|201942,202330|202681|202694|203382|203935,,,1610612759.0,21801100,True
3,PT08M41.00S,08:41,Q3 08:41,20.683333333333334,347,steal,Morris Sr. STEAL (1 STL),[],Morris Sr.,51,58,,False,False,202694.0,,turnover,2pt made,,202694.0,,1627751|1627854|1628401|200746|201942|202330|202681|202694|203382|203935,202330|202681|202694|203382|203935,1627751|1627854|1628401|200746|201942,,,1610612738.0,21801100,True
3,PT08M36.00S,08:36,Q3 08:36,20.6,349,2pt,Smart 8' Driving Floating Jump Shot (9 PTS) (Irving 7 AST),['pointsinthepaint'],Smart,53,58,Made,True,True,203935.0,202681.0,steal,2pt missed,,,,1627751|1627854|1628401|200746|201942|202330|202681|202694|203382|203935,202330|202681|202694|203382|203935,1627751|1627854|1628401|200746|201942,61.0,56.0,1610612738.0,21801100,True
3,PT08M23.00S,08:23,Q3 08:23,20.383333333333333,351,2pt,MISS DeRozan 14' Pullup Jump Shot,['pointsinthepaint'],DeRozan,53,58,Missed,True,False,201942.0,,2pt made,rebound,,,,1627751|1627854|1628401|200746|201942|202330|202681|202694|203382|203935,1627751|1627854|1628401|200746|201942,202330|202681|202694|203382|203935,26.0,137.0,1610612759.0,21801100,True
3,PT08M21.00S,08:21,Q3 08:21,20.35,352,rebound,Baynes REBOUND (Off:0 Def:6),[],Baynes,53,58,,False,False,203382.0,,2pt missed,2pt missed,,,,1627751|1627854|1628401|200746|201942|202330|202681|202694|203382|203935,202330|202681|202694|203382|203935,1627751|1627854|1628401|200746|201942,,,1610612738.0,21801100,True
3,PT08M09.00S,08:09,Q3 08:09,20.15,353,2pt,MISS Smart 6' Fadeaway Jumper,['pointsinthepaint'],Smart,53,58,Missed,True,False,203935.0,,rebound,rebound,,,,1627751|1627854|1628401|200746|201942|202330|202681|202694|203382|203935,202330|202681|202694|203382|203935,1627751|1627854|1628401|200746|201942,-29.0,53.0,1610612738.0,21801100,True
3,PT08M07.00S,08:07,Q3 08:07,20.116666666666667,354,rebound,White REBOUND (Off:0 Def:2),[],White,53,58,,False,False,1628401.0,,2pt missed,2pt made,,,,1627751|1627854|1628401|200746|201942|202330|202681|202694|203382|203935,1627751|1627854|1628401|200746|201942,202330|202681|202694|203382|203935,,,1610612759.0,21801100,True
3,PT07M57.00S,07:57,Q3 07:57,19.95,355,2pt,Poeltl 1' Reverse Layup (4 PTS) (Aldridge 3 AST),['pointsinthepaint'],Poeltl,53,60,Made,True,True,1627751.0,200746.0,rebound,2pt made,,,,1627751|1627854|1628401|200746|201942|202330|202681|202694|203382|203935,1627751|1627854|1628401|200746|201942,202330|202681|202694|203382|203935,-5.0,0.0,1610612759.0,21801100,True
3,PT07M42.00S,07:42,Q3 07:42,19.7,357,2pt,Baynes 4' Hook Shot (6 PTS) (Irving 8 AST),['pointsinthepaint'],Baynes,55,60,Made,True,True,203382.0,202681.0,2pt made,2pt made,,,,1627751|1627854|1628401|200746|201942|202330|202681|202694|203382|203935,202330|202681|202694|203382|203935,1627751|1627854|1628401|200746|201942,-9.0,35.0,1610612738.0,21801100,True
3,PT07M27.00S,07:27,Q3 07:27,19.45,359,2pt,DeRozan 13' Fadeaway Jumper (10 PTS) (Aldridge 4 AST),[],DeRozan,55,62,Made,True,True,201942.0,200746.0,2pt made,2pt made,,,,1627751|1627854|1628401|200746|201942|202330|202681|202694|203382|203935,1627751|1627854|1628401|200746|201942,202330|202681|202694|203382|203935,-132.0,17.0,1610612759.0,21801100,True
3,PT07M12.00S,07:12,Q3 07:12,19.2,361,2pt,Morris Sr. 17' Pullup Jump Shot (13 PTS) (Irving 9 AST),[],Morris Sr.,57,62,Made,True,True,202694.0,202681.0,2pt made,2pt made,,,,1627751|1627854|1628401|200746|201942|202330|202681|202694|203382|203935,202330|202681|202694|203382|203935,1627751|1627854|1628401|200746|201942,-96.0,142.0,1610612738.0,21801100,True
3,PT06M56.00S,06:56,Q3 06:56,18.933333333333334,363,2pt,Aldridge 20' Jump Shot (29 PTS) (White 4 AST),[],Aldridge,57,64,Made,True,True,200746.0,1628401.0,2pt made,substitution,,,,1627751|1627854|1628401|200746|201942|202330|202681|202694|203382|203935,1627751|1627854|1628401|200746|201942,202330|202681|202694|203382|203935,-126.0,155.0,1610612759.0,21801100,True
3,PT06M40.00S,06:40,Q3 06:40,18.666666666666668,366,substitution,SUB out: G. Hayward,[],Hayward,57,64,,False,False,202330.0,,2pt made,substitution,,,,1627751|1627854|1628401|200746|201942|202681|202694|203382|203935,202681|202694|203382|203935,1627751|1627854|1628401|200746|201942,,,1610612738.0,21801100,False
3,PT06M40.00S,06:40,Q3 06:40,18.666666666666668,367,substitution,SUB out: A. Baynes,[],Baynes,57,64,,False,False,203382.0,,substitution,substitution,,,,1627751|1627854|1628401|200746|201942|202681|202694|203935,202681|202694|203935,1627751|1627854|1628401|200746|201942,,,1610612738.0,21801100,False
3,PT06M40.00S,06:40,Q3 06:40,18.666666666666668,368,substitution,SUB out: D. White,[],White,57,64,,False,False,1628401.0,,substitution,substitution,,,,1627751|1627854|200746|201942|202681|202694|203935,1627751|1627854|200746|201942,202681|202694|203935,,,1610612759.0,21801100,False
3,PT06M40.00S,06:40,Q3 06:40,18.666666666666668,369,substitution,SUB in: D. Theis,[],Theis,57,64,,False,False,1628464.0,,substitution,substitution,,,,1627751|1627854|1628464|200746|201942|202681|202694|203935,1628464|202681|202694|203935,1627751|1627854|200746|201942,,,1610612738.0,21801100,False
3,PT06M40.00S,06:40,Q3 06:40,18.666666666666668,370,substitution,SUB in: J. Brown,[],Brown,57,64,,False,False,1627759.0,,substitution,substitution,,,,1627751|1627759|1627854|1628464|200746|201942|202681|202694|203935,1627759|1628464|202681|202694|203935,1627751|1627854|200746|201942,,,1610612738.0,21801100,False
3,PT06M40.00S,06:40,Q3 06:40,18.666666666666668,371,substitution,SUB in: P. Mills,[],Mills,57,64,,False,False,201988.0,,substitution,3pt made,,,,1627751|1627759|1627854|1628464|200746|201942|201988|202681|202694|203935,1627751|1627854|200746|201942|201988,1627759|1628464|202681|202694|203935,,,1610612759.0,21801100,True
3,PT06M33.00S,06:33,Q3 06:33,18.55,372,3pt,Irving 27' 3PT Jump Shot (11 PTS) (Theis 1 AST),[],Irving,60,64,Made,True,True,202681.0,1628464.0,substitution,2pt made,,,,1627751|1627759|1627854|1628464|200746|201942|201988|202681|202694|203935,1627759|1628464|202681|202694|203935,1627751|1627854|200746|201942|201988,58.0,264.0,1610612738.0,21801100,True
3,PT06M12.00S,06:12,Q3 06:12,18.2,373,2pt,Aldridge 18' Jump Shot (31 PTS) (DeRozan 6 AST),[],Aldridge,60,66,Made,True,True,200746.0,201942.0,3pt made,3pt missed,,,,1627751|1627759|1627854|1628464|200746|201942|201988|202681|202694|203935,1627751|1627854|200746|201942|201988,1627759|1628464|202681|202694|203935,-179.0,-11.0,1610612759.0,21801100,True
3,PT05M59.00S,05:59,Q3 05:59,17.983333333333334,375,3pt,MISS Morris Sr. 26' 3PT Jump Shot,[],Morris Sr.,60,66,Missed,True,False,202694.0,,2pt made,rebound,,,,1627751|1627759|1627854|1628464|200746|201942|201988|202681|202694|203935,1627759|1628464|202681|202694|203935,1627751|1627854|200746|201942|201988,-173.0,195.0,1610612738.0,21801100,True
3,PT05M57.00S,05:57,Q3 05:57,17.95,376,rebound,Aldridge REBOUND (Off:2 Def:9),[],Aldridge,60,66,,False,False,200746.0,,3pt missed,2pt made,,,,1627751|1627759|1627854|1628464|200746|201942|201988|202681|202694|203935,1627751|1627854|200746|201942|201988,1627759|1628464|202681|202694|203935,,,1610612759.0,21801100,True
3,PT05M51.00S,05:51,Q3 05:51,17.85,377,2pt,Forbes 7' Driving Floating Bank Jump Shot (4 PTS) (DeRozan 7 AST),['pointsinthepaint'],Forbes,60,68,Made,True,True,1627854.0,201942.0,rebound,3pt missed,,,,1627751|1627759|1627854|1628464|200746|201942|201988|202681|202694|203935,1627751|1627854|200746|201942|201988,1627759|1628464|202681|202694|203935,-56.0,36.0,1610612759.0,21801100,True
3,PT05M36.00S,05:36,Q3 05:36,17.6,379,3pt,MISS Irving 26' 3PT Jump Shot,[],Irving,60,68,Missed,True,False,202681.0,,2pt made,rebound,,,,1627751|1627759|1627854|1628464|200746|201942|201988|202681|202694|203935,1627759|1628464|202681|202694|203935,1627751|1627854|200746|201942|201988,225.0,138.0,1610612738.0,21801100,True
3,PT05M36.00S,05:36,Q3 05:36,17.6,380,rebound,Forbes REBOUND (Off:0 Def:2),[],Forbes,60,68,,False,False,1627854.0,,3pt missed,foul,,,,1627751|1627759|1627854|1628464|200746|201942|201988|202681|202694|203935,1627751|1627854|200746|201942|201988,1627759|1628464|202681|202694|203935,,,1610612759.0,21801100,True
3,PT05M20.00S,05:20,Q3 05:20,17.333333333333332,381,foul,Irving P.FOUL (P2.T1) (S.Foster),[],Irving,60,68,,False,False,202681.0,,rebound,foul,200746.0,,,1627751|1627759|1627854|1628464|200746|201942|201988|202681|202694|203935,1627759|1628464|202681|202694|203935,1627751|1627854|200746|201942|201988,,,1610612738.0,21801100,True
3,PT05M09.00S,05:09,Q3 05:09,17.15,383,foul,Theis S.FOUL (P2.T2) (T.Maddox),[],Theis,60,68,,False,False,1628464.0,,foul,freethrow,200746.0,,,1627751|1627759|1627854|1628464|200746|201942|201988|202681|202694|203935,1627759|1628464|202681|202694|203935,1627751|1627854|200746|201942|201988,,,1610612738.0,21801100,True
3,PT05M09.00S,05:09,Q3 05:09,17.15,385,freethrow,MISS Aldridge Free Throw 1 of 3,[],Aldridge,60,68,Missed,False,False,200746.0,,foul,rebound,,,,1627751|1627759|1627854|1628464|200746|201942|201988|202681|202694|203935,1627751|1627854|200746|201942|201988,1627759|1628464|202681|202694|203935,,,1610612759.0,21801100,True
3,PT05M09.00S,05:09,Q3 05:09,17.15,386,rebound,TEAM offensive REBOUND,['team'],,60,68,,False,False,0.0,,freethrow,freethrow,,,,1627751|1627759|1627854|1628464|200746|201942|201988|202681|202694|203935,1627751|1627854|200746|201942|201988,1627759|1628464|202681|202694|203935,,,1610612759.0,21801100,True
3,PT05M09.00S,05:09,Q3 05:09,17.15,387,freethrow,Aldridge Free Throw 2 of 3 (32 PTS),['2ndchance'],Aldridge,60,69,Made,False,False,200746.0,,rebound,freethrow,,,,1627751|1627759|1627854|1628464|200746|201942|201988|202681|202694|203935,1627751|1627854|200746|201942|201988,1627759|1628464|202681|202694|203935,,,1610612759.0,21801100,True
3,PT05M09.00S,05:09,Q3 05:09,17.15,392,freethrow,Aldridge Free Throw 3 of 3 (33 PTS),[],Aldridge,60,70,Made,False,False,200746.0,,freethrow,substitution,,,,1627751|1627759|1627854|1628464|200746|201942|201988|202681|202694|203935,1627751|1627854|200746|201942|201988,1627759|1628464|202681|202694|203935,,,1610612759.0,21801100,True
3,PT05M09.00S,05:09,Q3 05:09,17.15,388,substitution,SUB out: B. Forbes,[],Forbes,60,69,,False,False,1627854.0,,freethrow,substitution,,,,1627751|1627759|1628464|200746|201942|201988|202681|202694|203935,1627751|200746|201942|201988,1627759|1628464|202681|202694|203935,,,1610612759.0,21801100,False
3,PT05M09.00S,05:09,Q3 05:09,17.15,389,substitution,SUB out: J. Poeltl,[],Poeltl,60,69,,False,False,1627751.0,,substitution,substitution,,,,1627759|1628464|200746|201942|201988|202681|202694|203935,200746|201942|201988,1627759|1628464|202681|202694|203935,,,1610612759.0,21801100,False
3,PT05M09.00S,05:09,Q3 05:09,17.15,390,substitution,SUB in: M. Belinelli,[],Belinelli,60,69,,False,False,201158.0,,substitution,substitution,,,,1627759|1628464|200746|201158|201942|201988|202681|202694|203935,200746|201158|201942|201988,1627759|1628464|202681|202694|203935,,,1610612759.0,21801100,False
3,PT05M09.00S,05:09,Q3 05:09,17.15,391,substitution,SUB in: R. Gay,[],Gay,60,69,,False,False,200752.0,,substitution,3pt missed,,,,1627759|1628464|200746|200752|201158|201942|201988|202681|202694|203935,200746|200752|201158|201942|201988,1627759|1628464|202681|202694|203935,,,1610612759.0,21801100,True
3,PT04M59.00S,04:59,Q3 04:59,16.983333333333334,393,3pt,MISS Theis 25' 3PT Jump Shot,[],Theis,60,70,Missed,True,False,1628464.0,,substitution,rebound,,,,1627759|1628464|200746|200752|201158|201942|201988|202681|202694|203935,1627759|1628464|202681|202694|203935,200746|200752|201158|201942|201988,209.0,146.0,1610612738.0,21801100,True
3,PT04M57.00S,04:57,Q3 04:57,16.95,394,rebound,Gay REBOUND (Off:1 Def:4),[],Gay,60,70,,False,False,200752.0,,3pt missed,2pt made,,,,1627759|1628464|200746|200752|201158|201942|201988|202681|202694|203935,200746|200752|201158|201942|201988,1627759|1628464|202681|202694|203935,,,1610612759.0,21801100,True
3,PT04M45.00S,04:45,Q3 04:45,16.75,395,2pt,DeRozan 13' Turnaround Fadeaway (12 PTS),[],DeRozan,60,72,Made,True,False,201942.0,,rebound,2pt missed,,,,1627759|1628464|200746|200752|201158|201942|201988|202681|202694|203935,200746|200752|201158|201942|201988,1627759|1628464|202681|202694|203935,-87.0,92.0,1610612759.0,21801100,True
3,PT04M35.00S,04:35,Q3 04:35,16.583333333333332,396,2pt,MISS Brown 1' Driving Reverse Layup,['pointsinthepaint'],Brown,60,72,Missed,True,False,1627759.0,,2pt made,rebound,,,,1627759|1628464|200746|200752|201158|201942|201988|202681|202694|203935,1627759|1628464|202681|202694|203935,200746|200752|201158|201942|201988,11.0,9.0,1610612738.0,21801100,True
3,PT04M32.00S,04:32,Q3 04:32,16.53333333333333,397,rebound,Theis REBOUND (Off:3 Def:2),[],Theis,60,72,,False,False,1628464.0,,2pt missed,2pt made,,,,1627759|1628464|200746|200752|201158|201942|201988|202681|202694|203935,1627759|1628464|202681|202694|203935,200746|200752|201158|201942|201988,,,1610612738.0,21801100,True
3,PT04M32.00S,04:32,Q3 04:32,16.53333333333333,398,2pt,Theis 1' Tip Dunk Shot (5 PTS),['pointsinthepaint'],Theis,62,72,Made,True,False,1628464.0,,rebound,2pt made,,,,1627759|1628464|200746|200752|201158|201942|201988|202681|202694|203935,1627759|1628464|202681|202694|203935,200746|200752|201158|201942|201988,0.0,-6.0,1610612738.0,21801100,True
3,PT04M26.00S,04:26,Q3 04:26,16.433333333333334,399,2pt,Aldridge 2' Cutting Layup Shot (35 PTS) (Mills 3 AST),['pointsinthepaint'],Aldridge,62,74,Made,True,True,200746.0,201988.0,2pt made,foul,,,,1627759|1628464|200746|200752|201158|201942|201988|202681|202694|203935,200746|200752|201158|201942|201988,1627759|1628464|202681|202694|203935,-8.0,16.0,1610612759.0,21801100,True
3,PT04M26.00S,04:26,Q3 04:26,16.433333333333334,401,foul,Theis S.FOUL (P3.T3) (S.Foster),[],Theis,62,74,,False,False,1628464.0,,2pt made,freethrow,200746.0,,,1627759|1628464|200746|200752|201158|201942|201988|202681|202694|203935,1627759|1628464|202681|202694|203935,200746|200752|201158|201942|201988,,,1610612738.0,21801100,True
3,PT04M26.00S,04:26,Q3 04:26,16.433333333333334,403,freethrow,Aldridge Free Throw 1 of 1 (36 PTS),[],Aldridge,62,75,Made,False,False,200746.0,,foul,foul,,,,1627759|1628464|200746|200752|201158|201942|201988|202681|202694|203935,200746|200752|201158|201942|201988,1627759|1628464|202681|202694|203935,,,1610612759.0,21801100,True
3,PT04M20.00S,04:20,Q3 04:20,16.333333333333332,404,foul,Mills P.FOUL (P2.T2) (D.Richardson),[],Mills,62,75,,False,False,201988.0,,freethrow,foul,202694.0,,,1627759|1628464|200746|200752|201158|201942|201988|202681|202694|203935,200746|200752|201158|201942|201988,1627759|1628464|202681|202694|203935,,,1610612759.0,21801100,True
3,PT04M16.00S,04:16,Q3 04:16,16.266666666666666,406,foul,Mills P.FOUL (P3.T3) (S.Foster),[],Mills,62,75,,False,False,201988.0,,foul,substitution,202694.0,,,1627759|1628464|200746|200752|201158|201942|201988|202681|202694|203935,200746|200752|201158|201942|201988,1627759|1628464|202681|202694|203935,,,1610612759.0,21801100,True
3,PT04M16.00S,04:16,Q3 04:16,16.266666666666666,408,substitution,SUB out: M. Smart,[],Smart,62,75,,False,False,203935.0,,foul,substitution,,,,1627759|1628464|200746|200752|201158|201942|201988|202681|202694,1627759|1628464|202681|202694,200746|200752|201158|201942|201988,,,1610612738.0,21801100,False
3,PT04M16.00S,04:16,Q3 04:16,16.266666666666666,409,substitution,SUB in: T. Rozier,[],Rozier,62,75,,False,False,1626179.0,,substitution,turnover,,,,1626179|1627759|1628464|200746|200752|201158|201942|201988|202681|202694,1626179|1627759|1628464|202681|202694,200746|200752|201158|201942|201988,,,1610612738.0,21801100,True
3,PT04M05.00S,04:05,Q3 04:05,16.083333333333332,410,turnover,Morris Sr. Traveling Turnover (P2.T7),[],Morris Sr.,62,75,,False,False,202694.0,,substitution,2pt made,,,,1626179|1627759|1628464|200746|200752|201158|201942|201988|202681|202694,1626179|1627759|1628464|202681|202694,200746|200752|201158|201942|201988,,,1610612738.0,21801100,True
3,PT03M47.00S,03:47,Q3 03:47,15.783333333333333,411,2pt,DeRozan 12' Turnaround Fadeaway (14 PTS) (Mills 4 AST),['pointsinthepaint'],DeRozan,62,77,Made,True,True,201942.0,201988.0,turnover,timeout,,,,1626179|1627759|1628464|200746|200752|201158|201942|201988|202681|202694,200746|200752|201158|201942|201988,1626179|1627759|1628464|202681|202694,-11.0,115.0,1610612759.0,21801100,True
3,PT03M45.00S,03:45,Q3 03:45,15.75,412,timeout,CELTICS Timeout: Regular (Full 3 Short 0),[],,62,77,,False,False,0.0,,2pt made,substitution,,,,1626179|1627759|1628464|200746|200752|201158|201942|201988|202681|202694,1626179|1627759|1628464|202681|202694,200746|200752|201158|201942|201988,,,1610612738.0,21801100,True
3,PT03M45.00S,03:45,Q3 03:45,15.75,414,substitution,SUB out: M. Morris Sr.,[],Morris Sr.,62,77,,False,False,202694.0,,timeout,substitution,,,,1626179|1627759|1628464|200746|200752|201158|201942|201988|202681,1626179|1627759|1628464|202681,200746|200752|201158|201942|201988,,,1610612738.0,21801100,False
3,PT03M45.00S,03:45,Q3 03:45,15.75,415,substitution,SUB in: G. Hayward,[],Hayward,62,77,,False,False,202330.0,,substitution,2pt missed,,,,1626179|1627759|1628464|200746|200752|201158|201942|201988|202330|202681,1626179|1627759|1628464|202330|202681,200746|200752|201158|201942|201988,,,1610612738.0,21801100,True
3,PT03M35.00S,03:35,Q3 03:35,15.583333333333334,416,2pt,MISS Irving 19' Turnaround Jump Shot,[],Irving,62,77,Missed,True,False,202681.0,,substitution,rebound,,,,1626179|1627759|1628464|200746|200752|201158|201942|201988|202330|202681,1626179|1627759|1628464|202330|202681,200746|200752|201158|201942|201988,1.0,187.0,1610612738.0,21801100,True
3,PT03M33.00S,03:33,Q3 03:33,15.55,417,rebound,Gay REBOUND (Off:1 Def:5),[],Gay,62,77,,False,False,200752.0,,2pt missed,turnover,,,,1626179|1627759|1628464|200746|200752|201158|201942|201988|202330|202681,200746|200752|201158|201942|201988,1626179|1627759|1628464|202330|202681,,,1610612759.0,21801100,True
3,PT03M22.00S,03:22,Q3 03:22,15.366666666666667,418,turnover,Gay Lost Ball Turnover (P2.T7),[],Gay,62,77,,False,False,200752.0,,rebound,steal,,,,1626179|1627759|1628464|200746|200752|201158|201942|201988|202330|202681,200746|200752|201158|201942|201988,1626179|1627759|1628464|202330|202681,,,1610612759.0,21801100,True
3,PT03M22.00S,03:22,Q3 03:22,15.366666666666667,418,steal,Irving STEAL (2 STL),[],Irving,62,77,,False,False,202681.0,,turnover,2pt made,,202681.0,,1626179|1627759|1628464|200746|200752|201158|201942|201988|202330|202681,1626179|1627759|1628464|202330|202681,200746|200752|201158|201942|201988,,,1610612738.0,21801100,True
3,PT03M17.00S,03:17,Q3 03:17,15.283333333333333,420,2pt,Rozier 2' Running Layup (2 PTS) (Irving 10 AST),['pointsinthepaint'],Rozier,64,77,Made,True,True,1626179.0,202681.0,steal,3pt missed,,,,1626179|1627759|1628464|200746|200752|201158|201942|201988|202330|202681,1626179|1627759|1628464|202330|202681,200746|200752|201158|201942|201988,9.0,20.0,1610612738.0,21801100,True
3,PT02M57.00S,02:57,Q3 02:57,14.95,422,3pt,MISS Belinelli 26' 3PT Fadeaway Jumper,[],Belinelli,64,77,Missed,True,False,201158.0,,2pt made,rebound,,,,1626179|1627759|1628464|200746|200752|201158|201942|201988|202330|202681,200746|200752|201158|201942|201988,1626179|1627759|1628464|202330|202681,-190.0,180.0,1610612759.0,21801100,True
3,PT02M55.00S,02:55,Q3 02:55,14.916666666666666,423,rebound,Theis REBOUND (Off:3 Def:3),[],Theis,64,77,,False,False,1628464.0,,3pt missed,2pt missed,,,,1626179|1627759|1628464|200746|200752|201158|201942|201988|202330|202681,1626179|1627759|1628464|202330|202681,200746|200752|201158|201942|201988,,,1610612738.0,21801100,True
3,PT02M41.00S,02:41,Q3 02:41,14.683333333333334,424,2pt,MISS Rozier 10' Pullup Jump Shot,[],Rozier,64,77,Missed,True,False,1626179.0,,rebound,rebound,,,,1626179|1627759|1628464|200746|200752|201158|201942|201988|202330|202681,1626179|1627759|1628464|202330|202681,200746|200752|201158|201942|201988,82.0,64.0,1610612738.0,21801100,True
3,PT02M39.00S,02:39,Q3 02:39,14.65,425,rebound,Gay REBOUND (Off:1 Def:6),[],Gay,64,77,,False,False,200752.0,,2pt missed,3pt missed,,,,1626179|1627759|1628464|200746|200752|201158|201942|201988|202330|202681,200746|200752|201158|201942|201988,1626179|1627759|1628464|202330|202681,,,1610612759.0,21801100,True
3,PT02M25.00S,02:25,Q3 02:25,14.416666666666666,427,3pt,MISS Belinelli 26' 3PT Jump Shot,[],Belinelli,64,77,Missed,True,False,201158.0,,rebound,rebound,,,,1626179|1627759|1628464|200746|200752|201158|201942|201988|202330|202681,200746|200752|201158|201942|201988,1626179|1627759|1628464|202330|202681,223.0,126.0,1610612759.0,21801100,True
3,PT02M23.00S,02:23,Q3 02:23,14.383333333333333,428,rebound,Brown REBOUND (Off:0 Def:1),[],Brown,64,77,,False,False,1627759.0,,3pt missed,foul,,,,1626179|1627759|1628464|200746|200752|201158|201942|201988|202330|202681,1626179|1627759|1628464|202330|202681,200746|200752|201158|201942|201988,,,1610612738.0,21801100,True
3,PT02M17.00S,02:17,Q3 02:17,14.283333333333333,429,foul,Gay P.FOUL (P2.T4) (D.Richardson),[],Gay,64,77,,False,False,200752.0,,rebound,substitution,1627759.0,,,1626179|1627759|1628464|200746|200752|201158|201942|201988|202330|202681,200746|200752|201158|201942|201988,1626179|1627759|1628464|202330|202681,,,1610612759.0,21801100,True
3,PT02M17.00S,02:17,Q3 02:17,14.283333333333333,431,substitution,SUB out: L. Aldridge,[],Aldridge,64,77,,False,False,200746.0,,foul,substitution,,,,1626179|1627759|1628464|200752|201158|201942|201988|202330|202681,200752|201158|201942|201988,1626179|1627759|1628464|202330|202681,,,1610612759.0,21801100,False
3,PT02M17.00S,02:17,Q3 02:17,14.283333333333333,432,substitution,SUB in: J. Poeltl,[],Poeltl,64,77,,False,False,1627751.0,,substitution,2pt made,,,,1626179|1627751|1627759|1628464|200752|201158|201942|201988|202330|202681,1627751|200752|201158|201942|201988,1626179|1627759|1628464|202330|202681,,,1610612759.0,21801100,True
3,PT02M03.00S,02:03,Q3 02:03,14.05,434,2pt,Brown 11' Floating Jump Shot (5 PTS),[],Brown,66,77,Made,True,False,1627759.0,,substitution,3pt made,,,,1626179|1627751|1627759|1628464|200752|201158|201942|201988|202330|202681,1626179|1627759|1628464|202330|202681,1627751|200752|201158|201942|201988,-103.0,22.0,1610612738.0,21801100,True
3,PT01M46.00S,01:46,Q3 01:46,13.766666666666666,435,3pt,Gay 3PT Jump Shot (7 PTS) (DeRozan 8 AST),[],Gay,66,80,Made,True,True,200752.0,201942.0,2pt made,2pt made,,,,1626179|1627751|1627759|1628464|200752|201158|201942|201988|202330|202681,1627751|200752|201158|201942|201988,1626179|1627759|1628464|202330|202681,231.0,6.0,1610612759.0,21801100,True
3,PT01M30.00S,01:30,Q3 01:30,13.5,437,2pt,Theis 1' Cutting Dunk Shot (7 PTS) (Irving 11 AST),['pointsinthepaint'],Theis,68,80,Made,True,True,1628464.0,202681.0,3pt made,2pt missed,,,,1626179|1627751|1627759|1628464|200752|201158|201942|201988|202330|202681,1626179|1627759|1628464|202330|202681,1627751|200752|201158|201942|201988,2.0,8.0,1610612738.0,21801100,True
3,PT01M13.00S,01:13,Q3 01:13,13.216666666666667,439,2pt,MISS DeRozan 16' Pullup Jump Shot,[],DeRozan,68,80,Missed,True,False,201942.0,,2pt made,rebound,,,,1626179|1627751|1627759|1628464|200752|201158|201942|201988|202330|202681,1627751|200752|201158|201942|201988,1626179|1627759|1628464|202330|202681,154.0,29.0,1610612759.0,21801100,True
3,PT01M11.00S,01:11,Q3 01:11,13.183333333333334,440,rebound,Hayward REBOUND (Off:2 Def:6),[],Hayward,68,80,,False,False,202330.0,,2pt missed,foul,,,,1626179|1627751|1627759|1628464|200752|201158|201942|201988|202330|202681,1626179|1627759|1628464|202330|202681,1627751|200752|201158|201942|201988,,,1610612738.0,21801100,True
3,PT01M07.00S,01:07,Q3 01:07,13.116666666666667,441,foul,DeRozan P.FOUL (P1.PN) (D.Richardson),[],DeRozan,68,80,,False,False,201942.0,,rebound,2pt made,1628464.0,,,1626179|1627751|1627759|1628464|200752|201158|201942|201988|202330|202681,1627751|200752|201158|201942|201988,1626179|1627759|1628464|202330|202681,,,1610612759.0,21801100,True
3,PT01M06.00S,01:06,Q3 01:06,13.1,443,2pt,Theis 2' Alley Oop Layup (9 PTS) (Irving 12 AST),['pointsinthepaint'],Theis,70,80,Made,True,True,1628464.0,202681.0,foul,2pt made,,,,1626179|1627751|1627759|1628464|200752|201158|201942|201988|202330|202681,1626179|1627759|1628464|202330|202681,1627751|200752|201158|201942|201988,21.0,3.0,1610612738.0,21801100,True
3,PT00M44.50S,00:44,Q3 00:44,12.741666666666667,445,2pt,DeRozan 20' Jump Shot (16 PTS) (Gay 2 AST),[],DeRozan,70,82,Made,True,True,201942.0,200752.0,2pt made,2pt missed,,,,1626179|1627751|1627759|1628464|200752|201158|201942|201988|202330|202681,1627751|200752|201158|201942|201988,1626179|1627759|1628464|202330|202681,108.0,174.0,1610612759.0,21801100,True
3,PT00M36.30S,00:36,Q3 00:36,12.605,447,2pt,MISS Hayward 1' Driving Finger Roll Layup,['pointsinthepaint'],Hayward,70,82,Missed,True,False,202330.0,,2pt made,rebound,,,,1626179|1627751|1627759|1628464|200752|201158|201942|201988|202330|202681,1626179|1627759|1628464|202330|202681,1627751|200752|201158|201942|201988,-9.0,11.0,1610612738.0,21801100,True
3,PT00M35.30S,00:35,Q3 00:35,12.588333333333333,448,rebound,Theis REBOUND (Off:4 Def:3),[],Theis,70,82,,False,False,1628464.0,,2pt missed,2pt made,,,,1626179|1627751|1627759|1628464|200752|201158|201942|201988|202330|202681,1626179|1627759|1628464|202330|202681,1627751|200752|201158|201942|201988,,,1610612738.0,21801100,True
3,PT00M35.30S,00:35,Q3 00:35,12.588333333333333,449,2pt,Theis 1' Tip Layup Shot (11 PTS),['pointsinthepaint'],Theis,72,82,Made,True,False,1628464.0,,rebound,2pt made,,,,1626179|1627751|1627759|1628464|200752|201158|201942|201988|202330|202681,1626179|1627759|1628464|202330|202681,1627751|200752|201158|201942|201988,0.0,-6.0,1610612738.0,21801100,True
3,PT00M16.70S,00:16,Q3 00:16,12.278333333333332,450,2pt,Poeltl 3' Layup (6 PTS) (DeRozan 9 AST),['pointsinthepaint'],Poeltl,72,84,Made,True,True,1627751.0,201942.0,2pt made,2pt missed,,,,1626179|1627751|1627759|1628464|200752|201158|201942|201988|202330|202681,1627751|200752|201158|201942|201988,1626179|1627759|1628464|202330|202681,15.0,25.0,1610612759.0,21801100,True
3,PT00M02.30S,00:02,Q3 00:02,12.038333333333334,452,2pt,MISS Irving 2' Driving Finger Roll Layup,['pointsinthepaint'],Irving,72,84,Missed,True,False,202681.0,,2pt made,block,,,,1626179|1627751|1627759|1628464|200752|201158|201942|201988|202330|202681,1626179|1627759|1628464|202330|202681,1627751|200752|201158|201942|201988,-16.0,3.0,1610612738.0,21801100,True
3,PT00M02.30S,00:02,Q3 00:02,12.038333333333334,452,block,Poeltl BLOCK (1 BLK),[],Poeltl,72,84,,False,False,1627751.0,,2pt missed,rebound,,,1627751.0,1626179|1627751|1627759|1628464|200752|201158|201942|201988|202330|202681,1627751|200752|201158|201942|201988,1626179|1627759|1628464|202330|202681,,,1610612759.0,21801100,True
3,PT00M01.50S,00:01,Q3 00:01,12.025,454,rebound,Mills REBOUND (Off:0 Def:1),[],Mills,72,84,,False,False,201988.0,,block,foul,,,,1626179|1627751|1627759|1628464|200752|201158|201942|201988|202330|202681,1627751|200752|201158|201942|201988,1626179|1627759|1628464|202330|202681,,,1610612759.0,21801100,True
3,PT00M00.50S,00:00,Q3 00:00,12.008333333333333,455,foul,Brown P.FOUL (P1.T4) (T.Maddox),['inpenalty'],Brown,72,84,,False,False,1627759.0,,rebound,period,,,,1626179|1627751|1627759|1628464|200752|201158|201942|201988|202330|202681,1626179|1627759|1628464|202330|202681,1627751|200752|201158|201942|201988,,,1610612738.0,21801100,True
3,PT00M00.00S,00:00,Q3 00:00,12.0,457,period,End of 3rd Period (9:13 PM EST),[],,72,84,,False,False,0.0,,foul,period,,,,1626179|1627751|1627759|1628464|200752|201158|201942|201988|202330|202681,1626179|1627759|1628464|202330|202681,1627751|200752|201158|201942|201988,,,1610612738.0,21801100,True
4,PT12M00.00S,12:00,Q4 12:00,12.0,464,period,Start of 4th Period (9:16 PM EST),[],,72,84,,False,False,0.0,,period,substitution,,,,1626179|1627751|1627759|1628464|200752|201158|201942|201988|202330|202681,1626179|1627759|1628464|202330|202681,1627751|200752|201158|201942|201988,,,1610612738.0,21801100,True
4,PT11M41.00S,11:41,Q4 11:41,11.683333333333334,465,3pt,MISS Bertans 26' 3PT Pullup Jump Shot,[],Bertans,72,84,Missed,True,False,202722.0,,substitution,rebound,,,,1626179|1627759|1628464|200746|200752|201158|201988|202330|202722|203935,200746|200752|201158|201988|202722,1626179|1627759|1628464|202330|203935,122.0,227.0,1610612759.0,21801100,True
4,PT11M38.00S,11:38,Q4 11:38,11.633333333333333,466,rebound,Rozier REBOUND (Off:0 Def:3),[],Rozier,72,84,,False,False,1626179.0,,3pt missed,3pt missed,,,,1626179|1627759|1628464|200746|200752|201158|201988|202330|202722|203935,1626179|1627759|1628464|202330|203935,200746|200752|201158|201988|202722,,,1610612738.0,21801100,True
4,PT11M30.00S,11:30,Q4 11:30,11.5,467,3pt,MISS Brown 27' 3PT Jump Shot,[],Brown,72,84,Missed,True,False,1627759.0,,rebound,rebound,,,,1626179|1627759|1628464|200746|200752|201158|201988|202330|202722|203935,1626179|1627759|1628464|202330|203935,200746|200752|201158|201988|202722,-37.0,266.0,1610612738.0,21801100,True
4,PT11M28.00S,11:28,Q4 11:28,11.466666666666667,468,rebound,Gay REBOUND (Off:1 Def:7),[],Gay,72,84,,False,False,200752.0,,3pt missed,2pt missed,,,,1626179|1627759|1628464|200746|200752|201158|201988|202330|202722|203935,200746|200752|201158|201988|202722,1626179|1627759|1628464|202330|203935,,,1610612759.0,21801100,True
4,PT11M18.00S,11:18,Q4 11:18,11.3,469,2pt,MISS Gay 12' Turnaround Jump Shot,['pointsinthepaint'],Gay,72,84,Missed,True,False,200752.0,,rebound,rebound,,,,1626179|1627759|1628464|200746|200752|201158|201988|202330|202722|203935,200746|200752|201158|201988|202722,1626179|1627759|1628464|202330|203935,73.0,96.0,1610612759.0,21801100,True
4,PT11M15.00S,11:15,Q4 11:15,11.25,470,rebound,Hayward REBOUND (Off:2 Def:7),[],Hayward,72,84,,False,False,202330.0,,2pt missed,3pt missed,,,,1626179|1627759|1628464|200746|200752|201158|201988|202330|202722|203935,1626179|1627759|1628464|202330|203935,200746|200752|201158|201988|202722,,,1610612738.0,21801100,True
4,PT11M11.00S,11:11,Q4 11:11,11.183333333333334,471,3pt,MISS Rozier 25' 3PT Jump Shot,[],Rozier,72,84,Missed,True,False,1626179.0,,rebound,rebound,,,,1626179|1627759|1628464|200746|200752|201158|201988|202330|202722|203935,1626179|1627759|1628464|202330|203935,200746|200752|201158|201988|202722,-201.0,145.0,1610612738.0,21801100,True
4,PT11M09.00S,11:09,Q4 11:09,11.15,472,rebound,Bertans REBOUND (Off:0 Def:3),[],Bertans,72,84,,False,False,202722.0,,3pt missed,2pt made,,,,1626179|1627759|1628464|200746|200752|201158|201988|202330|202722|203935,200746|200752|201158|201988|202722,1626179|1627759|1628464|202330|203935,,,1610612759.0,21801100,True
4,PT11M00.00S,11:00,Q4 11:00,11.0,473,2pt,Mills Cutting Finger Roll Layup Shot (8 PTS) (Gay 3 AST),['pointsinthepaint'],Mills,72,86,Made,True,True,201988.0,200752.0,rebound,3pt missed,,,,1626179|1627759|1628464|200746|200752|201158|201988|202330|202722|203935,200746|200752|201158|201988|202722,1626179|1627759|1628464|202330|203935,4.0,2.0,1610612759.0,21801100,True
4,PT10M36.00S,10:36,Q4 10:36,10.6,475,3pt,MISS Smart 27' 3PT Jump Shot,[],Smart,72,86,Missed,True,False,203935.0,,2pt made,rebound,,,,1626179|1627759|1628464|200746|200752|201158|201988|202330|202722|203935,1626179|1627759|1628464|202330|203935,200746|200752|201158|201988|202722,85.0,256.0,1610612738.0,21801100,True
4,PT10M33.00S,10:33,Q4 10:33,10.55,476,rebound,Aldridge REBOUND (Off:2 Def:10),[],Aldridge,72,86,,False,False,200746.0,,3pt missed,2pt made,,,,1626179|1627759|1628464|200746|200752|201158|201988|202330|202722|203935,200746|200752|201158|201988|202722,1626179|1627759|1628464|202330|203935,,,1610612759.0,21801100,True
4,PT10M19.00S,10:19,Q4 10:19,10.316666666666666,477,2pt,Mills 1' Driving Finger Roll Layup (10 PTS) (Aldridge 5 AST),['pointsinthepaint'],Mills,72,88,Made,True,True,201988.0,200746.0,rebound,timeout,,,,1626179|1627759|1628464|200746|200752|201158|201988|202330|202722|203935,200746|200752|201158|201988|202722,1626179|1627759|1628464|202330|203935,-8.0,11.0,1610612759.0,21801100,True
4,PT10M19.00S,10:19,Q4 10:19,10.316666666666666,478,timeout,CELTICS Timeout: Regular (Full 4 Short 0),[],,72,88,,False,False,0.0,,2pt made,foul,,,,1626179|1627759|1628464|200746|200752|201158|201988|202330|202722|203935,1626179|1627759|1628464|202330|203935,200746|200752|201158|201988|202722,,,1610612738.0,21801100,True
4,PT10M11.00S,10:11,Q4 10:11,10.183333333333334,480,foul,Belinelli P.FOUL (P2.T1) (T.Maddox),[],Belinelli,72,88,,False,False,201158.0,,timeout,2pt made,203935.0,,,1626179|1627759|1628464|200746|200752|201158|201988|202330|202722|203935,200746|200752|201158|201988|202722,1626179|1627759|1628464|202330|203935,,,1610612759.0,21801100,True
4,PT10M07.00S,10:07,Q4 10:07,10.116666666666667,482,2pt,Smart 2' Driving Reverse Layup (11 PTS) (Rozier 1 AST),['pointsinthepaint'],Smart,74,88,Made,True,True,203935.0,1626179.0,foul,2pt made,,,,1626179|1627759|1628464|200746|200752|201158|201988|202330|202722|203935,1626179|1627759|1628464|202330|203935,200746|200752|201158|201988|202722,-9.0,15.0,1610612738.0,21801100,True
4,PT09M58.00S,09:58,Q4 09:58,9.966666666666667,483,2pt,Mills 1' Driving Finger Roll Layup (12 PTS),['pointsinthepaint'],Mills,74,90,Made,True,False,201988.0,,2pt made,foul,,,,1626179|1627759|1628464|200746|200752|201158|201988|202330|202722|203935,200746|200752|201158|201988|202722,1626179|1627759|1628464|202330|203935,-5.0,4.0,1610612759.0,21801100,True
4,PT09M37.00S,09:37,Q4 09:37,9.616666666666667,487,foul,Aldridge S.FOUL (P3.T2) (T.Maddox),[],Aldridge,74,90,,False,False,200746.0,,2pt made,freethrow,1627759.0,,,1626179|1627759|1628464|200746|200752|201158|201988|202330|202722|203935,200746|200752|201158|201988|202722,1626179|1627759|1628464|202330|203935,,,1610612759.0,21801100,True
4,PT09M37.00S,09:37,Q4 09:37,9.616666666666667,489,freethrow,Brown Free Throw 1 of 2 (6 PTS),[],Brown,75,90,Made,False,False,1627759.0,,foul,freethrow,,,,1626179|1627759|1628464|200746|200752|201158|201988|202330|202722|203935,1626179|1627759|1628464|202330|203935,200746|200752|201158|201988|202722,,,1610612738.0,21801100,True
4,PT09M37.00S,09:37,Q4 09:37,9.616666666666667,492,freethrow,Brown Free Throw 2 of 2 (7 PTS),[],Brown,76,90,Made,False,False,1627759.0,,freethrow,substitution,,,,1626179|1627759|1628464|200746|200752|201158|201988|202330|202722|203935,1626179|1627759|1628464|202330|203935,200746|200752|201158|201988|202722,,,1610612738.0,21801100,True
4,PT09M37.00S,09:37,Q4 09:37,9.616666666666667,490,substitution,SUB out: D. Theis,[],Theis,75,90,,False,False,1628464.0,,freethrow,substitution,,,,1626179|1627759|200746|200752|201158|201988|202330|202722|203935,1626179|1627759|202330|203935,200746|200752|201158|201988|202722,,,1610612738.0,21801100,False
4,PT09M37.00S,09:37,Q4 09:37,9.616666666666667,491,substitution,SUB in: A. Baynes,[],Baynes,75,90,,False,False,203382.0,,substitution,2pt missed,,,,1626179|1627759|200746|200752|201158|201988|202330|202722|203382|203935,1626179|1627759|202330|203382|203935,200746|200752|201158|201988|202722,,,1610612738.0,21801100,True
4,PT09M22.00S,09:22,Q4 09:22,9.366666666666667,493,2pt,MISS Aldridge 11' Turnaround Fadeaway Shot,[],Aldridge,76,90,Missed,True,False,200746.0,,substitution,rebound,,,,1626179|1627759|200746|200752|201158|201988|202330|202722|203382|203935,200746|200752|201158|201988|202722,1626179|1627759|202330|203382|203935,-103.0,43.0,1610612759.0,21801100,True
4,PT09M20.00S,09:20,Q4 09:20,9.333333333333334,494,rebound,Hayward REBOUND (Off:2 Def:8),[],Hayward,76,90,,False,False,202330.0,,2pt missed,3pt made,,,,1626179|1627759|200746|200752|201158|201988|202330|202722|203382|203935,1626179|1627759|202330|203382|203935,200746|200752|201158|201988|202722,,,1610612738.0,21801100,True
4,PT09M12.00S,09:12,Q4 09:12,9.2,495,3pt,Smart 26' 3PT Jump Shot (14 PTS) (Hayward 3 AST),[],Smart,79,90,Made,True,True,203935.0,202330.0,rebound,2pt made,,,,1626179|1627759|200746|200752|201158|201988|202330|202722|203382|203935,1626179|1627759|202330|203382|203935,200746|200752|201158|201988|202722,-129.0,220.0,1610612738.0,21801100,True
4,PT08M52.00S,08:52,Q4 08:52,8.866666666666667,497,2pt,Aldridge 6' Driving Hook Shot (38 PTS),['pointsinthepaint'],Aldridge,79,92,Made,True,False,200746.0,,3pt made,2pt missed,,,,1626179|1627759|200746|200752|201158|201988|202330|202722|203382|203935,200746|200752|201158|201988|202722,1626179|1627759|202330|203382|203935,14.0,59.0,1610612759.0,21801100,True
4,PT08M42.00S,08:42,Q4 08:42,8.7,498,2pt,MISS Hayward 16' Pullup Jump Shot,[],Hayward,79,92,Missed,True,False,202330.0,,2pt made,rebound,,,,1626179|1627759|200746|200752|201158|201988|202330|202722|203382|203935,1626179|1627759|202330|203382|203935,200746|200752|201158|201988|202722,9.0,158.0,1610612738.0,21801100,True
4,PT08M40.00S,08:40,Q4 08:40,8.666666666666666,499,rebound,Gay REBOUND (Off:1 Def:8),[],Gay,79,92,,False,False,200752.0,,2pt missed,3pt missed,,,,1626179|1627759|200746|200752|201158|201988|202330|202722|203382|203935,200746|200752|201158|201988|202722,1626179|1627759|202330|203382|203935,,,1610612759.0,21801100,True
4,PT08M27.00S,08:27,Q4 08:27,8.45,500,3pt,MISS Bertans 26' 3PT Jump Shot,[],Bertans,79,92,Missed,True,False,202722.0,,rebound,rebound,,,,1626179|1627759|200746|200752|201158|201988|202330|202722|203382|203935,200746|200752|201158|201988|202722,1626179|1627759|202330|203382|203935,185.0,181.0,1610612759.0,21801100,True
4,PT08M25.00S,08:25,Q4 08:25,8.416666666666666,501,rebound,Baynes REBOUND (Off:0 Def:7),[],Baynes,79,92,,False,False,203382.0,,3pt missed,3pt missed,,,,1626179|1627759|200746|200752|201158|201988|202330|202722|203382|203935,1626179|1627759|202330|203382|203935,200746|200752|201158|201988|202722,,,1610612738.0,21801100,True
4,PT08M17.00S,08:17,Q4 08:17,8.283333333333333,502,3pt,MISS Smart 27' 3PT Jump Shot,[],Smart,79,92,Missed,True,False,203935.0,,rebound,rebound,,,,1626179|1627759|200746|200752|201158|201988|202330|202722|203382|203935,1626179|1627759|202330|203382|203935,200746|200752|201158|201988|202722,-24.0,268.0,1610612738.0,21801100,True
4,PT08M15.00S,08:15,Q4 08:15,8.25,503,rebound,Bertans REBOUND (Off:0 Def:4),[],Bertans,79,92,,False,False,202722.0,,3pt missed,substitution,,,,1626179|1627759|200746|200752|201158|201988|202330|202722|203382|203935,200746|200752|201158|201988|202722,1626179|1627759|202330|203382|203935,,,1610612759.0,21801100,True
4,PT08M07.00S,08:07,Q4 08:07,8.116666666666667,505,substitution,SUB out: P. Mills,[],Mills,79,92,,False,False,201988.0,,rebound,substitution,,,,1626179|1627759|200746|200752|201158|202330|202722|203382|203935,200746|200752|201158|202722,1626179|1627759|202330|203382|203935,,,1610612759.0,21801100,False
4,PT08M07.00S,08:07,Q4 08:07,8.116666666666667,506,substitution,SUB out: R. Gay,[],Gay,79,92,,False,False,200752.0,,substitution,substitution,,,,1626179|1627759|200746|201158|202330|202722|203382|203935,200746|201158|202722,1626179|1627759|202330|203382|203935,,,1610612759.0,21801100,False
4,PT08M07.00S,08:07,Q4 08:07,8.116666666666667,507,substitution,SUB in: D. White,[],White,79,92,,False,False,1628401.0,,substitution,substitution,,,,1626179|1627759|1628401|200746|201158|202330|202722|203382|203935,1628401|200746|201158|202722,1626179|1627759|202330|203382|203935,,,1610612759.0,21801100,False
4,PT08M07.00S,08:07,Q4 08:07,8.116666666666667,508,substitution,SUB in: D. DeRozan,[],DeRozan,79,92,,False,False,201942.0,,substitution,2pt made,,,,1626179|1627759|1628401|200746|201158|201942|202330|202722|203382|203935,1628401|200746|201158|201942|202722,1626179|1627759|202330|203382|203935,,,1610612759.0,21801100,True
4,PT07M57.00S,07:57,Q4 07:57,7.95,509,2pt,Aldridge 8' Fadeaway Jumper (40 PTS) (Bertans 2 AST),['pointsinthepaint'],Aldridge,79,94,Made,True,True,200746.0,202722.0,substitution,3pt missed,,,,1626179|1627759|1628401|200746|201158|201942|202330|202722|203382|203935,1628401|200746|201158|201942|202722,1626179|1627759|202330|203382|203935,58.0,62.0,1610612759.0,21801100,True
4,PT07M45.00S,07:45,Q4 07:45,7.75,511,3pt,MISS Brown 26' 3PT Jump Shot,[],Brown,79,94,Missed,True,False,1627759.0,,2pt made,rebound,,,,1626179|1627759|1628401|200746|201158|201942|202330|202722|203382|203935,1626179|1627759|202330|203382|203935,1628401|200746|201158|201942|202722,-86.0,248.0,1610612738.0,21801100,True
4,PT07M44.00S,07:44,Q4 07:44,7.733333333333333,512,rebound,White REBOUND (Off:0 Def:3),[],White,79,94,,False,False,1628401.0,,3pt missed,turnover,,,,1626179|1627759|1628401|200746|201158|201942|202330|202722|203382|203935,1628401|200746|201158|201942|202722,1626179|1627759|202330|203382|203935,,,1610612759.0,21801100,True
4,PT07M22.00S,07:22,Q4 07:22,7.366666666666666,514,turnover,Aldridge Lost Ball Turnover (P3.T8),[],Aldridge,79,94,,False,False,200746.0,,rebound,foul,,,,1626179|1627759|1628401|200746|201158|201942|202330|202722|203382|203935,1628401|200746|201158|201942|202722,1626179|1627759|202330|203382|203935,,,1610612759.0,21801100,True
4,PT07M22.00S,07:22,Q4 07:22,7.366666666666666,516,foul,Aldridge L.B.FOUL (P4.T3) (T.Maddox),[],Aldridge,79,94,,False,False,200746.0,,turnover,substitution,1626179.0,,,1626179|1627759|1628401|200746|201158|201942|202330|202722|203382|203935,1628401|200746|201158|201942|202722,1626179|1627759|202330|203382|203935,,,1610612759.0,21801100,True
4,PT07M22.00S,07:22,Q4 07:22,7.366666666666666,518,substitution,SUB out: J. Brown,[],Brown,79,94,,False,False,1627759.0,,foul,substitution,,,,1626179|1628401|200746|201158|201942|202330|202722|203382|203935,1626179|202330|203382|203935,1628401|200746|201158|201942|202722,,,1610612738.0,21801100,False
4,PT07M22.00S,07:22,Q4 07:22,7.366666666666666,519,substitution,SUB out: G. Hayward,[],Hayward,79,94,,False,False,202330.0,,substitution,substitution,,,,1626179|1628401|200746|201158|201942|202722|203382|203935,1626179|203382|203935,1628401|200746|201158|201942|202722,,,1610612738.0,21801100,False
4,PT07M22.00S,07:22,Q4 07:22,7.366666666666666,520,substitution,SUB in: K. Irving,[],Irving,79,94,,False,False,202681.0,,substitution,substitution,,,,1626179|1628401|200746|201158|201942|202681|202722|203382|203935,1626179|202681|203382|203935,1628401|200746|201158|201942|202722,,,1610612738.0,21801100,False
4,PT07M22.00S,07:22,Q4 07:22,7.366666666666666,521,substitution,SUB in: M. Morris Sr.,[],Morris Sr.,79,94,,False,False,202694.0,,substitution,2pt made,,,,1626179|1628401|200746|201158|201942|202681|202694|202722|203382|203935,1626179|202681|202694|203382|203935,1628401|200746|201158|201942|202722,,,1610612738.0,21801100,True
4,PT07M08.00S,07:08,Q4 07:08,7.133333333333334,522,2pt,Rozier 1' Driving Layup (4 PTS) (Morris Sr. 1 AST),['pointsinthepaint'],Rozier,81,94,Made,True,True,1626179.0,202694.0,substitution,foul,,,,1626179|1628401|200746|201158|201942|202681|202694|202722|203382|203935,1626179|202681|202694|203382|203935,1628401|200746|201158|201942|202722,-8.0,8.0,1610612738.0,21801100,True
4,PT07M01.00S,07:01,Q4 07:01,7.016666666666667,523,foul,Rozier P.FOUL (P1.T1) (D.Richardson),[],Rozier,81,94,,False,False,1626179.0,,2pt made,2pt missed,200746.0,,,1626179|1628401|200746|201158|201942|202681|202694|202722|203382|203935,1626179|202681|202694|203382|203935,1628401|200746|201158|201942|202722,,,1610612738.0,21801100,True
4,PT06M51.00S,06:51,Q4 06:51,6.85,525,2pt,MISS Aldridge 12' Running Pull-Up Jump Shot,['pointsinthepaint'],Aldridge,81,94,Missed,True,False,200746.0,,foul,rebound,,,,1626179|1628401|200746|201158|201942|202681|202694|202722|203382|203935,1628401|200746|201158|201942|202722,1626179|202681|202694|203382|203935,-79.0,85.0,1610612759.0,21801100,True
4,PT06M48.00S,06:48,Q4 06:48,6.8,526,rebound,Smart REBOUND (Off:2 Def:2),[],Smart,81,94,,False,False,203935.0,,2pt missed,3pt missed,,,,1626179|1628401|200746|201158|201942|202681|202694|202722|203382|203935,1626179|202681|202694|203382|203935,1628401|200746|201158|201942|202722,,,1610612738.0,21801100,True
4,PT06M37.00S,06:37,Q4 06:37,6.616666666666667,527,3pt,MISS Rozier 3PT Jump Shot,[],Rozier,81,94,Missed,True,False,1626179.0,,rebound,rebound,,,,1626179|1628401|200746|201158|201942|202681|202694|202722|203382|203935,1626179|202681|202694|203382|203935,1628401|200746|201158|201942|202722,229.0,20.0,1610612738.0,21801100,True
4,PT06M35.00S,06:35,Q4 06:35,6.583333333333333,528,rebound,Bertans REBOUND (Off:0 Def:5),[],Bertans,81,94,,False,False,202722.0,,3pt missed,3pt made,,,,1626179|1628401|200746|201158|201942|202681|202694|202722|203382|203935,1628401|200746|201158|201942|202722,1626179|202681|202694|203382|203935,,,1610612759.0,21801100,True
4,PT06M27.00S,06:27,Q4 06:27,6.45,529,3pt,Bertans 25' 3PT Jump Shot (3 PTS) (DeRozan 10 AST),[],Bertans,81,97,Made,True,True,202722.0,201942.0,rebound,3pt missed,,,,1626179|1628401|200746|201158|201942|202681|202694|202722|203382|203935,1628401|200746|201158|201942|202722,1626179|202681|202694|203382|203935,192.0,164.0,1610612759.0,21801100,True
4,PT06M02.00S,06:02,Q4 06:02,6.033333333333333,531,3pt,MISS Rozier 26' 3PT Jump Shot,[],Rozier,81,97,Missed,True,False,1626179.0,,3pt made,rebound,,,,1626179|1628401|200746|201158|201942|202681|202694|202722|203382|203935,1626179|202681|202694|203382|203935,1628401|200746|201158|201942|202722,32.0,262.0,1610612738.0,21801100,True
4,PT06M00.00S,06:00,Q4 06:00,6.0,532,rebound,Belinelli REBOUND (Off:1 Def:2),[],Belinelli,81,97,,False,False,201158.0,,3pt missed,2pt missed,,,,1626179|1628401|200746|201158|201942|202681|202694|202722|203382|203935,1628401|200746|201158|201942|202722,1626179|202681|202694|203382|203935,,,1610612759.0,21801100,True
4,PT05M46.00S,05:46,Q4 05:46,5.766666666666667,533,2pt,MISS Aldridge 16' Turnaround Jump Shot,[],Aldridge,81,97,Missed,True,False,200746.0,,rebound,rebound,,,,1626179|1628401|200746|201158|201942|202681|202694|202722|203382|203935,1628401|200746|201158|201942|202722,1626179|202681|202694|203382|203935,-161.0,27.0,1610612759.0,21801100,True
4,PT05M42.00S,05:42,Q4 05:42,5.7,534,rebound,Morris Sr. REBOUND (Off:0 Def:6),[],Morris Sr.,81,97,,False,False,202694.0,,2pt missed,2pt missed,,,,1626179|1628401|200746|201158|201942|202681|202694|202722|203382|203935,1626179|202681|202694|203382|203935,1628401|200746|201158|201942|202722,,,1610612738.0,21801100,True
4,PT05M30.00S,05:30,Q4 05:30,5.5,535,2pt,MISS Irving 2' Driving Finger Roll Layup,['pointsinthepaint'],Irving,81,97,Missed,True,False,202681.0,,rebound,rebound,,,,1626179|1628401|200746|201158|201942|202681|202694|202722|203382|203935,1626179|202681|202694|203382|203935,1628401|200746|201158|201942|202722,-15.0,5.0,1610612738.0,21801100,True
4,PT05M29.00S,05:29,Q4 05:29,5.483333333333333,536,rebound,Baynes REBOUND (Off:1 Def:7),[],Baynes,81,97,,False,False,203382.0,,2pt missed,2pt missed,,,,1626179|1628401|200746|201158|201942|202681|202694|202722|203382|203935,1626179|202681|202694|203382|203935,1628401|200746|201158|201942|202722,,,1610612738.0,21801100,True
4,PT05M29.00S,05:29,Q4 05:29,5.483333333333333,548,2pt,MISS Baynes 2' Tip Layup Shot,['pointsinthepaint'],Baynes,81,97,Missed,True,False,203382.0,,rebound,rebound,,,,1626179|1628401|200746|201158|201942|202681|202694|202722|203382|203935,1626179|202681|202694|203382|203935,1628401|200746|201158|201942|202722,3.0,17.0,1610612738.0,21801100,True
4,PT05M28.00S,05:28,Q4 05:28,5.466666666666667,549,rebound,Belinelli REBOUND (Off:1 Def:3),[],Belinelli,81,97,,False,False,201158.0,,2pt missed,2pt missed,,,,1626179|1628401|200746|201158|201942|202681|202694|202722|203382|203935,1628401|200746|201158|201942|202722,1626179|202681|202694|203382|203935,,,1610612759.0,21801100,True
4,PT05M06.00S,05:06,Q4 05:06,5.1,538,2pt,MISS DeRozan 9' Floating Jump Shot,['pointsinthepaint'],DeRozan,81,97,Missed,True,False,201942.0,,rebound,rebound,,,,1626179|1628401|200746|201158|201942|202681|202694|202722|203382|203935,1628401|200746|201158|201942|202722,1626179|202681|202694|203382|203935,59.0,64.0,1610612759.0,21801100,True
4,PT05M05.00S,05:05,Q4 05:05,5.083333333333333,539,rebound,TEAM offensive REBOUND,['team'],,81,97,,False,False,0.0,,2pt missed,timeout,,,,1626179|1628401|200746|201158|201942|202681|202694|202722|203382|203935,1628401|200746|201158|201942|202722,1626179|202681|202694|203382|203935,,,1610612759.0,21801100,True
4,PT05M05.00S,05:05,Q4 05:05,5.083333333333333,541,timeout,Spurs Timeout: Regular (Reg.5 Short 0),[],,81,97,,False,False,0.0,,rebound,substitution,,,,1626179|1628401|200746|201158|201942|202681|202694|202722|203382|203935,1628401|200746|201158|201942|202722,1626179|202681|202694|203382|203935,,,1610612759.0,21801100,True
4,PT05M05.00S,05:05,Q4 05:05,5.083333333333333,542,substitution,SUB out: T. Rozier,[],Rozier,81,97,,False,False,1626179.0,,timeout,substitution,,,,1628401|200746|201158|201942|202681|202694|202722|203382|203935,202681|202694|203382|203935,1628401|200746|201158|201942|202722,,,1610612738.0,21801100,False
4,PT05M05.00S,05:05,Q4 05:05,5.083333333333333,543,substitution,SUB out: M. Belinelli,[],Belinelli,81,97,,False,False,201158.0,,substitution,substitution,,,,1628401|200746|201942|202681|202694|202722|203382|203935,1628401|200746|201942|202722,202681|202694|203382|203935,,,1610612759.0,21801100,False
4,PT05M05.00S,05:05,Q4 05:05,5.083333333333333,544,substitution,SUB in: J. Brown,[],Brown,81,97,,False,False,1627759.0,,substitution,substitution,,,,1627759|1628401|200746|201942|202681|202694|202722|203382|203935,1627759|202681|202694|203382|203935,1628401|200746|201942|202722,,,1610612738.0,21801100,False
4,PT05M05.00S,05:05,Q4 05:05,5.083333333333333,545,substitution,SUB in: P. Mills,[],Mills,81,97,,False,False,201988.0,,substitution,3pt made,,,,1627759|1628401|200746|201942|201988|202681|202694|202722|203382|203935,1628401|200746|201942|201988|202722,1627759|202681|202694|203382|203935,,,1610612759.0,21801100,True
4,PT04M55.00S,04:55,Q4 04:55,4.916666666666667,546,3pt,Bertans 26' 3PT Jump Shot (6 PTS) (Aldridge 6 AST),[],Bertans,81,100,Made,True,True,202722.0,200746.0,substitution,2pt missed,,,,1627759|1628401|200746|201942|201988|202681|202694|202722|203382|203935,1628401|200746|201942|201988|202722,1627759|202681|202694|203382|203935,212.0,143.0,1610612759.0,21801100,True
4,PT04M35.00S,04:35,Q4 04:35,4.583333333333333,550,2pt,MISS Irving 1' Driving Layup,['pointsinthepaint'],Irving,81,100,Missed,True,False,202681.0,,3pt made,rebound,,,,1627759|1628401|200746|201942|201988|202681|202694|202722|203382|203935,1627759|202681|202694|203382|203935,1628401|200746|201942|201988|202722,-3.0,14.0,1610612738.0,21801100,True
4,PT04M32.00S,04:32,Q4 04:32,4.533333333333333,552,rebound,White REBOUND (Off:0 Def:4),[],White,81,100,,False,False,1628401.0,,2pt missed,3pt made,,,,1627759|1628401|200746|201942|201988|202681|202694|202722|203382|203935,1628401|200746|201942|201988|202722,1627759|202681|202694|203382|203935,,,1610612759.0,21801100,True
4,PT04M14.00S,04:14,Q4 04:14,4.233333333333333,553,3pt,Bertans 27' 3PT Jump Shot (9 PTS) (White 5 AST),[],Bertans,81,103,Made,True,True,202722.0,1628401.0,rebound,2pt missed,,,,1627759|1628401|200746|201942|201988|202681|202694|202722|203382|203935,1628401|200746|201942|201988|202722,1627759|202681|202694|203382|203935,-147.0,223.0,1610612759.0,21801100,True
4,PT04M02.00S,04:02,Q4 04:02,4.033333333333333,556,2pt,MISS Smart 5' Driving Hook Shot,['pointsinthepaint'],Smart,81,103,Missed,True,False,203935.0,,3pt made,rebound,,,,1627759|1628401|200746|201942|201988|202681|202694|202722|203382|203935,1627759|202681|202694|203382|203935,1628401|200746|201942|201988|202722,47.0,25.0,1610612738.0,21801100,True
4,PT04M00.00S,04:00,Q4 04:00,4.0,557,rebound,Bertans REBOUND (Off:0 Def:6),[],Bertans,81,103,,False,False,202722.0,,2pt missed,3pt made,,,,1627759|1628401|200746|201942|201988|202681|202694|202722|203382|203935,1628401|200746|201942|201988|202722,1627759|202681|202694|203382|203935,,,1610612759.0,21801100,True
4,PT03M45.00S,03:45,Q4 03:45,3.75,558,3pt,Aldridge 27' 3PT Jump Shot (43 PTS) (DeRozan 11 AST),[],Aldridge,81,106,Made,True,True,200746.0,201942.0,rebound,3pt made,,,,1627759|1628401|200746|201942|201988|202681|202694|202722|203382|203935,1628401|200746|201942|201988|202722,1627759|202681|202694|203382|203935,-78.0,263.0,1610612759.0,21801100,True
4,PT03M31.00S,03:31,Q4 03:31,3.5166666666666666,560,3pt,Baynes 27' 3PT Jump Shot (9 PTS) (Morris Sr. 2 AST),[],Baynes,84,106,Made,True,True,203382.0,202694.0,3pt made,foul,,,,1627759|1628401|200746|201942|201988|202681|202694|202722|203382|203935,1627759|202681|202694|203382|203935,1628401|200746|201942|201988|202722,101.0,248.0,1610612738.0,21801100,True
4,PT03M22.00S,03:22,Q4 03:22,3.3666666666666667,562,foul,Irving Personal Take Foul (P3.T2) (D.Richardson),[],Irving,84,106,,False,False,202681.0,,3pt made,substitution,,,,1627759|1628401|200746|201942|201988|202681|202694|202722|203382|203935,1627759|202681|202694|203382|203935,1628401|200746|201942|201988|202722,,,1610612738.0,21801100,True
4,PT03M22.00S,03:22,Q4 03:22,3.3666666666666667,564,substitution,SUB out: K. Irving,[],Irving,84,106,,False,False,202681.0,,foul,substitution,,,,1627759|1628401|200746|201942|201988|202694|202722|203382|203935,1627759|202694|203382|203935,1628401|200746|201942|201988|202722,,,1610612738.0,21801100,False
4,PT03M22.00S,03:22,Q4 03:22,3.3666666666666667,565,substitution,SUB out: M. Morris Sr.,[],Morris Sr.,84,106,,False,False,202694.0,,substitution,substitution,,,,1627759|1628401|200746|201942|201988|202722|203382|203935,1627759|203382|203935,1628401|200746|201942|201988|202722,,,1610612738.0,21801100,False
4,PT03M22.00S,03:22,Q4 03:22,3.3666666666666667,566,substitution,SUB out: M. Smart,[],Smart,84,106,,False,False,203935.0,,substitution,substitution,,,,1627759|1628401|200746|201942|201988|202722|203382,1627759|203382,1628401|200746|201942|201988|202722,,,1610612738.0,21801100,False
4,PT03M22.00S,03:22,Q4 03:22,3.3666666666666667,567,substitution,SUB out: A. Baynes,[],Baynes,84,106,,False,False,203382.0,,substitution,substitution,,,,1627759|1628401|200746|201942|201988|202722,1627759,1628401|200746|201942|201988|202722,,,1610612738.0,21801100,False
4,PT03M22.00S,03:22,Q4 03:22,3.3666666666666667,568,substitution,SUB out: J. Brown,[],Brown,84,106,,False,False,1627759.0,,substitution,substitution,,,,1628401|200746|201942|201988|202722,,1628401|200746|201942|201988|202722,,,1610612738.0,21801100,False
4,PT03M22.00S,03:22,Q4 03:22,3.3666666666666667,569,substitution,SUB out: D. White,[],White,84,106,,False,False,1628401.0,,substitution,substitution,,,,200746|201942|201988|202722,200746|201942|201988|202722,,,,1610612759.0,21801100,False
4,PT03M22.00S,03:22,Q4 03:22,3.3666666666666667,570,substitution,SUB out: L. Aldridge,[],Aldridge,84,106,,False,False,200746.0,,substitution,substitution,,,,201942|201988|202722,201942|201988|202722,,,,1610612759.0,21801100,False
4,PT03M22.00S,03:22,Q4 03:22,3.3666666666666667,571,substitution,SUB in: G. Yabusele,[],Yabusele,84,106,,False,False,1627824.0,,substitution,substitution,,,,1627824|201942|201988|202722,1627824,201942|201988|202722,,,1610612738.0,21801100,False
4,PT03M22.00S,03:22,Q4 03:22,3.3666666666666667,572,substitution,SUB in: P. Dozier,[],Dozier,84,106,,False,False,1628408.0,,substitution,substitution,,,,1627824|1628408|201942|201988|202722,1627824|1628408,201942|201988|202722,,,1610612738.0,21801100,False
4,PT03M22.00S,03:22,Q4 03:22,3.3666666666666667,573,substitution,SUB in: G. Monroe,[],Monroe,84,106,,False,False,202328.0,,substitution,substitution,,,,1627824|1628408|201942|201988|202328|202722,1627824|1628408|202328,201942|201988|202722,,,1610612738.0,21801100,False
4,PT03M22.00S,03:22,Q4 03:22,3.3666666666666667,574,substitution,SUB in: S. Ojeleye,[],Ojeleye,84,106,,False,False,1628400.0,,substitution,substitution,,,,1627824|1628400|1628408|201942|201988|202328|202722,1627824|1628400|1628408|202328,201942|201988|202722,,,1610612738.0,21801100,False
4,PT03M22.00S,03:22,Q4 03:22,3.3666666666666667,575,substitution,SUB in: B. Wanamaker,[],Wanamaker,84,106,,False,False,202954.0,,substitution,substitution,,,,1627824|1628400|1628408|201942|201988|202328|202722|202954,1627824|1628400|1628408|202328|202954,201942|201988|202722,,,1610612738.0,21801100,False
4,PT03M22.00S,03:22,Q4 03:22,3.3666666666666667,576,substitution,SUB in: L. Walker IV,[],Walker IV,84,106,,False,False,1629022.0,,substitution,substitution,,,,1627824|1628400|1628408|1629022|201942|201988|202328|202722|202954,1629022|201942|201988|202722,1627824|1628400|1628408|202328|202954,,,1610612759.0,21801100,False
4,PT03M22.00S,03:22,Q4 03:22,3.3666666666666667,577,substitution,SUB in: D. Eubanks,[],Eubanks,84,106,,False,False,1629234.0,,substitution,2pt missed,,,,1627824|1628400|1628408|1629022|1629234|201942|201988|202328|202722|202954,1629022|1629234|201942|201988|202722,1627824|1628400|1628408|202328|202954,,,1610612759.0,21801100,True
4,PT03M14.00S,03:14,Q4 03:14,3.2333333333333334,578,2pt,MISS Mills 17' Pullup Jump Shot,[],Mills,84,106,Missed,True,False,201988.0,,substitution,rebound,,,,1627824|1628400|1628408|1629022|1629234|201942|201988|202328|202722|202954,1629022|1629234|201942|201988|202722,1627824|1628400|1628408|202328|202954,-125.0,121.0,1610612759.0,21801100,True
4,PT03M12.00S,03:12,Q4 03:12,3.2,579,rebound,Dozier REBOUND (Off:0 Def:1),[],Dozier,84,106,,False,False,1628408.0,,2pt missed,2pt missed,,,,1627824|1628400|1628408|1629022|1629234|201942|201988|202328|202722|202954,1627824|1628400|1628408|202328|202954,1629022|1629234|201942|201988|202722,,,1610612738.0,21801100,True
4,PT03M06.00S,03:06,Q4 03:06,3.1,580,2pt,MISS Dozier 14' Pullup Jump Shot,['pointsinthepaint'],Dozier,84,106,Missed,True,False,1628408.0,,rebound,rebound,,,,1627824|1628400|1628408|1629022|1629234|201942|201988|202328|202722|202954,1627824|1628400|1628408|202328|202954,1629022|1629234|201942|201988|202722,-62.0,121.0,1610612738.0,21801100,True
4,PT03M04.00S,03:04,Q4 03:04,3.066666666666667,581,rebound,Monroe REBOUND (Off:1 Def:0),[],Monroe,84,106,,False,False,202328.0,,2pt missed,2pt made,,,,1627824|1628400|1628408|1629022|1629234|201942|201988|202328|202722|202954,1627824|1628400|1628408|202328|202954,1629022|1629234|201942|201988|202722,,,1610612738.0,21801100,True
4,PT03M03.00S,03:03,Q4 03:03,3.05,582,2pt,Monroe 1' Putback Layup (2 PTS),['pointsinthepaint'],Monroe,86,106,Made,True,False,202328.0,,rebound,2pt missed,,,,1627824|1628400|1628408|1629022|1629234|201942|201988|202328|202722|202954,1627824|1628400|1628408|202328|202954,1629022|1629234|201942|201988|202722,5.0,11.0,1610612738.0,21801100,True
4,PT02M44.00S,02:44,Q4 02:44,2.7333333333333334,583,2pt,MISS DeRozan 14' Step Back Jump Shot,[],DeRozan,86,106,Missed,True,False,201942.0,,2pt made,rebound,,,,1627824|1628400|1628408|1629022|1629234|201942|201988|202328|202722|202954,1629022|1629234|201942|201988|202722,1627824|1628400|1628408|202328|202954,-120.0,74.0,1610612759.0,21801100,True
4,PT02M42.00S,02:42,Q4 02:42,2.7,584,rebound,Dozier REBOUND (Off:0 Def:2),[],Dozier,86,106,,False,False,1628408.0,,2pt missed,3pt made,,,,1627824|1628400|1628408|1629022|1629234|201942|201988|202328|202722|202954,1627824|1628400|1628408|202328|202954,1629022|1629234|201942|201988|202722,,,1610612738.0,21801100,True
4,PT02M37.00S,02:37,Q4 02:37,2.6166666666666667,585,3pt,Ojeleye 25' 3PT Jump Shot (3 PTS) (Wanamaker 1 AST),[],Ojeleye,89,106,Made,True,True,1628400.0,202954.0,rebound,timeout,,,,1627824|1628400|1628408|1629022|1629234|201942|201988|202328|202722|202954,1627824|1628400|1628408|202328|202954,1629022|1629234|201942|201988|202722,213.0,136.0,1610612738.0,21801100,True
4,PT02M36.00S,02:36,Q4 02:36,2.6,587,timeout,Spurs Timeout: Regular (Reg.6 Short 0),[],,89,106,,False,False,0.0,,3pt made,substitution,,,,1627824|1628400|1628408|1629022|1629234|201942|201988|202328|202722|202954,1629022|1629234|201942|201988|202722,1627824|1628400|1628408|202328|202954,,,1610612759.0,21801100,True
4,PT02M36.00S,02:36,Q4 02:36,2.6,588,substitution,SUB out: D. Bertans,[],Bertans,89,106,,False,False,202722.0,,timeout,substitution,,,,1627824|1628400|1628408|1629022|1629234|201942|201988|202328|202954,1629022|1629234|201942|201988,1627824|1628400|1628408|202328|202954,,,1610612759.0,21801100,False
4,PT02M36.00S,02:36,Q4 02:36,2.6,589,substitution,SUB out: L. Walker IV,[],Walker IV,89,106,,False,False,1629022.0,,substitution,substitution,,,,1627824|1628400|1628408|1629234|201942|201988|202328|202954,1629234|201942|201988,1627824|1628400|1628408|202328|202954,,,1610612759.0,21801100,False
4,PT02M36.00S,02:36,Q4 02:36,2.6,590,substitution,SUB out: D. Eubanks,[],Eubanks,89,106,,False,False,1629234.0,,substitution,substitution,,,,1627824|1628400|1628408|201942|201988|202328|202954,201942|201988,1627824|1628400|1628408|202328|202954,,,1610612759.0,21801100,False
4,PT02M36.00S,02:36,Q4 02:36,2.6,591,substitution,SUB in: L. Aldridge,[],Aldridge,89,106,,False,False,200746.0,,substitution,substitution,,,,1627824|1628400|1628408|200746|201942|201988|202328|202954,200746|201942|201988,1627824|1628400|1628408|202328|202954,,,1610612759.0,21801100,False
4,PT02M36.00S,02:36,Q4 02:36,2.6,592,substitution,SUB in: D. White,[],White,89,106,,False,False,1628401.0,,substitution,substitution,,,,1627824|1628400|1628401|1628408|200746|201942|201988|202328|202954,1628401|200746|201942|201988,1627824|1628400|1628408|202328|202954,,,1610612759.0,21801100,False
4,PT02M36.00S,02:36,Q4 02:36,2.6,593,substitution,SUB in: J. Poeltl,[],Poeltl,89,106,,False,False,1627751.0,,substitution,2pt missed,,,,1627751|1627824|1628400|1628401|1628408|200746|201942|201988|202328|202954,1627751|1628401|200746|201942|201988,1627824|1628400|1628408|202328|202954,,,1610612759.0,21801100,True
4,PT02M22.00S,02:22,Q4 02:22,2.3666666666666667,594,2pt,MISS Aldridge 7' Driving Floating Jump Shot,['pointsinthepaint'],Aldridge,89,106,Missed,True,False,200746.0,,substitution,rebound,,,,1627751|1627824|1628400|1628401|1628408|200746|201942|201988|202328|202954,1627751|1628401|200746|201942|201988,1627824|1628400|1628408|202328|202954,9.0,68.0,1610612759.0,21801100,True
4,PT02M21.00S,02:21,Q4 02:21,2.35,595,rebound,Aldridge REBOUND (Off:3 Def:10),[],Aldridge,89,106,,False,False,200746.0,,2pt missed,2pt made,,,,1627751|1627824|1628400|1628401|1628408|200746|201942|201988|202328|202954,1627751|1628401|200746|201942|201988,1627824|1628400|1628408|202328|202954,,,1610612759.0,21801100,True
4,PT02M21.00S,02:21,Q4 02:21,2.35,596,2pt,Aldridge Putback Layup (45 PTS),['pointsinthepaint'],Aldridge,89,108,Made,True,False,200746.0,,rebound,foul,,,,1627751|1627824|1628400|1628401|1628408|200746|201942|201988|202328|202954,1627751|1628401|200746|201942|201988,1627824|1628400|1628408|202328|202954,-3.0,1.0,1610612759.0,21801100,True
4,PT02M21.00S,02:21,Q4 02:21,2.35,597,foul,Yabusele S.FOUL (P2.T3) (S.Foster),[],Yabusele,89,108,,False,False,1627824.0,,2pt made,freethrow,200746.0,,,1627751|1627824|1628400|1628401|1628408|200746|201942|201988|202328|202954,1627824|1628400|1628408|202328|202954,1627751|1628401|200746|201942|201988,,,1610612738.0,21801100,True
4,PT02M21.00S,02:21,Q4 02:21,2.35,601,freethrow,Aldridge Free Throw 1 of 1 (46 PTS),[],Aldridge,89,109,Made,False,False,200746.0,,foul,substitution,,,,1627751|1627824|1628400|1628401|1628408|200746|201942|201988|202328|202954,1627751|1628401|200746|201942|201988,1627824|1628400|1628408|202328|202954,,,1610612759.0,21801100,True
4,PT02M21.00S,02:21,Q4 02:21,2.35,599,substitution,SUB out: D. DeRozan,[],DeRozan,89,108,,False,False,201942.0,,freethrow,substitution,,,,1627751|1627824|1628400|1628401|1628408|200746|201988|202328|202954,1627751|1628401|200746|201988,1627824|1628400|1628408|202328|202954,,,1610612759.0,21801100,False
4,PT02M21.00S,02:21,Q4 02:21,2.35,600,substitution,SUB in: B. Forbes,[],Forbes,89,108,,False,False,1627854.0,,substitution,2pt missed,,,,1627751|1627824|1627854|1628400|1628401|1628408|200746|201988|202328|202954,1627751|1627854|1628401|200746|201988,1627824|1628400|1628408|202328|202954,,,1610612759.0,21801100,True
4,PT02M11.00S,02:11,Q4 02:11,2.183333333333333,602,2pt,MISS Monroe 4' Driving Layup,['pointsinthepaint'],Monroe,89,109,Missed,True,False,202328.0,,substitution,block,,,,1627751|1627824|1627854|1628400|1628401|1628408|200746|201988|202328|202954,1627824|1628400|1628408|202328|202954,1627751|1627854|1628401|200746|201988,-25.0,26.0,1610612738.0,21801100,True
4,PT02M11.00S,02:11,Q4 02:11,2.183333333333333,602,block,Aldridge BLOCK (1 BLK),[],Aldridge,89,109,,False,False,200746.0,,2pt missed,rebound,,,200746.0,1627751|1627824|1627854|1628400|1628401|1628408|200746|201988|202328|202954,1627751|1627854|1628401|200746|201988,1627824|1628400|1628408|202328|202954,,,1610612759.0,21801100,True
4,PT02M09.00S,02:09,Q4 02:09,2.15,604,rebound,Monroe REBOUND (Off:2 Def:0),[],Monroe,89,109,,False,False,202328.0,,block,2pt made,,,,1627751|1627824|1627854|1628400|1628401|1628408|200746|201988|202328|202954,1627824|1628400|1628408|202328|202954,1627751|1627854|1628401|200746|201988,,,1610612738.0,21801100,True
4,PT02M07.00S,02:07,Q4 02:07,2.1166666666666667,605,2pt,Yabusele 1' Cutting Dunk Shot (4 PTS) (Monroe 1 AST),['pointsinthepaint'],Yabusele,91,109,Made,True,True,1627824.0,202328.0,rebound,2pt made,,,,1627751|1627824|1627854|1628400|1628401|1628408|200746|201988|202328|202954,1627824|1628400|1628408|202328|202954,1627751|1627854|1628401|200746|201988,5.0,11.0,1610612738.0,21801100,True
4,PT01M42.00S,01:42,Q4 01:42,1.7,607,2pt,Aldridge 12' Turnaround Fadeaway (48 PTS),['pointsinthepaint'],Aldridge,91,111,Made,True,False,200746.0,,2pt made,foul,,,,1627751|1627824|1627854|1628400|1628401|1628408|200746|201988|202328|202954,1627751|1627854|1628401|200746|201988,1627824|1628400|1628408|202328|202954,21.0,121.0,1610612759.0,21801100,True
4,PT01M35.00S,01:35,Q4 01:35,1.5833333333333335,608,foul,Aldridge AWAY.FROM.PLAY.FOUL (P5.T4) (S.Foster),[],Aldridge,91,111,,False,False,200746.0,,2pt made,freethrow,202954.0,,,1627751|1627824|1627854|1628400|1628401|1628408|200746|201988|202328|202954,1627751|1627854|1628401|200746|201988,1627824|1628400|1628408|202328|202954,,,1610612759.0,21801100,True
4,PT01M35.00S,01:35,Q4 01:35,1.5833333333333335,610,freethrow,MISS Wanamaker Free Throw 1 of 1,[],Wanamaker,91,111,Missed,False,False,202954.0,,foul,rebound,,,,1627751|1627824|1627854|1628400|1628401|1628408|200746|201988|202328|202954,1627824|1628400|1628408|202328|202954,1627751|1627854|1628401|200746|201988,,,1610612738.0,21801100,True
4,PT01M35.00S,01:35,Q4 01:35,1.5833333333333335,611,rebound,TEAM offensive REBOUND,['team'],,91,111,,False,False,0.0,,freethrow,substitution,,,,1627751|1627824|1627854|1628400|1628401|1628408|200746|201988|202328|202954,1627824|1628400|1628408|202328|202954,1627751|1627854|1628401|200746|201988,,,1610612738.0,21801100,True
4,PT01M35.00S,01:35,Q4 01:35,1.5833333333333335,612,substitution,SUB out: D. White,[],White,91,111,,False,False,1628401.0,,rebound,substitution,,,,1627751|1627824|1627854|1628400|1628408|200746|201988|202328|202954,1627751|1627854|200746|201988,1627824|1628400|1628408|202328|202954,,,1610612759.0,21801100,False
4,PT01M35.00S,01:35,Q4 01:35,1.5833333333333335,613,substitution,SUB out: L. Aldridge,[],Aldridge,91,111,,False,False,200746.0,,substitution,substitution,,,,1627751|1627824|1627854|1628400|1628408|201988|202328|202954,1627751|1627854|201988,1627824|1628400|1628408|202328|202954,,,1610612759.0,21801100,False
4,PT01M35.00S,01:35,Q4 01:35,1.5833333333333335,614,substitution,SUB in: D. Eubanks,[],Eubanks,91,111,,False,False,1629234.0,,substitution,substitution,,,,1627751|1627824|1627854|1628400|1628408|1629234|201988|202328|202954,1627751|1627854|1629234|201988,1627824|1628400|1628408|202328|202954,,,1610612759.0,21801100,False
4,PT01M35.00S,01:35,Q4 01:35,1.5833333333333335,615,substitution,SUB in: L. Walker IV,[],Walker IV,91,111,,False,False,1629022.0,,substitution,turnover,,,,1627751|1627824|1627854|1628400|1628408|1629022|1629234|201988|202328|202954,1627751|1627854|1629022|1629234|201988,1627824|1628400|1628408|202328|202954,,,1610612759.0,21801100,True
4,PT01M28.00S,01:28,Q4 01:28,1.4666666666666668,616,turnover,Wanamaker Bad Pass Turnover (P1.T8),[],Wanamaker,91,111,,False,False,202954.0,,substitution,steal,,,,1627751|1627824|1627854|1628400|1628408|1629022|1629234|201988|202328|202954,1627824|1628400|1628408|202328|202954,1627751|1627854|1629022|1629234|201988,,,1610612738.0,21801100,True
4,PT01M28.00S,01:28,Q4 01:28,1.4666666666666668,616,steal,Walker IV STEAL (1 STL),[],Walker IV,91,111,,False,False,1629022.0,,turnover,3pt missed,,1629022.0,,1627751|1627824|1627854|1628400|1628408|1629022|1629234|201988|202328|202954,1627751|1627854|1629022|1629234|201988,1627824|1628400|1628408|202328|202954,,,1610612759.0,21801100,True
4,PT01M07.00S,01:07,Q4 01:07,1.1166666666666667,618,3pt,MISS Forbes 26' 3PT Jump Shot,[],Forbes,91,111,Missed,True,False,1627854.0,,steal,rebound,,,,1627751|1627824|1627854|1628400|1628408|1629022|1629234|201988|202328|202954,1627751|1627854|1629022|1629234|201988,1627824|1628400|1628408|202328|202954,210.0,146.0,1610612759.0,21801100,True
4,PT01M06.00S,01:06,Q4 01:06,1.1,619,rebound,Eubanks REBOUND (Off:1 Def:0),[],Eubanks,91,111,,False,False,1629234.0,,3pt missed,2pt missed,,,,1627751|1627824|1627854|1628400|1628408|1629022|1629234|201988|202328|202954,1627751|1627854|1629022|1629234|201988,1627824|1628400|1628408|202328|202954,,,1610612759.0,21801100,True
4,PT01M05.00S,01:05,Q4 01:05,1.0833333333333333,620,2pt,MISS Eubanks 1' Tip Layup Shot,['pointsinthepaint'],Eubanks,91,111,Missed,True,False,1629234.0,,rebound,rebound,,,,1627751|1627824|1627854|1628400|1628408|1629022|1629234|201988|202328|202954,1627751|1627854|1629022|1629234|201988,1627824|1628400|1628408|202328|202954,0.0,-6.0,1610612759.0,21801100,True
4,PT01M05.00S,01:05,Q4 01:05,1.0833333333333333,621,rebound,Eubanks REBOUND (Off:2 Def:0),[],Eubanks,91,111,,False,False,1629234.0,,2pt missed,2pt missed,,,,1627751|1627824|1627854|1628400|1628408|1629022|1629234|201988|202328|202954,1627751|1627854|1629022|1629234|201988,1627824|1628400|1628408|202328|202954,,,1610612759.0,21801100,True
4,PT01M04.00S,01:04,Q4 01:04,1.0666666666666667,622,2pt,MISS Eubanks 1' Tip Layup Shot,['pointsinthepaint'],Eubanks,91,111,Missed,True,False,1629234.0,,rebound,rebound,,,,1627751|1627824|1627854|1628400|1628408|1629022|1629234|201988|202328|202954,1627751|1627854|1629022|1629234|201988,1627824|1628400|1628408|202328|202954,0.0,-6.0,1610612759.0,21801100,True
4,PT01M04.00S,01:04,Q4 01:04,1.0666666666666667,623,rebound,TEAM offensive REBOUND,['team'],,91,111,,False,False,0.0,,2pt missed,substitution,,,,1627751|1627824|1627854|1628400|1628408|1629022|1629234|201988|202328|202954,1627751|1627854|1629022|1629234|201988,1627824|1628400|1628408|202328|202954,,,1610612759.0,21801100,True
4,PT01M04.00S,01:04,Q4 01:04,1.0666666666666667,625,substitution,SUB: Pondexter FOR Mills,[],Mills,91,111,,False,False,201988.0,,substitution,substitution,,,,1627751|1627824|1627854|1628400|1628408|1629022|1629234|202328|202954,1627751|1627854|1629022|1629234,1627824|1628400|1628408|202328|202954,,,1610612759.0,21801100,False
4,PT01M04.00S,01:04,Q4 01:04,1.0666666666666667,626,substitution,SUB out: J. Poeltl,[],Poeltl,91,111,,False,False,1627751.0,,substitution,substitution,,,,1627824|1627854|1628400|1628408|1629022|1629234|202328|202954,1627854|1629022|1629234,1627824|1628400|1628408|202328|202954,,,1610612759.0,21801100,False
4,PT01M04.00S,01:04,Q4 01:04,1.0666666666666667,628,substitution,SUB in: D. Cunningham,[],Cunningham,91,111,,False,False,201967.0,,substitution,2pt made,,,,1627824|1627854|1628400|1628408|1629022|1629234|201967|202328|202954,1627854|1629022|1629234|201967,1627824|1628400|1628408|202328|202954,,,1610612759.0,21801100,False
4,PT00M52.30S,00:52,Q4 00:52,0.8716666666666666,629,2pt,Walker IV 19' Pullup Jump Shot (2 PTS),[],Walker IV,91,113,Made,True,False,1629022.0,,substitution,2pt made,,,,1627824|1627854|1628400|1628408|1629022|1629234|201967|202328|202954,1627854|1629022|1629234|201967,1627824|1628400|1628408|202328|202954,-134.0,131.0,1610612759.0,21801100,False
4,PT00M42.70S,00:42,Q4 00:42,0.7116666666666667,630,2pt,Monroe 6' Driving Layup (4 PTS),['pointsinthepaint'],Monroe,93,113,Made,True,False,202328.0,,2pt made,2pt made,,,,1627824|1627854|1628400|1628408|1629022|1629234|201967|202328|202954,1627824|1628400|1628408|202328|202954,1627854|1629022|1629234|201967,-58.0,13.0,1610612738.0,21801100,False
4,PT00M23.10S,00:23,Q4 00:23,0.385,631,2pt,Cunningham 1' Driving Layup (2 PTS) (Eubanks 1 AST),['pointsinthepaint'],Cunningham,93,115,Made,True,True,201967.0,1629234.0,2pt made,3pt made,,,,1627824|1627854|1628400|1628408|1629022|1629234|201967|202328|202954,1627854|1629022|1629234|201967,1627824|1628400|1628408|202328|202954,-12.0,6.0,1610612759.0,21801100,False
4,PT00M15.70S,00:15,Q4 00:15,0.26166666666666666,633,3pt,Yabusele 26' 3PT Jump Shot (7 PTS) (Wanamaker 2 AST),[],Yabusele,96,115,Made,True,True,1627824.0,202954.0,2pt made,period,,,,1627824|1627854|1628400|1628408|1629022|1629234|201967|202328|202954,1627824|1628400|1628408|202328|202954,1627854|1629022|1629234|201967,166.0,206.0,1610612738.0,21801100,False
4,PT00M00.00S,00:00,Q4 00:00,0.0,635,period,End of 4th Period (9:41 PM EST),[],,96,115,,False,False,0.0,,3pt made,,,,,1627824|1627854|1628400|1628408|1629022|1629234|201967|202328|202954,1627824|1628400|1628408|202328|202954,1627854|1629022|1629234|201967,,,1610612738.0,21801100,False
