period,clock,clock_display,game_clock,minutes_left_in_game,actionNumber,actionType,description,qualifier,playerName,scoreHome,scoreAway,shotResult,isFieldGoal,assisted,person_id,assister_id,previous_action,next_action,foulDrawnPersonId,stealPersonId,blockPersonId,players_on,off_players_on,def_players_on,xLegacy,yLegacy,teamId,game_id,poc_ok
1,PT12M00.00S,12:00,Q1 12:00,48.0,2,period,Start of 1st Period (8:11 PM EST),[],,0,0,,False,False,0.0,,,2pt missed,,,,101108|200782|201569|201935|202329|203081|203090|203468|203991|203994,101108|200782|201569|201935|203991,202329|203081|203090|203468|203994,,,1610612745.0,21800402,True
1,PT11M43.00S,11:43,Q1 11:43,47.71666666666667,7,2pt,MISS Paul 11' Driving Floating Bank Jump Shot,[],Paul,0,0,Missed,True,False,101108.0,,period,rebound,,,,101108|200782|201569|201935|202329|203081|203090|203468|203991|203994,101108|200782|201569|201935|203991,202329|203081|203090|203468|203994,98.0,50.0,1610612745.0,21800402,True
1,PT11M42.00S,11:42,Q1 11:42,47.7,8,rebound,Harkless REBOUND (Off:0 Def:1),[],Harkless,0,0,,False,False,203090.0,,2pt missed,turnover,,,,101108|200782|201569|201935|202329|203081|203090|203468|203991|203994,202329|203081|203090|203468|203994,101108|200782|201569|201935|203991,,,1610612757.0,21800402,True
1,PT11M22.00S,11:22,Q1 11:22,47.36666666666667,10,turnover,Lillard Bad Pass Turnover (P1.T1),[],Lillard,0,0,,False,False,203081.0,,rebound,2pt made,,,,101108|200782|201569|201935|202329|203081|203090|203468|203991|203994,202329|203081|203090|203468|203994,101108|200782|201569|201935|203991,,,1610612757.0,21800402,True
1,PT11M16.00S,11:16,Q1 11:16,47.266666666666666,11,2pt,Capela 2' Dunk (2 PTS) (Harden 1 AST),['pointsinthepaint'],Capela,2,0,Made,True,True,203991.0,201935.0,turnover,2pt missed,,,,101108|200782|201569|201935|202329|203081|203090|203468|203991|203994,101108|200782|201569|201935|203991,202329|203081|203090|203468|203994,2.0,16.0,1610612745.0,21800402,True
1,PT11M02.00S,11:02,Q1 11:02,47.03333333333333,13,2pt,MISS Harkless 6' Layup,['pointsinthepaint'],Harkless,2,0,Missed,True,False,203090.0,,2pt made,block,,,,101108|200782|201569|201935|202329|203081|203090|203468|203991|203994,202329|203081|203090|203468|203994,101108|200782|201569|201935|203991,40.0,39.0,1610612757.0,21800402,True
1,PT11M02.00S,11:02,Q1 11:02,47.03333333333333,13,block,Paul BLOCK (1 BLK),[],Paul,2,0,,False,False,101108.0,,2pt missed,rebound,,,101108.0,101108|200782|201569|201935|202329|203081|203090|203468|203991|203994,101108|200782|201569|201935|203991,202329|203081|203090|203468|203994,,,1610612745.0,21800402,True
1,PT10M59.00S,10:59,Q1 10:59,46.983333333333334,15,rebound,Paul REBOUND (Off:0 Def:1),[],Paul,2,0,,False,False,101108.0,,block,2pt missed,,,,101108|200782|201569|201935|202329|203081|203090|203468|203991|203994,101108|200782|201569|201935|203991,202329|203081|203090|203468|203994,,,1610612745.0,21800402,True
1,PT10M56.00S,10:56,Q1 10:56,46.93333333333334,16,2pt,MISS Harden 5' Driving Floating Bank Jump Shot,['pointsinthepaint'],Harden,2,0,Missed,True,False,201935.0,,rebound,rebound,,,,101108|200782|201569|201935|202329|203081|203090|203468|203991|203994,101108|200782|201569|201935|203991,202329|203081|203090|203468|203994,-48.0,25.0,1610612745.0,21800402,True
1,PT10M55.00S,10:55,Q1 10:55,46.916666666666664,17,rebound,Aminu REBOUND (Off:0 Def:1),[],Aminu,2,0,,False,False,202329.0,,2pt missed,2pt made,,,,101108|200782|201569|201935|202329|203081|203090|203468|203991|203994,202329|203081|203090|203468|203994,101108|200782|201569|201935|203991,,,1610612757.0,21800402,True
1,PT10M45.00S,10:45,Q1 10:45,46.75,18,2pt,McCollum 6' Driving Floating Jump Shot (2 PTS),['pointsinthepaint'],McCollum,2,2,Made,True,False,203468.0,,rebound,2pt made,,,,101108|200782|201569|201935|202329|203081|203090|203468|203991|203994,202329|203081|203090|203468|203994,101108|200782|201569|201935|203991,11.0,58.0,1610612757.0,21800402,True
1,PT10M39.00S,10:39,Q1 10:39,46.65,19,2pt,Tucker 2' Driving Reverse Layup (2 PTS) (Paul 1 AST),['pointsinthepaint'],Tucker,4,2,Made,True,True,200782.0,101108.0,2pt made,turnover,,,,101108|200782|201569|201935|202329|203081|203090|203468|203991|203994,101108|200782|201569|201935|203991,202329|203081|203090|203468|203994,17.0,11.0,1610612745.0,21800402,True
1,PT10M16.00S,10:16,Q1 10:16,46.266666666666666,21,turnover,Aminu Step Out of Bounds Turnover (P1.T2),[],Aminu,4,2,,False,False,202329.0,,2pt made,foul,,,,101108|200782|201569|201935|202329|203081|203090|203468|203991|203994,202329|203081|203090|203468|203994,101108|200782|201569|201935|203991,,,1610612757.0,21800402,True
1,PT10M00.00S,10:00,Q1 10:00,46.0,22,foul,Capela OFF.Foul (P1) (T.Brown),[],Capela,4,2,,False,False,203991.0,,turnover,turnover,203081.0,,,101108|200782|201569|201935|202329|203081|203090|203468|203991|203994,101108|200782|201569|201935|203991,202329|203081|203090|203468|203994,,,1610612745.0,21800402,True
1,PT10M00.00S,10:00,Q1 10:00,46.0,24,turnover,Capela Offensive Foul Turnover (P1.T1),[],Capela,4,2,,False,False,203991.0,,foul,2pt made,,,,101108|200782|201569|201935|202329|203081|203090|203468|203991|203994,101108|200782|201569|201935|203991,202329|203081|203090|203468|203994,,,1610612745.0,21800402,True
1,PT09M48.00S,09:48,Q1 09:48,45.8,25,2pt,Lillard 19' Fadeaway Jumper (2 PTS),[],Lillard,4,4,Made,True,False,203081.0,,turnover,2pt made,,,,101108|200782|201569|201935|202329|203081|203090|203468|203991|203994,202329|203081|203090|203468|203994,101108|200782|201569|201935|203991,3.0,191.0,1610612757.0,21800402,True
1,PT09M33.00S,09:33,Q1 09:33,45.55,26,2pt,Harden 2' Driving Layup (2 PTS),['pointsinthepaint'],Harden,6,4,Made,True,False,201935.0,,2pt made,2pt made,,,,101108|200782|201569|201935|202329|203081|203090|203468|203991|203994,101108|200782|201569|201935|203991,202329|203081|203090|203468|203994,-18.0,3.0,1610612745.0,21800402,True
1,PT09M19.00S,09:19,Q1 09:19,45.31666666666666,27,2pt,McCollum 22' Step Back Jump Shot (4 PTS),[],McCollum,6,6,Made,True,False,203468.0,,2pt made,2pt missed,,,,101108|200782|201569|201935|202329|203081|203090|203468|203991|203994,202329|203081|203090|203468|203994,101108|200782|201569|201935|203991,-103.0,189.0,1610612757.0,21800402,True
1,PT08M59.00S,08:59,Q1 08:59,44.983333333333334,28,2pt,MISS Harden 1' Driving Floating Jump Shot,['pointsinthepaint'],Harden,6,6,Missed,True,False,201935.0,,2pt made,rebound,,,,101108|200782|201569|201935|202329|203081|203090|203468|203991|203994,101108|200782|201569|201935|203991,202329|203081|203090|203468|203994,3.0,13.0,1610612745.0,21800402,True
1,PT08M58.00S,08:58,Q1 08:58,44.96666666666667,29,rebound,Capela REBOUND (Off:1 Def:0),[],Capela,6,6,,False,False,203991.0,,2pt missed,2pt missed,,,,101108|200782|201569|201935|202329|203081|203090|203468|203991|203994,101108|200782|201569|201935|203991,202329|203081|203090|203468|203994,,,1610612745.0,21800402,True
1,PT08M58.00S,08:58,Q1 08:58,44.96666666666667,30,2pt,MISS Capela 1' Tip Layup Shot,['pointsinthepaint'],Capela,6,6,Missed,True,False,203991.0,,rebound,rebound,,,,101108|200782|201569|201935|202329|203081|203090|203468|203991|203994,101108|200782|201569|201935|203991,202329|203081|203090|203468|203994,0.0,-6.0,1610612745.0,21800402,True
1,PT08M57.00S,08:57,Q1 08:57,44.95,31,rebound,Tucker REBOUND (Off:1 Def:0),[],Tucker,6,6,,False,False,200782.0,,2pt missed,foul,,,,101108|200782|201569|201935|202329|203081|203090|203468|203991|203994,101108|200782|201569|201935|203991,202329|203081|203090|203468|203994,,,1610612745.0,21800402,True
1,PT08M51.00S,08:51,Q1 08:51,44.85,32,foul,Aminu S.FOUL (P1.T1) (T.Brown),[],Aminu,6,6,,False,False,202329.0,,rebound,freethrow,203991.0,,,101108|200782|201569|201935|202329|203081|203090|203468|203991|203994,202329|203081|203090|203468|203994,101108|200782|201569|201935|203991,,,1610612757.0,21800402,True
1,PT08M51.00S,08:51,Q1 08:51,44.85,34,freethrow,Capela Free Throw 1 of 2 (3 PTS),[],Capela,7,6,Made,False,False,203991.0,,foul,freethrow,,,,101108|200782|201569|201935|202329|203081|203090|203468|203991|203994,101108|200782|201569|201935|203991,202329|203081|203090|203468|203994,,,1610612745.0,21800402,True
1,PT08M51.00S,08:51,Q1 08:51,44.85,35,freethrow,MISS Capela Free Throw 2 of 2,[],Capela,7,6,Missed,False,False,203991.0,,freethrow,rebound,,,,101108|200782|201569|201935|202329|203081|203090|203468|203991|203994,101108|200782|201569|201935|203991,202329|203081|203090|203468|203994,,,1610612745.0,21800402,True
1,PT08M51.00S,08:51,Q1 08:51,44.85,36,rebound,Aminu REBOUND (Off:0 Def:2),[],Aminu,7,6,,False,False,202329.0,,freethrow,3pt made,,,,101108|200782|201569|201935|202329|203081|203090|203468|203991|203994,202329|203081|203090|203468|203994,101108|200782|201569|201935|203991,,,1610612757.0,21800402,True
1,PT08M40.00S,08:40,Q1 08:40,44.666666666666664,37,3pt,Lillard 26' 3PT Step Back Jump Shot (5 PTS),[],Lillard,7,9,Made,True,False,203081.0,,rebound,3pt missed,,,,101108|200782|201569|201935|202329|203081|203090|203468|203991|203994,202329|203081|203090|203468|203994,101108|200782|201569|201935|203991,-126.0,232.0,1610612757.0,21800402,True
1,PT08M27.00S,08:27,Q1 08:27,44.45,38,3pt,MISS Tucker 25' 3PT Jump Shot,[],Tucker,7,9,Missed,True,False,200782.0,,3pt made,rebound,,,,101108|200782|201569|201935|202329|203081|203090|203468|203991|203994,101108|200782|201569|201935|203991,202329|203081|203090|203468|203994,-171.0,187.0,1610612745.0,21800402,True
1,PT08M26.00S,08:26,Q1 08:26,44.43333333333334,39,rebound,Nurkic REBOUND (Off:0 Def:1),[],Nurkic,7,9,,False,False,203994.0,,3pt missed,2pt made,,,,101108|200782|201569|201935|202329|203081|203090|203468|203991|203994,202329|203081|203090|203468|203994,101108|200782|201569|201935|203991,,,1610612757.0,21800402,True
1,PT08M11.00S,08:11,Q1 08:11,44.18333333333334,42,2pt,McCollum 1' Cutting Layup Shot (6 PTS) (Nurkic 1 AST),['pointsinthepaint'],McCollum,7,11,Made,True,True,203468.0,203994.0,rebound,2pt missed,,,,101108|200782|201569|201935|202329|203081|203090|203468|203991|203994,202329|203081|203090|203468|203994,101108|200782|201569|201935|203991,-2.0,6.0,1610612757.0,21800402,True
1,PT08M01.00S,08:01,Q1 08:01,44.016666666666666,44,2pt,MISS Paul 12' Pullup Jump Shot,[],Paul,7,11,Missed,True,False,101108.0,,2pt made,rebound,,,,101108|200782|201569|201935|202329|203081|203090|203468|203991|203994,101108|200782|201569|201935|203991,202329|203081|203090|203468|203994,106.0,51.0,1610612745.0,21800402,True
1,PT07M59.00S,07:59,Q1 07:59,43.983333333333334,45,rebound,McCollum REBOUND (Off:0 Def:1),[],McCollum,7,11,,False,False,203468.0,,2pt missed,2pt missed,,,,101108|200782|201569|201935|202329|203081|203090|203468|203991|203994,202329|203081|203090|203468|203994,101108|200782|201569|201935|203991,,,1610612757.0,21800402,True
1,PT07M50.00S,07:50,Q1 07:50,43.833333333333336,46,2pt,MISS Nurkic 6' Layup,['pointsinthepaint'],Nurkic,7,11,Missed,True,False,203994.0,,rebound,rebound,,,,101108|200782|201569|201935|202329|203081|203090|203468|203991|203994,202329|203081|203090|203468|203994,101108|200782|201569|201935|203991,10.0,63.0,1610612757.0,21800402,True
1,PT07M49.00S,07:49,Q1 07:49,43.81666666666666,47,rebound,Aminu REBOUND (Off:1 Def:2),[],Aminu,7,11,,False,False,202329.0,,2pt missed,2pt missed,,,,101108|200782|201569|201935|202329|203081|203090|203468|203991|203994,202329|203081|203090|203468|203994,101108|200782|201569|201935|203991,,,1610612757.0,21800402,True
1,PT07M49.00S,07:49,Q1 07:49,43.81666666666666,67,2pt,MISS Aminu 1' Tip Layup Shot,['pointsinthepaint'],Aminu,7,11,Missed,True,False,202329.0,,rebound,rebound,,,,101108|200782|201569|201935|202329|203081|203090|203468|203991|203994,202329|203081|203090|203468|203994,101108|200782|201569|201935|203991,9.0,4.0,1610612757.0,21800402,True
1,PT07M48.00S,07:48,Q1 07:48,43.8,68,rebound,Aminu REBOUND (Off:2 Def:2),[],Aminu,7,11,,False,False,202329.0,,2pt missed,2pt made,,,,101108|200782|201569|201935|202329|203081|203090|203468|203991|203994,202329|203081|203090|203468|203994,101108|200782|201569|201935|203991,,,1610612757.0,21800402,True
1,PT07M46.00S,07:46,Q1 07:46,43.766666666666666,48,2pt,Aminu 4' Turnaround Hook Shot (2 PTS),['pointsinthepaint'],Aminu,7,13,Made,True,False,202329.0,,rebound,3pt made,,,,101108|200782|201569|201935|202329|203081|203090|203468|203991|203994,202329|203081|203090|203468|203994,101108|200782|201569|201935|203991,-39.0,7.0,1610612757.0,21800402,True
1,PT07M35.00S,07:35,Q1 07:35,43.583333333333336,49,3pt,Tucker 3PT Jump Shot (5 PTS) (Capela 1 AST),[],Tucker,10,13,Made,True,True,200782.0,203991.0,2pt made,3pt made,,,,101108|200782|201569|201935|202329|203081|203090|203468|203991|203994,101108|200782|201569|201935|203991,202329|203081|203090|203468|203994,-225.0,56.0,1610612745.0,21800402,True
1,PT07M14.00S,07:14,Q1 07:14,43.233333333333334,51,3pt,Harkless 25' 3PT Jump Shot (3 PTS) (Nurkic 2 AST),[],Harkless,10,16,Made,True,True,203090.0,203994.0,3pt made,2pt missed,,,,101108|200782|201569|201935|202329|203081|203090|203468|203991|203994,202329|203081|203090|203468|203994,101108|200782|201569|201935|203991,-170.0,184.0,1610612757.0,21800402,True
1,PT07M01.00S,07:01,Q1 07:01,43.016666666666666,53,2pt,MISS Gordon 3' Driving Finger Roll Layup,['pointsinthepaint'],Gordon,10,16,Missed,True,False,201569.0,,3pt made,rebound,,,,101108|200782|201569|201935|202329|203081|203090|203468|203991|203994,101108|200782|201569|201935|203991,202329|203081|203090|203468|203994,18.0,21.0,1610612745.0,21800402,True
1,PT07M00.00S,07:00,Q1 07:00,43.0,54,rebound,Aminu REBOUND (Off:2 Def:3),[],Aminu,10,16,,False,False,202329.0,,2pt missed,3pt missed,,,,101108|200782|201569|201935|202329|203081|203090|203468|203991|203994,202329|203081|203090|203468|203994,101108|200782|201569|201935|203991,,,1610612757.0,21800402,True
1,PT06M53.00S,06:53,Q1 06:53,42.88333333333333,55,3pt,MISS McCollum 25' 3PT Jump Shot,[],McCollum,10,16,Missed,True,False,203468.0,,rebound,rebound,,,,101108|200782|201569|201935|202329|203081|203090|203468|203991|203994,202329|203081|203090|203468|203994,101108|200782|201569|201935|203991,127.0,218.0,1610612757.0,21800402,True
1,PT06M50.00S,06:50,Q1 06:50,42.833333333333336,56,rebound,Tucker REBOUND (Off:1 Def:1),[],Tucker,10,16,,False,False,200782.0,,3pt missed,3pt missed,,,,101108|200782|201569|201935|202329|203081|203090|203468|203991|203994,101108|200782|201569|201935|203991,202329|203081|203090|203468|203994,,,1610612745.0,21800402,True
1,PT06M43.00S,06:43,Q1 06:43,42.71666666666667,57,3pt,MISS Harden 25' 3PT Step Back Jump Shot,[],Harden,10,16,Missed,True,False,201935.0,,rebound,rebound,,,,101108|200782|201569|201935|202329|203081|203090|203468|203991|203994,101108|200782|201569|201935|203991,202329|203081|203090|203468|203994,-107.0,229.0,1610612745.0,21800402,True
1,PT06M40.00S,06:40,Q1 06:40,42.666666666666664,58,rebound,Nurkic REBOUND (Off:0 Def:2),[],Nurkic,10,16,,False,False,203994.0,,3pt missed,2pt made,,,,101108|200782|201569|201935|202329|203081|203090|203468|203991|203994,202329|203081|203090|203468|203994,101108|200782|201569|201935|203991,,,1610612757.0,21800402,True
1,PT06M28.00S,06:28,Q1 06:28,42.46666666666667,59,2pt,Lillard 1' Driving Layup (7 PTS),['pointsinthepaint'],Lillard,10,18,Made,True,False,203081.0,,rebound,foul,,,,101108|200782|201569|201935|202329|203081|203090|203468|203991|203994,202329|203081|203090|203468|203994,101108|200782|201569|201935|203991,-6.0,2.0,1610612757.0,21800402,True
1,PT06M28.00S,06:28,Q1 06:28,42.46666666666667,60,foul,Harden S.FOUL (P1.T1) (T.Ford),[],Harden,10,18,,False,False,201935.0,,2pt made,timeout,203081.0,,,101108|200782|201569|201935|202329|203081|203090|203468|203991|203994,101108|200782|201569|201935|203991,202329|203081|203090|203468|203994,,,1610612745.0,21800402,True
1,PT06M28.00S,06:28,Q1 06:28,42.46666666666667,62,timeout,ROCKETS Timeout: Regular (Full 1 Short 0),[],,10,18,,False,False,0.0,,foul,freethrow,,,,101108|200782|201569|201935|202329|203081|203090|203468|203991|203994,101108|200782|201569|201935|203991,202329|203081|203090|203468|203994,,,1610612745.0,21800402,True
1,PT06M28.00S,06:28,Q1 06:28,42.46666666666667,69,freethrow,Lillard Free Throw 1 of 1 (8 PTS),[],Lillard,10,19,Made,False,False,203081.0,,timeout,substitution,,,,101108|200782|201569|201935|202329|203081|203090|203468|203991|203994,202329|203081|203090|203468|203994,101108|200782|201569|201935|203991,,,1610612757.0,21800402,True
1,PT06M28.00S,06:28,Q1 06:28,42.46666666666667,63,substitution,SUB: Nene FOR Capela,[],Capela,10,18,,False,False,203991.0,,substitution,substitution,,,,101108|200782|201569|201935|202329|203081|203090|203468|203994|2403,101108|200782|201569|201935|2403,202329|203081|203090|203468|203994,,,1610612745.0,21800402,True
1,PT06M28.00S,06:28,Q1 06:28,42.46666666666667,64,substitution,SUB out: C. Paul,[],Paul,10,18,,False,False,101108.0,,substitution,substitution,,,,200782|201569|201935|202329|203081|203090|203468|203994|2403,200782|201569|201935|2403,202329|203081|203090|203468|203994,,,1610612745.0,21800402,False
1,PT06M28.00S,06:28,Q1 06:28,42.46666666666667,66,substitution,SUB in: J. Ennis III,[],Ennis III,10,18,,False,False,203516.0,,substitution,3pt missed,,,,200782|201569|201935|202329|203081|203090|203468|203516|203994|2403,200782|201569|201935|203516|2403,202329|203081|203090|203468|203994,,,1610612745.0,21800402,True
1,PT06M15.00S,06:15,Q1 06:15,42.25,70,3pt,MISS Harden 26' 3PT Step Back Jump Shot,[],Harden,10,19,Missed,True,False,201935.0,,substitution,rebound,,,,200782|201569|201935|202329|203081|203090|203468|203516|203994|2403,200782|201569|201935|203516|2403,202329|203081|203090|203468|203994,35.0,255.0,1610612745.0,21800402,True
1,PT06M14.00S,06:14,Q1 06:14,42.233333333333334,71,rebound,Ennis III REBOUND (Off:1 Def:0),[],Ennis III,10,19,,False,False,203516.0,,3pt missed,2pt made,,,,200782|201569|201935|202329|203081|203090|203468|203516|203994|2403,200782|201569|201935|203516|2403,202329|203081|203090|203468|203994,,,1610612745.0,21800402,True
1,PT06M14.00S,06:14,Q1 06:14,42.233333333333334,72,2pt,Ennis III 1' Tip Dunk Shot (2 PTS),['pointsinthepaint'],Ennis III,12,19,Made,True,False,203516.0,,rebound,2pt made,,,,200782|201569|201935|202329|203081|203090|203468|203516|203994|2403,200782|201569|201935|203516|2403,202329|203081|203090|203468|203994,0.0,-6.0,1610612745.0,21800402,True
1,PT05M57.00S,05:57,Q1 05:57,41.95,73,2pt,McCollum 2' Layup (8 PTS) (Nurkic 3 AST),['pointsinthepaint'],McCollum,12,21,Made,True,True,203468.0,203994.0,2pt made,3pt missed,,,,200782|201569|201935|202329|203081|203090|203468|203516|203994|2403,202329|203081|203090|203468|203994,200782|201569|201935|203516|2403,20.0,2.0,1610612757.0,21800402,True
1,PT05M37.00S,05:37,Q1 05:37,41.61666666666667,75,3pt,MISS Nene 25' 3PT Jump Shot,[],Hilario,12,21,Missed,True,False,2403.0,,2pt made,rebound,,,,200782|201569|201935|202329|203081|203090|203468|203516|203994|2403,200782|201569|201935|203516|2403,202329|203081|203090|203468|203994,81.0,237.0,1610612745.0,21800402,True
1,PT05M37.00S,05:37,Q1 05:37,41.61666666666667,76,rebound,Harkless REBOUND (Off:0 Def:2),[],Harkless,12,21,,False,False,203090.0,,3pt missed,2pt missed,,,,200782|201569|201935|202329|203081|203090|203468|203516|203994|2403,202329|203081|203090|203468|203994,200782|201569|201935|203516|2403,,,1610612757.0,21800402,True
1,PT05M23.00S,05:23,Q1 05:23,41.38333333333333,77,2pt,MISS Nurkic 2' Layup,['pointsinthepaint'],Nurkic,12,21,Missed,True,False,203994.0,,rebound,block,,,,200782|201569|201935|202329|203081|203090|203468|203516|203994|2403,202329|203081|203090|203468|203994,200782|201569|201935|203516|2403,6.0,17.0,1610612757.0,21800402,True
1,PT05M23.00S,05:23,Q1 05:23,41.38333333333333,77,block,Nene BLOCK (1 BLK),[],Hilario,12,21,,False,False,2403.0,,2pt missed,rebound,,,2403.0,200782|201569|201935|202329|203081|203090|203468|203516|203994|2403,200782|201569|201935|203516|2403,202329|203081|203090|203468|203994,,,1610612745.0,21800402,True
1,PT05M23.00S,05:23,Q1 05:23,41.38333333333333,79,rebound,TEAM offensive REBOUND,['team'],,12,21,,False,False,0.0,,block,substitution,,,,200782|201569|201935|202329|203081|203090|203468|203516|203994|2403,202329|203081|203090|203468|203994,200782|201569|201935|203516|2403,,,1610612757.0,21800402,True
1,PT05M23.00S,05:23,Q1 05:23,41.38333333333333,81,substitution,SUB out: M. Harkless,[],Harkless,12,21,,False,False,203090.0,,rebound,substitution,,,,200782|201569|201935|202329|203081|203468|203516|203994|2403,202329|203081|203468|203994,200782|201569|201935|203516|2403,,,1610612757.0,21800402,False
1,PT05M23.00S,05:23,Q1 05:23,41.38333333333333,82,substitution,SUB in: E. Turner,[],Turner,12,21,,False,False,202323.0,,substitution,2pt missed,,,,200782|201569|201935|202323|202329|203081|203468|203516|203994|2403,202323|202329|203081|203468|203994,200782|201569|201935|203516|2403,,,1610612757.0,21800402,True
1,PT05M12.00S,05:12,Q1 05:12,41.2,84,2pt,MISS McCollum 19' Pullup Jump Shot,[],McCollum,12,21,Missed,True,False,203468.0,,substitution,rebound,,,,200782|201569|201935|202323|202329|203081|203468|203516|203994|2403,202323|202329|203081|203468|203994,200782|201569|201935|203516|2403,-84.0,175.0,1610612757.0,21800402,True
1,PT05M10.00S,05:10,Q1 05:10,41.166666666666664,85,rebound,Nurkic REBOUND (Off:1 Def:2),[],Nurkic,12,21,,False,False,203994.0,,2pt missed,2pt missed,,,,200782|201569|201935|202323|202329|203081|203468|203516|203994|2403,202323|202329|203081|203468|203994,200782|201569|201935|203516|2403,,,1610612757.0,21800402,True
1,PT05M09.00S,05:09,Q1 05:09,41.15,86,2pt,MISS Aminu 9' Floating Jump Shot,['pointsinthepaint'],Aminu,12,21,Missed,True,False,202329.0,,rebound,rebound,,,,200782|201569|201935|202323|202329|203081|203468|203516|203994|2403,202323|202329|203081|203468|203994,200782|201569|201935|203516|2403,-3.0,86.0,1610612757.0,21800402,True
1,PT05M06.00S,05:06,Q1 05:06,41.1,87,rebound,Nurkic REBOUND (Off:2 Def:2),[],Nurkic,12,21,,False,False,203994.0,,2pt missed,foul,,,,200782|201569|201935|202323|202329|203081|203468|203516|203994|2403,202323|202329|203081|203468|203994,200782|201569|201935|203516|2403,,,1610612757.0,21800402,True
1,PT05M05.00S,05:05,Q1 05:05,41.083333333333336,90,foul,Nene S.FOUL (P1.T2) (J.Orr),[],Hilario,12,21,,False,False,2403.0,,rebound,freethrow,203994.0,,,200782|201569|201935|202323|202329|203081|203468|203516|203994|2403,200782|201569|201935|203516|2403,202323|202329|203081|203468|203994,,,1610612745.0,21800402,True
1,PT05M05.00S,05:05,Q1 05:05,41.083333333333336,92,freethrow,Nurkic Free Throw 1 of 2 (1 PTS),[],Nurkic,12,22,Made,False,False,203994.0,,foul,freethrow,,,,200782|201569|201935|202323|202329|203081|203468|203516|203994|2403,202323|202329|203081|203468|203994,200782|201569|201935|203516|2403,,,1610612757.0,21800402,True
1,PT05M05.00S,05:05,Q1 05:05,41.083333333333336,93,freethrow,Nurkic Free Throw 2 of 2 (2 PTS),[],Nurkic,12,23,Made,False,False,203994.0,,freethrow,3pt missed,,,,200782|201569|201935|202323|202329|203081|203468|203516|203994|2403,202323|202329|203081|203468|203994,200782|201569|201935|203516|2403,,,1610612757.0,21800402,True
1,PT04M50.00S,04:50,Q1 04:50,40.833333333333336,94,3pt,MISS Gordon 25' 3PT Jump Shot,[],Gordon,12,23,Missed,True,False,201569.0,,freethrow,rebound,,,,200782|201569|201935|202323|202329|203081|203468|203516|203994|2403,200782|201569|201935|203516|2403,202323|202329|203081|203468|203994,116.0,227.0,1610612745.0,21800402,True
1,PT04M47.00S,04:47,Q1 04:47,40.78333333333333,95,rebound,Nurkic REBOUND (Off:2 Def:3),[],Nurkic,12,23,,False,False,203994.0,,3pt missed,3pt missed,,,,200782|201569|201935|202323|202329|203081|203468|203516|203994|2403,202323|202329|203081|203468|203994,200782|201569|201935|203516|2403,,,1610612757.0,21800402,True
1,PT04M37.00S,04:37,Q1 04:37,40.61666666666667,96,3pt,MISS Lillard 26' 3PT Jump Shot,[],Lillard,12,23,Missed,True,False,203081.0,,rebound,rebound,,,,200782|201569|201935|202323|202329|203081|203468|203516|203994|2403,202323|202329|203081|203468|203994,200782|201569|201935|203516|2403,-43.0,254.0,1610612757.0,21800402,True
1,PT04M35.00S,04:35,Q1 04:35,40.583333333333336,97,rebound,Aminu REBOUND (Off:3 Def:3),[],Aminu,12,23,,False,False,202329.0,,3pt missed,2pt made,,,,200782|201569|201935|202323|202329|203081|203468|203516|203994|2403,202323|202329|203081|203468|203994,200782|201569|201935|203516|2403,,,1610612757.0,21800402,True
1,PT04M30.00S,04:30,Q1 04:30,40.5,98,2pt,Lillard Cutting Layup Shot (10 PTS) (Aminu 1 AST),['pointsinthepaint'],Lillard,12,25,Made,True,True,203081.0,202329.0,rebound,2pt missed,,,,200782|201569|201935|202323|202329|203081|203468|203516|203994|2403,202323|202329|203081|203468|203994,200782|201569|201935|203516|2403,-1.0,-3.0,1610612757.0,21800402,True
1,PT04M16.00S,04:16,Q1 04:16,40.266666666666666,100,2pt,MISS Harden 8' Driving Floating Jump Shot,['pointsinthepaint'],Harden,12,25,Missed,True,False,201935.0,,2pt made,rebound,,,,200782|201569|201935|202323|202329|203081|203468|203516|203994|2403,200782|201569|201935|203516|2403,202323|202329|203081|203468|203994,-38.0,71.0,1610612745.0,21800402,True
1,PT04M14.00S,04:14,Q1 04:14,40.233333333333334,101,rebound,Aminu REBOUND (Off:3 Def:4),[],Aminu,12,25,,False,False,202329.0,,2pt missed,2pt missed,,,,200782|201569|201935|202323|202329|203081|203468|203516|203994|2403,202323|202329|203081|203468|203994,200782|201569|201935|203516|2403,,,1610612757.0,21800402,True
1,PT04M05.00S,04:05,Q1 04:05,40.083333333333336,102,2pt,MISS McCollum 7' Floating Jump Shot,['pointsinthepaint'],McCollum,12,25,Missed,True,False,203468.0,,rebound,rebound,,,,200782|201569|201935|202323|202329|203081|203468|203516|203994|2403,202323|202329|203081|203468|203994,200782|201569|201935|203516|2403,47.0,54.0,1610612757.0,21800402,True
1,PT04M04.00S,04:04,Q1 04:04,40.06666666666666,103,rebound,Turner REBOUND (Off:1 Def:0),[],Turner,12,25,,False,False,202323.0,,2pt missed,2pt made,,,,200782|201569|201935|202323|202329|203081|203468|203516|203994|2403,202323|202329|203081|203468|203994,200782|201569|201935|203516|2403,,,1610612757.0,21800402,True
1,PT04M04.00S,04:04,Q1 04:04,40.06666666666666,104,2pt,Turner 1' Tip Layup Shot (2 PTS),['pointsinthepaint'],Turner,12,27,Made,True,False,202323.0,,rebound,3pt made,,,,200782|201569|201935|202323|202329|203081|203468|203516|203994|2403,202323|202329|203081|203468|203994,200782|201569|201935|203516|2403,0.0,-6.0,1610612757.0,21800402,True
1,PT03M50.00S,03:50,Q1 03:50,39.833333333333336,105,3pt,Harden 27' 3PT Step Back Jump Shot (5 PTS),[],Harden,15,27,Made,True,False,201935.0,,2pt made,2pt missed,,,,200782|201569|201935|202323|202329|203081|203468|203516|203994|2403,200782|201569|201935|203516|2403,202323|202329|203081|203468|203994,-36.0,271.0,1610612745.0,21800402,True
1,PT03M29.00S,03:29,Q1 03:29,39.483333333333334,106,2pt,MISS Lillard 1' Driving Layup,['pointsinthepaint'],Lillard,15,27,Missed,True,False,203081.0,,3pt made,rebound,,,,200782|201569|201935|202323|202329|203081|203468|203516|203994|2403,202323|202329|203081|203468|203994,200782|201569|201935|203516|2403,6.0,6.0,1610612757.0,21800402,True
1,PT03M27.00S,03:27,Q1 03:27,39.45,107,rebound,TEAM defensive REBOUND,['team'],,15,27,,False,False,0.0,,2pt missed,foul,,,,200782|201569|201935|202323|202329|203081|203468|203516|203994|2403,200782|201569|201935|203516|2403,202323|202329|203081|203468|203994,,,1610612745.0,21800402,True
1,PT03M27.00S,03:27,Q1 03:27,39.45,108,foul,Lillard L.B.FOUL (P1.T2) (T.Ford),[],Lillard,15,27,,False,False,203081.0,,rebound,timeout,,,,200782|201569|201935|202323|202329|203081|203468|203516|203994|2403,202323|202329|203081|203468|203994,200782|201569|201935|203516|2403,,,1610612757.0,21800402,True
1,PT03M27.00S,03:27,Q1 03:27,39.45,110,timeout,Trail Blazers Timeout: Regular (Reg.1 Short 0),[],,15,27,,False,False,0.0,,foul,substitution,,,,200782|201569|201935|202323|202329|203081|203468|203516|203994|2403,202323|202329|203081|203468|203994,200782|201569|201935|203516|2403,,,1610612757.0,21800402,True
1,PT03M27.00S,03:27,Q1 03:27,39.45,111,substitution,SUB out: P. Tucker,[],Tucker,15,27,,False,False,200782.0,,timeout,substitution,,,,201569|201935|202323|202329|203081|203468|203516|203994|2403,201569|201935|203516|2403,202323|202329|203081|203468|203994,,,1610612745.0,21800402,False
1,PT03M27.00S,03:27,Q1 03:27,39.45,112,substitution,SUB out: C. McCollum,[],McCollum,15,27,,False,False,203468.0,,substitution,substitution,,,,201569|201935|202323|202329|203081|203516|203994|2403,202323|202329|203081|203994,201569|201935|203516|2403,,,1610612757.0,21800402,False
1,PT03M27.00S,03:27,Q1 03:27,39.45,113,substitution,SUB out: J. Nurkic,[],Nurkic,15,27,,False,False,203994.0,,substitution,substitution,,,,201569|201935|202323|202329|203081|203516|2403,202323|202329|203081,201569|201935|203516|2403,,,1610612757.0,21800402,False
1,PT03M27.00S,03:27,Q1 03:27,39.45,114,substitution,SUB in: D. House Jr.,[],House Jr.,15,27,,False,False,1627863.0,,substitution,substitution,,,,1627863|201569|201935|202323|202329|203081|203516|2403,1627863|201569|201935|203516|2403,202323|202329|203081,,,1610612745.0,21800402,False
1,PT03M27.00S,03:27,Q1 03:27,39.45,115,substitution,SUB in: J. Layman,[],Layman,15,27,,False,False,1627774.0,,substitution,substitution,,,,1627774|1627863|201569|201935|202323|202329|203081|203516|2403,1627774|202323|202329|203081,1627863|201569|201935|203516|2403,,,1610612757.0,21800402,False
1,PT03M27.00S,03:27,Q1 03:27,39.45,116,substitution,SUB in: Z. Collins,[],Collins,15,27,,False,False,1628380.0,,substitution,2pt made,,,,1627774|1627863|1628380|201569|201935|202323|202329|203081|203516|2403,1627774|1628380|202323|202329|203081,1627863|201569|201935|203516|2403,,,1610612757.0,21800402,True
1,PT03M15.00S,03:15,Q1 03:15,39.25,117,2pt,Gordon Driving Layup (2 PTS),['pointsinthepaint'],Gordon,17,27,Made,True,False,201569.0,,substitution,foul,,,,1627774|1627863|1628380|201569|201935|202323|202329|203081|203516|2403,1627863|201569|201935|203516|2403,1627774|1628380|202323|202329|203081,-2.0,-4.0,1610612745.0,21800402,True
1,PT03M15.00S,03:15,Q1 03:15,39.25,118,foul,Collins S.FOUL (P1.T3) (J.Orr),[],Collins,17,27,,False,False,1628380.0,,2pt made,freethrow,201569.0,,,1627774|1627863|1628380|201569|201935|202323|202329|203081|203516|2403,1627774|1628380|202323|202329|203081,1627863|201569|201935|203516|2403,,,1610612757.0,21800402,True
1,PT03M15.00S,03:15,Q1 03:15,39.25,122,freethrow,MISS Gordon Free Throw 1 of 1,[],Gordon,17,27,Missed,False,False,201569.0,,foul,rebound,,,,1627774|1627863|1628380|201569|201935|202323|202329|203081|203516|2403,1627863|201569|201935|203516|2403,1627774|1628380|202323|202329|203081,,,1610612745.0,21800402,True
1,PT03M15.00S,03:15,Q1 03:15,39.25,123,rebound,Aminu REBOUND (Off:3 Def:5),[],Aminu,17,27,,False,False,202329.0,,freethrow,substitution,,,,1627774|1627863|1628380|201569|201935|202323|202329|203081|203516|2403,1627774|1628380|202323|202329|203081,1627863|201569|201935|203516|2403,,,1610612757.0,21800402,True
1,PT03M15.00S,03:15,Q1 03:15,39.25,120,substitution,SUB out: J. Harden,[],Harden,17,27,,False,False,201935.0,,rebound,substitution,,,,1627774|1627863|1628380|201569|202323|202329|203081|203516|2403,1627863|201569|203516|2403,1627774|1628380|202323|202329|203081,,,1610612745.0,21800402,False
1,PT03M15.00S,03:15,Q1 03:15,39.25,121,substitution,SUB in: C. Paul,[],Paul,17,27,,False,False,101108.0,,substitution,2pt made,,,,101108|1627774|1627863|1628380|201569|202323|202329|203081|203516|2403,101108|1627863|201569|203516|2403,1627774|1628380|202323|202329|203081,,,1610612745.0,21800402,True
1,PT02M54.00S,02:54,Q1 02:54,38.9,124,2pt,Lillard 1' Alley Oop Layup (12 PTS) (Turner 1 AST),['pointsinthepaint'],Lillard,17,29,Made,True,True,203081.0,202323.0,substitution,2pt made,,,,101108|1627774|1627863|1628380|201569|202323|202329|203081|203516|2403,1627774|1628380|202323|202329|203081,101108|1627863|201569|203516|2403,0.0,-5.0,1610612757.0,21800402,True
1,PT02M37.00S,02:37,Q1 02:37,38.61666666666667,126,2pt,Nene 1' Driving Finger Roll Layup (2 PTS) (Gordon 1 AST),['pointsinthepaint'],Hilario,19,29,Made,True,True,2403.0,201569.0,2pt made,substitution,,,,101108|1627774|1627863|1628380|201569|202323|202329|203081|203516|2403,101108|1627863|201569|203516|2403,1627774|1628380|202323|202329|203081,3.0,13.0,1610612745.0,21800402,True
1,PT02M23.00S,02:23,Q1 02:23,38.38333333333333,129,substitution,SUB out: E. Gordon,[],Gordon,19,29,,False,False,201569.0,,2pt made,substitution,,,,101108|1627774|1627863|1628380|202323|202329|203081|203516|2403,101108|1627863|203516|2403,1627774|1628380|202323|202329|203081,,,1610612745.0,21800402,False
1,PT02M23.00S,02:23,Q1 02:23,38.38333333333333,130,substitution,SUB out: D. Lillard,[],Lillard,19,29,,False,False,203081.0,,substitution,substitution,,,,101108|1627774|1627863|1628380|202323|202329|203516|2403,1627774|1628380|202323|202329,101108|1627863|203516|2403,,,1610612757.0,21800402,False
1,PT02M23.00S,02:23,Q1 02:23,38.38333333333333,131,substitution,SUB in: G. Green,[],Green,19,29,,False,False,101123.0,,substitution,substitution,,,,101108|101123|1627774|1627863|1628380|202323|202329|203516|2403,101108|101123|1627863|203516|2403,1627774|1628380|202323|202329,,,1610612745.0,21800402,False
1,PT02M23.00S,02:23,Q1 02:23,38.38333333333333,132,substitution,SUB in: N. Stauskas,[],Stauskas,19,29,,False,False,203917.0,,substitution,turnover,,,,101108|101123|1627774|1627863|1628380|202323|202329|203516|203917|2403,1627774|1628380|202323|202329|203917,101108|101123|1627863|203516|2403,,,1610612757.0,21800402,True
1,PT02M14.00S,02:14,Q1 02:14,38.233333333333334,133,turnover,Collins Traveling Turnover (P1.T3),[],Collins,19,29,,False,False,1628380.0,,substitution,3pt made,,,,101108|101123|1627774|1627863|1628380|202323|202329|203516|203917|2403,1627774|1628380|202323|202329|203917,101108|101123|1627863|203516|2403,,,1610612757.0,21800402,True
1,PT02M03.00S,02:03,Q1 02:03,38.05,134,3pt,Green 26' 3PT Jump Shot (3 PTS) (Paul 2 AST),[],Green,22,29,Made,True,True,101123.0,101108.0,turnover,turnover,,,,101108|101123|1627774|1627863|1628380|202323|202329|203516|203917|2403,101108|101123|1627863|203516|2403,1627774|1628380|202323|202329|203917,88.0,243.0,1610612745.0,21800402,True
1,PT01M40.00S,01:40,Q1 01:40,37.666666666666664,136,turnover,Aminu Out of Bounds Lost Ball Turnover (P2.T4),[],Aminu,22,29,,False,False,202329.0,,3pt made,substitution,,,,101108|101123|1627774|1627863|1628380|202323|202329|203516|203917|2403,1627774|1628380|202323|202329|203917,101108|101123|1627863|203516|2403,,,1610612757.0,21800402,True
1,PT01M40.00S,01:40,Q1 01:40,37.666666666666664,137,substitution,SUB out: A. Aminu,[],Aminu,22,29,,False,False,202329.0,,turnover,substitution,,,,101108|101123|1627774|1627863|1628380|202323|203516|203917|2403,1627774|1628380|202323|203917,101108|101123|1627863|203516|2403,,,1610612757.0,21800402,False
1,PT01M40.00S,01:40,Q1 01:40,37.666666666666664,138,substitution,SUB in: M. Harkless,[],Harkless,22,29,,False,False,203090.0,,substitution,turnover,,,,101108|101123|1627774|1627863|1628380|202323|203090|203516|203917|2403,1627774|1628380|202323|203090|203917,101108|101123|1627863|203516|2403,,,1610612757.0,21800402,True
1,PT01M28.00S,01:28,Q1 01:28,37.46666666666667,139,turnover,Paul Out of Bounds - Bad Pass Turnover Turnover (P1.T2),[],Paul,22,29,,False,False,101108.0,,substitution,2pt missed,,,,101108|101123|1627774|1627863|1628380|202323|203090|203516|203917|2403,101108|101123|1627863|203516|2403,1627774|1628380|202323|203090|203917,,,1610612745.0,21800402,True
1,PT01M15.00S,01:15,Q1 01:15,37.25,140,2pt,MISS Layman 22' Pullup Jump Shot,[],Layman,22,29,Missed,True,False,1627774.0,,turnover,rebound,,,,101108|101123|1627774|1627863|1628380|202323|203090|203516|203917|2403,1627774|1628380|202323|203090|203917,101108|101123|1627863|203516|2403,-133.0,181.0,1610612757.0,21800402,True
1,PT01M14.00S,01:14,Q1 01:14,37.233333333333334,141,rebound,House Jr. REBOUND (Off:0 Def:1),[],House Jr.,22,29,,False,False,1627863.0,,2pt missed,3pt made,,,,101108|101123|1627774|1627863|1628380|202323|203090|203516|203917|2403,101108|101123|1627863|203516|2403,1627774|1628380|202323|203090|203917,,,1610612745.0,21800402,True
1,PT01M05.00S,01:05,Q1 01:05,37.083333333333336,142,3pt,House Jr. 26' 3PT Jump Shot (3 PTS) (Paul 3 AST),[],House Jr.,25,29,Made,True,True,1627863.0,101108.0,rebound,2pt missed,,,,101108|101123|1627774|1627863|1628380|202323|203090|203516|203917|2403,101108|101123|1627863|203516|2403,1627774|1628380|202323|203090|203917,-129.0,224.0,1610612745.0,21800402,True
1,PT00M45.90S,00:45,Q1 00:45,36.765,144,2pt,MISS Collins 12' Jump Shot,[],Collins,25,29,Missed,True,False,1628380.0,,3pt made,block,,,,101108|101123|1627774|1627863|1628380|202323|203090|203516|203917|2403,1627774|1628380|202323|203090|203917,101108|101123|1627863|203516|2403,124.0,7.0,1610612757.0,21800402,True
1,PT00M45.90S,00:45,Q1 00:45,36.765,144,block,Nene BLOCK (2 BLK),[],Hilario,25,29,,False,False,2403.0,,2pt missed,rebound,,,2403.0,101108|101123|1627774|1627863|1628380|202323|203090|203516|203917|2403,101108|101123|1627863|203516|2403,1627774|1628380|202323|203090|203917,,,1610612745.0,21800402,True
1,PT00M44.60S,00:44,Q1 00:44,36.74333333333333,146,rebound,Nene REBOUND (Off:0 Def:1),[],Hilario,25,29,,False,False,2403.0,,block,2pt made,,,,101108|101123|1627774|1627863|1628380|202323|203090|203516|203917|2403,101108|101123|1627863|203516|2403,1627774|1628380|202323|203090|203917,,,1610612745.0,21800402,True
1,PT00M32.30S,00:32,Q1 00:32,36.538333333333334,147,2pt,Paul 1' Turnaround Jump Shot (2 PTS),['pointsinthepaint'],Paul,27,29,Made,True,False,101108.0,,rebound,3pt missed,,,,101108|101123|1627774|1627863|1628380|202323|203090|203516|203917|2403,101108|101123|1627863|203516|2403,1627774|1628380|202323|203090|203917,-3.0,6.0,1610612745.0,21800402,True
1,PT00M12.80S,00:12,Q1 00:12,36.21333333333333,148,3pt,MISS Collins 24' 3PT Jump Shot,[],Collins,27,29,Missed,True,False,1628380.0,,2pt made,rebound,,,,101108|101123|1627774|1627863|1628380|202323|203090|203516|203917|2403,1627774|1628380|202323|203090|203917,101108|101123|1627863|203516|2403,129.0,205.0,1610612757.0,21800402,True
1,PT00M11.30S,00:11,Q1 00:11,36.18833333333333,149,rebound,Paul REBOUND (Off:0 Def:2),[],Paul,27,29,,False,False,101108.0,,3pt missed,3pt missed,,,,101108|101123|1627774|1627863|1628380|202323|203090|203516|203917|2403,101108|101123|1627863|203516|2403,1627774|1628380|202323|203090|203917,,,1610612745.0,21800402,True
1,PT00M00.00S,00:00,Q1 00:00,36.0,150,3pt,MISS Paul 25' 3PT Jump Shot,[],Paul,27,29,Missed,True,False,101108.0,,rebound,rebound,,,,101108|101123|1627774|1627863|1628380|202323|203090|203516|203917|2403,101108|101123|1627863|203516|2403,1627774|1628380|202323|203090|203917,119.0,216.0,1610612745.0,21800402,True
1,PT00M00.00S,00:00,Q1 00:00,36.0,151,rebound,TEAM offensive REBOUND,['team'],,27,29,,False,False,0.0,,3pt missed,period,,,,101108|101123|1627774|1627863|1628380|202323|203090|203516|203917|2403,101108|101123|1627863|203516|2403,1627774|1628380|202323|203090|203917,,,1610612745.0,21800402,True
1,PT00M00.00S,00:00,Q1 00:00,36.0,152,period,End of 1st Period (8:35 PM EST),[],,27,29,,False,False,0.0,,rebound,period,,,,101108|101123|1627774|1627863|1628380|202323|203090|203516|203917|2403,101108|101123|1627863|203516|2403,1627774|1628380|202323|203090|203917,,,1610612745.0,21800402,True
2,PT12M00.00S,12:00,Q2 12:00,36.0,153,period,Start of 2nd Period (8:37 PM EST),[],,27,29,,False,False,0.0,,period,3pt missed,,,,101108|101123|1627774|1627863|1628380|202323|203090|203516|203917|2403,101108|101123|1627863|203516|2403,1627774|1628380|202323|203090|203917,,,1610612745.0,21800402,True
2,PT11M47.00S,11:47,Q2 11:47,35.78333333333333,154,3pt,MISS Harkless 25' 3PT Jump Shot,[],Harkless,27,29,Missed,True,False,203090.0,,period,rebound,,,,101108|101123|1627774|1627863|1628380|202323|203090|203516|203917|2403,1627774|1628380|202323|203090|203917,101108|101123|1627863|203516|2403,-98.0,231.0,1610612757.0,21800402,True
2,PT11M46.00S,11:46,Q2 11:46,35.766666666666666,155,rebound,Ennis III REBOUND (Off:1 Def:1),[],Ennis III,27,29,,False,False,203516.0,,3pt missed,3pt missed,,,,101108|101123|1627774|1627863|1628380|202323|203090|203516|203917|2403,101108|101123|1627863|203516|2403,1627774|1628380|202323|203090|203917,,,1610612745.0,21800402,True
2,PT11M40.00S,11:40,Q2 11:40,35.666666666666664,156,3pt,MISS House Jr. 3PT Jump Shot,[],House Jr.,27,29,Missed,True,False,1627863.0,,rebound,block,,,,101108|101123|1627774|1627863|1628380|202323|203090|203516|203917|2403,101108|101123|1627863|203516|2403,1627774|1628380|202323|203090|203917,224.0,22.0,1610612745.0,21800402,True
2,PT11M40.00S,11:40,Q2 11:40,35.666666666666664,156,block,Harkless BLOCK (1 BLK),[],Harkless,27,29,,False,False,203090.0,,3pt missed,rebound,,,203090.0,101108|101123|1627774|1627863|1628380|202323|203090|203516|203917|2403,1627774|1628380|202323|203090|203917,101108|101123|1627863|203516|2403,,,1610612757.0,21800402,True
2,PT11M40.00S,11:40,Q2 11:40,35.666666666666664,158,rebound,Paul REBOUND (Off:1 Def:2),[],Paul,27,29,,False,False,101108.0,,block,2pt made,,,,101108|101123|1627774|1627863|1628380|202323|203090|203516|203917|2403,101108|101123|1627863|203516|2403,1627774|1628380|202323|203090|203917,,,1610612745.0,21800402,True
2,PT11M30.00S,11:30,Q2 11:30,35.5,159,2pt,Green 4' Driving Hook Shot (5 PTS),['pointsinthepaint'],Green,29,29,Made,True,False,101123.0,,rebound,2pt missed,,,,101108|101123|1627774|1627863|1628380|202323|203090|203516|203917|2403,101108|101123|1627863|203516|2403,1627774|1628380|202323|203090|203917,29.0,24.0,1610612745.0,21800402,True
2,PT11M17.00S,11:17,Q2 11:17,35.28333333333333,160,2pt,MISS Layman 4' Driving Layup,['pointsinthepaint'],Layman,29,29,Missed,True,False,1627774.0,,2pt made,rebound,,,,101108|101123|1627774|1627863|1628380|202323|203090|203516|203917|2403,1627774|1628380|202323|203090|203917,101108|101123|1627863|203516|2403,40.0,1.0,1610612757.0,21800402,True
2,PT11M17.00S,11:17,Q2 11:17,35.28333333333333,162,rebound,TEAM offensive REBOUND,['team'],,29,29,,False,False,0.0,,2pt missed,substitution,,,,101108|101123|1627774|1627863|1628380|202323|203090|203516|203917|2403,1627774|1628380|202323|203090|203917,101108|101123|1627863|203516|2403,,,1610612757.0,21800402,True
2,PT11M17.00S,11:17,Q2 11:17,35.28333333333333,164,substitution,SUB out: J. Layman,[],Layman,29,29,,False,False,1627774.0,,rebound,substitution,,,,101108|101123|1627863|1628380|202323|203090|203516|203917|2403,1628380|202323|203090|203917,101108|101123|1627863|203516|2403,,,1610612757.0,21800402,False
2,PT11M17.00S,11:17,Q2 11:17,35.28333333333333,165,substitution,SUB in: S. Curry,[],Curry,29,29,,False,False,203552.0,,substitution,2pt missed,,,,101108|101123|1627863|1628380|202323|203090|203516|203552|203917|2403,1628380|202323|203090|203552|203917,101108|101123|1627863|203516|2403,,,1610612757.0,21800402,True
2,PT11M04.00S,11:04,Q2 11:04,35.06666666666666,166,2pt,MISS Collins 19' Jump Shot,[],Collins,29,29,Missed,True,False,1628380.0,,substitution,rebound,,,,101108|101123|1627863|1628380|202323|203090|203516|203552|203917|2403,1628380|202323|203090|203552|203917,101108|101123|1627863|203516|2403,10.0,185.0,1610612757.0,21800402,True
2,PT11M01.00S,11:01,Q2 11:01,35.016666666666666,167,rebound,Collins REBOUND (Off:1 Def:0),[],Collins,29,29,,False,False,1628380.0,,2pt missed,2pt made,,,,101108|101123|1627863|1628380|202323|203090|203516|203552|203917|2403,1628380|202323|203090|203552|203917,101108|101123|1627863|203516|2403,,,1610612757.0,21800402,True
2,PT10M50.00S,10:50,Q2 10:50,34.833333333333336,168,2pt,Collins 1' Layup (2 PTS) (Turner 2 AST),['pointsinthepaint'],Collins,29,31,Made,True,True,1628380.0,202323.0,rebound,3pt missed,,,,101108|101123|1627863|1628380|202323|203090|203516|203552|203917|2403,1628380|202323|203090|203552|203917,101108|101123|1627863|203516|2403,-9.0,5.0,1610612757.0,21800402,True
2,PT10M37.00S,10:37,Q2 10:37,34.61666666666667,170,3pt,MISS Paul 25' 3PT Pullup Jump Shot,[],Paul,29,31,Missed,True,False,101108.0,,2pt made,rebound,,,,101108|101123|1627863|1628380|202323|203090|203516|203552|203917|2403,101108|101123|1627863|203516|2403,1628380|202323|203090|203552|203917,34.0,251.0,1610612745.0,21800402,True
2,PT10M36.00S,10:36,Q2 10:36,34.6,171,rebound,Turner REBOUND (Off:1 Def:1),[],Turner,29,31,,False,False,202323.0,,3pt missed,2pt missed,,,,101108|101123|1627863|1628380|202323|203090|203516|203552|203917|2403,1628380|202323|203090|203552|203917,101108|101123|1627863|203516|2403,,,1610612757.0,21800402,True
2,PT10M23.00S,10:23,Q2 10:23,34.38333333333333,172,2pt,MISS Collins 2' Reverse Layup,['pointsinthepaint'],Collins,29,31,Missed,True,False,1628380.0,,rebound,block,,,,101108|101123|1627863|1628380|202323|203090|203516|203552|203917|2403,1628380|202323|203090|203552|203917,101108|101123|1627863|203516|2403,-14.0,11.0,1610612757.0,21800402,True
2,PT10M23.00S,10:23,Q2 10:23,34.38333333333333,172,block,Green BLOCK (1 BLK),[],Green,29,31,,False,False,101123.0,,2pt missed,rebound,,,101123.0,101108|101123|1627863|1628380|202323|203090|203516|203552|203917|2403,101108|101123|1627863|203516|2403,1628380|202323|203090|203552|203917,,,1610612745.0,21800402,True
2,PT10M21.00S,10:21,Q2 10:21,34.35,174,rebound,Paul REBOUND (Off:1 Def:3),[],Paul,29,31,,False,False,101108.0,,block,2pt made,,,,101108|101123|1627863|1628380|202323|203090|203516|203552|203917|2403,101108|101123|1627863|203516|2403,1628380|202323|203090|203552|203917,,,1610612745.0,21800402,True
2,PT10M16.00S,10:16,Q2 10:16,34.266666666666666,175,2pt,House Jr. 1' Running Layup (5 PTS) (Paul 4 AST),['pointsinthepaint'],House Jr.,31,31,Made,True,True,1627863.0,101108.0,rebound,2pt made,,,,101108|101123|1627863|1628380|202323|203090|203516|203552|203917|2403,101108|101123|1627863|203516|2403,1628380|202323|203090|203552|203917,-3.0,8.0,1610612745.0,21800402,True
2,PT10M03.00S,10:03,Q2 10:03,34.05,176,2pt,Harkless 1' Cutting Dunk Shot (5 PTS) (Turner 3 AST),['pointsinthepaint'],Harkless,31,33,Made,True,True,203090.0,202323.0,2pt made,2pt missed,,,,101108|101123|1627863|1628380|202323|203090|203516|203552|203917|2403,1628380|202323|203090|203552|203917,101108|101123|1627863|203516|2403,-2.0,7.0,1610612757.0,21800402,True
2,PT09M44.00S,09:44,Q2 09:44,33.733333333333334,178,2pt,MISS Green 8' Driving Floating Jump Shot,['pointsinthepaint'],Green,31,33,Missed,True,False,101123.0,,2pt made,rebound,,,,101108|101123|1627863|1628380|202323|203090|203516|203552|203917|2403,101108|101123|1627863|203516|2403,1628380|202323|203090|203552|203917,-10.0,84.0,1610612745.0,21800402,True
2,PT09M43.00S,09:43,Q2 09:43,33.71666666666667,179,rebound,Green REBOUND (Off:1 Def:0),[],Green,31,33,,False,False,101123.0,,2pt missed,3pt made,,,,101108|101123|1627863|1628380|202323|203090|203516|203552|203917|2403,101108|101123|1627863|203516|2403,1628380|202323|203090|203552|203917,,,1610612745.0,21800402,True
2,PT09M31.00S,09:31,Q2 09:31,33.516666666666666,180,3pt,Green 26' 3PT Jump Shot (8 PTS) (House Jr. 1 AST),[],Green,34,33,Made,True,True,101123.0,1627863.0,rebound,2pt missed,,,,101108|101123|1627863|1628380|202323|203090|203516|203552|203917|2403,101108|101123|1627863|203516|2403,1628380|202323|203090|203552|203917,190.0,183.0,1610612745.0,21800402,True
2,PT09M04.00S,09:04,Q2 09:04,33.06666666666666,182,2pt,MISS Turner 18' Pullup Jump Shot,[],Turner,34,33,Missed,True,False,202323.0,,3pt made,rebound,,,,101108|101123|1627863|1628380|202323|203090|203516|203552|203917|2403,1628380|202323|203090|203552|203917,101108|101123|1627863|203516|2403,64.0,163.0,1610612757.0,21800402,True
2,PT09M03.00S,09:03,Q2 09:03,33.05,183,rebound,Collins REBOUND (Off:2 Def:0),[],Collins,34,33,,False,False,1628380.0,,2pt missed,substitution,,,,101108|101123|1627863|1628380|202323|203090|203516|203552|203917|2403,1628380|202323|203090|203552|203917,101108|101123|1627863|203516|2403,,,1610612757.0,21800402,True
2,PT09M00.00S,09:00,Q2 09:00,33.0,185,substitution,SUB out: N. Hilario,[],Hilario,34,33,,False,False,2403.0,,rebound,substitution,,,,101108|101123|1627863|1628380|202323|203090|203516|203552|203917,101108|101123|1627863|203516,1628380|202323|203090|203552|203917,,,1610612745.0,21800402,False
2,PT09M00.00S,09:00,Q2 09:00,33.0,186,substitution,SUB out: N. Stauskas,[],Stauskas,34,33,,False,False,203917.0,,substitution,substitution,,,,101108|101123|1627863|1628380|202323|203090|203516|203552,1628380|202323|203090|203552,101108|101123|1627863|203516,,,1610612757.0,21800402,False
2,PT09M00.00S,09:00,Q2 09:00,33.0,187,substitution,SUB in: C. Capela,[],Capela,34,33,,False,False,203991.0,,substitution,substitution,,,,101108|101123|1627863|1628380|202323|203090|203516|203552|203991,101108|101123|1627863|203516|203991,1628380|202323|203090|203552,,,1610612745.0,21800402,False
2,PT09M00.00S,09:00,Q2 09:00,33.0,188,substitution,SUB in: C. McCollum,[],McCollum,34,33,,False,False,203468.0,,substitution,3pt missed,,,,101108|101123|1627863|1628380|202323|203090|203468|203516|203552|203991,1628380|202323|203090|203468|203552,101108|101123|1627863|203516|203991,,,1610612757.0,21800402,True
2,PT08M55.00S,08:55,Q2 08:55,32.916666666666664,189,3pt,MISS McCollum 26' 3PT Pullup Jump Shot,[],McCollum,34,33,Missed,True,False,203468.0,,substitution,rebound,,,,101108|101123|1627863|1628380|202323|203090|203468|203516|203552|203991,1628380|202323|203090|203468|203552,101108|101123|1627863|203516|203991,144.0,216.0,1610612757.0,21800402,True
2,PT08M51.00S,08:51,Q2 08:51,32.85,190,rebound,Ennis III REBOUND (Off:1 Def:2),[],Ennis III,34,33,,False,False,203516.0,,3pt missed,turnover,,,,101108|101123|1627863|1628380|202323|203090|203468|203516|203552|203991,101108|101123|1627863|203516|203991,1628380|202323|203090|203468|203552,,,1610612745.0,21800402,True
2,PT08M39.00S,08:39,Q2 08:39,32.65,192,turnover,Capela Kicked Ball Violation Turnover (P2.T3),[],Capela,34,33,,False,False,203991.0,,rebound,foul,,,,101108|101123|1627863|1628380|202323|203090|203468|203516|203552|203991,101108|101123|1627863|203516|203991,1628380|202323|203090|203468|203552,,,1610612745.0,21800402,True
2,PT08M28.00S,08:28,Q2 08:28,32.46666666666667,193,foul,Paul P.FOUL (P1.T1) (J.Orr),[],Paul,34,33,,False,False,101108.0,,turnover,substitution,202323.0,,,101108|101123|1627863|1628380|202323|203090|203468|203516|203552|203991,101108|101123|1627863|203516|203991,1628380|202323|203090|203468|203552,,,1610612745.0,21800402,True
2,PT08M28.00S,08:28,Q2 08:28,32.46666666666667,195,substitution,SUB out: J. Ennis III,[],Ennis III,34,33,,False,False,203516.0,,foul,substitution,,,,101108|101123|1627863|1628380|202323|203090|203468|203552|203991,101108|101123|1627863|203991,1628380|202323|203090|203468|203552,,,1610612745.0,21800402,False
2,PT08M28.00S,08:28,Q2 08:28,32.46666666666667,196,substitution,SUB in: E. Gordon,[],Gordon,34,33,,False,False,201569.0,,substitution,turnover,,,,101108|101123|1627863|1628380|201569|202323|203090|203468|203552|203991,101108|101123|1627863|201569|203991,1628380|202323|203090|203468|203552,,,1610612745.0,21800402,True
2,PT08M16.00S,08:16,Q2 08:16,32.266666666666666,197,turnover,Turner Bad Pass Turnover (P1.T5),[],Turner,34,33,,False,False,202323.0,,substitution,steal,,,,101108|101123|1627863|1628380|201569|202323|203090|203468|203552|203991,1628380|202323|203090|203468|203552,101108|101123|1627863|201569|203991,,,1610612757.0,21800402,True
2,PT08M16.00S,08:16,Q2 08:16,32.266666666666666,197,steal,Green STEAL (1 STL),[],Green,34,33,,False,False,101123.0,,turnover,foul,,101123.0,,101108|101123|1627863|1628380|201569|202323|203090|203468|203552|203991,101108|101123|1627863|201569|203991,1628380|202323|203090|203468|203552,,,1610612745.0,21800402,True
2,PT08M14.00S,08:14,Q2 08:14,32.233333333333334,199,foul,Harkless S.FOUL (P1.T1) (J.Orr),[],Harkless,34,33,,False,False,203090.0,,steal,freethrow,1627863.0,,,101108|101123|1627863|1628380|201569|202323|203090|203468|203552|203991,1628380|202323|203090|203468|203552,101108|101123|1627863|201569|203991,,,1610612757.0,21800402,True
2,PT08M14.00S,08:14,Q2 08:14,32.233333333333334,201,freethrow,House Jr. Free Throw 1 of 2 (6 PTS),[],House Jr.,35,33,Made,False,False,1627863.0,,foul,freethrow,,,,101108|101123|1627863|1628380|201569|202323|203090|203468|203552|203991,101108|101123|1627863|201569|203991,1628380|202323|203090|203468|203552,,,1610612745.0,21800402,True
2,PT08M14.00S,08:14,Q2 08:14,32.233333333333334,202,freethrow,House Jr. Free Throw 2 of 2 (7 PTS),[],House Jr.,36,33,Made,False,False,1627863.0,,freethrow,turnover,,,,101108|101123|1627863|1628380|201569|202323|203090|203468|203552|203991,101108|101123|1627863|201569|203991,1628380|202323|203090|203468|203552,,,1610612745.0,21800402,True
2,PT07M57.00S,07:57,Q2 07:57,31.95,203,turnover,McCollum Bad Pass Turnover (P1.T6),[],McCollum,36,33,,False,False,203468.0,,freethrow,steal,,,,101108|101123|1627863|1628380|201569|202323|203090|203468|203552|203991,1628380|202323|203090|203468|203552,101108|101123|1627863|201569|203991,,,1610612757.0,21800402,True
2,PT07M57.00S,07:57,Q2 07:57,31.95,203,steal,Capela STEAL (1 STL),[],Capela,36,33,,False,False,203991.0,,turnover,3pt missed,,203991.0,,101108|101123|1627863|1628380|201569|202323|203090|203468|203552|203991,101108|101123|1627863|201569|203991,1628380|202323|203090|203468|203552,,,1610612745.0,21800402,True
2,PT07M48.00S,07:48,Q2 07:48,31.8,205,3pt,MISS House Jr. 3PT Jump Shot,[],House Jr.,36,33,Missed,True,False,1627863.0,,steal,rebound,,,,101108|101123|1627863|1628380|201569|202323|203090|203468|203552|203991,101108|101123|1627863|201569|203991,1628380|202323|203090|203468|203552,229.0,29.0,1610612745.0,21800402,True
2,PT07M45.00S,07:45,Q2 07:45,31.75,206,rebound,Collins REBOUND (Off:2 Def:1),[],Collins,36,33,,False,False,1628380.0,,3pt missed,3pt made,,,,101108|101123|1627863|1628380|201569|202323|203090|203468|203552|203991,1628380|202323|203090|203468|203552,101108|101123|1627863|201569|203991,,,1610612757.0,21800402,True
2,PT07M37.00S,07:37,Q2 07:37,31.616666666666667,207,3pt,Curry 24' 3PT Jump Shot (3 PTS) (Turner 4 AST),[],Curry,36,36,Made,True,True,203552.0,202323.0,rebound,3pt missed,,,,101108|101123|1627863|1628380|201569|202323|203090|203468|203552|203991,1628380|202323|203090|203468|203552,101108|101123|1627863|201569|203991,-232.0,39.0,1610612757.0,21800402,True
2,PT07M25.00S,07:25,Q2 07:25,31.416666666666668,209,3pt,MISS Gordon 26' 3PT Jump Shot,[],Gordon,36,36,Missed,True,False,201569.0,,3pt made,rebound,,,,101108|101123|1627863|1628380|201569|202323|203090|203468|203552|203991,101108|101123|1627863|201569|203991,1628380|202323|203090|203468|203552,-92.0,239.0,1610612745.0,21800402,True
2,PT07M24.00S,07:24,Q2 07:24,31.4,211,rebound,Collins REBOUND (Off:2 Def:2),[],Collins,36,36,,False,False,1628380.0,,3pt missed,2pt missed,,,,101108|101123|1627863|1628380|201569|202323|203090|203468|203552|203991,1628380|202323|203090|203468|203552,101108|101123|1627863|201569|203991,,,1610612757.0,21800402,True
2,PT07M08.00S,07:08,Q2 07:08,31.133333333333333,210,2pt,MISS McCollum 7' Driving Floating Jump Shot,['pointsinthepaint'],McCollum,36,36,Missed,True,False,203468.0,,rebound,rebound,,,,101108|101123|1627863|1628380|201569|202323|203090|203468|203552|203991,1628380|202323|203090|203468|203552,101108|101123|1627863|201569|203991,3.0,71.0,1610612757.0,21800402,True
2,PT07M08.00S,07:08,Q2 07:08,31.133333333333333,212,rebound,Collins REBOUND (Off:3 Def:2),[],Collins,36,36,,False,False,1628380.0,,2pt missed,3pt made,,,,101108|101123|1627863|1628380|201569|202323|203090|203468|203552|203991,1628380|202323|203090|203468|203552,101108|101123|1627863|201569|203991,,,1610612757.0,21800402,True
2,PT06M55.00S,06:55,Q2 06:55,30.916666666666668,213,3pt,Collins 25' 3PT Jump Shot (5 PTS) (Turner 5 AST),[],Collins,36,39,Made,True,True,1628380.0,202323.0,rebound,timeout,,,,101108|101123|1627863|1628380|201569|202323|203090|203468|203552|203991,1628380|202323|203090|203468|203552,101108|101123|1627863|201569|203991,145.0,207.0,1610612757.0,21800402,True
2,PT06M54.00S,06:54,Q2 06:54,30.9,215,timeout,ROCKETS Timeout: Regular (Full 2 Short 0),[],,36,39,,False,False,0.0,,3pt made,substitution,,,,101108|101123|1627863|1628380|201569|202323|203090|203468|203552|203991,101108|101123|1627863|201569|203991,1628380|202323|203090|203468|203552,,,1610612745.0,21800402,True
2,PT06M54.00S,06:54,Q2 06:54,30.9,216,substitution,SUB out: C. Paul,[],Paul,36,39,,False,False,101108.0,,timeout,substitution,,,,101123|1627863|1628380|201569|202323|203090|203468|203552|203991,101123|1627863|201569|203991,1628380|202323|203090|203468|203552,,,1610612745.0,21800402,False
2,PT06M54.00S,06:54,Q2 06:54,30.9,217,substitution,SUB out: D. House Jr.,[],House Jr.,36,39,,False,False,1627863.0,,substitution,substitution,,,,101123|1628380|201569|202323|203090|203468|203552|203991,101123|201569|203991,1628380|202323|203090|203468|203552,,,1610612745.0,21800402,False
2,PT06M54.00S,06:54,Q2 06:54,30.9,218,substitution,SUB out: G. Green,[],Green,36,39,,False,False,101123.0,,substitution,substitution,,,,1628380|201569|202323|203090|203468|203552|203991,201569|203991,1628380|202323|203090|203468|203552,,,1610612745.0,21800402,False
2,PT06M54.00S,06:54,Q2 06:54,30.9,219,substitution,SUB out: E. Turner,[],Turner,36,39,,False,False,202323.0,,substitution,substitution,,,,1628380|201569|203090|203468|203552|203991,1628380|203090|203468|203552,201569|203991,,,1610612757.0,21800402,False
2,PT06M54.00S,06:54,Q2 06:54,30.9,220,substitution,SUB out: M. Harkless,[],Harkless,36,39,,False,False,203090.0,,substitution,substitution,,,,1628380|201569|203468|203552|203991,1628380|203468|203552,201569|203991,,,1610612757.0,21800402,False
2,PT06M54.00S,06:54,Q2 06:54,30.9,221,substitution,SUB out: Z. Collins,[],Collins,36,39,,False,False,1628380.0,,substitution,substitution,,,,201569|203468|203552|203991,203468|203552,201569|203991,,,1610612757.0,21800402,False
2,PT06M54.00S,06:54,Q2 06:54,30.9,222,substitution,SUB in: J. Harden,[],Harden,36,39,,False,False,201935.0,,substitution,substitution,,,,201569|201935|203468|203552|203991,201569|201935|203991,203468|203552,,,1610612745.0,21800402,False
2,PT06M54.00S,06:54,Q2 06:54,30.9,223,substitution,SUB in: J. Ennis III,[],Ennis III,36,39,,False,False,203516.0,,substitution,substitution,,,,201569|201935|203468|203516|203552|203991,201569|201935|203516|203991,203468|203552,,,1610612745.0,21800402,False
2,PT06M54.00S,06:54,Q2 06:54,30.9,224,substitution,SUB in: P. Tucker,[],Tucker,36,39,,False,False,200782.0,,substitution,substitution,,,,200782|201569|201935|203468|203516|203552|203991,200782|201569|201935|203516|203991,203468|203552,,,1610612745.0,21800402,False
2,PT06M54.00S,06:54,Q2 06:54,30.9,225,substitution,SUB in: A. Aminu,[],Aminu,36,39,,False,False,202329.0,,substitution,substitution,,,,200782|201569|201935|202329|203468|203516|203552|203991,202329|203468|203552,200782|201569|201935|203516|203991,,,1610612757.0,21800402,False
2,PT06M54.00S,06:54,Q2 06:54,30.9,226,substitution,SUB in: D. Lillard,[],Lillard,36,39,,False,False,203081.0,,substitution,substitution,,,,200782|201569|201935|202329|203081|203468|203516|203552|203991,202329|203081|203468|203552,200782|201569|201935|203516|203991,,,1610612757.0,21800402,False
2,PT06M54.00S,06:54,Q2 06:54,30.9,227,substitution,SUB in: J. Nurkic,[],Nurkic,36,39,,False,False,203994.0,,substitution,2pt made,,,,200782|201569|201935|202329|203081|203468|203516|203552|203991|203994,202329|203081|203468|203552|203994,200782|201569|201935|203516|203991,,,1610612757.0,21800402,True
2,PT06M41.00S,06:41,Q2 06:41,30.683333333333334,228,2pt,Gordon 13' Pullup Jump Shot (4 PTS) (Harden 2 AST),[],Gordon,38,39,Made,True,True,201569.0,201935.0,substitution,2pt missed,,,,200782|201569|201935|202329|203081|203468|203516|203552|203991|203994,200782|201569|201935|203516|203991,202329|203081|203468|203552|203994,131.0,21.0,1610612745.0,21800402,True
2,PT06M12.00S,06:12,Q2 06:12,30.2,230,2pt,MISS Nurkic 6' Turnaround Fadeaway Bank Jump Shot,['pointsinthepaint'],Nurkic,38,39,Missed,True,False,203994.0,,2pt made,rebound,,,,200782|201569|201935|202329|203081|203468|203516|203552|203991|203994,202329|203081|203468|203552|203994,200782|201569|201935|203516|203991,-51.0,26.0,1610612757.0,21800402,True
2,PT06M11.00S,06:11,Q2 06:11,30.183333333333334,231,rebound,Ennis III REBOUND (Off:1 Def:3),[],Ennis III,38,39,,False,False,203516.0,,2pt missed,3pt missed,,,,200782|201569|201935|202329|203081|203468|203516|203552|203991|203994,200782|201569|201935|203516|203991,202329|203081|203468|203552|203994,,,1610612745.0,21800402,True
2,PT05M48.00S,05:48,Q2 05:48,29.8,232,3pt,MISS Tucker 3PT Jump Shot,[],Tucker,38,39,Missed,True,False,200782.0,,rebound,rebound,,,,200782|201569|201935|202329|203081|203468|203516|203552|203991|203994,200782|201569|201935|203516|203991,202329|203081|203468|203552|203994,-223.0,9.0,1610612745.0,21800402,True
2,PT05M45.00S,05:45,Q2 05:45,29.75,233,rebound,TEAM offensive REBOUND,['team'],,38,39,,False,False,0.0,,3pt missed,turnover,,,,200782|201569|201935|202329|203081|203468|203516|203552|203991|203994,200782|201569|201935|203516|203991,202329|203081|203468|203552|203994,,,1610612745.0,21800402,True
2,PT05M40.00S,05:40,Q2 05:40,29.666666666666668,235,turnover,Capela Traveling Turnover (P3.T4),[],Capela,38,39,,False,False,203991.0,,rebound,2pt missed,,,,200782|201569|201935|202329|203081|203468|203516|203552|203991|203994,200782|201569|201935|203516|203991,202329|203081|203468|203552|203994,,,1610612745.0,21800402,True
2,PT05M25.00S,05:25,Q2 05:25,29.416666666666668,236,2pt,MISS McCollum 11' Step Back Jump Shot,['pointsinthepaint'],McCollum,38,39,Missed,True,False,203468.0,,turnover,rebound,,,,200782|201569|201935|202329|203081|203468|203516|203552|203991|203994,202329|203081|203468|203552|203994,200782|201569|201935|203516|203991,-78.0,83.0,1610612757.0,21800402,True
2,PT05M24.00S,05:24,Q2 05:24,29.4,237,rebound,Ennis III REBOUND (Off:1 Def:4),[],Ennis III,38,39,,False,False,203516.0,,2pt missed,2pt made,,,,200782|201569|201935|202329|203081|203468|203516|203552|203991|203994,200782|201569|201935|203516|203991,202329|203081|203468|203552|203994,,,1610612745.0,21800402,True
2,PT05M15.00S,05:15,Q2 05:15,29.25,238,2pt,Gordon 1' Driving Finger Roll Layup (6 PTS),['pointsinthepaint'],Gordon,40,39,Made,True,False,201569.0,,rebound,turnover,,,,200782|201569|201935|202329|203081|203468|203516|203552|203991|203994,200782|201569|201935|203516|203991,202329|203081|203468|203552|203994,1.0,6.0,1610612745.0,21800402,True
2,PT04M59.00S,04:59,Q2 04:59,28.983333333333334,239,turnover,Nurkic Lost Ball Turnover (P1.T7),[],Nurkic,40,39,,False,False,203994.0,,2pt made,steal,,,,200782|201569|201935|202329|203081|203468|203516|203552|203991|203994,202329|203081|203468|203552|203994,200782|201569|201935|203516|203991,,,1610612757.0,21800402,True
2,PT04M59.00S,04:59,Q2 04:59,28.983333333333334,239,steal,Harden STEAL (1 STL),[],Harden,40,39,,False,False,201935.0,,turnover,2pt missed,,201935.0,,200782|201569|201935|202329|203081|203468|203516|203552|203991|203994,200782|201569|201935|203516|203991,202329|203081|203468|203552|203994,,,1610612745.0,21800402,True
2,PT04M51.00S,04:51,Q2 04:51,28.85,241,2pt,MISS Capela 1' Alley Oop Layup,['pointsinthepaint'],Capela,40,39,Missed,True,False,203991.0,,steal,rebound,,,,200782|201569|201935|202329|203081|203468|203516|203552|203991|203994,200782|201569|201935|203516|203991,202329|203081|203468|203552|203994,1.0,5.0,1610612745.0,21800402,True
2,PT04M50.00S,04:50,Q2 04:50,28.833333333333332,242,rebound,McCollum REBOUND (Off:0 Def:2),[],McCollum,40,39,,False,False,203468.0,,2pt missed,2pt made,,,,200782|201569|201935|202329|203081|203468|203516|203552|203991|203994,202329|203081|203468|203552|203994,200782|201569|201935|203516|203991,,,1610612757.0,21800402,True
2,PT04M49.00S,04:49,Q2 04:49,28.816666666666666,243,2pt,Nurkic 1' Layup (4 PTS) (McCollum 1 AST),['pointsinthepaint'],Nurkic,40,41,Made,True,True,203994.0,203468.0,rebound,foul,,,,200782|201569|201935|202329|203081|203468|203516|203552|203991|203994,202329|203081|203468|203552|203994,200782|201569|201935|203516|203991,-6.0,-3.0,1610612757.0,21800402,True
2,PT04M49.00S,04:49,Q2 04:49,28.816666666666666,245,foul,Harden S.FOUL (P2.T2) (J.Orr),[],Harden,40,41,,False,False,201935.0,,2pt made,freethrow,203994.0,,,200782|201569|201935|202329|203081|203468|203516|203552|203991|203994,200782|201569|201935|203516|203991,202329|203081|203468|203552|203994,,,1610612745.0,21800402,True
2,PT04M49.00S,04:49,Q2 04:49,28.816666666666666,247,freethrow,Nurkic Free Throw 1 of 1 (5 PTS),[],Nurkic,40,42,Made,False,False,203994.0,,foul,2pt made,,,,200782|201569|201935|202329|203081|203468|203516|203552|203991|203994,202329|203081|203468|203552|203994,200782|201569|201935|203516|203991,,,1610612757.0,21800402,True
2,PT04M38.00S,04:38,Q2 04:38,28.633333333333333,248,2pt,Gordon 1' Driving Finger Roll Layup (8 PTS),['pointsinthepaint'],Gordon,42,42,Made,True,False,201569.0,,freethrow,2pt made,,,,200782|201569|201935|202329|203081|203468|203516|203552|203991|203994,200782|201569|201935|203516|203991,202329|203081|203468|203552|203994,-5.0,-6.0,1610612745.0,21800402,True
2,PT04M23.00S,04:23,Q2 04:23,28.383333333333333,249,2pt,McCollum 16' Fadeaway Jumper (10 PTS),[],McCollum,42,44,Made,True,False,203468.0,,2pt made,2pt missed,,,,200782|201569|201935|202329|203081|203468|203516|203552|203991|203994,202329|203081|203468|203552|203994,200782|201569|201935|203516|203991,-33.0,153.0,1610612757.0,21800402,True
2,PT04M06.00S,04:06,Q2 04:06,28.1,251,2pt,MISS Capela 2' Alley Oop Layup,['pointsinthepaint'],Capela,42,44,Missed,True,False,203991.0,,2pt made,rebound,,,,200782|201569|201935|202329|203081|203468|203516|203552|203991|203994,200782|201569|201935|203516|203991,202329|203081|203468|203552|203994,7.0,16.0,1610612745.0,21800402,True
2,PT04M04.00S,04:04,Q2 04:04,28.066666666666666,252,rebound,TEAM defensive REBOUND,['team'],,42,44,,False,False,0.0,,2pt missed,3pt missed,,,,200782|201569|201935|202329|203081|203468|203516|203552|203991|203994,202329|203081|203468|203552|203994,200782|201569|201935|203516|203991,,,1610612757.0,21800402,True
2,PT03M40.00S,03:40,Q2 03:40,27.666666666666668,254,3pt,MISS Lillard 24' 3PT Jump Shot,[],Lillard,42,44,Missed,True,False,203081.0,,rebound,rebound,,,,200782|201569|201935|202329|203081|203468|203516|203552|203991|203994,202329|203081|203468|203552|203994,200782|201569|201935|203516|203991,178.0,163.0,1610612757.0,21800402,True
2,PT03M38.00S,03:38,Q2 03:38,27.633333333333333,255,rebound,TEAM defensive REBOUND,['team'],,42,44,,False,False,0.0,,3pt missed,2pt missed,,,,200782|201569|201935|202329|203081|203468|203516|203552|203991|203994,200782|201569|201935|203516|203991,202329|203081|203468|203552|203994,,,1610612745.0,21800402,True
2,PT03M17.00S,03:17,Q2 03:17,27.28333333333333,259,2pt,MISS Capela 1' Layup,['pointsinthepaint'],Capela,42,44,Missed,True,False,203991.0,,rebound,block,,,,200782|201569|201935|202329|203081|203468|203516|203552|203991|203994,200782|201569|201935|203516|203991,202329|203081|203468|203552|203994,-4.0,14.0,1610612745.0,21800402,True
2,PT03M17.00S,03:17,Q2 03:17,27.28333333333333,259,block,Nurkic BLOCK (1 BLK),[],Nurkic,42,44,,False,False,203994.0,,2pt missed,rebound,,,203994.0,200782|201569|201935|202329|203081|203468|203516|203552|203991|203994,202329|203081|203468|203552|203994,200782|201569|201935|203516|203991,,,1610612757.0,21800402,True
2,PT03M15.00S,03:15,Q2 03:15,27.25,261,rebound,Tucker REBOUND (Off:2 Def:1),[],Tucker,42,44,,False,False,200782.0,,block,2pt missed,,,,200782|201569|201935|202329|203081|203468|203516|203552|203991|203994,200782|201569|201935|203516|203991,202329|203081|203468|203552|203994,,,1610612745.0,21800402,True
2,PT03M14.00S,03:14,Q2 03:14,27.233333333333334,262,2pt,MISS Tucker 2' Layup,['pointsinthepaint'],Tucker,42,44,Missed,True,False,200782.0,,rebound,rebound,,,,200782|201569|201935|202329|203081|203468|203516|203552|203991|203994,200782|201569|201935|203516|203991,202329|203081|203468|203552|203994,14.0,13.0,1610612745.0,21800402,True
2,PT03M12.00S,03:12,Q2 03:12,27.2,263,rebound,Curry REBOUND (Off:0 Def:1),[],Curry,42,44,,False,False,203552.0,,2pt missed,2pt made,,,,200782|201569|201935|202329|203081|203468|203516|203552|203991|203994,202329|203081|203468|203552|203994,200782|201569|201935|203516|203991,,,1610612757.0,21800402,True
2,PT03M03.00S,03:03,Q2 03:03,27.05,264,2pt,McCollum 1' Driving Layup (12 PTS) (Nurkic 4 AST),['pointsinthepaint'],McCollum,42,46,Made,True,True,203468.0,203994.0,rebound,2pt made,,,,200782|201569|201935|202329|203081|203468|203516|203552|203991|203994,202329|203081|203468|203552|203994,200782|201569|201935|203516|203991,2.0,-8.0,1610612757.0,21800402,True
2,PT02M42.00S,02:42,Q2 02:42,26.7,266,2pt,Capela 1' Alley Oop Dunk (5 PTS) (Harden 3 AST),['pointsinthepaint'],Capela,44,46,Made,True,True,203991.0,201935.0,2pt made,3pt missed,,,,200782|201569|201935|202329|203081|203468|203516|203552|203991|203994,200782|201569|201935|203516|203991,202329|203081|203468|203552|203994,-2.0,6.0,1610612745.0,21800402,True
2,PT02M26.00S,02:26,Q2 02:26,26.433333333333334,268,3pt,MISS Aminu 25' 3PT Jump Shot,[],Aminu,44,46,Missed,True,False,202329.0,,2pt made,rebound,,,,200782|201569|201935|202329|203081|203468|203516|203552|203991|203994,202329|203081|203468|203552|203994,200782|201569|201935|203516|203991,180.0,176.0,1610612757.0,21800402,True
2,PT02M23.00S,02:23,Q2 02:23,26.383333333333333,269,rebound,Capela REBOUND (Off:1 Def:1),[],Capela,44,46,,False,False,203991.0,,3pt missed,3pt made,,,,200782|201569|201935|202329|203081|203468|203516|203552|203991|203994,200782|201569|201935|203516|203991,202329|203081|203468|203552|203994,,,1610612745.0,21800402,True
2,PT02M17.00S,02:17,Q2 02:17,26.28333333333333,270,3pt,Harden 28' 3PT Jump Shot (8 PTS),[],Harden,47,46,Made,True,False,201935.0,,rebound,timeout,,,,200782|201569|201935|202329|203081|203468|203516|203552|203991|203994,200782|201569|201935|203516|203991,202329|203081|203468|203552|203994,7.0,278.0,1610612745.0,21800402,True
2,PT02M15.00S,02:15,Q2 02:15,26.25,271,timeout,Trail Blazers Timeout: Regular (Reg.2 Short 0),[],,47,46,,False,False,0.0,,3pt made,substitution,,,,200782|201569|201935|202329|203081|203468|203516|203552|203991|203994,202329|203081|203468|203552|203994,200782|201569|201935|203516|203991,,,1610612757.0,21800402,True
2,PT02M15.00S,02:15,Q2 02:15,26.25,272,substitution,SUB out: J. Ennis III,[],Ennis III,47,46,,False,False,203516.0,,timeout,substitution,,,,200782|201569|201935|202329|203081|203468|203552|203991|203994,200782|201569|201935|203991,202329|203081|203468|203552|203994,,,1610612745.0,21800402,False
2,PT02M15.00S,02:15,Q2 02:15,26.25,273,substitution,SUB out: S. Curry,[],Curry,47,46,,False,False,203552.0,,substitution,substitution,,,,200782|201569|201935|202329|203081|203468|203991|203994,202329|203081|203468|203994,200782|201569|201935|203991,,,1610612757.0,21800402,False
2,PT02M15.00S,02:15,Q2 02:15,26.25,274,substitution,SUB in: C. Paul,[],Paul,47,46,,False,False,101108.0,,substitution,substitution,,,,101108|200782|201569|201935|202329|203081|203468|203991|203994,101108|200782|201569|201935|203991,202329|203081|203468|203994,,,1610612745.0,21800402,False
2,PT02M15.00S,02:15,Q2 02:15,26.25,275,substitution,SUB in: M. Harkless,[],Harkless,47,46,,False,False,203090.0,,substitution,foul,,,,101108|200782|201569|201935|202329|203081|203090|203468|203991|203994,202329|203081|203090|203468|203994,101108|200782|201569|201935|203991,,,1610612757.0,21800402,True
2,PT01M54.00S,01:54,Q2 01:54,25.9,276,foul,Capela S.FOUL (P2.T3) (T.Ford),[],Capela,47,46,,False,False,203991.0,,substitution,freethrow,203468.0,,,101108|200782|201569|201935|202329|203081|203090|203468|203991|203994,101108|200782|201569|201935|203991,202329|203081|203090|203468|203994,,,1610612745.0,21800402,True
2,PT01M54.00S,01:54,Q2 01:54,25.9,278,freethrow,McCollum Free Throw 1 of 2 (13 PTS),[],McCollum,47,47,Made,False,False,203468.0,,foul,freethrow,,,,101108|200782|201569|201935|202329|203081|203090|203468|203991|203994,202329|203081|203090|203468|203994,101108|200782|201569|201935|203991,,,1610612757.0,21800402,True
2,PT01M54.00S,01:54,Q2 01:54,25.9,279,freethrow,McCollum Free Throw 2 of 2 (14 PTS),[],McCollum,47,48,Made,False,False,203468.0,,freethrow,foul,,,,101108|200782|201569|201935|202329|203081|203090|203468|203991|203994,202329|203081|203090|203468|203994,101108|200782|201569|201935|203991,,,1610612757.0,21800402,True
2,PT01M42.00S,01:42,Q2 01:42,25.7,280,foul,Nurkic S.FOUL (P1.T2) (T.Brown),[],Nurkic,47,48,,False,False,203994.0,,freethrow,freethrow,203991.0,,,101108|200782|201569|201935|202329|203081|203090|203468|203991|203994,202329|203081|203090|203468|203994,101108|200782|201569|201935|203991,,,1610612757.0,21800402,True
2,PT01M42.00S,01:42,Q2 01:42,25.7,282,freethrow,MISS Capela Free Throw 1 of 2,[],Capela,47,48,Missed,False,False,203991.0,,foul,rebound,,,,101108|200782|201569|201935|202329|203081|203090|203468|203991|203994,101108|200782|201569|201935|203991,202329|203081|203090|203468|203994,,,1610612745.0,21800402,True
2,PT01M42.00S,01:42,Q2 01:42,25.7,283,rebound,TEAM offensive REBOUND,['team'],,47,48,,False,False,0.0,,freethrow,freethrow,,,,101108|200782|201569|201935|202329|203081|203090|203468|203991|203994,101108|200782|201569|201935|203991,202329|203081|203090|203468|203994,,,1610612745.0,21800402,True
2,PT01M42.00S,01:42,Q2 01:42,25.7,285,freethrow,MISS Capela Free Throw 2 of 2,['2ndchance'],Capela,47,48,Missed,False,False,203991.0,,rebound,rebound,,,,101108|200782|201569|201935|202329|203081|203090|203468|203991|203994,101108|200782|201569|201935|203991,202329|203081|203090|203468|203994,,,1610612745.0,21800402,True
2,PT01M41.00S,01:41,Q2 01:41,25.683333333333334,286,rebound,Aminu REBOUND (Off:3 Def:6),[],Aminu,47,48,,False,False,202329.0,,freethrow,2pt missed,,,,101108|200782|201569|201935|202329|203081|203090|203468|203991|203994,202329|203081|203090|203468|203994,101108|200782|201569|201935|203991,,,1610612757.0,21800402,True
2,PT01M27.00S,01:27,Q2 01:27,25.45,287,2pt,MISS Harkless 5' Turnaround Hook Shot,['pointsinthepaint'],Harkless,47,48,Missed,True,False,203090.0,,rebound,rebound,,,,101108|200782|201569|201935|202329|203081|203090|203468|203991|203994,202329|203081|203090|203468|203994,101108|200782|201569|201935|203991,-3.0,52.0,1610612757.0,21800402,True
2,PT01M26.00S,01:26,Q2 01:26,25.433333333333334,288,rebound,Capela REBOUND (Off:1 Def:2),[],Capela,47,48,,False,False,203991.0,,2pt missed,2pt missed,,,,101108|200782|201569|201935|202329|203081|203090|203468|203991|203994,101108|200782|201569|201935|203991,202329|203081|203090|203468|203994,,,1610612745.0,21800402,True
2,PT01M18.00S,01:18,Q2 01:18,25.3,289,2pt,MISS Harden 1' Driving Layup,['pointsinthepaint'],Harden,47,48,Missed,True,False,201935.0,,rebound,rebound,,,,101108|200782|201569|201935|202329|203081|203090|203468|203991|203994,101108|200782|201569|201935|203991,202329|203081|203090|203468|203994,-6.0,8.0,1610612745.0,21800402,True
2,PT01M17.00S,01:17,Q2 01:17,25.28333333333333,290,rebound,McCollum REBOUND (Off:0 Def:3),[],McCollum,47,48,,False,False,203468.0,,2pt missed,3pt made,,,,101108|200782|201569|201935|202329|203081|203090|203468|203991|203994,202329|203081|203090|203468|203994,101108|200782|201569|201935|203991,,,1610612757.0,21800402,True
2,PT01M08.00S,01:08,Q2 01:08,25.133333333333333,291,3pt,Lillard 25' 3PT Jump Shot (15 PTS) (Aminu 2 AST),[],Lillard,47,51,Made,True,True,203081.0,202329.0,rebound,2pt made,,,,101108|200782|201569|201935|202329|203081|203090|203468|203991|203994,202329|203081|203090|203468|203994,101108|200782|201569|201935|203991,13.0,248.0,1610612757.0,21800402,True
2,PT00M54.10S,00:54,Q2 00:54,24.901666666666667,294,2pt,Harden 1' Driving Layup (10 PTS),['pointsinthepaint'],Harden,49,51,Made,True,False,201935.0,,3pt made,2pt missed,,,,101108|200782|201569|201935|202329|203081|203090|203468|203991|203994,101108|200782|201569|201935|203991,202329|203081|203090|203468|203994,1.0,8.0,1610612745.0,21800402,True
2,PT00M31.80S,00:31,Q2 00:31,24.53,296,2pt,MISS Lillard 19' Step Back Jump Shot,[],Lillard,49,51,Missed,True,False,203081.0,,2pt made,rebound,,,,101108|200782|201569|201935|202329|203081|203090|203468|203991|203994,202329|203081|203090|203468|203994,101108|200782|201569|201935|203991,-61.0,180.0,1610612757.0,21800402,True
2,PT00M30.20S,00:30,Q2 00:30,24.503333333333334,297,rebound,Tucker REBOUND (Off:2 Def:2),[],Tucker,49,51,,False,False,200782.0,,2pt missed,2pt made,,,,101108|200782|201569|201935|202329|203081|203090|203468|203991|203994,101108|200782|201569|201935|203991,202329|203081|203090|203468|203994,,,1610612745.0,21800402,True
2,PT00M22.40S,00:22,Q2 00:22,24.373333333333335,298,2pt,Capela 1' Dunk (7 PTS) (Paul 5 AST),['pointsinthepaint'],Capela,51,51,Made,True,True,203991.0,101108.0,rebound,2pt made,,,,101108|200782|201569|201935|202329|203081|203090|203468|203991|203994,101108|200782|201569|201935|203991,202329|203081|203090|203468|203994,-3.0,10.0,1610612745.0,21800402,True
2,PT00M02.00S,00:02,Q2 00:02,24.033333333333335,300,2pt,Nurkic 1' Layup (7 PTS) (Lillard 1 AST),['pointsinthepaint'],Nurkic,51,53,Made,True,True,203994.0,203081.0,2pt made,foul,,,,101108|200782|201569|201935|202329|203081|203090|203468|203991|203994,202329|203081|203090|203468|203994,101108|200782|201569|201935|203991,-8.0,12.0,1610612757.0,21800402,True
2,PT00M02.00S,00:02,Q2 00:02,24.033333333333335,302,foul,Harden S.FOUL (P3.PN) (J.Orr),[],Harden,51,53,,False,False,201935.0,,2pt made,freethrow,203994.0,,,101108|200782|201569|201935|202329|203081|203090|203468|203991|203994,101108|200782|201569|201935|203991,202329|203081|203090|203468|203994,,,1610612745.0,21800402,True
2,PT00M02.00S,00:02,Q2 00:02,24.033333333333335,304,freethrow,Nurkic Free Throw 1 of 1 (8 PTS),[],Nurkic,51,54,Made,False,False,203994.0,,foul,period,,,,101108|200782|201569|201935|202329|203081|203090|203468|203991|203994,202329|203081|203090|203468|203994,101108|200782|201569|201935|203991,,,1610612757.0,21800402,True
2,PT00M00.00S,00:00,Q2 00:00,24.0,305,period,End of 2nd Period (9:02 PM EST),[],,51,54,,False,False,0.0,,freethrow,period,,,,101108|200782|201569|201935|202329|203081|203090|203468|203991|203994,101108|200782|201569|201935|203991,202329|203081|203090|203468|203994,,,1610612745.0,21800402,True
3,PT12M00.00S,12:00,Q3 12:00,24.0,306,period,Start of 3rd Period (9:17 PM EST),[],,51,54,,False,False,0.0,,period,foul,,,,101108|200782|201569|201935|202329|203081|203090|203468|203991|203994,101108|200782|201569|201935|203991,202329|203081|203090|203468|203994,,,1610612745.0,21800402,True
3,PT11M36.00S,11:36,Q3 11:36,23.6,307,foul,Tucker S.FOUL (P1.T1) (J.Orr),[],Tucker,51,54,,False,False,200782.0,,period,freethrow,203994.0,,,101108|200782|201569|201935|202329|203081|203090|203468|203991|203994,101108|200782|201569|201935|203991,202329|203081|203090|203468|203994,,,1610612745.0,21800402,True
3,PT11M36.00S,11:36,Q3 11:36,23.6,309,freethrow,Nurkic Free Throw 1 of 2 (9 PTS),[],Nurkic,51,55,Made,False,False,203994.0,,foul,freethrow,,,,101108|200782|201569|201935|202329|203081|203090|203468|203991|203994,202329|203081|203090|203468|203994,101108|200782|201569|201935|203991,,,1610612757.0,21800402,True
3,PT11M36.00S,11:36,Q3 11:36,23.6,310,freethrow,Nurkic Free Throw 2 of 2 (10 PTS),[],Nurkic,51,56,Made,False,False,203994.0,,freethrow,2pt made,,,,101108|200782|201569|201935|202329|203081|203090|203468|203991|203994,202329|203081|203090|203468|203994,101108|200782|201569|201935|203991,,,1610612757.0,21800402,True
3,PT11M21.00S,11:21,Q3 11:21,23.35,311,2pt,Harden 6' Driving Floating Jump Shot (12 PTS),['pointsinthepaint'],Harden,53,56,Made,True,False,201935.0,,freethrow,2pt missed,,,,101108|200782|201569|201935|202329|203081|203090|203468|203991|203994,101108|200782|201569|201935|203991,202329|203081|203090|203468|203994,-62.0,6.0,1610612745.0,21800402,True
3,PT10M59.00S,10:59,Q3 10:59,22.983333333333334,312,2pt,MISS Nurkic 6' Hook Shot,['pointsinthepaint'],Nurkic,53,56,Missed,True,False,203994.0,,2pt made,rebound,,,,101108|200782|201569|201935|202329|203081|203090|203468|203991|203994,202329|203081|203090|203468|203994,101108|200782|201569|201935|203991,54.0,19.0,1610612757.0,21800402,True
3,PT10M58.00S,10:58,Q3 10:58,22.96666666666667,313,rebound,Capela REBOUND (Off:1 Def:3),[],Capela,53,56,,False,False,203991.0,,2pt missed,turnover,,,,101108|200782|201569|201935|202329|203081|203090|203468|203991|203994,101108|200782|201569|201935|203991,202329|203081|203090|203468|203994,,,1610612745.0,21800402,True
3,PT10M53.00S,10:53,Q3 10:53,22.883333333333333,314,turnover,Harden Out of Bounds - Bad Pass Turnover Turnover (P1.T5),[],Harden,53,56,,False,False,201935.0,,rebound,2pt made,,,,101108|200782|201569|201935|202329|203081|203090|203468|203991|203994,101108|200782|201569|201935|203991,202329|203081|203090|203468|203994,,,1610612745.0,21800402,True
3,PT10M43.00S,10:43,Q3 10:43,22.71666666666667,315,2pt,Harkless 6' Turnaround Hook Shot (7 PTS),['pointsinthepaint'],Harkless,53,58,Made,True,False,203090.0,,turnover,2pt missed,,,,101108|200782|201569|201935|202329|203081|203090|203468|203991|203994,202329|203081|203090|203468|203994,101108|200782|201569|201935|203991,0.0,56.0,1610612757.0,21800402,True
3,PT10M22.00S,10:22,Q3 10:22,22.366666666666667,316,2pt,MISS Capela 3' Dunk,['pointsinthepaint'],Capela,53,58,Missed,True,False,203991.0,,2pt made,block,,,,101108|200782|201569|201935|202329|203081|203090|203468|203991|203994,101108|200782|201569|201935|203991,202329|203081|203090|203468|203994,-14.0,31.0,1610612745.0,21800402,True
3,PT10M22.00S,10:22,Q3 10:22,22.366666666666667,316,block,Nurkic BLOCK (2 BLK),[],Nurkic,53,58,,False,False,203994.0,,2pt missed,2pt made,,,203994.0,101108|200782|201569|201935|202329|203081|203090|203468|203991|203994,202329|203081|203090|203468|203994,101108|200782|201569|201935|203991,,,1610612757.0,21800402,True
3,PT10M21.00S,10:21,Q3 10:21,22.35,318,2pt,Capela 1' Layup (9 PTS),['pointsinthepaint'],Capela,55,58,Made,True,False,203991.0,,block,foul,,,,101108|200782|201569|201935|202329|203081|203090|203468|203991|203994,101108|200782|201569|201935|203991,202329|203081|203090|203468|203994,0.0,8.0,1610612745.0,21800402,True
3,PT10M21.00S,10:21,Q3 10:21,22.35,319,foul,Nurkic S.FOUL (P2.T1) (J.Orr),[],Nurkic,55,58,,False,False,203994.0,,2pt made,freethrow,203991.0,,,101108|200782|201569|201935|202329|203081|203090|203468|203991|203994,202329|203081|203090|203468|203994,101108|200782|201569|201935|203991,,,1610612757.0,21800402,True
3,PT10M21.00S,10:21,Q3 10:21,22.35,321,freethrow,MISS Capela Free Throw 1 of 1,[],Capela,55,58,Missed,False,False,203991.0,,foul,rebound,,,,101108|200782|201569|201935|202329|203081|203090|203468|203991|203994,101108|200782|201569|201935|203991,202329|203081|203090|203468|203994,,,1610612745.0,21800402,True
3,PT10M21.00S,10:21,Q3 10:21,22.35,323,rebound,Capela REBOUND (Off:2 Def:3),[],Capela,53,58,,False,False,203991.0,,freethrow,rebound,,,,101108|200782|201569|201935|202329|203081|203090|203468|203991|203994,101108|200782|201569|201935|203991,202329|203081|203090|203468|203994,,,1610612745.0,21800402,True
3,PT10M19.00S,10:19,Q3 10:19,22.316666666666666,322,rebound,Nurkic REBOUND (Off:2 Def:4),[],Nurkic,55,58,,False,False,203994.0,,rebound,turnover,,,,101108|200782|201569|201935|202329|203081|203090|203468|203991|203994,202329|203081|203090|203468|203994,101108|200782|201569|201935|203991,,,1610612757.0,21800402,True
3,PT10M12.00S,10:12,Q3 10:12,22.2,361,turnover,Harkless Lost Ball Turnover (P1.T8),[],Harkless,55,58,,False,False,203090.0,,rebound,steal,,,,101108|200782|201569|201935|202329|203081|203090|203468|203991|203994,202329|203081|203090|203468|203994,101108|200782|201569|201935|203991,,,1610612757.0,21800402,True
3,PT10M12.00S,10:12,Q3 10:12,22.2,361,steal,Paul STEAL (1 STL),[],Paul,55,58,,False,False,101108.0,,turnover,foul,,101108.0,,101108|200782|201569|201935|202329|203081|203090|203468|203991|203994,101108|200782|201569|201935|203991,202329|203081|203090|203468|203994,,,1610612745.0,21800402,True
3,PT10M07.00S,10:07,Q3 10:07,22.116666666666667,327,foul,McCollum S.FOUL (P1.T2) (T.Ford),[],McCollum,55,58,,False,False,203468.0,,steal,freethrow,101108.0,,,101108|200782|201569|201935|202329|203081|203090|203468|203991|203994,202329|203081|203090|203468|203994,101108|200782|201569|201935|203991,,,1610612757.0,21800402,True
3,PT10M07.00S,10:07,Q3 10:07,22.116666666666667,329,freethrow,MISS Paul Free Throw 1 of 2,[],Paul,55,58,Missed,False,False,101108.0,,foul,rebound,,,,101108|200782|201569|201935|202329|203081|203090|203468|203991|203994,101108|200782|201569|201935|203991,202329|203081|203090|203468|203994,,,1610612745.0,21800402,True
3,PT10M07.00S,10:07,Q3 10:07,22.116666666666667,330,rebound,TEAM offensive REBOUND,['team'],,55,58,,False,False,0.0,,freethrow,freethrow,,,,101108|200782|201569|201935|202329|203081|203090|203468|203991|203994,101108|200782|201569|201935|203991,202329|203081|203090|203468|203994,,,1610612745.0,21800402,True
3,PT10M07.00S,10:07,Q3 10:07,22.116666666666667,331,freethrow,Paul Free Throw 2 of 2 (3 PTS),['2ndchance'],Paul,56,58,Made,False,False,101108.0,,rebound,turnover,,,,101108|200782|201569|201935|202329|203081|203090|203468|203991|203994,101108|200782|201569|201935|203991,202329|203081|203090|203468|203994,,,1610612745.0,21800402,True
3,PT09M57.00S,09:57,Q3 09:57,21.95,332,turnover,Lillard Bad Pass Turnover (P2.T9),[],Lillard,56,58,,False,False,203081.0,,freethrow,steal,,,,101108|200782|201569|201935|202329|203081|203090|203468|203991|203994,202329|203081|203090|203468|203994,101108|200782|201569|201935|203991,,,1610612757.0,21800402,True
3,PT09M57.00S,09:57,Q3 09:57,21.95,332,steal,Paul STEAL (2 STL),[],Paul,56,58,,False,False,101108.0,,turnover,3pt missed,,101108.0,,101108|200782|201569|201935|202329|203081|203090|203468|203991|203994,101108|200782|201569|201935|203991,202329|203081|203090|203468|203994,,,1610612745.0,21800402,True
3,PT09M42.00S,09:42,Q3 09:42,21.7,334,3pt,MISS Harden 25' 3PT Step Back Jump Shot,[],Harden,56,58,Missed,True,False,201935.0,,steal,rebound,,,,101108|200782|201569|201935|202329|203081|203090|203468|203991|203994,101108|200782|201569|201935|203991,202329|203081|203090|203468|203994,-127.0,215.0,1610612745.0,21800402,True
3,PT09M41.00S,09:41,Q3 09:41,21.683333333333334,335,rebound,Aminu REBOUND (Off:3 Def:7),[],Aminu,56,58,,False,False,202329.0,,3pt missed,3pt made,,,,101108|200782|201569|201935|202329|203081|203090|203468|203991|203994,202329|203081|203090|203468|203994,101108|200782|201569|201935|203991,,,1610612757.0,21800402,True
3,PT09M24.00S,09:24,Q3 09:24,21.4,336,3pt,Lillard 25' 3PT Jump Shot (18 PTS) (McCollum 2 AST),[],Lillard,56,61,Made,True,True,203081.0,203468.0,rebound,3pt missed,,,,101108|200782|201569|201935|202329|203081|203090|203468|203991|203994,202329|203081|203090|203468|203994,101108|200782|201569|201935|203991,110.0,230.0,1610612757.0,21800402,True
3,PT08M54.00S,08:54,Q3 08:54,20.9,338,3pt,MISS Paul 25' 3PT Jump Shot,[],Paul,56,61,Missed,True,False,101108.0,,3pt made,rebound,,,,101108|200782|201569|201935|202329|203081|203090|203468|203991|203994,101108|200782|201569|201935|203991,202329|203081|203090|203468|203994,183.0,172.0,1610612745.0,21800402,True
3,PT08M54.00S,08:54,Q3 08:54,20.9,339,rebound,Capela REBOUND (Off:3 Def:3),[],Capela,56,61,,False,False,203991.0,,3pt missed,2pt made,,,,101108|200782|201569|201935|202329|203081|203090|203468|203991|203994,101108|200782|201569|201935|203991,202329|203081|203090|203468|203994,,,1610612745.0,21800402,True
3,PT08M51.00S,08:51,Q3 08:51,20.85,340,2pt,Tucker 1' Layup (7 PTS) (Capela 2 AST),['pointsinthepaint'],Tucker,58,61,Made,True,True,200782.0,203991.0,rebound,2pt missed,,,,101108|200782|201569|201935|202329|203081|203090|203468|203991|203994,101108|200782|201569|201935|203991,202329|203081|203090|203468|203994,4.0,10.0,1610612745.0,21800402,True
3,PT08M32.00S,08:32,Q3 08:32,20.53333333333333,341,2pt,MISS Nurkic 4' Jump Bank Shot,['pointsinthepaint'],Nurkic,58,61,Missed,True,False,203994.0,,2pt made,rebound,,,,101108|200782|201569|201935|202329|203081|203090|203468|203991|203994,202329|203081|203090|203468|203994,101108|200782|201569|201935|203991,-37.0,13.0,1610612757.0,21800402,True
3,PT08M31.00S,08:31,Q3 08:31,20.516666666666666,342,rebound,Tucker REBOUND (Off:2 Def:3),[],Tucker,58,61,,False,False,200782.0,,2pt missed,2pt made,,,,101108|200782|201569|201935|202329|203081|203090|203468|203991|203994,101108|200782|201569|201935|203991,202329|203081|203090|203468|203994,,,1610612745.0,21800402,True
3,PT08M25.00S,08:25,Q3 08:25,20.416666666666664,343,2pt,Harden 1' Running Layup (14 PTS),['pointsinthepaint'],Harden,60,61,Made,True,False,201935.0,,rebound,3pt made,,,,101108|200782|201569|201935|202329|203081|203090|203468|203991|203994,101108|200782|201569|201935|203991,202329|203081|203090|203468|203994,-5.0,6.0,1610612745.0,21800402,True
3,PT08M05.00S,08:05,Q3 08:05,20.083333333333336,344,3pt,Aminu 3PT Jump Shot (5 PTS) (Harkless 1 AST),[],Aminu,60,64,Made,True,True,202329.0,203090.0,2pt made,3pt missed,,,,101108|200782|201569|201935|202329|203081|203090|203468|203991|203994,202329|203081|203090|203468|203994,101108|200782|201569|201935|203991,-231.0,38.0,1610612757.0,21800402,True
3,PT07M55.00S,07:55,Q3 07:55,19.916666666666668,346,3pt,MISS Gordon 25' 3PT Jump Shot,[],Gordon,60,64,Missed,True,False,201569.0,,3pt made,rebound,,,,101108|200782|201569|201935|202329|203081|203090|203468|203991|203994,101108|200782|201569|201935|203991,202329|203081|203090|203468|203994,107.0,226.0,1610612745.0,21800402,True
3,PT07M54.00S,07:54,Q3 07:54,19.9,347,rebound,Nurkic REBOUND (Off:2 Def:5),[],Nurkic,60,64,,False,False,203994.0,,3pt missed,foul,,,,101108|200782|201569|201935|202329|203081|203090|203468|203991|203994,202329|203081|203090|203468|203994,101108|200782|201569|201935|203991,,,1610612757.0,21800402,True
3,PT07M46.00S,07:46,Q3 07:46,19.766666666666666,348,foul,Paul P.FOUL (P2.T2) (T.Brown),[],Paul,60,64,,False,False,101108.0,,rebound,substitution,203081.0,,,101108|200782|201569|201935|202329|203081|203090|203468|203991|203994,101108|200782|201569|201935|203991,202329|203081|203090|203468|203994,,,1610612745.0,21800402,True
3,PT07M46.00S,07:46,Q3 07:46,19.766666666666666,350,substitution,SUB out: E. Gordon,[],Gordon,60,64,,False,False,201569.0,,foul,substitution,,,,101108|200782|201935|202329|203081|203090|203468|203991|203994,101108|200782|201935|203991,202329|203081|203090|203468|203994,,,1610612745.0,21800402,False
3,PT07M46.00S,07:46,Q3 07:46,19.766666666666666,351,substitution,SUB in: J. Ennis III,[],Ennis III,60,64,,False,False,203516.0,,substitution,3pt missed,,,,101108|200782|201935|202329|203081|203090|203468|203516|203991|203994,101108|200782|201935|203516|203991,202329|203081|203090|203468|203994,,,1610612745.0,21800402,True
3,PT07M41.00S,07:41,Q3 07:41,19.683333333333334,352,3pt,MISS Lillard 27' 3PT Jump Shot,[],Lillard,60,64,Missed,True,False,203081.0,,substitution,rebound,,,,101108|200782|201935|202329|203081|203090|203468|203516|203991|203994,202329|203081|203090|203468|203994,101108|200782|201935|203516|203991,79.0,253.0,1610612757.0,21800402,True
3,PT07M39.00S,07:39,Q3 07:39,19.65,353,rebound,Capela REBOUND (Off:3 Def:4),[],Capela,60,64,,False,False,203991.0,,3pt missed,2pt made,,,,101108|200782|201935|202329|203081|203090|203468|203516|203991|203994,101108|200782|201935|203516|203991,202329|203081|203090|203468|203994,,,1610612745.0,21800402,True
3,PT07M18.00S,07:18,Q3 07:18,19.3,354,2pt,Harden 6' Driving Floating Jump Shot (16 PTS),['pointsinthepaint'],Harden,62,64,Made,True,False,201935.0,,rebound,3pt missed,,,,101108|200782|201935|202329|203081|203090|203468|203516|203991|203994,101108|200782|201935|203516|203991,202329|203081|203090|203468|203994,-25.0,54.0,1610612745.0,21800402,True
3,PT07M04.00S,07:04,Q3 07:04,19.066666666666666,355,3pt,MISS McCollum 26' 3PT Pullup Jump Shot,[],McCollum,62,64,Missed,True,False,203468.0,,2pt made,rebound,,,,101108|200782|201935|202329|203081|203090|203468|203516|203991|203994,202329|203081|203090|203468|203994,101108|200782|201935|203516|203991,-105.0,237.0,1610612757.0,21800402,True
3,PT07M03.00S,07:03,Q3 07:03,19.05,356,rebound,Paul REBOUND (Off:1 Def:4),[],Paul,62,64,,False,False,101108.0,,3pt missed,foul,,,,101108|200782|201935|202329|203081|203090|203468|203516|203991|203994,101108|200782|201935|203516|203991,202329|203081|203090|203468|203994,,,1610612745.0,21800402,True
3,PT06M57.00S,06:57,Q3 06:57,18.95,357,foul,Tucker OFF.Foul (P2) (J.Orr),[],Tucker,62,64,,False,False,200782.0,,rebound,turnover,203081.0,,,101108|200782|201935|202329|203081|203090|203468|203516|203991|203994,101108|200782|201935|203516|203991,202329|203081|203090|203468|203994,,,1610612745.0,21800402,True
3,PT06M57.00S,06:57,Q3 06:57,18.95,359,turnover,Tucker Offensive Foul Turnover (P1.T6),[],Tucker,62,64,,False,False,200782.0,,foul,timeout,,,,101108|200782|201935|202329|203081|203090|203468|203516|203991|203994,101108|200782|201935|203516|203991,202329|203081|203090|203468|203994,,,1610612745.0,21800402,True
3,PT06M57.00S,06:57,Q3 06:57,18.95,360,timeout,ROCKETS Timeout: Regular (Full 3 Short 0),[],,62,64,,False,False,0.0,,turnover,substitution,,,,101108|200782|201935|202329|203081|203090|203468|203516|203991|203994,101108|200782|201935|203516|203991,202329|203081|203090|203468|203994,,,1610612745.0,21800402,True
3,PT06M57.00S,06:57,Q3 06:57,18.95,363,substitution,SUB out: C. Paul,[],Paul,62,64,,False,False,101108.0,,timeout,substitution,,,,200782|201935|202329|203081|203090|203468|203516|203991|203994,200782|201935|203516|203991,202329|203081|203090|203468|203994,,,1610612745.0,21800402,False
3,PT06M57.00S,06:57,Q3 06:57,18.95,364,substitution,SUB in: G. Green,[],Green,62,64,,False,False,101123.0,,substitution,2pt made,,,,101123|200782|201935|202329|203081|203090|203468|203516|203991|203994,101123|200782|201935|203516|203991,202329|203081|203090|203468|203994,,,1610612745.0,21800402,True
3,PT06M34.00S,06:34,Q3 06:34,18.566666666666666,366,2pt,Lillard 1' Driving Finger Roll Layup (20 PTS),['pointsinthepaint'],Lillard,62,66,Made,True,False,203081.0,,substitution,foul,,,,101123|200782|201935|202329|203081|203090|203468|203516|203991|203994,202329|203081|203090|203468|203994,101123|200782|201935|203516|203991,-3.0,11.0,1610612757.0,21800402,True
3,PT06M19.00S,06:19,Q3 06:19,18.316666666666666,367,foul,Aminu S.FOUL (P2.T3) (J.Orr),[],Aminu,62,66,,False,False,202329.0,,2pt made,freethrow,201935.0,,,101123|200782|201935|202329|203081|203090|203468|203516|203991|203994,202329|203081|203090|203468|203994,101123|200782|201935|203516|203991,,,1610612757.0,21800402,True
3,PT06M19.00S,06:19,Q3 06:19,18.316666666666666,369,freethrow,Harden Free Throw 1 of 3 (17 PTS),[],Harden,63,66,Made,False,False,201935.0,,foul,freethrow,,,,101123|200782|201935|202329|203081|203090|203468|203516|203991|203994,101123|200782|201935|203516|203991,202329|203081|203090|203468|203994,,,1610612745.0,21800402,True
3,PT06M19.00S,06:19,Q3 06:19,18.316666666666666,370,freethrow,Harden Free Throw 2 of 3 (18 PTS),[],Harden,64,66,Made,False,False,201935.0,,freethrow,freethrow,,,,101123|200782|201935|202329|203081|203090|203468|203516|203991|203994,101123|200782|201935|203516|203991,202329|203081|203090|203468|203994,,,1610612745.0,21800402,True
3,PT06M19.00S,06:19,Q3 06:19,18.316666666666666,373,freethrow,Harden Free Throw 3 of 3 (19 PTS),[],Harden,65,66,Made,False,False,201935.0,,freethrow,substitution,,,,101123|200782|201935|202329|203081|203090|203468|203516|203991|203994,101123|200782|201935|203516|203991,202329|203081|203090|203468|203994,,,1610612745.0,21800402,True
3,PT06M19.00S,06:19,Q3 06:19,18.316666666666666,371,substitution,SUB out: M. Harkless,[],Harkless,64,66,,False,False,203090.0,,freethrow,substitution,,,,101123|200782|201935|202329|203081|203468|203516|203991|203994,202329|203081|203468|203994,101123|200782|201935|203516|203991,,,1610612757.0,21800402,False
3,PT06M19.00S,06:19,Q3 06:19,18.316666666666666,372,substitution,SUB in: E. Turner,[],Turner,64,66,,False,False,202323.0,,substitution,foul,,,,101123|200782|201935|202323|202329|203081|203468|203516|203991|203994,202323|202329|203081|203468|203994,101123|200782|201935|203516|203991,,,1610612757.0,21800402,True
3,PT06M09.00S,06:09,Q3 06:09,18.15,374,foul,Harden P.FOUL (P4.T3) (T.Ford),[],Harden,65,66,,False,False,201935.0,,substitution,2pt made,203468.0,,,101123|200782|201935|202323|202329|203081|203468|203516|203991|203994,101123|200782|201935|203516|203991,202323|202329|203081|203468|203994,,,1610612745.0,21800402,True
3,PT05M57.00S,05:57,Q3 05:57,17.95,376,2pt,McCollum 11' Driving Floating Jump Shot (16 PTS),['pointsinthepaint'],McCollum,65,68,Made,True,False,203468.0,,foul,2pt made,,,,101123|200782|201935|202323|202329|203081|203468|203516|203991|203994,202323|202329|203081|203468|203994,101123|200782|201935|203516|203991,2.0,113.0,1610612757.0,21800402,True
3,PT05M38.00S,05:38,Q3 05:38,17.633333333333333,378,2pt,Harden 4' Driving Floating Jump Shot (21 PTS),['pointsinthepaint'],Harden,67,68,Made,True,False,201935.0,,2pt made,substitution,,,,101123|200782|201935|202323|202329|203081|203468|203516|203991|203994,101123|200782|201935|203516|203991,202323|202329|203081|203468|203994,9.0,42.0,1610612745.0,21800402,True
3,PT05M23.00S,05:23,Q3 05:23,17.383333333333333,380,substitution,SUB: Nene FOR Capela,[],Capela,67,68,,False,False,203991.0,,substitution,substitution,,,,101123|200782|201935|202323|202329|203081|203468|203516|203994|2403,101123|200782|201935|203516|2403,202323|202329|203081|203468|203994,,,1610612745.0,21800402,True
3,PT05M23.00S,05:23,Q3 05:23,17.383333333333333,381,substitution,SUB out: P. Tucker,[],Tucker,67,68,,False,False,200782.0,,substitution,substitution,,,,101123|201935|202323|202329|203081|203468|203516|203994|2403,101123|201935|203516|2403,202323|202329|203081|203468|203994,,,1610612745.0,21800402,False
3,PT05M23.00S,05:23,Q3 05:23,17.383333333333333,383,substitution,SUB in: D. House Jr.,[],House Jr.,67,68,,False,False,1627863.0,,substitution,3pt missed,,,,101123|1627863|201935|202323|202329|203081|203468|203516|203994|2403,101123|1627863|201935|203516|2403,202323|202329|203081|203468|203994,,,1610612745.0,21800402,True
3,PT05M10.00S,05:10,Q3 05:10,17.166666666666668,384,3pt,MISS McCollum 25' 3PT Step Back Jump Shot,[],McCollum,67,68,Missed,True,False,203468.0,,substitution,rebound,,,,101123|1627863|201935|202323|202329|203081|203468|203516|203994|2403,202323|202329|203081|203468|203994,101123|1627863|201935|203516|2403,-168.0,190.0,1610612757.0,21800402,True
3,PT05M08.00S,05:08,Q3 05:08,17.133333333333333,385,rebound,Green REBOUND (Off:1 Def:1),[],Green,67,68,,False,False,101123.0,,3pt missed,foul,,,,101123|1627863|201935|202323|202329|203081|203468|203516|203994|2403,101123|1627863|201935|203516|2403,202323|202329|203081|203468|203994,,,1610612745.0,21800402,True
3,PT05M00.00S,05:00,Q3 05:00,17.0,386,foul,Turner S.FOUL (P1.T4) (J.Orr),[],Turner,67,68,,False,False,202323.0,,rebound,freethrow,201935.0,,,101123|1627863|201935|202323|202329|203081|203468|203516|203994|2403,202323|202329|203081|203468|203994,101123|1627863|201935|203516|2403,,,1610612757.0,21800402,True
3,PT05M00.00S,05:00,Q3 05:00,17.0,388,freethrow,MISS Harden Free Throw 1 of 2,[],Harden,67,68,Missed,False,False,201935.0,,foul,rebound,,,,101123|1627863|201935|202323|202329|203081|203468|203516|203994|2403,101123|1627863|201935|203516|2403,202323|202329|203081|203468|203994,,,1610612745.0,21800402,True
3,PT05M00.00S,05:00,Q3 05:00,17.0,389,rebound,TEAM offensive REBOUND,['team'],,67,68,,False,False,0.0,,freethrow,freethrow,,,,101123|1627863|201935|202323|202329|203081|203468|203516|203994|2403,101123|1627863|201935|203516|2403,202323|202329|203081|203468|203994,,,1610612745.0,21800402,True
3,PT05M00.00S,05:00,Q3 05:00,17.0,390,freethrow,Harden Free Throw 2 of 2 (22 PTS),['2ndchance'],Harden,68,68,Made,False,False,201935.0,,rebound,2pt missed,,,,101123|1627863|201935|202323|202329|203081|203468|203516|203994|2403,101123|1627863|201935|203516|2403,202323|202329|203081|203468|203994,,,1610612745.0,21800402,True
3,PT04M47.00S,04:47,Q3 04:47,16.78333333333333,391,2pt,MISS Lillard 12' Fadeaway Jumper,[],Lillard,68,68,Missed,True,False,203081.0,,freethrow,rebound,,,,101123|1627863|201935|202323|202329|203081|203468|203516|203994|2403,202323|202329|203081|203468|203994,101123|1627863|201935|203516|2403,119.0,37.0,1610612757.0,21800402,True
3,PT04M43.00S,04:43,Q3 04:43,16.71666666666667,392,rebound,House Jr. REBOUND (Off:0 Def:2),[],House Jr.,68,68,,False,False,1627863.0,,2pt missed,2pt missed,,,,101123|1627863|201935|202323|202329|203081|203468|203516|203994|2403,101123|1627863|201935|203516|2403,202323|202329|203081|203468|203994,,,1610612745.0,21800402,True
3,PT04M39.00S,04:39,Q3 04:39,16.65,393,2pt,MISS House Jr. 3' Running Layup,['pointsinthepaint'],House Jr.,68,68,Missed,True,False,1627863.0,,rebound,rebound,,,,101123|1627863|201935|202323|202329|203081|203468|203516|203994|2403,101123|1627863|201935|203516|2403,202323|202329|203081|203468|203994,-3.0,25.0,1610612745.0,21800402,True
3,PT04M39.00S,04:39,Q3 04:39,16.65,394,rebound,Aminu REBOUND (Off:3 Def:8),[],Aminu,68,68,,False,False,202329.0,,2pt missed,3pt made,,,,101123|1627863|201935|202323|202329|203081|203468|203516|203994|2403,202323|202329|203081|203468|203994,101123|1627863|201935|203516|2403,,,1610612757.0,21800402,True
3,PT04M33.00S,04:33,Q3 04:33,16.55,395,3pt,Lillard 26' 3PT Pullup Jump Shot (23 PTS) (Turner 6 AST),[],Lillard,68,71,Made,True,True,203081.0,202323.0,rebound,timeout,,,,101123|1627863|201935|202323|202329|203081|203468|203516|203994|2403,202323|202329|203081|203468|203994,101123|1627863|201935|203516|2403,157.0,208.0,1610612757.0,21800402,True
3,PT04M22.00S,04:22,Q3 04:22,16.366666666666667,397,timeout,ROCKETS Timeout: Regular (Full 4 Short 0),[],,68,71,,False,False,0.0,,3pt made,substitution,,,,101123|1627863|201935|202323|202329|203081|203468|203516|203994|2403,101123|1627863|201935|203516|2403,202323|202329|203081|203468|203994,,,1610612745.0,21800402,True
3,PT04M22.00S,04:22,Q3 04:22,16.366666666666667,398,substitution,SUB out: J. Ennis III,[],Ennis III,68,71,,False,False,203516.0,,timeout,substitution,,,,101123|1627863|201935|202323|202329|203081|203468|203994|2403,101123|1627863|201935|2403,202323|202329|203081|203468|203994,,,1610612745.0,21800402,False
3,PT04M22.00S,04:22,Q3 04:22,16.366666666666667,399,substitution,SUB out: J. Nurkic,[],Nurkic,68,71,,False,False,203994.0,,substitution,substitution,,,,101123|1627863|201935|202323|202329|203081|203468|2403,202323|202329|203081|203468,101123|1627863|201935|2403,,,1610612757.0,21800402,False
3,PT04M22.00S,04:22,Q3 04:22,16.366666666666667,400,substitution,SUB in: E. Gordon,[],Gordon,68,71,,False,False,201569.0,,substitution,substitution,,,,101123|1627863|201569|201935|202323|202329|203081|203468|2403,101123|1627863|201569|201935|2403,202323|202329|203081|203468,,,1610612745.0,21800402,False
3,PT04M22.00S,04:22,Q3 04:22,16.366666666666667,401,substitution,SUB in: Z. Collins,[],Collins,68,71,,False,False,1628380.0,,substitution,2pt made,,,,101123|1627863|1628380|201569|201935|202323|202329|203081|203468|2403,1628380|202323|202329|203081|203468,101123|1627863|201569|201935|2403,,,1610612757.0,21800402,True
3,PT04M12.00S,04:12,Q3 04:12,16.2,402,2pt,Nene 1' Cutting Finger Roll Layup Shot (4 PTS) (Gordon 2 AST),['pointsinthepaint'],Hilario,70,71,Made,True,True,2403.0,201569.0,substitution,turnover,,,,101123|1627863|1628380|201569|201935|202323|202329|203081|203468|2403,101123|1627863|201569|201935|2403,1628380|202323|202329|203081|203468,9.0,11.0,1610612745.0,21800402,True
3,PT04M00.00S,04:00,Q3 04:00,16.0,404,turnover,Lillard Bad Pass Turnover (P3.T10),[],Lillard,70,71,,False,False,203081.0,,2pt made,steal,,,,101123|1627863|1628380|201569|201935|202323|202329|203081|203468|2403,1628380|202323|202329|203081|203468,101123|1627863|201569|201935|2403,,,1610612757.0,21800402,True
3,PT04M00.00S,04:00,Q3 04:00,16.0,404,steal,Nene STEAL (1 STL),[],Hilario,70,71,,False,False,2403.0,,turnover,2pt made,,2403.0,,101123|1627863|1628380|201569|201935|202323|202329|203081|203468|2403,101123|1627863|201569|201935|2403,1628380|202323|202329|203081|203468,,,1610612745.0,21800402,True
3,PT03M55.00S,03:55,Q3 03:55,15.916666666666666,406,2pt,Nene 1' Dunk (6 PTS),['pointsinthepaint'],Hilario,72,71,Made,True,False,2403.0,,steal,3pt made,,,,101123|1627863|1628380|201569|201935|202323|202329|203081|203468|2403,101123|1627863|201569|201935|2403,1628380|202323|202329|203081|203468,-5.0,2.0,1610612745.0,21800402,True
3,PT03M43.00S,03:43,Q3 03:43,15.716666666666667,407,3pt,Aminu 3PT Jump Shot (8 PTS) (McCollum 3 AST),[],Aminu,72,74,Made,True,True,202329.0,203468.0,2pt made,3pt made,,,,101123|1627863|1628380|201569|201935|202323|202329|203081|203468|2403,1628380|202323|202329|203081|203468,101123|1627863|201569|201935|2403,-231.0,16.0,1610612757.0,21800402,True
3,PT03M21.00S,03:21,Q3 03:21,15.35,409,3pt,Harden 3PT Step Back Jump Shot (25 PTS),[],Harden,75,74,Made,True,False,201935.0,,3pt made,2pt made,,,,101123|1627863|1628380|201569|201935|202323|202329|203081|203468|2403,101123|1627863|201569|201935|2403,1628380|202323|202329|203081|203468,228.0,-4.0,1610612745.0,21800402,True
3,PT03M07.00S,03:07,Q3 03:07,15.116666666666667,410,2pt,Lillard 1' Driving Reverse Layup (25 PTS),['pointsinthepaint'],Lillard,75,76,Made,True,False,203081.0,,3pt made,2pt missed,,,,101123|1627863|1628380|201569|201935|202323|202329|203081|203468|2403,1628380|202323|202329|203081|203468,101123|1627863|201569|201935|2403,2.0,10.0,1610612757.0,21800402,True
3,PT02M44.00S,02:44,Q3 02:44,14.733333333333334,411,2pt,MISS Nene 14' Turnaround Fadeaway Shot,[],Hilario,75,76,Missed,True,False,2403.0,,2pt made,rebound,,,,101123|1627863|1628380|201569|201935|202323|202329|203081|203468|2403,101123|1627863|201569|201935|2403,1628380|202323|202329|203081|203468,22.0,138.0,1610612745.0,21800402,True
3,PT02M42.00S,02:42,Q3 02:42,14.7,412,rebound,Aminu REBOUND (Off:3 Def:9),[],Aminu,75,76,,False,False,202329.0,,2pt missed,2pt made,,,,101123|1627863|1628380|201569|201935|202323|202329|203081|203468|2403,1628380|202323|202329|203081|203468,101123|1627863|201569|201935|2403,,,1610612757.0,21800402,True
3,PT02M34.00S,02:34,Q3 02:34,14.566666666666666,413,2pt,Lillard 21' Step Back Jump Shot (27 PTS),[],Lillard,75,78,Made,True,False,203081.0,,rebound,foul,,,,101123|1627863|1628380|201569|201935|202323|202329|203081|203468|2403,1628380|202323|202329|203081|203468,101123|1627863|201569|201935|2403,179.0,104.0,1610612757.0,21800402,True
3,PT02M17.00S,02:17,Q3 02:17,14.283333333333333,414,foul,McCollum S.FOUL (P2.PN) (T.Ford),['inpenalty'],McCollum,75,78,,False,False,203468.0,,2pt made,freethrow,201569.0,,,101123|1627863|1628380|201569|201935|202323|202329|203081|203468|2403,1628380|202323|202329|203081|203468,101123|1627863|201569|201935|2403,,,1610612757.0,21800402,True
3,PT02M17.00S,02:17,Q3 02:17,14.283333333333333,416,freethrow,Gordon Free Throw 1 of 2 (9 PTS),[],Gordon,76,78,Made,False,False,201569.0,,foul,freethrow,,,,101123|1627863|1628380|201569|201935|202323|202329|203081|203468|2403,101123|1627863|201569|201935|2403,1628380|202323|202329|203081|203468,,,1610612745.0,21800402,True
3,PT02M17.00S,02:17,Q3 02:17,14.283333333333333,423,freethrow,Gordon Free Throw 2 of 2 (10 PTS),[],Gordon,77,78,Made,False,False,201569.0,,freethrow,substitution,,,,101123|1627863|1628380|201569|201935|202323|202329|203081|203468|2403,101123|1627863|201569|201935|2403,1628380|202323|202329|203081|203468,,,1610612745.0,21800402,True
3,PT02M17.00S,02:17,Q3 02:17,14.283333333333333,417,substitution,SUB out: J. Harden,[],Harden,76,78,,False,False,201935.0,,freethrow,substitution,,,,101123|1627863|1628380|201569|202323|202329|203081|203468|2403,101123|1627863|201569|2403,1628380|202323|202329|203081|203468,,,1610612745.0,21800402,False
3,PT02M17.00S,02:17,Q3 02:17,14.283333333333333,418,substitution,SUB out: C. McCollum,[],McCollum,76,78,,False,False,203468.0,,substitution,substitution,,,,101123|1627863|1628380|201569|202323|202329|203081|2403,1628380|202323|202329|203081,101123|1627863|201569|2403,,,1610612757.0,21800402,False
3,PT02M17.00S,02:17,Q3 02:17,14.283333333333333,419,substitution,SUB out: A. Aminu,[],Aminu,76,78,,False,False,202329.0,,substitution,substitution,,,,101123|1627863|1628380|201569|202323|203081|2403,1628380|202323|203081,101123|1627863|201569|2403,,,1610612757.0,21800402,False
3,PT02M17.00S,02:17,Q3 02:17,14.283333333333333,420,substitution,SUB in: C. Paul,[],Paul,76,78,,False,False,101108.0,,substitution,substitution,,,,101108|101123|1627863|1628380|201569|202323|203081|2403,101108|101123|1627863|201569|2403,1628380|202323|203081,,,1610612745.0,21800402,False
3,PT02M17.00S,02:17,Q3 02:17,14.283333333333333,421,substitution,SUB in: M. Harkless,[],Harkless,76,78,,False,False,203090.0,,substitution,substitution,,,,101108|101123|1627863|1628380|201569|202323|203081|203090|2403,1628380|202323|203081|203090,101108|101123|1627863|201569|2403,,,1610612757.0,21800402,False
3,PT02M17.00S,02:17,Q3 02:17,14.283333333333333,422,substitution,SUB in: S. Curry,[],Curry,76,78,,False,False,203552.0,,substitution,2pt missed,,,,101108|101123|1627863|1628380|201569|202323|203081|203090|203552|2403,1628380|202323|203081|203090|203552,101108|101123|1627863|201569|2403,,,1610612757.0,21800402,True
3,PT01M51.00S,01:51,Q3 01:51,13.85,424,2pt,MISS Curry 23' Jump Shot,[],Curry,77,78,Missed,True,False,203552.0,,substitution,rebound,,,,101108|101123|1627863|1628380|201569|202323|203081|203090|203552|2403,1628380|202323|203081|203090|203552,101108|101123|1627863|201569|2403,-205.0,101.0,1610612757.0,21800402,True
3,PT01M50.00S,01:50,Q3 01:50,13.833333333333334,425,rebound,House Jr. REBOUND (Off:0 Def:3),[],House Jr.,77,78,,False,False,1627863.0,,2pt missed,2pt made,,,,101108|101123|1627863|1628380|201569|202323|203081|203090|203552|2403,101108|101123|1627863|201569|2403,1628380|202323|203081|203090|203552,,,1610612745.0,21800402,True
3,PT01M46.00S,01:46,Q3 01:46,13.766666666666666,426,2pt,Gordon Cutting Layup Shot (12 PTS) (Paul 6 AST),['pointsinthepaint'],Gordon,79,78,Made,True,True,201569.0,101108.0,rebound,3pt missed,,,,101108|101123|1627863|1628380|201569|202323|203081|203090|203552|2403,101108|101123|1627863|201569|2403,1628380|202323|203081|203090|203552,4.0,-1.0,1610612745.0,21800402,True
3,PT01M24.00S,01:24,Q3 01:24,13.4,428,3pt,MISS Turner 26' 3PT Jump Shot,[],Turner,79,78,Missed,True,False,202323.0,,2pt made,rebound,,,,101108|101123|1627863|1628380|201569|202323|203081|203090|203552|2403,1628380|202323|203081|203090|203552,101108|101123|1627863|201569|2403,-119.0,230.0,1610612757.0,21800402,True
3,PT01M23.00S,01:23,Q3 01:23,13.383333333333333,429,rebound,TEAM offensive REBOUND,['team'],,79,78,,False,False,0.0,,3pt missed,foul,,,,101108|101123|1627863|1628380|201569|202323|203081|203090|203552|2403,1628380|202323|203081|203090|203552,101108|101123|1627863|201569|2403,,,1610612757.0,21800402,True
3,PT01M23.00S,01:23,Q3 01:23,13.383333333333333,430,foul,Nene L.B.FOUL (P2.T4) (T.Ford),['inpenalty'],Hilario,79,78,,False,False,2403.0,,rebound,2pt missed,203081.0,,,101108|101123|1627863|1628380|201569|202323|203081|203090|203552|2403,101108|101123|1627863|201569|2403,1628380|202323|203081|203090|203552,,,1610612745.0,21800402,True
3,PT01M11.00S,01:11,Q3 01:11,13.183333333333334,432,2pt,MISS Lillard 3' Driving Layup,['pointsinthepaint'],Lillard,79,78,Missed,True,False,203081.0,,foul,rebound,,,,101108|101123|1627863|1628380|201569|202323|203081|203090|203552|2403,1628380|202323|203081|203090|203552,101108|101123|1627863|201569|2403,25.0,13.0,1610612757.0,21800402,True
3,PT01M10.00S,01:10,Q3 01:10,13.166666666666666,433,rebound,Paul REBOUND (Off:1 Def:5),[],Paul,79,78,,False,False,101108.0,,2pt missed,3pt missed,,,,101108|101123|1627863|1628380|201569|202323|203081|203090|203552|2403,101108|101123|1627863|201569|2403,1628380|202323|203081|203090|203552,,,1610612745.0,21800402,True
3,PT01M04.00S,01:04,Q3 01:04,13.066666666666666,434,3pt,MISS House Jr. 25' 3PT Jump Shot,[],House Jr.,79,78,Missed,True,False,1627863.0,,rebound,rebound,,,,101108|101123|1627863|1628380|201569|202323|203081|203090|203552|2403,101108|101123|1627863|201569|2403,1628380|202323|203081|203090|203552,-163.0,184.0,1610612745.0,21800402,True
3,PT01M03.00S,01:03,Q3 01:03,13.05,435,rebound,Green REBOUND (Off:2 Def:1),[],Green,79,78,,False,False,101123.0,,3pt missed,2pt made,,,,101108|101123|1627863|1628380|201569|202323|203081|203090|203552|2403,101108|101123|1627863|201569|2403,1628380|202323|203081|203090|203552,,,1610612745.0,21800402,True
3,PT01M02.00S,01:02,Q3 01:02,13.033333333333333,436,2pt,Green 1' Putback Dunk (10 PTS),['pointsinthepaint'],Green,81,78,Made,True,False,101123.0,,rebound,timeout,,,,101108|101123|1627863|1628380|201569|202323|203081|203090|203552|2403,101108|101123|1627863|201569|2403,1628380|202323|203081|203090|203552,0.0,-6.0,1610612745.0,21800402,True
3,PT01M00.00S,01:00,Q3 01:00,13.0,437,timeout,Trail Blazers Timeout: Regular (Reg.3 Short 0),[],,81,78,,False,False,0.0,,2pt made,substitution,,,,101108|101123|1627863|1628380|201569|202323|203081|203090|203552|2403,1628380|202323|203081|203090|203552,101108|101123|1627863|201569|2403,,,1610612757.0,21800402,True
3,PT01M00.00S,01:00,Q3 01:00,13.0,438,substitution,SUB out: Z. Collins,[],Collins,81,78,,False,False,1628380.0,,timeout,substitution,,,,101108|101123|1627863|201569|202323|203081|203090|203552|2403,202323|203081|203090|203552,101108|101123|1627863|201569|2403,,,1610612757.0,21800402,False
3,PT01M00.00S,01:00,Q3 01:00,13.0,439,substitution,SUB in: M. Leonard,[],Leonard,81,78,,False,False,203086.0,,substitution,turnover,,,,101108|101123|1627863|201569|202323|203081|203086|203090|203552|2403,202323|203081|203086|203090|203552,101108|101123|1627863|201569|2403,,,1610612757.0,21800402,True
3,PT00M43.60S,00:43,Q3 00:43,12.726666666666667,440,turnover,Turner Out of Bounds - Bad Pass Turnover Turnover (P2.T11),[],Turner,81,78,,False,False,202323.0,,substitution,3pt missed,,,,101108|101123|1627863|201569|202323|203081|203086|203090|203552|2403,202323|203081|203086|203090|203552,101108|101123|1627863|201569|2403,,,1610612757.0,21800402,True
3,PT00M34.90S,00:34,Q3 00:34,12.581666666666667,441,3pt,MISS Gordon 25' 3PT Jump Shot,[],Gordon,81,78,Missed,True,False,201569.0,,turnover,rebound,,,,101108|101123|1627863|201569|202323|203081|203086|203090|203552|2403,101108|101123|1627863|201569|2403,202323|203081|203086|203090|203552,145.0,202.0,1610612745.0,21800402,True
3,PT00M33.90S,00:33,Q3 00:33,12.565,442,rebound,Harkless REBOUND (Off:0 Def:3),[],Harkless,81,78,,False,False,203090.0,,3pt missed,2pt missed,,,,101108|101123|1627863|201569|202323|203081|203086|203090|203552|2403,202323|203081|203086|203090|203552,101108|101123|1627863|201569|2403,,,1610612757.0,21800402,True
3,PT00M23.70S,00:23,Q3 00:23,12.395,443,2pt,MISS Lillard 4' Layup,['pointsinthepaint'],Lillard,81,78,Missed,True,False,203081.0,,rebound,rebound,,,,101108|101123|1627863|201569|202323|203081|203086|203090|203552|2403,202323|203081|203086|203090|203552,101108|101123|1627863|201569|2403,-35.0,27.0,1610612757.0,21800402,True
3,PT00M23.70S,00:23,Q3 00:23,12.395,445,rebound,Nene REBOUND (Off:0 Def:2),[],Hilario,81,78,,False,False,2403.0,,2pt missed,period,,,,101108|101123|1627863|201569|202323|203081|203086|203090|203552|2403,101108|101123|1627863|201569|2403,202323|203081|203086|203090|203552,,,1610612745.0,21800402,True
3,PT00M00.00S,00:00,Q3 00:00,12.0,446,period,End of 3rd Period (9:44 PM EST),[],,81,78,,False,False,0.0,,rebound,period,,,,101108|101123|1627863|201569|202323|203081|203086|203090|203552|2403,101108|101123|1627863|201569|2403,202323|203081|203086|203090|203552,,,1610612745.0,21800402,True
4,PT12M00.00S,12:00,Q4 12:00,12.0,449,period,Start of 4th Period (9:46 PM EST),[],,81,78,,False,False,0.0,,period,substitution,,,,101108|101123|1627863|201569|202323|203081|203086|203090|203552|2403,101108|101123|1627863|201569|2403,202323|203081|203086|203090|203552,,,1610612745.0,21800402,True
4,PT11M38.00S,11:38,Q4 11:38,11.633333333333333,450,2pt,Nene 2' Cutting Finger Roll Layup Shot (8 PTS) (Green 1 AST),['pointsinthepaint'],Hilario,83,78,Made,True,True,2403.0,101123.0,substitution,foul,,,,101108|101123|1627863|201569|202323|203086|203090|203468|203552|2403,101108|101123|1627863|201569|2403,202323|203086|203090|203468|203552,8.0,15.0,1610612745.0,21800402,True
4,PT11M16.00S,11:16,Q4 11:16,11.266666666666667,452,foul,Nene P.FOUL (P3.T1) (T.Brown),[],Hilario,83,78,,False,False,2403.0,,2pt made,substitution,203086.0,,,101108|101123|1627863|201569|202323|203086|203090|203468|203552|2403,101108|101123|1627863|201569|2403,202323|203086|203090|203468|203552,,,1610612745.0,21800402,True
4,PT11M16.00S,11:16,Q4 11:16,11.266666666666667,454,substitution,SUB out: N. Hilario,[],Hilario,83,78,,False,False,2403.0,,foul,substitution,,,,101108|101123|1627863|201569|202323|203086|203090|203468|203552,101108|101123|1627863|201569,202323|203086|203090|203468|203552,,,1610612745.0,21800402,False
4,PT11M16.00S,11:16,Q4 11:16,11.266666666666667,455,substitution,SUB in: C. Capela,[],Capela,83,78,,False,False,203991.0,,substitution,3pt missed,,,,101108|101123|1627863|201569|202323|203086|203090|203468|203552|203991,101108|101123|1627863|201569|203991,202323|203086|203090|203468|203552,,,1610612745.0,21800402,True
4,PT11M10.00S,11:10,Q4 11:10,11.166666666666666,456,3pt,MISS Leonard 26' 3PT Jump Shot,[],Leonard,83,78,Missed,True,False,203086.0,,substitution,rebound,,,,101108|101123|1627863|201569|202323|203086|203090|203468|203552|203991,202323|203086|203090|203468|203552,101108|101123|1627863|201569|203991,98.0,243.0,1610612757.0,21800402,True
4,PT11M09.00S,11:09,Q4 11:09,11.15,457,rebound,House Jr. REBOUND (Off:0 Def:4),[],House Jr.,83,78,,False,False,1627863.0,,3pt missed,2pt made,,,,101108|101123|1627863|201569|202323|203086|203090|203468|203552|203991,101108|101123|1627863|201569|203991,202323|203086|203090|203468|203552,,,1610612745.0,21800402,True
4,PT11M00.00S,11:00,Q4 11:00,11.0,458,2pt,Paul 9' Fadeaway Jumper (5 PTS),['pointsinthepaint'],Paul,85,78,Made,True,False,101108.0,,rebound,2pt missed,,,,101108|101123|1627863|201569|202323|203086|203090|203468|203552|203991,101108|101123|1627863|201569|203991,202323|203086|203090|203468|203552,64.0,62.0,1610612745.0,21800402,True
4,PT10M43.00S,10:43,Q4 10:43,10.716666666666667,459,2pt,MISS McCollum 3' Driving Layup,['pointsinthepaint'],McCollum,85,78,Missed,True,False,203468.0,,2pt made,block,,,,101108|101123|1627863|201569|202323|203086|203090|203468|203552|203991,202323|203086|203090|203468|203552,101108|101123|1627863|201569|203991,3.0,25.0,1610612757.0,21800402,True
4,PT10M43.00S,10:43,Q4 10:43,10.716666666666667,459,block,Green BLOCK (2 BLK),[],Green,85,78,,False,False,101123.0,,2pt missed,rebound,,,101123.0,101108|101123|1627863|201569|202323|203086|203090|203468|203552|203991,101108|101123|1627863|201569|203991,202323|203086|203090|203468|203552,,,1610612745.0,21800402,True
4,PT10M42.00S,10:42,Q4 10:42,10.7,461,rebound,Curry REBOUND (Off:1 Def:1),[],Curry,85,78,,False,False,203552.0,,block,turnover,,,,101108|101123|1627863|201569|202323|203086|203090|203468|203552|203991,202323|203086|203090|203468|203552,101108|101123|1627863|201569|203991,,,1610612757.0,21800402,True
4,PT10M40.00S,10:40,Q4 10:40,10.666666666666666,462,turnover,Curry Lost Ball Turnover (P1.T12),[],Curry,85,78,,False,False,203552.0,,rebound,steal,,,,101108|101123|1627863|201569|202323|203086|203090|203468|203552|203991,202323|203086|203090|203468|203552,101108|101123|1627863|201569|203991,,,1610612757.0,21800402,True
4,PT10M40.00S,10:40,Q4 10:40,10.666666666666666,462,steal,Paul STEAL (3 STL),[],Paul,85,78,,False,False,101108.0,,turnover,foul,,101108.0,,101108|101123|1627863|201569|202323|203086|203090|203468|203552|203991,101108|101123|1627863|201569|203991,202323|203086|203090|203468|203552,,,1610612745.0,21800402,True
4,PT10M38.00S,10:38,Q4 10:38,10.633333333333333,464,foul,Leonard S.FOUL (P1.T1) (T.Brown),[],Leonard,85,78,,False,False,203086.0,,steal,freethrow,1627863.0,,,101108|101123|1627863|201569|202323|203086|203090|203468|203552|203991,202323|203086|203090|203468|203552,101108|101123|1627863|201569|203991,,,1610612757.0,21800402,True
4,PT10M38.00S,10:38,Q4 10:38,10.633333333333333,466,freethrow,House Jr. Free Throw 1 of 2 (8 PTS),[],House Jr.,86,78,Made,False,False,1627863.0,,foul,freethrow,,,,101108|101123|1627863|201569|202323|203086|203090|203468|203552|203991,101108|101123|1627863|201569|203991,202323|203086|203090|203468|203552,,,1610612745.0,21800402,True
4,PT10M38.00S,10:38,Q4 10:38,10.633333333333333,467,freethrow,MISS House Jr. Free Throw 2 of 2,[],House Jr.,86,78,Missed,False,False,1627863.0,,freethrow,rebound,,,,101108|101123|1627863|201569|202323|203086|203090|203468|203552|203991,101108|101123|1627863|201569|203991,202323|203086|203090|203468|203552,,,1610612745.0,21800402,True
4,PT10M37.00S,10:37,Q4 10:37,10.616666666666667,468,rebound,Harkless REBOUND (Off:0 Def:4),[],Harkless,86,78,,False,False,203090.0,,freethrow,foul,,,,101108|101123|1627863|201569|202323|203086|203090|203468|203552|203991,202323|203086|203090|203468|203552,101108|101123|1627863|201569|203991,,,1610612757.0,21800402,True
4,PT10M23.00S,10:23,Q4 10:23,10.383333333333333,469,foul,Capela P.FOUL (P3.T2) (T.Ford),[],Capela,86,78,,False,False,203991.0,,rebound,turnover,203552.0,,,101108|101123|1627863|201569|202323|203086|203090|203468|203552|203991,101108|101123|1627863|201569|203991,202323|203086|203090|203468|203552,,,1610612745.0,21800402,True
4,PT10M21.00S,10:21,Q4 10:21,10.35,471,turnover,Curry Bad Pass Turnover (P2.T13),[],Curry,86,78,,False,False,203552.0,,foul,steal,,,,101108|101123|1627863|201569|202323|203086|203090|203468|203552|203991,202323|203086|203090|203468|203552,101108|101123|1627863|201569|203991,,,1610612757.0,21800402,True
4,PT10M21.00S,10:21,Q4 10:21,10.35,471,steal,Capela STEAL (2 STL),[],Capela,86,78,,False,False,203991.0,,turnover,2pt made,,203991.0,,101108|101123|1627863|201569|202323|203086|203090|203468|203552|203991,101108|101123|1627863|201569|203991,202323|203086|203090|203468|203552,,,1610612745.0,21800402,True
4,PT10M17.00S,10:17,Q4 10:17,10.283333333333333,473,2pt,House Jr. 1' Cutting Dunk Shot (10 PTS) (Paul 7 AST),['pointsinthepaint'],House Jr.,88,78,Made,True,True,1627863.0,101108.0,steal,timeout,,,,101108|101123|1627863|201569|202323|203086|203090|203468|203552|203991,101108|101123|1627863|201569|203991,202323|203086|203090|203468|203552,0.0,6.0,1610612745.0,21800402,True
4,PT10M05.00S,10:05,Q4 10:05,10.083333333333334,475,timeout,Trail Blazers Timeout: Regular (Reg.4 Short 0),[],,88,78,,False,False,0.0,,2pt made,substitution,,,,101108|101123|1627863|201569|202323|203086|203090|203468|203552|203991,202323|203086|203090|203468|203552,101108|101123|1627863|201569|203991,,,1610612757.0,21800402,True
4,PT10M05.00S,10:05,Q4 10:05,10.083333333333334,476,substitution,SUB out: E. Turner,[],Turner,88,78,,False,False,202323.0,,timeout,substitution,,,,101108|101123|1627863|201569|203086|203090|203468|203552|203991,203086|203090|203468|203552,101108|101123|1627863|201569|203991,,,1610612757.0,21800402,False
4,PT10M05.00S,10:05,Q4 10:05,10.083333333333334,477,substitution,SUB out: M. Harkless,[],Harkless,88,78,,False,False,203090.0,,substitution,substitution,,,,101108|101123|1627863|201569|203086|203468|203552|203991,203086|203468|203552,101108|101123|1627863|201569|203991,,,1610612757.0,21800402,False
4,PT10M05.00S,10:05,Q4 10:05,10.083333333333334,478,substitution,SUB out: M. Leonard,[],Leonard,88,78,,False,False,203086.0,,substitution,substitution,,,,101108|101123|1627863|201569|203468|203552|203991,203468|203552,101108|101123|1627863|201569|203991,,,1610612757.0,21800402,False
4,PT10M05.00S,10:05,Q4 10:05,10.083333333333334,479,substitution,SUB in: A. Aminu,[],Aminu,88,78,,False,False,202329.0,,substitution,substitution,,,,101108|101123|1627863|201569|202329|203468|203552|203991,202329|203468|203552,101108|101123|1627863|201569|203991,,,1610612757.0,21800402,False
4,PT10M05.00S,10:05,Q4 10:05,10.083333333333334,480,substitution,SUB in: J. Nurkic,[],Nurkic,88,78,,False,False,203994.0,,substitution,substitution,,,,101108|101123|1627863|201569|202329|203468|203552|203991|203994,202329|203468|203552|203994,101108|101123|1627863|201569|203991,,,1610612757.0,21800402,False
4,PT10M05.00S,10:05,Q4 10:05,10.083333333333334,481,substitution,SUB in: D. Lillard,[],Lillard,88,78,,False,False,203081.0,,substitution,3pt made,,,,101108|101123|1627863|201569|202329|203081|203468|203552|203991|203994,202329|203081|203468|203552|203994,101108|101123|1627863|201569|203991,,,1610612757.0,21800402,True
4,PT09M56.00S,09:56,Q4 09:56,9.933333333333334,482,3pt,Curry 24' 3PT Jump Shot (6 PTS) (McCollum 4 AST),[],Curry,88,81,Made,True,True,203552.0,203468.0,substitution,2pt missed,,,,101108|101123|1627863|201569|202329|203081|203468|203552|203991|203994,202329|203081|203468|203552|203994,101108|101123|1627863|201569|203991,-242.0,16.0,1610612757.0,21800402,True
4,PT09M30.00S,09:30,Q4 09:30,9.5,484,2pt,MISS Paul 13' Pullup Jump Shot,['pointsinthepaint'],Paul,88,81,Missed,True,False,101108.0,,3pt made,rebound,,,,101108|101123|1627863|201569|202329|203081|203468|203552|203991|203994,101108|101123|1627863|201569|203991,202329|203081|203468|203552|203994,35.0,127.0,1610612745.0,21800402,True
4,PT09M29.00S,09:29,Q4 09:29,9.483333333333333,485,rebound,Curry REBOUND (Off:1 Def:2),[],Curry,88,81,,False,False,203552.0,,2pt missed,2pt missed,,,,101108|101123|1627863|201569|202329|203081|203468|203552|203991|203994,202329|203081|203468|203552|203994,101108|101123|1627863|201569|203991,,,1610612757.0,21800402,True
4,PT09M19.00S,09:19,Q4 09:19,9.316666666666666,486,2pt,MISS Lillard 14' Fadeaway Jumper,[],Lillard,88,81,Missed,True,False,203081.0,,rebound,rebound,,,,101108|101123|1627863|201569|202329|203081|203468|203552|203991|203994,202329|203081|203468|203552|203994,101108|101123|1627863|201569|203991,-131.0,38.0,1610612757.0,21800402,True
4,PT09M18.00S,09:18,Q4 09:18,9.3,487,rebound,House Jr. REBOUND (Off:0 Def:5),[],House Jr.,88,81,,False,False,1627863.0,,2pt missed,foul,,,,101108|101123|1627863|201569|202329|203081|203468|203552|203991|203994,101108|101123|1627863|201569|203991,202329|203081|203468|203552|203994,,,1610612745.0,21800402,True
4,PT09M12.00S,09:12,Q4 09:12,9.2,488,foul,McCollum P.FOUL (P3.T2) (T.Brown),[],McCollum,88,81,,False,False,203468.0,,rebound,2pt missed,101108.0,,,101108|101123|1627863|201569|202329|203081|203468|203552|203991|203994,202329|203081|203468|203552|203994,101108|101123|1627863|201569|203991,,,1610612757.0,21800402,True
4,PT09M03.00S,09:03,Q4 09:03,9.05,490,2pt,MISS Paul 10' Fadeaway Jumper,[],Paul,88,81,Missed,True,False,101108.0,,foul,rebound,,,,101108|101123|1627863|201569|202329|203081|203468|203552|203991|203994,101108|101123|1627863|201569|203991,202329|203081|203468|203552|203994,-84.0,60.0,1610612745.0,21800402,True
4,PT09M01.00S,09:01,Q4 09:01,9.016666666666667,491,rebound,Paul REBOUND (Off:2 Def:5),[],Paul,88,81,,False,False,101108.0,,2pt missed,3pt made,,,,101108|101123|1627863|201569|202329|203081|203468|203552|203991|203994,101108|101123|1627863|201569|203991,202329|203081|203468|203552|203994,,,1610612745.0,21800402,True
4,PT08M57.00S,08:57,Q4 08:57,8.95,492,3pt,Green 25' 3PT Jump Shot (13 PTS) (Gordon 3 AST),[],Green,91,81,Made,True,True,101123.0,201569.0,rebound,3pt missed,,,,101108|101123|1627863|201569|202329|203081|203468|203552|203991|203994,101108|101123|1627863|201569|203991,202329|203081|203468|203552|203994,100.0,233.0,1610612745.0,21800402,True
4,PT08M43.00S,08:43,Q4 08:43,8.716666666666667,494,3pt,MISS Aminu 26' 3PT Jump Shot,[],Aminu,91,81,Missed,True,False,202329.0,,3pt made,rebound,,,,101108|101123|1627863|201569|202329|203081|203468|203552|203991|203994,202329|203081|203468|203552|203994,101108|101123|1627863|201569|203991,-176.0,190.0,1610612757.0,21800402,True
4,PT08M40.00S,08:40,Q4 08:40,8.666666666666666,495,rebound,Lillard REBOUND (Off:1 Def:0),[],Lillard,91,81,,False,False,203081.0,,3pt missed,2pt missed,,,,101108|101123|1627863|201569|202329|203081|203468|203552|203991|203994,202329|203081|203468|203552|203994,101108|101123|1627863|201569|203991,,,1610612757.0,21800402,True
4,PT08M33.00S,08:33,Q4 08:33,8.55,496,2pt,MISS Lillard 9' Driving Floating Jump Shot,['pointsinthepaint'],Lillard,91,81,Missed,True,False,203081.0,,rebound,rebound,,,,101108|101123|1627863|201569|202329|203081|203468|203552|203991|203994,202329|203081|203468|203552|203994,101108|101123|1627863|201569|203991,20.0,85.0,1610612757.0,21800402,True
4,PT08M32.00S,08:32,Q4 08:32,8.533333333333333,497,rebound,Green REBOUND (Off:2 Def:2),[],Green,91,81,,False,False,101123.0,,2pt missed,2pt made,,,,101108|101123|1627863|201569|202329|203081|203468|203552|203991|203994,101108|101123|1627863|201569|203991,202329|203081|203468|203552|203994,,,1610612745.0,21800402,True
4,PT08M20.00S,08:20,Q4 08:20,8.333333333333334,498,2pt,Capela 1' Alley Oop Dunk (11 PTS) (Paul 8 AST),['pointsinthepaint'],Capela,93,81,Made,True,True,203991.0,101108.0,rebound,turnover,,,,101108|101123|1627863|201569|202329|203081|203468|203552|203991|203994,101108|101123|1627863|201569|203991,202329|203081|203468|203552|203994,0.0,5.0,1610612745.0,21800402,True
4,PT08M03.00S,08:03,Q4 08:03,8.05,500,turnover,Nurkic Bad Pass Turnover (P2.T14),[],Nurkic,93,81,,False,False,203994.0,,2pt made,steal,,,,101108|101123|1627863|201569|202329|203081|203468|203552|203991|203994,202329|203081|203468|203552|203994,101108|101123|1627863|201569|203991,,,1610612757.0,21800402,True
4,PT08M03.00S,08:03,Q4 08:03,8.05,500,steal,House Jr. STEAL (1 STL),[],House Jr.,93,81,,False,False,1627863.0,,turnover,2pt made,,1627863.0,,101108|101123|1627863|201569|202329|203081|203468|203552|203991|203994,101108|101123|1627863|201569|203991,202329|203081|203468|203552|203994,,,1610612745.0,21800402,True
4,PT07M56.00S,07:56,Q4 07:56,7.933333333333334,502,2pt,House Jr. 1' Driving Reverse Layup (12 PTS) (Paul 9 AST),['pointsinthepaint'],House Jr.,95,81,Made,True,True,1627863.0,101108.0,steal,timeout,,,,101108|101123|1627863|201569|202329|203081|203468|203552|203991|203994,101108|101123|1627863|201569|203991,202329|203081|203468|203552|203994,-5.0,2.0,1610612745.0,21800402,True
4,PT07M56.00S,07:56,Q4 07:56,7.933333333333334,504,timeout,Trail Blazers Timeout: Regular (Reg.5 Short 0),[],,95,81,,False,False,0.0,,2pt made,2pt made,,,,101108|101123|1627863|201569|202329|203081|203468|203552|203991|203994,202329|203081|203468|203552|203994,101108|101123|1627863|201569|203991,,,1610612757.0,21800402,True
4,PT07M38.00S,07:38,Q4 07:38,7.633333333333333,505,2pt,Nurkic 4' Turnaround Hook Shot (12 PTS) (Lillard 2 AST),['pointsinthepaint'],Nurkic,95,83,Made,True,True,203994.0,203081.0,timeout,2pt made,,,,101108|101123|1627863|201569|202329|203081|203468|203552|203991|203994,202329|203081|203468|203552|203994,101108|101123|1627863|201569|203991,-26.0,24.0,1610612757.0,21800402,True
4,PT07M15.00S,07:15,Q4 07:15,7.25,507,2pt,Capela 3' Hook Shot (13 PTS) (Gordon 4 AST),['pointsinthepaint'],Capela,97,83,Made,True,True,203991.0,201569.0,2pt made,foul,,,,101108|101123|1627863|201569|202329|203081|203468|203552|203991|203994,101108|101123|1627863|201569|203991,202329|203081|203468|203552|203994,-28.0,4.0,1610612745.0,21800402,True
4,PT07M06.00S,07:06,Q4 07:06,7.1,509,foul,Green P.FOUL (P1.T3) (J.Orr),[],Green,97,83,,False,False,101123.0,,2pt made,substitution,203468.0,,,101108|101123|1627863|201569|202329|203081|203468|203552|203991|203994,101108|101123|1627863|201569|203991,202329|203081|203468|203552|203994,,,1610612745.0,21800402,True
4,PT07M06.00S,07:06,Q4 07:06,7.1,512,substitution,SUB out: C. Paul,[],Paul,97,83,,False,False,101108.0,,foul,substitution,,,,101123|1627863|201569|202329|203081|203468|203552|203991|203994,101123|1627863|201569|203991,202329|203081|203468|203552|203994,,,1610612745.0,21800402,False
4,PT07M06.00S,07:06,Q4 07:06,7.1,513,substitution,SUB out: D. House Jr.,[],House Jr.,97,83,,False,False,1627863.0,,substitution,substitution,,,,101123|201569|202329|203081|203468|203552|203991|203994,101123|201569|203991,202329|203081|203468|203552|203994,,,1610612745.0,21800402,False
4,PT07M06.00S,07:06,Q4 07:06,7.1,514,substitution,SUB in: P. Tucker,[],Tucker,97,83,,False,False,200782.0,,substitution,substitution,,,,101123|200782|201569|202329|203081|203468|203552|203991|203994,101123|200782|201569|203991,202329|203081|203468|203552|203994,,,1610612745.0,21800402,False
4,PT07M06.00S,07:06,Q4 07:06,7.1,515,substitution,SUB in: J. Harden,[],Harden,97,83,,False,False,201935.0,,substitution,2pt missed,,,,101123|200782|201569|201935|202329|203081|203468|203552|203991|203994,101123|200782|201569|201935|203991,202329|203081|203468|203552|203994,,,1610612745.0,21800402,True
4,PT06M57.00S,06:57,Q4 06:57,6.95,516,2pt,MISS McCollum 11' Turnaround Fadeaway Shot,[],McCollum,97,83,Missed,True,False,203468.0,,substitution,rebound,,,,101123|200782|201569|201935|202329|203081|203468|203552|203991|203994,202329|203081|203468|203552|203994,101123|200782|201569|201935|203991,101.0,51.0,1610612757.0,21800402,True
4,PT06M56.00S,06:56,Q4 06:56,6.933333333333334,517,rebound,Nurkic REBOUND (Off:3 Def:5),[],Nurkic,97,83,,False,False,203994.0,,2pt missed,2pt missed,,,,101123|200782|201569|201935|202329|203081|203468|203552|203991|203994,202329|203081|203468|203552|203994,101123|200782|201569|201935|203991,,,1610612757.0,21800402,True
4,PT06M55.00S,06:55,Q4 06:55,6.916666666666667,518,2pt,MISS Nurkic 1' Tip Layup Shot,['pointsinthepaint'],Nurkic,97,83,Missed,True,False,203994.0,,rebound,rebound,,,,101123|200782|201569|201935|202329|203081|203468|203552|203991|203994,202329|203081|203468|203552|203994,101123|200782|201569|201935|203991,0.0,-6.0,1610612757.0,21800402,True
4,PT06M54.00S,06:54,Q4 06:54,6.9,519,rebound,Green REBOUND (Off:2 Def:3),[],Green,97,83,,False,False,101123.0,,2pt missed,3pt made,,,,101123|200782|201569|201935|202329|203081|203468|203552|203991|203994,101123|200782|201569|201935|203991,202329|203081|203468|203552|203994,,,1610612745.0,21800402,True
4,PT06M48.00S,06:48,Q4 06:48,6.8,520,3pt,Harden 26' 3PT Jump Shot (28 PTS),[],Harden,100,83,Made,True,False,201935.0,,rebound,2pt made,,,,101123|200782|201569|201935|202329|203081|203468|203552|203991|203994,101123|200782|201569|201935|203991,202329|203081|203468|203552|203994,38.0,259.0,1610612745.0,21800402,True
4,PT06M36.00S,06:36,Q4 06:36,6.6,521,2pt,Lillard 1' Driving Finger Roll Layup (29 PTS),['pointsinthepaint'],Lillard,100,85,Made,True,False,203081.0,,3pt made,2pt missed,,,,101123|200782|201569|201935|202329|203081|203468|203552|203991|203994,202329|203081|203468|203552|203994,101123|200782|201569|201935|203991,-4.0,13.0,1610612757.0,21800402,True
4,PT06M14.00S,06:14,Q4 06:14,6.233333333333333,522,2pt,MISS Harden 2' Driving Finger Roll Layup,['pointsinthepaint'],Harden,100,85,Missed,True,False,201935.0,,2pt made,rebound,,,,101123|200782|201569|201935|202329|203081|203468|203552|203991|203994,101123|200782|201569|201935|203991,202329|203081|203468|203552|203994,-17.0,17.0,1610612745.0,21800402,True
4,PT06M13.00S,06:13,Q4 06:13,6.216666666666667,523,rebound,Nurkic REBOUND (Off:3 Def:6),[],Nurkic,100,85,,False,False,203994.0,,2pt missed,foul,,,,101123|200782|201569|201935|202329|203081|203468|203552|203991|203994,202329|203081|203468|203552|203994,101123|200782|201569|201935|203991,,,1610612757.0,21800402,True
4,PT06M07.00S,06:07,Q4 06:07,6.116666666666666,524,foul,Capela S.FOUL (P4.T4) (T.Brown),[],Capela,100,85,,False,False,203991.0,,rebound,freethrow,203081.0,,,101123|200782|201569|201935|202329|203081|203468|203552|203991|203994,101123|200782|201569|201935|203991,202329|203081|203468|203552|203994,,,1610612745.0,21800402,True
4,PT06M07.00S,06:07,Q4 06:07,6.116666666666666,526,freethrow,MISS Lillard Free Throw 1 of 2,[],Lillard,100,85,Missed,False,False,203081.0,,foul,rebound,,,,101123|200782|201569|201935|202329|203081|203468|203552|203991|203994,202329|203081|203468|203552|203994,101123|200782|201569|201935|203991,,,1610612757.0,21800402,True
4,PT06M07.00S,06:07,Q4 06:07,6.116666666666666,527,rebound,TEAM offensive REBOUND,['team'],,100,85,,False,False,0.0,,freethrow,freethrow,,,,101123|200782|201569|201935|202329|203081|203468|203552|203991|203994,202329|203081|203468|203552|203994,101123|200782|201569|201935|203991,,,1610612757.0,21800402,True
4,PT06M07.00S,06:07,Q4 06:07,6.116666666666666,528,freethrow,Lillard Free Throw 2 of 2 (30 PTS),['2ndchance'],Lillard,100,86,Made,False,False,203081.0,,rebound,3pt missed,,,,101123|200782|201569|201935|202329|203081|203468|203552|203991|203994,202329|203081|203468|203552|203994,101123|200782|201569|201935|203991,,,1610612757.0,21800402,True
4,PT05M55.00S,05:55,Q4 05:55,5.916666666666667,529,3pt,MISS Harden 26' 3PT Pullup Jump Shot,[],Harden,100,86,Missed,True,False,201935.0,,freethrow,rebound,,,,101123|200782|201569|201935|202329|203081|203468|203552|203991|203994,101123|200782|201569|201935|203991,202329|203081|203468|203552|203994,46.0,251.0,1610612745.0,21800402,True
4,PT05M53.00S,05:53,Q4 05:53,5.883333333333333,530,rebound,Lillard REBOUND (Off:1 Def:1),[],Lillard,100,86,,False,False,203081.0,,3pt missed,foul,,,,101123|200782|201569|201935|202329|203081|203468|203552|203991|203994,202329|203081|203468|203552|203994,101123|200782|201569|201935|203991,,,1610612757.0,21800402,True
4,PT05M48.00S,05:48,Q4 05:48,5.8,531,foul,Capela P.FOUL (P5.PN) (T.Ford),['inpenalty'],Capela,100,86,,False,False,203991.0,,rebound,freethrow,203081.0,,,101123|200782|201569|201935|202329|203081|203468|203552|203991|203994,101123|200782|201569|201935|203991,202329|203081|203468|203552|203994,,,1610612745.0,21800402,True
4,PT05M48.00S,05:48,Q4 05:48,5.8,533,freethrow,Lillard Free Throw 1 of 2 (31 PTS),[],Lillard,100,87,Made,False,False,203081.0,,foul,freethrow,,,,101123|200782|201569|201935|202329|203081|203468|203552|203991|203994,202329|203081|203468|203552|203994,101123|200782|201569|201935|203991,,,1610612757.0,21800402,True
4,PT05M48.00S,05:48,Q4 05:48,5.8,536,freethrow,Lillard Free Throw 2 of 2 (32 PTS),[],Lillard,100,88,Made,False,False,203081.0,,freethrow,substitution,,,,101123|200782|201569|201935|202329|203081|203468|203552|203991|203994,202329|203081|203468|203552|203994,101123|200782|201569|201935|203991,,,1610612757.0,21800402,True
4,PT05M48.00S,05:48,Q4 05:48,5.8,534,substitution,SUB out: S. Curry,[],Curry,100,87,,False,False,203552.0,,freethrow,substitution,,,,101123|200782|201569|201935|202329|203081|203468|203991|203994,202329|203081|203468|203994,101123|200782|201569|201935|203991,,,1610612757.0,21800402,False
4,PT05M48.00S,05:48,Q4 05:48,5.8,535,substitution,SUB in: M. Harkless,[],Harkless,100,87,,False,False,203090.0,,substitution,2pt missed,,,,101123|200782|201569|201935|202329|203081|203090|203468|203991|203994,202329|203081|203090|203468|203994,101123|200782|201569|201935|203991,,,1610612757.0,21800402,True
4,PT05M37.00S,05:37,Q4 05:37,5.616666666666667,537,2pt,MISS Gordon 1' Driving Layup,['pointsinthepaint'],Gordon,100,88,Missed,True,False,201569.0,,substitution,rebound,,,,101123|200782|201569|201935|202329|203081|203090|203468|203991|203994,101123|200782|201569|201935|203991,202329|203081|203090|203468|203994,4.0,11.0,1610612745.0,21800402,True
4,PT05M36.00S,05:36,Q4 05:36,5.6,538,rebound,Aminu REBOUND (Off:3 Def:10),[],Aminu,100,88,,False,False,202329.0,,2pt missed,2pt made,,,,101123|200782|201569|201935|202329|203081|203090|203468|203991|203994,202329|203081|203090|203468|203994,101123|200782|201569|201935|203991,,,1610612757.0,21800402,True
4,PT05M30.00S,05:30,Q4 05:30,5.5,539,2pt,McCollum 7' Driving Floating Jump Shot (18 PTS),['pointsinthepaint'],McCollum,100,90,Made,True,False,203468.0,,rebound,2pt missed,,,,101123|200782|201569|201935|202329|203081|203090|203468|203991|203994,202329|203081|203090|203468|203994,101123|200782|201569|201935|203991,-40.0,58.0,1610612757.0,21800402,True
4,PT05M15.00S,05:15,Q4 05:15,5.25,540,2pt,MISS Harden 1' Layup,['pointsinthepaint'],Harden,100,90,Missed,True,False,201935.0,,2pt made,foul,,,,101123|200782|201569|201935|202329|203081|203090|203468|203991|203994,101123|200782|201569|201935|203991,202329|203081|203090|203468|203994,3.0,12.0,1610612745.0,21800402,True
4,PT05M15.00S,05:15,Q4 05:15,5.25,541,foul,Capela L.B.FOUL (P6.PN) (T.Brown),['inpenalty'],Capela,100,90,,False,False,203991.0,,2pt missed,rebound,203994.0,,,101123|200782|201569|201935|202329|203081|203090|203468|203991|203994,101123|200782|201569|201935|203991,202329|203081|203090|203468|203994,,,1610612745.0,21800402,True
4,PT05M15.00S,05:15,Q4 05:15,5.25,543,rebound,TEAM defensive REBOUND,['team'],,100,90,,False,False,0.0,,foul,freethrow,,,,101123|200782|201569|201935|202329|203081|203090|203468|203991|203994,202329|203081|203090|203468|203994,101123|200782|201569|201935|203991,,,1610612757.0,21800402,True
4,PT05M15.00S,05:15,Q4 05:15,5.25,548,freethrow,MISS Nurkic Free Throw 1 of 2,[],Nurkic,100,90,Missed,False,False,203994.0,,rebound,rebound,,,,101123|200782|201569|201935|202329|203081|203090|203468|203991|203994,202329|203081|203090|203468|203994,101123|200782|201569|201935|203991,,,1610612757.0,21800402,True
4,PT05M15.00S,05:15,Q4 05:15,5.25,549,rebound,TEAM offensive REBOUND,['team'],,100,90,,False,False,0.0,,freethrow,freethrow,,,,101123|200782|201569|201935|202329|203081|203090|203468|203991|203994,202329|203081|203090|203468|203994,101123|200782|201569|201935|203991,,,1610612757.0,21800402,True
4,PT05M15.00S,05:15,Q4 05:15,5.25,550,freethrow,Nurkic Free Throw 2 of 2 (13 PTS),['2ndchance'],Nurkic,100,91,Made,False,False,203994.0,,rebound,substitution,,,,101123|200782|201569|201935|202329|203081|203090|203468|203991|203994,202329|203081|203090|203468|203994,101123|200782|201569|201935|203991,,,1610612757.0,21800402,True
4,PT05M15.00S,05:15,Q4 05:15,5.25,544,substitution,SUB: Nene FOR Capela,[],Capela,100,90,,False,False,203991.0,,substitution,substitution,,,,101123|200782|201569|201935|202329|203081|203090|203468|203994|2403,101123|200782|201569|201935|2403,202329|203081|203090|203468|203994,,,1610612745.0,21800402,True
4,PT05M15.00S,05:15,Q4 05:15,5.25,545,substitution,SUB out: G. Green,[],Green,100,90,,False,False,101123.0,,substitution,substitution,,,,200782|201569|201935|202329|203081|203090|203468|203994|2403,200782|201569|201935|2403,202329|203081|203090|203468|203994,,,1610612745.0,21800402,False
4,PT05M15.00S,05:15,Q4 05:15,5.25,547,substitution,SUB in: C. Paul,[],Paul,100,90,,False,False,101108.0,,substitution,2pt made,,,,101108|200782|201569|201935|202329|203081|203090|203468|203994|2403,101108|200782|201569|201935|2403,202329|203081|203090|203468|203994,,,1610612745.0,21800402,True
4,PT04M53.00S,04:53,Q4 04:53,4.883333333333333,552,2pt,Nene 1' Driving Finger Roll Layup (10 PTS) (Harden 4 AST),['pointsinthepaint'],Hilario,102,91,Made,True,True,2403.0,201935.0,substitution,foul,,,,101108|200782|201569|201935|202329|203081|203090|203468|203994|2403,101108|200782|201569|201935|2403,202329|203081|203090|203468|203994,-6.0,2.0,1610612745.0,21800402,True
4,PT04M42.00S,04:42,Q4 04:42,4.7,554,foul,Nene S.FOUL (P4.PN) (T.Ford),['inpenalty'],Hilario,102,91,,False,False,2403.0,,2pt made,freethrow,203081.0,,,101108|200782|201569|201935|202329|203081|203090|203468|203994|2403,101108|200782|201569|201935|2403,202329|203081|203090|203468|203994,,,1610612745.0,21800402,True
4,PT04M42.00S,04:42,Q4 04:42,4.7,556,freethrow,Lillard Free Throw 1 of 2 (33 PTS),[],Lillard,102,92,Made,False,False,203081.0,,foul,freethrow,,,,101108|200782|201569|201935|202329|203081|203090|203468|203994|2403,202329|203081|203090|203468|203994,101108|200782|201569|201935|2403,,,1610612757.0,21800402,True
4,PT04M42.00S,04:42,Q4 04:42,4.7,557,freethrow,Lillard Free Throw 2 of 2 (34 PTS),[],Lillard,102,93,Made,False,False,203081.0,,freethrow,turnover,,,,101108|200782|201569|201935|202329|203081|203090|203468|203994|2403,202329|203081|203090|203468|203994,101108|200782|201569|201935|2403,,,1610612757.0,21800402,True
4,PT04M20.00S,04:20,Q4 04:20,4.333333333333333,558,turnover,Harden Lost Ball Turnover (P2.T7),[],Harden,102,93,,False,False,201935.0,,freethrow,steal,,,,101108|200782|201569|201935|202329|203081|203090|203468|203994|2403,101108|200782|201569|201935|2403,202329|203081|203090|203468|203994,,,1610612745.0,21800402,True
4,PT04M20.00S,04:20,Q4 04:20,4.333333333333333,558,steal,Harkless STEAL (1 STL),[],Harkless,102,93,,False,False,203090.0,,turnover,2pt made,,203090.0,,101108|200782|201569|201935|202329|203081|203090|203468|203994|2403,202329|203081|203090|203468|203994,101108|200782|201569|201935|2403,,,1610612757.0,21800402,True
4,PT04M10.00S,04:10,Q4 04:10,4.166666666666667,560,2pt,McCollum 17' Pullup Jump Shot (20 PTS),[],McCollum,102,95,Made,True,False,203468.0,,steal,timeout,,,,101108|200782|201569|201935|202329|203081|203090|203468|203994|2403,202329|203081|203090|203468|203994,101108|200782|201569|201935|2403,-114.0,129.0,1610612757.0,21800402,True
4,PT04M06.00S,04:06,Q4 04:06,4.1,561,timeout,ROCKETS Timeout: Regular (Full 5 Short 0),[],,102,95,,False,False,0.0,,2pt made,3pt missed,,,,101108|200782|201569|201935|202329|203081|203090|203468|203994|2403,101108|200782|201569|201935|2403,202329|203081|203090|203468|203994,,,1610612745.0,21800402,True
4,PT03M56.00S,03:56,Q4 03:56,3.9333333333333336,562,3pt,MISS Paul 26' 3PT Jump Shot,[],Paul,102,95,Missed,True,False,101108.0,,timeout,rebound,,,,101108|200782|201569|201935|202329|203081|203090|203468|203994|2403,101108|200782|201569|201935|2403,202329|203081|203090|203468|203994,-62.0,251.0,1610612745.0,21800402,True
4,PT03M53.00S,03:53,Q4 03:53,3.8833333333333333,563,rebound,Nurkic REBOUND (Off:3 Def:7),[],Nurkic,102,95,,False,False,203994.0,,3pt missed,2pt missed,,,,101108|200782|201569|201935|202329|203081|203090|203468|203994|2403,202329|203081|203090|203468|203994,101108|200782|201569|201935|2403,,,1610612757.0,21800402,True
4,PT03M42.00S,03:42,Q4 03:42,3.7,564,2pt,MISS Harkless 7' Driving Floating Jump Shot,['pointsinthepaint'],Harkless,102,95,Missed,True,False,203090.0,,rebound,rebound,,,,101108|200782|201569|201935|202329|203081|203090|203468|203994|2403,202329|203081|203090|203468|203994,101108|200782|201569|201935|2403,20.0,63.0,1610612757.0,21800402,True
4,PT03M42.00S,03:42,Q4 03:42,3.7,565,rebound,TEAM offensive REBOUND,['team'],,102,95,,False,False,0.0,,2pt missed,2pt missed,,,,101108|200782|201569|201935|202329|203081|203090|203468|203994|2403,202329|203081|203090|203468|203994,101108|200782|201569|201935|2403,,,1610612757.0,21800402,True
4,PT03M32.00S,03:32,Q4 03:32,3.533333333333333,567,2pt,MISS Lillard 2' Driving Layup,"['2ndchance', 'pointsinthepaint']",Lillard,102,95,Missed,True,False,203081.0,,rebound,rebound,,,,101108|200782|201569|201935|202329|203081|203090|203468|203994|2403,202329|203081|203090|203468|203994,101108|200782|201569|201935|2403,5.0,16.0,1610612757.0,21800402,True
4,PT03M31.00S,03:31,Q4 03:31,3.5166666666666666,568,rebound,Paul REBOUND (Off:2 Def:6),[],Paul,102,95,,False,False,101108.0,,2pt missed,foul,,,,101108|200782|201569|201935|202329|203081|203090|203468|203994|2403,101108|200782|201569|201935|2403,202329|203081|203090|203468|203994,,,1610612745.0,21800402,True
4,PT03M30.00S,03:30,Q4 03:30,3.5,569,foul,Nurkic P.FOUL (P3.T3) (T.Ford),[],Nurkic,102,95,,False,False,203994.0,,rebound,3pt missed,201935.0,,,101108|200782|201569|201935|202329|203081|203090|203468|203994|2403,202329|203081|203090|203468|203994,101108|200782|201569|201935|2403,,,1610612757.0,21800402,True
4,PT03M07.00S,03:07,Q4 03:07,3.1166666666666667,571,3pt,MISS Harden 24' 3PT Step Back Jump Shot,[],Harden,102,95,Missed,True,False,201935.0,,foul,rebound,,,,101108|200782|201569|201935|202329|203081|203090|203468|203994|2403,101108|200782|201569|201935|2403,202329|203081|203090|203468|203994,116.0,215.0,1610612745.0,21800402,True
4,PT03M06.00S,03:06,Q4 03:06,3.1,572,rebound,TEAM defensive REBOUND,['team'],,102,95,,False,False,0.0,,3pt missed,3pt missed,,,,101108|200782|201569|201935|202329|203081|203090|203468|203994|2403,202329|203081|203090|203468|203994,101108|200782|201569|201935|2403,,,1610612757.0,21800402,True
4,PT02M56.00S,02:56,Q4 02:56,2.9333333333333336,574,3pt,MISS McCollum 26' 3PT Jump Shot,[],McCollum,102,95,Missed,True,False,203468.0,,rebound,rebound,,,,101108|200782|201569|201935|202329|203081|203090|203468|203994|2403,202329|203081|203090|203468|203994,101108|200782|201569|201935|2403,-173.0,190.0,1610612757.0,21800402,True
4,PT02M56.00S,02:56,Q4 02:56,2.9333333333333336,575,rebound,TEAM offensive REBOUND,['team'],,102,95,,False,False,0.0,,3pt missed,foul,,,,101108|200782|201569|201935|202329|203081|203090|203468|203994|2403,202329|203081|203090|203468|203994,101108|200782|201569|201935|2403,,,1610612757.0,21800402,True
4,PT02M56.00S,02:56,Q4 02:56,2.9333333333333336,576,foul,Nene L.B.FOUL (P5.PN) (J.Orr),['inpenalty'],Hilario,102,95,,False,False,2403.0,,rebound,freethrow,203994.0,,,101108|200782|201569|201935|202329|203081|203090|203468|203994|2403,101108|200782|201569|201935|2403,202329|203081|203090|203468|203994,,,1610612745.0,21800402,True
4,PT02M56.00S,02:56,Q4 02:56,2.9333333333333336,578,freethrow,Nurkic Free Throw 1 of 2 (14 PTS),[],Nurkic,102,96,Made,False,False,203994.0,,foul,freethrow,,,,101108|200782|201569|201935|202329|203081|203090|203468|203994|2403,202329|203081|203090|203468|203994,101108|200782|201569|201935|2403,,,1610612757.0,21800402,True
4,PT02M56.00S,02:56,Q4 02:56,2.9333333333333336,579,freethrow,Nurkic Free Throw 2 of 2 (15 PTS),[],Nurkic,102,97,Made,False,False,203994.0,,freethrow,2pt made,,,,101108|200782|201569|201935|202329|203081|203090|203468|203994|2403,202329|203081|203090|203468|203994,101108|200782|201569|201935|2403,,,1610612757.0,21800402,True
4,PT02M32.00S,02:32,Q4 02:32,2.533333333333333,581,2pt,Gordon 1' Driving Finger Roll Layup (14 PTS) (Paul 10 AST),['pointsinthepaint'],Gordon,104,97,Made,True,True,201569.0,101108.0,freethrow,2pt made,,,,101108|200782|201569|201935|202329|203081|203090|203468|203994|2403,101108|200782|201569|201935|2403,202329|203081|203090|203468|203994,4.0,7.0,1610612745.0,21800402,True
4,PT02M21.00S,02:21,Q4 02:21,2.35,583,2pt,McCollum 8' Driving Floating Jump Shot (22 PTS),['pointsinthepaint'],McCollum,104,99,Made,True,False,203468.0,,2pt made,foul,,,,101108|200782|201569|201935|202329|203081|203090|203468|203994|2403,202329|203081|203090|203468|203994,101108|200782|201569|201935|2403,-36.0,66.0,1610612757.0,21800402,True
4,PT02M06.00S,02:06,Q4 02:06,2.1,584,foul,Harkless S.FOUL (P2.T4) (T.Brown),[],Harkless,104,99,,False,False,203090.0,,2pt made,freethrow,201935.0,,,101108|200782|201569|201935|202329|203081|203090|203468|203994|2403,202329|203081|203090|203468|203994,101108|200782|201569|201935|2403,,,1610612757.0,21800402,True
4,PT02M06.00S,02:06,Q4 02:06,2.1,586,freethrow,MISS Harden Free Throw 1 of 2,[],Harden,104,99,Missed,False,False,201935.0,,foul,rebound,,,,101108|200782|201569|201935|202329|203081|203090|203468|203994|2403,101108|200782|201569|201935|2403,202329|203081|203090|203468|203994,,,1610612745.0,21800402,True
4,PT02M06.00S,02:06,Q4 02:06,2.1,587,rebound,TEAM offensive REBOUND,['team'],,104,99,,False,False,0.0,,freethrow,freethrow,,,,101108|200782|201569|201935|202329|203081|203090|203468|203994|2403,101108|200782|201569|201935|2403,202329|203081|203090|203468|203994,,,1610612745.0,21800402,True
4,PT02M06.00S,02:06,Q4 02:06,2.1,588,freethrow,Harden Free Throw 2 of 2 (29 PTS),['2ndchance'],Harden,105,99,Made,False,False,201935.0,,rebound,3pt missed,,,,101108|200782|201569|201935|202329|203081|203090|203468|203994|2403,101108|200782|201569|201935|2403,202329|203081|203090|203468|203994,,,1610612745.0,21800402,True
4,PT01M56.00S,01:56,Q4 01:56,1.9333333333333333,589,3pt,MISS Harkless 3PT Jump Shot,[],Harkless,105,99,Missed,True,False,203090.0,,freethrow,rebound,,,,101108|200782|201569|201935|202329|203081|203090|203468|203994|2403,202329|203081|203090|203468|203994,101108|200782|201569|201935|2403,224.0,20.0,1610612757.0,21800402,True
4,PT01M55.00S,01:55,Q4 01:55,1.9166666666666665,590,rebound,Paul REBOUND (Off:2 Def:7),[],Paul,105,99,,False,False,101108.0,,3pt missed,foul,,,,101108|200782|201569|201935|202329|203081|203090|203468|203994|2403,101108|200782|201569|201935|2403,202329|203081|203090|203468|203994,,,1610612745.0,21800402,True
4,PT01M52.00S,01:52,Q4 01:52,1.8666666666666667,591,foul,Lillard P.FOUL (P2.PN) (T.Brown),['inpenalty'],Lillard,105,99,,False,False,203081.0,,rebound,freethrow,101108.0,,,101108|200782|201569|201935|202329|203081|203090|203468|203994|2403,202329|203081|203090|203468|203994,101108|200782|201569|201935|2403,,,1610612757.0,21800402,True
4,PT01M52.00S,01:52,Q4 01:52,1.8666666666666667,593,freethrow,Paul Free Throw 1 of 2 (6 PTS),[],Paul,106,99,Made,False,False,101108.0,,foul,freethrow,,,,101108|200782|201569|201935|202329|203081|203090|203468|203994|2403,101108|200782|201569|201935|2403,202329|203081|203090|203468|203994,,,1610612745.0,21800402,True
4,PT01M52.00S,01:52,Q4 01:52,1.8666666666666667,594,freethrow,Paul Free Throw 2 of 2 (7 PTS),[],Paul,107,99,Made,False,False,101108.0,,freethrow,2pt missed,,,,101108|200782|201569|201935|202329|203081|203090|203468|203994|2403,101108|200782|201569|201935|2403,202329|203081|203090|203468|203994,,,1610612745.0,21800402,True
4,PT01M41.00S,01:41,Q4 01:41,1.6833333333333333,595,2pt,MISS Lillard 1' Driving Layup,['pointsinthepaint'],Lillard,107,99,Missed,True,False,203081.0,,freethrow,rebound,,,,101108|200782|201569|201935|202329|203081|203090|203468|203994|2403,202329|203081|203090|203468|203994,101108|200782|201569|201935|2403,3.0,14.0,1610612757.0,21800402,True
4,PT01M38.00S,01:38,Q4 01:38,1.6333333333333333,596,rebound,Paul REBOUND (Off:2 Def:8),[],Paul,107,99,,False,False,101108.0,,2pt missed,foul,,,,101108|200782|201569|201935|202329|203081|203090|203468|203994|2403,101108|200782|201569|201935|2403,202329|203081|203090|203468|203994,,,1610612745.0,21800402,True
4,PT01M38.00S,01:38,Q4 01:38,1.6333333333333333,597,foul,Nurkic Personal Take Foul (P4.PN) (T.Ford),['inpenalty'],Nurkic,107,99,,False,False,203994.0,,rebound,freethrow,101108.0,,,101108|200782|201569|201935|202329|203081|203090|203468|203994|2403,202329|203081|203090|203468|203994,101108|200782|201569|201935|2403,,,1610612757.0,21800402,True
4,PT01M38.00S,01:38,Q4 01:38,1.6333333333333333,599,freethrow,Paul Free Throw 1 of 2 (8 PTS),[],Paul,108,99,Made,False,False,101108.0,,foul,freethrow,,,,101108|200782|201569|201935|202329|203081|203090|203468|203994|2403,101108|200782|201569|201935|2403,202329|203081|203090|203468|203994,,,1610612745.0,21800402,True
4,PT01M38.00S,01:38,Q4 01:38,1.6333333333333333,602,freethrow,Paul Free Throw 2 of 2 (9 PTS),[],Paul,109,99,Made,False,False,101108.0,,freethrow,substitution,,,,101108|200782|201569|201935|202329|203081|203090|203468|203994|2403,101108|200782|201569|201935|2403,202329|203081|203090|203468|203994,,,1610612745.0,21800402,True
4,PT01M38.00S,01:38,Q4 01:38,1.6333333333333333,600,substitution,SUB out: J. Nurkic,[],Nurkic,107,99,,False,False,203994.0,,freethrow,substitution,,,,101108|200782|201569|201935|202329|203081|203090|203468|2403,202329|203081|203090|203468,101108|200782|201569|201935|2403,,,1610612757.0,21800402,False
4,PT01M38.00S,01:38,Q4 01:38,1.6333333333333333,601,substitution,SUB in: M. Leonard,[],Leonard,107,99,,False,False,203086.0,,substitution,2pt missed,,,,101108|200782|201569|201935|202329|203081|203086|203090|203468|2403,202329|203081|203086|203090|203468,101108|200782|201569|201935|2403,,,1610612757.0,21800402,True
4,PT01M29.00S,01:29,Q4 01:29,1.4833333333333334,603,2pt,MISS Lillard 1' Driving Layup,['pointsinthepaint'],Lillard,109,99,Missed,True,False,203081.0,,substitution,rebound,,,,101108|200782|201569|201935|202329|203081|203086|203090|203468|2403,202329|203081|203086|203090|203468,101108|200782|201569|201935|2403,-13.0,4.0,1610612757.0,21800402,True
4,PT01M28.00S,01:28,Q4 01:28,1.4666666666666668,604,rebound,Aminu REBOUND (Off:4 Def:10),[],Aminu,109,99,,False,False,202329.0,,2pt missed,2pt made,,,,101108|200782|201569|201935|202329|203081|203086|203090|203468|2403,202329|203081|203086|203090|203468,101108|200782|201569|201935|2403,,,1610612757.0,21800402,True
4,PT01M27.00S,01:27,Q4 01:27,1.45,605,2pt,Aminu 1' Tip Dunk Shot (10 PTS),['pointsinthepaint'],Aminu,109,101,Made,True,False,202329.0,,rebound,foul,,,,101108|200782|201569|201935|202329|203081|203086|203090|203468|2403,202329|203081|203086|203090|203468,101108|200782|201569|201935|2403,0.0,-6.0,1610612757.0,21800402,True
4,PT01M12.00S,01:12,Q4 01:12,1.2,606,foul,Lillard S.FOUL (P3.PN) (T.Ford),['inpenalty'],Lillard,109,101,,False,False,203081.0,,2pt made,freethrow,101108.0,,,101108|200782|201569|201935|202329|203081|203086|203090|203468|2403,202329|203081|203086|203090|203468,101108|200782|201569|201935|2403,,,1610612757.0,21800402,True
4,PT01M12.00S,01:12,Q4 01:12,1.2,608,freethrow,Paul Free Throw 1 of 2 (10 PTS),[],Paul,110,101,Made,False,False,101108.0,,foul,freethrow,,,,101108|200782|201569|201935|202329|203081|203086|203090|203468|2403,101108|200782|201569|201935|2403,202329|203081|203086|203090|203468,,,1610612745.0,21800402,True
4,PT01M12.00S,01:12,Q4 01:12,1.2,609,freethrow,Paul Free Throw 2 of 2 (11 PTS),[],Paul,111,101,Made,False,False,101108.0,,freethrow,foul,,,,101108|200782|201569|201935|202329|203081|203086|203090|203468|2403,101108|200782|201569|201935|2403,202329|203081|203086|203090|203468,,,1610612745.0,21800402,True
4,PT01M08.00S,01:08,Q4 01:08,1.1333333333333333,611,foul,Paul P.FOUL (P3.PN) (T.Ford),['inpenalty'],Paul,111,101,,False,False,101108.0,,freethrow,freethrow,203468.0,,,101108|200782|201569|201935|202329|203081|203086|203090|203468|2403,101108|200782|201569|201935|2403,202329|203081|203086|203090|203468,,,1610612745.0,21800402,True
4,PT01M08.00S,01:08,Q4 01:08,1.1333333333333333,613,freethrow,McCollum Free Throw 1 of 2 (23 PTS),[],McCollum,111,102,Made,False,False,203468.0,,foul,freethrow,,,,101108|200782|201569|201935|202329|203081|203086|203090|203468|2403,202329|203081|203086|203090|203468,101108|200782|201569|201935|2403,,,1610612757.0,21800402,True
4,PT01M08.00S,01:08,Q4 01:08,1.1333333333333333,615,freethrow,MISS McCollum Free Throw 2 of 2,[],McCollum,111,102,Missed,False,False,203468.0,,freethrow,rebound,,,,101108|200782|201569|201935|202329|203081|203086|203090|203468|2403,202329|203081|203086|203090|203468,101108|200782|201569|201935|2403,,,1610612757.0,21800402,True
4,PT01M08.00S,01:08,Q4 01:08,1.1333333333333333,616,rebound,Harden REBOUND (Off:0 Def:1),[],Harden,111,102,,False,False,201935.0,,freethrow,3pt missed,,,,101108|200782|201569|201935|202329|203081|203086|203090|203468|2403,101108|200782|201569|201935|2403,202329|203081|203086|203090|203468,,,1610612745.0,21800402,True
4,PT00M47.40S,00:47,Q4 00:47,0.7899999999999999,617,3pt,MISS Gordon 3PT Jump Shot,[],Gordon,111,102,Missed,True,False,201569.0,,rebound,rebound,,,,101108|200782|201569|201935|202329|203081|203086|203090|203468|2403,101108|200782|201569|201935|2403,202329|203081|203086|203090|203468,-225.0,37.0,1610612745.0,21800402,True
4,PT00M46.10S,00:46,Q4 00:46,0.7683333333333333,618,rebound,Gordon REBOUND (Off:1 Def:0),[],Gordon,111,102,,False,False,201569.0,,3pt missed,2pt missed,,,,101108|200782|201569|201935|202329|203081|203086|203090|203468|2403,101108|200782|201569|201935|2403,202329|203081|203086|203090|203468,,,1610612745.0,21800402,True
4,PT00M34.20S,00:34,Q4 00:34,0.5700000000000001,619,2pt,MISS Paul 5' Driving Floating Jump Shot,['pointsinthepaint'],Paul,111,102,Missed,True,False,101108.0,,rebound,rebound,,,,101108|200782|201569|201935|202329|203081|203086|203090|203468|2403,101108|200782|201569|201935|2403,202329|203081|203086|203090|203468,3.0,52.0,1610612745.0,21800402,True
4,PT00M33.10S,00:33,Q4 00:33,0.5516666666666666,620,rebound,Paul REBOUND (Off:3 Def:8),[],Paul,111,102,,False,False,101108.0,,2pt missed,2pt missed,,,,101108|200782|201569|201935|202329|203081|203086|203090|203468|2403,101108|200782|201569|201935|2403,202329|203081|203086|203090|203468,,,1610612745.0,21800402,True
4,PT00M31.90S,00:31,Q4 00:31,0.5316666666666666,621,2pt,MISS Paul 3' Layup,['pointsinthepaint'],Paul,111,102,Missed,True,False,101108.0,,rebound,block,,,,101108|200782|201569|201935|202329|203081|203086|203090|203468|2403,101108|200782|201569|201935|2403,202329|203081|203086|203090|203468,3.0,34.0,1610612745.0,21800402,True
4,PT00M31.90S,00:31,Q4 00:31,0.5316666666666666,621,block,Harkless BLOCK (2 BLK),[],Harkless,111,102,,False,False,203090.0,,2pt missed,rebound,,,203090.0,101108|200782|201569|201935|202329|203081|203086|203090|203468|2403,202329|203081|203086|203090|203468,101108|200782|201569|201935|2403,,,1610612757.0,21800402,True
4,PT00M29.20S,00:29,Q4 00:29,0.48666666666666664,623,rebound,Aminu REBOUND (Off:4 Def:11),[],Aminu,111,102,,False,False,202329.0,,block,2pt made,,,,101108|200782|201569|201935|202329|203081|203086|203090|203468|2403,202329|203081|203086|203090|203468,101108|200782|201569|201935|2403,,,1610612757.0,21800402,True
4,PT00M24.00S,00:24,Q4 00:24,0.4,624,2pt,Harkless 2' Cutting Dunk Shot (9 PTS) (Leonard 1 AST),['pointsinthepaint'],Harkless,111,104,Made,True,True,203090.0,203086.0,rebound,period,,,,101108|200782|201569|201935|202329|203081|203086|203090|203468|2403,202329|203081|203086|203090|203468,101108|200782|201569|201935|2403,2.0,15.0,1610612757.0,21800402,True
4,PT00M00.00S,00:00,Q4 00:00,0.0,626,period,End of 4th Period (10:19 PM EST),[],,111,104,,False,False,0.0,,2pt made,,,,,101108|200782|201569|201935|202329|203081|203086|203090|203468|2403,101108|200782|201569|201935|2403,202329|203081|203086|203090|203468,,,1610612745.0,21800402,True
