period,clock,clock_display,game_clock,minutes_left_in_game,actionNumber,actionType,description,qualifier,playerName,scoreHome,scoreAway,shotResult,isFieldGoal,assisted,person_id,assister_id,previous_action,next_action,foulDrawnPersonId,stealPersonId,blockPersonId,players_on,off_players_on,def_players_on,xLegacy,yLegacy,teamId,game_id,poc_ok
1,PT12M00.00S,12:00,Q1 12:00,48.0,2,period,Start of 1st Period (7:14 PM EST),[],,0,0,,False,False,0.0,,,turnover,,,,1626147|1627752|1628371|1628381|1629027|201571|202696|203095|203458|203932,1628371|201571|202696|203095|203932,1626147|1627752|1628381|1629027|203458,,,1610612753.0,21801181,True
1,PT11M45.00S,11:45,Q1 11:45,47.75,7,turnover,Vucevic Bad Pass Turnover (P1.T1),[],Vucevic,0,0,,False,False,202696.0,,period,steal,,,,1626147|1627752|1628371|1628381|1629027|201571|202696|203095|203458|203932,1628371|201571|202696|203095|203932,1626147|1627752|1628381|1629027|203458,,,1610612753.0,21801181,True
1,PT11M45.00S,11:45,Q1 11:45,47.75,7,steal,Anderson STEAL (1 STL),[],Anderson,0,0,,False,False,1626147.0,,turnover,2pt missed,,1626147.0,,1626147|1627752|1628371|1628381|1629027|201571|202696|203095|203458|203932,1626147|1627752|1628381|1629027|203458,1628371|201571|202696|203095|203932,,,1610612737.0,21801181,True
1,PT11M41.00S,11:41,Q1 11:41,47.68333333333334,9,2pt,MISS Anderson 3' Running Layup,['pointsinthepaint'],Anderson,0,0,Missed,True,False,1626147.0,,steal,rebound,,,,1626147|1627752|1628371|1628381|1629027|201571|202696|203095|203458|203932,1626147|1627752|1628381|1629027|203458,1628371|201571|202696|203095|203932,-6.0,25.0,1610612737.0,21801181,True
1,PT11M38.00S,11:38,Q1 11:38,47.63333333333333,10,rebound,Gordon REBOUND (Off:0 Def:1),[],Gordon,0,0,,False,False,203932.0,,2pt missed,turnover,,,,1626147|1627752|1628371|1628381|1629027|201571|202696|203095|203458|203932,1628371|201571|202696|203095|203932,1626147|1627752|1628381|1629027|203458,,,1610612753.0,21801181,True
1,PT11M34.00S,11:34,Q1 11:34,47.56666666666666,11,turnover,Gordon Bad Pass Turnover (P1.T2),[],Gordon,0,0,,False,False,203932.0,,rebound,steal,,,,1626147|1627752|1628371|1628381|1629027|201571|202696|203095|203458|203932,1628371|201571|202696|203095|203932,1626147|1627752|1628381|1629027|203458,,,1610612753.0,21801181,True
1,PT11M34.00S,11:34,Q1 11:34,47.56666666666666,11,steal,Collins STEAL (1 STL),[],Collins,0,0,,False,False,1628381.0,,turnover,3pt made,,1628381.0,,1626147|1627752|1628371|1628381|1629027|201571|202696|203095|203458|203932,1626147|1627752|1628381|1629027|203458,1628371|201571|202696|203095|203932,,,1610612737.0,21801181,True
1,PT11M28.00S,11:28,Q1 11:28,47.46666666666667,13,3pt,Young 27' 3PT Jump Shot (3 PTS) (Anderson 1 AST),[],Young,0,3,Made,True,True,1629027.0,1626147.0,steal,3pt made,,,,1626147|1627752|1628371|1628381|1629027|201571|202696|203095|203458|203932,1626147|1627752|1628381|1629027|203458,1628371|201571|202696|203095|203932,-168.0,206.0,1610612737.0,21801181,True
1,PT11M11.00S,11:11,Q1 11:11,47.18333333333334,14,3pt,Isaac 3PT Jump Shot (3 PTS) (Augustin 1 AST),[],Isaac,3,3,Made,True,True,1628371.0,201571.0,3pt made,3pt missed,,,,1626147|1627752|1628371|1628381|1629027|201571|202696|203095|203458|203932,1628371|201571|202696|203095|203932,1626147|1627752|1628381|1629027|203458,-230.0,-22.0,1610612753.0,21801181,True
1,PT10M49.00S,10:49,Q1 10:49,46.81666666666666,16,3pt,MISS Prince 3PT Jump Shot,[],Prince,3,3,Missed,True,False,1627752.0,,3pt made,rebound,,,,1626147|1627752|1628371|1628381|1629027|201571|202696|203095|203458|203932,1626147|1627752|1628381|1629027|203458,1628371|201571|202696|203095|203932,-228.0,34.0,1610612737.0,21801181,True
1,PT10M47.00S,10:47,Q1 10:47,46.78333333333333,17,rebound,Fournier REBOUND (Off:0 Def:1),[],Fournier,3,3,,False,False,203095.0,,3pt missed,2pt missed,,,,1626147|1627752|1628371|1628381|1629027|201571|202696|203095|203458|203932,1628371|201571|202696|203095|203932,1626147|1627752|1628381|1629027|203458,,,1610612753.0,21801181,True
1,PT10M37.00S,10:37,Q1 10:37,46.61666666666667,18,2pt,MISS Fournier 19' Jump Shot,[],Fournier,3,3,Missed,True,False,203095.0,,rebound,rebound,,,,1626147|1627752|1628371|1628381|1629027|201571|202696|203095|203458|203932,1628371|201571|202696|203095|203932,1626147|1627752|1628381|1629027|203458,-36.0,185.0,1610612753.0,21801181,True
1,PT10M34.00S,10:34,Q1 10:34,46.56666666666666,19,rebound,Vucevic REBOUND (Off:1 Def:0),[],Vucevic,3,3,,False,False,202696.0,,2pt missed,foul,,,,1626147|1627752|1628371|1628381|1629027|201571|202696|203095|203458|203932,1628371|201571|202696|203095|203932,1626147|1627752|1628381|1629027|203458,,,1610612753.0,21801181,True
1,PT10M34.00S,10:34,Q1 10:34,46.56666666666666,20,foul,Young P.FOUL (P1.T1) (M.Smith),[],Young,3,3,,False,False,1629027.0,,rebound,2pt made,203932.0,,,1626147|1627752|1628371|1628381|1629027|201571|202696|203095|203458|203932,1626147|1627752|1628381|1629027|203458,1628371|201571|202696|203095|203932,,,1610612737.0,21801181,True
1,PT10M25.00S,10:25,Q1 10:25,46.416666666666664,22,2pt,Gordon 11' Jump Shot (2 PTS),['pointsinthepaint'],Gordon,5,3,Made,True,False,203932.0,,foul,2pt made,,,,1626147|1627752|1628371|1628381|1629027|201571|202696|203095|203458|203932,1628371|201571|202696|203095|203932,1626147|1627752|1628381|1629027|203458,11.0,106.0,1610612753.0,21801181,True
1,PT10M07.00S,10:07,Q1 10:07,46.11666666666667,23,2pt,Collins 1' Layup (2 PTS) (Anderson 2 AST),['pointsinthepaint'],Collins,5,5,Made,True,True,1628381.0,1626147.0,2pt made,2pt made,,,,1626147|1627752|1628371|1628381|1629027|201571|202696|203095|203458|203932,1626147|1627752|1628381|1629027|203458,1628371|201571|202696|203095|203932,10.0,8.0,1610612737.0,21801181,True
1,PT09M56.00S,09:56,Q1 09:56,45.93333333333334,25,2pt,Fournier 1' Driving Reverse Layup (2 PTS),['pointsinthepaint'],Fournier,7,5,Made,True,False,203095.0,,2pt made,foul,,,,1626147|1627752|1628371|1628381|1629027|201571|202696|203095|203458|203932,1628371|201571|202696|203095|203932,1626147|1627752|1628381|1629027|203458,8.0,4.0,1610612753.0,21801181,True
1,PT09M56.00S,09:56,Q1 09:56,45.93333333333334,26,foul,Prince S.FOUL (P1.T2) (J.Phillips),[],Prince,7,5,,False,False,1627752.0,,2pt made,freethrow,203095.0,,,1626147|1627752|1628371|1628381|1629027|201571|202696|203095|203458|203932,1626147|1627752|1628381|1629027|203458,1628371|201571|202696|203095|203932,,,1610612737.0,21801181,True
1,PT09M56.00S,09:56,Q1 09:56,45.93333333333334,28,freethrow,MISS Fournier Free Throw 1 of 1,[],Fournier,7,5,Missed,False,False,203095.0,,foul,rebound,,,,1626147|1627752|1628371|1628381|1629027|201571|202696|203095|203458|203932,1628371|201571|202696|203095|203932,1626147|1627752|1628381|1629027|203458,,,1610612753.0,21801181,True
1,PT09M52.00S,09:52,Q1 09:52,45.86666666666667,29,rebound,Len REBOUND (Off:0 Def:1),[],Len,7,5,,False,False,203458.0,,freethrow,2pt missed,,,,1626147|1627752|1628371|1628381|1629027|201571|202696|203095|203458|203932,1626147|1627752|1628381|1629027|203458,1628371|201571|202696|203095|203932,,,1610612737.0,21801181,True
1,PT09M46.00S,09:46,Q1 09:46,45.766666666666666,30,2pt,MISS Young 12' Driving Floating Jump Shot,[],Young,7,5,Missed,True,False,1629027.0,,rebound,rebound,,,,1626147|1627752|1628371|1628381|1629027|201571|202696|203095|203458|203932,1626147|1627752|1628381|1629027|203458,1628371|201571|202696|203095|203932,85.0,91.0,1610612737.0,21801181,True
1,PT09M43.00S,09:43,Q1 09:43,45.71666666666667,31,rebound,Fournier REBOUND (Off:0 Def:2),[],Fournier,7,5,,False,False,203095.0,,2pt missed,2pt made,,,,1626147|1627752|1628371|1628381|1629027|201571|202696|203095|203458|203932,1628371|201571|202696|203095|203932,1626147|1627752|1628381|1629027|203458,,,1610612753.0,21801181,True
1,PT09M37.00S,09:37,Q1 09:37,45.61666666666667,32,2pt,Fournier 16' Pullup Jump Shot (4 PTS),[],Fournier,9,5,Made,True,False,203095.0,,rebound,3pt missed,,,,1626147|1627752|1628371|1628381|1629027|201571|202696|203095|203458|203932,1628371|201571|202696|203095|203932,1626147|1627752|1628381|1629027|203458,-93.0,132.0,1610612753.0,21801181,True
1,PT09M20.00S,09:20,Q1 09:20,45.333333333333336,33,3pt,MISS Len 26' 3PT Jump Shot,[],Len,9,5,Missed,True,False,203458.0,,2pt made,rebound,,,,1626147|1627752|1628371|1628381|1629027|201571|202696|203095|203458|203932,1626147|1627752|1628381|1629027|203458,1628371|201571|202696|203095|203932,36.0,257.0,1610612737.0,21801181,True
1,PT09M18.00S,09:18,Q1 09:18,45.3,34,rebound,Gordon REBOUND (Off:0 Def:2),[],Gordon,9,5,,False,False,203932.0,,3pt missed,2pt made,,,,1626147|1627752|1628371|1628381|1629027|201571|202696|203095|203458|203932,1628371|201571|202696|203095|203932,1626147|1627752|1628381|1629027|203458,,,1610612753.0,21801181,True
1,PT09M11.00S,09:11,Q1 09:11,45.18333333333334,35,2pt,Vucevic 1' Layup (2 PTS) (Gordon 1 AST),['pointsinthepaint'],Vucevic,11,5,Made,True,True,202696.0,203932.0,rebound,turnover,,,,1626147|1627752|1628371|1628381|1629027|201571|202696|203095|203458|203932,1628371|201571|202696|203095|203932,1626147|1627752|1628381|1629027|203458,2.0,14.0,1610612753.0,21801181,True
1,PT08M56.00S,08:56,Q1 08:56,44.93333333333334,37,turnover,Young Lost Ball Turnover (P1.T1),[],Young,11,5,,False,False,1629027.0,,2pt made,steal,,,,1626147|1627752|1628371|1628381|1629027|201571|202696|203095|203458|203932,1626147|1627752|1628381|1629027|203458,1628371|201571|202696|203095|203932,,,1610612737.0,21801181,True
1,PT08M56.00S,08:56,Q1 08:56,44.93333333333334,37,steal,Augustin STEAL (1 STL),[],Augustin,11,5,,False,False,201571.0,,turnover,2pt made,,201571.0,,1626147|1627752|1628371|1628381|1629027|201571|202696|203095|203458|203932,1628371|201571|202696|203095|203932,1626147|1627752|1628381|1629027|203458,,,1610612753.0,21801181,True
1,PT08M52.00S,08:52,Q1 08:52,44.86666666666667,39,2pt,Isaac 2' Alley Oop Dunk (5 PTS) (Augustin 2 AST),['pointsinthepaint'],Isaac,13,5,Made,True,True,1628371.0,201571.0,steal,timeout,,,,1626147|1627752|1628371|1628381|1629027|201571|202696|203095|203458|203932,1628371|201571|202696|203095|203932,1626147|1627752|1628381|1629027|203458,-9.0,15.0,1610612753.0,21801181,True
1,PT08M51.00S,08:51,Q1 08:51,44.85,41,timeout,Hawks Timeout: Regular (Reg.1 Short 0),[],,13,5,,False,False,0.0,,2pt made,3pt missed,,,,1626147|1627752|1628371|1628381|1629027|201571|202696|203095|203458|203932,1626147|1627752|1628381|1629027|203458,1628371|201571|202696|203095|203932,,,1610612737.0,21801181,True
1,PT08M28.00S,08:28,Q1 08:28,44.46666666666667,46,3pt,MISS Prince 52' 3PT Jump Shot,[],Prince,13,5,Missed,True,False,1627752.0,,timeout,rebound,,,,1626147|1627752|1628371|1628381|1629027|201571|202696|203095|203458|203932,1626147|1627752|1628381|1629027|203458,1628371|201571|202696|203095|203932,-32.0,520.0,1610612737.0,21801181,True
1,PT08M26.00S,08:26,Q1 08:26,44.43333333333334,47,rebound,Vucevic REBOUND (Off:1 Def:1),[],Vucevic,13,5,,False,False,202696.0,,3pt missed,2pt made,,,,1626147|1627752|1628371|1628381|1629027|201571|202696|203095|203458|203932,1628371|201571|202696|203095|203932,1626147|1627752|1628381|1629027|203458,,,1610612753.0,21801181,True
1,PT08M14.00S,08:14,Q1 08:14,44.233333333333334,48,2pt,Vucevic Dunk (4 PTS) (Augustin 3 AST),['pointsinthepaint'],Vucevic,15,5,Made,True,True,202696.0,201571.0,rebound,2pt missed,,,,1626147|1627752|1628371|1628381|1629027|201571|202696|203095|203458|203932,1628371|201571|202696|203095|203932,1626147|1627752|1628381|1629027|203458,-2.0,1.0,1610612753.0,21801181,True
1,PT07M49.00S,07:49,Q1 07:49,43.81666666666666,50,2pt,MISS Collins 3' Alley Oop Dunk,['pointsinthepaint'],Collins,15,5,Missed,True,False,1628381.0,,2pt made,rebound,,,,1626147|1627752|1628371|1628381|1629027|201571|202696|203095|203458|203932,1626147|1627752|1628381|1629027|203458,1628371|201571|202696|203095|203932,13.0,27.0,1610612737.0,21801181,True
1,PT07M48.00S,07:48,Q1 07:48,43.8,51,rebound,Augustin REBOUND (Off:0 Def:1),[],Augustin,15,5,,False,False,201571.0,,2pt missed,foul,,,,1626147|1627752|1628371|1628381|1629027|201571|202696|203095|203458|203932,1628371|201571|202696|203095|203932,1626147|1627752|1628381|1629027|203458,,,1610612753.0,21801181,True
1,PT07M47.00S,07:47,Q1 07:47,43.78333333333333,52,foul,Anderson S.FOUL (P1.T3) (M.Smith),[],Anderson,15,5,,False,False,1626147.0,,rebound,instant replay,1628371.0,,,1626147|1627752|1628371|1628381|1629027|201571|202696|203095|203458|203932,1626147|1627752|1628381|1629027|203458,1628371|201571|202696|203095|203932,,,1610612737.0,21801181,True
1,PT07M47.00S,07:47,Q1 07:47,43.78333333333333,55,freethrow,Isaac Free Throw 1 of 2 (6 PTS),[],Isaac,16,5,Made,False,False,1628371.0,,instant replay,freethrow,,,,1626147|1627752|1628371|1628381|1629027|201571|202696|203095|203458|203932,1628371|201571|202696|203095|203932,1626147|1627752|1628381|1629027|203458,,,1610612753.0,21801181,True
1,PT07M47.00S,07:47,Q1 07:47,43.78333333333333,56,freethrow,Isaac Free Throw 2 of 2 (7 PTS),[],Isaac,17,5,Made,False,False,1628371.0,,freethrow,2pt made,,,,1626147|1627752|1628371|1628381|1629027|201571|202696|203095|203458|203932,1628371|201571|202696|203095|203932,1626147|1627752|1628381|1629027|203458,,,1610612753.0,21801181,True
1,PT07M39.00S,07:39,Q1 07:39,43.65,57,2pt,Young 17' Driving Floating Jump Shot (5 PTS),[],Young,17,7,Made,True,False,1629027.0,,freethrow,3pt made,,,,1626147|1627752|1628371|1628381|1629027|201571|202696|203095|203458|203932,1626147|1627752|1628381|1629027|203458,1628371|201571|202696|203095|203932,-17.0,165.0,1610612737.0,21801181,True
1,PT07M25.00S,07:25,Q1 07:25,43.416666666666664,58,3pt,Isaac 3PT Jump Shot (10 PTS) (Gordon 2 AST),[],Isaac,20,7,Made,True,True,1628371.0,203932.0,2pt made,3pt missed,,,,1626147|1627752|1628371|1628381|1629027|201571|202696|203095|203458|203932,1628371|201571|202696|203095|203932,1626147|1627752|1628381|1629027|203458,226.0,-10.0,1610612753.0,21801181,True
1,PT07M13.00S,07:13,Q1 07:13,43.21666666666667,60,3pt,MISS Young 26' 3PT Pullup Jump Shot,[],Young,20,7,Missed,True,False,1629027.0,,3pt made,rebound,,,,1626147|1627752|1628371|1628381|1629027|201571|202696|203095|203458|203932,1626147|1627752|1628381|1629027|203458,1628371|201571|202696|203095|203932,-79.0,251.0,1610612737.0,21801181,True
1,PT07M10.00S,07:10,Q1 07:10,43.166666666666664,61,rebound,Gordon REBOUND (Off:0 Def:3),[],Gordon,20,7,,False,False,203932.0,,3pt missed,3pt made,,,,1626147|1627752|1628371|1628381|1629027|201571|202696|203095|203458|203932,1628371|201571|202696|203095|203932,1626147|1627752|1628381|1629027|203458,,,1610612753.0,21801181,True
1,PT07M06.00S,07:06,Q1 07:06,43.1,62,3pt,Vucevic 26' 3PT Jump Shot (7 PTS) (Gordon 3 AST),[],Vucevic,23,7,Made,True,True,202696.0,203932.0,rebound,3pt missed,,,,1626147|1627752|1628371|1628381|1629027|201571|202696|203095|203458|203932,1628371|201571|202696|203095|203932,1626147|1627752|1628381|1629027|203458,-13.0,255.0,1610612753.0,21801181,True
1,PT06M49.00S,06:49,Q1 06:49,42.81666666666666,65,3pt,MISS Len 3PT Jump Shot,[],Len,23,7,Missed,True,False,203458.0,,3pt made,rebound,,,,1626147|1627752|1628371|1628381|1629027|201571|202696|203095|203458|203932,1626147|1627752|1628381|1629027|203458,1628371|201571|202696|203095|203932,220.0,4.0,1610612737.0,21801181,True
1,PT06M47.00S,06:47,Q1 06:47,42.78333333333333,66,rebound,Augustin REBOUND (Off:0 Def:2),[],Augustin,23,7,,False,False,201571.0,,3pt missed,2pt made,,,,1626147|1627752|1628371|1628381|1629027|201571|202696|203095|203458|203932,1628371|201571|202696|203095|203932,1626147|1627752|1628381|1629027|203458,,,1610612753.0,21801181,True
1,PT06M38.00S,06:38,Q1 06:38,42.63333333333333,67,2pt,Augustin 2' Driving Layup (2 PTS),['pointsinthepaint'],Augustin,25,7,Made,True,False,201571.0,,rebound,3pt missed,,,,1626147|1627752|1628371|1628381|1629027|201571|202696|203095|203458|203932,1628371|201571|202696|203095|203932,1626147|1627752|1628381|1629027|203458,-13.0,15.0,1610612753.0,21801181,True
1,PT06M31.00S,06:31,Q1 06:31,42.516666666666666,68,3pt,MISS Anderson 24' 3PT Jump Shot,[],Anderson,25,7,Missed,True,False,1626147.0,,2pt made,rebound,,,,1626147|1627752|1628371|1628381|1629027|201571|202696|203095|203458|203932,1626147|1627752|1628381|1629027|203458,1628371|201571|202696|203095|203932,-232.0,74.0,1610612737.0,21801181,True
1,PT06M27.00S,06:27,Q1 06:27,42.45,69,rebound,Fournier REBOUND (Off:0 Def:3),[],Fournier,25,7,,False,False,203095.0,,3pt missed,3pt missed,,,,1626147|1627752|1628371|1628381|1629027|201571|202696|203095|203458|203932,1628371|201571|202696|203095|203932,1626147|1627752|1628381|1629027|203458,,,1610612753.0,21801181,True
1,PT06M22.00S,06:22,Q1 06:22,42.36666666666667,70,3pt,MISS Fournier 25' 3PT Jump Shot,[],Fournier,25,7,Missed,True,False,203095.0,,rebound,rebound,,,,1626147|1627752|1628371|1628381|1629027|201571|202696|203095|203458|203932,1628371|201571|202696|203095|203932,1626147|1627752|1628381|1629027|203458,-93.0,237.0,1610612753.0,21801181,True
1,PT06M20.00S,06:20,Q1 06:20,42.333333333333336,71,rebound,Young REBOUND (Off:0 Def:1),[],Young,25,7,,False,False,1629027.0,,3pt missed,3pt missed,,,,1626147|1627752|1628371|1628381|1629027|201571|202696|203095|203458|203932,1626147|1627752|1628381|1629027|203458,1628371|201571|202696|203095|203932,,,1610612737.0,21801181,True
1,PT06M12.00S,06:12,Q1 06:12,42.2,72,3pt,MISS Collins 24' 3PT Jump Shot,[],Collins,25,7,Missed,True,False,1628381.0,,rebound,rebound,,,,1626147|1627752|1628371|1628381|1629027|201571|202696|203095|203458|203932,1626147|1627752|1628381|1629027|203458,1628371|201571|202696|203095|203932,236.0,10.0,1610612737.0,21801181,True
1,PT06M04.00S,06:04,Q1 06:04,42.06666666666666,73,rebound,Vucevic REBOUND (Off:1 Def:2),[],Vucevic,25,7,,False,False,202696.0,,3pt missed,turnover,,,,1626147|1627752|1628371|1628381|1629027|201571|202696|203095|203458|203932,1628371|201571|202696|203095|203932,1626147|1627752|1628381|1629027|203458,,,1610612753.0,21801181,True
1,PT06M02.00S,06:02,Q1 06:02,42.03333333333333,76,turnover,Augustin Bad Pass Turnover (P1.T3),[],Augustin,25,7,,False,False,201571.0,,rebound,steal,,,,1626147|1627752|1628371|1628381|1629027|201571|202696|203095|203458|203932,1628371|201571|202696|203095|203932,1626147|1627752|1628381|1629027|203458,,,1610612753.0,21801181,True
1,PT06M02.00S,06:02,Q1 06:02,42.03333333333333,76,steal,Young STEAL (1 STL),[],Young,25,7,,False,False,1629027.0,,turnover,2pt missed,,1629027.0,,1626147|1627752|1628371|1628381|1629027|201571|202696|203095|203458|203932,1626147|1627752|1628381|1629027|203458,1628371|201571|202696|203095|203932,,,1610612737.0,21801181,True
1,PT05M58.00S,05:58,Q1 05:58,41.96666666666667,78,2pt,MISS Young 3' Layup,['pointsinthepaint'],Young,25,7,Missed,True,False,1629027.0,,steal,rebound,,,,1626147|1627752|1628371|1628381|1629027|201571|202696|203095|203458|203932,1626147|1627752|1628381|1629027|203458,1628371|201571|202696|203095|203932,-22.0,18.0,1610612737.0,21801181,True
1,PT05M57.00S,05:57,Q1 05:57,41.95,79,rebound,TEAM defensive REBOUND,['team'],,25,7,,False,False,0.0,,2pt missed,substitution,,,,1626147|1627752|1628371|1628381|1629027|201571|202696|203095|203458|203932,1628371|201571|202696|203095|203932,1626147|1627752|1628381|1629027|203458,,,1610612753.0,21801181,True
1,PT05M57.00S,05:57,Q1 05:57,41.95,110,substitution,SUB out: A. Gordon,[],Gordon,25,7,,False,False,203932.0,,rebound,substitution,,,,1626147|1627752|1628371|1628381|1629027|201571|202696|203095|203458,1628371|201571|202696|203095,1626147|1627752|1628381|1629027|203458,,,1610612753.0,21801181,False
1,PT05M57.00S,05:57,Q1 05:57,41.95,111,substitution,SUB in: W. Iwundu,[],Iwundu,25,7,,False,False,1628411.0,,substitution,2pt made,,,,1626147|1627752|1628371|1628381|1628411|1629027|201571|202696|203095|203458,1628371|1628411|201571|202696|203095,1626147|1627752|1628381|1629027|203458,,,1610612753.0,21801181,True
1,PT05M43.00S,05:43,Q1 05:43,41.71666666666667,87,2pt,Augustin 13' Turnaround Fadeaway (4 PTS),[],Augustin,27,7,Made,True,False,201571.0,,substitution,timeout,,,,1626147|1627752|1628371|1628381|1628411|1629027|201571|202696|203095|203458,1628371|1628411|201571|202696|203095,1626147|1627752|1628381|1629027|203458,126.0,6.0,1610612753.0,21801181,True
1,PT05M37.00S,05:37,Q1 05:37,41.61666666666667,90,timeout,Hawks Timeout: Regular (Reg.2 Short 0),[],,27,7,,False,False,0.0,,2pt made,substitution,,,,1626147|1627752|1628371|1628381|1628411|1629027|201571|202696|203095|203458,1626147|1627752|1628381|1629027|203458,1628371|1628411|201571|202696|203095,,,1610612737.0,21801181,True
1,PT05M37.00S,05:37,Q1 05:37,41.61666666666667,91,substitution,SUB out: J. Anderson,[],Anderson,27,7,,False,False,1626147.0,,timeout,substitution,,,,1627752|1628371|1628381|1628411|1629027|201571|202696|203095|203458,1627752|1628381|1629027|203458,1628371|1628411|201571|202696|203095,,,1610612737.0,21801181,False
1,PT05M37.00S,05:37,Q1 05:37,41.61666666666667,92,substitution,SUB out: A. Len,[],Len,27,7,,False,False,203458.0,,substitution,substitution,,,,1627752|1628371|1628381|1628411|1629027|201571|202696|203095,1627752|1628381|1629027,1628371|1628411|201571|202696|203095,,,1610612737.0,21801181,False
1,PT05M37.00S,05:37,Q1 05:37,41.61666666666667,93,substitution,SUB in: D. Bembry,[],Bembry,27,7,,False,False,1627761.0,,substitution,substitution,,,,1627752|1627761|1628371|1628381|1628411|1629027|201571|202696|203095,1627752|1627761|1628381|1629027,1628371|1628411|201571|202696|203095,,,1610612737.0,21801181,False
1,PT05M37.00S,05:37,Q1 05:37,41.61666666666667,94,substitution,SUB in: I. Humphries,[],Humphries,27,7,,False,False,1629353.0,,substitution,foul,,,,1627752|1627761|1628371|1628381|1628411|1629027|1629353|201571|202696|203095,1627752|1627761|1628381|1629027|1629353,1628371|1628411|201571|202696|203095,,,1610612737.0,21801181,True
1,PT05M30.00S,05:30,Q1 05:30,41.5,95,foul,Collins OFF.Foul (P1) (D.Collins),[],Collins,27,7,,False,False,1628381.0,,substitution,turnover,202696.0,,,1627752|1627761|1628371|1628381|1628411|1629027|1629353|201571|202696|203095,1627752|1627761|1628381|1629027|1629353,1628371|1628411|201571|202696|203095,,,1610612737.0,21801181,True
1,PT05M30.00S,05:30,Q1 05:30,41.5,97,turnover,Collins Offensive Foul Turnover (P1.T2),[],Collins,27,7,,False,False,1628381.0,,foul,2pt made,,,,1627752|1627761|1628371|1628381|1628411|1629027|1629353|201571|202696|203095,1627752|1627761|1628381|1629027|1629353,1628371|1628411|201571|202696|203095,,,1610612737.0,21801181,True
1,PT05M18.00S,05:18,Q1 05:18,41.3,98,2pt,Vucevic 5' Turnaround Hook Shot (9 PTS) (Isaac 1 AST),['pointsinthepaint'],Vucevic,29,7,Made,True,True,202696.0,1628371.0,turnover,3pt missed,,,,1627752|1627761|1628371|1628381|1628411|1629027|1629353|201571|202696|203095,1628371|1628411|201571|202696|203095,1627752|1627761|1628381|1629027|1629353,-9.0,47.0,1610612753.0,21801181,True
1,PT05M04.00S,05:04,Q1 05:04,41.06666666666666,100,3pt,MISS Collins 26' 3PT Jump Shot,[],Collins,29,7,Missed,True,False,1628381.0,,2pt made,rebound,,,,1627752|1627761|1628371|1628381|1628411|1629027|1629353|201571|202696|203095,1627752|1627761|1628381|1629027|1629353,1628371|1628411|201571|202696|203095,-131.0,227.0,1610612737.0,21801181,True
1,PT05M02.00S,05:02,Q1 05:02,41.03333333333333,101,rebound,Iwundu REBOUND (Off:0 Def:1),[],Iwundu,29,7,,False,False,1628411.0,,3pt missed,2pt made,,,,1627752|1627761|1628371|1628381|1628411|1629027|1629353|201571|202696|203095,1628371|1628411|201571|202696|203095,1627752|1627761|1628381|1629027|1629353,,,1610612753.0,21801181,True
1,PT04M56.00S,04:56,Q1 04:56,40.93333333333334,102,2pt,Iwundu 4' Driving Layup (2 PTS),['pointsinthepaint'],Iwundu,31,7,Made,True,False,1628411.0,,rebound,foul,,,,1627752|1627761|1628371|1628381|1628411|1629027|1629353|201571|202696|203095,1628371|1628411|201571|202696|203095,1627752|1627761|1628381|1629027|1629353,-19.0,30.0,1610612753.0,21801181,True
1,PT04M56.00S,04:56,Q1 04:56,40.93333333333334,103,foul,Young S.FOUL (P2.T4) (M.Smith),['inpenalty'],Young,31,7,,False,False,1629027.0,,2pt made,freethrow,1628411.0,,,1627752|1627761|1628371|1628381|1628411|1629027|1629353|201571|202696|203095,1627752|1627761|1628381|1629027|1629353,1628371|1628411|201571|202696|203095,,,1610612737.0,21801181,True
1,PT04M56.00S,04:56,Q1 04:56,40.93333333333334,107,freethrow,Iwundu Free Throw 1 of 1 (3 PTS),[],Iwundu,32,7,Made,False,False,1628411.0,,foul,substitution,,,,1627752|1627761|1628371|1628381|1628411|1629027|1629353|201571|202696|203095,1628371|1628411|201571|202696|203095,1627752|1627761|1628381|1629027|1629353,,,1610612753.0,21801181,True
1,PT04M56.00S,04:56,Q1 04:56,40.93333333333334,105,substitution,SUB out: E. Fournier,[],Fournier,31,7,,False,False,203095.0,,freethrow,substitution,,,,1627752|1627761|1628371|1628381|1628411|1629027|1629353|201571|202696,1628371|1628411|201571|202696,1627752|1627761|1628381|1629027|1629353,,,1610612753.0,21801181,False
1,PT04M56.00S,04:56,Q1 04:56,40.93333333333334,106,substitution,SUB in: T. Ross,[],Ross,31,7,,False,False,203082.0,,substitution,3pt missed,,,,1627752|1627761|1628371|1628381|1628411|1629027|1629353|201571|202696|203082,1628371|1628411|201571|202696|203082,1627752|1627761|1628381|1629027|1629353,,,1610612753.0,21801181,True
1,PT04M41.00S,04:41,Q1 04:41,40.68333333333334,108,3pt,MISS Prince 26' 3PT Jump Shot,[],Prince,32,7,Missed,True,False,1627752.0,,substitution,rebound,,,,1627752|1627761|1628371|1628381|1628411|1629027|1629353|201571|202696|203082,1627752|1627761|1628381|1629027|1629353,1628371|1628411|201571|202696|203082,165.0,199.0,1610612737.0,21801181,True
1,PT04M39.00S,04:39,Q1 04:39,40.65,109,rebound,Isaac REBOUND (Off:0 Def:1),[],Isaac,32,7,,False,False,1628371.0,,3pt missed,2pt missed,,,,1627752|1627761|1628371|1628381|1628411|1629027|1629353|201571|202696|203082,1628371|1628411|201571|202696|203082,1627752|1627761|1628381|1629027|1629353,,,1610612753.0,21801181,True
1,PT04M27.00S,04:27,Q1 04:27,40.45,112,2pt,MISS Iwundu 21' Jump Shot,[],Iwundu,32,7,Missed,True,False,1628411.0,,rebound,rebound,,,,1627752|1627761|1628371|1628381|1628411|1629027|1629353|201571|202696|203082,1628371|1628411|201571|202696|203082,1627752|1627761|1628381|1629027|1629353,-187.0,105.0,1610612753.0,21801181,True
1,PT04M25.00S,04:25,Q1 04:25,40.416666666666664,113,rebound,Bembry REBOUND (Off:0 Def:1),[],Bembry,32,7,,False,False,1627761.0,,2pt missed,2pt made,,,,1627752|1627761|1628371|1628381|1628411|1629027|1629353|201571|202696|203082,1627752|1627761|1628381|1629027|1629353,1628371|1628411|201571|202696|203082,,,1610612737.0,21801181,True
1,PT04M17.00S,04:17,Q1 04:17,40.28333333333333,114,2pt,Young 2' Driving Layup (7 PTS) (Bembry 1 AST),['pointsinthepaint'],Young,32,9,Made,True,True,1629027.0,1627761.0,rebound,2pt missed,,,,1627752|1627761|1628371|1628381|1628411|1629027|1629353|201571|202696|203082,1627752|1627761|1628381|1629027|1629353,1628371|1628411|201571|202696|203082,20.0,-1.0,1610612737.0,21801181,True
1,PT03M57.00S,03:57,Q1 03:57,39.95,116,2pt,MISS Augustin 2' Driving Reverse Layup,['pointsinthepaint'],Augustin,32,9,Missed,True,False,201571.0,,2pt made,rebound,,,,1627752|1627761|1628371|1628381|1628411|1629027|1629353|201571|202696|203082,1628371|1628411|201571|202696|203082,1627752|1627761|1628381|1629027|1629353,-19.0,5.0,1610612753.0,21801181,True
1,PT03M55.00S,03:55,Q1 03:55,39.916666666666664,117,rebound,Vucevic REBOUND (Off:2 Def:2),[],Vucevic,32,9,,False,False,202696.0,,2pt missed,2pt made,,,,1627752|1627761|1628371|1628381|1628411|1629027|1629353|201571|202696|203082,1628371|1628411|201571|202696|203082,1627752|1627761|1628381|1629027|1629353,,,1610612753.0,21801181,True
1,PT03M54.00S,03:54,Q1 03:54,39.9,118,2pt,Vucevic 1' Turnaround Hook Shot (11 PTS),['pointsinthepaint'],Vucevic,34,9,Made,True,False,202696.0,,rebound,2pt made,,,,1627752|1627761|1628371|1628381|1628411|1629027|1629353|201571|202696|203082,1628371|1628411|201571|202696|203082,1627752|1627761|1628381|1629027|1629353,-6.0,9.0,1610612753.0,21801181,True
1,PT03M42.00S,03:42,Q1 03:42,39.7,119,2pt,Prince 2' Layup (2 PTS),['pointsinthepaint'],Prince,34,11,Made,True,False,1627752.0,,2pt made,foul,,,,1627752|1627761|1628371|1628381|1628411|1629027|1629353|201571|202696|203082,1627752|1627761|1628381|1629027|1629353,1628371|1628411|201571|202696|203082,-3.0,21.0,1610612737.0,21801181,True
1,PT03M42.00S,03:42,Q1 03:42,39.7,120,foul,Isaac S.FOUL (P1.T1) (M.Smith),[],Isaac,34,11,,False,False,1628371.0,,2pt made,freethrow,1627752.0,,,1627752|1627761|1628371|1628381|1628411|1629027|1629353|201571|202696|203082,1628371|1628411|201571|202696|203082,1627752|1627761|1628381|1629027|1629353,,,1610612753.0,21801181,True
1,PT03M42.00S,03:42,Q1 03:42,39.7,129,freethrow,MISS Prince Free Throw 1 of 1,[],Prince,34,11,Missed,False,False,1627752.0,,foul,substitution,,,,1627752|1627761|1628371|1628381|1628411|1629027|1629353|201571|202696|203082,1627752|1627761|1628381|1629027|1629353,1628371|1628411|201571|202696|203082,,,1610612737.0,21801181,True
1,PT03M42.00S,03:42,Q1 03:42,39.7,122,substitution,SUB out: D. Augustin,[],Augustin,34,11,,False,False,201571.0,,freethrow,substitution,,,,1627752|1627761|1628371|1628381|1628411|1629027|1629353|202696|203082,1628371|1628411|202696|203082,1627752|1627761|1628381|1629027|1629353,,,1610612753.0,21801181,False
1,PT03M42.00S,03:42,Q1 03:42,39.7,123,substitution,SUB out: T. Young,[],Young,34,11,,False,False,1629027.0,,substitution,substitution,,,,1627752|1627761|1628371|1628381|1628411|1629353|202696|203082,1627752|1627761|1628381|1629353,1628371|1628411|202696|203082,,,1610612737.0,21801181,False
1,PT03M42.00S,03:42,Q1 03:42,39.7,124,substitution,SUB out: J. Collins,[],Collins,34,11,,False,False,1628381.0,,substitution,substitution,,,,1627752|1627761|1628371|1628411|1629353|202696|203082,1627752|1627761|1629353,1628371|1628411|202696|203082,,,1610612737.0,21801181,False
1,PT03M42.00S,03:42,Q1 03:42,39.7,125,substitution,SUB in: M. Carter-Williams,[],Carter-Williams,34,11,,False,False,203487.0,,substitution,substitution,,,,1627752|1627761|1628371|1628411|1629353|202696|203082|203487,1628371|1628411|202696|203082|203487,1627752|1627761|1629353,,,1610612753.0,21801181,False
1,PT03M42.00S,03:42,Q1 03:42,39.7,126,substitution,SUB in: J. Adams,[],Adams,34,11,,False,False,1629121.0,,substitution,substitution,,,,1627752|1627761|1628371|1628411|1629121|1629353|202696|203082|203487,1627752|1627761|1629121|1629353,1628371|1628411|202696|203082|203487,,,1610612737.0,21801181,False
1,PT03M42.00S,03:42,Q1 03:42,39.7,127,substitution,SUB in: D. Davis,[],Davis,34,11,,False,False,1627738.0,,substitution,rebound,,,,1627738|1627752|1627761|1628371|1628411|1629121|1629353|202696|203082|203487,1627738|1627752|1627761|1629121|1629353,1628371|1628411|202696|203082|203487,,,1610612737.0,21801181,True
1,PT03M40.00S,03:40,Q1 03:40,39.666666666666664,130,rebound,Isaac REBOUND (Off:0 Def:2),[],Isaac,34,11,,False,False,1628371.0,,substitution,3pt made,,,,1627738|1627752|1627761|1628371|1628411|1629121|1629353|202696|203082|203487,1628371|1628411|202696|203082|203487,1627738|1627752|1627761|1629121|1629353,,,1610612753.0,21801181,True
1,PT03M24.00S,03:24,Q1 03:24,39.4,131,3pt,Vucevic 3PT Jump Shot (14 PTS) (Ross 1 AST),[],Vucevic,37,11,Made,True,True,202696.0,203082.0,rebound,3pt missed,,,,1627738|1627752|1627761|1628371|1628411|1629121|1629353|202696|203082|203487,1628371|1628411|202696|203082|203487,1627738|1627752|1627761|1629121|1629353,228.0,19.0,1610612753.0,21801181,True
1,PT03M11.00S,03:11,Q1 03:11,39.18333333333333,133,3pt,MISS Bembry 25' 3PT Jump Shot,[],Bembry,37,11,Missed,True,False,1627761.0,,3pt made,rebound,,,,1627738|1627752|1627761|1628371|1628411|1629121|1629353|202696|203082|203487,1627738|1627752|1627761|1629121|1629353,1628371|1628411|202696|203082|203487,-212.0,136.0,1610612737.0,21801181,True
1,PT03M08.00S,03:08,Q1 03:08,39.13333333333333,134,rebound,Isaac REBOUND (Off:0 Def:3),[],Isaac,37,11,,False,False,1628371.0,,3pt missed,foul,,,,1627738|1627752|1627761|1628371|1628411|1629121|1629353|202696|203082|203487,1628371|1628411|202696|203082|203487,1627738|1627752|1627761|1629121|1629353,,,1610612753.0,21801181,True
1,PT03M05.00S,03:05,Q1 03:05,39.083333333333336,135,foul,Humphries S.FOUL (P1.PN) (M.Smith),['inpenalty'],Humphries,37,11,,False,False,1629353.0,,rebound,freethrow,1628371.0,,,1627738|1627752|1627761|1628371|1628411|1629121|1629353|202696|203082|203487,1627738|1627752|1627761|1629121|1629353,1628371|1628411|202696|203082|203487,,,1610612737.0,21801181,True
1,PT03M05.00S,03:05,Q1 03:05,39.083333333333336,137,freethrow,Isaac Free Throw 1 of 2 (11 PTS),[],Isaac,38,11,Made,False,False,1628371.0,,foul,freethrow,,,,1627738|1627752|1627761|1628371|1628411|1629121|1629353|202696|203082|203487,1628371|1628411|202696|203082|203487,1627738|1627752|1627761|1629121|1629353,,,1610612753.0,21801181,True
1,PT03M05.00S,03:05,Q1 03:05,39.083333333333336,142,freethrow,Isaac Free Throw 2 of 2 (12 PTS),[],Isaac,39,11,Made,False,False,1628371.0,,freethrow,substitution,,,,1627738|1627752|1627761|1628371|1628411|1629121|1629353|202696|203082|203487,1628371|1628411|202696|203082|203487,1627738|1627752|1627761|1629121|1629353,,,1610612753.0,21801181,True
1,PT03M05.00S,03:05,Q1 03:05,39.083333333333336,138,substitution,SUB out: N. Vucevic,[],Vucevic,38,11,,False,False,202696.0,,freethrow,substitution,,,,1627738|1627752|1627761|1628371|1628411|1629121|1629353|203082|203487,1628371|1628411|203082|203487,1627738|1627752|1627761|1629121|1629353,,,1610612753.0,21801181,False
1,PT03M05.00S,03:05,Q1 03:05,39.083333333333336,139,substitution,SUB out: T. Prince,[],Prince,38,11,,False,False,1627752.0,,substitution,substitution,,,,1627738|1627761|1628371|1628411|1629121|1629353|203082|203487,1627738|1627761|1629121|1629353,1628371|1628411|203082|203487,,,1610612737.0,21801181,False
1,PT03M05.00S,03:05,Q1 03:05,39.083333333333336,140,substitution,SUB in: K. Birch,[],Birch,38,11,,False,False,203920.0,,substitution,substitution,,,,1627738|1627761|1628371|1628411|1629121|1629353|203082|203487|203920,1628371|1628411|203082|203487|203920,1627738|1627761|1629121|1629353,,,1610612753.0,21801181,False
1,PT03M05.00S,03:05,Q1 03:05,39.083333333333336,141,substitution,SUB in: V. Carter,[],Carter,38,11,,False,False,1713.0,,substitution,foul,,,,1627738|1627761|1628371|1628411|1629121|1629353|1713|203082|203487|203920,1627738|1627761|1629121|1629353|1713,1628371|1628411|203082|203487|203920,,,1610612737.0,21801181,True
1,PT02M58.00S,02:58,Q1 02:58,38.96666666666667,143,foul,Iwundu P.FOUL (P1.T2) (M.Smith),[],Iwundu,39,11,,False,False,1628411.0,,substitution,substitution,1627761.0,,,1627738|1627761|1628371|1628411|1629121|1629353|1713|203082|203487|203920,1628371|1628411|203082|203487|203920,1627738|1627761|1629121|1629353|1713,,,1610612753.0,21801181,True
1,PT02M58.00S,02:58,Q1 02:58,38.96666666666667,145,substitution,SUB out: J. Isaac,[],Isaac,39,11,,False,False,1628371.0,,foul,substitution,,,,1627738|1627761|1628411|1629121|1629353|1713|203082|203487|203920,1628411|203082|203487|203920,1627738|1627761|1629121|1629353|1713,,,1610612753.0,21801181,False
1,PT02M58.00S,02:58,Q1 02:58,38.96666666666667,146,substitution,SUB in: A. Gordon,[],Gordon,39,11,,False,False,203932.0,,substitution,2pt made,,,,1627738|1627761|1628411|1629121|1629353|1713|203082|203487|203920|203932,1628411|203082|203487|203920|203932,1627738|1627761|1629121|1629353|1713,,,1610612753.0,21801181,True
1,PT02M51.00S,02:51,Q1 02:51,38.85,148,2pt,Bembry 7' Driving Floating Jump Shot (2 PTS),['pointsinthepaint'],Bembry,39,13,Made,True,False,1627761.0,,substitution,turnover,,,,1627738|1627761|1628411|1629121|1629353|1713|203082|203487|203920|203932,1627738|1627761|1629121|1629353|1713,1628411|203082|203487|203920|203932,-23.0,71.0,1610612737.0,21801181,True
1,PT02M40.00S,02:40,Q1 02:40,38.666666666666664,149,turnover,Carter-Williams Bad Pass Turnover (P1.T4),[],Carter-Williams,39,13,,False,False,203487.0,,2pt made,steal,,,,1627738|1627761|1628411|1629121|1629353|1713|203082|203487|203920|203932,1628411|203082|203487|203920|203932,1627738|1627761|1629121|1629353|1713,,,1610612753.0,21801181,True
1,PT02M40.00S,02:40,Q1 02:40,38.666666666666664,149,steal,Bembry STEAL (1 STL),[],Bembry,39,13,,False,False,1627761.0,,turnover,foul,,1627761.0,,1627738|1627761|1628411|1629121|1629353|1713|203082|203487|203920|203932,1627738|1627761|1629121|1629353|1713,1628411|203082|203487|203920|203932,,,1610612737.0,21801181,True
1,PT02M38.00S,02:38,Q1 02:38,38.63333333333333,151,foul,Ross P.FOUL (P1.T3) (D.Collins),[],Ross,39,13,,False,False,203082.0,,steal,2pt missed,1627761.0,,,1627738|1627761|1628411|1629121|1629353|1713|203082|203487|203920|203932,1628411|203082|203487|203920|203932,1627738|1627761|1629121|1629353|1713,,,1610612753.0,21801181,True
1,PT02M32.00S,02:32,Q1 02:32,38.53333333333333,153,2pt,MISS Bembry 16' Driving Floating Jump Shot,[],Bembry,39,13,Missed,True,False,1627761.0,,foul,rebound,,,,1627738|1627761|1628411|1629121|1629353|1713|203082|203487|203920|203932,1627738|1627761|1629121|1629353|1713,1628411|203082|203487|203920|203932,93.0,134.0,1610612737.0,21801181,True
1,PT02M29.00S,02:29,Q1 02:29,38.483333333333334,154,rebound,Gordon REBOUND (Off:0 Def:4),[],Gordon,39,13,,False,False,203932.0,,2pt missed,3pt missed,,,,1627738|1627761|1628411|1629121|1629353|1713|203082|203487|203920|203932,1628411|203082|203487|203920|203932,1627738|1627761|1629121|1629353|1713,,,1610612753.0,21801181,True
1,PT02M25.00S,02:25,Q1 02:25,38.416666666666664,155,3pt,MISS Ross 24' 3PT Jump Shot,[],Ross,39,13,Missed,True,False,203082.0,,rebound,rebound,,,,1627738|1627761|1628411|1629121|1629353|1713|203082|203487|203920|203932,1628411|203082|203487|203920|203932,1627738|1627761|1629121|1629353|1713,159.0,182.0,1610612753.0,21801181,True
1,PT02M21.00S,02:21,Q1 02:21,38.35,156,rebound,Davis REBOUND (Off:0 Def:1),[],Davis,39,13,,False,False,1627738.0,,3pt missed,2pt missed,,,,1627738|1627761|1628411|1629121|1629353|1713|203082|203487|203920|203932,1627738|1627761|1629121|1629353|1713,1628411|203082|203487|203920|203932,,,1610612737.0,21801181,True
1,PT01M59.00S,01:59,Q1 01:59,37.983333333333334,158,2pt,MISS Adams 3' Driving Layup,['pointsinthepaint'],Adams,39,13,Missed,True,False,1629121.0,,rebound,rebound,,,,1627738|1627761|1628411|1629121|1629353|1713|203082|203487|203920|203932,1627738|1627761|1629121|1629353|1713,1628411|203082|203487|203920|203932,14.0,25.0,1610612737.0,21801181,True
1,PT01M56.00S,01:56,Q1 01:56,37.93333333333333,159,rebound,Iwundu REBOUND (Off:0 Def:2),[],Iwundu,39,13,,False,False,1628411.0,,2pt missed,2pt missed,,,,1627738|1627761|1628411|1629121|1629353|1713|203082|203487|203920|203932,1628411|203082|203487|203920|203932,1627738|1627761|1629121|1629353|1713,,,1610612753.0,21801181,True
1,PT01M51.00S,01:51,Q1 01:51,37.85,160,2pt,MISS Iwundu 3' Driving Layup,['pointsinthepaint'],Iwundu,39,13,Missed,True,False,1628411.0,,rebound,block,,,,1627738|1627761|1628411|1629121|1629353|1713|203082|203487|203920|203932,1628411|203082|203487|203920|203932,1627738|1627761|1629121|1629353|1713,-25.0,20.0,1610612753.0,21801181,True
1,PT01M51.00S,01:51,Q1 01:51,37.85,160,block,Davis BLOCK (1 BLK),[],Davis,39,13,,False,False,1627738.0,,2pt missed,rebound,,,1627738.0,1627738|1627761|1628411|1629121|1629353|1713|203082|203487|203920|203932,1627738|1627761|1629121|1629353|1713,1628411|203082|203487|203920|203932,,,1610612737.0,21801181,True
1,PT01M47.00S,01:47,Q1 01:47,37.78333333333333,162,rebound,Carter-Williams REBOUND (Off:1 Def:0),[],Carter-Williams,39,13,,False,False,203487.0,,block,2pt missed,,,,1627738|1627761|1628411|1629121|1629353|1713|203082|203487|203920|203932,1628411|203082|203487|203920|203932,1627738|1627761|1629121|1629353|1713,,,1610612753.0,21801181,True
1,PT01M46.00S,01:46,Q1 01:46,37.766666666666666,163,2pt,MISS Carter-Williams 4' Layup,['pointsinthepaint'],Carter-Williams,39,13,Missed,True,False,203487.0,,rebound,block,,,,1627738|1627761|1628411|1629121|1629353|1713|203082|203487|203920|203932,1628411|203082|203487|203920|203932,1627738|1627761|1629121|1629353|1713,25.0,37.0,1610612753.0,21801181,True
1,PT01M46.00S,01:46,Q1 01:46,37.766666666666666,163,block,Carter BLOCK (1 BLK),[],Carter,39,13,,False,False,1713.0,,2pt missed,rebound,,,1713.0,1627738|1627761|1628411|1629121|1629353|1713|203082|203487|203920|203932,1627738|1627761|1629121|1629353|1713,1628411|203082|203487|203920|203932,,,1610612737.0,21801181,True
1,PT01M43.00S,01:43,Q1 01:43,37.71666666666667,165,rebound,Carter-Williams REBOUND (Off:2 Def:0),[],Carter-Williams,39,13,,False,False,203487.0,,block,turnover,,,,1627738|1627761|1628411|1629121|1629353|1713|203082|203487|203920|203932,1628411|203082|203487|203920|203932,1627738|1627761|1629121|1629353|1713,,,1610612753.0,21801181,True
1,PT01M43.00S,01:43,Q1 01:43,37.71666666666667,167,turnover,Birch Offensive Goaltending Turnover (P1.T5),[],Birch,39,13,,False,False,203920.0,,rebound,foul,,,,1627738|1627761|1628411|1629121|1629353|1713|203082|203487|203920|203932,1628411|203082|203487|203920|203932,1627738|1627761|1629121|1629353|1713,,,1610612753.0,21801181,True
1,PT01M33.00S,01:33,Q1 01:33,37.55,168,foul,Gordon P.FOUL (P1.T4) (M.Smith),[],Gordon,39,13,,False,False,203932.0,,turnover,turnover,1629121.0,,,1627738|1627761|1628411|1629121|1629353|1713|203082|203487|203920|203932,1628411|203082|203487|203920|203932,1627738|1627761|1629121|1629353|1713,,,1610612753.0,21801181,True
1,PT01M28.00S,01:28,Q1 01:28,37.46666666666667,170,turnover,Adams Bad Pass Turnover (P1.T3),[],Adams,39,13,,False,False,1629121.0,,foul,steal,,,,1627738|1627761|1628411|1629121|1629353|1713|203082|203487|203920|203932,1627738|1627761|1629121|1629353|1713,1628411|203082|203487|203920|203932,,,1610612737.0,21801181,True
1,PT01M28.00S,01:28,Q1 01:28,37.46666666666667,170,steal,Carter-Williams STEAL (1 STL),[],Carter-Williams,39,13,,False,False,203487.0,,turnover,2pt missed,,203487.0,,1627738|1627761|1628411|1629121|1629353|1713|203082|203487|203920|203932,1628411|203082|203487|203920|203932,1627738|1627761|1629121|1629353|1713,,,1610612753.0,21801181,True
1,PT01M17.00S,01:17,Q1 01:17,37.28333333333333,172,2pt,MISS Ross 2' Driving Layup,['pointsinthepaint'],Ross,39,13,Missed,True,False,203082.0,,steal,rebound,,,,1627738|1627761|1628411|1629121|1629353|1713|203082|203487|203920|203932,1628411|203082|203487|203920|203932,1627738|1627761|1629121|1629353|1713,16.0,15.0,1610612753.0,21801181,True
1,PT01M16.00S,01:16,Q1 01:16,37.266666666666666,173,rebound,Bembry REBOUND (Off:0 Def:2),[],Bembry,39,13,,False,False,1627761.0,,2pt missed,2pt missed,,,,1627738|1627761|1628411|1629121|1629353|1713|203082|203487|203920|203932,1627738|1627761|1629121|1629353|1713,1628411|203082|203487|203920|203932,,,1610612737.0,21801181,True
1,PT01M10.00S,01:10,Q1 01:10,37.166666666666664,174,2pt,MISS Bembry 2' Reverse Layup,['pointsinthepaint'],Bembry,39,13,Missed,True,False,1627761.0,,rebound,rebound,,,,1627738|1627761|1628411|1629121|1629353|1713|203082|203487|203920|203932,1627738|1627761|1629121|1629353|1713,1628411|203082|203487|203920|203932,22.0,7.0,1610612737.0,21801181,True
1,PT01M08.00S,01:08,Q1 01:08,37.13333333333333,175,rebound,Birch REBOUND (Off:0 Def:1),[],Birch,39,13,,False,False,203920.0,,2pt missed,3pt missed,,,,1627738|1627761|1628411|1629121|1629353|1713|203082|203487|203920|203932,1628411|203082|203487|203920|203932,1627738|1627761|1629121|1629353|1713,,,1610612753.0,21801181,True
1,PT01M00.00S,01:00,Q1 01:00,37.0,176,3pt,MISS Iwundu 3PT Jump Shot,[],Iwundu,39,13,Missed,True,False,1628411.0,,rebound,rebound,,,,1627738|1627761|1628411|1629121|1629353|1713|203082|203487|203920|203932,1628411|203082|203487|203920|203932,1627738|1627761|1629121|1629353|1713,-228.0,-22.0,1610612753.0,21801181,True
1,PT00M57.20S,00:57,Q1 00:57,36.95333333333333,177,rebound,Humphries REBOUND (Off:0 Def:1),[],Humphries,39,13,,False,False,1629353.0,,3pt missed,turnover,,,,1627738|1627761|1628411|1629121|1629353|1713|203082|203487|203920|203932,1627738|1627761|1629121|1629353|1713,1628411|203082|203487|203920|203932,,,1610612737.0,21801181,True
1,PT00M45.30S,00:45,Q1 00:45,36.755,178,turnover,Carter Bad Pass Turnover (P1.T4),[],Carter,39,13,,False,False,1713.0,,rebound,steal,,,,1627738|1627761|1628411|1629121|1629353|1713|203082|203487|203920|203932,1627738|1627761|1629121|1629353|1713,1628411|203082|203487|203920|203932,,,1610612737.0,21801181,True
1,PT00M45.30S,00:45,Q1 00:45,36.755,178,steal,Ross STEAL (1 STL),[],Ross,39,13,,False,False,203082.0,,turnover,3pt made,,203082.0,,1627738|1627761|1628411|1629121|1629353|1713|203082|203487|203920|203932,1628411|203082|203487|203920|203932,1627738|1627761|1629121|1629353|1713,,,1610612753.0,21801181,True
1,PT00M39.00S,00:39,Q1 00:39,36.65,180,3pt,Gordon 26' 3PT Jump Shot (5 PTS) (Ross 2 AST),[],Gordon,42,13,Made,True,True,203932.0,203082.0,steal,foul,,,,1627738|1627761|1628411|1629121|1629353|1713|203082|203487|203920|203932,1628411|203082|203487|203920|203932,1627738|1627761|1629121|1629353|1713,160.0,208.0,1610612753.0,21801181,True
1,PT00M25.40S,00:25,Q1 00:25,36.42333333333333,182,foul,Gordon S.FOUL (P2.PN) (D.Collins),['inpenalty'],Gordon,42,13,,False,False,203932.0,,3pt made,freethrow,1627738.0,,,1627738|1627761|1628411|1629121|1629353|1713|203082|203487|203920|203932,1628411|203082|203487|203920|203932,1627738|1627761|1629121|1629353|1713,,,1610612753.0,21801181,True
1,PT00M25.40S,00:25,Q1 00:25,36.42333333333333,184,freethrow,MISS Davis Free Throw 1 of 2,[],Davis,42,13,Missed,False,False,1627738.0,,foul,rebound,,,,1627738|1627761|1628411|1629121|1629353|1713|203082|203487|203920|203932,1627738|1627761|1629121|1629353|1713,1628411|203082|203487|203920|203932,,,1610612737.0,21801181,True
1,PT00M25.40S,00:25,Q1 00:25,36.42333333333333,185,rebound,TEAM offensive REBOUND,['team'],,42,13,,False,False,0.0,,freethrow,freethrow,,,,1627738|1627761|1628411|1629121|1629353|1713|203082|203487|203920|203932,1627738|1627761|1629121|1629353|1713,1628411|203082|203487|203920|203932,,,1610612737.0,21801181,True
1,PT00M25.40S,00:25,Q1 00:25,36.42333333333333,186,freethrow,Davis Free Throw 2 of 2 (1 PTS),['2ndchance'],Davis,42,14,Made,False,False,1627738.0,,rebound,turnover,,,,1627738|1627761|1628411|1629121|1629353|1713|203082|203487|203920|203932,1627738|1627761|1629121|1629353|1713,1628411|203082|203487|203920|203932,,,1610612737.0,21801181,True
1,PT00M18.10S,00:18,Q1 00:18,36.30166666666667,187,turnover,Carter-Williams Bad Pass Turnover (P2.T6),[],Carter-Williams,42,14,,False,False,203487.0,,freethrow,steal,,,,1627738|1627761|1628411|1629121|1629353|1713|203082|203487|203920|203932,1628411|203082|203487|203920|203932,1627738|1627761|1629121|1629353|1713,,,1610612753.0,21801181,True
1,PT00M18.10S,00:18,Q1 00:18,36.30166666666667,187,steal,Bembry STEAL (2 STL),[],Bembry,42,14,,False,False,1627761.0,,turnover,2pt made,,1627761.0,,1627738|1627761|1628411|1629121|1629353|1713|203082|203487|203920|203932,1627738|1627761|1629121|1629353|1713,1628411|203082|203487|203920|203932,,,1610612737.0,21801181,True
1,PT00M15.70S,00:15,Q1 00:15,36.26166666666666,189,2pt,Bembry 2' Running Layup (4 PTS),['pointsinthepaint'],Bembry,42,16,Made,True,False,1627761.0,,steal,turnover,,,,1627738|1627761|1628411|1629121|1629353|1713|203082|203487|203920|203932,1627738|1627761|1629121|1629353|1713,1628411|203082|203487|203920|203932,15.0,10.0,1610612737.0,21801181,True
1,PT00M08.60S,00:08,Q1 00:08,36.14333333333333,190,turnover,Ross Bad Pass Turnover (P1.T7),[],Ross,42,16,,False,False,203082.0,,2pt made,steal,,,,1627738|1627761|1628411|1629121|1629353|1713|203082|203487|203920|203932,1628411|203082|203487|203920|203932,1627738|1627761|1629121|1629353|1713,,,1610612753.0,21801181,True
1,PT00M08.60S,00:08,Q1 00:08,36.14333333333333,190,steal,Adams STEAL (1 STL),[],Adams,42,16,,False,False,1629121.0,,turnover,2pt made,,1629121.0,,1627738|1627761|1628411|1629121|1629353|1713|203082|203487|203920|203932,1627738|1627761|1629121|1629353|1713,1628411|203082|203487|203920|203932,,,1610612737.0,21801181,True
1,PT00M05.80S,00:05,Q1 00:05,36.096666666666664,192,2pt,Adams 2' Running Layup (2 PTS),['pointsinthepaint'],Adams,42,18,Made,True,False,1629121.0,,steal,turnover,,,,1627738|1627761|1628411|1629121|1629353|1713|203082|203487|203920|203932,1627738|1627761|1629121|1629353|1713,1628411|203082|203487|203920|203932,-9.0,17.0,1610612737.0,21801181,True
1,PT00M00.00S,00:00,Q1 00:00,36.0,193,turnover,Gordon Lost Ball Turnover (P2.T8),[],Gordon,42,18,,False,False,203932.0,,2pt made,steal,,,,1627738|1627761|1628411|1629121|1629353|1713|203082|203487|203920|203932,1628411|203082|203487|203920|203932,1627738|1627761|1629121|1629353|1713,,,1610612753.0,21801181,True
1,PT00M00.00S,00:00,Q1 00:00,36.0,193,steal,Adams STEAL (2 STL),[],Adams,42,18,,False,False,1629121.0,,turnover,period,,1629121.0,,1627738|1627761|1628411|1629121|1629353|1713|203082|203487|203920|203932,1627738|1627761|1629121|1629353|1713,1628411|203082|203487|203920|203932,,,1610612737.0,21801181,True
1,PT00M00.00S,00:00,Q1 00:00,36.0,195,period,End of 1st Period (7:41 PM EST),[],,42,18,,False,False,0.0,,steal,period,,,,1627738|1627761|1628411|1629121|1629353|1713|203082|203487|203920|203932,1628411|203082|203487|203920|203932,1627738|1627761|1629121|1629353|1713,,,1610612753.0,21801181,True
2,PT12M00.00S,12:00,Q2 12:00,36.0,200,period,Start of 2nd Period (7:44 PM EST),[],,42,18,,False,False,0.0,,period,substitution,,,,1627738|1627761|1628411|1629121|1629353|1713|203082|203487|203920|203932,1628411|203082|203487|203920|203932,1627738|1627761|1629121|1629353|1713,,,1610612753.0,21801181,True
2,PT11M52.00S,11:52,Q2 11:52,35.86666666666667,201,3pt,MISS Adams 26' 3PT Pullup Jump Shot,[],Adams,42,18,Missed,True,False,1629121.0,,substitution,rebound,,,,1626147|1627738|1627761|1629121|1713|203082|203095|203487|203920|203932,1626147|1627738|1627761|1629121|1713,203082|203095|203487|203920|203932,105.0,235.0,1610612737.0,21801181,True
2,PT11M48.00S,11:48,Q2 11:48,35.8,202,rebound,Fournier REBOUND (Off:0 Def:4),[],Fournier,42,18,,False,False,203095.0,,3pt missed,2pt made,,,,1626147|1627738|1627761|1629121|1713|203082|203095|203487|203920|203932,203082|203095|203487|203920|203932,1626147|1627738|1627761|1629121|1713,,,1610612753.0,21801181,True
2,PT11M34.00S,11:34,Q2 11:34,35.56666666666666,203,2pt,Ross 2' Driving Layup (2 PTS) (Gordon 4 AST),['pointsinthepaint'],Ross,44,18,Made,True,True,203082.0,203932.0,rebound,3pt made,,,,1626147|1627738|1627761|1629121|1713|203082|203095|203487|203920|203932,203082|203095|203487|203920|203932,1626147|1627738|1627761|1629121|1713,11.0,15.0,1610612753.0,21801181,True
2,PT11M25.00S,11:25,Q2 11:25,35.416666666666664,205,3pt,Anderson 27' 3PT Jump Shot (3 PTS),[],Anderson,44,21,Made,True,False,1626147.0,,2pt made,turnover,,,,1626147|1627738|1627761|1629121|1713|203082|203095|203487|203920|203932,1626147|1627738|1627761|1629121|1713,203082|203095|203487|203920|203932,-101.0,249.0,1610612737.0,21801181,True
2,PT11M08.00S,11:08,Q2 11:08,35.13333333333333,206,turnover,Ross Bad Pass Turnover (P2.T9),[],Ross,44,21,,False,False,203082.0,,3pt made,steal,,,,1626147|1627738|1627761|1629121|1713|203082|203095|203487|203920|203932,203082|203095|203487|203920|203932,1626147|1627738|1627761|1629121|1713,,,1610612753.0,21801181,True
2,PT11M08.00S,11:08,Q2 11:08,35.13333333333333,206,steal,Anderson STEAL (2 STL),[],Anderson,44,21,,False,False,1626147.0,,turnover,2pt missed,,1626147.0,,1626147|1627738|1627761|1629121|1713|203082|203095|203487|203920|203932,1626147|1627738|1627761|1629121|1713,203082|203095|203487|203920|203932,,,1610612737.0,21801181,True
2,PT11M01.00S,11:01,Q2 11:01,35.016666666666666,208,2pt,MISS Anderson 11' Floating Jump Shot,['pointsinthepaint'],Anderson,44,21,Missed,True,False,1626147.0,,steal,rebound,,,,1626147|1627738|1627761|1629121|1713|203082|203095|203487|203920|203932,1626147|1627738|1627761|1629121|1713,203082|203095|203487|203920|203932,-7.0,113.0,1610612737.0,21801181,True
2,PT10M58.00S,10:58,Q2 10:58,34.96666666666667,209,rebound,Carter-Williams REBOUND (Off:2 Def:1),[],Carter-Williams,44,21,,False,False,203487.0,,2pt missed,2pt missed,,,,1626147|1627738|1627761|1629121|1713|203082|203095|203487|203920|203932,203082|203095|203487|203920|203932,1626147|1627738|1627761|1629121|1713,,,1610612753.0,21801181,True
2,PT10M49.00S,10:49,Q2 10:49,34.81666666666666,210,2pt,MISS Birch 7' Jump Shot,['pointsinthepaint'],Birch,44,21,Missed,True,False,203920.0,,rebound,block,,,,1626147|1627738|1627761|1629121|1713|203082|203095|203487|203920|203932,203082|203095|203487|203920|203932,1626147|1627738|1627761|1629121|1713,20.0,69.0,1610612753.0,21801181,True
2,PT10M49.00S,10:49,Q2 10:49,34.81666666666666,210,block,Carter BLOCK (2 BLK),[],Carter,44,21,,False,False,1713.0,,2pt missed,rebound,,,1713.0,1626147|1627738|1627761|1629121|1713|203082|203095|203487|203920|203932,1626147|1627738|1627761|1629121|1713,203082|203095|203487|203920|203932,,,1610612737.0,21801181,True
2,PT10M46.00S,10:46,Q2 10:46,34.766666666666666,212,rebound,Davis REBOUND (Off:0 Def:2),[],Davis,44,21,,False,False,1627738.0,,block,2pt made,,,,1626147|1627738|1627761|1629121|1713|203082|203095|203487|203920|203932,1626147|1627738|1627761|1629121|1713,203082|203095|203487|203920|203932,,,1610612737.0,21801181,True
2,PT10M40.00S,10:40,Q2 10:40,34.666666666666664,213,2pt,Davis 3' Cutting Layup Shot (3 PTS) (Bembry 2 AST),['pointsinthepaint'],Davis,44,23,Made,True,True,1627738.0,1627761.0,rebound,2pt made,,,,1626147|1627738|1627761|1629121|1713|203082|203095|203487|203920|203932,1626147|1627738|1627761|1629121|1713,203082|203095|203487|203920|203932,31.0,10.0,1610612737.0,21801181,True
2,PT10M20.00S,10:20,Q2 10:20,34.333333333333336,215,2pt,Fournier 4' Layup (6 PTS),['pointsinthepaint'],Fournier,46,23,Made,True,False,203095.0,,2pt made,2pt missed,,,,1626147|1627738|1627761|1629121|1713|203082|203095|203487|203920|203932,203082|203095|203487|203920|203932,1626147|1627738|1627761|1629121|1713,19.0,40.0,1610612753.0,21801181,True
2,PT10M05.00S,10:05,Q2 10:05,34.083333333333336,216,2pt,MISS Bembry 3' Driving Layup,['pointsinthepaint'],Bembry,46,23,Missed,True,False,1627761.0,,2pt made,rebound,,,,1626147|1627738|1627761|1629121|1713|203082|203095|203487|203920|203932,1626147|1627738|1627761|1629121|1713,203082|203095|203487|203920|203932,-3.0,32.0,1610612737.0,21801181,True
2,PT10M02.00S,10:02,Q2 10:02,34.03333333333333,218,rebound,Birch REBOUND (Off:0 Def:2),[],Birch,46,23,,False,False,203920.0,,2pt missed,2pt made,,,,1626147|1627738|1627761|1629121|1713|203082|203095|203487|203920|203932,203082|203095|203487|203920|203932,1626147|1627738|1627761|1629121|1713,,,1610612753.0,21801181,True
2,PT09M52.00S,09:52,Q2 09:52,33.86666666666667,219,2pt,Birch 3' Turnaround Hook Shot (2 PTS) (Carter-Williams 1 AST),['pointsinthepaint'],Birch,48,23,Made,True,True,203920.0,203487.0,rebound,2pt missed,,,,1626147|1627738|1627761|1629121|1713|203082|203095|203487|203920|203932,203082|203095|203487|203920|203932,1626147|1627738|1627761|1629121|1713,-31.0,-2.0,1610612753.0,21801181,True
2,PT09M33.00S,09:33,Q2 09:33,33.55,221,2pt,MISS Carter 4' Layup,['pointsinthepaint'],Carter,48,23,Missed,True,False,1713.0,,2pt made,block,,,,1626147|1627738|1627761|1629121|1713|203082|203095|203487|203920|203932,1626147|1627738|1627761|1629121|1713,203082|203095|203487|203920|203932,-16.0,33.0,1610612737.0,21801181,True
2,PT09M33.00S,09:33,Q2 09:33,33.55,221,block,Birch BLOCK (1 BLK),[],Birch,48,23,,False,False,203920.0,,2pt missed,rebound,,,203920.0,1626147|1627738|1627761|1629121|1713|203082|203095|203487|203920|203932,203082|203095|203487|203920|203932,1626147|1627738|1627761|1629121|1713,,,1610612753.0,21801181,True
2,PT09M33.00S,09:33,Q2 09:33,33.55,223,rebound,TEAM offensive REBOUND,['team'],,48,23,,False,False,0.0,,block,3pt missed,,,,1626147|1627738|1627761|1629121|1713|203082|203095|203487|203920|203932,1626147|1627738|1627761|1629121|1713,203082|203095|203487|203920|203932,,,1610612737.0,21801181,True
2,PT09M29.00S,09:29,Q2 09:29,33.483333333333334,225,3pt,MISS Carter 3PT Jump Shot,['2ndchance'],Carter,48,23,Missed,True,False,1713.0,,rebound,rebound,,,,1626147|1627738|1627761|1629121|1713|203082|203095|203487|203920|203932,1626147|1627738|1627761|1629121|1713,203082|203095|203487|203920|203932,-231.0,-10.0,1610612737.0,21801181,True
2,PT09M29.00S,09:29,Q2 09:29,33.483333333333334,226,rebound,Gordon REBOUND (Off:0 Def:5),[],Gordon,48,23,,False,False,203932.0,,3pt missed,3pt made,,,,1626147|1627738|1627761|1629121|1713|203082|203095|203487|203920|203932,203082|203095|203487|203920|203932,1626147|1627738|1627761|1629121|1713,,,1610612753.0,21801181,True
2,PT09M16.00S,09:16,Q2 09:16,33.266666666666666,227,3pt,Ross 3PT Jump Shot (5 PTS) (Gordon 5 AST),[],Ross,51,23,Made,True,True,203082.0,203932.0,rebound,foul,,,,1626147|1627738|1627761|1629121|1713|203082|203095|203487|203920|203932,203082|203095|203487|203920|203932,1626147|1627738|1627761|1629121|1713,231.0,3.0,1610612753.0,21801181,True
2,PT08M56.00S,08:56,Q2 08:56,32.93333333333334,229,foul,Carter-Williams P.FOUL (P1.T1) (D.Collins),[],Carter-Williams,51,23,,False,False,203487.0,,3pt made,3pt missed,1626147.0,,,1626147|1627738|1627761|1629121|1713|203082|203095|203487|203920|203932,203082|203095|203487|203920|203932,1626147|1627738|1627761|1629121|1713,,,1610612753.0,21801181,True
2,PT08M48.00S,08:48,Q2 08:48,32.8,231,3pt,MISS Anderson 26' 3PT Jump Shot,[],Anderson,51,23,Missed,True,False,1626147.0,,foul,rebound,,,,1626147|1627738|1627761|1629121|1713|203082|203095|203487|203920|203932,1626147|1627738|1627761|1629121|1713,203082|203095|203487|203920|203932,-77.0,249.0,1610612737.0,21801181,True
2,PT08M47.00S,08:47,Q2 08:47,32.78333333333333,232,rebound,Carter-Williams REBOUND (Off:2 Def:2),[],Carter-Williams,51,23,,False,False,203487.0,,3pt missed,3pt made,,,,1626147|1627738|1627761|1629121|1713|203082|203095|203487|203920|203932,203082|203095|203487|203920|203932,1626147|1627738|1627761|1629121|1713,,,1610612753.0,21801181,True
2,PT08M40.00S,08:40,Q2 08:40,32.666666666666664,233,3pt,Ross 25' 3PT Jump Shot (8 PTS) (Carter-Williams 2 AST),[],Ross,54,23,Made,True,True,203082.0,203487.0,rebound,timeout,,,,1626147|1627738|1627761|1629121|1713|203082|203095|203487|203920|203932,203082|203095|203487|203920|203932,1626147|1627738|1627761|1629121|1713,109.0,230.0,1610612753.0,21801181,True
2,PT08M38.00S,08:38,Q2 08:38,32.63333333333333,235,timeout,Hawks Timeout: Regular (Reg.3 Short 0),[],,54,23,,False,False,0.0,,3pt made,substitution,,,,1626147|1627738|1627761|1629121|1713|203082|203095|203487|203920|203932,1626147|1627738|1627761|1629121|1713,203082|203095|203487|203920|203932,,,1610612737.0,21801181,True
2,PT08M38.00S,08:38,Q2 08:38,32.63333333333333,236,substitution,SUB out: A. Gordon,[],Gordon,54,23,,False,False,203932.0,,timeout,substitution,,,,1626147|1627738|1627761|1629121|1713|203082|203095|203487|203920,203082|203095|203487|203920,1626147|1627738|1627761|1629121|1713,,,1610612753.0,21801181,False
2,PT08M38.00S,08:38,Q2 08:38,32.63333333333333,237,substitution,SUB out: D. Davis,[],Davis,54,23,,False,False,1627738.0,,substitution,substitution,,,,1626147|1627761|1629121|1713|203082|203095|203487|203920,1626147|1627761|1629121|1713,203082|203095|203487|203920,,,1610612737.0,21801181,False
2,PT08M38.00S,08:38,Q2 08:38,32.63333333333333,238,substitution,SUB out: V. Carter,[],Carter,54,23,,False,False,1713.0,,substitution,substitution,,,,1626147|1627761|1629121|203082|203095|203487|203920,1626147|1627761|1629121,203082|203095|203487|203920,,,1610612737.0,21801181,False
2,PT08M38.00S,08:38,Q2 08:38,32.63333333333333,239,substitution,SUB out: J. Anderson,[],Anderson,54,23,,False,False,1626147.0,,substitution,substitution,,,,1627761|1629121|203082|203095|203487|203920,1627761|1629121,203082|203095|203487|203920,,,1610612737.0,21801181,False
2,PT08M38.00S,08:38,Q2 08:38,32.63333333333333,240,substitution,SUB in: J. Isaac,[],Isaac,54,23,,False,False,1628371.0,,substitution,substitution,,,,1627761|1628371|1629121|203082|203095|203487|203920,1628371|203082|203095|203487|203920,1627761|1629121,,,1610612753.0,21801181,False
2,PT08M38.00S,08:38,Q2 08:38,32.63333333333333,241,substitution,SUB in: J. Collins,[],Collins,54,23,,False,False,1628381.0,,substitution,substitution,,,,1627761|1628371|1628381|1629121|203082|203095|203487|203920,1627761|1628381|1629121,1628371|203082|203095|203487|203920,,,1610612737.0,21801181,False
2,PT08M38.00S,08:38,Q2 08:38,32.63333333333333,242,substitution,SUB in: A. Len,[],Len,54,23,,False,False,203458.0,,substitution,substitution,,,,1627761|1628371|1628381|1629121|203082|203095|203458|203487|203920,1627761|1628381|1629121|203458,1628371|203082|203095|203487|203920,,,1610612737.0,21801181,False
2,PT08M38.00S,08:38,Q2 08:38,32.63333333333333,243,substitution,SUB in: T. Prince,[],Prince,54,23,,False,False,1627752.0,,substitution,2pt made,,,,1627752|1627761|1628371|1628381|1629121|203082|203095|203458|203487|203920,1627752|1627761|1628381|1629121|203458,1628371|203082|203095|203487|203920,,,1610612737.0,21801181,True
2,PT08M23.00S,08:23,Q2 08:23,32.38333333333333,244,2pt,Prince 10' Driving Floating Jump Shot (4 PTS),['pointsinthepaint'],Prince,54,25,Made,True,False,1627752.0,,substitution,2pt made,,,,1627752|1627761|1628371|1628381|1629121|203082|203095|203458|203487|203920,1627752|1627761|1628381|1629121|203458,1628371|203082|203095|203487|203920,37.0,91.0,1610612737.0,21801181,True
2,PT08M03.00S,08:03,Q2 08:03,32.05,245,2pt,Fournier 4' Driving Floating Jump Shot (8 PTS),['pointsinthepaint'],Fournier,56,25,Made,True,False,203095.0,,2pt made,3pt made,,,,1627752|1627761|1628371|1628381|1629121|203082|203095|203458|203487|203920,1628371|203082|203095|203487|203920,1627752|1627761|1628381|1629121|203458,11.0,34.0,1610612753.0,21801181,True
2,PT07M52.00S,07:52,Q2 07:52,31.866666666666667,246,3pt,Len 27' 3PT Jump Shot (3 PTS) (Adams 1 AST),[],Len,56,28,Made,True,True,203458.0,1629121.0,2pt made,2pt made,,,,1627752|1627761|1628371|1628381|1629121|203082|203095|203458|203487|203920,1627752|1627761|1628381|1629121|203458,1628371|203082|203095|203487|203920,-117.0,239.0,1610612737.0,21801181,True
2,PT07M39.00S,07:39,Q2 07:39,31.65,248,2pt,Birch 12' Driving Floating Jump Shot (4 PTS) (Carter-Williams 3 AST),['pointsinthepaint'],Birch,58,28,Made,True,True,203920.0,203487.0,3pt made,foul,,,,1627752|1627761|1628371|1628381|1629121|203082|203095|203458|203487|203920,1628371|203082|203095|203487|203920,1627752|1627761|1628381|1629121|203458,-16.0,116.0,1610612753.0,21801181,True
2,PT07M23.00S,07:23,Q2 07:23,31.383333333333333,252,foul,Birch S.FOUL (P1.T2) (M.Smith),[],Birch,58,28,,False,False,203920.0,,2pt made,freethrow,203458.0,,,1627752|1627761|1628371|1628381|1629121|203082|203095|203458|203487|203920,1628371|203082|203095|203487|203920,1627752|1627761|1628381|1629121|203458,,,1610612753.0,21801181,True
2,PT07M23.00S,07:23,Q2 07:23,31.383333333333333,254,freethrow,MISS Len Free Throw 1 of 2,[],Len,58,28,Missed,False,False,203458.0,,foul,rebound,,,,1627752|1627761|1628371|1628381|1629121|203082|203095|203458|203487|203920,1627752|1627761|1628381|1629121|203458,1628371|203082|203095|203487|203920,,,1610612737.0,21801181,True
2,PT07M23.00S,07:23,Q2 07:23,31.383333333333333,255,rebound,TEAM offensive REBOUND,['team'],,58,28,,False,False,0.0,,freethrow,freethrow,,,,1627752|1627761|1628371|1628381|1629121|203082|203095|203458|203487|203920,1627752|1627761|1628381|1629121|203458,1628371|203082|203095|203487|203920,,,1610612737.0,21801181,True
2,PT07M23.00S,07:23,Q2 07:23,31.383333333333333,264,freethrow,Len Free Throw 2 of 2 (4 PTS),[],Len,58,29,Made,False,False,203458.0,,rebound,substitution,,,,1627752|1627761|1628371|1628381|1629121|203082|203095|203458|203487|203920,1627752|1627761|1628381|1629121|203458,1628371|203082|203095|203487|203920,,,1610612737.0,21801181,True
2,PT07M23.00S,07:23,Q2 07:23,31.383333333333333,256,substitution,SUB out: M. Carter-Williams,[],Carter-Williams,58,28,,False,False,203487.0,,freethrow,substitution,,,,1627752|1627761|1628371|1628381|1629121|203082|203095|203458|203920,1628371|203082|203095|203920,1627752|1627761|1628381|1629121|203458,,,1610612753.0,21801181,False
2,PT07M23.00S,07:23,Q2 07:23,31.383333333333333,257,substitution,SUB out: E. Fournier,[],Fournier,58,28,,False,False,203095.0,,substitution,substitution,,,,1627752|1627761|1628371|1628381|1629121|203082|203458|203920,1628371|203082|203920,1627752|1627761|1628381|1629121|203458,,,1610612753.0,21801181,False
2,PT07M23.00S,07:23,Q2 07:23,31.383333333333333,258,substitution,SUB out: K. Birch,[],Birch,58,28,,False,False,203920.0,,substitution,substitution,,,,1627752|1627761|1628371|1628381|1629121|203082|203458,1628371|203082,1627752|1627761|1628381|1629121|203458,,,1610612753.0,21801181,False
2,PT07M23.00S,07:23,Q2 07:23,31.383333333333333,259,substitution,SUB out: J. Adams,[],Adams,58,28,,False,False,1629121.0,,substitution,substitution,,,,1627752|1627761|1628371|1628381|203082|203458,1627752|1627761|1628381|203458,1628371|203082,,,1610612737.0,21801181,False
2,PT07M23.00S,07:23,Q2 07:23,31.383333333333333,260,substitution,SUB in: D. Augustin,[],Augustin,58,28,,False,False,201571.0,,substitution,substitution,,,,1627752|1627761|1628371|1628381|201571|203082|203458,1628371|201571|203082,1627752|1627761|1628381|203458,,,1610612753.0,21801181,False
2,PT07M23.00S,07:23,Q2 07:23,31.383333333333333,261,substitution,SUB in: W. Iwundu,[],Iwundu,58,28,,False,False,1628411.0,,substitution,substitution,,,,1627752|1627761|1628371|1628381|1628411|201571|203082|203458,1628371|1628411|201571|203082,1627752|1627761|1628381|203458,,,1610612753.0,21801181,False
2,PT07M23.00S,07:23,Q2 07:23,31.383333333333333,262,substitution,SUB in: N. Vucevic,[],Vucevic,58,28,,False,False,202696.0,,substitution,substitution,,,,1627752|1627761|1628371|1628381|1628411|201571|202696|203082|203458,1628371|1628411|201571|202696|203082,1627752|1627761|1628381|203458,,,1610612753.0,21801181,False
2,PT07M23.00S,07:23,Q2 07:23,31.383333333333333,263,substitution,SUB in: T. Young,[],Young,58,28,,False,False,1629027.0,,substitution,3pt missed,,,,1627752|1627761|1628371|1628381|1628411|1629027|201571|202696|203082|203458,1627752|1627761|1628381|1629027|203458,1628371|1628411|201571|202696|203082,,,1610612737.0,21801181,True
2,PT07M10.00S,07:10,Q2 07:10,31.166666666666668,265,3pt,MISS Augustin 26' 3PT Jump Shot,[],Augustin,58,29,Missed,True,False,201571.0,,substitution,rebound,,,,1627752|1627761|1628371|1628381|1628411|1629027|201571|202696|203082|203458,1628371|1628411|201571|202696|203082,1627752|1627761|1628381|1629027|203458,-90.0,243.0,1610612753.0,21801181,True
2,PT07M06.00S,07:06,Q2 07:06,31.1,266,rebound,Bembry REBOUND (Off:0 Def:3),[],Bembry,58,29,,False,False,1627761.0,,3pt missed,2pt missed,,,,1627752|1627761|1628371|1628381|1628411|1629027|201571|202696|203082|203458,1627752|1627761|1628381|1629027|203458,1628371|1628411|201571|202696|203082,,,1610612737.0,21801181,True
2,PT06M55.00S,06:55,Q2 06:55,30.916666666666668,267,2pt,MISS Collins 4' Layup,['pointsinthepaint'],Collins,58,29,Missed,True,False,1628381.0,,rebound,rebound,,,,1627752|1627761|1628371|1628381|1628411|1629027|201571|202696|203082|203458,1627752|1627761|1628381|1629027|203458,1628371|1628411|201571|202696|203082,-29.0,21.0,1610612737.0,21801181,True
2,PT06M53.00S,06:53,Q2 06:53,30.883333333333333,268,rebound,Collins REBOUND (Off:1 Def:0),[],Collins,58,29,,False,False,1628381.0,,2pt missed,2pt missed,,,,1627752|1627761|1628371|1628381|1628411|1629027|201571|202696|203082|203458,1627752|1627761|1628381|1629027|203458,1628371|1628411|201571|202696|203082,,,1610612737.0,21801181,True
2,PT06M51.00S,06:51,Q2 06:51,30.85,269,2pt,MISS Collins 3' Putback Layup,['pointsinthepaint'],Collins,58,29,Missed,True,False,1628381.0,,rebound,rebound,,,,1627752|1627761|1628371|1628381|1628411|1629027|201571|202696|203082|203458,1627752|1627761|1628381|1629027|203458,1628371|1628411|201571|202696|203082,26.0,18.0,1610612737.0,21801181,True
2,PT06M45.00S,06:45,Q2 06:45,30.75,270,rebound,Len REBOUND (Off:1 Def:1),[],Len,58,29,,False,False,203458.0,,2pt missed,2pt missed,,,,1627752|1627761|1628371|1628381|1628411|1629027|201571|202696|203082|203458,1627752|1627761|1628381|1629027|203458,1628371|1628411|201571|202696|203082,,,1610612737.0,21801181,True
2,PT06M45.00S,06:45,Q2 06:45,30.75,271,2pt,MISS Len 1' Tip Layup Shot,['pointsinthepaint'],Len,58,29,Missed,True,False,203458.0,,rebound,rebound,,,,1627752|1627761|1628371|1628381|1628411|1629027|201571|202696|203082|203458,1627752|1627761|1628381|1629027|203458,1628371|1628411|201571|202696|203082,0.0,-6.0,1610612737.0,21801181,True
2,PT06M43.00S,06:43,Q2 06:43,30.71666666666667,272,rebound,Len REBOUND (Off:2 Def:1),[],Len,58,29,,False,False,203458.0,,2pt missed,2pt made,,,,1627752|1627761|1628371|1628381|1628411|1629027|201571|202696|203082|203458,1627752|1627761|1628381|1629027|203458,1628371|1628411|201571|202696|203082,,,1610612737.0,21801181,True
2,PT06M43.00S,06:43,Q2 06:43,30.71666666666667,273,2pt,Len 1' Tip Layup Shot (6 PTS),['pointsinthepaint'],Len,58,31,Made,True,False,203458.0,,rebound,2pt missed,,,,1627752|1627761|1628371|1628381|1628411|1629027|201571|202696|203082|203458,1627752|1627761|1628381|1629027|203458,1628371|1628411|201571|202696|203082,0.0,-6.0,1610612737.0,21801181,True
2,PT06M33.00S,06:33,Q2 06:33,30.55,274,2pt,MISS Vucevic 9' Jump Shot,['pointsinthepaint'],Vucevic,58,31,Missed,True,False,202696.0,,2pt made,rebound,,,,1627752|1627761|1628371|1628381|1628411|1629027|201571|202696|203082|203458,1628371|1628411|201571|202696|203082,1627752|1627761|1628381|1629027|203458,-58.0,73.0,1610612753.0,21801181,True
2,PT06M30.00S,06:30,Q2 06:30,30.5,275,rebound,Bembry REBOUND (Off:0 Def:4),[],Bembry,58,31,,False,False,1627761.0,,2pt missed,turnover,,,,1627752|1627761|1628371|1628381|1628411|1629027|201571|202696|203082|203458,1627752|1627761|1628381|1629027|203458,1628371|1628411|201571|202696|203082,,,1610612737.0,21801181,True
2,PT06M21.00S,06:21,Q2 06:21,30.35,276,turnover,Collins Lost Ball Turnover (P2.T5),[],Collins,58,31,,False,False,1628381.0,,rebound,steal,,,,1627752|1627761|1628371|1628381|1628411|1629027|201571|202696|203082|203458,1627752|1627761|1628381|1629027|203458,1628371|1628411|201571|202696|203082,,,1610612737.0,21801181,True
2,PT06M21.00S,06:21,Q2 06:21,30.35,276,steal,Ross STEAL (2 STL),[],Ross,58,31,,False,False,203082.0,,turnover,3pt made,,203082.0,,1627752|1627761|1628371|1628381|1628411|1629027|201571|202696|203082|203458,1628371|1628411|201571|202696|203082,1627752|1627761|1628381|1629027|203458,,,1610612753.0,21801181,True
2,PT06M16.00S,06:16,Q2 06:16,30.266666666666666,278,3pt,Ross 26' 3PT Jump Shot (11 PTS) (Augustin 4 AST),[],Ross,61,31,Made,True,True,203082.0,201571.0,steal,foul,,,,1627752|1627761|1628371|1628381|1628411|1629027|201571|202696|203082|203458,1628371|1628411|201571|202696|203082,1627752|1627761|1628381|1629027|203458,-4.0,256.0,1610612753.0,21801181,True
2,PT06M04.00S,06:04,Q2 06:04,30.066666666666666,280,foul,Augustin P.FOUL (P1.T3) (M.Smith),[],Augustin,61,31,,False,False,201571.0,,3pt made,foul,1629027.0,,,1627752|1627761|1628371|1628381|1628411|1629027|201571|202696|203082|203458,1628371|1628411|201571|202696|203082,1627752|1627761|1628381|1629027|203458,,,1610612753.0,21801181,True
2,PT06M03.00S,06:03,Q2 06:03,30.05,282,foul,Isaac P.FOUL (P2.T4) (M.Smith),[],Isaac,61,31,,False,False,1628371.0,,foul,2pt missed,1629027.0,,,1627752|1627761|1628371|1628381|1628411|1629027|201571|202696|203082|203458,1628371|1628411|201571|202696|203082,1627752|1627761|1628381|1629027|203458,,,1610612753.0,21801181,True
2,PT05M58.00S,05:58,Q2 05:58,29.96666666666667,284,2pt,MISS Young 14' Driving Floating Jump Shot,[],Young,61,31,Missed,True,False,1629027.0,,foul,rebound,,,,1627752|1627761|1628371|1628381|1628411|1629027|201571|202696|203082|203458,1627752|1627761|1628381|1629027|203458,1628371|1628411|201571|202696|203082,4.0,144.0,1610612737.0,21801181,True
2,PT05M54.00S,05:54,Q2 05:54,29.9,285,rebound,Vucevic REBOUND (Off:2 Def:3),[],Vucevic,61,31,,False,False,202696.0,,2pt missed,2pt made,,,,1627752|1627761|1628371|1628381|1628411|1629027|201571|202696|203082|203458,1628371|1628411|201571|202696|203082,1627752|1627761|1628381|1629027|203458,,,1610612753.0,21801181,True
2,PT05M50.00S,05:50,Q2 05:50,29.833333333333332,286,2pt,Augustin 2' Running Layup (6 PTS) (Vucevic 1 AST),['pointsinthepaint'],Augustin,63,31,Made,True,True,201571.0,202696.0,rebound,foul,,,,1627752|1627761|1628371|1628381|1628411|1629027|201571|202696|203082|203458,1628371|1628411|201571|202696|203082,1627752|1627761|1628381|1629027|203458,11.0,13.0,1610612753.0,21801181,True
2,PT05M49.00S,05:49,Q2 05:49,29.816666666666666,287,foul,Young T.FOUL (P2.T0) (J.Phillips),[],Young,63,31,,False,False,1629027.0,,2pt made,freethrow,201571.0,,,1627752|1627761|1628371|1628381|1628411|1629027|201571|202696|203082|203458,1627752|1627761|1628381|1629027|203458,1628371|1628411|201571|202696|203082,,,1610612737.0,21801181,True
2,PT05M49.00S,05:49,Q2 05:49,29.816666666666666,289,freethrow,Augustin Free Throw Technical (7 PTS),[],Augustin,64,31,Made,False,False,201571.0,,foul,2pt made,,,,1627752|1627761|1628371|1628381|1628411|1629027|201571|202696|203082|203458,1628371|1628411|201571|202696|203082,1627752|1627761|1628381|1629027|203458,,,1610612753.0,21801181,True
2,PT05M36.00S,05:36,Q2 05:36,29.6,290,2pt,Bembry 5' Driving Floating Jump Shot (6 PTS) (Young 1 AST),['pointsinthepaint'],Bembry,64,33,Made,True,True,1627761.0,1629027.0,freethrow,2pt made,,,,1627752|1627761|1628371|1628381|1628411|1629027|201571|202696|203082|203458,1627752|1627761|1628381|1629027|203458,1628371|1628411|201571|202696|203082,-28.0,46.0,1610612737.0,21801181,True
2,PT05M15.00S,05:15,Q2 05:15,29.25,292,2pt,Vucevic 12' Turnaround Fadeaway (16 PTS),['pointsinthepaint'],Vucevic,66,33,Made,True,False,202696.0,,2pt made,3pt missed,,,,1627752|1627761|1628371|1628381|1628411|1629027|201571|202696|203082|203458,1628371|1628411|201571|202696|203082,1627752|1627761|1628381|1629027|203458,-25.0,116.0,1610612753.0,21801181,True
2,PT05M02.00S,05:02,Q2 05:02,29.03333333333333,293,3pt,MISS Len 25' 3PT Jump Shot,[],Len,66,33,Missed,True,False,203458.0,,2pt made,rebound,,,,1627752|1627761|1628371|1628381|1628411|1629027|201571|202696|203082|203458,1627752|1627761|1628381|1629027|203458,1628371|1628411|201571|202696|203082,-18.0,252.0,1610612737.0,21801181,True
2,PT04M57.00S,04:57,Q2 04:57,28.95,294,rebound,Iwundu REBOUND (Off:0 Def:3),[],Iwundu,66,33,,False,False,1628411.0,,3pt missed,3pt made,,,,1627752|1627761|1628371|1628381|1628411|1629027|201571|202696|203082|203458,1628371|1628411|201571|202696|203082,1627752|1627761|1628381|1629027|203458,,,1610612753.0,21801181,True
2,PT04M52.00S,04:52,Q2 04:52,28.866666666666667,295,3pt,Ross 27' 3PT Jump Shot (14 PTS) (Iwundu 1 AST),[],Ross,69,33,Made,True,True,203082.0,1628411.0,rebound,3pt missed,,,,1627752|1627761|1628371|1628381|1628411|1629027|201571|202696|203082|203458,1628371|1628411|201571|202696|203082,1627752|1627761|1628381|1629027|203458,219.0,155.0,1610612753.0,21801181,True
2,PT04M32.00S,04:32,Q2 04:32,28.53333333333333,297,3pt,MISS Bembry 26' 3PT Jump Shot,[],Bembry,69,33,Missed,True,False,1627761.0,,3pt made,rebound,,,,1627752|1627761|1628371|1628381|1628411|1629027|201571|202696|203082|203458,1627752|1627761|1628381|1629027|203458,1628371|1628411|201571|202696|203082,-187.0,183.0,1610612737.0,21801181,True
2,PT04M27.00S,04:27,Q2 04:27,28.45,298,rebound,Vucevic REBOUND (Off:2 Def:4),[],Vucevic,69,33,,False,False,202696.0,,3pt missed,2pt made,,,,1627752|1627761|1628371|1628381|1628411|1629027|201571|202696|203082|203458,1628371|1628411|201571|202696|203082,1627752|1627761|1628381|1629027|203458,,,1610612753.0,21801181,True
2,PT04M21.00S,04:21,Q2 04:21,28.35,299,2pt,Isaac 2' Running Layup (14 PTS),['pointsinthepaint'],Isaac,71,33,Made,True,False,1628371.0,,rebound,foul,,,,1627752|1627761|1628371|1628381|1628411|1629027|201571|202696|203082|203458,1628371|1628411|201571|202696|203082,1627752|1627761|1628381|1629027|203458,16.0,3.0,1610612753.0,21801181,True
2,PT04M21.00S,04:21,Q2 04:21,28.35,300,foul,Len S.FOUL (P1.T1) (M.Smith),[],Len,71,33,,False,False,203458.0,,2pt made,freethrow,1628371.0,,,1627752|1627761|1628371|1628381|1628411|1629027|201571|202696|203082|203458,1627752|1627761|1628381|1629027|203458,1628371|1628411|201571|202696|203082,,,1610612737.0,21801181,True
2,PT04M21.00S,04:21,Q2 04:21,28.35,306,freethrow,MISS Isaac Free Throw 1 of 1,[],Isaac,71,33,Missed,False,False,1628371.0,,foul,substitution,,,,1627752|1627761|1628371|1628381|1628411|1629027|201571|202696|203082|203458,1628371|1628411|201571|202696|203082,1627752|1627761|1628381|1629027|203458,,,1610612753.0,21801181,True
2,PT04M21.00S,04:21,Q2 04:21,28.35,302,substitution,SUB out: W. Iwundu,[],Iwundu,71,33,,False,False,1628411.0,,freethrow,substitution,,,,1627752|1627761|1628371|1628381|1629027|201571|202696|203082|203458,1628371|201571|202696|203082,1627752|1627761|1628381|1629027|203458,,,1610612753.0,21801181,False
2,PT04M21.00S,04:21,Q2 04:21,28.35,303,substitution,SUB out: D. Bembry,[],Bembry,71,33,,False,False,1627761.0,,substitution,substitution,,,,1627752|1628371|1628381|1629027|201571|202696|203082|203458,1627752|1628381|1629027|203458,1628371|201571|202696|203082,,,1610612737.0,21801181,False
2,PT04M21.00S,04:21,Q2 04:21,28.35,304,substitution,SUB in: E. Fournier,[],Fournier,71,33,,False,False,203095.0,,substitution,substitution,,,,1627752|1628371|1628381|1629027|201571|202696|203082|203095|203458,1628371|201571|202696|203082|203095,1627752|1628381|1629027|203458,,,1610612753.0,21801181,False
2,PT04M21.00S,04:21,Q2 04:21,28.35,305,substitution,SUB in: J. Anderson,[],Anderson,71,33,,False,False,1626147.0,,substitution,rebound,,,,1626147|1627752|1628371|1628381|1629027|201571|202696|203082|203095|203458,1626147|1627752|1628381|1629027|203458,1628371|201571|202696|203082|203095,,,1610612737.0,21801181,True
2,PT04M18.00S,04:18,Q2 04:18,28.3,307,rebound,Collins REBOUND (Off:1 Def:1),[],Collins,71,33,,False,False,1628381.0,,substitution,2pt missed,,,,1626147|1627752|1628371|1628381|1629027|201571|202696|203082|203095|203458,1626147|1627752|1628381|1629027|203458,1628371|201571|202696|203082|203095,,,1610612737.0,21801181,True
2,PT04M10.00S,04:10,Q2 04:10,28.166666666666668,308,2pt,MISS Young 4' Layup,['pointsinthepaint'],Young,71,33,Missed,True,False,1629027.0,,rebound,rebound,,,,1626147|1627752|1628371|1628381|1629027|201571|202696|203082|203095|203458,1626147|1627752|1628381|1629027|203458,1628371|201571|202696|203082|203095,10.0,36.0,1610612737.0,21801181,True
2,PT04M08.00S,04:08,Q2 04:08,28.133333333333333,309,rebound,Young REBOUND (Off:1 Def:1),[],Young,71,33,,False,False,1629027.0,,2pt missed,3pt made,,,,1626147|1627752|1628371|1628381|1629027|201571|202696|203082|203095|203458,1626147|1627752|1628381|1629027|203458,1628371|201571|202696|203082|203095,,,1610612737.0,21801181,True
2,PT04M07.00S,04:07,Q2 04:07,28.116666666666667,310,3pt,Len 24' 3PT Jump Shot (9 PTS) (Young 2 AST),[],Len,71,36,Made,True,True,203458.0,1629027.0,rebound,3pt missed,,,,1626147|1627752|1628371|1628381|1629027|201571|202696|203082|203095|203458,1626147|1627752|1628381|1629027|203458,1628371|201571|202696|203082|203095,-237.0,4.0,1610612737.0,21801181,True
2,PT03M54.00S,03:54,Q2 03:54,27.9,312,3pt,MISS Ross 26' 3PT Jump Shot,[],Ross,71,36,Missed,True,False,203082.0,,3pt made,rebound,,,,1626147|1627752|1628371|1628381|1629027|201571|202696|203082|203095|203458,1628371|201571|202696|203082|203095,1626147|1627752|1628381|1629027|203458,54.0,252.0,1610612753.0,21801181,True
2,PT03M52.00S,03:52,Q2 03:52,27.866666666666667,313,rebound,Prince REBOUND (Off:0 Def:1),[],Prince,71,36,,False,False,1627752.0,,3pt missed,foul,,,,1626147|1627752|1628371|1628381|1629027|201571|202696|203082|203095|203458,1626147|1627752|1628381|1629027|203458,1628371|201571|202696|203082|203095,,,1610612737.0,21801181,True
2,PT03M45.00S,03:45,Q2 03:45,27.75,314,foul,Vucevic S.FOUL (P1.PN) (M.Smith),['inpenalty'],Vucevic,71,36,,False,False,202696.0,,rebound,freethrow,1627752.0,,,1626147|1627752|1628371|1628381|1629027|201571|202696|203082|203095|203458,1628371|201571|202696|203082|203095,1626147|1627752|1628381|1629027|203458,,,1610612753.0,21801181,True
2,PT03M45.00S,03:45,Q2 03:45,27.75,316,freethrow,Prince Free Throw 1 of 2 (5 PTS),[],Prince,71,37,Made,False,False,1627752.0,,foul,freethrow,,,,1626147|1627752|1628371|1628381|1629027|201571|202696|203082|203095|203458,1626147|1627752|1628381|1629027|203458,1628371|201571|202696|203082|203095,,,1610612737.0,21801181,True
2,PT03M45.00S,03:45,Q2 03:45,27.75,317,freethrow,MISS Prince Free Throw 2 of 2,[],Prince,71,37,Missed,False,False,1627752.0,,freethrow,rebound,,,,1626147|1627752|1628371|1628381|1629027|201571|202696|203082|203095|203458,1626147|1627752|1628381|1629027|203458,1628371|201571|202696|203082|203095,,,1610612737.0,21801181,True
2,PT03M41.00S,03:41,Q2 03:41,27.683333333333334,318,rebound,Ross REBOUND (Off:0 Def:1),[],Ross,71,37,,False,False,203082.0,,freethrow,turnover,,,,1626147|1627752|1628371|1628381|1629027|201571|202696|203082|203095|203458,1628371|201571|202696|203082|203095,1626147|1627752|1628381|1629027|203458,,,1610612753.0,21801181,True
2,PT03M34.00S,03:34,Q2 03:34,27.566666666666666,319,turnover,Augustin Bad Pass Turnover (P2.T10),[],Augustin,71,37,,False,False,201571.0,,rebound,steal,,,,1626147|1627752|1628371|1628381|1629027|201571|202696|203082|203095|203458,1628371|201571|202696|203082|203095,1626147|1627752|1628381|1629027|203458,,,1610612753.0,21801181,True
2,PT03M34.00S,03:34,Q2 03:34,27.566666666666666,319,steal,Young STEAL (2 STL),[],Young,71,37,,False,False,1629027.0,,turnover,3pt made,,1629027.0,,1626147|1627752|1628371|1628381|1629027|201571|202696|203082|203095|203458,1626147|1627752|1628381|1629027|203458,1628371|201571|202696|203082|203095,,,1610612737.0,21801181,True
2,PT03M29.00S,03:29,Q2 03:29,27.483333333333334,321,3pt,Prince 26' 3PT Jump Shot (8 PTS) (Young 3 AST),[],Prince,71,40,Made,True,True,1627752.0,1629027.0,steal,3pt missed,,,,1626147|1627752|1628371|1628381|1629027|201571|202696|203082|203095|203458,1626147|1627752|1628381|1629027|203458,1628371|201571|202696|203082|203095,163.0,197.0,1610612737.0,21801181,True
2,PT03M04.00S,03:04,Q2 03:04,27.066666666666666,323,3pt,MISS Isaac 25' 3PT Jump Shot,[],Isaac,71,40,Missed,True,False,1628371.0,,3pt made,rebound,,,,1626147|1627752|1628371|1628381|1629027|201571|202696|203082|203095|203458,1628371|201571|202696|203082|203095,1626147|1627752|1628381|1629027|203458,-25.0,251.0,1610612753.0,21801181,True
2,PT03M04.00S,03:04,Q2 03:04,27.066666666666666,324,rebound,Young REBOUND (Off:1 Def:2),[],Young,71,40,,False,False,1629027.0,,3pt missed,foul,,,,1626147|1627752|1628371|1628381|1629027|201571|202696|203082|203095|203458,1626147|1627752|1628381|1629027|203458,1628371|201571|202696|203082|203095,,,1610612737.0,21801181,True
2,PT02M58.00S,02:58,Q2 02:58,26.96666666666667,325,foul,Isaac S.FOUL (P3.PN) (D.Collins),['inpenalty'],Isaac,71,40,,False,False,1628371.0,,rebound,timeout,1629027.0,,,1626147|1627752|1628371|1628381|1629027|201571|202696|203082|203095|203458,1628371|201571|202696|203082|203095,1626147|1627752|1628381|1629027|203458,,,1610612753.0,21801181,True
2,PT02M58.00S,02:58,Q2 02:58,26.96666666666667,327,timeout,MAGIC Timeout: Regular (Full 1 Short 0),[],,71,40,,False,False,0.0,,foul,freethrow,,,,1626147|1627752|1628371|1628381|1629027|201571|202696|203082|203095|203458,1628371|201571|202696|203082|203095,1626147|1627752|1628381|1629027|203458,,,1610612753.0,21801181,True
2,PT02M58.00S,02:58,Q2 02:58,26.96666666666667,330,freethrow,Young Free Throw 1 of 2 (8 PTS),[],Young,71,41,Made,False,False,1629027.0,,timeout,freethrow,,,,1626147|1627752|1628371|1628381|1629027|201571|202696|203082|203095|203458,1626147|1627752|1628381|1629027|203458,1628371|201571|202696|203082|203095,,,1610612737.0,21801181,True
2,PT02M58.00S,02:58,Q2 02:58,26.96666666666667,331,freethrow,Young Free Throw 2 of 2 (9 PTS),[],Young,71,42,Made,False,False,1629027.0,,freethrow,substitution,,,,1626147|1627752|1628371|1628381|1629027|201571|202696|203082|203095|203458,1626147|1627752|1628381|1629027|203458,1628371|201571|202696|203082|203095,,,1610612737.0,21801181,True
2,PT02M58.00S,02:58,Q2 02:58,26.96666666666667,328,substitution,SUB out: J. Isaac,[],Isaac,71,40,,False,False,1628371.0,,freethrow,substitution,,,,1626147|1627752|1628381|1629027|201571|202696|203082|203095|203458,201571|202696|203082|203095,1626147|1627752|1628381|1629027|203458,,,1610612753.0,21801181,False
2,PT02M58.00S,02:58,Q2 02:58,26.96666666666667,329,substitution,SUB in: J. Martin,[],Martin,71,40,,False,False,1626185.0,,substitution,2pt made,,,,1626147|1626185|1627752|1628381|1629027|201571|202696|203082|203095|203458,1626185|201571|202696|203082|203095,1626147|1627752|1628381|1629027|203458,,,1610612753.0,21801181,True
2,PT02M45.00S,02:45,Q2 02:45,26.75,332,2pt,Fournier 1' Driving Layup (10 PTS),['pointsinthepaint'],Fournier,73,42,Made,True,False,203095.0,,substitution,3pt missed,,,,1626147|1626185|1627752|1628381|1629027|201571|202696|203082|203095|203458,1626185|201571|202696|203082|203095,1626147|1627752|1628381|1629027|203458,11.0,5.0,1610612753.0,21801181,True
2,PT02M24.00S,02:24,Q2 02:24,26.4,333,3pt,MISS Collins 27' 3PT Jump Shot,[],Collins,73,42,Missed,True,False,1628381.0,,2pt made,rebound,,,,1626147|1626185|1627752|1628381|1629027|201571|202696|203082|203095|203458,1626147|1627752|1628381|1629027|203458,1626185|201571|202696|203082|203095,75.0,259.0,1610612737.0,21801181,True
2,PT02M22.00S,02:22,Q2 02:22,26.366666666666667,334,rebound,Vucevic REBOUND (Off:2 Def:5),[],Vucevic,73,42,,False,False,202696.0,,3pt missed,foul,,,,1626147|1626185|1627752|1628381|1629027|201571|202696|203082|203095|203458,1626185|201571|202696|203082|203095,1626147|1627752|1628381|1629027|203458,,,1610612753.0,21801181,True
2,PT02M18.00S,02:18,Q2 02:18,26.3,335,foul,Anderson S.FOUL (P2.T2) (M.Smith),[],Anderson,73,42,,False,False,1626147.0,,rebound,freethrow,203082.0,,,1626147|1626185|1627752|1628381|1629027|201571|202696|203082|203095|203458,1626147|1627752|1628381|1629027|203458,1626185|201571|202696|203082|203095,,,1610612737.0,21801181,True
2,PT02M18.00S,02:18,Q2 02:18,26.3,337,freethrow,Ross Free Throw 1 of 3 (15 PTS),[],Ross,74,42,Made,False,False,203082.0,,foul,freethrow,,,,1626147|1626185|1627752|1628381|1629027|201571|202696|203082|203095|203458,1626185|201571|202696|203082|203095,1626147|1627752|1628381|1629027|203458,,,1610612753.0,21801181,True
2,PT02M18.00S,02:18,Q2 02:18,26.3,338,freethrow,Ross Free Throw 2 of 3 (16 PTS),[],Ross,75,42,Made,False,False,203082.0,,freethrow,freethrow,,,,1626147|1626185|1627752|1628381|1629027|201571|202696|203082|203095|203458,1626185|201571|202696|203082|203095,1626147|1627752|1628381|1629027|203458,,,1610612753.0,21801181,True
2,PT02M18.00S,02:18,Q2 02:18,26.3,343,freethrow,Ross Free Throw 3 of 3 (17 PTS),[],Ross,76,42,Made,False,False,203082.0,,freethrow,substitution,,,,1626147|1626185|1627752|1628381|1629027|201571|202696|203082|203095|203458,1626185|201571|202696|203082|203095,1626147|1627752|1628381|1629027|203458,,,1610612753.0,21801181,True
2,PT02M18.00S,02:18,Q2 02:18,26.3,339,substitution,SUB out: T. Prince,[],Prince,75,42,,False,False,1627752.0,,freethrow,substitution,,,,1626147|1626185|1628381|1629027|201571|202696|203082|203095|203458,1626147|1628381|1629027|203458,1626185|201571|202696|203082|203095,,,1610612737.0,21801181,False
2,PT02M18.00S,02:18,Q2 02:18,26.3,340,substitution,SUB out: A. Len,[],Len,75,42,,False,False,203458.0,,substitution,substitution,,,,1626147|1626185|1628381|1629027|201571|202696|203082|203095,1626147|1628381|1629027,1626185|201571|202696|203082|203095,,,1610612737.0,21801181,False
2,PT02M18.00S,02:18,Q2 02:18,26.3,341,substitution,SUB in: D. Davis,[],Davis,75,42,,False,False,1627738.0,,substitution,substitution,,,,1626147|1626185|1627738|1628381|1629027|201571|202696|203082|203095,1626147|1627738|1628381|1629027,1626185|201571|202696|203082|203095,,,1610612737.0,21801181,False
2,PT02M18.00S,02:18,Q2 02:18,26.3,342,substitution,SUB in: D. Bembry,[],Bembry,75,42,,False,False,1627761.0,,substitution,3pt missed,,,,1626147|1626185|1627738|1627761|1628381|1629027|201571|202696|203082|203095,1626147|1627738|1627761|1628381|1629027,1626185|201571|202696|203082|203095,,,1610612737.0,21801181,True
2,PT02M07.00S,02:07,Q2 02:07,26.116666666666667,344,3pt,MISS Anderson 26' 3PT Jump Shot,[],Anderson,76,42,Missed,True,False,1626147.0,,substitution,rebound,,,,1626147|1626185|1627738|1627761|1628381|1629027|201571|202696|203082|203095,1626147|1627738|1627761|1628381|1629027,1626185|201571|202696|203082|203095,210.0,146.0,1610612737.0,21801181,True
2,PT02M05.00S,02:05,Q2 02:05,26.083333333333332,345,rebound,Martin REBOUND (Off:0 Def:1),[],Martin,76,42,,False,False,1626185.0,,3pt missed,2pt missed,,,,1626147|1626185|1627738|1627761|1628381|1629027|201571|202696|203082|203095,1626185|201571|202696|203082|203095,1626147|1627738|1627761|1628381|1629027,,,1610612753.0,21801181,True
2,PT01M51.00S,01:51,Q2 01:51,25.85,346,2pt,MISS Fournier 4' Driving Layup,['pointsinthepaint'],Fournier,76,42,Missed,True,False,203095.0,,rebound,rebound,,,,1626147|1626185|1627738|1627761|1628381|1629027|201571|202696|203082|203095,1626185|201571|202696|203082|203095,1626147|1627738|1627761|1628381|1629027,-18.0,40.0,1610612753.0,21801181,True
2,PT01M49.00S,01:49,Q2 01:49,25.816666666666666,347,rebound,Young REBOUND (Off:1 Def:3),[],Young,76,42,,False,False,1629027.0,,2pt missed,foul,,,,1626147|1626185|1627738|1627761|1628381|1629027|201571|202696|203082|203095,1626147|1627738|1627761|1628381|1629027,1626185|201571|202696|203082|203095,,,1610612737.0,21801181,True
2,PT01M44.00S,01:44,Q2 01:44,25.733333333333334,348,foul,Martin P.FOUL (P1.PN) (J.Phillips),['inpenalty'],Martin,76,42,,False,False,1626185.0,,rebound,freethrow,1629027.0,,,1626147|1626185|1627738|1627761|1628381|1629027|201571|202696|203082|203095,1626185|201571|202696|203082|203095,1626147|1627738|1627761|1628381|1629027,,,1610612753.0,21801181,True
2,PT01M44.00S,01:44,Q2 01:44,25.733333333333334,350,freethrow,MISS Young Free Throw 1 of 2,[],Young,76,42,Missed,False,False,1629027.0,,foul,rebound,,,,1626147|1626185|1627738|1627761|1628381|1629027|201571|202696|203082|203095,1626147|1627738|1627761|1628381|1629027,1626185|201571|202696|203082|203095,,,1610612737.0,21801181,True
2,PT01M44.00S,01:44,Q2 01:44,25.733333333333334,351,rebound,TEAM offensive REBOUND,['team'],,76,42,,False,False,0.0,,freethrow,freethrow,,,,1626147|1626185|1627738|1627761|1628381|1629027|201571|202696|203082|203095,1626147|1627738|1627761|1628381|1629027,1626185|201571|202696|203082|203095,,,1610612737.0,21801181,True
2,PT01M44.00S,01:44,Q2 01:44,25.733333333333334,352,freethrow,Young Free Throw 2 of 2 (10 PTS),['2ndchance'],Young,76,43,Made,False,False,1629027.0,,rebound,2pt made,,,,1626147|1626185|1627738|1627761|1628381|1629027|201571|202696|203082|203095,1626147|1627738|1627761|1628381|1629027,1626185|201571|202696|203082|203095,,,1610612737.0,21801181,True
2,PT01M31.00S,01:31,Q2 01:31,25.516666666666666,353,2pt,Fournier 2' Driving Layup (12 PTS),['pointsinthepaint'],Fournier,78,43,Made,True,False,203095.0,,freethrow,foul,,,,1626147|1626185|1627738|1627761|1628381|1629027|201571|202696|203082|203095,1626185|201571|202696|203082|203095,1626147|1627738|1627761|1628381|1629027,-22.0,11.0,1610612753.0,21801181,True
2,PT01M31.00S,01:31,Q2 01:31,25.516666666666666,354,foul,Collins S.FOUL (P2.T3) (J.Phillips),[],Collins,78,43,,False,False,1628381.0,,2pt made,freethrow,203095.0,,,1626147|1626185|1627738|1627761|1628381|1629027|201571|202696|203082|203095,1626147|1627738|1627761|1628381|1629027,1626185|201571|202696|203082|203095,,,1610612737.0,21801181,True
2,PT01M31.00S,01:31,Q2 01:31,25.516666666666666,356,freethrow,MISS Fournier Free Throw 1 of 1,[],Fournier,78,43,Missed,False,False,203095.0,,foul,rebound,,,,1626147|1626185|1627738|1627761|1628381|1629027|201571|202696|203082|203095,1626185|201571|202696|203082|203095,1626147|1627738|1627761|1628381|1629027,,,1610612753.0,21801181,True
2,PT01M27.00S,01:27,Q2 01:27,25.45,357,rebound,Davis REBOUND (Off:0 Def:3),[],Davis,78,43,,False,False,1627738.0,,freethrow,foul,,,,1626147|1626185|1627738|1627761|1628381|1629027|201571|202696|203082|203095,1626147|1627738|1627761|1628381|1629027,1626185|201571|202696|203082|203095,,,1610612737.0,21801181,True
2,PT01M12.00S,01:12,Q2 01:12,25.2,358,foul,Fournier P.FOUL (P1.PN) (J.Phillips),['inpenalty'],Fournier,78,43,,False,False,203095.0,,rebound,freethrow,1627761.0,,,1626147|1626185|1627738|1627761|1628381|1629027|201571|202696|203082|203095,1626185|201571|202696|203082|203095,1626147|1627738|1627761|1628381|1629027,,,1610612753.0,21801181,True
2,PT01M12.00S,01:12,Q2 01:12,25.2,360,freethrow,Bembry Free Throw 1 of 2 (7 PTS),[],Bembry,78,44,Made,False,False,1627761.0,,foul,freethrow,,,,1626147|1626185|1627738|1627761|1628381|1629027|201571|202696|203082|203095,1626147|1627738|1627761|1628381|1629027,1626185|201571|202696|203082|203095,,,1610612737.0,21801181,True
2,PT01M12.00S,01:12,Q2 01:12,25.2,362,freethrow,MISS Bembry Free Throw 2 of 2,[],Bembry,78,44,Missed,False,False,1627761.0,,freethrow,rebound,,,,1626147|1626185|1627738|1627761|1628381|1629027|201571|202696|203082|203095,1626147|1627738|1627761|1628381|1629027,1626185|201571|202696|203082|203095,,,1610612737.0,21801181,True
2,PT01M10.00S,01:10,Q2 01:10,25.166666666666668,363,rebound,Vucevic REBOUND (Off:2 Def:6),[],Vucevic,78,44,,False,False,202696.0,,freethrow,foul,,,,1626147|1626185|1627738|1627761|1628381|1629027|201571|202696|203082|203095,1626185|201571|202696|203082|203095,1626147|1627738|1627761|1628381|1629027,,,1610612753.0,21801181,True
2,PT01M01.00S,01:01,Q2 01:01,25.016666666666666,364,foul,Fournier Offensive Charge Foul (P2.PN) (M.Smith),[],Fournier,78,44,,False,False,203095.0,,rebound,turnover,1628381.0,,,1626147|1626185|1627738|1627761|1628381|1629027|201571|202696|203082|203095,1626185|201571|202696|203082|203095,1626147|1627738|1627761|1628381|1629027,,,1610612753.0,21801181,True
2,PT01M01.00S,01:01,Q2 01:01,25.016666666666666,366,turnover,Fournier Offensive Foul Turnover (P1.T11),[],Fournier,78,44,,False,False,203095.0,,foul,substitution,,,,1626147|1626185|1627738|1627761|1628381|1629027|201571|202696|203082|203095,1626185|201571|202696|203082|203095,1626147|1627738|1627761|1628381|1629027,,,1610612753.0,21801181,True
2,PT01M01.00S,01:01,Q2 01:01,25.016666666666666,367,substitution,SUB out: E. Fournier,[],Fournier,78,44,,False,False,203095.0,,turnover,substitution,,,,1626147|1626185|1627738|1627761|1628381|1629027|201571|202696|203082,1626185|201571|202696|203082,1626147|1627738|1627761|1628381|1629027,,,1610612753.0,21801181,False
2,PT01M01.00S,01:01,Q2 01:01,25.016666666666666,368,substitution,SUB in: W. Iwundu,[],Iwundu,78,44,,False,False,1628411.0,,substitution,foul,,,,1626147|1626185|1627738|1627761|1628381|1628411|1629027|201571|202696|203082,1626185|1628411|201571|202696|203082,1626147|1627738|1627761|1628381|1629027,,,1610612753.0,21801181,True
2,PT00M42.20S,00:42,Q2 00:42,24.703333333333333,369,foul,Martin S.FOUL (P2.PN) (M.Smith),['inpenalty'],Martin,78,44,,False,False,1626185.0,,substitution,freethrow,1628381.0,,,1626147|1626185|1627738|1627761|1628381|1628411|1629027|201571|202696|203082,1626185|1628411|201571|202696|203082,1626147|1627738|1627761|1628381|1629027,,,1610612753.0,21801181,True
2,PT00M42.20S,00:42,Q2 00:42,24.703333333333333,371,freethrow,Collins Free Throw 1 of 2 (3 PTS),[],Collins,78,45,Made,False,False,1628381.0,,foul,freethrow,,,,1626147|1626185|1627738|1627761|1628381|1628411|1629027|201571|202696|203082,1626147|1627738|1627761|1628381|1629027,1626185|1628411|201571|202696|203082,,,1610612737.0,21801181,True
2,PT00M42.20S,00:42,Q2 00:42,24.703333333333333,372,freethrow,Collins Free Throw 2 of 2 (4 PTS),[],Collins,78,46,Made,False,False,1628381.0,,freethrow,2pt made,,,,1626147|1626185|1627738|1627761|1628381|1628411|1629027|201571|202696|203082,1626147|1627738|1627761|1628381|1629027,1626185|1628411|201571|202696|203082,,,1610612737.0,21801181,True
2,PT00M32.50S,00:32,Q2 00:32,24.541666666666668,373,2pt,Martin 2' Dunk (2 PTS) (Vucevic 2 AST),['pointsinthepaint'],Martin,80,46,Made,True,True,1626185.0,202696.0,freethrow,2pt made,,,,1626147|1626185|1627738|1627761|1628381|1628411|1629027|201571|202696|203082,1626185|1628411|201571|202696|203082,1626147|1627738|1627761|1628381|1629027,7.0,14.0,1610612753.0,21801181,True
2,PT00M29.00S,00:29,Q2 00:29,24.483333333333334,375,2pt,Collins 2' Alley Oop Dunk (6 PTS) (Young 4 AST),['pointsinthepaint'],Collins,80,48,Made,True,True,1628381.0,1629027.0,2pt made,3pt missed,,,,1626147|1626185|1627738|1627761|1628381|1628411|1629027|201571|202696|203082,1626147|1627738|1627761|1628381|1629027,1626185|1628411|201571|202696|203082,10.0,16.0,1610612737.0,21801181,True
2,PT00M07.20S,00:07,Q2 00:07,24.12,377,3pt,MISS Ross 28' 3PT Jump Shot,[],Ross,80,48,Missed,True,False,203082.0,,2pt made,rebound,,,,1626147|1626185|1627738|1627761|1628381|1628411|1629027|201571|202696|203082,1626185|1628411|201571|202696|203082,1626147|1627738|1627761|1628381|1629027,79.0,271.0,1610612753.0,21801181,True
2,PT00M07.20S,00:07,Q2 00:07,24.12,378,rebound,TEAM offensive REBOUND,['team'],,80,48,,False,False,0.0,,3pt missed,foul,,,,1626147|1626185|1627738|1627761|1628381|1628411|1629027|201571|202696|203082,1626185|1628411|201571|202696|203082,1626147|1627738|1627761|1628381|1629027,,,1610612753.0,21801181,True
2,PT00M04.80S,00:04,Q2 00:04,24.08,379,foul,Davis P.FOUL (P1.PN) (M.Smith),['inpenalty'],Davis,80,48,,False,False,1627738.0,,rebound,freethrow,202696.0,,,1626147|1626185|1627738|1627761|1628381|1628411|1629027|201571|202696|203082,1626147|1627738|1627761|1628381|1629027,1626185|1628411|201571|202696|203082,,,1610612737.0,21801181,True
2,PT00M04.80S,00:04,Q2 00:04,24.08,381,freethrow,MISS Vucevic Free Throw 1 of 2,[],Vucevic,80,48,Missed,False,False,202696.0,,foul,rebound,,,,1626147|1626185|1627738|1627761|1628381|1628411|1629027|201571|202696|203082,1626185|1628411|201571|202696|203082,1626147|1627738|1627761|1628381|1629027,,,1610612753.0,21801181,True
2,PT00M04.80S,00:04,Q2 00:04,24.08,382,rebound,TEAM offensive REBOUND,['team'],,80,48,,False,False,0.0,,freethrow,freethrow,,,,1626147|1626185|1627738|1627761|1628381|1628411|1629027|201571|202696|203082,1626185|1628411|201571|202696|203082,1626147|1627738|1627761|1628381|1629027,,,1610612753.0,21801181,True
2,PT00M04.80S,00:04,Q2 00:04,24.08,383,freethrow,Vucevic Free Throw 2 of 2 (17 PTS),['2ndchance'],Vucevic,81,48,Made,False,False,202696.0,,rebound,turnover,,,,1626147|1626185|1627738|1627761|1628381|1628411|1629027|201571|202696|203082,1626185|1628411|201571|202696|203082,1626147|1627738|1627761|1628381|1629027,,,1610612753.0,21801181,True
2,PT00M04.80S,00:04,Q2 00:04,24.08,384,turnover,Collins Out of Bounds - Bad Pass Turnover Turnover (P3.T6),[],Collins,81,48,,False,False,1628381.0,,freethrow,turnover,,,,1626147|1626185|1627738|1627761|1628381|1628411|1629027|201571|202696|203082,1626147|1627738|1627761|1628381|1629027,1626185|1628411|201571|202696|203082,,,1610612737.0,21801181,True
2,PT00M04.40S,00:04,Q2 00:04,24.073333333333334,386,turnover,Augustin Bad Pass Turnover (P3.T12),[],Augustin,81,48,,False,False,201571.0,,turnover,steal,,,,1626147|1626185|1627738|1627761|1628381|1628411|1629027|201571|202696|203082,1626185|1628411|201571|202696|203082,1626147|1627738|1627761|1628381|1629027,,,1610612753.0,21801181,True
2,PT00M04.40S,00:04,Q2 00:04,24.073333333333334,386,steal,Bembry STEAL (3 STL),[],Bembry,81,48,,False,False,1627761.0,,turnover,2pt missed,,1627761.0,,1626147|1626185|1627738|1627761|1628381|1628411|1629027|201571|202696|203082,1626147|1627738|1627761|1628381|1629027,1626185|1628411|201571|202696|203082,,,1610612737.0,21801181,True
2,PT00M00.70S,00:00,Q2 00:00,24.011666666666667,388,2pt,MISS Young 12' Running Jump Shot,[],Young,81,48,Missed,True,False,1629027.0,,steal,rebound,,,,1626147|1626185|1627738|1627761|1628381|1628411|1629027|201571|202696|203082,1626147|1627738|1627761|1628381|1629027,1626185|1628411|201571|202696|203082,-110.0,59.0,1610612737.0,21801181,True
2,PT00M00.70S,00:00,Q2 00:00,24.011666666666667,389,rebound,TEAM offensive REBOUND,['team'],,81,48,,False,False,0.0,,2pt missed,period,,,,1626147|1626185|1627738|1627761|1628381|1628411|1629027|201571|202696|203082,1626147|1627738|1627761|1628381|1629027,1626185|1628411|201571|202696|203082,,,1610612737.0,21801181,True
2,PT00M00.00S,00:00,Q2 00:00,24.0,390,period,End of 2nd Period (8:12 PM EST),[],,81,48,,False,False,0.0,,rebound,period,,,,1626147|1626185|1627738|1627761|1628381|1628411|1629027|201571|202696|203082,1626185|1628411|201571|202696|203082,1626147|1627738|1627761|1628381|1629027,,,1610612753.0,21801181,True
3,PT12M00.00S,12:00,Q3 12:00,24.0,401,period,Start of 3rd Period (8:28 PM EST),[],,81,48,,False,False,0.0,,period,substitution,,,,1626147|1626185|1627738|1627761|1628381|1628411|1629027|201571|202696|203082,1626185|1628411|201571|202696|203082,1626147|1627738|1627761|1628381|1629027,,,1610612753.0,21801181,True
3,PT11M51.00S,11:51,Q3 11:51,23.85,402,3pt,MISS Len 26' 3PT Jump Shot,[],Len,81,48,Missed,True,False,203458.0,,substitution,rebound,,,,1626147|1627752|1628371|1628381|1629027|201571|202696|203095|203458|203932,1626147|1627752|1628381|1629027|203458,1628371|201571|202696|203095|203932,43.0,253.0,1610612737.0,21801181,True
3,PT11M47.00S,11:47,Q3 11:47,23.78333333333333,403,rebound,Isaac REBOUND (Off:0 Def:4),[],Isaac,81,48,,False,False,1628371.0,,3pt missed,turnover,,,,1626147|1627752|1628371|1628381|1629027|201571|202696|203095|203458|203932,1628371|201571|202696|203095|203932,1626147|1627752|1628381|1629027|203458,,,1610612753.0,21801181,True
3,PT11M32.00S,11:32,Q3 11:32,23.53333333333333,404,turnover,Gordon Bad Pass Turnover (P3.T13),[],Gordon,81,48,,False,False,203932.0,,rebound,steal,,,,1626147|1627752|1628371|1628381|1629027|201571|202696|203095|203458|203932,1628371|201571|202696|203095|203932,1626147|1627752|1628381|1629027|203458,,,1610612753.0,21801181,True
3,PT11M32.00S,11:32,Q3 11:32,23.53333333333333,404,steal,Young STEAL (3 STL),[],Young,81,48,,False,False,1629027.0,,turnover,2pt made,,1629027.0,,1626147|1627752|1628371|1628381|1629027|201571|202696|203095|203458|203932,1626147|1627752|1628381|1629027|203458,1628371|201571|202696|203095|203932,,,1610612737.0,21801181,True
3,PT11M23.00S,11:23,Q3 11:23,23.383333333333333,406,2pt,Young 2' Layup (12 PTS),['pointsinthepaint'],Young,81,50,Made,True,False,1629027.0,,steal,foul,,,,1626147|1627752|1628371|1628381|1629027|201571|202696|203095|203458|203932,1626147|1627752|1628381|1629027|203458,1628371|201571|202696|203095|203932,-18.0,8.0,1610612737.0,21801181,True
3,PT11M08.00S,11:08,Q3 11:08,23.133333333333333,407,foul,Collins P.FOUL (P3.T1) (D.Collins),[],Collins,81,50,,False,False,1628381.0,,2pt made,2pt made,203932.0,,,1626147|1627752|1628371|1628381|1629027|201571|202696|203095|203458|203932,1626147|1627752|1628381|1629027|203458,1628371|201571|202696|203095|203932,,,1610612737.0,21801181,True
3,PT11M02.00S,11:02,Q3 11:02,23.03333333333333,409,2pt,Gordon 6' Turnaround Hook Shot (7 PTS) (Isaac 2 AST),['pointsinthepaint'],Gordon,83,50,Made,True,True,203932.0,1628371.0,foul,3pt missed,,,,1626147|1627752|1628371|1628381|1629027|201571|202696|203095|203458|203932,1628371|201571|202696|203095|203932,1626147|1627752|1628381|1629027|203458,-27.0,54.0,1610612753.0,21801181,True
3,PT10M35.00S,10:35,Q3 10:35,22.583333333333336,411,3pt,MISS Len 25' 3PT Jump Shot,[],Len,83,50,Missed,True,False,203458.0,,2pt made,rebound,,,,1626147|1627752|1628371|1628381|1629027|201571|202696|203095|203458|203932,1626147|1627752|1628381|1629027|203458,1628371|201571|202696|203095|203932,219.0,110.0,1610612737.0,21801181,True
3,PT10M32.00S,10:32,Q3 10:32,22.53333333333333,412,rebound,Gordon REBOUND (Off:0 Def:6),[],Gordon,83,50,,False,False,203932.0,,3pt missed,2pt made,,,,1626147|1627752|1628371|1628381|1629027|201571|202696|203095|203458|203932,1628371|201571|202696|203095|203932,1626147|1627752|1628381|1629027|203458,,,1610612753.0,21801181,True
3,PT10M24.00S,10:24,Q3 10:24,22.4,413,2pt,Fournier 4' Driving Floating Bank Jump Shot (14 PTS) (Vucevic 3 AST),['pointsinthepaint'],Fournier,85,50,Made,True,True,203095.0,202696.0,rebound,2pt made,,,,1626147|1627752|1628371|1628381|1629027|201571|202696|203095|203458|203932,1628371|201571|202696|203095|203932,1626147|1627752|1628381|1629027|203458,-32.0,23.0,1610612753.0,21801181,True
3,PT10M14.00S,10:14,Q3 10:14,22.233333333333334,415,2pt,Young 14' Driving Floating Jump Shot (14 PTS),['pointsinthepaint'],Young,85,52,Made,True,False,1629027.0,,2pt made,3pt missed,,,,1626147|1627752|1628371|1628381|1629027|201571|202696|203095|203458|203932,1626147|1627752|1628381|1629027|203458,1628371|201571|202696|203095|203932,77.0,113.0,1610612737.0,21801181,True
3,PT10M01.00S,10:01,Q3 10:01,22.016666666666666,416,3pt,MISS Isaac 24' 3PT Jump Shot,[],Isaac,85,52,Missed,True,False,1628371.0,,2pt made,rebound,,,,1626147|1627752|1628371|1628381|1629027|201571|202696|203095|203458|203932,1628371|201571|202696|203095|203932,1626147|1627752|1628381|1629027|203458,237.0,20.0,1610612753.0,21801181,True
3,PT09M59.00S,09:59,Q3 09:59,21.983333333333334,417,rebound,Len REBOUND (Off:2 Def:2),[],Len,85,52,,False,False,203458.0,,3pt missed,foul,,,,1626147|1627752|1628371|1628381|1629027|201571|202696|203095|203458|203932,1626147|1627752|1628381|1629027|203458,1628371|201571|202696|203095|203932,,,1610612737.0,21801181,True
3,PT09M55.00S,09:55,Q3 09:55,21.916666666666664,418,foul,Isaac P.FOUL (P4.T1) (D.Collins),[],Isaac,85,52,,False,False,1628371.0,,rebound,2pt made,1629027.0,,,1626147|1627752|1628371|1628381|1629027|201571|202696|203095|203458|203932,1628371|201571|202696|203095|203932,1626147|1627752|1628381|1629027|203458,,,1610612753.0,21801181,True
3,PT09M49.00S,09:49,Q3 09:49,21.816666666666666,420,2pt,Young 14' Driving Floating Jump Shot (16 PTS) (Len 1 AST),[],Young,85,54,Made,True,True,1629027.0,203458.0,foul,2pt missed,,,,1626147|1627752|1628371|1628381|1629027|201571|202696|203095|203458|203932,1626147|1627752|1628381|1629027|203458,1628371|201571|202696|203095|203932,-16.0,140.0,1610612737.0,21801181,True
3,PT09M30.00S,09:30,Q3 09:30,21.5,422,2pt,MISS Gordon 2' Cutting Layup Shot,['pointsinthepaint'],Gordon,85,54,Missed,True,False,203932.0,,2pt made,rebound,,,,1626147|1627752|1628371|1628381|1629027|201571|202696|203095|203458|203932,1628371|201571|202696|203095|203932,1626147|1627752|1628381|1629027|203458,16.0,18.0,1610612753.0,21801181,True
3,PT09M28.00S,09:28,Q3 09:28,21.46666666666667,423,rebound,Anderson REBOUND (Off:0 Def:1),[],Anderson,85,54,,False,False,1626147.0,,2pt missed,2pt made,,,,1626147|1627752|1628371|1628381|1629027|201571|202696|203095|203458|203932,1626147|1627752|1628381|1629027|203458,1628371|201571|202696|203095|203932,,,1610612737.0,21801181,True
3,PT09M16.00S,09:16,Q3 09:16,21.266666666666666,424,2pt,Collins 1' Layup (8 PTS) (Young 5 AST),['pointsinthepaint'],Collins,85,56,Made,True,True,1628381.0,1629027.0,rebound,timeout,,,,1626147|1627752|1628371|1628381|1629027|201571|202696|203095|203458|203932,1626147|1627752|1628381|1629027|203458,1628371|201571|202696|203095|203932,9.0,-1.0,1610612737.0,21801181,True
3,PT09M15.00S,09:15,Q3 09:15,21.25,426,timeout,MAGIC Timeout: Regular (Full 2 Short 0),[],,85,56,,False,False,0.0,,2pt made,2pt missed,,,,1626147|1627752|1628371|1628381|1629027|201571|202696|203095|203458|203932,1628371|201571|202696|203095|203932,1626147|1627752|1628381|1629027|203458,,,1610612753.0,21801181,True
3,PT09M05.00S,09:05,Q3 09:05,21.083333333333336,427,2pt,MISS Augustin 7' Driving Floating Jump Shot,['pointsinthepaint'],Augustin,85,56,Missed,True,False,201571.0,,timeout,rebound,,,,1626147|1627752|1628371|1628381|1629027|201571|202696|203095|203458|203932,1628371|201571|202696|203095|203932,1626147|1627752|1628381|1629027|203458,38.0,62.0,1610612753.0,21801181,True
3,PT09M03.00S,09:03,Q3 09:03,21.05,428,rebound,Vucevic REBOUND (Off:3 Def:6),[],Vucevic,85,56,,False,False,202696.0,,2pt missed,foul,,,,1626147|1627752|1628371|1628381|1629027|201571|202696|203095|203458|203932,1628371|201571|202696|203095|203932,1626147|1627752|1628381|1629027|203458,,,1610612753.0,21801181,True
3,PT09M03.00S,09:03,Q3 09:03,21.05,429,foul,Len S.FOUL (P2.T2) (D.Collins),[],Len,85,56,,False,False,203458.0,,rebound,freethrow,202696.0,,,1626147|1627752|1628371|1628381|1629027|201571|202696|203095|203458|203932,1626147|1627752|1628381|1629027|203458,1628371|201571|202696|203095|203932,,,1610612737.0,21801181,True
3,PT09M03.00S,09:03,Q3 09:03,21.05,431,freethrow,Vucevic Free Throw 1 of 2 (18 PTS),[],Vucevic,86,56,Made,False,False,202696.0,,foul,freethrow,,,,1626147|1627752|1628371|1628381|1629027|201571|202696|203095|203458|203932,1628371|201571|202696|203095|203932,1626147|1627752|1628381|1629027|203458,,,1610612753.0,21801181,True
3,PT09M03.00S,09:03,Q3 09:03,21.05,432,freethrow,Vucevic Free Throw 2 of 2 (19 PTS),[],Vucevic,87,56,Made,False,False,202696.0,,freethrow,turnover,,,,1626147|1627752|1628371|1628381|1629027|201571|202696|203095|203458|203932,1628371|201571|202696|203095|203932,1626147|1627752|1628381|1629027|203458,,,1610612753.0,21801181,True
3,PT08M56.00S,08:56,Q3 08:56,20.933333333333334,433,turnover,Collins Lost Ball Turnover (P4.T7),[],Collins,87,56,,False,False,1628381.0,,freethrow,steal,,,,1626147|1627752|1628371|1628381|1629027|201571|202696|203095|203458|203932,1626147|1627752|1628381|1629027|203458,1628371|201571|202696|203095|203932,,,1610612737.0,21801181,True
3,PT08M56.00S,08:56,Q3 08:56,20.933333333333334,433,steal,Gordon STEAL (1 STL),[],Gordon,87,56,,False,False,203932.0,,turnover,foul,,203932.0,,1626147|1627752|1628371|1628381|1629027|201571|202696|203095|203458|203932,1628371|201571|202696|203095|203932,1626147|1627752|1628381|1629027|203458,,,1610612753.0,21801181,True
3,PT08M55.00S,08:55,Q3 08:55,20.916666666666664,435,foul,Collins Personal Take Foul (P4.T3) (D.Collins),[],Collins,87,56,,False,False,1628381.0,,steal,2pt made,202696.0,,,1626147|1627752|1628371|1628381|1629027|201571|202696|203095|203458|203932,1626147|1627752|1628381|1629027|203458,1628371|201571|202696|203095|203932,,,1610612737.0,21801181,True
3,PT08M46.00S,08:46,Q3 08:46,20.766666666666666,437,2pt,Vucevic 2' Cutting Dunk Shot (21 PTS) (Fournier 1 AST),['pointsinthepaint'],Vucevic,89,56,Made,True,True,202696.0,203095.0,foul,2pt made,,,,1626147|1627752|1628371|1628381|1629027|201571|202696|203095|203458|203932,1628371|201571|202696|203095|203932,1626147|1627752|1628381|1629027|203458,-7.0,20.0,1610612753.0,21801181,True
3,PT08M32.00S,08:32,Q3 08:32,20.53333333333333,439,2pt,Young 13' Driving Floating Jump Shot (18 PTS) (Len 2 AST),['pointsinthepaint'],Young,89,58,Made,True,True,1629027.0,203458.0,2pt made,3pt missed,,,,1626147|1627752|1628371|1628381|1629027|201571|202696|203095|203458|203932,1626147|1627752|1628381|1629027|203458,1628371|201571|202696|203095|203932,44.0,121.0,1610612737.0,21801181,True
3,PT08M23.00S,08:23,Q3 08:23,20.383333333333333,441,3pt,MISS Vucevic 27' 3PT Jump Shot,[],Vucevic,89,58,Missed,True,False,202696.0,,2pt made,rebound,,,,1626147|1627752|1628371|1628381|1629027|201571|202696|203095|203458|203932,1628371|201571|202696|203095|203932,1626147|1627752|1628381|1629027|203458,-12.0,267.0,1610612753.0,21801181,True
3,PT08M19.00S,08:19,Q3 08:19,20.316666666666666,442,rebound,Isaac REBOUND (Off:1 Def:4),[],Isaac,89,58,,False,False,1628371.0,,3pt missed,foul,,,,1626147|1627752|1628371|1628381|1629027|201571|202696|203095|203458|203932,1628371|201571|202696|203095|203932,1626147|1627752|1628381|1629027|203458,,,1610612753.0,21801181,True
3,PT08M19.00S,08:19,Q3 08:19,20.316666666666666,443,foul,Anderson P.FOUL (P3.T4) (M.Smith),[],Anderson,89,58,,False,False,1626147.0,,rebound,2pt made,203095.0,,,1626147|1627752|1628371|1628381|1629027|201571|202696|203095|203458|203932,1626147|1627752|1628381|1629027|203458,1628371|201571|202696|203095|203932,,,1610612737.0,21801181,True
3,PT08M14.00S,08:14,Q3 08:14,20.233333333333334,445,2pt,Fournier 8' Driving Floating Jump Shot (16 PTS),['pointsinthepaint'],Fournier,91,58,Made,True,False,203095.0,,foul,3pt missed,,,,1626147|1627752|1628371|1628381|1629027|201571|202696|203095|203458|203932,1628371|201571|202696|203095|203932,1626147|1627752|1628381|1629027|203458,53.0,59.0,1610612753.0,21801181,True
3,PT08M03.00S,08:03,Q3 08:03,20.05,446,3pt,MISS Young 26' 3PT Pullup Jump Shot,[],Young,91,58,Missed,True,False,1629027.0,,2pt made,rebound,,,,1626147|1627752|1628371|1628381|1629027|201571|202696|203095|203458|203932,1626147|1627752|1628381|1629027|203458,1628371|201571|202696|203095|203932,-101.0,240.0,1610612737.0,21801181,True
3,PT08M01.00S,08:01,Q3 08:01,20.016666666666666,447,rebound,Gordon REBOUND (Off:0 Def:7),[],Gordon,91,58,,False,False,203932.0,,3pt missed,turnover,,,,1626147|1627752|1628371|1628381|1629027|201571|202696|203095|203458|203932,1628371|201571|202696|203095|203932,1626147|1627752|1628381|1629027|203458,,,1610612753.0,21801181,True
3,PT07M54.00S,07:54,Q3 07:54,19.9,448,turnover,Gordon Bad Pass Turnover (P4.T14),[],Gordon,91,58,,False,False,203932.0,,rebound,steal,,,,1626147|1627752|1628371|1628381|1629027|201571|202696|203095|203458|203932,1628371|201571|202696|203095|203932,1626147|1627752|1628381|1629027|203458,,,1610612753.0,21801181,True
3,PT07M54.00S,07:54,Q3 07:54,19.9,448,steal,Len STEAL (1 STL),[],Len,91,58,,False,False,203458.0,,turnover,2pt made,,203458.0,,1626147|1627752|1628371|1628381|1629027|201571|202696|203095|203458|203932,1626147|1627752|1628381|1629027|203458,1628371|201571|202696|203095|203932,,,1610612737.0,21801181,True
3,PT07M49.00S,07:49,Q3 07:49,19.816666666666666,450,2pt,Collins 4' Driving Floating Jump Shot (10 PTS),['pointsinthepaint'],Collins,91,60,Made,True,False,1628381.0,,steal,2pt made,,,,1626147|1627752|1628371|1628381|1629027|201571|202696|203095|203458|203932,1626147|1627752|1628381|1629027|203458,1628371|201571|202696|203095|203932,5.0,36.0,1610612737.0,21801181,True
3,PT07M38.00S,07:38,Q3 07:38,19.633333333333333,451,2pt,Fournier 21' Jump Shot (18 PTS) (Augustin 5 AST),[],Fournier,93,60,Made,True,True,203095.0,201571.0,2pt made,3pt missed,,,,1626147|1627752|1628371|1628381|1629027|201571|202696|203095|203458|203932,1628371|201571|202696|203095|203932,1626147|1627752|1628381|1629027|203458,16.0,209.0,1610612753.0,21801181,True
3,PT07M15.00S,07:15,Q3 07:15,19.25,453,3pt,MISS Prince 25' 3PT Step Back Jump Shot,[],Prince,93,60,Missed,True,False,1627752.0,,2pt made,rebound,,,,1626147|1627752|1628371|1628381|1629027|201571|202696|203095|203458|203932,1626147|1627752|1628381|1629027|203458,1628371|201571|202696|203095|203932,-24.0,252.0,1610612737.0,21801181,True
3,PT07M13.00S,07:13,Q3 07:13,19.21666666666667,454,rebound,Isaac REBOUND (Off:1 Def:5),[],Isaac,93,60,,False,False,1628371.0,,3pt missed,3pt made,,,,1626147|1627752|1628371|1628381|1629027|201571|202696|203095|203458|203932,1628371|201571|202696|203095|203932,1626147|1627752|1628381|1629027|203458,,,1610612753.0,21801181,True
3,PT07M07.00S,07:07,Q3 07:07,19.116666666666667,455,3pt,Augustin 26' 3PT Jump Shot (10 PTS),[],Augustin,96,60,Made,True,False,201571.0,,rebound,timeout,,,,1626147|1627752|1628371|1628381|1629027|201571|202696|203095|203458|203932,1628371|201571|202696|203095|203932,1626147|1627752|1628381|1629027|203458,67.0,256.0,1610612753.0,21801181,True
3,PT07M06.00S,07:06,Q3 07:06,19.1,456,timeout,Hawks Timeout: Regular (Reg.4 Short 0),[],,96,60,,False,False,0.0,,3pt made,substitution,,,,1626147|1627752|1628371|1628381|1629027|201571|202696|203095|203458|203932,1626147|1627752|1628381|1629027|203458,1628371|201571|202696|203095|203932,,,1610612737.0,21801181,True
3,PT07M06.00S,07:06,Q3 07:06,19.1,457,substitution,SUB out: J. Anderson,[],Anderson,96,60,,False,False,1626147.0,,timeout,substitution,,,,1627752|1628371|1628381|1629027|201571|202696|203095|203458|203932,1627752|1628381|1629027|203458,1628371|201571|202696|203095|203932,,,1610612737.0,21801181,False
3,PT07M06.00S,07:06,Q3 07:06,19.1,458,substitution,SUB out: T. Young,[],Young,96,60,,False,False,1629027.0,,substitution,substitution,,,,1627752|1628371|1628381|201571|202696|203095|203458|203932,1627752|1628381|203458,1628371|201571|202696|203095|203932,,,1610612737.0,21801181,False
3,PT07M06.00S,07:06,Q3 07:06,19.1,459,substitution,SUB out: T. Prince,[],Prince,96,60,,False,False,1627752.0,,substitution,substitution,,,,1628371|1628381|201571|202696|203095|203458|203932,1628381|203458,1628371|201571|202696|203095|203932,,,1610612737.0,21801181,False
3,PT07M06.00S,07:06,Q3 07:06,19.1,460,substitution,SUB out: A. Len,[],Len,96,60,,False,False,203458.0,,substitution,substitution,,,,1628371|1628381|201571|202696|203095|203932,1628381,1628371|201571|202696|203095|203932,,,1610612737.0,21801181,False
3,PT07M06.00S,07:06,Q3 07:06,19.1,461,substitution,SUB in: D. Bembry,[],Bembry,96,60,,False,False,1627761.0,,substitution,substitution,,,,1627761|1628371|1628381|201571|202696|203095|203932,1627761|1628381,1628371|201571|202696|203095|203932,,,1610612737.0,21801181,False
3,PT07M06.00S,07:06,Q3 07:06,19.1,462,substitution,SUB in: V. Carter,[],Carter,96,60,,False,False,1713.0,,substitution,substitution,,,,1627761|1628371|1628381|1713|201571|202696|203095|203932,1627761|1628381|1713,1628371|201571|202696|203095|203932,,,1610612737.0,21801181,False
3,PT07M06.00S,07:06,Q3 07:06,19.1,463,substitution,SUB in: I. Humphries,[],Humphries,96,60,,False,False,1629353.0,,substitution,substitution,,,,1627761|1628371|1628381|1629353|1713|201571|202696|203095|203932,1627761|1628381|1629353|1713,1628371|201571|202696|203095|203932,,,1610612737.0,21801181,False
3,PT07M06.00S,07:06,Q3 07:06,19.1,464,substitution,SUB in: J. Adams,[],Adams,96,60,,False,False,1629121.0,,substitution,3pt missed,,,,1627761|1628371|1628381|1629121|1629353|1713|201571|202696|203095|203932,1627761|1628381|1629121|1629353|1713,1628371|201571|202696|203095|203932,,,1610612737.0,21801181,True
3,PT06M52.00S,06:52,Q3 06:52,18.866666666666667,465,3pt,MISS Carter 3PT Jump Shot,[],Carter,96,60,Missed,True,False,1713.0,,substitution,rebound,,,,1627761|1628371|1628381|1629121|1629353|1713|201571|202696|203095|203932,1627761|1628381|1629121|1629353|1713,1628371|201571|202696|203095|203932,-223.0,45.0,1610612737.0,21801181,True
3,PT06M50.00S,06:50,Q3 06:50,18.833333333333332,466,rebound,Bembry REBOUND (Off:1 Def:4),[],Bembry,96,60,,False,False,1627761.0,,3pt missed,3pt made,,,,1627761|1628371|1628381|1629121|1629353|1713|201571|202696|203095|203932,1627761|1628381|1629121|1629353|1713,1628371|201571|202696|203095|203932,,,1610612737.0,21801181,True
3,PT06M49.00S,06:49,Q3 06:49,18.816666666666666,467,3pt,Carter 26' 3PT Jump Shot (3 PTS) (Bembry 3 AST),[],Carter,96,63,Made,True,True,1713.0,1627761.0,rebound,2pt made,,,,1627761|1628371|1628381|1629121|1629353|1713|201571|202696|203095|203932,1627761|1628381|1629121|1629353|1713,1628371|201571|202696|203095|203932,-136.0,225.0,1610612737.0,21801181,True
3,PT06M28.00S,06:28,Q3 06:28,18.46666666666667,470,2pt,Augustin 1' Driving Layup (12 PTS),['pointsinthepaint'],Augustin,98,63,Made,True,False,201571.0,,3pt made,foul,,,,1627761|1628371|1628381|1629121|1629353|1713|201571|202696|203095|203932,1628371|201571|202696|203095|203932,1627761|1628381|1629121|1629353|1713,-7.0,6.0,1610612753.0,21801181,True
3,PT06M28.00S,06:28,Q3 06:28,18.46666666666667,471,foul,Carter S.FOUL (P1.PN) (D.Collins),['inpenalty'],Carter,98,63,,False,False,1713.0,,2pt made,freethrow,201571.0,,,1627761|1628371|1628381|1629121|1629353|1713|201571|202696|203095|203932,1627761|1628381|1629121|1629353|1713,1628371|201571|202696|203095|203932,,,1610612737.0,21801181,True
3,PT06M28.00S,06:28,Q3 06:28,18.46666666666667,473,freethrow,Augustin Free Throw 1 of 1 (13 PTS),[],Augustin,99,63,Made,False,False,201571.0,,foul,2pt missed,,,,1627761|1628371|1628381|1629121|1629353|1713|201571|202696|203095|203932,1628371|201571|202696|203095|203932,1627761|1628381|1629121|1629353|1713,,,1610612753.0,21801181,True
3,PT06M15.00S,06:15,Q3 06:15,18.25,474,2pt,MISS Bembry 16' Jump Shot,[],Bembry,99,63,Missed,True,False,1627761.0,,freethrow,block,,,,1627761|1628371|1628381|1629121|1629353|1713|201571|202696|203095|203932,1627761|1628381|1629121|1629353|1713,1628371|201571|202696|203095|203932,-19.0,157.0,1610612737.0,21801181,True
3,PT06M15.00S,06:15,Q3 06:15,18.25,474,block,Isaac BLOCK (1 BLK),[],Isaac,99,63,,False,False,1628371.0,,2pt missed,rebound,,,1628371.0,1627761|1628371|1628381|1629121|1629353|1713|201571|202696|203095|203932,1628371|201571|202696|203095|203932,1627761|1628381|1629121|1629353|1713,,,1610612753.0,21801181,True
3,PT06M12.00S,06:12,Q3 06:12,18.2,476,rebound,Bembry REBOUND (Off:2 Def:4),[],Bembry,99,63,,False,False,1627761.0,,block,2pt missed,,,,1627761|1628371|1628381|1629121|1629353|1713|201571|202696|203095|203932,1627761|1628381|1629121|1629353|1713,1628371|201571|202696|203095|203932,,,1610612737.0,21801181,True
3,PT06M11.00S,06:11,Q3 06:11,18.183333333333334,477,2pt,MISS Bembry 9' Jump Bank Shot,['pointsinthepaint'],Bembry,99,63,Missed,True,False,1627761.0,,rebound,rebound,,,,1627761|1628371|1628381|1629121|1629353|1713|201571|202696|203095|203932,1627761|1628381|1629121|1629353|1713,1628371|201571|202696|203095|203932,-66.0,59.0,1610612737.0,21801181,True
3,PT06M11.00S,06:11,Q3 06:11,18.183333333333334,478,rebound,Collins REBOUND (Off:2 Def:1),[],Collins,99,63,,False,False,1628381.0,,2pt missed,2pt made,,,,1627761|1628371|1628381|1629121|1629353|1713|201571|202696|203095|203932,1627761|1628381|1629121|1629353|1713,1628371|201571|202696|203095|203932,,,1610612737.0,21801181,True
3,PT06M05.00S,06:05,Q3 06:05,18.083333333333332,479,2pt,Collins 1' Tip Layup Shot (12 PTS),['pointsinthepaint'],Collins,99,65,Made,True,False,1628381.0,,rebound,3pt missed,,,,1627761|1628371|1628381|1629121|1629353|1713|201571|202696|203095|203932,1627761|1628381|1629121|1629353|1713,1628371|201571|202696|203095|203932,0.0,-6.0,1610612737.0,21801181,True
3,PT05M52.00S,05:52,Q3 05:52,17.866666666666667,480,3pt,MISS Isaac 3PT Jump Shot,[],Isaac,99,65,Missed,True,False,1628371.0,,2pt made,rebound,,,,1627761|1628371|1628381|1629121|1629353|1713|201571|202696|203095|203932,1628371|201571|202696|203095|203932,1627761|1628381|1629121|1629353|1713,-224.0,71.0,1610612753.0,21801181,True
3,PT05M50.00S,05:50,Q3 05:50,17.833333333333332,481,rebound,Collins REBOUND (Off:2 Def:2),[],Collins,99,65,,False,False,1628381.0,,3pt missed,3pt missed,,,,1627761|1628371|1628381|1629121|1629353|1713|201571|202696|203095|203932,1627761|1628381|1629121|1629353|1713,1628371|201571|202696|203095|203932,,,1610612737.0,21801181,True
3,PT05M38.00S,05:38,Q3 05:38,17.633333333333333,482,3pt,MISS Humphries 3PT Jump Shot,[],Humphries,99,65,Missed,True,False,1629353.0,,rebound,rebound,,,,1627761|1628371|1628381|1629121|1629353|1713|201571|202696|203095|203932,1627761|1628381|1629121|1629353|1713,1628371|201571|202696|203095|203932,-227.0,-28.0,1610612737.0,21801181,True
3,PT05M33.00S,05:33,Q3 05:33,17.55,483,rebound,Gordon REBOUND (Off:0 Def:8),[],Gordon,99,65,,False,False,203932.0,,3pt missed,2pt made,,,,1627761|1628371|1628381|1629121|1629353|1713|201571|202696|203095|203932,1628371|201571|202696|203095|203932,1627761|1628381|1629121|1629353|1713,,,1610612753.0,21801181,True
3,PT05M29.00S,05:29,Q3 05:29,17.483333333333334,484,2pt,Isaac 1' Alley Oop Dunk (16 PTS) (Gordon 6 AST),['pointsinthepaint'],Isaac,101,65,Made,True,True,1628371.0,203932.0,rebound,2pt missed,,,,1627761|1628371|1628381|1629121|1629353|1713|201571|202696|203095|203932,1628371|201571|202696|203095|203932,1627761|1628381|1629121|1629353|1713,6.0,-1.0,1610612753.0,21801181,True
3,PT05M02.00S,05:02,Q3 05:02,17.03333333333333,486,2pt,MISS Collins 16' Jump Shot,[],Collins,101,65,Missed,True,False,1628381.0,,2pt made,rebound,,,,1627761|1628371|1628381|1629121|1629353|1713|201571|202696|203095|203932,1627761|1628381|1629121|1629353|1713,1628371|201571|202696|203095|203932,-155.0,46.0,1610612737.0,21801181,True
3,PT04M58.00S,04:58,Q3 04:58,16.96666666666667,487,rebound,Gordon REBOUND (Off:0 Def:9),[],Gordon,101,65,,False,False,203932.0,,2pt missed,turnover,,,,1627761|1628371|1628381|1629121|1629353|1713|201571|202696|203095|203932,1628371|201571|202696|203095|203932,1627761|1628381|1629121|1629353|1713,,,1610612753.0,21801181,True
3,PT04M50.00S,04:50,Q3 04:50,16.833333333333332,488,turnover,Gordon Bad Pass Turnover (P5.T15),[],Gordon,101,65,,False,False,203932.0,,rebound,steal,,,,1627761|1628371|1628381|1629121|1629353|1713|201571|202696|203095|203932,1628371|201571|202696|203095|203932,1627761|1628381|1629121|1629353|1713,,,1610612753.0,21801181,True
3,PT04M50.00S,04:50,Q3 04:50,16.833333333333332,488,steal,Carter STEAL (1 STL),[],Carter,101,65,,False,False,1713.0,,turnover,turnover,,1713.0,,1627761|1628371|1628381|1629121|1629353|1713|201571|202696|203095|203932,1627761|1628381|1629121|1629353|1713,1628371|201571|202696|203095|203932,,,1610612737.0,21801181,True
3,PT04M47.00S,04:47,Q3 04:47,16.78333333333333,490,turnover,Carter Lost Ball Turnover (P2.T8),[],Carter,101,65,,False,False,1713.0,,steal,steal,,,,1627761|1628371|1628381|1629121|1629353|1713|201571|202696|203095|203932,1627761|1628381|1629121|1629353|1713,1628371|201571|202696|203095|203932,,,1610612737.0,21801181,True
3,PT04M47.00S,04:47,Q3 04:47,16.78333333333333,490,steal,Isaac STEAL (1 STL),[],Isaac,101,65,,False,False,1628371.0,,turnover,2pt made,,1628371.0,,1627761|1628371|1628381|1629121|1629353|1713|201571|202696|203095|203932,1628371|201571|202696|203095|203932,1627761|1628381|1629121|1629353|1713,,,1610612753.0,21801181,True
3,PT04M34.00S,04:34,Q3 04:34,16.566666666666666,492,2pt,Isaac 2' Dunk (18 PTS) (Gordon 7 AST),['pointsinthepaint'],Isaac,103,65,Made,True,True,1628371.0,203932.0,steal,3pt made,,,,1627761|1628371|1628381|1629121|1629353|1713|201571|202696|203095|203932,1628371|201571|202696|203095|203932,1627761|1628381|1629121|1629353|1713,-18.0,11.0,1610612753.0,21801181,True
3,PT04M15.00S,04:15,Q3 04:15,16.25,494,3pt,Adams 25' 3PT Jump Shot (5 PTS) (Collins 1 AST),[],Adams,103,68,Made,True,True,1629121.0,1628381.0,2pt made,2pt missed,,,,1627761|1628371|1628381|1629121|1629353|1713|201571|202696|203095|203932,1627761|1628381|1629121|1629353|1713,1628371|201571|202696|203095|203932,181.0,166.0,1610612737.0,21801181,True
3,PT03M56.00S,03:56,Q3 03:56,15.933333333333334,496,2pt,MISS Augustin 2' Layup,['pointsinthepaint'],Augustin,103,68,Missed,True,False,201571.0,,3pt made,rebound,,,,1627761|1628371|1628381|1629121|1629353|1713|201571|202696|203095|203932,1628371|201571|202696|203095|203932,1627761|1628381|1629121|1629353|1713,14.0,13.0,1610612753.0,21801181,True
3,PT03M50.00S,03:50,Q3 03:50,15.833333333333334,497,rebound,Vucevic REBOUND (Off:4 Def:6),[],Vucevic,103,68,,False,False,202696.0,,2pt missed,2pt missed,,,,1627761|1628371|1628381|1629121|1629353|1713|201571|202696|203095|203932,1628371|201571|202696|203095|203932,1627761|1628381|1629121|1629353|1713,,,1610612753.0,21801181,True
3,PT03M50.00S,03:50,Q3 03:50,15.833333333333334,498,2pt,MISS Vucevic 1' Tip Layup Shot,['pointsinthepaint'],Vucevic,103,68,Missed,True,False,202696.0,,rebound,rebound,,,,1627761|1628371|1628381|1629121|1629353|1713|201571|202696|203095|203932,1628371|201571|202696|203095|203932,1627761|1628381|1629121|1629353|1713,0.0,-6.0,1610612753.0,21801181,True
3,PT03M50.00S,03:50,Q3 03:50,15.833333333333334,499,rebound,Bembry REBOUND (Off:2 Def:5),[],Bembry,103,68,,False,False,1627761.0,,2pt missed,2pt made,,,,1627761|1628371|1628381|1629121|1629353|1713|201571|202696|203095|203932,1627761|1628381|1629121|1629353|1713,1628371|201571|202696|203095|203932,,,1610612737.0,21801181,True
3,PT03M48.00S,03:48,Q3 03:48,15.8,500,2pt,Bembry 2' Driving Layup (9 PTS),['pointsinthepaint'],Bembry,103,70,Made,True,False,1627761.0,,rebound,foul,,,,1627761|1628371|1628381|1629121|1629353|1713|201571|202696|203095|203932,1627761|1628381|1629121|1629353|1713,1628371|201571|202696|203095|203932,12.0,9.0,1610612737.0,21801181,True
3,PT03M28.00S,03:28,Q3 03:28,15.466666666666667,501,foul,Bembry P.FOUL (P1.PN) (J.Phillips),['inpenalty'],Bembry,103,70,,False,False,1627761.0,,2pt made,freethrow,202696.0,,,1627761|1628371|1628381|1629121|1629353|1713|201571|202696|203095|203932,1627761|1628381|1629121|1629353|1713,1628371|201571|202696|203095|203932,,,1610612737.0,21801181,True
3,PT03M28.00S,03:28,Q3 03:28,15.466666666666667,503,freethrow,Vucevic Free Throw 1 of 2 (22 PTS),[],Vucevic,104,70,Made,False,False,202696.0,,foul,freethrow,,,,1627761|1628371|1628381|1629121|1629353|1713|201571|202696|203095|203932,1628371|201571|202696|203095|203932,1627761|1628381|1629121|1629353|1713,,,1610612753.0,21801181,True
3,PT03M28.00S,03:28,Q3 03:28,15.466666666666667,512,freethrow,Vucevic Free Throw 2 of 2 (23 PTS),[],Vucevic,105,70,Made,False,False,202696.0,,freethrow,substitution,,,,1627761|1628371|1628381|1629121|1629353|1713|201571|202696|203095|203932,1628371|201571|202696|203095|203932,1627761|1628381|1629121|1629353|1713,,,1610612753.0,21801181,True
3,PT03M28.00S,03:28,Q3 03:28,15.466666666666667,504,substitution,SUB out: J. Isaac,[],Isaac,104,70,,False,False,1628371.0,,freethrow,substitution,,,,1627761|1628381|1629121|1629353|1713|201571|202696|203095|203932,201571|202696|203095|203932,1627761|1628381|1629121|1629353|1713,,,1610612753.0,21801181,False
3,PT03M28.00S,03:28,Q3 03:28,15.466666666666667,505,substitution,SUB out: E. Fournier,[],Fournier,104,70,,False,False,203095.0,,substitution,substitution,,,,1627761|1628381|1629121|1629353|1713|201571|202696|203932,201571|202696|203932,1627761|1628381|1629121|1629353|1713,,,1610612753.0,21801181,False
3,PT03M28.00S,03:28,Q3 03:28,15.466666666666667,506,substitution,SUB out: D. Augustin,[],Augustin,104,70,,False,False,201571.0,,substitution,substitution,,,,1627761|1628381|1629121|1629353|1713|202696|203932,202696|203932,1627761|1628381|1629121|1629353|1713,,,1610612753.0,21801181,False
3,PT03M28.00S,03:28,Q3 03:28,15.466666666666667,507,substitution,SUB out: J. Collins,[],Collins,104,70,,False,False,1628381.0,,substitution,substitution,,,,1627761|1629121|1629353|1713|202696|203932,1627761|1629121|1629353|1713,202696|203932,,,1610612737.0,21801181,False
3,PT03M28.00S,03:28,Q3 03:28,15.466666666666667,508,substitution,SUB in: M. Carter-Williams,[],Carter-Williams,104,70,,False,False,203487.0,,substitution,substitution,,,,1627761|1629121|1629353|1713|202696|203487|203932,202696|203487|203932,1627761|1629121|1629353|1713,,,1610612753.0,21801181,False
3,PT03M28.00S,03:28,Q3 03:28,15.466666666666667,509,substitution,SUB in: W. Iwundu,[],Iwundu,104,70,,False,False,1628411.0,,substitution,substitution,,,,1627761|1628411|1629121|1629353|1713|202696|203487|203932,1628411|202696|203487|203932,1627761|1629121|1629353|1713,,,1610612753.0,21801181,False
3,PT03M28.00S,03:28,Q3 03:28,15.466666666666667,510,substitution,SUB in: T. Ross,[],Ross,104,70,,False,False,203082.0,,substitution,substitution,,,,1627761|1628411|1629121|1629353|1713|202696|203082|203487|203932,1628411|202696|203082|203487|203932,1627761|1629121|1629353|1713,,,1610612753.0,21801181,False
3,PT03M28.00S,03:28,Q3 03:28,15.466666666666667,511,substitution,SUB in: D. Davis,[],Davis,104,70,,False,False,1627738.0,,substitution,2pt made,,,,1627738|1627761|1628411|1629121|1629353|1713|202696|203082|203487|203932,1627738|1627761|1629121|1629353|1713,1628411|202696|203082|203487|203932,,,1610612737.0,21801181,True
3,PT03M13.00S,03:13,Q3 03:13,15.216666666666667,513,2pt,Bembry 1' Driving Layup (11 PTS),['pointsinthepaint'],Bembry,105,72,Made,True,False,1627761.0,,substitution,3pt made,,,,1627738|1627761|1628411|1629121|1629353|1713|202696|203082|203487|203932,1627738|1627761|1629121|1629353|1713,1628411|202696|203082|203487|203932,-11.0,6.0,1610612737.0,21801181,True
3,PT03M01.00S,03:01,Q3 03:01,15.016666666666666,514,3pt,Gordon 27' 3PT Jump Shot (10 PTS) (Carter-Williams 4 AST),[],Gordon,108,72,Made,True,True,203932.0,203487.0,2pt made,turnover,,,,1627738|1627761|1628411|1629121|1629353|1713|202696|203082|203487|203932,1628411|202696|203082|203487|203932,1627738|1627761|1629121|1629353|1713,27.0,265.0,1610612753.0,21801181,True
3,PT02M47.00S,02:47,Q3 02:47,14.783333333333333,516,turnover,Bembry Bad Pass Turnover (P1.T9),[],Bembry,108,72,,False,False,1627761.0,,3pt made,steal,,,,1627738|1627761|1628411|1629121|1629353|1713|202696|203082|203487|203932,1627738|1627761|1629121|1629353|1713,1628411|202696|203082|203487|203932,,,1610612737.0,21801181,True
3,PT02M47.00S,02:47,Q3 02:47,14.783333333333333,516,steal,Vucevic STEAL (1 STL),[],Vucevic,108,72,,False,False,202696.0,,turnover,3pt made,,202696.0,,1627738|1627761|1628411|1629121|1629353|1713|202696|203082|203487|203932,1628411|202696|203082|203487|203932,1627738|1627761|1629121|1629353|1713,,,1610612753.0,21801181,True
3,PT02M38.00S,02:38,Q3 02:38,14.633333333333333,518,3pt,Iwundu 24' 3PT Jump Shot (6 PTS) (Vucevic 4 AST),[],Iwundu,111,72,Made,True,True,1628411.0,202696.0,steal,3pt made,,,,1627738|1627761|1628411|1629121|1629353|1713|202696|203082|203487|203932,1628411|202696|203082|203487|203932,1627738|1627761|1629121|1629353|1713,-242.0,26.0,1610612753.0,21801181,True
3,PT02M20.00S,02:20,Q3 02:20,14.333333333333334,520,3pt,Carter 3PT Jump Shot (6 PTS) (Adams 2 AST),[],Carter,111,75,Made,True,True,1713.0,1629121.0,3pt made,turnover,,,,1627738|1627761|1628411|1629121|1629353|1713|202696|203082|203487|203932,1627738|1627761|1629121|1629353|1713,1628411|202696|203082|203487|203932,-233.0,-26.0,1610612737.0,21801181,True
3,PT01M59.00S,01:59,Q3 01:59,13.983333333333334,522,turnover,Vucevic Out of Bounds - Bad Pass Turnover Turnover (P2.T16),[],Vucevic,111,75,,False,False,202696.0,,3pt made,substitution,,,,1627738|1627761|1628411|1629121|1629353|1713|202696|203082|203487|203932,1628411|202696|203082|203487|203932,1627738|1627761|1629121|1629353|1713,,,1610612753.0,21801181,True
3,PT01M59.00S,01:59,Q3 01:59,13.983333333333334,523,substitution,SUB out: N. Vucevic,[],Vucevic,111,75,,False,False,202696.0,,turnover,substitution,,,,1627738|1627761|1628411|1629121|1629353|1713|203082|203487|203932,1628411|203082|203487|203932,1627738|1627761|1629121|1629353|1713,,,1610612753.0,21801181,False
3,PT01M59.00S,01:59,Q3 01:59,13.983333333333334,524,substitution,SUB in: K. Birch,[],Birch,111,75,,False,False,203920.0,,substitution,2pt missed,,,,1627738|1627761|1628411|1629121|1629353|1713|203082|203487|203920|203932,1628411|203082|203487|203920|203932,1627738|1627761|1629121|1629353|1713,,,1610612753.0,21801181,True
3,PT01M47.00S,01:47,Q3 01:47,13.783333333333333,525,2pt,MISS Adams 4' Driving Layup,['pointsinthepaint'],Adams,111,75,Missed,True,False,1629121.0,,substitution,block,,,,1627738|1627761|1628411|1629121|1629353|1713|203082|203487|203920|203932,1627738|1627761|1629121|1629353|1713,1628411|203082|203487|203920|203932,22.0,29.0,1610612737.0,21801181,True
3,PT01M47.00S,01:47,Q3 01:47,13.783333333333333,525,block,Gordon BLOCK (1 BLK),[],Gordon,111,75,,False,False,203932.0,,2pt missed,rebound,,,203932.0,1627738|1627761|1628411|1629121|1629353|1713|203082|203487|203920|203932,1628411|203082|203487|203920|203932,1627738|1627761|1629121|1629353|1713,,,1610612753.0,21801181,True
3,PT01M44.00S,01:44,Q3 01:44,13.733333333333334,527,rebound,Carter-Williams REBOUND (Off:2 Def:3),[],Carter-Williams,111,75,,False,False,203487.0,,block,2pt missed,,,,1627738|1627761|1628411|1629121|1629353|1713|203082|203487|203920|203932,1628411|203082|203487|203920|203932,1627738|1627761|1629121|1629353|1713,,,1610612753.0,21801181,True
3,PT01M34.00S,01:34,Q3 01:34,13.566666666666666,528,2pt,MISS Birch 8' Jump Shot,['pointsinthepaint'],Birch,111,75,Missed,True,False,203920.0,,rebound,block,,,,1627738|1627761|1628411|1629121|1629353|1713|203082|203487|203920|203932,1628411|203082|203487|203920|203932,1627738|1627761|1629121|1629353|1713,9.0,84.0,1610612753.0,21801181,True
3,PT01M34.00S,01:34,Q3 01:34,13.566666666666666,528,block,Adams BLOCK (1 BLK),[],Adams,111,75,,False,False,1629121.0,,2pt missed,rebound,,,1629121.0,1627738|1627761|1628411|1629121|1629353|1713|203082|203487|203920|203932,1627738|1627761|1629121|1629353|1713,1628411|203082|203487|203920|203932,,,1610612737.0,21801181,True
3,PT01M34.00S,01:34,Q3 01:34,13.566666666666666,530,rebound,TEAM defensive REBOUND,['team'],,111,75,,False,False,0.0,,block,turnover,,,,1627738|1627761|1628411|1629121|1629353|1713|203082|203487|203920|203932,1627738|1627761|1629121|1629353|1713,1628411|203082|203487|203920|203932,,,1610612737.0,21801181,True
3,PT01M21.00S,01:21,Q3 01:21,13.35,531,turnover,Adams Out of Bounds - Bad Pass Turnover Turnover (P2.T10),[],Adams,111,75,,False,False,1629121.0,,rebound,2pt missed,,,,1627738|1627761|1628411|1629121|1629353|1713|203082|203487|203920|203932,1627738|1627761|1629121|1629353|1713,1628411|203082|203487|203920|203932,,,1610612737.0,21801181,True
3,PT01M01.00S,01:01,Q3 01:01,13.016666666666666,532,2pt,MISS Iwundu 10' Pullup Jump Shot,['pointsinthepaint'],Iwundu,111,75,Missed,True,False,1628411.0,,turnover,rebound,,,,1627738|1627761|1628411|1629121|1629353|1713|203082|203487|203920|203932,1628411|203082|203487|203920|203932,1627738|1627761|1629121|1629353|1713,27.0,94.0,1610612753.0,21801181,True
3,PT00M59.70S,00:59,Q3 00:59,12.995,533,rebound,Davis REBOUND (Off:0 Def:4),[],Davis,111,75,,False,False,1627738.0,,2pt missed,3pt made,,,,1627738|1627761|1628411|1629121|1629353|1713|203082|203487|203920|203932,1627738|1627761|1629121|1629353|1713,1628411|203082|203487|203920|203932,,,1610612737.0,21801181,True
3,PT00M52.20S,00:52,Q3 00:52,12.87,534,3pt,Humphries 25' 3PT Jump Shot (3 PTS) (Bembry 4 AST),[],Humphries,111,78,Made,True,True,1629353.0,1627761.0,rebound,2pt made,,,,1627738|1627761|1628411|1629121|1629353|1713|203082|203487|203920|203932,1627738|1627761|1629121|1629353|1713,1628411|203082|203487|203920|203932,68.0,240.0,1610612737.0,21801181,True
3,PT00M30.70S,00:30,Q3 00:30,12.511666666666667,536,2pt,Birch 6' Hook Shot (6 PTS),['pointsinthepaint'],Birch,113,78,Made,True,False,203920.0,,3pt made,2pt missed,,,,1627738|1627761|1628411|1629121|1629353|1713|203082|203487|203920|203932,1628411|203082|203487|203920|203932,1627738|1627761|1629121|1629353|1713,-1.0,64.0,1610612753.0,21801181,True
3,PT00M26.50S,00:26,Q3 00:26,12.441666666666666,538,2pt,MISS Bembry 3' Running Layup,['pointsinthepaint'],Bembry,113,78,Missed,True,False,1627761.0,,2pt made,block,,,,1627738|1627761|1628411|1629121|1629353|1713|203082|203487|203920|203932,1627738|1627761|1629121|1629353|1713,1628411|203082|203487|203920|203932,-30.0,10.0,1610612737.0,21801181,True
3,PT00M26.50S,00:26,Q3 00:26,12.441666666666666,538,block,Birch BLOCK (2 BLK),[],Birch,113,78,,False,False,203920.0,,2pt missed,rebound,,,203920.0,1627738|1627761|1628411|1629121|1629353|1713|203082|203487|203920|203932,1628411|203082|203487|203920|203932,1627738|1627761|1629121|1629353|1713,,,1610612753.0,21801181,True
3,PT00M22.80S,00:22,Q3 00:22,12.38,540,rebound,Gordon REBOUND (Off:0 Def:10),[],Gordon,113,78,,False,False,203932.0,,block,turnover,,,,1627738|1627761|1628411|1629121|1629353|1713|203082|203487|203920|203932,1628411|203082|203487|203920|203932,1627738|1627761|1629121|1629353|1713,,,1610612753.0,21801181,True
3,PT00M07.20S,00:07,Q3 00:07,12.12,541,turnover,Carter-Williams Bad Pass Turnover (P3.T17),[],Carter-Williams,113,78,,False,False,203487.0,,rebound,steal,,,,1627738|1627761|1628411|1629121|1629353|1713|203082|203487|203920|203932,1628411|203082|203487|203920|203932,1627738|1627761|1629121|1629353|1713,,,1610612753.0,21801181,True
3,PT00M07.20S,00:07,Q3 00:07,12.12,541,steal,Adams STEAL (3 STL),[],Adams,113,78,,False,False,1629121.0,,turnover,2pt made,,1629121.0,,1627738|1627761|1628411|1629121|1629353|1713|203082|203487|203920|203932,1627738|1627761|1629121|1629353|1713,1628411|203082|203487|203920|203932,,,1610612737.0,21801181,True
3,PT00M03.20S,00:03,Q3 00:03,12.053333333333333,543,2pt,Adams 2' Running Layup (7 PTS),['pointsinthepaint'],Adams,113,80,Made,True,False,1629121.0,,steal,3pt missed,,,,1627738|1627761|1628411|1629121|1629353|1713|203082|203487|203920|203932,1627738|1627761|1629121|1629353|1713,1628411|203082|203487|203920|203932,-13.0,14.0,1610612737.0,21801181,True
3,PT00M00.00S,00:00,Q3 00:00,12.0,544,3pt,MISS Carter-Williams 31' 3PT Jump Shot,[],Carter-Williams,113,80,Missed,True,False,203487.0,,2pt made,rebound,,,,1627738|1627761|1628411|1629121|1629353|1713|203082|203487|203920|203932,1628411|203082|203487|203920|203932,1627738|1627761|1629121|1629353|1713,9.0,306.0,1610612753.0,21801181,True
3,PT00M00.00S,00:00,Q3 00:00,12.0,545,rebound,TEAM offensive REBOUND,['team'],,113,80,,False,False,0.0,,3pt missed,period,,,,1627738|1627761|1628411|1629121|1629353|1713|203082|203487|203920|203932,1628411|203082|203487|203920|203932,1627738|1627761|1629121|1629353|1713,,,1610612753.0,21801181,True
3,PT00M00.00S,00:00,Q3 00:00,12.0,546,period,End of 3rd Period (8:50 PM EST),[],,113,80,,False,False,0.0,,rebound,period,,,,1627738|1627761|1628411|1629121|1629353|1713|203082|203487|203920|203932,1628411|203082|203487|203920|203932,1627738|1627761|1629121|1629353|1713,,,1610612753.0,21801181,True
4,PT12M00.00S,12:00,Q4 12:00,12.0,551,period,Start of 4th Period (8:53 PM EST),[],,113,80,,False,False,0.0,,period,substitution,,,,1627738|1627761|1628411|1629121|1629353|1713|203082|203487|203920|203932,1628411|203082|203487|203920|203932,1627738|1627761|1629121|1629353|1713,,,1610612753.0,21801181,True
4,PT11M49.00S,11:49,Q4 11:49,11.816666666666666,552,foul,Adams P.FOUL (P1.T1) (D.Collins),[],Adams,113,80,,False,False,1629121.0,,substitution,3pt missed,203932.0,,,1626147|1627738|1627752|1628411|1629121|1713|203082|203487|203920|203932,1626147|1627738|1627752|1629121|1713,1628411|203082|203487|203920|203932,,,1610612737.0,21801181,True
4,PT11M44.00S,11:44,Q4 11:44,11.733333333333333,554,3pt,MISS Gordon 26' 3PT Jump Shot,[],Gordon,113,80,Missed,True,False,203932.0,,foul,rebound,,,,1626147|1627738|1627752|1628411|1629121|1713|203082|203487|203920|203932,1628411|203082|203487|203920|203932,1626147|1627738|1627752|1629121|1713,-104.0,241.0,1610612753.0,21801181,True
4,PT11M42.00S,11:42,Q4 11:42,11.7,555,rebound,Birch REBOUND (Off:1 Def:2),[],Birch,113,80,,False,False,203920.0,,3pt missed,3pt made,,,,1626147|1627738|1627752|1628411|1629121|1713|203082|203487|203920|203932,1628411|203082|203487|203920|203932,1626147|1627738|1627752|1629121|1713,,,1610612753.0,21801181,True
4,PT11M37.00S,11:37,Q4 11:37,11.616666666666667,556,3pt,Ross 26' 3PT Jump Shot (20 PTS) (Carter-Williams 5 AST),[],Ross,116,80,Made,True,True,203082.0,203487.0,rebound,2pt made,,,,1626147|1627738|1627752|1628411|1629121|1713|203082|203487|203920|203932,1628411|203082|203487|203920|203932,1626147|1627738|1627752|1629121|1713,63.0,249.0,1610612753.0,21801181,True
4,PT11M22.00S,11:22,Q4 11:22,11.366666666666667,558,2pt,Adams 15' Pullup Jump Shot (9 PTS),[],Adams,116,82,Made,True,False,1629121.0,,3pt made,2pt missed,,,,1626147|1627738|1627752|1628411|1629121|1713|203082|203487|203920|203932,1626147|1627738|1627752|1629121|1713,1628411|203082|203487|203920|203932,98.0,120.0,1610612737.0,21801181,True
4,PT11M07.00S,11:07,Q4 11:07,11.116666666666667,559,2pt,MISS Carter-Williams 8' Turnaround Hook Shot,['pointsinthepaint'],Carter-Williams,116,82,Missed,True,False,203487.0,,2pt made,rebound,,,,1626147|1627738|1627752|1628411|1629121|1713|203082|203487|203920|203932,1628411|203082|203487|203920|203932,1626147|1627738|1627752|1629121|1713,-14.0,75.0,1610612753.0,21801181,True
4,PT11M05.00S,11:05,Q4 11:05,11.083333333333334,560,rebound,Davis REBOUND (Off:0 Def:5),[],Davis,116,82,,False,False,1627738.0,,2pt missed,3pt made,,,,1626147|1627738|1627752|1628411|1629121|1713|203082|203487|203920|203932,1626147|1627738|1627752|1629121|1713,1628411|203082|203487|203920|203932,,,1610612737.0,21801181,True
4,PT10M56.00S,10:56,Q4 10:56,10.933333333333334,561,3pt,Carter 24' 3PT Jump Shot (9 PTS) (Adams 3 AST),[],Carter,116,85,Made,True,True,1713.0,1629121.0,rebound,3pt missed,,,,1626147|1627738|1627752|1628411|1629121|1713|203082|203487|203920|203932,1626147|1627738|1627752|1629121|1713,1628411|203082|203487|203920|203932,-218.0,110.0,1610612737.0,21801181,True
4,PT10M38.00S,10:38,Q4 10:38,10.633333333333333,563,3pt,MISS Carter-Williams 27' 3PT Jump Shot,[],Carter-Williams,116,85,Missed,True,False,203487.0,,3pt made,rebound,,,,1626147|1627738|1627752|1628411|1629121|1713|203082|203487|203920|203932,1628411|203082|203487|203920|203932,1626147|1627738|1627752|1629121|1713,41.0,263.0,1610612753.0,21801181,True
4,PT10M34.00S,10:34,Q4 10:34,10.566666666666666,564,rebound,Anderson REBOUND (Off:0 Def:2),[],Anderson,116,85,,False,False,1626147.0,,3pt missed,3pt missed,,,,1626147|1627738|1627752|1628411|1629121|1713|203082|203487|203920|203932,1626147|1627738|1627752|1629121|1713,1628411|203082|203487|203920|203932,,,1610612737.0,21801181,True
4,PT10M29.00S,10:29,Q4 10:29,10.483333333333333,565,3pt,MISS Anderson 26' 3PT Pullup Jump Shot,[],Anderson,116,85,Missed,True,False,1626147.0,,rebound,rebound,,,,1626147|1627738|1627752|1628411|1629121|1713|203082|203487|203920|203932,1626147|1627738|1627752|1629121|1713,1628411|203082|203487|203920|203932,-109.0,234.0,1610612737.0,21801181,True
4,PT10M27.00S,10:27,Q4 10:27,10.45,566,rebound,Gordon REBOUND (Off:0 Def:11),[],Gordon,116,85,,False,False,203932.0,,3pt missed,3pt made,,,,1626147|1627738|1627752|1628411|1629121|1713|203082|203487|203920|203932,1628411|203082|203487|203920|203932,1626147|1627738|1627752|1629121|1713,,,1610612753.0,21801181,True
4,PT10M11.00S,10:11,Q4 10:11,10.183333333333334,567,3pt,Iwundu 24' 3PT Jump Shot (9 PTS) (Birch 1 AST),[],Iwundu,119,85,Made,True,True,1628411.0,203920.0,rebound,3pt missed,,,,1626147|1627738|1627752|1628411|1629121|1713|203082|203487|203920|203932,1628411|203082|203487|203920|203932,1626147|1627738|1627752|1629121|1713,-232.0,60.0,1610612753.0,21801181,True
4,PT09M50.00S,09:50,Q4 09:50,9.833333333333334,569,3pt,MISS Prince 26' 3PT Jump Shot,[],Prince,119,85,Missed,True,False,1627752.0,,3pt made,rebound,,,,1626147|1627738|1627752|1628411|1629121|1713|203082|203487|203920|203932,1626147|1627738|1627752|1629121|1713,1628411|203082|203487|203920|203932,-124.0,234.0,1610612737.0,21801181,True
4,PT09M48.00S,09:48,Q4 09:48,9.8,570,rebound,Ross REBOUND (Off:0 Def:2),[],Ross,119,85,,False,False,203082.0,,3pt missed,3pt missed,,,,1626147|1627738|1627752|1628411|1629121|1713|203082|203487|203920|203932,1628411|203082|203487|203920|203932,1626147|1627738|1627752|1629121|1713,,,1610612753.0,21801181,True
4,PT09M41.00S,09:41,Q4 09:41,9.683333333333334,571,3pt,MISS Ross 26' 3PT Pullup Jump Shot,[],Ross,119,85,Missed,True,False,203082.0,,rebound,rebound,,,,1626147|1627738|1627752|1628411|1629121|1713|203082|203487|203920|203932,1628411|203082|203487|203920|203932,1626147|1627738|1627752|1629121|1713,-46.0,256.0,1610612753.0,21801181,True
4,PT09M39.00S,09:39,Q4 09:39,9.65,572,rebound,Adams REBOUND (Off:0 Def:1),[],Adams,119,85,,False,False,1629121.0,,3pt missed,turnover,,,,1626147|1627738|1627752|1628411|1629121|1713|203082|203487|203920|203932,1626147|1627738|1627752|1629121|1713,1628411|203082|203487|203920|203932,,,1610612737.0,21801181,True
4,PT09M36.00S,09:36,Q4 09:36,9.6,573,turnover,Adams Bad Pass Turnover (P3.T11),[],Adams,119,85,,False,False,1629121.0,,rebound,steal,,,,1626147|1627738|1627752|1628411|1629121|1713|203082|203487|203920|203932,1626147|1627738|1627752|1629121|1713,1628411|203082|203487|203920|203932,,,1610612737.0,21801181,True
4,PT09M36.00S,09:36,Q4 09:36,9.6,573,steal,Birch STEAL (1 STL),[],Birch,119,85,,False,False,203920.0,,turnover,turnover,,203920.0,,1626147|1627738|1627752|1628411|1629121|1713|203082|203487|203920|203932,1628411|203082|203487|203920|203932,1626147|1627738|1627752|1629121|1713,,,1610612753.0,21801181,True
4,PT09M19.00S,09:19,Q4 09:19,9.316666666666666,575,turnover,Gordon Bad Pass Turnover (P6.T18),[],Gordon,119,85,,False,False,203932.0,,steal,steal,,,,1626147|1627738|1627752|1628411|1629121|1713|203082|203487|203920|203932,1628411|203082|203487|203920|203932,1626147|1627738|1627752|1629121|1713,,,1610612753.0,21801181,True
4,PT09M19.00S,09:19,Q4 09:19,9.316666666666666,575,steal,Adams STEAL (4 STL),[],Adams,119,85,,False,False,1629121.0,,turnover,2pt made,,1629121.0,,1626147|1627738|1627752|1628411|1629121|1713|203082|203487|203920|203932,1626147|1627738|1627752|1629121|1713,1628411|203082|203487|203920|203932,,,1610612737.0,21801181,True
4,PT09M12.00S,09:12,Q4 09:12,9.2,577,2pt,Davis 2' Cutting Dunk Shot (5 PTS) (Adams 4 AST),['pointsinthepaint'],Davis,119,87,Made,True,True,1627738.0,1629121.0,steal,2pt made,,,,1626147|1627738|1627752|1628411|1629121|1713|203082|203487|203920|203932,1626147|1627738|1627752|1629121|1713,1628411|203082|203487|203920|203932,-13.0,14.0,1610612737.0,21801181,True
4,PT08M57.00S,08:57,Q4 08:57,8.95,579,2pt,Carter-Williams Driving Layup (2 PTS),['pointsinthepaint'],Carter-Williams,121,87,Made,True,False,203487.0,,2pt made,foul,,,,1626147|1627738|1627752|1628411|1629121|1713|203082|203487|203920|203932,1628411|203082|203487|203920|203932,1626147|1627738|1627752|1629121|1713,-2.0,4.0,1610612753.0,21801181,True
4,PT08M39.00S,08:39,Q4 08:39,8.65,580,foul,Iwundu S.FOUL (P2.T1) (J.Phillips),[],Iwundu,121,87,,False,False,1628411.0,,2pt made,freethrow,1627752.0,,,1626147|1627738|1627752|1628411|1629121|1713|203082|203487|203920|203932,1628411|203082|203487|203920|203932,1626147|1627738|1627752|1629121|1713,,,1610612753.0,21801181,True
4,PT08M39.00S,08:39,Q4 08:39,8.65,582,freethrow,Prince Free Throw 1 of 3 (9 PTS),[],Prince,121,88,Made,False,False,1627752.0,,foul,freethrow,,,,1626147|1627738|1627752|1628411|1629121|1713|203082|203487|203920|203932,1626147|1627738|1627752|1629121|1713,1628411|203082|203487|203920|203932,,,1610612737.0,21801181,True
4,PT08M39.00S,08:39,Q4 08:39,8.65,583,freethrow,Prince Free Throw 2 of 3 (10 PTS),[],Prince,121,89,Made,False,False,1627752.0,,freethrow,freethrow,,,,1626147|1627738|1627752|1628411|1629121|1713|203082|203487|203920|203932,1626147|1627738|1627752|1629121|1713,1628411|203082|203487|203920|203932,,,1610612737.0,21801181,True
4,PT08M39.00S,08:39,Q4 08:39,8.65,590,freethrow,MISS Prince Free Throw 3 of 3,[],Prince,121,89,Missed,False,False,1627752.0,,freethrow,substitution,,,,1626147|1627738|1627752|1628411|1629121|1713|203082|203487|203920|203932,1626147|1627738|1627752|1629121|1713,1628411|203082|203487|203920|203932,,,1610612737.0,21801181,True
4,PT08M39.00S,08:39,Q4 08:39,8.65,584,substitution,SUB out: D. Davis,[],Davis,121,89,,False,False,1627738.0,,freethrow,substitution,,,,1626147|1627752|1628411|1629121|1713|203082|203487|203920|203932,1626147|1627752|1629121|1713,1628411|203082|203487|203920|203932,,,1610612737.0,21801181,False
4,PT08M39.00S,08:39,Q4 08:39,8.65,585,substitution,SUB out: J. Adams,[],Adams,121,89,,False,False,1629121.0,,substitution,substitution,,,,1626147|1627752|1628411|1713|203082|203487|203920|203932,1626147|1627752|1713,1628411|203082|203487|203920|203932,,,1610612737.0,21801181,False
4,PT08M39.00S,08:39,Q4 08:39,8.65,586,substitution,SUB out: V. Carter,[],Carter,121,89,,False,False,1713.0,,substitution,substitution,,,,1626147|1627752|1628411|203082|203487|203920|203932,1626147|1627752,1628411|203082|203487|203920|203932,,,1610612737.0,21801181,False
4,PT08M39.00S,08:39,Q4 08:39,8.65,587,substitution,SUB out: A. Gordon,[],Gordon,121,89,,False,False,203932.0,,substitution,substitution,,,,1626147|1627752|1628411|203082|203487|203920,1628411|203082|203487|203920,1626147|1627752,,,1610612753.0,21801181,False
4,PT08M39.00S,08:39,Q4 08:39,8.65,588,substitution,SUB in: T. Young,[],Young,121,89,,False,False,1629027.0,,substitution,substitution,,,,1626147|1627752|1628411|1629027|203082|203487|203920,1626147|1627752|1629027,1628411|203082|203487|203920,,,1610612737.0,21801181,False
4,PT08M39.00S,08:39,Q4 08:39,8.65,589,substitution,SUB in: J. Collins,[],Collins,121,89,,False,False,1628381.0,,substitution,substitution,,,,1626147|1627752|1628381|1628411|1629027|203082|203487|203920,1626147|1627752|1628381|1629027,1628411|203082|203487|203920,,,1610612737.0,21801181,False
4,PT08M39.00S,08:39,Q4 08:39,8.65,590,substitution,SUB in: A. Len,[],Len,121,89,,False,False,203458.0,,substitution,substitution,,,,1626147|1627752|1628381|1628411|1629027|203082|203458|203487|203920,1626147|1627752|1628381|1629027|203458,1628411|203082|203487|203920,,,1610612737.0,21801181,False
4,PT08M39.00S,08:39,Q4 08:39,8.65,591,substitution,SUB in: J. Martin,[],Martin,121,89,,False,False,1626185.0,,substitution,rebound,,,,1626147|1626185|1627752|1628381|1628411|1629027|203082|203458|203487|203920,1626185|1628411|203082|203487|203920,1626147|1627752|1628381|1629027|203458,,,1610612753.0,21801181,True
4,PT08M37.00S,08:37,Q4 08:37,8.616666666666667,591,rebound,Collins REBOUND (Off:3 Def:2),[],Collins,121,89,,False,False,1628381.0,,substitution,2pt made,,,,1626147|1626185|1627752|1628381|1628411|1629027|203082|203458|203487|203920,1626147|1627752|1628381|1629027|203458,1626185|1628411|203082|203487|203920,,,1610612737.0,21801181,True
4,PT08M23.00S,08:23,Q4 08:23,8.383333333333333,592,2pt,Collins 2' Reverse Layup (14 PTS) (Prince 1 AST),['pointsinthepaint'],Collins,121,91,Made,True,True,1628381.0,1627752.0,rebound,turnover,,,,1626147|1626185|1627752|1628381|1628411|1629027|203082|203458|203487|203920,1626147|1627752|1628381|1629027|203458,1626185|1628411|203082|203487|203920,19.0,13.0,1610612737.0,21801181,True
4,PT08M02.00S,08:02,Q4 08:02,8.033333333333333,594,turnover,Ross Bad Pass Turnover (P3.T19),[],Ross,121,91,,False,False,203082.0,,2pt made,steal,,,,1626147|1626185|1627752|1628381|1628411|1629027|203082|203458|203487|203920,1626185|1628411|203082|203487|203920,1626147|1627752|1628381|1629027|203458,,,1610612753.0,21801181,True
4,PT08M02.00S,08:02,Q4 08:02,8.033333333333333,594,steal,Prince STEAL (1 STL),[],Prince,121,91,,False,False,1627752.0,,turnover,2pt made,,1627752.0,,1626147|1626185|1627752|1628381|1628411|1629027|203082|203458|203487|203920,1626147|1627752|1628381|1629027|203458,1626185|1628411|203082|203487|203920,,,1610612737.0,21801181,True
4,PT07M58.00S,07:58,Q4 07:58,7.966666666666667,596,2pt,Prince 2' Running Layup (12 PTS),['pointsinthepaint'],Prince,121,93,Made,True,False,1627752.0,,steal,timeout,,,,1626147|1626185|1627752|1628381|1628411|1629027|203082|203458|203487|203920,1626147|1627752|1628381|1629027|203458,1626185|1628411|203082|203487|203920,17.0,11.0,1610612737.0,21801181,True
4,PT07M58.00S,07:58,Q4 07:58,7.966666666666667,597,timeout,MAGIC Timeout: Regular (Full 3 Short 0),[],,121,93,,False,False,0.0,,2pt made,substitution,,,,1626147|1626185|1627752|1628381|1628411|1629027|203082|203458|203487|203920,1626185|1628411|203082|203487|203920,1626147|1627752|1628381|1629027|203458,,,1610612753.0,21801181,True
4,PT07M58.00S,07:58,Q4 07:58,7.966666666666667,599,substitution,SUB out: M. Carter-Williams,[],Carter-Williams,121,93,,False,False,203487.0,,timeout,substitution,,,,1626147|1626185|1627752|1628381|1628411|1629027|203082|203458|203920,1626185|1628411|203082|203920,1626147|1627752|1628381|1629027|203458,,,1610612753.0,21801181,False
4,PT07M58.00S,07:58,Q4 07:58,7.966666666666667,600,substitution,SUB out: K. Birch,[],Birch,121,93,,False,False,203920.0,,substitution,substitution,,,,1626147|1626185|1627752|1628381|1628411|1629027|203082|203458,1626185|1628411|203082,1626147|1627752|1628381|1629027|203458,,,1610612753.0,21801181,False
4,PT07M58.00S,07:58,Q4 07:58,7.966666666666667,601,substitution,SUB out: W. Iwundu,[],Iwundu,121,93,,False,False,1628411.0,,substitution,substitution,,,,1626147|1626185|1627752|1628381|1629027|203082|203458,1626185|203082,1626147|1627752|1628381|1629027|203458,,,1610612753.0,21801181,False
4,PT07M58.00S,07:58,Q4 07:58,7.966666666666667,602,substitution,SUB in: N. Vucevic,[],Vucevic,121,93,,False,False,202696.0,,substitution,substitution,,,,1626147|1626185|1627752|1628381|1629027|202696|203082|203458,1626185|202696|203082,1626147|1627752|1628381|1629027|203458,,,1610612753.0,21801181,False
4,PT07M58.00S,07:58,Q4 07:58,7.966666666666667,603,substitution,SUB in: E. Fournier,[],Fournier,121,93,,False,False,203095.0,,substitution,substitution,,,,1626147|1626185|1627752|1628381|1629027|202696|203082|203095|203458,1626185|202696|203082|203095,1626147|1627752|1628381|1629027|203458,,,1610612753.0,21801181,False
4,PT07M58.00S,07:58,Q4 07:58,7.966666666666667,604,substitution,SUB in: D. Augustin,[],Augustin,121,93,,False,False,201571.0,,substitution,2pt made,,,,1626147|1626185|1627752|1628381|1629027|201571|202696|203082|203095|203458,1626185|201571|202696|203082|203095,1626147|1627752|1628381|1629027|203458,,,1610612753.0,21801181,True
4,PT07M45.00S,07:45,Q4 07:45,7.75,606,2pt,Ross 19' Jump Shot (22 PTS) (Augustin 6 AST),[],Ross,123,93,Made,True,True,203082.0,201571.0,substitution,2pt made,,,,1626147|1626185|1627752|1628381|1629027|201571|202696|203082|203095|203458,1626185|201571|202696|203082|203095,1626147|1627752|1628381|1629027|203458,101.0,157.0,1610612753.0,21801181,True
4,PT07M34.00S,07:34,Q4 07:34,7.566666666666666,608,2pt,Prince 11' Driving Floating Jump Shot (14 PTS),['pointsinthepaint'],Prince,123,95,Made,True,False,1627752.0,,2pt made,foul,,,,1626147|1626185|1627752|1628381|1629027|201571|202696|203082|203095|203458,1626147|1627752|1628381|1629027|203458,1626185|201571|202696|203082|203095,23.0,103.0,1610612737.0,21801181,True
4,PT07M34.00S,07:34,Q4 07:34,7.566666666666666,609,foul,Vucevic S.FOUL (P2.T2) (M.Smith),[],Vucevic,123,95,,False,False,202696.0,,2pt made,freethrow,1627752.0,,,1626147|1626185|1627752|1628381|1629027|201571|202696|203082|203095|203458,1626185|201571|202696|203082|203095,1626147|1627752|1628381|1629027|203458,,,1610612753.0,21801181,True
4,PT07M34.00S,07:34,Q4 07:34,7.566666666666666,611,freethrow,Prince Free Throw 1 of 1 (15 PTS),[],Prince,123,96,Made,False,False,1627752.0,,foul,foul,,,,1626147|1626185|1627752|1628381|1629027|201571|202696|203082|203095|203458,1626147|1627752|1628381|1629027|203458,1626185|201571|202696|203082|203095,,,1610612737.0,21801181,True
4,PT07M17.00S,07:17,Q4 07:17,7.283333333333333,612,foul,Anderson S.FOUL (P4.T2) (M.Smith),[],Anderson,123,96,,False,False,1626147.0,,freethrow,freethrow,203095.0,,,1626147|1626185|1627752|1628381|1629027|201571|202696|203082|203095|203458,1626147|1627752|1628381|1629027|203458,1626185|201571|202696|203082|203095,,,1610612737.0,21801181,True
4,PT07M17.00S,07:17,Q4 07:17,7.283333333333333,614,freethrow,Fournier Free Throw 1 of 2 (19 PTS),[],Fournier,124,96,Made,False,False,203095.0,,foul,freethrow,,,,1626147|1626185|1627752|1628381|1629027|201571|202696|203082|203095|203458,1626185|201571|202696|203082|203095,1626147|1627752|1628381|1629027|203458,,,1610612753.0,21801181,True
4,PT07M17.00S,07:17,Q4 07:17,7.283333333333333,615,freethrow,Fournier Free Throw 2 of 2 (20 PTS),[],Fournier,125,96,Made,False,False,203095.0,,freethrow,2pt missed,,,,1626147|1626185|1627752|1628381|1629027|201571|202696|203082|203095|203458,1626185|201571|202696|203082|203095,1626147|1627752|1628381|1629027|203458,,,1610612753.0,21801181,True
4,PT07M10.00S,07:10,Q4 07:10,7.166666666666667,616,2pt,MISS Prince 2' Driving Layup,['pointsinthepaint'],Prince,125,96,Missed,True,False,1627752.0,,freethrow,rebound,,,,1626147|1626185|1627752|1628381|1629027|201571|202696|203082|203095|203458,1626147|1627752|1628381|1629027|203458,1626185|201571|202696|203082|203095,13.0,18.0,1610612737.0,21801181,True
4,PT07M07.00S,07:07,Q4 07:07,7.116666666666666,617,rebound,Martin REBOUND (Off:0 Def:2),[],Martin,125,96,,False,False,1626185.0,,2pt missed,2pt made,,,,1626147|1626185|1627752|1628381|1629027|201571|202696|203082|203095|203458,1626185|201571|202696|203082|203095,1626147|1627752|1628381|1629027|203458,,,1610612753.0,21801181,True
4,PT06M58.00S,06:58,Q4 06:58,6.966666666666667,618,2pt,Vucevic 2' Cutting Finger Roll Layup Shot (25 PTS) (Martin 1 AST),['pointsinthepaint'],Vucevic,127,96,Made,True,True,202696.0,1626185.0,rebound,turnover,,,,1626147|1626185|1627752|1628381|1629027|201571|202696|203082|203095|203458,1626185|201571|202696|203082|203095,1626147|1627752|1628381|1629027|203458,4.0,20.0,1610612753.0,21801181,True
4,PT06M50.00S,06:50,Q4 06:50,6.833333333333333,620,turnover,Young Lost Ball Turnover (P2.T12),[],Young,127,96,,False,False,1629027.0,,2pt made,steal,,,,1626147|1626185|1627752|1628381|1629027|201571|202696|203082|203095|203458,1626147|1627752|1628381|1629027|203458,1626185|201571|202696|203082|203095,,,1610612737.0,21801181,True
4,PT06M50.00S,06:50,Q4 06:50,6.833333333333333,620,steal,Augustin STEAL (2 STL),[],Augustin,127,96,,False,False,201571.0,,turnover,3pt made,,201571.0,,1626147|1626185|1627752|1628381|1629027|201571|202696|203082|203095|203458,1626185|201571|202696|203082|203095,1626147|1627752|1628381|1629027|203458,,,1610612753.0,21801181,True
4,PT06M41.00S,06:41,Q4 06:41,6.683333333333334,622,3pt,Ross 27' 3PT Jump Shot (25 PTS) (Augustin 7 AST),[],Ross,130,96,Made,True,True,203082.0,201571.0,steal,timeout,,,,1626147|1626185|1627752|1628381|1629027|201571|202696|203082|203095|203458,1626185|201571|202696|203082|203095,1626147|1627752|1628381|1629027|203458,65.0,259.0,1610612753.0,21801181,True
4,PT06M39.00S,06:39,Q4 06:39,6.65,624,timeout,Hawks Timeout: Regular (Reg.5 Short 0),[],,130,96,,False,False,0.0,,3pt made,substitution,,,,1626147|1626185|1627752|1628381|1629027|201571|202696|203082|203095|203458,1626147|1627752|1628381|1629027|203458,1626185|201571|202696|203082|203095,,,1610612737.0,21801181,True
4,PT06M39.00S,06:39,Q4 06:39,6.65,627,substitution,SUB out: T. Prince,[],Prince,130,96,,False,False,1627752.0,,timeout,substitution,,,,1626147|1626185|1628381|1629027|201571|202696|203082|203095|203458,1626147|1628381|1629027|203458,1626185|201571|202696|203082|203095,,,1610612737.0,21801181,False
4,PT06M39.00S,06:39,Q4 06:39,6.65,628,substitution,SUB out: J. Anderson,[],Anderson,130,96,,False,False,1626147.0,,substitution,substitution,,,,1626185|1628381|1629027|201571|202696|203082|203095|203458,1628381|1629027|203458,1626185|201571|202696|203082|203095,,,1610612737.0,21801181,False
4,PT06M39.00S,06:39,Q4 06:39,6.65,629,substitution,SUB in: D. Bembry,[],Bembry,130,96,,False,False,1627761.0,,substitution,substitution,,,,1626185|1627761|1628381|1629027|201571|202696|203082|203095|203458,1627761|1628381|1629027|203458,1626185|201571|202696|203082|203095,,,1610612737.0,21801181,False
4,PT06M39.00S,06:39,Q4 06:39,6.65,630,substitution,SUB in: V. Carter,[],Carter,130,96,,False,False,1713.0,,substitution,foul,,,,1626185|1627761|1628381|1629027|1713|201571|202696|203082|203095|203458,1627761|1628381|1629027|1713|203458,1626185|201571|202696|203082|203095,,,1610612737.0,21801181,True
4,PT06M30.00S,06:30,Q4 06:30,6.5,631,foul,Martin S.FOUL (P3.T3) (M.Smith),[],Martin,130,96,,False,False,1626185.0,,substitution,freethrow,1629027.0,,,1626185|1627761|1628381|1629027|1713|201571|202696|203082|203095|203458,1626185|201571|202696|203082|203095,1627761|1628381|1629027|1713|203458,,,1610612753.0,21801181,True
4,PT06M30.00S,06:30,Q4 06:30,6.5,633,freethrow,Young Free Throw 1 of 2 (19 PTS),[],Young,130,97,Made,False,False,1629027.0,,foul,freethrow,,,,1626185|1627761|1628381|1629027|1713|201571|202696|203082|203095|203458,1627761|1628381|1629027|1713|203458,1626185|201571|202696|203082|203095,,,1610612737.0,21801181,True
4,PT06M30.00S,06:30,Q4 06:30,6.5,634,freethrow,MISS Young Free Throw 2 of 2,[],Young,130,97,Missed,False,False,1629027.0,,freethrow,rebound,,,,1626185|1627761|1628381|1629027|1713|201571|202696|203082|203095|203458,1627761|1628381|1629027|1713|203458,1626185|201571|202696|203082|203095,,,1610612737.0,21801181,True
4,PT06M28.00S,06:28,Q4 06:28,6.466666666666667,635,rebound,Vucevic REBOUND (Off:4 Def:7),[],Vucevic,130,97,,False,False,202696.0,,freethrow,foul,,,,1626185|1627761|1628381|1629027|1713|201571|202696|203082|203095|203458,1626185|201571|202696|203082|203095,1627761|1628381|1629027|1713|203458,,,1610612753.0,21801181,True
4,PT06M12.00S,06:12,Q4 06:12,6.2,636,foul,Bembry P.FOUL (P2.T3) (D.Collins),[],Bembry,130,97,,False,False,1627761.0,,rebound,2pt made,203095.0,,,1626185|1627761|1628381|1629027|1713|201571|202696|203082|203095|203458,1627761|1628381|1629027|1713|203458,1626185|201571|202696|203082|203095,,,1610612737.0,21801181,True
4,PT06M07.00S,06:07,Q4 06:07,6.116666666666666,638,2pt,Fournier 1' Cutting Layup Shot (22 PTS) (Martin 2 AST),['pointsinthepaint'],Fournier,132,97,Made,True,True,203095.0,1626185.0,foul,foul,,,,1626185|1627761|1628381|1629027|1713|201571|202696|203082|203095|203458,1626185|201571|202696|203082|203095,1627761|1628381|1629027|1713|203458,10.0,7.0,1610612753.0,21801181,True
4,PT05M59.00S,05:59,Q4 05:59,5.983333333333333,641,foul,Martin S.FOUL (P4.T4) (J.Phillips),[],Martin,132,97,,False,False,1626185.0,,2pt made,freethrow,1628381.0,,,1626185|1627761|1628381|1629027|1713|201571|202696|203082|203095|203458,1626185|201571|202696|203082|203095,1627761|1628381|1629027|1713|203458,,,1610612753.0,21801181,True
4,PT05M59.00S,05:59,Q4 05:59,5.983333333333333,643,freethrow,Collins Free Throw 1 of 3 (15 PTS),[],Collins,132,98,Made,False,False,1628381.0,,foul,freethrow,,,,1626185|1627761|1628381|1629027|1713|201571|202696|203082|203095|203458,1627761|1628381|1629027|1713|203458,1626185|201571|202696|203082|203095,,,1610612737.0,21801181,True
4,PT05M59.00S,05:59,Q4 05:59,5.983333333333333,644,freethrow,MISS Collins Free Throw 2 of 3,[],Collins,132,98,Missed,False,False,1628381.0,,freethrow,rebound,,,,1626185|1627761|1628381|1629027|1713|201571|202696|203082|203095|203458,1627761|1628381|1629027|1713|203458,1626185|201571|202696|203082|203095,,,1610612737.0,21801181,True
4,PT05M59.00S,05:59,Q4 05:59,5.983333333333333,645,rebound,TEAM offensive REBOUND,['team'],,132,98,,False,False,0.0,,freethrow,freethrow,,,,1626185|1627761|1628381|1629027|1713|201571|202696|203082|203095|203458,1627761|1628381|1629027|1713|203458,1626185|201571|202696|203082|203095,,,1610612737.0,21801181,True
4,PT05M59.00S,05:59,Q4 05:59,5.983333333333333,646,freethrow,Collins Free Throw 3 of 3 (16 PTS),['2ndchance'],Collins,132,99,Made,False,False,1628381.0,,rebound,3pt made,,,,1626185|1627761|1628381|1629027|1713|201571|202696|203082|203095|203458,1627761|1628381|1629027|1713|203458,1626185|201571|202696|203082|203095,,,1610612737.0,21801181,True
4,PT05M45.00S,05:45,Q4 05:45,5.75,648,3pt,Fournier 25' 3PT Jump Shot (25 PTS),[],Fournier,135,99,Made,True,False,203095.0,,freethrow,foul,,,,1626185|1627761|1628381|1629027|1713|201571|202696|203082|203095|203458,1626185|201571|202696|203082|203095,1627761|1628381|1629027|1713|203458,101.0,225.0,1610612753.0,21801181,True
4,PT05M32.00S,05:32,Q4 05:32,5.533333333333333,649,foul,Vucevic S.FOUL (P3.PN) (M.Smith),['inpenalty'],Vucevic,135,99,,False,False,202696.0,,3pt made,freethrow,1713.0,,,1626185|1627761|1628381|1629027|1713|201571|202696|203082|203095|203458,1626185|201571|202696|203082|203095,1627761|1628381|1629027|1713|203458,,,1610612753.0,21801181,True
4,PT05M32.00S,05:32,Q4 05:32,5.533333333333333,651,freethrow,Carter Free Throw 1 of 2 (10 PTS),[],Carter,135,100,Made,False,False,1713.0,,foul,freethrow,,,,1626185|1627761|1628381|1629027|1713|201571|202696|203082|203095|203458,1627761|1628381|1629027|1713|203458,1626185|201571|202696|203082|203095,,,1610612737.0,21801181,True
4,PT05M32.00S,05:32,Q4 05:32,5.533333333333333,652,freethrow,Carter Free Throw 2 of 2 (11 PTS),[],Carter,135,101,Made,False,False,1713.0,,freethrow,3pt missed,,,,1626185|1627761|1628381|1629027|1713|201571|202696|203082|203095|203458,1627761|1628381|1629027|1713|203458,1626185|201571|202696|203082|203095,,,1610612737.0,21801181,True
4,PT05M17.00S,05:17,Q4 05:17,5.283333333333333,653,3pt,MISS Vucevic 26' 3PT Jump Shot,[],Vucevic,135,101,Missed,True,False,202696.0,,freethrow,rebound,,,,1626185|1627761|1628381|1629027|1713|201571|202696|203082|203095|203458,1626185|201571|202696|203082|203095,1627761|1628381|1629027|1713|203458,-239.0,99.0,1610612753.0,21801181,True
4,PT05M14.00S,05:14,Q4 05:14,5.233333333333333,654,rebound,Young REBOUND (Off:1 Def:4),[],Young,135,101,,False,False,1629027.0,,3pt missed,3pt missed,,,,1626185|1627761|1628381|1629027|1713|201571|202696|203082|203095|203458,1627761|1628381|1629027|1713|203458,1626185|201571|202696|203082|203095,,,1610612737.0,21801181,True
4,PT05M08.00S,05:08,Q4 05:08,5.133333333333334,655,3pt,MISS Collins 3PT Jump Shot,[],Collins,135,101,Missed,True,False,1628381.0,,rebound,rebound,,,,1626185|1627761|1628381|1629027|1713|201571|202696|203082|203095|203458,1627761|1628381|1629027|1713|203458,1626185|201571|202696|203082|203095,231.0,20.0,1610612737.0,21801181,True
4,PT05M06.00S,05:06,Q4 05:06,5.1,656,rebound,Augustin REBOUND (Off:0 Def:3),[],Augustin,135,101,,False,False,201571.0,,3pt missed,3pt missed,,,,1626185|1627761|1628381|1629027|1713|201571|202696|203082|203095|203458,1626185|201571|202696|203082|203095,1627761|1628381|1629027|1713|203458,,,1610612753.0,21801181,True
4,PT04M56.00S,04:56,Q4 04:56,4.933333333333334,657,3pt,MISS Martin 24' 3PT Jump Shot,[],Martin,135,101,Missed,True,False,1626185.0,,rebound,rebound,,,,1626185|1627761|1628381|1629027|1713|201571|202696|203082|203095|203458,1626185|201571|202696|203082|203095,1627761|1628381|1629027|1713|203458,-240.0,13.0,1610612753.0,21801181,True
4,PT04M51.00S,04:51,Q4 04:51,4.85,658,rebound,Young REBOUND (Off:1 Def:5),[],Young,135,101,,False,False,1629027.0,,3pt missed,2pt made,,,,1626185|1627761|1628381|1629027|1713|201571|202696|203082|203095|203458,1627761|1628381|1629027|1713|203458,1626185|201571|202696|203082|203095,,,1610612737.0,21801181,True
4,PT04M46.00S,04:46,Q4 04:46,4.766666666666667,659,2pt,Collins 2' Layup (18 PTS) (Young 6 AST),['pointsinthepaint'],Collins,135,103,Made,True,True,1628381.0,1629027.0,rebound,timeout,,,,1626185|1627761|1628381|1629027|1713|201571|202696|203082|203095|203458,1627761|1628381|1629027|1713|203458,1626185|201571|202696|203082|203095,-15.0,3.0,1610612737.0,21801181,True
4,PT04M45.00S,04:45,Q4 04:45,4.75,661,timeout,MAGIC Timeout: Regular (Full 4 Short 0),[],,135,103,,False,False,0.0,,2pt made,substitution,,,,1626185|1627761|1628381|1629027|1713|201571|202696|203082|203095|203458,1626185|201571|202696|203082|203095,1627761|1628381|1629027|1713|203458,,,1610612753.0,21801181,True
4,PT04M45.00S,04:45,Q4 04:45,4.75,662,substitution,SUB out: N. Vucevic,[],Vucevic,135,103,,False,False,202696.0,,timeout,substitution,,,,1626185|1627761|1628381|1629027|1713|201571|203082|203095|203458,1626185|201571|203082|203095,1627761|1628381|1629027|1713|203458,,,1610612753.0,21801181,False
4,PT04M45.00S,04:45,Q4 04:45,4.75,663,substitution,SUB out: E. Fournier,[],Fournier,135,103,,False,False,203095.0,,substitution,substitution,,,,1626185|1627761|1628381|1629027|1713|201571|203082|203458,1626185|201571|203082,1627761|1628381|1629027|1713|203458,,,1610612753.0,21801181,False
4,PT04M45.00S,04:45,Q4 04:45,4.75,664,substitution,SUB out: D. Augustin,[],Augustin,135,103,,False,False,201571.0,,substitution,substitution,,,,1626185|1627761|1628381|1629027|1713|203082|203458,1626185|203082,1627761|1628381|1629027|1713|203458,,,1610612753.0,21801181,False
4,PT04M45.00S,04:45,Q4 04:45,4.75,665,substitution,SUB out: T. Ross,[],Ross,135,103,,False,False,203082.0,,substitution,substitution,,,,1626185|1627761|1628381|1629027|1713|203458,1626185,1627761|1628381|1629027|1713|203458,,,1610612753.0,21801181,False
4,PT04M45.00S,04:45,Q4 04:45,4.75,666,substitution,SUB in: M. Frazier Jr.,[],Frazier Jr.,135,103,,False,False,1628982.0,,substitution,substitution,,,,1626185|1627761|1628381|1628982|1629027|1713|203458,1626185|1628982,1627761|1628381|1629027|1713|203458,,,1610612753.0,21801181,False
4,PT04M45.00S,04:45,Q4 04:45,4.75,667,substitution,SUB in: J. Grant,[],Grant,135,103,,False,False,1626170.0,,substitution,substitution,,,,1626170|1626185|1627761|1628381|1628982|1629027|1713|203458,1626170|1626185|1628982,1627761|1628381|1629027|1713|203458,,,1610612753.0,21801181,False
4,PT04M45.00S,04:45,Q4 04:45,4.75,668,substitution,SUB in: A. Jefferson,[],Jefferson,135,103,,False,False,1628518.0,,substitution,substitution,,,,1626170|1626185|1627761|1628381|1628518|1628982|1629027|1713|203458,1626170|1626185|1628518|1628982,1627761|1628381|1629027|1713|203458,,,1610612753.0,21801181,False
4,PT04M45.00S,04:45,Q4 04:45,4.75,669,substitution,SUB in: M. Carter-Williams,[],Carter-Williams,135,103,,False,False,203487.0,,substitution,3pt made,,,,1626170|1626185|1627761|1628381|1628518|1628982|1629027|1713|203458|203487,1626170|1626185|1628518|1628982|203487,1627761|1628381|1629027|1713|203458,,,1610612753.0,21801181,True
4,PT04M25.00S,04:25,Q4 04:25,4.416666666666667,671,3pt,Grant 26' 3PT Pullup Jump Shot (3 PTS),[],Grant,138,103,Made,True,False,1626170.0,,substitution,foul,,,,1626170|1626185|1627761|1628381|1628518|1628982|1629027|1713|203458|203487,1626170|1626185|1628518|1628982|203487,1627761|1628381|1629027|1713|203458,-90.0,247.0,1610612753.0,21801181,True
4,PT04M11.00S,04:11,Q4 04:11,4.183333333333334,672,foul,Grant S.FOUL (P1.PN) (M.Smith),['inpenalty'],Grant,138,103,,False,False,1626170.0,,3pt made,freethrow,1627761.0,,,1626170|1626185|1627761|1628381|1628518|1628982|1629027|1713|203458|203487,1626170|1626185|1628518|1628982|203487,1627761|1628381|1629027|1713|203458,,,1610612753.0,21801181,True
4,PT04M11.00S,04:11,Q4 04:11,4.183333333333334,674,freethrow,MISS Bembry Free Throw 1 of 2,[],Bembry,138,103,Missed,False,False,1627761.0,,foul,rebound,,,,1626170|1626185|1627761|1628381|1628518|1628982|1629027|1713|203458|203487,1627761|1628381|1629027|1713|203458,1626170|1626185|1628518|1628982|203487,,,1610612737.0,21801181,True
4,PT04M11.00S,04:11,Q4 04:11,4.183333333333334,675,rebound,TEAM offensive REBOUND,['team'],,138,103,,False,False,0.0,,freethrow,freethrow,,,,1626170|1626185|1627761|1628381|1628518|1628982|1629027|1713|203458|203487,1627761|1628381|1629027|1713|203458,1626170|1626185|1628518|1628982|203487,,,1610612737.0,21801181,True
4,PT04M11.00S,04:11,Q4 04:11,4.183333333333334,678,freethrow,Bembry Free Throw 2 of 2 (12 PTS),[],Bembry,138,104,Made,False,False,1627761.0,,rebound,substitution,,,,1626170|1626185|1627761|1628381|1628518|1628982|1629027|1713|203458|203487,1627761|1628381|1629027|1713|203458,1626170|1626185|1628518|1628982|203487,,,1610612737.0,21801181,True
4,PT04M11.00S,04:11,Q4 04:11,4.183333333333334,676,substitution,SUB out: A. Len,[],Len,138,103,,False,False,203458.0,,freethrow,substitution,,,,1626170|1626185|1627761|1628381|1628518|1628982|1629027|1713|203487,1627761|1628381|1629027|1713,1626170|1626185|1628518|1628982|203487,,,1610612737.0,21801181,False
4,PT04M11.00S,04:11,Q4 04:11,4.183333333333334,677,substitution,SUB in: J. Adams,[],Adams,138,103,,False,False,1629121.0,,substitution,foul,,,,1626170|1626185|1627761|1628381|1628518|1628982|1629027|1629121|1713|203487,1627761|1628381|1629027|1629121|1713,1626170|1626185|1628518|1628982|203487,,,1610612737.0,21801181,True
4,PT03M51.00S,03:51,Q4 03:51,3.85,679,foul,Collins S.FOUL (P5.T4) (M.Smith),[],Collins,138,104,,False,False,1628381.0,,substitution,freethrow,203487.0,,,1626170|1626185|1627761|1628381|1628518|1628982|1629027|1629121|1713|203487,1627761|1628381|1629027|1629121|1713,1626170|1626185|1628518|1628982|203487,,,1610612737.0,21801181,True
4,PT03M51.00S,03:51,Q4 03:51,3.85,681,freethrow,Carter-Williams Free Throw 1 of 2 (3 PTS),[],Carter-Williams,139,104,Made,False,False,203487.0,,foul,freethrow,,,,1626170|1626185|1627761|1628381|1628518|1628982|1629027|1629121|1713|203487,1626170|1626185|1628518|1628982|203487,1627761|1628381|1629027|1629121|1713,,,1610612753.0,21801181,True
4,PT03M51.00S,03:51,Q4 03:51,3.85,682,freethrow,Carter-Williams Free Throw 2 of 2 (4 PTS),[],Carter-Williams,140,104,Made,False,False,203487.0,,freethrow,2pt missed,,,,1626170|1626185|1627761|1628381|1628518|1628982|1629027|1629121|1713|203487,1626170|1626185|1628518|1628982|203487,1627761|1628381|1629027|1629121|1713,,,1610612753.0,21801181,True
4,PT03M44.00S,03:44,Q4 03:44,3.7333333333333334,683,2pt,MISS Young 12' Jump Shot,['pointsinthepaint'],Young,140,104,Missed,True,False,1629027.0,,freethrow,rebound,,,,1626170|1626185|1627761|1628381|1628518|1628982|1629027|1629121|1713|203487,1627761|1628381|1629027|1629121|1713,1626170|1626185|1628518|1628982|203487,76.0,90.0,1610612737.0,21801181,True
4,PT03M40.00S,03:40,Q4 03:40,3.6666666666666665,684,rebound,Young REBOUND (Off:2 Def:5),[],Young,140,104,,False,False,1629027.0,,2pt missed,2pt made,,,,1626170|1626185|1627761|1628381|1628518|1628982|1629027|1629121|1713|203487,1627761|1628381|1629027|1629121|1713,1626170|1626185|1628518|1628982|203487,,,1610612737.0,21801181,True
4,PT03M40.00S,03:40,Q4 03:40,3.6666666666666665,685,2pt,Young 2' Layup (21 PTS),['pointsinthepaint'],Young,140,106,Made,True,False,1629027.0,,rebound,foul,,,,1626170|1626185|1627761|1628381|1628518|1628982|1629027|1629121|1713|203487,1627761|1628381|1629027|1629121|1713,1626170|1626185|1628518|1628982|203487,13.0,11.0,1610612737.0,21801181,True
4,PT03M40.00S,03:40,Q4 03:40,3.6666666666666665,686,foul,Martin S.FOUL (P5.PN) (M.Smith),['inpenalty'],Martin,140,106,,False,False,1626185.0,,2pt made,freethrow,1629027.0,,,1626170|1626185|1627761|1628381|1628518|1628982|1629027|1629121|1713|203487,1626170|1626185|1628518|1628982|203487,1627761|1628381|1629027|1629121|1713,,,1610612753.0,21801181,True
4,PT03M40.00S,03:40,Q4 03:40,3.6666666666666665,688,freethrow,Young Free Throw 1 of 1 (22 PTS),[],Young,140,107,Made,False,False,1629027.0,,foul,3pt made,,,,1626170|1626185|1627761|1628381|1628518|1628982|1629027|1629121|1713|203487,1627761|1628381|1629027|1629121|1713,1626170|1626185|1628518|1628982|203487,,,1610612737.0,21801181,True
4,PT03M25.00S,03:25,Q4 03:25,3.4166666666666665,689,3pt,Grant 26' 3PT Jump Shot (6 PTS),[],Grant,143,107,Made,True,False,1626170.0,,freethrow,2pt made,,,,1626170|1626185|1627761|1628381|1628518|1628982|1629027|1629121|1713|203487,1626170|1626185|1628518|1628982|203487,1627761|1628381|1629027|1629121|1713,-106.0,233.0,1610612753.0,21801181,True
4,PT03M08.00S,03:08,Q4 03:08,3.1333333333333333,690,2pt,Bembry 2' Driving Layup (14 PTS) (Carter 1 AST),['pointsinthepaint'],Bembry,143,109,Made,True,True,1627761.0,1713.0,3pt made,2pt made,,,,1626170|1626185|1627761|1628381|1628518|1628982|1629027|1629121|1713|203487,1627761|1628381|1629027|1629121|1713,1626170|1626185|1628518|1628982|203487,-3.0,16.0,1610612737.0,21801181,True
4,PT02M38.00S,02:38,Q4 02:38,2.6333333333333333,691,2pt,Jefferson 2' Driving Layup (2 PTS) (Grant 1 AST),['pointsinthepaint'],Jefferson,145,109,Made,True,True,1628518.0,1626170.0,2pt made,3pt missed,,,,1626170|1626185|1627761|1628381|1628518|1628982|1629027|1629121|1713|203487,1626170|1626185|1628518|1628982|203487,1627761|1628381|1629027|1629121|1713,-1.0,16.0,1610612753.0,21801181,True
4,PT02M23.00S,02:23,Q4 02:23,2.3833333333333333,692,3pt,MISS Collins 27' 3PT Jump Shot,[],Collins,145,109,Missed,True,False,1628381.0,,2pt made,rebound,,,,1626170|1626185|1627761|1628381|1628518|1628982|1629027|1629121|1713|203487,1627761|1628381|1629027|1629121|1713,1626170|1626185|1628518|1628982|203487,54.0,263.0,1610612737.0,21801181,True
4,PT02M23.00S,02:23,Q4 02:23,2.3833333333333333,693,rebound,Martin REBOUND (Off:0 Def:3),[],Martin,145,109,,False,False,1626185.0,,3pt missed,2pt missed,,,,1626170|1626185|1627761|1628381|1628518|1628982|1629027|1629121|1713|203487,1626170|1626185|1628518|1628982|203487,1627761|1628381|1629027|1629121|1713,,,1610612753.0,21801181,True
4,PT02M13.00S,02:13,Q4 02:13,2.216666666666667,695,2pt,MISS Jefferson 6' Jump Bank Shot,['pointsinthepaint'],Jefferson,145,109,Missed,True,False,1628518.0,,rebound,rebound,,,,1626170|1626185|1627761|1628381|1628518|1628982|1629027|1629121|1713|203487,1626170|1626185|1628518|1628982|203487,1627761|1628381|1629027|1629121|1713,56.0,31.0,1610612753.0,21801181,True
4,PT02M11.00S,02:11,Q4 02:11,2.183333333333333,696,rebound,Bembry REBOUND (Off:2 Def:6),[],Bembry,145,109,,False,False,1627761.0,,2pt missed,3pt missed,,,,1626170|1626185|1627761|1628381|1628518|1628982|1629027|1629121|1713|203487,1627761|1628381|1629027|1629121|1713,1626170|1626185|1628518|1628982|203487,,,1610612737.0,21801181,True
4,PT02M06.00S,02:06,Q4 02:06,2.1,697,3pt,MISS Young 28' 3PT Jump Shot,[],Young,145,109,Missed,True,False,1629027.0,,rebound,rebound,,,,1626170|1626185|1627761|1628381|1628518|1628982|1629027|1629121|1713|203487,1627761|1628381|1629027|1629121|1713,1626170|1626185|1628518|1628982|203487,-135.0,245.0,1610612737.0,21801181,True
4,PT02M03.00S,02:03,Q4 02:03,2.05,698,rebound,Carter-Williams REBOUND (Off:2 Def:4),[],Carter-Williams,145,109,,False,False,203487.0,,3pt missed,3pt missed,,,,1626170|1626185|1627761|1628381|1628518|1628982|1629027|1629121|1713|203487,1626170|1626185|1628518|1628982|203487,1627761|1628381|1629027|1629121|1713,,,1610612753.0,21801181,True
4,PT01M58.00S,01:58,Q4 01:58,1.9666666666666668,699,3pt,MISS Frazier Jr. 3PT Jump Shot,[],Frazier Jr.,145,109,Missed,True,False,1628982.0,,rebound,rebound,,,,1626170|1626185|1627761|1628381|1628518|1628982|1629027|1629121|1713|203487,1626170|1626185|1628518|1628982|203487,1627761|1628381|1629027|1629121|1713,-226.0,0.0,1610612753.0,21801181,True
4,PT01M55.00S,01:55,Q4 01:55,1.9166666666666665,700,rebound,Martin REBOUND (Off:1 Def:3),[],Martin,145,109,,False,False,1626185.0,,3pt missed,2pt made,,,,1626170|1626185|1627761|1628381|1628518|1628982|1629027|1629121|1713|203487,1626170|1626185|1628518|1628982|203487,1627761|1628381|1629027|1629121|1713,,,1610612753.0,21801181,True
4,PT01M54.00S,01:54,Q4 01:54,1.9,701,2pt,Jefferson 2' Layup (4 PTS) (Grant 2 AST),['pointsinthepaint'],Jefferson,147,109,Made,True,True,1628518.0,1626170.0,rebound,timeout,,,,1626170|1626185|1627761|1628381|1628518|1628982|1629027|1629121|1713|203487,1626170|1626185|1628518|1628982|203487,1627761|1628381|1629027|1629121|1713,-17.0,12.0,1610612753.0,21801181,True
4,PT01M54.00S,01:54,Q4 01:54,1.9,703,timeout,Hawks Timeout: Regular (Reg.6 Short 0),[],,147,109,,False,False,0.0,,2pt made,substitution,,,,1626170|1626185|1627761|1628381|1628518|1628982|1629027|1629121|1713|203487,1627761|1628381|1629027|1629121|1713,1626170|1626185|1628518|1628982|203487,,,1610612737.0,21801181,True
4,PT01M54.00S,01:54,Q4 01:54,1.9,705,substitution,SUB out: T. Young,[],Young,147,109,,False,False,1629027.0,,timeout,substitution,,,,1626170|1626185|1627761|1628381|1628518|1628982|1629121|1713|203487,1627761|1628381|1629121|1713,1626170|1626185|1628518|1628982|203487,,,1610612737.0,21801181,False
4,PT01M54.00S,01:54,Q4 01:54,1.9,706,substitution,SUB out: V. Carter,[],Carter,147,109,,False,False,1713.0,,substitution,substitution,,,,1626170|1626185|1627761|1628381|1628518|1628982|1629121|203487,1627761|1628381|1629121,1626170|1626185|1628518|1628982|203487,,,1610612737.0,21801181,False
4,PT01M54.00S,01:54,Q4 01:54,1.9,707,substitution,SUB in: J. Anderson,[],Anderson,147,109,,False,False,1626147.0,,substitution,substitution,,,,1626147|1626170|1626185|1627761|1628381|1628518|1628982|1629121|203487,1626147|1627761|1628381|1629121,1626170|1626185|1628518|1628982|203487,,,1610612737.0,21801181,False
4,PT01M54.00S,01:54,Q4 01:54,1.9,708,substitution,SUB in: I. Humphries,[],Humphries,147,109,,False,False,1629353.0,,substitution,2pt missed,,,,1626147|1626170|1626185|1627761|1628381|1628518|1628982|1629121|1629353|203487,1626147|1627761|1628381|1629121|1629353,1626170|1626185|1628518|1628982|203487,,,1610612737.0,21801181,True
4,PT01M39.00S,01:39,Q4 01:39,1.65,709,2pt,MISS Collins 2' Cutting Layup Shot,['pointsinthepaint'],Collins,147,109,Missed,True,False,1628381.0,,substitution,rebound,,,,1626147|1626170|1626185|1627761|1628381|1628518|1628982|1629121|1629353|203487,1626147|1627761|1628381|1629121|1629353,1626170|1626185|1628518|1628982|203487,13.0,8.0,1610612737.0,21801181,True
4,PT01M36.00S,01:36,Q4 01:36,1.6,710,rebound,Martin REBOUND (Off:1 Def:4),[],Martin,147,109,,False,False,1626185.0,,2pt missed,3pt missed,,,,1626147|1626170|1626185|1627761|1628381|1628518|1628982|1629121|1629353|203487,1626170|1626185|1628518|1628982|203487,1626147|1627761|1628381|1629121|1629353,,,1610612753.0,21801181,True
4,PT01M27.00S,01:27,Q4 01:27,1.45,711,3pt,MISS Frazier Jr. 3PT Jump Shot,[],Frazier Jr.,147,109,Missed,True,False,1628982.0,,rebound,rebound,,,,1626147|1626170|1626185|1627761|1628381|1628518|1628982|1629121|1629353|203487,1626170|1626185|1628518|1628982|203487,1626147|1627761|1628381|1629121|1629353,-230.0,46.0,1610612753.0,21801181,True
4,PT01M24.00S,01:24,Q4 01:24,1.4,712,rebound,Adams REBOUND (Off:0 Def:2),[],Adams,147,109,,False,False,1629121.0,,3pt missed,turnover,,,,1626147|1626170|1626185|1627761|1628381|1628518|1628982|1629121|1629353|203487,1626147|1627761|1628381|1629121|1629353,1626170|1626185|1628518|1628982|203487,,,1610612737.0,21801181,True
4,PT01M19.00S,01:19,Q4 01:19,1.3166666666666667,713,turnover,Adams Lost Ball Turnover (P4.T13),[],Adams,147,109,,False,False,1629121.0,,rebound,steal,,,,1626147|1626170|1626185|1627761|1628381|1628518|1628982|1629121|1629353|203487,1626147|1627761|1628381|1629121|1629353,1626170|1626185|1628518|1628982|203487,,,1610612737.0,21801181,True
4,PT01M19.00S,01:19,Q4 01:19,1.3166666666666667,713,steal,Martin STEAL (1 STL),[],Martin,147,109,,False,False,1626185.0,,turnover,foul,,1626185.0,,1626147|1626170|1626185|1627761|1628381|1628518|1628982|1629121|1629353|203487,1626170|1626185|1628518|1628982|203487,1626147|1627761|1628381|1629121|1629353,,,1610612753.0,21801181,True
4,PT01M06.00S,01:06,Q4 01:06,1.1,716,foul,Bembry P.FOUL (P3.PN) (D.Collins),['inpenalty'],Bembry,147,109,,False,False,1627761.0,,steal,freethrow,1628982.0,,,1626147|1626170|1626185|1627761|1628381|1628518|1628982|1629121|1629353|203487,1626147|1627761|1628381|1629121|1629353,1626170|1626185|1628518|1628982|203487,,,1610612737.0,21801181,True
4,PT01M06.00S,01:06,Q4 01:06,1.1,718,freethrow,MISS Frazier Jr. Free Throw 1 of 2,[],Frazier Jr.,147,109,Missed,False,False,1628982.0,,foul,rebound,,,,1626147|1626170|1626185|1627761|1628381|1628518|1628982|1629121|1629353|203487,1626170|1626185|1628518|1628982|203487,1626147|1627761|1628381|1629121|1629353,,,1610612753.0,21801181,True
4,PT01M06.00S,01:06,Q4 01:06,1.1,719,rebound,TEAM offensive REBOUND,['team'],,147,109,,False,False,0.0,,freethrow,freethrow,,,,1626147|1626170|1626185|1627761|1628381|1628518|1628982|1629121|1629353|203487,1626170|1626185|1628518|1628982|203487,1626147|1627761|1628381|1629121|1629353,,,1610612753.0,21801181,True
4,PT01M06.00S,01:06,Q4 01:06,1.1,720,freethrow,MISS Frazier Jr. Free Throw 2 of 2,['2ndchance'],Frazier Jr.,147,109,Missed,False,False,1628982.0,,rebound,rebound,,,,1626147|1626170|1626185|1627761|1628381|1628518|1628982|1629121|1629353|203487,1626170|1626185|1628518|1628982|203487,1626147|1627761|1628381|1629121|1629353,,,1610612753.0,21801181,True
4,PT01M03.00S,01:03,Q4 01:03,1.05,721,rebound,Bembry REBOUND (Off:2 Def:7),[],Bembry,147,109,,False,False,1627761.0,,freethrow,turnover,,,,1626147|1626170|1626185|1627761|1628381|1628518|1628982|1629121|1629353|203487,1626147|1627761|1628381|1629121|1629353,1626170|1626185|1628518|1628982|203487,,,1610612737.0,21801181,True
4,PT00M53.00S,00:53,Q4 00:53,0.8833333333333333,742,turnover,Bembry Lost Ball Turnover (P2.T14),[],Bembry,147,109,,False,False,1627761.0,,rebound,steal,,,,1626147|1626170|1626185|1627761|1628381|1628518|1628982|1629121|1629353|203487,1626147|1627761|1628381|1629121|1629353,1626170|1626185|1628518|1628982|203487,,,1610612737.0,21801181,True
4,PT00M53.00S,00:53,Q4 00:53,0.8833333333333333,742,steal,Carter-Williams STEAL (2 STL),[],Carter-Williams,147,109,,False,False,203487.0,,turnover,2pt made,,203487.0,,1626147|1626170|1626185|1627761|1628381|1628518|1628982|1629121|1629353|203487,1626170|1626185|1628518|1628982|203487,1626147|1627761|1628381|1629121|1629353,,,1610612753.0,21801181,True
4,PT00M49.90S,00:49,Q4 00:49,0.8316666666666667,724,2pt,Frazier Jr. 2' Alley Oop Dunk (2 PTS) (Carter-Williams 6 AST),['pointsinthepaint'],Frazier Jr.,149,109,Made,True,True,1628982.0,203487.0,steal,3pt missed,,,,1626147|1626170|1626185|1627761|1628381|1628518|1628982|1629121|1629353|203487,1626170|1626185|1628518|1628982|203487,1626147|1627761|1628381|1629121|1629353,2.0,15.0,1610612753.0,21801181,True
4,PT00M43.70S,00:43,Q4 00:43,0.7283333333333334,726,3pt,MISS Humphries 26' 3PT Jump Shot,[],Humphries,149,109,Missed,True,False,1629353.0,,2pt made,rebound,,,,1626147|1626170|1626185|1627761|1628381|1628518|1628982|1629121|1629353|203487,1626147|1627761|1628381|1629121|1629353,1626170|1626185|1628518|1628982|203487,-29.0,262.0,1610612737.0,21801181,True
4,PT00M43.70S,00:43,Q4 00:43,0.7283333333333334,727,rebound,Collins REBOUND (Off:4 Def:2),[],Collins,149,109,,False,False,1628381.0,,3pt missed,2pt made,,,,1626147|1626170|1626185|1627761|1628381|1628518|1628982|1629121|1629353|203487,1626147|1627761|1628381|1629121|1629353,1626170|1626185|1628518|1628982|203487,,,1610612737.0,21801181,True
4,PT00M36.40S,00:36,Q4 00:36,0.6066666666666667,728,2pt,Collins 1' Tip Layup Shot (20 PTS),['pointsinthepaint'],Collins,149,111,Made,True,False,1628381.0,,rebound,3pt missed,,,,1626147|1626170|1626185|1627761|1628381|1628518|1628982|1629121|1629353|203487,1626147|1627761|1628381|1629121|1629353,1626170|1626185|1628518|1628982|203487,0.0,-6.0,1610612737.0,21801181,True
4,PT00M28.00S,00:28,Q4 00:28,0.4666666666666667,729,3pt,MISS Grant 27' 3PT Jump Shot,[],Grant,149,111,Missed,True,False,1626170.0,,2pt made,rebound,,,,1626147|1626170|1626185|1627761|1628381|1628518|1628982|1629121|1629353|203487,1626170|1626185|1628518|1628982|203487,1626147|1627761|1628381|1629121|1629353,-152.0,221.0,1610612753.0,21801181,True
4,PT00M24.00S,00:24,Q4 00:24,0.4,730,rebound,Bembry REBOUND (Off:2 Def:8),[],Bembry,149,111,,False,False,1627761.0,,3pt missed,foul,,,,1626147|1626170|1626185|1627761|1628381|1628518|1628982|1629121|1629353|203487,1626147|1627761|1628381|1629121|1629353,1626170|1626185|1628518|1628982|203487,,,1610612737.0,21801181,True
4,PT00M20.00S,00:20,Q4 00:20,0.3333333333333333,731,foul,Martin S.FOUL (P6.PN) (J.Phillips),['inpenalty'],Martin,149,111,,False,False,1626185.0,,rebound,freethrow,1626147.0,,,1626147|1626170|1626185|1627761|1628381|1628518|1628982|1629121|1629353|203487,1626170|1626185|1628518|1628982|203487,1626147|1627761|1628381|1629121|1629353,,,1610612753.0,21801181,True
4,PT00M20.00S,00:20,Q4 00:20,0.3333333333333333,735,freethrow,Anderson Free Throw 1 of 2 (4 PTS),[],Anderson,149,112,Made,False,False,1626147.0,,foul,freethrow,,,,1626147|1626170|1626185|1627761|1628381|1628518|1628982|1629121|1629353|203487,1626147|1627761|1628381|1629121|1629353,1626170|1626185|1628518|1628982|203487,,,1610612737.0,21801181,True
4,PT00M20.00S,00:20,Q4 00:20,0.3333333333333333,736,freethrow,Anderson Free Throw 2 of 2 (5 PTS),[],Anderson,149,113,Made,False,False,1626147.0,,freethrow,substitution,,,,1626147|1626170|1626185|1627761|1628381|1628518|1628982|1629121|1629353|203487,1626147|1627761|1628381|1629121|1629353,1626170|1626185|1628518|1628982|203487,,,1610612737.0,21801181,True
4,PT00M20.00S,00:20,Q4 00:20,0.3333333333333333,733,substitution,SUB out: J. Martin,[],Martin,149,111,,False,False,1626185.0,,freethrow,substitution,,,,1626147|1626170|1627761|1628381|1628518|1628982|1629121|1629353|203487,1626170|1628518|1628982|203487,1626147|1627761|1628381|1629121|1629353,,,1610612753.0,21801181,False
4,PT00M20.00S,00:20,Q4 00:20,0.3333333333333333,734,substitution,SUB in: W. Iwundu,[],Iwundu,149,111,,False,False,1628411.0,,substitution,period,,,,1626147|1626170|1627761|1628381|1628411|1628518|1628982|1629121|1629353|203487,1626170|1628411|1628518|1628982|203487,1626147|1627761|1628381|1629121|1629353,,,1610612753.0,21801181,True
4,PT00M00.00S,00:00,Q4 00:00,0.0,737,period,End of 4th Period (9:23 PM EST),[],,149,113,,False,False,0.0,,substitution,,,,,1626147|1626170|1627761|1628381|1628411|1628518|1628982|1629121|1629353|203487,1626170|1628411|1628518|1628982|203487,1626147|1627761|1628381|1629121|1629353,,,1610612753.0,21801181,True
