period,clock,clock_display,game_clock,minutes_left_in_game,actionNumber,actionType,description,qualifier,playerName,scoreHome,scoreAway,shotResult,isFieldGoal,assisted,person_id,assister_id,previous_action,next_action,foulDrawnPersonId,stealPersonId,blockPersonId,players_on,off_players_on,def_players_on,xLegacy,yLegacy,teamId,game_id,poc_ok
1,PT12M00.00S,12:00,Q1 12:00,48.0,2,period,Start of 1st Period (8:11 PM EST),[],,0,0,,False,False,0.0,,,3pt missed,,,,101141|1628368|1628385|201572|202083|202339|202357|203084|203114|203992,101141|201572|202083|202339|203114,1628368|1628385|202357|203084|203992,,,1610612749.0,21900797,True
1,PT11M41.00S,11:41,Q1 11:41,47.68333333333334,7,3pt,MISS Ilyasova 24' 3PT Jump Shot,[],Ilyasova,0,0,Missed,True,False,101141.0,,period,rebound,,,,101141|1628368|1628385|201572|202083|202339|202357|203084|203114|203992,101141|201572|202083|202339|203114,1628368|1628385|202357|203084|203992,232.0,68.0,1610612749.0,21900797,True
1,PT11M39.00S,11:39,Q1 11:39,47.65,8,rebound,Bogdanovic REBOUND (Off:0 Def:1),[],Bogdanovic,0,0,,False,False,203992.0,,3pt missed,3pt missed,,,,101141|1628368|1628385|201572|202083|202339|202357|203084|203114|203992,1628368|1628385|202357|203084|203992,101141|201572|202083|202339|203114,,,1610612758.0,21900797,True
1,PT11M28.00S,11:28,Q1 11:28,47.46666666666667,9,3pt,MISS Bogdanovic 26' 3PT Jump Shot,[],Bogdanovic,0,0,Missed,True,False,203992.0,,rebound,rebound,,,,101141|1628368|1628385|201572|202083|202339|202357|203084|203114|203992,1628368|1628385|202357|203084|203992,101141|201572|202083|202339|203114,230.0,113.0,1610612758.0,21900797,True
1,PT11M25.00S,11:25,Q1 11:25,47.416666666666664,10,rebound,Ilyasova REBOUND (Off:0 Def:1),[],Ilyasova,0,0,,False,False,101141.0,,3pt missed,2pt made,,,,101141|1628368|1628385|201572|202083|202339|202357|203084|203114|203992,101141|201572|202083|202339|203114,1628368|1628385|202357|203084|203992,,,1610612749.0,21900797,True
1,PT11M11.00S,11:11,Q1 11:11,47.18333333333334,11,2pt,Bledsoe 3' Cutting Layup Shot (2 PTS) (Ilyasova 1 AST),['pointsinthepaint'],Bledsoe,2,0,Made,True,True,202339.0,101141.0,rebound,2pt missed,,,,101141|1628368|1628385|201572|202083|202339|202357|203084|203114|203992,101141|201572|202083|202339|203114,1628368|1628385|202357|203084|203992,-15.0,30.0,1610612749.0,21900797,True
1,PT10M59.00S,10:59,Q1 10:59,46.983333333333334,13,2pt,MISS Bjelica 17' Pullup Jump Shot,[],Bjelica,2,0,Missed,True,False,202357.0,,2pt made,rebound,,,,101141|1628368|1628385|201572|202083|202339|202357|203084|203114|203992,1628368|1628385|202357|203084|203992,101141|201572|202083|202339|203114,155.0,60.0,1610612758.0,21900797,True
1,PT10M57.00S,10:57,Q1 10:57,46.95,14,rebound,Matthews REBOUND (Off:0 Def:1),[],Matthews,2,0,,False,False,202083.0,,2pt missed,3pt made,,,,101141|1628368|1628385|201572|202083|202339|202357|203084|203114|203992,101141|201572|202083|202339|203114,1628368|1628385|202357|203084|203992,,,1610612749.0,21900797,True
1,PT10M48.00S,10:48,Q1 10:48,46.8,15,3pt,Middleton 27' 3PT Jump Shot (3 PTS) (Matthews 1 AST),[],Middleton,5,0,Made,True,True,203114.0,202083.0,rebound,2pt made,,,,101141|1628368|1628385|201572|202083|202339|202357|203084|203114|203992,101141|201572|202083|202339|203114,1628368|1628385|202357|203084|203992,-117.0,242.0,1610612749.0,21900797,True
1,PT10M31.00S,10:31,Q1 10:31,46.516666666666666,17,2pt,Giles III 15' Jump Shot (2 PTS),[],Giles III,5,2,Made,True,False,1628385.0,,3pt made,3pt missed,,,,101141|1628368|1628385|201572|202083|202339|202357|203084|203114|203992,1628368|1628385|202357|203084|203992,101141|201572|202083|202339|203114,-19.0,146.0,1610612758.0,21900797,True
1,PT10M18.00S,10:18,Q1 10:18,46.3,18,3pt,MISS Matthews 27' 3PT Jump Shot,[],Matthews,5,2,Missed,True,False,202083.0,,2pt made,rebound,,,,101141|1628368|1628385|201572|202083|202339|202357|203084|203114|203992,101141|201572|202083|202339|203114,1628368|1628385|202357|203084|203992,96.0,256.0,1610612749.0,21900797,True
1,PT10M16.00S,10:16,Q1 10:16,46.266666666666666,19,rebound,Giles III REBOUND (Off:0 Def:1),[],Giles III,5,2,,False,False,1628385.0,,3pt missed,turnover,,,,101141|1628368|1628385|201572|202083|202339|202357|203084|203114|203992,1628368|1628385|202357|203084|203992,101141|201572|202083|202339|203114,,,1610612758.0,21900797,True
1,PT10M15.00S,10:15,Q1 10:15,46.25,20,turnover,Giles III Out of Bounds - Bad Pass Turnover Turnover (P1.T1),[],Giles III,5,2,,False,False,1628385.0,,rebound,2pt made,,,,101141|1628368|1628385|201572|202083|202339|202357|203084|203114|203992,1628368|1628385|202357|203084|203992,101141|201572|202083|202339|203114,,,1610612758.0,21900797,True
1,PT09M55.00S,09:55,Q1 09:55,45.916666666666664,22,2pt,Bledsoe 4' Turnaround Jump Shot (4 PTS) (Middleton 1 AST),['pointsinthepaint'],Bledsoe,7,2,Made,True,True,202339.0,203114.0,turnover,2pt made,,,,101141|1628368|1628385|201572|202083|202339|202357|203084|203114|203992,101141|201572|202083|202339|203114,1628368|1628385|202357|203084|203992,34.0,19.0,1610612749.0,21900797,True
1,PT09M43.00S,09:43,Q1 09:43,45.71666666666667,24,2pt,Giles III 1' Dunk (4 PTS) (Fox 1 AST),['pointsinthepaint'],Giles III,7,4,Made,True,True,1628385.0,1628368.0,2pt made,2pt made,,,,101141|1628368|1628385|201572|202083|202339|202357|203084|203114|203992,1628368|1628385|202357|203084|203992,101141|201572|202083|202339|203114,0.0,11.0,1610612758.0,21900797,True
1,PT09M31.00S,09:31,Q1 09:31,45.516666666666666,26,2pt,B. Lopez 21' Jump Shot (2 PTS) (Middleton 2 AST),[],Lopez,9,4,Made,True,True,201572.0,203114.0,2pt made,2pt made,,,,101141|1628368|1628385|201572|202083|202339|202357|203084|203114|203992,101141|201572|202083|202339|203114,1628368|1628385|202357|203084|203992,-201.0,63.0,1610612749.0,21900797,True
1,PT09M20.00S,09:20,Q1 09:20,45.333333333333336,28,2pt,Giles III 1' Cutting Layup Shot (6 PTS) (Barnes 1 AST),['pointsinthepaint'],Giles III,9,6,Made,True,True,1628385.0,203084.0,2pt made,3pt missed,,,,101141|1628368|1628385|201572|202083|202339|202357|203084|203114|203992,1628368|1628385|202357|203084|203992,101141|201572|202083|202339|203114,3.0,13.0,1610612758.0,21900797,True
1,PT09M13.00S,09:13,Q1 09:13,45.21666666666667,30,3pt,MISS Middleton 26' 3PT Jump Shot,[],Middleton,9,6,Missed,True,False,203114.0,,2pt made,rebound,,,,101141|1628368|1628385|201572|202083|202339|202357|203084|203114|203992,101141|201572|202083|202339|203114,1628368|1628385|202357|203084|203992,-133.0,222.0,1610612749.0,21900797,True
1,PT09M13.00S,09:13,Q1 09:13,45.21666666666667,31,rebound,Giles III REBOUND (Off:0 Def:2),[],Giles III,9,6,,False,False,1628385.0,,3pt missed,3pt missed,,,,101141|1628368|1628385|201572|202083|202339|202357|203084|203114|203992,1628368|1628385|202357|203084|203992,101141|201572|202083|202339|203114,,,1610612758.0,21900797,True
1,PT08M54.00S,08:54,Q1 08:54,44.9,32,3pt,MISS Bjelica 30' 3PT Jump Shot,[],Bjelica,9,6,Missed,True,False,202357.0,,rebound,rebound,,,,101141|1628368|1628385|201572|202083|202339|202357|203084|203114|203992,1628368|1628385|202357|203084|203992,101141|201572|202083|202339|203114,-195.0,222.0,1610612758.0,21900797,True
1,PT08M51.00S,08:51,Q1 08:51,44.85,33,rebound,Middleton REBOUND (Off:0 Def:1),[],Middleton,9,6,,False,False,203114.0,,3pt missed,3pt missed,,,,101141|1628368|1628385|201572|202083|202339|202357|203084|203114|203992,101141|201572|202083|202339|203114,1628368|1628385|202357|203084|203992,,,1610612749.0,21900797,True
1,PT08M45.00S,08:45,Q1 08:45,44.75,34,3pt,MISS Bledsoe 26' 3PT Jump Shot,[],Bledsoe,9,6,Missed,True,False,202339.0,,rebound,rebound,,,,101141|1628368|1628385|201572|202083|202339|202357|203084|203114|203992,101141|201572|202083|202339|203114,1628368|1628385|202357|203084|203992,-81.0,242.0,1610612749.0,21900797,True
1,PT08M42.00S,08:42,Q1 08:42,44.7,35,rebound,Fox REBOUND (Off:0 Def:1),[],Fox,9,6,,False,False,1628368.0,,3pt missed,3pt made,,,,101141|1628368|1628385|201572|202083|202339|202357|203084|203114|203992,1628368|1628385|202357|203084|203992,101141|201572|202083|202339|203114,,,1610612758.0,21900797,True
1,PT08M39.00S,08:39,Q1 08:39,44.65,36,3pt,Fox 28' 3PT Pullup Jump Shot (3 PTS),[],Fox,9,9,Made,True,False,1628368.0,,rebound,2pt made,,,,101141|1628368|1628385|201572|202083|202339|202357|203084|203114|203992,1628368|1628385|202357|203084|203992,101141|201572|202083|202339|203114,-145.0,242.0,1610612758.0,21900797,True
1,PT08M21.00S,08:21,Q1 08:21,44.35,37,2pt,B. Lopez 2' Driving Reverse Layup (4 PTS),['pointsinthepaint'],Lopez,11,9,Made,True,False,201572.0,,3pt made,2pt made,,,,101141|1628368|1628385|201572|202083|202339|202357|203084|203114|203992,101141|201572|202083|202339|203114,1628368|1628385|202357|203084|203992,6.0,17.0,1610612749.0,21900797,True
1,PT08M06.00S,08:06,Q1 08:06,44.1,38,2pt,Barnes 5' Driving Layup (2 PTS) (Fox 2 AST),['pointsinthepaint'],Barnes,11,11,Made,True,True,203084.0,1628368.0,2pt made,foul,,,,101141|1628368|1628385|201572|202083|202339|202357|203084|203114|203992,1628368|1628385|202357|203084|203992,101141|201572|202083|202339|203114,-27.0,36.0,1610612758.0,21900797,True
1,PT07M53.00S,07:53,Q1 07:53,43.88333333333333,40,foul,Giles III P.FOUL (P1.T1) (B.Kennedy),[],Giles III,11,11,,False,False,1628385.0,,2pt made,3pt made,201572.0,,,101141|1628368|1628385|201572|202083|202339|202357|203084|203114|203992,1628368|1628385|202357|203084|203992,101141|201572|202083|202339|203114,,,1610612758.0,21900797,True
1,PT07M49.00S,07:49,Q1 07:49,43.81666666666666,42,3pt,B. Lopez 30' 3PT Jump Shot (7 PTS) (Bledsoe 1 AST),[],Lopez,14,11,Made,True,True,201572.0,202339.0,foul,3pt missed,,,,101141|1628368|1628385|201572|202083|202339|202357|203084|203114|203992,101141|201572|202083|202339|203114,1628368|1628385|202357|203084|203992,133.0,264.0,1610612749.0,21900797,True
1,PT07M37.00S,07:37,Q1 07:37,43.61666666666667,44,3pt,MISS Fox 27' 3PT Pullup Jump Shot,[],Fox,14,11,Missed,True,False,1628368.0,,3pt made,rebound,,,,101141|1628368|1628385|201572|202083|202339|202357|203084|203114|203992,1628368|1628385|202357|203084|203992,101141|201572|202083|202339|203114,180.0,205.0,1610612758.0,21900797,True
1,PT07M36.00S,07:36,Q1 07:36,43.6,45,rebound,Middleton REBOUND (Off:0 Def:2),[],Middleton,14,11,,False,False,203114.0,,3pt missed,turnover,,,,101141|1628368|1628385|201572|202083|202339|202357|203084|203114|203992,101141|201572|202083|202339|203114,1628368|1628385|202357|203084|203992,,,1610612749.0,21900797,True
1,PT07M31.00S,07:31,Q1 07:31,43.516666666666666,46,turnover,Middleton Lost Ball Turnover (P1.T1),[],Middleton,14,11,,False,False,203114.0,,rebound,steal,,,,101141|1628368|1628385|201572|202083|202339|202357|203084|203114|203992,101141|201572|202083|202339|203114,1628368|1628385|202357|203084|203992,,,1610612749.0,21900797,True
1,PT07M31.00S,07:31,Q1 07:31,43.516666666666666,46,steal,Bjelica STEAL (1 STL),[],Bjelica,14,11,,False,False,202357.0,,turnover,2pt missed,,202357.0,,101141|1628368|1628385|201572|202083|202339|202357|203084|203114|203992,1628368|1628385|202357|203084|203992,101141|201572|202083|202339|203114,,,1610612758.0,21900797,True
1,PT07M22.00S,07:22,Q1 07:22,43.36666666666667,48,2pt,MISS Barnes 4' Driving Layup,['pointsinthepaint'],Barnes,14,11,Missed,True,False,203084.0,,steal,rebound,,,,101141|1628368|1628385|201572|202083|202339|202357|203084|203114|203992,1628368|1628385|202357|203084|203992,101141|201572|202083|202339|203114,36.0,22.0,1610612758.0,21900797,True
1,PT07M19.00S,07:19,Q1 07:19,43.31666666666666,49,rebound,Bjelica REBOUND (Off:1 Def:0),[],Bjelica,14,11,,False,False,202357.0,,2pt missed,2pt made,,,,101141|1628368|1628385|201572|202083|202339|202357|203084|203114|203992,1628368|1628385|202357|203084|203992,101141|201572|202083|202339|203114,,,1610612758.0,21900797,True
1,PT07M19.00S,07:19,Q1 07:19,43.31666666666666,50,2pt,Bjelica 1' Tip Layup Shot (2 PTS),['pointsinthepaint'],Bjelica,14,13,Made,True,False,202357.0,,rebound,2pt missed,,,,101141|1628368|1628385|201572|202083|202339|202357|203084|203114|203992,1628368|1628385|202357|203084|203992,101141|201572|202083|202339|203114,0.0,-6.0,1610612758.0,21900797,True
1,PT07M11.00S,07:11,Q1 07:11,43.18333333333334,51,2pt,MISS Ilyasova 4' Turnaround Fadeaway Bank Jump Shot,['pointsinthepaint'],Ilyasova,14,13,Missed,True,False,101141.0,,2pt made,rebound,,,,101141|1628368|1628385|201572|202083|202339|202357|203084|203114|203992,101141|201572|202083|202339|203114,1628368|1628385|202357|203084|203992,25.0,30.0,1610612749.0,21900797,True
1,PT07M09.00S,07:09,Q1 07:09,43.15,52,rebound,Fox REBOUND (Off:0 Def:2),[],Fox,14,13,,False,False,1628368.0,,2pt missed,foul,,,,101141|1628368|1628385|201572|202083|202339|202357|203084|203114|203992,1628368|1628385|202357|203084|203992,101141|201572|202083|202339|203114,,,1610612758.0,21900797,True
1,PT07M03.00S,07:03,Q1 07:03,43.05,53,foul,Ilyasova S.FOUL (P1.T1) (B.Kennedy),[],Ilyasova,14,13,,False,False,101141.0,,rebound,timeout,202357.0,,,101141|1628368|1628385|201572|202083|202339|202357|203084|203114|203992,101141|201572|202083|202339|203114,1628368|1628385|202357|203084|203992,,,1610612749.0,21900797,True
1,PT07M03.00S,07:03,Q1 07:03,43.05,55,timeout,BUCKS Timeout: Regular (Full 1 Short 0),[],,14,13,,False,False,0.0,,foul,freethrow,,,,101141|1628368|1628385|201572|202083|202339|202357|203084|203114|203992,101141|201572|202083|202339|203114,1628368|1628385|202357|203084|203992,,,1610612749.0,21900797,True
1,PT07M03.00S,07:03,Q1 07:03,43.05,58,freethrow,MISS Bjelica Free Throw 1 of 2,[],Bjelica,14,13,Missed,False,False,202357.0,,timeout,rebound,,,,101141|1628368|1628385|201572|202083|202339|202357|203084|203114|203992,1628368|1628385|202357|203084|203992,101141|201572|202083|202339|203114,,,1610612758.0,21900797,True
1,PT07M03.00S,07:03,Q1 07:03,43.05,59,rebound,TEAM offensive REBOUND,['team'],,14,13,,False,False,0.0,,freethrow,freethrow,,,,101141|1628368|1628385|201572|202083|202339|202357|203084|203114|203992,1628368|1628385|202357|203084|203992,101141|201572|202083|202339|203114,,,1610612758.0,21900797,True
1,PT07M03.00S,07:03,Q1 07:03,43.05,60,freethrow,Bjelica Free Throw 2 of 2 (3 PTS),['2ndchance'],Bjelica,14,14,Made,False,False,202357.0,,rebound,substitution,,,,101141|1628368|1628385|201572|202083|202339|202357|203084|203114|203992,1628368|1628385|202357|203084|203992,101141|201572|202083|202339|203114,,,1610612758.0,21900797,True
1,PT07M03.00S,07:03,Q1 07:03,43.05,56,substitution,SUB out: E. Ilyasova,[],Ilyasova,14,13,,False,False,101141.0,,freethrow,substitution,,,,1628368|1628385|201572|202083|202339|202357|203084|203114|203992,201572|202083|202339|203114,1628368|1628385|202357|203084|203992,,,1610612749.0,21900797,False
1,PT07M03.00S,07:03,Q1 07:03,43.05,57,substitution,SUB in: S. Brown,[],Brown,14,13,,False,False,1628425.0,,substitution,turnover,,,,1628368|1628385|1628425|201572|202083|202339|202357|203084|203114|203992,1628425|201572|202083|202339|203114,1628368|1628385|202357|203084|203992,,,1610612749.0,21900797,True
1,PT06M50.00S,06:50,Q1 06:50,42.833333333333336,382,turnover,B. Lopez 3 Second Violation Turnover (P1.T2),[],Lopez,14,14,,False,False,201572.0,,substitution,2pt missed,,,,1628368|1628385|1628425|201572|202083|202339|202357|203084|203114|203992,1628425|201572|202083|202339|203114,1628368|1628385|202357|203084|203992,,,1610612749.0,21900797,True
1,PT06M32.00S,06:32,Q1 06:32,42.53333333333333,64,2pt,MISS Fox 2' Driving Finger Roll Layup,['pointsinthepaint'],Fox,14,14,Missed,True,False,1628368.0,,turnover,rebound,,,,1628368|1628385|1628425|201572|202083|202339|202357|203084|203114|203992,1628368|1628385|202357|203084|203992,1628425|201572|202083|202339|203114,13.0,20.0,1610612758.0,21900797,True
1,PT06M30.00S,06:30,Q1 06:30,42.5,65,rebound,Bjelica REBOUND (Off:2 Def:0),[],Bjelica,14,14,,False,False,202357.0,,2pt missed,2pt missed,,,,1628368|1628385|1628425|201572|202083|202339|202357|203084|203114|203992,1628368|1628385|202357|203084|203992,1628425|201572|202083|202339|203114,,,1610612758.0,21900797,True
1,PT06M29.00S,06:29,Q1 06:29,42.483333333333334,66,2pt,MISS Bjelica 4' Hook Shot,['pointsinthepaint'],Bjelica,14,14,Missed,True,False,202357.0,,rebound,rebound,,,,1628368|1628385|1628425|201572|202083|202339|202357|203084|203114|203992,1628368|1628385|202357|203084|203992,1628425|201572|202083|202339|203114,-39.0,10.0,1610612758.0,21900797,True
1,PT06M29.00S,06:29,Q1 06:29,42.483333333333334,67,rebound,TEAM defensive REBOUND,['team'],,14,14,,False,False,0.0,,2pt missed,foul,,,,1628368|1628385|1628425|201572|202083|202339|202357|203084|203114|203992,1628425|201572|202083|202339|203114,1628368|1628385|202357|203084|203992,,,1610612749.0,21900797,True
1,PT06M29.00S,06:29,Q1 06:29,42.483333333333334,68,foul,Bjelica L.B.FOUL (P1.T2) (L.Richardson),[],Bjelica,14,14,,False,False,202357.0,,rebound,substitution,202339.0,,,1628368|1628385|1628425|201572|202083|202339|202357|203084|203114|203992,1628368|1628385|202357|203084|203992,1628425|201572|202083|202339|203114,,,1610612758.0,21900797,True
1,PT06M29.00S,06:29,Q1 06:29,42.483333333333334,70,substitution,SUB out: H. Giles III,[],Giles III,14,14,,False,False,1628385.0,,foul,substitution,,,,1628368|1628425|201572|202083|202339|202357|203084|203114|203992,1628368|202357|203084|203992,1628425|201572|202083|202339|203114,,,1610612758.0,21900797,False
1,PT06M29.00S,06:29,Q1 06:29,42.483333333333334,71,substitution,SUB in: B. Hield,[],Hield,14,14,,False,False,1627741.0,,substitution,2pt made,,,,1627741|1628368|1628425|201572|202083|202339|202357|203084|203114|203992,1627741|1628368|202357|203084|203992,1628425|201572|202083|202339|203114,,,1610612758.0,21900797,True
1,PT06M14.00S,06:14,Q1 06:14,42.233333333333334,72,2pt,Bledsoe 1' Driving Layup (6 PTS) (Matthews 2 AST),['pointsinthepaint'],Bledsoe,16,14,Made,True,True,202339.0,202083.0,substitution,3pt missed,,,,1627741|1628368|1628425|201572|202083|202339|202357|203084|203114|203992,1628425|201572|202083|202339|203114,1627741|1628368|202357|203084|203992,1.0,13.0,1610612749.0,21900797,True
1,PT05M59.00S,05:59,Q1 05:59,41.983333333333334,74,3pt,MISS Bjelica 28' 3PT Jump Shot,[],Bjelica,16,14,Missed,True,False,202357.0,,2pt made,rebound,,,,1627741|1628368|1628425|201572|202083|202339|202357|203084|203114|203992,1627741|1628368|202357|203084|203992,1628425|201572|202083|202339|203114,-202.0,190.0,1610612758.0,21900797,True
1,PT05M56.00S,05:56,Q1 05:56,41.93333333333334,75,rebound,Matthews REBOUND (Off:0 Def:2),[],Matthews,16,14,,False,False,202083.0,,3pt missed,3pt made,,,,1627741|1628368|1628425|201572|202083|202339|202357|203084|203114|203992,1628425|201572|202083|202339|203114,1627741|1628368|202357|203084|203992,,,1610612749.0,21900797,True
1,PT05M43.00S,05:43,Q1 05:43,41.71666666666667,76,3pt,B. Lopez 26' 3PT Jump Shot (10 PTS) (Bledsoe 2 AST),[],Lopez,19,14,Made,True,True,201572.0,202339.0,rebound,foul,,,,1627741|1628368|1628425|201572|202083|202339|202357|203084|203114|203992,1628425|201572|202083|202339|203114,1627741|1628368|202357|203084|203992,185.0,188.0,1610612749.0,21900797,True
1,PT05M34.00S,05:34,Q1 05:34,41.56666666666666,78,foul,Brown P.FOUL (P1.T2) (B.Kennedy),[],Brown,19,14,,False,False,1628425.0,,3pt made,substitution,1628368.0,,,1627741|1628368|1628425|201572|202083|202339|202357|203084|203114|203992,1628425|201572|202083|202339|203114,1627741|1628368|202357|203084|203992,,,1610612749.0,21900797,True
1,PT05M34.00S,05:34,Q1 05:34,41.56666666666666,80,substitution,SUB out: E. Bledsoe,[],Bledsoe,19,14,,False,False,202339.0,,foul,substitution,,,,1627741|1628368|1628425|201572|202083|202357|203084|203114|203992,1628425|201572|202083|203114,1627741|1628368|202357|203084|203992,,,1610612749.0,21900797,False
1,PT05M34.00S,05:34,Q1 05:34,41.56666666666666,81,substitution,SUB out: W. Matthews,[],Matthews,19,14,,False,False,202083.0,,substitution,substitution,,,,1627741|1628368|1628425|201572|202357|203084|203114|203992,1628425|201572|203114,1627741|1628368|202357|203084|203992,,,1610612749.0,21900797,False
1,PT05M34.00S,05:34,Q1 05:34,41.56666666666666,82,substitution,SUB in: D. DiVincenzo,[],DiVincenzo,19,14,,False,False,1628978.0,,substitution,substitution,,,,1627741|1628368|1628425|1628978|201572|202357|203084|203114|203992,1628425|1628978|201572|203114,1627741|1628368|202357|203084|203992,,,1610612749.0,21900797,False
1,PT05M34.00S,05:34,Q1 05:34,41.56666666666666,83,substitution,SUB in: P. Connaughton,[],Connaughton,19,14,,False,False,1626192.0,,substitution,foul,,,,1626192|1627741|1628368|1628425|1628978|201572|202357|203084|203114|203992,1626192|1628425|1628978|201572|203114,1627741|1628368|202357|203084|203992,,,1610612749.0,21900797,True
1,PT05M30.00S,05:30,Q1 05:30,41.5,84,foul,Fox Offensive Charge Foul (P1) (R.Mott),[],Fox,19,14,,False,False,1628368.0,,substitution,turnover,201572.0,,,1626192|1627741|1628368|1628425|1628978|201572|202357|203084|203114|203992,1627741|1628368|202357|203084|203992,1626192|1628425|1628978|201572|203114,,,1610612758.0,21900797,True
1,PT05M30.00S,05:30,Q1 05:30,41.5,86,turnover,Fox Offensive Foul Turnover (P1.T2),[],Fox,19,14,,False,False,1628368.0,,foul,2pt missed,,,,1626192|1627741|1628368|1628425|1628978|201572|202357|203084|203114|203992,1627741|1628368|202357|203084|203992,1626192|1628425|1628978|201572|203114,,,1610612758.0,21900797,True
1,PT05M17.00S,05:17,Q1 05:17,41.28333333333333,87,2pt,MISS B. Lopez 4' Hook Shot,['pointsinthepaint'],Lopez,19,14,Missed,True,False,201572.0,,turnover,rebound,,,,1626192|1627741|1628368|1628425|1628978|201572|202357|203084|203114|203992,1626192|1628425|1628978|201572|203114,1627741|1628368|202357|203084|203992,22.0,32.0,1610612749.0,21900797,True
1,PT05M15.00S,05:15,Q1 05:15,41.25,88,rebound,Fox REBOUND (Off:0 Def:3),[],Fox,19,14,,False,False,1628368.0,,2pt missed,turnover,,,,1626192|1627741|1628368|1628425|1628978|201572|202357|203084|203114|203992,1627741|1628368|202357|203084|203992,1626192|1628425|1628978|201572|203114,,,1610612758.0,21900797,True
1,PT05M11.00S,05:11,Q1 05:11,41.18333333333334,89,turnover,Fox Bad Pass Turnover (P2.T3),[],Fox,19,14,,False,False,1628368.0,,rebound,steal,,,,1626192|1627741|1628368|1628425|1628978|201572|202357|203084|203114|203992,1627741|1628368|202357|203084|203992,1626192|1628425|1628978|201572|203114,,,1610612758.0,21900797,True
1,PT05M11.00S,05:11,Q1 05:11,41.18333333333334,89,steal,DiVincenzo STEAL (1 STL),[],DiVincenzo,19,14,,False,False,1628978.0,,turnover,2pt missed,,1628978.0,,1626192|1627741|1628368|1628425|1628978|201572|202357|203084|203114|203992,1626192|1628425|1628978|201572|203114,1627741|1628368|202357|203084|203992,,,1610612749.0,21900797,True
1,PT05M07.00S,05:07,Q1 05:07,41.11666666666667,91,2pt,MISS DiVincenzo 1' Running Layup,['pointsinthepaint'],DiVincenzo,19,14,Missed,True,False,1628978.0,,steal,rebound,,,,1626192|1627741|1628368|1628425|1628978|201572|202357|203084|203114|203992,1626192|1628425|1628978|201572|203114,1627741|1628368|202357|203084|203992,-5.0,14.0,1610612749.0,21900797,True
1,PT05M05.00S,05:05,Q1 05:05,41.083333333333336,92,rebound,Middleton REBOUND (Off:1 Def:2),[],Middleton,19,14,,False,False,203114.0,,2pt missed,2pt missed,,,,1626192|1627741|1628368|1628425|1628978|201572|202357|203084|203114|203992,1626192|1628425|1628978|201572|203114,1627741|1628368|202357|203084|203992,,,1610612749.0,21900797,True
1,PT05M05.00S,05:05,Q1 05:05,41.083333333333336,115,2pt,MISS Middleton 2' Tip Layup Shot,['pointsinthepaint'],Middleton,19,14,Missed,True,False,203114.0,,rebound,rebound,,,,1626192|1627741|1628368|1628425|1628978|201572|202357|203084|203114|203992,1626192|1628425|1628978|201572|203114,1627741|1628368|202357|203084|203992,12.0,9.0,1610612749.0,21900797,True
1,PT05M05.00S,05:05,Q1 05:05,41.083333333333336,116,rebound,TEAM offensive REBOUND,['team'],,19,14,,False,False,0.0,,2pt missed,substitution,,,,1626192|1627741|1628368|1628425|1628978|201572|202357|203084|203114|203992,1626192|1628425|1628978|201572|203114,1627741|1628368|202357|203084|203992,,,1610612749.0,21900797,True
1,PT05M05.00S,05:05,Q1 05:05,41.083333333333336,94,substitution,SUB out: D. Fox,[],Fox,19,14,,False,False,1628368.0,,rebound,substitution,,,,1626192|1627741|1628425|1628978|201572|202357|203084|203114|203992,1627741|202357|203084|203992,1626192|1628425|1628978|201572|203114,,,1610612758.0,21900797,False
1,PT05M05.00S,05:05,Q1 05:05,41.083333333333336,95,substitution,SUB in: C. Joseph,[],Joseph,19,14,,False,False,202709.0,,substitution,3pt missed,,,,1626192|1627741|1628425|1628978|201572|202357|202709|203084|203114|203992,1627741|202357|202709|203084|203992,1626192|1628425|1628978|201572|203114,,,1610612758.0,21900797,True
1,PT04M57.00S,04:57,Q1 04:57,40.95,96,3pt,MISS Middleton 28' 3PT Jump Shot,[],Middleton,19,14,Missed,True,False,203114.0,,substitution,rebound,,,,1626192|1627741|1628425|1628978|201572|202357|202709|203084|203114|203992,1626192|1628425|1628978|201572|203114,1627741|202357|202709|203084|203992,141.0,239.0,1610612749.0,21900797,True
1,PT04M56.00S,04:56,Q1 04:56,40.93333333333334,97,rebound,Middleton REBOUND (Off:2 Def:2),[],Middleton,19,14,,False,False,203114.0,,3pt missed,3pt made,,,,1626192|1627741|1628425|1628978|201572|202357|202709|203084|203114|203992,1626192|1628425|1628978|201572|203114,1627741|202357|202709|203084|203992,,,1610612749.0,21900797,True
1,PT04M54.00S,04:54,Q1 04:54,40.9,98,3pt,DiVincenzo 26' 3PT Jump Shot (3 PTS) (Middleton 3 AST),[],DiVincenzo,22,14,Made,True,True,1628978.0,203114.0,rebound,2pt made,,,,1626192|1627741|1628425|1628978|201572|202357|202709|203084|203114|203992,1626192|1628425|1628978|201572|203114,1627741|202357|202709|203084|203992,165.0,204.0,1610612749.0,21900797,True
1,PT04M38.00S,04:38,Q1 04:38,40.63333333333333,100,2pt,Barnes 2' Driving Reverse Layup (4 PTS),['pointsinthepaint'],Barnes,22,16,Made,True,False,203084.0,,3pt made,2pt made,,,,1626192|1627741|1628425|1628978|201572|202357|202709|203084|203114|203992,1627741|202357|202709|203084|203992,1626192|1628425|1628978|201572|203114,11.0,22.0,1610612758.0,21900797,True
1,PT04M24.00S,04:24,Q1 04:24,40.4,101,2pt,Middleton 14' Jump Shot (5 PTS),[],Middleton,24,16,Made,True,False,203114.0,,2pt made,foul,,,,1626192|1627741|1628425|1628978|201572|202357|202709|203084|203114|203992,1626192|1628425|1628978|201572|203114,1627741|202357|202709|203084|203992,133.0,26.0,1610612749.0,21900797,True
1,PT04M24.00S,04:24,Q1 04:24,40.4,102,foul,Bjelica S.FOUL (P2.T3) (R.Mott),[],Bjelica,24,16,,False,False,202357.0,,2pt made,freethrow,203114.0,,,1626192|1627741|1628425|1628978|201572|202357|202709|203084|203114|203992,1627741|202357|202709|203084|203992,1626192|1628425|1628978|201572|203114,,,1610612758.0,21900797,True
1,PT04M24.00S,04:24,Q1 04:24,40.4,104,freethrow,Middleton Free Throw 1 of 1 (6 PTS),[],Middleton,25,16,Made,False,False,203114.0,,foul,3pt missed,,,,1626192|1627741|1628425|1628978|201572|202357|202709|203084|203114|203992,1626192|1628425|1628978|201572|203114,1627741|202357|202709|203084|203992,,,1610612749.0,21900797,True
1,PT04M12.00S,04:12,Q1 04:12,40.2,105,3pt,MISS Barnes 27' 3PT Jump Shot,[],Barnes,25,16,Missed,True,False,203084.0,,freethrow,rebound,,,,1626192|1627741|1628425|1628978|201572|202357|202709|203084|203114|203992,1627741|202357|202709|203084|203992,1626192|1628425|1628978|201572|203114,-22.0,265.0,1610612758.0,21900797,True
1,PT04M09.00S,04:09,Q1 04:09,40.15,106,rebound,Middleton REBOUND (Off:2 Def:3),[],Middleton,25,16,,False,False,203114.0,,3pt missed,3pt made,,,,1626192|1627741|1628425|1628978|201572|202357|202709|203084|203114|203992,1626192|1628425|1628978|201572|203114,1627741|202357|202709|203084|203992,,,1610612749.0,21900797,True
1,PT04M07.00S,04:07,Q1 04:07,40.11666666666667,107,3pt,Middleton 27' 3PT Jump Shot (9 PTS),[],Middleton,28,16,Made,True,False,203114.0,,rebound,timeout,,,,1626192|1627741|1628425|1628978|201572|202357|202709|203084|203114|203992,1626192|1628425|1628978|201572|203114,1627741|202357|202709|203084|203992,43.0,266.0,1610612749.0,21900797,True
1,PT04M05.00S,04:05,Q1 04:05,40.083333333333336,108,timeout,Kings Timeout: Regular (Reg.1 Short 0),[],,28,16,,False,False,0.0,,3pt made,instant replay,,,,1626192|1627741|1628425|1628978|201572|202357|202709|203084|203114|203992,1627741|202357|202709|203084|203992,1626192|1628425|1628978|201572|203114,,,1610612758.0,21900797,True
1,PT04M05.00S,04:05,Q1 04:05,40.083333333333336,109,substitution,SUB out: B. Lopez,[],Lopez,28,16,,False,False,201572.0,,substitution,substitution,,,,1626192|1627741|1628425|1628978|201577|202357|202709|203084|203114|203992,1626192|1628425|1628978|201577|203114,1627741|202357|202709|203084|203992,,,1610612749.0,21900797,True
1,PT04M05.00S,04:05,Q1 04:05,40.083333333333336,110,substitution,SUB out: B. Bogdanovic,[],Bogdanovic,28,16,,False,False,203992.0,,substitution,substitution,,,,1626192|1627741|1628425|1628978|201577|202357|202709|203084|203114,1627741|202357|202709|203084,1626192|1628425|1628978|201577|203114,,,1610612758.0,21900797,False
1,PT04M05.00S,04:05,Q1 04:05,40.083333333333336,111,substitution,SUB out: N. Bjelica,[],Bjelica,28,16,,False,False,202357.0,,substitution,substitution,,,,1626192|1627741|1628425|1628978|201577|202709|203084|203114,1627741|202709|203084,1626192|1628425|1628978|201577|203114,,,1610612758.0,21900797,False
1,PT04M05.00S,04:05,Q1 04:05,40.083333333333336,112,substitution,SUB out: E. Ilyasova,[],Ilyasova,28,16,,False,False,101141.0,,substitution,substitution,,,,1626192|1627741|1628425|1628978|201577|202709|203084|203114,1626192|1628425|1628978|201577|203114,1627741|202709|203084,,,1610612749.0,21900797,False
1,PT04M05.00S,04:05,Q1 04:05,40.083333333333336,113,substitution,SUB in: E. Ilyasova,[],Ilyasova,28,16,,False,False,101141.0,,substitution,substitution,,,,101141|1626192|1627741|1628425|1628978|201577|202709|203084|203114,101141|1626192|1628425|1628978|201577|203114,1627741|202709|203084,,,1610612749.0,21900797,False
1,PT04M05.00S,04:05,Q1 04:05,40.083333333333336,114,substitution,SUB in: K. Bazemore,[],Bazemore,28,16,,False,False,203145.0,,substitution,substitution,,,,101141|1626192|1627741|1628425|1628978|201577|202709|203084|203114|203145,1627741|202709|203084|203145,101141|1626192|1628425|1628978|201577|203114,,,1610612758.0,21900797,True
1,PT04M05.00S,04:05,Q1 04:05,40.083333333333336,115,substitution,SUB in: H. Giles III,[],Giles III,28,16,,False,False,1628385.0,,substitution,substitution,,,,101141|1626192|1627741|1628385|1628425|1628978|201577|202709|203084|203114|203145,1627741|1628385|202709|203084|203145,101141|1626192|1628425|1628978|201577|203114,,,1610612758.0,21900797,False
1,PT04M05.00S,04:05,Q1 04:05,40.083333333333336,116,substitution,SUB in: B. Lopez,[],Lopez,28,16,,False,False,201572.0,,substitution,turnover,,,,101141|1626192|1627741|1628385|1628425|1628978|201572|201577|202709|203084|203114|203145,101141|1626192|1628425|1628978|201572|201577|203114,1627741|1628385|202709|203084|203145,,,1610612749.0,21900797,False
1,PT03M53.00S,03:53,Q1 03:53,39.88333333333333,119,turnover,Barnes Lost Ball Turnover (P1.T4),[],Barnes,28,16,,False,False,203084.0,,substitution,steal,,,,101141|1626192|1627741|1628385|1628425|1628978|201572|201577|202709|203084|203114|203145,1627741|1628385|202709|203084|203145,101141|1626192|1628425|1628978|201572|201577|203114,,,1610612758.0,21900797,False
1,PT03M53.00S,03:53,Q1 03:53,39.88333333333333,119,steal,Brown STEAL (1 STL),[],Brown,28,16,,False,False,1628425.0,,turnover,3pt missed,,1628425.0,,101141|1626192|1627741|1628385|1628425|1628978|201572|201577|202709|203084|203114|203145,101141|1626192|1628425|1628978|201572|201577|203114,1627741|1628385|202709|203084|203145,,,1610612749.0,21900797,False
1,PT03M44.00S,03:44,Q1 03:44,39.733333333333334,121,3pt,MISS DiVincenzo 27' 3PT Jump Shot,[],DiVincenzo,28,16,Missed,True,False,1628978.0,,steal,rebound,,,,101141|1626192|1627741|1628385|1628425|1628978|201572|201577|202709|203084|203114|203145,101141|1626192|1628425|1628978|201572|201577|203114,1627741|1628385|202709|203084|203145,46.0,263.0,1610612749.0,21900797,False
1,PT03M42.00S,03:42,Q1 03:42,39.7,122,rebound,Bazemore REBOUND (Off:0 Def:1),[],Bazemore,28,16,,False,False,203145.0,,3pt missed,2pt missed,,,,101141|1626192|1627741|1628385|1628425|1628978|201572|201577|202709|203084|203114|203145,1627741|1628385|202709|203084|203145,101141|1626192|1628425|1628978|201572|201577|203114,,,1610612758.0,21900797,False
1,PT03M32.00S,03:32,Q1 03:32,39.53333333333333,123,2pt,MISS Joseph 7' Driving Floating Bank Jump Shot,['pointsinthepaint'],Joseph,28,16,Missed,True,False,202709.0,,rebound,rebound,,,,101141|1626192|1627741|1628385|1628425|1628978|201572|201577|202709|203084|203114|203145,1627741|1628385|202709|203084|203145,101141|1626192|1628425|1628978|201572|201577|203114,52.0,39.0,1610612758.0,21900797,False
1,PT03M29.00S,03:29,Q1 03:29,39.483333333333334,124,rebound,Connaughton REBOUND (Off:0 Def:1),[],Connaughton,28,16,,False,False,1626192.0,,2pt missed,3pt missed,,,,101141|1626192|1627741|1628385|1628425|1628978|201572|201577|202709|203084|203114|203145,101141|1626192|1628425|1628978|201572|201577|203114,1627741|1628385|202709|203084|203145,,,1610612749.0,21900797,False
1,PT03M20.00S,03:20,Q1 03:20,39.333333333333336,125,3pt,MISS Brown 24' 3PT Jump Shot,[],Brown,28,16,Missed,True,False,1628425.0,,rebound,rebound,,,,101141|1626192|1627741|1628385|1628425|1628978|201572|201577|202709|203084|203114|203145,101141|1626192|1628425|1628978|201572|201577|203114,1627741|1628385|202709|203084|203145,-238.0,3.0,1610612749.0,21900797,False
1,PT03M14.00S,03:14,Q1 03:14,39.233333333333334,126,rebound,Giles III REBOUND (Off:0 Def:3),[],Giles III,28,16,,False,False,1628385.0,,3pt missed,foul,,,,101141|1626192|1627741|1628385|1628425|1628978|201572|201577|202709|203084|203114|203145,1627741|1628385|202709|203084|203145,101141|1626192|1628425|1628978|201572|201577|203114,,,1610612758.0,21900797,False
1,PT03M12.00S,03:12,Q1 03:12,39.2,127,foul,Giles III OFF.Foul (P2) (L.Richardson),[],Giles III,28,16,,False,False,1628385.0,,rebound,turnover,1628978.0,,,101141|1626192|1627741|1628385|1628425|1628978|201572|201577|202709|203084|203114|203145,1627741|1628385|202709|203084|203145,101141|1626192|1628425|1628978|201572|201577|203114,,,1610612758.0,21900797,False
1,PT03M12.00S,03:12,Q1 03:12,39.2,129,turnover,Giles III Offensive Foul Turnover (P2.T5),[],Giles III,28,16,,False,False,1628385.0,,foul,substitution,,,,101141|1626192|1627741|1628385|1628425|1628978|201572|201577|202709|203084|203114|203145,1627741|1628385|202709|203084|203145,101141|1626192|1628425|1628978|201572|201577|203114,,,1610612758.0,21900797,False
1,PT03M12.00S,03:12,Q1 03:12,39.2,130,substitution,SUB out: K. Middleton,[],Middleton,28,16,,False,False,203114.0,,turnover,substitution,,,,101141|1626192|1627741|1628385|1628425|1628978|201572|201577|202709|203084|203145,101141|1626192|1628425|1628978|201572|201577,1627741|1628385|202709|203084|203145,,,1610612749.0,21900797,False
1,PT03M12.00S,03:12,Q1 03:12,39.2,131,substitution,SUB in: K. Korver,[],Korver,28,16,,False,False,2594.0,,substitution,2pt missed,,,,101141|1626192|1627741|1628385|1628425|1628978|201572|201577|202709|203084|203145|2594,101141|1626192|1628425|1628978|201572|201577|2594,1627741|1628385|202709|203084|203145,,,1610612749.0,21900797,False
1,PT03M01.00S,03:01,Q1 03:01,39.016666666666666,132,2pt,MISS DiVincenzo 3' Driving Layup,['pointsinthepaint'],DiVincenzo,28,16,Missed,True,False,1628978.0,,substitution,rebound,,,,101141|1626192|1627741|1628385|1628425|1628978|201572|201577|202709|203084|203145|2594,101141|1626192|1628425|1628978|201572|201577|2594,1627741|1628385|202709|203084|203145,-20.0,17.0,1610612749.0,21900797,False
1,PT02M58.00S,02:58,Q1 02:58,38.96666666666667,133,rebound,Joseph REBOUND (Off:0 Def:1),[],Joseph,28,16,,False,False,202709.0,,2pt missed,2pt missed,,,,101141|1626192|1627741|1628385|1628425|1628978|201572|201577|202709|203084|203145|2594,1627741|1628385|202709|203084|203145,101141|1626192|1628425|1628978|201572|201577|2594,,,1610612758.0,21900797,False
1,PT02M53.00S,02:53,Q1 02:53,38.88333333333333,134,2pt,MISS Bazemore 5' Driving Layup,['pointsinthepaint'],Bazemore,28,16,Missed,True,False,203145.0,,rebound,rebound,,,,101141|1626192|1627741|1628385|1628425|1628978|201572|201577|202709|203084|203145|2594,1627741|1628385|202709|203084|203145,101141|1626192|1628425|1628978|201572|201577|2594,26.0,41.0,1610612758.0,21900797,False
1,PT02M50.00S,02:50,Q1 02:50,38.833333333333336,135,rebound,Barnes REBOUND (Off:1 Def:0),[],Barnes,28,16,,False,False,203084.0,,2pt missed,3pt missed,,,,101141|1626192|1627741|1628385|1628425|1628978|201572|201577|202709|203084|203145|2594,1627741|1628385|202709|203084|203145,101141|1626192|1628425|1628978|201572|201577|2594,,,1610612758.0,21900797,False
1,PT02M44.00S,02:44,Q1 02:44,38.733333333333334,136,3pt,MISS Bazemore 3PT Jump Shot,[],Bazemore,28,16,Missed,True,False,203145.0,,rebound,rebound,,,,101141|1626192|1627741|1628385|1628425|1628978|201572|201577|202709|203084|203145|2594,1627741|1628385|202709|203084|203145,101141|1626192|1628425|1628978|201572|201577|2594,233.0,10.0,1610612758.0,21900797,False
1,PT02M40.00S,02:40,Q1 02:40,38.666666666666664,137,rebound,R. Lopez REBOUND (Off:0 Def:1),[],Lopez,28,16,,False,False,201577.0,,3pt missed,2pt missed,,,,101141|1626192|1627741|1628385|1628425|1628978|201572|201577|202709|203084|203145|2594,101141|1626192|1628425|1628978|201572|201577|2594,1627741|1628385|202709|203084|203145,,,1610612749.0,21900797,False
1,PT02M21.00S,02:21,Q1 02:21,38.35,138,2pt,MISS R. Lopez 4' Hook Shot,['pointsinthepaint'],Lopez,28,16,Missed,True,False,201577.0,,rebound,rebound,,,,101141|1626192|1627741|1628385|1628425|1628978|201572|201577|202709|203084|203145|2594,101141|1626192|1628425|1628978|201572|201577|2594,1627741|1628385|202709|203084|203145,30.0,32.0,1610612749.0,21900797,False
1,PT02M19.00S,02:19,Q1 02:19,38.31666666666666,139,rebound,Bazemore REBOUND (Off:0 Def:2),[],Bazemore,28,16,,False,False,203145.0,,2pt missed,2pt made,,,,101141|1626192|1627741|1628385|1628425|1628978|201572|201577|202709|203084|203145|2594,1627741|1628385|202709|203084|203145,101141|1626192|1628425|1628978|201572|201577|2594,,,1610612758.0,21900797,False
1,PT02M12.00S,02:12,Q1 02:12,38.2,140,2pt,Joseph 1' Driving Layup (2 PTS),['pointsinthepaint'],Joseph,28,18,Made,True,False,202709.0,,rebound,foul,,,,101141|1626192|1627741|1628385|1628425|1628978|201572|201577|202709|203084|203145|2594,1627741|1628385|202709|203084|203145,101141|1626192|1628425|1628978|201572|201577|2594,6.0,6.0,1610612758.0,21900797,False
1,PT02M12.00S,02:12,Q1 02:12,38.2,141,foul,Korver S.FOUL (P1.T3) (R.Mott),[],Korver,28,18,,False,False,2594.0,,2pt made,freethrow,202709.0,,,101141|1626192|1627741|1628385|1628425|1628978|201572|201577|202709|203084|203145|2594,101141|1626192|1628425|1628978|201572|201577|2594,1627741|1628385|202709|203084|203145,,,1610612749.0,21900797,False
1,PT02M12.00S,02:12,Q1 02:12,38.2,151,freethrow,MISS Joseph Free Throw 1 of 1,[],Joseph,28,18,Missed,False,False,202709.0,,foul,substitution,,,,101141|1626192|1627741|1628385|1628425|1628978|201572|201577|202709|203084|203145|2594,1627741|1628385|202709|203084|203145,101141|1626192|1628425|1628978|201572|201577|2594,,,1610612758.0,21900797,False
1,PT02M12.00S,02:12,Q1 02:12,38.2,143,substitution,SUB out: S. Brown,[],Brown,28,18,,False,False,1628425.0,,freethrow,substitution,,,,101141|1626192|1627741|1628385|1628978|201572|201577|202709|203084|203145|2594,101141|1626192|1628978|201572|201577|2594,1627741|1628385|202709|203084|203145,,,1610612749.0,21900797,False
1,PT02M12.00S,02:12,Q1 02:12,38.2,144,substitution,SUB out: R. Lopez,[],Lopez,28,18,,False,False,201577.0,,substitution,substitution,,,,101141|1626192|1627741|1628385|1628978|201572|202709|203084|203145|2594,101141|1626192|1628978|201572|2594,1627741|1628385|202709|203084|203145,,,1610612749.0,21900797,True
1,PT02M12.00S,02:12,Q1 02:12,38.2,145,substitution,SUB out: H. Giles III,[],Giles III,28,18,,False,False,1628385.0,,substitution,substitution,,,,101141|1626192|1627741|1628978|201572|202709|203084|203145|2594,1627741|202709|203084|203145,101141|1626192|1628978|201572|2594,,,1610612758.0,21900797,False
1,PT02M12.00S,02:12,Q1 02:12,38.2,146,substitution,SUB out: H. Barnes,[],Barnes,28,18,,False,False,203084.0,,substitution,substitution,,,,101141|1626192|1627741|1628978|201572|202709|203145|2594,1627741|202709|203145,101141|1626192|1628978|201572|2594,,,1610612758.0,21900797,False
1,PT02M12.00S,02:12,Q1 02:12,38.2,147,substitution,SUB in: E. Bledsoe,[],Bledsoe,28,18,,False,False,202339.0,,substitution,substitution,,,,101141|1626192|1627741|1628978|201572|202339|202709|203145|2594,101141|1626192|1628978|201572|202339|2594,1627741|202709|203145,,,1610612749.0,21900797,False
1,PT02M12.00S,02:12,Q1 02:12,38.2,148,substitution,SUB in: E. Ilyasova,[],Ilyasova,28,18,,False,False,101141.0,,substitution,substitution,,,,101141|1626192|1627741|1628978|201572|202339|202709|203145|2594,101141|1626192|1628978|201572|202339|2594,1627741|202709|203145,,,1610612749.0,21900797,False
1,PT02M12.00S,02:12,Q1 02:12,38.2,149,substitution,SUB in: N. Bjelica,[],Bjelica,28,18,,False,False,202357.0,,substitution,substitution,,,,101141|1626192|1627741|1628978|201572|202339|202357|202709|203145|2594,1627741|202357|202709|203145,101141|1626192|1628978|201572|202339|2594,,,1610612758.0,21900797,True
1,PT02M12.00S,02:12,Q1 02:12,38.2,150,substitution,SUB in: Y. Ferrell,[],Ferrell,28,18,,False,False,1627812.0,,substitution,rebound,,,,101141|1626192|1627741|1627812|1628978|201572|202339|202357|202709|203145|2594,1627741|1627812|202357|202709|203145,101141|1626192|1628978|201572|202339|2594,,,1610612758.0,21900797,False
1,PT02M08.00S,02:08,Q1 02:08,38.13333333333333,152,rebound,Ilyasova REBOUND (Off:0 Def:2),[],Ilyasova,28,18,,False,False,101141.0,,substitution,2pt made,,,,101141|1626192|1627741|1627812|1628978|201572|202339|202357|202709|203145|2594,101141|1626192|1628978|201572|202339|2594,1627741|1627812|202357|202709|203145,,,1610612749.0,21900797,False
1,PT02M03.00S,02:03,Q1 02:03,38.05,153,2pt,Bledsoe 6' Driving Layup (8 PTS),['pointsinthepaint'],Bledsoe,30,18,Made,True,False,202339.0,,rebound,2pt made,,,,101141|1626192|1627741|1627812|1628978|201572|202339|202357|202709|203145|2594,101141|1626192|1628978|201572|202339|2594,1627741|1627812|202357|202709|203145,8.0,57.0,1610612749.0,21900797,False
1,PT01M46.00S,01:46,Q1 01:46,37.766666666666666,154,2pt,Joseph 2' Driving Layup (4 PTS),['pointsinthepaint'],Joseph,30,20,Made,True,False,202709.0,,2pt made,2pt made,,,,101141|1626192|1627741|1627812|1628978|201572|202339|202357|202709|203145|2594,1627741|1627812|202357|202709|203145,101141|1626192|1628978|201572|202339|2594,6.0,21.0,1610612758.0,21900797,False
1,PT01M31.00S,01:31,Q1 01:31,37.516666666666666,155,2pt,Korver 18' Jump Shot (2 PTS),[],Korver,32,20,Made,True,False,2594.0,,2pt made,2pt missed,,,,101141|1626192|1627741|1627812|1628978|201572|202339|202357|202709|203145|2594,101141|1626192|1628978|201572|202339|2594,1627741|1627812|202357|202709|203145,-42.0,179.0,1610612749.0,21900797,False
1,PT01M15.00S,01:15,Q1 01:15,37.25,156,2pt,MISS Bazemore 3' Driving Layup,['pointsinthepaint'],Bazemore,32,20,Missed,True,False,203145.0,,2pt made,rebound,,,,101141|1626192|1627741|1627812|1628978|201572|202339|202357|202709|203145|2594,1627741|1627812|202357|202709|203145,101141|1626192|1628978|201572|202339|2594,13.0,27.0,1610612758.0,21900797,False
1,PT01M13.00S,01:13,Q1 01:13,37.21666666666667,157,rebound,Bledsoe REBOUND (Off:0 Def:1),[],Bledsoe,32,20,,False,False,202339.0,,2pt missed,2pt missed,,,,101141|1626192|1627741|1627812|1628978|201572|202339|202357|202709|203145|2594,101141|1626192|1628978|201572|202339|2594,1627741|1627812|202357|202709|203145,,,1610612749.0,21900797,False
1,PT01M09.00S,01:09,Q1 01:09,37.15,158,2pt,MISS Bledsoe 2' Running Layup,['pointsinthepaint'],Bledsoe,32,20,Missed,True,False,202339.0,,rebound,block,,,,101141|1626192|1627741|1627812|1628978|201572|202339|202357|202709|203145|2594,101141|1626192|1628978|201572|202339|2594,1627741|1627812|202357|202709|203145,3.0,24.0,1610612749.0,21900797,False
1,PT01M09.00S,01:09,Q1 01:09,37.15,158,block,Bazemore BLOCK (1 BLK),[],Bazemore,32,20,,False,False,203145.0,,2pt missed,rebound,,,203145.0,101141|1626192|1627741|1627812|1628978|201572|202339|202357|202709|203145|2594,1627741|1627812|202357|202709|203145,101141|1626192|1628978|201572|202339|2594,,,1610612758.0,21900797,False
1,PT01M09.00S,01:09,Q1 01:09,37.15,160,rebound,TEAM offensive REBOUND,['team'],,32,20,,False,False,0.0,,block,2pt missed,,,,101141|1626192|1627741|1627812|1628978|201572|202339|202357|202709|203145|2594,101141|1626192|1628978|201572|202339|2594,1627741|1627812|202357|202709|203145,,,1610612749.0,21900797,False
1,PT00M56.40S,00:56,Q1 00:56,36.94,163,2pt,MISS Connaughton 8' Driving Floating Jump Shot,"['2ndchance', 'pointsinthepaint']",Connaughton,32,20,Missed,True,False,1626192.0,,rebound,rebound,,,,101141|1626192|1627741|1627812|1628978|201572|202339|202357|202709|203145|2594,101141|1626192|1628978|201572|202339|2594,1627741|1627812|202357|202709|203145,-21.0,78.0,1610612749.0,21900797,False
1,PT00M56.30S,00:56,Q1 00:56,36.93833333333333,164,rebound,Connaughton REBOUND (Off:1 Def:1),[],Connaughton,32,20,,False,False,1626192.0,,2pt missed,2pt made,,,,101141|1626192|1627741|1627812|1628978|201572|202339|202357|202709|203145|2594,101141|1626192|1628978|201572|202339|2594,1627741|1627812|202357|202709|203145,,,1610612749.0,21900797,False
1,PT00M55.90S,00:55,Q1 00:55,36.931666666666665,165,2pt,Connaughton 3' Tip Layup Shot (2 PTS),['pointsinthepaint'],Connaughton,34,20,Made,True,False,1626192.0,,rebound,2pt missed,,,,101141|1626192|1627741|1627812|1628978|201572|202339|202357|202709|203145|2594,101141|1626192|1628978|201572|202339|2594,1627741|1627812|202357|202709|203145,-8.0,26.0,1610612749.0,21900797,False
1,PT00M45.20S,00:45,Q1 00:45,36.75333333333333,166,2pt,MISS Hield 3' Alley Oop Layup,['pointsinthepaint'],Hield,34,20,Missed,True,False,1627741.0,,2pt made,rebound,,,,101141|1626192|1627741|1627812|1628978|201572|202339|202357|202709|203145|2594,1627741|1627812|202357|202709|203145,101141|1626192|1628978|201572|202339|2594,15.0,25.0,1610612758.0,21900797,False
1,PT00M45.00S,00:45,Q1 00:45,36.75,167,rebound,Hield REBOUND (Off:1 Def:0),[],Hield,34,20,,False,False,1627741.0,,2pt missed,2pt made,,,,101141|1626192|1627741|1627812|1628978|201572|202339|202357|202709|203145|2594,1627741|1627812|202357|202709|203145,101141|1626192|1628978|201572|202339|2594,,,1610612758.0,21900797,False
1,PT00M44.80S,00:44,Q1 00:44,36.74666666666667,168,2pt,Hield 2' Tip Layup Shot (2 PTS),['pointsinthepaint'],Hield,34,22,Made,True,False,1627741.0,,rebound,2pt made,,,,101141|1626192|1627741|1627812|1628978|201572|202339|202357|202709|203145|2594,1627741|1627812|202357|202709|203145,101141|1626192|1628978|201572|202339|2594,6.0,15.0,1610612758.0,21900797,False
1,PT00M33.70S,00:33,Q1 00:33,36.56166666666667,169,2pt,Bledsoe 2' Driving Reverse Layup (10 PTS),['pointsinthepaint'],Bledsoe,36,22,Made,True,False,202339.0,,2pt made,2pt made,,,,101141|1626192|1627741|1627812|1628978|201572|202339|202357|202709|203145|2594,101141|1626192|1628978|201572|202339|2594,1627741|1627812|202357|202709|203145,-13.0,20.0,1610612749.0,21900797,False
1,PT00M11.90S,00:11,Q1 00:11,36.19833333333333,170,2pt,Bjelica 1' Dunk (5 PTS) (Bazemore 1 AST),['pointsinthepaint'],Bjelica,36,24,Made,True,True,202357.0,203145.0,2pt made,2pt made,,,,101141|1626192|1627741|1627812|1628978|201572|202339|202357|202709|203145|2594,1627741|1627812|202357|202709|203145,101141|1626192|1628978|201572|202339|2594,3.0,11.0,1610612758.0,21900797,False
1,PT00M02.00S,00:02,Q1 00:02,36.03333333333333,172,2pt,DiVincenzo 1' Driving Layup (5 PTS),['pointsinthepaint'],DiVincenzo,38,24,Made,True,False,1628978.0,,2pt made,3pt missed,,,,101141|1626192|1627741|1627812|1628978|201572|202339|202357|202709|203145|2594,101141|1626192|1628978|201572|202339|2594,1627741|1627812|202357|202709|203145,-4.0,9.0,1610612749.0,21900797,False
1,PT00M00.00S,00:00,Q1 00:00,36.0,173,3pt,MISS Ferrell 39' 3PT Jump Shot,[],Ferrell,38,24,Missed,True,False,1627812.0,,2pt made,rebound,,,,101141|1626192|1627741|1627812|1628978|201572|202339|202357|202709|203145|2594,1627741|1627812|202357|202709|203145,101141|1626192|1628978|201572|202339|2594,-136.0,361.0,1610612758.0,21900797,False
1,PT00M00.00S,00:00,Q1 00:00,36.0,174,rebound,TEAM offensive REBOUND,['team'],,38,24,,False,False,0.0,,3pt missed,period,,,,101141|1626192|1627741|1627812|1628978|201572|202339|202357|202709|203145|2594,1627741|1627812|202357|202709|203145,101141|1626192|1628978|201572|202339|2594,,,1610612758.0,21900797,False
1,PT00M00.00S,00:00,Q1 00:00,36.0,175,period,End of 1st Period (8:36 PM EST),[],,38,24,,False,False,0.0,,rebound,period,,,,101141|1626192|1627741|1627812|1628978|201572|202339|202357|202709|203145|2594,101141|1626192|1628978|201572|202339|2594,1627741|1627812|202357|202709|203145,,,1610612749.0,21900797,False
2,PT12M00.00S,12:00,Q2 12:00,36.0,179,period,Start of 2nd Period (8:38 PM EST),[],,38,24,,False,False,0.0,,period,substitution,,,,101141|1626192|1627741|1627812|1628978|201572|202339|202357|202709|203145|2594,101141|1626192|1628978|201572|202339|2594,1627741|1627812|202357|202709|203145,,,1610612749.0,21900797,False
2,PT11M38.00S,11:38,Q2 11:38,35.63333333333333,180,2pt,Joseph 20' Step Back Jump Shot (6 PTS),[],Joseph,38,26,Made,True,False,202709.0,,substitution,3pt missed,,,,101141|1626192|1627741|1627812|201572|202083|202339|202357|202709|203145|2594,1627741|1627812|202357|202709|203145,101141|1626192|201572|202083|202339|2594,-30.0,194.0,1610612758.0,21900797,False
2,PT11M25.00S,11:25,Q2 11:25,35.416666666666664,181,3pt,MISS Ilyasova 26' 3PT Jump Shot,[],Ilyasova,38,26,Missed,True,False,101141.0,,2pt made,rebound,,,,101141|1626192|1627741|1627812|201572|202083|202339|202357|202709|203145|2594,101141|1626192|201572|202083|202339|2594,1627741|1627812|202357|202709|203145,-90.0,240.0,1610612749.0,21900797,False
2,PT11M23.00S,11:23,Q2 11:23,35.38333333333333,182,rebound,Connaughton REBOUND (Off:2 Def:1),[],Connaughton,38,26,,False,False,1626192.0,,3pt missed,3pt missed,,,,101141|1626192|1627741|1627812|201572|202083|202339|202357|202709|203145|2594,101141|1626192|201572|202083|202339|2594,1627741|1627812|202357|202709|203145,,,1610612749.0,21900797,False
2,PT11M17.00S,11:17,Q2 11:17,35.28333333333333,183,3pt,MISS Matthews 3PT Jump Shot,[],Matthews,38,26,Missed,True,False,202083.0,,rebound,rebound,,,,101141|1626192|1627741|1627812|201572|202083|202339|202357|202709|203145|2594,101141|1626192|201572|202083|202339|2594,1627741|1627812|202357|202709|203145,-232.0,24.0,1610612749.0,21900797,False
2,PT11M17.00S,11:17,Q2 11:17,35.28333333333333,184,rebound,TEAM defensive REBOUND,['team'],,38,26,,False,False,0.0,,3pt missed,foul,,,,101141|1626192|1627741|1627812|201572|202083|202339|202357|202709|203145|2594,1627741|1627812|202357|202709|203145,101141|1626192|201572|202083|202339|2594,,,1610612758.0,21900797,False
2,PT11M17.00S,11:17,Q2 11:17,35.28333333333333,185,foul,Ilyasova P.FOUL (P2.T1) (B.Kennedy),[],Ilyasova,38,26,,False,False,101141.0,,rebound,2pt made,1627812.0,,,101141|1626192|1627741|1627812|201572|202083|202339|202357|202709|203145|2594,101141|1626192|201572|202083|202339|2594,1627741|1627812|202357|202709|203145,,,1610612749.0,21900797,False
2,PT11M05.00S,11:05,Q2 11:05,35.083333333333336,187,2pt,Ferrell 17' Pullup Jump Shot (2 PTS),[],Ferrell,38,28,Made,True,False,1627812.0,,foul,2pt missed,,,,101141|1626192|1627741|1627812|201572|202083|202339|202357|202709|203145|2594,1627741|1627812|202357|202709|203145,101141|1626192|201572|202083|202339|2594,81.0,146.0,1610612758.0,21900797,False
2,PT10M50.00S,10:50,Q2 10:50,34.833333333333336,188,2pt,MISS Korver 9' Driving Floating Jump Shot,['pointsinthepaint'],Korver,38,28,Missed,True,False,2594.0,,2pt made,rebound,,,,101141|1626192|1627741|1627812|201572|202083|202339|202357|202709|203145|2594,101141|1626192|201572|202083|202339|2594,1627741|1627812|202357|202709|203145,49.0,79.0,1610612749.0,21900797,False
2,PT10M47.00S,10:47,Q2 10:47,34.78333333333333,189,rebound,Bjelica REBOUND (Off:2 Def:1),[],Bjelica,38,28,,False,False,202357.0,,2pt missed,3pt missed,,,,101141|1626192|1627741|1627812|201572|202083|202339|202357|202709|203145|2594,1627741|1627812|202357|202709|203145,101141|1626192|201572|202083|202339|2594,,,1610612758.0,21900797,False
2,PT10M41.00S,10:41,Q2 10:41,34.68333333333334,190,3pt,MISS Joseph 26' 3PT Jump Shot,[],Joseph,38,28,Missed,True,False,202709.0,,rebound,rebound,,,,101141|1626192|1627741|1627812|201572|202083|202339|202357|202709|203145|2594,1627741|1627812|202357|202709|203145,101141|1626192|201572|202083|202339|2594,105.0,242.0,1610612758.0,21900797,False
2,PT10M37.00S,10:37,Q2 10:37,34.61666666666667,191,rebound,Bledsoe REBOUND (Off:0 Def:2),[],Bledsoe,38,28,,False,False,202339.0,,3pt missed,3pt missed,,,,101141|1626192|1627741|1627812|201572|202083|202339|202357|202709|203145|2594,101141|1626192|201572|202083|202339|2594,1627741|1627812|202357|202709|203145,,,1610612749.0,21900797,False
2,PT10M28.00S,10:28,Q2 10:28,34.46666666666667,192,3pt,MISS Korver 27' 3PT Jump Shot,[],Korver,38,28,Missed,True,False,2594.0,,rebound,rebound,,,,101141|1626192|1627741|1627812|201572|202083|202339|202357|202709|203145|2594,101141|1626192|201572|202083|202339|2594,1627741|1627812|202357|202709|203145,-98.0,248.0,1610612749.0,21900797,False
2,PT10M25.00S,10:25,Q2 10:25,34.416666666666664,193,rebound,Ferrell REBOUND (Off:0 Def:1),[],Ferrell,38,28,,False,False,1627812.0,,3pt missed,3pt missed,,,,101141|1626192|1627741|1627812|201572|202083|202339|202357|202709|203145|2594,1627741|1627812|202357|202709|203145,101141|1626192|201572|202083|202339|2594,,,1610612758.0,21900797,False
2,PT10M23.00S,10:23,Q2 10:23,34.38333333333333,194,3pt,MISS Ferrell 29' 3PT Jump Shot,[],Ferrell,38,28,Missed,True,False,1627812.0,,rebound,rebound,,,,101141|1626192|1627741|1627812|201572|202083|202339|202357|202709|203145|2594,1627741|1627812|202357|202709|203145,101141|1626192|201572|202083|202339|2594,-209.0,197.0,1610612758.0,21900797,False
2,PT10M22.00S,10:22,Q2 10:22,34.36666666666667,195,rebound,TEAM offensive REBOUND,['team'],,38,28,,False,False,0.0,,3pt missed,foul,,,,101141|1626192|1627741|1627812|201572|202083|202339|202357|202709|203145|2594,1627741|1627812|202357|202709|203145,101141|1626192|201572|202083|202339|2594,,,1610612758.0,21900797,False
2,PT10M22.00S,10:22,Q2 10:22,34.36666666666667,196,foul,Korver L.B.FOUL (P2.T2) (R.Mott),[],Korver,38,28,,False,False,2594.0,,rebound,2pt missed,1627812.0,,,101141|1626192|1627741|1627812|201572|202083|202339|202357|202709|203145|2594,101141|1626192|201572|202083|202339|2594,1627741|1627812|202357|202709|203145,,,1610612749.0,21900797,False
2,PT10M13.00S,10:13,Q2 10:13,34.21666666666667,198,2pt,MISS Ferrell 3' Driving Layup,['pointsinthepaint'],Ferrell,38,28,Missed,True,False,1627812.0,,foul,rebound,,,,101141|1626192|1627741|1627812|201572|202083|202339|202357|202709|203145|2594,1627741|1627812|202357|202709|203145,101141|1626192|201572|202083|202339|2594,2.0,29.0,1610612758.0,21900797,False
2,PT10M11.00S,10:11,Q2 10:11,34.18333333333334,199,rebound,Ilyasova REBOUND (Off:0 Def:3),[],Ilyasova,38,28,,False,False,101141.0,,2pt missed,2pt missed,,,,101141|1626192|1627741|1627812|201572|202083|202339|202357|202709|203145|2594,101141|1626192|201572|202083|202339|2594,1627741|1627812|202357|202709|203145,,,1610612749.0,21900797,False
2,PT10M00.00S,10:00,Q2 10:00,34.0,200,2pt,MISS Matthews 5' Turnaround Fadeaway Bank Jump Shot,['pointsinthepaint'],Matthews,38,28,Missed,True,False,202083.0,,rebound,rebound,,,,101141|1626192|1627741|1627812|201572|202083|202339|202357|202709|203145|2594,101141|1626192|201572|202083|202339|2594,1627741|1627812|202357|202709|203145,-37.0,35.0,1610612749.0,21900797,False
2,PT09M58.00S,09:58,Q2 09:58,33.96666666666667,201,rebound,Bjelica REBOUND (Off:2 Def:2),[],Bjelica,38,28,,False,False,202357.0,,2pt missed,2pt made,,,,101141|1626192|1627741|1627812|201572|202083|202339|202357|202709|203145|2594,1627741|1627812|202357|202709|203145,101141|1626192|201572|202083|202339|2594,,,1610612758.0,21900797,False
2,PT09M53.00S,09:53,Q2 09:53,33.88333333333333,202,2pt,Bazemore 1' Driving Layup (2 PTS) (Ferrell 1 AST),['pointsinthepaint'],Bazemore,38,30,Made,True,True,203145.0,1627812.0,rebound,foul,,,,101141|1626192|1627741|1627812|201572|202083|202339|202357|202709|203145|2594,1627741|1627812|202357|202709|203145,101141|1626192|201572|202083|202339|2594,9.0,11.0,1610612758.0,21900797,False
2,PT09M53.00S,09:53,Q2 09:53,33.88333333333333,204,foul,Bledsoe S.FOUL (P1.T3) (B.Kennedy),[],Bledsoe,38,30,,False,False,202339.0,,2pt made,freethrow,203145.0,,,101141|1626192|1627741|1627812|201572|202083|202339|202357|202709|203145|2594,101141|1626192|201572|202083|202339|2594,1627741|1627812|202357|202709|203145,,,1610612749.0,21900797,False
2,PT09M53.00S,09:53,Q2 09:53,33.88333333333333,210,freethrow,Bazemore Free Throw 1 of 1 (3 PTS),[],Bazemore,38,31,Made,False,False,203145.0,,foul,substitution,,,,101141|1626192|1627741|1627812|201572|202083|202339|202357|202709|203145|2594,1627741|1627812|202357|202709|203145,101141|1626192|201572|202083|202339|2594,,,1610612758.0,21900797,False
2,PT09M53.00S,09:53,Q2 09:53,33.88333333333333,206,substitution,SUB out: K. Korver,[],Korver,38,30,,False,False,2594.0,,freethrow,substitution,,,,101141|1626192|1627741|1627812|201572|202083|202339|202357|202709|203145,101141|1626192|201572|202083|202339,1627741|1627812|202357|202709|203145,,,1610612749.0,21900797,True
2,PT09M53.00S,09:53,Q2 09:53,33.88333333333333,207,substitution,SUB out: N. Bjelica,[],Bjelica,38,30,,False,False,202357.0,,substitution,substitution,,,,101141|1626192|1627741|1627812|201572|202083|202339|202709|203145,1627741|1627812|202709|203145,101141|1626192|201572|202083|202339,,,1610612758.0,21900797,False
2,PT09M53.00S,09:53,Q2 09:53,33.88333333333333,208,substitution,SUB in: K. Middleton,[],Middleton,38,30,,False,False,203114.0,,substitution,substitution,,,,101141|1626192|1627741|1627812|201572|202083|202339|202709|203114|203145,101141|1626192|201572|202083|202339|203114,1627741|1627812|202709|203145,,,1610612749.0,21900797,True
2,PT09M53.00S,09:53,Q2 09:53,33.88333333333333,209,substitution,SUB in: H. Barnes,[],Barnes,38,30,,False,False,203084.0,,substitution,2pt made,,,,101141|1626192|1627741|1627812|201572|202083|202339|202709|203084|203114|203145,1627741|1627812|202709|203084|203145,101141|1626192|201572|202083|202339|203114,,,1610612758.0,21900797,False
2,PT09M41.00S,09:41,Q2 09:41,33.68333333333334,211,2pt,Bledsoe 1' Driving Layup (12 PTS),['pointsinthepaint'],Bledsoe,40,31,Made,True,False,202339.0,,substitution,3pt missed,,,,101141|1626192|1627741|1627812|201572|202083|202339|202709|203084|203114|203145,101141|1626192|201572|202083|202339|203114,1627741|1627812|202709|203084|203145,-4.0,8.0,1610612749.0,21900797,False
2,PT09M26.00S,09:26,Q2 09:26,33.43333333333334,212,3pt,MISS Hield 25' 3PT Jump Shot,[],Hield,40,31,Missed,True,False,1627741.0,,2pt made,rebound,,,,101141|1626192|1627741|1627812|201572|202083|202339|202709|203084|203114|203145,1627741|1627812|202709|203084|203145,101141|1626192|201572|202083|202339|203114,-232.0,84.0,1610612758.0,21900797,False
2,PT09M24.00S,09:24,Q2 09:24,33.4,213,rebound,Barnes REBOUND (Off:2 Def:0),[],Barnes,40,31,,False,False,203084.0,,3pt missed,2pt missed,,,,101141|1626192|1627741|1627812|201572|202083|202339|202709|203084|203114|203145,1627741|1627812|202709|203084|203145,101141|1626192|201572|202083|202339|203114,,,1610612758.0,21900797,False
2,PT09M19.00S,09:19,Q2 09:19,33.31666666666666,214,2pt,MISS Bazemore 3' Driving Reverse Layup,['pointsinthepaint'],Bazemore,40,31,Missed,True,False,203145.0,,rebound,block,,,,101141|1626192|1627741|1627812|201572|202083|202339|202709|203084|203114|203145,1627741|1627812|202709|203084|203145,101141|1626192|201572|202083|202339|203114,-5.0,31.0,1610612758.0,21900797,False
2,PT09M19.00S,09:19,Q2 09:19,33.31666666666666,214,block,Ilyasova BLOCK (1 BLK),[],Ilyasova,40,31,,False,False,101141.0,,2pt missed,rebound,,,101141.0,101141|1626192|1627741|1627812|201572|202083|202339|202709|203084|203114|203145,101141|1626192|201572|202083|202339|203114,1627741|1627812|202709|203084|203145,,,1610612749.0,21900797,False
2,PT09M15.00S,09:15,Q2 09:15,33.25,216,rebound,Ilyasova REBOUND (Off:0 Def:4),[],Ilyasova,40,31,,False,False,101141.0,,block,foul,,,,101141|1626192|1627741|1627812|201572|202083|202339|202709|203084|203114|203145,101141|1626192|201572|202083|202339|203114,1627741|1627812|202709|203084|203145,,,1610612749.0,21900797,False
2,PT09M12.00S,09:12,Q2 09:12,33.2,217,foul,Bledsoe L.B.FOUL (P2.T4) (R.Mott),[],Bledsoe,40,31,,False,False,202339.0,,rebound,turnover,203145.0,,,101141|1626192|1627741|1627812|201572|202083|202339|202709|203084|203114|203145,101141|1626192|201572|202083|202339|203114,1627741|1627812|202709|203084|203145,,,1610612749.0,21900797,False
2,PT09M12.00S,09:12,Q2 09:12,33.2,290,turnover,Matthews Bad Pass Turnover (P1.T3),[],Matthews,40,31,,False,False,202083.0,,foul,substitution,,,,101141|1626192|1627741|1627812|201572|202083|202339|202709|203084|203114|203145,101141|1626192|201572|202083|202339|203114,1627741|1627812|202709|203084|203145,,,1610612749.0,21900797,False
2,PT09M12.00S,09:12,Q2 09:12,33.2,220,substitution,SUB out: E. Ilyasova,[],Ilyasova,40,31,,False,False,101141.0,,turnover,substitution,,,,1626192|1627741|1627812|201572|202083|202339|202709|203084|203114|203145,1626192|201572|202083|202339|203114,1627741|1627812|202709|203084|203145,,,1610612749.0,21900797,True
2,PT09M12.00S,09:12,Q2 09:12,33.2,221,substitution,SUB out: E. Bledsoe,[],Bledsoe,40,31,,False,False,202339.0,,substitution,substitution,,,,1626192|1627741|1627812|201572|202083|202709|203084|203114|203145,1626192|201572|202083|203114,1627741|1627812|202709|203084|203145,,,1610612749.0,21900797,False
2,PT09M12.00S,09:12,Q2 09:12,33.2,222,substitution,SUB in: B. Lopez,[],Lopez,40,31,,False,False,201572.0,,substitution,substitution,,,,1626192|1627741|1627812|201572|202083|202709|203084|203114|203145,1626192|201572|202083|203114,1627741|1627812|202709|203084|203145,,,1610612749.0,21900797,False
2,PT09M12.00S,09:12,Q2 09:12,33.2,223,substitution,SUB in: D. DiVincenzo,[],DiVincenzo,40,31,,False,False,1628978.0,,substitution,3pt missed,,,,1626192|1627741|1627812|1628978|201572|202083|202709|203084|203114|203145,1626192|1628978|201572|202083|203114,1627741|1627812|202709|203084|203145,,,1610612749.0,21900797,True
2,PT08M54.00S,08:54,Q2 08:54,32.9,224,3pt,MISS Bazemore 3PT Jump Shot,[],Bazemore,40,31,Missed,True,False,203145.0,,substitution,rebound,,,,1626192|1627741|1627812|1628978|201572|202083|202709|203084|203114|203145,1627741|1627812|202709|203084|203145,1626192|1628978|201572|202083|203114,-231.0,13.0,1610612758.0,21900797,True
2,PT08M51.00S,08:51,Q2 08:51,32.85,225,rebound,Connaughton REBOUND (Off:2 Def:2),[],Connaughton,40,31,,False,False,1626192.0,,3pt missed,foul,,,,1626192|1627741|1627812|1628978|201572|202083|202709|203084|203114|203145,1626192|1628978|201572|202083|203114,1627741|1627812|202709|203084|203145,,,1610612749.0,21900797,True
2,PT08M47.00S,08:47,Q2 08:47,32.78333333333333,226,foul,Hield P.FOUL (P1.T1) (L.Richardson),[],Hield,40,31,,False,False,1627741.0,,rebound,substitution,201572.0,,,1626192|1627741|1627812|1628978|201572|202083|202709|203084|203114|203145,1627741|1627812|202709|203084|203145,1626192|1628978|201572|202083|203114,,,1610612758.0,21900797,True
2,PT08M47.00S,08:47,Q2 08:47,32.78333333333333,228,substitution,SUB out: B. Hield,[],Hield,40,31,,False,False,1627741.0,,foul,substitution,,,,1626192|1627812|1628978|201572|202083|202709|203084|203114|203145,1627812|202709|203084|203145,1626192|1628978|201572|202083|203114,,,1610612758.0,21900797,False
2,PT08M47.00S,08:47,Q2 08:47,32.78333333333333,229,substitution,SUB in: B. Bogdanovic,[],Bogdanovic,40,31,,False,False,203992.0,,substitution,2pt made,,,,1626192|1627812|1628978|201572|202083|202709|203084|203114|203145|203992,1627812|202709|203084|203145|203992,1626192|1628978|201572|202083|203114,,,1610612758.0,21900797,True
2,PT08M40.00S,08:40,Q2 08:40,32.666666666666664,230,2pt,B. Lopez 6' Hook Shot (12 PTS),['pointsinthepaint'],Lopez,42,31,Made,True,False,201572.0,,substitution,2pt made,,,,1626192|1627812|1628978|201572|202083|202709|203084|203114|203145|203992,1626192|1628978|201572|202083|203114,1627812|202709|203084|203145|203992,6.0,64.0,1610612749.0,21900797,True
2,PT08M20.00S,08:20,Q2 08:20,32.333333333333336,231,2pt,Bogdanovic 15' Pullup Jump Shot (2 PTS) (Barnes 2 AST),['pointsinthepaint'],Bogdanovic,42,33,Made,True,True,203992.0,203084.0,2pt made,foul,,,,1626192|1627812|1628978|201572|202083|202709|203084|203114|203145|203992,1627812|202709|203084|203145|203992,1626192|1628978|201572|202083|203114,-61.0,137.0,1610612758.0,21900797,True
2,PT08M01.00S,08:01,Q2 08:01,32.016666666666666,233,foul,Bazemore P.FOUL (P1.T2) (L.Richardson),[],Bazemore,42,33,,False,False,203145.0,,2pt made,foul,201572.0,,,1626192|1627812|1628978|201572|202083|202709|203084|203114|203145|203992,1627812|202709|203084|203145|203992,1626192|1628978|201572|202083|203114,,,1610612758.0,21900797,True
2,PT08M01.00S,08:01,Q2 08:01,32.016666666666666,367,foul,B. Lopez OFF.Foul (P1) (R.Mott),['inpenalty'],Lopez,42,33,,False,False,201572.0,,foul,turnover,202709.0,,,1626192|1627812|1628978|201572|202083|202709|203084|203114|203145|203992,1626192|1628978|201572|202083|203114,1627812|202709|203084|203145|203992,,,1610612749.0,21900797,True
2,PT08M01.00S,08:01,Q2 08:01,32.016666666666666,368,turnover,B. Lopez Offensive Foul Turnover (P2.T4),[],Lopez,42,33,,False,False,201572.0,,foul,substitution,,,,1626192|1627812|1628978|201572|202083|202709|203084|203114|203145|203992,1626192|1628978|201572|202083|203114,1627812|202709|203084|203145|203992,,,1610612749.0,21900797,True
2,PT08M01.00S,08:01,Q2 08:01,32.016666666666666,235,substitution,SUB out: P. Connaughton,[],Connaughton,42,33,,False,False,1626192.0,,turnover,substitution,,,,1627812|1628978|201572|202083|202709|203084|203114|203145|203992,1628978|201572|202083|203114,1627812|202709|203084|203145|203992,,,1610612749.0,21900797,False
2,PT08M01.00S,08:01,Q2 08:01,32.016666666666666,236,substitution,SUB out: Y. Ferrell,[],Ferrell,42,33,,False,False,1627812.0,,substitution,substitution,,,,1628978|201572|202083|202709|203084|203114|203145|203992,202709|203084|203145|203992,1628978|201572|202083|203114,,,1610612758.0,21900797,False
2,PT08M01.00S,08:01,Q2 08:01,32.016666666666666,237,substitution,SUB in: S. Brown,[],Brown,42,33,,False,False,1628425.0,,substitution,substitution,,,,1628425|1628978|201572|202083|202709|203084|203114|203145|203992,1628425|1628978|201572|202083|203114,202709|203084|203145|203992,,,1610612749.0,21900797,False
2,PT08M01.00S,08:01,Q2 08:01,32.016666666666666,238,substitution,SUB in: D. Fox,[],Fox,42,33,,False,False,1628368.0,,substitution,foul,,,,1628368|1628425|1628978|201572|202083|202709|203084|203114|203145|203992,1628368|202709|203084|203145|203992,1628425|1628978|201572|202083|203114,,,1610612758.0,21900797,True
2,PT07M58.00S,07:58,Q2 07:58,31.96666666666667,242,foul,Joseph OFF.Foul (P1) (R.Mott),[],Joseph,42,33,,False,False,202709.0,,substitution,turnover,201572.0,,,1628368|1628425|1628978|201572|202083|202709|203084|203114|203145|203992,1628368|202709|203084|203145|203992,1628425|1628978|201572|202083|203114,,,1610612758.0,21900797,True
2,PT07M58.00S,07:58,Q2 07:58,31.96666666666667,244,turnover,Joseph Offensive Foul Turnover (P1.T6),[],Joseph,42,33,,False,False,202709.0,,foul,foul,,,,1628368|1628425|1628978|201572|202083|202709|203084|203114|203145|203992,1628368|202709|203084|203145|203992,1628425|1628978|201572|202083|203114,,,1610612758.0,21900797,True
2,PT07M42.00S,07:42,Q2 07:42,31.7,245,foul,Barnes P.FOUL (P1.T3) (B.Kennedy),[],Barnes,42,33,,False,False,203084.0,,turnover,2pt missed,201572.0,,,1628368|1628425|1628978|201572|202083|202709|203084|203114|203145|203992,1628368|202709|203084|203145|203992,1628425|1628978|201572|202083|203114,,,1610612758.0,21900797,True
2,PT07M33.00S,07:33,Q2 07:33,31.55,247,2pt,MISS B. Lopez 3' Cutting Layup Shot,['pointsinthepaint'],Lopez,42,33,Missed,True,False,201572.0,,foul,rebound,,,,1628368|1628425|1628978|201572|202083|202709|203084|203114|203145|203992,1628425|1628978|201572|202083|203114,1628368|202709|203084|203145|203992,-5.0,25.0,1610612749.0,21900797,True
2,PT07M30.00S,07:30,Q2 07:30,31.5,248,rebound,Joseph REBOUND (Off:0 Def:2),[],Joseph,42,33,,False,False,202709.0,,2pt missed,2pt missed,,,,1628368|1628425|1628978|201572|202083|202709|203084|203114|203145|203992,1628368|202709|203084|203145|203992,1628425|1628978|201572|202083|203114,,,1610612758.0,21900797,True
2,PT07M20.00S,07:20,Q2 07:20,31.333333333333332,249,2pt,MISS Bazemore 2' Layup,['pointsinthepaint'],Bazemore,42,33,Missed,True,False,203145.0,,rebound,rebound,,,,1628368|1628425|1628978|201572|202083|202709|203084|203114|203145|203992,1628368|202709|203084|203145|203992,1628425|1628978|201572|202083|203114,5.0,17.0,1610612758.0,21900797,True
2,PT07M18.00S,07:18,Q2 07:18,31.3,250,rebound,Matthews REBOUND (Off:0 Def:3),[],Matthews,42,33,,False,False,202083.0,,2pt missed,turnover,,,,1628368|1628425|1628978|201572|202083|202709|203084|203114|203145|203992,1628425|1628978|201572|202083|203114,1628368|202709|203084|203145|203992,,,1610612749.0,21900797,True
2,PT07M16.00S,07:16,Q2 07:16,31.266666666666666,251,turnover,DiVincenzo Out of Bounds - Bad Pass Turnover Turnover (P1.T5),[],DiVincenzo,42,33,,False,False,1628978.0,,rebound,foul,,,,1628368|1628425|1628978|201572|202083|202709|203084|203114|203145|203992,1628425|1628978|201572|202083|203114,1628368|202709|203084|203145|203992,,,1610612749.0,21900797,True
2,PT07M16.00S,07:16,Q2 07:16,31.266666666666666,252,foul,Bazemore T.FOUL (P1.T3) (B.Kennedy),['inpenalty'],Bazemore,42,33,,False,False,203145.0,,turnover,freethrow,203114.0,,,1628368|1628425|1628978|201572|202083|202709|203084|203114|203145|203992,1628368|202709|203084|203145|203992,1628425|1628978|201572|202083|203114,,,1610612758.0,21900797,True
2,PT07M16.00S,07:16,Q2 07:16,31.266666666666666,253,freethrow,MISS Middleton Free Throw Technical,[],Middleton,42,33,Missed,False,False,203114.0,,foul,rebound,,,,1628368|1628425|1628978|201572|202083|202709|203084|203114|203145|203992,1628425|1628978|201572|202083|203114,1628368|202709|203084|203145|203992,,,1610612749.0,21900797,True
2,PT07M16.00S,07:16,Q2 07:16,31.266666666666666,254,rebound,TEAM defensive REBOUND,['team'],,42,33,,False,False,0.0,,freethrow,substitution,,,,1628368|1628425|1628978|201572|202083|202709|203084|203114|203145|203992,1628368|202709|203084|203145|203992,1628425|1628978|201572|202083|203114,,,1610612758.0,21900797,True
2,PT07M16.00S,07:16,Q2 07:16,31.266666666666666,255,substitution,SUB out: K. Bazemore,[],Bazemore,42,33,,False,False,203145.0,,rebound,substitution,,,,1628368|1628425|1628978|201572|202083|202709|203084|203114|203992,1628368|202709|203084|203992,1628425|1628978|201572|202083|203114,,,1610612758.0,21900797,False
2,PT07M16.00S,07:16,Q2 07:16,31.266666666666666,256,substitution,SUB in: B. Hield,[],Hield,42,33,,False,False,1627741.0,,substitution,2pt missed,,,,1627741|1628368|1628425|1628978|201572|202083|202709|203084|203114|203992,1627741|1628368|202709|203084|203992,1628425|1628978|201572|202083|203114,,,1610612758.0,21900797,True
2,PT07M05.00S,07:05,Q2 07:05,31.083333333333332,257,2pt,MISS Fox 4' Driving Layup,['pointsinthepaint'],Fox,42,33,Missed,True,False,1628368.0,,substitution,block,,,,1627741|1628368|1628425|1628978|201572|202083|202709|203084|203114|203992,1627741|1628368|202709|203084|203992,1628425|1628978|201572|202083|203114,-25.0,25.0,1610612758.0,21900797,True
2,PT07M05.00S,07:05,Q2 07:05,31.083333333333332,257,block,B. Lopez BLOCK (1 BLK),[],Lopez,42,33,,False,False,201572.0,,2pt missed,rebound,,,201572.0,1627741|1628368|1628425|1628978|201572|202083|202709|203084|203114|203992,1628425|1628978|201572|202083|203114,1627741|1628368|202709|203084|203992,,,1610612749.0,21900797,True
2,PT07M01.00S,07:01,Q2 07:01,31.016666666666666,259,rebound,Brown REBOUND (Off:0 Def:1),[],Brown,42,33,,False,False,1628425.0,,block,2pt missed,,,,1627741|1628368|1628425|1628978|201572|202083|202709|203084|203114|203992,1628425|1628978|201572|202083|203114,1627741|1628368|202709|203084|203992,,,1610612749.0,21900797,True
2,PT07M01.00S,07:01,Q2 07:01,31.016666666666666,260,2pt,MISS Brown 4' Layup,['pointsinthepaint'],Brown,42,33,Missed,True,False,1628425.0,,rebound,block,,,,1627741|1628368|1628425|1628978|201572|202083|202709|203084|203114|203992,1628425|1628978|201572|202083|203114,1627741|1628368|202709|203084|203992,5.0,37.0,1610612749.0,21900797,True
2,PT07M01.00S,07:01,Q2 07:01,31.016666666666666,260,block,Joseph BLOCK (1 BLK),[],Joseph,42,33,,False,False,202709.0,,2pt missed,rebound,,,202709.0,1627741|1628368|1628425|1628978|201572|202083|202709|203084|203114|203992,1627741|1628368|202709|203084|203992,1628425|1628978|201572|202083|203114,,,1610612758.0,21900797,True
2,PT06M59.00S,06:59,Q2 06:59,30.983333333333334,262,rebound,TEAM defensive REBOUND,['team'],,42,33,,False,False,0.0,,block,3pt made,,,,1627741|1628368|1628425|1628978|201572|202083|202709|203084|203114|203992,1627741|1628368|202709|203084|203992,1628425|1628978|201572|202083|203114,,,1610612758.0,21900797,True
2,PT06M46.00S,06:46,Q2 06:46,30.766666666666666,264,3pt,Barnes 26' 3PT Step Back Jump Shot (7 PTS),[],Barnes,42,36,Made,True,False,203084.0,,rebound,2pt made,,,,1627741|1628368|1628425|1628978|201572|202083|202709|203084|203114|203992,1627741|1628368|202709|203084|203992,1628425|1628978|201572|202083|203114,32.0,263.0,1610612758.0,21900797,True
2,PT06M25.00S,06:25,Q2 06:25,30.416666666666668,265,2pt,B. Lopez 2' Turnaround Fadeaway Bank Jump Shot (14 PTS) (Middleton 4 AST),['pointsinthepaint'],Lopez,44,36,Made,True,True,201572.0,203114.0,3pt made,3pt made,,,,1627741|1628368|1628425|1628978|201572|202083|202709|203084|203114|203992,1628425|1628978|201572|202083|203114,1627741|1628368|202709|203084|203992,5.0,19.0,1610612749.0,21900797,True
2,PT06M13.00S,06:13,Q2 06:13,30.21666666666667,267,3pt,Barnes 27' 3PT Jump Shot (10 PTS) (Fox 3 AST),[],Barnes,44,39,Made,True,True,203084.0,1628368.0,2pt made,timeout,,,,1627741|1628368|1628425|1628978|201572|202083|202709|203084|203114|203992,1627741|1628368|202709|203084|203992,1628425|1628978|201572|202083|203114,-67.0,260.0,1610612758.0,21900797,True
2,PT06M05.00S,06:05,Q2 06:05,30.083333333333332,269,timeout,BUCKS Timeout: Regular (Full 2 Short 0),[],,44,39,,False,False,0.0,,3pt made,substitution,,,,1627741|1628368|1628425|1628978|201572|202083|202709|203084|203114|203992,1628425|1628978|201572|202083|203114,1627741|1628368|202709|203084|203992,,,1610612749.0,21900797,True
2,PT06M05.00S,06:05,Q2 06:05,30.083333333333332,270,substitution,SUB out: W. Matthews,[],Matthews,44,39,,False,False,202083.0,,timeout,substitution,,,,1627741|1628368|1628425|1628978|201572|202709|203084|203114|203992,1628425|1628978|201572|203114,1627741|1628368|202709|203084|203992,,,1610612749.0,21900797,False
2,PT06M05.00S,06:05,Q2 06:05,30.083333333333332,271,substitution,SUB in: P. Connaughton,[],Connaughton,44,39,,False,False,1626192.0,,substitution,2pt missed,,,,1626192|1627741|1628368|1628425|1628978|201572|202709|203084|203114|203992,1626192|1628425|1628978|201572|203114,1627741|1628368|202709|203084|203992,,,1610612749.0,21900797,True
2,PT05M49.00S,05:49,Q2 05:49,29.816666666666666,272,2pt,MISS B. Lopez 6' Turnaround Fadeaway Bank Jump Shot,['pointsinthepaint'],Lopez,44,39,Missed,True,False,201572.0,,substitution,rebound,,,,1626192|1627741|1628368|1628425|1628978|201572|202709|203084|203114|203992,1626192|1628425|1628978|201572|203114,1627741|1628368|202709|203084|203992,13.0,59.0,1610612749.0,21900797,True
2,PT05M49.00S,05:49,Q2 05:49,29.816666666666666,273,rebound,B. Lopez REBOUND (Off:1 Def:0),[],Lopez,44,39,,False,False,201572.0,,2pt missed,foul,,,,1626192|1627741|1628368|1628425|1628978|201572|202709|203084|203114|203992,1626192|1628425|1628978|201572|203114,1627741|1628368|202709|203084|203992,,,1610612749.0,21900797,True
2,PT05M49.00S,05:49,Q2 05:49,29.816666666666666,274,foul,Hield S.FOUL (P2.T4) (L.Richardson),['inpenalty'],Hield,44,39,,False,False,1627741.0,,rebound,freethrow,201572.0,,,1626192|1627741|1628368|1628425|1628978|201572|202709|203084|203114|203992,1627741|1628368|202709|203084|203992,1626192|1628425|1628978|201572|203114,,,1610612758.0,21900797,True
2,PT05M49.00S,05:49,Q2 05:49,29.816666666666666,276,freethrow,B. Lopez Free Throw 1 of 2 (15 PTS),[],Lopez,45,39,Made,False,False,201572.0,,foul,freethrow,,,,1626192|1627741|1628368|1628425|1628978|201572|202709|203084|203114|203992,1626192|1628425|1628978|201572|203114,1627741|1628368|202709|203084|203992,,,1610612749.0,21900797,True
2,PT05M49.00S,05:49,Q2 05:49,29.816666666666666,277,freethrow,B. Lopez Free Throw 2 of 2 (16 PTS),[],Lopez,46,39,Made,False,False,201572.0,,freethrow,2pt missed,,,,1626192|1627741|1628368|1628425|1628978|201572|202709|203084|203114|203992,1626192|1628425|1628978|201572|203114,1627741|1628368|202709|203084|203992,,,1610612749.0,21900797,True
2,PT05M41.00S,05:41,Q2 05:41,29.683333333333334,278,2pt,MISS Fox 2' Driving Layup,['pointsinthepaint'],Fox,46,39,Missed,True,False,1628368.0,,freethrow,block,,,,1626192|1627741|1628368|1628425|1628978|201572|202709|203084|203114|203992,1627741|1628368|202709|203084|203992,1626192|1628425|1628978|201572|203114,6.0,17.0,1610612758.0,21900797,True
2,PT05M41.00S,05:41,Q2 05:41,29.683333333333334,278,block,B. Lopez BLOCK (2 BLK),[],Lopez,46,39,,False,False,201572.0,,2pt missed,rebound,,,201572.0,1626192|1627741|1628368|1628425|1628978|201572|202709|203084|203114|203992,1626192|1628425|1628978|201572|203114,1627741|1628368|202709|203084|203992,,,1610612749.0,21900797,True
2,PT05M37.00S,05:37,Q2 05:37,29.616666666666667,280,rebound,Brown REBOUND (Off:0 Def:2),[],Brown,46,39,,False,False,1628425.0,,block,3pt missed,,,,1626192|1627741|1628368|1628425|1628978|201572|202709|203084|203114|203992,1626192|1628425|1628978|201572|203114,1627741|1628368|202709|203084|203992,,,1610612749.0,21900797,True
2,PT05M32.00S,05:32,Q2 05:32,29.53333333333333,281,3pt,MISS B. Lopez 27' 3PT Jump Shot,[],Lopez,46,39,Missed,True,False,201572.0,,rebound,rebound,,,,1626192|1627741|1628368|1628425|1628978|201572|202709|203084|203114|203992,1626192|1628425|1628978|201572|203114,1627741|1628368|202709|203084|203992,-114.0,240.0,1610612749.0,21900797,True
2,PT05M28.00S,05:28,Q2 05:28,29.46666666666667,282,rebound,Hield REBOUND (Off:1 Def:1),[],Hield,46,39,,False,False,1627741.0,,3pt missed,3pt missed,,,,1626192|1627741|1628368|1628425|1628978|201572|202709|203084|203114|203992,1627741|1628368|202709|203084|203992,1626192|1628425|1628978|201572|203114,,,1610612758.0,21900797,True
2,PT05M15.00S,05:15,Q2 05:15,29.25,283,3pt,MISS Bogdanovic 28' 3PT Jump Shot,[],Bogdanovic,46,39,Missed,True,False,203992.0,,rebound,rebound,,,,1626192|1627741|1628368|1628425|1628978|201572|202709|203084|203114|203992,1627741|1628368|202709|203084|203992,1626192|1628425|1628978|201572|203114,-123.0,249.0,1610612758.0,21900797,True
2,PT05M13.00S,05:13,Q2 05:13,29.21666666666667,284,rebound,Connaughton REBOUND (Off:2 Def:3),[],Connaughton,46,39,,False,False,1626192.0,,3pt missed,3pt missed,,,,1626192|1627741|1628368|1628425|1628978|201572|202709|203084|203114|203992,1626192|1628425|1628978|201572|203114,1627741|1628368|202709|203084|203992,,,1610612749.0,21900797,True
2,PT04M59.00S,04:59,Q2 04:59,28.983333333333334,285,3pt,MISS Connaughton 27' 3PT Jump Shot,[],Connaughton,46,39,Missed,True,False,1626192.0,,rebound,rebound,,,,1626192|1627741|1628368|1628425|1628978|201572|202709|203084|203114|203992,1626192|1628425|1628978|201572|203114,1627741|1628368|202709|203084|203992,-40.0,263.0,1610612749.0,21900797,True
2,PT04M59.00S,04:59,Q2 04:59,28.983333333333334,286,rebound,Fox REBOUND (Off:0 Def:4),[],Fox,46,39,,False,False,1628368.0,,3pt missed,3pt made,,,,1626192|1627741|1628368|1628425|1628978|201572|202709|203084|203114|203992,1627741|1628368|202709|203084|203992,1626192|1628425|1628978|201572|203114,,,1610612758.0,21900797,True
2,PT04M51.00S,04:51,Q2 04:51,28.85,287,3pt,Barnes 27' 3PT Jump Shot (13 PTS) (Fox 4 AST),[],Barnes,46,42,Made,True,True,203084.0,1628368.0,rebound,timeout,,,,1626192|1627741|1628368|1628425|1628978|201572|202709|203084|203114|203992,1627741|1628368|202709|203084|203992,1626192|1628425|1628978|201572|203114,73.0,262.0,1610612758.0,21900797,True
2,PT04M51.00S,04:51,Q2 04:51,28.85,289,timeout,BUCKS Timeout: Regular (Full 3 Short 0),[],,46,42,,False,False,0.0,,3pt made,substitution,,,,1626192|1627741|1628368|1628425|1628978|201572|202709|203084|203114|203992,1626192|1628425|1628978|201572|203114,1627741|1628368|202709|203084|203992,,,1610612749.0,21900797,True
2,PT04M51.00S,04:51,Q2 04:51,28.85,291,substitution,SUB out: D. DiVincenzo,[],DiVincenzo,46,42,,False,False,1628978.0,,timeout,substitution,,,,1626192|1627741|1628368|1628425|201572|202709|203084|203114|203992,1626192|1628425|201572|203114,1627741|1628368|202709|203084|203992,,,1610612749.0,21900797,False
2,PT04M51.00S,04:51,Q2 04:51,28.85,292,substitution,SUB in: E. Bledsoe,[],Bledsoe,46,42,,False,False,202339.0,,substitution,foul,,,,1626192|1627741|1628368|1628425|201572|202339|202709|203084|203114|203992,1626192|1628425|201572|202339|203114,1627741|1628368|202709|203084|203992,,,1610612749.0,21900797,True
2,PT04M35.00S,04:35,Q2 04:35,28.583333333333332,293,foul,Bogdanovic S.FOUL (P1.PN) (B.Kennedy),['inpenalty'],Bogdanovic,46,42,,False,False,203992.0,,substitution,freethrow,203114.0,,,1626192|1627741|1628368|1628425|201572|202339|202709|203084|203114|203992,1627741|1628368|202709|203084|203992,1626192|1628425|201572|202339|203114,,,1610612758.0,21900797,True
2,PT04M35.00S,04:35,Q2 04:35,28.583333333333332,295,freethrow,Middleton Free Throw 1 of 2 (10 PTS),[],Middleton,47,42,Made,False,False,203114.0,,foul,freethrow,,,,1626192|1627741|1628368|1628425|201572|202339|202709|203084|203114|203992,1626192|1628425|201572|202339|203114,1627741|1628368|202709|203084|203992,,,1610612749.0,21900797,True
2,PT04M35.00S,04:35,Q2 04:35,28.583333333333332,298,freethrow,Middleton Free Throw 2 of 2 (11 PTS),[],Middleton,48,42,Made,False,False,203114.0,,freethrow,substitution,,,,1626192|1627741|1628368|1628425|201572|202339|202709|203084|203114|203992,1626192|1628425|201572|202339|203114,1627741|1628368|202709|203084|203992,,,1610612749.0,21900797,True
2,PT04M35.00S,04:35,Q2 04:35,28.583333333333332,296,substitution,SUB out: B. Lopez,[],Lopez,47,42,,False,False,201572.0,,freethrow,substitution,,,,1626192|1627741|1628368|1628425|202339|202709|203084|203114|203992,1626192|1628425|202339|203114,1627741|1628368|202709|203084|203992,,,1610612749.0,21900797,False
2,PT04M35.00S,04:35,Q2 04:35,28.583333333333332,297,substitution,SUB in: E. Ilyasova,[],Ilyasova,47,42,,False,False,101141.0,,substitution,foul,,,,101141|1626192|1627741|1628368|1628425|202339|202709|203084|203114|203992,101141|1626192|1628425|202339|203114,1627741|1628368|202709|203084|203992,,,1610612749.0,21900797,True
2,PT04M27.00S,04:27,Q2 04:27,28.45,299,foul,Ilyasova P.FOUL (P3.PN) (B.Kennedy),['inpenalty'],Ilyasova,48,42,,False,False,101141.0,,substitution,freethrow,203084.0,,,101141|1626192|1627741|1628368|1628425|202339|202709|203084|203114|203992,101141|1626192|1628425|202339|203114,1627741|1628368|202709|203084|203992,,,1610612749.0,21900797,True
2,PT04M27.00S,04:27,Q2 04:27,28.45,301,freethrow,Barnes Free Throw 1 of 2 (14 PTS),[],Barnes,48,43,Made,False,False,203084.0,,foul,freethrow,,,,101141|1626192|1627741|1628368|1628425|202339|202709|203084|203114|203992,1627741|1628368|202709|203084|203992,101141|1626192|1628425|202339|203114,,,1610612758.0,21900797,True
2,PT04M27.00S,04:27,Q2 04:27,28.45,303,freethrow,Barnes Free Throw 2 of 2 (15 PTS),[],Barnes,48,44,Made,False,False,203084.0,,freethrow,2pt missed,,,,101141|1626192|1627741|1628368|1628425|202339|202709|203084|203114|203992,1627741|1628368|202709|203084|203992,101141|1626192|1628425|202339|203114,,,1610612758.0,21900797,True
2,PT04M09.00S,04:09,Q2 04:09,28.15,304,2pt,MISS Middleton 14' Turnaround Jump Shot,[],Middleton,48,44,Missed,True,False,203114.0,,freethrow,rebound,,,,101141|1626192|1627741|1628368|1628425|202339|202709|203084|203114|203992,101141|1626192|1628425|202339|203114,1627741|1628368|202709|203084|203992,-139.0,-6.0,1610612749.0,21900797,True
2,PT04M06.00S,04:06,Q2 04:06,28.1,305,rebound,Fox REBOUND (Off:0 Def:5),[],Fox,48,44,,False,False,1628368.0,,2pt missed,turnover,,,,101141|1626192|1627741|1628368|1628425|202339|202709|203084|203114|203992,1627741|1628368|202709|203084|203992,101141|1626192|1628425|202339|203114,,,1610612758.0,21900797,True
2,PT04M01.00S,04:01,Q2 04:01,28.016666666666666,306,turnover,Hield Out of Bounds - Bad Pass Turnover Turnover (P1.T7),[],Hield,48,44,,False,False,1627741.0,,rebound,3pt made,,,,101141|1626192|1627741|1628368|1628425|202339|202709|203084|203114|203992,1627741|1628368|202709|203084|203992,101141|1626192|1628425|202339|203114,,,1610612758.0,21900797,True
2,PT03M45.00S,03:45,Q2 03:45,27.75,307,3pt,Brown 3PT Jump Shot (3 PTS) (Bledsoe 3 AST),[],Brown,51,44,Made,True,True,1628425.0,202339.0,turnover,2pt made,,,,101141|1626192|1627741|1628368|1628425|202339|202709|203084|203114|203992,101141|1626192|1628425|202339|203114,1627741|1628368|202709|203084|203992,231.0,32.0,1610612749.0,21900797,True
2,PT03M21.00S,03:21,Q2 03:21,27.35,309,2pt,Barnes 1' Driving Layup (17 PTS),['pointsinthepaint'],Barnes,51,46,Made,True,False,203084.0,,3pt made,turnover,,,,101141|1626192|1627741|1628368|1628425|202339|202709|203084|203114|203992,1627741|1628368|202709|203084|203992,101141|1626192|1628425|202339|203114,6.0,6.0,1610612758.0,21900797,True
2,PT03M10.00S,03:10,Q2 03:10,27.166666666666668,310,turnover,Middleton Bad Pass Turnover (P2.T6),[],Middleton,51,46,,False,False,203114.0,,2pt made,steal,,,,101141|1626192|1627741|1628368|1628425|202339|202709|203084|203114|203992,101141|1626192|1628425|202339|203114,1627741|1628368|202709|203084|203992,,,1610612749.0,21900797,True
2,PT03M10.00S,03:10,Q2 03:10,27.166666666666668,310,steal,Hield STEAL (1 STL),[],Hield,51,46,,False,False,1627741.0,,turnover,2pt made,,1627741.0,,101141|1626192|1627741|1628368|1628425|202339|202709|203084|203114|203992,1627741|1628368|202709|203084|203992,101141|1626192|1628425|202339|203114,,,1610612758.0,21900797,True
2,PT03M06.00S,03:06,Q2 03:06,27.1,312,2pt,Hield 2' Running Finger Roll Layup (4 PTS),['pointsinthepaint'],Hield,51,48,Made,True,False,1627741.0,,steal,2pt missed,,,,101141|1626192|1627741|1628368|1628425|202339|202709|203084|203114|203992,1627741|1628368|202709|203084|203992,101141|1626192|1628425|202339|203114,9.0,16.0,1610612758.0,21900797,True
2,PT02M52.00S,02:52,Q2 02:52,26.866666666666667,313,2pt,MISS Brown 4' Driving Layup,['pointsinthepaint'],Brown,51,48,Missed,True,False,1628425.0,,2pt made,rebound,,,,101141|1626192|1627741|1628368|1628425|202339|202709|203084|203114|203992,101141|1626192|1628425|202339|203114,1627741|1628368|202709|203084|203992,27.0,31.0,1610612749.0,21900797,True
2,PT02M49.00S,02:49,Q2 02:49,26.816666666666666,314,rebound,Hield REBOUND (Off:1 Def:2),[],Hield,51,48,,False,False,1627741.0,,2pt missed,3pt missed,,,,101141|1626192|1627741|1628368|1628425|202339|202709|203084|203114|203992,1627741|1628368|202709|203084|203992,101141|1626192|1628425|202339|203114,,,1610612758.0,21900797,True
2,PT02M45.00S,02:45,Q2 02:45,26.75,315,3pt,MISS Hield 26' 3PT Jump Shot,[],Hield,51,48,Missed,True,False,1627741.0,,rebound,rebound,,,,101141|1626192|1627741|1628368|1628425|202339|202709|203084|203114|203992,1627741|1628368|202709|203084|203992,101141|1626192|1628425|202339|203114,108.0,236.0,1610612758.0,21900797,True
2,PT02M42.00S,02:42,Q2 02:42,26.7,316,rebound,Ilyasova REBOUND (Off:0 Def:5),[],Ilyasova,51,48,,False,False,101141.0,,3pt missed,3pt made,,,,101141|1626192|1627741|1628368|1628425|202339|202709|203084|203114|203992,101141|1626192|1628425|202339|203114,1627741|1628368|202709|203084|203992,,,1610612749.0,21900797,True
2,PT02M33.00S,02:33,Q2 02:33,26.55,317,3pt,Brown 25' 3PT Jump Shot (6 PTS) (Bledsoe 4 AST),[],Brown,54,48,Made,True,True,1628425.0,202339.0,rebound,2pt missed,,,,101141|1626192|1627741|1628368|1628425|202339|202709|203084|203114|203992,101141|1626192|1628425|202339|203114,1627741|1628368|202709|203084|203992,-107.0,230.0,1610612749.0,21900797,True
2,PT02M18.00S,02:18,Q2 02:18,26.3,319,2pt,MISS Fox 3' Layup,['pointsinthepaint'],Fox,54,48,Missed,True,False,1628368.0,,3pt made,rebound,,,,101141|1626192|1627741|1628368|1628425|202339|202709|203084|203114|203992,1627741|1628368|202709|203084|203992,101141|1626192|1628425|202339|203114,18.0,27.0,1610612758.0,21900797,True
2,PT02M16.00S,02:16,Q2 02:16,26.266666666666666,320,rebound,Middleton REBOUND (Off:2 Def:4),[],Middleton,54,48,,False,False,203114.0,,2pt missed,2pt made,,,,101141|1626192|1627741|1628368|1628425|202339|202709|203084|203114|203992,101141|1626192|1628425|202339|203114,1627741|1628368|202709|203084|203992,,,1610612749.0,21900797,True
2,PT02M12.00S,02:12,Q2 02:12,26.2,321,2pt,Connaughton Running Layup (4 PTS) (Middleton 5 AST),['pointsinthepaint'],Connaughton,56,48,Made,True,True,1626192.0,203114.0,rebound,timeout,,,,101141|1626192|1627741|1628368|1628425|202339|202709|203084|203114|203992,101141|1626192|1628425|202339|203114,1627741|1628368|202709|203084|203992,1.0,1.0,1610612749.0,21900797,True
2,PT02M12.00S,02:12,Q2 02:12,26.2,323,timeout,Kings Timeout: Regular (Reg.2 Short 0),[],,56,48,,False,False,0.0,,2pt made,substitution,,,,101141|1626192|1627741|1628368|1628425|202339|202709|203084|203114|203992,1627741|1628368|202709|203084|203992,101141|1626192|1628425|202339|203114,,,1610612758.0,21900797,True
2,PT02M12.00S,02:12,Q2 02:12,26.2,324,substitution,SUB out: K. Middleton,[],Middleton,56,48,,False,False,203114.0,,timeout,substitution,,,,101141|1626192|1627741|1628368|1628425|202339|202709|203084|203992,101141|1626192|1628425|202339,1627741|1628368|202709|203084|203992,,,1610612749.0,21900797,False
2,PT02M12.00S,02:12,Q2 02:12,26.2,325,substitution,SUB out: H. Barnes,[],Barnes,56,48,,False,False,203084.0,,substitution,substitution,,,,101141|1626192|1627741|1628368|1628425|202339|202709|203992,1627741|1628368|202709|203992,101141|1626192|1628425|202339,,,1610612758.0,21900797,False
2,PT02M12.00S,02:12,Q2 02:12,26.2,326,substitution,SUB in: W. Matthews,[],Matthews,56,48,,False,False,202083.0,,substitution,substitution,,,,101141|1626192|1627741|1628368|1628425|202083|202339|202709|203992,101141|1626192|1628425|202083|202339,1627741|1628368|202709|203992,,,1610612749.0,21900797,False
2,PT02M12.00S,02:12,Q2 02:12,26.2,327,substitution,SUB in: N. Bjelica,[],Bjelica,56,48,,False,False,202357.0,,substitution,2pt made,,,,101141|1626192|1627741|1628368|1628425|202083|202339|202357|202709|203992,1627741|1628368|202357|202709|203992,101141|1626192|1628425|202083|202339,,,1610612758.0,21900797,True
2,PT01M59.00S,01:59,Q2 01:59,25.983333333333334,328,2pt,Fox 5' Driving Layup (5 PTS),['pointsinthepaint'],Fox,56,50,Made,True,False,1628368.0,,substitution,2pt missed,,,,101141|1626192|1627741|1628368|1628425|202083|202339|202357|202709|203992,1627741|1628368|202357|202709|203992,101141|1626192|1628425|202083|202339,-19.0,44.0,1610612758.0,21900797,True
2,PT01M41.00S,01:41,Q2 01:41,25.683333333333334,329,2pt,MISS Bledsoe 16' Step Back Jump Shot,[],Bledsoe,56,50,Missed,True,False,202339.0,,2pt made,rebound,,,,101141|1626192|1627741|1628368|1628425|202083|202339|202357|202709|203992,101141|1626192|1628425|202083|202339,1627741|1628368|202357|202709|203992,67.0,143.0,1610612749.0,21900797,True
2,PT01M39.00S,01:39,Q2 01:39,25.65,330,rebound,Bogdanovic REBOUND (Off:0 Def:2),[],Bogdanovic,56,50,,False,False,203992.0,,2pt missed,3pt missed,,,,101141|1626192|1627741|1628368|1628425|202083|202339|202357|202709|203992,1627741|1628368|202357|202709|203992,101141|1626192|1628425|202083|202339,,,1610612758.0,21900797,True
2,PT01M37.00S,01:37,Q2 01:37,25.616666666666667,331,3pt,MISS Bogdanovic 27' 3PT Running Pull-Up Jump Shot,[],Bogdanovic,56,50,Missed,True,False,203992.0,,rebound,rebound,,,,101141|1626192|1627741|1628368|1628425|202083|202339|202357|202709|203992,1627741|1628368|202357|202709|203992,101141|1626192|1628425|202083|202339,8.0,269.0,1610612758.0,21900797,True
2,PT01M33.00S,01:33,Q2 01:33,25.55,332,rebound,TEAM offensive REBOUND,['team'],,56,50,,False,False,0.0,,3pt missed,3pt made,,,,101141|1626192|1627741|1628368|1628425|202083|202339|202357|202709|203992,1627741|1628368|202357|202709|203992,101141|1626192|1628425|202083|202339,,,1610612758.0,21900797,True
2,PT01M31.00S,01:31,Q2 01:31,25.516666666666666,334,3pt,Hield 27' 3PT Jump Shot (7 PTS) (Fox 5 AST),['2ndchance'],Hield,56,53,Made,True,True,1627741.0,1628368.0,rebound,turnover,,,,101141|1626192|1627741|1628368|1628425|202083|202339|202357|202709|203992,1627741|1628368|202357|202709|203992,101141|1626192|1628425|202083|202339,-210.0,169.0,1610612758.0,21900797,True
2,PT01M13.00S,01:13,Q2 01:13,25.21666666666667,336,turnover,Ilyasova Out of Bounds - Bad Pass Turnover Turnover (P1.T7),[],Ilyasova,56,53,,False,False,101141.0,,3pt made,foul,,,,101141|1626192|1627741|1628368|1628425|202083|202339|202357|202709|203992,101141|1626192|1628425|202083|202339,1627741|1628368|202357|202709|203992,,,1610612749.0,21900797,True
2,PT01M02.00S,01:02,Q2 01:02,25.033333333333335,337,foul,Ilyasova S.FOUL (P4.PN) (L.Richardson),['inpenalty'],Ilyasova,56,53,,False,False,101141.0,,turnover,freethrow,1628368.0,,,101141|1626192|1627741|1628368|1628425|202083|202339|202357|202709|203992,101141|1626192|1628425|202083|202339,1627741|1628368|202357|202709|203992,,,1610612749.0,21900797,True
2,PT01M02.00S,01:02,Q2 01:02,25.033333333333335,339,freethrow,Fox Free Throw 1 of 2 (6 PTS),[],Fox,56,54,Made,False,False,1628368.0,,foul,freethrow,,,,101141|1626192|1627741|1628368|1628425|202083|202339|202357|202709|203992,1627741|1628368|202357|202709|203992,101141|1626192|1628425|202083|202339,,,1610612758.0,21900797,True
2,PT01M02.00S,01:02,Q2 01:02,25.033333333333335,344,freethrow,Fox Free Throw 2 of 2 (7 PTS),[],Fox,56,55,Made,False,False,1628368.0,,freethrow,substitution,,,,101141|1626192|1627741|1628368|1628425|202083|202339|202357|202709|203992,1627741|1628368|202357|202709|203992,101141|1626192|1628425|202083|202339,,,1610612758.0,21900797,True
2,PT01M02.00S,01:02,Q2 01:02,25.033333333333335,340,substitution,SUB out: E. Ilyasova,[],Ilyasova,56,54,,False,False,101141.0,,freethrow,substitution,,,,1626192|1627741|1628368|1628425|202083|202339|202357|202709|203992,1626192|1628425|202083|202339,1627741|1628368|202357|202709|203992,,,1610612749.0,21900797,False
2,PT01M02.00S,01:02,Q2 01:02,25.033333333333335,341,substitution,SUB out: P. Connaughton,[],Connaughton,56,54,,False,False,1626192.0,,substitution,substitution,,,,1627741|1628368|1628425|202083|202339|202357|202709|203992,1628425|202083|202339,1627741|1628368|202357|202709|203992,,,1610612749.0,21900797,False
2,PT01M02.00S,01:02,Q2 01:02,25.033333333333335,342,substitution,SUB in: K. Middleton,[],Middleton,56,54,,False,False,203114.0,,substitution,substitution,,,,1627741|1628368|1628425|202083|202339|202357|202709|203114|203992,1628425|202083|202339|203114,1627741|1628368|202357|202709|203992,,,1610612749.0,21900797,False
2,PT01M02.00S,01:02,Q2 01:02,25.033333333333335,343,substitution,SUB in: D. DiVincenzo,[],DiVincenzo,56,54,,False,False,1628978.0,,substitution,2pt missed,,,,1627741|1628368|1628425|1628978|202083|202339|202357|202709|203114|203992,1628425|1628978|202083|202339|203114,1627741|1628368|202357|202709|203992,,,1610612749.0,21900797,True
2,PT00M45.20S,00:45,Q2 00:45,24.753333333333334,345,2pt,MISS Bledsoe 8' Driving Layup,['pointsinthepaint'],Bledsoe,56,55,Missed,True,False,202339.0,,substitution,rebound,,,,1627741|1628368|1628425|1628978|202083|202339|202357|202709|203114|203992,1628425|1628978|202083|202339|203114,1627741|1628368|202357|202709|203992,-74.0,32.0,1610612749.0,21900797,True
2,PT00M45.20S,00:45,Q2 00:45,24.753333333333334,346,rebound,Joseph REBOUND (Off:0 Def:3),[],Joseph,56,55,,False,False,202709.0,,2pt missed,2pt made,,,,1627741|1628368|1628425|1628978|202083|202339|202357|202709|203114|203992,1627741|1628368|202357|202709|203992,1628425|1628978|202083|202339|203114,,,1610612758.0,21900797,True
2,PT00M37.30S,00:37,Q2 00:37,24.621666666666666,347,2pt,Bjelica 1' Alley Oop Layup (7 PTS) (Bogdanovic 1 AST),['pointsinthepaint'],Bjelica,56,57,Made,True,True,202357.0,203992.0,rebound,2pt missed,,,,1627741|1628368|1628425|1628978|202083|202339|202357|202709|203114|203992,1627741|1628368|202357|202709|203992,1628425|1628978|202083|202339|203114,0.0,11.0,1610612758.0,21900797,True
2,PT00M30.60S,00:30,Q2 00:30,24.51,350,2pt,MISS Middleton 5' Running Layup,['pointsinthepaint'],Middleton,56,57,Missed,True,False,203114.0,,2pt made,rebound,,,,1627741|1628368|1628425|1628978|202083|202339|202357|202709|203114|203992,1628425|1628978|202083|202339|203114,1627741|1628368|202357|202709|203992,44.0,27.0,1610612749.0,21900797,True
2,PT00M30.60S,00:30,Q2 00:30,24.51,351,rebound,Joseph REBOUND (Off:0 Def:4),[],Joseph,56,57,,False,False,202709.0,,2pt missed,foul,,,,1627741|1628368|1628425|1628978|202083|202339|202357|202709|203114|203992,1627741|1628368|202357|202709|203992,1628425|1628978|202083|202339|203114,,,1610612758.0,21900797,True
2,PT00M26.70S,00:26,Q2 00:26,24.445,352,foul,Brown P.FOUL (P2.PN) (R.Mott),['inpenalty'],Brown,56,57,,False,False,1628425.0,,rebound,freethrow,1628368.0,,,1627741|1628368|1628425|1628978|202083|202339|202357|202709|203114|203992,1628425|1628978|202083|202339|203114,1627741|1628368|202357|202709|203992,,,1610612749.0,21900797,True
2,PT00M26.70S,00:26,Q2 00:26,24.445,354,freethrow,Fox Free Throw 1 of 2 (8 PTS),[],Fox,56,58,Made,False,False,1628368.0,,foul,freethrow,,,,1627741|1628368|1628425|1628978|202083|202339|202357|202709|203114|203992,1627741|1628368|202357|202709|203992,1628425|1628978|202083|202339|203114,,,1610612758.0,21900797,True
2,PT00M26.70S,00:26,Q2 00:26,24.445,361,freethrow,MISS Fox Free Throw 2 of 2,[],Fox,56,58,Missed,False,False,1628368.0,,freethrow,substitution,,,,1627741|1628368|1628425|1628978|202083|202339|202357|202709|203114|203992,1627741|1628368|202357|202709|203992,1628425|1628978|202083|202339|203114,,,1610612758.0,21900797,True
2,PT00M26.70S,00:26,Q2 00:26,24.445,355,substitution,SUB out: S. Brown,[],Brown,56,58,,False,False,1628425.0,,freethrow,substitution,,,,1627741|1628368|1628978|202083|202339|202357|202709|203114|203992,1628978|202083|202339|203114,1627741|1628368|202357|202709|203992,,,1610612749.0,21900797,False
2,PT00M26.70S,00:26,Q2 00:26,24.445,356,substitution,SUB out: B. Hield,[],Hield,56,58,,False,False,1627741.0,,substitution,substitution,,,,1628368|1628978|202083|202339|202357|202709|203114|203992,1628368|202357|202709|203992,1628978|202083|202339|203114,,,1610612758.0,21900797,False
2,PT00M26.70S,00:26,Q2 00:26,24.445,357,substitution,SUB out: N. Bjelica,[],Bjelica,56,58,,False,False,202357.0,,substitution,substitution,,,,1628368|1628978|202083|202339|202709|203114|203992,1628368|202709|203992,1628978|202083|202339|203114,,,1610612758.0,21900797,False
2,PT00M26.70S,00:26,Q2 00:26,24.445,358,substitution,SUB in: K. Korver,[],Korver,56,58,,False,False,2594.0,,substitution,substitution,,,,1628368|1628978|202083|202339|202709|203114|203992|2594,1628978|202083|202339|203114|2594,1628368|202709|203992,,,1610612749.0,21900797,False
2,PT00M26.70S,00:26,Q2 00:26,24.445,359,substitution,SUB in: K. Bazemore,[],Bazemore,56,58,,False,False,203145.0,,substitution,substitution,,,,1628368|1628978|202083|202339|202709|203114|203145|203992|2594,1628368|202709|203145|203992,1628978|202083|202339|203114|2594,,,1610612758.0,21900797,False
2,PT00M26.70S,00:26,Q2 00:26,24.445,360,substitution,SUB in: D. Jeffries,[],Jeffries,56,58,,False,False,1629610.0,,substitution,rebound,,,,1628368|1628978|1629610|202083|202339|202709|203114|203145|203992|2594,1628368|1629610|202709|203145|203992,1628978|202083|202339|203114|2594,,,1610612758.0,21900797,True
2,PT00M24.70S,00:24,Q2 00:24,24.411666666666665,362,rebound,Middleton REBOUND (Off:2 Def:5),[],Middleton,56,58,,False,False,203114.0,,substitution,foul,,,,1628368|1628978|1629610|202083|202339|202709|203114|203145|203992|2594,1628978|202083|202339|203114|2594,1628368|1629610|202709|203145|203992,,,1610612749.0,21900797,True
2,PT00M07.50S,00:07,Q2 00:07,24.125,363,foul,Bazemore S.FOUL (P2.PN) (R.Mott),['inpenalty'],Bazemore,56,58,,False,False,203145.0,,rebound,freethrow,202339.0,,,1628368|1628978|1629610|202083|202339|202709|203114|203145|203992|2594,1628368|1629610|202709|203145|203992,1628978|202083|202339|203114|2594,,,1610612758.0,21900797,True
2,PT00M07.50S,00:07,Q2 00:07,24.125,365,freethrow,MISS Bledsoe Free Throw 1 of 2,[],Bledsoe,56,58,Missed,False,False,202339.0,,foul,rebound,,,,1628368|1628978|1629610|202083|202339|202709|203114|203145|203992|2594,1628978|202083|202339|203114|2594,1628368|1629610|202709|203145|203992,,,1610612749.0,21900797,True
2,PT00M07.50S,00:07,Q2 00:07,24.125,366,rebound,TEAM offensive REBOUND,['team'],,56,58,,False,False,0.0,,freethrow,freethrow,,,,1628368|1628978|1629610|202083|202339|202709|203114|203145|203992|2594,1628978|202083|202339|203114|2594,1628368|1629610|202709|203145|203992,,,1610612749.0,21900797,True
2,PT00M07.50S,00:07,Q2 00:07,24.125,378,freethrow,Bledsoe Free Throw 2 of 2 (13 PTS),[],Bledsoe,57,58,Made,False,False,202339.0,,rebound,substitution,,,,1628368|1628978|1629610|202083|202339|202709|203114|203145|203992|2594,1628978|202083|202339|203114|2594,1628368|1629610|202709|203145|203992,,,1610612749.0,21900797,True
2,PT00M07.50S,00:07,Q2 00:07,24.125,370,substitution,SUB out: C. Joseph,[],Joseph,56,58,,False,False,202709.0,,freethrow,substitution,,,,1628368|1628978|1629610|202083|202339|203114|203145|203992|2594,1628368|1629610|203145|203992,1628978|202083|202339|203114|2594,,,1610612758.0,21900797,False
2,PT00M07.50S,00:07,Q2 00:07,24.125,371,substitution,SUB out: K. Bazemore,[],Bazemore,56,58,,False,False,203145.0,,substitution,substitution,,,,1628368|1628978|1629610|202083|202339|203114|203992|2594,1628368|1629610|203992,1628978|202083|202339|203114|2594,,,1610612758.0,21900797,False
2,PT00M07.50S,00:07,Q2 00:07,24.125,372,substitution,SUB out: D. Jeffries,[],Jeffries,56,58,,False,False,1629610.0,,substitution,substitution,,,,1628368|1628978|202083|202339|203114|203992|2594,1628368|203992,1628978|202083|202339|203114|2594,,,1610612758.0,21900797,False
2,PT00M07.50S,00:07,Q2 00:07,24.125,373,substitution,SUB out: K. Korver,[],Korver,56,58,,False,False,2594.0,,substitution,substitution,,,,1628368|1628978|202083|202339|203114|203992,1628978|202083|202339|203114,1628368|203992,,,1610612749.0,21900797,False
2,PT00M07.50S,00:07,Q2 00:07,24.125,374,substitution,SUB in: H. Barnes,[],Barnes,56,58,,False,False,203084.0,,substitution,substitution,,,,1628368|1628978|202083|202339|203084|203114|203992,1628368|203084|203992,1628978|202083|202339|203114,,,1610612758.0,21900797,False
2,PT00M07.50S,00:07,Q2 00:07,24.125,375,substitution,SUB in: N. Bjelica,[],Bjelica,56,58,,False,False,202357.0,,substitution,substitution,,,,1628368|1628978|202083|202339|202357|203084|203114|203992,1628368|202357|203084|203992,1628978|202083|202339|203114,,,1610612758.0,21900797,False
2,PT00M07.50S,00:07,Q2 00:07,24.125,376,substitution,SUB in: B. Hield,[],Hield,56,58,,False,False,1627741.0,,substitution,substitution,,,,1627741|1628368|1628978|202083|202339|202357|203084|203114|203992,1627741|1628368|202357|203084|203992,1628978|202083|202339|203114,,,1610612758.0,21900797,False
2,PT00M07.50S,00:07,Q2 00:07,24.125,377,substitution,SUB in: S. Brown,[],Brown,56,58,,False,False,1628425.0,,substitution,3pt missed,,,,1627741|1628368|1628425|1628978|202083|202339|202357|203084|203114|203992,1628425|1628978|202083|202339|203114,1627741|1628368|202357|203084|203992,,,1610612749.0,21900797,True
2,PT00M00.00S,00:00,Q2 00:00,24.0,379,3pt,MISS Bjelica 26' 3PT Jump Shot,[],Bjelica,57,58,Missed,True,False,202357.0,,substitution,rebound,,,,1627741|1628368|1628425|1628978|202083|202339|202357|203084|203114|203992,1627741|1628368|202357|203084|203992,1628425|1628978|202083|202339|203114,113.0,237.0,1610612758.0,21900797,True
2,PT00M00.00S,00:00,Q2 00:00,24.0,380,rebound,TEAM offensive REBOUND,['team'],,57,58,,False,False,0.0,,3pt missed,period,,,,1627741|1628368|1628425|1628978|202083|202339|202357|203084|203114|203992,1627741|1628368|202357|203084|203992,1628425|1628978|202083|202339|203114,,,1610612758.0,21900797,True
2,PT00M00.00S,00:00,Q2 00:00,24.0,381,period,End of 2nd Period (9:09 PM EST),[],,57,58,,False,False,0.0,,rebound,period,,,,1627741|1628368|1628425|1628978|202083|202339|202357|203084|203114|203992,1628425|1628978|202083|202339|203114,1627741|1628368|202357|203084|203992,,,1610612749.0,21900797,True
3,PT12M00.00S,12:00,Q3 12:00,24.0,387,period,Start of 3rd Period (9:25 PM EST),[],,57,58,,False,False,0.0,,period,substitution,,,,1627741|1628368|1628425|1628978|202083|202339|202357|203084|203114|203992,1628425|1628978|202083|202339|203114,1627741|1628368|202357|203084|203992,,,1610612749.0,21900797,True
3,PT11M49.00S,11:49,Q3 11:49,23.816666666666666,401,3pt,MISS Fox 25' 3PT Jump Shot,[],Fox,57,58,Missed,True,False,1628368.0,,substitution,rebound,,,,1627741|1628368|1628385|1628425|201572|202083|202339|202357|203084|203114|203992,1627741|1628368|1628385|202357|203084|203992,1628425|201572|202083|202339|203114,-86.0,230.0,1610612758.0,21900797,False
3,PT11M48.00S,11:48,Q3 11:48,23.8,402,rebound,Brown REBOUND (Off:0 Def:3),[],Brown,57,58,,False,False,1628425.0,,3pt missed,3pt made,,,,1627741|1628368|1628385|1628425|201572|202083|202339|202357|203084|203114|203992,1628425|201572|202083|202339|203114,1627741|1628368|1628385|202357|203084|203992,,,1610612749.0,21900797,False
3,PT11M28.00S,11:28,Q3 11:28,23.46666666666667,388,3pt,Brown 28' 3PT Jump Shot (9 PTS) (Bledsoe 5 AST),[],Brown,60,58,Made,True,True,1628425.0,202339.0,rebound,2pt made,,,,1627741|1628368|1628385|1628425|201572|202083|202339|202357|203084|203114|203992,1628425|201572|202083|202339|203114,1627741|1628368|1628385|202357|203084|203992,-181.0,212.0,1610612749.0,21900797,False
3,PT11M15.00S,11:15,Q3 11:15,23.25,389,2pt,Bogdanovic 2' Cutting Layup Shot (4 PTS) (Giles III 1 AST),['pointsinthepaint'],Bogdanovic,60,60,Made,True,True,203992.0,1628385.0,3pt made,2pt missed,,,,1627741|1628368|1628385|1628425|201572|202083|202339|202357|203084|203114|203992,1627741|1628368|1628385|202357|203084|203992,1628425|201572|202083|202339|203114,2.0,16.0,1610612758.0,21900797,False
3,PT10M59.00S,10:59,Q3 10:59,22.983333333333334,391,2pt,MISS Middleton 20' Step Back Jump Shot,[],Middleton,60,60,Missed,True,False,203114.0,,2pt made,rebound,,,,1627741|1628368|1628385|1628425|201572|202083|202339|202357|203084|203114|203992,1628425|201572|202083|202339|203114,1627741|1628368|1628385|202357|203084|203992,-150.0,134.0,1610612749.0,21900797,False
3,PT10M58.00S,10:58,Q3 10:58,22.96666666666667,392,rebound,Giles III REBOUND (Off:0 Def:4),[],Giles III,60,60,,False,False,1628385.0,,2pt missed,foul,,,,1627741|1628368|1628385|1628425|201572|202083|202339|202357|203084|203114|203992,1627741|1628368|1628385|202357|203084|203992,1628425|201572|202083|202339|203114,,,1610612758.0,21900797,False
3,PT10M57.00S,10:57,Q3 10:57,22.95,393,foul,B. Lopez S.FOUL (P2.T1) (L.Richardson),[],Lopez,60,60,,False,False,201572.0,,rebound,freethrow,1628368.0,,,1627741|1628368|1628385|1628425|201572|202083|202339|202357|203084|203114|203992,1628425|201572|202083|202339|203114,1627741|1628368|1628385|202357|203084|203992,,,1610612749.0,21900797,False
3,PT10M57.00S,10:57,Q3 10:57,22.95,395,freethrow,Fox Free Throw 1 of 2 (9 PTS),[],Fox,60,61,Made,False,False,1628368.0,,foul,freethrow,,,,1627741|1628368|1628385|1628425|201572|202083|202339|202357|203084|203114|203992,1627741|1628368|1628385|202357|203084|203992,1628425|201572|202083|202339|203114,,,1610612758.0,21900797,False
3,PT10M57.00S,10:57,Q3 10:57,22.95,396,freethrow,Fox Free Throw 2 of 2 (10 PTS),[],Fox,60,62,Made,False,False,1628368.0,,freethrow,3pt missed,,,,1627741|1628368|1628385|1628425|201572|202083|202339|202357|203084|203114|203992,1627741|1628368|1628385|202357|203084|203992,1628425|201572|202083|202339|203114,,,1610612758.0,21900797,False
3,PT10M45.00S,10:45,Q3 10:45,22.75,397,3pt,MISS Brown 26' 3PT Jump Shot,[],Brown,60,62,Missed,True,False,1628425.0,,freethrow,rebound,,,,1627741|1628368|1628385|1628425|201572|202083|202339|202357|203084|203114|203992,1628425|201572|202083|202339|203114,1627741|1628368|1628385|202357|203084|203992,230.0,111.0,1610612749.0,21900797,False
3,PT10M41.00S,10:41,Q3 10:41,22.683333333333334,398,rebound,Giles III REBOUND (Off:0 Def:5),[],Giles III,60,62,,False,False,1628385.0,,3pt missed,3pt missed,,,,1627741|1628368|1628385|1628425|201572|202083|202339|202357|203084|203114|203992,1627741|1628368|1628385|202357|203084|203992,1628425|201572|202083|202339|203114,,,1610612758.0,21900797,False
3,PT10M37.00S,10:37,Q3 10:37,22.616666666666667,399,3pt,MISS Bogdanovic 26' 3PT Pullup Jump Shot,[],Bogdanovic,60,62,Missed,True,False,203992.0,,rebound,rebound,,,,1627741|1628368|1628385|1628425|201572|202083|202339|202357|203084|203114|203992,1627741|1628368|1628385|202357|203084|203992,1628425|201572|202083|202339|203114,92.0,242.0,1610612758.0,21900797,False
3,PT10M33.00S,10:33,Q3 10:33,22.55,400,rebound,Brown REBOUND (Off:0 Def:4),[],Brown,60,62,,False,False,1628425.0,,3pt missed,3pt made,,,,1627741|1628368|1628385|1628425|201572|202083|202339|202357|203084|203114|203992,1628425|201572|202083|202339|203114,1627741|1628368|1628385|202357|203084|203992,,,1610612749.0,21900797,False
3,PT10M28.00S,10:28,Q3 10:28,22.46666666666667,403,3pt,Bledsoe 27' 3PT Pullup Jump Shot (16 PTS),[],Bledsoe,63,62,Made,True,False,202339.0,,rebound,3pt made,,,,1627741|1628368|1628385|1628425|201572|202083|202339|202357|203084|203114|203992,1628425|201572|202083|202339|203114,1627741|1628368|1628385|202357|203084|203992,-190.0,197.0,1610612749.0,21900797,False
3,PT10M16.00S,10:16,Q3 10:16,22.266666666666666,404,3pt,Barnes 26' 3PT Jump Shot (20 PTS) (Fox 6 AST),[],Barnes,63,65,Made,True,True,203084.0,1628368.0,3pt made,foul,,,,1627741|1628368|1628385|1628425|201572|202083|202339|202357|203084|203114|203992,1627741|1628368|1628385|202357|203084|203992,1628425|201572|202083|202339|203114,197.0,168.0,1610612758.0,21900797,False
3,PT10M02.00S,10:02,Q3 10:02,22.03333333333333,407,foul,Giles III P.FOUL (P3.T1) (L.Richardson),[],Giles III,63,65,,False,False,1628385.0,,3pt made,foul,201572.0,,,1627741|1628368|1628385|1628425|201572|202083|202339|202357|203084|203114|203992,1627741|1628368|1628385|202357|203084|203992,1628425|201572|202083|202339|203114,,,1610612758.0,21900797,False
3,PT09M56.00S,09:56,Q3 09:56,21.933333333333334,409,foul,Barnes S.FOUL (P2.T2) (B.Kennedy),[],Barnes,63,65,,False,False,203084.0,,foul,freethrow,201572.0,,,1627741|1628368|1628385|1628425|201572|202083|202339|202357|203084|203114|203992,1627741|1628368|1628385|202357|203084|203992,1628425|201572|202083|202339|203114,,,1610612758.0,21900797,False
3,PT09M56.00S,09:56,Q3 09:56,21.933333333333334,411,freethrow,B. Lopez Free Throw 1 of 2 (17 PTS),[],Lopez,64,65,Made,False,False,201572.0,,foul,freethrow,,,,1627741|1628368|1628385|1628425|201572|202083|202339|202357|203084|203114|203992,1628425|201572|202083|202339|203114,1627741|1628368|1628385|202357|203084|203992,,,1610612749.0,21900797,False
3,PT09M56.00S,09:56,Q3 09:56,21.933333333333334,412,freethrow,B. Lopez Free Throw 2 of 2 (18 PTS),[],Lopez,65,65,Made,False,False,201572.0,,freethrow,2pt made,,,,1627741|1628368|1628385|1628425|201572|202083|202339|202357|203084|203114|203992,1628425|201572|202083|202339|203114,1627741|1628368|1628385|202357|203084|203992,,,1610612749.0,21900797,False
3,PT09M45.00S,09:45,Q3 09:45,21.75,413,2pt,Giles III 1' Cutting Layup Shot (8 PTS) (Bogdanovic 2 AST),['pointsinthepaint'],Giles III,65,67,Made,True,True,1628385.0,203992.0,freethrow,2pt made,,,,1627741|1628368|1628385|1628425|201572|202083|202339|202357|203084|203114|203992,1627741|1628368|1628385|202357|203084|203992,1628425|201572|202083|202339|203114,-13.0,5.0,1610612758.0,21900797,False
3,PT09M33.00S,09:33,Q3 09:33,21.55,415,2pt,Middleton 15' Driving Floating Jump Shot (13 PTS) (B. Lopez 1 AST),[],Middleton,67,67,Made,True,True,203114.0,201572.0,2pt made,2pt made,,,,1627741|1628368|1628385|1628425|201572|202083|202339|202357|203084|203114|203992,1628425|201572|202083|202339|203114,1627741|1628368|1628385|202357|203084|203992,-55.0,143.0,1610612749.0,21900797,False
3,PT09M24.00S,09:24,Q3 09:24,21.4,417,2pt,Fox 3' Driving Layup (12 PTS),['pointsinthepaint'],Fox,67,69,Made,True,False,1628368.0,,2pt made,2pt made,,,,1627741|1628368|1628385|1628425|201572|202083|202339|202357|203084|203114|203992,1627741|1628368|1628385|202357|203084|203992,1628425|201572|202083|202339|203114,6.0,25.0,1610612758.0,21900797,False
3,PT09M15.00S,09:15,Q3 09:15,21.25,418,2pt,Matthews 3' Driving Reverse Layup (2 PTS) (Brown 1 AST),['pointsinthepaint'],Matthews,69,69,Made,True,True,202083.0,1628425.0,2pt made,3pt made,,,,1627741|1628368|1628385|1628425|201572|202083|202339|202357|203084|203114|203992,1628425|201572|202083|202339|203114,1627741|1628368|1628385|202357|203084|203992,8.0,27.0,1610612749.0,21900797,False
3,PT08M53.00S,08:53,Q3 08:53,20.883333333333333,420,3pt,Barnes 3PT Jump Shot (23 PTS) (Giles III 2 AST),[],Barnes,69,72,Made,True,True,203084.0,1628385.0,2pt made,3pt made,,,,1627741|1628368|1628385|1628425|201572|202083|202339|202357|203084|203114|203992,1627741|1628368|1628385|202357|203084|203992,1628425|201572|202083|202339|203114,-230.0,31.0,1610612758.0,21900797,False
3,PT08M43.00S,08:43,Q3 08:43,20.71666666666667,422,3pt,Matthews 3PT Jump Shot (5 PTS) (Bledsoe 6 AST),[],Matthews,72,72,Made,True,True,202083.0,202339.0,3pt made,2pt made,,,,1627741|1628368|1628385|1628425|201572|202083|202339|202357|203084|203114|203992,1628425|201572|202083|202339|203114,1627741|1628368|1628385|202357|203084|203992,231.0,17.0,1610612749.0,21900797,False
3,PT08M26.00S,08:26,Q3 08:26,20.433333333333334,425,2pt,Bogdanovic 18' Pullup Jump Shot (6 PTS),[],Bogdanovic,72,74,Made,True,False,203992.0,,3pt made,3pt missed,,,,1627741|1628368|1628385|1628425|201572|202083|202339|202357|203084|203114|203992,1627741|1628368|1628385|202357|203084|203992,1628425|201572|202083|202339|203114,137.0,110.0,1610612758.0,21900797,False
3,PT08M16.00S,08:16,Q3 08:16,20.266666666666666,426,3pt,MISS Matthews 26' 3PT Jump Shot,[],Matthews,72,74,Missed,True,False,202083.0,,2pt made,block,,,,1627741|1628368|1628385|1628425|201572|202083|202339|202357|203084|203114|203992,1628425|201572|202083|202339|203114,1627741|1628368|1628385|202357|203084|203992,-235.0,117.0,1610612749.0,21900797,False
3,PT08M16.00S,08:16,Q3 08:16,20.266666666666666,426,block,Bogdanovic BLOCK (1 BLK),[],Bogdanovic,72,74,,False,False,203992.0,,3pt missed,rebound,,,203992.0,1627741|1628368|1628385|1628425|201572|202083|202339|202357|203084|203114|203992,1627741|1628368|1628385|202357|203084|203992,1628425|201572|202083|202339|203114,,,1610612758.0,21900797,False
3,PT08M15.00S,08:15,Q3 08:15,20.25,428,rebound,TEAM defensive REBOUND,['team'],,72,74,,False,False,0.0,,block,2pt missed,,,,1627741|1628368|1628385|1628425|201572|202083|202339|202357|203084|203114|203992,1627741|1628368|1628385|202357|203084|203992,1628425|201572|202083|202339|203114,,,1610612758.0,21900797,False
3,PT07M52.00S,07:52,Q3 07:52,19.866666666666667,430,2pt,MISS Giles III 20' Jump Shot,[],Giles III,72,74,Missed,True,False,1628385.0,,rebound,rebound,,,,1627741|1628368|1628385|1628425|201572|202083|202339|202357|203084|203114|203992,1627741|1628368|1628385|202357|203084|203992,1628425|201572|202083|202339|203114,-29.0,200.0,1610612758.0,21900797,False
3,PT07M49.00S,07:49,Q3 07:49,19.816666666666666,431,rebound,Bledsoe REBOUND (Off:0 Def:3),[],Bledsoe,72,74,,False,False,202339.0,,2pt missed,turnover,,,,1627741|1628368|1628385|1628425|201572|202083|202339|202357|203084|203114|203992,1628425|201572|202083|202339|203114,1627741|1628368|1628385|202357|203084|203992,,,1610612749.0,21900797,False
3,PT07M45.00S,07:45,Q3 07:45,19.75,470,turnover,Bledsoe Lost Ball Turnover (P1.T8),[],Bledsoe,72,74,,False,False,202339.0,,rebound,steal,,,,1627741|1628368|1628385|1628425|201572|202083|202339|202357|203084|203114|203992,1628425|201572|202083|202339|203114,1627741|1628368|1628385|202357|203084|203992,,,1610612749.0,21900797,False
3,PT07M45.00S,07:45,Q3 07:45,19.75,470,steal,Giles III STEAL (1 STL),[],Giles III,72,74,,False,False,1628385.0,,turnover,2pt missed,,1628385.0,,1627741|1628368|1628385|1628425|201572|202083|202339|202357|203084|203114|203992,1627741|1628368|1628385|202357|203084|203992,1628425|201572|202083|202339|203114,,,1610612758.0,21900797,False
3,PT07M18.00S,07:18,Q3 07:18,19.3,435,2pt,MISS Fox 5' Fadeaway Jumper,['pointsinthepaint'],Fox,72,74,Missed,True,False,1628368.0,,steal,rebound,,,,1627741|1628368|1628385|1628425|201572|202083|202339|202357|203084|203114|203992,1627741|1628368|1628385|202357|203084|203992,1628425|201572|202083|202339|203114,46.0,29.0,1610612758.0,21900797,False
3,PT07M16.00S,07:16,Q3 07:16,19.266666666666666,436,rebound,B. Lopez REBOUND (Off:1 Def:1),[],Lopez,72,74,,False,False,201572.0,,2pt missed,3pt made,,,,1627741|1628368|1628385|1628425|201572|202083|202339|202357|203084|203114|203992,1628425|201572|202083|202339|203114,1627741|1628368|1628385|202357|203084|203992,,,1610612749.0,21900797,False
3,PT07M12.00S,07:12,Q3 07:12,19.2,437,3pt,Middleton 24' 3PT Jump Shot (16 PTS) (Bledsoe 7 AST),[],Middleton,75,74,Made,True,True,203114.0,202339.0,rebound,timeout,,,,1627741|1628368|1628385|1628425|201572|202083|202339|202357|203084|203114|203992,1628425|201572|202083|202339|203114,1627741|1628368|1628385|202357|203084|203992,234.0,22.0,1610612749.0,21900797,False
3,PT07M12.00S,07:12,Q3 07:12,19.2,439,timeout,Kings Timeout: Regular (Reg.3 Short 0),[],,75,74,,False,False,0.0,,3pt made,3pt missed,,,,1627741|1628368|1628385|1628425|201572|202083|202339|202357|203084|203114|203992,1627741|1628368|1628385|202357|203084|203992,1628425|201572|202083|202339|203114,,,1610612758.0,21900797,False
3,PT06M56.00S,06:56,Q3 06:56,18.933333333333334,440,3pt,MISS Bogdanovic 26' 3PT Jump Shot,[],Bogdanovic,75,74,Missed,True,False,203992.0,,timeout,rebound,,,,1627741|1628368|1628385|1628425|201572|202083|202339|202357|203084|203114|203992,1627741|1628368|1628385|202357|203084|203992,1628425|201572|202083|202339|203114,-157.0,209.0,1610612758.0,21900797,False
3,PT06M54.00S,06:54,Q3 06:54,18.9,441,rebound,Brown REBOUND (Off:0 Def:5),[],Brown,75,74,,False,False,1628425.0,,3pt missed,foul,,,,1627741|1628368|1628385|1628425|201572|202083|202339|202357|203084|203114|203992,1628425|201572|202083|202339|203114,1627741|1628368|1628385|202357|203084|203992,,,1610612749.0,21900797,False
3,PT06M46.00S,06:46,Q3 06:46,18.766666666666666,442,foul,Giles III S.FOUL (P4.T3) (L.Richardson),[],Giles III,75,74,,False,False,1628385.0,,rebound,freethrow,201572.0,,,1627741|1628368|1628385|1628425|201572|202083|202339|202357|203084|203114|203992,1627741|1628368|1628385|202357|203084|203992,1628425|201572|202083|202339|203114,,,1610612758.0,21900797,False
3,PT06M46.00S,06:46,Q3 06:46,18.766666666666666,444,freethrow,MISS B. Lopez Free Throw 1 of 2,[],Lopez,75,74,Missed,False,False,201572.0,,foul,rebound,,,,1627741|1628368|1628385|1628425|201572|202083|202339|202357|203084|203114|203992,1628425|201572|202083|202339|203114,1627741|1628368|1628385|202357|203084|203992,,,1610612749.0,21900797,False
3,PT06M46.00S,06:46,Q3 06:46,18.766666666666666,445,rebound,TEAM offensive REBOUND,['team'],,75,74,,False,False,0.0,,freethrow,freethrow,,,,1627741|1628368|1628385|1628425|201572|202083|202339|202357|203084|203114|203992,1628425|201572|202083|202339|203114,1627741|1628368|1628385|202357|203084|203992,,,1610612749.0,21900797,False
3,PT06M46.00S,06:46,Q3 06:46,18.766666666666666,450,freethrow,MISS B. Lopez Free Throw 2 of 2,[],Lopez,75,74,Missed,False,False,201572.0,,rebound,substitution,,,,1627741|1628368|1628385|1628425|201572|202083|202339|202357|203084|203114|203992,1628425|201572|202083|202339|203114,1627741|1628368|1628385|202357|203084|203992,,,1610612749.0,21900797,False
3,PT06M46.00S,06:46,Q3 06:46,18.766666666666666,446,substitution,SUB out: E. Bledsoe,[],Bledsoe,75,74,,False,False,202339.0,,freethrow,substitution,,,,1627741|1628368|1628385|1628425|201572|202083|202357|203084|203114|203992,1628425|201572|202083|203114,1627741|1628368|1628385|202357|203084|203992,,,1610612749.0,21900797,True
3,PT06M46.00S,06:46,Q3 06:46,18.766666666666666,447,substitution,SUB out: H. Giles III,[],Giles III,75,74,,False,False,1628385.0,,substitution,substitution,,,,1627741|1628368|1628425|201572|202083|202357|203084|203114|203992,1627741|1628368|202357|203084|203992,1628425|201572|202083|203114,,,1610612758.0,21900797,False
3,PT06M46.00S,06:46,Q3 06:46,18.766666666666666,448,substitution,SUB in: D. DiVincenzo,[],DiVincenzo,75,74,,False,False,1628978.0,,substitution,substitution,,,,1627741|1628368|1628425|1628978|201572|202083|202357|203084|203114|203992,1628425|1628978|201572|202083|203114,1627741|1628368|202357|203084|203992,,,1610612749.0,21900797,True
3,PT06M46.00S,06:46,Q3 06:46,18.766666666666666,449,substitution,SUB in: B. Hield,[],Hield,75,74,,False,False,1627741.0,,substitution,rebound,,,,1627741|1628368|1628425|1628978|201572|202083|202357|203084|203114|203992,1627741|1628368|202357|203084|203992,1628425|1628978|201572|202083|203114,,,1610612758.0,21900797,True
3,PT06M43.00S,06:43,Q3 06:43,18.71666666666667,451,rebound,Hield REBOUND (Off:1 Def:3),[],Hield,75,74,,False,False,1627741.0,,substitution,2pt missed,,,,1627741|1628368|1628425|1628978|201572|202083|202357|203084|203114|203992,1627741|1628368|202357|203084|203992,1628425|1628978|201572|202083|203114,,,1610612758.0,21900797,True
3,PT06M31.00S,06:31,Q3 06:31,18.516666666666666,452,2pt,MISS Fox 3' Driving Layup,['pointsinthepaint'],Fox,75,74,Missed,True,False,1628368.0,,rebound,rebound,,,,1627741|1628368|1628425|1628978|201572|202083|202357|203084|203114|203992,1627741|1628368|202357|203084|203992,1628425|1628978|201572|202083|203114,-20.0,25.0,1610612758.0,21900797,True
3,PT06M31.00S,06:31,Q3 06:31,18.516666666666666,453,rebound,TEAM defensive REBOUND,['team'],,75,74,,False,False,0.0,,2pt missed,2pt made,,,,1627741|1628368|1628425|1628978|201572|202083|202357|203084|203114|203992,1628425|1628978|201572|202083|203114,1627741|1628368|202357|203084|203992,,,1610612749.0,21900797,True
3,PT06M17.00S,06:17,Q3 06:17,18.28333333333333,454,2pt,Brown 2' Reverse Layup (11 PTS) (B. Lopez 2 AST),['pointsinthepaint'],Brown,77,74,Made,True,True,1628425.0,201572.0,rebound,3pt missed,,,,1627741|1628368|1628425|1628978|201572|202083|202357|203084|203114|203992,1628425|1628978|201572|202083|203114,1627741|1628368|202357|203084|203992,10.0,13.0,1610612749.0,21900797,True
3,PT06M06.00S,06:06,Q3 06:06,18.1,456,3pt,MISS Barnes 27' 3PT Step Back Jump Shot,[],Barnes,77,74,Missed,True,False,203084.0,,2pt made,rebound,,,,1627741|1628368|1628425|1628978|201572|202083|202357|203084|203114|203992,1627741|1628368|202357|203084|203992,1628425|1628978|201572|202083|203114,185.0,190.0,1610612758.0,21900797,True
3,PT06M03.00S,06:03,Q3 06:03,18.05,457,rebound,DiVincenzo REBOUND (Off:0 Def:1),[],DiVincenzo,77,74,,False,False,1628978.0,,3pt missed,turnover,,,,1627741|1628368|1628425|1628978|201572|202083|202357|203084|203114|203992,1628425|1628978|201572|202083|203114,1627741|1628368|202357|203084|203992,,,1610612749.0,21900797,True
3,PT05M54.00S,05:54,Q3 05:54,17.9,458,turnover,DiVincenzo Bad Pass Turnover (P2.T9),[],DiVincenzo,77,74,,False,False,1628978.0,,rebound,steal,,,,1627741|1628368|1628425|1628978|201572|202083|202357|203084|203114|203992,1628425|1628978|201572|202083|203114,1627741|1628368|202357|203084|203992,,,1610612749.0,21900797,True
3,PT05M54.00S,05:54,Q3 05:54,17.9,458,steal,Barnes STEAL (1 STL),[],Barnes,77,74,,False,False,203084.0,,turnover,3pt missed,,203084.0,,1627741|1628368|1628425|1628978|201572|202083|202357|203084|203114|203992,1627741|1628368|202357|203084|203992,1628425|1628978|201572|202083|203114,,,1610612758.0,21900797,True
3,PT05M48.00S,05:48,Q3 05:48,17.8,460,3pt,MISS Bogdanovic 24' 3PT Jump Shot,[],Bogdanovic,77,74,Missed,True,False,203992.0,,steal,rebound,,,,1627741|1628368|1628425|1628978|201572|202083|202357|203084|203114|203992,1627741|1628368|202357|203084|203992,1628425|1628978|201572|202083|203114,237.0,13.0,1610612758.0,21900797,True
3,PT05M44.00S,05:44,Q3 05:44,17.733333333333334,461,rebound,Hield REBOUND (Off:2 Def:3),[],Hield,77,74,,False,False,1627741.0,,3pt missed,3pt made,,,,1627741|1628368|1628425|1628978|201572|202083|202357|203084|203114|203992,1627741|1628368|202357|203084|203992,1628425|1628978|201572|202083|203114,,,1610612758.0,21900797,True
3,PT05M39.00S,05:39,Q3 05:39,17.65,462,3pt,Fox 26' 3PT Jump Shot (15 PTS),[],Fox,77,77,Made,True,False,1628368.0,,rebound,3pt missed,,,,1627741|1628368|1628425|1628978|201572|202083|202357|203084|203114|203992,1627741|1628368|202357|203084|203992,1628425|1628978|201572|202083|203114,145.0,218.0,1610612758.0,21900797,True
3,PT05M11.00S,05:11,Q3 05:11,17.183333333333334,463,3pt,MISS Middleton 26' 3PT Jump Shot,[],Middleton,77,77,Missed,True,False,203114.0,,3pt made,rebound,,,,1627741|1628368|1628425|1628978|201572|202083|202357|203084|203114|203992,1628425|1628978|201572|202083|203114,1627741|1628368|202357|203084|203992,128.0,231.0,1610612749.0,21900797,True
3,PT05M08.00S,05:08,Q3 05:08,17.133333333333333,464,rebound,Fox REBOUND (Off:0 Def:6),[],Fox,77,77,,False,False,1628368.0,,3pt missed,2pt missed,,,,1627741|1628368|1628425|1628978|201572|202083|202357|203084|203114|203992,1627741|1628368|202357|203084|203992,1628425|1628978|201572|202083|203114,,,1610612758.0,21900797,True
3,PT05M02.00S,05:02,Q3 05:02,17.03333333333333,465,2pt,MISS Fox 3' Driving Layup,['pointsinthepaint'],Fox,77,77,Missed,True,False,1628368.0,,rebound,rebound,,,,1627741|1628368|1628425|1628978|201572|202083|202357|203084|203114|203992,1627741|1628368|202357|203084|203992,1628425|1628978|201572|202083|203114,24.0,15.0,1610612758.0,21900797,True
3,PT05M02.00S,05:02,Q3 05:02,17.03333333333333,466,rebound,Hield REBOUND (Off:3 Def:3),[],Hield,77,77,,False,False,1627741.0,,2pt missed,3pt made,,,,1627741|1628368|1628425|1628978|201572|202083|202357|203084|203114|203992,1627741|1628368|202357|203084|203992,1628425|1628978|201572|202083|203114,,,1610612758.0,21900797,True
3,PT04M55.00S,04:55,Q3 04:55,16.916666666666668,467,3pt,Bjelica 29' 3PT Jump Shot (10 PTS) (Barnes 3 AST),[],Bjelica,77,80,Made,True,True,202357.0,203084.0,rebound,timeout,,,,1627741|1628368|1628425|1628978|201572|202083|202357|203084|203114|203992,1627741|1628368|202357|203084|203992,1628425|1628978|201572|202083|203114,-117.0,267.0,1610612758.0,21900797,True
3,PT04M46.00S,04:46,Q3 04:46,16.766666666666666,469,timeout,BUCKS Timeout: Regular (Full 4 Short 0),[],,77,80,,False,False,0.0,,3pt made,substitution,,,,1627741|1628368|1628425|1628978|201572|202083|202357|203084|203114|203992,1628425|1628978|201572|202083|203114,1627741|1628368|202357|203084|203992,,,1610612749.0,21900797,True
3,PT04M46.00S,04:46,Q3 04:46,16.766666666666666,472,substitution,SUB out: W. Matthews,[],Matthews,77,80,,False,False,202083.0,,timeout,substitution,,,,1627741|1628368|1628425|1628978|201572|202357|203084|203114|203992,1628425|1628978|201572|203114,1627741|1628368|202357|203084|203992,,,1610612749.0,21900797,False
3,PT04M46.00S,04:46,Q3 04:46,16.766666666666666,473,substitution,SUB out: B. Lopez,[],Lopez,77,80,,False,False,201572.0,,substitution,substitution,,,,1627741|1628368|1628425|1628978|202357|203084|203114|203992,1628425|1628978|203114,1627741|1628368|202357|203084|203992,,,1610612749.0,21900797,False
3,PT04M46.00S,04:46,Q3 04:46,16.766666666666666,474,substitution,SUB out: S. Brown,[],Brown,77,80,,False,False,1628425.0,,substitution,substitution,,,,1627741|1628368|1628978|202357|203084|203114|203992,1628978|203114,1627741|1628368|202357|203084|203992,,,1610612749.0,21900797,False
3,PT04M46.00S,04:46,Q3 04:46,16.766666666666666,475,substitution,SUB out: B. Bogdanovic,[],Bogdanovic,77,80,,False,False,203992.0,,substitution,substitution,,,,1627741|1628368|1628978|202357|203084|203114,1627741|1628368|202357|203084,1628978|203114,,,1610612758.0,21900797,False
3,PT04M46.00S,04:46,Q3 04:46,16.766666666666666,476,substitution,SUB in: E. Ilyasova,[],Ilyasova,77,80,,False,False,101141.0,,substitution,substitution,,,,101141|1627741|1628368|1628978|202357|203084|203114,101141|1628978|203114,1627741|1628368|202357|203084,,,1610612749.0,21900797,False
3,PT04M46.00S,04:46,Q3 04:46,16.766666666666666,477,substitution,SUB in: K. Korver,[],Korver,77,80,,False,False,2594.0,,substitution,substitution,,,,101141|1627741|1628368|1628978|202357|203084|203114|2594,101141|1628978|203114|2594,1627741|1628368|202357|203084,,,1610612749.0,21900797,False
3,PT04M46.00S,04:46,Q3 04:46,16.766666666666666,478,substitution,SUB in: P. Connaughton,[],Connaughton,77,80,,False,False,1626192.0,,substitution,substitution,,,,101141|1626192|1627741|1628368|1628978|202357|203084|203114|2594,101141|1626192|1628978|203114|2594,1627741|1628368|202357|203084,,,1610612749.0,21900797,False
3,PT04M46.00S,04:46,Q3 04:46,16.766666666666666,479,substitution,SUB in: C. Joseph,[],Joseph,77,80,,False,False,202709.0,,substitution,foul,,,,101141|1626192|1627741|1628368|1628978|202357|202709|203084|203114|2594,1627741|1628368|202357|202709|203084,101141|1626192|1628978|203114|2594,,,1610612758.0,21900797,True
3,PT04M32.00S,04:32,Q3 04:32,16.53333333333333,480,foul,Barnes S.FOUL (P3.T4) (B.Kennedy),[],Barnes,77,80,,False,False,203084.0,,substitution,freethrow,203114.0,,,101141|1626192|1627741|1628368|1628978|202357|202709|203084|203114|2594,1627741|1628368|202357|202709|203084,101141|1626192|1628978|203114|2594,,,1610612758.0,21900797,True
3,PT04M32.00S,04:32,Q3 04:32,16.53333333333333,482,freethrow,Middleton Free Throw 1 of 2 (17 PTS),[],Middleton,78,80,Made,False,False,203114.0,,foul,freethrow,,,,101141|1626192|1627741|1628368|1628978|202357|202709|203084|203114|2594,101141|1626192|1628978|203114|2594,1627741|1628368|202357|202709|203084,,,1610612749.0,21900797,True
3,PT04M32.00S,04:32,Q3 04:32,16.53333333333333,483,freethrow,Middleton Free Throw 2 of 2 (18 PTS),[],Middleton,79,80,Made,False,False,203114.0,,freethrow,2pt made,,,,101141|1626192|1627741|1628368|1628978|202357|202709|203084|203114|2594,101141|1626192|1628978|203114|2594,1627741|1628368|202357|202709|203084,,,1610612749.0,21900797,True
3,PT04M10.00S,04:10,Q3 04:10,16.166666666666668,484,2pt,Hield 14' Jump Shot (9 PTS) (Bjelica 1 AST),[],Hield,79,82,Made,True,True,1627741.0,202357.0,freethrow,2pt made,,,,101141|1626192|1627741|1628368|1628978|202357|202709|203084|203114|2594,1627741|1628368|202357|202709|203084,101141|1626192|1628978|203114|2594,-105.0,90.0,1610612758.0,21900797,True
3,PT03M59.00S,03:59,Q3 03:59,15.983333333333334,486,2pt,Middleton 9' Turnaround Jump Shot (20 PTS),[],Middleton,81,82,Made,True,False,203114.0,,2pt made,3pt made,,,,101141|1626192|1627741|1628368|1628978|202357|202709|203084|203114|2594,101141|1626192|1628978|203114|2594,1627741|1628368|202357|202709|203084,90.0,-4.0,1610612749.0,21900797,True
3,PT03M50.00S,03:50,Q3 03:50,15.833333333333334,487,3pt,Hield 27' 3PT Jump Shot (12 PTS) (Fox 7 AST),[],Hield,81,85,Made,True,True,1627741.0,1628368.0,2pt made,turnover,,,,101141|1626192|1627741|1628368|1628978|202357|202709|203084|203114|2594,1627741|1628368|202357|202709|203084,101141|1626192|1628978|203114|2594,119.0,242.0,1610612758.0,21900797,True
3,PT03M42.00S,03:42,Q3 03:42,15.7,489,turnover,Middleton Out of Bounds - Bad Pass Turnover Turnover (P3.T10),[],Middleton,81,85,,False,False,203114.0,,3pt made,2pt made,,,,101141|1626192|1627741|1628368|1628978|202357|202709|203084|203114|2594,101141|1626192|1628978|203114|2594,1627741|1628368|202357|202709|203084,,,1610612749.0,21900797,True
3,PT03M27.00S,03:27,Q3 03:27,15.45,490,2pt,Joseph 1' Driving Layup (8 PTS) (Fox 8 AST),['pointsinthepaint'],Joseph,81,87,Made,True,True,202709.0,1628368.0,turnover,2pt missed,,,,101141|1626192|1627741|1628368|1628978|202357|202709|203084|203114|2594,1627741|1628368|202357|202709|203084,101141|1626192|1628978|203114|2594,1.0,10.0,1610612758.0,21900797,True
3,PT03M10.00S,03:10,Q3 03:10,15.166666666666666,492,2pt,MISS Ilyasova 4' Driving Floating Jump Shot,['pointsinthepaint'],Ilyasova,81,87,Missed,True,False,101141.0,,2pt made,rebound,,,,101141|1626192|1627741|1628368|1628978|202357|202709|203084|203114|2594,101141|1626192|1628978|203114|2594,1627741|1628368|202357|202709|203084,-3.0,37.0,1610612749.0,21900797,True
3,PT03M07.00S,03:07,Q3 03:07,15.116666666666667,493,rebound,Ilyasova REBOUND (Off:1 Def:5),[],Ilyasova,81,87,,False,False,101141.0,,2pt missed,2pt made,,,,101141|1626192|1627741|1628368|1628978|202357|202709|203084|203114|2594,101141|1626192|1628978|203114|2594,1627741|1628368|202357|202709|203084,,,1610612749.0,21900797,True
3,PT03M07.00S,03:07,Q3 03:07,15.116666666666667,494,2pt,Ilyasova 2' Putback Layup (2 PTS),['pointsinthepaint'],Ilyasova,83,87,Made,True,False,101141.0,,rebound,foul,,,,101141|1626192|1627741|1628368|1628978|202357|202709|203084|203114|2594,101141|1626192|1628978|203114|2594,1627741|1628368|202357|202709|203084,3.0,23.0,1610612749.0,21900797,True
3,PT02M51.00S,02:51,Q3 02:51,14.85,495,foul,Korver S.FOUL (P3.T2) (R.Mott),[],Korver,83,87,,False,False,2594.0,,2pt made,freethrow,202709.0,,,101141|1626192|1627741|1628368|1628978|202357|202709|203084|203114|2594,101141|1626192|1628978|203114|2594,1627741|1628368|202357|202709|203084,,,1610612749.0,21900797,True
3,PT02M51.00S,02:51,Q3 02:51,14.85,497,freethrow,Joseph Free Throw 1 of 2 (9 PTS),[],Joseph,83,88,Made,False,False,202709.0,,foul,freethrow,,,,101141|1626192|1627741|1628368|1628978|202357|202709|203084|203114|2594,1627741|1628368|202357|202709|203084,101141|1626192|1628978|203114|2594,,,1610612758.0,21900797,True
3,PT02M51.00S,02:51,Q3 02:51,14.85,500,freethrow,MISS Joseph Free Throw 2 of 2,[],Joseph,83,88,Missed,False,False,202709.0,,freethrow,substitution,,,,101141|1626192|1627741|1628368|1628978|202357|202709|203084|203114|2594,1627741|1628368|202357|202709|203084,101141|1626192|1628978|203114|2594,,,1610612758.0,21900797,True
3,PT02M51.00S,02:51,Q3 02:51,14.85,498,substitution,SUB out: K. Middleton,[],Middleton,83,88,,False,False,203114.0,,freethrow,substitution,,,,101141|1626192|1627741|1628368|1628978|202357|202709|203084|2594,101141|1626192|1628978|2594,1627741|1628368|202357|202709|203084,,,1610612749.0,21900797,False
3,PT02M51.00S,02:51,Q3 02:51,14.85,499,substitution,SUB in: E. Bledsoe,[],Bledsoe,83,88,,False,False,202339.0,,substitution,rebound,,,,101141|1626192|1627741|1628368|1628978|202339|202357|202709|203084|2594,101141|1626192|1628978|202339|2594,1627741|1628368|202357|202709|203084,,,1610612749.0,21900797,True
3,PT02M46.00S,02:46,Q3 02:46,14.766666666666666,501,rebound,Bledsoe REBOUND (Off:0 Def:4),[],Bledsoe,83,88,,False,False,202339.0,,substitution,2pt missed,,,,101141|1626192|1627741|1628368|1628978|202339|202357|202709|203084|2594,101141|1626192|1628978|202339|2594,1627741|1628368|202357|202709|203084,,,1610612749.0,21900797,True
3,PT02M32.00S,02:32,Q3 02:32,14.533333333333333,502,2pt,MISS Ilyasova 11' Fadeaway Jumper,['pointsinthepaint'],Ilyasova,83,88,Missed,True,False,101141.0,,rebound,rebound,,,,101141|1626192|1627741|1628368|1628978|202339|202357|202709|203084|2594,101141|1626192|1628978|202339|2594,1627741|1628368|202357|202709|203084,-38.0,102.0,1610612749.0,21900797,True
3,PT02M29.00S,02:29,Q3 02:29,14.483333333333334,504,rebound,Fox REBOUND (Off:0 Def:7),[],Fox,83,88,,False,False,1628368.0,,2pt missed,turnover,,,,101141|1626192|1627741|1628368|1628978|202339|202357|202709|203084|2594,1627741|1628368|202357|202709|203084,101141|1626192|1628978|202339|2594,,,1610612758.0,21900797,True
3,PT02M23.00S,02:23,Q3 02:23,14.383333333333333,505,turnover,Fox Traveling Turnover (P3.T8),[],Fox,83,88,,False,False,1628368.0,,rebound,substitution,,,,101141|1626192|1627741|1628368|1628978|202339|202357|202709|203084|2594,1627741|1628368|202357|202709|203084,101141|1626192|1628978|202339|2594,,,1610612758.0,21900797,True
3,PT02M23.00S,02:23,Q3 02:23,14.383333333333333,506,substitution,SUB out: H. Barnes,[],Barnes,83,88,,False,False,203084.0,,turnover,substitution,,,,101141|1626192|1627741|1628368|1628978|202339|202357|202709|2594,1627741|1628368|202357|202709,101141|1626192|1628978|202339|2594,,,1610612758.0,21900797,False
3,PT02M23.00S,02:23,Q3 02:23,14.383333333333333,507,substitution,SUB in: K. Bazemore,[],Bazemore,83,88,,False,False,203145.0,,substitution,3pt made,,,,101141|1626192|1627741|1628368|1628978|202339|202357|202709|203145|2594,1627741|1628368|202357|202709|203145,101141|1626192|1628978|202339|2594,,,1610612758.0,21900797,True
3,PT02M09.00S,02:09,Q3 02:09,14.15,508,3pt,Connaughton 28' 3PT Jump Shot (7 PTS) (Korver 1 AST),[],Connaughton,86,88,Made,True,True,1626192.0,2594.0,substitution,3pt missed,,,,101141|1626192|1627741|1628368|1628978|202339|202357|202709|203145|2594,101141|1626192|1628978|202339|2594,1627741|1628368|202357|202709|203145,-138.0,238.0,1610612749.0,21900797,True
3,PT01M39.00S,01:39,Q3 01:39,13.65,510,3pt,MISS Fox 28' 3PT Jump Shot,[],Fox,86,88,Missed,True,False,1628368.0,,3pt made,rebound,,,,101141|1626192|1627741|1628368|1628978|202339|202357|202709|203145|2594,1627741|1628368|202357|202709|203145,101141|1626192|1628978|202339|2594,-172.0,216.0,1610612758.0,21900797,True
3,PT01M35.00S,01:35,Q3 01:35,13.583333333333334,511,rebound,Bjelica REBOUND (Off:3 Def:2),[],Bjelica,86,88,,False,False,202357.0,,3pt missed,2pt missed,,,,101141|1626192|1627741|1628368|1628978|202339|202357|202709|203145|2594,1627741|1628368|202357|202709|203145,101141|1626192|1628978|202339|2594,,,1610612758.0,21900797,True
3,PT01M34.00S,01:34,Q3 01:34,13.566666666666666,512,2pt,MISS Bjelica 3' Tip Layup Shot,['pointsinthepaint'],Bjelica,86,88,Missed,True,False,202357.0,,rebound,rebound,,,,101141|1626192|1627741|1628368|1628978|202339|202357|202709|203145|2594,1627741|1628368|202357|202709|203145,101141|1626192|1628978|202339|2594,13.0,22.0,1610612758.0,21900797,True
3,PT01M34.00S,01:34,Q3 01:34,13.566666666666666,513,rebound,DiVincenzo REBOUND (Off:0 Def:2),[],DiVincenzo,86,88,,False,False,1628978.0,,2pt missed,2pt missed,,,,101141|1626192|1627741|1628368|1628978|202339|202357|202709|203145|2594,101141|1626192|1628978|202339|2594,1627741|1628368|202357|202709|203145,,,1610612749.0,21900797,True
3,PT01M13.00S,01:13,Q3 01:13,13.216666666666667,515,2pt,MISS Ilyasova 4' Layup,['pointsinthepaint'],Ilyasova,86,88,Missed,True,False,101141.0,,rebound,block,,,,101141|1626192|1627741|1628368|1628978|202339|202357|202709|203145|2594,101141|1626192|1628978|202339|2594,1627741|1628368|202357|202709|203145,15.0,36.0,1610612749.0,21900797,True
3,PT01M13.00S,01:13,Q3 01:13,13.216666666666667,515,block,Fox BLOCK (1 BLK),[],Fox,86,88,,False,False,1628368.0,,2pt missed,rebound,,,1628368.0,101141|1626192|1627741|1628368|1628978|202339|202357|202709|203145|2594,1627741|1628368|202357|202709|203145,101141|1626192|1628978|202339|2594,,,1610612758.0,21900797,True
3,PT01M09.00S,01:09,Q3 01:09,13.15,517,rebound,Bazemore REBOUND (Off:0 Def:3),[],Bazemore,86,88,,False,False,203145.0,,block,3pt missed,,,,101141|1626192|1627741|1628368|1628978|202339|202357|202709|203145|2594,1627741|1628368|202357|202709|203145,101141|1626192|1628978|202339|2594,,,1610612758.0,21900797,True
3,PT00M50.40S,00:50,Q3 00:50,12.84,518,3pt,MISS Joseph 24' 3PT Jump Shot,[],Joseph,86,88,Missed,True,False,202709.0,,rebound,rebound,,,,101141|1626192|1627741|1628368|1628978|202339|202357|202709|203145|2594,1627741|1628368|202357|202709|203145,101141|1626192|1628978|202339|2594,-236.0,17.0,1610612758.0,21900797,True
3,PT00M47.40S,00:47,Q3 00:47,12.79,519,rebound,Ilyasova REBOUND (Off:1 Def:6),[],Ilyasova,86,88,,False,False,101141.0,,3pt missed,3pt missed,,,,101141|1626192|1627741|1628368|1628978|202339|202357|202709|203145|2594,101141|1626192|1628978|202339|2594,1627741|1628368|202357|202709|203145,,,1610612749.0,21900797,True
3,PT00M38.70S,00:38,Q3 00:38,12.645,520,3pt,MISS Connaughton 27' 3PT Jump Shot,[],Connaughton,86,88,Missed,True,False,1626192.0,,rebound,rebound,,,,101141|1626192|1627741|1628368|1628978|202339|202357|202709|203145|2594,101141|1626192|1628978|202339|2594,1627741|1628368|202357|202709|203145,-214.0,158.0,1610612749.0,21900797,True
3,PT00M36.10S,00:36,Q3 00:36,12.601666666666667,521,rebound,Bazemore REBOUND (Off:0 Def:4),[],Bazemore,86,88,,False,False,203145.0,,3pt missed,2pt made,,,,101141|1626192|1627741|1628368|1628978|202339|202357|202709|203145|2594,1627741|1628368|202357|202709|203145,101141|1626192|1628978|202339|2594,,,1610612758.0,21900797,True
3,PT00M25.70S,00:25,Q3 00:25,12.428333333333333,522,2pt,Bazemore 1' Driving Layup (5 PTS) (Bjelica 2 AST),['pointsinthepaint'],Bazemore,86,90,Made,True,True,203145.0,202357.0,rebound,2pt made,,,,101141|1626192|1627741|1628368|1628978|202339|202357|202709|203145|2594,1627741|1628368|202357|202709|203145,101141|1626192|1628978|202339|2594,6.0,9.0,1610612758.0,21900797,True
3,PT00M06.70S,00:06,Q3 00:06,12.111666666666666,524,2pt,Bledsoe 1' Driving Layup (18 PTS),['pointsinthepaint'],Bledsoe,88,90,Made,True,False,202339.0,,2pt made,2pt missed,,,,101141|1626192|1627741|1628368|1628978|202339|202357|202709|203145|2594,101141|1626192|1628978|202339|2594,1627741|1628368|202357|202709|203145,0.0,12.0,1610612749.0,21900797,True
3,PT00M00.00S,00:00,Q3 00:00,12.0,525,2pt,MISS Fox 2' Driving Layup,['pointsinthepaint'],Fox,88,90,Missed,True,False,1628368.0,,2pt made,rebound,,,,101141|1626192|1627741|1628368|1628978|202339|202357|202709|203145|2594,1627741|1628368|202357|202709|203145,101141|1626192|1628978|202339|2594,1.0,24.0,1610612758.0,21900797,True
3,PT00M00.00S,00:00,Q3 00:00,12.0,526,rebound,Bledsoe REBOUND (Off:0 Def:5),[],Bledsoe,88,90,,False,False,202339.0,,2pt missed,period,,,,101141|1626192|1627741|1628368|1628978|202339|202357|202709|203145|2594,101141|1626192|1628978|202339|2594,1627741|1628368|202357|202709|203145,,,1610612749.0,21900797,True
3,PT00M00.00S,00:00,Q3 00:00,12.0,527,period,End of 3rd Period (9:48 PM EST),[],,88,90,,False,False,0.0,,rebound,period,,,,101141|1626192|1627741|1628368|1628978|202339|202357|202709|203145|2594,101141|1626192|1628978|202339|2594,1627741|1628368|202357|202709|203145,,,1610612749.0,21900797,True
4,PT12M00.00S,12:00,Q4 12:00,12.0,534,period,Start of 4th Period (9:51 PM EST),[],,88,90,,False,False,0.0,,period,substitution,,,,101141|1626192|1627741|1628368|1628978|202339|202357|202709|203145|2594,101141|1626192|1628978|202339|2594,1627741|1628368|202357|202709|203145,,,1610612749.0,21900797,True
4,PT11M48.00S,11:48,Q4 11:48,11.8,535,3pt,MISS Korver 27' 3PT Jump Shot,[],Korver,88,90,Missed,True,False,2594.0,,substitution,rebound,,,,101141|1626192|1627741|1627812|202083|202339|202709|203084|203145|2594,101141|1626192|202083|202339|2594,1627741|1627812|202709|203084|203145,103.0,246.0,1610612749.0,21900797,True
4,PT11M46.00S,11:46,Q4 11:46,11.766666666666667,536,rebound,Connaughton REBOUND (Off:3 Def:3),[],Connaughton,88,90,,False,False,1626192.0,,3pt missed,2pt made,,,,101141|1626192|1627741|1627812|202083|202339|202709|203084|203145|2594,101141|1626192|202083|202339|2594,1627741|1627812|202709|203084|203145,,,1610612749.0,21900797,True
4,PT11M45.00S,11:45,Q4 11:45,11.75,537,2pt,Ilyasova 1' Layup (4 PTS) (Connaughton 1 AST),['pointsinthepaint'],Ilyasova,90,90,Made,True,True,101141.0,1626192.0,rebound,2pt missed,,,,101141|1626192|1627741|1627812|202083|202339|202709|203084|203145|2594,101141|1626192|202083|202339|2594,1627741|1627812|202709|203084|203145,4.0,6.0,1610612749.0,21900797,True
4,PT11M28.00S,11:28,Q4 11:28,11.466666666666667,539,2pt,MISS Bazemore 4' Driving Layup,['pointsinthepaint'],Bazemore,90,90,Missed,True,False,203145.0,,2pt made,rebound,,,,101141|1626192|1627741|1627812|202083|202339|202709|203084|203145|2594,1627741|1627812|202709|203084|203145,101141|1626192|202083|202339|2594,-19.0,34.0,1610612758.0,21900797,True
4,PT11M26.00S,11:26,Q4 11:26,11.433333333333334,540,rebound,Connaughton REBOUND (Off:3 Def:4),[],Connaughton,90,90,,False,False,1626192.0,,2pt missed,foul,,,,101141|1626192|1627741|1627812|202083|202339|202709|203084|203145|2594,101141|1626192|202083|202339|2594,1627741|1627812|202709|203084|203145,,,1610612749.0,21900797,True
4,PT11M22.00S,11:22,Q4 11:22,11.366666666666667,541,foul,Barnes S.FOUL (P4.T1) (B.Kennedy),[],Barnes,90,90,,False,False,203084.0,,rebound,freethrow,202339.0,,,101141|1626192|1627741|1627812|202083|202339|202709|203084|203145|2594,1627741|1627812|202709|203084|203145,101141|1626192|202083|202339|2594,,,1610612758.0,21900797,True
4,PT11M22.00S,11:22,Q4 11:22,11.366666666666667,543,freethrow,Bledsoe Free Throw 1 of 2 (19 PTS),[],Bledsoe,91,90,Made,False,False,202339.0,,foul,freethrow,,,,101141|1626192|1627741|1627812|202083|202339|202709|203084|203145|2594,101141|1626192|202083|202339|2594,1627741|1627812|202709|203084|203145,,,1610612749.0,21900797,True
4,PT11M22.00S,11:22,Q4 11:22,11.366666666666667,544,freethrow,Bledsoe Free Throw 2 of 2 (20 PTS),[],Bledsoe,92,90,Made,False,False,202339.0,,freethrow,3pt missed,,,,101141|1626192|1627741|1627812|202083|202339|202709|203084|203145|2594,101141|1626192|202083|202339|2594,1627741|1627812|202709|203084|203145,,,1610612749.0,21900797,True
4,PT11M11.00S,11:11,Q4 11:11,11.183333333333334,545,3pt,MISS Barnes 27' 3PT Jump Shot,[],Barnes,92,90,Missed,True,False,203084.0,,freethrow,rebound,,,,101141|1626192|1627741|1627812|202083|202339|202709|203084|203145|2594,1627741|1627812|202709|203084|203145,101141|1626192|202083|202339|2594,-42.0,263.0,1610612758.0,21900797,True
4,PT11M07.00S,11:07,Q4 11:07,11.116666666666667,546,rebound,Korver REBOUND (Off:0 Def:1),[],Korver,92,90,,False,False,2594.0,,3pt missed,3pt made,,,,101141|1626192|1627741|1627812|202083|202339|202709|203084|203145|2594,101141|1626192|202083|202339|2594,1627741|1627812|202709|203084|203145,,,1610612749.0,21900797,True
4,PT10M55.00S,10:55,Q4 10:55,10.916666666666666,547,3pt,Matthews 3PT Jump Shot (8 PTS) (Connaughton 2 AST),[],Matthews,95,90,Made,True,True,202083.0,1626192.0,rebound,3pt missed,,,,101141|1626192|1627741|1627812|202083|202339|202709|203084|203145|2594,101141|1626192|202083|202339|2594,1627741|1627812|202709|203084|203145,232.0,6.0,1610612749.0,21900797,True
4,PT10M39.00S,10:39,Q4 10:39,10.65,549,3pt,MISS Hield 27' 3PT Pullup Jump Shot,[],Hield,95,90,Missed,True,False,1627741.0,,3pt made,rebound,,,,101141|1626192|1627741|1627812|202083|202339|202709|203084|203145|2594,1627741|1627812|202709|203084|203145,101141|1626192|202083|202339|2594,14.0,272.0,1610612758.0,21900797,True
4,PT10M34.00S,10:34,Q4 10:34,10.566666666666666,550,rebound,Ilyasova REBOUND (Off:1 Def:7),[],Ilyasova,95,90,,False,False,101141.0,,3pt missed,3pt made,,,,101141|1626192|1627741|1627812|202083|202339|202709|203084|203145|2594,101141|1626192|202083|202339|2594,1627741|1627812|202709|203084|203145,,,1610612749.0,21900797,True
4,PT10M28.00S,10:28,Q4 10:28,10.466666666666667,551,3pt,Bledsoe 27' 3PT Jump Shot (23 PTS),[],Bledsoe,98,90,Made,True,False,202339.0,,rebound,timeout,,,,101141|1626192|1627741|1627812|202083|202339|202709|203084|203145|2594,101141|1626192|202083|202339|2594,1627741|1627812|202709|203084|203145,-147.0,226.0,1610612749.0,21900797,True
4,PT10M28.00S,10:28,Q4 10:28,10.466666666666667,552,timeout,Kings Timeout: Regular (Reg.4 Short 0),[],,98,90,,False,False,0.0,,3pt made,substitution,,,,101141|1626192|1627741|1627812|202083|202339|202709|203084|203145|2594,1627741|1627812|202709|203084|203145,101141|1626192|202083|202339|2594,,,1610612758.0,21900797,True
4,PT10M28.00S,10:28,Q4 10:28,10.466666666666667,553,substitution,SUB out: B. Hield,[],Hield,98,90,,False,False,1627741.0,,timeout,substitution,,,,101141|1626192|1627812|202083|202339|202709|203084|203145|2594,1627812|202709|203084|203145,101141|1626192|202083|202339|2594,,,1610612758.0,21900797,False
4,PT10M28.00S,10:28,Q4 10:28,10.466666666666667,554,substitution,SUB out: K. Bazemore,[],Bazemore,98,90,,False,False,203145.0,,substitution,substitution,,,,101141|1626192|1627812|202083|202339|202709|203084|2594,1627812|202709|203084,101141|1626192|202083|202339|2594,,,1610612758.0,21900797,False
4,PT10M28.00S,10:28,Q4 10:28,10.466666666666667,555,substitution,SUB out: E. Ilyasova,[],Ilyasova,98,90,,False,False,101141.0,,substitution,substitution,,,,1626192|1627812|202083|202339|202709|203084|2594,1626192|202083|202339|2594,1627812|202709|203084,,,1610612749.0,21900797,False
4,PT10M28.00S,10:28,Q4 10:28,10.466666666666667,556,substitution,SUB in: H. Giles III,[],Giles III,98,90,,False,False,1628385.0,,substitution,substitution,,,,1626192|1627812|1628385|202083|202339|202709|203084|2594,1627812|1628385|202709|203084,1626192|202083|202339|2594,,,1610612758.0,21900797,False
4,PT10M28.00S,10:28,Q4 10:28,10.466666666666667,557,substitution,SUB in: B. Bogdanovic,[],Bogdanovic,98,90,,False,False,203992.0,,substitution,substitution,,,,1626192|1627812|1628385|202083|202339|202709|203084|203992|2594,1627812|1628385|202709|203084|203992,1626192|202083|202339|2594,,,1610612758.0,21900797,False
4,PT10M28.00S,10:28,Q4 10:28,10.466666666666667,558,substitution,SUB in: B. Lopez,[],Lopez,98,90,,False,False,201572.0,,substitution,2pt missed,,,,1626192|1627812|1628385|201572|202083|202339|202709|203084|203992|2594,1626192|201572|202083|202339|2594,1627812|1628385|202709|203084|203992,,,1610612749.0,21900797,True
4,PT10M15.00S,10:15,Q4 10:15,10.25,559,2pt,MISS Bogdanovic 13' Pullup Jump Shot,[],Bogdanovic,98,90,Missed,True,False,203992.0,,substitution,rebound,,,,1626192|1627812|1628385|201572|202083|202339|202709|203084|203992|2594,1627812|1628385|202709|203084|203992,1626192|201572|202083|202339|2594,127.0,-4.0,1610612758.0,21900797,True
4,PT10M12.00S,10:12,Q4 10:12,10.2,560,rebound,Connaughton REBOUND (Off:3 Def:5),[],Connaughton,98,90,,False,False,1626192.0,,2pt missed,3pt missed,,,,1626192|1627812|1628385|201572|202083|202339|202709|203084|203992|2594,1626192|201572|202083|202339|2594,1627812|1628385|202709|203084|203992,,,1610612749.0,21900797,True
4,PT10M05.00S,10:05,Q4 10:05,10.083333333333334,561,3pt,MISS Korver 27' 3PT Jump Shot,[],Korver,98,90,Missed,True,False,2594.0,,rebound,rebound,,,,1626192|1627812|1628385|201572|202083|202339|202709|203084|203992|2594,1626192|201572|202083|202339|2594,1627812|1628385|202709|203084|203992,184.0,193.0,1610612749.0,21900797,True
4,PT10M03.00S,10:03,Q4 10:03,10.05,562,rebound,Giles III REBOUND (Off:0 Def:6),[],Giles III,98,90,,False,False,1628385.0,,3pt missed,2pt missed,,,,1626192|1627812|1628385|201572|202083|202339|202709|203084|203992|2594,1627812|1628385|202709|203084|203992,1626192|201572|202083|202339|2594,,,1610612758.0,21900797,True
4,PT09M55.00S,09:55,Q4 09:55,9.916666666666666,563,2pt,MISS Giles III 8' Floating Jump Shot,['pointsinthepaint'],Giles III,98,90,Missed,True,False,1628385.0,,rebound,rebound,,,,1626192|1627812|1628385|201572|202083|202339|202709|203084|203992|2594,1627812|1628385|202709|203084|203992,1626192|201572|202083|202339|2594,8.0,80.0,1610612758.0,21900797,True
4,PT09M52.00S,09:52,Q4 09:52,9.866666666666667,564,rebound,Bledsoe REBOUND (Off:0 Def:6),[],Bledsoe,98,90,,False,False,202339.0,,2pt missed,3pt made,,,,1626192|1627812|1628385|201572|202083|202339|202709|203084|203992|2594,1626192|201572|202083|202339|2594,1627812|1628385|202709|203084|203992,,,1610612749.0,21900797,True
4,PT09M45.00S,09:45,Q4 09:45,9.75,565,3pt,Bledsoe 25' 3PT Pullup Jump Shot (26 PTS),[],Bledsoe,101,90,Made,True,False,202339.0,,rebound,2pt made,,,,1626192|1627812|1628385|201572|202083|202339|202709|203084|203992|2594,1626192|201572|202083|202339|2594,1627812|1628385|202709|203084|203992,90.0,236.0,1610612749.0,21900797,True
4,PT09M30.00S,09:30,Q4 09:30,9.5,566,2pt,Bogdanovic 12' Driving Floating Jump Shot (8 PTS),['pointsinthepaint'],Bogdanovic,101,92,Made,True,False,203992.0,,3pt made,turnover,,,,1626192|1627812|1628385|201572|202083|202339|202709|203084|203992|2594,1627812|1628385|202709|203084|203992,1626192|201572|202083|202339|2594,43.0,109.0,1610612758.0,21900797,True
4,PT09M16.00S,09:16,Q4 09:16,9.266666666666667,568,turnover,Bledsoe Bad Pass Turnover (P2.T11),[],Bledsoe,101,92,,False,False,202339.0,,2pt made,steal,,,,1626192|1627812|1628385|201572|202083|202339|202709|203084|203992|2594,1626192|201572|202083|202339|2594,1627812|1628385|202709|203084|203992,,,1610612749.0,21900797,True
4,PT09M16.00S,09:16,Q4 09:16,9.266666666666667,568,steal,Joseph STEAL (1 STL),[],Joseph,101,92,,False,False,202709.0,,turnover,2pt missed,,202709.0,,1626192|1627812|1628385|201572|202083|202339|202709|203084|203992|2594,1627812|1628385|202709|203084|203992,1626192|201572|202083|202339|2594,,,1610612758.0,21900797,True
4,PT09M05.00S,09:05,Q4 09:05,9.083333333333334,570,2pt,MISS Joseph 9' Driving Floating Jump Shot,['pointsinthepaint'],Joseph,101,92,Missed,True,False,202709.0,,steal,rebound,,,,1626192|1627812|1628385|201572|202083|202339|202709|203084|203992|2594,1627812|1628385|202709|203084|203992,1626192|201572|202083|202339|2594,39.0,85.0,1610612758.0,21900797,True
4,PT09M03.00S,09:03,Q4 09:03,9.05,571,rebound,Joseph REBOUND (Off:1 Def:4),[],Joseph,101,92,,False,False,202709.0,,2pt missed,3pt missed,,,,1626192|1627812|1628385|201572|202083|202339|202709|203084|203992|2594,1627812|1628385|202709|203084|203992,1626192|201572|202083|202339|2594,,,1610612758.0,21900797,True
4,PT09M00.00S,09:00,Q4 09:00,9.0,572,3pt,MISS Bogdanovic 27' 3PT Jump Shot,[],Bogdanovic,101,92,Missed,True,False,203992.0,,rebound,rebound,,,,1626192|1627812|1628385|201572|202083|202339|202709|203084|203992|2594,1627812|1628385|202709|203084|203992,1626192|201572|202083|202339|2594,-130.0,234.0,1610612758.0,21900797,True
4,PT09M00.00S,09:00,Q4 09:00,9.0,573,rebound,Korver REBOUND (Off:0 Def:2),[],Korver,101,92,,False,False,2594.0,,3pt missed,3pt missed,,,,1626192|1627812|1628385|201572|202083|202339|202709|203084|203992|2594,1626192|201572|202083|202339|2594,1627812|1628385|202709|203084|203992,,,1610612749.0,21900797,True
4,PT08M43.00S,08:43,Q4 08:43,8.716666666666667,574,3pt,MISS Matthews 3PT Jump Shot,[],Matthews,101,92,Missed,True,False,202083.0,,rebound,rebound,,,,1626192|1627812|1628385|201572|202083|202339|202709|203084|203992|2594,1626192|201572|202083|202339|2594,1627812|1628385|202709|203084|203992,230.0,0.0,1610612749.0,21900797,True
4,PT08M40.00S,08:40,Q4 08:40,8.666666666666666,575,rebound,Giles III REBOUND (Off:0 Def:7),[],Giles III,101,92,,False,False,1628385.0,,3pt missed,2pt missed,,,,1626192|1627812|1628385|201572|202083|202339|202709|203084|203992|2594,1627812|1628385|202709|203084|203992,1626192|201572|202083|202339|2594,,,1610612758.0,21900797,True
4,PT08M28.00S,08:28,Q4 08:28,8.466666666666667,576,2pt,MISS Ferrell 13' Pullup Jump Shot,['pointsinthepaint'],Ferrell,101,92,Missed,True,False,1627812.0,,rebound,rebound,,,,1626192|1627812|1628385|201572|202083|202339|202709|203084|203992|2594,1627812|1628385|202709|203084|203992,1626192|201572|202083|202339|2594,-55.0,120.0,1610612758.0,21900797,True
4,PT08M25.00S,08:25,Q4 08:25,8.416666666666666,577,rebound,Connaughton REBOUND (Off:3 Def:6),[],Connaughton,101,92,,False,False,1626192.0,,2pt missed,3pt missed,,,,1626192|1627812|1628385|201572|202083|202339|202709|203084|203992|2594,1626192|201572|202083|202339|2594,1627812|1628385|202709|203084|203992,,,1610612749.0,21900797,True
4,PT08M17.00S,08:17,Q4 08:17,8.283333333333333,578,3pt,MISS B. Lopez 26' 3PT Jump Shot,[],Lopez,101,92,Missed,True,False,201572.0,,rebound,rebound,,,,1626192|1627812|1628385|201572|202083|202339|202709|203084|203992|2594,1626192|201572|202083|202339|2594,1627812|1628385|202709|203084|203992,140.0,222.0,1610612749.0,21900797,True
4,PT08M15.00S,08:15,Q4 08:15,8.25,579,rebound,Joseph REBOUND (Off:1 Def:5),[],Joseph,101,92,,False,False,202709.0,,3pt missed,3pt missed,,,,1626192|1627812|1628385|201572|202083|202339|202709|203084|203992|2594,1627812|1628385|202709|203084|203992,1626192|201572|202083|202339|2594,,,1610612758.0,21900797,True
4,PT08M08.00S,08:08,Q4 08:08,8.133333333333333,580,3pt,MISS Ferrell 24' 3PT Jump Shot,[],Ferrell,101,92,Missed,True,False,1627812.0,,rebound,rebound,,,,1626192|1627812|1628385|201572|202083|202339|202709|203084|203992|2594,1627812|1628385|202709|203084|203992,1626192|201572|202083|202339|2594,236.0,22.0,1610612758.0,21900797,True
4,PT08M05.00S,08:05,Q4 08:05,8.083333333333334,581,rebound,Korver REBOUND (Off:0 Def:3),[],Korver,101,92,,False,False,2594.0,,3pt missed,2pt missed,,,,1626192|1627812|1628385|201572|202083|202339|202709|203084|203992|2594,1626192|201572|202083|202339|2594,1627812|1628385|202709|203084|203992,,,1610612749.0,21900797,True
4,PT07M57.00S,07:57,Q4 07:57,7.95,582,2pt,MISS Bledsoe 12' Driving Floating Jump Shot,['pointsinthepaint'],Bledsoe,101,92,Missed,True,False,202339.0,,rebound,rebound,,,,1626192|1627812|1628385|201572|202083|202339|202709|203084|203992|2594,1626192|201572|202083|202339|2594,1627812|1628385|202709|203084|203992,-24.0,122.0,1610612749.0,21900797,True
4,PT07M54.00S,07:54,Q4 07:54,7.9,583,rebound,Bogdanovic REBOUND (Off:0 Def:3),[],Bogdanovic,101,92,,False,False,203992.0,,2pt missed,turnover,,,,1626192|1627812|1628385|201572|202083|202339|202709|203084|203992|2594,1627812|1628385|202709|203084|203992,1626192|201572|202083|202339|2594,,,1610612758.0,21900797,True
4,PT07M46.00S,07:46,Q4 07:46,7.766666666666667,584,turnover,Bogdanovic Bad Pass Turnover (P1.T9),[],Bogdanovic,101,92,,False,False,203992.0,,rebound,steal,,,,1626192|1627812|1628385|201572|202083|202339|202709|203084|203992|2594,1627812|1628385|202709|203084|203992,1626192|201572|202083|202339|2594,,,1610612758.0,21900797,True
4,PT07M46.00S,07:46,Q4 07:46,7.766666666666667,584,steal,Bledsoe STEAL (1 STL),[],Bledsoe,101,92,,False,False,202339.0,,turnover,foul,,202339.0,,1626192|1627812|1628385|201572|202083|202339|202709|203084|203992|2594,1626192|201572|202083|202339|2594,1627812|1628385|202709|203084|203992,,,1610612749.0,21900797,True
4,PT07M40.00S,07:40,Q4 07:40,7.666666666666667,586,foul,Giles III P.FOUL (P5.T2) (L.Richardson),[],Giles III,101,92,,False,False,1628385.0,,steal,substitution,,,,1626192|1627812|1628385|201572|202083|202339|202709|203084|203992|2594,1627812|1628385|202709|203084|203992,1626192|201572|202083|202339|2594,,,1610612758.0,21900797,True
4,PT07M40.00S,07:40,Q4 07:40,7.666666666666667,588,substitution,SUB out: E. Bledsoe,[],Bledsoe,101,92,,False,False,202339.0,,foul,substitution,,,,1626192|1627812|1628385|201572|202083|202709|203084|203992|2594,1626192|201572|202083|2594,1627812|1628385|202709|203084|203992,,,1610612749.0,21900797,False
4,PT07M40.00S,07:40,Q4 07:40,7.666666666666667,589,substitution,SUB out: K. Korver,[],Korver,101,92,,False,False,2594.0,,substitution,substitution,,,,1626192|1627812|1628385|201572|202083|202709|203084|203992,1626192|201572|202083,1627812|1628385|202709|203084|203992,,,1610612749.0,21900797,False
4,PT07M40.00S,07:40,Q4 07:40,7.666666666666667,590,substitution,SUB out: Y. Ferrell,[],Ferrell,101,92,,False,False,1627812.0,,substitution,substitution,,,,1626192|1628385|201572|202083|202709|203084|203992,1628385|202709|203084|203992,1626192|201572|202083,,,1610612758.0,21900797,False
4,PT07M40.00S,07:40,Q4 07:40,7.666666666666667,591,substitution,SUB out: H. Giles III,[],Giles III,101,92,,False,False,1628385.0,,substitution,substitution,,,,1626192|201572|202083|202709|203084|203992,202709|203084|203992,1626192|201572|202083,,,1610612758.0,21900797,False
4,PT07M40.00S,07:40,Q4 07:40,7.666666666666667,592,substitution,SUB out: H. Barnes,[],Barnes,101,92,,False,False,203084.0,,substitution,substitution,,,,1626192|201572|202083|202709|203992,202709|203992,1626192|201572|202083,,,1610612758.0,21900797,False
4,PT07M40.00S,07:40,Q4 07:40,7.666666666666667,593,substitution,SUB in: D. DiVincenzo,[],DiVincenzo,101,92,,False,False,1628978.0,,substitution,substitution,,,,1626192|1628978|201572|202083|202709|203992,1626192|1628978|201572|202083,202709|203992,,,1610612749.0,21900797,False
4,PT07M40.00S,07:40,Q4 07:40,7.666666666666667,594,substitution,SUB in: K. Middleton,[],Middleton,101,92,,False,False,203114.0,,substitution,substitution,,,,1626192|1628978|201572|202083|202709|203114|203992,1626192|1628978|201572|202083|203114,202709|203992,,,1610612749.0,21900797,False
4,PT07M40.00S,07:40,Q4 07:40,7.666666666666667,595,substitution,SUB in: N. Bjelica,[],Bjelica,101,92,,False,False,202357.0,,substitution,substitution,,,,1626192|1628978|201572|202083|202357|202709|203114|203992,202357|202709|203992,1626192|1628978|201572|202083|203114,,,1610612758.0,21900797,False
4,PT07M40.00S,07:40,Q4 07:40,7.666666666666667,596,substitution,SUB in: B. Hield,[],Hield,101,92,,False,False,1627741.0,,substitution,substitution,,,,1626192|1627741|1628978|201572|202083|202357|202709|203114|203992,1627741|202357|202709|203992,1626192|1628978|201572|202083|203114,,,1610612758.0,21900797,False
4,PT07M40.00S,07:40,Q4 07:40,7.666666666666667,597,substitution,SUB in: D. Fox,[],Fox,101,92,,False,False,1628368.0,,substitution,2pt made,,,,1626192|1627741|1628368|1628978|201572|202083|202357|202709|203114|203992,1627741|1628368|202357|202709|203992,1626192|1628978|201572|202083|203114,,,1610612758.0,21900797,True
4,PT07M27.00S,07:27,Q4 07:27,7.45,598,2pt,B. Lopez 8' Turnaround Hook Shot (20 PTS) (Middleton 6 AST),['pointsinthepaint'],Lopez,103,92,Made,True,True,201572.0,203114.0,substitution,2pt missed,,,,1626192|1627741|1628368|1628978|201572|202083|202357|202709|203114|203992,1626192|1628978|201572|202083|203114,1627741|1628368|202357|202709|203992,24.0,74.0,1610612749.0,21900797,True
4,PT07M04.00S,07:04,Q4 07:04,7.066666666666666,600,2pt,MISS Hield 2' Cutting Layup Shot,['pointsinthepaint'],Hield,103,92,Missed,True,False,1627741.0,,2pt made,rebound,,,,1626192|1627741|1628368|1628978|201572|202083|202357|202709|203114|203992,1627741|1628368|202357|202709|203992,1626192|1628978|201572|202083|203114,-2.0,19.0,1610612758.0,21900797,True
4,PT07M01.00S,07:01,Q4 07:01,7.016666666666667,601,rebound,Hield REBOUND (Off:4 Def:3),[],Hield,103,92,,False,False,1627741.0,,2pt missed,3pt made,,,,1626192|1627741|1628368|1628978|201572|202083|202357|202709|203114|203992,1627741|1628368|202357|202709|203992,1626192|1628978|201572|202083|203114,,,1610612758.0,21900797,True
4,PT06M52.00S,06:52,Q4 06:52,6.866666666666667,602,3pt,Bogdanovic 25' 3PT Jump Shot (11 PTS) (Fox 9 AST),[],Bogdanovic,103,95,Made,True,True,203992.0,1628368.0,rebound,turnover,,,,1626192|1627741|1628368|1628978|201572|202083|202357|202709|203114|203992,1627741|1628368|202357|202709|203992,1626192|1628978|201572|202083|203114,-140.0,211.0,1610612758.0,21900797,True
4,PT06M29.00S,06:29,Q4 06:29,6.483333333333333,604,turnover,B. Lopez Bad Pass Turnover (P3.T12),[],Lopez,103,95,,False,False,201572.0,,3pt made,steal,,,,1626192|1627741|1628368|1628978|201572|202083|202357|202709|203114|203992,1626192|1628978|201572|202083|203114,1627741|1628368|202357|202709|203992,,,1610612749.0,21900797,True
4,PT06M29.00S,06:29,Q4 06:29,6.483333333333333,604,steal,Joseph STEAL (2 STL),[],Joseph,103,95,,False,False,202709.0,,turnover,3pt missed,,202709.0,,1626192|1627741|1628368|1628978|201572|202083|202357|202709|203114|203992,1627741|1628368|202357|202709|203992,1626192|1628978|201572|202083|203114,,,1610612758.0,21900797,True
4,PT06M19.00S,06:19,Q4 06:19,6.316666666666666,606,3pt,MISS Bjelica 31' 3PT Jump Shot,[],Bjelica,103,95,Missed,True,False,202357.0,,steal,rebound,,,,1626192|1627741|1628368|1628978|201572|202083|202357|202709|203114|203992,1627741|1628368|202357|202709|203992,1626192|1628978|201572|202083|203114,33.0,304.0,1610612758.0,21900797,True
4,PT06M15.00S,06:15,Q4 06:15,6.25,607,rebound,Middleton REBOUND (Off:2 Def:6),[],Middleton,103,95,,False,False,203114.0,,3pt missed,2pt missed,,,,1626192|1627741|1628368|1628978|201572|202083|202357|202709|203114|203992,1626192|1628978|201572|202083|203114,1627741|1628368|202357|202709|203992,,,1610612749.0,21900797,True
4,PT06M08.00S,06:08,Q4 06:08,6.133333333333334,608,2pt,MISS Middleton 1' Driving Layup,['pointsinthepaint'],Middleton,103,95,Missed,True,False,203114.0,,rebound,block,,,,1626192|1627741|1628368|1628978|201572|202083|202357|202709|203114|203992,1626192|1628978|201572|202083|203114,1627741|1628368|202357|202709|203992,4.0,11.0,1610612749.0,21900797,True
4,PT06M08.00S,06:08,Q4 06:08,6.133333333333334,608,block,Bjelica BLOCK (1 BLK),[],Bjelica,103,95,,False,False,202357.0,,2pt missed,rebound,,,202357.0,1626192|1627741|1628368|1628978|201572|202083|202357|202709|203114|203992,1627741|1628368|202357|202709|203992,1626192|1628978|201572|202083|203114,,,1610612758.0,21900797,True
4,PT06M08.00S,06:08,Q4 06:08,6.133333333333334,610,rebound,TEAM offensive REBOUND,['team'],,103,95,,False,False,0.0,,block,substitution,,,,1626192|1627741|1628368|1628978|201572|202083|202357|202709|203114|203992,1626192|1628978|201572|202083|203114,1627741|1628368|202357|202709|203992,,,1610612749.0,21900797,True
4,PT06M08.00S,06:08,Q4 06:08,6.133333333333334,612,substitution,SUB out: P. Connaughton,[],Connaughton,103,95,,False,False,1626192.0,,rebound,substitution,,,,1627741|1628368|1628978|201572|202083|202357|202709|203114|203992,1628978|201572|202083|203114,1627741|1628368|202357|202709|203992,,,1610612749.0,21900797,False
4,PT06M08.00S,06:08,Q4 06:08,6.133333333333334,613,substitution,SUB in: S. Brown,[],Brown,103,95,,False,False,1628425.0,,substitution,2pt missed,,,,1627741|1628368|1628425|1628978|201572|202083|202357|202709|203114|203992,1628425|1628978|201572|202083|203114,1627741|1628368|202357|202709|203992,,,1610612749.0,21900797,True
4,PT06M03.00S,06:03,Q4 06:03,6.05,614,2pt,MISS Middleton 15' Jump Shot,[],Middleton,103,95,Missed,True,False,203114.0,,substitution,rebound,,,,1627741|1628368|1628425|1628978|201572|202083|202357|202709|203114|203992,1628425|1628978|201572|202083|203114,1627741|1628368|202357|202709|203992,152.0,-10.0,1610612749.0,21900797,True
4,PT06M00.00S,06:00,Q4 06:00,6.0,615,rebound,Bogdanovic REBOUND (Off:0 Def:4),[],Bogdanovic,103,95,,False,False,203992.0,,2pt missed,foul,,,,1627741|1628368|1628425|1628978|201572|202083|202357|202709|203114|203992,1627741|1628368|202357|202709|203992,1628425|1628978|201572|202083|203114,,,1610612758.0,21900797,True
4,PT05M58.00S,05:58,Q4 05:58,5.966666666666667,616,foul,Matthews S.FOUL (P1.T1) (L.Richardson),[],Matthews,103,95,,False,False,202083.0,,rebound,freethrow,203992.0,,,1627741|1628368|1628425|1628978|201572|202083|202357|202709|203114|203992,1628425|1628978|201572|202083|203114,1627741|1628368|202357|202709|203992,,,1610612749.0,21900797,True
4,PT05M58.00S,05:58,Q4 05:58,5.966666666666667,618,freethrow,Bogdanovic Free Throw 1 of 2 (12 PTS),[],Bogdanovic,103,96,Made,False,False,203992.0,,foul,freethrow,,,,1627741|1628368|1628425|1628978|201572|202083|202357|202709|203114|203992,1627741|1628368|202357|202709|203992,1628425|1628978|201572|202083|203114,,,1610612758.0,21900797,True
4,PT05M58.00S,05:58,Q4 05:58,5.966666666666667,619,freethrow,Bogdanovic Free Throw 2 of 2 (13 PTS),[],Bogdanovic,103,97,Made,False,False,203992.0,,freethrow,3pt missed,,,,1627741|1628368|1628425|1628978|201572|202083|202357|202709|203114|203992,1627741|1628368|202357|202709|203992,1628425|1628978|201572|202083|203114,,,1610612758.0,21900797,True
4,PT05M47.00S,05:47,Q4 05:47,5.783333333333333,620,3pt,MISS Matthews 26' 3PT Jump Shot,[],Matthews,103,97,Missed,True,False,202083.0,,freethrow,rebound,,,,1627741|1628368|1628425|1628978|201572|202083|202357|202709|203114|203992,1628425|1628978|201572|202083|203114,1627741|1628368|202357|202709|203992,-71.0,251.0,1610612749.0,21900797,True
4,PT05M44.00S,05:44,Q4 05:44,5.733333333333333,621,rebound,Bjelica REBOUND (Off:3 Def:3),[],Bjelica,103,97,,False,False,202357.0,,3pt missed,turnover,,,,1627741|1628368|1628425|1628978|201572|202083|202357|202709|203114|203992,1627741|1628368|202357|202709|203992,1628425|1628978|201572|202083|203114,,,1610612758.0,21900797,True
4,PT05M35.00S,05:35,Q4 05:35,5.583333333333333,622,turnover,Hield Lost Ball Turnover (P2.T10),[],Hield,103,97,,False,False,1627741.0,,rebound,steal,,,,1627741|1628368|1628425|1628978|201572|202083|202357|202709|203114|203992,1627741|1628368|202357|202709|203992,1628425|1628978|201572|202083|203114,,,1610612758.0,21900797,True
4,PT05M35.00S,05:35,Q4 05:35,5.583333333333333,622,steal,Middleton STEAL (1 STL),[],Middleton,103,97,,False,False,203114.0,,turnover,2pt made,,203114.0,,1627741|1628368|1628425|1628978|201572|202083|202357|202709|203114|203992,1628425|1628978|201572|202083|203114,1627741|1628368|202357|202709|203992,,,1610612749.0,21900797,True
4,PT05M30.00S,05:30,Q4 05:30,5.5,624,2pt,Middleton 2' Running Dunk (22 PTS) (Brown 2 AST),['pointsinthepaint'],Middleton,105,97,Made,True,True,203114.0,1628425.0,steal,2pt missed,,,,1627741|1628368|1628425|1628978|201572|202083|202357|202709|203114|203992,1628425|1628978|201572|202083|203114,1627741|1628368|202357|202709|203992,0.0,18.0,1610612749.0,21900797,True
4,PT05M08.00S,05:08,Q4 05:08,5.133333333333334,626,2pt,MISS Fox 3' Dunk,['pointsinthepaint'],Fox,105,97,Missed,True,False,1628368.0,,2pt made,block,,,,1627741|1628368|1628425|1628978|201572|202083|202357|202709|203114|203992,1627741|1628368|202357|202709|203992,1628425|1628978|201572|202083|203114,6.0,32.0,1610612758.0,21900797,True
4,PT05M08.00S,05:08,Q4 05:08,5.133333333333334,626,block,B. Lopez BLOCK (3 BLK),[],Lopez,105,97,,False,False,201572.0,,2pt missed,rebound,,,201572.0,1627741|1628368|1628425|1628978|201572|202083|202357|202709|203114|203992,1628425|1628978|201572|202083|203114,1627741|1628368|202357|202709|203992,,,1610612749.0,21900797,True
4,PT05M04.00S,05:04,Q4 05:04,5.066666666666666,628,rebound,Middleton REBOUND (Off:2 Def:7),[],Middleton,105,97,,False,False,203114.0,,block,2pt made,,,,1627741|1628368|1628425|1628978|201572|202083|202357|202709|203114|203992,1628425|1628978|201572|202083|203114,1627741|1628368|202357|202709|203992,,,1610612749.0,21900797,True
4,PT05M03.00S,05:03,Q4 05:03,5.05,629,2pt,Middleton 15' Turnaround Jump Shot (24 PTS),['pointsinthepaint'],Middleton,107,97,Made,True,False,203114.0,,rebound,foul,,,,1627741|1628368|1628425|1628978|201572|202083|202357|202709|203114|203992,1628425|1628978|201572|202083|203114,1627741|1628368|202357|202709|203992,-74.0,132.0,1610612749.0,21900797,True
4,PT05M03.00S,05:03,Q4 05:03,5.05,630,foul,Bogdanovic S.FOUL (P2.T3) (L.Richardson),[],Bogdanovic,107,97,,False,False,203992.0,,2pt made,freethrow,203114.0,,,1627741|1628368|1628425|1628978|201572|202083|202357|202709|203114|203992,1627741|1628368|202357|202709|203992,1628425|1628978|201572|202083|203114,,,1610612758.0,21900797,True
4,PT05M03.00S,05:03,Q4 05:03,5.05,636,freethrow,Middleton Free Throw 1 of 1 (25 PTS),[],Middleton,108,97,Made,False,False,203114.0,,foul,substitution,,,,1627741|1628368|1628425|1628978|201572|202083|202357|202709|203114|203992,1628425|1628978|201572|202083|203114,1627741|1628368|202357|202709|203992,,,1610612749.0,21900797,True
4,PT05M03.00S,05:03,Q4 05:03,5.05,632,substitution,SUB out: B. Lopez,[],Lopez,107,97,,False,False,201572.0,,freethrow,substitution,,,,1627741|1628368|1628425|1628978|202083|202357|202709|203114|203992,1628425|1628978|202083|203114,1627741|1628368|202357|202709|203992,,,1610612749.0,21900797,False
4,PT05M03.00S,05:03,Q4 05:03,5.05,633,substitution,SUB out: C. Joseph,[],Joseph,107,97,,False,False,202709.0,,substitution,substitution,,,,1627741|1628368|1628425|1628978|202083|202357|203114|203992,1627741|1628368|202357|203992,1628425|1628978|202083|203114,,,1610612758.0,21900797,False
4,PT05M03.00S,05:03,Q4 05:03,5.05,634,substitution,SUB in: E. Ilyasova,[],Ilyasova,107,97,,False,False,101141.0,,substitution,substitution,,,,101141|1627741|1628368|1628425|1628978|202083|202357|203114|203992,101141|1628425|1628978|202083|203114,1627741|1628368|202357|203992,,,1610612749.0,21900797,False
4,PT05M03.00S,05:03,Q4 05:03,5.05,635,substitution,SUB in: H. Barnes,[],Barnes,107,97,,False,False,203084.0,,substitution,3pt made,,,,101141|1627741|1628368|1628425|1628978|202083|202357|203084|203114|203992,1627741|1628368|202357|203084|203992,101141|1628425|1628978|202083|203114,,,1610612758.0,21900797,True
4,PT04M47.00S,04:47,Q4 04:47,4.783333333333333,637,3pt,Bjelica 30' 3PT Jump Shot (13 PTS) (Fox 10 AST),[],Bjelica,108,100,Made,True,True,202357.0,1628368.0,substitution,3pt missed,,,,101141|1627741|1628368|1628425|1628978|202083|202357|203084|203114|203992,1627741|1628368|202357|203084|203992,101141|1628425|1628978|202083|203114,-81.0,287.0,1610612758.0,21900797,True
4,PT04M32.00S,04:32,Q4 04:32,4.533333333333333,639,3pt,MISS Middleton 28' 3PT Jump Shot,[],Middleton,108,100,Missed,True,False,203114.0,,3pt made,rebound,,,,101141|1627741|1628368|1628425|1628978|202083|202357|203084|203114|203992,101141|1628425|1628978|202083|203114,1627741|1628368|202357|203084|203992,-130.0,246.0,1610612749.0,21900797,True
4,PT04M29.00S,04:29,Q4 04:29,4.483333333333333,640,rebound,DiVincenzo REBOUND (Off:1 Def:2),[],DiVincenzo,108,100,,False,False,1628978.0,,3pt missed,3pt missed,,,,101141|1627741|1628368|1628425|1628978|202083|202357|203084|203114|203992,101141|1628425|1628978|202083|203114,1627741|1628368|202357|203084|203992,,,1610612749.0,21900797,True
4,PT04M25.00S,04:25,Q4 04:25,4.416666666666667,641,3pt,MISS Ilyasova 3PT Jump Shot,[],Ilyasova,108,100,Missed,True,False,101141.0,,rebound,rebound,,,,101141|1627741|1628368|1628425|1628978|202083|202357|203084|203114|203992,101141|1628425|1628978|202083|203114,1627741|1628368|202357|203084|203992,231.0,-21.0,1610612749.0,21900797,True
4,PT04M23.00S,04:23,Q4 04:23,4.383333333333334,642,rebound,Bogdanovic REBOUND (Off:0 Def:5),[],Bogdanovic,108,100,,False,False,203992.0,,3pt missed,foul,,,,101141|1627741|1628368|1628425|1628978|202083|202357|203084|203114|203992,1627741|1628368|202357|203084|203992,101141|1628425|1628978|202083|203114,,,1610612758.0,21900797,True
4,PT04M23.00S,04:23,Q4 04:23,4.383333333333334,643,foul,Matthews P.FOUL (P2.T2) (R.Mott),[],Matthews,108,100,,False,False,202083.0,,rebound,substitution,1628368.0,,,101141|1627741|1628368|1628425|1628978|202083|202357|203084|203114|203992,101141|1628425|1628978|202083|203114,1627741|1628368|202357|203084|203992,,,1610612749.0,21900797,True
4,PT04M23.00S,04:23,Q4 04:23,4.383333333333334,645,substitution,SUB out: W. Matthews,[],Matthews,108,100,,False,False,202083.0,,foul,substitution,,,,101141|1627741|1628368|1628425|1628978|202357|203084|203114|203992,101141|1628425|1628978|203114,1627741|1628368|202357|203084|203992,,,1610612749.0,21900797,False
4,PT04M23.00S,04:23,Q4 04:23,4.383333333333334,646,substitution,SUB in: E. Bledsoe,[],Bledsoe,108,100,,False,False,202339.0,,substitution,2pt missed,,,,101141|1627741|1628368|1628425|1628978|202339|202357|203084|203114|203992,101141|1628425|1628978|202339|203114,1627741|1628368|202357|203084|203992,,,1610612749.0,21900797,True
4,PT04M17.00S,04:17,Q4 04:17,4.283333333333333,647,2pt,MISS Fox 6' Driving Layup,['pointsinthepaint'],Fox,108,100,Missed,True,False,1628368.0,,substitution,block,,,,101141|1627741|1628368|1628425|1628978|202339|202357|203084|203114|203992,1627741|1628368|202357|203084|203992,101141|1628425|1628978|202339|203114,18.0,53.0,1610612758.0,21900797,True
4,PT04M17.00S,04:17,Q4 04:17,4.283333333333333,647,block,Brown BLOCK (1 BLK),[],Brown,108,100,,False,False,1628425.0,,2pt missed,rebound,,,1628425.0,101141|1627741|1628368|1628425|1628978|202339|202357|203084|203114|203992,101141|1628425|1628978|202339|203114,1627741|1628368|202357|203084|203992,,,1610612749.0,21900797,True
4,PT04M13.00S,04:13,Q4 04:13,4.216666666666667,649,rebound,DiVincenzo REBOUND (Off:1 Def:3),[],DiVincenzo,108,100,,False,False,1628978.0,,block,3pt missed,,,,101141|1627741|1628368|1628425|1628978|202339|202357|203084|203114|203992,101141|1628425|1628978|202339|203114,1627741|1628368|202357|203084|203992,,,1610612749.0,21900797,True
4,PT04M11.00S,04:11,Q4 04:11,4.183333333333334,650,3pt,MISS DiVincenzo 26' 3PT Pullup Jump Shot,[],DiVincenzo,108,100,Missed,True,False,1628978.0,,rebound,rebound,,,,101141|1627741|1628368|1628425|1628978|202339|202357|203084|203114|203992,101141|1628425|1628978|202339|203114,1627741|1628368|202357|203084|203992,60.0,258.0,1610612749.0,21900797,True
4,PT04M08.00S,04:08,Q4 04:08,4.133333333333334,651,rebound,TEAM offensive REBOUND,['team'],,108,100,,False,False,0.0,,3pt missed,2pt missed,,,,101141|1627741|1628368|1628425|1628978|202339|202357|203084|203114|203992,101141|1628425|1628978|202339|203114,1627741|1628368|202357|203084|203992,,,1610612749.0,21900797,True
4,PT03M58.00S,03:58,Q4 03:58,3.966666666666667,653,2pt,MISS Middleton 2' Driving Reverse Layup,"['2ndchance', 'pointsinthepaint']",Middleton,108,100,Missed,True,False,203114.0,,rebound,rebound,,,,101141|1627741|1628368|1628425|1628978|202339|202357|203084|203114|203992,101141|1628425|1628978|202339|203114,1627741|1628368|202357|203084|203992,9.0,18.0,1610612749.0,21900797,True
4,PT03M56.00S,03:56,Q4 03:56,3.9333333333333336,654,rebound,Bjelica REBOUND (Off:3 Def:4),[],Bjelica,108,100,,False,False,202357.0,,2pt missed,turnover,,,,101141|1627741|1628368|1628425|1628978|202339|202357|203084|203114|203992,1627741|1628368|202357|203084|203992,101141|1628425|1628978|202339|203114,,,1610612758.0,21900797,True
4,PT03M49.00S,03:49,Q4 03:49,3.8166666666666664,655,turnover,Barnes Lost Ball Turnover (P2.T11),[],Barnes,108,100,,False,False,203084.0,,rebound,steal,,,,101141|1627741|1628368|1628425|1628978|202339|202357|203084|203114|203992,1627741|1628368|202357|203084|203992,101141|1628425|1628978|202339|203114,,,1610612758.0,21900797,True
4,PT03M49.00S,03:49,Q4 03:49,3.8166666666666664,655,steal,DiVincenzo STEAL (2 STL),[],DiVincenzo,108,100,,False,False,1628978.0,,turnover,3pt made,,1628978.0,,101141|1627741|1628368|1628425|1628978|202339|202357|203084|203114|203992,101141|1628425|1628978|202339|203114,1627741|1628368|202357|203084|203992,,,1610612749.0,21900797,True
4,PT03M35.00S,03:35,Q4 03:35,3.5833333333333335,657,3pt,DiVincenzo 26' 3PT Jump Shot (8 PTS) (Middleton 7 AST),[],DiVincenzo,111,100,Made,True,True,1628978.0,203114.0,steal,timeout,,,,101141|1627741|1628368|1628425|1628978|202339|202357|203084|203114|203992,101141|1628425|1628978|202339|203114,1627741|1628368|202357|203084|203992,152.0,217.0,1610612749.0,21900797,True
4,PT03M34.00S,03:34,Q4 03:34,3.5666666666666664,659,timeout,Kings Timeout: Regular (Reg.5 Short 0),[],,111,100,,False,False,0.0,,3pt made,foul,,,,101141|1627741|1628368|1628425|1628978|202339|202357|203084|203114|203992,1627741|1628368|202357|203084|203992,101141|1628425|1628978|202339|203114,,,1610612758.0,21900797,True
4,PT03M25.00S,03:25,Q4 03:25,3.4166666666666665,660,foul,Brown P.FOUL (P3.T3) (L.Richardson),[],Brown,111,100,,False,False,1628425.0,,timeout,turnover,203992.0,,,101141|1627741|1628368|1628425|1628978|202339|202357|203084|203114|203992,101141|1628425|1628978|202339|203114,1627741|1628368|202357|203084|203992,,,1610612749.0,21900797,True
4,PT03M19.00S,03:19,Q4 03:19,3.3166666666666664,662,turnover,Bogdanovic Bad Pass Turnover (P2.T12),[],Bogdanovic,111,100,,False,False,203992.0,,foul,steal,,,,101141|1627741|1628368|1628425|1628978|202339|202357|203084|203114|203992,1627741|1628368|202357|203084|203992,101141|1628425|1628978|202339|203114,,,1610612758.0,21900797,True
4,PT03M19.00S,03:19,Q4 03:19,3.3166666666666664,662,steal,Ilyasova STEAL (1 STL),[],Ilyasova,111,100,,False,False,101141.0,,turnover,2pt missed,,101141.0,,101141|1627741|1628368|1628425|1628978|202339|202357|203084|203114|203992,101141|1628425|1628978|202339|203114,1627741|1628368|202357|203084|203992,,,1610612749.0,21900797,True
4,PT03M17.00S,03:17,Q4 03:17,3.283333333333333,664,2pt,MISS DiVincenzo 1' Running Layup,['pointsinthepaint'],DiVincenzo,111,100,Missed,True,False,1628978.0,,steal,rebound,,,,101141|1627741|1628368|1628425|1628978|202339|202357|203084|203114|203992,101141|1628425|1628978|202339|203114,1627741|1628368|202357|203084|203992,3.0,6.0,1610612749.0,21900797,True
4,PT03M15.00S,03:15,Q4 03:15,3.25,665,rebound,Bjelica REBOUND (Off:3 Def:5),[],Bjelica,111,100,,False,False,202357.0,,2pt missed,turnover,,,,101141|1627741|1628368|1628425|1628978|202339|202357|203084|203114|203992,1627741|1628368|202357|203084|203992,101141|1628425|1628978|202339|203114,,,1610612758.0,21900797,True
4,PT03M13.00S,03:13,Q4 03:13,3.216666666666667,666,turnover,Bjelica Bad Pass Turnover (P1.T13),[],Bjelica,111,100,,False,False,202357.0,,rebound,steal,,,,101141|1627741|1628368|1628425|1628978|202339|202357|203084|203114|203992,1627741|1628368|202357|203084|203992,101141|1628425|1628978|202339|203114,,,1610612758.0,21900797,True
4,PT03M13.00S,03:13,Q4 03:13,3.216666666666667,666,steal,Brown STEAL (2 STL),[],Brown,111,100,,False,False,1628425.0,,turnover,turnover,,1628425.0,,101141|1627741|1628368|1628425|1628978|202339|202357|203084|203114|203992,101141|1628425|1628978|202339|203114,1627741|1628368|202357|203084|203992,,,1610612749.0,21900797,True
4,PT03M12.00S,03:12,Q4 03:12,3.2,668,turnover,Brown Backcourt Turnover (P1.T13),[],Brown,111,100,,False,False,1628425.0,,steal,3pt made,,,,101141|1627741|1628368|1628425|1628978|202339|202357|203084|203114|203992,101141|1628425|1628978|202339|203114,1627741|1628368|202357|203084|203992,,,1610612749.0,21900797,True
4,PT03M02.00S,03:02,Q4 03:02,3.033333333333333,669,3pt,Hield 26' 3PT Jump Shot (15 PTS) (Fox 11 AST),[],Hield,111,103,Made,True,True,1627741.0,1628368.0,turnover,timeout,,,,101141|1627741|1628368|1628425|1628978|202339|202357|203084|203114|203992,1627741|1628368|202357|203084|203992,101141|1628425|1628978|202339|203114,-179.0,187.0,1610612758.0,21900797,True
4,PT03M01.00S,03:01,Q4 03:01,3.0166666666666666,671,timeout,BUCKS Timeout: Regular (Full 5 Short 0),[],,111,103,,False,False,0.0,,3pt made,substitution,,,,101141|1627741|1628368|1628425|1628978|202339|202357|203084|203114|203992,101141|1628425|1628978|202339|203114,1627741|1628368|202357|203084|203992,,,1610612749.0,21900797,True
4,PT03M01.00S,03:01,Q4 03:01,3.0166666666666666,672,substitution,SUB out: S. Brown,[],Brown,111,103,,False,False,1628425.0,,timeout,substitution,,,,101141|1627741|1628368|1628978|202339|202357|203084|203114|203992,101141|1628978|202339|203114,1627741|1628368|202357|203084|203992,,,1610612749.0,21900797,False
4,PT03M01.00S,03:01,Q4 03:01,3.0166666666666666,673,substitution,SUB in: W. Matthews,[],Matthews,111,103,,False,False,202083.0,,substitution,3pt made,,,,101141|1627741|1628368|1628978|202083|202339|202357|203084|203114|203992,101141|1628978|202083|202339|203114,1627741|1628368|202357|203084|203992,,,1610612749.0,21900797,True
4,PT02M47.00S,02:47,Q4 02:47,2.783333333333333,674,3pt,Middleton 24' 3PT Jump Shot (28 PTS) (Bledsoe 8 AST),[],Middleton,114,103,Made,True,True,203114.0,202339.0,substitution,3pt missed,,,,101141|1627741|1628368|1628978|202083|202339|202357|203084|203114|203992,101141|1628978|202083|202339|203114,1627741|1628368|202357|203084|203992,236.0,-8.0,1610612749.0,21900797,True
4,PT02M28.00S,02:28,Q4 02:28,2.466666666666667,676,3pt,MISS Hield 25' 3PT Jump Shot,[],Hield,114,103,Missed,True,False,1627741.0,,3pt made,rebound,,,,101141|1627741|1628368|1628978|202083|202339|202357|203084|203114|203992,1627741|1628368|202357|203084|203992,101141|1628978|202083|202339|203114,248.0,35.0,1610612758.0,21900797,True
4,PT02M25.00S,02:25,Q4 02:25,2.4166666666666665,677,rebound,Middleton REBOUND (Off:2 Def:8),[],Middleton,114,103,,False,False,203114.0,,3pt missed,foul,,,,101141|1627741|1628368|1628978|202083|202339|202357|203084|203114|203992,101141|1628978|202083|202339|203114,1627741|1628368|202357|203084|203992,,,1610612749.0,21900797,True
4,PT02M16.00S,02:16,Q4 02:16,2.2666666666666666,678,foul,Bogdanovic S.FOUL (P3.T4) (R.Mott),[],Bogdanovic,114,103,,False,False,203992.0,,rebound,freethrow,202083.0,,,101141|1627741|1628368|1628978|202083|202339|202357|203084|203114|203992,1627741|1628368|202357|203084|203992,101141|1628978|202083|202339|203114,,,1610612758.0,21900797,True
4,PT02M16.00S,02:16,Q4 02:16,2.2666666666666666,680,freethrow,Matthews Free Throw 1 of 2 (9 PTS),[],Matthews,115,103,Made,False,False,202083.0,,foul,freethrow,,,,101141|1627741|1628368|1628978|202083|202339|202357|203084|203114|203992,101141|1628978|202083|202339|203114,1627741|1628368|202357|203084|203992,,,1610612749.0,21900797,True
4,PT02M16.00S,02:16,Q4 02:16,2.2666666666666666,681,freethrow,Matthews Free Throw 2 of 2 (10 PTS),[],Matthews,116,103,Made,False,False,202083.0,,freethrow,3pt missed,,,,101141|1627741|1628368|1628978|202083|202339|202357|203084|203114|203992,101141|1628978|202083|202339|203114,1627741|1628368|202357|203084|203992,,,1610612749.0,21900797,True
4,PT02M06.00S,02:06,Q4 02:06,2.1,682,3pt,MISS Barnes 24' 3PT Jump Shot,[],Barnes,116,103,Missed,True,False,203084.0,,freethrow,rebound,,,,101141|1627741|1628368|1628978|202083|202339|202357|203084|203114|203992,1627741|1628368|202357|203084|203992,101141|1628978|202083|202339|203114,237.0,41.0,1610612758.0,21900797,True
4,PT02M03.00S,02:03,Q4 02:03,2.05,683,rebound,Bledsoe REBOUND (Off:0 Def:7),[],Bledsoe,116,103,,False,False,202339.0,,3pt missed,2pt missed,,,,101141|1627741|1628368|1628978|202083|202339|202357|203084|203114|203992,101141|1628978|202083|202339|203114,1627741|1628368|202357|203084|203992,,,1610612749.0,21900797,True
4,PT02M00.00S,02:00,Q4 02:00,2.0,684,2pt,MISS Bledsoe 2' Layup,['pointsinthepaint'],Bledsoe,116,103,Missed,True,False,202339.0,,rebound,rebound,,,,101141|1627741|1628368|1628978|202083|202339|202357|203084|203114|203992,101141|1628978|202083|202339|203114,1627741|1628368|202357|203084|203992,9.0,15.0,1610612749.0,21900797,True
4,PT01M57.00S,01:57,Q4 01:57,1.95,685,rebound,Barnes REBOUND (Off:2 Def:1),[],Barnes,116,103,,False,False,203084.0,,2pt missed,2pt made,,,,101141|1627741|1628368|1628978|202083|202339|202357|203084|203114|203992,1627741|1628368|202357|203084|203992,101141|1628978|202083|202339|203114,,,1610612758.0,21900797,True
4,PT01M57.00S,01:57,Q4 01:57,1.95,686,2pt,Fox 2' Running Layup (17 PTS),['pointsinthepaint'],Fox,116,105,Made,True,False,1628368.0,,rebound,foul,,,,101141|1627741|1628368|1628978|202083|202339|202357|203084|203114|203992,1627741|1628368|202357|203084|203992,101141|1628978|202083|202339|203114,-5.0,19.0,1610612758.0,21900797,True
4,PT01M57.00S,01:57,Q4 01:57,1.95,687,foul,Matthews S.FOUL (P3.T4) (R.Mott),[],Matthews,116,105,,False,False,202083.0,,2pt made,freethrow,1628368.0,,,101141|1627741|1628368|1628978|202083|202339|202357|203084|203114|203992,101141|1628978|202083|202339|203114,1627741|1628368|202357|203084|203992,,,1610612749.0,21900797,True
4,PT01M57.00S,01:57,Q4 01:57,1.95,689,freethrow,MISS Fox Free Throw 1 of 1,[],Fox,116,105,Missed,False,False,1628368.0,,foul,rebound,,,,101141|1627741|1628368|1628978|202083|202339|202357|203084|203114|203992,1627741|1628368|202357|203084|203992,101141|1628978|202083|202339|203114,,,1610612758.0,21900797,True
4,PT01M46.00S,01:46,Q4 01:46,1.7666666666666666,690,rebound,Middleton REBOUND (Off:2 Def:9),[],Middleton,116,105,,False,False,203114.0,,freethrow,2pt missed,,,,101141|1627741|1628368|1628978|202083|202339|202357|203084|203114|203992,101141|1628978|202083|202339|203114,1627741|1628368|202357|203084|203992,,,1610612749.0,21900797,True
4,PT01M33.00S,01:33,Q4 01:33,1.55,691,2pt,MISS Middleton 21' Turnaround Jump Shot,[],Middleton,116,105,Missed,True,False,203114.0,,rebound,rebound,,,,101141|1627741|1628368|1628978|202083|202339|202357|203084|203114|203992,101141|1628978|202083|202339|203114,1627741|1628368|202357|203084|203992,-95.0,183.0,1610612749.0,21900797,True
4,PT01M28.00S,01:28,Q4 01:28,1.4666666666666668,692,rebound,Fox REBOUND (Off:0 Def:8),[],Fox,116,105,,False,False,1628368.0,,2pt missed,3pt made,,,,101141|1627741|1628368|1628978|202083|202339|202357|203084|203114|203992,1627741|1628368|202357|203084|203992,101141|1628978|202083|202339|203114,,,1610612758.0,21900797,True
4,PT01M25.00S,01:25,Q4 01:25,1.4166666666666667,693,3pt,Bogdanovic 27' 3PT Jump Shot (16 PTS) (Hield 1 AST),[],Bogdanovic,116,108,Made,True,True,203992.0,1627741.0,rebound,foul,,,,101141|1627741|1628368|1628978|202083|202339|202357|203084|203114|203992,1627741|1628368|202357|203084|203992,101141|1628978|202083|202339|203114,226.0,147.0,1610612758.0,21900797,True
4,PT01M10.00S,01:10,Q4 01:10,1.1666666666666667,695,foul,Bjelica P.FOUL (P3.PN) (B.Kennedy),['inpenalty'],Bjelica,116,108,,False,False,202357.0,,3pt made,timeout,202339.0,,,101141|1627741|1628368|1628978|202083|202339|202357|203084|203114|203992,1627741|1628368|202357|203084|203992,101141|1628978|202083|202339|203114,,,1610612758.0,21900797,True
4,PT01M10.00S,01:10,Q4 01:10,1.1666666666666667,697,timeout,Kings Timeout: Regular (Reg.6 Short 0),[],,116,108,,False,False,0.0,,foul,instant replay,,,,101141|1627741|1628368|1628978|202083|202339|202357|203084|203114|203992,1627741|1628368|202357|203084|203992,101141|1628978|202083|202339|203114,,,1610612758.0,21900797,True
4,PT01M10.00S,01:10,Q4 01:10,1.1666666666666667,699,freethrow,Bledsoe Free Throw 1 of 2 (27 PTS),[],Bledsoe,117,108,Made,False,False,202339.0,,instant replay,freethrow,,,,101141|1627741|1628368|1628978|202083|202339|202357|203084|203114|203992,101141|1628978|202083|202339|203114,1627741|1628368|202357|203084|203992,,,1610612749.0,21900797,True
4,PT01M10.00S,01:10,Q4 01:10,1.1666666666666667,700,freethrow,Bledsoe Free Throw 2 of 2 (28 PTS),[],Bledsoe,118,108,Made,False,False,202339.0,,freethrow,2pt missed,,,,101141|1627741|1628368|1628978|202083|202339|202357|203084|203114|203992,101141|1628978|202083|202339|203114,1627741|1628368|202357|203084|203992,,,1610612749.0,21900797,True
4,PT00M58.90S,00:58,Q4 00:58,0.9816666666666667,701,2pt,MISS Fox 6' Layup,['pointsinthepaint'],Fox,118,108,Missed,True,False,1628368.0,,freethrow,rebound,,,,101141|1627741|1628368|1628978|202083|202339|202357|203084|203114|203992,1627741|1628368|202357|203084|203992,101141|1628978|202083|202339|203114,16.0,55.0,1610612758.0,21900797,True
4,PT00M56.40S,00:56,Q4 00:56,0.94,702,rebound,Bledsoe REBOUND (Off:0 Def:8),[],Bledsoe,118,108,,False,False,202339.0,,2pt missed,3pt made,,,,101141|1627741|1628368|1628978|202083|202339|202357|203084|203114|203992,101141|1628978|202083|202339|203114,1627741|1628368|202357|203084|203992,,,1610612749.0,21900797,True
4,PT00M52.90S,00:52,Q4 00:52,0.8816666666666666,703,3pt,Ilyasova 28' 3PT Jump Shot (7 PTS) (Middleton 8 AST),[],Ilyasova,121,108,Made,True,True,101141.0,203114.0,rebound,2pt made,,,,101141|1627741|1628368|1628978|202083|202339|202357|203084|203114|203992,101141|1628978|202083|202339|203114,1627741|1628368|202357|203084|203992,-196.0,196.0,1610612749.0,21900797,True
4,PT00M38.70S,00:38,Q4 00:38,0.645,705,2pt,Bjelica 6' Driving Floating Jump Shot (15 PTS),['pointsinthepaint'],Bjelica,121,110,Made,True,False,202357.0,,3pt made,foul,,,,101141|1627741|1628368|1628978|202083|202339|202357|203084|203114|203992,1627741|1628368|202357|203084|203992,101141|1628978|202083|202339|203114,-31.0,56.0,1610612758.0,21900797,True
4,PT00M38.70S,00:38,Q4 00:38,0.645,706,foul,Middleton S.FOUL (P1.PN) (B.Kennedy),['inpenalty'],Middleton,121,110,,False,False,203114.0,,2pt made,freethrow,202357.0,,,101141|1627741|1628368|1628978|202083|202339|202357|203084|203114|203992,101141|1628978|202083|202339|203114,1627741|1628368|202357|203084|203992,,,1610612749.0,21900797,True
4,PT00M38.70S,00:38,Q4 00:38,0.645,712,freethrow,Bjelica Free Throw 1 of 1 (16 PTS),[],Bjelica,121,111,Made,False,False,202357.0,,foul,substitution,,,,101141|1627741|1628368|1628978|202083|202339|202357|203084|203114|203992,1627741|1628368|202357|203084|203992,101141|1628978|202083|202339|203114,,,1610612758.0,21900797,True
4,PT00M38.70S,00:38,Q4 00:38,0.645,708,substitution,SUB out: E. Bledsoe,[],Bledsoe,121,110,,False,False,202339.0,,freethrow,substitution,,,,101141|1627741|1628368|1628978|202083|202357|203084|203114|203992,101141|1628978|202083|203114,1627741|1628368|202357|203084|203992,,,1610612749.0,21900797,False
4,PT00M38.70S,00:38,Q4 00:38,0.645,709,substitution,SUB out: K. Middleton,[],Middleton,121,110,,False,False,203114.0,,substitution,substitution,,,,101141|1627741|1628368|1628978|202083|202357|203084|203992,101141|1628978|202083,1627741|1628368|202357|203084|203992,,,1610612749.0,21900797,False
4,PT00M38.70S,00:38,Q4 00:38,0.645,710,substitution,SUB in: S. Brown,[],Brown,121,110,,False,False,1628425.0,,substitution,substitution,,,,101141|1627741|1628368|1628425|1628978|202083|202357|203084|203992,101141|1628425|1628978|202083,1627741|1628368|202357|203084|203992,,,1610612749.0,21900797,False
4,PT00M38.70S,00:38,Q4 00:38,0.645,711,substitution,SUB in: P. Connaughton,[],Connaughton,121,110,,False,False,1626192.0,,substitution,foul,,,,101141|1626192|1627741|1628368|1628425|1628978|202083|202357|203084|203992,101141|1626192|1628425|1628978|202083,1627741|1628368|202357|203084|203992,,,1610612749.0,21900797,True
4,PT00M22.60S,00:22,Q4 00:22,0.3766666666666667,713,foul,Bjelica Personal Take Foul (P4.PN) (L.Richardson),['inpenalty'],Bjelica,121,111,,False,False,202357.0,,substitution,freethrow,1628978.0,,,101141|1626192|1627741|1628368|1628425|1628978|202083|202357|203084|203992,1627741|1628368|202357|203084|203992,101141|1626192|1628425|1628978|202083,,,1610612758.0,21900797,True
4,PT00M22.60S,00:22,Q4 00:22,0.3766666666666667,715,freethrow,DiVincenzo Free Throw 1 of 2 (9 PTS),[],DiVincenzo,122,111,Made,False,False,1628978.0,,foul,freethrow,,,,101141|1626192|1627741|1628368|1628425|1628978|202083|202357|203084|203992,101141|1626192|1628425|1628978|202083,1627741|1628368|202357|203084|203992,,,1610612749.0,21900797,True
4,PT00M22.60S,00:22,Q4 00:22,0.3766666666666667,718,freethrow,DiVincenzo Free Throw 2 of 2 (10 PTS),[],DiVincenzo,123,111,Made,False,False,1628978.0,,freethrow,substitution,,,,101141|1626192|1627741|1628368|1628425|1628978|202083|202357|203084|203992,101141|1626192|1628425|1628978|202083,1627741|1628368|202357|203084|203992,,,1610612749.0,21900797,True
4,PT00M22.60S,00:22,Q4 00:22,0.3766666666666667,716,substitution,SUB out: W. Matthews,[],Matthews,122,111,,False,False,202083.0,,freethrow,substitution,,,,101141|1626192|1627741|1628368|1628425|1628978|202357|203084|203992,101141|1626192|1628425|1628978,1627741|1628368|202357|203084|203992,,,1610612749.0,21900797,False
4,PT00M22.60S,00:22,Q4 00:22,0.3766666666666667,717,substitution,SUB in: K. Korver,[],Korver,122,111,,False,False,2594.0,,substitution,2pt missed,,,,101141|1626192|1627741|1628368|1628425|1628978|202357|203084|203992|2594,101141|1626192|1628425|1628978|2594,1627741|1628368|202357|203084|203992,,,1610612749.0,21900797,True
4,PT00M15.00S,00:15,Q4 00:15,0.25,719,2pt,MISS Bjelica 3' Cutting Finger Roll Layup Shot,['pointsinthepaint'],Bjelica,123,111,Missed,True,False,202357.0,,substitution,rebound,,,,101141|1626192|1627741|1628368|1628425|1628978|202357|203084|203992|2594,1627741|1628368|202357|203084|203992,101141|1626192|1628425|1628978|2594,-5.0,27.0,1610612758.0,21900797,True
4,PT00M12.40S,00:12,Q4 00:12,0.20666666666666667,720,rebound,Brown REBOUND (Off:0 Def:6),[],Brown,123,111,,False,False,1628425.0,,2pt missed,period,,,,101141|1626192|1627741|1628368|1628425|1628978|202357|203084|203992|2594,101141|1626192|1628425|1628978|2594,1627741|1628368|202357|203084|203992,,,1610612749.0,21900797,True
4,PT00M00.00S,00:00,Q4 00:00,0.0,721,period,End of 4th Period (10:22 PM EST),[],,123,111,,False,False,0.0,,rebound,,,,,101141|1626192|1627741|1628368|1628425|1628978|202357|203084|203992|2594,101141|1626192|1628425|1628978|2594,1627741|1628368|202357|203084|203992,,,1610612749.0,21900797,True
