period,clock,clock_display,game_clock,minutes_left_in_game,actionNumber,actionType,description,qualifier,playerName,scoreHome,scoreAway,shotResult,isFieldGoal,assisted,person_id,assister_id,previous_action,next_action,foulDrawnPersonId,stealPersonId,blockPersonId,players_on,off_players_on,def_players_on,xLegacy,yLegacy,teamId,game_id,poc_ok
1,PT12M00.00S,12:00,Q1 12:00,48.0,2,period,Start of 1st Period (8:11 PM EST),[],,0,0,,False,False,0.0,,,turnover,,,,1626179|1627853|1628436|1628970|1628984|1629023|201152|203107|203469|203897,1627853|1628436|201152|203107|203897,1626179|1628970|1628984|1629023|203469,,,1610612741.0,21900823,True
1,PT11M38.00S,11:38,Q1 11:38,47.63333333333333,7,turnover,Washington Lost Ball Turnover (P1.T1),[],Washington,0,0,,False,False,1629023.0,,period,steal,,,,1626179|1627853|1628436|1628970|1628984|1629023|201152|203107|203469|203897,1626179|1628970|1628984|1629023|203469,1627853|1628436|201152|203107|203897,,,1610612766.0,21900823,True
1,PT11M38.00S,11:38,Q1 11:38,47.63333333333333,7,steal,Kornet STEAL (1 STL),[],Kornet,0,0,,False,False,1628436.0,,turnover,2pt missed,,1628436.0,,1626179|1627853|1628436|1628970|1628984|1629023|201152|203107|203469|203897,1627853|1628436|201152|203107|203897,1626179|1628970|1628984|1629023|203469,,,1610612741.0,21900823,True
1,PT11M25.00S,11:25,Q1 11:25,47.416666666666664,9,2pt,MISS Young 1' Reverse Layup,['pointsinthepaint'],Young,0,0,Missed,True,False,201152.0,,steal,rebound,,,,1626179|1627853|1628436|1628970|1628984|1629023|201152|203107|203469|203897,1627853|1628436|201152|203107|203897,1626179|1628970|1628984|1629023|203469,-6.0,3.0,1610612741.0,21900823,True
1,PT11M22.00S,11:22,Q1 11:22,47.36666666666667,10,rebound,Zeller REBOUND (Off:0 Def:1),[],Zeller,0,0,,False,False,203469.0,,2pt missed,3pt made,,,,1626179|1627853|1628436|1628970|1628984|1629023|201152|203107|203469|203897,1626179|1628970|1628984|1629023|203469,1627853|1628436|201152|203107|203897,,,1610612766.0,21900823,True
1,PT11M10.00S,11:10,Q1 11:10,47.166666666666664,11,3pt,Rozier 26' 3PT Jump Shot (3 PTS) (Washington 1 AST),[],Rozier,0,3,Made,True,True,1626179.0,1629023.0,rebound,3pt missed,,,,1626179|1627853|1628436|1628970|1628984|1629023|201152|203107|203469|203897,1626179|1628970|1628984|1629023|203469,1627853|1628436|201152|203107|203897,-136.0,216.0,1610612766.0,21900823,True
1,PT10M51.00S,10:51,Q1 10:51,46.85,13,3pt,MISS Arcidiacono 3PT Jump Shot,[],Arcidiacono,0,3,Missed,True,False,1627853.0,,3pt made,rebound,,,,1626179|1627853|1628436|1628970|1628984|1629023|201152|203107|203469|203897,1627853|1628436|201152|203107|203897,1626179|1628970|1628984|1629023|203469,-228.0,-23.0,1610612741.0,21900823,True
1,PT10M47.00S,10:47,Q1 10:47,46.78333333333333,14,rebound,Zeller REBOUND (Off:0 Def:2),[],Zeller,0,3,,False,False,203469.0,,3pt missed,foul,,,,1626179|1627853|1628436|1628970|1628984|1629023|201152|203107|203469|203897,1626179|1628970|1628984|1629023|203469,1627853|1628436|201152|203107|203897,,,1610612766.0,21900823,True
1,PT10M40.00S,10:40,Q1 10:40,46.666666666666664,15,foul,Kornet S.FOUL (P1.T1) (S.Twardoski),[],Kornet,0,3,,False,False,1628436.0,,rebound,freethrow,1629023.0,,,1626179|1627853|1628436|1628970|1628984|1629023|201152|203107|203469|203897,1627853|1628436|201152|203107|203897,1626179|1628970|1628984|1629023|203469,,,1610612741.0,21900823,True
1,PT10M40.00S,10:40,Q1 10:40,46.666666666666664,17,freethrow,Washington Free Throw 1 of 2 (1 PTS),[],Washington,0,4,Made,False,False,1629023.0,,foul,freethrow,,,,1626179|1627853|1628436|1628970|1628984|1629023|201152|203107|203469|203897,1626179|1628970|1628984|1629023|203469,1627853|1628436|201152|203107|203897,,,1610612766.0,21900823,True
1,PT10M40.00S,10:40,Q1 10:40,46.666666666666664,18,freethrow,Washington Free Throw 2 of 2 (2 PTS),[],Washington,0,5,Made,False,False,1629023.0,,freethrow,3pt missed,,,,1626179|1627853|1628436|1628970|1628984|1629023|201152|203107|203469|203897,1626179|1628970|1628984|1629023|203469,1627853|1628436|201152|203107|203897,,,1610612766.0,21900823,True
1,PT10M24.00S,10:24,Q1 10:24,46.4,19,3pt,MISS Arcidiacono 24' 3PT Jump Shot,[],Arcidiacono,0,5,Missed,True,False,1627853.0,,freethrow,rebound,,,,1626179|1627853|1628436|1628970|1628984|1629023|201152|203107|203469|203897,1627853|1628436|201152|203107|203897,1626179|1628970|1628984|1629023|203469,-236.0,43.0,1610612741.0,21900823,True
1,PT10M21.00S,10:21,Q1 10:21,46.35,20,rebound,Young REBOUND (Off:1 Def:0),[],Young,0,5,,False,False,201152.0,,3pt missed,2pt made,,,,1626179|1627853|1628436|1628970|1628984|1629023|201152|203107|203469|203897,1627853|1628436|201152|203107|203897,1626179|1628970|1628984|1629023|203469,,,1610612741.0,21900823,True
1,PT10M16.00S,10:16,Q1 10:16,46.266666666666666,21,2pt,LaVine Driving Layup (2 PTS) (Kornet 1 AST),['pointsinthepaint'],LaVine,2,5,Made,True,True,203897.0,1628436.0,rebound,3pt missed,,,,1626179|1627853|1628436|1628970|1628984|1629023|201152|203107|203469|203897,1627853|1628436|201152|203107|203897,1626179|1628970|1628984|1629023|203469,-2.0,-2.0,1610612741.0,21900823,True
1,PT10M02.00S,10:02,Q1 10:02,46.03333333333333,23,3pt,MISS Bridges 3PT Jump Shot,[],Bridges,2,5,Missed,True,False,1628970.0,,2pt made,rebound,,,,1626179|1627853|1628436|1628970|1628984|1629023|201152|203107|203469|203897,1626179|1628970|1628984|1629023|203469,1627853|1628436|201152|203107|203897,231.0,-22.0,1610612766.0,21900823,True
1,PT10M00.00S,10:00,Q1 10:00,46.0,24,rebound,Young REBOUND (Off:1 Def:1),[],Young,2,5,,False,False,201152.0,,3pt missed,2pt missed,,,,1626179|1627853|1628436|1628970|1628984|1629023|201152|203107|203469|203897,1627853|1628436|201152|203107|203897,1626179|1628970|1628984|1629023|203469,,,1610612741.0,21900823,True
1,PT09M52.00S,09:52,Q1 09:52,45.86666666666667,25,2pt,MISS LaVine 15' Fadeaway Jumper,[],LaVine,2,5,Missed,True,False,203897.0,,rebound,rebound,,,,1626179|1627853|1628436|1628970|1628984|1629023|201152|203107|203469|203897,1627853|1628436|201152|203107|203897,1626179|1628970|1628984|1629023|203469,16.0,152.0,1610612741.0,21900823,True
1,PT09M49.00S,09:49,Q1 09:49,45.81666666666666,26,rebound,Graham REBOUND (Off:0 Def:1),[],Graham,2,5,,False,False,1628984.0,,2pt missed,foul,,,,1626179|1627853|1628436|1628970|1628984|1629023|201152|203107|203469|203897,1626179|1628970|1628984|1629023|203469,1627853|1628436|201152|203107|203897,,,1610612766.0,21900823,True
1,PT09M31.00S,09:31,Q1 09:31,45.516666666666666,27,foul,Kornet P.FOUL (P2.T2) (L.Wood),[],Kornet,2,5,,False,False,1628436.0,,rebound,2pt made,1629023.0,,,1626179|1627853|1628436|1628970|1628984|1629023|201152|203107|203469|203897,1627853|1628436|201152|203107|203897,1626179|1628970|1628984|1629023|203469,,,1610612741.0,21900823,True
1,PT09M25.00S,09:25,Q1 09:25,45.416666666666664,29,2pt,Washington 2' Driving Layup (4 PTS) (Graham 1 AST),['pointsinthepaint'],Washington,2,7,Made,True,True,1629023.0,1628984.0,foul,turnover,,,,1626179|1627853|1628436|1628970|1628984|1629023|201152|203107|203469|203897,1626179|1628970|1628984|1629023|203469,1627853|1628436|201152|203107|203897,15.0,-6.0,1610612766.0,21900823,True
1,PT09M14.00S,09:14,Q1 09:14,45.233333333333334,31,turnover,LaVine Lost Ball Turnover (P1.T1),[],LaVine,2,7,,False,False,203897.0,,2pt made,steal,,,,1626179|1627853|1628436|1628970|1628984|1629023|201152|203107|203469|203897,1627853|1628436|201152|203107|203897,1626179|1628970|1628984|1629023|203469,,,1610612741.0,21900823,True
1,PT09M14.00S,09:14,Q1 09:14,45.233333333333334,31,steal,Zeller STEAL (1 STL),[],Zeller,2,7,,False,False,203469.0,,turnover,turnover,,203469.0,,1626179|1627853|1628436|1628970|1628984|1629023|201152|203107|203469|203897,1626179|1628970|1628984|1629023|203469,1627853|1628436|201152|203107|203897,,,1610612766.0,21900823,True
1,PT09M09.00S,09:09,Q1 09:09,45.15,33,turnover,Rozier Bad Pass Turnover (P1.T2),[],Rozier,2,7,,False,False,1626179.0,,steal,steal,,,,1626179|1627853|1628436|1628970|1628984|1629023|201152|203107|203469|203897,1626179|1628970|1628984|1629023|203469,1627853|1628436|201152|203107|203897,,,1610612766.0,21900823,True
1,PT09M09.00S,09:09,Q1 09:09,45.15,33,steal,Young STEAL (1 STL),[],Young,2,7,,False,False,201152.0,,turnover,2pt made,,201152.0,,1626179|1627853|1628436|1628970|1628984|1629023|201152|203107|203469|203897,1627853|1628436|201152|203107|203897,1626179|1628970|1628984|1629023|203469,,,1610612741.0,21900823,True
1,PT09M05.00S,09:05,Q1 09:05,45.083333333333336,35,2pt,Satoransky 2' Running Layup (2 PTS),['pointsinthepaint'],Satoransky,4,7,Made,True,False,203107.0,,steal,foul,,,,1626179|1627853|1628436|1628970|1628984|1629023|201152|203107|203469|203897,1627853|1628436|201152|203107|203897,1626179|1628970|1628984|1629023|203469,8.0,13.0,1610612741.0,21900823,True
1,PT09M05.00S,09:05,Q1 09:05,45.083333333333336,36,foul,Washington S.FOUL (P1.T1) (L.Wood),[],Washington,4,7,,False,False,1629023.0,,2pt made,freethrow,203107.0,,,1626179|1627853|1628436|1628970|1628984|1629023|201152|203107|203469|203897,1626179|1628970|1628984|1629023|203469,1627853|1628436|201152|203107|203897,,,1610612766.0,21900823,True
1,PT09M05.00S,09:05,Q1 09:05,45.083333333333336,40,freethrow,Satoransky Free Throw 1 of 1 (3 PTS),[],Satoransky,5,7,Made,False,False,203107.0,,foul,substitution,,,,1626179|1627853|1628436|1628970|1628984|1629023|201152|203107|203469|203897,1627853|1628436|201152|203107|203897,1626179|1628970|1628984|1629023|203469,,,1610612741.0,21900823,True
1,PT09M05.00S,09:05,Q1 09:05,45.083333333333336,38,substitution,SUB out: L. Kornet,[],Kornet,4,7,,False,False,1628436.0,,freethrow,substitution,,,,1626179|1627853|1628970|1628984|1629023|201152|203107|203469|203897,1627853|201152|203107|203897,1626179|1628970|1628984|1629023|203469,,,1610612741.0,21900823,False
1,PT09M05.00S,09:05,Q1 09:05,45.083333333333336,39,substitution,SUB in: D. Gafford,[],Gafford,4,7,,False,False,1629655.0,,substitution,2pt missed,,,,1626179|1627853|1628970|1628984|1629023|1629655|201152|203107|203469|203897,1627853|1629655|201152|203107|203897,1626179|1628970|1628984|1629023|203469,,,1610612741.0,21900823,True
1,PT08M51.00S,08:51,Q1 08:51,44.85,41,2pt,MISS Bridges 2' Driving Layup,['pointsinthepaint'],Bridges,5,7,Missed,True,False,1628970.0,,substitution,rebound,,,,1626179|1627853|1628970|1628984|1629023|1629655|201152|203107|203469|203897,1626179|1628970|1628984|1629023|203469,1627853|1629655|201152|203107|203897,18.0,6.0,1610612766.0,21900823,True
1,PT08M50.00S,08:50,Q1 08:50,44.833333333333336,42,rebound,Arcidiacono REBOUND (Off:0 Def:1),[],Arcidiacono,5,7,,False,False,1627853.0,,2pt missed,2pt made,,,,1626179|1627853|1628970|1628984|1629023|1629655|201152|203107|203469|203897,1627853|1629655|201152|203107|203897,1626179|1628970|1628984|1629023|203469,,,1610612741.0,21900823,True
1,PT08M43.00S,08:43,Q1 08:43,44.71666666666667,43,2pt,LaVine 1' Driving Reverse Layup (4 PTS) (Satoransky 1 AST),['pointsinthepaint'],LaVine,7,7,Made,True,True,203897.0,203107.0,rebound,2pt missed,,,,1626179|1627853|1628970|1628984|1629023|1629655|201152|203107|203469|203897,1627853|1629655|201152|203107|203897,1626179|1628970|1628984|1629023|203469,5.0,0.0,1610612741.0,21900823,True
1,PT08M22.00S,08:22,Q1 08:22,44.36666666666667,46,2pt,MISS Bridges 13' Fadeaway Jumper,['pointsinthepaint'],Bridges,7,7,Missed,True,False,1628970.0,,2pt made,rebound,,,,1626179|1627853|1628970|1628984|1629023|1629655|201152|203107|203469|203897,1626179|1628970|1628984|1629023|203469,1627853|1629655|201152|203107|203897,-54.0,120.0,1610612766.0,21900823,True
1,PT08M20.00S,08:20,Q1 08:20,44.333333333333336,47,rebound,Washington REBOUND (Off:1 Def:0),[],Washington,7,7,,False,False,1629023.0,,2pt missed,2pt missed,,,,1626179|1627853|1628970|1628984|1629023|1629655|201152|203107|203469|203897,1626179|1628970|1628984|1629023|203469,1627853|1629655|201152|203107|203897,,,1610612766.0,21900823,True
1,PT08M17.00S,08:17,Q1 08:17,44.28333333333333,48,2pt,MISS Bridges 1' Cutting Layup Shot,['pointsinthepaint'],Bridges,7,7,Missed,True,False,1628970.0,,rebound,rebound,,,,1626179|1627853|1628970|1628984|1629023|1629655|201152|203107|203469|203897,1626179|1628970|1628984|1629023|203469,1627853|1629655|201152|203107|203897,9.0,-9.0,1610612766.0,21900823,True
1,PT08M15.00S,08:15,Q1 08:15,44.25,49,rebound,Gafford REBOUND (Off:0 Def:1),[],Gafford,7,7,,False,False,1629655.0,,2pt missed,2pt missed,,,,1626179|1627853|1628970|1628984|1629023|1629655|201152|203107|203469|203897,1627853|1629655|201152|203107|203897,1626179|1628970|1628984|1629023|203469,,,1610612741.0,21900823,True
1,PT08M03.00S,08:03,Q1 08:03,44.05,50,2pt,MISS Young 20' Step Back Jump Shot,[],Young,7,7,Missed,True,False,201152.0,,rebound,rebound,,,,1626179|1627853|1628970|1628984|1629023|1629655|201152|203107|203469|203897,1627853|1629655|201152|203107|203897,1626179|1628970|1628984|1629023|203469,-195.0,36.0,1610612741.0,21900823,True
1,PT08M01.00S,08:01,Q1 08:01,44.016666666666666,51,rebound,Bridges REBOUND (Off:0 Def:1),[],Bridges,7,7,,False,False,1628970.0,,2pt missed,2pt made,,,,1626179|1627853|1628970|1628984|1629023|1629655|201152|203107|203469|203897,1626179|1628970|1628984|1629023|203469,1627853|1629655|201152|203107|203897,,,1610612766.0,21900823,True
1,PT07M52.00S,07:52,Q1 07:52,43.86666666666667,52,2pt,Zeller 1' Layup (2 PTS) (Graham 2 AST),['pointsinthepaint'],Zeller,7,9,Made,True,True,203469.0,1628984.0,rebound,2pt made,,,,1626179|1627853|1628970|1628984|1629023|1629655|201152|203107|203469|203897,1626179|1628970|1628984|1629023|203469,1627853|1629655|201152|203107|203897,14.0,-5.0,1610612766.0,21900823,True
1,PT07M37.00S,07:37,Q1 07:37,43.61666666666667,54,2pt,Gafford 1' Cutting Dunk Shot (2 PTS) (Satoransky 2 AST),['pointsinthepaint'],Gafford,9,9,Made,True,True,1629655.0,203107.0,2pt made,2pt missed,,,,1626179|1627853|1628970|1628984|1629023|1629655|201152|203107|203469|203897,1627853|1629655|201152|203107|203897,1626179|1628970|1628984|1629023|203469,-3.0,-10.0,1610612741.0,21900823,True
1,PT07M23.00S,07:23,Q1 07:23,43.38333333333333,56,2pt,MISS Graham 8' Driving Floating Jump Shot,['pointsinthepaint'],Graham,9,9,Missed,True,False,1628984.0,,2pt made,rebound,,,,1626179|1627853|1628970|1628984|1629023|1629655|201152|203107|203469|203897,1626179|1628970|1628984|1629023|203469,1627853|1629655|201152|203107|203897,-8.0,81.0,1610612766.0,21900823,True
1,PT07M22.00S,07:22,Q1 07:22,43.36666666666667,57,rebound,Zeller REBOUND (Off:1 Def:2),[],Zeller,9,9,,False,False,203469.0,,2pt missed,foul,,,,1626179|1627853|1628970|1628984|1629023|1629655|201152|203107|203469|203897,1626179|1628970|1628984|1629023|203469,1627853|1629655|201152|203107|203897,,,1610612766.0,21900823,True
1,PT07M22.00S,07:22,Q1 07:22,43.36666666666667,58,foul,Arcidiacono S.FOUL (P1.T3) (L.Wood),[],Arcidiacono,9,9,,False,False,1627853.0,,rebound,freethrow,203469.0,,,1626179|1627853|1628970|1628984|1629023|1629655|201152|203107|203469|203897,1627853|1629655|201152|203107|203897,1626179|1628970|1628984|1629023|203469,,,1610612741.0,21900823,True
1,PT07M22.00S,07:22,Q1 07:22,43.36666666666667,60,freethrow,Zeller Free Throw 1 of 2 (3 PTS),[],Zeller,9,10,Made,False,False,203469.0,,foul,freethrow,,,,1626179|1627853|1628970|1628984|1629023|1629655|201152|203107|203469|203897,1626179|1628970|1628984|1629023|203469,1627853|1629655|201152|203107|203897,,,1610612766.0,21900823,True
1,PT07M22.00S,07:22,Q1 07:22,43.36666666666667,65,freethrow,Zeller Free Throw 2 of 2 (4 PTS),[],Zeller,9,11,Made,False,False,203469.0,,freethrow,substitution,,,,1626179|1627853|1628970|1628984|1629023|1629655|201152|203107|203469|203897,1626179|1628970|1628984|1629023|203469,1627853|1629655|201152|203107|203897,,,1610612766.0,21900823,True
1,PT07M22.00S,07:22,Q1 07:22,43.36666666666667,61,substitution,SUB out: M. Bridges,[],Bridges,9,10,,False,False,1628970.0,,freethrow,substitution,,,,1626179|1627853|1628984|1629023|1629655|201152|203107|203469|203897,1626179|1628984|1629023|203469,1627853|1629655|201152|203107|203897,,,1610612766.0,21900823,False
1,PT07M22.00S,07:22,Q1 07:22,43.36666666666667,62,substitution,SUB out: D. Graham,[],Graham,9,10,,False,False,1628984.0,,substitution,substitution,,,,1626179|1627853|1629023|1629655|201152|203107|203469|203897,1626179|1629023|203469,1627853|1629655|201152|203107|203897,,,1610612766.0,21900823,False
1,PT07M22.00S,07:22,Q1 07:22,43.36666666666667,63,substitution,SUB in: M. Monk,[],Monk,9,10,,False,False,1628370.0,,substitution,substitution,,,,1626179|1627853|1628370|1629023|1629655|201152|203107|203469|203897,1626179|1628370|1629023|203469,1627853|1629655|201152|203107|203897,,,1610612766.0,21900823,False
1,PT07M22.00S,07:22,Q1 07:22,43.36666666666667,64,substitution,SUB in: C. Martin,[],Martin,9,10,,False,False,1628998.0,,substitution,3pt missed,,,,1626179|1627853|1628370|1628998|1629023|1629655|201152|203107|203469|203897,1626179|1628370|1628998|1629023|203469,1627853|1629655|201152|203107|203897,,,1610612766.0,21900823,True
1,PT07M02.00S,07:02,Q1 07:02,43.03333333333333,66,3pt,MISS Young 3PT Jump Shot,[],Young,9,11,Missed,True,False,201152.0,,substitution,rebound,,,,1626179|1627853|1628370|1628998|1629023|1629655|201152|203107|203469|203897,1627853|1629655|201152|203107|203897,1626179|1628370|1628998|1629023|203469,230.0,-6.0,1610612741.0,21900823,True
1,PT06M58.00S,06:58,Q1 06:58,42.96666666666667,67,rebound,Zeller REBOUND (Off:1 Def:3),[],Zeller,9,11,,False,False,203469.0,,3pt missed,2pt made,,,,1626179|1627853|1628370|1628998|1629023|1629655|201152|203107|203469|203897,1626179|1628370|1628998|1629023|203469,1627853|1629655|201152|203107|203897,,,1610612766.0,21900823,True
1,PT06M45.00S,06:45,Q1 06:45,42.75,68,2pt,Zeller 1' Dunk (6 PTS) (Co. Martin 1 AST),['pointsinthepaint'],Zeller,9,13,Made,True,False,203469.0,,rebound,2pt made,,,,1626179|1627853|1628370|1628998|1629023|1629655|201152|203107|203469|203897,1626179|1628370|1628998|1629023|203469,1627853|1629655|201152|203107|203897,-3.0,-11.0,1610612766.0,21900823,True
1,PT06M33.00S,06:33,Q1 06:33,42.55,70,2pt,LaVine 1' Driving Dunk (6 PTS),['pointsinthepaint'],LaVine,11,13,Made,True,False,203897.0,,2pt made,foul,,,,1626179|1627853|1628370|1628998|1629023|1629655|201152|203107|203469|203897,1627853|1629655|201152|203107|203897,1626179|1628370|1628998|1629023|203469,-2.0,-12.0,1610612741.0,21900823,True
1,PT06M26.00S,06:26,Q1 06:26,42.43333333333334,71,foul,Gafford P.FOUL (P1.T4) (L.Wood),[],Gafford,11,13,,False,False,1629655.0,,2pt made,timeout,,,,1626179|1627853|1628370|1628998|1629023|1629655|201152|203107|203469|203897,1627853|1629655|201152|203107|203897,1626179|1628370|1628998|1629023|203469,,,1610612741.0,21900823,True
1,PT06M26.00S,06:26,Q1 06:26,42.43333333333334,73,timeout,BULLS Timeout: Regular (Full 1 Short 0),[],,11,13,,False,False,0.0,,foul,substitution,,,,1626179|1627853|1628370|1628998|1629023|1629655|201152|203107|203469|203897,1627853|1629655|201152|203107|203897,1626179|1628370|1628998|1629023|203469,,,1610612741.0,21900823,True
1,PT06M26.00S,06:26,Q1 06:26,42.43333333333334,74,substitution,SUB out: T. Satoransky,[],Satoransky,11,13,,False,False,203107.0,,timeout,substitution,,,,1626179|1627853|1628370|1628998|1629023|1629655|201152|203469|203897,1627853|1629655|201152|203897,1626179|1628370|1628998|1629023|203469,,,1610612741.0,21900823,False
1,PT06M26.00S,06:26,Q1 06:26,42.43333333333334,75,substitution,SUB out: R. Arcidiacono,[],Arcidiacono,11,13,,False,False,1627853.0,,substitution,substitution,,,,1626179|1628370|1628998|1629023|1629655|201152|203469|203897,1629655|201152|203897,1626179|1628370|1628998|1629023|203469,,,1610612741.0,21900823,False
1,PT06M26.00S,06:26,Q1 06:26,42.43333333333334,76,substitution,SUB out: C. Zeller,[],Zeller,11,13,,False,False,203469.0,,substitution,substitution,,,,1626179|1628370|1628998|1629023|1629655|201152|203897,1626179|1628370|1628998|1629023,1629655|201152|203897,,,1610612766.0,21900823,False
1,PT06M26.00S,06:26,Q1 06:26,42.43333333333334,77,substitution,SUB in: C. White,[],White,11,13,,False,False,1629632.0,,substitution,substitution,,,,1626179|1628370|1628998|1629023|1629632|1629655|201152|203897,1629632|1629655|201152|203897,1626179|1628370|1628998|1629023,,,1610612741.0,21900823,False
1,PT06M26.00S,06:26,Q1 06:26,42.43333333333334,78,substitution,SUB in: S. Harrison,[],Harrison,11,13,,False,False,1627885.0,,substitution,substitution,,,,1626179|1627885|1628370|1628998|1629023|1629632|1629655|201152|203897,1627885|1629632|1629655|201152|203897,1626179|1628370|1628998|1629023,,,1610612741.0,21900823,False
1,PT06M26.00S,06:26,Q1 06:26,42.43333333333334,79,substitution,SUB in: B. Biyombo,[],Biyombo,11,13,,False,False,202687.0,,substitution,2pt made,,,,1626179|1627885|1628370|1628998|1629023|1629632|1629655|201152|202687|203897,1626179|1628370|1628998|1629023|202687,1627885|1629632|1629655|201152|203897,,,1610612766.0,21900823,True
1,PT06M18.00S,06:18,Q1 06:18,42.3,80,2pt,Monk Driving Layup (2 PTS),['pointsinthepaint'],Monk,11,15,Made,True,False,1628370.0,,substitution,3pt missed,,,,1626179|1627885|1628370|1628998|1629023|1629632|1629655|201152|202687|203897,1626179|1628370|1628998|1629023|202687,1627885|1629632|1629655|201152|203897,-3.0,2.0,1610612766.0,21900823,True
1,PT05M59.00S,05:59,Q1 05:59,41.983333333333334,81,3pt,MISS LaVine 3PT Jump Shot,[],LaVine,11,15,Missed,True,False,203897.0,,2pt made,rebound,,,,1626179|1627885|1628370|1628998|1629023|1629632|1629655|201152|202687|203897,1627885|1629632|1629655|201152|203897,1626179|1628370|1628998|1629023|202687,-230.0,0.0,1610612741.0,21900823,True
1,PT05M54.00S,05:54,Q1 05:54,41.9,82,rebound,Rozier REBOUND (Off:0 Def:1),[],Rozier,11,15,,False,False,1626179.0,,3pt missed,3pt made,,,,1626179|1627885|1628370|1628998|1629023|1629632|1629655|201152|202687|203897,1626179|1628370|1628998|1629023|202687,1627885|1629632|1629655|201152|203897,,,1610612766.0,21900823,True
1,PT05M49.00S,05:49,Q1 05:49,41.81666666666666,83,3pt,Washington 26' 3PT Pullup Jump Shot (7 PTS) (Rozier 1 AST),[],Washington,11,18,Made,True,True,1629023.0,1626179.0,rebound,2pt made,,,,1626179|1627885|1628370|1628998|1629023|1629632|1629655|201152|202687|203897,1626179|1628370|1628998|1629023|202687,1627885|1629632|1629655|201152|203897,166.0,195.0,1610612766.0,21900823,True
1,PT05M34.00S,05:34,Q1 05:34,41.56666666666666,85,2pt,Harrison 1' Cutting Layup Shot (2 PTS) (Gafford 1 AST),['pointsinthepaint'],Harrison,13,18,Made,True,True,1627885.0,1629655.0,3pt made,3pt missed,,,,1626179|1627885|1628370|1628998|1629023|1629632|1629655|201152|202687|203897,1627885|1629632|1629655|201152|203897,1626179|1628370|1628998|1629023|202687,8.0,0.0,1610612741.0,21900823,True
1,PT05M22.00S,05:22,Q1 05:22,41.36666666666667,87,3pt,MISS Monk 26' 3PT Pullup Jump Shot,[],Monk,13,18,Missed,True,False,1628370.0,,2pt made,rebound,,,,1626179|1627885|1628370|1628998|1629023|1629632|1629655|201152|202687|203897,1626179|1628370|1628998|1629023|202687,1627885|1629632|1629655|201152|203897,-127.0,231.0,1610612766.0,21900823,True
1,PT05M22.00S,05:22,Q1 05:22,41.36666666666667,88,rebound,Young REBOUND (Off:1 Def:2),[],Young,13,18,,False,False,201152.0,,3pt missed,turnover,,,,1626179|1627885|1628370|1628998|1629023|1629632|1629655|201152|202687|203897,1627885|1629632|1629655|201152|203897,1626179|1628370|1628998|1629023|202687,,,1610612741.0,21900823,True
1,PT05M16.00S,05:16,Q1 05:16,41.266666666666666,89,turnover,Young Bad Pass Turnover (P1.T2),[],Young,13,18,,False,False,201152.0,,rebound,steal,,,,1626179|1627885|1628370|1628998|1629023|1629632|1629655|201152|202687|203897,1627885|1629632|1629655|201152|203897,1626179|1628370|1628998|1629023|202687,,,1610612741.0,21900823,True
1,PT05M16.00S,05:16,Q1 05:16,41.266666666666666,89,steal,Rozier STEAL (1 STL),[],Rozier,13,18,,False,False,1626179.0,,turnover,2pt made,,1626179.0,,1626179|1627885|1628370|1628998|1629023|1629632|1629655|201152|202687|203897,1626179|1628370|1628998|1629023|202687,1627885|1629632|1629655|201152|203897,,,1610612766.0,21900823,True
1,PT05M11.00S,05:11,Q1 05:11,41.18333333333334,91,2pt,Monk 1' Running Dunk (4 PTS) (Co. Martin 2 AST),['pointsinthepaint'],Monk,13,20,Made,True,False,1628370.0,,steal,substitution,,,,1626179|1627885|1628370|1628998|1629023|1629632|1629655|201152|202687|203897,1626179|1628370|1628998|1629023|202687,1627885|1629632|1629655|201152|203897,-6.0,-8.0,1610612766.0,21900823,True
1,PT04M54.00S,04:54,Q1 04:54,40.9,94,substitution,SUB out: T. Young,[],Young,13,20,,False,False,201152.0,,2pt made,substitution,,,,1626179|1627885|1628370|1628998|1629023|1629632|1629655|202687|203897,1627885|1629632|1629655|203897,1626179|1628370|1628998|1629023|202687,,,1610612741.0,21900823,False
1,PT04M54.00S,04:54,Q1 04:54,40.9,95,substitution,SUB in: T. Satoransky,[],Satoransky,13,20,,False,False,203107.0,,substitution,2pt made,,,,1626179|1627885|1628370|1628998|1629023|1629632|1629655|202687|203107|203897,1627885|1629632|1629655|203107|203897,1626179|1628370|1628998|1629023|202687,,,1610612741.0,21900823,True
1,PT04M47.00S,04:47,Q1 04:47,40.78333333333333,96,2pt,Satoransky 14' Step Back Jump Shot (5 PTS),[],Satoransky,15,20,Made,True,False,203107.0,,substitution,foul,,,,1626179|1627885|1628370|1628998|1629023|1629632|1629655|202687|203107|203897,1627885|1629632|1629655|203107|203897,1626179|1628370|1628998|1629023|202687,138.0,25.0,1610612741.0,21900823,True
1,PT04M34.00S,04:34,Q1 04:34,40.56666666666666,97,foul,Satoransky P.FOUL (P1.PN) (K.Mauer),['inpenalty'],Satoransky,15,20,,False,False,203107.0,,2pt made,freethrow,1628370.0,,,1626179|1627885|1628370|1628998|1629023|1629632|1629655|202687|203107|203897,1627885|1629632|1629655|203107|203897,1626179|1628370|1628998|1629023|202687,,,1610612741.0,21900823,True
1,PT04M34.00S,04:34,Q1 04:34,40.56666666666666,99,freethrow,Monk Free Throw 1 of 2 (5 PTS),[],Monk,15,21,Made,False,False,1628370.0,,foul,freethrow,,,,1626179|1627885|1628370|1628998|1629023|1629632|1629655|202687|203107|203897,1626179|1628370|1628998|1629023|202687,1627885|1629632|1629655|203107|203897,,,1610612766.0,21900823,True
1,PT04M34.00S,04:34,Q1 04:34,40.56666666666666,104,freethrow,Monk Free Throw 2 of 2 (6 PTS),[],Monk,15,22,Made,False,False,1628370.0,,freethrow,substitution,,,,1626179|1627885|1628370|1628998|1629023|1629632|1629655|202687|203107|203897,1626179|1628370|1628998|1629023|202687,1627885|1629632|1629655|203107|203897,,,1610612766.0,21900823,True
1,PT04M34.00S,04:34,Q1 04:34,40.56666666666666,100,substitution,SUB out: D. Gafford,[],Gafford,15,21,,False,False,1629655.0,,freethrow,substitution,,,,1626179|1627885|1628370|1628998|1629023|1629632|202687|203107|203897,1627885|1629632|203107|203897,1626179|1628370|1628998|1629023|202687,,,1610612741.0,21900823,False
1,PT04M34.00S,04:34,Q1 04:34,40.56666666666666,101,substitution,SUB out: P. Washington,[],Washington,15,21,,False,False,1629023.0,,substitution,substitution,,,,1626179|1627885|1628370|1628998|1629632|202687|203107|203897,1626179|1628370|1628998|202687,1627885|1629632|203107|203897,,,1610612766.0,21900823,False
1,PT04M34.00S,04:34,Q1 04:34,40.56666666666666,102,substitution,SUB in: C. Felicio,[],Felicio,15,21,,False,False,1626245.0,,substitution,substitution,,,,1626179|1626245|1627885|1628370|1628998|1629632|202687|203107|203897,1626245|1627885|1629632|203107|203897,1626179|1628370|1628998|202687,,,1610612741.0,21900823,False
1,PT04M34.00S,04:34,Q1 04:34,40.56666666666666,103,substitution,SUB in: M. Bridges,[],Bridges,15,21,,False,False,1628970.0,,substitution,2pt missed,,,,1626179|1626245|1627885|1628370|1628970|1628998|1629632|202687|203107|203897,1626179|1628370|1628970|1628998|202687,1626245|1627885|1629632|203107|203897,,,1610612766.0,21900823,True
1,PT04M20.00S,04:20,Q1 04:20,40.333333333333336,105,2pt,MISS LaVine 1' Driving Layup,['pointsinthepaint'],LaVine,15,22,Missed,True,False,203897.0,,substitution,rebound,,,,1626179|1626245|1627885|1628370|1628970|1628998|1629632|202687|203107|203897,1626245|1627885|1629632|203107|203897,1626179|1628370|1628970|1628998|202687,-8.0,-8.0,1610612741.0,21900823,True
1,PT04M18.00S,04:18,Q1 04:18,40.3,106,rebound,Monk REBOUND (Off:0 Def:1),[],Monk,15,22,,False,False,1628370.0,,2pt missed,foul,,,,1626179|1626245|1627885|1628370|1628970|1628998|1629632|202687|203107|203897,1626179|1628370|1628970|1628998|202687,1626245|1627885|1629632|203107|203897,,,1610612766.0,21900823,True
1,PT04M15.00S,04:15,Q1 04:15,40.25,107,foul,Satoransky S.FOUL (P2.PN) (L.Wood),['inpenalty'],Satoransky,15,22,,False,False,203107.0,,rebound,freethrow,1628370.0,,,1626179|1626245|1627885|1628370|1628970|1628998|1629632|202687|203107|203897,1626245|1627885|1629632|203107|203897,1626179|1628370|1628970|1628998|202687,,,1610612741.0,21900823,True
1,PT04M15.00S,04:15,Q1 04:15,40.25,109,freethrow,Monk Free Throw 1 of 2 (7 PTS),[],Monk,15,23,Made,False,False,1628370.0,,foul,freethrow,,,,1626179|1626245|1627885|1628370|1628970|1628998|1629632|202687|203107|203897,1626179|1628370|1628970|1628998|202687,1626245|1627885|1629632|203107|203897,,,1610612766.0,21900823,True
1,PT04M15.00S,04:15,Q1 04:15,40.25,110,freethrow,Monk Free Throw 2 of 2 (8 PTS),[],Monk,15,24,Made,False,False,1628370.0,,freethrow,3pt missed,,,,1626179|1626245|1627885|1628370|1628970|1628998|1629632|202687|203107|203897,1626179|1628370|1628970|1628998|202687,1626245|1627885|1629632|203107|203897,,,1610612766.0,21900823,True
1,PT03M56.00S,03:56,Q1 03:56,39.93333333333334,111,3pt,MISS Satoransky 24' 3PT Jump Shot,[],Satoransky,15,24,Missed,True,False,203107.0,,freethrow,rebound,,,,1626179|1626245|1627885|1628370|1628970|1628998|1629632|202687|203107|203897,1626245|1627885|1629632|203107|203897,1626179|1628370|1628970|1628998|202687,-76.0,231.0,1610612741.0,21900823,True
1,PT03M53.00S,03:53,Q1 03:53,39.88333333333333,112,rebound,Biyombo REBOUND (Off:0 Def:1),[],Biyombo,15,24,,False,False,202687.0,,3pt missed,foul,,,,1626179|1626245|1627885|1628370|1628970|1628998|1629632|202687|203107|203897,1626179|1628370|1628970|1628998|202687,1626245|1627885|1629632|203107|203897,,,1610612766.0,21900823,True
1,PT03M49.00S,03:49,Q1 03:49,39.81666666666666,113,foul,Harrison P.FOUL (P1.PN) (K.Mauer),['inpenalty'],Harrison,15,24,,False,False,1627885.0,,rebound,freethrow,1628970.0,,,1626179|1626245|1627885|1628370|1628970|1628998|1629632|202687|203107|203897,1626245|1627885|1629632|203107|203897,1626179|1628370|1628970|1628998|202687,,,1610612741.0,21900823,True
1,PT03M49.00S,03:49,Q1 03:49,39.81666666666666,115,freethrow,Bridges Free Throw 1 of 2 (1 PTS),[],Bridges,15,25,Made,False,False,1628970.0,,foul,freethrow,,,,1626179|1626245|1627885|1628370|1628970|1628998|1629632|202687|203107|203897,1626179|1628370|1628970|1628998|202687,1626245|1627885|1629632|203107|203897,,,1610612766.0,21900823,True
1,PT03M49.00S,03:49,Q1 03:49,39.81666666666666,118,freethrow,Bridges Free Throw 2 of 2 (2 PTS),[],Bridges,15,26,Made,False,False,1628970.0,,freethrow,substitution,,,,1626179|1626245|1627885|1628370|1628970|1628998|1629632|202687|203107|203897,1626179|1628370|1628970|1628998|202687,1626245|1627885|1629632|203107|203897,,,1610612766.0,21900823,True
1,PT03M49.00S,03:49,Q1 03:49,39.81666666666666,116,substitution,SUB out: T. Rozier,[],Rozier,15,25,,False,False,1626179.0,,freethrow,substitution,,,,1626245|1627885|1628370|1628970|1628998|1629632|202687|203107|203897,1628370|1628970|1628998|202687,1626245|1627885|1629632|203107|203897,,,1610612766.0,21900823,False
1,PT03M49.00S,03:49,Q1 03:49,39.81666666666666,117,substitution,SUB in: D. Graham,[],Graham,15,25,,False,False,1628984.0,,substitution,3pt missed,,,,1626245|1627885|1628370|1628970|1628984|1628998|1629632|202687|203107|203897,1628370|1628970|1628984|1628998|202687,1626245|1627885|1629632|203107|203897,,,1610612766.0,21900823,True
1,PT03M31.00S,03:31,Q1 03:31,39.516666666666666,119,3pt,MISS Harrison 25' 3PT Jump Shot,[],Harrison,15,26,Missed,True,False,1627885.0,,substitution,rebound,,,,1626245|1627885|1628370|1628970|1628984|1628998|1629632|202687|203107|203897,1626245|1627885|1629632|203107|203897,1628370|1628970|1628984|1628998|202687,-111.0,224.0,1610612741.0,21900823,True
1,PT03M29.00S,03:29,Q1 03:29,39.483333333333334,120,rebound,Satoransky REBOUND (Off:1 Def:0),[],Satoransky,15,26,,False,False,203107.0,,3pt missed,2pt missed,,,,1626245|1627885|1628370|1628970|1628984|1628998|1629632|202687|203107|203897,1626245|1627885|1629632|203107|203897,1628370|1628970|1628984|1628998|202687,,,1610612741.0,21900823,True
1,PT03M25.00S,03:25,Q1 03:25,39.416666666666664,121,2pt,MISS Harrison 3' Driving Layup,['pointsinthepaint'],Harrison,15,26,Missed,True,False,1627885.0,,rebound,block,,,,1626245|1627885|1628370|1628970|1628984|1628998|1629632|202687|203107|203897,1626245|1627885|1629632|203107|203897,1628370|1628970|1628984|1628998|202687,-32.0,8.0,1610612741.0,21900823,True
1,PT03M25.00S,03:25,Q1 03:25,39.416666666666664,121,block,Biyombo BLOCK (1 BLK),[],Biyombo,15,26,,False,False,202687.0,,2pt missed,rebound,,,202687.0,1626245|1627885|1628370|1628970|1628984|1628998|1629632|202687|203107|203897,1628370|1628970|1628984|1628998|202687,1626245|1627885|1629632|203107|203897,,,1610612766.0,21900823,True
1,PT03M25.00S,03:25,Q1 03:25,39.416666666666664,123,rebound,Bridges REBOUND (Off:0 Def:2),[],Bridges,15,26,,False,False,1628970.0,,block,2pt missed,,,,1626245|1627885|1628370|1628970|1628984|1628998|1629632|202687|203107|203897,1628370|1628970|1628984|1628998|202687,1626245|1627885|1629632|203107|203897,,,1610612766.0,21900823,True
1,PT03M18.00S,03:18,Q1 03:18,39.3,124,2pt,MISS Graham 2' Running Layup,['pointsinthepaint'],Graham,15,26,Missed,True,False,1628984.0,,rebound,rebound,,,,1626245|1627885|1628370|1628970|1628984|1628998|1629632|202687|203107|203897,1628370|1628970|1628984|1628998|202687,1626245|1627885|1629632|203107|203897,4.0,21.0,1610612766.0,21900823,True
1,PT03M14.00S,03:14,Q1 03:14,39.233333333333334,125,rebound,Felicio REBOUND (Off:0 Def:1),[],Felicio,15,26,,False,False,1626245.0,,2pt missed,2pt made,,,,1626245|1627885|1628370|1628970|1628984|1628998|1629632|202687|203107|203897,1626245|1627885|1629632|203107|203897,1628370|1628970|1628984|1628998|202687,,,1610612741.0,21900823,True
1,PT03M13.00S,03:13,Q1 03:13,39.21666666666667,126,2pt,Harrison 2' Running Layup (4 PTS) (White 1 AST),['pointsinthepaint'],Harrison,17,26,Made,True,True,1627885.0,1629632.0,rebound,3pt missed,,,,1626245|1627885|1628370|1628970|1628984|1628998|1629632|202687|203107|203897,1626245|1627885|1629632|203107|203897,1628370|1628970|1628984|1628998|202687,3.0,20.0,1610612741.0,21900823,True
1,PT02M53.00S,02:53,Q1 02:53,38.88333333333333,128,3pt,MISS Graham 28' 3PT Jump Shot,[],Graham,17,26,Missed,True,False,1628984.0,,2pt made,rebound,,,,1626245|1627885|1628370|1628970|1628984|1628998|1629632|202687|203107|203897,1628370|1628970|1628984|1628998|202687,1626245|1627885|1629632|203107|203897,-61.0,270.0,1610612766.0,21900823,True
1,PT02M49.00S,02:49,Q1 02:49,38.81666666666666,129,rebound,Bridges REBOUND (Off:1 Def:2),[],Bridges,17,26,,False,False,1628970.0,,3pt missed,2pt missed,,,,1626245|1627885|1628370|1628970|1628984|1628998|1629632|202687|203107|203897,1628370|1628970|1628984|1628998|202687,1626245|1627885|1629632|203107|203897,,,1610612766.0,21900823,True
1,PT02M47.00S,02:47,Q1 02:47,38.78333333333333,130,2pt,MISS Bridges 1' Driving Layup,['pointsinthepaint'],Bridges,17,26,Missed,True,False,1628970.0,,rebound,rebound,,,,1626245|1627885|1628370|1628970|1628984|1628998|1629632|202687|203107|203897,1628370|1628970|1628984|1628998|202687,1626245|1627885|1629632|203107|203897,-12.0,1.0,1610612766.0,21900823,True
1,PT02M45.00S,02:45,Q1 02:45,38.75,131,rebound,LaVine REBOUND (Off:0 Def:1),[],LaVine,17,26,,False,False,203897.0,,2pt missed,3pt missed,,,,1626245|1627885|1628370|1628970|1628984|1628998|1629632|202687|203107|203897,1626245|1627885|1629632|203107|203897,1628370|1628970|1628984|1628998|202687,,,1610612741.0,21900823,True
1,PT02M41.00S,02:41,Q1 02:41,38.68333333333334,132,3pt,MISS White 26' 3PT Jump Shot,[],White,17,26,Missed,True,False,1629632.0,,rebound,rebound,,,,1626245|1627885|1628370|1628970|1628984|1628998|1629632|202687|203107|203897,1626245|1627885|1629632|203107|203897,1628370|1628970|1628984|1628998|202687,-136.0,225.0,1610612741.0,21900823,True
1,PT02M38.00S,02:38,Q1 02:38,38.63333333333333,133,rebound,Monk REBOUND (Off:0 Def:2),[],Monk,17,26,,False,False,1628370.0,,3pt missed,2pt missed,,,,1626245|1627885|1628370|1628970|1628984|1628998|1629632|202687|203107|203897,1628370|1628970|1628984|1628998|202687,1626245|1627885|1629632|203107|203897,,,1610612766.0,21900823,True
1,PT02M18.00S,02:18,Q1 02:18,38.3,134,2pt,MISS Biyombo 13' Jump Shot,['pointsinthepaint'],Biyombo,17,26,Missed,True,False,202687.0,,rebound,rebound,,,,1626245|1627885|1628370|1628970|1628984|1628998|1629632|202687|203107|203897,1628370|1628970|1628984|1628998|202687,1626245|1627885|1629632|203107|203897,-54.0,113.0,1610612766.0,21900823,True
1,PT02M16.00S,02:16,Q1 02:16,38.266666666666666,135,rebound,Felicio REBOUND (Off:0 Def:2),[],Felicio,17,26,,False,False,1626245.0,,2pt missed,foul,,,,1626245|1627885|1628370|1628970|1628984|1628998|1629632|202687|203107|203897,1626245|1627885|1629632|203107|203897,1628370|1628970|1628984|1628998|202687,,,1610612741.0,21900823,True
1,PT02M09.00S,02:09,Q1 02:09,38.15,136,foul,Biyombo S.FOUL (P1.T2) (K.Mauer),[],Biyombo,17,26,,False,False,202687.0,,rebound,timeout,1629632.0,,,1626245|1627885|1628370|1628970|1628984|1628998|1629632|202687|203107|203897,1628370|1628970|1628984|1628998|202687,1626245|1627885|1629632|203107|203897,,,1610612766.0,21900823,True
1,PT02M09.00S,02:09,Q1 02:09,38.15,138,timeout,Hornets Timeout: Regular (Reg.1 Short 0),[],,17,26,,False,False,0.0,,foul,freethrow,,,,1626245|1627885|1628370|1628970|1628984|1628998|1629632|202687|203107|203897,1628370|1628970|1628984|1628998|202687,1626245|1627885|1629632|203107|203897,,,1610612766.0,21900823,True
1,PT02M09.00S,02:09,Q1 02:09,38.15,143,freethrow,MISS White Free Throw 1 of 2,[],White,17,26,Missed,False,False,1629632.0,,timeout,rebound,,,,1626245|1627885|1628370|1628970|1628984|1628998|1629632|202687|203107|203897,1626245|1627885|1629632|203107|203897,1628370|1628970|1628984|1628998|202687,,,1610612741.0,21900823,True
1,PT02M09.00S,02:09,Q1 02:09,38.15,144,rebound,TEAM offensive REBOUND,['team'],,17,26,,False,False,0.0,,freethrow,freethrow,,,,1626245|1627885|1628370|1628970|1628984|1628998|1629632|202687|203107|203897,1626245|1627885|1629632|203107|203897,1628370|1628970|1628984|1628998|202687,,,1610612741.0,21900823,True
1,PT02M09.00S,02:09,Q1 02:09,38.15,145,freethrow,White Free Throw 2 of 2 (1 PTS),['2ndchance'],White,18,26,Made,False,False,1629632.0,,rebound,substitution,,,,1626245|1627885|1628370|1628970|1628984|1628998|1629632|202687|203107|203897,1626245|1627885|1629632|203107|203897,1628370|1628970|1628984|1628998|202687,,,1610612741.0,21900823,True
1,PT02M09.00S,02:09,Q1 02:09,38.15,139,substitution,SUB out: Z. LaVine,[],LaVine,17,26,,False,False,203897.0,,freethrow,substitution,,,,1626245|1627885|1628370|1628970|1628984|1628998|1629632|202687|203107,1626245|1627885|1629632|203107,1628370|1628970|1628984|1628998|202687,,,1610612741.0,21900823,False
1,PT02M09.00S,02:09,Q1 02:09,38.15,140,substitution,SUB out: T. Satoransky,[],Satoransky,17,26,,False,False,203107.0,,substitution,substitution,,,,1626245|1627885|1628370|1628970|1628984|1628998|1629632|202687,1626245|1627885|1629632,1628370|1628970|1628984|1628998|202687,,,1610612741.0,21900823,False
1,PT02M09.00S,02:09,Q1 02:09,38.15,141,substitution,SUB in: R. Arcidiacono,[],Arcidiacono,17,26,,False,False,1627853.0,,substitution,substitution,,,,1626245|1627853|1627885|1628370|1628970|1628984|1628998|1629632|202687,1626245|1627853|1627885|1629632,1628370|1628970|1628984|1628998|202687,,,1610612741.0,21900823,False
1,PT02M09.00S,02:09,Q1 02:09,38.15,142,substitution,SUB in: T. Young,[],Young,17,26,,False,False,201152.0,,substitution,2pt made,,,,1626245|1627853|1627885|1628370|1628970|1628984|1628998|1629632|201152|202687,1626245|1627853|1627885|1629632|201152,1628370|1628970|1628984|1628998|202687,,,1610612741.0,21900823,True
1,PT01M55.00S,01:55,Q1 01:55,37.916666666666664,146,2pt,Bridges Driving Layup (4 PTS),['pointsinthepaint'],Bridges,18,28,Made,True,False,1628970.0,,substitution,3pt missed,,,,1626245|1627853|1627885|1628370|1628970|1628984|1628998|1629632|201152|202687,1628370|1628970|1628984|1628998|202687,1626245|1627853|1627885|1629632|201152,-1.0,1.0,1610612766.0,21900823,True
1,PT01M40.00S,01:40,Q1 01:40,37.666666666666664,147,3pt,MISS White 26' 3PT Jump Shot,[],White,18,28,Missed,True,False,1629632.0,,2pt made,rebound,,,,1626245|1627853|1627885|1628370|1628970|1628984|1628998|1629632|201152|202687,1626245|1627853|1627885|1629632|201152,1628370|1628970|1628984|1628998|202687,-141.0,221.0,1610612741.0,21900823,True
1,PT01M37.00S,01:37,Q1 01:37,37.61666666666667,148,rebound,Biyombo REBOUND (Off:0 Def:2),[],Biyombo,18,28,,False,False,202687.0,,3pt missed,3pt missed,,,,1626245|1627853|1627885|1628370|1628970|1628984|1628998|1629632|201152|202687,1628370|1628970|1628984|1628998|202687,1626245|1627853|1627885|1629632|201152,,,1610612766.0,21900823,True
1,PT01M28.00S,01:28,Q1 01:28,37.46666666666667,149,3pt,MISS Graham 25' 3PT Step Back Jump Shot,[],Graham,18,28,Missed,True,False,1628984.0,,rebound,rebound,,,,1626245|1627853|1627885|1628370|1628970|1628984|1628998|1629632|201152|202687,1628370|1628970|1628984|1628998|202687,1626245|1627853|1627885|1629632|201152,-176.0,181.0,1610612766.0,21900823,True
1,PT01M26.00S,01:26,Q1 01:26,37.43333333333333,150,rebound,Co. Martin REBOUND (Off:1 Def:0),[],Martin,18,28,,False,False,1628998.0,,3pt missed,2pt made,,,,1626245|1627853|1627885|1628370|1628970|1628984|1628998|1629632|201152|202687,1628370|1628970|1628984|1628998|202687,1626245|1627853|1627885|1629632|201152,,,1610612766.0,21900823,True
1,PT01M24.00S,01:24,Q1 01:24,37.4,151,2pt,Co. Martin 1' Putback Layup (2 PTS),['pointsinthepaint'],Martin,18,30,Made,True,False,1628998.0,,rebound,2pt missed,,,,1626245|1627853|1627885|1628370|1628970|1628984|1628998|1629632|201152|202687,1628370|1628970|1628984|1628998|202687,1626245|1627853|1627885|1629632|201152,13.0,-4.0,1610612766.0,21900823,True
1,PT00M59.70S,00:59,Q1 00:59,36.995,152,2pt,MISS Arcidiacono 22' Pullup Jump Shot,[],Arcidiacono,18,30,Missed,True,False,1627853.0,,2pt made,rebound,,,,1626245|1627853|1627885|1628370|1628970|1628984|1628998|1629632|201152|202687,1626245|1627853|1627885|1629632|201152,1628370|1628970|1628984|1628998|202687,79.0,201.0,1610612741.0,21900823,True
1,PT00M57.10S,00:57,Q1 00:57,36.95166666666667,153,rebound,Co. Martin REBOUND (Off:1 Def:1),[],Martin,18,30,,False,False,1628998.0,,2pt missed,turnover,,,,1626245|1627853|1627885|1628370|1628970|1628984|1628998|1629632|201152|202687,1628370|1628970|1628984|1628998|202687,1626245|1627853|1627885|1629632|201152,,,1610612766.0,21900823,True
1,PT00M54.80S,00:54,Q1 00:54,36.913333333333334,154,turnover,Biyombo Out of Bounds Lost Ball Turnover (P1.T3),[],Biyombo,18,30,,False,False,202687.0,,rebound,substitution,,,,1626245|1627853|1627885|1628370|1628970|1628984|1628998|1629632|201152|202687,1628370|1628970|1628984|1628998|202687,1626245|1627853|1627885|1629632|201152,,,1610612766.0,21900823,True
1,PT00M54.80S,00:54,Q1 00:54,36.913333333333334,155,substitution,SUB out: C. Martin,[],Martin,18,30,,False,False,1628998.0,,turnover,substitution,,,,1626245|1627853|1627885|1628370|1628970|1628984|1629632|201152|202687,1628370|1628970|1628984|202687,1626245|1627853|1627885|1629632|201152,,,1610612766.0,21900823,False
1,PT00M54.80S,00:54,Q1 00:54,36.913333333333334,156,substitution,SUB in: J. McDaniels,[],McDaniels,18,30,,False,False,1629667.0,,substitution,2pt missed,,,,1626245|1627853|1627885|1628370|1628970|1628984|1629632|1629667|201152|202687,1628370|1628970|1628984|1629667|202687,1626245|1627853|1627885|1629632|201152,,,1610612766.0,21900823,True
1,PT00M36.30S,00:36,Q1 00:36,36.605,157,2pt,MISS White 3' Driving Layup,['pointsinthepaint'],White,18,30,Missed,True,False,1629632.0,,substitution,rebound,,,,1626245|1627853|1627885|1628370|1628970|1628984|1629632|1629667|201152|202687,1626245|1627853|1627885|1629632|201152,1628370|1628970|1628984|1629667|202687,-30.0,-1.0,1610612741.0,21900823,True
1,PT00M33.60S,00:33,Q1 00:33,36.56,158,rebound,Felicio REBOUND (Off:1 Def:2),[],Felicio,18,30,,False,False,1626245.0,,2pt missed,2pt made,,,,1626245|1627853|1627885|1628370|1628970|1628984|1629632|1629667|201152|202687,1626245|1627853|1627885|1629632|201152,1628370|1628970|1628984|1629667|202687,,,1610612741.0,21900823,True
1,PT00M33.60S,00:33,Q1 00:33,36.56,159,2pt,Felicio 1' Tip Dunk Shot (2 PTS),['pointsinthepaint'],Felicio,20,30,Made,True,False,1626245.0,,rebound,3pt made,,,,1626245|1627853|1627885|1628370|1628970|1628984|1629632|1629667|201152|202687,1626245|1627853|1627885|1629632|201152,1628370|1628970|1628984|1629667|202687,0.0,-6.0,1610612741.0,21900823,True
1,PT00M11.50S,00:11,Q1 00:11,36.19166666666667,160,3pt,Monk 33' 3PT Jump Shot (11 PTS) (Graham 3 AST),[],Monk,20,33,Made,True,True,1628370.0,1628984.0,2pt made,3pt missed,,,,1626245|1627853|1627885|1628370|1628970|1628984|1629632|1629667|201152|202687,1628370|1628970|1628984|1629667|202687,1626245|1627853|1627885|1629632|201152,-153.0,290.0,1610612766.0,21900823,True
1,PT00M00.00S,00:00,Q1 00:00,36.0,162,3pt,MISS White 26' 3PT Pullup Jump Shot,[],White,20,33,Missed,True,False,1629632.0,,3pt made,rebound,,,,1626245|1627853|1627885|1628370|1628970|1628984|1629632|1629667|201152|202687,1626245|1627853|1627885|1629632|201152,1628370|1628970|1628984|1629667|202687,141.0,215.0,1610612741.0,21900823,True
1,PT00M00.00S,00:00,Q1 00:00,36.0,163,rebound,TEAM offensive REBOUND,['team'],,20,33,,False,False,0.0,,3pt missed,period,,,,1626245|1627853|1627885|1628370|1628970|1628984|1629632|1629667|201152|202687,1626245|1627853|1627885|1629632|201152,1628370|1628970|1628984|1629667|202687,,,1610612741.0,21900823,True
1,PT00M00.00S,00:00,Q1 00:00,36.0,164,period,End of 1st Period (8:35 PM EST),[],,20,33,,False,False,0.0,,rebound,period,,,,1626245|1627853|1627885|1628370|1628970|1628984|1629632|1629667|201152|202687,1626245|1627853|1627885|1629632|201152,1628370|1628970|1628984|1629667|202687,,,1610612741.0,21900823,True
2,PT12M00.00S,12:00,Q2 12:00,36.0,167,period,Start of 2nd Period (8:38 PM EST),[],,20,33,,False,False,0.0,,period,substitution,,,,1626245|1627853|1627885|1628370|1628970|1628984|1629632|1629667|201152|202687,1626245|1627853|1627885|1629632|201152,1628370|1628970|1628984|1629667|202687,,,1610612741.0,21900823,True
2,PT11M39.00S,11:39,Q2 11:39,35.65,168,2pt,MISS Harrison 4' Driving Layup,['pointsinthepaint'],Harrison,20,33,Missed,True,False,1627885.0,,substitution,block,,,,1626245|1627853|1627885|1628370|1628970|1628984|1629023|1629632|1629667|201152,1626245|1627853|1627885|1629632|201152,1628370|1628970|1628984|1629023|1629667,3.0,36.0,1610612741.0,21900823,True
2,PT11M39.00S,11:39,Q2 11:39,35.65,168,block,Washington BLOCK (1 BLK),[],Washington,20,33,,False,False,1629023.0,,2pt missed,rebound,,,1629023.0,1626245|1627853|1627885|1628370|1628970|1628984|1629023|1629632|1629667|201152,1628370|1628970|1628984|1629023|1629667,1626245|1627853|1627885|1629632|201152,,,1610612766.0,21900823,True
2,PT11M34.00S,11:34,Q2 11:34,35.56666666666666,170,rebound,Young REBOUND (Off:2 Def:2),[],Young,20,33,,False,False,201152.0,,block,2pt made,,,,1626245|1627853|1627885|1628370|1628970|1628984|1629023|1629632|1629667|201152,1626245|1627853|1627885|1629632|201152,1628370|1628970|1628984|1629023|1629667,,,1610612741.0,21900823,True
2,PT11M34.00S,11:34,Q2 11:34,35.56666666666666,171,2pt,Young 1' Tip Layup Shot (2 PTS),['pointsinthepaint'],Young,22,33,Made,True,False,201152.0,,rebound,turnover,,,,1626245|1627853|1627885|1628370|1628970|1628984|1629023|1629632|1629667|201152,1626245|1627853|1627885|1629632|201152,1628370|1628970|1628984|1629023|1629667,0.0,-6.0,1610612741.0,21900823,True
2,PT11M31.00S,11:31,Q2 11:31,35.516666666666666,172,turnover,Graham Bad Pass Turnover (P1.T4),[],Graham,22,33,,False,False,1628984.0,,2pt made,steal,,,,1626245|1627853|1627885|1628370|1628970|1628984|1629023|1629632|1629667|201152,1628370|1628970|1628984|1629023|1629667,1626245|1627853|1627885|1629632|201152,,,1610612766.0,21900823,True
2,PT11M31.00S,11:31,Q2 11:31,35.516666666666666,172,steal,Young STEAL (2 STL),[],Young,22,33,,False,False,201152.0,,turnover,foul,,201152.0,,1626245|1627853|1627885|1628370|1628970|1628984|1629023|1629632|1629667|201152,1626245|1627853|1627885|1629632|201152,1628370|1628970|1628984|1629023|1629667,,,1610612741.0,21900823,True
2,PT11M30.00S,11:30,Q2 11:30,35.5,174,foul,Graham Personal Take Foul (P1.T1) (S.Twardoski),[],Graham,22,33,,False,False,1628984.0,,steal,2pt missed,201152.0,,,1626245|1627853|1627885|1628370|1628970|1628984|1629023|1629632|1629667|201152,1628370|1628970|1628984|1629023|1629667,1626245|1627853|1627885|1629632|201152,,,1610612766.0,21900823,True
2,PT11M17.00S,11:17,Q2 11:17,35.28333333333333,176,2pt,MISS Young 1' Driving Layup,['pointsinthepaint'],Young,22,33,Missed,True,False,201152.0,,foul,rebound,,,,1626245|1627853|1627885|1628370|1628970|1628984|1629023|1629632|1629667|201152,1626245|1627853|1627885|1629632|201152,1628370|1628970|1628984|1629023|1629667,-9.0,6.0,1610612741.0,21900823,True
2,PT11M16.00S,11:16,Q2 11:16,35.266666666666666,177,rebound,Bridges REBOUND (Off:1 Def:3),[],Bridges,22,33,,False,False,1628970.0,,2pt missed,2pt made,,,,1626245|1627853|1627885|1628370|1628970|1628984|1629023|1629632|1629667|201152,1628370|1628970|1628984|1629023|1629667,1626245|1627853|1627885|1629632|201152,,,1610612766.0,21900823,True
2,PT11M12.00S,11:12,Q2 11:12,35.2,178,2pt,Monk Alley Oop Dunk (13 PTS) (Graham 4 AST),['pointsinthepaint'],Monk,22,35,Made,True,True,1628370.0,1628984.0,rebound,2pt missed,,,,1626245|1627853|1627885|1628370|1628970|1628984|1629023|1629632|1629667|201152,1628370|1628970|1628984|1629023|1629667,1626245|1627853|1627885|1629632|201152,2.0,-3.0,1610612766.0,21900823,True
2,PT11M01.00S,11:01,Q2 11:01,35.016666666666666,180,2pt,MISS Young Layup,['pointsinthepaint'],Young,22,35,Missed,True,False,201152.0,,2pt made,rebound,,,,1626245|1627853|1627885|1628370|1628970|1628984|1629023|1629632|1629667|201152,1626245|1627853|1627885|1629632|201152,1628370|1628970|1628984|1629023|1629667,-4.0,-1.0,1610612741.0,21900823,True
2,PT10M58.00S,10:58,Q2 10:58,34.96666666666667,181,rebound,Harrison REBOUND (Off:1 Def:0),[],Harrison,22,35,,False,False,1627885.0,,2pt missed,2pt made,,,,1626245|1627853|1627885|1628370|1628970|1628984|1629023|1629632|1629667|201152,1626245|1627853|1627885|1629632|201152,1628370|1628970|1628984|1629023|1629667,,,1610612741.0,21900823,True
2,PT10M58.00S,10:58,Q2 10:58,34.96666666666667,182,2pt,Harrison 1' Putback Layup (6 PTS),['pointsinthepaint'],Harrison,24,35,Made,True,False,1627885.0,,rebound,foul,,,,1626245|1627853|1627885|1628370|1628970|1628984|1629023|1629632|1629667|201152,1626245|1627853|1627885|1629632|201152,1628370|1628970|1628984|1629023|1629667,0.0,-6.0,1610612741.0,21900823,True
2,PT10M52.00S,10:52,Q2 10:52,34.86666666666667,183,foul,White P.FOUL (P1.T1) (L.Wood),[],White,24,35,,False,False,1629632.0,,2pt made,turnover,1628984.0,,,1626245|1627853|1627885|1628370|1628970|1628984|1629023|1629632|1629667|201152,1626245|1627853|1627885|1629632|201152,1628370|1628970|1628984|1629023|1629667,,,1610612741.0,21900823,True
2,PT10M42.00S,10:42,Q2 10:42,34.7,185,turnover,Graham Lost Ball Turnover (P2.T5),[],Graham,24,35,,False,False,1628984.0,,foul,steal,,,,1626245|1627853|1627885|1628370|1628970|1628984|1629023|1629632|1629667|201152,1628370|1628970|1628984|1629023|1629667,1626245|1627853|1627885|1629632|201152,,,1610612766.0,21900823,True
2,PT10M42.00S,10:42,Q2 10:42,34.7,185,steal,Young STEAL (3 STL),[],Young,24,35,,False,False,201152.0,,turnover,2pt made,,201152.0,,1626245|1627853|1627885|1628370|1628970|1628984|1629023|1629632|1629667|201152,1626245|1627853|1627885|1629632|201152,1628370|1628970|1628984|1629023|1629667,,,1610612741.0,21900823,True
2,PT10M38.00S,10:38,Q2 10:38,34.63333333333333,187,2pt,Harrison 1' Running Dunk (8 PTS) (White 2 AST),['pointsinthepaint'],Harrison,26,35,Made,True,True,1627885.0,1629632.0,steal,3pt missed,,,,1626245|1627853|1627885|1628370|1628970|1628984|1629023|1629632|1629667|201152,1626245|1627853|1627885|1629632|201152,1628370|1628970|1628984|1629023|1629667,13.0,-4.0,1610612741.0,21900823,True
2,PT10M20.00S,10:20,Q2 10:20,34.333333333333336,189,3pt,MISS Monk 3PT Jump Shot,[],Monk,26,35,Missed,True,False,1628370.0,,2pt made,rebound,,,,1626245|1627853|1627885|1628370|1628970|1628984|1629023|1629632|1629667|201152,1628370|1628970|1628984|1629023|1629667,1626245|1627853|1627885|1629632|201152,-234.0,-17.0,1610612766.0,21900823,True
2,PT10M17.00S,10:17,Q2 10:17,34.28333333333333,190,rebound,Bridges REBOUND (Off:2 Def:3),[],Bridges,26,35,,False,False,1628970.0,,3pt missed,2pt made,,,,1626245|1627853|1627885|1628370|1628970|1628984|1629023|1629632|1629667|201152,1628370|1628970|1628984|1629023|1629667,1626245|1627853|1627885|1629632|201152,,,1610612766.0,21900823,True
2,PT10M16.00S,10:16,Q2 10:16,34.266666666666666,191,2pt,Bridges 2' Putback Dunk (6 PTS),['pointsinthepaint'],Bridges,26,37,Made,True,False,1628970.0,,rebound,turnover,,,,1626245|1627853|1627885|1628370|1628970|1628984|1629023|1629632|1629667|201152,1628370|1628970|1628984|1629023|1629667,1626245|1627853|1627885|1629632|201152,-1.0,15.0,1610612766.0,21900823,True
2,PT09M59.00S,09:59,Q2 09:59,33.983333333333334,192,turnover,White Lost Ball Turnover (P1.T3),[],White,26,37,,False,False,1629632.0,,2pt made,steal,,,,1626245|1627853|1627885|1628370|1628970|1628984|1629023|1629632|1629667|201152,1626245|1627853|1627885|1629632|201152,1628370|1628970|1628984|1629023|1629667,,,1610612741.0,21900823,True
2,PT09M59.00S,09:59,Q2 09:59,33.983333333333334,192,steal,Graham STEAL (1 STL),[],Graham,26,37,,False,False,1628984.0,,turnover,2pt made,,1628984.0,,1626245|1627853|1627885|1628370|1628970|1628984|1629023|1629632|1629667|201152,1628370|1628970|1628984|1629023|1629667,1626245|1627853|1627885|1629632|201152,,,1610612766.0,21900823,True
2,PT09M49.00S,09:49,Q2 09:49,33.81666666666666,194,2pt,Bridges 1' Cutting Dunk Shot (8 PTS) (Monk 1 AST),['pointsinthepaint'],Bridges,26,39,Made,True,True,1628970.0,1628370.0,steal,2pt made,,,,1626245|1627853|1627885|1628370|1628970|1628984|1629023|1629632|1629667|201152,1628370|1628970|1628984|1629023|1629667,1626245|1627853|1627885|1629632|201152,-3.0,-10.0,1610612766.0,21900823,True
2,PT09M34.00S,09:34,Q2 09:34,33.56666666666666,196,2pt,Young 2' Layup (4 PTS) (White 3 AST),['pointsinthepaint'],Young,28,39,Made,True,True,201152.0,1629632.0,2pt made,3pt missed,,,,1626245|1627853|1627885|1628370|1628970|1628984|1629023|1629632|1629667|201152,1626245|1627853|1627885|1629632|201152,1628370|1628970|1628984|1629023|1629667,-19.0,-8.0,1610612741.0,21900823,True
2,PT09M19.00S,09:19,Q2 09:19,33.31666666666666,198,3pt,MISS Graham 24' 3PT Jump Shot,[],Graham,28,39,Missed,True,False,1628984.0,,2pt made,rebound,,,,1626245|1627853|1627885|1628370|1628970|1628984|1629023|1629632|1629667|201152,1628370|1628970|1628984|1629023|1629667,1626245|1627853|1627885|1629632|201152,234.0,-25.0,1610612766.0,21900823,True
2,PT09M14.00S,09:14,Q2 09:14,33.233333333333334,199,rebound,Washington REBOUND (Off:2 Def:0),[],Washington,28,39,,False,False,1629023.0,,3pt missed,2pt made,,,,1626245|1627853|1627885|1628370|1628970|1628984|1629023|1629632|1629667|201152,1628370|1628970|1628984|1629023|1629667,1626245|1627853|1627885|1629632|201152,,,1610612766.0,21900823,True
2,PT09M14.00S,09:14,Q2 09:14,33.233333333333334,200,2pt,Washington 1' Putback Layup (9 PTS),['pointsinthepaint'],Washington,28,41,Made,True,False,1629023.0,,rebound,foul,,,,1626245|1627853|1627885|1628370|1628970|1628984|1629023|1629632|1629667|201152,1628370|1628970|1628984|1629023|1629667,1626245|1627853|1627885|1629632|201152,0.0,-6.0,1610612766.0,21900823,True
2,PT09M06.00S,09:06,Q2 09:06,33.1,201,foul,McDaniels S.FOUL (P1.T2) (L.Wood),[],McDaniels,28,41,,False,False,1629667.0,,2pt made,freethrow,1629632.0,,,1626245|1627853|1627885|1628370|1628970|1628984|1629023|1629632|1629667|201152,1628370|1628970|1628984|1629023|1629667,1626245|1627853|1627885|1629632|201152,,,1610612766.0,21900823,True
2,PT09M06.00S,09:06,Q2 09:06,33.1,203,freethrow,White Free Throw 1 of 2 (2 PTS),[],White,29,41,Made,False,False,1629632.0,,foul,freethrow,,,,1626245|1627853|1627885|1628370|1628970|1628984|1629023|1629632|1629667|201152,1626245|1627853|1627885|1629632|201152,1628370|1628970|1628984|1629023|1629667,,,1610612741.0,21900823,True
2,PT09M06.00S,09:06,Q2 09:06,33.1,208,freethrow,White Free Throw 2 of 2 (3 PTS),[],White,30,41,Made,False,False,1629632.0,,freethrow,substitution,,,,1626245|1627853|1627885|1628370|1628970|1628984|1629023|1629632|1629667|201152,1626245|1627853|1627885|1629632|201152,1628370|1628970|1628984|1629023|1629667,,,1610612741.0,21900823,True
2,PT09M06.00S,09:06,Q2 09:06,33.1,204,substitution,SUB out: M. Bridges,[],Bridges,29,41,,False,False,1628970.0,,freethrow,substitution,,,,1626245|1627853|1627885|1628370|1628984|1629023|1629632|1629667|201152,1628370|1628984|1629023|1629667,1626245|1627853|1627885|1629632|201152,,,1610612766.0,21900823,False
2,PT09M06.00S,09:06,Q2 09:06,33.1,205,substitution,SUB out: M. Monk,[],Monk,29,41,,False,False,1628370.0,,substitution,substitution,,,,1626245|1627853|1627885|1628984|1629023|1629632|1629667|201152,1628984|1629023|1629667,1626245|1627853|1627885|1629632|201152,,,1610612766.0,21900823,False
2,PT09M06.00S,09:06,Q2 09:06,33.1,206,substitution,SUB in: C. Martin,[],Martin,29,41,,False,False,1628998.0,,substitution,substitution,,,,1626245|1627853|1627885|1628984|1628998|1629023|1629632|1629667|201152,1628984|1628998|1629023|1629667,1626245|1627853|1627885|1629632|201152,,,1610612766.0,21900823,False
2,PT09M06.00S,09:06,Q2 09:06,33.1,207,substitution,SUB in: C. Zeller,[],Zeller,29,41,,False,False,203469.0,,substitution,2pt made,,,,1626245|1627853|1627885|1628984|1628998|1629023|1629632|1629667|201152|203469,1628984|1628998|1629023|1629667|203469,1626245|1627853|1627885|1629632|201152,,,1610612766.0,21900823,True
2,PT08M41.00S,08:41,Q2 08:41,32.68333333333334,209,2pt,Washington 8' Driving Floating Jump Shot (11 PTS) (Graham 5 AST),['pointsinthepaint'],Washington,30,43,Made,True,True,1629023.0,1628984.0,substitution,2pt missed,,,,1626245|1627853|1627885|1628984|1628998|1629023|1629632|1629667|201152|203469,1628984|1628998|1629023|1629667|203469,1626245|1627853|1627885|1629632|201152,-45.0,63.0,1610612766.0,21900823,True
2,PT08M22.00S,08:22,Q2 08:22,32.36666666666667,211,2pt,MISS Felicio 17' Jump Shot,[],Felicio,30,43,Missed,True,False,1626245.0,,2pt made,rebound,,,,1626245|1627853|1627885|1628984|1628998|1629023|1629632|1629667|201152|203469,1626245|1627853|1627885|1629632|201152,1628984|1628998|1629023|1629667|203469,-166.0,17.0,1610612741.0,21900823,True
2,PT08M21.00S,08:21,Q2 08:21,32.35,212,rebound,TEAM offensive REBOUND,['team'],,30,43,,False,False,0.0,,2pt missed,substitution,,,,1626245|1627853|1627885|1628984|1628998|1629023|1629632|1629667|201152|203469,1626245|1627853|1627885|1629632|201152,1628984|1628998|1629023|1629667|203469,,,1610612741.0,21900823,True
2,PT08M21.00S,08:21,Q2 08:21,32.35,214,substitution,SUB out: C. White,[],White,30,43,,False,False,1629632.0,,rebound,substitution,,,,1626245|1627853|1627885|1628984|1628998|1629023|1629667|201152|203469,1626245|1627853|1627885|201152,1628984|1628998|1629023|1629667|203469,,,1610612741.0,21900823,False
2,PT08M21.00S,08:21,Q2 08:21,32.35,215,substitution,SUB out: C. Felicio,[],Felicio,30,43,,False,False,1626245.0,,substitution,substitution,,,,1627853|1627885|1628984|1628998|1629023|1629667|201152|203469,1627853|1627885|201152,1628984|1628998|1629023|1629667|203469,,,1610612741.0,21900823,False
2,PT08M21.00S,08:21,Q2 08:21,32.35,216,substitution,SUB out: T. Young,[],Young,30,43,,False,False,201152.0,,substitution,substitution,,,,1627853|1627885|1628984|1628998|1629023|1629667|203469,1627853|1627885,1628984|1628998|1629023|1629667|203469,,,1610612741.0,21900823,False
2,PT08M21.00S,08:21,Q2 08:21,32.35,217,substitution,SUB in: D. Gafford,[],Gafford,30,43,,False,False,1629655.0,,substitution,substitution,,,,1627853|1627885|1628984|1628998|1629023|1629655|1629667|203469,1627853|1627885|1629655,1628984|1628998|1629023|1629667|203469,,,1610612741.0,21900823,False
2,PT08M21.00S,08:21,Q2 08:21,32.35,218,substitution,SUB in: L. Kornet,[],Kornet,30,43,,False,False,1628436.0,,substitution,substitution,,,,1627853|1627885|1628436|1628984|1628998|1629023|1629655|1629667|203469,1627853|1627885|1628436|1629655,1628984|1628998|1629023|1629667|203469,,,1610612741.0,21900823,False
2,PT08M21.00S,08:21,Q2 08:21,32.35,219,substitution,SUB in: Z. LaVine,[],LaVine,30,43,,False,False,203897.0,,substitution,3pt missed,,,,1627853|1627885|1628436|1628984|1628998|1629023|1629655|1629667|203469|203897,1627853|1627885|1628436|1629655|203897,1628984|1628998|1629023|1629667|203469,,,1610612741.0,21900823,True
2,PT08M12.00S,08:12,Q2 08:12,32.2,220,3pt,MISS Harrison 24' 3PT Pullup Jump Shot,[],Harrison,30,43,Missed,True,False,1627885.0,,substitution,rebound,,,,1627853|1627885|1628436|1628984|1628998|1629023|1629655|1629667|203469|203897,1627853|1627885|1628436|1629655|203897,1628984|1628998|1629023|1629667|203469,62.0,234.0,1610612741.0,21900823,True
2,PT08M09.00S,08:09,Q2 08:09,32.15,221,rebound,Graham REBOUND (Off:0 Def:2),[],Graham,30,43,,False,False,1628984.0,,3pt missed,2pt made,,,,1627853|1627885|1628436|1628984|1628998|1629023|1629655|1629667|203469|203897,1628984|1628998|1629023|1629667|203469,1627853|1627885|1628436|1629655|203897,,,1610612766.0,21900823,True
2,PT07M59.00S,07:59,Q2 07:59,31.983333333333334,222,2pt,Zeller Driving Dunk (8 PTS) (Graham 6 AST),['pointsinthepaint'],Zeller,30,45,Made,True,True,203469.0,1628984.0,rebound,3pt missed,,,,1627853|1627885|1628436|1628984|1628998|1629023|1629655|1629667|203469|203897,1628984|1628998|1629023|1629667|203469,1627853|1627885|1628436|1629655|203897,0.0,-3.0,1610612766.0,21900823,True
2,PT07M41.00S,07:41,Q2 07:41,31.683333333333334,225,3pt,MISS LaVine 26' 3PT Jump Shot,[],LaVine,30,45,Missed,True,False,203897.0,,2pt made,rebound,,,,1627853|1627885|1628436|1628984|1628998|1629023|1629655|1629667|203469|203897,1627853|1627885|1628436|1629655|203897,1628984|1628998|1629023|1629667|203469,-3.0,258.0,1610612741.0,21900823,True
2,PT07M39.00S,07:39,Q2 07:39,31.65,226,rebound,McDaniels REBOUND (Off:0 Def:1),[],McDaniels,30,45,,False,False,1629667.0,,3pt missed,turnover,,,,1627853|1627885|1628436|1628984|1628998|1629023|1629655|1629667|203469|203897,1628984|1628998|1629023|1629667|203469,1627853|1627885|1628436|1629655|203897,,,1610612766.0,21900823,True
2,PT07M32.00S,07:32,Q2 07:32,31.53333333333333,227,turnover,Graham Lost Ball Turnover (P3.T6),[],Graham,30,45,,False,False,1628984.0,,rebound,steal,,,,1627853|1627885|1628436|1628984|1628998|1629023|1629655|1629667|203469|203897,1628984|1628998|1629023|1629667|203469,1627853|1627885|1628436|1629655|203897,,,1610612766.0,21900823,True
2,PT07M32.00S,07:32,Q2 07:32,31.53333333333333,227,steal,Gafford STEAL (1 STL),[],Gafford,30,45,,False,False,1629655.0,,turnover,foul,,1629655.0,,1627853|1627885|1628436|1628984|1628998|1629023|1629655|1629667|203469|203897,1627853|1627885|1628436|1629655|203897,1628984|1628998|1629023|1629667|203469,,,1610612741.0,21900823,True
2,PT07M24.00S,07:24,Q2 07:24,31.4,229,foul,Zeller S.FOUL (P1.T3) (S.Twardoski),[],Zeller,30,45,,False,False,203469.0,,steal,freethrow,1627885.0,,,1627853|1627885|1628436|1628984|1628998|1629023|1629655|1629667|203469|203897,1628984|1628998|1629023|1629667|203469,1627853|1627885|1628436|1629655|203897,,,1610612766.0,21900823,True
2,PT07M24.00S,07:24,Q2 07:24,31.4,231,freethrow,MISS Harrison Free Throw 1 of 2,[],Harrison,30,45,Missed,False,False,1627885.0,,foul,rebound,,,,1627853|1627885|1628436|1628984|1628998|1629023|1629655|1629667|203469|203897,1627853|1627885|1628436|1629655|203897,1628984|1628998|1629023|1629667|203469,,,1610612741.0,21900823,True
2,PT07M24.00S,07:24,Q2 07:24,31.4,232,rebound,TEAM offensive REBOUND,['team'],,30,45,,False,False,0.0,,freethrow,freethrow,,,,1627853|1627885|1628436|1628984|1628998|1629023|1629655|1629667|203469|203897,1627853|1627885|1628436|1629655|203897,1628984|1628998|1629023|1629667|203469,,,1610612741.0,21900823,True
2,PT07M24.00S,07:24,Q2 07:24,31.4,235,freethrow,Harrison Free Throw 2 of 2 (9 PTS),[],Harrison,31,45,Made,False,False,1627885.0,,rebound,substitution,,,,1627853|1627885|1628436|1628984|1628998|1629023|1629655|1629667|203469|203897,1627853|1627885|1628436|1629655|203897,1628984|1628998|1629023|1629667|203469,,,1610612741.0,21900823,True
2,PT07M24.00S,07:24,Q2 07:24,31.4,233,substitution,SUB out: D. Graham,[],Graham,30,45,,False,False,1628984.0,,freethrow,substitution,,,,1627853|1627885|1628436|1628998|1629023|1629655|1629667|203469|203897,1628998|1629023|1629667|203469,1627853|1627885|1628436|1629655|203897,,,1610612766.0,21900823,False
2,PT07M24.00S,07:24,Q2 07:24,31.4,234,substitution,SUB in: T. Rozier,[],Rozier,30,45,,False,False,1626179.0,,substitution,turnover,,,,1626179|1627853|1627885|1628436|1628998|1629023|1629655|1629667|203469|203897,1626179|1628998|1629023|1629667|203469,1627853|1627885|1628436|1629655|203897,,,1610612766.0,21900823,True
2,PT07M13.00S,07:13,Q2 07:13,31.21666666666667,236,turnover,Co. Martin Traveling Turnover (P1.T7),[],Martin,31,45,,False,False,1628998.0,,substitution,substitution,,,,1626179|1627853|1627885|1628436|1628998|1629023|1629655|1629667|203469|203897,1626179|1628998|1629023|1629667|203469,1627853|1627885|1628436|1629655|203897,,,1610612766.0,21900823,True
2,PT07M13.00S,07:13,Q2 07:13,31.21666666666667,237,substitution,SUB out: S. Harrison,[],Harrison,31,45,,False,False,1627885.0,,turnover,substitution,,,,1626179|1627853|1628436|1628998|1629023|1629655|1629667|203469|203897,1627853|1628436|1629655|203897,1626179|1628998|1629023|1629667|203469,,,1610612741.0,21900823,False
2,PT07M13.00S,07:13,Q2 07:13,31.21666666666667,238,substitution,SUB in: T. Satoransky,[],Satoransky,31,45,,False,False,203107.0,,substitution,turnover,,,,1626179|1627853|1628436|1628998|1629023|1629655|1629667|203107|203469|203897,1627853|1628436|1629655|203107|203897,1626179|1628998|1629023|1629667|203469,,,1610612741.0,21900823,True
2,PT07M01.00S,07:01,Q2 07:01,31.016666666666666,239,turnover,Gafford Out of Bounds - Bad Pass Turnover Turnover (P1.T4),[],Gafford,31,45,,False,False,1629655.0,,substitution,2pt missed,,,,1626179|1627853|1628436|1628998|1629023|1629655|1629667|203107|203469|203897,1627853|1628436|1629655|203107|203897,1626179|1628998|1629023|1629667|203469,,,1610612741.0,21900823,True
2,PT06M38.00S,06:38,Q2 06:38,30.633333333333333,240,2pt,MISS Washington 13' Turnaround Fadeaway Shot,[],Washington,31,45,Missed,True,False,1629023.0,,turnover,rebound,,,,1626179|1627853|1628436|1628998|1629023|1629655|1629667|203107|203469|203897,1626179|1628998|1629023|1629667|203469,1627853|1628436|1629655|203107|203897,-131.0,31.0,1610612766.0,21900823,True
2,PT06M35.00S,06:35,Q2 06:35,30.583333333333332,241,rebound,LaVine REBOUND (Off:0 Def:2),[],LaVine,31,45,,False,False,203897.0,,2pt missed,foul,,,,1626179|1627853|1628436|1628998|1629023|1629655|1629667|203107|203469|203897,1627853|1628436|1629655|203107|203897,1626179|1628998|1629023|1629667|203469,,,1610612741.0,21900823,True
2,PT06M28.00S,06:28,Q2 06:28,30.46666666666667,242,foul,Zeller S.FOUL (P2.T4) (K.Mauer),[],Zeller,31,45,,False,False,203469.0,,rebound,timeout,203897.0,,,1626179|1627853|1628436|1628998|1629023|1629655|1629667|203107|203469|203897,1626179|1628998|1629023|1629667|203469,1627853|1628436|1629655|203107|203897,,,1610612766.0,21900823,True
2,PT06M28.00S,06:28,Q2 06:28,30.46666666666667,244,timeout,BULLS Timeout: Regular (Full 2 Short 0),[],,31,45,,False,False,0.0,,foul,freethrow,,,,1626179|1627853|1628436|1628998|1629023|1629655|1629667|203107|203469|203897,1627853|1628436|1629655|203107|203897,1626179|1628998|1629023|1629667|203469,,,1610612741.0,21900823,True
2,PT06M28.00S,06:28,Q2 06:28,30.46666666666667,245,freethrow,LaVine Free Throw 1 of 2 (7 PTS),[],LaVine,32,45,Made,False,False,203897.0,,timeout,freethrow,,,,1626179|1627853|1628436|1628998|1629023|1629655|1629667|203107|203469|203897,1627853|1628436|1629655|203107|203897,1626179|1628998|1629023|1629667|203469,,,1610612741.0,21900823,True
2,PT06M28.00S,06:28,Q2 06:28,30.46666666666667,246,freethrow,LaVine Free Throw 2 of 2 (8 PTS),[],LaVine,33,45,Made,False,False,203897.0,,freethrow,3pt missed,,,,1626179|1627853|1628436|1628998|1629023|1629655|1629667|203107|203469|203897,1627853|1628436|1629655|203107|203897,1626179|1628998|1629023|1629667|203469,,,1610612741.0,21900823,True
2,PT06M16.00S,06:16,Q2 06:16,30.266666666666666,247,3pt,MISS Rozier 25' 3PT Jump Shot,[],Rozier,33,45,Missed,True,False,1626179.0,,freethrow,rebound,,,,1626179|1627853|1628436|1628998|1629023|1629655|1629667|203107|203469|203897,1626179|1628998|1629023|1629667|203469,1627853|1628436|1629655|203107|203897,-17.0,251.0,1610612766.0,21900823,True
2,PT06M10.00S,06:10,Q2 06:10,30.166666666666668,248,rebound,Arcidiacono REBOUND (Off:0 Def:2),[],Arcidiacono,33,45,,False,False,1627853.0,,3pt missed,3pt missed,,,,1626179|1627853|1628436|1628998|1629023|1629655|1629667|203107|203469|203897,1627853|1628436|1629655|203107|203897,1626179|1628998|1629023|1629667|203469,,,1610612741.0,21900823,True
2,PT06M05.00S,06:05,Q2 06:05,30.083333333333332,249,3pt,MISS Kornet 26' 3PT Jump Shot,[],Kornet,33,45,Missed,True,False,1628436.0,,rebound,rebound,,,,1626179|1627853|1628436|1628998|1629023|1629655|1629667|203107|203469|203897,1627853|1628436|1629655|203107|203897,1626179|1628998|1629023|1629667|203469,-53.0,251.0,1610612741.0,21900823,True
2,PT06M01.00S,06:01,Q2 06:01,30.016666666666666,250,rebound,Gafford REBOUND (Off:1 Def:1),[],Gafford,33,45,,False,False,1629655.0,,3pt missed,3pt missed,,,,1626179|1627853|1628436|1628998|1629023|1629655|1629667|203107|203469|203897,1627853|1628436|1629655|203107|203897,1626179|1628998|1629023|1629667|203469,,,1610612741.0,21900823,True
2,PT05M52.00S,05:52,Q2 05:52,29.866666666666667,251,3pt,MISS LaVine 24' 3PT Step Back Jump Shot,[],LaVine,33,45,Missed,True,False,203897.0,,rebound,rebound,,,,1626179|1627853|1628436|1628998|1629023|1629655|1629667|203107|203469|203897,1627853|1628436|1629655|203107|203897,1626179|1628998|1629023|1629667|203469,-118.0,210.0,1610612741.0,21900823,True
2,PT05M49.00S,05:49,Q2 05:49,29.816666666666666,252,rebound,Satoransky REBOUND (Off:2 Def:0),[],Satoransky,33,45,,False,False,203107.0,,3pt missed,2pt missed,,,,1626179|1627853|1628436|1628998|1629023|1629655|1629667|203107|203469|203897,1627853|1628436|1629655|203107|203897,1626179|1628998|1629023|1629667|203469,,,1610612741.0,21900823,True
2,PT05M43.00S,05:43,Q2 05:43,29.71666666666667,253,2pt,MISS Gafford 1' Layup,['pointsinthepaint'],Gafford,33,45,Missed,True,False,1629655.0,,rebound,block,,,,1626179|1627853|1628436|1628998|1629023|1629655|1629667|203107|203469|203897,1627853|1628436|1629655|203107|203897,1626179|1628998|1629023|1629667|203469,8.0,4.0,1610612741.0,21900823,True
2,PT05M43.00S,05:43,Q2 05:43,29.71666666666667,253,block,Zeller BLOCK (1 BLK),[],Zeller,33,45,,False,False,203469.0,,2pt missed,rebound,,,203469.0,1626179|1627853|1628436|1628998|1629023|1629655|1629667|203107|203469|203897,1626179|1628998|1629023|1629667|203469,1627853|1628436|1629655|203107|203897,,,1610612766.0,21900823,True
2,PT05M40.00S,05:40,Q2 05:40,29.666666666666668,254,rebound,Washington REBOUND (Off:2 Def:1),[],Washington,33,45,,False,False,1629023.0,,block,3pt missed,,,,1626179|1627853|1628436|1628998|1629023|1629655|1629667|203107|203469|203897,1626179|1628998|1629023|1629667|203469,1627853|1628436|1629655|203107|203897,,,1610612766.0,21900823,True
2,PT05M32.00S,05:32,Q2 05:32,29.53333333333333,255,3pt,MISS Co. Martin 3PT Jump Shot,[],Martin,33,45,Missed,True,False,1628998.0,,rebound,rebound,,,,1626179|1627853|1628436|1628998|1629023|1629655|1629667|203107|203469|203897,1626179|1628998|1629023|1629667|203469,1627853|1628436|1629655|203107|203897,-225.0,2.0,1610612766.0,21900823,True
2,PT05M29.00S,05:29,Q2 05:29,29.483333333333334,256,rebound,LaVine REBOUND (Off:0 Def:3),[],LaVine,33,45,,False,False,203897.0,,3pt missed,foul,,,,1626179|1627853|1628436|1628998|1629023|1629655|1629667|203107|203469|203897,1627853|1628436|1629655|203107|203897,1626179|1628998|1629023|1629667|203469,,,1610612741.0,21900823,True
2,PT05M24.00S,05:24,Q2 05:24,29.4,257,foul,Zeller S.FOUL (P3.PN) (L.Wood),['inpenalty'],Zeller,33,45,,False,False,203469.0,,rebound,freethrow,203107.0,,,1626179|1627853|1628436|1628998|1629023|1629655|1629667|203107|203469|203897,1626179|1628998|1629023|1629667|203469,1627853|1628436|1629655|203107|203897,,,1610612766.0,21900823,True
2,PT05M24.00S,05:24,Q2 05:24,29.4,259,freethrow,MISS Satoransky Free Throw 1 of 2,[],Satoransky,33,45,Missed,False,False,203107.0,,foul,rebound,,,,1626179|1627853|1628436|1628998|1629023|1629655|1629667|203107|203469|203897,1627853|1628436|1629655|203107|203897,1626179|1628998|1629023|1629667|203469,,,1610612741.0,21900823,True
2,PT05M24.00S,05:24,Q2 05:24,29.4,260,rebound,TEAM offensive REBOUND,['team'],,33,45,,False,False,0.0,,freethrow,freethrow,,,,1626179|1627853|1628436|1628998|1629023|1629655|1629667|203107|203469|203897,1627853|1628436|1629655|203107|203897,1626179|1628998|1629023|1629667|203469,,,1610612741.0,21900823,True
2,PT05M24.00S,05:24,Q2 05:24,29.4,267,freethrow,Satoransky Free Throw 2 of 2 (6 PTS),[],Satoransky,34,45,Made,False,False,203107.0,,rebound,substitution,,,,1626179|1627853|1628436|1628998|1629023|1629655|1629667|203107|203469|203897,1627853|1628436|1629655|203107|203897,1626179|1628998|1629023|1629667|203469,,,1610612741.0,21900823,True
2,PT05M24.00S,05:24,Q2 05:24,29.4,261,substitution,SUB out: R. Arcidiacono,[],Arcidiacono,33,45,,False,False,1627853.0,,freethrow,substitution,,,,1626179|1628436|1628998|1629023|1629655|1629667|203107|203469|203897,1628436|1629655|203107|203897,1626179|1628998|1629023|1629667|203469,,,1610612741.0,21900823,False
2,PT05M24.00S,05:24,Q2 05:24,29.4,262,substitution,SUB out: P. Washington,[],Washington,33,45,,False,False,1629023.0,,substitution,substitution,,,,1626179|1628436|1628998|1629655|1629667|203107|203469|203897,1626179|1628998|1629667|203469,1628436|1629655|203107|203897,,,1610612766.0,21900823,False
2,PT05M24.00S,05:24,Q2 05:24,29.4,263,substitution,SUB out: C. Zeller,[],Zeller,33,45,,False,False,203469.0,,substitution,substitution,,,,1626179|1628436|1628998|1629655|1629667|203107|203897,1626179|1628998|1629667,1628436|1629655|203107|203897,,,1610612766.0,21900823,False
2,PT05M24.00S,05:24,Q2 05:24,29.4,264,substitution,SUB in: C. White,[],White,33,45,,False,False,1629632.0,,substitution,substitution,,,,1626179|1628436|1628998|1629632|1629655|1629667|203107|203897,1628436|1629632|1629655|203107|203897,1626179|1628998|1629667,,,1610612741.0,21900823,False
2,PT05M24.00S,05:24,Q2 05:24,29.4,265,substitution,SUB in: M. Bridges,[],Bridges,33,45,,False,False,1628970.0,,substitution,substitution,,,,1626179|1628436|1628970|1628998|1629632|1629655|1629667|203107|203897,1626179|1628970|1628998|1629667,1628436|1629632|1629655|203107|203897,,,1610612766.0,21900823,False
2,PT05M24.00S,05:24,Q2 05:24,29.4,266,substitution,SUB in: B. Biyombo,[],Biyombo,33,45,,False,False,202687.0,,substitution,2pt missed,,,,1626179|1628436|1628970|1628998|1629632|1629655|1629667|202687|203107|203897,1626179|1628970|1628998|1629667|202687,1628436|1629632|1629655|203107|203897,,,1610612766.0,21900823,True
2,PT05M07.00S,05:07,Q2 05:07,29.116666666666667,268,2pt,MISS Bridges 7' Turnaround Jump Shot,['pointsinthepaint'],Bridges,34,45,Missed,True,False,1628970.0,,substitution,rebound,,,,1626179|1628436|1628970|1628998|1629632|1629655|1629667|202687|203107|203897,1626179|1628970|1628998|1629667|202687,1628436|1629632|1629655|203107|203897,4.0,65.0,1610612766.0,21900823,True
2,PT05M05.00S,05:05,Q2 05:05,29.083333333333332,269,rebound,Gafford REBOUND (Off:1 Def:2),[],Gafford,34,45,,False,False,1629655.0,,2pt missed,2pt made,,,,1626179|1628436|1628970|1628998|1629632|1629655|1629667|202687|203107|203897,1628436|1629632|1629655|203107|203897,1626179|1628970|1628998|1629667|202687,,,1610612741.0,21900823,True
2,PT04M48.00S,04:48,Q2 04:48,28.8,270,2pt,Kornet 14' Driving Floating Jump Shot (2 PTS) (Satoransky 3 AST),[],Kornet,36,45,Made,True,True,1628436.0,203107.0,rebound,2pt missed,,,,1626179|1628436|1628970|1628998|1629632|1629655|1629667|202687|203107|203897,1628436|1629632|1629655|203107|203897,1626179|1628970|1628998|1629667|202687,-135.0,-16.0,1610612741.0,21900823,True
2,PT04M32.00S,04:32,Q2 04:32,28.53333333333333,272,2pt,MISS Biyombo 8' Hook Shot,['pointsinthepaint'],Biyombo,36,45,Missed,True,False,202687.0,,2pt made,rebound,,,,1626179|1628436|1628970|1628998|1629632|1629655|1629667|202687|203107|203897,1626179|1628970|1628998|1629667|202687,1628436|1629632|1629655|203107|203897,3.0,75.0,1610612766.0,21900823,True
2,PT04M29.00S,04:29,Q2 04:29,28.483333333333334,273,rebound,Gafford REBOUND (Off:1 Def:3),[],Gafford,36,45,,False,False,1629655.0,,2pt missed,foul,,,,1626179|1628436|1628970|1628998|1629632|1629655|1629667|202687|203107|203897,1628436|1629632|1629655|203107|203897,1626179|1628970|1628998|1629667|202687,,,1610612741.0,21900823,True
2,PT04M24.00S,04:24,Q2 04:24,28.4,274,foul,Gafford OFF.Foul (P2) (L.Wood),[],Gafford,36,45,,False,False,1629655.0,,rebound,turnover,1628998.0,,,1626179|1628436|1628970|1628998|1629632|1629655|1629667|202687|203107|203897,1628436|1629632|1629655|203107|203897,1626179|1628970|1628998|1629667|202687,,,1610612741.0,21900823,True
2,PT04M24.00S,04:24,Q2 04:24,28.4,276,turnover,Gafford Offensive Foul Turnover (P2.T5),[],Gafford,36,45,,False,False,1629655.0,,foul,substitution,,,,1626179|1628436|1628970|1628998|1629632|1629655|1629667|202687|203107|203897,1628436|1629632|1629655|203107|203897,1626179|1628970|1628998|1629667|202687,,,1610612741.0,21900823,True
2,PT04M24.00S,04:24,Q2 04:24,28.4,277,substitution,SUB out: D. Gafford,[],Gafford,36,45,,False,False,1629655.0,,turnover,substitution,,,,1626179|1628436|1628970|1628998|1629632|1629667|202687|203107|203897,1628436|1629632|203107|203897,1626179|1628970|1628998|1629667|202687,,,1610612741.0,21900823,False
2,PT04M24.00S,04:24,Q2 04:24,28.4,278,substitution,SUB out: J. McDaniels,[],McDaniels,36,45,,False,False,1629667.0,,substitution,substitution,,,,1626179|1628436|1628970|1628998|1629632|202687|203107|203897,1626179|1628970|1628998|202687,1628436|1629632|203107|203897,,,1610612766.0,21900823,False
2,PT04M24.00S,04:24,Q2 04:24,28.4,279,substitution,SUB in: T. Young,[],Young,36,45,,False,False,201152.0,,substitution,substitution,,,,1626179|1628436|1628970|1628998|1629632|201152|202687|203107|203897,1628436|1629632|201152|203107|203897,1626179|1628970|1628998|202687,,,1610612741.0,21900823,False
2,PT04M24.00S,04:24,Q2 04:24,28.4,280,substitution,SUB in: M. Monk,[],Monk,36,45,,False,False,1628370.0,,substitution,2pt made,,,,1626179|1628370|1628436|1628970|1628998|1629632|201152|202687|203107|203897,1626179|1628370|1628970|1628998|202687,1628436|1629632|201152|203107|203897,,,1610612766.0,21900823,True
2,PT04M07.00S,04:07,Q2 04:07,28.116666666666667,281,2pt,Co. Martin 1' Cutting Layup Shot (4 PTS) (Bridges 1 AST),['pointsinthepaint'],Martin,36,47,Made,True,True,1628998.0,1628970.0,substitution,2pt missed,,,,1626179|1628370|1628436|1628970|1628998|1629632|201152|202687|203107|203897,1626179|1628370|1628970|1628998|202687,1628436|1629632|201152|203107|203897,-8.0,-9.0,1610612766.0,21900823,True
2,PT03M57.00S,03:57,Q2 03:57,27.95,283,2pt,MISS Satoransky 1' Driving Layup,['pointsinthepaint'],Satoransky,36,47,Missed,True,False,203107.0,,2pt made,rebound,,,,1626179|1628370|1628436|1628970|1628998|1629632|201152|202687|203107|203897,1628436|1629632|201152|203107|203897,1626179|1628370|1628970|1628998|202687,-5.0,8.0,1610612741.0,21900823,True
2,PT03M54.00S,03:54,Q2 03:54,27.9,284,rebound,Biyombo REBOUND (Off:0 Def:3),[],Biyombo,36,47,,False,False,202687.0,,2pt missed,2pt made,,,,1626179|1628370|1628436|1628970|1628998|1629632|201152|202687|203107|203897,1626179|1628370|1628970|1628998|202687,1628436|1629632|201152|203107|203897,,,1610612766.0,21900823,True
2,PT03M50.00S,03:50,Q2 03:50,27.833333333333332,285,2pt,Rozier 1' Driving Layup (5 PTS),['pointsinthepaint'],Rozier,36,49,Made,True,False,1626179.0,,rebound,2pt missed,,,,1626179|1628370|1628436|1628970|1628998|1629632|201152|202687|203107|203897,1626179|1628370|1628970|1628998|202687,1628436|1629632|201152|203107|203897,-8.0,4.0,1610612766.0,21900823,True
2,PT03M39.00S,03:39,Q2 03:39,27.65,286,2pt,MISS White 11' Driving Floating Jump Shot,['pointsinthepaint'],White,36,49,Missed,True,False,1629632.0,,2pt made,rebound,,,,1626179|1628370|1628436|1628970|1628998|1629632|201152|202687|203107|203897,1628436|1629632|201152|203107|203897,1626179|1628370|1628970|1628998|202687,66.0,85.0,1610612741.0,21900823,True
2,PT03M36.00S,03:36,Q2 03:36,27.6,287,rebound,Bridges REBOUND (Off:2 Def:4),[],Bridges,36,49,,False,False,1628970.0,,2pt missed,3pt made,,,,1626179|1628370|1628436|1628970|1628998|1629632|201152|202687|203107|203897,1626179|1628370|1628970|1628998|202687,1628436|1629632|201152|203107|203897,,,1610612766.0,21900823,True
2,PT03M29.00S,03:29,Q2 03:29,27.483333333333334,288,3pt,Bridges 25' 3PT Jump Shot (11 PTS) (Monk 2 AST),[],Bridges,36,52,Made,True,True,1628970.0,1628370.0,rebound,2pt made,,,,1626179|1628370|1628436|1628970|1628998|1629632|201152|202687|203107|203897,1626179|1628370|1628970|1628998|202687,1628436|1629632|201152|203107|203897,-55.0,247.0,1610612766.0,21900823,True
2,PT02M59.00S,02:59,Q2 02:59,26.983333333333334,291,2pt,Young 8' Turnaround Fadeaway (6 PTS),[],Young,38,52,Made,True,False,201152.0,,3pt made,2pt made,,,,1626179|1628370|1628436|1628970|1628998|1629632|201152|202687|203107|203897,1628436|1629632|201152|203107|203897,1626179|1628370|1628970|1628998|202687,-82.0,22.0,1610612741.0,21900823,True
2,PT02M41.00S,02:41,Q2 02:41,26.683333333333334,292,2pt,Rozier 2' Driving Layup (7 PTS) (Biyombo 1 AST),['pointsinthepaint'],Rozier,38,54,Made,True,True,1626179.0,202687.0,2pt made,3pt missed,,,,1626179|1628370|1628436|1628970|1628998|1629632|201152|202687|203107|203897,1626179|1628370|1628970|1628998|202687,1628436|1629632|201152|203107|203897,11.0,-14.0,1610612766.0,21900823,True
2,PT02M25.00S,02:25,Q2 02:25,26.416666666666668,293,3pt,MISS Kornet 25' 3PT Jump Shot,[],Kornet,38,54,Missed,True,False,1628436.0,,2pt made,rebound,,,,1626179|1628370|1628436|1628970|1628998|1629632|201152|202687|203107|203897,1628436|1629632|201152|203107|203897,1626179|1628370|1628970|1628998|202687,170.0,189.0,1610612741.0,21900823,True
2,PT02M21.00S,02:21,Q2 02:21,26.35,294,rebound,Co. Martin REBOUND (Off:1 Def:2),[],Martin,38,54,,False,False,1628998.0,,3pt missed,2pt made,,,,1626179|1628370|1628436|1628970|1628998|1629632|201152|202687|203107|203897,1626179|1628370|1628970|1628998|202687,1628436|1629632|201152|203107|203897,,,1610612766.0,21900823,True
2,PT02M07.00S,02:07,Q2 02:07,26.116666666666667,296,2pt,Bridges 1' Driving Layup (13 PTS),['pointsinthepaint'],Bridges,38,56,Made,True,False,1628970.0,,rebound,timeout,,,,1626179|1628370|1628436|1628970|1628998|1629632|201152|202687|203107|203897,1626179|1628370|1628970|1628998|202687,1628436|1629632|201152|203107|203897,2.0,-11.0,1610612766.0,21900823,True
2,PT02M01.00S,02:01,Q2 02:01,26.016666666666666,297,timeout,BULLS Timeout: Regular (Full 3 Short 0),[],,38,56,,False,False,0.0,,2pt made,substitution,,,,1626179|1628370|1628436|1628970|1628998|1629632|201152|202687|203107|203897,1628436|1629632|201152|203107|203897,1626179|1628370|1628970|1628998|202687,,,1610612741.0,21900823,True
2,PT02M01.00S,02:01,Q2 02:01,26.016666666666666,298,substitution,SUB out: L. Kornet,[],Kornet,38,56,,False,False,1628436.0,,timeout,substitution,,,,1626179|1628370|1628970|1628998|1629632|201152|202687|203107|203897,1629632|201152|203107|203897,1626179|1628370|1628970|1628998|202687,,,1610612741.0,21900823,False
2,PT02M01.00S,02:01,Q2 02:01,26.016666666666666,299,substitution,SUB out: C. Martin,[],Martin,38,56,,False,False,1628998.0,,substitution,substitution,,,,1626179|1628370|1628970|1629632|201152|202687|203107|203897,1626179|1628370|1628970|202687,1629632|201152|203107|203897,,,1610612766.0,21900823,False
2,PT02M01.00S,02:01,Q2 02:01,26.016666666666666,300,substitution,SUB in: C. Felicio,[],Felicio,38,56,,False,False,1626245.0,,substitution,substitution,,,,1626179|1626245|1628370|1628970|1629632|201152|202687|203107|203897,1626245|1629632|201152|203107|203897,1626179|1628370|1628970|202687,,,1610612741.0,21900823,False
2,PT02M01.00S,02:01,Q2 02:01,26.016666666666666,301,substitution,SUB in: D. Graham,[],Graham,38,56,,False,False,1628984.0,,substitution,2pt made,,,,1626179|1626245|1628370|1628970|1628984|1629632|201152|202687|203107|203897,1626179|1628370|1628970|1628984|202687,1626245|1629632|201152|203107|203897,,,1610612766.0,21900823,True
2,PT01M53.00S,01:53,Q2 01:53,25.883333333333333,302,2pt,Young 3' Hook Shot (8 PTS) (LaVine 1 AST),['pointsinthepaint'],Young,40,56,Made,True,True,201152.0,203897.0,substitution,3pt missed,,,,1626179|1626245|1628370|1628970|1628984|1629632|201152|202687|203107|203897,1626245|1629632|201152|203107|203897,1626179|1628370|1628970|1628984|202687,0.0,26.0,1610612741.0,21900823,True
2,PT01M29.00S,01:29,Q2 01:29,25.483333333333334,304,3pt,MISS Bridges 3PT Jump Shot,[],Bridges,40,56,Missed,True,False,1628970.0,,2pt made,rebound,,,,1626179|1626245|1628370|1628970|1628984|1629632|201152|202687|203107|203897,1626179|1628370|1628970|1628984|202687,1626245|1629632|201152|203107|203897,-229.0,-17.0,1610612766.0,21900823,True
2,PT01M26.00S,01:26,Q2 01:26,25.433333333333334,305,rebound,Satoransky REBOUND (Off:2 Def:1),[],Satoransky,40,56,,False,False,203107.0,,3pt missed,3pt missed,,,,1626179|1626245|1628370|1628970|1628984|1629632|201152|202687|203107|203897,1626245|1629632|201152|203107|203897,1626179|1628370|1628970|1628984|202687,,,1610612741.0,21900823,True
2,PT01M20.00S,01:20,Q2 01:20,25.333333333333332,306,3pt,MISS White 3PT Jump Shot,[],White,40,56,Missed,True,False,1629632.0,,rebound,rebound,,,,1626179|1626245|1628370|1628970|1628984|1629632|201152|202687|203107|203897,1626245|1629632|201152|203107|203897,1626179|1628370|1628970|1628984|202687,-221.0,-6.0,1610612741.0,21900823,True
2,PT01M16.00S,01:16,Q2 01:16,25.266666666666666,307,rebound,Felicio REBOUND (Off:2 Def:2),[],Felicio,40,56,,False,False,1626245.0,,3pt missed,2pt missed,,,,1626179|1626245|1628370|1628970|1628984|1629632|201152|202687|203107|203897,1626245|1629632|201152|203107|203897,1626179|1628370|1628970|1628984|202687,,,1610612741.0,21900823,True
2,PT01M11.00S,01:11,Q2 01:11,25.183333333333334,308,2pt,MISS LaVine 2' Driving Layup,['pointsinthepaint'],LaVine,40,56,Missed,True,False,203897.0,,rebound,block,,,,1626179|1626245|1628370|1628970|1628984|1629632|201152|202687|203107|203897,1626245|1629632|201152|203107|203897,1626179|1628370|1628970|1628984|202687,-21.0,6.0,1610612741.0,21900823,True
2,PT01M11.00S,01:11,Q2 01:11,25.183333333333334,308,block,Biyombo BLOCK (2 BLK),[],Biyombo,40,56,,False,False,202687.0,,2pt missed,rebound,,,202687.0,1626179|1626245|1628370|1628970|1628984|1629632|201152|202687|203107|203897,1626179|1628370|1628970|1628984|202687,1626245|1629632|201152|203107|203897,,,1610612766.0,21900823,True
2,PT01M11.00S,01:11,Q2 01:11,25.183333333333334,310,rebound,TEAM offensive REBOUND,['team'],,40,56,,False,False,0.0,,block,2pt missed,,,,1626179|1626245|1628370|1628970|1628984|1629632|201152|202687|203107|203897,1626245|1629632|201152|203107|203897,1626179|1628370|1628970|1628984|202687,,,1610612741.0,21900823,True
2,PT01M06.00S,01:06,Q2 01:06,25.1,311,2pt,MISS LaVine 20' Step Back Jump Shot,['2ndchance'],LaVine,40,56,Missed,True,False,203897.0,,rebound,rebound,,,,1626179|1626245|1628370|1628970|1628984|1629632|201152|202687|203107|203897,1626245|1629632|201152|203107|203897,1626179|1628370|1628970|1628984|202687,-204.0,-7.0,1610612741.0,21900823,True
2,PT01M03.00S,01:03,Q2 01:03,25.05,312,rebound,Rozier REBOUND (Off:0 Def:2),[],Rozier,40,56,,False,False,1626179.0,,2pt missed,foul,,,,1626179|1626245|1628370|1628970|1628984|1629632|201152|202687|203107|203897,1626179|1628370|1628970|1628984|202687,1626245|1629632|201152|203107|203897,,,1610612766.0,21900823,True
2,PT01M01.00S,01:01,Q2 01:01,25.016666666666666,313,foul,White S.FOUL (P2.T2) (K.Mauer),[],White,40,56,,False,False,1629632.0,,rebound,freethrow,1628370.0,,,1626179|1626245|1628370|1628970|1628984|1629632|201152|202687|203107|203897,1626245|1629632|201152|203107|203897,1626179|1628370|1628970|1628984|202687,,,1610612741.0,21900823,True
2,PT01M01.00S,01:01,Q2 01:01,25.016666666666666,315,freethrow,Monk Free Throw 1 of 2 (14 PTS),[],Monk,40,57,Made,False,False,1628370.0,,foul,freethrow,,,,1626179|1626245|1628370|1628970|1628984|1629632|201152|202687|203107|203897,1626179|1628370|1628970|1628984|202687,1626245|1629632|201152|203107|203897,,,1610612766.0,21900823,True
2,PT01M01.00S,01:01,Q2 01:01,25.016666666666666,316,freethrow,Monk Free Throw 2 of 2 (15 PTS),[],Monk,40,58,Made,False,False,1628370.0,,freethrow,2pt missed,,,,1626179|1626245|1628370|1628970|1628984|1629632|201152|202687|203107|203897,1626179|1628370|1628970|1628984|202687,1626245|1629632|201152|203107|203897,,,1610612766.0,21900823,True
2,PT00M51.00S,00:51,Q2 00:51,24.85,317,2pt,MISS LaVine 1' Driving Layup,['pointsinthepaint'],LaVine,40,58,Missed,True,False,203897.0,,freethrow,rebound,,,,1626179|1626245|1628370|1628970|1628984|1629632|201152|202687|203107|203897,1626245|1629632|201152|203107|203897,1626179|1628370|1628970|1628984|202687,3.0,-4.0,1610612741.0,21900823,True
2,PT00M49.80S,00:49,Q2 00:49,24.83,318,rebound,Young REBOUND (Off:3 Def:2),[],Young,40,58,,False,False,201152.0,,2pt missed,2pt made,,,,1626179|1626245|1628370|1628970|1628984|1629632|201152|202687|203107|203897,1626245|1629632|201152|203107|203897,1626179|1628370|1628970|1628984|202687,,,1610612741.0,21900823,True
2,PT00M49.80S,00:49,Q2 00:49,24.83,319,2pt,Young 1' Tip Dunk Shot (10 PTS),['pointsinthepaint'],Young,42,58,Made,True,False,201152.0,,rebound,2pt made,,,,1626179|1626245|1628370|1628970|1628984|1629632|201152|202687|203107|203897,1626245|1629632|201152|203107|203897,1626179|1628370|1628970|1628984|202687,0.0,-6.0,1610612741.0,21900823,True
2,PT00M32.80S,00:32,Q2 00:32,24.546666666666667,320,2pt,Biyombo Cutting Dunk Shot (2 PTS) (Graham 7 AST),['pointsinthepaint'],Biyombo,42,60,Made,True,True,202687.0,1628984.0,2pt made,2pt made,,,,1626179|1626245|1628370|1628970|1628984|1629632|201152|202687|203107|203897,1626179|1628370|1628970|1628984|202687,1626245|1629632|201152|203107|203897,-1.0,0.0,1610612766.0,21900823,True
2,PT00M09.40S,00:09,Q2 00:09,24.156666666666666,322,2pt,White 1' Driving Finger Roll Layup (5 PTS),['pointsinthepaint'],White,44,60,Made,True,False,1629632.0,,2pt made,3pt missed,,,,1626179|1626245|1628370|1628970|1628984|1629632|201152|202687|203107|203897,1626245|1629632|201152|203107|203897,1626179|1628370|1628970|1628984|202687,-2.0,11.0,1610612741.0,21900823,True
2,PT00M00.00S,00:00,Q2 00:00,24.0,323,3pt,MISS Monk 25' 3PT Pullup Jump Shot,[],Monk,44,60,Missed,True,False,1628370.0,,2pt made,rebound,,,,1626179|1626245|1628370|1628970|1628984|1629632|201152|202687|203107|203897,1626179|1628370|1628970|1628984|202687,1626245|1629632|201152|203107|203897,196.0,159.0,1610612766.0,21900823,True
2,PT00M00.00S,00:00,Q2 00:00,24.0,324,rebound,TEAM offensive REBOUND,['team'],,44,60,,False,False,0.0,,3pt missed,period,,,,1626179|1626245|1628370|1628970|1628984|1629632|201152|202687|203107|203897,1626179|1628370|1628970|1628984|202687,1626245|1629632|201152|203107|203897,,,1610612766.0,21900823,True
2,PT00M00.00S,00:00,Q2 00:00,24.0,325,period,End of 2nd Period (9:02 PM EST),[],,44,60,,False,False,0.0,,rebound,period,,,,1626179|1626245|1628370|1628970|1628984|1629632|201152|202687|203107|203897,1626245|1629632|201152|203107|203897,1626179|1628370|1628970|1628984|202687,,,1610612741.0,21900823,True
3,PT12M00.00S,12:00,Q3 12:00,24.0,334,period,Start of 3rd Period (9:17 PM EST),[],,44,60,,False,False,0.0,,period,substitution,,,,1626179|1626245|1628370|1628970|1628984|1629632|201152|202687|203107|203897,1626245|1629632|201152|203107|203897,1626179|1628370|1628970|1628984|202687,,,1610612741.0,21900823,True
3,PT11M46.00S,11:46,Q3 11:46,23.766666666666666,335,foul,Hornets T.Foul (Def. 3 Sec Zeller ) (L.Wood),[],Zeller,44,60,,False,False,203469.0,,substitution,freethrow,203897.0,,,1626179|1627853|1628970|1628984|1629023|1629655|201152|203107|203469|203897,1626179|1628970|1628984|1629023|203469,1627853|1629655|201152|203107|203897,,,1610612766.0,21900823,True
3,PT11M46.00S,11:46,Q3 11:46,23.766666666666666,336,freethrow,MISS LaVine Free Throw Technical,[],LaVine,44,60,Missed,False,False,203897.0,,foul,rebound,,,,1626179|1627853|1628970|1628984|1629023|1629655|201152|203107|203469|203897,1627853|1629655|201152|203107|203897,1626179|1628970|1628984|1629023|203469,,,1610612741.0,21900823,True
3,PT11M46.00S,11:46,Q3 11:46,23.766666666666666,337,rebound,TEAM offensive REBOUND,['team'],,44,60,,False,False,0.0,,freethrow,turnover,,,,1626179|1627853|1628970|1628984|1629023|1629655|201152|203107|203469|203897,1627853|1629655|201152|203107|203897,1626179|1628970|1628984|1629023|203469,,,1610612741.0,21900823,True
3,PT11M43.00S,11:43,Q3 11:43,23.71666666666667,339,turnover,Satoransky Bad Pass Turnover (P1.T6),[],Satoransky,44,60,,False,False,203107.0,,rebound,steal,,,,1626179|1627853|1628970|1628984|1629023|1629655|201152|203107|203469|203897,1627853|1629655|201152|203107|203897,1626179|1628970|1628984|1629023|203469,,,1610612741.0,21900823,True
3,PT11M43.00S,11:43,Q3 11:43,23.71666666666667,339,steal,Washington STEAL (1 STL),[],Washington,44,60,,False,False,1629023.0,,turnover,2pt missed,,1629023.0,,1626179|1627853|1628970|1628984|1629023|1629655|201152|203107|203469|203897,1626179|1628970|1628984|1629023|203469,1627853|1629655|201152|203107|203897,,,1610612766.0,21900823,True
3,PT11M40.00S,11:40,Q3 11:40,23.666666666666664,341,2pt,MISS Bridges 1' Driving Layup,['pointsinthepaint'],Bridges,44,60,Missed,True,False,1628970.0,,steal,block,,,,1626179|1627853|1628970|1628984|1629023|1629655|201152|203107|203469|203897,1626179|1628970|1628984|1629023|203469,1627853|1629655|201152|203107|203897,-4.0,4.0,1610612766.0,21900823,True
3,PT11M40.00S,11:40,Q3 11:40,23.666666666666664,341,block,LaVine BLOCK (1 BLK),[],LaVine,44,60,,False,False,203897.0,,2pt missed,rebound,,,203897.0,1626179|1627853|1628970|1628984|1629023|1629655|201152|203107|203469|203897,1627853|1629655|201152|203107|203897,1626179|1628970|1628984|1629023|203469,,,1610612741.0,21900823,True
3,PT11M40.00S,11:40,Q3 11:40,23.666666666666664,343,rebound,TEAM defensive REBOUND,['team'],,44,60,,False,False,0.0,,block,2pt missed,,,,1626179|1627853|1628970|1628984|1629023|1629655|201152|203107|203469|203897,1627853|1629655|201152|203107|203897,1626179|1628970|1628984|1629023|203469,,,1610612741.0,21900823,True
3,PT11M24.00S,11:24,Q3 11:24,23.4,344,2pt,MISS Young 2' Layup,['pointsinthepaint'],Young,44,60,Missed,True,False,201152.0,,rebound,rebound,,,,1626179|1627853|1628970|1628984|1629023|1629655|201152|203107|203469|203897,1627853|1629655|201152|203107|203897,1626179|1628970|1628984|1629023|203469,15.0,-10.0,1610612741.0,21900823,True
3,PT11M23.00S,11:23,Q3 11:23,23.383333333333333,345,rebound,Zeller REBOUND (Off:1 Def:4),[],Zeller,44,60,,False,False,203469.0,,2pt missed,3pt missed,,,,1626179|1627853|1628970|1628984|1629023|1629655|201152|203107|203469|203897,1626179|1628970|1628984|1629023|203469,1627853|1629655|201152|203107|203897,,,1610612766.0,21900823,True
3,PT11M13.00S,11:13,Q3 11:13,23.21666666666667,346,3pt,MISS Washington 25' 3PT Jump Shot,[],Washington,44,60,Missed,True,False,1629023.0,,rebound,rebound,,,,1626179|1627853|1628970|1628984|1629023|1629655|201152|203107|203469|203897,1626179|1628970|1628984|1629023|203469,1627853|1629655|201152|203107|203897,-93.0,232.0,1610612766.0,21900823,True
3,PT11M10.00S,11:10,Q3 11:10,23.166666666666664,347,rebound,TEAM offensive REBOUND,['team'],,44,60,,False,False,0.0,,3pt missed,foul,,,,1626179|1627853|1628970|1628984|1629023|1629655|201152|203107|203469|203897,1626179|1628970|1628984|1629023|203469,1627853|1629655|201152|203107|203897,,,1610612766.0,21900823,True
3,PT11M10.00S,11:10,Q3 11:10,23.166666666666664,348,foul,Young L.B.FOUL (P1.T1) (K.Mauer),[],Young,44,60,,False,False,201152.0,,rebound,2pt missed,1628970.0,,,1626179|1627853|1628970|1628984|1629023|1629655|201152|203107|203469|203897,1627853|1629655|201152|203107|203897,1626179|1628970|1628984|1629023|203469,,,1610612741.0,21900823,True
3,PT11M01.00S,11:01,Q3 11:01,23.016666666666666,350,2pt,MISS Bridges 8' Turnaround Fadeaway Bank Jump Shot,[],Bridges,44,60,Missed,True,False,1628970.0,,foul,rebound,,,,1626179|1627853|1628970|1628984|1629023|1629655|201152|203107|203469|203897,1626179|1628970|1628984|1629023|203469,1627853|1629655|201152|203107|203897,82.0,19.0,1610612766.0,21900823,True
3,PT10M58.00S,10:58,Q3 10:58,22.96666666666667,351,rebound,Washington REBOUND (Off:3 Def:1),[],Washington,44,60,,False,False,1629023.0,,2pt missed,2pt made,,,,1626179|1627853|1628970|1628984|1629023|1629655|201152|203107|203469|203897,1626179|1628970|1628984|1629023|203469,1627853|1629655|201152|203107|203897,,,1610612766.0,21900823,True
3,PT10M58.00S,10:58,Q3 10:58,22.96666666666667,352,2pt,Washington 1' Reverse Layup (13 PTS),['pointsinthepaint'],Washington,44,62,Made,True,False,1629023.0,,rebound,foul,,,,1626179|1627853|1628970|1628984|1629023|1629655|201152|203107|203469|203897,1626179|1628970|1628984|1629023|203469,1627853|1629655|201152|203107|203897,-11.0,-5.0,1610612766.0,21900823,True
3,PT10M58.00S,10:58,Q3 10:58,22.96666666666667,353,foul,Gafford S.FOUL (P3.T2) (S.Twardoski),[],Gafford,44,62,,False,False,1629655.0,,2pt made,freethrow,1629023.0,,,1626179|1627853|1628970|1628984|1629023|1629655|201152|203107|203469|203897,1627853|1629655|201152|203107|203897,1626179|1628970|1628984|1629023|203469,,,1610612741.0,21900823,True
3,PT10M58.00S,10:58,Q3 10:58,22.96666666666667,355,freethrow,MISS Washington Free Throw 1 of 1,[],Washington,44,62,Missed,False,False,1629023.0,,foul,rebound,,,,1626179|1627853|1628970|1628984|1629023|1629655|201152|203107|203469|203897,1626179|1628970|1628984|1629023|203469,1627853|1629655|201152|203107|203897,,,1610612766.0,21900823,True
3,PT10M55.00S,10:55,Q3 10:55,22.916666666666664,356,rebound,Young REBOUND (Off:3 Def:3),[],Young,44,62,,False,False,201152.0,,freethrow,3pt missed,,,,1626179|1627853|1628970|1628984|1629023|1629655|201152|203107|203469|203897,1627853|1629655|201152|203107|203897,1626179|1628970|1628984|1629023|203469,,,1610612741.0,21900823,True
3,PT10M34.00S,10:34,Q3 10:34,22.566666666666666,357,3pt,MISS Arcidiacono 30' 3PT Pullup Jump Shot,[],Arcidiacono,44,62,Missed,True,False,1627853.0,,rebound,rebound,,,,1626179|1627853|1628970|1628984|1629023|1629655|201152|203107|203469|203897,1627853|1629655|201152|203107|203897,1626179|1628970|1628984|1629023|203469,-84.0,286.0,1610612741.0,21900823,True
3,PT10M29.00S,10:29,Q3 10:29,22.483333333333334,358,rebound,Rozier REBOUND (Off:0 Def:3),[],Rozier,44,62,,False,False,1626179.0,,3pt missed,2pt made,,,,1626179|1627853|1628970|1628984|1629023|1629655|201152|203107|203469|203897,1626179|1628970|1628984|1629023|203469,1627853|1629655|201152|203107|203897,,,1610612766.0,21900823,True
3,PT10M18.00S,10:18,Q3 10:18,22.3,359,2pt,Washington 2' Driving Reverse Layup (15 PTS) (Zeller 1 AST),['pointsinthepaint'],Washington,44,64,Made,True,True,1629023.0,203469.0,rebound,2pt made,,,,1626179|1627853|1628970|1628984|1629023|1629655|201152|203107|203469|203897,1626179|1628970|1628984|1629023|203469,1627853|1629655|201152|203107|203897,14.0,8.0,1610612766.0,21900823,True
3,PT10M06.00S,10:06,Q3 10:06,22.1,361,2pt,LaVine 1' Cutting Dunk Shot (10 PTS) (Satoransky 4 AST),['pointsinthepaint'],LaVine,46,64,Made,True,True,203897.0,203107.0,2pt made,2pt missed,,,,1626179|1627853|1628970|1628984|1629023|1629655|201152|203107|203469|203897,1627853|1629655|201152|203107|203897,1626179|1628970|1628984|1629023|203469,3.0,-5.0,1610612741.0,21900823,True
3,PT09M54.00S,09:54,Q3 09:54,21.9,363,2pt,MISS Rozier 2' Driving Layup,['pointsinthepaint'],Rozier,46,64,Missed,True,False,1626179.0,,2pt made,rebound,,,,1626179|1627853|1628970|1628984|1629023|1629655|201152|203107|203469|203897,1626179|1628970|1628984|1629023|203469,1627853|1629655|201152|203107|203897,3.0,16.0,1610612766.0,21900823,True
3,PT09M50.00S,09:50,Q3 09:50,21.833333333333336,364,rebound,Young REBOUND (Off:3 Def:4),[],Young,46,64,,False,False,201152.0,,2pt missed,3pt missed,,,,1626179|1627853|1628970|1628984|1629023|1629655|201152|203107|203469|203897,1627853|1629655|201152|203107|203897,1626179|1628970|1628984|1629023|203469,,,1610612741.0,21900823,True
3,PT09M44.00S,09:44,Q3 09:44,21.733333333333334,365,3pt,MISS Arcidiacono 3PT Jump Shot,[],Arcidiacono,46,64,Missed,True,False,1627853.0,,rebound,rebound,,,,1626179|1627853|1628970|1628984|1629023|1629655|201152|203107|203469|203897,1627853|1629655|201152|203107|203897,1626179|1628970|1628984|1629023|203469,226.0,1.0,1610612741.0,21900823,True
3,PT09M41.00S,09:41,Q3 09:41,21.683333333333334,366,rebound,Arcidiacono REBOUND (Off:1 Def:2),[],Arcidiacono,46,64,,False,False,1627853.0,,3pt missed,2pt missed,,,,1626179|1627853|1628970|1628984|1629023|1629655|201152|203107|203469|203897,1627853|1629655|201152|203107|203897,1626179|1628970|1628984|1629023|203469,,,1610612741.0,21900823,True
3,PT09M33.00S,09:33,Q3 09:33,21.55,367,2pt,MISS Young 1' Layup,['pointsinthepaint'],Young,46,64,Missed,True,False,201152.0,,rebound,rebound,,,,1626179|1627853|1628970|1628984|1629023|1629655|201152|203107|203469|203897,1627853|1629655|201152|203107|203897,1626179|1628970|1628984|1629023|203469,14.0,-5.0,1610612741.0,21900823,True
3,PT09M31.00S,09:31,Q3 09:31,21.516666666666666,368,rebound,Bridges REBOUND (Off:2 Def:5),[],Bridges,46,64,,False,False,1628970.0,,2pt missed,foul,,,,1626179|1627853|1628970|1628984|1629023|1629655|201152|203107|203469|203897,1626179|1628970|1628984|1629023|203469,1627853|1629655|201152|203107|203897,,,1610612766.0,21900823,True
3,PT09M31.00S,09:31,Q3 09:31,21.516666666666666,369,foul,Satoransky P.FOUL (P3.T3) (S.Twardoski),[],Satoransky,46,64,,False,False,203107.0,,rebound,foul,1626179.0,,,1626179|1627853|1628970|1628984|1629023|1629655|201152|203107|203469|203897,1627853|1629655|201152|203107|203897,1626179|1628970|1628984|1629023|203469,,,1610612741.0,21900823,True
3,PT09M21.00S,09:21,Q3 09:21,21.35,371,foul,Young P.FOUL (P2.T4) (K.Mauer),[],Young,46,64,,False,False,201152.0,,foul,3pt made,1626179.0,,,1626179|1627853|1628970|1628984|1629023|1629655|201152|203107|203469|203897,1627853|1629655|201152|203107|203897,1626179|1628970|1628984|1629023|203469,,,1610612741.0,21900823,True
3,PT09M07.00S,09:07,Q3 09:07,21.116666666666667,373,3pt,Rozier 25' 3PT Step Back Jump Shot (10 PTS) (Washington 2 AST),[],Rozier,46,67,Made,True,True,1626179.0,1629023.0,foul,3pt made,,,,1626179|1627853|1628970|1628984|1629023|1629655|201152|203107|203469|203897,1626179|1628970|1628984|1629023|203469,1627853|1629655|201152|203107|203897,-96.0,227.0,1610612766.0,21900823,True
3,PT08M42.00S,08:42,Q3 08:42,20.7,375,3pt,LaVine 3PT Jump Shot (13 PTS) (Young 1 AST),[],LaVine,49,67,Made,True,True,203897.0,201152.0,3pt made,3pt missed,,,,1626179|1627853|1628970|1628984|1629023|1629655|201152|203107|203469|203897,1627853|1629655|201152|203107|203897,1626179|1628970|1628984|1629023|203469,-234.0,-17.0,1610612741.0,21900823,True
3,PT08M25.00S,08:25,Q3 08:25,20.416666666666664,377,3pt,MISS Graham 26' 3PT Pullup Jump Shot,[],Graham,49,67,Missed,True,False,1628984.0,,3pt made,rebound,,,,1626179|1627853|1628970|1628984|1629023|1629655|201152|203107|203469|203897,1626179|1628970|1628984|1629023|203469,1627853|1629655|201152|203107|203897,-90.0,242.0,1610612766.0,21900823,True
3,PT08M22.00S,08:22,Q3 08:22,20.366666666666667,378,rebound,Satoransky REBOUND (Off:2 Def:2),[],Satoransky,49,67,,False,False,203107.0,,3pt missed,2pt made,,,,1626179|1627853|1628970|1628984|1629023|1629655|201152|203107|203469|203897,1627853|1629655|201152|203107|203897,1626179|1628970|1628984|1629023|203469,,,1610612741.0,21900823,True
3,PT08M16.00S,08:16,Q3 08:16,20.266666666666666,379,2pt,LaVine 1' Driving Layup (15 PTS) (Satoransky 5 AST),['pointsinthepaint'],LaVine,51,67,Made,True,True,203897.0,203107.0,rebound,timeout,,,,1626179|1627853|1628970|1628984|1629023|1629655|201152|203107|203469|203897,1627853|1629655|201152|203107|203897,1626179|1628970|1628984|1629023|203469,-3.0,-5.0,1610612741.0,21900823,True
3,PT08M16.00S,08:16,Q3 08:16,20.266666666666666,381,timeout,Hornets Timeout: Regular (Reg.2 Short 0),[],,51,67,,False,False,0.0,,2pt made,substitution,,,,1626179|1627853|1628970|1628984|1629023|1629655|201152|203107|203469|203897,1626179|1628970|1628984|1629023|203469,1627853|1629655|201152|203107|203897,,,1610612766.0,21900823,True
3,PT08M16.00S,08:16,Q3 08:16,20.266666666666666,382,substitution,SUB out: D. Gafford,[],Gafford,51,67,,False,False,1629655.0,,timeout,substitution,,,,1626179|1627853|1628970|1628984|1629023|201152|203107|203469|203897,1627853|201152|203107|203897,1626179|1628970|1628984|1629023|203469,,,1610612741.0,21900823,False
3,PT08M16.00S,08:16,Q3 08:16,20.266666666666666,383,substitution,SUB out: M. Bridges,[],Bridges,51,67,,False,False,1628970.0,,substitution,substitution,,,,1626179|1627853|1628984|1629023|201152|203107|203469|203897,1626179|1628984|1629023|203469,1627853|201152|203107|203897,,,1610612766.0,21900823,False
3,PT08M16.00S,08:16,Q3 08:16,20.266666666666666,384,substitution,SUB in: C. Felicio,[],Felicio,51,67,,False,False,1626245.0,,substitution,substitution,,,,1626179|1626245|1627853|1628984|1629023|201152|203107|203469|203897,1626245|1627853|201152|203107|203897,1626179|1628984|1629023|203469,,,1610612741.0,21900823,False
3,PT08M16.00S,08:16,Q3 08:16,20.266666666666666,385,substitution,SUB in: C. Martin,[],Martin,51,67,,False,False,1628998.0,,substitution,2pt made,,,,1626179|1626245|1627853|1628984|1628998|1629023|201152|203107|203469|203897,1626179|1628984|1628998|1629023|203469,1626245|1627853|201152|203107|203897,,,1610612766.0,21900823,True
3,PT07M55.00S,07:55,Q3 07:55,19.916666666666668,386,2pt,Zeller 1' Dunk (10 PTS) (Washington 3 AST),['pointsinthepaint'],Zeller,51,69,Made,True,True,203469.0,1629023.0,substitution,2pt missed,,,,1626179|1626245|1627853|1628984|1628998|1629023|201152|203107|203469|203897,1626179|1628984|1628998|1629023|203469,1626245|1627853|201152|203107|203897,-4.0,-12.0,1610612766.0,21900823,True
3,PT07M44.00S,07:44,Q3 07:44,19.733333333333334,388,2pt,MISS LaVine 2' Driving Layup,['pointsinthepaint'],LaVine,51,69,Missed,True,False,203897.0,,2pt made,rebound,,,,1626179|1626245|1627853|1628984|1628998|1629023|201152|203107|203469|203897,1626245|1627853|201152|203107|203897,1626179|1628984|1628998|1629023|203469,9.0,-13.0,1610612741.0,21900823,True
3,PT07M41.00S,07:41,Q3 07:41,19.683333333333334,389,rebound,Co. Martin REBOUND (Off:1 Def:3),[],Martin,51,69,,False,False,1628998.0,,2pt missed,3pt missed,,,,1626179|1626245|1627853|1628984|1628998|1629023|201152|203107|203469|203897,1626179|1628984|1628998|1629023|203469,1626245|1627853|201152|203107|203897,,,1610612766.0,21900823,True
3,PT07M26.00S,07:26,Q3 07:26,19.433333333333334,390,3pt,MISS Rozier 3PT Jump Shot,[],Rozier,51,69,Missed,True,False,1626179.0,,rebound,rebound,,,,1626179|1626245|1627853|1628984|1628998|1629023|201152|203107|203469|203897,1626179|1628984|1628998|1629023|203469,1626245|1627853|201152|203107|203897,-232.0,-13.0,1610612766.0,21900823,True
3,PT07M23.00S,07:23,Q3 07:23,19.383333333333333,391,rebound,LaVine REBOUND (Off:0 Def:4),[],LaVine,51,69,,False,False,203897.0,,3pt missed,3pt made,,,,1626179|1626245|1627853|1628984|1628998|1629023|201152|203107|203469|203897,1626245|1627853|201152|203107|203897,1626179|1628984|1628998|1629023|203469,,,1610612741.0,21900823,True
3,PT07M11.00S,07:11,Q3 07:11,19.183333333333334,392,3pt,Arcidiacono 24' 3PT Jump Shot (3 PTS) (LaVine 2 AST),[],Arcidiacono,54,69,Made,True,True,1627853.0,203897.0,rebound,3pt missed,,,,1626179|1626245|1627853|1628984|1628998|1629023|201152|203107|203469|203897,1626245|1627853|201152|203107|203897,1626179|1628984|1628998|1629023|203469,239.0,-31.0,1610612741.0,21900823,True
3,PT06M46.00S,06:46,Q3 06:46,18.766666666666666,394,3pt,MISS Co. Martin 3PT Jump Shot,[],Martin,54,69,Missed,True,False,1628998.0,,3pt made,rebound,,,,1626179|1626245|1627853|1628984|1628998|1629023|201152|203107|203469|203897,1626179|1628984|1628998|1629023|203469,1626245|1627853|201152|203107|203897,231.0,14.0,1610612766.0,21900823,True
3,PT06M44.00S,06:44,Q3 06:44,18.733333333333334,395,rebound,Felicio REBOUND (Off:2 Def:3),[],Felicio,54,69,,False,False,1626245.0,,3pt missed,3pt made,,,,1626179|1626245|1627853|1628984|1628998|1629023|201152|203107|203469|203897,1626245|1627853|201152|203107|203897,1626179|1628984|1628998|1629023|203469,,,1610612741.0,21900823,True
3,PT06M38.00S,06:38,Q3 06:38,18.633333333333333,396,3pt,Satoransky 24' 3PT Jump Shot (9 PTS) (LaVine 3 AST),[],Satoransky,57,69,Made,True,True,203107.0,203897.0,rebound,substitution,,,,1626179|1626245|1627853|1628984|1628998|1629023|201152|203107|203469|203897,1626245|1627853|201152|203107|203897,1626179|1628984|1628998|1629023|203469,-235.0,-27.0,1610612741.0,21900823,True
3,PT06M15.00S,06:15,Q3 06:15,18.25,399,substitution,SUB out: R. Arcidiacono,[],Arcidiacono,57,69,,False,False,1627853.0,,3pt made,substitution,,,,1626179|1626245|1628984|1628998|1629023|201152|203107|203469|203897,1626245|201152|203107|203897,1626179|1628984|1628998|1629023|203469,,,1610612741.0,21900823,False
3,PT06M15.00S,06:15,Q3 06:15,18.25,400,substitution,SUB out: T. Rozier,[],Rozier,57,69,,False,False,1626179.0,,substitution,substitution,,,,1626245|1628984|1628998|1629023|201152|203107|203469|203897,1628984|1628998|1629023|203469,1626245|201152|203107|203897,,,1610612766.0,21900823,False
3,PT06M15.00S,06:15,Q3 06:15,18.25,401,substitution,SUB out: C. Zeller,[],Zeller,57,69,,False,False,203469.0,,substitution,substitution,,,,1626245|1628984|1628998|1629023|201152|203107|203897,1628984|1628998|1629023,1626245|201152|203107|203897,,,1610612766.0,21900823,False
3,PT06M15.00S,06:15,Q3 06:15,18.25,402,substitution,SUB in: C. White,[],White,57,69,,False,False,1629632.0,,substitution,substitution,,,,1626245|1628984|1628998|1629023|1629632|201152|203107|203897,1626245|1629632|201152|203107|203897,1628984|1628998|1629023,,,1610612741.0,21900823,False
3,PT06M15.00S,06:15,Q3 06:15,18.25,403,substitution,SUB in: M. Monk,[],Monk,57,69,,False,False,1628370.0,,substitution,substitution,,,,1626245|1628370|1628984|1628998|1629023|1629632|201152|203107|203897,1628370|1628984|1628998|1629023,1626245|1629632|201152|203107|203897,,,1610612766.0,21900823,False
3,PT06M15.00S,06:15,Q3 06:15,18.25,404,substitution,SUB in: B. Biyombo,[],Biyombo,57,69,,False,False,202687.0,,substitution,turnover,,,,1626245|1628370|1628984|1628998|1629023|1629632|201152|202687|203107|203897,1628370|1628984|1628998|1629023|202687,1626245|1629632|201152|203107|203897,,,1610612766.0,21900823,True
3,PT06M04.00S,06:04,Q3 06:04,18.066666666666666,405,turnover,Monk Lost Ball Turnover (P1.T8),[],Monk,57,69,,False,False,1628370.0,,substitution,steal,,,,1626245|1628370|1628984|1628998|1629023|1629632|201152|202687|203107|203897,1628370|1628984|1628998|1629023|202687,1626245|1629632|201152|203107|203897,,,1610612766.0,21900823,True
3,PT06M04.00S,06:04,Q3 06:04,18.066666666666666,405,steal,Satoransky STEAL (1 STL),[],Satoransky,57,69,,False,False,203107.0,,turnover,2pt missed,,203107.0,,1626245|1628370|1628984|1628998|1629023|1629632|201152|202687|203107|203897,1626245|1629632|201152|203107|203897,1628370|1628984|1628998|1629023|202687,,,1610612741.0,21900823,True
3,PT05M59.00S,05:59,Q3 05:59,17.983333333333334,407,2pt,MISS White 23' Jump Shot,[],White,57,69,Missed,True,False,1629632.0,,steal,rebound,,,,1626245|1628370|1628984|1628998|1629023|1629632|201152|202687|203107|203897,1626245|1629632|201152|203107|203897,1628370|1628984|1628998|1629023|202687,129.0,186.0,1610612741.0,21900823,True
3,PT05M58.00S,05:58,Q3 05:58,17.96666666666667,408,rebound,TEAM offensive REBOUND,['team'],,57,69,,False,False,0.0,,2pt missed,foul,,,,1626245|1628370|1628984|1628998|1629023|1629632|201152|202687|203107|203897,1626245|1629632|201152|203107|203897,1628370|1628984|1628998|1629023|202687,,,1610612741.0,21900823,True
3,PT05M58.00S,05:58,Q3 05:58,17.96666666666667,409,foul,Biyombo L.B.FOUL (P2.T1) (L.Wood),[],Biyombo,57,69,,False,False,202687.0,,rebound,foul,201152.0,,,1626245|1628370|1628984|1628998|1629023|1629632|201152|202687|203107|203897,1628370|1628984|1628998|1629023|202687,1626245|1629632|201152|203107|203897,,,1610612766.0,21900823,True
3,PT05M55.00S,05:55,Q3 05:55,17.916666666666668,411,foul,Co. Martin P.FOUL (P1.T2) (S.Twardoski),[],Martin,57,69,,False,False,1628998.0,,foul,3pt made,201152.0,,,1626245|1628370|1628984|1628998|1629023|1629632|201152|202687|203107|203897,1628370|1628984|1628998|1629023|202687,1626245|1629632|201152|203107|203897,,,1610612766.0,21900823,True
3,PT05M50.00S,05:50,Q3 05:50,17.833333333333332,413,3pt,Young 26' 3PT Jump Shot (13 PTS) (Satoransky 6 AST),[],Young,60,69,Made,True,True,201152.0,203107.0,foul,turnover,,,,1626245|1628370|1628984|1628998|1629023|1629632|201152|202687|203107|203897,1626245|1629632|201152|203107|203897,1628370|1628984|1628998|1629023|202687,-70.0,248.0,1610612741.0,21900823,True
3,PT05M34.00S,05:34,Q3 05:34,17.566666666666666,415,turnover,Biyombo Traveling Turnover (P2.T9),[],Biyombo,60,69,,False,False,202687.0,,3pt made,foul,,,,1626245|1628370|1628984|1628998|1629023|1629632|201152|202687|203107|203897,1628370|1628984|1628998|1629023|202687,1626245|1629632|201152|203107|203897,,,1610612766.0,21900823,True
3,PT05M18.00S,05:18,Q3 05:18,17.3,416,foul,Young Offensive Charge Foul (P3) (L.Wood),[],Young,60,69,,False,False,201152.0,,turnover,turnover,1629023.0,,,1626245|1628370|1628984|1628998|1629023|1629632|201152|202687|203107|203897,1626245|1629632|201152|203107|203897,1628370|1628984|1628998|1629023|202687,,,1610612741.0,21900823,True
3,PT05M18.00S,05:18,Q3 05:18,17.3,418,turnover,Young Offensive Foul Turnover (P2.T7),[],Young,60,69,,False,False,201152.0,,foul,turnover,,,,1626245|1628370|1628984|1628998|1629023|1629632|201152|202687|203107|203897,1626245|1629632|201152|203107|203897,1628370|1628984|1628998|1629023|202687,,,1610612741.0,21900823,True
3,PT05M03.00S,05:03,Q3 05:03,17.05,419,turnover,Washington Bad Pass Turnover (P2.T10),[],Washington,60,69,,False,False,1629023.0,,turnover,steal,,,,1626245|1628370|1628984|1628998|1629023|1629632|201152|202687|203107|203897,1628370|1628984|1628998|1629023|202687,1626245|1629632|201152|203107|203897,,,1610612766.0,21900823,True
3,PT05M03.00S,05:03,Q3 05:03,17.05,419,steal,LaVine STEAL (1 STL),[],LaVine,60,69,,False,False,203897.0,,turnover,foul,,203897.0,,1626245|1628370|1628984|1628998|1629023|1629632|201152|202687|203107|203897,1626245|1629632|201152|203107|203897,1628370|1628984|1628998|1629023|202687,,,1610612741.0,21900823,True
3,PT05M01.00S,05:01,Q3 05:01,17.016666666666666,421,foul,Monk P.FOUL (P1.T3) (L.Wood),[],Monk,60,69,,False,False,1628370.0,,steal,turnover,203107.0,,,1626245|1628370|1628984|1628998|1629023|1629632|201152|202687|203107|203897,1628370|1628984|1628998|1629023|202687,1626245|1629632|201152|203107|203897,,,1610612766.0,21900823,True
3,PT04M44.00S,04:44,Q3 04:44,16.733333333333334,424,turnover,Satoransky Bad Pass Turnover (P2.T8),[],Satoransky,60,69,,False,False,203107.0,,foul,steal,,,,1626245|1628370|1628984|1628998|1629023|1629632|201152|202687|203107|203897,1626245|1629632|201152|203107|203897,1628370|1628984|1628998|1629023|202687,,,1610612741.0,21900823,True
3,PT04M44.00S,04:44,Q3 04:44,16.733333333333334,424,steal,Graham STEAL (2 STL),[],Graham,60,69,,False,False,1628984.0,,turnover,2pt missed,,1628984.0,,1626245|1628370|1628984|1628998|1629023|1629632|201152|202687|203107|203897,1628370|1628984|1628998|1629023|202687,1626245|1629632|201152|203107|203897,,,1610612766.0,21900823,True
3,PT04M30.00S,04:30,Q3 04:30,16.5,426,2pt,MISS Monk 1' Driving Layup,['pointsinthepaint'],Monk,60,69,Missed,True,False,1628370.0,,steal,rebound,,,,1626245|1628370|1628984|1628998|1629023|1629632|201152|202687|203107|203897,1628370|1628984|1628998|1629023|202687,1626245|1629632|201152|203107|203897,0.0,-12.0,1610612766.0,21900823,True
3,PT04M28.00S,04:28,Q3 04:28,16.46666666666667,427,rebound,LaVine REBOUND (Off:0 Def:5),[],LaVine,60,69,,False,False,203897.0,,2pt missed,2pt made,,,,1626245|1628370|1628984|1628998|1629023|1629632|201152|202687|203107|203897,1626245|1629632|201152|203107|203897,1628370|1628984|1628998|1629023|202687,,,1610612741.0,21900823,True
3,PT04M25.00S,04:25,Q3 04:25,16.416666666666668,428,2pt,Young 1' Cutting Dunk Shot (15 PTS) (Satoransky 7 AST),['pointsinthepaint'],Young,62,69,Made,True,True,201152.0,203107.0,rebound,timeout,,,,1626245|1628370|1628984|1628998|1629023|1629632|201152|202687|203107|203897,1626245|1629632|201152|203107|203897,1628370|1628984|1628998|1629023|202687,-1.0,-6.0,1610612741.0,21900823,True
3,PT04M25.00S,04:25,Q3 04:25,16.416666666666668,430,timeout,Hornets Timeout: Regular (Reg.3 Short 0),[],,62,69,,False,False,0.0,,2pt made,substitution,,,,1626245|1628370|1628984|1628998|1629023|1629632|201152|202687|203107|203897,1628370|1628984|1628998|1629023|202687,1626245|1629632|201152|203107|203897,,,1610612766.0,21900823,True
3,PT04M25.00S,04:25,Q3 04:25,16.416666666666668,431,substitution,SUB out: P. Washington,[],Washington,62,69,,False,False,1629023.0,,timeout,substitution,,,,1626245|1628370|1628984|1628998|1629632|201152|202687|203107|203897,1628370|1628984|1628998|202687,1626245|1629632|201152|203107|203897,,,1610612766.0,21900823,False
3,PT04M25.00S,04:25,Q3 04:25,16.416666666666668,432,substitution,SUB in: M. Bridges,[],Bridges,62,69,,False,False,1628970.0,,substitution,turnover,,,,1626245|1628370|1628970|1628984|1628998|1629632|201152|202687|203107|203897,1628370|1628970|1628984|1628998|202687,1626245|1629632|201152|203107|203897,,,1610612766.0,21900823,True
3,PT04M14.00S,04:14,Q3 04:14,16.233333333333334,433,turnover,Graham Bad Pass Turnover (P4.T11),[],Graham,62,69,,False,False,1628984.0,,substitution,steal,,,,1626245|1628370|1628970|1628984|1628998|1629632|201152|202687|203107|203897,1628370|1628970|1628984|1628998|202687,1626245|1629632|201152|203107|203897,,,1610612766.0,21900823,True
3,PT04M14.00S,04:14,Q3 04:14,16.233333333333334,433,steal,Felicio STEAL (1 STL),[],Felicio,62,69,,False,False,1626245.0,,turnover,2pt missed,,1626245.0,,1626245|1628370|1628970|1628984|1628998|1629632|201152|202687|203107|203897,1626245|1629632|201152|203107|203897,1628370|1628970|1628984|1628998|202687,,,1610612741.0,21900823,True
3,PT04M04.00S,04:04,Q3 04:04,16.066666666666666,435,2pt,MISS Satoransky 4' Driving Floating Jump Shot,['pointsinthepaint'],Satoransky,62,69,Missed,True,False,203107.0,,steal,rebound,,,,1626245|1628370|1628970|1628984|1628998|1629632|201152|202687|203107|203897,1626245|1629632|201152|203107|203897,1628370|1628970|1628984|1628998|202687,13.0,34.0,1610612741.0,21900823,True
3,PT04M02.00S,04:02,Q3 04:02,16.03333333333333,436,rebound,Satoransky REBOUND (Off:3 Def:2),[],Satoransky,62,69,,False,False,203107.0,,2pt missed,3pt missed,,,,1626245|1628370|1628970|1628984|1628998|1629632|201152|202687|203107|203897,1626245|1629632|201152|203107|203897,1628370|1628970|1628984|1628998|202687,,,1610612741.0,21900823,True
3,PT03M59.00S,03:59,Q3 03:59,15.983333333333334,437,3pt,MISS Satoransky 25' 3PT Jump Shot,[],Satoransky,62,69,Missed,True,False,203107.0,,rebound,rebound,,,,1626245|1628370|1628970|1628984|1628998|1629632|201152|202687|203107|203897,1626245|1629632|201152|203107|203897,1628370|1628970|1628984|1628998|202687,-5.0,251.0,1610612741.0,21900823,True
3,PT03M54.00S,03:54,Q3 03:54,15.9,438,rebound,Co. Martin REBOUND (Off:1 Def:4),[],Martin,62,69,,False,False,1628998.0,,3pt missed,foul,,,,1626245|1628370|1628970|1628984|1628998|1629632|201152|202687|203107|203897,1628370|1628970|1628984|1628998|202687,1626245|1629632|201152|203107|203897,,,1610612766.0,21900823,True
3,PT03M50.00S,03:50,Q3 03:50,15.833333333333334,440,foul,Satoransky P.FOUL (P4.PN) (L.Wood),['inpenalty'],Satoransky,62,69,,False,False,203107.0,,rebound,freethrow,202687.0,,,1626245|1628370|1628970|1628984|1628998|1629632|201152|202687|203107|203897,1626245|1629632|201152|203107|203897,1628370|1628970|1628984|1628998|202687,,,1610612741.0,21900823,True
3,PT03M50.00S,03:50,Q3 03:50,15.833333333333334,442,freethrow,MISS Biyombo Free Throw 1 of 2,[],Biyombo,62,69,Missed,False,False,202687.0,,foul,rebound,,,,1626245|1628370|1628970|1628984|1628998|1629632|201152|202687|203107|203897,1628370|1628970|1628984|1628998|202687,1626245|1629632|201152|203107|203897,,,1610612766.0,21900823,True
3,PT03M50.00S,03:50,Q3 03:50,15.833333333333334,443,rebound,TEAM offensive REBOUND,['team'],,62,69,,False,False,0.0,,freethrow,freethrow,,,,1626245|1628370|1628970|1628984|1628998|1629632|201152|202687|203107|203897,1628370|1628970|1628984|1628998|202687,1626245|1629632|201152|203107|203897,,,1610612766.0,21900823,True
3,PT03M50.00S,03:50,Q3 03:50,15.833333333333334,446,freethrow,Biyombo Free Throw 2 of 2 (3 PTS),[],Biyombo,62,70,Made,False,False,202687.0,,rebound,substitution,,,,1626245|1628370|1628970|1628984|1628998|1629632|201152|202687|203107|203897,1628370|1628970|1628984|1628998|202687,1626245|1629632|201152|203107|203897,,,1610612766.0,21900823,True
3,PT03M50.00S,03:50,Q3 03:50,15.833333333333334,444,substitution,SUB out: T. Satoransky,[],Satoransky,62,69,,False,False,203107.0,,freethrow,substitution,,,,1626245|1628370|1628970|1628984|1628998|1629632|201152|202687|203897,1626245|1629632|201152|203897,1628370|1628970|1628984|1628998|202687,,,1610612741.0,21900823,False
3,PT03M50.00S,03:50,Q3 03:50,15.833333333333334,445,substitution,SUB in: S. Harrison,[],Harrison,62,69,,False,False,1627885.0,,substitution,3pt made,,,,1626245|1627885|1628370|1628970|1628984|1628998|1629632|201152|202687|203897,1626245|1627885|1629632|201152|203897,1628370|1628970|1628984|1628998|202687,,,1610612741.0,21900823,True
3,PT03M38.00S,03:38,Q3 03:38,15.633333333333333,447,3pt,Young 3PT Jump Shot (18 PTS) (LaVine 4 AST),[],Young,65,70,Made,True,True,201152.0,203897.0,substitution,turnover,,,,1626245|1627885|1628370|1628970|1628984|1628998|1629632|201152|202687|203897,1626245|1627885|1629632|201152|203897,1628370|1628970|1628984|1628998|202687,-226.0,-27.0,1610612741.0,21900823,True
3,PT03M15.00S,03:15,Q3 03:15,15.25,450,turnover,Biyombo Bad Pass Turnover (P3.T12),[],Biyombo,65,70,,False,False,202687.0,,3pt made,steal,,,,1626245|1627885|1628370|1628970|1628984|1628998|1629632|201152|202687|203897,1628370|1628970|1628984|1628998|202687,1626245|1627885|1629632|201152|203897,,,1610612766.0,21900823,True
3,PT03M15.00S,03:15,Q3 03:15,15.25,450,steal,Young STEAL (4 STL),[],Young,65,70,,False,False,201152.0,,turnover,2pt made,,201152.0,,1626245|1627885|1628370|1628970|1628984|1628998|1629632|201152|202687|203897,1626245|1627885|1629632|201152|203897,1628370|1628970|1628984|1628998|202687,,,1610612741.0,21900823,True
3,PT03M05.00S,03:05,Q3 03:05,15.083333333333334,452,2pt,White 2' Driving Layup (7 PTS) (Harrison 1 AST),['pointsinthepaint'],White,67,70,Made,True,True,1629632.0,1627885.0,steal,foul,,,,1626245|1627885|1628370|1628970|1628984|1628998|1629632|201152|202687|203897,1626245|1627885|1629632|201152|203897,1628370|1628970|1628984|1628998|202687,19.0,1.0,1610612741.0,21900823,True
3,PT03M05.00S,03:05,Q3 03:05,15.083333333333334,454,foul,Bridges S.FOUL (P1.T4) (L.Wood),['inpenalty'],Bridges,67,70,,False,False,1628970.0,,2pt made,freethrow,1629632.0,,,1626245|1627885|1628370|1628970|1628984|1628998|1629632|201152|202687|203897,1628370|1628970|1628984|1628998|202687,1626245|1627885|1629632|201152|203897,,,1610612766.0,21900823,True
3,PT03M05.00S,03:05,Q3 03:05,15.083333333333334,458,freethrow,White Free Throw 1 of 1 (8 PTS),[],White,68,70,Made,False,False,1629632.0,,foul,substitution,,,,1626245|1627885|1628370|1628970|1628984|1628998|1629632|201152|202687|203897,1626245|1627885|1629632|201152|203897,1628370|1628970|1628984|1628998|202687,,,1610612741.0,21900823,True
3,PT03M05.00S,03:05,Q3 03:05,15.083333333333334,456,substitution,SUB out: B. Biyombo,[],Biyombo,67,70,,False,False,202687.0,,freethrow,substitution,,,,1626245|1627885|1628370|1628970|1628984|1628998|1629632|201152|203897,1628370|1628970|1628984|1628998,1626245|1627885|1629632|201152|203897,,,1610612766.0,21900823,False
3,PT03M05.00S,03:05,Q3 03:05,15.083333333333334,457,substitution,SUB in: C. Zeller,[],Zeller,67,70,,False,False,203469.0,,substitution,2pt made,,,,1626245|1627885|1628370|1628970|1628984|1628998|1629632|201152|203469|203897,1628370|1628970|1628984|1628998|203469,1626245|1627885|1629632|201152|203897,,,1610612766.0,21900823,True
3,PT02M47.00S,02:47,Q3 02:47,14.783333333333333,459,2pt,Bridges 1' Finger Roll Layup (15 PTS),['pointsinthepaint'],Bridges,68,72,Made,True,False,1628970.0,,substitution,3pt missed,,,,1626245|1627885|1628370|1628970|1628984|1628998|1629632|201152|203469|203897,1628370|1628970|1628984|1628998|203469,1626245|1627885|1629632|201152|203897,-10.0,4.0,1610612766.0,21900823,True
3,PT02M31.00S,02:31,Q3 02:31,14.516666666666666,460,3pt,MISS LaVine 25' 3PT Jump Shot,[],LaVine,68,72,Missed,True,False,203897.0,,2pt made,rebound,,,,1626245|1627885|1628370|1628970|1628984|1628998|1629632|201152|203469|203897,1626245|1627885|1629632|201152|203897,1628370|1628970|1628984|1628998|203469,188.0,162.0,1610612741.0,21900823,True
3,PT02M27.00S,02:27,Q3 02:27,14.45,461,rebound,Monk REBOUND (Off:0 Def:3),[],Monk,68,72,,False,False,1628370.0,,3pt missed,turnover,,,,1626245|1627885|1628370|1628970|1628984|1628998|1629632|201152|203469|203897,1628370|1628970|1628984|1628998|203469,1626245|1627885|1629632|201152|203897,,,1610612766.0,21900823,True
3,PT02M22.00S,02:22,Q3 02:22,14.366666666666667,462,turnover,Monk Bad Pass Turnover (P2.T13),[],Monk,68,72,,False,False,1628370.0,,rebound,steal,,,,1626245|1627885|1628370|1628970|1628984|1628998|1629632|201152|203469|203897,1628370|1628970|1628984|1628998|203469,1626245|1627885|1629632|201152|203897,,,1610612766.0,21900823,True
3,PT02M22.00S,02:22,Q3 02:22,14.366666666666667,462,steal,Felicio STEAL (2 STL),[],Felicio,68,72,,False,False,1626245.0,,turnover,3pt missed,,1626245.0,,1626245|1627885|1628370|1628970|1628984|1628998|1629632|201152|203469|203897,1626245|1627885|1629632|201152|203897,1628370|1628970|1628984|1628998|203469,,,1610612741.0,21900823,True
3,PT02M17.00S,02:17,Q3 02:17,14.283333333333333,464,3pt,MISS White 27' 3PT Running Jump Shot,[],White,68,72,Missed,True,False,1629632.0,,steal,rebound,,,,1626245|1627885|1628370|1628970|1628984|1628998|1629632|201152|203469|203897,1626245|1627885|1629632|201152|203897,1628370|1628970|1628984|1628998|203469,-157.0,216.0,1610612741.0,21900823,True
3,PT02M15.00S,02:15,Q3 02:15,14.25,465,rebound,Co. Martin REBOUND (Off:1 Def:5),[],Martin,68,72,,False,False,1628998.0,,3pt missed,2pt missed,,,,1626245|1627885|1628370|1628970|1628984|1628998|1629632|201152|203469|203897,1628370|1628970|1628984|1628998|203469,1626245|1627885|1629632|201152|203897,,,1610612766.0,21900823,True
3,PT02M09.00S,02:09,Q3 02:09,14.15,466,2pt,MISS Bridges 2' Jump Shot,['pointsinthepaint'],Bridges,68,72,Missed,True,False,1628970.0,,rebound,block,,,,1626245|1627885|1628370|1628970|1628984|1628998|1629632|201152|203469|203897,1628370|1628970|1628984|1628998|203469,1626245|1627885|1629632|201152|203897,-14.0,9.0,1610612766.0,21900823,True
3,PT02M09.00S,02:09,Q3 02:09,14.15,466,block,White BLOCK (1 BLK),[],White,68,72,,False,False,1629632.0,,2pt missed,rebound,,,1629632.0,1626245|1627885|1628370|1628970|1628984|1628998|1629632|201152|203469|203897,1626245|1627885|1629632|201152|203897,1628370|1628970|1628984|1628998|203469,,,1610612741.0,21900823,True
3,PT02M09.00S,02:09,Q3 02:09,14.15,468,rebound,Monk REBOUND (Off:1 Def:3),[],Monk,68,72,,False,False,1628370.0,,block,2pt missed,,,,1626245|1627885|1628370|1628970|1628984|1628998|1629632|201152|203469|203897,1628370|1628970|1628984|1628998|203469,1626245|1627885|1629632|201152|203897,,,1610612766.0,21900823,True
3,PT02M09.00S,02:09,Q3 02:09,14.15,469,2pt,MISS Monk 2' Layup,['pointsinthepaint'],Monk,68,72,Missed,True,False,1628370.0,,rebound,rebound,,,,1626245|1627885|1628370|1628970|1628984|1628998|1629632|201152|203469|203897,1628370|1628970|1628984|1628998|203469,1626245|1627885|1629632|201152|203897,2.0,16.0,1610612766.0,21900823,True
3,PT02M09.00S,02:09,Q3 02:09,14.15,470,rebound,TEAM offensive REBOUND,['team'],,68,72,,False,False,0.0,,2pt missed,foul,,,,1626245|1627885|1628370|1628970|1628984|1628998|1629632|201152|203469|203897,1628370|1628970|1628984|1628998|203469,1626245|1627885|1629632|201152|203897,,,1610612766.0,21900823,True
3,PT02M09.00S,02:09,Q3 02:09,14.15,471,foul,Felicio L.B.FOUL (P1.PN) (L.Wood),['inpenalty'],Felicio,68,72,,False,False,1626245.0,,rebound,freethrow,1628370.0,,,1626245|1627885|1628370|1628970|1628984|1628998|1629632|201152|203469|203897,1626245|1627885|1629632|201152|203897,1628370|1628970|1628984|1628998|203469,,,1610612741.0,21900823,True
3,PT02M09.00S,02:09,Q3 02:09,14.15,473,freethrow,Monk Free Throw 1 of 2 (16 PTS),[],Monk,68,73,Made,False,False,1628370.0,,foul,freethrow,,,,1626245|1627885|1628370|1628970|1628984|1628998|1629632|201152|203469|203897,1628370|1628970|1628984|1628998|203469,1626245|1627885|1629632|201152|203897,,,1610612766.0,21900823,True
3,PT02M09.00S,02:09,Q3 02:09,14.15,478,freethrow,Monk Free Throw 2 of 2 (17 PTS),[],Monk,68,74,Made,False,False,1628370.0,,freethrow,substitution,,,,1626245|1627885|1628370|1628970|1628984|1628998|1629632|201152|203469|203897,1628370|1628970|1628984|1628998|203469,1626245|1627885|1629632|201152|203897,,,1610612766.0,21900823,True
3,PT02M09.00S,02:09,Q3 02:09,14.15,474,substitution,SUB out: T. Young,[],Young,68,73,,False,False,201152.0,,freethrow,substitution,,,,1626245|1627885|1628370|1628970|1628984|1628998|1629632|203469|203897,1626245|1627885|1629632|203897,1628370|1628970|1628984|1628998|203469,,,1610612741.0,21900823,False
3,PT02M09.00S,02:09,Q3 02:09,14.15,475,substitution,SUB out: D. Graham,[],Graham,68,73,,False,False,1628984.0,,substitution,substitution,,,,1626245|1627885|1628370|1628970|1628998|1629632|203469|203897,1628370|1628970|1628998|203469,1626245|1627885|1629632|203897,,,1610612766.0,21900823,False
3,PT02M09.00S,02:09,Q3 02:09,14.15,476,substitution,SUB in: L. Kornet,[],Kornet,68,73,,False,False,1628436.0,,substitution,substitution,,,,1626245|1627885|1628370|1628436|1628970|1628998|1629632|203469|203897,1626245|1627885|1628436|1629632|203897,1628370|1628970|1628998|203469,,,1610612741.0,21900823,False
3,PT02M09.00S,02:09,Q3 02:09,14.15,477,substitution,SUB in: T. Rozier,[],Rozier,68,73,,False,False,1626179.0,,substitution,3pt made,,,,1626179|1626245|1627885|1628370|1628436|1628970|1628998|1629632|203469|203897,1626179|1628370|1628970|1628998|203469,1626245|1627885|1628436|1629632|203897,,,1610612766.0,21900823,True
3,PT01M46.00S,01:46,Q3 01:46,13.766666666666666,479,3pt,Kornet 24' 3PT Jump Shot (5 PTS) (LaVine 5 AST),[],Kornet,71,74,Made,True,True,1628436.0,203897.0,substitution,2pt made,,,,1626179|1626245|1627885|1628370|1628436|1628970|1628998|1629632|203469|203897,1626245|1627885|1628436|1629632|203897,1626179|1628370|1628970|1628998|203469,-235.0,-29.0,1610612741.0,21900823,True
3,PT01M30.00S,01:30,Q3 01:30,13.5,481,2pt,Monk 2' Driving Layup (19 PTS),['pointsinthepaint'],Monk,71,76,Made,True,False,1628370.0,,3pt made,2pt made,,,,1626179|1626245|1627885|1628370|1628436|1628970|1628998|1629632|203469|203897,1626179|1628370|1628970|1628998|203469,1626245|1627885|1628436|1629632|203897,7.0,14.0,1610612766.0,21900823,True
3,PT01M12.00S,01:12,Q3 01:12,13.2,482,2pt,Harrison 6' Driving Floating Bank Jump Shot (11 PTS) (LaVine 6 AST),['pointsinthepaint'],Harrison,73,76,Made,True,True,1627885.0,203897.0,2pt made,foul,,,,1626179|1626245|1627885|1628370|1628436|1628970|1628998|1629632|203469|203897,1626245|1627885|1628436|1629632|203897,1626179|1628370|1628970|1628998|203469,-41.0,46.0,1610612741.0,21900823,True
3,PT00M58.20S,00:58,Q3 00:58,12.97,486,foul,BULLS T.Foul (Def. 3 Sec White ) (S.Twardoski),['inpenalty'],White,73,76,,False,False,1629632.0,,2pt made,freethrow,1626179.0,,,1626179|1626245|1627885|1628370|1628436|1628970|1628998|1629632|203469|203897,1626245|1627885|1628436|1629632|203897,1626179|1628370|1628970|1628998|203469,,,1610612741.0,21900823,True
3,PT00M58.20S,00:58,Q3 00:58,12.97,487,freethrow,Rozier Free Throw Technical (11 PTS),[],Rozier,73,77,Made,False,False,1626179.0,,foul,2pt made,,,,1626179|1626245|1627885|1628370|1628436|1628970|1628998|1629632|203469|203897,1626179|1628370|1628970|1628998|203469,1626245|1627885|1628436|1629632|203897,,,1610612766.0,21900823,True
3,PT00M52.70S,00:52,Q3 00:52,12.878333333333334,488,2pt,Zeller Cutting Dunk Shot (12 PTS) (Bridges 2 AST),['pointsinthepaint'],Zeller,73,79,Made,True,True,203469.0,1628970.0,freethrow,3pt missed,,,,1626179|1626245|1627885|1628370|1628436|1628970|1628998|1629632|203469|203897,1626179|1628370|1628970|1628998|203469,1626245|1627885|1628436|1629632|203897,1.0,-4.0,1610612766.0,21900823,True
3,PT00M30.90S,00:30,Q3 00:30,12.515,490,3pt,MISS LaVine 27' 3PT Jump Shot,[],LaVine,73,79,Missed,True,False,203897.0,,2pt made,rebound,,,,1626179|1626245|1627885|1628370|1628436|1628970|1628998|1629632|203469|203897,1626245|1627885|1628436|1629632|203897,1626179|1628370|1628970|1628998|203469,-155.0,226.0,1610612741.0,21900823,True
3,PT00M27.80S,00:27,Q3 00:27,12.463333333333333,491,rebound,Rozier REBOUND (Off:0 Def:4),[],Rozier,73,79,,False,False,1626179.0,,3pt missed,3pt missed,,,,1626179|1626245|1627885|1628370|1628436|1628970|1628998|1629632|203469|203897,1626179|1628370|1628970|1628998|203469,1626245|1627885|1628436|1629632|203897,,,1610612766.0,21900823,True
3,PT00M11.60S,00:11,Q3 00:11,12.193333333333333,492,3pt,MISS Bridges 25' 3PT Jump Shot,[],Bridges,73,79,Missed,True,False,1628970.0,,rebound,rebound,,,,1626179|1626245|1627885|1628370|1628436|1628970|1628998|1629632|203469|203897,1626179|1628370|1628970|1628998|203469,1626245|1627885|1628436|1629632|203897,119.0,220.0,1610612766.0,21900823,True
3,PT00M08.20S,00:08,Q3 00:08,12.136666666666667,493,rebound,LaVine REBOUND (Off:0 Def:6),[],LaVine,73,79,,False,False,203897.0,,3pt missed,period,,,,1626179|1626245|1627885|1628370|1628436|1628970|1628998|1629632|203469|203897,1626245|1627885|1628436|1629632|203897,1626179|1628370|1628970|1628998|203469,,,1610612741.0,21900823,True
3,PT00M00.00S,00:00,Q3 00:00,12.0,494,period,End of 3rd Period (9:44 PM EST),[],,73,79,,False,False,0.0,,rebound,period,,,,1626179|1626245|1627885|1628370|1628436|1628970|1628998|1629632|203469|203897,1626245|1627885|1628436|1629632|203897,1626179|1628370|1628970|1628998|203469,,,1610612741.0,21900823,True
4,PT12M00.00S,12:00,Q4 12:00,12.0,501,period,Start of 4th Period (9:47 PM EST),[],,73,79,,False,False,0.0,,period,substitution,,,,1626179|1626245|1627885|1628370|1628436|1628970|1628998|1629632|203469|203897,1626245|1627885|1628436|1629632|203897,1626179|1628370|1628970|1628998|203469,,,1610612741.0,21900823,True
4,PT11M42.00S,11:42,Q4 11:42,11.7,502,2pt,Bridges 10' Turnaround Fadeaway Bank Jump Shot (17 PTS),['pointsinthepaint'],Bridges,73,81,Made,True,False,1628970.0,,substitution,3pt missed,,,,1626179|1627853|1627885|1628370|1628436|1628970|1629632|1629655|1629667|203469,1626179|1628370|1628970|1629667|203469,1627853|1627885|1628436|1629632|1629655,-48.0,85.0,1610612766.0,21900823,True
4,PT11M25.00S,11:25,Q4 11:25,11.416666666666666,503,3pt,MISS Harrison 25' 3PT Jump Shot,[],Harrison,73,81,Missed,True,False,1627885.0,,2pt made,rebound,,,,1626179|1627853|1627885|1628370|1628436|1628970|1629632|1629655|1629667|203469,1627853|1627885|1628436|1629632|1629655,1626179|1628370|1628970|1629667|203469,27.0,247.0,1610612741.0,21900823,True
4,PT11M22.00S,11:22,Q4 11:22,11.366666666666667,504,rebound,Monk REBOUND (Off:1 Def:4),[],Monk,73,81,,False,False,1628370.0,,3pt missed,foul,,,,1626179|1627853|1627885|1628370|1628436|1628970|1629632|1629655|1629667|203469,1626179|1628370|1628970|1629667|203469,1627853|1627885|1628436|1629632|1629655,,,1610612766.0,21900823,True
4,PT11M17.00S,11:17,Q4 11:17,11.283333333333333,505,foul,Gafford S.FOUL (P4.T1) (K.Mauer),[],Gafford,73,81,,False,False,1629655.0,,rebound,freethrow,203469.0,,,1626179|1627853|1627885|1628370|1628436|1628970|1629632|1629655|1629667|203469,1627853|1627885|1628436|1629632|1629655,1626179|1628370|1628970|1629667|203469,,,1610612741.0,21900823,True
4,PT11M17.00S,11:17,Q4 11:17,11.283333333333333,507,freethrow,Zeller Free Throw 1 of 2 (13 PTS),[],Zeller,73,82,Made,False,False,203469.0,,foul,freethrow,,,,1626179|1627853|1627885|1628370|1628436|1628970|1629632|1629655|1629667|203469,1626179|1628370|1628970|1629667|203469,1627853|1627885|1628436|1629632|1629655,,,1610612766.0,21900823,True
4,PT11M17.00S,11:17,Q4 11:17,11.283333333333333,510,freethrow,Zeller Free Throw 2 of 2 (14 PTS),[],Zeller,73,83,Made,False,False,203469.0,,freethrow,substitution,,,,1626179|1627853|1627885|1628370|1628436|1628970|1629632|1629655|1629667|203469,1626179|1628370|1628970|1629667|203469,1627853|1627885|1628436|1629632|1629655,,,1610612766.0,21900823,True
4,PT11M17.00S,11:17,Q4 11:17,11.283333333333333,508,substitution,SUB out: M. Bridges,[],Bridges,73,82,,False,False,1628970.0,,freethrow,substitution,,,,1626179|1627853|1627885|1628370|1628436|1629632|1629655|1629667|203469,1626179|1628370|1629667|203469,1627853|1627885|1628436|1629632|1629655,,,1610612766.0,21900823,False
4,PT11M17.00S,11:17,Q4 11:17,11.283333333333333,509,substitution,SUB in: P. Washington,[],Washington,73,82,,False,False,1629023.0,,substitution,2pt made,,,,1626179|1627853|1627885|1628370|1628436|1629023|1629632|1629655|1629667|203469,1626179|1628370|1629023|1629667|203469,1627853|1627885|1628436|1629632|1629655,,,1610612766.0,21900823,True
4,PT11M00.00S,11:00,Q4 11:00,11.0,511,2pt,Harrison 10' Fadeaway Jumper (13 PTS),['pointsinthepaint'],Harrison,75,83,Made,True,False,1627885.0,,substitution,2pt missed,,,,1626179|1627853|1627885|1628370|1628436|1629023|1629632|1629655|1629667|203469,1627853|1627885|1628436|1629632|1629655,1626179|1628370|1629023|1629667|203469,-60.0,74.0,1610612741.0,21900823,True
4,PT10M43.00S,10:43,Q4 10:43,10.716666666666667,512,2pt,MISS Washington 5' Driving Floating Jump Shot,['pointsinthepaint'],Washington,75,83,Missed,True,False,1629023.0,,2pt made,rebound,,,,1626179|1627853|1627885|1628370|1628436|1629023|1629632|1629655|1629667|203469,1626179|1628370|1629023|1629667|203469,1627853|1627885|1628436|1629632|1629655,-26.0,41.0,1610612766.0,21900823,True
4,PT10M40.00S,10:40,Q4 10:40,10.666666666666666,513,rebound,Harrison REBOUND (Off:1 Def:1),[],Harrison,75,83,,False,False,1627885.0,,2pt missed,foul,,,,1626179|1627853|1627885|1628370|1628436|1629023|1629632|1629655|1629667|203469,1627853|1627885|1628436|1629632|1629655,1626179|1628370|1629023|1629667|203469,,,1610612741.0,21900823,True
4,PT10M33.00S,10:33,Q4 10:33,10.55,514,foul,McDaniels S.FOUL (P2.T1) (K.Mauer),[],McDaniels,75,83,,False,False,1629667.0,,rebound,freethrow,1629655.0,,,1626179|1627853|1627885|1628370|1628436|1629023|1629632|1629655|1629667|203469,1626179|1628370|1629023|1629667|203469,1627853|1627885|1628436|1629632|1629655,,,1610612766.0,21900823,True
4,PT10M33.00S,10:33,Q4 10:33,10.55,516,freethrow,Gafford Free Throw 1 of 2 (3 PTS),[],Gafford,76,83,Made,False,False,1629655.0,,foul,freethrow,,,,1626179|1627853|1627885|1628370|1628436|1629023|1629632|1629655|1629667|203469,1627853|1627885|1628436|1629632|1629655,1626179|1628370|1629023|1629667|203469,,,1610612741.0,21900823,True
4,PT10M33.00S,10:33,Q4 10:33,10.55,517,freethrow,MISS Gafford Free Throw 2 of 2,[],Gafford,76,83,Missed,False,False,1629655.0,,freethrow,rebound,,,,1626179|1627853|1627885|1628370|1628436|1629023|1629632|1629655|1629667|203469,1627853|1627885|1628436|1629632|1629655,1626179|1628370|1629023|1629667|203469,,,1610612741.0,21900823,True
4,PT10M30.00S,10:30,Q4 10:30,10.5,518,rebound,McDaniels REBOUND (Off:0 Def:2),[],McDaniels,76,83,,False,False,1629667.0,,freethrow,foul,,,,1626179|1627853|1627885|1628370|1628436|1629023|1629632|1629655|1629667|203469,1626179|1628370|1629023|1629667|203469,1627853|1627885|1628436|1629632|1629655,,,1610612766.0,21900823,True
4,PT10M17.00S,10:17,Q4 10:17,10.283333333333333,519,foul,Gafford S.FOUL (P5.T2) (K.Mauer),[],Gafford,76,83,,False,False,1629655.0,,rebound,freethrow,203469.0,,,1626179|1627853|1627885|1628370|1628436|1629023|1629632|1629655|1629667|203469,1627853|1627885|1628436|1629632|1629655,1626179|1628370|1629023|1629667|203469,,,1610612741.0,21900823,True
4,PT10M17.00S,10:17,Q4 10:17,10.283333333333333,521,freethrow,MISS Zeller Free Throw 1 of 2,[],Zeller,76,83,Missed,False,False,203469.0,,foul,rebound,,,,1626179|1627853|1627885|1628370|1628436|1629023|1629632|1629655|1629667|203469,1626179|1628370|1629023|1629667|203469,1627853|1627885|1628436|1629632|1629655,,,1610612766.0,21900823,True
4,PT10M17.00S,10:17,Q4 10:17,10.283333333333333,522,rebound,TEAM offensive REBOUND,['team'],,76,83,,False,False,0.0,,freethrow,freethrow,,,,1626179|1627853|1627885|1628370|1628436|1629023|1629632|1629655|1629667|203469,1626179|1628370|1629023|1629667|203469,1627853|1627885|1628436|1629632|1629655,,,1610612766.0,21900823,True
4,PT10M17.00S,10:17,Q4 10:17,10.283333333333333,523,freethrow,Zeller Free Throw 2 of 2 (15 PTS),['2ndchance'],Zeller,76,84,Made,False,False,203469.0,,rebound,2pt made,,,,1626179|1627853|1627885|1628370|1628436|1629023|1629632|1629655|1629667|203469,1626179|1628370|1629023|1629667|203469,1627853|1627885|1628436|1629632|1629655,,,1610612766.0,21900823,True
4,PT09M54.00S,09:54,Q4 09:54,9.9,524,2pt,Gafford 1' Dunk (5 PTS) (Harrison 2 AST),['pointsinthepaint'],Gafford,78,84,Made,True,True,1629655.0,1627885.0,freethrow,foul,,,,1626179|1627853|1627885|1628370|1628436|1629023|1629632|1629655|1629667|203469,1627853|1627885|1628436|1629632|1629655,1626179|1628370|1629023|1629667|203469,-5.0,-9.0,1610612741.0,21900823,True
4,PT09M38.00S,09:38,Q4 09:38,9.633333333333333,526,foul,Kornet S.FOUL (P3.T3) (S.Twardoski),[],Kornet,78,84,,False,False,1628436.0,,2pt made,freethrow,1629023.0,,,1626179|1627853|1627885|1628370|1628436|1629023|1629632|1629655|1629667|203469,1627853|1627885|1628436|1629632|1629655,1626179|1628370|1629023|1629667|203469,,,1610612741.0,21900823,True
4,PT09M38.00S,09:38,Q4 09:38,9.633333333333333,528,freethrow,Washington Free Throw 1 of 2 (16 PTS),[],Washington,78,85,Made,False,False,1629023.0,,foul,freethrow,,,,1626179|1627853|1627885|1628370|1628436|1629023|1629632|1629655|1629667|203469,1626179|1628370|1629023|1629667|203469,1627853|1627885|1628436|1629632|1629655,,,1610612766.0,21900823,True
4,PT09M38.00S,09:38,Q4 09:38,9.633333333333333,531,freethrow,Washington Free Throw 2 of 2 (17 PTS),[],Washington,78,86,Made,False,False,1629023.0,,freethrow,substitution,,,,1626179|1627853|1627885|1628370|1628436|1629023|1629632|1629655|1629667|203469,1626179|1628370|1629023|1629667|203469,1627853|1627885|1628436|1629632|1629655,,,1610612766.0,21900823,True
4,PT09M38.00S,09:38,Q4 09:38,9.633333333333333,529,substitution,SUB out: C. White,[],White,78,85,,False,False,1629632.0,,freethrow,substitution,,,,1626179|1627853|1627885|1628370|1628436|1629023|1629655|1629667|203469,1627853|1627885|1628436|1629655,1626179|1628370|1629023|1629667|203469,,,1610612741.0,21900823,False
4,PT09M38.00S,09:38,Q4 09:38,9.633333333333333,530,substitution,SUB in: T. Satoransky,[],Satoransky,78,85,,False,False,203107.0,,substitution,2pt missed,,,,1626179|1627853|1627885|1628370|1628436|1629023|1629655|1629667|203107|203469,1627853|1627885|1628436|1629655|203107,1626179|1628370|1629023|1629667|203469,,,1610612741.0,21900823,True
4,PT09M20.00S,09:20,Q4 09:20,9.333333333333334,532,2pt,MISS Harrison 2' Driving Reverse Layup,['pointsinthepaint'],Harrison,78,86,Missed,True,False,1627885.0,,substitution,rebound,,,,1626179|1627853|1627885|1628370|1628436|1629023|1629655|1629667|203107|203469,1627853|1627885|1628436|1629655|203107,1626179|1628370|1629023|1629667|203469,19.0,10.0,1610612741.0,21900823,True
4,PT09M18.00S,09:18,Q4 09:18,9.3,533,rebound,Zeller REBOUND (Off:1 Def:5),[],Zeller,78,86,,False,False,203469.0,,2pt missed,3pt made,,,,1626179|1627853|1627885|1628370|1628436|1629023|1629655|1629667|203107|203469,1626179|1628370|1629023|1629667|203469,1627853|1627885|1628436|1629655|203107,,,1610612766.0,21900823,True
4,PT09M07.00S,09:07,Q4 09:07,9.116666666666667,534,3pt,Rozier 25' 3PT Jump Shot (14 PTS) (Monk 3 AST),[],Rozier,78,89,Made,True,True,1626179.0,1628370.0,rebound,timeout,,,,1626179|1627853|1627885|1628370|1628436|1629023|1629655|1629667|203107|203469,1626179|1628370|1629023|1629667|203469,1627853|1627885|1628436|1629655|203107,169.0,189.0,1610612766.0,21900823,True
4,PT09M05.00S,09:05,Q4 09:05,9.083333333333334,536,timeout,BULLS Timeout: Regular (Full 4 Short 0),[],,78,89,,False,False,0.0,,3pt made,turnover,,,,1626179|1627853|1627885|1628370|1628436|1629023|1629655|1629667|203107|203469,1627853|1627885|1628436|1629655|203107,1626179|1628370|1629023|1629667|203469,,,1610612741.0,21900823,True
4,PT08M48.00S,08:48,Q4 08:48,8.8,537,turnover,Kornet Lost Ball Turnover (P1.T9),[],Kornet,78,89,,False,False,1628436.0,,timeout,steal,,,,1626179|1627853|1627885|1628370|1628436|1629023|1629655|1629667|203107|203469,1627853|1627885|1628436|1629655|203107,1626179|1628370|1629023|1629667|203469,,,1610612741.0,21900823,True
4,PT08M48.00S,08:48,Q4 08:48,8.8,537,steal,Zeller STEAL (2 STL),[],Zeller,78,89,,False,False,203469.0,,turnover,substitution,,203469.0,,1626179|1627853|1627885|1628370|1628436|1629023|1629655|1629667|203107|203469,1626179|1628370|1629023|1629667|203469,1627853|1627885|1628436|1629655|203107,,,1610612766.0,21900823,True
4,PT08M44.00S,08:44,Q4 08:44,8.733333333333333,540,substitution,SUB out: L. Kornet,[],Kornet,78,89,,False,False,1628436.0,,steal,substitution,,,,1626179|1627853|1627885|1628370|1629023|1629655|1629667|203107|203469,1627853|1627885|1629655|203107,1626179|1628370|1629023|1629667|203469,,,1610612741.0,21900823,False
4,PT08M44.00S,08:44,Q4 08:44,8.733333333333333,541,substitution,SUB out: S. Harrison,[],Harrison,78,89,,False,False,1627885.0,,substitution,substitution,,,,1626179|1627853|1628370|1629023|1629655|1629667|203107|203469,1627853|1629655|203107,1626179|1628370|1629023|1629667|203469,,,1610612741.0,21900823,False
4,PT08M44.00S,08:44,Q4 08:44,8.733333333333333,542,substitution,SUB in: Z. LaVine,[],LaVine,78,89,,False,False,203897.0,,substitution,substitution,,,,1626179|1627853|1628370|1629023|1629655|1629667|203107|203469|203897,1627853|1629655|203107|203897,1626179|1628370|1629023|1629667|203469,,,1610612741.0,21900823,False
4,PT08M44.00S,08:44,Q4 08:44,8.733333333333333,543,substitution,SUB in: T. Young,[],Young,78,89,,False,False,201152.0,,substitution,turnover,,,,1626179|1627853|1628370|1629023|1629655|1629667|201152|203107|203469|203897,1627853|1629655|201152|203107|203897,1626179|1628370|1629023|1629667|203469,,,1610612741.0,21900823,True
4,PT08M36.00S,08:36,Q4 08:36,8.6,576,turnover,Monk Lost Ball Turnover (P3.T14),[],Monk,78,89,,False,False,1628370.0,,substitution,steal,,,,1626179|1627853|1628370|1629023|1629655|1629667|201152|203107|203469|203897,1626179|1628370|1629023|1629667|203469,1627853|1629655|201152|203107|203897,,,1610612766.0,21900823,True
4,PT08M36.00S,08:36,Q4 08:36,8.6,576,steal,LaVine STEAL (2 STL),[],LaVine,78,89,,False,False,203897.0,,turnover,2pt made,,203897.0,,1626179|1627853|1628370|1629023|1629655|1629667|201152|203107|203469|203897,1627853|1629655|201152|203107|203897,1626179|1628370|1629023|1629667|203469,,,1610612741.0,21900823,True
4,PT08M15.00S,08:15,Q4 08:15,8.25,547,2pt,LaVine 19' Fadeaway Jumper (17 PTS),[],LaVine,80,89,Made,True,False,203897.0,,steal,foul,,,,1626179|1627853|1628370|1629023|1629655|1629667|201152|203107|203469|203897,1627853|1629655|201152|203107|203897,1626179|1628370|1629023|1629667|203469,-99.0,159.0,1610612741.0,21900823,True
4,PT07M49.00S,07:49,Q4 07:49,7.816666666666666,548,foul,Gafford S.FOUL (P6.T4) (K.Mauer),[],Gafford,80,89,,False,False,1629655.0,,2pt made,instant replay,203469.0,,,1626179|1627853|1628370|1629023|1629655|1629667|201152|203107|203469|203897,1627853|1629655|201152|203107|203897,1626179|1628370|1629023|1629667|203469,,,1610612741.0,21900823,True
4,PT07M49.00S,07:49,Q4 07:49,7.816666666666666,553,freethrow,MISS Zeller Free Throw 1 of 2,[],Zeller,80,89,Missed,False,False,203469.0,,instant replay,rebound,,,,1626179|1627853|1628370|1629023|1629655|1629667|201152|203107|203469|203897,1626179|1628370|1629023|1629667|203469,1627853|1629655|201152|203107|203897,,,1610612766.0,21900823,True
4,PT07M49.00S,07:49,Q4 07:49,7.816666666666666,554,rebound,TEAM offensive REBOUND,['team'],,80,89,,False,False,0.0,,freethrow,freethrow,,,,1626179|1627853|1628370|1629023|1629655|1629667|201152|203107|203469|203897,1626179|1628370|1629023|1629667|203469,1627853|1629655|201152|203107|203897,,,1610612766.0,21900823,True
4,PT07M49.00S,07:49,Q4 07:49,7.816666666666666,559,freethrow,Zeller Free Throw 2 of 2 (16 PTS),[],Zeller,80,90,Made,False,False,203469.0,,rebound,substitution,,,,1626179|1627853|1628370|1629023|1629655|1629667|201152|203107|203469|203897,1626179|1628370|1629023|1629667|203469,1627853|1629655|201152|203107|203897,,,1610612766.0,21900823,True
4,PT07M49.00S,07:49,Q4 07:49,7.816666666666666,551,substitution,SUB out: D. Gafford,[],Gafford,80,89,,False,False,1629655.0,,freethrow,substitution,,,,1626179|1627853|1628370|1629023|1629667|201152|203107|203469|203897,1627853|201152|203107|203897,1626179|1628370|1629023|1629667|203469,,,1610612741.0,21900823,False
4,PT07M49.00S,07:49,Q4 07:49,7.816666666666666,552,substitution,SUB out: M. Monk,[],Monk,80,89,,False,False,1628370.0,,substitution,substitution,,,,1626179|1627853|1629023|1629667|201152|203107|203469|203897,1626179|1629023|1629667|203469,1627853|201152|203107|203897,,,1610612766.0,21900823,False
4,PT07M49.00S,07:49,Q4 07:49,7.816666666666666,553,substitution,SUB out: T. Rozier,[],Rozier,80,89,,False,False,1626179.0,,substitution,substitution,,,,1627853|1629023|1629667|201152|203107|203469|203897,1629023|1629667|203469,1627853|201152|203107|203897,,,1610612766.0,21900823,False
4,PT07M49.00S,07:49,Q4 07:49,7.816666666666666,554,substitution,SUB in: C. Felicio,[],Felicio,80,89,,False,False,1626245.0,,substitution,substitution,,,,1626245|1627853|1629023|1629667|201152|203107|203469|203897,1626245|1627853|201152|203107|203897,1629023|1629667|203469,,,1610612741.0,21900823,False
4,PT07M49.00S,07:49,Q4 07:49,7.816666666666666,555,substitution,SUB in: C. Martin,[],Martin,80,89,,False,False,1628998.0,,substitution,substitution,,,,1626245|1627853|1628998|1629023|1629667|201152|203107|203469|203897,1628998|1629023|1629667|203469,1626245|1627853|201152|203107|203897,,,1610612766.0,21900823,False
4,PT07M49.00S,07:49,Q4 07:49,7.816666666666666,556,substitution,SUB in: D. Graham,[],Graham,80,89,,False,False,1628984.0,,substitution,2pt missed,,,,1626245|1627853|1628984|1628998|1629023|1629667|201152|203107|203469|203897,1628984|1628998|1629023|1629667|203469,1626245|1627853|201152|203107|203897,,,1610612766.0,21900823,True
4,PT07M34.00S,07:34,Q4 07:34,7.566666666666666,560,2pt,MISS LaVine 10' Fadeaway Jumper,['pointsinthepaint'],LaVine,80,90,Missed,True,False,203897.0,,substitution,rebound,,,,1626245|1627853|1628984|1628998|1629023|1629667|201152|203107|203469|203897,1626245|1627853|201152|203107|203897,1628984|1628998|1629023|1629667|203469,-43.0,94.0,1610612741.0,21900823,True
4,PT07M34.00S,07:34,Q4 07:34,7.566666666666666,561,rebound,TEAM offensive REBOUND,['team'],,80,90,,False,False,0.0,,2pt missed,foul,,,,1626245|1627853|1628984|1628998|1629023|1629667|201152|203107|203469|203897,1626245|1627853|201152|203107|203897,1628984|1628998|1629023|1629667|203469,,,1610612741.0,21900823,True
4,PT07M34.00S,07:34,Q4 07:34,7.566666666666666,562,foul,McDaniels L.B.FOUL (P3.T2) (L.Wood),[],McDaniels,80,90,,False,False,1629667.0,,rebound,substitution,203897.0,,,1626245|1627853|1628984|1628998|1629023|1629667|201152|203107|203469|203897,1628984|1628998|1629023|1629667|203469,1626245|1627853|201152|203107|203897,,,1610612766.0,21900823,True
4,PT07M34.00S,07:34,Q4 07:34,7.566666666666666,564,substitution,SUB out: C. Zeller,[],Zeller,80,90,,False,False,203469.0,,foul,substitution,,,,1626245|1627853|1628984|1628998|1629023|1629667|201152|203107|203897,1628984|1628998|1629023|1629667,1626245|1627853|201152|203107|203897,,,1610612766.0,21900823,False
4,PT07M34.00S,07:34,Q4 07:34,7.566666666666666,565,substitution,SUB in: M. Bridges,[],Bridges,80,90,,False,False,1628970.0,,substitution,turnover,,,,1626245|1627853|1628970|1628984|1628998|1629023|1629667|201152|203107|203897,1628970|1628984|1628998|1629023|1629667,1626245|1627853|201152|203107|203897,,,1610612766.0,21900823,True
4,PT07M19.00S,07:19,Q4 07:19,7.316666666666666,566,turnover,BULLS Turnover: Shot Clock (T#10),[],,80,90,,False,False,1610612741.0,,substitution,turnover,,,,1626245|1627853|1628970|1628984|1628998|1629023|1629667|201152|203107|203897,1626245|1627853|201152|203107|203897,1628970|1628984|1628998|1629023|1629667,,,0.0,21900823,True
4,PT07M02.00S,07:02,Q4 07:02,7.033333333333333,567,turnover,Washington Bad Pass Turnover (P3.T15),[],Washington,80,90,,False,False,1629023.0,,turnover,steal,,,,1626245|1627853|1628970|1628984|1628998|1629023|1629667|201152|203107|203897,1628970|1628984|1628998|1629023|1629667,1626245|1627853|201152|203107|203897,,,1610612766.0,21900823,True
4,PT07M02.00S,07:02,Q4 07:02,7.033333333333333,567,steal,LaVine STEAL (3 STL),[],LaVine,80,90,,False,False,203897.0,,turnover,turnover,,203897.0,,1626245|1627853|1628970|1628984|1628998|1629023|1629667|201152|203107|203897,1626245|1627853|201152|203107|203897,1628970|1628984|1628998|1629023|1629667,,,1610612741.0,21900823,True
4,PT06M57.00S,06:57,Q4 06:57,6.95,569,turnover,LaVine Bad Pass Turnover (P2.T11),[],LaVine,80,90,,False,False,203897.0,,steal,steal,,,,1626245|1627853|1628970|1628984|1628998|1629023|1629667|201152|203107|203897,1626245|1627853|201152|203107|203897,1628970|1628984|1628998|1629023|1629667,,,1610612741.0,21900823,True
4,PT06M57.00S,06:57,Q4 06:57,6.95,569,steal,Washington STEAL (2 STL),[],Washington,80,90,,False,False,1629023.0,,turnover,turnover,,1629023.0,,1626245|1627853|1628970|1628984|1628998|1629023|1629667|201152|203107|203897,1628970|1628984|1628998|1629023|1629667,1626245|1627853|201152|203107|203897,,,1610612766.0,21900823,True
4,PT06M53.00S,06:53,Q4 06:53,6.883333333333333,571,turnover,Co. Martin Out of Bounds Lost Ball Turnover (P2.T16),[],Martin,80,90,,False,False,1628998.0,,steal,3pt made,,,,1626245|1627853|1628970|1628984|1628998|1629023|1629667|201152|203107|203897,1628970|1628984|1628998|1629023|1629667,1626245|1627853|201152|203107|203897,,,1610612766.0,21900823,True
4,PT06M39.00S,06:39,Q4 06:39,6.65,572,3pt,Satoransky 25' 3PT Jump Shot (12 PTS) (Arcidiacono 1 AST),[],Satoransky,83,90,Made,True,True,203107.0,1627853.0,turnover,2pt made,,,,1626245|1627853|1628970|1628984|1628998|1629023|1629667|201152|203107|203897,1626245|1627853|201152|203107|203897,1628970|1628984|1628998|1629023|1629667,189.0,165.0,1610612741.0,21900823,True
4,PT06M17.00S,06:17,Q4 06:17,6.283333333333333,574,2pt,Bridges 11' Driving Floating Bank Jump Shot (19 PTS),[],Bridges,83,92,Made,True,False,1628970.0,,3pt made,timeout,,,,1626245|1627853|1628970|1628984|1628998|1629023|1629667|201152|203107|203897,1628970|1628984|1628998|1629023|1629667,1626245|1627853|201152|203107|203897,92.0,51.0,1610612766.0,21900823,True
4,PT06M07.00S,06:07,Q4 06:07,6.116666666666666,575,timeout,BULLS Timeout: Regular (Full 5 Short 0),[],,83,92,,False,False,0.0,,2pt made,substitution,,,,1626245|1627853|1628970|1628984|1628998|1629023|1629667|201152|203107|203897,1626245|1627853|201152|203107|203897,1628970|1628984|1628998|1629023|1629667,,,1610612741.0,21900823,True
4,PT06M07.00S,06:07,Q4 06:07,6.116666666666666,578,substitution,SUB out: R. Arcidiacono,[],Arcidiacono,83,92,,False,False,1627853.0,,timeout,substitution,,,,1626245|1628970|1628984|1628998|1629023|1629667|201152|203107|203897,1626245|201152|203107|203897,1628970|1628984|1628998|1629023|1629667,,,1610612741.0,21900823,False
4,PT06M07.00S,06:07,Q4 06:07,6.116666666666666,579,substitution,SUB in: C. White,[],White,83,92,,False,False,1629632.0,,substitution,foul,,,,1626245|1628970|1628984|1628998|1629023|1629632|1629667|201152|203107|203897,1626245|1629632|201152|203107|203897,1628970|1628984|1628998|1629023|1629667,,,1610612741.0,21900823,True
4,PT05M59.00S,05:59,Q4 05:59,5.983333333333333,580,foul,McDaniels P.FOUL (P4.T3) (S.Twardoski),[],McDaniels,83,92,,False,False,1629667.0,,substitution,2pt made,201152.0,,,1626245|1628970|1628984|1628998|1629023|1629632|1629667|201152|203107|203897,1628970|1628984|1628998|1629023|1629667,1626245|1629632|201152|203107|203897,,,1610612766.0,21900823,True
4,PT05M48.00S,05:48,Q4 05:48,5.8,582,2pt,Young 1' Driving Reverse Layup (20 PTS) (Satoransky 8 AST),['pointsinthepaint'],Young,85,92,Made,True,True,201152.0,203107.0,foul,3pt missed,,,,1626245|1628970|1628984|1628998|1629023|1629632|1629667|201152|203107|203897,1626245|1629632|201152|203107|203897,1628970|1628984|1628998|1629023|1629667,-12.0,-6.0,1610612741.0,21900823,True
4,PT05M23.00S,05:23,Q4 05:23,5.383333333333334,585,3pt,MISS Bridges 27' 3PT Jump Shot,[],Bridges,85,92,Missed,True,False,1628970.0,,2pt made,rebound,,,,1626245|1628970|1628984|1628998|1629023|1629632|1629667|201152|203107|203897,1628970|1628984|1628998|1629023|1629667,1626245|1629632|201152|203107|203897,-150.0,226.0,1610612766.0,21900823,True
4,PT05M19.00S,05:19,Q4 05:19,5.316666666666666,586,rebound,Young REBOUND (Off:3 Def:5),[],Young,85,92,,False,False,201152.0,,3pt missed,turnover,,,,1626245|1628970|1628984|1628998|1629023|1629632|1629667|201152|203107|203897,1626245|1629632|201152|203107|203897,1628970|1628984|1628998|1629023|1629667,,,1610612741.0,21900823,True
4,PT05M03.00S,05:03,Q4 05:03,5.05,587,turnover,White Bad Pass Turnover (P2.T12),[],White,85,92,,False,False,1629632.0,,rebound,steal,,,,1626245|1628970|1628984|1628998|1629023|1629632|1629667|201152|203107|203897,1626245|1629632|201152|203107|203897,1628970|1628984|1628998|1629023|1629667,,,1610612741.0,21900823,True
4,PT05M03.00S,05:03,Q4 05:03,5.05,587,steal,Bridges STEAL (1 STL),[],Bridges,85,92,,False,False,1628970.0,,turnover,turnover,,1628970.0,,1626245|1628970|1628984|1628998|1629023|1629632|1629667|201152|203107|203897,1628970|1628984|1628998|1629023|1629667,1626245|1629632|201152|203107|203897,,,1610612766.0,21900823,True
4,PT05M01.00S,05:01,Q4 05:01,5.016666666666667,589,turnover,Bridges Out of Bounds Lost Ball Turnover (P1.T17),[],Bridges,85,92,,False,False,1628970.0,,steal,turnover,,,,1626245|1628970|1628984|1628998|1629023|1629632|1629667|201152|203107|203897,1628970|1628984|1628998|1629023|1629667,1626245|1629632|201152|203107|203897,,,1610612766.0,21900823,True
4,PT04M45.00S,04:45,Q4 04:45,4.75,590,turnover,Young Bad Pass Turnover (P3.T13),[],Young,85,92,,False,False,201152.0,,turnover,steal,,,,1626245|1628970|1628984|1628998|1629023|1629632|1629667|201152|203107|203897,1626245|1629632|201152|203107|203897,1628970|1628984|1628998|1629023|1629667,,,1610612741.0,21900823,True
4,PT04M45.00S,04:45,Q4 04:45,4.75,590,steal,Bridges STEAL (2 STL),[],Bridges,85,92,,False,False,1628970.0,,turnover,foul,,1628970.0,,1626245|1628970|1628984|1628998|1629023|1629632|1629667|201152|203107|203897,1628970|1628984|1628998|1629023|1629667,1626245|1629632|201152|203107|203897,,,1610612766.0,21900823,True
4,PT04M43.00S,04:43,Q4 04:43,4.716666666666667,592,foul,Satoransky S.FOUL (P5.PN) (S.Twardoski),['inpenalty'],Satoransky,85,92,,False,False,203107.0,,steal,freethrow,1629667.0,,,1626245|1628970|1628984|1628998|1629023|1629632|1629667|201152|203107|203897,1626245|1629632|201152|203107|203897,1628970|1628984|1628998|1629023|1629667,,,1610612741.0,21900823,True
4,PT04M43.00S,04:43,Q4 04:43,4.716666666666667,594,freethrow,McDaniels Free Throw 1 of 2 (1 PTS),[],McDaniels,85,93,Made,False,False,1629667.0,,foul,freethrow,,,,1626245|1628970|1628984|1628998|1629023|1629632|1629667|201152|203107|203897,1628970|1628984|1628998|1629023|1629667,1626245|1629632|201152|203107|203897,,,1610612766.0,21900823,True
4,PT04M43.00S,04:43,Q4 04:43,4.716666666666667,595,freethrow,McDaniels Free Throw 2 of 2 (2 PTS),[],McDaniels,85,94,Made,False,False,1629667.0,,freethrow,turnover,,,,1626245|1628970|1628984|1628998|1629023|1629632|1629667|201152|203107|203897,1628970|1628984|1628998|1629023|1629667,1626245|1629632|201152|203107|203897,,,1610612766.0,21900823,True
4,PT04M26.00S,04:26,Q4 04:26,4.433333333333334,596,turnover,LaVine Out of Bounds - Bad Pass Turnover Turnover (P3.T14),[],LaVine,85,94,,False,False,203897.0,,freethrow,timeout,,,,1626245|1628970|1628984|1628998|1629023|1629632|1629667|201152|203107|203897,1626245|1629632|201152|203107|203897,1628970|1628984|1628998|1629023|1629667,,,1610612741.0,21900823,True
4,PT04M26.00S,04:26,Q4 04:26,4.433333333333334,601,timeout,Hornets Timeout: Regular (Reg.4 Short 0),[],,85,94,,False,False,0.0,,turnover,substitution,,,,1626245|1628970|1628984|1628998|1629023|1629632|1629667|201152|203107|203897,1628970|1628984|1628998|1629023|1629667,1626245|1629632|201152|203107|203897,,,1610612766.0,21900823,True
4,PT04M26.00S,04:26,Q4 04:26,4.433333333333334,597,substitution,SUB out: J. McDaniels,[],McDaniels,85,94,,False,False,1629667.0,,timeout,substitution,,,,1626245|1628970|1628984|1628998|1629023|1629632|201152|203107|203897,1628970|1628984|1628998|1629023,1626245|1629632|201152|203107|203897,,,1610612766.0,21900823,False
4,PT04M26.00S,04:26,Q4 04:26,4.433333333333334,598,substitution,SUB out: C. Martin,[],Martin,85,94,,False,False,1628998.0,,substitution,substitution,,,,1626245|1628970|1628984|1629023|1629632|201152|203107|203897,1628970|1628984|1629023,1626245|1629632|201152|203107|203897,,,1610612766.0,21900823,False
4,PT04M26.00S,04:26,Q4 04:26,4.433333333333334,599,substitution,SUB in: M. Monk,[],Monk,85,94,,False,False,1628370.0,,substitution,substitution,,,,1626245|1628370|1628970|1628984|1629023|1629632|201152|203107|203897,1628370|1628970|1628984|1629023,1626245|1629632|201152|203107|203897,,,1610612766.0,21900823,False
4,PT04M26.00S,04:26,Q4 04:26,4.433333333333334,600,substitution,SUB in: T. Rozier,[],Rozier,85,94,,False,False,1626179.0,,substitution,3pt missed,,,,1626179|1626245|1628370|1628970|1628984|1629023|1629632|201152|203107|203897,1626179|1628370|1628970|1628984|1629023,1626245|1629632|201152|203107|203897,,,1610612766.0,21900823,True
4,PT04M09.00S,04:09,Q4 04:09,4.15,602,3pt,MISS Bridges 24' 3PT Jump Shot,[],Bridges,85,94,Missed,True,False,1628970.0,,substitution,rebound,,,,1626179|1626245|1628370|1628970|1628984|1629023|1629632|201152|203107|203897,1626179|1628370|1628970|1628984|1629023,1626245|1629632|201152|203107|203897,236.0,20.0,1610612766.0,21900823,True
4,PT04M07.00S,04:07,Q4 04:07,4.116666666666666,603,rebound,Satoransky REBOUND (Off:3 Def:3),[],Satoransky,85,94,,False,False,203107.0,,3pt missed,foul,,,,1626179|1626245|1628370|1628970|1628984|1629023|1629632|201152|203107|203897,1626245|1629632|201152|203107|203897,1626179|1628370|1628970|1628984|1629023,,,1610612741.0,21900823,True
4,PT04M02.00S,04:02,Q4 04:02,4.033333333333333,604,foul,Monk S.FOUL (P2.T4) (S.Twardoski),[],Monk,85,94,,False,False,1628370.0,,rebound,freethrow,203897.0,,,1626179|1626245|1628370|1628970|1628984|1629023|1629632|201152|203107|203897,1626179|1628370|1628970|1628984|1629023,1626245|1629632|201152|203107|203897,,,1610612766.0,21900823,True
4,PT04M02.00S,04:02,Q4 04:02,4.033333333333333,606,freethrow,MISS LaVine Free Throw 1 of 2,[],LaVine,85,94,Missed,False,False,203897.0,,foul,rebound,,,,1626179|1626245|1628370|1628970|1628984|1629023|1629632|201152|203107|203897,1626245|1629632|201152|203107|203897,1626179|1628370|1628970|1628984|1629023,,,1610612741.0,21900823,True
4,PT04M02.00S,04:02,Q4 04:02,4.033333333333333,607,rebound,TEAM offensive REBOUND,['team'],,85,94,,False,False,0.0,,freethrow,freethrow,,,,1626179|1626245|1628370|1628970|1628984|1629023|1629632|201152|203107|203897,1626245|1629632|201152|203107|203897,1626179|1628370|1628970|1628984|1629023,,,1610612741.0,21900823,True
4,PT04M02.00S,04:02,Q4 04:02,4.033333333333333,608,freethrow,MISS LaVine Free Throw 2 of 2,['2ndchance'],LaVine,85,94,Missed,False,False,203897.0,,rebound,rebound,,,,1626179|1626245|1628370|1628970|1628984|1629023|1629632|201152|203107|203897,1626245|1629632|201152|203107|203897,1626179|1628370|1628970|1628984|1629023,,,1610612741.0,21900823,True
4,PT03M58.00S,03:58,Q4 03:58,3.966666666666667,609,rebound,Bridges REBOUND (Off:2 Def:6),[],Bridges,85,94,,False,False,1628970.0,,freethrow,3pt made,,,,1626179|1626245|1628370|1628970|1628984|1629023|1629632|201152|203107|203897,1626179|1628370|1628970|1628984|1629023,1626245|1629632|201152|203107|203897,,,1610612766.0,21900823,True
4,PT03M47.00S,03:47,Q4 03:47,3.783333333333333,610,3pt,Monk 26' 3PT Jump Shot (22 PTS) (Washington 4 AST),[],Monk,85,97,Made,True,True,1628370.0,1629023.0,rebound,3pt missed,,,,1626179|1626245|1628370|1628970|1628984|1629023|1629632|201152|203107|203897,1626179|1628370|1628970|1628984|1629023,1626245|1629632|201152|203107|203897,120.0,231.0,1610612766.0,21900823,True
4,PT03M31.00S,03:31,Q4 03:31,3.5166666666666666,612,3pt,MISS Satoransky 3PT Jump Shot,[],Satoransky,85,97,Missed,True,False,203107.0,,3pt made,rebound,,,,1626179|1626245|1628370|1628970|1628984|1629023|1629632|201152|203107|203897,1626245|1629632|201152|203107|203897,1626179|1628370|1628970|1628984|1629023,-231.0,-27.0,1610612741.0,21900823,True
4,PT03M28.00S,03:28,Q4 03:28,3.466666666666667,613,rebound,Washington REBOUND (Off:3 Def:2),[],Washington,85,97,,False,False,1629023.0,,3pt missed,2pt missed,,,,1626179|1626245|1628370|1628970|1628984|1629023|1629632|201152|203107|203897,1626179|1628370|1628970|1628984|1629023,1626245|1629632|201152|203107|203897,,,1610612766.0,21900823,True
4,PT03M11.00S,03:11,Q4 03:11,3.183333333333333,614,2pt,MISS Washington 3' Driving Reverse Layup,['pointsinthepaint'],Washington,85,97,Missed,True,False,1629023.0,,rebound,rebound,,,,1626179|1626245|1628370|1628970|1628984|1629023|1629632|201152|203107|203897,1626179|1628370|1628970|1628984|1629023,1626245|1629632|201152|203107|203897,0.0,26.0,1610612766.0,21900823,True
4,PT03M10.00S,03:10,Q4 03:10,3.1666666666666665,615,rebound,Young REBOUND (Off:3 Def:6),[],Young,85,97,,False,False,201152.0,,2pt missed,2pt missed,,,,1626179|1626245|1628370|1628970|1628984|1629023|1629632|201152|203107|203897,1626245|1629632|201152|203107|203897,1626179|1628370|1628970|1628984|1629023,,,1610612741.0,21900823,True
4,PT02M59.00S,02:59,Q4 02:59,2.9833333333333334,616,2pt,MISS Young 1' Driving Layup,['pointsinthepaint'],Young,85,97,Missed,True,False,201152.0,,rebound,rebound,,,,1626179|1626245|1628370|1628970|1628984|1629023|1629632|201152|203107|203897,1626245|1629632|201152|203107|203897,1626179|1628370|1628970|1628984|1629023,-12.0,-5.0,1610612741.0,21900823,True
4,PT02M56.00S,02:56,Q4 02:56,2.9333333333333336,617,rebound,Young REBOUND (Off:4 Def:6),[],Young,85,97,,False,False,201152.0,,2pt missed,2pt made,,,,1626179|1626245|1628370|1628970|1628984|1629023|1629632|201152|203107|203897,1626245|1629632|201152|203107|203897,1626179|1628370|1628970|1628984|1629023,,,1610612741.0,21900823,True
4,PT02M56.00S,02:56,Q4 02:56,2.9333333333333336,618,2pt,Young 1' Putback Layup (22 PTS),['pointsinthepaint'],Young,87,97,Made,True,False,201152.0,,rebound,3pt missed,,,,1626179|1626245|1628370|1628970|1628984|1629023|1629632|201152|203107|203897,1626245|1629632|201152|203107|203897,1626179|1628370|1628970|1628984|1629023,0.0,-6.0,1610612741.0,21900823,True
4,PT02M39.00S,02:39,Q4 02:39,2.65,619,3pt,MISS Washington 26' 3PT Jump Shot,[],Washington,87,97,Missed,True,False,1629023.0,,2pt made,rebound,,,,1626179|1626245|1628370|1628970|1628984|1629023|1629632|201152|203107|203897,1626179|1628370|1628970|1628984|1629023,1626245|1629632|201152|203107|203897,9.0,264.0,1610612766.0,21900823,True
4,PT02M36.00S,02:36,Q4 02:36,2.6,620,rebound,Young REBOUND (Off:4 Def:7),[],Young,87,97,,False,False,201152.0,,3pt missed,foul,,,,1626179|1626245|1628370|1628970|1628984|1629023|1629632|201152|203107|203897,1626245|1629632|201152|203107|203897,1626179|1628370|1628970|1628984|1629023,,,1610612741.0,21900823,True
4,PT02M30.00S,02:30,Q4 02:30,2.5,621,foul,Washington S.FOUL (P2.PN) (K.Mauer),['inpenalty'],Washington,87,97,,False,False,1629023.0,,rebound,freethrow,1629632.0,,,1626179|1626245|1628370|1628970|1628984|1629023|1629632|201152|203107|203897,1626179|1628370|1628970|1628984|1629023,1626245|1629632|201152|203107|203897,,,1610612766.0,21900823,True
4,PT02M30.00S,02:30,Q4 02:30,2.5,623,freethrow,White Free Throw 1 of 2 (9 PTS),[],White,88,97,Made,False,False,1629632.0,,foul,freethrow,,,,1626179|1626245|1628370|1628970|1628984|1629023|1629632|201152|203107|203897,1626245|1629632|201152|203107|203897,1626179|1628370|1628970|1628984|1629023,,,1610612741.0,21900823,True
4,PT02M30.00S,02:30,Q4 02:30,2.5,628,freethrow,White Free Throw 2 of 2 (10 PTS),[],White,89,97,Made,False,False,1629632.0,,freethrow,substitution,,,,1626179|1626245|1628370|1628970|1628984|1629023|1629632|201152|203107|203897,1626245|1629632|201152|203107|203897,1626179|1628370|1628970|1628984|1629023,,,1610612741.0,21900823,True
4,PT02M30.00S,02:30,Q4 02:30,2.5,624,substitution,SUB out: C. Felicio,[],Felicio,88,97,,False,False,1626245.0,,freethrow,substitution,,,,1626179|1628370|1628970|1628984|1629023|1629632|201152|203107|203897,1629632|201152|203107|203897,1626179|1628370|1628970|1628984|1629023,,,1610612741.0,21900823,False
4,PT02M30.00S,02:30,Q4 02:30,2.5,625,substitution,SUB out: P. Washington,[],Washington,88,97,,False,False,1629023.0,,substitution,substitution,,,,1626179|1628370|1628970|1628984|1629632|201152|203107|203897,1626179|1628370|1628970|1628984,1629632|201152|203107|203897,,,1610612766.0,21900823,False
4,PT02M30.00S,02:30,Q4 02:30,2.5,626,substitution,SUB in: R. Arcidiacono,[],Arcidiacono,88,97,,False,False,1627853.0,,substitution,substitution,,,,1626179|1627853|1628370|1628970|1628984|1629632|201152|203107|203897,1627853|1629632|201152|203107|203897,1626179|1628370|1628970|1628984,,,1610612741.0,21900823,False
4,PT02M30.00S,02:30,Q4 02:30,2.5,627,substitution,SUB in: C. Zeller,[],Zeller,88,97,,False,False,203469.0,,substitution,3pt missed,,,,1626179|1627853|1628370|1628970|1628984|1629632|201152|203107|203469|203897,1626179|1628370|1628970|1628984|203469,1627853|1629632|201152|203107|203897,,,1610612766.0,21900823,True
4,PT02M17.00S,02:17,Q4 02:17,2.283333333333333,629,3pt,MISS Graham 25' 3PT Jump Shot,[],Graham,89,97,Missed,True,False,1628984.0,,substitution,rebound,,,,1626179|1627853|1628370|1628970|1628984|1629632|201152|203107|203469|203897,1626179|1628370|1628970|1628984|203469,1627853|1629632|201152|203107|203897,-158.0,193.0,1610612766.0,21900823,True
4,PT02M16.00S,02:16,Q4 02:16,2.2666666666666666,630,rebound,TEAM defensive REBOUND,['team'],,89,97,,False,False,0.0,,3pt missed,2pt missed,,,,1626179|1627853|1628370|1628970|1628984|1629632|201152|203107|203469|203897,1627853|1629632|201152|203107|203897,1626179|1628370|1628970|1628984|203469,,,1610612741.0,21900823,True
4,PT01M51.00S,01:51,Q4 01:51,1.85,632,2pt,MISS LaVine 2' Driving Layup,['pointsinthepaint'],LaVine,89,97,Missed,True,False,203897.0,,rebound,rebound,,,,1626179|1627853|1628370|1628970|1628984|1629632|201152|203107|203469|203897,1627853|1629632|201152|203107|203897,1626179|1628370|1628970|1628984|203469,6.0,23.0,1610612741.0,21900823,True
4,PT01M50.00S,01:50,Q4 01:50,1.8333333333333335,633,rebound,Monk REBOUND (Off:1 Def:5),[],Monk,89,97,,False,False,1628370.0,,2pt missed,3pt missed,,,,1626179|1627853|1628370|1628970|1628984|1629632|201152|203107|203469|203897,1626179|1628370|1628970|1628984|203469,1627853|1629632|201152|203107|203897,,,1610612766.0,21900823,True
4,PT01M30.00S,01:30,Q4 01:30,1.5,634,3pt,MISS Bridges 27' 3PT Pullup Jump Shot,[],Bridges,89,97,Missed,True,False,1628970.0,,rebound,rebound,,,,1626179|1627853|1628370|1628970|1628984|1629632|201152|203107|203469|203897,1626179|1628370|1628970|1628984|203469,1627853|1629632|201152|203107|203897,-105.0,253.0,1610612766.0,21900823,True
4,PT01M28.00S,01:28,Q4 01:28,1.4666666666666668,635,rebound,LaVine REBOUND (Off:0 Def:7),[],LaVine,89,97,,False,False,203897.0,,3pt missed,2pt made,,,,1626179|1627853|1628370|1628970|1628984|1629632|201152|203107|203469|203897,1627853|1629632|201152|203107|203897,1626179|1628370|1628970|1628984|203469,,,1610612741.0,21900823,True
4,PT01M23.00S,01:23,Q4 01:23,1.3833333333333333,636,2pt,White 1' Driving Finger Roll Layup (12 PTS) (LaVine 7 AST),['pointsinthepaint'],White,91,97,Made,True,True,1629632.0,203897.0,rebound,2pt missed,,,,1626179|1627853|1628370|1628970|1628984|1629632|201152|203107|203469|203897,1627853|1629632|201152|203107|203897,1626179|1628370|1628970|1628984|203469,6.0,4.0,1610612741.0,21900823,True
4,PT01M01.00S,01:01,Q4 01:01,1.0166666666666666,638,2pt,MISS Monk 4' Driving Layup,['pointsinthepaint'],Monk,91,97,Missed,True,False,1628370.0,,2pt made,block,,,,1626179|1627853|1628370|1628970|1628984|1629632|201152|203107|203469|203897,1626179|1628370|1628970|1628984|203469,1627853|1629632|201152|203107|203897,8.0,43.0,1610612766.0,21900823,True
4,PT01M01.00S,01:01,Q4 01:01,1.0166666666666666,638,block,Young BLOCK (1 BLK),[],Young,91,97,,False,False,201152.0,,2pt missed,rebound,,,201152.0,1626179|1627853|1628370|1628970|1628984|1629632|201152|203107|203469|203897,1627853|1629632|201152|203107|203897,1626179|1628370|1628970|1628984|203469,,,1610612741.0,21900823,True
4,PT00M59.00S,00:59,Q4 00:59,0.9833333333333333,640,rebound,Zeller REBOUND (Off:2 Def:5),[],Zeller,91,97,,False,False,203469.0,,block,3pt made,,,,1626179|1627853|1628370|1628970|1628984|1629632|201152|203107|203469|203897,1626179|1628370|1628970|1628984|203469,1627853|1629632|201152|203107|203897,,,1610612766.0,21900823,True
4,PT00M59.00S,00:59,Q4 00:59,0.9833333333333333,641,3pt,Bridges 3PT Jump Shot (22 PTS) (Zeller 2 AST),[],Bridges,91,100,Made,True,True,1628970.0,203469.0,rebound,2pt made,,,,1626179|1627853|1628370|1628970|1628984|1629632|201152|203107|203469|203897,1626179|1628370|1628970|1628984|203469,1627853|1629632|201152|203107|203897,229.0,21.0,1610612766.0,21900823,True
4,PT00M53.90S,00:53,Q4 00:53,0.8983333333333333,643,2pt,LaVine 1' Driving Layup (19 PTS),['pointsinthepaint'],LaVine,93,100,Made,True,False,203897.0,,3pt made,timeout,,,,1626179|1627853|1628370|1628970|1628984|1629632|201152|203107|203469|203897,1627853|1629632|201152|203107|203897,1626179|1628370|1628970|1628984|203469,-7.0,1.0,1610612741.0,21900823,True
4,PT00M47.50S,00:47,Q4 00:47,0.7916666666666666,644,timeout,Hornets Timeout: Regular (Reg.5 Short 0),[],,93,100,,False,False,0.0,,2pt made,2pt made,,,,1626179|1627853|1628370|1628970|1628984|1629632|201152|203107|203469|203897,1626179|1628370|1628970|1628984|203469,1627853|1629632|201152|203107|203897,,,1610612766.0,21900823,True
4,PT00M40.60S,00:40,Q4 00:40,0.6766666666666666,645,2pt,Monk 7' Driving Floating Jump Shot (24 PTS),['pointsinthepaint'],Monk,93,102,Made,True,False,1628370.0,,timeout,foul,,,,1626179|1627853|1628370|1628970|1628984|1629632|201152|203107|203469|203897,1626179|1628370|1628970|1628984|203469,1627853|1629632|201152|203107|203897,30.0,62.0,1610612766.0,21900823,True
4,PT00M40.60S,00:40,Q4 00:40,0.6766666666666666,646,foul,White S.FOUL (P3.PN) (L.Wood),['inpenalty'],White,93,102,,False,False,1629632.0,,2pt made,timeout,1628370.0,,,1626179|1627853|1628370|1628970|1628984|1629632|201152|203107|203469|203897,1627853|1629632|201152|203107|203897,1626179|1628370|1628970|1628984|203469,,,1610612741.0,21900823,True
4,PT00M40.60S,00:40,Q4 00:40,0.6766666666666666,648,timeout,BULLS Timeout: Regular (Full 6 Short 0),[],,93,102,,False,False,0.0,,foul,instant replay,,,,1626179|1627853|1628370|1628970|1628984|1629632|201152|203107|203469|203897,1627853|1629632|201152|203107|203897,1626179|1628370|1628970|1628984|203469,,,1610612741.0,21900823,True
4,PT00M40.60S,00:40,Q4 00:40,0.6766666666666666,650,freethrow,Monk Free Throw 1 of 1 (25 PTS),[],Monk,93,103,Made,False,False,1628370.0,,instant replay,3pt missed,,,,1626179|1627853|1628370|1628970|1628984|1629632|201152|203107|203469|203897,1626179|1628370|1628970|1628984|203469,1627853|1629632|201152|203107|203897,,,1610612766.0,21900823,True
4,PT00M30.40S,00:30,Q4 00:30,0.5066666666666666,651,3pt,MISS LaVine 3PT Jump Shot,[],LaVine,93,103,Missed,True,False,203897.0,,freethrow,rebound,,,,1626179|1627853|1628370|1628970|1628984|1629632|201152|203107|203469|203897,1627853|1629632|201152|203107|203897,1626179|1628370|1628970|1628984|203469,-224.0,-20.0,1610612741.0,21900823,True
4,PT00M27.90S,00:27,Q4 00:27,0.46499999999999997,652,rebound,Zeller REBOUND (Off:2 Def:6),[],Zeller,93,103,,False,False,203469.0,,3pt missed,turnover,,,,1626179|1627853|1628370|1628970|1628984|1629632|201152|203107|203469|203897,1626179|1628370|1628970|1628984|203469,1627853|1629632|201152|203107|203897,,,1610612766.0,21900823,True
4,PT00M05.30S,00:05,Q4 00:05,0.08833333333333333,653,turnover,Hornets Turnover: Shot Clock (T#18),[],,93,103,,False,False,1610612766.0,,rebound,period,,,,1626179|1627853|1628370|1628970|1628984|1629632|201152|203107|203469|203897,1627853|1629632|201152|203107|203897,1626179|1628370|1628970|1628984|203469,,,0.0,21900823,True
4,PT00M00.00S,00:00,Q4 00:00,0.0,654,period,End of 4th Period (10:22 PM EST),[],,93,103,,False,False,0.0,,turnover,,,,,1626179|1627853|1628370|1628970|1628984|1629632|201152|203107|203469|203897,1627853|1629632|201152|203107|203897,1626179|1628370|1628970|1628984|203469,,,1610612741.0,21900823,True
