game_id,game_date,period,stint,slug_team,slug_opp,lineup,player_ids,player_names,garbage_time,pts_team,pts_opp,poss_team,poss_opp,secs_played
21600005,20161026,1,1,DAL,IND,"101106 Bogut, 101114 Williams, 1717 Nowitzki, 202083 Matthews, 203084 Barnes","101106,101114,1717,202083,203084","Bogut, Williams, Nowitzki, Matthews, Barnes",0,7,15,13,13,299.0
21600005,20161026,1,2,DAL,IND,"101106 Bogut, 101114 Williams, 200826 Barea, 202083 Matthews, 203084 Barnes","101106,101114,200826,202083,203084","Bogut, Williams, Barea, Matthews, Barnes",0,8,4,6,7,156.0
21600005,20161026,1,3,DAL,IND,"101106 Bogut, 101114 Williams, 200826 Barea, 202083 Matthews, 203084 Barnes","101106,101114,200826,202083,203084","Bogut, Williams, Barea, Matthews, Barnes",0,2,4,4,4,97.0
21600005,20161026,1,4,DAL,IND,"1626147 Anderson, 1717 Nowitzki, 200826 Barea, 203552 Curry, 203939 Powell","1626147,1717,200826,203552,203939","Anderson, Nowitzki, Barea, Curry, Powell",0,2,5,2,2,77.0
21600005,20161026,1,5,DAL,IND,"1626147 Anderson, 1717 Nowitzki, 200826 Barea, 203552 Curry, 203939 Powell","1626147,1717,200826,203552,203939","Anderson, Nowitzki, Barea, Curry, Powell",0,2,4,3,3,82.3
21600005,20161026,1,6,DAL,IND,"101114 Williams, 1626147 Anderson, 1717 Nowitzki, 200826 Barea, 203939 Powell","101114,1626147,1717,200826,203939","Williams, Anderson, Nowitzki, Barea, Powell",0,0,0,0,1,8.7
21600005,20161026,2,1,DAL,IND,"1626147 Anderson, 1717 Nowitzki, 200826 Barea, 203552 Curry, 203939 Powell","1626147,1717,200826,203552,203939","Anderson, Nowitzki, Barea, Curry, Powell",0,5,3,4,5,116.0
21600005,20161026,2,2,DAL,IND,"1626147 Anderson, 1717 Nowitzki, 200826 Barea, 203552 Curry, 203939 Powell","1626147,1717,200826,203552,203939","Anderson, Nowitzki, Barea, Curry, Powell",0,6,0,4,3,98.0
21600005,20161026,2,3,DAL,IND,"1626147 Anderson, 200826 Barea, 203112 Acy, 203552 Curry, 203939 Powell","1626147,200826,203112,203552,203939","Anderson, Barea, Acy, Curry, Powell",0,0,2,2,1,29.0
21600005,20161026,2,4,DAL,IND,"101106 Bogut, 101114 Williams, 1626147 Anderson, 202083 Matthews, 203084 Barnes","101106,101114,1626147,202083,203084","Bogut, Williams, Anderson, Matthews, Barnes",0,3,4,6,5,128.0
21600005,20161026,2,5,DAL,IND,"101106 Bogut, 101114 Williams, 1626147 Anderson, 202083 Matthews, 203084 Barnes","101106,101114,1626147,202083,203084","Bogut, Williams, Anderson, Matthews, Barnes",0,2,4,5,3,73.0
21600005,20161026,2,6,DAL,IND,"101106 Bogut, 101114 Williams, 1717 Nowitzki, 200826 Barea, 202083 Matthews","101106,101114,1717,200826,202083","Bogut, Williams, Nowitzki, Barea, Matthews",0,2,7,3,3,70.0
21600005,20161026,2,7,DAL,IND,"101114 Williams, 1717 Nowitzki, 200826 Barea, 202083 Matthews, 203084 Barnes","101114,1717,200826,202083,203084","Williams, Nowitzki, Barea, Matthews, Barnes",0,2,0,3,2,60.0
21600005,20161026,2,8,DAL,IND,"101114 Williams, 1717 Nowitzki, 200826 Barea, 202083 Matthews, 203084 Barnes","101114,1717,200826,202083,203084","Williams, Nowitzki, Barea, Matthews, Barnes",0,2,0,2,1,49.0
21600005,20161026,2,9,DAL,IND,"101114 Williams, 1717 Nowitzki, 200826 Barea, 202083 Matthews, 203084 Barnes","101114,1717,200826,202083,203084","Williams, Nowitzki, Barea, Matthews, Barnes",0,9,6,4,4,97.0
21600005,20161026,3,1,DAL,IND,"101114 Williams, 1717 Nowitzki, 200826 Barea, 202083 Matthews, 203084 Barnes","101114,1717,200826,202083,203084","Williams, Nowitzki, Barea, Matthews, Barnes",0,0,0,1,0,12.0
21600005,20161026,3,2,DAL,IND,"101106 Bogut, 101114 Williams, 1717 Nowitzki, 202083 Matthews, 203084 Barnes","101106,101114,1717,202083,203084","Bogut, Williams, Nowitzki, Matthews, Barnes",0,8,7,5,5,127.0
21600005,20161026,3,3,DAL,IND,"101106 Bogut, 101114 Williams, 1717 Nowitzki, 200826 Barea, 202083 Matthews","101106,101114,1717,200826,202083","Bogut, Williams, Nowitzki, Barea, Matthews",0,0,3,2,2,33.0
21600005,20161026,3,4,DAL,IND,"101106 Bogut, 101114 Williams, 1717 Nowitzki, 200826 Barea, 202083 Matthews","101106,101114,1717,200826,202083","Bogut, Williams, Nowitzki, Barea, Matthews",0,0,1,0,1,9.0
21600005,20161026,3,5,DAL,IND,"101114 Williams, 1717 Nowitzki, 200826 Barea, 202083 Matthews, 203939 Powell","101114,1717,200826,202083,203939","Williams, Nowitzki, Barea, Matthews, Powell",0,3,2,2,2,54.0
21600005,20161026,3,6,DAL,IND,"1717 Nowitzki, 200826 Barea, 202083 Matthews, 203084 Barnes, 203939 Powell","1717,200826,202083,203084,203939","Nowitzki, Barea, Matthews, Barnes, Powell",0,7,2,5,5,123.0
21600005,20161026,3,7,DAL,IND,"1717 Nowitzki, 200826 Barea, 202083 Matthews, 203084 Barnes, 203939 Powell","1717,200826,202083,203084,203939","Nowitzki, Barea, Matthews, Barnes, Powell",0,0,4,3,2,69.0
21600005,20161026,3,8,DAL,IND,"200826 Barea, 202083 Matthews, 203084 Barnes, 203552 Curry, 203939 Powell","200826,202083,203084,203552,203939","Barea, Matthews, Barnes, Curry, Powell",0,7,2,3,2,59.0
21600005,20161026,3,9,DAL,IND,"200826 Barea, 202083 Matthews, 203084 Barnes, 203552 Curry, 203939 Powell","200826,202083,203084,203552,203939","Barea, Matthews, Barnes, Curry, Powell",0,0,2,1,2,41.0
21600005,20161026,3,10,DAL,IND,"200826 Barea, 202083 Matthews, 203084 Barnes, 203552 Curry, 203939 Powell","200826,202083,203084,203552,203939","Barea, Matthews, Barnes, Curry, Powell",0,0,2,1,1,17.0
21600005,20161026,3,11,DAL,IND,"101106 Bogut, 200826 Barea, 202083 Matthews, 203084 Barnes, 203552 Curry","101106,200826,202083,203084,203552","Bogut, Barea, Matthews, Barnes, Curry",0,0,2,2,1,34.0
21600005,20161026,3,12,DAL,IND,"101106 Bogut, 101114 Williams, 1626147 Anderson, 1717 Nowitzki, 203552 Curry","101106,101114,1626147,1717,203552","Bogut, Williams, Anderson, Nowitzki, Curry",0,8,8,5,4,142.0
21600005,20161026,4,1,DAL,IND,"101106 Bogut, 101114 Williams, 1626147 Anderson, 1717 Nowitzki, 203552 Curry","101106,101114,1626147,1717,203552","Bogut, Williams, Anderson, Nowitzki, Curry",0,0,0,0,1,10.0
21600005,20161026,4,2,DAL,IND,"101114 Williams, 1626147 Anderson, 1717 Nowitzki, 200826 Barea, 203552 Curry","101114,1626147,1717,200826,203552","Williams, Anderson, Nowitzki, Barea, Curry",0,0,0,1,1,14.0
21600005,20161026,4,3,DAL,IND,"101114 Williams, 1626147 Anderson, 1717 Nowitzki, 200826 Barea, 203552 Curry","101114,1626147,1717,200826,203552","Williams, Anderson, Nowitzki, Barea, Curry",0,2,0,2,2,31.0
21600005,20161026,4,4,DAL,IND,"101114 Williams, 1626147 Anderson, 1717 Nowitzki, 200826 Barea, 203552 Curry","101114,1626147,1717,200826,203552","Williams, Anderson, Nowitzki, Barea, Curry",0,3,0,1,2,33.0
21600005,20161026,4,5,DAL,IND,"101114 Williams, 1626147 Anderson, 1717 Nowitzki, 200826 Barea, 203552 Curry","101114,1626147,1717,200826,203552","Williams, Anderson, Nowitzki, Barea, Curry",0,7,2,6,7,146.0
21600005,20161026,4,6,DAL,IND,"101114 Williams, 1626147 Anderson, 200826 Barea, 203552 Curry, 203939 Powell","101114,1626147,200826,203552,203939","Williams, Anderson, Barea, Curry, Powell",0,0,1,0,1,16.0
21600005,20161026,4,7,DAL,IND,"101114 Williams, 1626147 Anderson, 200826 Barea, 203552 Curry, 203939 Powell","101114,1626147,200826,203552,203939","Williams, Anderson, Barea, Curry, Powell",0,0,1,0,1,9.0
21600005,20161026,4,8,DAL,IND,"101114 Williams, 1626147 Anderson, 200826 Barea, 202083 Matthews, 203939 Powell","101114,1626147,200826,202083,203939","Williams, Anderson, Barea, Matthews, Powell",0,2,4,4,3,94.0
21600005,20161026,4,9,DAL,IND,"101114 Williams, 1717 Nowitzki, 200826 Barea, 202083 Matthews, 203084 Barnes","101114,1717,200826,202083,203084","Williams, Nowitzki, Barea, Matthews, Barnes",0,11,12,11,10,318.9
21600005,20161026,4,10,DAL,IND,"101114 Williams, 1717 Nowitzki, 200826 Barea, 202083 Matthews, 203084 Barnes","101114,1717,200826,202083,203084","Williams, Nowitzki, Barea, Matthews, Barnes",0,2,0,1,1,19.6
21600005,20161026,4,11,DAL,IND,"101114 Williams, 1626147 Anderson, 1717 Nowitzki, 202083 Matthews, 203084 Barnes","101114,1626147,1717,202083,203084","Williams, Anderson, Nowitzki, Matthews, Barnes",0,0,1,2,2,15.0
21600005,20161026,4,12,DAL,IND,"101114 Williams, 1717 Nowitzki, 200826 Barea, 202083 Matthews, 203084 Barnes","101114,1717,200826,202083,203084","Williams, Nowitzki, Barea, Matthews, Barnes",0,3,0,1,1,11.2
21600005,20161026,4,13,DAL,IND,"101114 Williams, 1626147 Anderson, 202083 Matthews, 203084 Barnes, 203939 Powell","101114,1626147,202083,203084,203939","Williams, Anderson, Matthews, Barnes, Powell",0,0,0,0,1,2.3
21600005,20161026,5,1,DAL,IND,"101114 Williams, 200826 Barea, 202083 Matthews, 203084 Barnes, 203939 Powell","101114,200826,202083,203084,203939","Williams, Barea, Matthews, Barnes, Powell",0,2,2,2,3,86.0
21600005,20161026,5,2,DAL,IND,"101114 Williams, 1717 Nowitzki, 200826 Barea, 202083 Matthews, 203084 Barnes","101114,1717,200826,202083,203084","Williams, Nowitzki, Barea, Matthews, Barnes",0,0,2,2,2,54.0
21600005,20161026,5,3,DAL,IND,"101114 Williams, 1717 Nowitzki, 200826 Barea, 202083 Matthews, 203084 Barnes","101114,1717,200826,202083,203084","Williams, Nowitzki, Barea, Matthews, Barnes",0,1,0,1,0,23.0
21600005,20161026,5,4,DAL,IND,"101114 Williams, 1717 Nowitzki, 200826 Barea, 202083 Matthews, 203084 Barnes","101114,1717,200826,202083,203084","Williams, Nowitzki, Barea, Matthews, Barnes",0,3,11,7,8,137.0
21600023,20161028,1,1,DAL,HOU,"101106 Bogut, 101114 Williams, 200826 Barea, 202083 Matthews, 203084 Barnes","101106,101114,200826,202083,203084","Bogut, Williams, Barea, Matthews, Barnes",0,12,14,12,12,342.0
21600023,20161028,1,2,DAL,HOU,"101106 Bogut, 101114 Williams, 202083 Matthews, 203084 Barnes, 203552 Curry","101106,101114,202083,203084,203552","Bogut, Williams, Matthews, Barnes, Curry",0,0,2,2,2,44.0
21600023,20161028,1,3,DAL,HOU,"101106 Bogut, 101114 Williams, 202083 Matthews, 203084 Barnes, 203552 Curry","101106,101114,202083,203084,203552","Bogut, Williams, Matthews, Barnes, Curry",0,7,5,5,6,173.0
21600023,20161028,1,4,DAL,HOU,"101106 Bogut, 101114 Williams, 202083 Matthews, 203084 Barnes, 203552 Curry","101106,101114,202083,203084,203552","Bogut, Williams, Matthews, Barnes, Curry",0,0,0,2,2,36.0
21600023,20161028,1,5,DAL,HOU,"200826 Barea, 202083 Matthews, 203084 Barnes, 203552 Curry, 203939 Powell","200826,202083,203084,203552,203939","Barea, Matthews, Barnes, Curry, Powell",0,5,3,5,3,125.0
21600023,20161028,2,1,DAL,HOU,"200826 Barea, 202083 Matthews, 203084 Barnes, 203552 Curry, 203939 Powell","200826,202083,203084,203552,203939","Barea, Matthews, Barnes, Curry, Powell",0,0,0,1,0,14.0
21600023,20161028,2,2,DAL,HOU,"1626147 Anderson, 200826 Barea, 203112 Acy, 203552 Curry, 203939 Powell","1626147,200826,203112,203552,203939","Anderson, Barea, Acy, Curry, Powell",0,4,10,10,9,235.0
21600023,20161028,2,3,DAL,HOU,"101114 Williams, 1626147 Anderson, 202083 Matthews, 203084 Barnes, 203939 Powell","101114,1626147,202083,203084,203939","Williams, Anderson, Matthews, Barnes, Powell",0,3,0,2,1,27.0
21600023,20161028,2,4,DAL,HOU,"101114 Williams, 1626147 Anderson, 202083 Matthews, 203084 Barnes, 203939 Powell","101114,1626147,202083,203084,203939","Williams, Anderson, Matthews, Barnes, Powell",0,0,3,3,2,64.0
21600023,20161028,2,5,DAL,HOU,"101106 Bogut, 101114 Williams, 1626147 Anderson, 202083 Matthews, 203084 Barnes","101106,101114,1626147,202083,203084","Bogut, Williams, Anderson, Matthews, Barnes",0,0,0,1,0,1.0
21600023,20161028,2,6,DAL,HOU,"101106 Bogut, 101114 Williams, 1626147 Anderson, 202083 Matthews, 203084 Barnes","101106,101114,1626147,202083,203084","Bogut, Williams, Anderson, Matthews, Barnes",0,6,3,5,4,138.0
21600023,20161028,2,7,DAL,HOU,"101106 Bogut, 101114 Williams, 1626147 Anderson, 202083 Matthews, 203084 Barnes","101106,101114,1626147,202083,203084","Bogut, Williams, Anderson, Matthews, Barnes",0,0,2,1,2,26.0
21600023,20161028,2,8,DAL,HOU,"101106 Bogut, 101114 Williams, 200826 Barea, 202083 Matthews, 203084 Barnes","101106,101114,200826,202083,203084","Bogut, Williams, Barea, Matthews, Barnes",0,5,2,4,5,106.0
21600023,20161028,2,9,DAL,HOU,"101114 Williams, 200826 Barea, 202083 Matthews, 203084 Barnes, 203939 Powell","101114,200826,202083,203084,203939","Williams, Barea, Matthews, Barnes, Powell",0,7,8,4,4,109.0
21600023,20161028,3,1,DAL,HOU,"101114 Williams, 200826 Barea, 202083 Matthews, 203084 Barnes, 203939 Powell","101114,200826,202083,203084,203939","Williams, Barea, Matthews, Barnes, Powell",0,0,0,1,0,17.0
21600023,20161028,3,2,DAL,HOU,"101106 Bogut, 101114 Williams, 200826 Barea, 202083 Matthews, 203084 Barnes","101106,101114,200826,202083,203084","Bogut, Williams, Barea, Matthews, Barnes",0,7,9,10,10,299.0
21600023,20161028,3,3,DAL,HOU,"101106 Bogut, 101114 Williams, 200826 Barea, 202083 Matthews, 203084 Barnes","101106,101114,200826,202083,203084","Bogut, Williams, Barea, Matthews, Barnes",0,0,0,0,1,1.0
21600023,20161028,3,4,DAL,HOU,"101106 Bogut, 101114 Williams, 1626147 Anderson, 202083 Matthews, 203084 Barnes","101106,101114,1626147,202083,203084","Bogut, Williams, Anderson, Matthews, Barnes",0,2,4,2,3,63.0
21600023,20161028,3,5,DAL,HOU,"101106 Bogut, 101114 Williams, 1626147 Anderson, 202083 Matthews, 203084 Barnes","101106,101114,1626147,202083,203084","Bogut, Williams, Anderson, Matthews, Barnes",0,2,2,3,3,97.0
21600023,20161028,3,6,DAL,HOU,"101106 Bogut, 101114 Williams, 1626147 Anderson, 202083 Matthews, 203084 Barnes","101106,101114,1626147,202083,203084","Bogut, Williams, Anderson, Matthews, Barnes",0,2,0,2,1,26.0
21600023,20161028,3,7,DAL,HOU,"101106 Bogut, 101114 Williams, 1626147 Anderson, 202083 Matthews, 203084 Barnes","101106,101114,1626147,202083,203084","Bogut, Williams, Anderson, Matthews, Barnes",0,2,0,2,2,68.0
21600023,20161028,3,8,DAL,HOU,"101114 Williams, 1626147 Anderson, 202083 Matthews, 203084 Barnes, 203939 Powell","101114,1626147,202083,203084,203939","Williams, Anderson, Matthews, Barnes, Powell",0,2,7,2,3,71.0
21600023,20161028,3,9,DAL,HOU,"1626147 Anderson, 200826 Barea, 202083 Matthews, 203084 Barnes, 203939 Powell","1626147,200826,202083,203084,203939","Anderson, Barea, Matthews, Barnes, Powell",0,0,3,3,3,78.0
21600023,20161028,4,1,DAL,HOU,"1626147 Anderson, 200826 Barea, 202083 Matthews, 203084 Barnes, 203939 Powell","1626147,200826,202083,203084,203939","Anderson, Barea, Matthews, Barnes, Powell",0,0,0,0,1,22.0
21600023,20161028,4,2,DAL,HOU,"1626147 Anderson, 200826 Barea, 203112 Acy, 203552 Curry, 203939 Powell","1626147,200826,203112,203552,203939","Anderson, Barea, Acy, Curry, Powell",0,6,5,6,7,193.0
21600023,20161028,4,3,DAL,HOU,"101114 Williams, 1626147 Anderson, 203084 Barnes, 203552 Curry, 203939 Powell","101114,1626147,203084,203552,203939","Williams, Anderson, Barnes, Curry, Powell",0,0,0,0,1,1.0
21600023,20161028,4,4,DAL,HOU,"101114 Williams, 1626147 Anderson, 203084 Barnes, 203552 Curry, 203939 Powell","101114,1626147,203084,203552,203939","Williams, Anderson, Barnes, Curry, Powell",0,2,5,2,5,85.0
21600023,20161028,4,5,DAL,HOU,"101106 Bogut, 101114 Williams, 202083 Matthews, 203084 Barnes, 203552 Curry","101106,101114,202083,203084,203552","Bogut, Williams, Matthews, Barnes, Curry",0,3,0,1,2,27.0
21600023,20161028,4,6,DAL,HOU,"101106 Bogut, 101114 Williams, 202083 Matthews, 203084 Barnes, 203552 Curry","101106,101114,202083,203084,203552","Bogut, Williams, Matthews, Barnes, Curry",0,0,5,2,3,97.0
21600023,20161028,4,7,DAL,HOU,"101106 Bogut, 101114 Williams, 202083 Matthews, 203084 Barnes, 203552 Curry","101106,101114,202083,203084,203552","Bogut, Williams, Matthews, Barnes, Curry",0,0,0,1,0,21.0
21600023,20161028,4,8,DAL,HOU,"101106 Bogut, 101114 Williams, 200826 Barea, 202083 Matthews, 203084 Barnes","101106,101114,200826,202083,203084","Bogut, Williams, Barea, Matthews, Barnes",0,2,1,2,1,23.0
21600023,20161028,4,9,DAL,HOU,"101114 Williams, 200826 Barea, 202083 Matthews, 203084 Barnes, 203939 Powell","101114,200826,202083,203084,203939","Williams, Barea, Matthews, Barnes, Powell",0,5,7,3,4,80.0
21600023,20161028,4,10,DAL,HOU,"200826 Barea, 202083 Matthews, 203084 Barnes, 203552 Curry, 203939 Powell","200826,202083,203084,203552,203939","Barea, Matthews, Barnes, Curry, Powell",0,9,4,8,5,171.0
21600041,20161030,1,1,DAL,HOU,"101106 Bogut, 101114 Williams, 202083 Matthews, 203084 Barnes, 203552 Curry","101106,101114,202083,203084,203552","Bogut, Williams, Matthews, Barnes, Curry",0,9,13,11,12,370.0
21600041,20161030,1,2,DAL,HOU,"101106 Bogut, 101114 Williams, 200826 Barea, 202083 Matthews, 203084 Barnes","101106,101114,200826,202083,203084","Bogut, Williams, Barea, Matthews, Barnes",0,5,4,4,4,108.0
21600041,20161030,1,3,DAL,HOU,"101106 Bogut, 200826 Barea, 202083 Matthews, 203084 Barnes, 203552 Curry","101106,200826,202083,203084,203552","Bogut, Barea, Matthews, Barnes, Curry",0,0,0,2,2,38.0
21600041,20161030,1,4,DAL,HOU,"101106 Bogut, 200826 Barea, 202083 Matthews, 203084 Barnes, 203552 Curry","101106,200826,202083,203084,203552","Bogut, Barea, Matthews, Barnes, Curry",0,0,2,3,2,35.0
21600041,20161030,1,5,DAL,HOU,"1626257 Mejri, 200826 Barea, 202083 Matthews, 203084 Barnes, 203552 Curry","1626257,200826,202083,203084,203552","Mejri, Barea, Matthews, Barnes, Curry",0,6,7,3,4,103.0
21600041,20161030,1,6,DAL,HOU,"1626147 Anderson, 1626257 Mejri, 200826 Barea, 202083 Matthews, 203552 Curry","1626147,1626257,200826,202083,203552","Anderson, Mejri, Barea, Matthews, Curry",0,2,2,2,1,31.8
21600041,20161030,1,7,DAL,HOU,"1626147 Anderson, 1626257 Mejri, 200826 Barea, 202083 Matthews, 203939 Powell","1626147,1626257,200826,202083,203939","Anderson, Mejri, Barea, Matthews, Powell",0,3,6,1,2,34.2
21600041,20161030,2,1,DAL,HOU,"1626147 Anderson, 1626257 Mejri, 200826 Barea, 202083 Matthews, 203939 Powell","1626147,1626257,200826,202083,203939","Anderson, Mejri, Barea, Matthews, Powell",0,0,0,0,1,5.0
21600041,20161030,2,2,DAL,HOU,"1626147 Anderson, 1626257 Mejri, 200826 Barea, 203552 Curry, 203939 Powell","1626147,1626257,200826,203552,203939","Anderson, Mejri, Barea, Curry, Powell",0,4,6,3,7,135.0
21600041,20161030,2,3,DAL,HOU,"1626147 Anderson, 1626257 Mejri, 200826 Barea, 203552 Curry, 203939 Powell","1626147,1626257,200826,203552,203939","Anderson, Mejri, Barea, Curry, Powell",0,0,3,2,1,33.0
21600041,20161030,2,4,DAL,HOU,"101114 Williams, 1626147 Anderson, 200826 Barea, 203084 Barnes, 203939 Powell","101114,1626147,200826,203084,203939","Williams, Anderson, Barea, Barnes, Powell",0,2,5,2,3,68.0
21600041,20161030,2,5,DAL,HOU,"1626147 Anderson, 200826 Barea, 202083 Matthews, 203084 Barnes, 203939 Powell","1626147,200826,202083,203084,203939","Anderson, Barea, Matthews, Barnes, Powell",0,3,0,2,4,62.0
21600041,20161030,2,6,DAL,HOU,"1626147 Anderson, 200826 Barea, 202083 Matthews, 203084 Barnes, 203939 Powell","1626147,200826,202083,203084,203939","Anderson, Barea, Matthews, Barnes, Powell",0,3,2,2,3,67.0
21600041,20161030,2,7,DAL,HOU,"101106 Bogut, 101114 Williams, 1626147 Anderson, 202083 Matthews, 203084 Barnes","101106,101114,1626147,202083,203084","Bogut, Williams, Anderson, Matthews, Barnes",0,8,7,7,6,139.0
21600041,20161030,2,8,DAL,HOU,"101106 Bogut, 101114 Williams, 200826 Barea, 202083 Matthews, 203084 Barnes","101106,101114,200826,202083,203084","Bogut, Williams, Barea, Matthews, Barnes",0,4,4,5,5,144.0
21600041,20161030,2,9,DAL,HOU,"101106 Bogut, 101114 Williams, 200826 Barea, 202083 Matthews, 203084 Barnes","101106,101114,200826,202083,203084","Bogut, Williams, Barea, Matthews, Barnes",0,4,2,4,3,67.0
21600041,20161030,3,1,DAL,HOU,"101106 Bogut, 101114 Williams, 202083 Matthews, 203084 Barnes, 203552 Curry","101106,101114,202083,203084,203552","Bogut, Williams, Matthews, Barnes, Curry",0,9,2,8,9,257.0
21600041,20161030,3,2,DAL,HOU,"101106 Bogut, 101114 Williams, 202083 Matthews, 203084 Barnes, 203552 Curry","101106,101114,202083,203084,203552","Bogut, Williams, Matthews, Barnes, Curry",0,6,6,6,7,186.0
21600041,20161030,3,3,DAL,HOU,"101106 Bogut, 101114 Williams, 202083 Matthews, 203084 Barnes, 203552 Curry","101106,101114,202083,203084,203552","Bogut, Williams, Matthews, Barnes, Curry",0,0,0,2,2,41.0
21600041,20161030,3,4,DAL,HOU,"101114 Williams, 1626257 Mejri, 200826 Barea, 202083 Matthews, 203084 Barnes","101114,1626257,200826,202083,203084","Williams, Mejri, Barea, Matthews, Barnes",0,0,2,1,2,38.0
21600041,20161030,3,5,DAL,HOU,"101114 Williams, 1626257 Mejri, 200826 Barea, 202083 Matthews, 203084 Barnes","101114,1626257,200826,202083,203084","Williams, Mejri, Barea, Matthews, Barnes",0,0,3,1,4,91.0
21600041,20161030,3,6,DAL,HOU,"1626147 Anderson, 1626257 Mejri, 200826 Barea, 202083 Matthews, 203084 Barnes","1626147,1626257,200826,202083,203084","Anderson, Mejri, Barea, Matthews, Barnes",0,2,4,3,3,97.7
21600041,20161030,3,7,DAL,HOU,"1626147 Anderson, 1626257 Mejri, 200826 Barea, 202083 Matthews, 203084 Barnes","1626147,1626257,200826,202083,203084","Anderson, Mejri, Barea, Matthews, Barnes",0,0,0,0,1,9.3
21600041,20161030,4,1,DAL,HOU,"1626147 Anderson, 1626257 Mejri, 200826 Barea, 202083 Matthews, 203084 Barnes","1626147,1626257,200826,202083,203084","Anderson, Mejri, Barea, Matthews, Barnes",0,0,0,1,0,24.0
21600041,20161030,4,2,DAL,HOU,"1626147 Anderson, 1626257 Mejri, 200826 Barea, 203552 Curry, 203939 Powell","1626147,1626257,200826,203552,203939","Anderson, Mejri, Barea, Curry, Powell",0,6,2,5,5,169.0
21600041,20161030,4,3,DAL,HOU,"1626147 Anderson, 1626257 Mejri, 200826 Barea, 202083 Matthews, 203939 Powell","1626147,1626257,200826,202083,203939","Anderson, Mejri, Barea, Matthews, Powell",0,2,2,4,4,136.0
21600041,20161030,4,4,DAL,HOU,"1626147 Anderson, 1626257 Mejri, 200826 Barea, 202083 Matthews, 203084 Barnes","1626147,1626257,200826,202083,203084","Anderson, Mejri, Barea, Matthews, Barnes",0,2,0,1,0,17.0
21600041,20161030,4,5,DAL,HOU,"101114 Williams, 1626257 Mejri, 200826 Barea, 202083 Matthews, 203084 Barnes","101114,1626257,200826,202083,203084","Williams, Mejri, Barea, Matthews, Barnes",0,0,2,3,3,80.0
21600041,20161030,4,6,DAL,HOU,"101106 Bogut, 101114 Williams, 200826 Barea, 202083 Matthews, 203084 Barnes","101106,101114,200826,202083,203084","Bogut, Williams, Barea, Matthews, Barnes",0,9,6,8,8,232.0
21600041,20161030,4,7,DAL,HOU,"101106 Bogut, 101114 Williams, 200826 Barea, 202083 Matthews, 203084 Barnes","101106,101114,200826,202083,203084","Bogut, Williams, Barea, Matthews, Barnes",0,0,0,0,1,17.6
21600041,20161030,4,8,DAL,HOU,"101106 Bogut, 101114 Williams, 200826 Barea, 202083 Matthews, 203084 Barnes","101106,101114,200826,202083,203084","Bogut, Williams, Barea, Matthews, Barnes",0,3,0,2,2,40.3
21600041,20161030,4,9,DAL,HOU,"101106 Bogut, 101114 Williams, 1626147 Anderson, 202083 Matthews, 203084 Barnes","101106,101114,1626147,202083,203084","Bogut, Williams, Anderson, Matthews, Barnes",0,0,1,0,1,4.0
21600041,20161030,4,10,DAL,HOU,"101106 Bogut, 101114 Williams, 1626147 Anderson, 202083 Matthews, 203084 Barnes","101106,101114,1626147,202083,203084","Bogut, Williams, Anderson, Matthews, Barnes",0,0,0,0,0,0.1
21600062,20161102,1,1,DAL,UTA,"101106 Bogut, 101114 Williams, 1717 Nowitzki, 202083 Matthews, 203084 Barnes","101106,101114,1717,202083,203084","Bogut, Williams, Nowitzki, Matthews, Barnes",0,2,4,7,6,213.0
21600062,20161102,1,2,DAL,UTA,"101106 Bogut, 101114 Williams, 1717 Nowitzki, 202083 Matthews, 203084 Barnes","101106,101114,1717,202083,203084","Bogut, Williams, Nowitzki, Matthews, Barnes",0,2,5,4,4,110.0
21600062,20161102,1,3,DAL,UTA,"101106 Bogut, 101114 Williams, 200826 Barea, 202083 Matthews, 203084 Barnes","101106,101114,200826,202083,203084","Bogut, Williams, Barea, Matthews, Barnes",0,2,2,4,4,118.0
21600062,20161102,1,4,DAL,UTA,"101106 Bogut, 101114 Williams, 200826 Barea, 202083 Matthews, 203084 Barnes","101106,101114,200826,202083,203084","Bogut, Williams, Barea, Matthews, Barnes",0,3,0,3,3,82.0
21600062,20161102,1,5,DAL,UTA,"1626257 Mejri, 200826 Barea, 202083 Matthews, 203084 Barnes, 203552 Curry","1626257,200826,202083,203084,203552","Mejri, Barea, Matthews, Barnes, Curry",0,2,0,1,1,21.0
21600062,20161102,1,6,DAL,UTA,"1626257 Mejri, 200826 Barea, 202083 Matthews, 203084 Barnes, 203552 Curry","1626257,200826,202083,203084,203552","Mejri, Barea, Matthews, Barnes, Curry",0,0,4,3,3,70.0
21600062,20161102,1,7,DAL,UTA,"1626147 Anderson, 1626257 Mejri, 1717 Nowitzki, 200826 Barea, 203552 Curry","1626147,1626257,1717,200826,203552","Anderson, Mejri, Nowitzki, Barea, Curry",0,0,0,2,2,51.4
21600062,20161102,1,8,DAL,UTA,"1626147 Anderson, 1626257 Mejri, 1717 Nowitzki, 200826 Barea, 203552 Curry","1626147,1626257,1717,200826,203552","Anderson, Mejri, Nowitzki, Barea, Curry",0,3,0,1,2,54.6
21600062,20161102,2,1,DAL,UTA,"1626147 Anderson, 1626257 Mejri, 1717 Nowitzki, 200826 Barea, 203552 Curry","1626147,1626257,1717,200826,203552","Anderson, Mejri, Nowitzki, Barea, Curry",0,0,0,0,1,20.0
21600062,20161102,2,2,DAL,UTA,"1626147 Anderson, 1626257 Mejri, 1717 Nowitzki, 200826 Barea, 203552 Curry","1626147,1626257,1717,200826,203552","Anderson, Mejri, Nowitzki, Barea, Curry",0,2,0,3,4,105.0
21600062,20161102,2,3,DAL,UTA,"1626147 Anderson, 1717 Nowitzki, 200826 Barea, 203552 Curry, 203939 Powell","1626147,1717,200826,203552,203939","Anderson, Nowitzki, Barea, Curry, Powell",0,3,8,5,5,112.0
21600062,20161102,2,4,DAL,UTA,"101106 Bogut, 101114 Williams, 1626147 Anderson, 202083 Matthews, 203084 Barnes","101106,101114,1626147,202083,203084","Bogut, Williams, Anderson, Matthews, Barnes",0,4,2,3,3,85.0
21600062,20161102,2,5,DAL,UTA,"101106 Bogut, 101114 Williams, 1626147 Anderson, 202083 Matthews, 203084 Barnes","101106,101114,1626147,202083,203084","Bogut, Williams, Anderson, Matthews, Barnes",0,0,4,4,5,108.0
21600062,20161102,2,6,DAL,UTA,"101114 Williams, 1717 Nowitzki, 200826 Barea, 202083 Matthews, 203084 Barnes","101114,1717,200826,202083,203084","Williams, Nowitzki, Barea, Matthews, Barnes",0,0,0,1,1,22.0
21600062,20161102,2,7,DAL,UTA,"101114 Williams, 1717 Nowitzki, 200826 Barea, 202083 Matthews, 203084 Barnes","101114,1717,200826,202083,203084","Williams, Nowitzki, Barea, Matthews, Barnes",0,5,6,7,6,173.0
21600062,20161102,2,8,DAL,UTA,"101114 Williams, 1717 Nowitzki, 200826 Barea, 202083 Matthews, 203084 Barnes","101114,1717,200826,202083,203084","Williams, Nowitzki, Barea, Matthews, Barnes",0,5,6,3,4,95.0
21600062,20161102,3,1,DAL,UTA,"101114 Williams, 1717 Nowitzki, 200826 Barea, 202083 Matthews, 203084 Barnes","101114,1717,200826,202083,203084","Williams, Nowitzki, Barea, Matthews, Barnes",0,0,0,0,1,15.0
21600062,20161102,3,2,DAL,UTA,"101106 Bogut, 101114 Williams, 1717 Nowitzki, 202083 Matthews, 203084 Barnes","101106,101114,1717,202083,203084","Bogut, Williams, Nowitzki, Matthews, Barnes",0,2,7,6,6,179.0
21600062,20161102,3,3,DAL,UTA,"101106 Bogut, 101114 Williams, 1717 Nowitzki, 202083 Matthews, 203084 Barnes","101106,101114,1717,202083,203084","Bogut, Williams, Nowitzki, Matthews, Barnes",0,0,5,3,4,129.0
21600062,20161102,3,4,DAL,UTA,"101114 Williams, 1717 Nowitzki, 200826 Barea, 202083 Matthews, 203084 Barnes","101114,1717,200826,202083,203084","Williams, Nowitzki, Barea, Matthews, Barnes",0,0,0,3,2,86.0
21600062,20161102,3,5,DAL,UTA,"101114 Williams, 200826 Barea, 202083 Matthews, 203084 Barnes, 203939 Powell","101114,200826,202083,203084,203939","Williams, Barea, Matthews, Barnes, Powell",0,2,0,1,0,12.0
21600062,20161102,3,6,DAL,UTA,"101114 Williams, 200826 Barea, 202083 Matthews, 203084 Barnes, 203939 Powell","101114,200826,202083,203084,203939","Williams, Barea, Matthews, Barnes, Powell",0,14,12,7,7,218.0
21600062,20161102,3,7,DAL,UTA,"101114 Williams, 200826 Barea, 202083 Matthews, 203084 Barnes, 203939 Powell","101114,200826,202083,203084,203939","Williams, Barea, Matthews, Barnes, Powell",0,8,1,3,3,81.0
21600062,20161102,4,1,DAL,UTA,"101114 Williams, 200826 Barea, 202083 Matthews, 203084 Barnes, 203939 Powell","101114,200826,202083,203084,203939","Williams, Barea, Matthews, Barnes, Powell",0,0,0,1,0,21.0
21600062,20161102,4,2,DAL,UTA,"1626147 Anderson, 1717 Nowitzki, 200826 Barea, 203552 Curry, 203939 Powell","1626147,1717,200826,203552,203939","Anderson, Nowitzki, Barea, Curry, Powell",0,8,5,5,4,146.0
21600062,20161102,4,3,DAL,UTA,"1626147 Anderson, 1717 Nowitzki, 200826 Barea, 203552 Curry, 203939 Powell","1626147,1717,200826,203552,203939","Anderson, Nowitzki, Barea, Curry, Powell",0,2,7,3,3,118.0
21600062,20161102,4,4,DAL,UTA,"101114 Williams, 1626147 Anderson, 1717 Nowitzki, 202083 Matthews, 203084 Barnes","101114,1626147,1717,202083,203084","Williams, Anderson, Nowitzki, Matthews, Barnes",0,2,3,2,2,78.0
21600062,20161102,4,5,DAL,UTA,"101114 Williams, 1626147 Anderson, 202083 Matthews, 203084 Barnes, 203939 Powell","101114,1626147,202083,203084,203939","Williams, Anderson, Matthews, Barnes, Powell",0,7,11,8,11,189.0
21600062,20161102,4,6,DAL,UTA,"101114 Williams, 202083 Matthews, 203084 Barnes, 203552 Curry, 203939 Powell","101114,202083,203084,203552,203939","Williams, Matthews, Barnes, Curry, Powell",0,2,5,5,5,168.0
21600076,20161104,1,1,DAL,POR,"101114 Williams, 1717 Nowitzki, 200826 Barea, 202083 Matthews, 203084 Barnes","101114,1717,200826,202083,203084","Williams, Nowitzki, Barea, Matthews, Barnes",0,11,19,14,16,386.0
21600076,20161104,1,2,DAL,POR,"101114 Williams, 202083 Matthews, 203084 Barnes, 203552 Curry, 203939 Powell","101114,202083,203084,203552,203939","Williams, Matthews, Barnes, Curry, Powell",0,2,0,1,0,16.0
21600076,20161104,1,3,DAL,POR,"101114 Williams, 202083 Matthews, 203084 Barnes, 203552 Curry, 203939 Powell","101114,202083,203084,203552,203939","Williams, Matthews, Barnes, Curry, Powell",0,9,0,7,7,171.0
21600076,20161104,1,4,DAL,POR,"101114 Williams, 202083 Matthews, 203084 Barnes, 203552 Curry, 203939 Powell","101114,202083,203084,203552,203939","Williams, Matthews, Barnes, Curry, Powell",0,2,0,3,3,87.5
21600076,20161104,1,5,DAL,POR,"1626147 Anderson, 1717 Nowitzki, 200826 Barea, 203552 Curry, 203939 Powell","1626147,1717,200826,203552,203939","Anderson, Nowitzki, Barea, Curry, Powell",0,2,4,2,2,51.7
21600076,20161104,1,6,DAL,POR,"1626147 Anderson, 1717 Nowitzki, 200826 Barea, 203552 Curry, 203939 Powell","1626147,1717,200826,203552,203939","Anderson, Nowitzki, Barea, Curry, Powell",0,0,3,1,1,7.8
21600076,20161104,2,1,DAL,POR,"1626147 Anderson, 1717 Nowitzki, 200826 Barea, 203552 Curry, 203939 Powell","1626147,1717,200826,203552,203939","Anderson, Nowitzki, Barea, Curry, Powell",0,9,7,8,6,233.0
21600076,20161104,2,2,DAL,POR,"101114 Williams, 1626147 Anderson, 203112 Acy, 203552 Curry, 203939 Powell","101114,1626147,203112,203552,203939","Williams, Anderson, Acy, Curry, Powell",0,0,0,1,0,1.0
21600076,20161104,2,3,DAL,POR,"101114 Williams, 1626147 Anderson, 203112 Acy, 203552 Curry, 203939 Powell","101114,1626147,203112,203552,203939","Williams, Anderson, Acy, Curry, Powell",0,2,2,1,1,28.0
21600076,20161104,2,4,DAL,POR,"101114 Williams, 1626147 Anderson, 203112 Acy, 203552 Curry, 203939 Powell","101114,1626147,203112,203552,203939","Williams, Anderson, Acy, Curry, Powell",0,0,0,1,0,9.0
21600076,20161104,2,5,DAL,POR,"101114 Williams, 1626147 Anderson, 202083 Matthews, 203112 Acy, 203939 Powell","101114,1626147,202083,203112,203939","Williams, Anderson, Matthews, Acy, Powell",0,1,4,2,2,43.0
21600076,20161104,2,6,DAL,POR,"101114 Williams, 202083 Matthews, 203084 Barnes, 203112 Acy, 203939 Powell","101114,202083,203084,203112,203939","Williams, Matthews, Barnes, Acy, Powell",0,0,1,1,1,19.0
21600076,20161104,2,7,DAL,POR,"101114 Williams, 1626147 Anderson, 203084 Barnes, 203112 Acy, 203939 Powell","101114,1626147,203084,203112,203939","Williams, Anderson, Barnes, Acy, Powell",0,2,2,1,2,21.0
21600076,20161104,2,8,DAL,POR,"101114 Williams, 1626147 Anderson, 202083 Matthews, 203084 Barnes, 203939 Powell","101114,1626147,202083,203084,203939","Williams, Anderson, Matthews, Barnes, Powell",0,2,7,4,4,78.0
21600076,20161104,2,9,DAL,POR,"101114 Williams, 1717 Nowitzki, 200826 Barea, 202083 Matthews, 203084 Barnes","101114,1717,200826,202083,203084","Williams, Nowitzki, Barea, Matthews, Barnes",0,3,4,5,5,133.0
21600076,20161104,2,10,DAL,POR,"101114 Williams, 1717 Nowitzki, 200826 Barea, 202083 Matthews, 203084 Barnes","101114,1717,200826,202083,203084","Williams, Nowitzki, Barea, Matthews, Barnes",0,0,2,0,1,14.0
21600076,20161104,2,11,DAL,POR,"101114 Williams, 1717 Nowitzki, 200826 Barea, 203084 Barnes, 203112 Acy","101114,1717,200826,203084,203112","Williams, Nowitzki, Barea, Barnes, Acy",0,7,0,5,4,141.0
21600076,20161104,3,1,DAL,POR,"101114 Williams, 1717 Nowitzki, 200826 Barea, 203084 Barnes, 203112 Acy","101114,1717,200826,203084,203112","Williams, Nowitzki, Barea, Barnes, Acy",0,0,0,1,0,14.0
21600076,20161104,3,2,DAL,POR,"101114 Williams, 200826 Barea, 202083 Matthews, 203084 Barnes, 203939 Powell","101114,200826,202083,203084,203939","Williams, Barea, Matthews, Barnes, Powell",0,4,6,5,4,128.0
21600076,20161104,3,3,DAL,POR,"101114 Williams, 200826 Barea, 202083 Matthews, 203084 Barnes, 203939 Powell","101114,200826,202083,203084,203939","Williams, Barea, Matthews, Barnes, Powell",0,4,11,4,4,140.0
21600076,20161104,3,4,DAL,POR,"101114 Williams, 1626257 Mejri, 200826 Barea, 202083 Matthews, 203084 Barnes","101114,1626257,200826,202083,203084","Williams, Mejri, Barea, Matthews, Barnes",0,0,3,1,2,39.0
21600076,20161104,3,5,DAL,POR,"101114 Williams, 1626257 Mejri, 202083 Matthews, 203084 Barnes, 203552 Curry","101114,1626257,202083,203084,203552","Williams, Mejri, Matthews, Barnes, Curry",0,0,0,0,1,1.0
21600076,20161104,3,6,DAL,POR,"101114 Williams, 1626147 Anderson, 1626257 Mejri, 203084 Barnes, 203552 Curry","101114,1626147,1626257,203084,203552","Williams, Anderson, Mejri, Barnes, Curry",0,3,3,3,4,82.0
21600076,20161104,3,7,DAL,POR,"101114 Williams, 1626147 Anderson, 1626257 Mejri, 203084 Barnes, 203552 Curry","101114,1626147,1626257,203084,203552","Williams, Anderson, Mejri, Barnes, Curry",0,4,0,2,3,67.0
21600076,20161104,3,8,DAL,POR,"101114 Williams, 1626147 Anderson, 1626257 Mejri, 203084 Barnes, 203552 Curry","101114,1626147,1626257,203084,203552","Williams, Anderson, Mejri, Barnes, Curry",0,2,0,3,3,64.0
21600076,20161104,3,9,DAL,POR,"101114 Williams, 1626147 Anderson, 1626257 Mejri, 203084 Barnes, 203552 Curry","101114,1626147,1626257,203084,203552","Williams, Anderson, Mejri, Barnes, Curry",0,0,0,2,3,60.0
21600076,20161104,3,10,DAL,POR,"1626147 Anderson, 1626257 Mejri, 200826 Barea, 203112 Acy, 203552 Curry","1626147,1626257,200826,203112,203552","Anderson, Mejri, Barea, Acy, Curry",0,5,1,4,4,91.1
21600076,20161104,3,11,DAL,POR,"1626147 Anderson, 1626257 Mejri, 200826 Barea, 203112 Acy, 203552 Curry","1626147,1626257,200826,203112,203552","Anderson, Mejri, Barea, Acy, Curry",0,2,0,1,1,33.9
21600076,20161104,4,1,DAL,POR,"1626147 Anderson, 1626257 Mejri, 200826 Barea, 203112 Acy, 203552 Curry","1626147,1626257,200826,203112,203552","Anderson, Mejri, Barea, Acy, Curry",0,0,0,0,1,19.0
21600076,20161104,4,2,DAL,POR,"1626147 Anderson, 1626257 Mejri, 200826 Barea, 203112 Acy, 203552 Curry","1626147,1626257,200826,203112,203552","Anderson, Mejri, Barea, Acy, Curry",0,2,0,2,2,39.0
21600076,20161104,4,3,DAL,POR,"1626147 Anderson, 1626257 Mejri, 200826 Barea, 203112 Acy, 203552 Curry","1626147,1626257,200826,203112,203552","Anderson, Mejri, Barea, Acy, Curry",0,0,4,4,3,94.0
21600076,20161104,4,4,DAL,POR,"101114 Williams, 1626147 Anderson, 1626257 Mejri, 203112 Acy, 203552 Curry","101114,1626147,1626257,203112,203552","Williams, Anderson, Mejri, Acy, Curry",0,2,6,2,3,79.0
21600076,20161104,4,5,DAL,POR,"101114 Williams, 202083 Matthews, 203084 Barnes, 203552 Curry, 203939 Powell","101114,202083,203084,203552,203939","Williams, Matthews, Barnes, Curry, Powell",0,0,2,3,2,50.0
21600076,20161104,4,6,DAL,POR,"101114 Williams, 202083 Matthews, 203084 Barnes, 203552 Curry, 203939 Powell","101114,202083,203084,203552,203939","Williams, Matthews, Barnes, Curry, Powell",0,5,2,4,3,114.0
21600076,20161104,4,7,DAL,POR,"101114 Williams, 202083 Matthews, 203084 Barnes, 203552 Curry, 203939 Powell","101114,202083,203084,203552,203939","Williams, Matthews, Barnes, Curry, Powell",0,2,0,2,1,32.0
21600076,20161104,4,8,DAL,POR,"101114 Williams, 200826 Barea, 202083 Matthews, 203084 Barnes, 203939 Powell","101114,200826,202083,203084,203939","Williams, Barea, Matthews, Barnes, Powell",0,4,4,5,5,156.0
21600076,20161104,4,9,DAL,POR,"101114 Williams, 1626257 Mejri, 200826 Barea, 202083 Matthews, 203084 Barnes","101114,1626257,200826,202083,203084","Williams, Mejri, Barea, Matthews, Barnes",0,0,2,2,1,19.0
21600076,20161104,4,10,DAL,POR,"101114 Williams, 1626257 Mejri, 202083 Matthews, 203084 Barnes, 203552 Curry","101114,1626257,202083,203084,203552","Williams, Mejri, Matthews, Barnes, Curry",0,0,2,1,1,22.0
21600076,20161104,4,11,DAL,POR,"1626257 Mejri, 200826 Barea, 202083 Matthews, 203084 Barnes, 203552 Curry","1626257,200826,202083,203084,203552","Mejri, Barea, Matthews, Barnes, Curry",0,4,4,4,3,96.0
21600090,20161106,1,1,DAL,MIL,"101106 Bogut, 1626147 Anderson, 200826 Barea, 202083 Matthews, 203084 Barnes","101106,1626147,200826,202083,203084","Bogut, Anderson, Barea, Matthews, Barnes",0,6,19,15,18,533.0
21600090,20161106,1,2,DAL,MIL,"101106 Bogut, 1626147 Anderson, 202083 Matthews, 203552 Curry, 203939 Powell","101106,1626147,202083,203552,203939","Bogut, Anderson, Matthews, Curry, Powell",0,4,0,3,4,75.0
21600090,20161106,1,3,DAL,MIL,"101106 Bogut, 1627852 Brussino, 202083 Matthews, 203084 Barnes, 203552 Curry","101106,1627852,202083,203084,203552","Bogut, Brussino, Matthews, Barnes, Curry",0,6,5,4,5,90.7
21600090,20161106,1,4,DAL,MIL,"101106 Bogut, 1627852 Brussino, 200826 Barea, 203084 Barnes, 203552 Curry","101106,1627852,200826,203084,203552","Bogut, Brussino, Barea, Barnes, Curry",0,0,0,1,0,21.3
21600090,20161106,2,1,DAL,MIL,"101106 Bogut, 1627852 Brussino, 200826 Barea, 203084 Barnes, 203552 Curry","101106,1627852,200826,203084,203552","Bogut, Brussino, Barea, Barnes, Curry",0,0,0,1,0,14.0
21600090,20161106,2,2,DAL,MIL,"1626257 Mejri, 1627852 Brussino, 200826 Barea, 203084 Barnes, 203552 Curry","1626257,1627852,200826,203084,203552","Mejri, Brussino, Barea, Barnes, Curry",0,0,3,2,1,23.0
21600090,20161106,2,3,DAL,MIL,"1626257 Mejri, 1627827 Finney-Smith, 200826 Barea, 203084 Barnes, 203552 Curry","1626257,1627827,200826,203084,203552","Mejri, Finney-Smith, Barea, Barnes, Curry",0,6,3,6,7,190.0
21600090,20161106,2,4,DAL,MIL,"1626257 Mejri, 1627827 Finney-Smith, 200826 Barea, 203084 Barnes, 203552 Curry","1626257,1627827,200826,203084,203552","Mejri, Finney-Smith, Barea, Barnes, Curry",0,0,2,1,1,26.0
21600090,20161106,2,5,DAL,MIL,"1626257 Mejri, 1627827 Finney-Smith, 200826 Barea, 203084 Barnes, 203552 Curry","1626257,1627827,200826,203084,203552","Mejri, Finney-Smith, Barea, Barnes, Curry",0,3,0,2,1,28.0
21600090,20161106,2,6,DAL,MIL,"1626257 Mejri, 1627827 Finney-Smith, 200826 Barea, 203084 Barnes, 203552 Curry","1626257,1627827,200826,203084,203552","Mejri, Finney-Smith, Barea, Barnes, Curry",0,2,0,4,3,73.0
21600090,20161106,2,7,DAL,MIL,"1626257 Mejri, 1627827 Finney-Smith, 200826 Barea, 202083 Matthews, 203084 Barnes","1626257,1627827,200826,202083,203084","Mejri, Finney-Smith, Barea, Matthews, Barnes",0,3,2,2,2,45.0
21600090,20161106,2,8,DAL,MIL,"101106 Bogut, 1627827 Finney-Smith, 200826 Barea, 202083 Matthews, 203084 Barnes","101106,1627827,200826,202083,203084","Bogut, Finney-Smith, Barea, Matthews, Barnes",0,14,2,11,10,321.0
21600090,20161106,3,1,DAL,MIL,"101106 Bogut, 1627827 Finney-Smith, 200826 Barea, 202083 Matthews, 203084 Barnes","101106,1627827,200826,202083,203084","Bogut, Finney-Smith, Barea, Matthews, Barnes",0,0,0,1,0,17.0
21600090,20161106,3,2,DAL,MIL,"101106 Bogut, 1627827 Finney-Smith, 200826 Barea, 202083 Matthews, 203084 Barnes","101106,1627827,200826,202083,203084","Bogut, Finney-Smith, Barea, Matthews, Barnes",0,4,5,6,5,202.0
21600090,20161106,3,3,DAL,MIL,"1627827 Finney-Smith, 200826 Barea, 202083 Matthews, 203084 Barnes, 203939 Powell","1627827,200826,202083,203084,203939","Finney-Smith, Barea, Matthews, Barnes, Powell",0,2,3,4,5,108.0
21600090,20161106,3,4,DAL,MIL,"1627827 Finney-Smith, 202083 Matthews, 203084 Barnes, 203552 Curry, 203939 Powell","1627827,202083,203084,203552,203939","Finney-Smith, Matthews, Barnes, Curry, Powell",0,0,0,2,2,45.0
21600090,20161106,3,5,DAL,MIL,"101106 Bogut, 1627827 Finney-Smith, 202083 Matthews, 203552 Curry, 203939 Powell","101106,1627827,202083,203552,203939","Bogut, Finney-Smith, Matthews, Curry, Powell",0,0,0,1,0,1.0
21600090,20161106,3,6,DAL,MIL,"101106 Bogut, 1627827 Finney-Smith, 202083 Matthews, 203552 Curry, 203939 Powell","101106,1627827,202083,203552,203939","Bogut, Finney-Smith, Matthews, Curry, Powell",0,2,2,2,1,26.0
21600090,20161106,3,7,DAL,MIL,"1626257 Mejri, 200826 Barea, 202083 Matthews, 203552 Curry, 203939 Powell","1626257,200826,202083,203552,203939","Mejri, Barea, Matthews, Curry, Powell",0,0,4,3,2,76.0
21600090,20161106,3,8,DAL,MIL,"1626257 Mejri, 200826 Barea, 202083 Matthews, 203084 Barnes, 203552 Curry","1626257,200826,202083,203084,203552","Mejri, Barea, Matthews, Barnes, Curry",0,0,0,2,1,8.0
21600090,20161106,3,9,DAL,MIL,"1626257 Mejri, 200826 Barea, 202083 Matthews, 203084 Barnes, 203552 Curry","1626257,200826,202083,203084,203552","Mejri, Barea, Matthews, Barnes, Curry",0,4,3,7,7,204.6
21600090,20161106,3,10,DAL,MIL,"1626257 Mejri, 1627827 Finney-Smith, 200826 Barea, 202083 Matthews, 203084 Barnes","1626257,1627827,200826,202083,203084","Mejri, Finney-Smith, Barea, Matthews, Barnes",0,0,0,1,1,7.0
21600090,20161106,3,11,DAL,MIL,"1626257 Mejri, 1627827 Finney-Smith, 200826 Barea, 202083 Matthews, 203084 Barnes","1626257,1627827,200826,202083,203084","Mejri, Finney-Smith, Barea, Matthews, Barnes",0,0,0,2,0,25.4
21600090,20161106,4,1,DAL,MIL,"1626257 Mejri, 1627827 Finney-Smith, 200826 Barea, 202083 Matthews, 203084 Barnes","1626257,1627827,200826,202083,203084","Mejri, Finney-Smith, Barea, Matthews, Barnes",0,0,0,0,1,19.0
21600090,20161106,4,2,DAL,MIL,"1627827 Finney-Smith, 200826 Barea, 203084 Barnes, 203552 Curry, 203939 Powell","1627827,200826,203084,203552,203939","Finney-Smith, Barea, Barnes, Curry, Powell",0,0,2,2,2,47.0
21600090,20161106,4,3,DAL,MIL,"101106 Bogut, 1627827 Finney-Smith, 200826 Barea, 203084 Barnes, 203552 Curry","101106,1627827,200826,203084,203552","Bogut, Finney-Smith, Barea, Barnes, Curry",0,0,6,5,4,120.0
21600090,20161106,4,4,DAL,MIL,"101106 Bogut, 1627827 Finney-Smith, 200826 Barea, 202083 Matthews, 203084 Barnes","101106,1627827,200826,202083,203084","Bogut, Finney-Smith, Barea, Matthews, Barnes",0,3,2,5,4,119.0
21600090,20161106,4,5,DAL,MIL,"101106 Bogut, 1627827 Finney-Smith, 200826 Barea, 202083 Matthews, 203084 Barnes","101106,1627827,200826,202083,203084","Bogut, Finney-Smith, Barea, Matthews, Barnes",0,0,2,5,5,148.0
21600090,20161106,4,6,DAL,MIL,"101106 Bogut, 200826 Barea, 202083 Matthews, 203084 Barnes, 203552 Curry","101106,200826,202083,203084,203552","Bogut, Barea, Matthews, Barnes, Curry",0,0,0,1,1,15.0
21600090,20161106,4,7,DAL,MIL,"101106 Bogut, 200826 Barea, 202083 Matthews, 203084 Barnes, 203552 Curry","101106,200826,202083,203084,203552","Bogut, Barea, Matthews, Barnes, Curry",0,10,4,7,6,215.7
21600090,20161106,4,8,DAL,MIL,"101106 Bogut, 1627827 Finney-Smith, 200826 Barea, 202083 Matthews, 203084 Barnes","101106,1627827,200826,202083,203084","Bogut, Finney-Smith, Barea, Matthews, Barnes",0,2,2,2,1,36.3
21600090,20161106,5,1,DAL,MIL,"101106 Bogut, 1627827 Finney-Smith, 200826 Barea, 202083 Matthews, 203084 Barnes","101106,1627827,200826,202083,203084","Bogut, Finney-Smith, Barea, Matthews, Barnes",0,0,0,1,0,14.0
21600090,20161106,5,2,DAL,MIL,"101106 Bogut, 1627827 Finney-Smith, 200826 Barea, 202083 Matthews, 203084 Barnes","101106,1627827,200826,202083,203084","Bogut, Finney-Smith, Barea, Matthews, Barnes",0,2,0,3,2,69.0
21600090,20161106,5,3,DAL,MIL,"1626257 Mejri, 1627827 Finney-Smith, 200826 Barea, 202083 Matthews, 203084 Barnes","1626257,1627827,200826,202083,203084","Mejri, Finney-Smith, Barea, Matthews, Barnes",0,3,0,3,3,62.0
21600090,20161106,5,4,DAL,MIL,"101106 Bogut, 1627827 Finney-Smith, 200826 Barea, 202083 Matthews, 203084 Barnes","101106,1627827,200826,202083,203084","Bogut, Finney-Smith, Barea, Matthews, Barnes",0,5,1,3,4,95.9
21600090,20161106,5,5,DAL,MIL,"101106 Bogut, 1627827 Finney-Smith, 200826 Barea, 202083 Matthews, 203084 Barnes","101106,1627827,200826,202083,203084","Bogut, Finney-Smith, Barea, Matthews, Barnes",0,2,0,2,2,59.1
21600104,20161108,1,1,DAL,LAL,"101106 Bogut, 1627827 Finney-Smith, 200826 Barea, 202083 Matthews, 203084 Barnes","101106,1627827,200826,202083,203084","Bogut, Finney-Smith, Barea, Matthews, Barnes",0,14,19,11,11,357.0
21600104,20161108,1,2,DAL,LAL,"1627827 Finney-Smith, 202083 Matthews, 203084 Barnes, 203552 Curry, 203939 Powell","1627827,202083,203084,203552,203939","Finney-Smith, Matthews, Barnes, Curry, Powell",0,0,0,1,1,29.0
21600104,20161108,1,3,DAL,LAL,"1626147 Anderson, 202083 Matthews, 203084 Barnes, 203552 Curry, 203939 Powell","1626147,202083,203084,203552,203939","Anderson, Matthews, Barnes, Curry, Powell",0,4,4,4,5,137.0
21600104,20161108,1,4,DAL,LAL,"101106 Bogut, 1626147 Anderson, 200826 Barea, 203552 Curry, 203939 Powell","101106,1626147,200826,203552,203939","Bogut, Anderson, Barea, Curry, Powell",0,7,4,5,7,196.7
21600104,20161108,1,5,DAL,LAL,"101106 Bogut, 1626147 Anderson, 200826 Barea, 203552 Curry, 203939 Powell","101106,1626147,200826,203552,203939","Bogut, Anderson, Barea, Curry, Powell",0,0,0,0,1,0.3
21600104,20161108,2,1,DAL,LAL,"101106 Bogut, 1626147 Anderson, 200826 Barea, 203552 Curry, 203939 Powell","101106,1626147,200826,203552,203939","Bogut, Anderson, Barea, Curry, Powell",0,0,0,1,0,12.0
21600104,20161108,2,2,DAL,LAL,"101106 Bogut, 1626147 Anderson, 200826 Barea, 203552 Curry, 203939 Powell","101106,1626147,200826,203552,203939","Bogut, Anderson, Barea, Curry, Powell",0,4,0,4,4,50.0
21600104,20161108,2,3,DAL,LAL,"101106 Bogut, 1626147 Anderson, 200826 Barea, 203552 Curry, 203939 Powell","101106,1626147,200826,203552,203939","Bogut, Anderson, Barea, Curry, Powell",0,2,2,1,2,31.0
21600104,20161108,2,4,DAL,LAL,"1626147 Anderson, 202083 Matthews, 203084 Barnes, 203552 Curry, 203939 Powell","1626147,202083,203084,203552,203939","Anderson, Matthews, Barnes, Curry, Powell",0,4,6,4,4,111.0
21600104,20161108,2,5,DAL,LAL,"1627827 Finney-Smith, 202083 Matthews, 203084 Barnes, 203552 Curry, 203939 Powell","1627827,202083,203084,203552,203939","Finney-Smith, Matthews, Barnes, Curry, Powell",0,2,6,5,4,109.0
21600104,20161108,2,6,DAL,LAL,"101106 Bogut, 1627827 Finney-Smith, 200826 Barea, 202083 Matthews, 203084 Barnes","101106,1627827,200826,202083,203084","Bogut, Finney-Smith, Barea, Matthews, Barnes",0,0,0,1,1,26.0
21600104,20161108,2,7,DAL,LAL,"101106 Bogut, 1627827 Finney-Smith, 200826 Barea, 202083 Matthews, 203084 Barnes","101106,1627827,200826,202083,203084","Bogut, Finney-Smith, Barea, Matthews, Barnes",0,0,0,0,1,13.0
21600104,20161108,2,8,DAL,LAL,"101106 Bogut, 1627827 Finney-Smith, 200826 Barea, 202083 Matthews, 203084 Barnes","101106,1627827,200826,202083,203084","Bogut, Finney-Smith, Barea, Matthews, Barnes",0,4,8,4,3,77.0
21600104,20161108,2,9,DAL,LAL,"101106 Bogut, 1627827 Finney-Smith, 200826 Barea, 202083 Matthews, 203084 Barnes","101106,1627827,200826,202083,203084","Bogut, Finney-Smith, Barea, Matthews, Barnes",0,1,0,1,0,15.0
21600104,20161108,2,10,DAL,LAL,"101106 Bogut, 1627827 Finney-Smith, 200826 Barea, 202083 Matthews, 203084 Barnes","101106,1627827,200826,202083,203084","Bogut, Finney-Smith, Barea, Matthews, Barnes",0,2,3,2,3,51.0
21600104,20161108,2,11,DAL,LAL,"101106 Bogut, 200826 Barea, 202083 Matthews, 203084 Barnes, 203552 Curry","101106,200826,202083,203084,203552","Bogut, Barea, Matthews, Barnes, Curry",0,7,2,3,3,76.0
21600104,20161108,2,12,DAL,LAL,"101106 Bogut, 200826 Barea, 202083 Matthews, 203084 Barnes, 203552 Curry","101106,200826,202083,203084,203552","Bogut, Barea, Matthews, Barnes, Curry",0,7,0,4,6,149.0
21600104,20161108,3,1,DAL,LAL,"101106 Bogut, 200826 Barea, 202083 Matthews, 203084 Barnes, 203552 Curry","101106,200826,202083,203084,203552","Bogut, Barea, Matthews, Barnes, Curry",0,0,0,1,0,17.0
21600104,20161108,3,2,DAL,LAL,"101106 Bogut, 1627827 Finney-Smith, 200826 Barea, 202083 Matthews, 203084 Barnes","101106,1627827,200826,202083,203084","Bogut, Finney-Smith, Barea, Matthews, Barnes",0,11,4,9,8,269.0
21600104,20161108,3,3,DAL,LAL,"1627827 Finney-Smith, 200826 Barea, 202083 Matthews, 203084 Barnes, 203939 Powell","1627827,200826,202083,203084,203939","Finney-Smith, Barea, Matthews, Barnes, Powell",0,4,12,6,7,174.0
21600104,20161108,3,4,DAL,LAL,"1626147 Anderson, 202083 Matthews, 203084 Barnes, 203552 Curry, 203939 Powell","1626147,202083,203084,203552,203939","Anderson, Matthews, Barnes, Curry, Powell",0,5,2,3,2,90.0
21600104,20161108,3,5,DAL,LAL,"1626147 Anderson, 202083 Matthews, 203084 Barnes, 203552 Curry, 203939 Powell","1626147,202083,203084,203552,203939","Anderson, Matthews, Barnes, Curry, Powell",0,3,3,4,3,98.0
21600104,20161108,3,6,DAL,LAL,"101106 Bogut, 1626147 Anderson, 200826 Barea, 203552 Curry, 203939 Powell","101106,1626147,200826,203552,203939","Bogut, Anderson, Barea, Curry, Powell",0,2,2,3,3,72.0
21600104,20161108,4,1,DAL,LAL,"101106 Bogut, 1626147 Anderson, 200826 Barea, 203552 Curry, 203939 Powell","101106,1626147,200826,203552,203939","Bogut, Anderson, Barea, Curry, Powell",0,0,0,0,1,15.0
21600104,20161108,4,2,DAL,LAL,"101106 Bogut, 1626147 Anderson, 200826 Barea, 203552 Curry, 203939 Powell","101106,1626147,200826,203552,203939","Bogut, Anderson, Barea, Curry, Powell",0,4,7,3,4,115.0
21600104,20161108,4,3,DAL,LAL,"1626147 Anderson, 200826 Barea, 203084 Barnes, 203552 Curry, 203939 Powell","1626147,200826,203084,203552,203939","Anderson, Barea, Barnes, Curry, Powell",0,2,3,3,3,99.0
21600104,20161108,4,4,DAL,LAL,"101106 Bogut, 1626147 Anderson, 202083 Matthews, 203084 Barnes, 203552 Curry","101106,1626147,202083,203084,203552","Bogut, Anderson, Matthews, Barnes, Curry",0,4,4,3,4,93.0
21600104,20161108,4,5,DAL,LAL,"101106 Bogut, 1626147 Anderson, 202083 Matthews, 203084 Barnes, 203552 Curry","101106,1626147,202083,203084,203552","Bogut, Anderson, Matthews, Barnes, Curry",0,3,0,3,2,68.0
21600104,20161108,4,6,DAL,LAL,"101106 Bogut, 1626147 Anderson, 202083 Matthews, 203084 Barnes, 203552 Curry","101106,1626147,202083,203084,203552","Bogut, Anderson, Matthews, Barnes, Curry",0,0,0,3,2,44.0
21600104,20161108,4,7,DAL,LAL,"101106 Bogut, 200826 Barea, 202083 Matthews, 203084 Barnes, 203552 Curry","101106,200826,202083,203084,203552","Bogut, Barea, Matthews, Barnes, Curry",0,3,0,1,1,19.0
21600104,20161108,4,8,DAL,LAL,"200826 Barea, 202083 Matthews, 203084 Barnes, 203552 Curry, 203939 Powell","200826,202083,203084,203552,203939","Barea, Matthews, Barnes, Curry, Powell",0,2,2,3,3,88.0
21600104,20161108,4,9,DAL,LAL,"200826 Barea, 202083 Matthews, 203084 Barnes, 203552 Curry, 203939 Powell","200826,202083,203084,203552,203939","Barea, Matthews, Barnes, Curry, Powell",0,7,4,6,6,136.4
21600104,20161108,4,10,DAL,LAL,"1627827 Finney-Smith, 202083 Matthews, 203084 Barnes, 203552 Curry, 203939 Powell","1627827,202083,203084,203552,203939","Finney-Smith, Matthews, Barnes, Curry, Powell",0,1,0,1,1,25.1
21600104,20161108,4,11,DAL,LAL,"1626147 Anderson, 1627827 Finney-Smith, 202083 Matthews, 203552 Curry, 203939 Powell","1626147,1627827,202083,203552,203939","Anderson, Finney-Smith, Matthews, Curry, Powell",0,0,0,0,2,17.5
21600116,20161109,1,1,DAL,GSW,"1626147 Anderson, 1627827 Finney-Smith, 203084 Barnes, 203552 Curry, 203939 Powell","1626147,1627827,203084,203552,203939","Anderson, Finney-Smith, Barnes, Curry, Powell",0,9,17,13,13,398.0
21600116,20161109,1,2,DAL,GSW,"1626147 Anderson, 1626257 Mejri, 1627827 Finney-Smith, 1627852 Brussino, 203084 Barnes","1626147,1626257,1627827,1627852,203084","Anderson, Mejri, Finney-Smith, Brussino, Barnes",0,4,6,3,2,79.0
21600116,20161109,1,3,DAL,GSW,"1626147 Anderson, 1626257 Mejri, 1627827 Finney-Smith, 1627852 Brussino, 203084 Barnes","1626147,1626257,1627827,1627852,203084","Anderson, Mejri, Finney-Smith, Brussino, Barnes",0,0,0,1,1,31.0
21600116,20161109,1,4,DAL,GSW,"1626147 Anderson, 1626257 Mejri, 1627852 Brussino, 203112 Acy, 203552 Curry","1626147,1626257,1627852,203112,203552","Anderson, Mejri, Brussino, Acy, Curry",0,2,8,4,6,137.0
21600116,20161109,1,5,DAL,GSW,"1626147 Anderson, 1626257 Mejri, 1627852 Brussino, 203112 Acy, 203552 Curry","1626147,1626257,1627852,203112,203552","Anderson, Mejri, Brussino, Acy, Curry",0,0,3,2,4,75.0
21600116,20161109,2,1,DAL,GSW,"1626147 Anderson, 1626257 Mejri, 1627852 Brussino, 203112 Acy, 203552 Curry","1626147,1626257,1627852,203112,203552","Anderson, Mejri, Brussino, Acy, Curry",0,0,0,1,0,17.0
21600116,20161109,2,2,DAL,GSW,"1626257 Mejri, 1627852 Brussino, 203084 Barnes, 203112 Acy, 203552 Curry","1626257,1627852,203084,203112,203552","Mejri, Brussino, Barnes, Acy, Curry",0,5,4,6,6,171.0
21600116,20161109,2,3,DAL,GSW,"1627852 Brussino, 203084 Barnes, 203112 Acy, 203552 Curry, 203939 Powell","1627852,203084,203112,203552,203939","Brussino, Barnes, Acy, Curry, Powell",0,0,5,2,2,49.0
21600116,20161109,2,4,DAL,GSW,"1626147 Anderson, 1627827 Finney-Smith, 203084 Barnes, 203552 Curry, 203939 Powell","1626147,1627827,203084,203552,203939","Anderson, Finney-Smith, Barnes, Curry, Powell",0,5,4,5,5,128.0
21600116,20161109,2,5,DAL,GSW,"1626147 Anderson, 1627827 Finney-Smith, 203084 Barnes, 203552 Curry, 203939 Powell","1626147,1627827,203084,203552,203939","Anderson, Finney-Smith, Barnes, Curry, Powell",0,0,8,3,4,90.0
21600116,20161109,2,6,DAL,GSW,"1626147 Anderson, 1627827 Finney-Smith, 1627852 Brussino, 203084 Barnes, 203939 Powell","1626147,1627827,1627852,203084,203939","Anderson, Finney-Smith, Brussino, Barnes, Powell",0,2,0,1,2,21.0
21600116,20161109,2,7,DAL,GSW,"1626147 Anderson, 1627827 Finney-Smith, 1627852 Brussino, 203084 Barnes, 203939 Powell","1626147,1627827,1627852,203084,203939","Anderson, Finney-Smith, Brussino, Barnes, Powell",0,5,7,5,6,166.0
21600116,20161109,2,8,DAL,GSW,"1626147 Anderson, 1627827 Finney-Smith, 203084 Barnes, 203552 Curry, 203939 Powell","1626147,1627827,203084,203552,203939","Anderson, Finney-Smith, Barnes, Curry, Powell",0,4,5,2,4,78.0
21600116,20161109,3,1,DAL,GSW,"1626147 Anderson, 1627827 Finney-Smith, 203084 Barnes, 203552 Curry, 203939 Powell","1626147,1627827,203084,203552,203939","Anderson, Finney-Smith, Barnes, Curry, Powell",0,0,0,1,0,23.0
21600116,20161109,3,2,DAL,GSW,"1626147 Anderson, 1627827 Finney-Smith, 203084 Barnes, 203552 Curry, 203939 Powell","1626147,1627827,203084,203552,203939","Anderson, Finney-Smith, Barnes, Curry, Powell",0,3,0,3,3,72.0
21600116,20161109,3,3,DAL,GSW,"1626147 Anderson, 1627827 Finney-Smith, 203084 Barnes, 203552 Curry, 203939 Powell","1626147,1627827,203084,203552,203939","Anderson, Finney-Smith, Barnes, Curry, Powell",0,10,6,7,8,231.0
21600116,20161109,3,4,DAL,GSW,"1626147 Anderson, 1627827 Finney-Smith, 203084 Barnes, 203552 Curry, 203939 Powell","1626147,1627827,203084,203552,203939","Anderson, Finney-Smith, Barnes, Curry, Powell",0,4,0,5,2,82.0
21600116,20161109,3,5,DAL,GSW,"1626147 Anderson, 1627827 Finney-Smith, 203084 Barnes, 203552 Curry, 203939 Powell","1626147,1627827,203084,203552,203939","Anderson, Finney-Smith, Barnes, Curry, Powell",0,3,0,1,2,19.0
21600116,20161109,3,6,DAL,GSW,"1626147 Anderson, 1627827 Finney-Smith, 203112 Acy, 203552 Curry, 203939 Powell","1626147,1627827,203112,203552,203939","Anderson, Finney-Smith, Acy, Curry, Powell",0,3,3,3,2,74.0
21600116,20161109,3,7,DAL,GSW,"1626147 Anderson, 1627827 Finney-Smith, 203112 Acy, 203552 Curry, 203939 Powell","1626147,1627827,203112,203552,203939","Anderson, Finney-Smith, Acy, Curry, Powell",0,6,2,5,5,127.0
21600116,20161109,3,8,DAL,GSW,"1626147 Anderson, 1627827 Finney-Smith, 203112 Acy, 203552 Curry, 203939 Powell","1626147,1627827,203112,203552,203939","Anderson, Finney-Smith, Acy, Curry, Powell",0,0,2,1,2,19.0
21600116,20161109,3,9,DAL,GSW,"1626147 Anderson, 1627827 Finney-Smith, 203084 Barnes, 203112 Acy, 203552 Curry","1626147,1627827,203084,203112,203552","Anderson, Finney-Smith, Barnes, Acy, Curry",0,1,4,2,2,60.8
21600116,20161109,3,10,DAL,GSW,"1626147 Anderson, 1627827 Finney-Smith, 203084 Barnes, 203112 Acy, 203552 Curry","1626147,1627827,203084,203112,203552","Anderson, Finney-Smith, Barnes, Acy, Curry",0,2,0,1,1,12.2
21600116,20161109,4,1,DAL,GSW,"1626147 Anderson, 1627827 Finney-Smith, 203084 Barnes, 203112 Acy, 203552 Curry","1626147,1627827,203084,203112,203552","Anderson, Finney-Smith, Barnes, Acy, Curry",0,0,0,0,1,14.0
21600116,20161109,4,2,DAL,GSW,"1626147 Anderson, 1626257 Mejri, 1627852 Brussino, 203084 Barnes, 203112 Acy","1626147,1626257,1627852,203084,203112","Anderson, Mejri, Brussino, Barnes, Acy",0,5,4,3,4,100.0
21600116,20161109,4,3,DAL,GSW,"1626257 Mejri, 1627852 Brussino, 203084 Barnes, 203112 Acy, 203552 Curry","1626257,1627852,203084,203112,203552","Mejri, Brussino, Barnes, Acy, Curry",0,2,5,3,2,55.0
21600116,20161109,4,4,DAL,GSW,"1626257 Mejri, 1627852 Brussino, 203084 Barnes, 203112 Acy, 203552 Curry","1626257,1627852,203084,203112,203552","Mejri, Brussino, Barnes, Acy, Curry",0,2,2,4,3,77.0
21600116,20161109,4,5,DAL,GSW,"1626257 Mejri, 1627852 Brussino, 203084 Barnes, 203112 Acy, 203552 Curry","1626257,1627852,203084,203112,203552","Mejri, Brussino, Barnes, Acy, Curry",0,3,2,3,1,53.0
21600116,20161109,4,6,DAL,GSW,"1626147 Anderson, 1626257 Mejri, 1627852 Brussino, 203112 Acy, 203552 Curry","1626147,1626257,1627852,203112,203552","Anderson, Mejri, Brussino, Acy, Curry",0,0,3,2,3,55.0
21600116,20161109,4,7,DAL,GSW,"1626147 Anderson, 1627773 Hammons, 1627827 Finney-Smith, 1627852 Brussino, 203112 Acy","1626147,1627773,1627827,1627852,203112","Anderson, Hammons, Finney-Smith, Brussino, Acy",0,0,3,1,2,31.0
21600116,20161109,4,8,DAL,GSW,"1626147 Anderson, 1627773 Hammons, 1627827 Finney-Smith, 1627852 Brussino, 203112 Acy","1626147,1627773,1627827,1627852,203112","Anderson, Hammons, Finney-Smith, Brussino, Acy",0,5,5,3,3,92.0
21600116,20161109,4,9,DAL,GSW,"1626147 Anderson, 1627773 Hammons, 1627827 Finney-Smith, 1627852 Brussino, 203112 Acy","1626147,1627773,1627827,1627852,203112","Anderson, Hammons, Finney-Smith, Brussino, Acy",0,10,8,7,8,243.0
21600146,20161114,1,1,DAL,NYK,"101106 Bogut, 1627827 Finney-Smith, 200826 Barea, 202083 Matthews, 203084 Barnes","101106,1627827,200826,202083,203084","Bogut, Finney-Smith, Barea, Matthews, Barnes",0,13,9,11,10,409.0
21600146,20161114,1,2,DAL,NYK,"1627827 Finney-Smith, 202083 Matthews, 203084 Barnes, 203552 Curry, 203939 Powell","1627827,202083,203084,203552,203939","Finney-Smith, Matthews, Barnes, Curry, Powell",0,2,0,2,2,59.0
21600146,20161114,1,3,DAL,NYK,"1626147 Anderson, 202083 Matthews, 203084 Barnes, 203552 Curry, 203939 Powell","1626147,202083,203084,203552,203939","Anderson, Matthews, Barnes, Curry, Powell",0,2,0,2,2,77.0
21600146,20161114,1,4,DAL,NYK,"101106 Bogut, 1626147 Anderson, 202083 Matthews, 203552 Curry, 203939 Powell","101106,1626147,202083,203552,203939","Bogut, Anderson, Matthews, Curry, Powell",0,6,6,5,6,175.0
21600146,20161114,2,1,DAL,NYK,"101106 Bogut, 1626147 Anderson, 202083 Matthews, 203552 Curry, 203939 Powell","101106,1626147,202083,203552,203939","Bogut, Anderson, Matthews, Curry, Powell",0,0,0,0,1,8.0
21600146,20161114,2,2,DAL,NYK,"1626147 Anderson, 1626257 Mejri, 200826 Barea, 203552 Curry, 203939 Powell","1626147,1626257,200826,203552,203939","Anderson, Mejri, Barea, Curry, Powell",0,0,6,4,4,101.0
21600146,20161114,2,3,DAL,NYK,"1626147 Anderson, 1626257 Mejri, 200826 Barea, 203084 Barnes, 203552 Curry","1626147,1626257,200826,203084,203552","Anderson, Mejri, Barea, Barnes, Curry",0,5,2,6,4,157.0
21600146,20161114,2,4,DAL,NYK,"1626147 Anderson, 1626257 Mejri, 200826 Barea, 203084 Barnes, 203552 Curry","1626147,1626257,200826,203084,203552","Anderson, Mejri, Barea, Barnes, Curry",0,2,4,3,2,76.0
21600146,20161114,2,5,DAL,NYK,"101106 Bogut, 1626147 Anderson, 202083 Matthews, 203084 Barnes, 203552 Curry","101106,1626147,202083,203084,203552","Bogut, Anderson, Matthews, Barnes, Curry",0,0,1,2,2,90.0
21600146,20161114,2,6,DAL,NYK,"101106 Bogut, 1626147 Anderson, 202083 Matthews, 203084 Barnes, 203552 Curry","101106,1626147,202083,203084,203552","Bogut, Anderson, Matthews, Barnes, Curry",0,0,1,0,1,15.0
21600146,20161114,2,7,DAL,NYK,"101106 Bogut, 1627827 Finney-Smith, 202083 Matthews, 203084 Barnes, 203552 Curry","101106,1627827,202083,203084,203552","Bogut, Finney-Smith, Matthews, Barnes, Curry",0,1,0,2,1,22.0
21600146,20161114,2,8,DAL,NYK,"101106 Bogut, 1627827 Finney-Smith, 200826 Barea, 202083 Matthews, 203084 Barnes","101106,1627827,200826,202083,203084","Bogut, Finney-Smith, Barea, Matthews, Barnes",0,4,4,3,3,87.0
21600146,20161114,2,9,DAL,NYK,"101106 Bogut, 1627827 Finney-Smith, 200826 Barea, 202083 Matthews, 203084 Barnes","101106,1627827,200826,202083,203084","Bogut, Finney-Smith, Barea, Matthews, Barnes",0,4,3,5,7,152.8
21600146,20161114,2,10,DAL,NYK,"101106 Bogut, 1627827 Finney-Smith, 200826 Barea, 202083 Matthews, 203084 Barnes","101106,1627827,200826,202083,203084","Bogut, Finney-Smith, Barea, Matthews, Barnes",0,0,0,0,1,11.2
21600146,20161114,3,1,DAL,NYK,"101106 Bogut, 1627827 Finney-Smith, 200826 Barea, 202083 Matthews, 203084 Barnes","101106,1627827,200826,202083,203084","Bogut, Finney-Smith, Barea, Matthews, Barnes",0,0,0,0,1,13.0
21600146,20161114,3,2,DAL,NYK,"101106 Bogut, 1627827 Finney-Smith, 200826 Barea, 202083 Matthews, 203084 Barnes","101106,1627827,200826,202083,203084","Bogut, Finney-Smith, Barea, Matthews, Barnes",0,4,8,6,8,188.0
21600146,20161114,3,3,DAL,NYK,"101106 Bogut, 200826 Barea, 202083 Matthews, 203084 Barnes, 203552 Curry","101106,200826,202083,203084,203552","Bogut, Barea, Matthews, Barnes, Curry",0,2,2,3,4,94.0
21600146,20161114,3,4,DAL,NYK,"200826 Barea, 202083 Matthews, 203084 Barnes, 203552 Curry, 203939 Powell","200826,202083,203084,203552,203939","Barea, Matthews, Barnes, Curry, Powell",0,2,11,7,7,187.0
21600146,20161114,3,5,DAL,NYK,"1626147 Anderson, 202083 Matthews, 203084 Barnes, 203552 Curry, 203939 Powell","1626147,202083,203084,203552,203939","Anderson, Matthews, Barnes, Curry, Powell",0,0,2,1,1,27.0
21600146,20161114,3,6,DAL,NYK,"1626147 Anderson, 202083 Matthews, 203084 Barnes, 203552 Curry, 203939 Powell","1626147,202083,203084,203552,203939","Anderson, Matthews, Barnes, Curry, Powell",0,0,2,2,1,23.0
21600146,20161114,3,7,DAL,NYK,"1626147 Anderson, 202083 Matthews, 203084 Barnes, 203552 Curry, 203939 Powell","1626147,202083,203084,203552,203939","Anderson, Matthews, Barnes, Curry, Powell",0,4,6,7,7,188.0
21600146,20161114,4,1,DAL,NYK,"1626147 Anderson, 202083 Matthews, 203084 Barnes, 203552 Curry, 203939 Powell","1626147,202083,203084,203552,203939","Anderson, Matthews, Barnes, Curry, Powell",0,0,0,1,0,16.0
21600146,20161114,4,2,DAL,NYK,"1626147 Anderson, 1626257 Mejri, 1627852 Brussino, 200826 Barea, 203552 Curry","1626147,1626257,1627852,200826,203552","Anderson, Mejri, Brussino, Barea, Curry",0,10,5,8,7,247.0
21600146,20161114,4,3,DAL,NYK,"1626257 Mejri, 1627827 Finney-Smith, 200826 Barea, 203084 Barnes, 203552 Curry","1626257,1627827,200826,203084,203552","Mejri, Finney-Smith, Barea, Barnes, Curry",0,0,3,1,2,33.0
21600146,20161114,4,4,DAL,NYK,"1627827 Finney-Smith, 200826 Barea, 202083 Matthews, 203084 Barnes, 203552 Curry","1627827,200826,202083,203084,203552","Finney-Smith, Barea, Matthews, Barnes, Curry",0,3,7,3,3,71.0
21600146,20161114,4,5,DAL,NYK,"200826 Barea, 202083 Matthews, 203084 Barnes, 203552 Curry, 203939 Powell","200826,202083,203084,203552,203939","Barea, Matthews, Barnes, Curry, Powell",0,2,0,3,2,96.0
21600146,20161114,4,6,DAL,NYK,"200826 Barea, 202083 Matthews, 203084 Barnes, 203552 Curry, 203939 Powell","200826,202083,203084,203552,203939","Barea, Matthews, Barnes, Curry, Powell",0,0,3,2,1,34.0
21600146,20161114,4,7,DAL,NYK,"1627852 Brussino, 202083 Matthews, 203112 Acy, 203552 Curry, 203939 Powell","1627852,202083,203112,203552,203939","Brussino, Matthews, Acy, Curry, Powell",0,0,0,1,1,23.0
21600146,20161114,4,8,DAL,NYK,"1626147 Anderson, 1627773 Hammons, 1627827 Finney-Smith, 1627852 Brussino, 203112 Acy","1626147,1627773,1627827,1627852,203112","Anderson, Hammons, Finney-Smith, Brussino, Acy",0,0,0,0,1,12.0
21600146,20161114,4,9,DAL,NYK,"1626147 Anderson, 1627773 Hammons, 1627827 Finney-Smith, 1627852 Brussino, 203112 Acy","1626147,1627773,1627827,1627852,203112","Anderson, Hammons, Finney-Smith, Brussino, Acy",0,2,0,2,1,24.0
21600146,20161114,4,10,DAL,NYK,"1626147 Anderson, 1627773 Hammons, 1627827 Finney-Smith, 1627852 Brussino, 203112 Acy","1626147,1627773,1627827,1627852,203112","Anderson, Hammons, Finney-Smith, Brussino, Acy",0,2,5,2,3,58.0
21600146,20161114,4,11,DAL,NYK,"1626147 Anderson, 1627773 Hammons, 1627827 Finney-Smith, 1627852 Brussino, 203112 Acy","1626147,1627773,1627827,1627852,203112","Anderson, Hammons, Finney-Smith, Brussino, Acy",0,0,0,0,1,4.0
21600146,20161114,4,12,DAL,NYK,"1626147 Anderson, 1627773 Hammons, 1627827 Finney-Smith, 1627852 Brussino, 203939 Powell","1626147,1627773,1627827,1627852,203939","Anderson, Hammons, Finney-Smith, Brussino, Powell",0,7,3,4,8,102.0
21600161,20161116,1,1,DAL,BOS,"101106 Bogut, 101114 Williams, 1627827 Finney-Smith, 202083 Matthews, 203084 Barnes","101106,101114,1627827,202083,203084","Bogut, Williams, Finney-Smith, Matthews, Barnes",0,7,12,9,12,302.0
21600161,20161116,1,2,DAL,BOS,"101106 Bogut, 101114 Williams, 200826 Barea, 202083 Matthews, 203084 Barnes","101106,101114,200826,202083,203084","Bogut, Williams, Barea, Matthews, Barnes",0,0,0,1,1,30.0
21600161,20161116,1,3,DAL,BOS,"101114 Williams, 200826 Barea, 202083 Matthews, 203084 Barnes, 203939 Powell","101114,200826,202083,203084,203939","Williams, Barea, Matthews, Barnes, Powell",0,0,5,3,3,56.0
21600161,20161116,1,4,DAL,BOS,"200826 Barea, 202083 Matthews, 203084 Barnes, 203552 Curry, 203939 Powell","200826,202083,203084,203552,203939","Barea, Matthews, Barnes, Curry, Powell",0,2,2,2,2,51.0
21600161,20161116,1,5,DAL,BOS,"101106 Bogut, 200826 Barea, 202083 Matthews, 203552 Curry, 203939 Powell","101106,200826,202083,203552,203939","Bogut, Barea, Matthews, Curry, Powell",0,6,5,4,5,141.0
21600161,20161116,1,6,DAL,BOS,"101106 Bogut, 200826 Barea, 202083 Matthews, 203552 Curry, 203939 Powell","101106,200826,202083,203552,203939","Bogut, Barea, Matthews, Curry, Powell",0,0,1,0,1,16.0
21600161,20161116,1,7,DAL,BOS,"101106 Bogut, 200826 Barea, 202083 Matthews, 203552 Curry, 203939 Powell","101106,200826,202083,203552,203939","Bogut, Barea, Matthews, Curry, Powell",0,2,4,5,4,123.7
21600161,20161116,1,8,DAL,BOS,"101106 Bogut, 1626147 Anderson, 200826 Barea, 203552 Curry, 203939 Powell","101106,1626147,200826,203552,203939","Bogut, Anderson, Barea, Curry, Powell",0,0,0,0,0,0.3
21600161,20161116,2,1,DAL,BOS,"101106 Bogut, 1626147 Anderson, 200826 Barea, 203552 Curry, 203939 Powell","101106,1626147,200826,203552,203939","Bogut, Anderson, Barea, Curry, Powell",0,0,0,0,1,16.0
21600161,20161116,2,2,DAL,BOS,"1626147 Anderson, 200826 Barea, 203084 Barnes, 203552 Curry, 203939 Powell","1626147,200826,203084,203552,203939","Anderson, Barea, Barnes, Curry, Powell",0,2,0,5,5,147.0
21600161,20161116,2,3,DAL,BOS,"1626147 Anderson, 200826 Barea, 203084 Barnes, 203552 Curry, 203939 Powell","1626147,200826,203084,203552,203939","Anderson, Barea, Barnes, Curry, Powell",0,0,0,1,1,15.0
21600161,20161116,2,4,DAL,BOS,"101114 Williams, 1626147 Anderson, 203084 Barnes, 203552 Curry, 203939 Powell","101114,1626147,203084,203552,203939","Williams, Anderson, Barnes, Curry, Powell",0,4,4,6,7,186.0
21600161,20161116,2,5,DAL,BOS,"101106 Bogut, 1626147 Anderson, 200826 Barea, 202083 Matthews, 203084 Barnes","101106,1626147,200826,202083,203084","Bogut, Anderson, Barea, Matthews, Barnes",0,4,6,6,6,198.0
21600161,20161116,2,6,DAL,BOS,"101106 Bogut, 200826 Barea, 202083 Matthews, 203084 Barnes, 203552 Curry","101106,200826,202083,203084,203552","Bogut, Barea, Matthews, Barnes, Curry",0,4,0,6,5,158.0
21600161,20161116,3,1,DAL,BOS,"101106 Bogut, 200826 Barea, 202083 Matthews, 203084 Barnes, 203552 Curry","101106,200826,202083,203084,203552","Bogut, Barea, Matthews, Barnes, Curry",0,0,0,0,1,19.0
21600161,20161116,3,2,DAL,BOS,"101106 Bogut, 1627827 Finney-Smith, 200826 Barea, 202083 Matthews, 203084 Barnes","101106,1627827,200826,202083,203084","Bogut, Finney-Smith, Barea, Matthews, Barnes",0,3,2,6,7,200.0
21600161,20161116,3,3,DAL,BOS,"101106 Bogut, 1627827 Finney-Smith, 200826 Barea, 202083 Matthews, 203084 Barnes","101106,1627827,200826,202083,203084","Bogut, Finney-Smith, Barea, Matthews, Barnes",0,0,5,2,2,50.0
21600161,20161116,3,4,DAL,BOS,"1627827 Finney-Smith, 200826 Barea, 202083 Matthews, 203084 Barnes, 203939 Powell","1627827,200826,202083,203084,203939","Finney-Smith, Barea, Matthews, Barnes, Powell",0,4,0,3,2,89.0
21600161,20161116,3,5,DAL,BOS,"1627827 Finney-Smith, 202083 Matthews, 203084 Barnes, 203552 Curry, 203939 Powell","1627827,202083,203084,203552,203939","Finney-Smith, Matthews, Barnes, Curry, Powell",0,2,0,1,2,33.0
21600161,20161116,3,6,DAL,BOS,"1627827 Finney-Smith, 202083 Matthews, 203084 Barnes, 203552 Curry, 203939 Powell","1627827,202083,203084,203552,203939","Finney-Smith, Matthews, Barnes, Curry, Powell",0,3,2,2,2,88.0
21600161,20161116,3,7,DAL,BOS,"1627827 Finney-Smith, 202083 Matthews, 203084 Barnes, 203552 Curry, 203939 Powell","1627827,202083,203084,203552,203939","Finney-Smith, Matthews, Barnes, Curry, Powell",0,6,7,4,3,121.0
21600161,20161116,3,8,DAL,BOS,"101106 Bogut, 200826 Barea, 202083 Matthews, 203552 Curry, 203939 Powell","101106,200826,202083,203552,203939","Bogut, Barea, Matthews, Curry, Powell",0,5,2,4,4,120.0
21600161,20161116,4,1,DAL,BOS,"101106 Bogut, 200826 Barea, 202083 Matthews, 203552 Curry, 203939 Powell","101106,200826,202083,203552,203939","Bogut, Barea, Matthews, Curry, Powell",0,0,0,1,0,7.0
21600161,20161116,4,2,DAL,BOS,"101106 Bogut, 1626147 Anderson, 200826 Barea, 203084 Barnes, 203552 Curry","101106,1626147,200826,203084,203552","Bogut, Anderson, Barea, Barnes, Curry",0,2,2,1,1,15.0
21600161,20161116,4,3,DAL,BOS,"101106 Bogut, 1626147 Anderson, 200826 Barea, 203084 Barnes, 203552 Curry","101106,1626147,200826,203084,203552","Bogut, Anderson, Barea, Barnes, Curry",0,4,2,3,3,77.0
21600161,20161116,4,4,DAL,BOS,"1626147 Anderson, 200826 Barea, 203084 Barnes, 203552 Curry, 203939 Powell","1626147,200826,203084,203552,203939","Anderson, Barea, Barnes, Curry, Powell",0,2,2,4,4,109.0
21600161,20161116,4,5,DAL,BOS,"1626147 Anderson, 200826 Barea, 203084 Barnes, 203552 Curry, 203939 Powell","1626147,200826,203084,203552,203939","Anderson, Barea, Barnes, Curry, Powell",0,2,2,2,2,55.0
21600161,20161116,4,6,DAL,BOS,"1626147 Anderson, 200826 Barea, 203084 Barnes, 203552 Curry, 203939 Powell","1626147,200826,203084,203552,203939","Anderson, Barea, Barnes, Curry, Powell",0,0,1,0,1,17.0
21600161,20161116,4,7,DAL,BOS,"1626147 Anderson, 202083 Matthews, 203084 Barnes, 203552 Curry, 203939 Powell","1626147,202083,203084,203552,203939","Anderson, Matthews, Barnes, Curry, Powell",0,3,0,2,1,37.0
21600161,20161116,4,8,DAL,BOS,"1626147 Anderson, 202083 Matthews, 203084 Barnes, 203552 Curry, 203939 Powell","1626147,202083,203084,203552,203939","Anderson, Matthews, Barnes, Curry, Powell",0,3,3,2,2,58.0
21600161,20161116,4,9,DAL,BOS,"101106 Bogut, 1626147 Anderson, 202083 Matthews, 203084 Barnes, 203552 Curry","101106,1626147,202083,203084,203552","Bogut, Anderson, Matthews, Barnes, Curry",0,2,1,1,1,28.0
21600161,20161116,4,10,DAL,BOS,"101106 Bogut, 1626147 Anderson, 202083 Matthews, 203084 Barnes, 203552 Curry","101106,1626147,202083,203084,203552","Bogut, Anderson, Matthews, Barnes, Curry",0,0,2,0,1,13.0
21600161,20161116,4,11,DAL,BOS,"1626147 Anderson, 202083 Matthews, 203084 Barnes, 203552 Curry, 203939 Powell","1626147,202083,203084,203552,203939","Anderson, Matthews, Barnes, Curry, Powell",0,9,16,10,10,273.3
21600161,20161116,4,12,DAL,BOS,"1626147 Anderson, 1627827 Finney-Smith, 202083 Matthews, 203084 Barnes, 203552 Curry","1626147,1627827,202083,203084,203552","Anderson, Finney-Smith, Matthews, Barnes, Curry",0,2,2,2,3,30.7
21600180,20161118,1,1,DAL,MEM,"101106 Bogut, 1627827 Finney-Smith, 202083 Matthews, 203084 Barnes, 203552 Curry","101106,1627827,202083,203084,203552","Bogut, Finney-Smith, Matthews, Barnes, Curry",0,6,4,7,8,276.0
21600180,20161118,1,2,DAL,MEM,"1627827 Finney-Smith, 202083 Matthews, 203084 Barnes, 203552 Curry, 203939 Powell","1627827,202083,203084,203552,203939","Finney-Smith, Matthews, Barnes, Curry, Powell",0,3,5,3,4,119.0
21600180,20161118,1,3,DAL,MEM,"1627827 Finney-Smith, 202083 Matthews, 203084 Barnes, 203552 Curry, 203939 Powell","1627827,202083,203084,203552,203939","Finney-Smith, Matthews, Barnes, Curry, Powell",0,0,0,0,1,1.0
21600180,20161118,1,4,DAL,MEM,"101106 Bogut, 1626147 Anderson, 202083 Matthews, 203552 Curry, 203939 Powell","101106,1626147,202083,203552,203939","Bogut, Anderson, Matthews, Curry, Powell",0,0,0,2,3,65.0
21600180,20161118,1,5,DAL,MEM,"101106 Bogut, 1626147 Anderson, 202083 Matthews, 203552 Curry, 203939 Powell","101106,1626147,202083,203552,203939","Bogut, Anderson, Matthews, Curry, Powell",0,0,0,1,1,23.0
21600180,20161118,1,6,DAL,MEM,"101106 Bogut, 1626147 Anderson, 1626780 Gibson, 202083 Matthews, 203939 Powell","101106,1626147,1626780,202083,203939","Bogut, Anderson, Gibson, Matthews, Powell",0,0,1,2,3,47.0
21600180,20161118,1,7,DAL,MEM,"101106 Bogut, 1626147 Anderson, 1626780 Gibson, 202083 Matthews, 203939 Powell","101106,1626147,1626780,202083,203939","Bogut, Anderson, Gibson, Matthews, Powell",0,1,0,2,1,19.0
21600180,20161118,1,8,DAL,MEM,"1626147 Anderson, 1626780 Gibson, 202083 Matthews, 203084 Barnes, 203939 Powell","1626147,1626780,202083,203084,203939","Anderson, Gibson, Matthews, Barnes, Powell",0,5,2,5,5,102.0
21600180,20161118,1,9,DAL,MEM,"1626147 Anderson, 1626780 Gibson, 1627852 Brussino, 203084 Barnes, 203939 Powell","1626147,1626780,1627852,203084,203939","Anderson, Gibson, Brussino, Barnes, Powell",0,2,2,2,2,25.5
21600180,20161118,1,10,DAL,MEM,"1626147 Anderson, 1627852 Brussino, 203084 Barnes, 203552 Curry, 203939 Powell","1626147,1627852,203084,203552,203939","Anderson, Brussino, Barnes, Curry, Powell",0,2,2,1,1,14.5
21600180,20161118,1,11,DAL,MEM,"1626147 Anderson, 1627852 Brussino, 203084 Barnes, 203552 Curry, 203939 Powell","1626147,1627852,203084,203552,203939","Anderson, Brussino, Barnes, Curry, Powell",0,0,0,1,1,14.2
21600180,20161118,1,12,DAL,MEM,"1626147 Anderson, 1627827 Finney-Smith, 203084 Barnes, 203552 Curry, 203939 Powell","1626147,1627827,203084,203552,203939","Anderson, Finney-Smith, Barnes, Curry, Powell",0,0,3,0,1,13.8
21600180,20161118,2,1,DAL,MEM,"1626147 Anderson, 1627827 Finney-Smith, 1627852 Brussino, 203084 Barnes, 203939 Powell","1626147,1627827,1627852,203084,203939","Anderson, Finney-Smith, Brussino, Barnes, Powell",0,2,4,6,5,154.0
21600180,20161118,2,2,DAL,MEM,"1626147 Anderson, 1626257 Mejri, 1626780 Gibson, 1627852 Brussino, 203084 Barnes","1626147,1626257,1626780,1627852,203084","Anderson, Mejri, Gibson, Brussino, Barnes",0,0,0,2,3,60.0
21600180,20161118,2,3,DAL,MEM,"1626147 Anderson, 1626257 Mejri, 1627852 Brussino, 203084 Barnes, 203552 Curry","1626147,1626257,1627852,203084,203552","Anderson, Mejri, Brussino, Barnes, Curry",0,0,0,0,1,1.0
21600180,20161118,2,4,DAL,MEM,"1626147 Anderson, 1626257 Mejri, 1627852 Brussino, 203552 Curry, 203939 Powell","1626147,1626257,1627852,203552,203939","Anderson, Mejri, Brussino, Curry, Powell",0,0,3,3,3,92.0
21600180,20161118,2,5,DAL,MEM,"1626147 Anderson, 1626257 Mejri, 202083 Matthews, 203552 Curry, 203939 Powell","1626147,1626257,202083,203552,203939","Anderson, Mejri, Matthews, Curry, Powell",0,0,2,2,1,44.0
21600180,20161118,2,6,DAL,MEM,"101106 Bogut, 1626147 Anderson, 202083 Matthews, 203084 Barnes, 203552 Curry","101106,1626147,202083,203084,203552","Bogut, Anderson, Matthews, Barnes, Curry",0,0,3,6,5,173.0
21600180,20161118,2,7,DAL,MEM,"101106 Bogut, 1627827 Finney-Smith, 202083 Matthews, 203084 Barnes, 203552 Curry","101106,1627827,202083,203084,203552","Bogut, Finney-Smith, Matthews, Barnes, Curry",0,0,0,2,2,54.0
21600180,20161118,2,8,DAL,MEM,"1626257 Mejri, 1627827 Finney-Smith, 202083 Matthews, 203084 Barnes, 203552 Curry","1626257,1627827,202083,203084,203552","Mejri, Finney-Smith, Matthews, Barnes, Curry",0,2,3,3,4,110.0
21600180,20161118,2,9,DAL,MEM,"1626257 Mejri, 1627827 Finney-Smith, 202083 Matthews, 203084 Barnes, 203552 Curry","1626257,1627827,202083,203084,203552","Mejri, Finney-Smith, Matthews, Barnes, Curry",0,0,2,2,1,29.0
21600180,20161118,2,10,DAL,MEM,"1626147 Anderson, 1626257 Mejri, 1627827 Finney-Smith, 202083 Matthews, 203084 Barnes","1626147,1626257,1627827,202083,203084","Anderson, Mejri, Finney-Smith, Matthews, Barnes",0,0,0,1,0,3.0
21600180,20161118,3,1,DAL,MEM,"1626147 Anderson, 1626257 Mejri, 1627827 Finney-Smith, 202083 Matthews, 203084 Barnes","1626147,1626257,1627827,202083,203084","Anderson, Mejri, Finney-Smith, Matthews, Barnes",0,0,0,1,0,21.0
21600180,20161118,3,2,DAL,MEM,"101106 Bogut, 1627827 Finney-Smith, 202083 Matthews, 203084 Barnes, 203552 Curry","101106,1627827,202083,203084,203552","Bogut, Finney-Smith, Matthews, Barnes, Curry",0,4,10,11,11,333.0
21600180,20161118,3,3,DAL,MEM,"101106 Bogut, 1626147 Anderson, 1626780 Gibson, 202083 Matthews, 203084 Barnes","101106,1626147,1626780,202083,203084","Bogut, Anderson, Gibson, Matthews, Barnes",0,0,2,1,1,26.0
21600180,20161118,3,4,DAL,MEM,"1626147 Anderson, 1626780 Gibson, 202083 Matthews, 203084 Barnes, 203939 Powell","1626147,1626780,202083,203084,203939","Anderson, Gibson, Matthews, Barnes, Powell",0,2,3,3,3,73.0
21600180,20161118,3,5,DAL,MEM,"1626147 Anderson, 1626780 Gibson, 1627852 Brussino, 202083 Matthews, 203939 Powell","1626147,1626780,1627852,202083,203939","Anderson, Gibson, Brussino, Matthews, Powell",0,2,0,4,4,102.0
21600180,20161118,3,6,DAL,MEM,"1626147 Anderson, 1626780 Gibson, 1627852 Brussino, 202083 Matthews, 203939 Powell","1626147,1626780,1627852,202083,203939","Anderson, Gibson, Brussino, Matthews, Powell",0,2,0,1,1,18.0
21600180,20161118,3,7,DAL,MEM,"1626147 Anderson, 1626780 Gibson, 203084 Barnes, 203552 Curry, 203939 Powell","1626147,1626780,203084,203552,203939","Anderson, Gibson, Barnes, Curry, Powell",0,2,2,3,3,91.4
21600180,20161118,3,8,DAL,MEM,"1626147 Anderson, 1626780 Gibson, 203084 Barnes, 203552 Curry, 203939 Powell","1626147,1626780,203084,203552,203939","Anderson, Gibson, Barnes, Curry, Powell",0,0,3,2,3,55.6
21600180,20161118,4,1,DAL,MEM,"1626147 Anderson, 1626780 Gibson, 203084 Barnes, 203552 Curry, 203939 Powell","1626147,1626780,203084,203552,203939","Anderson, Gibson, Barnes, Curry, Powell",0,3,5,3,4,109.0
21600180,20161118,4,2,DAL,MEM,"1626147 Anderson, 202083 Matthews, 203084 Barnes, 203552 Curry, 203939 Powell","1626147,202083,203084,203552,203939","Anderson, Matthews, Barnes, Curry, Powell",0,0,2,0,1,14.0
21600180,20161118,4,3,DAL,MEM,"101106 Bogut, 1626147 Anderson, 202083 Matthews, 203084 Barnes, 203552 Curry","101106,1626147,202083,203084,203552","Bogut, Anderson, Matthews, Barnes, Curry",0,7,2,3,2,94.0
21600180,20161118,4,4,DAL,MEM,"101106 Bogut, 1626147 Anderson, 202083 Matthews, 203084 Barnes, 203552 Curry","101106,1626147,202083,203084,203552","Bogut, Anderson, Matthews, Barnes, Curry",0,0,4,2,2,46.0
21600180,20161118,4,5,DAL,MEM,"101106 Bogut, 1626147 Anderson, 1626780 Gibson, 202083 Matthews, 203552 Curry","101106,1626147,1626780,202083,203552","Bogut, Anderson, Gibson, Matthews, Curry",0,0,0,1,0,20.0
21600180,20161118,4,6,DAL,MEM,"101106 Bogut, 1626147 Anderson, 1626780 Gibson, 202083 Matthews, 203552 Curry","101106,1626147,1626780,202083,203552","Bogut, Anderson, Gibson, Matthews, Curry",0,0,2,3,2,57.0
21600180,20161118,4,7,DAL,MEM,"1626147 Anderson, 1626257 Mejri, 1626780 Gibson, 202083 Matthews, 203552 Curry","1626147,1626257,1626780,202083,203552","Anderson, Mejri, Gibson, Matthews, Curry",0,0,2,2,1,17.0
21600180,20161118,4,8,DAL,MEM,"1626147 Anderson, 1626257 Mejri, 1626780 Gibson, 1627827 Finney-Smith, 1627852 Brussino","1626147,1626257,1626780,1627827,1627852","Anderson, Mejri, Gibson, Finney-Smith, Brussino",0,8,2,7,4,123.0
21600180,20161118,4,9,DAL,MEM,"1626147 Anderson, 1626257 Mejri, 1626780 Gibson, 1627827 Finney-Smith, 1627852 Brussino","1626147,1626257,1626780,1627827,1627852","Anderson, Mejri, Gibson, Finney-Smith, Brussino",0,0,0,2,2,48.0
21600180,20161118,4,10,DAL,MEM,"1626147 Anderson, 1626780 Gibson, 1627773 Hammons, 1627827 Finney-Smith, 1627852 Brussino","1626147,1626780,1627773,1627827,1627852","Anderson, Gibson, Hammons, Finney-Smith, Brussino",0,0,5,4,3,85.0
21600180,20161118,4,11,DAL,MEM,"1626147 Anderson, 1626780 Gibson, 1627773 Hammons, 1627827 Finney-Smith, 1627852 Brussino","1626147,1626780,1627773,1627827,1627852","Anderson, Gibson, Hammons, Finney-Smith, Brussino",0,5,0,4,4,107.0
21600187,20161119,1,1,DAL,ORL,"101106 Bogut, 1627827 Finney-Smith, 202083 Matthews, 203084 Barnes, 203552 Curry","101106,1627827,202083,203084,203552","Bogut, Finney-Smith, Matthews, Barnes, Curry",0,3,4,8,7,208.0
21600187,20161119,1,2,DAL,ORL,"101106 Bogut, 1627827 Finney-Smith, 202083 Matthews, 203084 Barnes, 203552 Curry","101106,1627827,202083,203084,203552","Bogut, Finney-Smith, Matthews, Barnes, Curry",0,0,2,2,3,68.0
21600187,20161119,1,3,DAL,ORL,"1627827 Finney-Smith, 202083 Matthews, 203084 Barnes, 203552 Curry, 203939 Powell","1627827,202083,203084,203552,203939","Finney-Smith, Matthews, Barnes, Curry, Powell",0,0,2,3,3,74.0
21600187,20161119,1,4,DAL,ORL,"1626780 Gibson, 1627827 Finney-Smith, 202083 Matthews, 203084 Barnes, 203939 Powell","1626780,1627827,202083,203084,203939","Gibson, Finney-Smith, Matthews, Barnes, Powell",0,0,0,2,1,38.0
21600187,20161119,1,5,DAL,ORL,"1626780 Gibson, 1627827 Finney-Smith, 202083 Matthews, 203084 Barnes, 203939 Powell","1626780,1627827,202083,203084,203939","Gibson, Finney-Smith, Matthews, Barnes, Powell",0,1,0,1,0,9.0
21600187,20161119,1,6,DAL,ORL,"1626147 Anderson, 1626780 Gibson, 202083 Matthews, 203084 Barnes, 203939 Powell","1626147,1626780,202083,203084,203939","Anderson, Gibson, Matthews, Barnes, Powell",0,2,0,1,1,16.0
21600187,20161119,1,7,DAL,ORL,"101106 Bogut, 1626147 Anderson, 1626780 Gibson, 202083 Matthews, 203939 Powell","101106,1626147,1626780,202083,203939","Bogut, Anderson, Gibson, Matthews, Powell",0,3,2,3,3,60.0
21600187,20161119,1,8,DAL,ORL,"101106 Bogut, 1626147 Anderson, 1626780 Gibson, 202083 Matthews, 203939 Powell","101106,1626147,1626780,202083,203939","Bogut, Anderson, Gibson, Matthews, Powell",0,0,3,2,1,34.0
21600187,20161119,1,9,DAL,ORL,"101106 Bogut, 1626147 Anderson, 1626780 Gibson, 203552 Curry, 203939 Powell","101106,1626147,1626780,203552,203939","Bogut, Anderson, Gibson, Curry, Powell",0,5,2,3,3,65.0
21600187,20161119,1,10,DAL,ORL,"1626147 Anderson, 1626780 Gibson, 203084 Barnes, 203552 Curry, 203939 Powell","1626147,1626780,203084,203552,203939","Anderson, Gibson, Barnes, Curry, Powell",0,0,2,3,3,91.8
21600187,20161119,1,11,DAL,ORL,"1626147 Anderson, 202083 Matthews, 203084 Barnes, 203552 Curry, 203939 Powell","1626147,202083,203084,203552,203939","Anderson, Matthews, Barnes, Curry, Powell",0,2,0,2,2,56.2
21600187,20161119,2,1,DAL,ORL,"1626147 Anderson, 202083 Matthews, 203084 Barnes, 203552 Curry, 203939 Powell","1626147,202083,203084,203552,203939","Anderson, Matthews, Barnes, Curry, Powell",0,0,0,0,1,14.0
21600187,20161119,2,2,DAL,ORL,"1626147 Anderson, 1627852 Brussino, 203084 Barnes, 203552 Curry, 203939 Powell","1626147,1627852,203084,203552,203939","Anderson, Brussino, Barnes, Curry, Powell",0,4,6,3,4,98.0
21600187,20161119,2,3,DAL,ORL,"101106 Bogut, 1626147 Anderson, 1627852 Brussino, 203084 Barnes, 203552 Curry","101106,1626147,1627852,203084,203552","Bogut, Anderson, Brussino, Barnes, Curry",0,2,4,2,2,66.0
21600187,20161119,2,4,DAL,ORL,"101106 Bogut, 1626147 Anderson, 1626780 Gibson, 1627852 Brussino, 203084 Barnes","101106,1626147,1626780,1627852,203084","Bogut, Anderson, Gibson, Brussino, Barnes",0,2,0,2,0,20.0
21600187,20161119,2,5,DAL,ORL,"101106 Bogut, 1626147 Anderson, 1626780 Gibson, 1627852 Brussino, 203084 Barnes","101106,1626147,1626780,1627852,203084","Bogut, Anderson, Gibson, Brussino, Barnes",0,1,0,1,0,22.0
21600187,20161119,2,6,DAL,ORL,"101106 Bogut, 1626147 Anderson, 1626780 Gibson, 1627852 Brussino, 203939 Powell","101106,1626147,1626780,1627852,203939","Bogut, Anderson, Gibson, Brussino, Powell",0,0,2,2,2,30.0
21600187,20161119,2,7,DAL,ORL,"101106 Bogut, 1626147 Anderson, 1626780 Gibson, 1627852 Brussino, 203939 Powell","101106,1626147,1626780,1627852,203939","Bogut, Anderson, Gibson, Brussino, Powell",0,0,2,1,1,21.0
21600187,20161119,2,8,DAL,ORL,"101106 Bogut, 1626780 Gibson, 1627852 Brussino, 202083 Matthews, 203939 Powell","101106,1626780,1627852,202083,203939","Bogut, Gibson, Brussino, Matthews, Powell",0,0,3,3,2,52.0
21600187,20161119,2,9,DAL,ORL,"101106 Bogut, 1626780 Gibson, 202083 Matthews, 203084 Barnes, 203552 Curry","101106,1626780,202083,203084,203552","Bogut, Gibson, Matthews, Barnes, Curry",0,5,2,2,3,102.0
21600187,20161119,2,10,DAL,ORL,"101106 Bogut, 1626780 Gibson, 202083 Matthews, 203084 Barnes, 203552 Curry","101106,1626780,202083,203084,203552","Bogut, Gibson, Matthews, Barnes, Curry",0,3,0,1,2,25.0
21600187,20161119,2,11,DAL,ORL,"101106 Bogut, 1626780 Gibson, 202083 Matthews, 203084 Barnes, 203552 Curry","101106,1626780,202083,203084,203552","Bogut, Gibson, Matthews, Barnes, Curry",0,6,4,5,6,139.0
21600187,20161119,2,12,DAL,ORL,"101106 Bogut, 1626780 Gibson, 1627827 Finney-Smith, 202083 Matthews, 203084 Barnes","101106,1626780,1627827,202083,203084","Bogut, Gibson, Finney-Smith, Matthews, Barnes",0,0,4,1,2,47.0
21600187,20161119,2,13,DAL,ORL,"101106 Bogut, 1627827 Finney-Smith, 202083 Matthews, 203084 Barnes, 203552 Curry","101106,1627827,202083,203084,203552","Bogut, Finney-Smith, Matthews, Barnes, Curry",0,6,0,3,2,71.4
21600187,20161119,2,14,DAL,ORL,"101106 Bogut, 1627827 Finney-Smith, 202083 Matthews, 203084 Barnes, 203552 Curry","101106,1627827,202083,203084,203552","Bogut, Finney-Smith, Matthews, Barnes, Curry",0,0,0,0,1,12.6
21600187,20161119,3,1,DAL,ORL,"101106 Bogut, 1627827 Finney-Smith, 202083 Matthews, 203084 Barnes, 203552 Curry","101106,1627827,202083,203084,203552","Bogut, Finney-Smith, Matthews, Barnes, Curry",0,0,0,0,1,24.0
21600187,20161119,3,2,DAL,ORL,"101106 Bogut, 1627827 Finney-Smith, 202083 Matthews, 203084 Barnes, 203552 Curry","101106,1627827,202083,203084,203552","Bogut, Finney-Smith, Matthews, Barnes, Curry",0,8,10,8,10,242.0
21600187,20161119,3,3,DAL,ORL,"1627827 Finney-Smith, 202083 Matthews, 203084 Barnes, 203552 Curry, 203939 Powell","1627827,202083,203084,203552,203939","Finney-Smith, Matthews, Barnes, Curry, Powell",0,0,3,2,1,29.0
21600187,20161119,3,4,DAL,ORL,"1626780 Gibson, 202083 Matthews, 203084 Barnes, 203552 Curry, 203939 Powell","1626780,202083,203084,203552,203939","Gibson, Matthews, Barnes, Curry, Powell",0,2,2,4,4,87.0
21600187,20161119,3,5,DAL,ORL,"1626147 Anderson, 1626780 Gibson, 202083 Matthews, 203084 Barnes, 203939 Powell","1626147,1626780,202083,203084,203939","Anderson, Gibson, Matthews, Barnes, Powell",0,0,0,2,2,63.0
21600187,20161119,3,6,DAL,ORL,"1626147 Anderson, 1626780 Gibson, 202083 Matthews, 203084 Barnes, 203939 Powell","1626147,1626780,202083,203084,203939","Anderson, Gibson, Matthews, Barnes, Powell",0,6,2,4,4,87.0
21600187,20161119,3,7,DAL,ORL,"101106 Bogut, 1626147 Anderson, 1626780 Gibson, 202083 Matthews, 203939 Powell","101106,1626147,1626780,202083,203939","Bogut, Anderson, Gibson, Matthews, Powell",0,3,5,3,4,121.0
21600187,20161119,3,8,DAL,ORL,"101106 Bogut, 1626147 Anderson, 1626780 Gibson, 203552 Curry, 203939 Powell","101106,1626147,1626780,203552,203939","Bogut, Anderson, Gibson, Curry, Powell",0,5,0,3,3,67.0
21600187,20161119,4,1,DAL,ORL,"101106 Bogut, 1626147 Anderson, 1626780 Gibson, 203552 Curry, 203939 Powell","101106,1626147,1626780,203552,203939","Bogut, Anderson, Gibson, Curry, Powell",0,0,0,1,0,10.0
21600187,20161119,4,2,DAL,ORL,"101106 Bogut, 1626147 Anderson, 1626780 Gibson, 203552 Curry, 203939 Powell","101106,1626147,1626780,203552,203939","Bogut, Anderson, Gibson, Curry, Powell",0,0,5,4,3,86.0
21600187,20161119,4,3,DAL,ORL,"101106 Bogut, 1626147 Anderson, 1626780 Gibson, 203084 Barnes, 203552 Curry","101106,1626147,1626780,203084,203552","Bogut, Anderson, Gibson, Barnes, Curry",0,6,5,5,4,131.0
21600187,20161119,4,4,DAL,ORL,"101106 Bogut, 1626147 Anderson, 1626780 Gibson, 202083 Matthews, 203084 Barnes","101106,1626147,1626780,202083,203084","Bogut, Anderson, Gibson, Matthews, Barnes",0,2,0,2,3,50.0
21600187,20161119,4,5,DAL,ORL,"1626147 Anderson, 1626257 Mejri, 1626780 Gibson, 202083 Matthews, 203084 Barnes","1626147,1626257,1626780,202083,203084","Anderson, Mejri, Gibson, Matthews, Barnes",0,2,6,2,3,86.0
21600187,20161119,4,6,DAL,ORL,"1626147 Anderson, 1626257 Mejri, 202083 Matthews, 203084 Barnes, 203552 Curry","1626147,1626257,202083,203084,203552","Anderson, Mejri, Matthews, Barnes, Curry",0,0,2,1,1,13.0
21600187,20161119,4,7,DAL,ORL,"101106 Bogut, 1626780 Gibson, 202083 Matthews, 203084 Barnes, 203552 Curry","101106,1626780,202083,203084,203552","Bogut, Gibson, Matthews, Barnes, Curry",0,1,0,1,0,23.0
21600187,20161119,4,8,DAL,ORL,"101106 Bogut, 1626780 Gibson, 202083 Matthews, 203084 Barnes, 203552 Curry","101106,1626780,202083,203084,203552","Bogut, Gibson, Matthews, Barnes, Curry",0,1,4,7,6,161.0
21600187,20161119,4,9,DAL,ORL,"101106 Bogut, 1626780 Gibson, 202083 Matthews, 203084 Barnes, 203552 Curry","101106,1626780,202083,203084,203552","Bogut, Gibson, Matthews, Barnes, Curry",0,3,0,1,1,18.0
21600187,20161119,4,10,DAL,ORL,"101106 Bogut, 1626780 Gibson, 202083 Matthews, 203084 Barnes, 203552 Curry","101106,1626780,202083,203084,203552","Bogut, Gibson, Matthews, Barnes, Curry",0,0,5,1,2,44.0
21600187,20161119,4,11,DAL,ORL,"101106 Bogut, 1626780 Gibson, 202083 Matthews, 203084 Barnes, 203552 Curry","101106,1626780,202083,203084,203552","Bogut, Gibson, Matthews, Barnes, Curry",0,3,0,2,2,44.8
21600187,20161119,4,12,DAL,ORL,"1626147 Anderson, 1626780 Gibson, 202083 Matthews, 203084 Barnes, 203552 Curry","1626147,1626780,202083,203084,203552","Anderson, Gibson, Matthews, Barnes, Curry",0,0,0,2,2,33.5
21600187,20161119,4,13,DAL,ORL,"1626147 Anderson, 1626780 Gibson, 202083 Matthews, 203084 Barnes, 203552 Curry","1626147,1626780,202083,203084,203552","Anderson, Gibson, Matthews, Barnes, Curry",0,0,2,1,2,15.5
21600187,20161119,4,14,DAL,ORL,"1626147 Anderson, 1626780 Gibson, 202083 Matthews, 203084 Barnes, 203552 Curry","1626147,1626780,202083,203084,203552","Anderson, Gibson, Matthews, Barnes, Curry",0,0,0,0,1,4.2
21600206,20161121,1,1,DAL,SAS,"1626257 Mejri, 1627827 Finney-Smith, 202083 Matthews, 203084 Barnes, 203552 Curry","1626257,1627827,202083,203084,203552","Mejri, Finney-Smith, Matthews, Barnes, Curry",0,16,12,11,13,381.0
21600206,20161121,1,2,DAL,SAS,"1626257 Mejri, 1627827 Finney-Smith, 202083 Matthews, 203552 Curry, 203939 Powell","1626257,1627827,202083,203552,203939","Mejri, Finney-Smith, Matthews, Curry, Powell",0,2,5,3,3,70.0
21600206,20161121,1,3,DAL,SAS,"1626147 Anderson, 202083 Matthews, 203084 Barnes, 203552 Curry, 203939 Powell","1626147,202083,203084,203552,203939","Anderson, Matthews, Barnes, Curry, Powell",0,2,2,2,3,72.0
21600206,20161121,1,4,DAL,SAS,"1626147 Anderson, 202083 Matthews, 203084 Barnes, 203552 Curry, 203939 Powell","1626147,202083,203084,203552,203939","Anderson, Matthews, Barnes, Curry, Powell",0,0,1,0,1,16.0
21600206,20161121,1,5,DAL,SAS,"1626147 Anderson, 1626780 Gibson, 202083 Matthews, 203084 Barnes, 203939 Powell","1626147,1626780,202083,203084,203939","Anderson, Gibson, Matthews, Barnes, Powell",0,4,2,3,3,94.0
21600206,20161121,1,6,DAL,SAS,"1626147 Anderson, 1626780 Gibson, 1627852 Brussino, 203084 Barnes, 203939 Powell","1626147,1626780,1627852,203084,203939","Anderson, Gibson, Brussino, Barnes, Powell",0,4,2,3,4,87.0
21600206,20161121,2,1,DAL,SAS,"1626147 Anderson, 1626780 Gibson, 1627852 Brussino, 203084 Barnes, 203939 Powell","1626147,1626780,1627852,203084,203939","Anderson, Gibson, Brussino, Barnes, Powell",0,0,0,1,0,18.0
21600206,20161121,2,2,DAL,SAS,"1626147 Anderson, 1626780 Gibson, 1627852 Brussino, 203552 Curry, 203939 Powell","1626147,1626780,1627852,203552,203939","Anderson, Gibson, Brussino, Curry, Powell",0,0,0,2,2,35.0
21600206,20161121,2,3,DAL,SAS,"1626147 Anderson, 1626780 Gibson, 1627852 Brussino, 203552 Curry, 203939 Powell","1626147,1626780,1627852,203552,203939","Anderson, Gibson, Brussino, Curry, Powell",0,3,2,2,3,54.0
21600206,20161121,2,4,DAL,SAS,"1626147 Anderson, 1626780 Gibson, 1627852 Brussino, 203552 Curry, 203939 Powell","1626147,1626780,1627852,203552,203939","Anderson, Gibson, Brussino, Curry, Powell",0,0,0,2,2,23.0
21600206,20161121,2,5,DAL,SAS,"1626147 Anderson, 1626780 Gibson, 1627852 Brussino, 203552 Curry, 203939 Powell","1626147,1626780,1627852,203552,203939","Anderson, Gibson, Brussino, Curry, Powell",0,1,0,1,0,9.0
21600206,20161121,2,6,DAL,SAS,"1626147 Anderson, 1626780 Gibson, 1627852 Brussino, 203552 Curry, 203939 Powell","1626147,1626780,1627852,203552,203939","Anderson, Gibson, Brussino, Curry, Powell",0,0,2,1,1,26.0
21600206,20161121,2,7,DAL,SAS,"1626147 Anderson, 1626257 Mejri, 1626780 Gibson, 1627852 Brussino, 203084 Barnes","1626147,1626257,1626780,1627852,203084","Anderson, Mejri, Gibson, Brussino, Barnes",0,0,2,3,2,78.0
21600206,20161121,2,8,DAL,SAS,"1626257 Mejri, 1626780 Gibson, 1627827 Finney-Smith, 1627852 Brussino, 203084 Barnes","1626257,1626780,1627827,1627852,203084","Mejri, Gibson, Finney-Smith, Brussino, Barnes",0,1,3,3,4,79.0
21600206,20161121,2,9,DAL,SAS,"1626257 Mejri, 1627827 Finney-Smith, 202083 Matthews, 203084 Barnes, 203552 Curry","1626257,1627827,202083,203084,203552","Mejri, Finney-Smith, Matthews, Barnes, Curry",0,2,4,2,3,79.0
21600206,20161121,2,10,DAL,SAS,"1626257 Mejri, 1627827 Finney-Smith, 202083 Matthews, 203084 Barnes, 203552 Curry","1626257,1627827,202083,203084,203552","Mejri, Finney-Smith, Matthews, Barnes, Curry",0,0,1,0,1,17.0
21600206,20161121,2,11,DAL,SAS,"1626257 Mejri, 1627827 Finney-Smith, 202083 Matthews, 203084 Barnes, 203552 Curry","1626257,1627827,202083,203084,203552","Mejri, Finney-Smith, Matthews, Barnes, Curry",0,4,2,3,3,70.0
21600206,20161121,2,12,DAL,SAS,"1626257 Mejri, 1627827 Finney-Smith, 202083 Matthews, 203084 Barnes, 203552 Curry","1626257,1627827,202083,203084,203552","Mejri, Finney-Smith, Matthews, Barnes, Curry",0,2,0,1,1,32.0
21600206,20161121,2,13,DAL,SAS,"1626257 Mejri, 1627827 Finney-Smith, 202083 Matthews, 203084 Barnes, 203552 Curry","1626257,1627827,202083,203084,203552","Mejri, Finney-Smith, Matthews, Barnes, Curry",0,0,0,1,2,26.0
21600206,20161121,2,14,DAL,SAS,"1627827 Finney-Smith, 202083 Matthews, 203084 Barnes, 203552 Curry, 203939 Powell","1627827,202083,203084,203552,203939","Finney-Smith, Matthews, Barnes, Curry, Powell",0,3,3,2,3,57.0
21600206,20161121,2,15,DAL,SAS,"1627827 Finney-Smith, 202083 Matthews, 203084 Barnes, 203552 Curry, 203939 Powell","1627827,202083,203084,203552,203939","Finney-Smith, Matthews, Barnes, Curry, Powell",0,5,5,3,4,117.0
21600206,20161121,3,1,DAL,SAS,"1627827 Finney-Smith, 202083 Matthews, 203084 Barnes, 203552 Curry, 203939 Powell","1627827,202083,203084,203552,203939","Finney-Smith, Matthews, Barnes, Curry, Powell",0,0,0,1,0,21.0
21600206,20161121,3,2,DAL,SAS,"1626257 Mejri, 1627827 Finney-Smith, 202083 Matthews, 203084 Barnes, 203552 Curry","1626257,1627827,202083,203084,203552","Mejri, Finney-Smith, Matthews, Barnes, Curry",0,3,2,2,2,48.0
21600206,20161121,3,3,DAL,SAS,"1626257 Mejri, 1627827 Finney-Smith, 202083 Matthews, 203084 Barnes, 203552 Curry","1626257,1627827,202083,203084,203552","Mejri, Finney-Smith, Matthews, Barnes, Curry",0,10,4,9,10,255.0
21600206,20161121,3,4,DAL,SAS,"1626257 Mejri, 1627827 Finney-Smith, 202083 Matthews, 203552 Curry, 203939 Powell","1626257,1627827,202083,203552,203939","Mejri, Finney-Smith, Matthews, Curry, Powell",0,0,2,1,4,45.0
21600206,20161121,3,5,DAL,SAS,"1627827 Finney-Smith, 202083 Matthews, 203084 Barnes, 203552 Curry, 203939 Powell","1627827,202083,203084,203552,203939","Finney-Smith, Matthews, Barnes, Curry, Powell",0,0,2,2,2,53.0
21600206,20161121,3,6,DAL,SAS,"1626147 Anderson, 1626780 Gibson, 202083 Matthews, 203084 Barnes, 203939 Powell","1626147,1626780,202083,203084,203939","Anderson, Gibson, Matthews, Barnes, Powell",0,1,0,1,0,17.0
21600206,20161121,3,7,DAL,SAS,"1626147 Anderson, 1626780 Gibson, 202083 Matthews, 203084 Barnes, 203939 Powell","1626147,1626780,202083,203084,203939","Anderson, Gibson, Matthews, Barnes, Powell",0,10,15,9,10,281.0
21600206,20161121,4,1,DAL,SAS,"1626147 Anderson, 1626780 Gibson, 202083 Matthews, 203084 Barnes, 203939 Powell","1626147,1626780,202083,203084,203939","Anderson, Gibson, Matthews, Barnes, Powell",0,0,0,0,1,16.0
21600206,20161121,4,2,DAL,SAS,"1626147 Anderson, 1626257 Mejri, 1626780 Gibson, 1627852 Brussino, 203939 Powell","1626147,1626257,1626780,1627852,203939","Anderson, Mejri, Gibson, Brussino, Powell",0,2,7,3,3,63.0
21600206,20161121,4,3,DAL,SAS,"1626257 Mejri, 1627852 Brussino, 202083 Matthews, 203084 Barnes, 203552 Curry","1626257,1627852,202083,203084,203552","Mejri, Brussino, Matthews, Barnes, Curry",0,1,0,1,0,14.0
21600206,20161121,4,4,DAL,SAS,"1626257 Mejri, 1627852 Brussino, 202083 Matthews, 203084 Barnes, 203552 Curry","1626257,1627852,202083,203084,203552","Mejri, Brussino, Matthews, Barnes, Curry",0,2,1,2,3,96.0
21600206,20161121,4,5,DAL,SAS,"1626257 Mejri, 1627852 Brussino, 202083 Matthews, 203084 Barnes, 203552 Curry","1626257,1627852,202083,203084,203552","Mejri, Brussino, Matthews, Barnes, Curry",0,2,0,3,3,75.0
21600206,20161121,4,6,DAL,SAS,"1626257 Mejri, 1627852 Brussino, 202083 Matthews, 203084 Barnes, 203552 Curry","1626257,1627852,202083,203084,203552","Mejri, Brussino, Matthews, Barnes, Curry",0,2,0,1,1,10.0
21600206,20161121,4,7,DAL,SAS,"1626257 Mejri, 1627852 Brussino, 202083 Matthews, 203084 Barnes, 203552 Curry","1626257,1627852,202083,203084,203552","Mejri, Brussino, Matthews, Barnes, Curry",0,2,2,3,4,81.0
21600206,20161121,4,8,DAL,SAS,"1626257 Mejri, 1627852 Brussino, 202083 Matthews, 203084 Barnes, 203552 Curry","1626257,1627852,202083,203084,203552","Mejri, Brussino, Matthews, Barnes, Curry",0,0,2,1,2,32.0
21600206,20161121,4,9,DAL,SAS,"1626257 Mejri, 1627827 Finney-Smith, 202083 Matthews, 203084 Barnes, 203552 Curry","1626257,1627827,202083,203084,203552","Mejri, Finney-Smith, Matthews, Barnes, Curry",0,2,5,4,4,103.0
21600206,20161121,4,10,DAL,SAS,"1626257 Mejri, 1627827 Finney-Smith, 202083 Matthews, 203084 Barnes, 203552 Curry","1626257,1627827,202083,203084,203552","Mejri, Finney-Smith, Matthews, Barnes, Curry",0,4,2,5,3,128.0
21600206,20161121,4,11,DAL,SAS,"1626257 Mejri, 1627827 Finney-Smith, 202083 Matthews, 203084 Barnes, 203552 Curry","1626257,1627827,202083,203084,203552","Mejri, Finney-Smith, Matthews, Barnes, Curry",0,1,0,4,3,66.8
21600206,20161121,4,12,DAL,SAS,"1626257 Mejri, 1626780 Gibson, 202083 Matthews, 203084 Barnes, 203552 Curry","1626257,1626780,202083,203084,203552","Mejri, Gibson, Matthews, Barnes, Curry",0,0,4,2,3,35.2
21600220,20161123,1,1,DAL,LAC,"101106 Bogut, 1717 Nowitzki, 202083 Matthews, 203084 Barnes, 203552 Curry","101106,1717,202083,203084,203552","Bogut, Nowitzki, Matthews, Barnes, Curry",0,11,3,9,9,246.0
21600220,20161123,1,2,DAL,LAC,"101106 Bogut, 1627827 Finney-Smith, 202083 Matthews, 203084 Barnes, 203552 Curry","101106,1627827,202083,203084,203552","Bogut, Finney-Smith, Matthews, Barnes, Curry",0,4,4,3,4,104.0
21600220,20161123,1,3,DAL,LAC,"101106 Bogut, 1626780 Gibson, 1627827 Finney-Smith, 202083 Matthews, 203084 Barnes","101106,1626780,1627827,202083,203084","Bogut, Gibson, Finney-Smith, Matthews, Barnes",0,0,7,4,4,86.0
21600220,20161123,1,4,DAL,LAC,"101106 Bogut, 1626780 Gibson, 1627827 Finney-Smith, 202083 Matthews, 203084 Barnes","101106,1626780,1627827,202083,203084","Bogut, Gibson, Finney-Smith, Matthews, Barnes",0,6,5,4,3,94.0
21600220,20161123,1,5,DAL,LAC,"1626257 Mejri, 1626780 Gibson, 1627827 Finney-Smith, 1717 Nowitzki, 203552 Curry","1626257,1626780,1627827,1717,203552","Mejri, Gibson, Finney-Smith, Nowitzki, Curry",0,0,2,3,4,74.0
21600220,20161123,1,6,DAL,LAC,"1626147 Anderson, 1626257 Mejri, 1626780 Gibson, 1717 Nowitzki, 203552 Curry","1626147,1626257,1626780,1717,203552","Anderson, Mejri, Gibson, Nowitzki, Curry",0,1,0,1,1,28.0
21600220,20161123,1,7,DAL,LAC,"1626147 Anderson, 1626257 Mejri, 1626780 Gibson, 1717 Nowitzki, 203552 Curry","1626147,1626257,1626780,1717,203552","Anderson, Mejri, Gibson, Nowitzki, Curry",0,4,5,3,2,54.2
21600220,20161123,1,8,DAL,LAC,"1626147 Anderson, 1626780 Gibson, 1627827 Finney-Smith, 1717 Nowitzki, 203552 Curry","1626147,1626780,1627827,1717,203552","Anderson, Gibson, Finney-Smith, Nowitzki, Curry",0,0,6,2,2,33.8
21600220,20161123,2,1,DAL,LAC,"1626147 Anderson, 1626780 Gibson, 1627827 Finney-Smith, 1717 Nowitzki, 203552 Curry","1626147,1626780,1627827,1717,203552","Anderson, Gibson, Finney-Smith, Nowitzki, Curry",0,0,0,0,1,14.0
21600220,20161123,2,2,DAL,LAC,"1626147 Anderson, 1626780 Gibson, 1717 Nowitzki, 203552 Curry, 203939 Powell","1626147,1626780,1717,203552,203939","Anderson, Gibson, Nowitzki, Curry, Powell",0,3,7,5,5,129.0
21600220,20161123,2,3,DAL,LAC,"1626147 Anderson, 202083 Matthews, 203084 Barnes, 203552 Curry, 203939 Powell","1626147,202083,203084,203552,203939","Anderson, Matthews, Barnes, Curry, Powell",0,2,7,3,4,73.0
21600220,20161123,2,4,DAL,LAC,"1627852 Brussino, 202083 Matthews, 203084 Barnes, 203552 Curry, 203939 Powell","1627852,202083,203084,203552,203939","Brussino, Matthews, Barnes, Curry, Powell",0,7,2,4,5,99.0
21600220,20161123,2,5,DAL,LAC,"1626780 Gibson, 1627852 Brussino, 202083 Matthews, 203084 Barnes, 203939 Powell","1626780,1627852,202083,203084,203939","Gibson, Brussino, Matthews, Barnes, Powell",0,0,0,1,2,40.0
21600220,20161123,2,6,DAL,LAC,"101106 Bogut, 1626780 Gibson, 1627852 Brussino, 202083 Matthews, 203084 Barnes","101106,1626780,1627852,202083,203084","Bogut, Gibson, Brussino, Matthews, Barnes",0,3,4,3,3,69.0
21600220,20161123,2,7,DAL,LAC,"101106 Bogut, 1717 Nowitzki, 202083 Matthews, 203084 Barnes, 203552 Curry","101106,1717,202083,203084,203552","Bogut, Nowitzki, Matthews, Barnes, Curry",0,4,16,11,9,296.0
21600220,20161123,3,1,DAL,LAC,"101106 Bogut, 1717 Nowitzki, 202083 Matthews, 203084 Barnes, 203552 Curry","101106,1717,202083,203084,203552","Bogut, Nowitzki, Matthews, Barnes, Curry",0,2,10,6,9,186.0
21600220,20161123,3,2,DAL,LAC,"1626257 Mejri, 1717 Nowitzki, 202083 Matthews, 203084 Barnes, 203552 Curry","1626257,1717,202083,203084,203552","Mejri, Nowitzki, Matthews, Barnes, Curry",0,10,5,6,6,140.0
21600220,20161123,3,3,DAL,LAC,"101106 Bogut, 1627827 Finney-Smith, 202083 Matthews, 203084 Barnes, 203552 Curry","101106,1627827,202083,203084,203552","Bogut, Finney-Smith, Matthews, Barnes, Curry",0,5,5,6,6,184.0
21600220,20161123,3,4,DAL,LAC,"101106 Bogut, 1626780 Gibson, 1627827 Finney-Smith, 202083 Matthews, 203084 Barnes","101106,1626780,1627827,202083,203084","Bogut, Gibson, Finney-Smith, Matthews, Barnes",0,2,1,1,2,19.0
21600220,20161123,3,5,DAL,LAC,"101106 Bogut, 1626780 Gibson, 1627827 Finney-Smith, 202083 Matthews, 203084 Barnes","101106,1626780,1627827,202083,203084","Bogut, Gibson, Finney-Smith, Matthews, Barnes",0,1,0,1,1,24.0
21600220,20161123,3,6,DAL,LAC,"101106 Bogut, 1626780 Gibson, 1627827 Finney-Smith, 202083 Matthews, 203084 Barnes","101106,1626780,1627827,202083,203084","Bogut, Gibson, Finney-Smith, Matthews, Barnes",0,2,0,1,0,16.0
21600220,20161123,3,7,DAL,LAC,"101106 Bogut, 1626780 Gibson, 1627827 Finney-Smith, 202083 Matthews, 203084 Barnes","101106,1626780,1627827,202083,203084","Bogut, Gibson, Finney-Smith, Matthews, Barnes",0,3,4,6,7,151.0
21600220,20161123,4,1,DAL,LAC,"1626147 Anderson, 1626780 Gibson, 1627852 Brussino, 203552 Curry, 203939 Powell","1626147,1626780,1627852,203552,203939","Anderson, Gibson, Brussino, Curry, Powell",0,26,27,24,22,720.0
21600227,20161125,1,1,DAL,CLE,"101106 Bogut, 101114 Williams, 1717 Nowitzki, 202083 Matthews, 203084 Barnes","101106,101114,1717,202083,203084","Bogut, Williams, Nowitzki, Matthews, Barnes",0,8,12,13,12,323.0
21600227,20161125,1,2,DAL,CLE,"101106 Bogut, 101114 Williams, 1627827 Finney-Smith, 202083 Matthews, 203084 Barnes","101106,101114,1627827,202083,203084","Bogut, Williams, Finney-Smith, Matthews, Barnes",0,0,2,1,1,26.0
21600227,20161125,1,3,DAL,CLE,"101114 Williams, 1626257 Mejri, 1627827 Finney-Smith, 202083 Matthews, 203084 Barnes","101114,1626257,1627827,202083,203084","Williams, Mejri, Finney-Smith, Matthews, Barnes",0,2,4,3,3,82.0
21600227,20161125,1,4,DAL,CLE,"1626257 Mejri, 1627827 Finney-Smith, 202083 Matthews, 203084 Barnes, 203552 Curry","1626257,1627827,202083,203084,203552","Mejri, Finney-Smith, Matthews, Barnes, Curry",0,0,3,1,3,33.0
21600227,20161125,1,5,DAL,CLE,"1626257 Mejri, 1627827 Finney-Smith, 202083 Matthews, 203084 Barnes, 203552 Curry","1626257,1627827,202083,203084,203552","Mejri, Finney-Smith, Matthews, Barnes, Curry",0,3,5,3,2,69.0
21600227,20161125,1,6,DAL,CLE,"1626257 Mejri, 1627827 Finney-Smith, 1717 Nowitzki, 202083 Matthews, 203552 Curry","1626257,1627827,1717,202083,203552","Mejri, Finney-Smith, Nowitzki, Matthews, Curry",0,0,3,2,1,31.0
21600227,20161125,1,7,DAL,CLE,"1626257 Mejri, 1627827 Finney-Smith, 1717 Nowitzki, 202083 Matthews, 203552 Curry","1626257,1627827,1717,202083,203552","Mejri, Finney-Smith, Nowitzki, Matthews, Curry",0,3,4,3,3,99.7
21600227,20161125,1,8,DAL,CLE,"1626257 Mejri, 1626780 Gibson, 1627827 Finney-Smith, 1717 Nowitzki, 203552 Curry","1626257,1626780,1627827,1717,203552","Mejri, Gibson, Finney-Smith, Nowitzki, Curry",0,0,3,2,3,56.3
21600227,20161125,2,1,DAL,CLE,"1626257 Mejri, 1626780 Gibson, 1627827 Finney-Smith, 1717 Nowitzki, 203552 Curry","1626257,1626780,1627827,1717,203552","Mejri, Gibson, Finney-Smith, Nowitzki, Curry",0,0,0,0,1,20.0
21600227,20161125,2,2,DAL,CLE,"1626147 Anderson, 1626780 Gibson, 1717 Nowitzki, 203084 Barnes, 203552 Curry","1626147,1626780,1717,203084,203552","Anderson, Gibson, Nowitzki, Barnes, Curry",0,0,3,2,2,24.0
21600227,20161125,2,3,DAL,CLE,"101114 Williams, 1626147 Anderson, 1717 Nowitzki, 203084 Barnes, 203552 Curry","101114,1626147,1717,203084,203552","Williams, Anderson, Nowitzki, Barnes, Curry",0,8,7,6,5,139.0
21600227,20161125,2,4,DAL,CLE,"101106 Bogut, 101114 Williams, 1626147 Anderson, 203084 Barnes, 203552 Curry","101106,101114,1626147,203084,203552","Bogut, Williams, Anderson, Barnes, Curry",0,0,2,4,4,123.0
21600227,20161125,2,5,DAL,CLE,"101106 Bogut, 101114 Williams, 1627852 Brussino, 203084 Barnes, 203552 Curry","101106,101114,1627852,203084,203552","Bogut, Williams, Brussino, Barnes, Curry",0,2,2,2,2,37.0
21600227,20161125,2,6,DAL,CLE,"101106 Bogut, 101114 Williams, 1626780 Gibson, 1627852 Brussino, 203084 Barnes","101106,101114,1626780,1627852,203084","Bogut, Williams, Gibson, Brussino, Barnes",0,0,2,2,1,34.0
21600227,20161125,2,7,DAL,CLE,"101106 Bogut, 101114 Williams, 1627852 Brussino, 1717 Nowitzki, 202083 Matthews","101106,101114,1627852,1717,202083","Bogut, Williams, Brussino, Nowitzki, Matthews",0,2,5,5,5,119.0
21600227,20161125,2,8,DAL,CLE,"101106 Bogut, 101114 Williams, 1627852 Brussino, 1717 Nowitzki, 202083 Matthews","101106,101114,1627852,1717,202083","Bogut, Williams, Brussino, Nowitzki, Matthews",0,0,2,0,1,12.0
21600227,20161125,2,9,DAL,CLE,"101106 Bogut, 1627852 Brussino, 1717 Nowitzki, 202083 Matthews, 203552 Curry","101106,1627852,1717,202083,203552","Bogut, Brussino, Nowitzki, Matthews, Curry",0,0,3,1,2,14.0
21600227,20161125,2,10,DAL,CLE,"101106 Bogut, 1717 Nowitzki, 202083 Matthews, 203084 Barnes, 203552 Curry","101106,1717,202083,203084,203552","Bogut, Nowitzki, Matthews, Barnes, Curry",0,10,10,10,8,192.0
21600227,20161125,2,11,DAL,CLE,"101106 Bogut, 1627827 Finney-Smith, 202083 Matthews, 203084 Barnes, 203552 Curry","101106,1627827,202083,203084,203552","Bogut, Finney-Smith, Matthews, Barnes, Curry",0,0,0,0,1,6.0
21600227,20161125,3,1,DAL,CLE,"101106 Bogut, 1627827 Finney-Smith, 202083 Matthews, 203084 Barnes, 203552 Curry","101106,1627827,202083,203084,203552","Bogut, Finney-Smith, Matthews, Barnes, Curry",0,0,0,0,1,17.0
21600227,20161125,3,2,DAL,CLE,"101106 Bogut, 1717 Nowitzki, 202083 Matthews, 203084 Barnes, 203552 Curry","101106,1717,202083,203084,203552","Bogut, Nowitzki, Matthews, Barnes, Curry",0,8,13,10,11,316.0
21600227,20161125,3,3,DAL,CLE,"101106 Bogut, 1627827 Finney-Smith, 202083 Matthews, 203084 Barnes, 203552 Curry","101106,1627827,202083,203084,203552","Bogut, Finney-Smith, Matthews, Barnes, Curry",0,2,3,3,4,119.0
21600227,20161125,3,4,DAL,CLE,"1627827 Finney-Smith, 1717 Nowitzki, 202083 Matthews, 203084 Barnes, 203552 Curry","1627827,1717,202083,203084,203552","Finney-Smith, Nowitzki, Matthews, Barnes, Curry",0,5,7,5,5,160.0
21600227,20161125,3,5,DAL,CLE,"1627827 Finney-Smith, 1717 Nowitzki, 202083 Matthews, 203084 Barnes, 203552 Curry","1627827,1717,202083,203084,203552","Finney-Smith, Nowitzki, Matthews, Barnes, Curry",0,2,0,3,2,65.4
21600227,20161125,3,6,DAL,CLE,"1627827 Finney-Smith, 1717 Nowitzki, 202083 Matthews, 203084 Barnes, 203552 Curry","1627827,1717,202083,203084,203552","Finney-Smith, Nowitzki, Matthews, Barnes, Curry",0,0,1,1,2,42.6
21600227,20161125,4,1,DAL,CLE,"1626147 Anderson, 1626780 Gibson, 1627827 Finney-Smith, 1627852 Brussino, 203939 Powell","1626147,1626780,1627827,1627852,203939","Anderson, Gibson, Finney-Smith, Brussino, Powell",0,18,16,13,14,359.0
21600227,20161125,4,2,DAL,CLE,"1626780 Gibson, 1627773 Hammons, 1627827 Finney-Smith, 1627852 Brussino, 203939 Powell","1626780,1627773,1627827,1627852,203939","Gibson, Hammons, Finney-Smith, Brussino, Powell",0,7,5,6,6,195.0
21600227,20161125,4,3,DAL,CLE,"1626147 Anderson, 1626780 Gibson, 1627773 Hammons, 1627852 Brussino, 203939 Powell","1626147,1626780,1627773,1627852,203939","Anderson, Gibson, Hammons, Brussino, Powell",0,10,11,6,7,166.0
21600250,20161127,1,1,DAL,NOP,"101106 Bogut, 101114 Williams, 1627827 Finney-Smith, 202083 Matthews, 203084 Barnes","101106,101114,1627827,202083,203084","Bogut, Williams, Finney-Smith, Matthews, Barnes",0,9,7,6,8,198.0
21600250,20161127,1,2,DAL,NOP,"101114 Williams, 1627827 Finney-Smith, 202083 Matthews, 203084 Barnes, 203939 Powell","101114,1627827,202083,203084,203939","Williams, Finney-Smith, Matthews, Barnes, Powell",0,5,6,4,5,150.0
21600250,20161127,1,3,DAL,NOP,"101106 Bogut, 101114 Williams, 1627827 Finney-Smith, 202083 Matthews, 203939 Powell","101106,101114,1627827,202083,203939","Bogut, Williams, Finney-Smith, Matthews, Powell",0,1,2,3,3,63.0
21600250,20161127,1,4,DAL,NOP,"101106 Bogut, 1627827 Finney-Smith, 202083 Matthews, 203552 Curry, 203939 Powell","101106,1627827,202083,203552,203939","Bogut, Finney-Smith, Matthews, Curry, Powell",0,0,2,2,1,46.0
21600250,20161127,1,5,DAL,NOP,"101106 Bogut, 1626147 Anderson, 202083 Matthews, 203084 Barnes, 203552 Curry","101106,1626147,202083,203084,203552","Bogut, Anderson, Matthews, Barnes, Curry",0,4,0,5,5,128.0
21600250,20161127,1,6,DAL,NOP,"101106 Bogut, 1626147 Anderson, 202083 Matthews, 203084 Barnes, 203552 Curry","101106,1626147,202083,203084,203552","Bogut, Anderson, Matthews, Barnes, Curry",0,0,0,1,1,26.0
21600250,20161127,1,7,DAL,NOP,"101106 Bogut, 1626147 Anderson, 202083 Matthews, 203084 Barnes, 203552 Curry","101106,1626147,202083,203084,203552","Bogut, Anderson, Matthews, Barnes, Curry",0,4,0,2,2,58.9
21600250,20161127,1,8,DAL,NOP,"1626147 Anderson, 202083 Matthews, 203084 Barnes, 203552 Curry, 203939 Powell","1626147,202083,203084,203552,203939","Anderson, Matthews, Barnes, Curry, Powell",0,3,3,2,2,50.1
21600250,20161127,2,1,DAL,NOP,"1626147 Anderson, 202083 Matthews, 203084 Barnes, 203552 Curry, 203939 Powell","1626147,202083,203084,203552,203939","Anderson, Matthews, Barnes, Curry, Powell",0,0,0,1,0,17.0
21600250,20161127,2,2,DAL,NOP,"101114 Williams, 1626147 Anderson, 203084 Barnes, 203552 Curry, 203939 Powell","101114,1626147,203084,203552,203939","Williams, Anderson, Barnes, Curry, Powell",0,2,4,3,3,66.0
21600250,20161127,2,3,DAL,NOP,"101114 Williams, 1627827 Finney-Smith, 203084 Barnes, 203552 Curry, 203939 Powell","101114,1627827,203084,203552,203939","Williams, Finney-Smith, Barnes, Curry, Powell",0,2,4,2,3,61.0
21600250,20161127,2,4,DAL,NOP,"101114 Williams, 1626147 Anderson, 203084 Barnes, 203552 Curry, 203939 Powell","101114,1626147,203084,203552,203939","Williams, Anderson, Barnes, Curry, Powell",0,0,2,3,3,60.0
21600250,20161127,2,5,DAL,NOP,"101106 Bogut, 101114 Williams, 1627827 Finney-Smith, 203084 Barnes, 203552 Curry","101106,101114,1627827,203084,203552","Bogut, Williams, Finney-Smith, Barnes, Curry",0,2,0,2,1,33.0
21600250,20161127,2,6,DAL,NOP,"101106 Bogut, 101114 Williams, 1627827 Finney-Smith, 203084 Barnes, 203552 Curry","101106,101114,1627827,203084,203552","Bogut, Williams, Finney-Smith, Barnes, Curry",0,2,2,4,4,100.0
21600250,20161127,2,7,DAL,NOP,"101106 Bogut, 1627827 Finney-Smith, 202083 Matthews, 203552 Curry, 203939 Powell","101106,1627827,202083,203552,203939","Bogut, Finney-Smith, Matthews, Curry, Powell",0,0,2,2,2,48.0
21600250,20161127,2,8,DAL,NOP,"101106 Bogut, 1626147 Anderson, 202083 Matthews, 203552 Curry, 203939 Powell","101106,1626147,202083,203552,203939","Bogut, Anderson, Matthews, Curry, Powell",0,7,0,5,4,134.0
21600250,20161127,2,9,DAL,NOP,"1626147 Anderson, 202083 Matthews, 203084 Barnes, 203552 Curry, 203939 Powell","1626147,202083,203084,203552,203939","Anderson, Matthews, Barnes, Curry, Powell",0,0,2,2,1,35.0
21600250,20161127,2,10,DAL,NOP,"1626147 Anderson, 202083 Matthews, 203084 Barnes, 203552 Curry, 203939 Powell","1626147,202083,203084,203552,203939","Anderson, Matthews, Barnes, Curry, Powell",0,3,2,4,4,107.7
21600250,20161127,2,11,DAL,NOP,"101106 Bogut, 1626147 Anderson, 202083 Matthews, 203084 Barnes, 203552 Curry","101106,1626147,202083,203084,203552","Bogut, Anderson, Matthews, Barnes, Curry",0,0,4,1,2,58.3
21600250,20161127,3,1,DAL,NOP,"101106 Bogut, 1626147 Anderson, 202083 Matthews, 203084 Barnes, 203552 Curry","101106,1626147,202083,203084,203552","Bogut, Anderson, Matthews, Barnes, Curry",0,0,0,1,0,17.0
21600250,20161127,3,2,DAL,NOP,"101106 Bogut, 101114 Williams, 1627827 Finney-Smith, 202083 Matthews, 203084 Barnes","101106,101114,1627827,202083,203084","Bogut, Williams, Finney-Smith, Matthews, Barnes",0,5,9,9,9,282.0
21600250,20161127,3,3,DAL,NOP,"101106 Bogut, 101114 Williams, 1626147 Anderson, 202083 Matthews, 203084 Barnes","101106,101114,1626147,202083,203084","Bogut, Williams, Anderson, Matthews, Barnes",0,2,2,3,2,68.0
21600250,20161127,3,4,DAL,NOP,"101114 Williams, 1626147 Anderson, 202083 Matthews, 203084 Barnes, 203939 Powell","101114,1626147,202083,203084,203939","Williams, Anderson, Matthews, Barnes, Powell",0,5,3,2,1,62.0
21600250,20161127,3,5,DAL,NOP,"101114 Williams, 1626147 Anderson, 202083 Matthews, 203084 Barnes, 203939 Powell","101114,1626147,202083,203084,203939","Williams, Anderson, Matthews, Barnes, Powell",0,0,2,1,1,26.0
21600250,20161127,3,6,DAL,NOP,"1626147 Anderson, 202083 Matthews, 203084 Barnes, 203552 Curry, 203939 Powell","1626147,202083,203084,203552,203939","Anderson, Matthews, Barnes, Curry, Powell",0,2,2,6,5,143.0
21600250,20161127,3,7,DAL,NOP,"101106 Bogut, 1626147 Anderson, 202083 Matthews, 203552 Curry, 203939 Powell","101106,1626147,202083,203552,203939","Bogut, Anderson, Matthews, Curry, Powell",0,2,0,5,3,122.0
21600250,20161127,4,1,DAL,NOP,"101106 Bogut, 1626147 Anderson, 202083 Matthews, 203552 Curry, 203939 Powell","101106,1626147,202083,203552,203939","Bogut, Anderson, Matthews, Curry, Powell",0,0,0,0,1,13.0
21600250,20161127,4,2,DAL,NOP,"101106 Bogut, 1626147 Anderson, 1626780 Gibson, 203084 Barnes, 203552 Curry","101106,1626147,1626780,203084,203552","Bogut, Anderson, Gibson, Barnes, Curry",0,2,8,7,7,194.0
21600250,20161127,4,3,DAL,NOP,"1627827 Finney-Smith, 202083 Matthews, 203084 Barnes, 203552 Curry, 203939 Powell","1627827,202083,203084,203552,203939","Finney-Smith, Matthews, Barnes, Curry, Powell",0,1,0,1,0,21.0
21600250,20161127,4,4,DAL,NOP,"1627827 Finney-Smith, 202083 Matthews, 203084 Barnes, 203552 Curry, 203939 Powell","1627827,202083,203084,203552,203939","Finney-Smith, Matthews, Barnes, Curry, Powell",0,9,4,4,5,153.0
21600250,20161127,4,5,DAL,NOP,"1627827 Finney-Smith, 202083 Matthews, 203084 Barnes, 203552 Curry, 203939 Powell","1627827,202083,203084,203552,203939","Finney-Smith, Matthews, Barnes, Curry, Powell",0,0,1,0,1,17.0
21600250,20161127,4,6,DAL,NOP,"1627827 Finney-Smith, 202083 Matthews, 203084 Barnes, 203552 Curry, 203939 Powell","1627827,202083,203084,203552,203939","Finney-Smith, Matthews, Barnes, Curry, Powell",0,8,2,3,2,79.0
21600250,20161127,4,7,DAL,NOP,"1627827 Finney-Smith, 202083 Matthews, 203084 Barnes, 203552 Curry, 203939 Powell","1627827,202083,203084,203552,203939","Finney-Smith, Matthews, Barnes, Curry, Powell",0,2,1,1,2,64.0
21600250,20161127,4,8,DAL,NOP,"101106 Bogut, 1627827 Finney-Smith, 202083 Matthews, 203084 Barnes, 203552 Curry","101106,1627827,202083,203084,203552","Bogut, Finney-Smith, Matthews, Barnes, Curry",0,9,5,4,4,137.3
21600250,20161127,4,9,DAL,NOP,"1627827 Finney-Smith, 202083 Matthews, 203084 Barnes, 203552 Curry, 203939 Powell","1627827,202083,203084,203552,203939","Finney-Smith, Matthews, Barnes, Curry, Powell",0,0,0,2,1,41.7
21600272,20161130,1,1,DAL,SAS,"101106 Bogut, 101114 Williams, 1627827 Finney-Smith, 202083 Matthews, 203084 Barnes","101106,101114,1627827,202083,203084","Bogut, Williams, Finney-Smith, Matthews, Barnes",0,13,10,9,9,364.0
21600272,20161130,1,2,DAL,SAS,"101114 Williams, 202083 Matthews, 203084 Barnes, 203939 Powell, 2734 Harris","101114,202083,203084,203939,2734","Williams, Matthews, Barnes, Powell, Harris",0,2,4,4,4,131.0
21600272,20161130,1,3,DAL,SAS,"101106 Bogut, 202083 Matthews, 203552 Curry, 203939 Powell, 2734 Harris","101106,202083,203552,203939,2734","Bogut, Matthews, Curry, Powell, Harris",0,0,5,5,5,124.0
21600272,20161130,1,4,DAL,SAS,"101106 Bogut, 1626147 Anderson, 203084 Barnes, 203552 Curry, 2734 Harris","101106,1626147,203084,203552,2734","Bogut, Anderson, Barnes, Curry, Harris",0,2,2,3,3,85.7
21600272,20161130,1,5,DAL,SAS,"101106 Bogut, 1626147 Anderson, 1627827 Finney-Smith, 203084 Barnes, 2734 Harris","101106,1626147,1627827,203084,2734","Bogut, Anderson, Finney-Smith, Barnes, Harris",0,0,0,0,1,15.3
21600272,20161130,2,1,DAL,SAS,"101106 Bogut, 1626147 Anderson, 1627827 Finney-Smith, 203084 Barnes, 2734 Harris","101106,1626147,1627827,203084,2734","Bogut, Anderson, Finney-Smith, Barnes, Harris",0,0,0,1,0,10.0
21600272,20161130,2,2,DAL,SAS,"101114 Williams, 1626147 Anderson, 1626257 Mejri, 203084 Barnes, 203552 Curry","101114,1626147,1626257,203084,203552","Williams, Anderson, Mejri, Barnes, Curry",0,2,7,7,7,232.0
21600272,20161130,2,3,DAL,SAS,"1626147 Anderson, 1626257 Mejri, 203552 Curry, 203939 Powell, 2734 Harris","1626147,1626257,203552,203939,2734","Anderson, Mejri, Curry, Powell, Harris",0,4,4,3,4,105.0
21600272,20161130,2,4,DAL,SAS,"101106 Bogut, 202083 Matthews, 203084 Barnes, 203552 Curry, 2734 Harris","101106,202083,203084,203552,2734","Bogut, Matthews, Barnes, Curry, Harris",0,0,0,0,1,1.0
21600272,20161130,2,5,DAL,SAS,"101106 Bogut, 202083 Matthews, 203084 Barnes, 203552 Curry, 2734 Harris","101106,202083,203084,203552,2734","Bogut, Matthews, Barnes, Curry, Harris",0,8,7,6,6,176.0
21600272,20161130,2,6,DAL,SAS,"101106 Bogut, 101114 Williams, 202083 Matthews, 203084 Barnes, 203552 Curry","101106,101114,202083,203084,203552","Bogut, Williams, Matthews, Barnes, Curry",0,4,4,5,4,124.0
21600272,20161130,2,7,DAL,SAS,"101106 Bogut, 101114 Williams, 202083 Matthews, 203084 Barnes, 203552 Curry","101106,101114,202083,203084,203552","Bogut, Williams, Matthews, Barnes, Curry",0,5,0,3,2,72.0
21600272,20161130,3,1,DAL,SAS,"101106 Bogut, 101114 Williams, 202083 Matthews, 203084 Barnes, 203552 Curry","101106,101114,202083,203084,203552","Bogut, Williams, Matthews, Barnes, Curry",0,3,0,1,1,40.0
21600272,20161130,3,2,DAL,SAS,"101106 Bogut, 101114 Williams, 1627827 Finney-Smith, 202083 Matthews, 203084 Barnes","101106,101114,1627827,202083,203084","Bogut, Williams, Finney-Smith, Matthews, Barnes",0,7,4,8,6,205.0
21600272,20161130,3,3,DAL,SAS,"101106 Bogut, 101114 Williams, 1627827 Finney-Smith, 202083 Matthews, 203939 Powell","101106,101114,1627827,202083,203939","Bogut, Williams, Finney-Smith, Matthews, Powell",0,3,0,1,2,31.0
21600272,20161130,3,4,DAL,SAS,"101106 Bogut, 101114 Williams, 1627827 Finney-Smith, 202083 Matthews, 203939 Powell","101106,101114,1627827,202083,203939","Bogut, Williams, Finney-Smith, Matthews, Powell",0,2,0,2,3,60.0
21600272,20161130,3,5,DAL,SAS,"101106 Bogut, 101114 Williams, 1627827 Finney-Smith, 202083 Matthews, 203939 Powell","101106,101114,1627827,202083,203939","Bogut, Williams, Finney-Smith, Matthews, Powell",0,3,0,2,2,68.0
21600272,20161130,3,6,DAL,SAS,"101106 Bogut, 1627827 Finney-Smith, 202083 Matthews, 203552 Curry, 203939 Powell","101106,1627827,202083,203552,203939","Bogut, Finney-Smith, Matthews, Curry, Powell",0,0,0,1,1,1.0
21600272,20161130,3,7,DAL,SAS,"1627827 Finney-Smith, 202083 Matthews, 203084 Barnes, 203552 Curry, 203939 Powell","1627827,202083,203084,203552,203939","Finney-Smith, Matthews, Barnes, Curry, Powell",0,0,0,1,2,42.0
21600272,20161130,3,8,DAL,SAS,"1627827 Finney-Smith, 202083 Matthews, 203084 Barnes, 203552 Curry, 203939 Powell","1627827,202083,203084,203552,203939","Finney-Smith, Matthews, Barnes, Curry, Powell",0,2,2,3,3,68.0
21600272,20161130,3,9,DAL,SAS,"101114 Williams, 1627827 Finney-Smith, 203084 Barnes, 203552 Curry, 203939 Powell","101114,1627827,203084,203552,203939","Williams, Finney-Smith, Barnes, Curry, Powell",0,2,5,4,3,107.0
21600272,20161130,3,10,DAL,SAS,"101106 Bogut, 101114 Williams, 1626147 Anderson, 203084 Barnes, 203552 Curry","101106,101114,1626147,203084,203552","Bogut, Williams, Anderson, Barnes, Curry",0,2,2,2,1,47.5
21600272,20161130,3,11,DAL,SAS,"101106 Bogut, 101114 Williams, 1626147 Anderson, 202083 Matthews, 203084 Barnes","101106,101114,1626147,202083,203084","Bogut, Williams, Anderson, Matthews, Barnes",0,2,5,1,2,37.1
21600272,20161130,3,12,DAL,SAS,"101106 Bogut, 101114 Williams, 1626147 Anderson, 202083 Matthews, 203084 Barnes","101106,101114,1626147,202083,203084","Bogut, Williams, Anderson, Matthews, Barnes",0,0,0,1,0,13.4
21600272,20161130,4,1,DAL,SAS,"101106 Bogut, 101114 Williams, 1626147 Anderson, 202083 Matthews, 203084 Barnes","101106,101114,1626147,202083,203084","Bogut, Williams, Anderson, Matthews, Barnes",0,0,0,0,1,18.0
21600272,20161130,4,2,DAL,SAS,"101106 Bogut, 1626147 Anderson, 202083 Matthews, 203084 Barnes, 203552 Curry","101106,1626147,202083,203084,203552","Bogut, Anderson, Matthews, Barnes, Curry",0,9,6,5,6,112.0
21600272,20161130,4,3,DAL,SAS,"101106 Bogut, 1626147 Anderson, 202083 Matthews, 203084 Barnes, 203552 Curry","101106,1626147,202083,203084,203552","Bogut, Anderson, Matthews, Barnes, Curry",0,0,2,2,5,140.0
21600272,20161130,4,4,DAL,SAS,"101106 Bogut, 1626147 Anderson, 1627827 Finney-Smith, 203552 Curry, 203939 Powell","101106,1626147,1627827,203552,203939","Bogut, Anderson, Finney-Smith, Curry, Powell",0,0,0,0,1,1.0
21600272,20161130,4,5,DAL,SAS,"101106 Bogut, 1626147 Anderson, 1627827 Finney-Smith, 203552 Curry, 203939 Powell","101106,1626147,1627827,203552,203939","Bogut, Anderson, Finney-Smith, Curry, Powell",0,2,0,1,1,29.0
21600272,20161130,4,6,DAL,SAS,"101106 Bogut, 1626147 Anderson, 1627827 Finney-Smith, 203552 Curry, 203939 Powell","101106,1626147,1627827,203552,203939","Bogut, Anderson, Finney-Smith, Curry, Powell",0,0,4,1,2,42.0
21600272,20161130,4,7,DAL,SAS,"101106 Bogut, 1626147 Anderson, 1627827 Finney-Smith, 203552 Curry, 203939 Powell","101106,1626147,1627827,203552,203939","Bogut, Anderson, Finney-Smith, Curry, Powell",0,0,1,0,1,12.0
21600272,20161130,4,8,DAL,SAS,"1626147 Anderson, 202083 Matthews, 203084 Barnes, 203552 Curry, 203939 Powell","1626147,202083,203084,203552,203939","Anderson, Matthews, Barnes, Curry, Powell",0,2,3,2,2,69.0
21600272,20161130,4,9,DAL,SAS,"101106 Bogut, 1626147 Anderson, 202083 Matthews, 203084 Barnes, 203552 Curry","101106,1626147,202083,203084,203552","Bogut, Anderson, Matthews, Barnes, Curry",0,0,3,2,2,34.0
21600272,20161130,4,10,DAL,SAS,"101106 Bogut, 1626147 Anderson, 1626780 Gibson, 202083 Matthews, 203084 Barnes","101106,1626147,1626780,202083,203084","Bogut, Anderson, Gibson, Matthews, Barnes",0,8,12,8,8,253.6
21600272,20161130,4,11,DAL,SAS,"1626147 Anderson, 1626780 Gibson, 1627827 Finney-Smith, 202083 Matthews, 203084 Barnes","1626147,1626780,1627827,202083,203084","Anderson, Gibson, Finney-Smith, Matthews, Barnes",0,0,2,1,1,9.9
21600276,20161201,1,1,DAL,CHA,"101114 Williams, 1626257 Mejri, 1627827 Finney-Smith, 202083 Matthews, 203084 Barnes","101114,1626257,1627827,202083,203084","Williams, Mejri, Finney-Smith, Matthews, Barnes",0,2,10,6,7,246.0
21600276,20161201,1,2,DAL,CHA,"101114 Williams, 1626257 Mejri, 1627827 Finney-Smith, 203084 Barnes, 2734 Harris","101114,1626257,1627827,203084,2734","Williams, Mejri, Finney-Smith, Barnes, Harris",0,3,3,4,3,108.0
21600276,20161201,1,3,DAL,CHA,"101114 Williams, 1626257 Mejri, 202083 Matthews, 203939 Powell, 2734 Harris","101114,1626257,202083,203939,2734","Williams, Mejri, Matthews, Powell, Harris",0,3,0,2,2,59.0
21600276,20161201,1,4,DAL,CHA,"1626257 Mejri, 1626780 Gibson, 202083 Matthews, 203939 Powell, 2734 Harris","1626257,1626780,202083,203939,2734","Mejri, Gibson, Matthews, Powell, Harris",0,2,0,1,4,78.0
21600276,20161201,1,5,DAL,CHA,"1626257 Mejri, 1626780 Gibson, 202083 Matthews, 203939 Powell, 2734 Harris","1626257,1626780,202083,203939,2734","Mejri, Gibson, Matthews, Powell, Harris",0,0,0,0,1,1.0
21600276,20161201,1,6,DAL,CHA,"1626257 Mejri, 1626780 Gibson, 202083 Matthews, 203939 Powell, 2734 Harris","1626257,1626780,202083,203939,2734","Mejri, Gibson, Matthews, Powell, Harris",0,0,2,1,1,10.0
21600276,20161201,1,7,DAL,CHA,"1626147 Anderson, 1626780 Gibson, 202083 Matthews, 203084 Barnes, 203939 Powell","1626147,1626780,202083,203084,203939","Anderson, Gibson, Matthews, Barnes, Powell",0,0,2,3,3,74.0
21600276,20161201,1,8,DAL,CHA,"1626147 Anderson, 1626780 Gibson, 202083 Matthews, 203084 Barnes, 203939 Powell","1626147,1626780,202083,203084,203939","Anderson, Gibson, Matthews, Barnes, Powell",0,4,6,5,5,144.0
21600276,20161201,2,1,DAL,CHA,"1626147 Anderson, 1626780 Gibson, 202083 Matthews, 203084 Barnes, 203939 Powell","1626147,1626780,202083,203084,203939","Anderson, Gibson, Matthews, Barnes, Powell",0,0,0,1,0,13.0
21600276,20161201,2,2,DAL,CHA,"1626147 Anderson, 1626780 Gibson, 203084 Barnes, 203939 Powell, 2734 Harris","1626147,1626780,203084,203939,2734","Anderson, Gibson, Barnes, Powell, Harris",0,0,2,2,1,37.0
21600276,20161201,2,3,DAL,CHA,"101114 Williams, 1626147 Anderson, 203084 Barnes, 203939 Powell, 2734 Harris","101114,1626147,203084,203939,2734","Williams, Anderson, Barnes, Powell, Harris",0,8,2,6,6,145.0
21600276,20161201,2,4,DAL,CHA,"101114 Williams, 1626147 Anderson, 203084 Barnes, 203939 Powell, 2734 Harris","101114,1626147,203084,203939,2734","Williams, Anderson, Barnes, Powell, Harris",0,0,1,3,4,70.0
21600276,20161201,2,5,DAL,CHA,"101114 Williams, 1626147 Anderson, 1626780 Gibson, 202083 Matthews, 203939 Powell","101114,1626147,1626780,202083,203939","Williams, Anderson, Gibson, Matthews, Powell",0,5,4,3,3,79.0
21600276,20161201,2,6,DAL,CHA,"101114 Williams, 1626147 Anderson, 1626780 Gibson, 202083 Matthews, 203939 Powell","101114,1626147,1626780,202083,203939","Williams, Anderson, Gibson, Matthews, Powell",0,3,3,3,2,59.0
21600276,20161201,2,7,DAL,CHA,"101114 Williams, 1626147 Anderson, 1626780 Gibson, 202083 Matthews, 203939 Powell","101114,1626147,1626780,202083,203939","Williams, Anderson, Gibson, Matthews, Powell",0,4,0,2,1,52.0
21600276,20161201,2,8,DAL,CHA,"101114 Williams, 1626147 Anderson, 202083 Matthews, 203939 Powell, 2734 Harris","101114,1626147,202083,203939,2734","Williams, Anderson, Matthews, Powell, Harris",0,1,3,2,2,34.0
21600276,20161201,2,9,DAL,CHA,"101114 Williams, 1626257 Mejri, 202083 Matthews, 203084 Barnes, 2734 Harris","101114,1626257,202083,203084,2734","Williams, Mejri, Matthews, Barnes, Harris",0,2,2,4,3,82.0
21600276,20161201,2,10,DAL,CHA,"101114 Williams, 1626257 Mejri, 202083 Matthews, 203084 Barnes, 2734 Harris","101114,1626257,202083,203084,2734","Williams, Mejri, Matthews, Barnes, Harris",0,0,4,3,2,47.0
21600276,20161201,2,11,DAL,CHA,"101114 Williams, 1626257 Mejri, 1627827 Finney-Smith, 202083 Matthews, 203084 Barnes","101114,1626257,1627827,202083,203084","Williams, Mejri, Finney-Smith, Matthews, Barnes",0,4,0,4,3,102.0
21600276,20161201,3,1,DAL,CHA,"101114 Williams, 1626257 Mejri, 1627827 Finney-Smith, 202083 Matthews, 203084 Barnes","101114,1626257,1627827,202083,203084","Williams, Mejri, Finney-Smith, Matthews, Barnes",0,0,0,1,0,16.0
21600276,20161201,3,2,DAL,CHA,"101114 Williams, 1626257 Mejri, 1627827 Finney-Smith, 202083 Matthews, 203084 Barnes","101114,1626257,1627827,202083,203084","Williams, Mejri, Finney-Smith, Matthews, Barnes",0,8,11,14,13,360.0
21600276,20161201,3,3,DAL,CHA,"1626257 Mejri, 1626780 Gibson, 1627827 Finney-Smith, 202083 Matthews, 203084 Barnes","1626257,1626780,1627827,202083,203084","Mejri, Gibson, Finney-Smith, Matthews, Barnes",0,2,0,2,1,56.0
21600276,20161201,3,4,DAL,CHA,"1626257 Mejri, 1626780 Gibson, 1627827 Finney-Smith, 202083 Matthews, 203084 Barnes","1626257,1626780,1627827,202083,203084","Mejri, Gibson, Finney-Smith, Matthews, Barnes",0,5,2,3,4,115.0
21600276,20161201,3,5,DAL,CHA,"1626257 Mejri, 1626780 Gibson, 1627827 Finney-Smith, 202083 Matthews, 203939 Powell","1626257,1626780,1627827,202083,203939","Mejri, Gibson, Finney-Smith, Matthews, Powell",0,0,4,1,3,32.0
21600276,20161201,3,6,DAL,CHA,"101114 Williams, 1626257 Mejri, 1626780 Gibson, 1627827 Finney-Smith, 203939 Powell","101114,1626257,1626780,1627827,203939","Williams, Mejri, Gibson, Finney-Smith, Powell",0,0,0,0,2,25.0
21600276,20161201,3,7,DAL,CHA,"101114 Williams, 1626257 Mejri, 1626780 Gibson, 1627827 Finney-Smith, 203939 Powell","101114,1626257,1626780,1627827,203939","Williams, Mejri, Gibson, Finney-Smith, Powell",0,0,2,1,1,11.0
21600276,20161201,3,8,DAL,CHA,"101114 Williams, 1626147 Anderson, 1626780 Gibson, 203084 Barnes, 203939 Powell","101114,1626147,1626780,203084,203939","Williams, Anderson, Gibson, Barnes, Powell",0,4,5,4,4,105.0
21600276,20161201,4,1,DAL,CHA,"101114 Williams, 1626147 Anderson, 1626780 Gibson, 203084 Barnes, 203939 Powell","101114,1626147,1626780,203084,203939","Williams, Anderson, Gibson, Barnes, Powell",0,0,0,0,1,13.0
21600276,20161201,4,2,DAL,CHA,"101114 Williams, 1626147 Anderson, 1626780 Gibson, 202083 Matthews, 203939 Powell","101114,1626147,1626780,202083,203939","Williams, Anderson, Gibson, Matthews, Powell",0,6,6,3,4,112.0
21600276,20161201,4,3,DAL,CHA,"101114 Williams, 1626147 Anderson, 1626257 Mejri, 1626780 Gibson, 202083 Matthews","101114,1626147,1626257,1626780,202083","Williams, Anderson, Mejri, Gibson, Matthews",0,4,2,2,4,54.0
21600276,20161201,4,4,DAL,CHA,"1626147 Anderson, 1626257 Mejri, 1626780 Gibson, 202083 Matthews, 203084 Barnes","1626147,1626257,1626780,202083,203084","Anderson, Mejri, Gibson, Matthews, Barnes",0,1,2,2,3,111.0
21600276,20161201,4,5,DAL,CHA,"1626257 Mejri, 1626780 Gibson, 1627827 Finney-Smith, 202083 Matthews, 203084 Barnes","1626257,1626780,1627827,202083,203084","Mejri, Gibson, Finney-Smith, Matthews, Barnes",0,0,0,2,2,49.0
21600276,20161201,4,6,DAL,CHA,"1626780 Gibson, 1627827 Finney-Smith, 202083 Matthews, 203084 Barnes, 203939 Powell","1626780,1627827,202083,203084,203939","Gibson, Finney-Smith, Matthews, Barnes, Powell",0,14,11,9,11,303.0
21600276,20161201,4,7,DAL,CHA,"1626780 Gibson, 1627827 Finney-Smith, 202083 Matthews, 203084 Barnes, 203939 Powell","1626780,1627827,202083,203084,203939","Gibson, Finney-Smith, Matthews, Barnes, Powell",0,0,1,0,1,8.0
21600276,20161201,4,8,DAL,CHA,"1626257 Mejri, 1626780 Gibson, 1627827 Finney-Smith, 202083 Matthews, 203084 Barnes","1626257,1626780,1627827,202083,203084","Mejri, Gibson, Finney-Smith, Matthews, Barnes",0,2,7,5,5,70.0
21600296,20161203,1,1,DAL,CHI,"101106 Bogut, 101114 Williams, 1627827 Finney-Smith, 202083 Matthews, 203084 Barnes","101106,101114,1627827,202083,203084","Bogut, Williams, Finney-Smith, Matthews, Barnes",0,10,2,11,10,308.0
21600296,20161203,1,2,DAL,CHI,"101106 Bogut, 101114 Williams, 1627827 Finney-Smith, 202083 Matthews, 203084 Barnes","101106,101114,1627827,202083,203084","Bogut, Williams, Finney-Smith, Matthews, Barnes",0,1,0,1,0,15.0
21600296,20161203,1,3,DAL,CHI,"101114 Williams, 1627827 Finney-Smith, 202083 Matthews, 203084 Barnes, 203939 Powell","101114,1627827,202083,203084,203939","Williams, Finney-Smith, Matthews, Barnes, Powell",0,2,0,2,2,27.0
21600296,20161203,1,4,DAL,CHI,"1626780 Gibson, 1627827 Finney-Smith, 202083 Matthews, 203084 Barnes, 203939 Powell","1626780,1627827,202083,203084,203939","Gibson, Finney-Smith, Matthews, Barnes, Powell",0,6,4,4,4,137.0
21600296,20161203,1,5,DAL,CHI,"101106 Bogut, 1626780 Gibson, 1627827 Finney-Smith, 203939 Powell, 2734 Harris","101106,1626780,1627827,203939,2734","Bogut, Gibson, Finney-Smith, Powell, Harris",0,2,0,2,1,34.0
21600296,20161203,1,6,DAL,CHI,"101106 Bogut, 1626780 Gibson, 1627827 Finney-Smith, 203939 Powell, 2734 Harris","101106,1626780,1627827,203939,2734","Bogut, Gibson, Finney-Smith, Powell, Harris",0,2,5,3,3,80.0
21600296,20161203,1,7,DAL,CHI,"101106 Bogut, 1626780 Gibson, 202083 Matthews, 203939 Powell, 2734 Harris","101106,1626780,202083,203939,2734","Bogut, Gibson, Matthews, Powell, Harris",0,2,3,3,3,59.0
21600296,20161203,1,8,DAL,CHI,"101106 Bogut, 1626780 Gibson, 202083 Matthews, 203084 Barnes, 2734 Harris","101106,1626780,202083,203084,2734","Bogut, Gibson, Matthews, Barnes, Harris",0,4,4,2,2,60.0
21600296,20161203,2,1,DAL,CHI,"101106 Bogut, 1626780 Gibson, 202083 Matthews, 203084 Barnes, 2734 Harris","101106,1626780,202083,203084,2734","Bogut, Gibson, Matthews, Barnes, Harris",0,0,0,0,1,13.0
21600296,20161203,2,2,DAL,CHI,"101106 Bogut, 1626780 Gibson, 202083 Matthews, 203084 Barnes, 2734 Harris","101106,1626780,202083,203084,2734","Bogut, Gibson, Matthews, Barnes, Harris",0,0,2,2,3,48.0
21600296,20161203,2,3,DAL,CHI,"101106 Bogut, 101114 Williams, 202083 Matthews, 203084 Barnes, 2734 Harris","101106,101114,202083,203084,2734","Bogut, Williams, Matthews, Barnes, Harris",0,3,2,2,2,21.0
21600296,20161203,2,4,DAL,CHI,"101106 Bogut, 101114 Williams, 1626147 Anderson, 202083 Matthews, 203084 Barnes","101106,101114,1626147,202083,203084","Bogut, Williams, Anderson, Matthews, Barnes",0,3,4,2,2,80.0
21600296,20161203,2,5,DAL,CHI,"101106 Bogut, 101114 Williams, 1626147 Anderson, 1627827 Finney-Smith, 203084 Barnes","101106,101114,1626147,1627827,203084","Bogut, Williams, Anderson, Finney-Smith, Barnes",0,2,2,4,3,72.0
21600296,20161203,2,6,DAL,CHI,"101106 Bogut, 101114 Williams, 1626147 Anderson, 1627827 Finney-Smith, 203084 Barnes","101106,101114,1626147,1627827,203084","Bogut, Williams, Anderson, Finney-Smith, Barnes",0,1,0,1,0,13.0
21600296,20161203,2,7,DAL,CHI,"101106 Bogut, 101114 Williams, 1626147 Anderson, 1627827 Finney-Smith, 203084 Barnes","101106,101114,1626147,1627827,203084","Bogut, Williams, Anderson, Finney-Smith, Barnes",0,0,4,4,4,75.0
21600296,20161203,2,8,DAL,CHI,"101114 Williams, 202083 Matthews, 203084 Barnes, 203939 Powell, 2734 Harris","101114,202083,203084,203939,2734","Williams, Matthews, Barnes, Powell, Harris",0,5,2,3,3,87.0
21600296,20161203,2,9,DAL,CHI,"101106 Bogut, 101114 Williams, 202083 Matthews, 203939 Powell, 2734 Harris","101106,101114,202083,203939,2734","Bogut, Williams, Matthews, Powell, Harris",0,2,5,2,3,75.0
21600296,20161203,2,10,DAL,CHI,"101106 Bogut, 101114 Williams, 202083 Matthews, 203084 Barnes, 2734 Harris","101106,101114,202083,203084,2734","Bogut, Williams, Matthews, Barnes, Harris",0,2,0,1,0,7.0
21600296,20161203,2,11,DAL,CHI,"101106 Bogut, 101114 Williams, 202083 Matthews, 203084 Barnes, 2734 Harris","101106,101114,202083,203084,2734","Bogut, Williams, Matthews, Barnes, Harris",0,3,3,2,2,59.0
21600296,20161203,2,12,DAL,CHI,"101114 Williams, 1627827 Finney-Smith, 202083 Matthews, 203084 Barnes, 203939 Powell","101114,1627827,202083,203084,203939","Williams, Finney-Smith, Matthews, Barnes, Powell",0,7,3,5,4,119.6
21600296,20161203,2,13,DAL,CHI,"101114 Williams, 1626257 Mejri, 1627827 Finney-Smith, 202083 Matthews, 203084 Barnes","101114,1626257,1627827,202083,203084","Williams, Mejri, Finney-Smith, Matthews, Barnes",0,0,0,2,2,26.5
21600296,20161203,2,14,DAL,CHI,"101114 Williams, 1626257 Mejri, 1627827 Finney-Smith, 202083 Matthews, 203084 Barnes","101114,1626257,1627827,202083,203084","Williams, Mejri, Finney-Smith, Matthews, Barnes",0,0,0,1,0,23.9
21600296,20161203,3,1,DAL,CHI,"101114 Williams, 1626257 Mejri, 1627827 Finney-Smith, 202083 Matthews, 203084 Barnes","101114,1626257,1627827,202083,203084","Williams, Mejri, Finney-Smith, Matthews, Barnes",0,0,0,0,1,19.0
21600296,20161203,3,2,DAL,CHI,"101106 Bogut, 101114 Williams, 1627827 Finney-Smith, 202083 Matthews, 203084 Barnes","101106,101114,1627827,202083,203084","Bogut, Williams, Finney-Smith, Matthews, Barnes",0,10,4,5,6,158.0
21600296,20161203,3,3,DAL,CHI,"101106 Bogut, 101114 Williams, 1627827 Finney-Smith, 202083 Matthews, 203084 Barnes","101106,101114,1627827,202083,203084","Bogut, Williams, Finney-Smith, Matthews, Barnes",0,0,0,1,2,28.0
21600296,20161203,3,4,DAL,CHI,"101114 Williams, 1627827 Finney-Smith, 202083 Matthews, 203084 Barnes, 203939 Powell","101114,1627827,202083,203084,203939","Williams, Finney-Smith, Matthews, Barnes, Powell",0,5,4,4,4,148.0
21600296,20161203,3,5,DAL,CHI,"101114 Williams, 1627827 Finney-Smith, 202083 Matthews, 203084 Barnes, 203939 Powell","101114,1627827,202083,203084,203939","Williams, Finney-Smith, Matthews, Barnes, Powell",0,2,0,2,1,13.0
21600296,20161203,3,6,DAL,CHI,"101114 Williams, 1627827 Finney-Smith, 202083 Matthews, 203084 Barnes, 203939 Powell","101114,1627827,202083,203084,203939","Williams, Finney-Smith, Matthews, Barnes, Powell",0,0,1,1,1,21.0
21600296,20161203,3,7,DAL,CHI,"1626780 Gibson, 1627827 Finney-Smith, 202083 Matthews, 203084 Barnes, 203939 Powell","1626780,1627827,202083,203084,203939","Gibson, Finney-Smith, Matthews, Barnes, Powell",0,5,6,5,4,157.0
21600296,20161203,3,8,DAL,CHI,"1626780 Gibson, 202083 Matthews, 203084 Barnes, 203939 Powell, 2734 Harris","1626780,202083,203084,203939,2734","Gibson, Matthews, Barnes, Powell, Harris",0,0,0,2,2,50.0
21600296,20161203,3,9,DAL,CHI,"101106 Bogut, 1626780 Gibson, 202083 Matthews, 203939 Powell, 2734 Harris","101106,1626780,202083,203939,2734","Bogut, Gibson, Matthews, Powell, Harris",0,3,5,3,3,65.0
21600296,20161203,3,10,DAL,CHI,"1626147 Anderson, 1626780 Gibson, 202083 Matthews, 203939 Powell, 2734 Harris","1626147,1626780,202083,203939,2734","Anderson, Gibson, Matthews, Powell, Harris",0,0,1,2,1,27.7
21600296,20161203,3,11,DAL,CHI,"101114 Williams, 1626147 Anderson, 1627827 Finney-Smith, 203939 Powell, 2734 Harris","101114,1626147,1627827,203939,2734","Williams, Anderson, Finney-Smith, Powell, Harris",0,0,0,2,0,33.3
21600296,20161203,4,1,DAL,CHI,"101114 Williams, 1626147 Anderson, 1627827 Finney-Smith, 203939 Powell, 2734 Harris","101114,1626147,1627827,203939,2734","Williams, Anderson, Finney-Smith, Powell, Harris",0,0,0,1,0,13.0
21600296,20161203,4,2,DAL,CHI,"101114 Williams, 1626147 Anderson, 1627827 Finney-Smith, 203939 Powell, 2734 Harris","101114,1626147,1627827,203939,2734","Williams, Anderson, Finney-Smith, Powell, Harris",0,2,2,3,2,79.0
21600296,20161203,4,3,DAL,CHI,"101114 Williams, 1626147 Anderson, 1627827 Finney-Smith, 203939 Powell, 2734 Harris","101114,1626147,1627827,203939,2734","Williams, Anderson, Finney-Smith, Powell, Harris",0,0,4,2,2,49.0
21600296,20161203,4,4,DAL,CHI,"101114 Williams, 1627827 Finney-Smith, 203084 Barnes, 203939 Powell, 2734 Harris","101114,1627827,203084,203939,2734","Williams, Finney-Smith, Barnes, Powell, Harris",0,7,2,4,4,154.0
21600296,20161203,4,5,DAL,CHI,"101106 Bogut, 1626780 Gibson, 1627827 Finney-Smith, 202083 Matthews, 203084 Barnes","101106,1626780,1627827,202083,203084","Bogut, Gibson, Finney-Smith, Matthews, Barnes",0,0,0,0,1,2.0
21600296,20161203,4,6,DAL,CHI,"101106 Bogut, 1626780 Gibson, 1627827 Finney-Smith, 202083 Matthews, 203084 Barnes","101106,1626780,1627827,202083,203084","Bogut, Gibson, Finney-Smith, Matthews, Barnes",0,0,2,1,2,23.0
21600296,20161203,4,7,DAL,CHI,"1626780 Gibson, 1627827 Finney-Smith, 202083 Matthews, 203084 Barnes, 203939 Powell","1626780,1627827,202083,203084,203939","Gibson, Finney-Smith, Matthews, Barnes, Powell",0,3,2,4,4,122.0
21600296,20161203,4,8,DAL,CHI,"101114 Williams, 1627827 Finney-Smith, 202083 Matthews, 203084 Barnes, 203939 Powell","101114,1627827,202083,203084,203939","Williams, Finney-Smith, Matthews, Barnes, Powell",0,2,0,1,1,21.0
21600296,20161203,4,9,DAL,CHI,"101114 Williams, 1627827 Finney-Smith, 202083 Matthews, 203084 Barnes, 203939 Powell","101114,1627827,202083,203084,203939","Williams, Finney-Smith, Matthews, Barnes, Powell",0,3,3,2,4,51.0
21600296,20161203,4,10,DAL,CHI,"101114 Williams, 1627827 Finney-Smith, 202083 Matthews, 203084 Barnes, 203939 Powell","101114,1627827,202083,203084,203939","Williams, Finney-Smith, Matthews, Barnes, Powell",0,0,1,0,1,22.0
21600296,20161203,4,11,DAL,CHI,"101114 Williams, 1626147 Anderson, 1627827 Finney-Smith, 203084 Barnes, 203939 Powell","101114,1626147,1627827,203084,203939","Williams, Anderson, Finney-Smith, Barnes, Powell",0,3,0,2,2,53.0
21600296,20161203,4,12,DAL,CHI,"1626147 Anderson, 1626780 Gibson, 1627773 Hammons, 1627827 Finney-Smith, 1627852 Brussino","1626147,1626780,1627773,1627827,1627852","Anderson, Gibson, Hammons, Finney-Smith, Brussino",0,5,0,5,4,131.0
21600312,20161205,1,1,DAL,CHA,"101106 Bogut, 101114 Williams, 1627827 Finney-Smith, 202083 Matthews, 203084 Barnes","101106,101114,1627827,202083,203084","Bogut, Williams, Finney-Smith, Matthews, Barnes",0,9,8,10,9,326.0
21600312,20161205,1,2,DAL,CHA,"101114 Williams, 1627827 Finney-Smith, 202083 Matthews, 203084 Barnes, 203939 Powell","101114,1627827,202083,203084,203939","Williams, Finney-Smith, Matthews, Barnes, Powell",0,0,3,2,2,35.0
21600312,20161205,1,3,DAL,CHA,"101106 Bogut, 101114 Williams, 1627827 Finney-Smith, 202083 Matthews, 203939 Powell","101106,101114,1627827,202083,203939","Bogut, Williams, Finney-Smith, Matthews, Powell",0,2,0,3,1,40.0
21600312,20161205,1,4,DAL,CHA,"101106 Bogut, 101114 Williams, 1627827 Finney-Smith, 202083 Matthews, 203939 Powell","101106,101114,1627827,202083,203939","Bogut, Williams, Finney-Smith, Matthews, Powell",0,1,2,2,1,36.0
21600312,20161205,1,5,DAL,CHA,"101106 Bogut, 101114 Williams, 1627827 Finney-Smith, 202083 Matthews, 203939 Powell","101106,101114,1627827,202083,203939","Bogut, Williams, Finney-Smith, Matthews, Powell",0,2,0,3,3,71.0
21600312,20161205,1,6,DAL,CHA,"101106 Bogut, 1626147 Anderson, 1626780 Gibson, 203084 Barnes, 2734 Harris","101106,1626147,1626780,203084,2734","Bogut, Anderson, Gibson, Barnes, Harris",0,3,6,3,4,95.0
21600312,20161205,1,7,DAL,CHA,"101106 Bogut, 1626147 Anderson, 1626780 Gibson, 203084 Barnes, 2734 Harris","101106,1626147,1626780,203084,2734","Bogut, Anderson, Gibson, Barnes, Harris",0,4,1,3,3,71.6
21600312,20161205,1,8,DAL,CHA,"101106 Bogut, 1626147 Anderson, 1626780 Gibson, 203084 Barnes, 2734 Harris","101106,1626147,1626780,203084,2734","Bogut, Anderson, Gibson, Barnes, Harris",0,0,1,0,1,10.4
21600312,20161205,1,9,DAL,CHA,"1626147 Anderson, 1626780 Gibson, 203084 Barnes, 203939 Powell, 2734 Harris","1626147,1626780,203084,203939,2734","Anderson, Gibson, Barnes, Powell, Harris",0,2,2,2,1,35.9
21600312,20161205,2,1,DAL,CHA,"1626147 Anderson, 1626780 Gibson, 203084 Barnes, 203939 Powell, 2734 Harris","1626147,1626780,203084,203939,2734","Anderson, Gibson, Barnes, Powell, Harris",0,0,0,0,1,14.0
21600312,20161205,2,2,DAL,CHA,"1626147 Anderson, 1626780 Gibson, 203084 Barnes, 203939 Powell, 2734 Harris","1626147,1626780,203084,203939,2734","Anderson, Gibson, Barnes, Powell, Harris",0,8,7,5,5,141.0
21600312,20161205,2,3,DAL,CHA,"1626147 Anderson, 1626780 Gibson, 203084 Barnes, 203939 Powell, 2734 Harris","1626147,1626780,203084,203939,2734","Anderson, Gibson, Barnes, Powell, Harris",0,0,2,3,2,63.0
21600312,20161205,2,4,DAL,CHA,"101114 Williams, 1626147 Anderson, 1626257 Mejri, 1627827 Finney-Smith, 202083 Matthews","101114,1626147,1626257,1627827,202083","Williams, Anderson, Mejri, Finney-Smith, Matthews",0,3,2,3,3,86.0
21600312,20161205,2,5,DAL,CHA,"101114 Williams, 1626147 Anderson, 1626257 Mejri, 1627827 Finney-Smith, 202083 Matthews","101114,1626147,1626257,1627827,202083","Williams, Anderson, Mejri, Finney-Smith, Matthews",0,0,2,3,3,75.0
21600312,20161205,2,6,DAL,CHA,"101114 Williams, 1626147 Anderson, 1626257 Mejri, 1627827 Finney-Smith, 202083 Matthews","101114,1626147,1626257,1627827,202083","Williams, Anderson, Mejri, Finney-Smith, Matthews",0,2,4,3,2,61.0
21600312,20161205,2,7,DAL,CHA,"101114 Williams, 1627827 Finney-Smith, 202083 Matthews, 203084 Barnes, 203939 Powell","101114,1627827,202083,203084,203939","Williams, Finney-Smith, Matthews, Barnes, Powell",0,3,4,4,3,118.0
21600312,20161205,2,8,DAL,CHA,"101114 Williams, 202083 Matthews, 203084 Barnes, 203939 Powell, 2734 Harris","101114,202083,203084,203939,2734","Williams, Matthews, Barnes, Powell, Harris",0,5,0,3,2,49.0
21600312,20161205,2,9,DAL,CHA,"101114 Williams, 202083 Matthews, 203084 Barnes, 203939 Powell, 2734 Harris","101114,202083,203084,203939,2734","Williams, Matthews, Barnes, Powell, Harris",0,6,4,4,4,113.0
21600312,20161205,3,1,DAL,CHA,"101114 Williams, 1627827 Finney-Smith, 202083 Matthews, 203939 Powell, 2734 Harris","101114,1627827,202083,203939,2734","Williams, Finney-Smith, Matthews, Powell, Harris",0,9,16,14,13,415.0
21600312,20161205,3,2,DAL,CHA,"101114 Williams, 1626257 Mejri, 202083 Matthews, 203084 Barnes, 2734 Harris","101114,1626257,202083,203084,2734","Williams, Mejri, Matthews, Barnes, Harris",0,4,1,2,2,65.0
21600312,20161205,3,3,DAL,CHA,"101114 Williams, 1626257 Mejri, 202083 Matthews, 203084 Barnes, 2734 Harris","101114,1626257,202083,203084,2734","Williams, Mejri, Matthews, Barnes, Harris",0,3,1,1,2,29.0
21600312,20161205,3,4,DAL,CHA,"1626257 Mejri, 1626780 Gibson, 202083 Matthews, 203084 Barnes, 2734 Harris","1626257,1626780,202083,203084,2734","Mejri, Gibson, Matthews, Barnes, Harris",0,3,4,6,6,134.0
21600312,20161205,3,5,DAL,CHA,"1626780 Gibson, 202083 Matthews, 203084 Barnes, 203939 Powell, 2734 Harris","1626780,202083,203084,203939,2734","Gibson, Matthews, Barnes, Powell, Harris",0,2,5,3,2,77.0
21600312,20161205,4,1,DAL,CHA,"1626780 Gibson, 202083 Matthews, 203084 Barnes, 203939 Powell, 2734 Harris","1626780,202083,203084,203939,2734","Gibson, Matthews, Barnes, Powell, Harris",0,0,0,1,0,14.0
21600312,20161205,4,2,DAL,CHA,"101114 Williams, 1626147 Anderson, 1626780 Gibson, 203084 Barnes, 203939 Powell","101114,1626147,1626780,203084,203939","Williams, Anderson, Gibson, Barnes, Powell",0,8,10,7,7,202.0
21600312,20161205,4,3,DAL,CHA,"101114 Williams, 1626147 Anderson, 1626780 Gibson, 1627827 Finney-Smith, 203939 Powell","101114,1626147,1626780,1627827,203939","Williams, Anderson, Gibson, Finney-Smith, Powell",0,2,7,4,4,139.0
21600312,20161205,4,4,DAL,CHA,"101114 Williams, 1626147 Anderson, 1626780 Gibson, 1627827 Finney-Smith, 203939 Powell","101114,1626147,1626780,1627827,203939","Williams, Anderson, Gibson, Finney-Smith, Powell",0,0,1,0,1,11.0
21600312,20161205,4,5,DAL,CHA,"101114 Williams, 202083 Matthews, 203084 Barnes, 203939 Powell, 2734 Harris","101114,202083,203084,203939,2734","Williams, Matthews, Barnes, Powell, Harris",0,5,7,5,5,123.0
21600312,20161205,4,6,DAL,CHA,"101114 Williams, 1627827 Finney-Smith, 202083 Matthews, 203084 Barnes, 203939 Powell","101114,1627827,202083,203084,203939","Williams, Finney-Smith, Matthews, Barnes, Powell",0,2,3,4,4,86.0
21600312,20161205,4,7,DAL,CHA,"101114 Williams, 1626780 Gibson, 202083 Matthews, 203084 Barnes, 203939 Powell","101114,1626780,202083,203084,203939","Williams, Gibson, Matthews, Barnes, Powell",0,2,1,2,1,35.0
21600312,20161205,4,8,DAL,CHA,"101114 Williams, 1627827 Finney-Smith, 202083 Matthews, 203084 Barnes, 203939 Powell","101114,1627827,202083,203084,203939","Williams, Finney-Smith, Matthews, Barnes, Powell",0,0,0,1,1,16.0
21600312,20161205,4,9,DAL,CHA,"101114 Williams, 1626780 Gibson, 202083 Matthews, 203084 Barnes, 203939 Powell","101114,1626780,202083,203084,203939","Williams, Gibson, Matthews, Barnes, Powell",0,4,0,2,2,37.8
21600312,20161205,4,10,DAL,CHA,"101114 Williams, 1627827 Finney-Smith, 202083 Matthews, 203084 Barnes, 203939 Powell","101114,1627827,202083,203084,203939","Williams, Finney-Smith, Matthews, Barnes, Powell",0,0,3,2,2,42.7
21600312,20161205,4,11,DAL,CHA,"101114 Williams, 1626780 Gibson, 202083 Matthews, 203084 Barnes, 203939 Powell","101114,1626780,202083,203084,203939","Williams, Gibson, Matthews, Barnes, Powell",0,0,2,3,1,13.5
21600328,20161207,1,1,DAL,SAC,"101114 Williams, 1626257 Mejri, 1627827 Finney-Smith, 202083 Matthews, 203084 Barnes","101114,1626257,1627827,202083,203084","Williams, Mejri, Finney-Smith, Matthews, Barnes",0,11,9,11,12,328.0
21600328,20161207,1,2,DAL,SAC,"1626257 Mejri, 1626780 Gibson, 1627827 Finney-Smith, 202083 Matthews, 203084 Barnes","1626257,1626780,1627827,202083,203084","Mejri, Gibson, Finney-Smith, Matthews, Barnes",0,0,2,1,2,36.0
21600328,20161207,1,3,DAL,SAC,"1626257 Mejri, 1626780 Gibson, 1627827 Finney-Smith, 202083 Matthews, 2734 Harris","1626257,1626780,1627827,202083,2734","Mejri, Gibson, Finney-Smith, Matthews, Harris",0,2,6,3,4,95.0
21600328,20161207,1,4,DAL,SAC,"1626257 Mejri, 1626780 Gibson, 1627827 Finney-Smith, 202083 Matthews, 2734 Harris","1626257,1626780,1627827,202083,2734","Mejri, Gibson, Finney-Smith, Matthews, Harris",0,5,3,3,4,71.0
21600328,20161207,1,5,DAL,SAC,"1626147 Anderson, 1626780 Gibson, 203084 Barnes, 203939 Powell, 2734 Harris","1626147,1626780,203084,203939,2734","Anderson, Gibson, Barnes, Powell, Harris",0,0,2,2,1,23.0
21600328,20161207,1,6,DAL,SAC,"1626147 Anderson, 1626780 Gibson, 203084 Barnes, 203939 Powell, 2734 Harris","1626147,1626780,203084,203939,2734","Anderson, Gibson, Barnes, Powell, Harris",0,5,4,6,5,167.0
21600328,20161207,2,1,DAL,SAC,"1626147 Anderson, 1626780 Gibson, 203084 Barnes, 203939 Powell, 2734 Harris","1626147,1626780,203084,203939,2734","Anderson, Gibson, Barnes, Powell, Harris",0,0,0,1,0,8.0
21600328,20161207,2,2,DAL,SAC,"101114 Williams, 1626147 Anderson, 1626780 Gibson, 203084 Barnes, 203939 Powell","101114,1626147,1626780,203084,203939","Williams, Anderson, Gibson, Barnes, Powell",0,2,6,6,6,152.0
21600328,20161207,2,3,DAL,SAC,"101114 Williams, 1627827 Finney-Smith, 202083 Matthews, 203939 Powell, 2734 Harris","101114,1627827,202083,203939,2734","Williams, Finney-Smith, Matthews, Powell, Harris",0,3,2,3,4,81.0
21600328,20161207,2,4,DAL,SAC,"101114 Williams, 1627827 Finney-Smith, 202083 Matthews, 203939 Powell, 2734 Harris","101114,1627827,202083,203939,2734","Williams, Finney-Smith, Matthews, Powell, Harris",0,0,7,3,6,111.0
21600328,20161207,2,5,DAL,SAC,"101114 Williams, 202083 Matthews, 203084 Barnes, 203939 Powell, 2734 Harris","101114,202083,203084,203939,2734","Williams, Matthews, Barnes, Powell, Harris",0,7,0,3,3,84.0
21600328,20161207,2,6,DAL,SAC,"101114 Williams, 1626257 Mejri, 202083 Matthews, 203084 Barnes, 2734 Harris","101114,1626257,202083,203084,2734","Williams, Mejri, Matthews, Barnes, Harris",0,0,1,0,1,14.0
21600328,20161207,2,7,DAL,SAC,"101114 Williams, 1626257 Mejri, 1626780 Gibson, 202083 Matthews, 203084 Barnes","101114,1626257,1626780,202083,203084","Williams, Mejri, Gibson, Matthews, Barnes",0,2,0,2,1,19.0
21600328,20161207,2,8,DAL,SAC,"101114 Williams, 1626257 Mejri, 1626780 Gibson, 202083 Matthews, 203084 Barnes","101114,1626257,1626780,202083,203084","Williams, Mejri, Gibson, Matthews, Barnes",0,0,0,1,1,12.0
21600328,20161207,2,9,DAL,SAC,"101114 Williams, 1626257 Mejri, 1626780 Gibson, 202083 Matthews, 203084 Barnes","101114,1626257,1626780,202083,203084","Williams, Mejri, Gibson, Matthews, Barnes",0,0,0,0,1,11.0
21600328,20161207,2,10,DAL,SAC,"101114 Williams, 1626780 Gibson, 202083 Matthews, 203084 Barnes, 203939 Powell","101114,1626780,202083,203084,203939","Williams, Gibson, Matthews, Barnes, Powell",0,7,10,6,6,152.0
21600328,20161207,2,11,DAL,SAC,"101114 Williams, 1626780 Gibson, 1627827 Finney-Smith, 202083 Matthews, 203084 Barnes","101114,1626780,1627827,202083,203084","Williams, Gibson, Finney-Smith, Matthews, Barnes",0,5,4,3,2,65.0
21600328,20161207,2,12,DAL,SAC,"101114 Williams, 1626780 Gibson, 1627827 Finney-Smith, 202083 Matthews, 203084 Barnes","101114,1626780,1627827,202083,203084","Williams, Gibson, Finney-Smith, Matthews, Barnes",0,3,0,3,0,11.0
21600328,20161207,3,1,DAL,SAC,"101114 Williams, 1626780 Gibson, 1627827 Finney-Smith, 202083 Matthews, 203084 Barnes","101114,1626780,1627827,202083,203084","Williams, Gibson, Finney-Smith, Matthews, Barnes",0,0,0,1,0,26.0
21600328,20161207,3,2,DAL,SAC,"101114 Williams, 1626257 Mejri, 1627827 Finney-Smith, 202083 Matthews, 203084 Barnes","101114,1626257,1627827,202083,203084","Williams, Mejri, Finney-Smith, Matthews, Barnes",0,0,5,3,2,74.0
21600328,20161207,3,3,DAL,SAC,"101114 Williams, 1626257 Mejri, 1627827 Finney-Smith, 202083 Matthews, 203084 Barnes","101114,1626257,1627827,202083,203084","Williams, Mejri, Finney-Smith, Matthews, Barnes",0,0,0,1,0,19.0
21600328,20161207,3,4,DAL,SAC,"101114 Williams, 1627827 Finney-Smith, 202083 Matthews, 203084 Barnes, 203939 Powell","101114,1627827,202083,203084,203939","Williams, Finney-Smith, Matthews, Barnes, Powell",0,2,9,8,8,221.0
21600328,20161207,3,5,DAL,SAC,"1626147 Anderson, 1626780 Gibson, 202083 Matthews, 203939 Powell, 2734 Harris","1626147,1626780,202083,203939,2734","Anderson, Gibson, Matthews, Powell, Harris",0,2,8,5,5,141.0
21600328,20161207,3,6,DAL,SAC,"1626147 Anderson, 1626780 Gibson, 202083 Matthews, 203939 Powell, 2734 Harris","1626147,1626780,202083,203939,2734","Anderson, Gibson, Matthews, Powell, Harris",0,2,3,3,2,55.0
21600328,20161207,3,7,DAL,SAC,"1626147 Anderson, 1626780 Gibson, 202083 Matthews, 203939 Powell, 2734 Harris","1626147,1626780,202083,203939,2734","Anderson, Gibson, Matthews, Powell, Harris",0,4,4,5,4,121.0
21600328,20161207,3,8,DAL,SAC,"101114 Williams, 1626780 Gibson, 203084 Barnes, 203939 Powell, 2734 Harris","101114,1626780,203084,203939,2734","Williams, Gibson, Barnes, Powell, Harris",0,2,0,2,2,63.0
21600328,20161207,4,1,DAL,SAC,"101114 Williams, 1626780 Gibson, 203084 Barnes, 203939 Powell, 2734 Harris","101114,1626780,203084,203939,2734","Williams, Gibson, Barnes, Powell, Harris",0,0,0,0,1,9.0
21600328,20161207,4,2,DAL,SAC,"101114 Williams, 1626780 Gibson, 1627852 Brussino, 203084 Barnes, 203939 Powell","101114,1626780,1627852,203084,203939","Williams, Gibson, Brussino, Barnes, Powell",0,4,4,4,3,64.0
21600328,20161207,4,3,DAL,SAC,"101114 Williams, 1626780 Gibson, 1627773 Hammons, 1627852 Brussino, 203084 Barnes","101114,1626780,1627773,1627852,203084","Williams, Gibson, Hammons, Brussino, Barnes",0,7,5,6,5,124.0
21600328,20161207,4,4,DAL,SAC,"101114 Williams, 1627773 Hammons, 1627852 Brussino, 202083 Matthews, 203084 Barnes","101114,1627773,1627852,202083,203084","Williams, Hammons, Brussino, Matthews, Barnes",0,3,0,2,2,53.0
21600328,20161207,4,5,DAL,SAC,"101114 Williams, 1627773 Hammons, 1627852 Brussino, 202083 Matthews, 203084 Barnes","101114,1627773,1627852,202083,203084","Williams, Hammons, Brussino, Matthews, Barnes",0,0,0,2,1,31.0
21600328,20161207,4,6,DAL,SAC,"101114 Williams, 1627773 Hammons, 1627852 Brussino, 202083 Matthews, 203084 Barnes","101114,1627773,1627852,202083,203084","Williams, Hammons, Brussino, Matthews, Barnes",0,4,9,7,6,175.0
21600328,20161207,4,7,DAL,SAC,"1626147 Anderson, 1626780 Gibson, 1627773 Hammons, 1627827 Finney-Smith, 1627852 Brussino","1626147,1626780,1627773,1627827,1627852","Anderson, Gibson, Hammons, Finney-Smith, Brussino",0,7,13,11,14,264.0
21600343,20161209,1,1,DAL,IND,"101114 Williams, 1626257 Mejri, 1627827 Finney-Smith, 202083 Matthews, 203084 Barnes","101114,1626257,1627827,202083,203084","Williams, Mejri, Finney-Smith, Matthews, Barnes",0,9,10,13,12,334.0
21600343,20161209,1,2,DAL,IND,"101114 Williams, 1627827 Finney-Smith, 202083 Matthews, 203084 Barnes, 203939 Powell","101114,1627827,202083,203084,203939","Williams, Finney-Smith, Matthews, Barnes, Powell",0,0,0,3,3,61.0
21600343,20161209,1,3,DAL,IND,"101114 Williams, 1627827 Finney-Smith, 202083 Matthews, 203084 Barnes, 203939 Powell","101114,1627827,202083,203084,203939","Williams, Finney-Smith, Matthews, Barnes, Powell",0,0,0,1,0,15.0
21600343,20161209,1,4,DAL,IND,"1627827 Finney-Smith, 202083 Matthews, 203552 Curry, 203939 Powell, 2734 Harris","1627827,202083,203552,203939,2734","Finney-Smith, Matthews, Curry, Powell, Harris",0,7,5,4,4,105.0
21600343,20161209,1,5,DAL,IND,"1627827 Finney-Smith, 202083 Matthews, 203552 Curry, 203939 Powell, 2734 Harris","1627827,202083,203552,203939,2734","Finney-Smith, Matthews, Curry, Powell, Harris",0,1,5,2,2,62.0
21600343,20161209,1,6,DAL,IND,"1627827 Finney-Smith, 202083 Matthews, 203552 Curry, 203939 Powell, 2734 Harris","1627827,202083,203552,203939,2734","Finney-Smith, Matthews, Curry, Powell, Harris",0,1,0,1,0,22.0
21600343,20161209,1,7,DAL,IND,"1627827 Finney-Smith, 202083 Matthews, 203552 Curry, 203939 Powell, 2734 Harris","1627827,202083,203552,203939,2734","Finney-Smith, Matthews, Curry, Powell, Harris",0,5,4,4,4,84.2
21600343,20161209,1,8,DAL,IND,"1627852 Brussino, 203084 Barnes, 203552 Curry, 203939 Powell, 2734 Harris","1627852,203084,203552,203939,2734","Brussino, Barnes, Curry, Powell, Harris",0,2,3,2,1,36.8
21600343,20161209,2,1,DAL,IND,"1627852 Brussino, 203084 Barnes, 203552 Curry, 203939 Powell, 2734 Harris","1627852,203084,203552,203939,2734","Brussino, Barnes, Curry, Powell, Harris",0,0,0,0,1,18.0
21600343,20161209,2,2,DAL,IND,"101114 Williams, 1626257 Mejri, 1627852 Brussino, 203084 Barnes, 203552 Curry","101114,1626257,1627852,203084,203552","Williams, Mejri, Brussino, Barnes, Curry",0,10,9,6,6,184.0
21600343,20161209,2,3,DAL,IND,"101114 Williams, 1626257 Mejri, 1627852 Brussino, 203084 Barnes, 203552 Curry","101114,1626257,1627852,203084,203552","Williams, Mejri, Brussino, Barnes, Curry",0,1,0,1,0,15.0
21600343,20161209,2,4,DAL,IND,"101114 Williams, 1626257 Mejri, 1627852 Brussino, 203084 Barnes, 2734 Harris","101114,1626257,1627852,203084,2734","Williams, Mejri, Brussino, Barnes, Harris",0,0,3,1,2,23.0
21600343,20161209,2,5,DAL,IND,"101114 Williams, 1626257 Mejri, 1627852 Brussino, 203084 Barnes, 2734 Harris","101114,1626257,1627852,203084,2734","Williams, Mejri, Brussino, Barnes, Harris",0,2,0,2,2,36.0
21600343,20161209,2,6,DAL,IND,"101114 Williams, 1626257 Mejri, 202083 Matthews, 203084 Barnes, 2734 Harris","101114,1626257,202083,203084,2734","Williams, Mejri, Matthews, Barnes, Harris",0,0,0,1,1,20.0
21600343,20161209,2,7,DAL,IND,"1626257 Mejri, 202083 Matthews, 203084 Barnes, 203552 Curry, 2734 Harris","1626257,202083,203084,203552,2734","Mejri, Matthews, Barnes, Curry, Harris",0,0,5,2,2,46.0
21600343,20161209,2,8,DAL,IND,"1627827 Finney-Smith, 202083 Matthews, 203552 Curry, 203939 Powell, 2734 Harris","1627827,202083,203552,203939,2734","Finney-Smith, Matthews, Curry, Powell, Harris",0,2,4,2,2,60.0
21600343,20161209,2,9,DAL,IND,"1626257 Mejri, 1627827 Finney-Smith, 202083 Matthews, 203552 Curry, 2734 Harris","1626257,1627827,202083,203552,2734","Mejri, Finney-Smith, Matthews, Curry, Harris",0,4,2,3,3,72.0
21600343,20161209,2,10,DAL,IND,"101114 Williams, 1626257 Mejri, 202083 Matthews, 203084 Barnes, 203552 Curry","101114,1626257,202083,203084,203552","Williams, Mejri, Matthews, Barnes, Curry",0,5,0,2,3,56.0
21600343,20161209,2,11,DAL,IND,"101114 Williams, 1626257 Mejri, 1627827 Finney-Smith, 202083 Matthews, 203084 Barnes","101114,1626257,1627827,202083,203084","Williams, Mejri, Finney-Smith, Matthews, Barnes",0,5,2,7,6,184.3
21600343,20161209,2,12,DAL,IND,"1626257 Mejri, 1627827 Finney-Smith, 202083 Matthews, 203084 Barnes, 2734 Harris","1626257,1627827,202083,203084,2734","Mejri, Finney-Smith, Matthews, Barnes, Harris",0,0,0,1,0,5.7
21600343,20161209,3,1,DAL,IND,"1626257 Mejri, 1627827 Finney-Smith, 202083 Matthews, 203084 Barnes, 2734 Harris","1626257,1627827,202083,203084,2734","Mejri, Finney-Smith, Matthews, Barnes, Harris",0,0,0,0,1,20.0
21600343,20161209,3,2,DAL,IND,"101114 Williams, 1626257 Mejri, 1627827 Finney-Smith, 202083 Matthews, 203084 Barnes","101114,1626257,1627827,202083,203084","Williams, Mejri, Finney-Smith, Matthews, Barnes",0,14,6,9,10,318.0
21600343,20161209,3,3,DAL,IND,"101114 Williams, 1626257 Mejri, 1627827 Finney-Smith, 202083 Matthews, 203084 Barnes","101114,1626257,1627827,202083,203084","Williams, Mejri, Finney-Smith, Matthews, Barnes",0,0,3,1,1,14.0
21600343,20161209,3,4,DAL,IND,"1626257 Mejri, 1627827 Finney-Smith, 202083 Matthews, 203084 Barnes, 203552 Curry","1626257,1627827,202083,203084,203552","Mejri, Finney-Smith, Matthews, Barnes, Curry",0,6,0,2,2,49.0
21600343,20161209,3,5,DAL,IND,"1627827 Finney-Smith, 202083 Matthews, 203552 Curry, 203939 Powell, 2734 Harris","1627827,202083,203552,203939,2734","Finney-Smith, Matthews, Curry, Powell, Harris",0,0,2,0,1,12.0
21600343,20161209,3,6,DAL,IND,"1627827 Finney-Smith, 202083 Matthews, 203552 Curry, 203939 Powell, 2734 Harris","1627827,202083,203552,203939,2734","Finney-Smith, Matthews, Curry, Powell, Harris",0,2,5,4,3,101.0
21600343,20161209,3,7,DAL,IND,"1627827 Finney-Smith, 202083 Matthews, 203552 Curry, 203939 Powell, 2734 Harris","1627827,202083,203552,203939,2734","Finney-Smith, Matthews, Curry, Powell, Harris",0,3,3,2,1,31.0
21600343,20161209,3,8,DAL,IND,"1627852 Brussino, 203084 Barnes, 203552 Curry, 203939 Powell, 2734 Harris","1627852,203084,203552,203939,2734","Brussino, Barnes, Curry, Powell, Harris",0,6,6,8,6,175.0
21600343,20161209,4,1,DAL,IND,"1627852 Brussino, 203084 Barnes, 203552 Curry, 203939 Powell, 2734 Harris","1627852,203084,203552,203939,2734","Brussino, Barnes, Curry, Powell, Harris",0,0,0,1,0,10.0
21600343,20161209,4,2,DAL,IND,"101114 Williams, 1627852 Brussino, 203084 Barnes, 203552 Curry, 203939 Powell","101114,1627852,203084,203552,203939","Williams, Brussino, Barnes, Curry, Powell",0,8,6,6,5,161.0
21600343,20161209,4,3,DAL,IND,"101114 Williams, 1626257 Mejri, 1627852 Brussino, 203084 Barnes, 203552 Curry","101114,1626257,1627852,203084,203552","Williams, Mejri, Brussino, Barnes, Curry",0,2,0,2,2,40.0
21600343,20161209,4,4,DAL,IND,"101114 Williams, 1626257 Mejri, 1627827 Finney-Smith, 202083 Matthews, 203552 Curry","101114,1626257,1627827,202083,203552","Williams, Mejri, Finney-Smith, Matthews, Curry",0,6,7,4,4,141.0
21600343,20161209,4,5,DAL,IND,"101114 Williams, 1626257 Mejri, 202083 Matthews, 203084 Barnes, 2734 Harris","101114,1626257,202083,203084,2734","Williams, Mejri, Matthews, Barnes, Harris",0,0,0,2,1,40.0
21600343,20161209,4,6,DAL,IND,"101114 Williams, 202083 Matthews, 203084 Barnes, 203939 Powell, 2734 Harris","101114,202083,203084,203939,2734","Williams, Matthews, Barnes, Powell, Harris",0,4,4,2,2,46.0
21600343,20161209,4,7,DAL,IND,"101114 Williams, 1627827 Finney-Smith, 202083 Matthews, 203084 Barnes, 203939 Powell","101114,1627827,202083,203084,203939","Williams, Finney-Smith, Matthews, Barnes, Powell",0,6,9,9,8,282.0
21600352,20161210,1,1,DAL,HOU,"101114 Williams, 1626257 Mejri, 1627827 Finney-Smith, 202083 Matthews, 203084 Barnes","101114,1626257,1627827,202083,203084","Williams, Mejri, Finney-Smith, Matthews, Barnes",0,12,15,12,12,347.0
21600352,20161210,1,2,DAL,HOU,"101114 Williams, 1626257 Mejri, 1627827 Finney-Smith, 202083 Matthews, 203084 Barnes","101114,1626257,1627827,202083,203084","Williams, Mejri, Finney-Smith, Matthews, Barnes",0,2,6,5,5,110.0
21600352,20161210,1,3,DAL,HOU,"1627827 Finney-Smith, 202083 Matthews, 203552 Curry, 203939 Powell, 2734 Harris","1627827,202083,203552,203939,2734","Finney-Smith, Matthews, Curry, Powell, Harris",0,7,9,5,4,128.0
21600352,20161210,1,4,DAL,HOU,"1627827 Finney-Smith, 202083 Matthews, 203552 Curry, 203939 Powell, 2734 Harris","1627827,202083,203552,203939,2734","Finney-Smith, Matthews, Curry, Powell, Harris",0,1,0,1,0,23.0
21600352,20161210,1,5,DAL,HOU,"1627827 Finney-Smith, 202083 Matthews, 203552 Curry, 203939 Powell, 2734 Harris","1627827,202083,203552,203939,2734","Finney-Smith, Matthews, Curry, Powell, Harris",0,5,6,3,4,112.0
21600352,20161210,2,1,DAL,HOU,"1627827 Finney-Smith, 202083 Matthews, 203552 Curry, 203939 Powell, 2734 Harris","1627827,202083,203552,203939,2734","Finney-Smith, Matthews, Curry, Powell, Harris",0,0,0,0,1,21.0
21600352,20161210,2,2,DAL,HOU,"101114 Williams, 1627852 Brussino, 203084 Barnes, 203552 Curry, 203939 Powell","101114,1627852,203084,203552,203939","Williams, Brussino, Barnes, Curry, Powell",0,2,7,3,4,96.0
21600352,20161210,2,3,DAL,HOU,"101114 Williams, 1627852 Brussino, 203084 Barnes, 203552 Curry, 203939 Powell","101114,1627852,203084,203552,203939","Williams, Brussino, Barnes, Curry, Powell",0,0,0,0,1,18.0
21600352,20161210,2,4,DAL,HOU,"101114 Williams, 1627852 Brussino, 203084 Barnes, 203552 Curry, 203939 Powell","101114,1627852,203084,203552,203939","Williams, Brussino, Barnes, Curry, Powell",0,5,0,2,1,43.0
21600352,20161210,2,5,DAL,HOU,"101114 Williams, 1627852 Brussino, 203084 Barnes, 203552 Curry, 203939 Powell","101114,1627852,203084,203552,203939","Williams, Brussino, Barnes, Curry, Powell",0,0,0,0,1,20.0
21600352,20161210,2,6,DAL,HOU,"101114 Williams, 1627852 Brussino, 203084 Barnes, 203552 Curry, 203939 Powell","101114,1627852,203084,203552,203939","Williams, Brussino, Barnes, Curry, Powell",0,0,2,0,1,6.0
21600352,20161210,2,7,DAL,HOU,"101114 Williams, 1626257 Mejri, 1627852 Brussino, 203084 Barnes, 203552 Curry","101114,1626257,1627852,203084,203552","Williams, Mejri, Brussino, Barnes, Curry",0,3,4,4,3,92.0
21600352,20161210,2,8,DAL,HOU,"1627827 Finney-Smith, 202083 Matthews, 203084 Barnes, 203552 Curry, 203939 Powell","1627827,202083,203084,203552,203939","Finney-Smith, Matthews, Barnes, Curry, Powell",0,5,4,5,4,149.0
21600352,20161210,2,9,DAL,HOU,"1626147 Anderson, 1627827 Finney-Smith, 202083 Matthews, 203552 Curry, 203939 Powell","1626147,1627827,202083,203552,203939","Anderson, Finney-Smith, Matthews, Curry, Powell",0,0,0,1,1,22.0
21600352,20161210,2,10,DAL,HOU,"101114 Williams, 1626147 Anderson, 1627827 Finney-Smith, 202083 Matthews, 203939 Powell","101114,1626147,1627827,202083,203939","Williams, Anderson, Finney-Smith, Matthews, Powell",0,0,3,1,3,35.0
21600352,20161210,2,11,DAL,HOU,"101114 Williams, 1626147 Anderson, 1627827 Finney-Smith, 202083 Matthews, 203939 Powell","101114,1626147,1627827,202083,203939","Williams, Anderson, Finney-Smith, Matthews, Powell",0,2,0,2,2,52.0
21600352,20161210,2,12,DAL,HOU,"101114 Williams, 1626147 Anderson, 1627827 Finney-Smith, 202083 Matthews, 203939 Powell","101114,1626147,1627827,202083,203939","Williams, Anderson, Finney-Smith, Matthews, Powell",0,3,4,3,3,109.6
21600352,20161210,2,13,DAL,HOU,"101114 Williams, 1627827 Finney-Smith, 202083 Matthews, 203084 Barnes, 203552 Curry","101114,1627827,202083,203084,203552","Williams, Finney-Smith, Matthews, Barnes, Curry",0,2,0,2,2,56.4
21600352,20161210,3,1,DAL,HOU,"101114 Williams, 1627827 Finney-Smith, 202083 Matthews, 203084 Barnes, 203552 Curry","101114,1627827,202083,203084,203552","Williams, Finney-Smith, Matthews, Barnes, Curry",0,0,0,0,1,9.0
21600352,20161210,3,2,DAL,HOU,"101114 Williams, 1626257 Mejri, 1627827 Finney-Smith, 202083 Matthews, 203084 Barnes","101114,1626257,1627827,202083,203084","Williams, Mejri, Finney-Smith, Matthews, Barnes",0,0,4,3,4,126.0
21600352,20161210,3,3,DAL,HOU,"101114 Williams, 1626257 Mejri, 1627827 Finney-Smith, 202083 Matthews, 203084 Barnes","101114,1626257,1627827,202083,203084","Williams, Mejri, Finney-Smith, Matthews, Barnes",0,0,0,0,1,1.0
21600352,20161210,3,4,DAL,HOU,"101114 Williams, 1627827 Finney-Smith, 202083 Matthews, 203084 Barnes, 203552 Curry","101114,1627827,202083,203084,203552","Williams, Finney-Smith, Matthews, Barnes, Curry",0,14,11,11,11,330.0
21600352,20161210,3,5,DAL,HOU,"1626780 Gibson, 202083 Matthews, 203084 Barnes, 203552 Curry, 203939 Powell","1626780,202083,203084,203552,203939","Gibson, Matthews, Barnes, Curry, Powell",0,6,8,4,5,150.0
21600352,20161210,3,6,DAL,HOU,"1626147 Anderson, 1626780 Gibson, 202083 Matthews, 203552 Curry, 203939 Powell","1626147,1626780,202083,203552,203939","Anderson, Gibson, Matthews, Curry, Powell",0,0,3,3,3,104.0
21600352,20161210,4,1,DAL,HOU,"1626147 Anderson, 1626780 Gibson, 202083 Matthews, 203552 Curry, 203939 Powell","1626147,1626780,202083,203552,203939","Anderson, Gibson, Matthews, Curry, Powell",0,0,0,1,0,11.0
21600352,20161210,4,2,DAL,HOU,"101114 Williams, 1626147 Anderson, 1626780 Gibson, 1627852 Brussino, 203939 Powell","101114,1626147,1626780,1627852,203939","Williams, Anderson, Gibson, Brussino, Powell",0,2,0,5,5,122.0
21600352,20161210,4,3,DAL,HOU,"101114 Williams, 1626780 Gibson, 1627852 Brussino, 203084 Barnes, 203939 Powell","101114,1626780,1627852,203084,203939","Williams, Gibson, Brussino, Barnes, Powell",0,6,6,3,5,110.0
21600352,20161210,4,4,DAL,HOU,"101114 Williams, 1626780 Gibson, 202083 Matthews, 203084 Barnes, 203939 Powell","101114,1626780,202083,203084,203939","Williams, Gibson, Matthews, Barnes, Powell",0,0,0,2,3,65.0
21600352,20161210,4,5,DAL,HOU,"101114 Williams, 202083 Matthews, 203084 Barnes, 203552 Curry, 203939 Powell","101114,202083,203084,203552,203939","Williams, Matthews, Barnes, Curry, Powell",0,5,8,4,4,126.0
21600352,20161210,4,6,DAL,HOU,"1626780 Gibson, 202083 Matthews, 203084 Barnes, 203552 Curry, 203939 Powell","1626780,202083,203084,203552,203939","Gibson, Matthews, Barnes, Curry, Powell",0,2,0,2,2,47.0
21600352,20161210,4,7,DAL,HOU,"1626147 Anderson, 1626780 Gibson, 1627773 Hammons, 1627852 Brussino, 203552 Curry","1626147,1626780,1627773,1627852,203552","Anderson, Gibson, Hammons, Brussino, Curry",0,0,2,1,1,41.0
21600352,20161210,4,8,DAL,HOU,"1626147 Anderson, 1626780 Gibson, 1627773 Hammons, 1627827 Finney-Smith, 1627852 Brussino","1626147,1626780,1627773,1627827,1627852","Anderson, Gibson, Hammons, Finney-Smith, Brussino",0,3,7,7,7,198.0
21600365,20161212,1,1,DAL,DEN,"101114 Williams, 1626257 Mejri, 1627827 Finney-Smith, 202083 Matthews, 203084 Barnes","101114,1626257,1627827,202083,203084","Williams, Mejri, Finney-Smith, Matthews, Barnes",0,10,2,9,9,270.0
21600365,20161212,1,2,DAL,DEN,"101114 Williams, 1626257 Mejri, 1627827 Finney-Smith, 202083 Matthews, 203084 Barnes","101114,1626257,1627827,202083,203084","Williams, Mejri, Finney-Smith, Matthews, Barnes",0,2,4,4,4,103.0
21600365,20161212,1,3,DAL,DEN,"1627827 Finney-Smith, 202083 Matthews, 203552 Curry, 203939 Powell, 2734 Harris","1627827,202083,203552,203939,2734","Finney-Smith, Matthews, Curry, Powell, Harris",0,2,2,2,2,58.0
21600365,20161212,1,4,DAL,DEN,"1627827 Finney-Smith, 202083 Matthews, 203552 Curry, 203939 Powell, 2734 Harris","1627827,202083,203552,203939,2734","Finney-Smith, Matthews, Curry, Powell, Harris",0,3,5,3,3,70.0
21600365,20161212,1,5,DAL,DEN,"1627827 Finney-Smith, 202083 Matthews, 203552 Curry, 203939 Powell, 2734 Harris","1627827,202083,203552,203939,2734","Finney-Smith, Matthews, Curry, Powell, Harris",0,4,0,2,2,50.0
21600365,20161212,1,6,DAL,DEN,"101114 Williams, 1627827 Finney-Smith, 202083 Matthews, 203939 Powell, 2734 Harris","101114,1627827,202083,203939,2734","Williams, Finney-Smith, Matthews, Powell, Harris",0,2,6,3,4,99.0
21600365,20161212,1,7,DAL,DEN,"101114 Williams, 1626147 Anderson, 203084 Barnes, 203939 Powell, 2734 Harris","101114,1626147,203084,203939,2734","Williams, Anderson, Barnes, Powell, Harris",0,4,0,2,2,70.0
21600365,20161212,2,1,DAL,DEN,"101114 Williams, 1626147 Anderson, 203084 Barnes, 203939 Powell, 2734 Harris","101114,1626147,203084,203939,2734","Williams, Anderson, Barnes, Powell, Harris",0,9,7,7,8,196.0
21600365,20161212,2,2,DAL,DEN,"101114 Williams, 1626147 Anderson, 1626257 Mejri, 203084 Barnes, 2734 Harris","101114,1626147,1626257,203084,2734","Williams, Anderson, Mejri, Barnes, Harris",0,4,2,3,2,59.0
21600365,20161212,2,3,DAL,DEN,"101114 Williams, 1626147 Anderson, 1626257 Mejri, 203084 Barnes, 2734 Harris","101114,1626147,1626257,203084,2734","Williams, Anderson, Mejri, Barnes, Harris",0,2,2,2,1,36.0
21600365,20161212,2,4,DAL,DEN,"101114 Williams, 1626147 Anderson, 1626257 Mejri, 203084 Barnes, 2734 Harris","101114,1626147,1626257,203084,2734","Williams, Anderson, Mejri, Barnes, Harris",0,0,2,2,1,25.0
21600365,20161212,2,5,DAL,DEN,"1626147 Anderson, 1626257 Mejri, 202083 Matthews, 203084 Barnes, 203552 Curry","1626147,1626257,202083,203084,203552","Anderson, Mejri, Matthews, Barnes, Curry",0,4,2,2,2,70.0
21600365,20161212,2,6,DAL,DEN,"1626147 Anderson, 1626257 Mejri, 1627827 Finney-Smith, 202083 Matthews, 203552 Curry","1626147,1626257,1627827,202083,203552","Anderson, Mejri, Finney-Smith, Matthews, Curry",0,4,3,3,4,91.0
21600365,20161212,2,7,DAL,DEN,"101114 Williams, 1626257 Mejri, 1627827 Finney-Smith, 202083 Matthews, 203084 Barnes","101114,1626257,1627827,202083,203084","Williams, Mejri, Finney-Smith, Matthews, Barnes",0,0,1,0,1,19.0
21600365,20161212,2,8,DAL,DEN,"101114 Williams, 1627827 Finney-Smith, 202083 Matthews, 203084 Barnes, 203939 Powell","101114,1627827,202083,203084,203939","Williams, Finney-Smith, Matthews, Barnes, Powell",0,15,5,7,8,202.2
21600365,20161212,2,9,DAL,DEN,"101114 Williams, 1627827 Finney-Smith, 202083 Matthews, 203084 Barnes, 203939 Powell","101114,1627827,202083,203084,203939","Williams, Finney-Smith, Matthews, Barnes, Powell",0,0,0,1,0,21.8
21600365,20161212,3,1,DAL,DEN,"101114 Williams, 1627827 Finney-Smith, 202083 Matthews, 203084 Barnes, 203939 Powell","101114,1627827,202083,203084,203939","Williams, Finney-Smith, Matthews, Barnes, Powell",0,0,0,1,0,12.0
21600365,20161212,3,2,DAL,DEN,"101114 Williams, 1626257 Mejri, 1627827 Finney-Smith, 202083 Matthews, 203084 Barnes","101114,1626257,1627827,202083,203084","Williams, Mejri, Finney-Smith, Matthews, Barnes",0,7,6,8,8,252.0
21600365,20161212,3,3,DAL,DEN,"101114 Williams, 1626257 Mejri, 1627827 Finney-Smith, 202083 Matthews, 203084 Barnes","101114,1626257,1627827,202083,203084","Williams, Mejri, Finney-Smith, Matthews, Barnes",0,4,5,4,5,108.0
21600365,20161212,3,4,DAL,DEN,"1627827 Finney-Smith, 202083 Matthews, 203552 Curry, 203939 Powell, 2734 Harris","1627827,202083,203552,203939,2734","Finney-Smith, Matthews, Curry, Powell, Harris",0,6,0,2,3,60.0
21600365,20161212,3,5,DAL,DEN,"1627827 Finney-Smith, 202083 Matthews, 203552 Curry, 203939 Powell, 2734 Harris","1627827,202083,203552,203939,2734","Finney-Smith, Matthews, Curry, Powell, Harris",0,3,6,4,4,135.0
21600365,20161212,3,6,DAL,DEN,"101114 Williams, 1626147 Anderson, 203084 Barnes, 203939 Powell, 2734 Harris","101114,1626147,203084,203939,2734","Williams, Anderson, Barnes, Powell, Harris",0,7,7,4,4,153.0
21600365,20161212,4,1,DAL,DEN,"101114 Williams, 1626147 Anderson, 203084 Barnes, 203939 Powell, 2734 Harris","101114,1626147,203084,203939,2734","Williams, Anderson, Barnes, Powell, Harris",0,0,0,0,1,15.0
21600365,20161212,4,2,DAL,DEN,"101114 Williams, 1626147 Anderson, 203084 Barnes, 203552 Curry, 203939 Powell","101114,1626147,203084,203552,203939","Williams, Anderson, Barnes, Curry, Powell",0,4,6,3,5,155.0
21600365,20161212,4,3,DAL,DEN,"1626147 Anderson, 202083 Matthews, 203084 Barnes, 203552 Curry, 203939 Powell","1626147,202083,203084,203552,203939","Anderson, Matthews, Barnes, Curry, Powell",0,0,2,1,2,57.0
21600365,20161212,4,4,DAL,DEN,"1626147 Anderson, 1626257 Mejri, 202083 Matthews, 203084 Barnes, 203552 Curry","1626147,1626257,202083,203084,203552","Anderson, Mejri, Matthews, Barnes, Curry",0,5,4,4,4,112.0
21600365,20161212,4,5,DAL,DEN,"1626147 Anderson, 1626257 Mejri, 1627827 Finney-Smith, 202083 Matthews, 203552 Curry","1626147,1626257,1627827,202083,203552","Anderson, Mejri, Finney-Smith, Matthews, Curry",0,0,2,0,1,4.0
21600365,20161212,4,6,DAL,DEN,"101114 Williams, 1626147 Anderson, 1626257 Mejri, 1627827 Finney-Smith, 202083 Matthews","101114,1626147,1626257,1627827,202083","Williams, Anderson, Mejri, Finney-Smith, Matthews",0,4,0,4,3,122.0
21600365,20161212,4,7,DAL,DEN,"1626147 Anderson, 1626257 Mejri, 1627827 Finney-Smith, 202083 Matthews, 203552 Curry","1626147,1626257,1627827,202083,203552","Anderson, Mejri, Finney-Smith, Matthews, Curry",0,4,11,7,8,255.0
21600381,20161214,1,1,DAL,DET,"101114 Williams, 1626257 Mejri, 1627827 Finney-Smith, 202083 Matthews, 203084 Barnes","101114,1626257,1627827,202083,203084","Williams, Mejri, Finney-Smith, Matthews, Barnes",0,7,4,11,12,360.0
21600381,20161214,1,2,DAL,DET,"101114 Williams, 1626257 Mejri, 1627827 Finney-Smith, 202083 Matthews, 203084 Barnes","101114,1626257,1627827,202083,203084","Williams, Mejri, Finney-Smith, Matthews, Barnes",0,3,0,3,3,106.0
21600381,20161214,1,3,DAL,DET,"101114 Williams, 1627827 Finney-Smith, 202083 Matthews, 203939 Powell, 2734 Harris","101114,1627827,202083,203939,2734","Williams, Finney-Smith, Matthews, Powell, Harris",0,0,5,2,2,36.0
21600381,20161214,1,4,DAL,DET,"1627827 Finney-Smith, 202083 Matthews, 203552 Curry, 203939 Powell, 2734 Harris","1627827,202083,203552,203939,2734","Finney-Smith, Matthews, Curry, Powell, Harris",0,0,0,1,1,38.0
21600381,20161214,1,5,DAL,DET,"1627827 Finney-Smith, 202083 Matthews, 203552 Curry, 203939 Powell, 2734 Harris","1627827,202083,203552,203939,2734","Finney-Smith, Matthews, Curry, Powell, Harris",0,3,4,3,4,97.0
21600381,20161214,1,6,DAL,DET,"202083 Matthews, 203084 Barnes, 203552 Curry, 203939 Powell, 2734 Harris","202083,203084,203552,203939,2734","Matthews, Barnes, Curry, Powell, Harris",0,7,4,4,3,83.0
21600381,20161214,2,1,DAL,DET,"202083 Matthews, 203084 Barnes, 203552 Curry, 203939 Powell, 2734 Harris","202083,203084,203552,203939,2734","Matthews, Barnes, Curry, Powell, Harris",0,0,0,0,1,23.0
21600381,20161214,2,2,DAL,DET,"101114 Williams, 1626147 Anderson, 203084 Barnes, 203552 Curry, 203939 Powell","101114,1626147,203084,203552,203939","Williams, Anderson, Barnes, Curry, Powell",0,6,9,7,7,208.0
21600381,20161214,2,3,DAL,DET,"101114 Williams, 1626147 Anderson, 1626257 Mejri, 202083 Matthews, 2734 Harris","101114,1626147,1626257,202083,2734","Williams, Anderson, Mejri, Matthews, Harris",0,0,0,1,0,1.0
21600381,20161214,2,4,DAL,DET,"101114 Williams, 1626147 Anderson, 1626257 Mejri, 202083 Matthews, 2734 Harris","101114,1626147,1626257,202083,2734","Williams, Anderson, Mejri, Matthews, Harris",0,7,8,5,4,160.0
21600381,20161214,2,5,DAL,DET,"1626257 Mejri, 202083 Matthews, 203084 Barnes, 203552 Curry, 2734 Harris","1626257,202083,203084,203552,2734","Mejri, Matthews, Barnes, Curry, Harris",0,2,0,1,0,10.0
21600381,20161214,2,6,DAL,DET,"1626257 Mejri, 202083 Matthews, 203084 Barnes, 203552 Curry, 2734 Harris","1626257,202083,203084,203552,2734","Mejri, Matthews, Barnes, Curry, Harris",0,0,6,3,3,77.0
21600381,20161214,2,7,DAL,DET,"101114 Williams, 1626257 Mejri, 202083 Matthews, 203084 Barnes, 203552 Curry","101114,1626257,202083,203084,203552","Williams, Mejri, Matthews, Barnes, Curry",0,4,2,3,3,89.0
21600381,20161214,2,8,DAL,DET,"101114 Williams, 1626257 Mejri, 202083 Matthews, 203084 Barnes, 203552 Curry","101114,1626257,202083,203084,203552","Williams, Mejri, Matthews, Barnes, Curry",0,0,1,0,1,12.0
21600381,20161214,2,9,DAL,DET,"101114 Williams, 1626257 Mejri, 1627827 Finney-Smith, 202083 Matthews, 203084 Barnes","101114,1626257,1627827,202083,203084","Williams, Mejri, Finney-Smith, Matthews, Barnes",0,2,0,5,4,82.1
21600381,20161214,2,10,DAL,DET,"101114 Williams, 1626257 Mejri, 1627827 Finney-Smith, 202083 Matthews, 203084 Barnes","101114,1626257,1627827,202083,203084","Williams, Mejri, Finney-Smith, Matthews, Barnes",0,2,0,2,1,57.9
21600381,20161214,3,1,DAL,DET,"101114 Williams, 1626257 Mejri, 1627827 Finney-Smith, 202083 Matthews, 203084 Barnes","101114,1626257,1627827,202083,203084","Williams, Mejri, Finney-Smith, Matthews, Barnes",0,0,0,0,1,12.0
21600381,20161214,3,2,DAL,DET,"101114 Williams, 1626257 Mejri, 1627827 Finney-Smith, 202083 Matthews, 203084 Barnes","101114,1626257,1627827,202083,203084","Williams, Mejri, Finney-Smith, Matthews, Barnes",0,12,6,9,11,311.0
21600381,20161214,3,3,DAL,DET,"1626257 Mejri, 1627827 Finney-Smith, 202083 Matthews, 203084 Barnes, 203552 Curry","1626257,1627827,202083,203084,203552","Mejri, Finney-Smith, Matthews, Barnes, Curry",0,2,0,2,2,41.0
21600381,20161214,3,4,DAL,DET,"1626257 Mejri, 1627827 Finney-Smith, 202083 Matthews, 203552 Curry, 2734 Harris","1626257,1627827,202083,203552,2734","Mejri, Finney-Smith, Matthews, Curry, Harris",0,2,1,2,2,43.0
21600381,20161214,3,5,DAL,DET,"1626257 Mejri, 1627827 Finney-Smith, 202083 Matthews, 203552 Curry, 2734 Harris","1626257,1627827,202083,203552,2734","Mejri, Finney-Smith, Matthews, Curry, Harris",0,0,2,2,2,63.0
21600381,20161214,3,6,DAL,DET,"1627827 Finney-Smith, 202083 Matthews, 203552 Curry, 203939 Powell, 2734 Harris","1627827,202083,203552,203939,2734","Finney-Smith, Matthews, Curry, Powell, Harris",0,5,0,3,1,50.0
21600381,20161214,3,7,DAL,DET,"1627827 Finney-Smith, 202083 Matthews, 203552 Curry, 203939 Powell, 2734 Harris","1627827,202083,203552,203939,2734","Finney-Smith, Matthews, Curry, Powell, Harris",0,0,4,3,3,82.0
21600381,20161214,3,8,DAL,DET,"101114 Williams, 1626147 Anderson, 203084 Barnes, 203552 Curry, 203939 Powell","101114,1626147,203084,203552,203939","Williams, Anderson, Barnes, Curry, Powell",0,0,4,4,3,118.0
21600381,20161214,4,1,DAL,DET,"101114 Williams, 1626147 Anderson, 203084 Barnes, 203552 Curry, 203939 Powell","101114,1626147,203084,203552,203939","Williams, Anderson, Barnes, Curry, Powell",0,3,8,4,4,92.0
21600381,20161214,4,2,DAL,DET,"101114 Williams, 1626147 Anderson, 203084 Barnes, 203552 Curry, 203939 Powell","101114,1626147,203084,203552,203939","Williams, Anderson, Barnes, Curry, Powell",0,2,2,4,4,108.0
21600381,20161214,4,3,DAL,DET,"1626257 Mejri, 202083 Matthews, 203084 Barnes, 203552 Curry, 2734 Harris","1626257,202083,203084,203552,2734","Mejri, Matthews, Barnes, Curry, Harris",0,0,5,3,3,86.0
21600381,20161214,4,4,DAL,DET,"101114 Williams, 1626257 Mejri, 1627827 Finney-Smith, 202083 Matthews, 203084 Barnes","101114,1626257,1627827,202083,203084","Williams, Mejri, Finney-Smith, Matthews, Barnes",0,0,2,3,2,101.0
21600381,20161214,4,5,DAL,DET,"101114 Williams, 1627827 Finney-Smith, 202083 Matthews, 203084 Barnes, 203939 Powell","101114,1627827,202083,203084,203939","Williams, Finney-Smith, Matthews, Barnes, Powell",0,0,0,1,1,8.0
21600381,20161214,4,6,DAL,DET,"101114 Williams, 1627827 Finney-Smith, 202083 Matthews, 203084 Barnes, 203939 Powell","101114,1627827,202083,203084,203939","Williams, Finney-Smith, Matthews, Barnes, Powell",0,10,11,7,7,174.0
21600381,20161214,4,7,DAL,DET,"101114 Williams, 202083 Matthews, 203084 Barnes, 203552 Curry, 203939 Powell","101114,202083,203084,203552,203939","Williams, Matthews, Barnes, Curry, Powell",0,2,3,3,4,74.0
21600381,20161214,4,8,DAL,DET,"1626147 Anderson, 1626780 Gibson, 1627773 Hammons, 1627827 Finney-Smith, 1627852 Brussino","1626147,1626780,1627773,1627827,1627852","Anderson, Gibson, Hammons, Finney-Smith, Brussino",0,4,4,5,4,77.0
21600398,20161216,1,1,DAL,UTA,"101114 Williams, 1626257 Mejri, 1627827 Finney-Smith, 202083 Matthews, 203084 Barnes","101114,1626257,1627827,202083,203084","Williams, Mejri, Finney-Smith, Matthews, Barnes",0,8,13,8,10,264.0
21600398,20161216,1,2,DAL,UTA,"101114 Williams, 1626257 Mejri, 1627827 Finney-Smith, 203084 Barnes, 203552 Curry","101114,1626257,1627827,203084,203552","Williams, Mejri, Finney-Smith, Barnes, Curry",0,3,4,3,3,93.0
21600398,20161216,1,3,DAL,UTA,"1627827 Finney-Smith, 203084 Barnes, 203552 Curry, 203939 Powell, 2734 Harris","1627827,203084,203552,203939,2734","Finney-Smith, Barnes, Curry, Powell, Harris",0,5,2,2,2,50.0
21600398,20161216,1,4,DAL,UTA,"1627827 Finney-Smith, 202083 Matthews, 203552 Curry, 203939 Powell, 2734 Harris","1627827,202083,203552,203939,2734","Finney-Smith, Matthews, Curry, Powell, Harris",0,0,2,1,1,27.0
21600398,20161216,1,5,DAL,UTA,"1627827 Finney-Smith, 202083 Matthews, 203552 Curry, 203939 Powell, 2734 Harris","1627827,202083,203552,203939,2734","Finney-Smith, Matthews, Curry, Powell, Harris",0,5,6,4,4,171.0
21600398,20161216,1,6,DAL,UTA,"1626147 Anderson, 203084 Barnes, 203552 Curry, 203939 Powell, 2734 Harris","1626147,203084,203552,203939,2734","Anderson, Barnes, Curry, Powell, Harris",0,3,2,2,2,36.0
21600398,20161216,1,7,DAL,UTA,"1626147 Anderson, 203084 Barnes, 203552 Curry, 203939 Powell, 2734 Harris","1626147,203084,203552,203939,2734","Anderson, Barnes, Curry, Powell, Harris",0,5,4,2,3,79.0
21600398,20161216,2,1,DAL,UTA,"1626147 Anderson, 203084 Barnes, 203552 Curry, 203939 Powell, 2734 Harris","1626147,203084,203552,203939,2734","Anderson, Barnes, Curry, Powell, Harris",0,0,0,1,0,11.0
21600398,20161216,2,2,DAL,UTA,"101114 Williams, 1626147 Anderson, 1626257 Mejri, 203084 Barnes, 203552 Curry","101114,1626147,1626257,203084,203552","Williams, Anderson, Mejri, Barnes, Curry",0,1,0,2,2,23.0
21600398,20161216,2,3,DAL,UTA,"101114 Williams, 1626147 Anderson, 1626257 Mejri, 203084 Barnes, 203552 Curry","101114,1626147,1626257,203084,203552","Williams, Anderson, Mejri, Barnes, Curry",0,10,4,4,5,135.0
21600398,20161216,2,4,DAL,UTA,"101114 Williams, 1626147 Anderson, 1626257 Mejri, 203084 Barnes, 203552 Curry","101114,1626147,1626257,203084,203552","Williams, Anderson, Mejri, Barnes, Curry",0,0,2,1,1,22.0
21600398,20161216,2,5,DAL,UTA,"101114 Williams, 1626147 Anderson, 1626257 Mejri, 203084 Barnes, 2734 Harris","101114,1626147,1626257,203084,2734","Williams, Anderson, Mejri, Barnes, Harris",0,0,0,1,1,36.0
21600398,20161216,2,6,DAL,UTA,"101114 Williams, 1626257 Mejri, 202083 Matthews, 203084 Barnes, 2734 Harris","101114,1626257,202083,203084,2734","Williams, Mejri, Matthews, Barnes, Harris",0,0,1,0,1,1.0
21600398,20161216,2,7,DAL,UTA,"101114 Williams, 1626257 Mejri, 202083 Matthews, 203084 Barnes, 2734 Harris","101114,1626257,202083,203084,2734","Williams, Mejri, Matthews, Barnes, Harris",0,0,1,0,1,16.0
21600398,20161216,2,8,DAL,UTA,"101114 Williams, 1627827 Finney-Smith, 202083 Matthews, 203939 Powell, 2734 Harris","101114,1627827,202083,203939,2734","Williams, Finney-Smith, Matthews, Powell, Harris",0,0,1,2,3,65.0
21600398,20161216,2,9,DAL,UTA,"1627827 Finney-Smith, 202083 Matthews, 203552 Curry, 203939 Powell, 2734 Harris","1627827,202083,203552,203939,2734","Finney-Smith, Matthews, Curry, Powell, Harris",0,3,5,3,4,77.0
21600398,20161216,2,10,DAL,UTA,"101114 Williams, 1627827 Finney-Smith, 202083 Matthews, 203552 Curry, 203939 Powell","101114,1627827,202083,203552,203939","Williams, Finney-Smith, Matthews, Curry, Powell",0,2,0,2,2,34.0
21600398,20161216,2,11,DAL,UTA,"101114 Williams, 1627827 Finney-Smith, 202083 Matthews, 203552 Curry, 203939 Powell","101114,1627827,202083,203552,203939","Williams, Finney-Smith, Matthews, Curry, Powell",0,0,3,2,2,46.0
21600398,20161216,2,12,DAL,UTA,"101114 Williams, 202083 Matthews, 203084 Barnes, 203552 Curry, 203939 Powell","101114,202083,203084,203552,203939","Williams, Matthews, Barnes, Curry, Powell",0,2,3,2,2,71.0
21600398,20161216,2,13,DAL,UTA,"101114 Williams, 1626147 Anderson, 202083 Matthews, 203084 Barnes, 203939 Powell","101114,1626147,202083,203084,203939","Williams, Anderson, Matthews, Barnes, Powell",0,4,9,5,4,118.0
21600398,20161216,2,14,DAL,UTA,"101114 Williams, 1627827 Finney-Smith, 202083 Matthews, 203084 Barnes, 203939 Powell","101114,1627827,202083,203084,203939","Williams, Finney-Smith, Matthews, Barnes, Powell",0,5,2,3,2,65.0
21600398,20161216,3,1,DAL,UTA,"101114 Williams, 1627827 Finney-Smith, 202083 Matthews, 203084 Barnes, 203939 Powell","101114,1627827,202083,203084,203939","Williams, Finney-Smith, Matthews, Barnes, Powell",0,0,0,1,0,11.0
21600398,20161216,3,2,DAL,UTA,"101114 Williams, 1626257 Mejri, 1627827 Finney-Smith, 202083 Matthews, 203084 Barnes","101114,1626257,1627827,202083,203084","Williams, Mejri, Finney-Smith, Matthews, Barnes",0,2,2,3,3,100.0
21600398,20161216,3,3,DAL,UTA,"101114 Williams, 1627773 Hammons, 1627827 Finney-Smith, 202083 Matthews, 203084 Barnes","101114,1627773,1627827,202083,203084","Williams, Hammons, Finney-Smith, Matthews, Barnes",0,0,2,3,3,86.0
21600398,20161216,3,4,DAL,UTA,"101114 Williams, 1627773 Hammons, 1627827 Finney-Smith, 202083 Matthews, 203084 Barnes","101114,1627773,1627827,202083,203084","Williams, Hammons, Finney-Smith, Matthews, Barnes",0,5,2,3,3,101.0
21600398,20161216,3,5,DAL,UTA,"1627827 Finney-Smith, 202083 Matthews, 203084 Barnes, 203552 Curry, 203939 Powell","1627827,202083,203084,203552,203939","Finney-Smith, Matthews, Barnes, Curry, Powell",0,7,5,5,6,153.0
21600398,20161216,3,6,DAL,UTA,"1627827 Finney-Smith, 202083 Matthews, 203552 Curry, 203939 Powell, 2734 Harris","1627827,202083,203552,203939,2734","Finney-Smith, Matthews, Curry, Powell, Harris",0,0,6,3,3,102.0
21600398,20161216,3,7,DAL,UTA,"101114 Williams, 1626147 Anderson, 203084 Barnes, 203939 Powell, 2734 Harris","101114,1626147,203084,203939,2734","Williams, Anderson, Barnes, Powell, Harris",0,1,0,2,1,38.0
21600398,20161216,3,8,DAL,UTA,"101114 Williams, 1626147 Anderson, 203084 Barnes, 203939 Powell, 2734 Harris","101114,1626147,203084,203939,2734","Williams, Anderson, Barnes, Powell, Harris",0,4,9,4,4,129.0
21600398,20161216,4,1,DAL,UTA,"101114 Williams, 1626147 Anderson, 203084 Barnes, 203939 Powell, 2734 Harris","101114,1626147,203084,203939,2734","Williams, Anderson, Barnes, Powell, Harris",0,6,2,4,5,143.0
21600398,20161216,4,2,DAL,UTA,"101114 Williams, 1626147 Anderson, 1626257 Mejri, 203084 Barnes, 2734 Harris","101114,1626147,1626257,203084,2734","Williams, Anderson, Mejri, Barnes, Harris",0,0,2,1,2,41.0
21600398,20161216,4,3,DAL,UTA,"1626147 Anderson, 1626257 Mejri, 203084 Barnes, 203552 Curry, 2734 Harris","1626147,1626257,203084,203552,2734","Anderson, Mejri, Barnes, Curry, Harris",0,3,0,2,2,56.0
21600398,20161216,4,4,DAL,UTA,"1626147 Anderson, 1626257 Mejri, 202083 Matthews, 203084 Barnes, 203552 Curry","1626147,1626257,202083,203084,203552","Anderson, Mejri, Matthews, Barnes, Curry",0,0,3,2,2,46.0
21600398,20161216,4,5,DAL,UTA,"101114 Williams, 1626147 Anderson, 1626257 Mejri, 202083 Matthews, 203552 Curry","101114,1626147,1626257,202083,203552","Williams, Anderson, Mejri, Matthews, Curry",0,5,1,5,4,138.0
21600398,20161216,4,6,DAL,UTA,"101114 Williams, 1626257 Mejri, 202083 Matthews, 203084 Barnes, 203552 Curry","101114,1626257,202083,203084,203552","Williams, Mejri, Matthews, Barnes, Curry",0,7,2,7,7,230.0
21600398,20161216,4,7,DAL,UTA,"101114 Williams, 1626257 Mejri, 202083 Matthews, 203084 Barnes, 203552 Curry","101114,1626257,202083,203084,203552","Williams, Mejri, Matthews, Barnes, Curry",0,2,0,1,2,20.6
21600398,20161216,4,8,DAL,UTA,"101114 Williams, 1626257 Mejri, 202083 Matthews, 203084 Barnes, 203552 Curry","101114,1626257,202083,203084,203552","Williams, Mejri, Matthews, Barnes, Curry",0,0,3,1,2,44.6
21600398,20161216,4,9,DAL,UTA,"101114 Williams, 1626257 Mejri, 202083 Matthews, 203084 Barnes, 203552 Curry","101114,1626257,202083,203084,203552","Williams, Mejri, Matthews, Barnes, Curry",0,0,0,0,0,0.8
21600411,20161218,1,1,DAL,SAC,"101114 Williams, 1626257 Mejri, 1627827 Finney-Smith, 202083 Matthews, 203084 Barnes","101114,1626257,1627827,202083,203084","Williams, Mejri, Finney-Smith, Matthews, Barnes",0,13,10,11,11,343.0
21600411,20161218,1,2,DAL,SAC,"1627773 Hammons, 202083 Matthews, 203552 Curry, 203939 Powell, 2734 Harris","1627773,202083,203552,203939,2734","Hammons, Matthews, Curry, Powell, Harris",0,0,3,2,2,47.0
21600411,20161218,1,3,DAL,SAC,"1627773 Hammons, 202083 Matthews, 203552 Curry, 203939 Powell, 2734 Harris","1627773,202083,203552,203939,2734","Hammons, Matthews, Curry, Powell, Harris",0,9,6,7,6,177.0
21600411,20161218,1,4,DAL,SAC,"1627773 Hammons, 1627827 Finney-Smith, 203084 Barnes, 203552 Curry, 2734 Harris","1627773,1627827,203084,203552,2734","Hammons, Finney-Smith, Barnes, Curry, Harris",0,6,2,5,4,153.0
21600411,20161218,2,1,DAL,SAC,"1627773 Hammons, 1627827 Finney-Smith, 203084 Barnes, 203552 Curry, 2734 Harris","1627773,1627827,203084,203552,2734","Hammons, Finney-Smith, Barnes, Curry, Harris",0,0,0,0,1,15.0
21600411,20161218,2,2,DAL,SAC,"101114 Williams, 1627827 Finney-Smith, 203084 Barnes, 203552 Curry, 203939 Powell","101114,1627827,203084,203552,203939","Williams, Finney-Smith, Barnes, Curry, Powell",0,10,5,6,7,190.0
21600411,20161218,2,3,DAL,SAC,"101114 Williams, 1627773 Hammons, 1627827 Finney-Smith, 203552 Curry, 203939 Powell","101114,1627773,1627827,203552,203939","Williams, Hammons, Finney-Smith, Curry, Powell",0,0,0,1,2,10.0
21600411,20161218,2,4,DAL,SAC,"101114 Williams, 1627773 Hammons, 1627827 Finney-Smith, 203939 Powell, 2734 Harris","101114,1627773,1627827,203939,2734","Williams, Hammons, Finney-Smith, Powell, Harris",0,0,1,0,1,8.0
21600411,20161218,2,5,DAL,SAC,"101114 Williams, 1627773 Hammons, 1627827 Finney-Smith, 203939 Powell, 2734 Harris","101114,1627773,1627827,203939,2734","Williams, Hammons, Finney-Smith, Powell, Harris",0,2,0,2,1,27.0
21600411,20161218,2,6,DAL,SAC,"101114 Williams, 1627773 Hammons, 1627827 Finney-Smith, 203939 Powell, 2734 Harris","101114,1627773,1627827,203939,2734","Williams, Hammons, Finney-Smith, Powell, Harris",0,3,2,3,3,68.0
21600411,20161218,2,7,DAL,SAC,"101114 Williams, 1626257 Mejri, 202083 Matthews, 203084 Barnes, 2734 Harris","101114,1626257,202083,203084,2734","Williams, Mejri, Matthews, Barnes, Harris",0,5,8,5,6,149.0
21600411,20161218,2,8,DAL,SAC,"1626257 Mejri, 202083 Matthews, 203084 Barnes, 203552 Curry, 2734 Harris","1626257,202083,203084,203552,2734","Mejri, Matthews, Barnes, Curry, Harris",0,2,2,3,3,67.0
21600411,20161218,2,9,DAL,SAC,"101114 Williams, 1626257 Mejri, 202083 Matthews, 203084 Barnes, 203552 Curry","101114,1626257,202083,203084,203552","Williams, Mejri, Matthews, Barnes, Curry",0,5,5,6,4,186.0
21600411,20161218,3,1,DAL,SAC,"101114 Williams, 1626257 Mejri, 202083 Matthews, 203084 Barnes, 203552 Curry","101114,1626257,202083,203084,203552","Williams, Mejri, Matthews, Barnes, Curry",0,0,0,0,1,20.0
21600411,20161218,3,2,DAL,SAC,"101114 Williams, 1626257 Mejri, 1627827 Finney-Smith, 202083 Matthews, 203084 Barnes","101114,1626257,1627827,202083,203084","Williams, Mejri, Finney-Smith, Matthews, Barnes",0,14,10,12,13,369.0
21600411,20161218,3,3,DAL,SAC,"1627773 Hammons, 202083 Matthews, 203552 Curry, 203939 Powell, 2734 Harris","1627773,202083,203552,203939,2734","Hammons, Matthews, Curry, Powell, Harris",0,3,2,5,4,126.0
21600411,20161218,3,4,DAL,SAC,"1627773 Hammons, 202083 Matthews, 203552 Curry, 203939 Powell, 2734 Harris","1627773,202083,203552,203939,2734","Hammons, Matthews, Curry, Powell, Harris",0,0,0,2,1,39.0
21600411,20161218,3,5,DAL,SAC,"1627773 Hammons, 202083 Matthews, 203552 Curry, 203939 Powell, 2734 Harris","1627773,202083,203552,203939,2734","Hammons, Matthews, Curry, Powell, Harris",0,4,0,3,1,41.0
21600411,20161218,3,6,DAL,SAC,"1627773 Hammons, 202083 Matthews, 203552 Curry, 203939 Powell, 2734 Harris","1627773,202083,203552,203939,2734","Hammons, Matthews, Curry, Powell, Harris",0,0,2,5,4,125.0
21600411,20161218,4,1,DAL,SAC,"1627773 Hammons, 202083 Matthews, 203552 Curry, 203939 Powell, 2734 Harris","1627773,202083,203552,203939,2734","Hammons, Matthews, Curry, Powell, Harris",0,0,0,1,0,18.0
21600411,20161218,4,2,DAL,SAC,"101114 Williams, 1627827 Finney-Smith, 203084 Barnes, 203552 Curry, 203939 Powell","101114,1627827,203084,203552,203939","Williams, Finney-Smith, Barnes, Curry, Powell",0,2,2,2,2,50.0
21600411,20161218,4,3,DAL,SAC,"101114 Williams, 1627827 Finney-Smith, 203084 Barnes, 203552 Curry, 203939 Powell","101114,1627827,203084,203552,203939","Williams, Finney-Smith, Barnes, Curry, Powell",0,6,10,5,5,138.0
21600411,20161218,4,4,DAL,SAC,"101114 Williams, 1627827 Finney-Smith, 202083 Matthews, 203939 Powell, 2734 Harris","101114,1627827,202083,203939,2734","Williams, Finney-Smith, Matthews, Powell, Harris",0,2,0,5,4,122.0
21600411,20161218,4,5,DAL,SAC,"101114 Williams, 1626257 Mejri, 1627827 Finney-Smith, 202083 Matthews, 2734 Harris","101114,1626257,1627827,202083,2734","Williams, Mejri, Finney-Smith, Matthews, Harris",0,3,0,2,2,51.0
21600411,20161218,4,6,DAL,SAC,"101114 Williams, 1626257 Mejri, 1627827 Finney-Smith, 202083 Matthews, 203552 Curry","101114,1626257,1627827,202083,203552","Williams, Mejri, Finney-Smith, Matthews, Curry",0,3,5,4,6,136.0
21600411,20161218,4,7,DAL,SAC,"101114 Williams, 1626257 Mejri, 202083 Matthews, 203084 Barnes, 203552 Curry","101114,1626257,202083,203084,203552","Williams, Mejri, Matthews, Barnes, Curry",0,5,4,8,7,205.0
21600417,20161219,1,1,DAL,DEN,"101114 Williams, 1626257 Mejri, 1627827 Finney-Smith, 203084 Barnes, 203939 Powell","101114,1626257,1627827,203084,203939","Williams, Mejri, Finney-Smith, Barnes, Powell",0,13,24,22,23,627.0
21600417,20161219,1,2,DAL,DEN,"1627827 Finney-Smith, 200826 Barea, 203084 Barnes, 203552 Curry, 203939 Powell","1627827,200826,203084,203552,203939","Finney-Smith, Barea, Barnes, Curry, Powell",0,4,0,3,3,93.0
21600417,20161219,2,1,DAL,DEN,"1627827 Finney-Smith, 200826 Barea, 203084 Barnes, 203552 Curry, 203939 Powell","1627827,200826,203084,203552,203939","Finney-Smith, Barea, Barnes, Curry, Powell",0,0,0,1,0,12.0
21600417,20161219,2,2,DAL,DEN,"101114 Williams, 1627827 Finney-Smith, 203084 Barnes, 203552 Curry, 203939 Powell","101114,1627827,203084,203552,203939","Williams, Finney-Smith, Barnes, Curry, Powell",0,10,2,4,4,88.0
21600417,20161219,2,3,DAL,DEN,"101114 Williams, 1627827 Finney-Smith, 203084 Barnes, 203552 Curry, 203939 Powell","101114,1627827,203084,203552,203939","Williams, Finney-Smith, Barnes, Curry, Powell",0,7,4,4,5,129.0
21600417,20161219,2,4,DAL,DEN,"101114 Williams, 1626147 Anderson, 1627827 Finney-Smith, 200826 Barea, 203939 Powell","101114,1626147,1627827,200826,203939","Williams, Anderson, Finney-Smith, Barea, Powell",0,0,2,1,1,30.0
21600417,20161219,2,5,DAL,DEN,"101114 Williams, 1626147 Anderson, 1626257 Mejri, 200826 Barea, 202083 Matthews","101114,1626147,1626257,200826,202083","Williams, Anderson, Mejri, Barea, Matthews",0,2,2,3,2,38.0
21600417,20161219,2,6,DAL,DEN,"101114 Williams, 1626147 Anderson, 1626257 Mejri, 200826 Barea, 202083 Matthews","101114,1626147,1626257,200826,202083","Williams, Anderson, Mejri, Barea, Matthews",0,0,0,0,1,1.0
21600417,20161219,2,7,DAL,DEN,"101114 Williams, 1626147 Anderson, 1626257 Mejri, 200826 Barea, 202083 Matthews","101114,1626147,1626257,200826,202083","Williams, Anderson, Mejri, Barea, Matthews",0,0,4,3,3,79.0
21600417,20161219,2,8,DAL,DEN,"1626257 Mejri, 200826 Barea, 202083 Matthews, 203084 Barnes, 203552 Curry","1626257,200826,202083,203084,203552","Mejri, Barea, Matthews, Barnes, Curry",0,4,7,4,4,113.0
21600417,20161219,2,9,DAL,DEN,"1626257 Mejri, 200826 Barea, 202083 Matthews, 203084 Barnes, 203552 Curry","1626257,200826,202083,203084,203552","Mejri, Barea, Matthews, Barnes, Curry",0,2,2,3,3,67.0
21600417,20161219,2,10,DAL,DEN,"200826 Barea, 202083 Matthews, 203084 Barnes, 203552 Curry, 203939 Powell","200826,202083,203084,203552,203939","Barea, Matthews, Barnes, Curry, Powell",0,0,7,3,3,98.0
21600417,20161219,2,11,DAL,DEN,"101114 Williams, 202083 Matthews, 203084 Barnes, 203552 Curry, 203939 Powell","101114,202083,203084,203552,203939","Williams, Matthews, Barnes, Curry, Powell",0,0,2,2,1,57.9
21600417,20161219,2,12,DAL,DEN,"101114 Williams, 202083 Matthews, 203084 Barnes, 203552 Curry, 203939 Powell","101114,202083,203084,203552,203939","Williams, Matthews, Barnes, Curry, Powell",0,2,0,1,0,7.1
21600417,20161219,3,1,DAL,DEN,"101114 Williams, 202083 Matthews, 203084 Barnes, 203552 Curry, 203939 Powell","101114,202083,203084,203552,203939","Williams, Matthews, Barnes, Curry, Powell",0,0,0,1,0,15.0
21600417,20161219,3,2,DAL,DEN,"101114 Williams, 1626257 Mejri, 1627827 Finney-Smith, 202083 Matthews, 203084 Barnes","101114,1626257,1627827,202083,203084","Williams, Mejri, Finney-Smith, Matthews, Barnes",0,10,13,8,6,189.0
21600417,20161219,3,3,DAL,DEN,"101114 Williams, 1627827 Finney-Smith, 202083 Matthews, 203084 Barnes, 203939 Powell","101114,1627827,202083,203084,203939","Williams, Finney-Smith, Matthews, Barnes, Powell",0,5,6,6,6,159.0
21600417,20161219,3,4,DAL,DEN,"1627827 Finney-Smith, 202083 Matthews, 203552 Curry, 203939 Powell, 2734 Harris","1627827,202083,203552,203939,2734","Finney-Smith, Matthews, Curry, Powell, Harris",0,3,6,2,3,105.0
21600417,20161219,3,5,DAL,DEN,"1627827 Finney-Smith, 202083 Matthews, 203552 Curry, 203939 Powell, 2734 Harris","1627827,202083,203552,203939,2734","Finney-Smith, Matthews, Curry, Powell, Harris",0,0,3,1,1,10.0
21600417,20161219,3,6,DAL,DEN,"1626147 Anderson, 202083 Matthews, 203552 Curry, 203939 Powell, 2734 Harris","1626147,202083,203552,203939,2734","Anderson, Matthews, Curry, Powell, Harris",0,3,0,3,3,83.0
21600417,20161219,3,7,DAL,DEN,"1626147 Anderson, 202083 Matthews, 203552 Curry, 203939 Powell, 2734 Harris","1626147,202083,203552,203939,2734","Anderson, Matthews, Curry, Powell, Harris",0,0,1,1,2,65.0
21600417,20161219,3,8,DAL,DEN,"1626147 Anderson, 202083 Matthews, 203552 Curry, 203939 Powell, 2734 Harris","1626147,202083,203552,203939,2734","Anderson, Matthews, Curry, Powell, Harris",0,0,2,1,1,10.0
21600417,20161219,3,9,DAL,DEN,"1626147 Anderson, 1626780 Gibson, 203084 Barnes, 203552 Curry, 203939 Powell","1626147,1626780,203084,203552,203939","Anderson, Gibson, Barnes, Curry, Powell",0,6,2,3,4,84.0
21600417,20161219,4,1,DAL,DEN,"1626147 Anderson, 1626780 Gibson, 203084 Barnes, 203552 Curry, 203939 Powell","1626147,1626780,203084,203552,203939","Anderson, Gibson, Barnes, Curry, Powell",0,0,0,0,1,18.0
21600417,20161219,4,2,DAL,DEN,"101114 Williams, 1626147 Anderson, 1626257 Mejri, 1626780 Gibson, 203084 Barnes","101114,1626147,1626257,1626780,203084","Williams, Anderson, Mejri, Gibson, Barnes",0,7,8,6,6,165.0
21600417,20161219,4,3,DAL,DEN,"101114 Williams, 1627827 Finney-Smith, 202083 Matthews, 203552 Curry, 203939 Powell","101114,1627827,202083,203552,203939","Williams, Finney-Smith, Matthews, Curry, Powell",0,0,0,4,3,87.0
21600417,20161219,4,4,DAL,DEN,"101114 Williams, 1627827 Finney-Smith, 202083 Matthews, 203552 Curry, 203939 Powell","101114,1627827,202083,203552,203939","Williams, Finney-Smith, Matthews, Curry, Powell",0,0,0,1,1,21.0
21600417,20161219,4,5,DAL,DEN,"101114 Williams, 1627827 Finney-Smith, 202083 Matthews, 203084 Barnes, 203939 Powell","101114,1627827,202083,203084,203939","Williams, Finney-Smith, Matthews, Barnes, Powell",0,2,2,2,3,68.0
21600417,20161219,4,6,DAL,DEN,"101114 Williams, 1627827 Finney-Smith, 202083 Matthews, 203084 Barnes, 203939 Powell","101114,1627827,202083,203084,203939","Williams, Finney-Smith, Matthews, Barnes, Powell",0,0,0,0,1,13.0
21600417,20161219,4,7,DAL,DEN,"101114 Williams, 1627827 Finney-Smith, 202083 Matthews, 203084 Barnes, 203939 Powell","101114,1627827,202083,203084,203939","Williams, Finney-Smith, Matthews, Barnes, Powell",0,7,8,5,6,171.0
21600417,20161219,4,8,DAL,DEN,"101114 Williams, 202083 Matthews, 203084 Barnes, 203552 Curry, 203939 Powell","101114,202083,203084,203552,203939","Williams, Matthews, Barnes, Curry, Powell",0,3,6,6,7,177.0
21600436,20161221,1,1,DAL,POR,"101114 Williams, 1626257 Mejri, 1627827 Finney-Smith, 202083 Matthews, 203084 Barnes","101114,1626257,1627827,202083,203084","Williams, Mejri, Finney-Smith, Matthews, Barnes",0,18,10,11,11,352.0
21600436,20161221,1,2,DAL,POR,"101114 Williams, 1626257 Mejri, 1627827 Finney-Smith, 202083 Matthews, 203084 Barnes","101114,1626257,1627827,202083,203084","Williams, Mejri, Finney-Smith, Matthews, Barnes",0,0,0,0,1,13.0
21600436,20161221,1,3,DAL,POR,"1627827 Finney-Smith, 200826 Barea, 202083 Matthews, 203939 Powell, 2734 Harris","1627827,200826,202083,203939,2734","Finney-Smith, Barea, Matthews, Powell, Harris",0,1,2,2,2,48.0
21600436,20161221,1,4,DAL,POR,"1627827 Finney-Smith, 200826 Barea, 202083 Matthews, 203939 Powell, 2734 Harris","1627827,200826,202083,203939,2734","Finney-Smith, Barea, Matthews, Powell, Harris",0,2,0,4,3,86.0
21600436,20161221,1,5,DAL,POR,"1627827 Finney-Smith, 200826 Barea, 202083 Matthews, 203939 Powell, 2734 Harris","1627827,200826,202083,203939,2734","Finney-Smith, Barea, Matthews, Powell, Harris",0,3,0,3,2,57.0
21600436,20161221,1,6,DAL,POR,"200826 Barea, 202083 Matthews, 203084 Barnes, 203939 Powell, 2734 Harris","200826,202083,203084,203939,2734","Barea, Matthews, Barnes, Powell, Harris",0,3,5,4,4,95.0
21600436,20161221,1,7,DAL,POR,"200826 Barea, 202083 Matthews, 203084 Barnes, 203939 Powell, 2734 Harris","200826,202083,203084,203939,2734","Barea, Matthews, Barnes, Powell, Harris",0,3,3,3,2,65.2
21600436,20161221,1,8,DAL,POR,"1627827 Finney-Smith, 202083 Matthews, 203084 Barnes, 203939 Powell, 2734 Harris","1627827,202083,203084,203939,2734","Finney-Smith, Matthews, Barnes, Powell, Harris",0,0,0,0,1,3.8
21600436,20161221,2,1,DAL,POR,"1627827 Finney-Smith, 202083 Matthews, 203084 Barnes, 203939 Powell, 2734 Harris","1627827,202083,203084,203939,2734","Finney-Smith, Matthews, Barnes, Powell, Harris",0,0,0,1,0,21.0
21600436,20161221,2,2,DAL,POR,"1626257 Mejri, 1627827 Finney-Smith, 200826 Barea, 203084 Barnes, 2734 Harris","1626257,1627827,200826,203084,2734","Mejri, Finney-Smith, Barea, Barnes, Harris",0,4,5,4,3,103.0
21600436,20161221,2,3,DAL,POR,"101114 Williams, 1626257 Mejri, 1627827 Finney-Smith, 200826 Barea, 203084 Barnes","101114,1626257,1627827,200826,203084","Williams, Mejri, Finney-Smith, Barea, Barnes",0,0,0,2,2,62.0
21600436,20161221,2,4,DAL,POR,"101114 Williams, 1626257 Mejri, 1627827 Finney-Smith, 203084 Barnes, 203552 Curry","101114,1626257,1627827,203084,203552","Williams, Mejri, Finney-Smith, Barnes, Curry",0,0,0,1,2,26.0
21600436,20161221,2,5,DAL,POR,"101114 Williams, 1626257 Mejri, 1627827 Finney-Smith, 202083 Matthews, 203552 Curry","101114,1626257,1627827,202083,203552","Williams, Mejri, Finney-Smith, Matthews, Curry",0,5,0,2,3,50.0
21600436,20161221,2,6,DAL,POR,"101114 Williams, 1626257 Mejri, 1627827 Finney-Smith, 202083 Matthews, 203552 Curry","101114,1626257,1627827,202083,203552","Williams, Mejri, Finney-Smith, Matthews, Curry",0,7,7,5,7,162.0
21600436,20161221,2,7,DAL,POR,"202083 Matthews, 203084 Barnes, 203552 Curry, 203939 Powell, 2734 Harris","202083,203084,203552,203939,2734","Matthews, Barnes, Curry, Powell, Harris",0,4,4,4,4,110.0
21600436,20161221,2,8,DAL,POR,"101114 Williams, 202083 Matthews, 203084 Barnes, 203552 Curry, 203939 Powell","101114,202083,203084,203552,203939","Williams, Matthews, Barnes, Curry, Powell",0,4,0,3,3,67.0
21600436,20161221,2,9,DAL,POR,"101114 Williams, 1627827 Finney-Smith, 203084 Barnes, 203552 Curry, 203939 Powell","101114,1627827,203084,203552,203939","Williams, Finney-Smith, Barnes, Curry, Powell",0,5,0,3,3,71.7
21600436,20161221,2,10,DAL,POR,"101114 Williams, 1626257 Mejri, 202083 Matthews, 203084 Barnes, 203552 Curry","101114,1626257,202083,203084,203552","Williams, Mejri, Matthews, Barnes, Curry",0,3,2,2,2,47.3
21600436,20161221,3,1,DAL,POR,"101114 Williams, 1626257 Mejri, 202083 Matthews, 203084 Barnes, 203552 Curry","101114,1626257,202083,203084,203552","Williams, Mejri, Matthews, Barnes, Curry",0,0,0,1,0,17.0
21600436,20161221,3,2,DAL,POR,"101114 Williams, 1626257 Mejri, 1627827 Finney-Smith, 202083 Matthews, 203084 Barnes","101114,1626257,1627827,202083,203084","Williams, Mejri, Finney-Smith, Matthews, Barnes",0,11,13,11,11,318.0
21600436,20161221,3,3,DAL,POR,"1627827 Finney-Smith, 202083 Matthews, 203552 Curry, 203939 Powell, 2734 Harris","1627827,202083,203552,203939,2734","Finney-Smith, Matthews, Curry, Powell, Harris",0,0,8,5,4,112.0
21600436,20161221,3,4,DAL,POR,"202083 Matthews, 203084 Barnes, 203552 Curry, 203939 Powell, 2734 Harris","202083,203084,203552,203939,2734","Matthews, Barnes, Curry, Powell, Harris",0,0,2,4,4,115.0
21600436,20161221,3,5,DAL,POR,"202083 Matthews, 203084 Barnes, 203552 Curry, 203939 Powell, 2734 Harris","202083,203084,203552,203939,2734","Matthews, Barnes, Curry, Powell, Harris",0,0,2,1,1,13.0
21600436,20161221,3,6,DAL,POR,"101114 Williams, 202083 Matthews, 203084 Barnes, 203552 Curry, 203939 Powell","101114,202083,203084,203552,203939","Williams, Matthews, Barnes, Curry, Powell",0,2,0,1,1,24.0
21600436,20161221,3,7,DAL,POR,"101114 Williams, 1627827 Finney-Smith, 203084 Barnes, 203552 Curry, 203939 Powell","101114,1627827,203084,203552,203939","Williams, Finney-Smith, Barnes, Curry, Powell",0,2,4,1,2,56.0
21600436,20161221,3,8,DAL,POR,"101114 Williams, 1627827 Finney-Smith, 203084 Barnes, 203552 Curry, 203939 Powell","101114,1627827,203084,203552,203939","Williams, Finney-Smith, Barnes, Curry, Powell",0,4,4,2,3,65.0
21600436,20161221,4,1,DAL,POR,"101114 Williams, 1627827 Finney-Smith, 203084 Barnes, 203552 Curry, 203939 Powell","101114,1627827,203084,203552,203939","Williams, Finney-Smith, Barnes, Curry, Powell",0,0,0,0,1,12.0
21600436,20161221,4,2,DAL,POR,"1627827 Finney-Smith, 203084 Barnes, 203552 Curry, 203939 Powell, 2734 Harris","1627827,203084,203552,203939,2734","Finney-Smith, Barnes, Curry, Powell, Harris",0,0,4,1,2,33.0
21600436,20161221,4,3,DAL,POR,"202083 Matthews, 203084 Barnes, 203552 Curry, 203939 Powell, 2734 Harris","202083,203084,203552,203939,2734","Matthews, Barnes, Curry, Powell, Harris",0,3,0,3,2,92.0
21600436,20161221,4,4,DAL,POR,"101114 Williams, 202083 Matthews, 203084 Barnes, 203939 Powell, 2734 Harris","101114,202083,203084,203939,2734","Williams, Matthews, Barnes, Powell, Harris",0,2,0,1,0,4.0
21600436,20161221,4,5,DAL,POR,"101114 Williams, 1627827 Finney-Smith, 202083 Matthews, 203939 Powell, 2734 Harris","101114,1627827,202083,203939,2734","Williams, Finney-Smith, Matthews, Powell, Harris",0,0,1,1,2,61.0
21600436,20161221,4,6,DAL,POR,"101114 Williams, 1627827 Finney-Smith, 202083 Matthews, 203939 Powell, 2734 Harris","101114,1627827,202083,203939,2734","Williams, Finney-Smith, Matthews, Powell, Harris",0,0,1,0,1,10.0
21600436,20161221,4,7,DAL,POR,"101114 Williams, 1626257 Mejri, 1627827 Finney-Smith, 202083 Matthews, 2734 Harris","101114,1626257,1627827,202083,2734","Williams, Mejri, Finney-Smith, Matthews, Harris",0,2,3,3,3,108.0
21600436,20161221,4,8,DAL,POR,"101114 Williams, 1626257 Mejri, 202083 Matthews, 203084 Barnes, 203552 Curry","101114,1626257,202083,203084,203552","Williams, Mejri, Matthews, Barnes, Curry",0,0,2,5,5,126.0
21600436,20161221,4,9,DAL,POR,"101114 Williams, 1626257 Mejri, 202083 Matthews, 203084 Barnes, 203552 Curry","101114,1626257,202083,203084,203552","Williams, Mejri, Matthews, Barnes, Curry",0,2,3,2,3,40.0
21600436,20161221,4,10,DAL,POR,"101114 Williams, 202083 Matthews, 203084 Barnes, 203552 Curry, 203939 Powell","101114,202083,203084,203552,203939","Williams, Matthews, Barnes, Curry, Powell",0,6,10,6,8,213.7
21600436,20161221,4,11,DAL,POR,"101114 Williams, 1627827 Finney-Smith, 202083 Matthews, 203084 Barnes, 203939 Powell","101114,1627827,202083,203084,203939","Williams, Finney-Smith, Matthews, Barnes, Powell",0,0,0,1,1,6.9
21600436,20161221,4,12,DAL,POR,"101114 Williams, 1627827 Finney-Smith, 202083 Matthews, 203084 Barnes, 203939 Powell","101114,1627827,202083,203084,203939","Williams, Finney-Smith, Matthews, Barnes, Powell",0,0,0,1,1,3.6
21600436,20161221,4,13,DAL,POR,"101114 Williams, 1627827 Finney-Smith, 202083 Matthews, 203084 Barnes, 203939 Powell","101114,1627827,202083,203084,203939","Williams, Finney-Smith, Matthews, Barnes, Powell",0,0,0,0,1,9.8
21600455,20161223,1,1,DAL,LAC,"101114 Williams, 1627827 Finney-Smith, 1717 Nowitzki, 202083 Matthews, 203084 Barnes","101114,1627827,1717,202083,203084","Williams, Finney-Smith, Nowitzki, Matthews, Barnes",0,11,12,15,16,370.0
21600455,20161223,1,2,DAL,LAC,"1626257 Mejri, 202083 Matthews, 203084 Barnes, 203552 Curry, 2734 Harris","1626257,202083,203084,203552,2734","Mejri, Matthews, Barnes, Curry, Harris",0,6,9,7,7,196.0
21600455,20161223,1,3,DAL,LAC,"1626257 Mejri, 1627827 Finney-Smith, 1717 Nowitzki, 203552 Curry, 2734 Harris","1626257,1627827,1717,203552,2734","Mejri, Finney-Smith, Nowitzki, Curry, Harris",0,4,0,4,3,121.2
21600455,20161223,1,4,DAL,LAC,"101114 Williams, 1626257 Mejri, 1627827 Finney-Smith, 1717 Nowitzki, 203552 Curry","101114,1626257,1627827,1717,203552","Williams, Mejri, Finney-Smith, Nowitzki, Curry",0,0,3,1,2,32.8
21600455,20161223,2,1,DAL,LAC,"101114 Williams, 1626257 Mejri, 1627827 Finney-Smith, 1717 Nowitzki, 203552 Curry","101114,1626257,1627827,1717,203552","Williams, Mejri, Finney-Smith, Nowitzki, Curry",0,0,0,1,0,24.0
21600455,20161223,2,2,DAL,LAC,"101114 Williams, 1627827 Finney-Smith, 1717 Nowitzki, 203939 Powell, 2734 Harris","101114,1627827,1717,203939,2734","Williams, Finney-Smith, Nowitzki, Powell, Harris",0,4,3,5,4,103.0
21600455,20161223,2,3,DAL,LAC,"101114 Williams, 1627827 Finney-Smith, 1717 Nowitzki, 203939 Powell, 2734 Harris","101114,1627827,1717,203939,2734","Williams, Finney-Smith, Nowitzki, Powell, Harris",0,0,2,2,1,39.0
21600455,20161223,2,4,DAL,LAC,"101114 Williams, 1627827 Finney-Smith, 203084 Barnes, 203939 Powell, 2734 Harris","101114,1627827,203084,203939,2734","Williams, Finney-Smith, Barnes, Powell, Harris",0,2,2,3,2,48.0
21600455,20161223,2,5,DAL,LAC,"101114 Williams, 202083 Matthews, 203084 Barnes, 203939 Powell, 2734 Harris","101114,202083,203084,203939,2734","Williams, Matthews, Barnes, Powell, Harris",0,0,3,3,2,62.0
21600455,20161223,2,6,DAL,LAC,"101114 Williams, 202083 Matthews, 203084 Barnes, 203939 Powell, 2734 Harris","101114,202083,203084,203939,2734","Williams, Matthews, Barnes, Powell, Harris",0,4,2,4,3,81.0
21600455,20161223,2,7,DAL,LAC,"101114 Williams, 1717 Nowitzki, 202083 Matthews, 203084 Barnes, 2734 Harris","101114,1717,202083,203084,2734","Williams, Nowitzki, Matthews, Barnes, Harris",0,0,1,1,1,30.0
21600455,20161223,2,8,DAL,LAC,"101114 Williams, 1717 Nowitzki, 202083 Matthews, 203084 Barnes, 2734 Harris","101114,1717,202083,203084,2734","Williams, Nowitzki, Matthews, Barnes, Harris",0,0,1,0,1,11.0
21600455,20161223,2,9,DAL,LAC,"101114 Williams, 1717 Nowitzki, 202083 Matthews, 203084 Barnes, 203552 Curry","101114,1717,202083,203084,203552","Williams, Nowitzki, Matthews, Barnes, Curry",0,11,2,6,6,137.0
21600455,20161223,2,10,DAL,LAC,"101114 Williams, 1717 Nowitzki, 202083 Matthews, 203084 Barnes, 203552 Curry","101114,1717,202083,203084,203552","Williams, Nowitzki, Matthews, Barnes, Curry",0,1,0,1,1,11.0
21600455,20161223,2,11,DAL,LAC,"1626257 Mejri, 1627827 Finney-Smith, 202083 Matthews, 203084 Barnes, 203552 Curry","1626257,1627827,202083,203084,203552","Mejri, Finney-Smith, Matthews, Barnes, Curry",0,7,8,5,5,155.7
21600455,20161223,2,12,DAL,LAC,"1626257 Mejri, 1627827 Finney-Smith, 202083 Matthews, 203084 Barnes, 203552 Curry","1626257,1627827,202083,203084,203552","Mejri, Finney-Smith, Matthews, Barnes, Curry",0,0,3,0,1,18.3
21600455,20161223,3,1,DAL,LAC,"1626257 Mejri, 1627827 Finney-Smith, 202083 Matthews, 203084 Barnes, 203552 Curry","1626257,1627827,202083,203084,203552","Mejri, Finney-Smith, Matthews, Barnes, Curry",0,0,0,1,0,26.0
21600455,20161223,3,2,DAL,LAC,"101114 Williams, 1626257 Mejri, 1627827 Finney-Smith, 202083 Matthews, 203084 Barnes","101114,1626257,1627827,202083,203084","Williams, Mejri, Finney-Smith, Matthews, Barnes",0,4,6,8,8,245.0
21600455,20161223,3,3,DAL,LAC,"101114 Williams, 1626257 Mejri, 1627827 Finney-Smith, 202083 Matthews, 203084 Barnes","101114,1626257,1627827,202083,203084","Williams, Mejri, Finney-Smith, Matthews, Barnes",0,0,0,1,2,57.0
21600455,20161223,3,4,DAL,LAC,"101114 Williams, 1626257 Mejri, 1627827 Finney-Smith, 202083 Matthews, 203552 Curry","101114,1626257,1627827,202083,203552","Williams, Mejri, Finney-Smith, Matthews, Curry",0,2,5,4,4,120.0
21600455,20161223,3,5,DAL,LAC,"101114 Williams, 1626147 Anderson, 203084 Barnes, 203552 Curry, 203939 Powell","101114,1626147,203084,203552,203939","Williams, Anderson, Barnes, Curry, Powell",0,5,5,5,4,130.0
21600455,20161223,3,6,DAL,LAC,"1626147 Anderson, 202083 Matthews, 203084 Barnes, 203552 Curry, 203939 Powell","1626147,202083,203084,203552,203939","Anderson, Matthews, Barnes, Curry, Powell",0,7,5,5,6,142.0
21600455,20161223,4,1,DAL,LAC,"1626147 Anderson, 202083 Matthews, 203084 Barnes, 203552 Curry, 203939 Powell","1626147,202083,203084,203552,203939","Anderson, Matthews, Barnes, Curry, Powell",0,0,0,0,1,19.0
21600455,20161223,4,2,DAL,LAC,"1626147 Anderson, 202083 Matthews, 203084 Barnes, 203552 Curry, 203939 Powell","1626147,202083,203084,203552,203939","Anderson, Matthews, Barnes, Curry, Powell",0,3,4,4,5,135.0
21600455,20161223,4,3,DAL,LAC,"101114 Williams, 1627827 Finney-Smith, 202083 Matthews, 203084 Barnes, 203939 Powell","101114,1627827,202083,203084,203939","Williams, Finney-Smith, Matthews, Barnes, Powell",0,2,0,1,2,39.0
21600455,20161223,4,4,DAL,LAC,"101114 Williams, 1627827 Finney-Smith, 202083 Matthews, 203552 Curry, 203939 Powell","101114,1627827,202083,203552,203939","Williams, Finney-Smith, Matthews, Curry, Powell",0,5,4,3,4,130.0
21600455,20161223,4,5,DAL,LAC,"101114 Williams, 1626257 Mejri, 1627827 Finney-Smith, 202083 Matthews, 203552 Curry","101114,1626257,1627827,202083,203552","Williams, Mejri, Finney-Smith, Matthews, Curry",0,0,0,1,1,8.0
21600455,20161223,4,6,DAL,LAC,"101114 Williams, 1626257 Mejri, 1627827 Finney-Smith, 202083 Matthews, 203084 Barnes","101114,1626257,1627827,202083,203084","Williams, Mejri, Finney-Smith, Matthews, Barnes",0,6,3,6,4,177.0
21600455,20161223,4,7,DAL,LAC,"101114 Williams, 1626257 Mejri, 1627827 Finney-Smith, 202083 Matthews, 203084 Barnes","101114,1626257,1627827,202083,203084","Williams, Mejri, Finney-Smith, Matthews, Barnes",0,0,2,3,2,46.0
21600455,20161223,4,8,DAL,LAC,"101114 Williams, 1626257 Mejri, 202083 Matthews, 203084 Barnes, 203552 Curry","101114,1626257,202083,203084,203552","Williams, Mejri, Matthews, Barnes, Curry",0,0,0,2,1,50.0
21600455,20161223,4,9,DAL,LAC,"101114 Williams, 1626257 Mejri, 202083 Matthews, 203084 Barnes, 203552 Curry","101114,1626257,202083,203084,203552","Williams, Mejri, Matthews, Barnes, Curry",0,1,0,1,0,6.0
21600455,20161223,4,10,DAL,LAC,"101114 Williams, 1626257 Mejri, 1627827 Finney-Smith, 202083 Matthews, 203084 Barnes","101114,1626257,1627827,202083,203084","Williams, Mejri, Finney-Smith, Matthews, Barnes",0,0,3,1,1,12.0
21600455,20161223,4,11,DAL,LAC,"101114 Williams, 202083 Matthews, 203084 Barnes, 203552 Curry, 203939 Powell","101114,202083,203084,203552,203939","Williams, Matthews, Barnes, Curry, Powell",0,2,0,2,2,43.6
21600455,20161223,4,12,DAL,LAC,"101114 Williams, 1627827 Finney-Smith, 202083 Matthews, 203084 Barnes, 203939 Powell","101114,1627827,202083,203084,203939","Williams, Finney-Smith, Matthews, Barnes, Powell",0,1,0,1,2,20.5
21600455,20161223,4,13,DAL,LAC,"101114 Williams, 1627827 Finney-Smith, 202083 Matthews, 203084 Barnes, 203939 Powell","101114,1627827,202083,203084,203939","Williams, Finney-Smith, Matthews, Barnes, Powell",0,0,0,1,2,6.8
21600455,20161223,4,14,DAL,LAC,"101114 Williams, 1626257 Mejri, 202083 Matthews, 203084 Barnes, 203939 Powell","101114,1626257,202083,203084,203939","Williams, Mejri, Matthews, Barnes, Powell",0,2,0,1,1,27.1
21600466,20161226,1,1,DAL,NOP,"101114 Williams, 1627827 Finney-Smith, 1717 Nowitzki, 202083 Matthews, 203084 Barnes","101114,1627827,1717,202083,203084","Williams, Finney-Smith, Nowitzki, Matthews, Barnes",0,6,12,6,7,228.0
21600466,20161226,1,2,DAL,NOP,"101114 Williams, 1717 Nowitzki, 202083 Matthews, 203084 Barnes, 2734 Harris","101114,1717,202083,203084,2734","Williams, Nowitzki, Matthews, Barnes, Harris",0,4,3,6,6,153.0
21600466,20161226,1,3,DAL,NOP,"202083 Matthews, 203084 Barnes, 203552 Curry, 203939 Powell, 2734 Harris","202083,203084,203552,203939,2734","Matthews, Barnes, Curry, Powell, Harris",0,2,6,5,4,147.0
21600466,20161226,1,4,DAL,NOP,"202083 Matthews, 203084 Barnes, 203552 Curry, 203939 Powell, 2734 Harris","202083,203084,203552,203939,2734","Matthews, Barnes, Curry, Powell, Harris",0,0,0,1,1,19.0
21600466,20161226,1,5,DAL,NOP,"1626147 Anderson, 1717 Nowitzki, 203552 Curry, 203939 Powell, 2734 Harris","1626147,1717,203552,203939,2734","Anderson, Nowitzki, Curry, Powell, Harris",0,3,2,1,2,44.0
21600466,20161226,1,6,DAL,NOP,"1626147 Anderson, 1717 Nowitzki, 203552 Curry, 203939 Powell, 2734 Harris","1626147,1717,203552,203939,2734","Anderson, Nowitzki, Curry, Powell, Harris",0,3,2,3,2,62.0
21600466,20161226,1,7,DAL,NOP,"101114 Williams, 1626147 Anderson, 1717 Nowitzki, 203552 Curry, 203939 Powell","101114,1626147,1717,203552,203939","Williams, Anderson, Nowitzki, Curry, Powell",0,2,0,3,3,67.0
21600466,20161226,2,1,DAL,NOP,"101114 Williams, 1626147 Anderson, 1717 Nowitzki, 203552 Curry, 203939 Powell","101114,1626147,1717,203552,203939","Williams, Anderson, Nowitzki, Curry, Powell",0,10,10,8,7,207.0
21600466,20161226,2,2,DAL,NOP,"101114 Williams, 202083 Matthews, 203084 Barnes, 203939 Powell, 2734 Harris","101114,202083,203084,203939,2734","Williams, Matthews, Barnes, Powell, Harris",0,2,0,1,0,17.0
21600466,20161226,2,3,DAL,NOP,"101114 Williams, 202083 Matthews, 203084 Barnes, 203939 Powell, 2734 Harris","101114,202083,203084,203939,2734","Williams, Matthews, Barnes, Powell, Harris",0,0,2,2,1,18.0
21600466,20161226,2,4,DAL,NOP,"101114 Williams, 1626257 Mejri, 202083 Matthews, 203084 Barnes, 2734 Harris","101114,1626257,202083,203084,2734","Williams, Mejri, Matthews, Barnes, Harris",0,0,0,1,1,15.0
21600466,20161226,2,5,DAL,NOP,"101114 Williams, 1626257 Mejri, 202083 Matthews, 203084 Barnes, 2734 Harris","101114,1626257,202083,203084,2734","Williams, Mejri, Matthews, Barnes, Harris",0,8,4,5,5,123.0
21600466,20161226,2,6,DAL,NOP,"1626257 Mejri, 202083 Matthews, 203084 Barnes, 203552 Curry, 2734 Harris","1626257,202083,203084,203552,2734","Mejri, Matthews, Barnes, Curry, Harris",0,5,2,3,2,82.0
21600466,20161226,2,7,DAL,NOP,"1717 Nowitzki, 202083 Matthews, 203084 Barnes, 203552 Curry, 2734 Harris","1717,202083,203084,203552,2734","Nowitzki, Matthews, Barnes, Curry, Harris",0,2,2,4,4,126.0
21600466,20161226,2,8,DAL,NOP,"1717 Nowitzki, 202083 Matthews, 203084 Barnes, 203552 Curry, 2734 Harris","1717,202083,203084,203552,2734","Nowitzki, Matthews, Barnes, Curry, Harris",0,0,1,0,1,14.0
21600466,20161226,2,9,DAL,NOP,"101114 Williams, 1717 Nowitzki, 202083 Matthews, 203084 Barnes, 203552 Curry","101114,1717,202083,203084,203552","Williams, Nowitzki, Matthews, Barnes, Curry",0,4,6,5,3,82.2
21600466,20161226,2,10,DAL,NOP,"101114 Williams, 1717 Nowitzki, 202083 Matthews, 203084 Barnes, 203552 Curry","101114,1717,202083,203084,203552","Williams, Nowitzki, Matthews, Barnes, Curry",0,2,0,1,1,22.8
21600466,20161226,2,11,DAL,NOP,"101114 Williams, 1717 Nowitzki, 202083 Matthews, 203084 Barnes, 203552 Curry","101114,1717,202083,203084,203552","Williams, Nowitzki, Matthews, Barnes, Curry",0,0,3,1,1,13.0
21600466,20161226,3,1,DAL,NOP,"101114 Williams, 1717 Nowitzki, 202083 Matthews, 203084 Barnes, 203552 Curry","101114,1717,202083,203084,203552","Williams, Nowitzki, Matthews, Barnes, Curry",0,0,0,1,0,23.0
21600466,20161226,3,2,DAL,NOP,"101114 Williams, 1626257 Mejri, 1627827 Finney-Smith, 202083 Matthews, 203084 Barnes","101114,1626257,1627827,202083,203084","Williams, Mejri, Finney-Smith, Matthews, Barnes",0,5,4,5,5,142.0
21600466,20161226,3,3,DAL,NOP,"101114 Williams, 1626257 Mejri, 1627827 Finney-Smith, 202083 Matthews, 203084 Barnes","101114,1626257,1627827,202083,203084","Williams, Mejri, Finney-Smith, Matthews, Barnes",0,6,8,5,5,129.0
21600466,20161226,3,4,DAL,NOP,"101114 Williams, 1626257 Mejri, 1627827 Finney-Smith, 202083 Matthews, 203084 Barnes","101114,1626257,1627827,202083,203084","Williams, Mejri, Finney-Smith, Matthews, Barnes",0,3,1,2,2,55.0
21600466,20161226,3,5,DAL,NOP,"1627827 Finney-Smith, 202083 Matthews, 203552 Curry, 203939 Powell, 2734 Harris","1627827,202083,203552,203939,2734","Finney-Smith, Matthews, Curry, Powell, Harris",0,0,2,2,2,53.0
21600466,20161226,3,6,DAL,NOP,"1627827 Finney-Smith, 202083 Matthews, 203552 Curry, 203939 Powell, 2734 Harris","1627827,202083,203552,203939,2734","Finney-Smith, Matthews, Curry, Powell, Harris",0,4,7,6,5,160.0
21600466,20161226,3,7,DAL,NOP,"1626147 Anderson, 203084 Barnes, 203552 Curry, 203939 Powell, 2734 Harris","1626147,203084,203552,203939,2734","Anderson, Barnes, Curry, Powell, Harris",0,4,3,3,3,89.0
21600466,20161226,3,8,DAL,NOP,"101114 Williams, 1626147 Anderson, 203084 Barnes, 203552 Curry, 203939 Powell","101114,1626147,203084,203552,203939","Williams, Anderson, Barnes, Curry, Powell",0,2,5,2,3,69.0
21600466,20161226,4,1,DAL,NOP,"101114 Williams, 1626147 Anderson, 203084 Barnes, 203552 Curry, 203939 Powell","101114,1626147,203084,203552,203939","Williams, Anderson, Barnes, Curry, Powell",0,0,0,0,1,13.0
21600466,20161226,4,2,DAL,NOP,"101114 Williams, 1626147 Anderson, 203084 Barnes, 203552 Curry, 203939 Powell","101114,1626147,203084,203552,203939","Williams, Anderson, Barnes, Curry, Powell",0,6,3,6,4,154.0
21600466,20161226,4,3,DAL,NOP,"101114 Williams, 1626147 Anderson, 203084 Barnes, 203552 Curry, 203939 Powell","101114,1626147,203084,203552,203939","Williams, Anderson, Barnes, Curry, Powell",0,0,2,2,1,12.0
21600466,20161226,4,4,DAL,NOP,"101114 Williams, 1626147 Anderson, 1627827 Finney-Smith, 202083 Matthews, 203939 Powell","101114,1626147,1627827,202083,203939","Williams, Anderson, Finney-Smith, Matthews, Powell",0,3,0,3,2,75.0
21600466,20161226,4,5,DAL,NOP,"1626257 Mejri, 1627827 Finney-Smith, 202083 Matthews, 203084 Barnes, 203552 Curry","1626257,1627827,202083,203084,203552","Mejri, Finney-Smith, Matthews, Barnes, Curry",0,2,5,5,4,145.0
21600466,20161226,4,6,DAL,NOP,"101114 Williams, 1626257 Mejri, 202083 Matthews, 203084 Barnes, 203552 Curry","101114,1626257,202083,203084,203552","Williams, Mejri, Matthews, Barnes, Curry",0,10,8,8,7,229.0
21600466,20161226,4,7,DAL,NOP,"101114 Williams, 1626257 Mejri, 1627827 Finney-Smith, 202083 Matthews, 203084 Barnes","101114,1626257,1627827,202083,203084","Williams, Mejri, Finney-Smith, Matthews, Barnes",0,0,2,0,1,12.0
21600466,20161226,4,8,DAL,NOP,"101114 Williams, 202083 Matthews, 203084 Barnes, 203552 Curry, 203939 Powell","101114,202083,203084,203552,203939","Williams, Matthews, Barnes, Curry, Powell",0,2,0,1,0,13.0
21600466,20161226,4,9,DAL,NOP,"101114 Williams, 1627827 Finney-Smith, 202083 Matthews, 203084 Barnes, 203939 Powell","101114,1627827,202083,203084,203939","Williams, Finney-Smith, Matthews, Barnes, Powell",0,0,2,0,1,11.7
21600466,20161226,4,10,DAL,NOP,"101114 Williams, 202083 Matthews, 203084 Barnes, 203552 Curry, 203939 Powell","101114,202083,203084,203552,203939","Williams, Matthews, Barnes, Curry, Powell",0,2,4,3,3,55.3
21600474,20161227,1,1,DAL,HOU,"101106 Bogut, 1627827 Finney-Smith, 1717 Nowitzki, 202083 Matthews, 203084 Barnes","101106,1627827,1717,202083,203084","Bogut, Finney-Smith, Nowitzki, Matthews, Barnes",0,15,24,15,15,443.0
21600474,20161227,1,2,DAL,HOU,"101106 Bogut, 202083 Matthews, 203084 Barnes, 203552 Curry, 2734 Harris","101106,202083,203084,203552,2734","Bogut, Matthews, Barnes, Curry, Harris",0,13,4,8,8,265.6
21600474,20161227,1,3,DAL,HOU,"202083 Matthews, 203084 Barnes, 203552 Curry, 203939 Powell, 2734 Harris","202083,203084,203552,203939,2734","Matthews, Barnes, Curry, Powell, Harris",0,0,3,1,1,11.4
21600474,20161227,2,1,DAL,HOU,"202083 Matthews, 203084 Barnes, 203552 Curry, 203939 Powell, 2734 Harris","202083,203084,203552,203939,2734","Matthews, Barnes, Curry, Powell, Harris",0,0,0,0,1,19.0
21600474,20161227,2,2,DAL,HOU,"101114 Williams, 1627827 Finney-Smith, 1717 Nowitzki, 203552 Curry, 203939 Powell","101114,1627827,1717,203552,203939","Williams, Finney-Smith, Nowitzki, Curry, Powell",0,6,11,6,6,175.0
21600474,20161227,2,3,DAL,HOU,"101114 Williams, 1627827 Finney-Smith, 1717 Nowitzki, 203939 Powell, 2734 Harris","101114,1627827,1717,203939,2734","Williams, Finney-Smith, Nowitzki, Powell, Harris",0,0,3,2,2,61.0
21600474,20161227,2,4,DAL,HOU,"101106 Bogut, 101114 Williams, 1627827 Finney-Smith, 203084 Barnes, 2734 Harris","101106,101114,1627827,203084,2734","Bogut, Williams, Finney-Smith, Barnes, Harris",0,0,3,2,3,55.0
21600474,20161227,2,5,DAL,HOU,"101106 Bogut, 101114 Williams, 1626147 Anderson, 203084 Barnes, 2734 Harris","101106,101114,1626147,203084,2734","Bogut, Williams, Anderson, Barnes, Harris",0,0,0,2,2,53.0
21600474,20161227,2,6,DAL,HOU,"101106 Bogut, 1626147 Anderson, 202083 Matthews, 203084 Barnes, 203552 Curry","101106,1626147,202083,203084,203552","Bogut, Anderson, Matthews, Barnes, Curry",0,0,5,2,3,34.0
21600474,20161227,2,7,DAL,HOU,"1626147 Anderson, 1717 Nowitzki, 202083 Matthews, 203084 Barnes, 203552 Curry","1626147,1717,202083,203084,203552","Anderson, Nowitzki, Matthews, Barnes, Curry",0,0,0,2,1,41.0
21600474,20161227,2,8,DAL,HOU,"101114 Williams, 1717 Nowitzki, 202083 Matthews, 203084 Barnes, 203552 Curry","101114,1717,202083,203084,203552","Williams, Nowitzki, Matthews, Barnes, Curry",0,0,0,1,0,2.0
21600474,20161227,2,9,DAL,HOU,"101114 Williams, 1717 Nowitzki, 202083 Matthews, 203084 Barnes, 203552 Curry","101114,1717,202083,203084,203552","Williams, Nowitzki, Matthews, Barnes, Curry",0,3,4,5,5,114.0
21600474,20161227,2,10,DAL,HOU,"101114 Williams, 1717 Nowitzki, 202083 Matthews, 203084 Barnes, 203552 Curry","101114,1717,202083,203084,203552","Williams, Nowitzki, Matthews, Barnes, Curry",0,7,6,4,6,135.8
21600474,20161227,2,11,DAL,HOU,"101114 Williams, 1627827 Finney-Smith, 202083 Matthews, 203084 Barnes, 203552 Curry","101114,1627827,202083,203084,203552","Williams, Finney-Smith, Matthews, Barnes, Curry",0,0,3,1,1,21.0
21600474,20161227,2,12,DAL,HOU,"101114 Williams, 1717 Nowitzki, 202083 Matthews, 203084 Barnes, 203552 Curry","101114,1717,202083,203084,203552","Williams, Nowitzki, Matthews, Barnes, Curry",0,0,0,1,0,9.2
21600474,20161227,3,1,DAL,HOU,"101114 Williams, 1627827 Finney-Smith, 1717 Nowitzki, 202083 Matthews, 203084 Barnes","101114,1627827,1717,202083,203084","Williams, Finney-Smith, Nowitzki, Matthews, Barnes",0,10,5,10,10,308.0
21600474,20161227,3,2,DAL,HOU,"101114 Williams, 1626257 Mejri, 1627827 Finney-Smith, 1717 Nowitzki, 202083 Matthews","101114,1626257,1627827,1717,202083","Williams, Mejri, Finney-Smith, Nowitzki, Matthews",0,1,7,6,6,162.0
21600474,20161227,3,3,DAL,HOU,"1626147 Anderson, 1717 Nowitzki, 203552 Curry, 203939 Powell, 2734 Harris","1626147,1717,203552,203939,2734","Anderson, Nowitzki, Curry, Powell, Harris",0,5,8,9,8,250.0
21600474,20161227,4,1,DAL,HOU,"1626147 Anderson, 1717 Nowitzki, 202083 Matthews, 203084 Barnes, 203939 Powell","1626147,1717,202083,203084,203939","Anderson, Nowitzki, Matthews, Barnes, Powell",0,5,8,7,5,168.0
21600474,20161227,4,2,DAL,HOU,"1626147 Anderson, 1627852 Brussino, 1717 Nowitzki, 203510 Jackson, 203939 Powell","1626147,1627852,1717,203510,203939","Anderson, Brussino, Nowitzki, Jackson, Powell",0,27,15,20,19,552.0
21600491,20161229,1,1,DAL,LAL,"101106 Bogut, 101114 Williams, 1627827 Finney-Smith, 202083 Matthews, 203084 Barnes","101106,101114,1627827,202083,203084","Bogut, Williams, Finney-Smith, Matthews, Barnes",0,7,13,12,11,350.0
21600491,20161229,1,2,DAL,LAL,"101114 Williams, 1627827 Finney-Smith, 202083 Matthews, 203084 Barnes, 203939 Powell","101114,1627827,202083,203084,203939","Williams, Finney-Smith, Matthews, Barnes, Powell",0,4,2,3,3,74.0
21600491,20161229,1,3,DAL,LAL,"1626147 Anderson, 202083 Matthews, 203552 Curry, 203939 Powell, 2734 Harris","1626147,202083,203552,203939,2734","Anderson, Matthews, Curry, Powell, Harris",0,8,8,5,4,130.0
21600491,20161229,1,4,DAL,LAL,"1626147 Anderson, 202083 Matthews, 203552 Curry, 203939 Powell, 2734 Harris","1626147,202083,203552,203939,2734","Anderson, Matthews, Curry, Powell, Harris",0,3,4,2,2,71.0
21600491,20161229,1,5,DAL,LAL,"1626147 Anderson, 202083 Matthews, 203552 Curry, 203939 Powell, 2734 Harris","1626147,202083,203552,203939,2734","Anderson, Matthews, Curry, Powell, Harris",0,0,0,1,2,16.0
21600491,20161229,1,6,DAL,LAL,"101106 Bogut, 1626147 Anderson, 203084 Barnes, 203552 Curry, 2734 Harris","101106,1626147,203084,203552,2734","Bogut, Anderson, Barnes, Curry, Harris",0,4,0,3,3,79.0
21600491,20161229,2,1,DAL,LAL,"101106 Bogut, 1626147 Anderson, 203084 Barnes, 203552 Curry, 2734 Harris","101106,1626147,203084,203552,2734","Bogut, Anderson, Barnes, Curry, Harris",0,0,0,0,1,17.0
21600491,20161229,2,2,DAL,LAL,"101106 Bogut, 101114 Williams, 1626147 Anderson, 203084 Barnes, 203552 Curry","101106,101114,1626147,203084,203552","Bogut, Williams, Anderson, Barnes, Curry",0,0,8,5,6,134.0
21600491,20161229,2,3,DAL,LAL,"101106 Bogut, 101114 Williams, 1626147 Anderson, 203084 Barnes, 2734 Harris","101106,101114,1626147,203084,2734","Bogut, Williams, Anderson, Barnes, Harris",0,7,6,5,6,169.0
21600491,20161229,2,4,DAL,LAL,"101114 Williams, 1627827 Finney-Smith, 202083 Matthews, 203939 Powell, 2734 Harris","101114,1627827,202083,203939,2734","Williams, Finney-Smith, Matthews, Powell, Harris",0,1,2,1,1,34.0
21600491,20161229,2,5,DAL,LAL,"101114 Williams, 1627827 Finney-Smith, 202083 Matthews, 203939 Powell, 2734 Harris","101114,1627827,202083,203939,2734","Williams, Finney-Smith, Matthews, Powell, Harris",0,6,2,4,4,97.0
21600491,20161229,2,6,DAL,LAL,"101114 Williams, 1627827 Finney-Smith, 202083 Matthews, 203939 Powell, 2734 Harris","101114,1627827,202083,203939,2734","Williams, Finney-Smith, Matthews, Powell, Harris",0,0,5,2,3,54.0
21600491,20161229,2,7,DAL,LAL,"101106 Bogut, 101114 Williams, 1627827 Finney-Smith, 202083 Matthews, 203084 Barnes","101106,101114,1627827,202083,203084","Bogut, Williams, Finney-Smith, Matthews, Barnes",0,2,1,1,1,22.0
21600491,20161229,2,8,DAL,LAL,"101106 Bogut, 101114 Williams, 1627827 Finney-Smith, 202083 Matthews, 203084 Barnes","101106,101114,1627827,202083,203084","Bogut, Williams, Finney-Smith, Matthews, Barnes",0,3,4,4,5,125.0
21600491,20161229,2,9,DAL,LAL,"101114 Williams, 1627827 Finney-Smith, 202083 Matthews, 203084 Barnes, 203939 Powell","101114,1627827,202083,203084,203939","Williams, Finney-Smith, Matthews, Barnes, Powell",0,5,2,2,3,68.0
21600491,20161229,3,1,DAL,LAL,"101114 Williams, 1627827 Finney-Smith, 202083 Matthews, 203084 Barnes, 203939 Powell","101114,1627827,202083,203084,203939","Williams, Finney-Smith, Matthews, Barnes, Powell",0,0,0,0,1,13.0
21600491,20161229,3,2,DAL,LAL,"101106 Bogut, 101114 Williams, 1627827 Finney-Smith, 202083 Matthews, 203084 Barnes","101106,101114,1627827,202083,203084","Bogut, Williams, Finney-Smith, Matthews, Barnes",0,14,8,10,12,349.0
21600491,20161229,3,3,DAL,LAL,"101106 Bogut, 101114 Williams, 1627827 Finney-Smith, 202083 Matthews, 203084 Barnes","101106,101114,1627827,202083,203084","Bogut, Williams, Finney-Smith, Matthews, Barnes",0,6,0,2,3,52.0
21600491,20161229,3,4,DAL,LAL,"1627827 Finney-Smith, 202083 Matthews, 203552 Curry, 203939 Powell, 2734 Harris","1627827,202083,203552,203939,2734","Finney-Smith, Matthews, Curry, Powell, Harris",0,11,5,8,10,302.5
21600491,20161229,3,5,DAL,LAL,"202083 Matthews, 203084 Barnes, 203552 Curry, 203939 Powell, 2734 Harris","202083,203084,203552,203939,2734","Matthews, Barnes, Curry, Powell, Harris",0,0,0,0,1,3.5
21600491,20161229,4,1,DAL,LAL,"202083 Matthews, 203084 Barnes, 203552 Curry, 203939 Powell, 2734 Harris","202083,203084,203552,203939,2734","Matthews, Barnes, Curry, Powell, Harris",0,0,0,1,0,12.0
21600491,20161229,4,2,DAL,LAL,"1626257 Mejri, 1627827 Finney-Smith, 203084 Barnes, 203552 Curry, 2734 Harris","1626257,1627827,203084,203552,2734","Mejri, Finney-Smith, Barnes, Curry, Harris",0,2,5,4,4,139.0
21600491,20161229,4,3,DAL,LAL,"101114 Williams, 1626257 Mejri, 1627827 Finney-Smith, 203084 Barnes, 203552 Curry","101114,1626257,1627827,203084,203552","Williams, Mejri, Finney-Smith, Barnes, Curry",0,2,0,3,2,60.0
21600491,20161229,4,4,DAL,LAL,"101114 Williams, 1626257 Mejri, 1627827 Finney-Smith, 203084 Barnes, 203552 Curry","101114,1626257,1627827,203084,203552","Williams, Mejri, Finney-Smith, Barnes, Curry",0,4,2,4,6,151.0
21600491,20161229,4,5,DAL,LAL,"101114 Williams, 1626257 Mejri, 202083 Matthews, 203084 Barnes, 203552 Curry","101114,1626257,202083,203084,203552","Williams, Mejri, Matthews, Barnes, Curry",0,8,6,6,7,196.0
21600491,20161229,4,6,DAL,LAL,"101114 Williams, 1626257 Mejri, 202083 Matthews, 203084 Barnes, 203552 Curry","101114,1626257,202083,203084,203552","Williams, Mejri, Matthews, Barnes, Curry",0,0,1,0,1,20.0
21600491,20161229,4,7,DAL,LAL,"1626257 Mejri, 202083 Matthews, 203084 Barnes, 203552 Curry, 2734 Harris","1626257,202083,203084,203552,2734","Mejri, Matthews, Barnes, Curry, Harris",0,4,5,3,6,142.0
21600501,20161230,1,1,DAL,GSW,"101114 Williams, 1627827 Finney-Smith, 1717 Nowitzki, 202083 Matthews, 203084 Barnes","101114,1627827,1717,202083,203084","Williams, Finney-Smith, Nowitzki, Matthews, Barnes",0,15,17,13,12,368.0
21600501,20161230,1,2,DAL,GSW,"101114 Williams, 1627827 Finney-Smith, 202083 Matthews, 203084 Barnes, 203939 Powell","101114,1627827,202083,203084,203939","Williams, Finney-Smith, Matthews, Barnes, Powell",0,2,0,3,2,60.0
21600501,20161230,1,3,DAL,GSW,"202083 Matthews, 203084 Barnes, 203552 Curry, 203939 Powell, 2734 Harris","202083,203084,203552,203939,2734","Matthews, Barnes, Curry, Powell, Harris",0,7,8,4,3,97.0
21600501,20161230,1,4,DAL,GSW,"202083 Matthews, 203084 Barnes, 203552 Curry, 203939 Powell, 2734 Harris","202083,203084,203552,203939,2734","Matthews, Barnes, Curry, Powell, Harris",0,1,0,1,0,13.0
21600501,20161230,1,5,DAL,GSW,"202083 Matthews, 203084 Barnes, 203552 Curry, 203939 Powell, 2734 Harris","202083,203084,203552,203939,2734","Matthews, Barnes, Curry, Powell, Harris",0,0,0,2,2,57.0
21600501,20161230,1,6,DAL,GSW,"1717 Nowitzki, 202083 Matthews, 203552 Curry, 203939 Powell, 2734 Harris","1717,202083,203552,203939,2734","Nowitzki, Matthews, Curry, Powell, Harris",0,3,0,2,2,47.0
21600501,20161230,1,7,DAL,GSW,"1717 Nowitzki, 202083 Matthews, 203552 Curry, 203939 Powell, 2734 Harris","1717,202083,203552,203939,2734","Nowitzki, Matthews, Curry, Powell, Harris",0,1,0,1,0,14.0
21600501,20161230,1,8,DAL,GSW,"1627827 Finney-Smith, 1717 Nowitzki, 203552 Curry, 203939 Powell, 2734 Harris","1627827,1717,203552,203939,2734","Finney-Smith, Nowitzki, Curry, Powell, Harris",0,0,4,3,3,35.4
21600501,20161230,1,9,DAL,GSW,"1627827 Finney-Smith, 1717 Nowitzki, 203552 Curry, 203939 Powell, 2734 Harris","1627827,1717,203552,203939,2734","Finney-Smith, Nowitzki, Curry, Powell, Harris",0,0,0,1,1,28.6
21600501,20161230,2,1,DAL,GSW,"1627827 Finney-Smith, 1717 Nowitzki, 203552 Curry, 203939 Powell, 2734 Harris","1627827,1717,203552,203939,2734","Finney-Smith, Nowitzki, Curry, Powell, Harris",0,0,0,1,0,23.0
21600501,20161230,2,2,DAL,GSW,"101114 Williams, 1627827 Finney-Smith, 1717 Nowitzki, 203552 Curry, 203939 Powell","101114,1627827,1717,203552,203939","Williams, Finney-Smith, Nowitzki, Curry, Powell",0,5,7,6,5,110.0
21600501,20161230,2,3,DAL,GSW,"101114 Williams, 1626147 Anderson, 1627827 Finney-Smith, 1717 Nowitzki, 203552 Curry","101114,1626147,1627827,1717,203552","Williams, Anderson, Finney-Smith, Nowitzki, Curry",0,4,8,6,5,164.0
21600501,20161230,2,4,DAL,GSW,"101114 Williams, 1626257 Mejri, 202083 Matthews, 203084 Barnes, 2734 Harris","101114,1626257,202083,203084,2734","Williams, Mejri, Matthews, Barnes, Harris",0,0,2,1,1,26.0
21600501,20161230,2,5,DAL,GSW,"101114 Williams, 1626257 Mejri, 202083 Matthews, 203084 Barnes, 2734 Harris","101114,1626257,202083,203084,2734","Williams, Mejri, Matthews, Barnes, Harris",0,3,5,4,4,101.0
21600501,20161230,2,6,DAL,GSW,"1626257 Mejri, 202083 Matthews, 203084 Barnes, 203552 Curry, 2734 Harris","1626257,202083,203084,203552,2734","Mejri, Matthews, Barnes, Curry, Harris",0,0,2,2,2,56.0
21600501,20161230,2,7,DAL,GSW,"1717 Nowitzki, 202083 Matthews, 203084 Barnes, 203552 Curry, 2734 Harris","1717,202083,203084,203552,2734","Nowitzki, Matthews, Barnes, Curry, Harris",0,7,6,7,8,240.0
21600501,20161230,3,1,DAL,GSW,"1717 Nowitzki, 202083 Matthews, 203084 Barnes, 203552 Curry, 2734 Harris","1717,202083,203084,203552,2734","Nowitzki, Matthews, Barnes, Curry, Harris",0,0,0,1,0,14.0
21600501,20161230,3,2,DAL,GSW,"101114 Williams, 1627827 Finney-Smith, 1717 Nowitzki, 202083 Matthews, 203084 Barnes","101114,1627827,1717,202083,203084","Williams, Finney-Smith, Nowitzki, Matthews, Barnes",0,9,19,15,14,362.0
21600501,20161230,3,3,DAL,GSW,"202083 Matthews, 203084 Barnes, 203552 Curry, 203939 Powell, 2734 Harris","202083,203084,203552,203939,2734","Matthews, Barnes, Curry, Powell, Harris",0,3,4,3,3,64.0
21600501,20161230,3,4,DAL,GSW,"202083 Matthews, 203084 Barnes, 203552 Curry, 203939 Powell, 2734 Harris","202083,203084,203552,203939,2734","Matthews, Barnes, Curry, Powell, Harris",0,6,7,6,7,192.0
21600501,20161230,3,5,DAL,GSW,"202083 Matthews, 203084 Barnes, 203552 Curry, 203939 Powell, 2734 Harris","202083,203084,203552,203939,2734","Matthews, Barnes, Curry, Powell, Harris",0,0,0,0,1,2.0
21600501,20161230,3,6,DAL,GSW,"202083 Matthews, 203084 Barnes, 203552 Curry, 203939 Powell, 2734 Harris","202083,203084,203552,203939,2734","Matthews, Barnes, Curry, Powell, Harris",0,0,0,0,1,5.0
21600501,20161230,3,7,DAL,GSW,"1627827 Finney-Smith, 202083 Matthews, 203552 Curry, 203939 Powell, 2734 Harris","1627827,202083,203552,203939,2734","Finney-Smith, Matthews, Curry, Powell, Harris",0,3,2,1,3,81.0
21600501,20161230,4,1,DAL,GSW,"1626147 Anderson, 1627852 Brussino, 203510 Jackson, 203552 Curry, 203939 Powell","1626147,1627852,203510,203552,203939","Anderson, Brussino, Jackson, Curry, Powell",0,0,0,0,1,18.0
21600501,20161230,4,2,DAL,GSW,"1626147 Anderson, 1627852 Brussino, 203510 Jackson, 203552 Curry, 203939 Powell","1626147,1627852,203510,203552,203939","Anderson, Brussino, Jackson, Curry, Powell",0,5,6,4,5,142.0
21600501,20161230,4,3,DAL,GSW,"1626147 Anderson, 1627852 Brussino, 203510 Jackson, 203552 Curry, 203939 Powell","1626147,1627852,203510,203552,203939","Anderson, Brussino, Jackson, Curry, Powell",0,4,1,3,3,64.0
21600501,20161230,4,4,DAL,GSW,"1626147 Anderson, 1627852 Brussino, 203510 Jackson, 203552 Curry, 203939 Powell","1626147,1627852,203510,203552,203939","Anderson, Brussino, Jackson, Curry, Powell",0,0,1,0,1,9.0
21600501,20161230,4,5,DAL,GSW,"1626147 Anderson, 1627852 Brussino, 203510 Jackson, 203552 Curry, 203939 Powell","1626147,1627852,203510,203552,203939","Anderson, Brussino, Jackson, Curry, Powell",0,6,2,4,4,106.0
21600501,20161230,4,6,DAL,GSW,"1626147 Anderson, 1627852 Brussino, 203510 Jackson, 203552 Curry, 203939 Powell","1626147,1627852,203510,203552,203939","Anderson, Brussino, Jackson, Curry, Powell",0,0,1,0,1,10.0
21600501,20161230,4,7,DAL,GSW,"1626147 Anderson, 1627773 Hammons, 1627852 Brussino, 203510 Jackson, 203939 Powell","1626147,1627773,1627852,203510,203939","Anderson, Hammons, Brussino, Jackson, Powell",0,6,4,5,5,102.0
21600501,20161230,4,8,DAL,GSW,"1626147 Anderson, 1627773 Hammons, 1627852 Brussino, 203510 Jackson, 203939 Powell","1626147,1627773,1627852,203510,203939","Anderson, Hammons, Brussino, Jackson, Powell",0,9,2,9,9,269.0
21600524,20170103,1,1,DAL,WAS,"101114 Williams, 1627827 Finney-Smith, 1717 Nowitzki, 202083 Matthews, 203084 Barnes","101114,1627827,1717,202083,203084","Williams, Finney-Smith, Nowitzki, Matthews, Barnes",0,11,8,9,10,300.0
21600524,20170103,1,2,DAL,WAS,"101106 Bogut, 101114 Williams, 1627827 Finney-Smith, 202083 Matthews, 203084 Barnes","101106,101114,1627827,202083,203084","Bogut, Williams, Finney-Smith, Matthews, Barnes",0,7,11,4,7,132.0
21600524,20170103,1,3,DAL,WAS,"101106 Bogut, 202083 Matthews, 203084 Barnes, 203552 Curry, 2734 Harris","101106,202083,203084,203552,2734","Bogut, Matthews, Barnes, Curry, Harris",0,0,5,2,4,67.0
21600524,20170103,1,4,DAL,WAS,"101106 Bogut, 202083 Matthews, 203084 Barnes, 203552 Curry, 2734 Harris","101106,202083,203084,203552,2734","Bogut, Matthews, Barnes, Curry, Harris",0,0,0,4,3,69.0
21600524,20170103,1,5,DAL,WAS,"101106 Bogut, 202083 Matthews, 203552 Curry, 203939 Powell, 2734 Harris","101106,202083,203552,203939,2734","Bogut, Matthews, Curry, Powell, Harris",0,10,5,5,6,152.0
21600524,20170103,2,1,DAL,WAS,"101106 Bogut, 202083 Matthews, 203552 Curry, 203939 Powell, 2734 Harris","101106,202083,203552,203939,2734","Bogut, Matthews, Curry, Powell, Harris",0,0,0,1,0,12.0
21600524,20170103,2,2,DAL,WAS,"101114 Williams, 1626147 Anderson, 1717 Nowitzki, 203552 Curry, 203939 Powell","101114,1626147,1717,203552,203939","Williams, Anderson, Nowitzki, Curry, Powell",0,2,2,2,1,40.0
21600524,20170103,2,3,DAL,WAS,"101114 Williams, 1626147 Anderson, 1717 Nowitzki, 203552 Curry, 203939 Powell","101114,1626147,1717,203552,203939","Williams, Anderson, Nowitzki, Curry, Powell",0,5,5,4,4,97.0
21600524,20170103,2,4,DAL,WAS,"101114 Williams, 1626147 Anderson, 1717 Nowitzki, 203552 Curry, 203939 Powell","101114,1626147,1717,203552,203939","Williams, Anderson, Nowitzki, Curry, Powell",0,0,0,1,0,12.0
21600524,20170103,2,5,DAL,WAS,"101114 Williams, 1626147 Anderson, 1717 Nowitzki, 203552 Curry, 203939 Powell","101114,1626147,1717,203552,203939","Williams, Anderson, Nowitzki, Curry, Powell",0,0,0,2,1,20.0
21600524,20170103,2,6,DAL,WAS,"101114 Williams, 1626147 Anderson, 1717 Nowitzki, 203939 Powell, 2734 Harris","101114,1626147,1717,203939,2734","Williams, Anderson, Nowitzki, Powell, Harris",0,8,3,6,5,112.0
21600524,20170103,2,7,DAL,WAS,"101106 Bogut, 202083 Matthews, 203552 Curry, 203939 Powell, 2734 Harris","101106,202083,203552,203939,2734","Bogut, Matthews, Curry, Powell, Harris",0,2,0,1,1,32.0
21600524,20170103,2,8,DAL,WAS,"101106 Bogut, 202083 Matthews, 203510 Jackson, 203552 Curry, 203939 Powell","101106,202083,203510,203552,203939","Bogut, Matthews, Jackson, Curry, Powell",0,0,0,0,1,6.0
21600524,20170103,2,9,DAL,WAS,"101106 Bogut, 202083 Matthews, 203084 Barnes, 203510 Jackson, 203552 Curry","101106,202083,203084,203510,203552","Bogut, Matthews, Barnes, Jackson, Curry",0,1,0,1,1,20.0
21600524,20170103,2,10,DAL,WAS,"101106 Bogut, 202083 Matthews, 203084 Barnes, 203510 Jackson, 203552 Curry","101106,202083,203084,203510,203552","Bogut, Matthews, Barnes, Jackson, Curry",0,1,0,1,0,14.0
21600524,20170103,2,11,DAL,WAS,"101106 Bogut, 202083 Matthews, 203084 Barnes, 203510 Jackson, 203552 Curry","101106,202083,203084,203510,203552","Bogut, Matthews, Barnes, Jackson, Curry",0,7,4,4,4,83.0
21600524,20170103,2,12,DAL,WAS,"101106 Bogut, 202083 Matthews, 203084 Barnes, 203510 Jackson, 203552 Curry","101106,202083,203084,203510,203552","Bogut, Matthews, Barnes, Jackson, Curry",0,0,0,1,2,33.0
21600524,20170103,2,13,DAL,WAS,"101106 Bogut, 101114 Williams, 202083 Matthews, 203084 Barnes, 203510 Jackson","101106,101114,202083,203084,203510","Bogut, Williams, Matthews, Barnes, Jackson",0,2,2,1,2,42.0
21600524,20170103,2,14,DAL,WAS,"101106 Bogut, 101114 Williams, 1627827 Finney-Smith, 202083 Matthews, 203084 Barnes","101106,101114,1627827,202083,203084","Bogut, Williams, Finney-Smith, Matthews, Barnes",0,0,2,0,2,2.0
21600524,20170103,2,15,DAL,WAS,"101114 Williams, 1627827 Finney-Smith, 1717 Nowitzki, 202083 Matthews, 203084 Barnes","101114,1627827,1717,202083,203084","Williams, Finney-Smith, Nowitzki, Matthews, Barnes",0,5,17,10,11,173.8
21600524,20170103,2,16,DAL,WAS,"101114 Williams, 1627827 Finney-Smith, 202083 Matthews, 203084 Barnes, 203939 Powell","101114,1627827,202083,203084,203939","Williams, Finney-Smith, Matthews, Barnes, Powell",0,0,3,0,2,18.4
21600524,20170103,2,17,DAL,WAS,"101114 Williams, 1627827 Finney-Smith, 202083 Matthews, 203084 Barnes, 203939 Powell","101114,1627827,202083,203084,203939","Williams, Finney-Smith, Matthews, Barnes, Powell",0,0,0,1,0,2.8
21600524,20170103,3,1,DAL,WAS,"101114 Williams, 1627827 Finney-Smith, 202083 Matthews, 203084 Barnes, 203939 Powell","101114,1627827,202083,203084,203939","Williams, Finney-Smith, Matthews, Barnes, Powell",0,0,0,1,0,13.0
21600524,20170103,3,2,DAL,WAS,"101114 Williams, 1627827 Finney-Smith, 1717 Nowitzki, 202083 Matthews, 203084 Barnes","101114,1627827,1717,202083,203084","Williams, Finney-Smith, Nowitzki, Matthews, Barnes",0,5,8,9,8,214.0
21600524,20170103,3,3,DAL,WAS,"101114 Williams, 1717 Nowitzki, 202083 Matthews, 203084 Barnes, 2734 Harris","101114,1717,202083,203084,2734","Williams, Nowitzki, Matthews, Barnes, Harris",0,8,4,5,5,157.0
21600524,20170103,3,4,DAL,WAS,"101106 Bogut, 101114 Williams, 202083 Matthews, 203084 Barnes, 2734 Harris","101106,101114,202083,203084,2734","Bogut, Williams, Matthews, Barnes, Harris",0,3,2,3,3,91.0
21600524,20170103,3,5,DAL,WAS,"101106 Bogut, 202083 Matthews, 203084 Barnes, 203552 Curry, 2734 Harris","101106,202083,203084,203552,2734","Bogut, Matthews, Barnes, Curry, Harris",0,10,7,8,6,240.7
21600524,20170103,3,6,DAL,WAS,"101106 Bogut, 1627827 Finney-Smith, 202083 Matthews, 203552 Curry, 2734 Harris","101106,1627827,202083,203552,2734","Bogut, Finney-Smith, Matthews, Curry, Harris",0,0,0,1,0,4.3
21600524,20170103,4,1,DAL,WAS,"101106 Bogut, 1627827 Finney-Smith, 202083 Matthews, 203552 Curry, 2734 Harris","101106,1627827,202083,203552,2734","Bogut, Finney-Smith, Matthews, Curry, Harris",0,0,0,0,1,14.0
21600524,20170103,4,2,DAL,WAS,"1627827 Finney-Smith, 1717 Nowitzki, 203552 Curry, 203939 Powell, 2734 Harris","1627827,1717,203552,203939,2734","Finney-Smith, Nowitzki, Curry, Powell, Harris",0,4,0,3,3,82.0
21600524,20170103,4,3,DAL,WAS,"101114 Williams, 1627827 Finney-Smith, 1717 Nowitzki, 203552 Curry, 203939 Powell","101114,1627827,1717,203552,203939","Williams, Finney-Smith, Nowitzki, Curry, Powell",0,1,0,1,1,17.0
21600524,20170103,4,4,DAL,WAS,"101114 Williams, 1627827 Finney-Smith, 1717 Nowitzki, 203552 Curry, 203939 Powell","101114,1627827,1717,203552,203939","Williams, Finney-Smith, Nowitzki, Curry, Powell",0,3,0,4,4,113.0
21600524,20170103,4,5,DAL,WAS,"101114 Williams, 1627827 Finney-Smith, 1717 Nowitzki, 203552 Curry, 203939 Powell","101114,1627827,1717,203552,203939","Williams, Finney-Smith, Nowitzki, Curry, Powell",0,0,2,2,2,49.0
21600524,20170103,4,6,DAL,WAS,"101114 Williams, 1627827 Finney-Smith, 1717 Nowitzki, 203552 Curry, 203939 Powell","101114,1627827,1717,203552,203939","Williams, Finney-Smith, Nowitzki, Curry, Powell",0,3,0,1,1,20.0
21600524,20170103,4,7,DAL,WAS,"101106 Bogut, 1627827 Finney-Smith, 202083 Matthews, 203084 Barnes, 203552 Curry","101106,1627827,202083,203084,203552","Bogut, Finney-Smith, Matthews, Barnes, Curry",0,0,0,0,1,2.0
21600524,20170103,4,8,DAL,WAS,"101106 Bogut, 1627827 Finney-Smith, 202083 Matthews, 203084 Barnes, 203552 Curry","101106,1627827,202083,203084,203552","Bogut, Finney-Smith, Matthews, Barnes, Curry",0,6,7,4,6,146.0
21600524,20170103,4,9,DAL,WAS,"101106 Bogut, 101114 Williams, 1627827 Finney-Smith, 202083 Matthews, 203084 Barnes","101106,101114,1627827,202083,203084","Bogut, Williams, Finney-Smith, Matthews, Barnes",0,3,0,2,3,45.0
21600524,20170103,4,10,DAL,WAS,"101114 Williams, 1626257 Mejri, 1627827 Finney-Smith, 202083 Matthews, 203084 Barnes","101114,1626257,1627827,202083,203084","Williams, Mejri, Finney-Smith, Matthews, Barnes",0,6,8,7,9,232.0
21600541,20170105,1,1,DAL,PHX,"101114 Williams, 1627827 Finney-Smith, 1717 Nowitzki, 202083 Matthews, 203084 Barnes","101114,1627827,1717,202083,203084","Williams, Finney-Smith, Nowitzki, Matthews, Barnes",0,8,6,8,11,294.0
21600541,20170105,1,2,DAL,PHX,"101106 Bogut, 101114 Williams, 1627827 Finney-Smith, 202083 Matthews, 203084 Barnes","101106,101114,1627827,202083,203084","Bogut, Williams, Finney-Smith, Matthews, Barnes",0,4,6,4,4,116.0
21600541,20170105,1,3,DAL,PHX,"101106 Bogut, 101114 Williams, 1627827 Finney-Smith, 202083 Matthews, 203084 Barnes","101106,101114,1627827,202083,203084","Bogut, Williams, Finney-Smith, Matthews, Barnes",0,7,4,5,4,130.0
21600541,20170105,1,4,DAL,PHX,"101106 Bogut, 202083 Matthews, 203084 Barnes, 203552 Curry, 2734 Harris","101106,202083,203084,203552,2734","Bogut, Matthews, Barnes, Curry, Harris",0,1,1,3,2,75.0
21600541,20170105,1,5,DAL,PHX,"1717 Nowitzki, 202083 Matthews, 203552 Curry, 203939 Powell, 2734 Harris","1717,202083,203552,203939,2734","Nowitzki, Matthews, Curry, Powell, Harris",0,2,0,3,2,62.0
21600541,20170105,1,6,DAL,PHX,"1717 Nowitzki, 202083 Matthews, 203552 Curry, 203939 Powell, 2734 Harris","1717,202083,203552,203939,2734","Nowitzki, Matthews, Curry, Powell, Harris",0,0,2,2,1,43.0
21600541,20170105,2,1,DAL,PHX,"1717 Nowitzki, 202083 Matthews, 203552 Curry, 203939 Powell, 2734 Harris","1717,202083,203552,203939,2734","Nowitzki, Matthews, Curry, Powell, Harris",0,0,0,1,0,10.0
21600541,20170105,2,2,DAL,PHX,"1627852 Brussino, 1717 Nowitzki, 203510 Jackson, 203939 Powell, 2734 Harris","1627852,1717,203510,203939,2734","Brussino, Nowitzki, Jackson, Powell, Harris",0,0,7,6,5,122.0
21600541,20170105,2,3,DAL,PHX,"1627852 Brussino, 1717 Nowitzki, 203552 Curry, 203939 Powell, 2734 Harris","1627852,1717,203552,203939,2734","Brussino, Nowitzki, Curry, Powell, Harris",0,6,2,4,4,144.0
21600541,20170105,2,4,DAL,PHX,"101106 Bogut, 101114 Williams, 1627852 Brussino, 203084 Barnes, 203552 Curry","101106,101114,1627852,203084,203552","Bogut, Williams, Brussino, Barnes, Curry",0,11,8,6,7,185.0
21600541,20170105,2,5,DAL,PHX,"101106 Bogut, 101114 Williams, 202083 Matthews, 203084 Barnes, 2734 Harris","101106,101114,202083,203084,2734","Bogut, Williams, Matthews, Barnes, Harris",0,0,0,0,1,2.0
21600541,20170105,2,6,DAL,PHX,"101106 Bogut, 101114 Williams, 202083 Matthews, 203084 Barnes, 2734 Harris","101106,101114,202083,203084,2734","Bogut, Williams, Matthews, Barnes, Harris",0,2,0,3,4,105.0
21600541,20170105,2,7,DAL,PHX,"101106 Bogut, 101114 Williams, 202083 Matthews, 203084 Barnes, 2734 Harris","101106,101114,202083,203084,2734","Bogut, Williams, Matthews, Barnes, Harris",0,2,3,3,3,60.0
21600541,20170105,2,8,DAL,PHX,"101114 Williams, 1717 Nowitzki, 202083 Matthews, 203084 Barnes, 2734 Harris","101114,1717,202083,203084,2734","Williams, Nowitzki, Matthews, Barnes, Harris",0,2,2,4,2,92.0
21600541,20170105,3,1,DAL,PHX,"101114 Williams, 1717 Nowitzki, 202083 Matthews, 203084 Barnes, 2734 Harris","101114,1717,202083,203084,2734","Williams, Nowitzki, Matthews, Barnes, Harris",0,0,0,1,0,18.0
21600541,20170105,3,2,DAL,PHX,"101114 Williams, 1627827 Finney-Smith, 1717 Nowitzki, 202083 Matthews, 203084 Barnes","101114,1627827,1717,202083,203084","Williams, Finney-Smith, Nowitzki, Matthews, Barnes",0,6,12,11,11,283.0
21600541,20170105,3,3,DAL,PHX,"101114 Williams, 1627827 Finney-Smith, 1717 Nowitzki, 202083 Matthews, 203084 Barnes","101114,1627827,1717,202083,203084","Williams, Finney-Smith, Nowitzki, Matthews, Barnes",0,0,3,2,2,22.0
21600541,20170105,3,4,DAL,PHX,"101106 Bogut, 101114 Williams, 202083 Matthews, 203084 Barnes, 2734 Harris","101106,101114,202083,203084,2734","Bogut, Williams, Matthews, Barnes, Harris",0,3,3,2,2,77.0
21600541,20170105,3,5,DAL,PHX,"101106 Bogut, 202083 Matthews, 203084 Barnes, 203552 Curry, 2734 Harris","101106,202083,203084,203552,2734","Bogut, Matthews, Barnes, Curry, Harris",0,6,3,3,4,109.0
21600541,20170105,3,6,DAL,PHX,"101106 Bogut, 202083 Matthews, 203084 Barnes, 203552 Curry, 2734 Harris","101106,202083,203084,203552,2734","Bogut, Matthews, Barnes, Curry, Harris",0,1,2,2,3,82.0
21600541,20170105,3,7,DAL,PHX,"101106 Bogut, 202083 Matthews, 203084 Barnes, 203552 Curry, 2734 Harris","101106,202083,203084,203552,2734","Bogut, Matthews, Barnes, Curry, Harris",0,0,2,1,1,7.0
21600541,20170105,3,8,DAL,PHX,"1717 Nowitzki, 202083 Matthews, 203084 Barnes, 203552 Curry, 2734 Harris","1717,202083,203084,203552,2734","Nowitzki, Matthews, Barnes, Curry, Harris",0,8,4,5,5,118.2
21600541,20170105,3,9,DAL,PHX,"202083 Matthews, 203084 Barnes, 203552 Curry, 203939 Powell, 2734 Harris","202083,203084,203552,203939,2734","Matthews, Barnes, Curry, Powell, Harris",0,3,0,1,1,3.8
21600541,20170105,4,1,DAL,PHX,"202083 Matthews, 203084 Barnes, 203552 Curry, 203939 Powell, 2734 Harris","202083,203084,203552,203939,2734","Matthews, Barnes, Curry, Powell, Harris",0,0,0,0,1,14.0
21600541,20170105,4,2,DAL,PHX,"1627852 Brussino, 1717 Nowitzki, 203552 Curry, 203939 Powell, 2734 Harris","1627852,1717,203552,203939,2734","Brussino, Nowitzki, Curry, Powell, Harris",0,2,6,3,4,86.0
21600541,20170105,4,3,DAL,PHX,"101114 Williams, 1627852 Brussino, 1717 Nowitzki, 203552 Curry, 203939 Powell","101114,1627852,1717,203552,203939","Williams, Brussino, Nowitzki, Curry, Powell",0,0,3,2,2,43.0
21600541,20170105,4,4,DAL,PHX,"101114 Williams, 1627827 Finney-Smith, 1717 Nowitzki, 203084 Barnes, 203552 Curry","101114,1627827,1717,203084,203552","Williams, Finney-Smith, Nowitzki, Barnes, Curry",0,5,2,3,2,85.0
21600541,20170105,4,5,DAL,PHX,"101114 Williams, 1627827 Finney-Smith, 1717 Nowitzki, 203084 Barnes, 203552 Curry","101114,1627827,1717,203084,203552","Williams, Finney-Smith, Nowitzki, Barnes, Curry",0,2,0,1,2,39.0
21600541,20170105,4,6,DAL,PHX,"101114 Williams, 1717 Nowitzki, 202083 Matthews, 203084 Barnes, 203552 Curry","101114,1717,202083,203084,203552","Williams, Nowitzki, Matthews, Barnes, Curry",0,4,7,5,5,177.0
21600541,20170105,4,7,DAL,PHX,"101106 Bogut, 101114 Williams, 202083 Matthews, 203084 Barnes, 203552 Curry","101106,101114,202083,203084,203552","Bogut, Williams, Matthews, Barnes, Curry",0,8,10,8,7,239.4
21600541,20170105,4,8,DAL,PHX,"101114 Williams, 1717 Nowitzki, 202083 Matthews, 203084 Barnes, 203552 Curry","101114,1717,202083,203084,203552","Williams, Nowitzki, Matthews, Barnes, Curry",0,0,0,1,1,9.4
21600541,20170105,4,9,DAL,PHX,"101114 Williams, 1627827 Finney-Smith, 202083 Matthews, 203084 Barnes, 203552 Curry","101114,1627827,202083,203084,203552","Williams, Finney-Smith, Matthews, Barnes, Curry",0,0,2,1,1,3.5
21600541,20170105,4,10,DAL,PHX,"101114 Williams, 1717 Nowitzki, 202083 Matthews, 203084 Barnes, 203939 Powell","101114,1717,202083,203084,203939","Williams, Nowitzki, Matthews, Barnes, Powell",0,0,1,1,1,6.5
21600541,20170105,4,11,DAL,PHX,"1627852 Brussino, 202083 Matthews, 203510 Jackson, 203552 Curry, 203939 Powell","1627852,202083,203510,203552,203939","Brussino, Matthews, Jackson, Curry, Powell",0,2,0,2,0,17.2
21600557,20170107,1,1,DAL,ATL,"101106 Bogut, 101114 Williams, 1717 Nowitzki, 202083 Matthews, 203084 Barnes","101106,101114,1717,202083,203084","Bogut, Williams, Nowitzki, Matthews, Barnes",0,5,5,9,8,249.0
21600557,20170107,1,2,DAL,ATL,"101106 Bogut, 101114 Williams, 202083 Matthews, 203084 Barnes, 203552 Curry","101106,101114,202083,203084,203552","Bogut, Williams, Matthews, Barnes, Curry",0,2,2,5,4,107.0
21600557,20170107,1,3,DAL,ATL,"101106 Bogut, 101114 Williams, 202083 Matthews, 203084 Barnes, 203552 Curry","101106,101114,202083,203084,203552","Bogut, Williams, Matthews, Barnes, Curry",0,0,2,1,1,32.0
21600557,20170107,1,4,DAL,ATL,"101106 Bogut, 101114 Williams, 1717 Nowitzki, 202083 Matthews, 203552 Curry","101106,101114,1717,202083,203552","Bogut, Williams, Nowitzki, Matthews, Curry",0,0,2,1,1,33.0
21600557,20170107,1,5,DAL,ATL,"101106 Bogut, 101114 Williams, 1717 Nowitzki, 202083 Matthews, 203552 Curry","101106,101114,1717,202083,203552","Bogut, Williams, Nowitzki, Matthews, Curry",0,0,2,3,2,39.0
21600557,20170107,1,6,DAL,ATL,"1717 Nowitzki, 200826 Barea, 202083 Matthews, 203939 Powell, 2734 Harris","1717,200826,202083,203939,2734","Nowitzki, Barea, Matthews, Powell, Harris",0,2,0,3,2,75.0
21600557,20170107,1,7,DAL,ATL,"1717 Nowitzki, 200826 Barea, 202083 Matthews, 203939 Powell, 2734 Harris","1717,200826,202083,203939,2734","Nowitzki, Barea, Matthews, Powell, Harris",0,0,0,1,0,8.0
21600557,20170107,1,8,DAL,ATL,"1717 Nowitzki, 200826 Barea, 202083 Matthews, 203939 Powell, 2734 Harris","1717,200826,202083,203939,2734","Nowitzki, Barea, Matthews, Powell, Harris",0,2,0,1,0,5.0
21600557,20170107,1,9,DAL,ATL,"1627827 Finney-Smith, 1717 Nowitzki, 200826 Barea, 203939 Powell, 2734 Harris","1627827,1717,200826,203939,2734","Finney-Smith, Nowitzki, Barea, Powell, Harris",0,9,9,6,6,170.1
21600557,20170107,1,10,DAL,ATL,"1627827 Finney-Smith, 1717 Nowitzki, 200826 Barea, 203939 Powell, 2734 Harris","1627827,1717,200826,203939,2734","Finney-Smith, Nowitzki, Barea, Powell, Harris",0,0,0,0,0,1.9
21600557,20170107,2,1,DAL,ATL,"1627827 Finney-Smith, 1717 Nowitzki, 200826 Barea, 203939 Powell, 2734 Harris","1627827,1717,200826,203939,2734","Finney-Smith, Nowitzki, Barea, Powell, Harris",0,7,2,5,6,170.0
21600557,20170107,2,2,DAL,ATL,"101106 Bogut, 1627827 Finney-Smith, 200826 Barea, 203084 Barnes, 2734 Harris","101106,1627827,200826,203084,2734","Bogut, Finney-Smith, Barea, Barnes, Harris",0,5,5,3,3,76.0
21600557,20170107,2,3,DAL,ATL,"101106 Bogut, 101114 Williams, 1627827 Finney-Smith, 202083 Matthews, 203084 Barnes","101106,101114,1627827,202083,203084","Bogut, Williams, Finney-Smith, Matthews, Barnes",0,5,0,3,3,68.0
21600557,20170107,2,4,DAL,ATL,"101106 Bogut, 101114 Williams, 1627827 Finney-Smith, 202083 Matthews, 203084 Barnes","101106,101114,1627827,202083,203084","Bogut, Williams, Finney-Smith, Matthews, Barnes",0,2,10,5,7,173.0
21600557,20170107,2,5,DAL,ATL,"101106 Bogut, 101114 Williams, 1627827 Finney-Smith, 202083 Matthews, 203084 Barnes","101106,101114,1627827,202083,203084","Bogut, Williams, Finney-Smith, Matthews, Barnes",0,0,0,0,1,1.0
21600557,20170107,2,6,DAL,ATL,"101106 Bogut, 101114 Williams, 1717 Nowitzki, 202083 Matthews, 203084 Barnes","101106,101114,1717,202083,203084","Bogut, Williams, Nowitzki, Matthews, Barnes",0,2,0,3,3,63.0
21600557,20170107,2,7,DAL,ATL,"101106 Bogut, 101114 Williams, 1717 Nowitzki, 202083 Matthews, 203084 Barnes","101106,101114,1717,202083,203084","Bogut, Williams, Nowitzki, Matthews, Barnes",0,0,0,2,2,53.0
21600557,20170107,2,8,DAL,ATL,"101106 Bogut, 101114 Williams, 1717 Nowitzki, 202083 Matthews, 203084 Barnes","101106,101114,1717,202083,203084","Bogut, Williams, Nowitzki, Matthews, Barnes",0,1,6,3,4,101.0
21600557,20170107,2,9,DAL,ATL,"101106 Bogut, 101114 Williams, 1627827 Finney-Smith, 202083 Matthews, 203084 Barnes","101106,101114,1627827,202083,203084","Bogut, Williams, Finney-Smith, Matthews, Barnes",0,0,0,0,1,15.0
21600557,20170107,3,1,DAL,ATL,"101106 Bogut, 101114 Williams, 1627827 Finney-Smith, 202083 Matthews, 203084 Barnes","101106,101114,1627827,202083,203084","Bogut, Williams, Finney-Smith, Matthews, Barnes",0,0,0,0,1,8.0
21600557,20170107,3,2,DAL,ATL,"101106 Bogut, 101114 Williams, 1717 Nowitzki, 202083 Matthews, 203084 Barnes","101106,101114,1717,202083,203084","Bogut, Williams, Nowitzki, Matthews, Barnes",0,5,6,9,9,303.0
21600557,20170107,3,3,DAL,ATL,"101106 Bogut, 101114 Williams, 1717 Nowitzki, 202083 Matthews, 203084 Barnes","101106,101114,1717,202083,203084","Bogut, Williams, Nowitzki, Matthews, Barnes",0,1,0,2,1,36.0
21600557,20170107,3,4,DAL,ATL,"101106 Bogut, 101114 Williams, 1627827 Finney-Smith, 202083 Matthews, 203084 Barnes","101106,101114,1627827,202083,203084","Bogut, Williams, Finney-Smith, Matthews, Barnes",0,5,8,4,5,138.0
21600557,20170107,3,5,DAL,ATL,"101106 Bogut, 200826 Barea, 202083 Matthews, 203084 Barnes, 2734 Harris","101106,200826,202083,203084,2734","Bogut, Barea, Matthews, Barnes, Harris",0,0,3,2,1,35.0
21600557,20170107,3,6,DAL,ATL,"1717 Nowitzki, 200826 Barea, 202083 Matthews, 203939 Powell, 2734 Harris","1717,200826,202083,203939,2734","Nowitzki, Barea, Matthews, Powell, Harris",0,4,2,5,4,139.0
21600557,20170107,3,7,DAL,ATL,"1627827 Finney-Smith, 1717 Nowitzki, 200826 Barea, 203939 Powell, 2734 Harris","1627827,1717,200826,203939,2734","Finney-Smith, Nowitzki, Barea, Powell, Harris",0,2,2,3,2,61.0
21600557,20170107,4,1,DAL,ATL,"1627827 Finney-Smith, 1717 Nowitzki, 200826 Barea, 203939 Powell, 2734 Harris","1627827,1717,200826,203939,2734","Finney-Smith, Nowitzki, Barea, Powell, Harris",0,2,0,2,1,40.0
21600557,20170107,4,2,DAL,ATL,"1627827 Finney-Smith, 1717 Nowitzki, 200826 Barea, 203939 Powell, 2734 Harris","1627827,1717,200826,203939,2734","Finney-Smith, Nowitzki, Barea, Powell, Harris",0,0,1,1,2,22.0
21600557,20170107,4,3,DAL,ATL,"1627827 Finney-Smith, 1717 Nowitzki, 200826 Barea, 203939 Powell, 2734 Harris","1627827,1717,200826,203939,2734","Finney-Smith, Nowitzki, Barea, Powell, Harris",0,0,0,0,1,12.0
21600557,20170107,4,4,DAL,ATL,"1627827 Finney-Smith, 1717 Nowitzki, 200826 Barea, 203552 Curry, 203939 Powell","1627827,1717,200826,203552,203939","Finney-Smith, Nowitzki, Barea, Curry, Powell",0,4,2,2,2,61.0
21600557,20170107,4,5,DAL,ATL,"1627827 Finney-Smith, 1717 Nowitzki, 200826 Barea, 203552 Curry, 203939 Powell","1627827,1717,200826,203552,203939","Finney-Smith, Nowitzki, Barea, Curry, Powell",0,2,5,4,3,81.0
21600557,20170107,4,6,DAL,ATL,"101106 Bogut, 1627827 Finney-Smith, 200826 Barea, 203084 Barnes, 203552 Curry","101106,1627827,200826,203084,203552","Bogut, Finney-Smith, Barea, Barnes, Curry",0,0,2,3,2,60.0
21600557,20170107,4,7,DAL,ATL,"101106 Bogut, 101114 Williams, 202083 Matthews, 203084 Barnes, 203552 Curry","101106,101114,202083,203084,203552","Bogut, Williams, Matthews, Barnes, Curry",0,2,3,2,2,70.0
21600557,20170107,4,8,DAL,ATL,"101106 Bogut, 101114 Williams, 202083 Matthews, 203084 Barnes, 203552 Curry","101106,101114,202083,203084,203552","Bogut, Williams, Matthews, Barnes, Curry",0,0,1,0,1,13.0
21600557,20170107,4,9,DAL,ATL,"101106 Bogut, 101114 Williams, 202083 Matthews, 203084 Barnes, 203552 Curry","101106,101114,202083,203084,203552","Bogut, Williams, Matthews, Barnes, Curry",0,3,5,4,3,51.0
21600557,20170107,4,10,DAL,ATL,"101114 Williams, 1717 Nowitzki, 202083 Matthews, 203084 Barnes, 2734 Harris","101114,1717,202083,203084,2734","Williams, Nowitzki, Matthews, Barnes, Harris",0,4,1,2,1,36.0
21600557,20170107,4,11,DAL,ATL,"101114 Williams, 1717 Nowitzki, 202083 Matthews, 203084 Barnes, 2734 Harris","101114,1717,202083,203084,2734","Williams, Nowitzki, Matthews, Barnes, Harris",0,0,4,2,2,44.0
21600557,20170107,4,12,DAL,ATL,"101114 Williams, 202083 Matthews, 203084 Barnes, 203552 Curry, 203939 Powell","101114,202083,203084,203552,203939","Williams, Matthews, Barnes, Curry, Powell",0,3,2,3,2,72.0
21600557,20170107,4,13,DAL,ATL,"1626147 Anderson, 1627827 Finney-Smith, 1627852 Brussino, 203552 Curry, 203939 Powell","1626147,1627827,1627852,203552,203939","Anderson, Finney-Smith, Brussino, Curry, Powell",0,0,0,1,1,18.0
21600557,20170107,4,14,DAL,ATL,"1626147 Anderson, 1626257 Mejri, 1627827 Finney-Smith, 1627852 Brussino, 203552 Curry","1626147,1626257,1627827,1627852,203552","Anderson, Mejri, Finney-Smith, Brussino, Curry",0,3,5,6,5,140.0
21600570,20170109,1,1,DAL,MIN,"101106 Bogut, 101114 Williams, 1717 Nowitzki, 202083 Matthews, 203084 Barnes","101106,101114,1717,202083,203084","Bogut, Williams, Nowitzki, Matthews, Barnes",0,6,12,9,8,235.0
21600570,20170109,1,2,DAL,MIN,"101106 Bogut, 101114 Williams, 202083 Matthews, 203084 Barnes, 203552 Curry","101106,101114,202083,203084,203552","Bogut, Williams, Matthews, Barnes, Curry",0,7,7,4,4,164.0
21600570,20170109,1,3,DAL,MIN,"101106 Bogut, 101114 Williams, 202083 Matthews, 203084 Barnes, 203552 Curry","101106,101114,202083,203084,203552","Bogut, Williams, Matthews, Barnes, Curry",0,0,2,2,2,17.0
21600570,20170109,1,4,DAL,MIN,"101106 Bogut, 101114 Williams, 202083 Matthews, 203084 Barnes, 203552 Curry","101106,101114,202083,203084,203552","Bogut, Williams, Matthews, Barnes, Curry",0,0,0,1,1,34.0
21600570,20170109,1,5,DAL,MIN,"1627827 Finney-Smith, 1717 Nowitzki, 200826 Barea, 203939 Powell, 2734 Harris","1627827,1717,200826,203939,2734","Finney-Smith, Nowitzki, Barea, Powell, Harris",0,4,7,6,7,152.0
21600570,20170109,1,6,DAL,MIN,"1626147 Anderson, 1717 Nowitzki, 200826 Barea, 203939 Powell, 2734 Harris","1626147,1717,200826,203939,2734","Anderson, Nowitzki, Barea, Powell, Harris",0,2,5,4,5,118.0
21600570,20170109,2,1,DAL,MIN,"1626147 Anderson, 1717 Nowitzki, 200826 Barea, 203939 Powell, 2734 Harris","1626147,1717,200826,203939,2734","Anderson, Nowitzki, Barea, Powell, Harris",0,0,0,0,1,15.0
21600570,20170109,2,2,DAL,MIN,"1626147 Anderson, 1717 Nowitzki, 200826 Barea, 203939 Powell, 2734 Harris","1626147,1717,200826,203939,2734","Anderson, Nowitzki, Barea, Powell, Harris",0,2,3,2,4,60.0
21600570,20170109,2,3,DAL,MIN,"1626147 Anderson, 1626257 Mejri, 1717 Nowitzki, 200826 Barea, 2734 Harris","1626147,1626257,1717,200826,2734","Anderson, Mejri, Nowitzki, Barea, Harris",0,2,5,4,4,108.0
21600570,20170109,2,4,DAL,MIN,"101106 Bogut, 101114 Williams, 202083 Matthews, 203084 Barnes, 203552 Curry","101106,101114,202083,203084,203552","Bogut, Williams, Matthews, Barnes, Curry",0,0,3,3,2,63.0
21600570,20170109,2,5,DAL,MIN,"101106 Bogut, 101114 Williams, 202083 Matthews, 203084 Barnes, 203552 Curry","101106,101114,202083,203084,203552","Bogut, Williams, Matthews, Barnes, Curry",0,2,0,3,3,59.0
21600570,20170109,2,6,DAL,MIN,"101106 Bogut, 101114 Williams, 202083 Matthews, 203084 Barnes, 203552 Curry","101106,101114,202083,203084,203552","Bogut, Williams, Matthews, Barnes, Curry",0,3,2,2,3,76.0
21600570,20170109,2,7,DAL,MIN,"101114 Williams, 1626257 Mejri, 202083 Matthews, 203084 Barnes, 203552 Curry","101114,1626257,202083,203084,203552","Williams, Mejri, Matthews, Barnes, Curry",0,6,2,4,5,125.0
21600570,20170109,2,8,DAL,MIN,"101114 Williams, 1717 Nowitzki, 202083 Matthews, 203084 Barnes, 203552 Curry","101114,1717,202083,203084,203552","Williams, Nowitzki, Matthews, Barnes, Curry",0,12,6,6,6,183.9
21600570,20170109,2,9,DAL,MIN,"101114 Williams, 1717 Nowitzki, 202083 Matthews, 203084 Barnes, 203552 Curry","101114,1717,202083,203084,203552","Williams, Nowitzki, Matthews, Barnes, Curry",0,0,0,1,1,30.1
21600570,20170109,3,1,DAL,MIN,"101114 Williams, 1717 Nowitzki, 202083 Matthews, 203084 Barnes, 203552 Curry","101114,1717,202083,203084,203552","Williams, Nowitzki, Matthews, Barnes, Curry",0,0,0,0,1,20.0
21600570,20170109,3,2,DAL,MIN,"101114 Williams, 1717 Nowitzki, 202083 Matthews, 203084 Barnes, 203552 Curry","101114,1717,202083,203084,203552","Williams, Nowitzki, Matthews, Barnes, Curry",0,7,14,8,9,227.0
21600570,20170109,3,3,DAL,MIN,"101106 Bogut, 101114 Williams, 202083 Matthews, 203084 Barnes, 203552 Curry","101106,101114,202083,203084,203552","Bogut, Williams, Matthews, Barnes, Curry",0,3,0,3,2,73.0
21600570,20170109,3,4,DAL,MIN,"101106 Bogut, 101114 Williams, 202083 Matthews, 203084 Barnes, 203552 Curry","101106,101114,202083,203084,203552","Bogut, Williams, Matthews, Barnes, Curry",0,7,2,4,3,122.0
21600570,20170109,3,5,DAL,MIN,"101106 Bogut, 101114 Williams, 202083 Matthews, 203084 Barnes, 203552 Curry","101106,101114,202083,203084,203552","Bogut, Williams, Matthews, Barnes, Curry",0,2,0,3,2,102.0
21600570,20170109,3,6,DAL,MIN,"1626257 Mejri, 1717 Nowitzki, 200826 Barea, 202083 Matthews, 2734 Harris","1626257,1717,200826,202083,2734","Mejri, Nowitzki, Barea, Matthews, Harris",0,5,7,6,6,176.0
21600570,20170109,4,1,DAL,MIN,"1626257 Mejri, 1717 Nowitzki, 200826 Barea, 202083 Matthews, 2734 Harris","1626257,1717,200826,202083,2734","Mejri, Nowitzki, Barea, Matthews, Harris",0,0,0,1,0,22.0
21600570,20170109,4,2,DAL,MIN,"1626257 Mejri, 1627827 Finney-Smith, 1717 Nowitzki, 200826 Barea, 2734 Harris","1626257,1627827,1717,200826,2734","Mejri, Finney-Smith, Nowitzki, Barea, Harris",0,3,2,2,1,29.0
21600570,20170109,4,3,DAL,MIN,"1626257 Mejri, 1627827 Finney-Smith, 1717 Nowitzki, 200826 Barea, 2734 Harris","1626257,1627827,1717,200826,2734","Mejri, Finney-Smith, Nowitzki, Barea, Harris",0,2,0,3,2,99.0
21600570,20170109,4,4,DAL,MIN,"1626257 Mejri, 1627827 Finney-Smith, 1717 Nowitzki, 200826 Barea, 2734 Harris","1626257,1627827,1717,200826,2734","Mejri, Finney-Smith, Nowitzki, Barea, Harris",0,0,2,3,2,49.0
21600570,20170109,4,5,DAL,MIN,"1627827 Finney-Smith, 1717 Nowitzki, 200826 Barea, 203084 Barnes, 2734 Harris","1627827,1717,200826,203084,2734","Finney-Smith, Nowitzki, Barea, Barnes, Harris",0,0,0,1,1,16.0
21600570,20170109,4,6,DAL,MIN,"101106 Bogut, 101114 Williams, 202083 Matthews, 203084 Barnes, 203552 Curry","101106,101114,202083,203084,203552","Bogut, Williams, Matthews, Barnes, Curry",0,2,6,4,4,125.0
21600570,20170109,4,7,DAL,MIN,"101114 Williams, 1717 Nowitzki, 202083 Matthews, 203084 Barnes, 203552 Curry","101114,1717,202083,203084,203552","Williams, Nowitzki, Matthews, Barnes, Curry",0,10,12,12,11,332.0
21600570,20170109,4,8,DAL,MIN,"101114 Williams, 1626147 Anderson, 202083 Matthews, 203084 Barnes, 203552 Curry","101114,1626147,202083,203084,203552","Williams, Anderson, Matthews, Barnes, Curry",0,3,2,1,1,15.0
21600570,20170109,4,9,DAL,MIN,"1626147 Anderson, 1627827 Finney-Smith, 202083 Matthews, 203084 Barnes, 203552 Curry","1626147,1627827,202083,203084,203552","Anderson, Finney-Smith, Matthews, Barnes, Curry",0,2,0,2,1,19.8
21600570,20170109,4,10,DAL,MIN,"1626147 Anderson, 1627827 Finney-Smith, 202083 Matthews, 203552 Curry, 203939 Powell","1626147,1627827,202083,203552,203939","Anderson, Finney-Smith, Matthews, Curry, Powell",0,0,0,1,1,13.2
21600591,20170112,1,1,DAL,PHX,"101114 Williams, 1717 Nowitzki, 202083 Matthews, 203084 Barnes, 203552 Curry","101114,1717,202083,203084,203552","Williams, Nowitzki, Matthews, Barnes, Curry",0,14,14,8,7,205.0
21600591,20170112,1,2,DAL,PHX,"101114 Williams, 1626257 Mejri, 202083 Matthews, 203084 Barnes, 203552 Curry","101114,1626257,202083,203084,203552","Williams, Mejri, Matthews, Barnes, Curry",0,13,5,7,8,196.0
21600591,20170112,1,3,DAL,PHX,"101114 Williams, 1626257 Mejri, 1717 Nowitzki, 202083 Matthews, 2734 Harris","101114,1626257,1717,202083,2734","Williams, Mejri, Nowitzki, Matthews, Harris",0,0,0,1,1,14.0
21600591,20170112,1,4,DAL,PHX,"1626257 Mejri, 1717 Nowitzki, 200826 Barea, 202083 Matthews, 2734 Harris","1626257,1717,200826,202083,2734","Mejri, Nowitzki, Barea, Matthews, Harris",0,0,4,3,2,74.0
21600591,20170112,1,5,DAL,PHX,"1627827 Finney-Smith, 1717 Nowitzki, 200826 Barea, 203939 Powell, 2734 Harris","1627827,1717,200826,203939,2734","Finney-Smith, Nowitzki, Barea, Powell, Harris",0,0,1,1,1,33.0
21600591,20170112,1,6,DAL,PHX,"1627827 Finney-Smith, 1717 Nowitzki, 200826 Barea, 203939 Powell, 2734 Harris","1627827,1717,200826,203939,2734","Finney-Smith, Nowitzki, Barea, Powell, Harris",0,2,0,1,0,18.0
21600591,20170112,1,7,DAL,PHX,"1627827 Finney-Smith, 1717 Nowitzki, 200826 Barea, 203939 Powell, 2734 Harris","1627827,1717,200826,203939,2734","Finney-Smith, Nowitzki, Barea, Powell, Harris",0,3,5,6,7,176.1
21600591,20170112,1,8,DAL,PHX,"1626147 Anderson, 1627827 Finney-Smith, 200826 Barea, 203939 Powell, 2734 Harris","1626147,1627827,200826,203939,2734","Anderson, Finney-Smith, Barea, Powell, Harris",0,0,0,0,1,3.9
21600591,20170112,2,1,DAL,PHX,"1626147 Anderson, 1627827 Finney-Smith, 200826 Barea, 203939 Powell, 2734 Harris","1626147,1627827,200826,203939,2734","Anderson, Finney-Smith, Barea, Powell, Harris",0,0,0,1,0,14.0
21600591,20170112,2,2,DAL,PHX,"1626147 Anderson, 1627827 Finney-Smith, 200826 Barea, 203939 Powell, 2734 Harris","1626147,1627827,200826,203939,2734","Anderson, Finney-Smith, Barea, Powell, Harris",0,0,2,3,3,76.0
21600591,20170112,2,3,DAL,PHX,"1626147 Anderson, 200826 Barea, 203084 Barnes, 203939 Powell, 2734 Harris","1626147,200826,203084,203939,2734","Anderson, Barea, Barnes, Powell, Harris",0,0,4,2,2,31.0
21600591,20170112,2,4,DAL,PHX,"101114 Williams, 1626257 Mejri, 1717 Nowitzki, 202083 Matthews, 203084 Barnes","101114,1626257,1717,202083,203084","Williams, Mejri, Nowitzki, Matthews, Barnes",0,4,0,2,2,55.0
21600591,20170112,2,5,DAL,PHX,"101114 Williams, 1626257 Mejri, 1717 Nowitzki, 202083 Matthews, 203084 Barnes","101114,1626257,1717,202083,203084","Williams, Mejri, Nowitzki, Matthews, Barnes",0,3,2,4,4,132.0
21600591,20170112,2,6,DAL,PHX,"101114 Williams, 1626257 Mejri, 1717 Nowitzki, 202083 Matthews, 203084 Barnes","101114,1626257,1717,202083,203084","Williams, Mejri, Nowitzki, Matthews, Barnes",0,2,2,2,1,41.0
21600591,20170112,2,7,DAL,PHX,"101114 Williams, 1626257 Mejri, 202083 Matthews, 203084 Barnes, 203552 Curry","101114,1626257,202083,203084,203552","Williams, Mejri, Matthews, Barnes, Curry",0,2,6,4,3,102.0
21600591,20170112,2,8,DAL,PHX,"101114 Williams, 1717 Nowitzki, 202083 Matthews, 203084 Barnes, 203552 Curry","101114,1717,202083,203084,203552","Williams, Nowitzki, Matthews, Barnes, Curry",0,3,3,2,2,46.0
21600591,20170112,2,9,DAL,PHX,"101114 Williams, 1717 Nowitzki, 200826 Barea, 202083 Matthews, 203084 Barnes","101114,1717,200826,202083,203084","Williams, Nowitzki, Barea, Matthews, Barnes",0,9,5,5,3,97.0
21600591,20170112,2,10,DAL,PHX,"101114 Williams, 1717 Nowitzki, 200826 Barea, 202083 Matthews, 203084 Barnes","101114,1717,200826,202083,203084","Williams, Nowitzki, Barea, Matthews, Barnes",0,0,0,1,0,2.0
21600591,20170112,2,11,DAL,PHX,"101114 Williams, 1717 Nowitzki, 200826 Barea, 202083 Matthews, 203084 Barnes","101114,1717,200826,202083,203084","Williams, Nowitzki, Barea, Matthews, Barnes",0,2,6,5,4,121.4
21600591,20170112,2,12,DAL,PHX,"101114 Williams, 1717 Nowitzki, 200826 Barea, 202083 Matthews, 203084 Barnes","101114,1717,200826,202083,203084","Williams, Nowitzki, Barea, Matthews, Barnes",0,0,0,1,0,2.6
21600591,20170112,3,1,DAL,PHX,"101114 Williams, 1717 Nowitzki, 200826 Barea, 202083 Matthews, 203084 Barnes","101114,1717,200826,202083,203084","Williams, Nowitzki, Barea, Matthews, Barnes",0,0,0,1,0,13.0
21600591,20170112,3,2,DAL,PHX,"101114 Williams, 1717 Nowitzki, 202083 Matthews, 203084 Barnes, 203552 Curry","101114,1717,202083,203084,203552","Williams, Nowitzki, Matthews, Barnes, Curry",0,14,4,9,8,222.0
21600591,20170112,3,3,DAL,PHX,"101114 Williams, 1717 Nowitzki, 202083 Matthews, 203084 Barnes, 203552 Curry","101114,1717,202083,203084,203552","Williams, Nowitzki, Matthews, Barnes, Curry",0,5,0,2,2,37.0
21600591,20170112,3,4,DAL,PHX,"101114 Williams, 1626257 Mejri, 202083 Matthews, 203084 Barnes, 203552 Curry","101114,1626257,202083,203084,203552","Williams, Mejri, Matthews, Barnes, Curry",0,0,0,1,2,23.0
21600591,20170112,3,5,DAL,PHX,"101114 Williams, 1626257 Mejri, 202083 Matthews, 203084 Barnes, 203552 Curry","101114,1626257,202083,203084,203552","Williams, Mejri, Matthews, Barnes, Curry",0,0,2,3,3,85.0
21600591,20170112,3,6,DAL,PHX,"101114 Williams, 1626257 Mejri, 202083 Matthews, 203084 Barnes, 203552 Curry","101114,1626257,202083,203084,203552","Williams, Mejri, Matthews, Barnes, Curry",0,0,2,2,1,58.0
21600591,20170112,3,7,DAL,PHX,"1626257 Mejri, 1717 Nowitzki, 200826 Barea, 202083 Matthews, 2734 Harris","1626257,1717,200826,202083,2734","Mejri, Nowitzki, Barea, Matthews, Harris",0,3,0,2,1,38.0
21600591,20170112,3,8,DAL,PHX,"1626257 Mejri, 1717 Nowitzki, 200826 Barea, 202083 Matthews, 2734 Harris","1626257,1717,200826,202083,2734","Mejri, Nowitzki, Barea, Matthews, Harris",0,5,7,5,7,155.0
21600591,20170112,3,9,DAL,PHX,"1717 Nowitzki, 200826 Barea, 202083 Matthews, 203939 Powell, 2734 Harris","1717,200826,202083,203939,2734","Nowitzki, Barea, Matthews, Powell, Harris",0,4,2,3,3,89.1
21600591,20170112,4,1,DAL,PHX,"1717 Nowitzki, 200826 Barea, 202083 Matthews, 203939 Powell, 2734 Harris","1717,200826,202083,203939,2734","Nowitzki, Barea, Matthews, Powell, Harris",0,0,0,0,1,8.0
21600591,20170112,4,2,DAL,PHX,"1627827 Finney-Smith, 200826 Barea, 203084 Barnes, 203939 Powell, 2734 Harris","1627827,200826,203084,203939,2734","Finney-Smith, Barea, Barnes, Powell, Harris",0,4,5,5,5,114.0
21600591,20170112,4,3,DAL,PHX,"1627827 Finney-Smith, 200826 Barea, 203084 Barnes, 203939 Powell, 2734 Harris","1627827,200826,203084,203939,2734","Finney-Smith, Barea, Barnes, Powell, Harris",0,0,3,3,2,83.0
21600591,20170112,4,4,DAL,PHX,"1627827 Finney-Smith, 200826 Barea, 203084 Barnes, 203939 Powell, 2734 Harris","1627827,200826,203084,203939,2734","Finney-Smith, Barea, Barnes, Powell, Harris",0,1,0,1,0,12.0
21600591,20170112,4,5,DAL,PHX,"1627827 Finney-Smith, 200826 Barea, 203084 Barnes, 203939 Powell, 2734 Harris","1627827,200826,203084,203939,2734","Finney-Smith, Barea, Barnes, Powell, Harris",0,0,1,2,2,20.0
21600591,20170112,4,6,DAL,PHX,"101114 Williams, 202083 Matthews, 203084 Barnes, 203552 Curry, 203939 Powell","101114,202083,203084,203552,203939","Williams, Matthews, Barnes, Curry, Powell",0,4,0,2,2,41.0
21600591,20170112,4,7,DAL,PHX,"101114 Williams, 202083 Matthews, 203084 Barnes, 203552 Curry, 203939 Powell","101114,202083,203084,203552,203939","Williams, Matthews, Barnes, Curry, Powell",0,2,6,7,7,180.0
21600591,20170112,4,8,DAL,PHX,"101114 Williams, 1717 Nowitzki, 202083 Matthews, 203084 Barnes, 203552 Curry","101114,1717,202083,203084,203552","Williams, Nowitzki, Matthews, Barnes, Curry",0,6,6,3,4,101.0
21600591,20170112,4,9,DAL,PHX,"101114 Williams, 1717 Nowitzki, 202083 Matthews, 203084 Barnes, 203552 Curry","101114,1717,202083,203084,203552","Williams, Nowitzki, Matthews, Barnes, Curry",0,6,4,4,4,115.9
21600591,20170112,4,10,DAL,PHX,"101114 Williams, 1627827 Finney-Smith, 202083 Matthews, 203084 Barnes, 203552 Curry","101114,1627827,202083,203084,203552","Williams, Finney-Smith, Matthews, Barnes, Curry",0,2,7,1,5,33.3
21600591,20170112,4,11,DAL,PHX,"101114 Williams, 1717 Nowitzki, 202083 Matthews, 203084 Barnes, 203939 Powell","101114,1717,202083,203084,203939","Williams, Nowitzki, Matthews, Barnes, Powell",0,0,0,0,1,11.8
21600608,20170115,1,1,DAL,MIN,"101114 Williams, 1717 Nowitzki, 202083 Matthews, 203084 Barnes, 203552 Curry","101114,1717,202083,203084,203552","Williams, Nowitzki, Matthews, Barnes, Curry",0,5,8,8,9,265.0
21600608,20170115,1,2,DAL,MIN,"101114 Williams, 1626257 Mejri, 202083 Matthews, 203084 Barnes, 203552 Curry","101114,1626257,202083,203084,203552","Williams, Mejri, Matthews, Barnes, Curry",0,6,8,5,5,137.0
21600608,20170115,1,3,DAL,MIN,"101114 Williams, 1626257 Mejri, 202083 Matthews, 203084 Barnes, 203552 Curry","101114,1626257,202083,203084,203552","Williams, Mejri, Matthews, Barnes, Curry",0,7,3,3,4,110.0
21600608,20170115,1,4,DAL,MIN,"101114 Williams, 1626257 Mejri, 202083 Matthews, 203084 Barnes, 203552 Curry","101114,1626257,202083,203084,203552","Williams, Mejri, Matthews, Barnes, Curry",0,0,2,2,1,13.0
21600608,20170115,1,5,DAL,MIN,"101114 Williams, 1626257 Mejri, 1717 Nowitzki, 202083 Matthews, 2734 Harris","101114,1626257,1717,202083,2734","Williams, Mejri, Nowitzki, Matthews, Harris",0,3,0,4,3,46.0
21600608,20170115,1,6,DAL,MIN,"1626257 Mejri, 1717 Nowitzki, 200826 Barea, 202083 Matthews, 2734 Harris","1626257,1717,200826,202083,2734","Mejri, Nowitzki, Barea, Matthews, Harris",0,4,4,3,4,114.0
21600608,20170115,1,7,DAL,MIN,"1626257 Mejri, 1627827 Finney-Smith, 200826 Barea, 203939 Powell, 2734 Harris","1626257,1627827,200826,203939,2734","Mejri, Finney-Smith, Barea, Powell, Harris",0,2,0,1,2,31.4
21600608,20170115,1,8,DAL,MIN,"1626257 Mejri, 1627827 Finney-Smith, 203552 Curry, 203939 Powell, 2734 Harris","1626257,1627827,203552,203939,2734","Mejri, Finney-Smith, Curry, Powell, Harris",0,0,0,0,1,3.6
21600608,20170115,2,1,DAL,MIN,"1626257 Mejri, 1627827 Finney-Smith, 203552 Curry, 203939 Powell, 2734 Harris","1626257,1627827,203552,203939,2734","Mejri, Finney-Smith, Curry, Powell, Harris",0,0,0,1,0,16.0
21600608,20170115,2,2,DAL,MIN,"1627827 Finney-Smith, 1717 Nowitzki, 200826 Barea, 203939 Powell, 2734 Harris","1627827,1717,200826,203939,2734","Finney-Smith, Nowitzki, Barea, Powell, Harris",0,7,0,3,2,56.0
21600608,20170115,2,3,DAL,MIN,"1627827 Finney-Smith, 1717 Nowitzki, 200826 Barea, 203939 Powell, 2734 Harris","1627827,1717,200826,203939,2734","Finney-Smith, Nowitzki, Barea, Powell, Harris",0,3,2,3,4,47.0
21600608,20170115,2,4,DAL,MIN,"1627827 Finney-Smith, 1717 Nowitzki, 200826 Barea, 203552 Curry, 203939 Powell","1627827,1717,200826,203552,203939","Finney-Smith, Nowitzki, Barea, Curry, Powell",0,7,2,5,6,154.0
21600608,20170115,2,5,DAL,MIN,"1627827 Finney-Smith, 200826 Barea, 203084 Barnes, 203552 Curry, 203939 Powell","1627827,200826,203084,203552,203939","Finney-Smith, Barea, Barnes, Curry, Powell",0,0,3,3,4,92.0
21600608,20170115,2,6,DAL,MIN,"1627827 Finney-Smith, 200826 Barea, 203084 Barnes, 203552 Curry, 203939 Powell","1627827,200826,203084,203552,203939","Finney-Smith, Barea, Barnes, Curry, Powell",0,0,1,0,1,17.0
21600608,20170115,2,7,DAL,MIN,"101114 Williams, 1626257 Mejri, 202083 Matthews, 203084 Barnes, 203552 Curry","101114,1626257,202083,203084,203552","Williams, Mejri, Matthews, Barnes, Curry",0,6,8,6,5,149.0
21600608,20170115,2,8,DAL,MIN,"101114 Williams, 1717 Nowitzki, 202083 Matthews, 203084 Barnes, 2734 Harris","101114,1717,202083,203084,2734","Williams, Nowitzki, Matthews, Barnes, Harris",0,6,6,6,5,189.0
21600608,20170115,3,1,DAL,MIN,"101114 Williams, 1717 Nowitzki, 202083 Matthews, 203084 Barnes, 2734 Harris","101114,1717,202083,203084,2734","Williams, Nowitzki, Matthews, Barnes, Harris",0,0,0,1,0,13.0
21600608,20170115,3,2,DAL,MIN,"101114 Williams, 1717 Nowitzki, 202083 Matthews, 203084 Barnes, 203552 Curry","101114,1717,202083,203084,203552","Williams, Nowitzki, Matthews, Barnes, Curry",0,10,13,11,11,303.0
21600608,20170115,3,3,DAL,MIN,"101114 Williams, 1626257 Mejri, 202083 Matthews, 203084 Barnes, 203552 Curry","101114,1626257,202083,203084,203552","Williams, Mejri, Matthews, Barnes, Curry",0,2,4,4,4,117.0
21600608,20170115,3,4,DAL,MIN,"101114 Williams, 202083 Matthews, 203084 Barnes, 203552 Curry, 203939 Powell","101114,202083,203084,203552,203939","Williams, Matthews, Barnes, Curry, Powell",0,3,2,3,2,50.0
21600608,20170115,3,5,DAL,MIN,"101114 Williams, 202083 Matthews, 203084 Barnes, 203939 Powell, 2734 Harris","101114,202083,203084,203939,2734","Williams, Matthews, Barnes, Powell, Harris",0,2,2,3,4,78.0
21600608,20170115,3,6,DAL,MIN,"1717 Nowitzki, 200826 Barea, 202083 Matthews, 203939 Powell, 2734 Harris","1717,200826,202083,203939,2734","Nowitzki, Barea, Matthews, Powell, Harris",0,6,2,4,3,159.0
21600608,20170115,4,1,DAL,MIN,"1717 Nowitzki, 200826 Barea, 202083 Matthews, 203939 Powell, 2734 Harris","1717,200826,202083,203939,2734","Nowitzki, Barea, Matthews, Powell, Harris",0,0,0,0,1,14.0
21600608,20170115,4,2,DAL,MIN,"1627827 Finney-Smith, 1717 Nowitzki, 200826 Barea, 203939 Powell, 2734 Harris","1627827,1717,200826,203939,2734","Finney-Smith, Nowitzki, Barea, Powell, Harris",0,7,4,5,6,207.0
21600608,20170115,4,3,DAL,MIN,"1627827 Finney-Smith, 1717 Nowitzki, 200826 Barea, 203939 Powell, 2734 Harris","1627827,1717,200826,203939,2734","Finney-Smith, Nowitzki, Barea, Powell, Harris",0,0,2,0,1,18.0
21600608,20170115,4,4,DAL,MIN,"1627827 Finney-Smith, 1717 Nowitzki, 200826 Barea, 203552 Curry, 203939 Powell","1627827,1717,200826,203552,203939","Finney-Smith, Nowitzki, Barea, Curry, Powell",0,2,0,3,2,84.0
21600608,20170115,4,5,DAL,MIN,"101114 Williams, 1626257 Mejri, 202083 Matthews, 203084 Barnes, 203552 Curry","101114,1626257,202083,203084,203552","Williams, Mejri, Matthews, Barnes, Curry",0,3,0,2,2,27.0
21600608,20170115,4,6,DAL,MIN,"101114 Williams, 1626257 Mejri, 202083 Matthews, 203084 Barnes, 203552 Curry","101114,1626257,202083,203084,203552","Williams, Mejri, Matthews, Barnes, Curry",0,7,7,9,10,309.0
21600608,20170115,4,7,DAL,MIN,"101114 Williams, 1626257 Mejri, 202083 Matthews, 203084 Barnes, 203552 Curry","101114,1626257,202083,203084,203552","Williams, Mejri, Matthews, Barnes, Curry",0,0,4,1,2,61.0
21600624,20170117,1,1,DAL,CHI,"101114 Williams, 1717 Nowitzki, 202083 Matthews, 203084 Barnes, 203552 Curry","101114,1717,202083,203084,203552","Williams, Nowitzki, Matthews, Barnes, Curry",0,10,17,11,12,325.0
21600624,20170117,1,2,DAL,CHI,"101114 Williams, 1626257 Mejri, 202083 Matthews, 203084 Barnes, 203552 Curry","101114,1626257,202083,203084,203552","Williams, Mejri, Matthews, Barnes, Curry",0,8,0,4,4,97.0
21600624,20170117,1,3,DAL,CHI,"101114 Williams, 1626257 Mejri, 202083 Matthews, 203084 Barnes, 203552 Curry","101114,1626257,202083,203084,203552","Williams, Mejri, Matthews, Barnes, Curry",0,0,2,1,2,68.0
21600624,20170117,1,4,DAL,CHI,"1626257 Mejri, 200826 Barea, 202083 Matthews, 203084 Barnes, 2734 Harris","1626257,200826,202083,203084,2734","Mejri, Barea, Matthews, Barnes, Harris",0,0,3,1,2,29.0
21600624,20170117,1,5,DAL,CHI,"1626257 Mejri, 1717 Nowitzki, 200826 Barea, 202083 Matthews, 2734 Harris","1626257,1717,200826,202083,2734","Mejri, Nowitzki, Barea, Matthews, Harris",0,2,4,4,4,92.0
21600624,20170117,1,6,DAL,CHI,"1717 Nowitzki, 200826 Barea, 202083 Matthews, 203939 Powell, 2734 Harris","1717,200826,202083,203939,2734","Nowitzki, Barea, Matthews, Powell, Harris",0,4,2,4,3,109.0
21600624,20170117,2,1,DAL,CHI,"1717 Nowitzki, 200826 Barea, 202083 Matthews, 203939 Powell, 2734 Harris","1717,200826,202083,203939,2734","Nowitzki, Barea, Matthews, Powell, Harris",0,0,0,1,0,10.0
21600624,20170117,2,2,DAL,CHI,"1627827 Finney-Smith, 1717 Nowitzki, 200826 Barea, 203939 Powell, 2734 Harris","1627827,1717,200826,203939,2734","Finney-Smith, Nowitzki, Barea, Powell, Harris",0,11,5,10,9,209.0
21600624,20170117,2,3,DAL,CHI,"1627827 Finney-Smith, 200826 Barea, 203084 Barnes, 203939 Powell, 2734 Harris","1627827,200826,203084,203939,2734","Finney-Smith, Barea, Barnes, Powell, Harris",0,4,2,3,2,68.0
21600624,20170117,2,4,DAL,CHI,"101114 Williams, 1626257 Mejri, 202083 Matthews, 203084 Barnes, 203552 Curry","101114,1626257,202083,203084,203552","Williams, Mejri, Matthews, Barnes, Curry",0,7,2,3,3,88.0
21600624,20170117,2,5,DAL,CHI,"101114 Williams, 1626257 Mejri, 202083 Matthews, 203084 Barnes, 203552 Curry","101114,1626257,202083,203084,203552","Williams, Mejri, Matthews, Barnes, Curry",0,0,2,2,3,62.0
21600624,20170117,2,6,DAL,CHI,"101114 Williams, 1626257 Mejri, 202083 Matthews, 203084 Barnes, 203552 Curry","101114,1626257,202083,203084,203552","Williams, Mejri, Matthews, Barnes, Curry",0,1,4,4,4,118.0
21600624,20170117,2,7,DAL,CHI,"101114 Williams, 1717 Nowitzki, 202083 Matthews, 203084 Barnes, 203552 Curry","101114,1717,202083,203084,203552","Williams, Nowitzki, Matthews, Barnes, Curry",0,2,2,3,3,105.5
21600624,20170117,2,8,DAL,CHI,"101114 Williams, 1717 Nowitzki, 202083 Matthews, 203084 Barnes, 203552 Curry","101114,1717,202083,203084,203552","Williams, Nowitzki, Matthews, Barnes, Curry",0,5,2,2,2,59.5
21600624,20170117,3,1,DAL,CHI,"101114 Williams, 1717 Nowitzki, 202083 Matthews, 203084 Barnes, 203552 Curry","101114,1717,202083,203084,203552","Williams, Nowitzki, Matthews, Barnes, Curry",0,0,0,1,0,12.0
21600624,20170117,3,2,DAL,CHI,"101114 Williams, 1717 Nowitzki, 202083 Matthews, 203084 Barnes, 203552 Curry","101114,1717,202083,203084,203552","Williams, Nowitzki, Matthews, Barnes, Curry",0,10,8,11,10,291.0
21600624,20170117,3,3,DAL,CHI,"101114 Williams, 1626257 Mejri, 202083 Matthews, 203084 Barnes, 203552 Curry","101114,1626257,202083,203084,203552","Williams, Mejri, Matthews, Barnes, Curry",0,5,2,5,4,134.0
21600624,20170117,3,4,DAL,CHI,"101114 Williams, 1626257 Mejri, 202083 Matthews, 203084 Barnes, 203552 Curry","101114,1626257,202083,203084,203552","Williams, Mejri, Matthews, Barnes, Curry",0,0,3,2,2,25.0
21600624,20170117,3,5,DAL,CHI,"1626257 Mejri, 200826 Barea, 202083 Matthews, 203084 Barnes, 2734 Harris","1626257,200826,202083,203084,2734","Mejri, Barea, Matthews, Barnes, Harris",0,2,4,4,3,87.0
21600624,20170117,3,6,DAL,CHI,"1717 Nowitzki, 200826 Barea, 202083 Matthews, 203939 Powell, 2734 Harris","1717,200826,202083,203939,2734","Nowitzki, Barea, Matthews, Powell, Harris",0,5,10,6,6,171.0
21600624,20170117,4,1,DAL,CHI,"1717 Nowitzki, 200826 Barea, 202083 Matthews, 203939 Powell, 2734 Harris","1717,200826,202083,203939,2734","Nowitzki, Barea, Matthews, Powell, Harris",0,0,0,0,1,20.0
21600624,20170117,4,2,DAL,CHI,"1627827 Finney-Smith, 200826 Barea, 203084 Barnes, 203939 Powell, 2734 Harris","1627827,200826,203084,203939,2734","Finney-Smith, Barea, Barnes, Powell, Harris",0,6,6,5,5,138.0
21600624,20170117,4,3,DAL,CHI,"1627827 Finney-Smith, 1717 Nowitzki, 200826 Barea, 203084 Barnes, 2734 Harris","1627827,1717,200826,203084,2734","Finney-Smith, Nowitzki, Barea, Barnes, Harris",0,3,0,1,1,26.0
21600624,20170117,4,4,DAL,CHI,"1717 Nowitzki, 200826 Barea, 202083 Matthews, 203084 Barnes, 2734 Harris","1717,200826,202083,203084,2734","Nowitzki, Barea, Matthews, Barnes, Harris",0,0,6,3,4,115.0
21600624,20170117,4,5,DAL,CHI,"101114 Williams, 1626257 Mejri, 202083 Matthews, 203084 Barnes, 203552 Curry","101114,1626257,202083,203084,203552","Williams, Mejri, Matthews, Barnes, Curry",0,4,2,3,4,99.0
21600624,20170117,4,6,DAL,CHI,"101114 Williams, 1626257 Mejri, 202083 Matthews, 203084 Barnes, 203552 Curry","101114,1626257,202083,203084,203552","Williams, Mejri, Matthews, Barnes, Curry",0,6,6,6,6,208.0
21600624,20170117,4,7,DAL,CHI,"101114 Williams, 1717 Nowitzki, 202083 Matthews, 203084 Barnes, 203552 Curry","101114,1717,202083,203084,203552","Williams, Nowitzki, Matthews, Barnes, Curry",0,1,0,2,1,31.0
21600624,20170117,4,8,DAL,CHI,"101114 Williams, 1717 Nowitzki, 202083 Matthews, 203084 Barnes, 203552 Curry","101114,1717,202083,203084,203552","Williams, Nowitzki, Matthews, Barnes, Curry",0,0,2,2,1,23.5
21600624,20170117,4,9,DAL,CHI,"101114 Williams, 1717 Nowitzki, 202083 Matthews, 203084 Barnes, 203552 Curry","101114,1717,202083,203084,203552","Williams, Nowitzki, Matthews, Barnes, Curry",0,3,2,2,2,47.8
21600624,20170117,4,10,DAL,CHI,"101114 Williams, 1626257 Mejri, 202083 Matthews, 203084 Barnes, 203552 Curry","101114,1626257,202083,203084,203552","Williams, Mejri, Matthews, Barnes, Curry",0,0,0,0,1,11.7
21600637,20170119,1,1,DAL,MIA,"101114 Williams, 1717 Nowitzki, 202083 Matthews, 203084 Barnes, 203552 Curry","101114,1717,202083,203084,203552","Williams, Nowitzki, Matthews, Barnes, Curry",0,4,7,6,8,198.0
21600637,20170119,1,2,DAL,MIA,"101114 Williams, 1717 Nowitzki, 202083 Matthews, 203084 Barnes, 203552 Curry","101114,1717,202083,203084,203552","Williams, Nowitzki, Matthews, Barnes, Curry",0,0,3,0,2,14.0
21600637,20170119,1,3,DAL,MIA,"101114 Williams, 1626257 Mejri, 202083 Matthews, 203084 Barnes, 203552 Curry","101114,1626257,202083,203084,203552","Williams, Mejri, Matthews, Barnes, Curry",0,4,2,2,1,52.0
21600637,20170119,1,4,DAL,MIA,"101114 Williams, 202083 Matthews, 203084 Barnes, 203552 Curry, 203939 Powell","101114,202083,203084,203552,203939","Williams, Matthews, Barnes, Curry, Powell",0,7,8,8,8,235.0
21600637,20170119,1,5,DAL,MIA,"1626257 Mejri, 1717 Nowitzki, 200826 Barea, 202083 Matthews, 2734 Harris","1626257,1717,200826,202083,2734","Mejri, Nowitzki, Barea, Matthews, Harris",0,4,4,4,4,121.0
21600637,20170119,1,6,DAL,MIA,"1626257 Mejri, 1717 Nowitzki, 200826 Barea, 202083 Matthews, 2734 Harris","1626257,1717,200826,202083,2734","Mejri, Nowitzki, Barea, Matthews, Harris",0,0,4,3,2,47.9
21600637,20170119,1,7,DAL,MIA,"1627827 Finney-Smith, 1717 Nowitzki, 200826 Barea, 203939 Powell, 2734 Harris","1627827,1717,200826,203939,2734","Finney-Smith, Nowitzki, Barea, Powell, Harris",0,1,0,2,0,17.8
21600637,20170119,1,8,DAL,MIA,"1627827 Finney-Smith, 1717 Nowitzki, 200826 Barea, 203939 Powell, 2734 Harris","1627827,1717,200826,203939,2734","Finney-Smith, Nowitzki, Barea, Powell, Harris",0,2,1,2,1,28.1
21600637,20170119,1,9,DAL,MIA,"200826 Barea, 202083 Matthews, 203084 Barnes, 203939 Powell, 2734 Harris","200826,202083,203084,203939,2734","Barea, Matthews, Barnes, Powell, Harris",0,0,0,1,0,6.8
21600637,20170119,2,1,DAL,MIA,"1627827 Finney-Smith, 200826 Barea, 203084 Barnes, 203939 Powell, 2734 Harris","1627827,200826,203084,203939,2734","Finney-Smith, Barea, Barnes, Powell, Harris",0,3,0,3,2,83.0
21600637,20170119,2,2,DAL,MIA,"1627827 Finney-Smith, 1717 Nowitzki, 200826 Barea, 203084 Barnes, 2734 Harris","1627827,1717,200826,203084,2734","Finney-Smith, Nowitzki, Barea, Barnes, Harris",0,6,2,4,4,92.0
21600637,20170119,2,3,DAL,MIA,"1627827 Finney-Smith, 1717 Nowitzki, 200826 Barea, 203084 Barnes, 2734 Harris","1627827,1717,200826,203084,2734","Finney-Smith, Nowitzki, Barea, Barnes, Harris",0,0,0,1,1,28.0
21600637,20170119,2,4,DAL,MIA,"1627827 Finney-Smith, 1717 Nowitzki, 200826 Barea, 203084 Barnes, 2734 Harris","1627827,1717,200826,203084,2734","Finney-Smith, Nowitzki, Barea, Barnes, Harris",0,5,3,3,2,63.0
21600637,20170119,2,5,DAL,MIA,"1626147 Anderson, 1627827 Finney-Smith, 1717 Nowitzki, 200826 Barea, 2734 Harris","1626147,1627827,1717,200826,2734","Anderson, Finney-Smith, Nowitzki, Barea, Harris",0,0,2,3,2,74.0
21600637,20170119,2,6,DAL,MIA,"101114 Williams, 1626147 Anderson, 1626257 Mejri, 202083 Matthews, 203552 Curry","101114,1626147,1626257,202083,203552","Williams, Anderson, Mejri, Matthews, Curry",0,5,2,4,4,138.0
21600637,20170119,2,7,DAL,MIA,"101114 Williams, 1626147 Anderson, 1626257 Mejri, 202083 Matthews, 203552 Curry","101114,1626147,1626257,202083,203552","Williams, Anderson, Mejri, Matthews, Curry",0,0,0,0,1,9.0
21600637,20170119,2,8,DAL,MIA,"101114 Williams, 1626257 Mejri, 202083 Matthews, 203084 Barnes, 203552 Curry","101114,1626257,202083,203084,203552","Williams, Mejri, Matthews, Barnes, Curry",0,3,3,2,3,74.0
21600637,20170119,2,9,DAL,MIA,"101114 Williams, 1626257 Mejri, 202083 Matthews, 203084 Barnes, 203552 Curry","101114,1626257,202083,203084,203552","Williams, Mejri, Matthews, Barnes, Curry",0,0,1,0,1,25.0
21600637,20170119,2,10,DAL,MIA,"101114 Williams, 1717 Nowitzki, 202083 Matthews, 203084 Barnes, 203552 Curry","101114,1717,202083,203084,203552","Williams, Nowitzki, Matthews, Barnes, Curry",0,6,0,4,3,84.8
21600637,20170119,2,11,DAL,MIA,"101114 Williams, 1626257 Mejri, 202083 Matthews, 203084 Barnes, 203552 Curry","101114,1626257,202083,203084,203552","Williams, Mejri, Matthews, Barnes, Curry",0,3,2,1,2,49.2
21600637,20170119,3,1,DAL,MIA,"101114 Williams, 1626257 Mejri, 202083 Matthews, 203084 Barnes, 203552 Curry","101114,1626257,202083,203084,203552","Williams, Mejri, Matthews, Barnes, Curry",0,0,0,1,0,22.0
21600637,20170119,3,2,DAL,MIA,"101114 Williams, 1717 Nowitzki, 202083 Matthews, 203084 Barnes, 203552 Curry","101114,1717,202083,203084,203552","Williams, Nowitzki, Matthews, Barnes, Curry",0,8,8,9,8,218.0
21600637,20170119,3,3,DAL,MIA,"101114 Williams, 1626257 Mejri, 202083 Matthews, 203084 Barnes, 203552 Curry","101114,1626257,202083,203084,203552","Williams, Mejri, Matthews, Barnes, Curry",0,0,11,5,6,168.0
21600637,20170119,3,4,DAL,MIA,"101114 Williams, 1626257 Mejri, 202083 Matthews, 203084 Barnes, 203552 Curry","101114,1626257,202083,203084,203552","Williams, Mejri, Matthews, Barnes, Curry",0,2,0,3,2,58.0
21600637,20170119,3,5,DAL,MIA,"101114 Williams, 1626257 Mejri, 202083 Matthews, 203084 Barnes, 203552 Curry","101114,1626257,202083,203084,203552","Williams, Mejri, Matthews, Barnes, Curry",0,0,0,0,1,8.0
21600637,20170119,3,6,DAL,MIA,"1626257 Mejri, 200826 Barea, 202083 Matthews, 203084 Barnes, 2734 Harris","1626257,200826,202083,203084,2734","Mejri, Barea, Matthews, Barnes, Harris",0,0,3,1,2,32.0
21600637,20170119,3,7,DAL,MIA,"1626257 Mejri, 1717 Nowitzki, 200826 Barea, 202083 Matthews, 2734 Harris","1626257,1717,200826,202083,2734","Mejri, Nowitzki, Barea, Matthews, Harris",0,0,0,2,2,54.0
21600637,20170119,3,8,DAL,MIA,"1626257 Mejri, 1717 Nowitzki, 200826 Barea, 202083 Matthews, 2734 Harris","1626257,1717,200826,202083,2734","Mejri, Nowitzki, Barea, Matthews, Harris",0,0,0,2,2,38.0
21600637,20170119,3,9,DAL,MIA,"1626257 Mejri, 1627827 Finney-Smith, 1717 Nowitzki, 200826 Barea, 2734 Harris","1626257,1627827,1717,200826,2734","Mejri, Finney-Smith, Nowitzki, Barea, Harris",0,8,4,3,5,101.5
21600637,20170119,3,10,DAL,MIA,"1627827 Finney-Smith, 1717 Nowitzki, 200826 Barea, 203939 Powell, 2734 Harris","1627827,1717,200826,203939,2734","Finney-Smith, Nowitzki, Barea, Powell, Harris",0,2,0,1,2,20.5
21600637,20170119,4,1,DAL,MIA,"1627827 Finney-Smith, 1717 Nowitzki, 200826 Barea, 203939 Powell, 2734 Harris","1627827,1717,200826,203939,2734","Finney-Smith, Nowitzki, Barea, Powell, Harris",0,2,12,7,8,178.0
21600637,20170119,4,2,DAL,MIA,"101114 Williams, 1626257 Mejri, 202083 Matthews, 203084 Barnes, 203552 Curry","101114,1626257,202083,203084,203552","Williams, Mejri, Matthews, Barnes, Curry",0,4,0,3,3,109.0
21600637,20170119,4,3,DAL,MIA,"101114 Williams, 1626257 Mejri, 202083 Matthews, 203084 Barnes, 203552 Curry","101114,1626257,202083,203084,203552","Williams, Mejri, Matthews, Barnes, Curry",0,3,3,2,3,100.0
21600637,20170119,4,4,DAL,MIA,"101114 Williams, 1717 Nowitzki, 202083 Matthews, 203084 Barnes, 203552 Curry","101114,1717,202083,203084,203552","Williams, Nowitzki, Matthews, Barnes, Curry",0,0,0,2,2,42.0
21600637,20170119,4,5,DAL,MIA,"101114 Williams, 1717 Nowitzki, 202083 Matthews, 203084 Barnes, 203552 Curry","101114,1717,202083,203084,203552","Williams, Nowitzki, Matthews, Barnes, Curry",0,3,5,4,4,153.0
21600637,20170119,4,6,DAL,MIA,"101114 Williams, 1717 Nowitzki, 202083 Matthews, 203084 Barnes, 203552 Curry","101114,1717,202083,203084,203552","Williams, Nowitzki, Matthews, Barnes, Curry",0,2,5,4,3,108.1
21600637,20170119,4,7,DAL,MIA,"101114 Williams, 1717 Nowitzki, 202083 Matthews, 203084 Barnes, 203552 Curry","101114,1717,202083,203084,203552","Williams, Nowitzki, Matthews, Barnes, Curry",0,8,4,3,4,29.9
21600648,20170120,1,1,DAL,UTA,"101114 Williams, 1717 Nowitzki, 202083 Matthews, 203084 Barnes, 203552 Curry","101114,1717,202083,203084,203552","Williams, Nowitzki, Matthews, Barnes, Curry",0,7,9,14,12,336.0
21600648,20170120,1,2,DAL,UTA,"101114 Williams, 1626257 Mejri, 202083 Matthews, 203084 Barnes, 203552 Curry","101114,1626257,202083,203084,203552","Williams, Mejri, Matthews, Barnes, Curry",0,2,0,1,0,17.0
21600648,20170120,1,3,DAL,UTA,"101114 Williams, 1626257 Mejri, 202083 Matthews, 203084 Barnes, 203552 Curry","101114,1626257,202083,203084,203552","Williams, Mejri, Matthews, Barnes, Curry",0,0,2,3,6,112.0
21600648,20170120,1,4,DAL,UTA,"101114 Williams, 1626257 Mejri, 202083 Matthews, 203084 Barnes, 203552 Curry","101114,1626257,202083,203084,203552","Williams, Mejri, Matthews, Barnes, Curry",0,0,5,2,2,43.0
21600648,20170120,1,5,DAL,UTA,"1627827 Finney-Smith, 1717 Nowitzki, 200826 Barea, 203939 Powell, 2734 Harris","1627827,1717,200826,203939,2734","Finney-Smith, Nowitzki, Barea, Powell, Harris",0,5,2,3,3,86.0
21600648,20170120,1,6,DAL,UTA,"1627827 Finney-Smith, 1717 Nowitzki, 200826 Barea, 203939 Powell, 2734 Harris","1627827,1717,200826,203939,2734","Finney-Smith, Nowitzki, Barea, Powell, Harris",0,8,1,4,4,122.8
21600648,20170120,1,7,DAL,UTA,"1626147 Anderson, 1627827 Finney-Smith, 200826 Barea, 203939 Powell, 2734 Harris","1626147,1627827,200826,203939,2734","Anderson, Finney-Smith, Barea, Powell, Harris",0,0,0,1,0,3.2
21600648,20170120,2,1,DAL,UTA,"1626147 Anderson, 1627827 Finney-Smith, 200826 Barea, 203939 Powell, 2734 Harris","1626147,1627827,200826,203939,2734","Anderson, Finney-Smith, Barea, Powell, Harris",0,2,8,4,4,127.0
21600648,20170120,2,2,DAL,UTA,"1627827 Finney-Smith, 1717 Nowitzki, 200826 Barea, 203939 Powell, 2734 Harris","1627827,1717,200826,203939,2734","Finney-Smith, Nowitzki, Barea, Powell, Harris",0,0,3,3,2,50.0
21600648,20170120,2,3,DAL,UTA,"1627827 Finney-Smith, 1717 Nowitzki, 200826 Barea, 203939 Powell, 2734 Harris","1627827,1717,200826,203939,2734","Finney-Smith, Nowitzki, Barea, Powell, Harris",0,2,2,2,1,57.0
21600648,20170120,2,4,DAL,UTA,"1627827 Finney-Smith, 1717 Nowitzki, 200826 Barea, 203939 Powell, 2734 Harris","1627827,1717,200826,203939,2734","Finney-Smith, Nowitzki, Barea, Powell, Harris",0,4,2,2,2,48.0
21600648,20170120,2,5,DAL,UTA,"101114 Williams, 1626257 Mejri, 202083 Matthews, 203084 Barnes, 203552 Curry","101114,1626257,202083,203084,203552","Williams, Mejri, Matthews, Barnes, Curry",0,6,4,4,5,148.0
21600648,20170120,2,6,DAL,UTA,"101114 Williams, 1626257 Mejri, 202083 Matthews, 203084 Barnes, 203552 Curry","101114,1626257,202083,203084,203552","Williams, Mejri, Matthews, Barnes, Curry",0,2,4,3,5,129.0
21600648,20170120,2,7,DAL,UTA,"101114 Williams, 1717 Nowitzki, 202083 Matthews, 203084 Barnes, 203552 Curry","101114,1717,202083,203084,203552","Williams, Nowitzki, Matthews, Barnes, Curry",0,3,2,3,2,39.0
21600648,20170120,2,8,DAL,UTA,"101114 Williams, 1717 Nowitzki, 202083 Matthews, 203084 Barnes, 203552 Curry","101114,1717,202083,203084,203552","Williams, Nowitzki, Matthews, Barnes, Curry",0,0,2,4,3,122.0
21600648,20170120,3,1,DAL,UTA,"101114 Williams, 1717 Nowitzki, 202083 Matthews, 203084 Barnes, 203552 Curry","101114,1717,202083,203084,203552","Williams, Nowitzki, Matthews, Barnes, Curry",0,0,0,0,1,17.0
21600648,20170120,3,2,DAL,UTA,"101114 Williams, 1717 Nowitzki, 202083 Matthews, 203084 Barnes, 203552 Curry","101114,1717,202083,203084,203552","Williams, Nowitzki, Matthews, Barnes, Curry",0,9,13,8,10,256.0
21600648,20170120,3,3,DAL,UTA,"101114 Williams, 1626257 Mejri, 202083 Matthews, 203084 Barnes, 203552 Curry","101114,1626257,202083,203084,203552","Williams, Mejri, Matthews, Barnes, Curry",0,5,0,3,2,84.0
21600648,20170120,3,4,DAL,UTA,"101114 Williams, 1626257 Mejri, 202083 Matthews, 203084 Barnes, 203552 Curry","101114,1626257,202083,203084,203552","Williams, Mejri, Matthews, Barnes, Curry",0,7,7,6,6,179.0
21600648,20170120,3,5,DAL,UTA,"1717 Nowitzki, 200826 Barea, 202083 Matthews, 203939 Powell, 2734 Harris","1717,200826,202083,203939,2734","Nowitzki, Barea, Matthews, Powell, Harris",0,2,2,3,2,61.0
21600648,20170120,3,6,DAL,UTA,"1717 Nowitzki, 200826 Barea, 202083 Matthews, 203939 Powell, 2734 Harris","1717,200826,202083,203939,2734","Nowitzki, Barea, Matthews, Powell, Harris",0,4,4,3,4,123.0
21600648,20170120,4,1,DAL,UTA,"1717 Nowitzki, 200826 Barea, 202083 Matthews, 203939 Powell, 2734 Harris","1717,200826,202083,203939,2734","Nowitzki, Barea, Matthews, Powell, Harris",0,0,0,1,0,14.0
21600648,20170120,4,2,DAL,UTA,"1627827 Finney-Smith, 1717 Nowitzki, 200826 Barea, 203939 Powell, 2734 Harris","1627827,1717,200826,203939,2734","Finney-Smith, Nowitzki, Barea, Powell, Harris",0,2,0,3,2,49.0
21600648,20170120,4,3,DAL,UTA,"1627827 Finney-Smith, 1717 Nowitzki, 200826 Barea, 203939 Powell, 2734 Harris","1627827,1717,200826,203939,2734","Finney-Smith, Nowitzki, Barea, Powell, Harris",0,0,2,2,1,52.0
21600648,20170120,4,4,DAL,UTA,"1627827 Finney-Smith, 1717 Nowitzki, 200826 Barea, 203939 Powell, 2734 Harris","1627827,1717,200826,203939,2734","Finney-Smith, Nowitzki, Barea, Powell, Harris",0,2,0,1,0,13.0
21600648,20170120,4,5,DAL,UTA,"1627827 Finney-Smith, 200826 Barea, 203084 Barnes, 203939 Powell, 2734 Harris","1627827,200826,203084,203939,2734","Finney-Smith, Barea, Barnes, Powell, Harris",0,2,2,4,4,80.0
21600648,20170120,4,6,DAL,UTA,"1627827 Finney-Smith, 200826 Barea, 203084 Barnes, 203939 Powell, 2734 Harris","1627827,200826,203084,203939,2734","Finney-Smith, Barea, Barnes, Powell, Harris",0,2,0,2,2,32.0
21600648,20170120,4,7,DAL,UTA,"1627827 Finney-Smith, 200826 Barea, 203084 Barnes, 203939 Powell, 2734 Harris","1627827,200826,203084,203939,2734","Finney-Smith, Barea, Barnes, Powell, Harris",0,4,2,2,3,76.0
21600648,20170120,4,8,DAL,UTA,"1627827 Finney-Smith, 200826 Barea, 203084 Barnes, 203939 Powell, 2734 Harris","1627827,200826,203084,203939,2734","Finney-Smith, Barea, Barnes, Powell, Harris",0,1,2,1,1,31.0
21600648,20170120,4,9,DAL,UTA,"200826 Barea, 202083 Matthews, 203084 Barnes, 203939 Powell, 2734 Harris","200826,202083,203084,203939,2734","Barea, Matthews, Barnes, Powell, Harris",0,2,4,3,3,47.0
21600648,20170120,4,10,DAL,UTA,"101114 Williams, 200826 Barea, 202083 Matthews, 203084 Barnes, 203939 Powell","101114,200826,202083,203084,203939","Williams, Barea, Matthews, Barnes, Powell",0,11,9,8,6,249.0
21600648,20170120,4,11,DAL,UTA,"101114 Williams, 200826 Barea, 202083 Matthews, 203084 Barnes, 203939 Powell","101114,200826,202083,203084,203939","Williams, Barea, Matthews, Barnes, Powell",0,1,0,1,0,11.0
21600648,20170120,4,12,DAL,UTA,"101114 Williams, 200826 Barea, 202083 Matthews, 203084 Barnes, 203939 Powell","101114,200826,202083,203084,203939","Williams, Barea, Matthews, Barnes, Powell",0,0,5,2,2,29.8
21600648,20170120,4,13,DAL,UTA,"101114 Williams, 202083 Matthews, 203084 Barnes, 203552 Curry, 203939 Powell","101114,202083,203084,203552,203939","Williams, Matthews, Barnes, Curry, Powell",0,3,0,1,1,11.1
21600648,20170120,4,14,DAL,UTA,"101114 Williams, 1627827 Finney-Smith, 202083 Matthews, 203084 Barnes, 203552 Curry","101114,1627827,202083,203084,203552","Williams, Finney-Smith, Matthews, Barnes, Curry",0,0,0,0,1,24.9
21600648,20170120,4,15,DAL,UTA,"101114 Williams, 1627827 Finney-Smith, 202083 Matthews, 203084 Barnes, 203552 Curry","101114,1627827,202083,203084,203552","Williams, Finney-Smith, Matthews, Barnes, Curry",0,0,0,0,0,0.2
21600648,20170120,5,1,DAL,UTA,"101114 Williams, 1626257 Mejri, 202083 Matthews, 203084 Barnes, 203939 Powell","101114,1626257,202083,203084,203939","Williams, Mejri, Matthews, Barnes, Powell",0,9,12,10,10,277.6
21600648,20170120,5,2,DAL,UTA,"101114 Williams, 1626257 Mejri, 1717 Nowitzki, 202083 Matthews, 203084 Barnes","101114,1626257,1717,202083,203084","Williams, Mejri, Nowitzki, Matthews, Barnes",0,0,0,1,1,0.6
21600648,20170120,5,3,DAL,UTA,"101114 Williams, 1717 Nowitzki, 202083 Matthews, 203552 Curry, 203939 Powell","101114,1717,202083,203552,203939","Williams, Nowitzki, Matthews, Curry, Powell",0,0,2,2,1,11.4
21600648,20170120,5,4,DAL,UTA,"101114 Williams, 1626257 Mejri, 202083 Matthews, 203084 Barnes, 203552 Curry","101114,1626257,202083,203084,203552","Williams, Mejri, Matthews, Barnes, Curry",0,0,0,2,0,10.4
21600662,20170122,1,1,DAL,LAL,"101114 Williams, 1717 Nowitzki, 202083 Matthews, 203084 Barnes, 203552 Curry","101114,1717,202083,203084,203552","Williams, Nowitzki, Matthews, Barnes, Curry",0,13,6,9,10,278.0
21600662,20170122,1,2,DAL,LAL,"101114 Williams, 1626257 Mejri, 202083 Matthews, 203084 Barnes, 203552 Curry","101114,1626257,202083,203084,203552","Williams, Mejri, Matthews, Barnes, Curry",0,5,10,5,5,132.0
21600662,20170122,1,3,DAL,LAL,"101114 Williams, 1626257 Mejri, 202083 Matthews, 203084 Barnes, 203552 Curry","101114,1626257,202083,203084,203552","Williams, Mejri, Matthews, Barnes, Curry",0,2,2,2,2,71.0
21600662,20170122,1,4,DAL,LAL,"101114 Williams, 1626257 Mejri, 202083 Matthews, 203084 Barnes, 203552 Curry","101114,1626257,202083,203084,203552","Williams, Mejri, Matthews, Barnes, Curry",0,0,0,0,1,5.0
21600662,20170122,1,5,DAL,LAL,"101114 Williams, 1626257 Mejri, 202083 Matthews, 203084 Barnes, 2734 Harris","101114,1626257,202083,203084,2734","Williams, Mejri, Matthews, Barnes, Harris",0,0,0,0,1,2.0
21600662,20170122,1,6,DAL,LAL,"101114 Williams, 1626257 Mejri, 202083 Matthews, 203084 Barnes, 2734 Harris","101114,1626257,202083,203084,2734","Williams, Mejri, Matthews, Barnes, Harris",0,0,2,2,2,54.0
21600662,20170122,1,7,DAL,LAL,"101114 Williams, 1626257 Mejri, 1627827 Finney-Smith, 1717 Nowitzki, 2734 Harris","101114,1626257,1627827,1717,2734","Williams, Mejri, Finney-Smith, Nowitzki, Harris",0,5,2,3,2,67.0
21600662,20170122,1,8,DAL,LAL,"1626257 Mejri, 1627827 Finney-Smith, 1717 Nowitzki, 203552 Curry, 2734 Harris","1626257,1627827,1717,203552,2734","Mejri, Finney-Smith, Nowitzki, Curry, Harris",0,4,0,4,4,111.0
21600662,20170122,2,1,DAL,LAL,"1626257 Mejri, 1627827 Finney-Smith, 1717 Nowitzki, 203552 Curry, 2734 Harris","1626257,1627827,1717,203552,2734","Mejri, Finney-Smith, Nowitzki, Curry, Harris",0,0,0,1,0,11.0
21600662,20170122,2,2,DAL,LAL,"1627827 Finney-Smith, 1717 Nowitzki, 203510 Jackson, 203939 Powell, 2734 Harris","1627827,1717,203510,203939,2734","Finney-Smith, Nowitzki, Jackson, Powell, Harris",0,7,0,5,4,86.0
21600662,20170122,2,3,DAL,LAL,"1627827 Finney-Smith, 1717 Nowitzki, 203510 Jackson, 203939 Powell, 2734 Harris","1627827,1717,203510,203939,2734","Finney-Smith, Nowitzki, Jackson, Powell, Harris",0,2,1,2,2,69.0
21600662,20170122,2,4,DAL,LAL,"1627827 Finney-Smith, 203084 Barnes, 203510 Jackson, 203939 Powell, 2734 Harris","1627827,203084,203510,203939,2734","Finney-Smith, Barnes, Jackson, Powell, Harris",0,2,0,3,2,68.0
21600662,20170122,2,5,DAL,LAL,"1627827 Finney-Smith, 203084 Barnes, 203510 Jackson, 203552 Curry, 203939 Powell","1627827,203084,203510,203552,203939","Finney-Smith, Barnes, Jackson, Curry, Powell",0,3,2,4,4,92.0
21600662,20170122,2,6,DAL,LAL,"101114 Williams, 202083 Matthews, 203084 Barnes, 203552 Curry, 203939 Powell","101114,202083,203084,203552,203939","Williams, Matthews, Barnes, Curry, Powell",0,2,2,2,1,41.0
21600662,20170122,2,7,DAL,LAL,"101114 Williams, 1626257 Mejri, 202083 Matthews, 203084 Barnes, 2734 Harris","101114,1626257,202083,203084,2734","Williams, Mejri, Matthews, Barnes, Harris",0,8,2,3,3,97.0
21600662,20170122,2,8,DAL,LAL,"101114 Williams, 1626257 Mejri, 202083 Matthews, 203084 Barnes, 2734 Harris","101114,1626257,202083,203084,2734","Williams, Mejri, Matthews, Barnes, Harris",0,3,0,1,2,57.0
21600662,20170122,2,9,DAL,LAL,"101114 Williams, 1717 Nowitzki, 202083 Matthews, 203084 Barnes, 2734 Harris","101114,1717,202083,203084,2734","Williams, Nowitzki, Matthews, Barnes, Harris",0,0,0,1,1,24.0
21600662,20170122,2,10,DAL,LAL,"101114 Williams, 1717 Nowitzki, 202083 Matthews, 203084 Barnes, 203552 Curry","101114,1717,202083,203084,203552","Williams, Nowitzki, Matthews, Barnes, Curry",0,4,2,4,4,99.0
21600662,20170122,2,11,DAL,LAL,"101114 Williams, 1626147 Anderson, 1627827 Finney-Smith, 1717 Nowitzki, 203552 Curry","101114,1626147,1627827,1717,203552","Williams, Anderson, Finney-Smith, Nowitzki, Curry",0,7,2,3,3,72.7
21600662,20170122,2,12,DAL,LAL,"101114 Williams, 1626147 Anderson, 1627827 Finney-Smith, 203552 Curry, 203939 Powell","101114,1626147,1627827,203552,203939","Williams, Anderson, Finney-Smith, Curry, Powell",0,0,0,1,0,3.3
21600662,20170122,3,1,DAL,LAL,"101114 Williams, 1626147 Anderson, 1627827 Finney-Smith, 203552 Curry, 203939 Powell","101114,1626147,1627827,203552,203939","Williams, Anderson, Finney-Smith, Curry, Powell",0,0,0,1,0,16.0
21600662,20170122,3,2,DAL,LAL,"101114 Williams, 1627827 Finney-Smith, 1717 Nowitzki, 203084 Barnes, 203552 Curry","101114,1627827,1717,203084,203552","Williams, Finney-Smith, Nowitzki, Barnes, Curry",0,7,5,12,13,371.0
21600662,20170122,3,3,DAL,LAL,"101114 Williams, 1626257 Mejri, 1627827 Finney-Smith, 203084 Barnes, 203552 Curry","101114,1626257,1627827,203084,203552","Williams, Mejri, Finney-Smith, Barnes, Curry",0,2,2,1,2,48.0
21600662,20170122,3,4,DAL,LAL,"101114 Williams, 1626257 Mejri, 1627827 Finney-Smith, 203084 Barnes, 203552 Curry","101114,1626257,1627827,203084,203552","Williams, Mejri, Finney-Smith, Barnes, Curry",0,6,7,4,5,145.0
21600662,20170122,3,5,DAL,LAL,"1626147 Anderson, 1626257 Mejri, 1627827 Finney-Smith, 203552 Curry, 2734 Harris","1626147,1626257,1627827,203552,2734","Anderson, Mejri, Finney-Smith, Curry, Harris",0,5,8,3,4,97.8
21600662,20170122,3,6,DAL,LAL,"1626147 Anderson, 1626257 Mejri, 1627827 Finney-Smith, 203510 Jackson, 203552 Curry","1626147,1626257,1627827,203510,203552","Anderson, Mejri, Finney-Smith, Jackson, Curry",0,0,0,1,0,14.8
21600662,20170122,3,7,DAL,LAL,"1626147 Anderson, 1627827 Finney-Smith, 203510 Jackson, 203552 Curry, 203939 Powell","1626147,1627827,203510,203552,203939","Anderson, Finney-Smith, Jackson, Curry, Powell",0,3,0,2,1,27.4
21600662,20170122,4,1,DAL,LAL,"1626147 Anderson, 1627827 Finney-Smith, 203510 Jackson, 203552 Curry, 203939 Powell","1626147,1627827,203510,203552,203939","Anderson, Finney-Smith, Jackson, Curry, Powell",0,0,0,0,1,13.0
21600662,20170122,4,2,DAL,LAL,"1626147 Anderson, 1627827 Finney-Smith, 1627852 Brussino, 203510 Jackson, 203939 Powell","1626147,1627827,1627852,203510,203939","Anderson, Finney-Smith, Brussino, Jackson, Powell",0,9,4,5,6,145.0
21600662,20170122,4,3,DAL,LAL,"1626147 Anderson, 1627827 Finney-Smith, 1627852 Brussino, 203510 Jackson, 203939 Powell","1626147,1627827,1627852,203510,203939","Anderson, Finney-Smith, Brussino, Jackson, Powell",0,2,3,3,3,96.0
21600662,20170122,4,4,DAL,LAL,"1626147 Anderson, 1627827 Finney-Smith, 1627852 Brussino, 203510 Jackson, 203939 Powell","1626147,1627827,1627852,203510,203939","Anderson, Finney-Smith, Brussino, Jackson, Powell",0,6,4,5,4,130.0
21600662,20170122,4,5,DAL,LAL,"1626147 Anderson, 1627827 Finney-Smith, 1627852 Brussino, 203510 Jackson, 203939 Powell","1626147,1627827,1627852,203510,203939","Anderson, Finney-Smith, Brussino, Jackson, Powell",0,15,7,14,12,336.0
21600688,20170125,1,1,DAL,NYK,"101114 Williams, 1627827 Finney-Smith, 1717 Nowitzki, 203084 Barnes, 203552 Curry","101114,1627827,1717,203084,203552","Williams, Finney-Smith, Nowitzki, Barnes, Curry",0,13,9,8,8,252.0
21600688,20170125,1,2,DAL,NYK,"101114 Williams, 1627827 Finney-Smith, 1717 Nowitzki, 203084 Barnes, 203552 Curry","101114,1627827,1717,203084,203552","Williams, Finney-Smith, Nowitzki, Barnes, Curry",0,5,8,3,3,82.0
21600688,20170125,1,3,DAL,NYK,"101106 Bogut, 101114 Williams, 1627827 Finney-Smith, 203084 Barnes, 203552 Curry","101106,101114,1627827,203084,203552","Bogut, Williams, Finney-Smith, Barnes, Curry",0,4,0,3,3,92.0
21600688,20170125,1,4,DAL,NYK,"101106 Bogut, 1627827 Finney-Smith, 203084 Barnes, 203552 Curry, 2734 Harris","101106,1627827,203084,203552,2734","Bogut, Finney-Smith, Barnes, Curry, Harris",0,0,0,2,2,43.0
21600688,20170125,1,5,DAL,NYK,"101106 Bogut, 1627827 Finney-Smith, 203084 Barnes, 203552 Curry, 2734 Harris","101106,1627827,203084,203552,2734","Bogut, Finney-Smith, Barnes, Curry, Harris",0,4,4,5,5,143.0
21600688,20170125,1,6,DAL,NYK,"101106 Bogut, 1626147 Anderson, 1717 Nowitzki, 203552 Curry, 2734 Harris","101106,1626147,1717,203552,2734","Bogut, Anderson, Nowitzki, Curry, Harris",0,2,2,2,3,49.9
21600688,20170125,1,7,DAL,NYK,"101114 Williams, 1626147 Anderson, 1717 Nowitzki, 203939 Powell, 2734 Harris","101114,1626147,1717,203939,2734","Williams, Anderson, Nowitzki, Powell, Harris",0,2,2,2,2,58.1
21600688,20170125,2,1,DAL,NYK,"101114 Williams, 1626147 Anderson, 1717 Nowitzki, 203939 Powell, 2734 Harris","101114,1626147,1717,203939,2734","Williams, Anderson, Nowitzki, Powell, Harris",0,0,0,1,0,14.0
21600688,20170125,2,2,DAL,NYK,"101114 Williams, 1626147 Anderson, 1717 Nowitzki, 203939 Powell, 2734 Harris","101114,1626147,1717,203939,2734","Williams, Anderson, Nowitzki, Powell, Harris",0,2,0,2,1,26.0
21600688,20170125,2,3,DAL,NYK,"101114 Williams, 1626147 Anderson, 1717 Nowitzki, 203510 Jackson, 203939 Powell","101114,1626147,1717,203510,203939","Williams, Anderson, Nowitzki, Jackson, Powell",0,1,0,1,1,24.0
21600688,20170125,2,4,DAL,NYK,"101114 Williams, 1626147 Anderson, 1717 Nowitzki, 203510 Jackson, 203939 Powell","101114,1626147,1717,203510,203939","Williams, Anderson, Nowitzki, Jackson, Powell",0,5,7,6,6,176.0
21600688,20170125,2,5,DAL,NYK,"1626147 Anderson, 1717 Nowitzki, 203510 Jackson, 203939 Powell, 2734 Harris","1626147,1717,203510,203939,2734","Anderson, Nowitzki, Jackson, Powell, Harris",0,0,1,1,1,31.0
21600688,20170125,2,6,DAL,NYK,"101106 Bogut, 1626147 Anderson, 203084 Barnes, 203510 Jackson, 2734 Harris","101106,1626147,203084,203510,2734","Bogut, Anderson, Barnes, Jackson, Harris",0,0,5,2,2,36.0
21600688,20170125,2,7,DAL,NYK,"101106 Bogut, 1627827 Finney-Smith, 203084 Barnes, 203510 Jackson, 2734 Harris","101106,1627827,203084,203510,2734","Bogut, Finney-Smith, Barnes, Jackson, Harris",0,5,3,4,3,92.0
21600688,20170125,2,8,DAL,NYK,"101106 Bogut, 1627827 Finney-Smith, 203084 Barnes, 203510 Jackson, 2734 Harris","101106,1627827,203084,203510,2734","Bogut, Finney-Smith, Barnes, Jackson, Harris",0,2,0,2,2,69.0
21600688,20170125,2,9,DAL,NYK,"101106 Bogut, 101114 Williams, 1626147 Anderson, 203084 Barnes, 203552 Curry","101106,101114,1626147,203084,203552","Bogut, Williams, Anderson, Barnes, Curry",0,0,4,2,2,60.0
21600688,20170125,2,10,DAL,NYK,"101106 Bogut, 101114 Williams, 1627827 Finney-Smith, 203084 Barnes, 203552 Curry","101106,101114,1627827,203084,203552","Bogut, Williams, Finney-Smith, Barnes, Curry",0,2,0,3,2,77.0
21600688,20170125,2,11,DAL,NYK,"101114 Williams, 1627827 Finney-Smith, 1717 Nowitzki, 203084 Barnes, 203552 Curry","101114,1627827,1717,203084,203552","Williams, Finney-Smith, Nowitzki, Barnes, Curry",0,5,0,3,3,74.3
21600688,20170125,2,12,DAL,NYK,"1627827 Finney-Smith, 1717 Nowitzki, 203084 Barnes, 203552 Curry, 2734 Harris","1627827,1717,203084,203552,2734","Finney-Smith, Nowitzki, Barnes, Curry, Harris",0,0,6,2,3,40.0
21600688,20170125,2,13,DAL,NYK,"1627827 Finney-Smith, 1717 Nowitzki, 203084 Barnes, 203552 Curry, 2734 Harris","1627827,1717,203084,203552,2734","Finney-Smith, Nowitzki, Barnes, Curry, Harris",0,0,0,0,0,0.7
21600688,20170125,3,1,DAL,NYK,"1627827 Finney-Smith, 1717 Nowitzki, 203084 Barnes, 203552 Curry, 2734 Harris","1627827,1717,203084,203552,2734","Finney-Smith, Nowitzki, Barnes, Curry, Harris",0,0,0,1,0,13.0
21600688,20170125,3,2,DAL,NYK,"1627827 Finney-Smith, 1717 Nowitzki, 203084 Barnes, 203510 Jackson, 203552 Curry","1627827,1717,203084,203510,203552","Finney-Smith, Nowitzki, Barnes, Jackson, Curry",0,15,12,12,12,360.0
21600688,20170125,3,3,DAL,NYK,"101106 Bogut, 1627827 Finney-Smith, 203084 Barnes, 203552 Curry, 2734 Harris","101106,1627827,203084,203552,2734","Bogut, Finney-Smith, Barnes, Curry, Harris",0,8,3,6,6,178.0
21600688,20170125,3,4,DAL,NYK,"101106 Bogut, 1627827 Finney-Smith, 203084 Barnes, 203552 Curry, 2734 Harris","101106,1627827,203084,203552,2734","Bogut, Finney-Smith, Barnes, Curry, Harris",0,0,1,0,1,24.0
21600688,20170125,3,5,DAL,NYK,"101106 Bogut, 1627827 Finney-Smith, 203084 Barnes, 203552 Curry, 2734 Harris","101106,1627827,203084,203552,2734","Bogut, Finney-Smith, Barnes, Curry, Harris",0,1,2,4,4,89.8
21600688,20170125,3,6,DAL,NYK,"1627827 Finney-Smith, 1717 Nowitzki, 203510 Jackson, 203939 Powell, 2734 Harris","1627827,1717,203510,203939,2734","Finney-Smith, Nowitzki, Jackson, Powell, Harris",0,2,4,3,2,55.2
21600688,20170125,4,1,DAL,NYK,"1627827 Finney-Smith, 1717 Nowitzki, 203510 Jackson, 203939 Powell, 2734 Harris","1627827,1717,203510,203939,2734","Finney-Smith, Nowitzki, Jackson, Powell, Harris",0,0,0,0,1,26.0
21600688,20170125,4,2,DAL,NYK,"1626147 Anderson, 1717 Nowitzki, 203510 Jackson, 203939 Powell, 2734 Harris","1626147,1717,203510,203939,2734","Anderson, Nowitzki, Jackson, Powell, Harris",0,5,5,6,7,162.0
21600688,20170125,4,3,DAL,NYK,"1626147 Anderson, 1717 Nowitzki, 203510 Jackson, 203939 Powell, 2734 Harris","1626147,1717,203510,203939,2734","Anderson, Nowitzki, Jackson, Powell, Harris",0,4,6,4,3,53.0
21600688,20170125,4,4,DAL,NYK,"101106 Bogut, 1626147 Anderson, 203084 Barnes, 203552 Curry, 2734 Harris","101106,1626147,203084,203552,2734","Bogut, Anderson, Barnes, Curry, Harris",0,4,4,5,5,114.0
21600688,20170125,4,5,DAL,NYK,"101106 Bogut, 1626147 Anderson, 203084 Barnes, 203510 Jackson, 203552 Curry","101106,1626147,203084,203510,203552","Bogut, Anderson, Barnes, Jackson, Curry",0,2,0,2,3,56.0
21600688,20170125,4,6,DAL,NYK,"101106 Bogut, 1626147 Anderson, 203084 Barnes, 203510 Jackson, 203552 Curry","101106,1626147,203084,203510,203552","Bogut, Anderson, Barnes, Jackson, Curry",0,4,0,3,4,99.0
21600688,20170125,4,7,DAL,NYK,"101106 Bogut, 1626147 Anderson, 203084 Barnes, 203510 Jackson, 203552 Curry","101106,1626147,203084,203510,203552","Bogut, Anderson, Barnes, Jackson, Curry",0,0,0,1,2,46.0
21600688,20170125,4,8,DAL,NYK,"1626147 Anderson, 1627827 Finney-Smith, 203084 Barnes, 203510 Jackson, 203552 Curry","1626147,1627827,203084,203510,203552","Anderson, Finney-Smith, Barnes, Jackson, Curry",0,2,7,5,5,107.2
21600688,20170125,4,9,DAL,NYK,"1626147 Anderson, 1627827 Finney-Smith, 203084 Barnes, 203510 Jackson, 203552 Curry","1626147,1627827,203084,203510,203552","Anderson, Finney-Smith, Barnes, Jackson, Curry",0,2,0,2,2,30.0
21600688,20170125,4,10,DAL,NYK,"1626147 Anderson, 1627827 Finney-Smith, 203084 Barnes, 203510 Jackson, 203552 Curry","1626147,1627827,203084,203510,203552","Anderson, Finney-Smith, Barnes, Jackson, Curry",0,2,0,2,2,26.8
21600690,20170126,1,1,DAL,OKC,"101106 Bogut, 1627827 Finney-Smith, 203084 Barnes, 203510 Jackson, 203552 Curry","101106,1627827,203084,203510,203552","Bogut, Finney-Smith, Barnes, Jackson, Curry",0,14,13,14,12,374.0
21600690,20170126,1,2,DAL,OKC,"1626147 Anderson, 1626257 Mejri, 1627827 Finney-Smith, 203552 Curry, 2734 Harris","1626147,1626257,1627827,203552,2734","Anderson, Mejri, Finney-Smith, Curry, Harris",0,0,5,3,5,69.0
21600690,20170126,1,3,DAL,OKC,"1626147 Anderson, 1626257 Mejri, 1627827 Finney-Smith, 203552 Curry, 2734 Harris","1626147,1626257,1627827,203552,2734","Anderson, Mejri, Finney-Smith, Curry, Harris",0,6,5,6,5,135.0
21600690,20170126,1,4,DAL,OKC,"1626147 Anderson, 1626257 Mejri, 203084 Barnes, 203510 Jackson, 2734 Harris","1626147,1626257,203084,203510,2734","Anderson, Mejri, Barnes, Jackson, Harris",0,0,0,1,0,11.0
21600690,20170126,1,5,DAL,OKC,"1626147 Anderson, 1626257 Mejri, 203084 Barnes, 203510 Jackson, 2734 Harris","1626147,1626257,203084,203510,2734","Anderson, Mejri, Barnes, Jackson, Harris",0,6,0,5,4,131.0
21600690,20170126,2,1,DAL,OKC,"1626147 Anderson, 1626257 Mejri, 203084 Barnes, 203510 Jackson, 2734 Harris","1626147,1626257,203084,203510,2734","Anderson, Mejri, Barnes, Jackson, Harris",0,0,0,0,1,17.0
21600690,20170126,2,2,DAL,OKC,"1626147 Anderson, 1626257 Mejri, 1627852 Brussino, 203084 Barnes, 203510 Jackson","1626147,1626257,1627852,203084,203510","Anderson, Mejri, Brussino, Barnes, Jackson",0,2,3,1,3,32.0
21600690,20170126,2,3,DAL,OKC,"101106 Bogut, 1626147 Anderson, 1627852 Brussino, 203084 Barnes, 203510 Jackson","101106,1626147,1627852,203084,203510","Bogut, Anderson, Brussino, Barnes, Jackson",0,2,5,5,4,130.0
21600690,20170126,2,4,DAL,OKC,"101106 Bogut, 1626147 Anderson, 1627852 Brussino, 203084 Barnes, 203510 Jackson","101106,1626147,1627852,203084,203510","Bogut, Anderson, Brussino, Barnes, Jackson",0,6,2,4,3,87.0
21600690,20170126,2,5,DAL,OKC,"101106 Bogut, 1626147 Anderson, 1627827 Finney-Smith, 1627852 Brussino, 203552 Curry","101106,1626147,1627827,1627852,203552","Bogut, Anderson, Finney-Smith, Brussino, Curry",0,2,0,2,2,79.0
21600690,20170126,2,6,DAL,OKC,"1626147 Anderson, 1626257 Mejri, 1627827 Finney-Smith, 1627852 Brussino, 203552 Curry","1626147,1626257,1627827,1627852,203552","Anderson, Mejri, Finney-Smith, Brussino, Curry",0,6,6,2,3,90.0
21600690,20170126,2,7,DAL,OKC,"1626257 Mejri, 1627827 Finney-Smith, 1627852 Brussino, 203084 Barnes, 203552 Curry","1626257,1627827,1627852,203084,203552","Mejri, Finney-Smith, Brussino, Barnes, Curry",0,0,1,1,1,29.0
21600690,20170126,2,8,DAL,OKC,"1626257 Mejri, 1627827 Finney-Smith, 1627852 Brussino, 203084 Barnes, 203552 Curry","1626257,1627827,1627852,203084,203552","Mejri, Finney-Smith, Brussino, Barnes, Curry",0,0,1,0,1,20.0
21600690,20170126,2,9,DAL,OKC,"1626257 Mejri, 1627827 Finney-Smith, 203084 Barnes, 203552 Curry, 2734 Harris","1626257,1627827,203084,203552,2734","Mejri, Finney-Smith, Barnes, Curry, Harris",0,8,6,5,6,167.0
21600690,20170126,2,10,DAL,OKC,"1626257 Mejri, 1627827 Finney-Smith, 203084 Barnes, 203552 Curry, 2734 Harris","1626257,1627827,203084,203552,2734","Mejri, Finney-Smith, Barnes, Curry, Harris",0,0,0,0,1,2.0
21600690,20170126,2,11,DAL,OKC,"1627827 Finney-Smith, 203084 Barnes, 203552 Curry, 203939 Powell, 2734 Harris","1627827,203084,203552,203939,2734","Finney-Smith, Barnes, Curry, Powell, Harris",0,3,6,3,4,67.0
21600690,20170126,3,1,DAL,OKC,"1627827 Finney-Smith, 203084 Barnes, 203552 Curry, 203939 Powell, 2734 Harris","1627827,203084,203552,203939,2734","Finney-Smith, Barnes, Curry, Powell, Harris",0,0,0,0,1,17.0
21600690,20170126,3,2,DAL,OKC,"101106 Bogut, 1627827 Finney-Smith, 1627852 Brussino, 203084 Barnes, 203552 Curry","101106,1627827,1627852,203084,203552","Bogut, Finney-Smith, Brussino, Barnes, Curry",0,9,15,10,11,294.0
21600690,20170126,3,3,DAL,OKC,"101106 Bogut, 1627827 Finney-Smith, 1627852 Brussino, 203084 Barnes, 203552 Curry","101106,1627827,1627852,203084,203552","Bogut, Finney-Smith, Brussino, Barnes, Curry",0,2,0,2,1,50.0
21600690,20170126,3,4,DAL,OKC,"101106 Bogut, 1627827 Finney-Smith, 203084 Barnes, 203552 Curry, 2734 Harris","101106,1627827,203084,203552,2734","Bogut, Finney-Smith, Barnes, Curry, Harris",0,0,1,0,1,17.0
21600690,20170126,3,5,DAL,OKC,"1626257 Mejri, 1627827 Finney-Smith, 203084 Barnes, 203552 Curry, 2734 Harris","1626257,1627827,203084,203552,2734","Mejri, Finney-Smith, Barnes, Curry, Harris",0,0,5,5,5,109.0
21600690,20170126,3,6,DAL,OKC,"1626147 Anderson, 1626257 Mejri, 1627827 Finney-Smith, 1627852 Brussino, 2734 Harris","1626147,1626257,1627827,1627852,2734","Anderson, Mejri, Finney-Smith, Brussino, Harris",0,4,4,3,4,88.0
21600690,20170126,3,7,DAL,OKC,"1626147 Anderson, 1626257 Mejri, 1627827 Finney-Smith, 1627852 Brussino, 2734 Harris","1626147,1626257,1627827,1627852,2734","Anderson, Mejri, Finney-Smith, Brussino, Harris",0,1,7,4,4,105.7
21600690,20170126,3,8,DAL,OKC,"1626147 Anderson, 1627827 Finney-Smith, 203084 Barnes, 203939 Powell, 2734 Harris","1626147,1627827,203084,203939,2734","Anderson, Finney-Smith, Barnes, Powell, Harris",0,2,2,2,1,39.3
21600690,20170126,4,1,DAL,OKC,"1626147 Anderson, 1627827 Finney-Smith, 203084 Barnes, 203939 Powell, 2734 Harris","1626147,1627827,203084,203939,2734","Anderson, Finney-Smith, Barnes, Powell, Harris",0,0,0,1,0,17.0
21600690,20170126,4,2,DAL,OKC,"1626147 Anderson, 1627827 Finney-Smith, 203084 Barnes, 203939 Powell, 2734 Harris","1626147,1627827,203084,203939,2734","Anderson, Finney-Smith, Barnes, Powell, Harris",0,6,0,4,4,101.0
21600690,20170126,4,3,DAL,OKC,"1626147 Anderson, 1627827 Finney-Smith, 203084 Barnes, 203939 Powell, 2734 Harris","1626147,1627827,203084,203939,2734","Anderson, Finney-Smith, Barnes, Powell, Harris",0,5,3,4,4,99.0
21600690,20170126,4,4,DAL,OKC,"1626147 Anderson, 1627827 Finney-Smith, 203084 Barnes, 203552 Curry, 203939 Powell","1626147,1627827,203084,203552,203939","Anderson, Finney-Smith, Barnes, Curry, Powell",0,2,0,3,2,54.0
21600690,20170126,4,5,DAL,OKC,"1626147 Anderson, 1627827 Finney-Smith, 203084 Barnes, 203552 Curry, 203939 Powell","1626147,1627827,203084,203552,203939","Anderson, Finney-Smith, Barnes, Curry, Powell",0,0,4,5,5,125.0
21600690,20170126,4,6,DAL,OKC,"1627827 Finney-Smith, 1627852 Brussino, 203084 Barnes, 203552 Curry, 203939 Powell","1627827,1627852,203084,203552,203939","Finney-Smith, Brussino, Barnes, Curry, Powell",0,6,4,5,6,159.0
21600690,20170126,4,7,DAL,OKC,"1627827 Finney-Smith, 1627852 Brussino, 203084 Barnes, 203552 Curry, 203939 Powell","1627827,1627852,203084,203552,203939","Finney-Smith, Brussino, Barnes, Curry, Powell",0,4,8,4,4,109.4
21600690,20170126,4,8,DAL,OKC,"1626147 Anderson, 1627852 Brussino, 203084 Barnes, 203552 Curry, 203939 Powell","1626147,1627852,203084,203552,203939","Anderson, Brussino, Barnes, Curry, Powell",0,0,0,1,1,20.5
21600690,20170126,4,9,DAL,OKC,"1626147 Anderson, 1627827 Finney-Smith, 203084 Barnes, 203552 Curry, 203939 Powell","1626147,1627827,203084,203552,203939","Anderson, Finney-Smith, Barnes, Curry, Powell",0,2,3,1,2,35.1
21600717,20170129,1,1,DAL,SAS,"1627812 Ferrell, 1717 Nowitzki, 202083 Matthews, 203084 Barnes, 203552 Curry","1627812,1717,202083,203084,203552","Ferrell, Nowitzki, Matthews, Barnes, Curry",0,16,12,14,14,414.0
21600717,20170129,1,2,DAL,SAS,"1627812 Ferrell, 1717 Nowitzki, 202083 Matthews, 203084 Barnes, 203552 Curry","1627812,1717,202083,203084,203552","Ferrell, Nowitzki, Matthews, Barnes, Curry",0,0,0,1,0,1.0
21600717,20170129,1,3,DAL,SAS,"1717 Nowitzki, 202083 Matthews, 203084 Barnes, 203552 Curry, 2734 Harris","1717,202083,203084,203552,2734","Nowitzki, Matthews, Barnes, Curry, Harris",0,0,0,1,0,4.0
21600717,20170129,1,4,DAL,SAS,"101106 Bogut, 202083 Matthews, 203084 Barnes, 203552 Curry, 2734 Harris","101106,202083,203084,203552,2734","Bogut, Matthews, Barnes, Curry, Harris",0,2,3,3,3,75.0
21600717,20170129,1,5,DAL,SAS,"101106 Bogut, 202083 Matthews, 203084 Barnes, 203552 Curry, 2734 Harris","101106,202083,203084,203552,2734","Bogut, Matthews, Barnes, Curry, Harris",0,3,4,2,2,70.0
21600717,20170129,1,6,DAL,SAS,"101106 Bogut, 1627812 Ferrell, 1627827 Finney-Smith, 203084 Barnes, 2734 Harris","101106,1627812,1627827,203084,2734","Bogut, Ferrell, Finney-Smith, Barnes, Harris",0,0,2,3,2,37.0
21600717,20170129,1,7,DAL,SAS,"101106 Bogut, 1626147 Anderson, 1627812 Ferrell, 1627827 Finney-Smith, 2734 Harris","101106,1626147,1627812,1627827,2734","Bogut, Anderson, Ferrell, Finney-Smith, Harris",0,6,4,3,3,85.1
21600717,20170129,1,8,DAL,SAS,"101106 Bogut, 1626147 Anderson, 1627812 Ferrell, 1627827 Finney-Smith, 2734 Harris","101106,1626147,1627812,1627827,2734","Bogut, Anderson, Ferrell, Finney-Smith, Harris",0,0,3,1,2,33.9
21600717,20170129,2,1,DAL,SAS,"101106 Bogut, 1626147 Anderson, 1627812 Ferrell, 1627827 Finney-Smith, 2734 Harris","101106,1626147,1627812,1627827,2734","Bogut, Anderson, Ferrell, Finney-Smith, Harris",0,0,0,1,0,18.0
21600717,20170129,2,2,DAL,SAS,"1626147 Anderson, 1627812 Ferrell, 1627827 Finney-Smith, 1627852 Brussino, 1717 Nowitzki","1626147,1627812,1627827,1627852,1717","Anderson, Ferrell, Finney-Smith, Brussino, Nowitzki",0,0,4,4,3,71.0
21600717,20170129,2,3,DAL,SAS,"1626147 Anderson, 1627812 Ferrell, 1627827 Finney-Smith, 1627852 Brussino, 1717 Nowitzki","1626147,1627812,1627827,1627852,1717","Anderson, Ferrell, Finney-Smith, Brussino, Nowitzki",0,0,4,2,2,38.0
21600717,20170129,2,4,DAL,SAS,"1626147 Anderson, 1627812 Ferrell, 1627827 Finney-Smith, 1627852 Brussino, 1717 Nowitzki","1626147,1627812,1627827,1627852,1717","Anderson, Ferrell, Finney-Smith, Brussino, Nowitzki",0,4,2,3,2,69.0
21600717,20170129,2,5,DAL,SAS,"1626147 Anderson, 1627812 Ferrell, 1627827 Finney-Smith, 1627852 Brussino, 1717 Nowitzki","1626147,1627812,1627827,1627852,1717","Anderson, Ferrell, Finney-Smith, Brussino, Nowitzki",0,2,2,2,3,75.0
21600717,20170129,2,6,DAL,SAS,"101106 Bogut, 202083 Matthews, 203084 Barnes, 203552 Curry, 2734 Harris","101106,202083,203084,203552,2734","Bogut, Matthews, Barnes, Curry, Harris",0,2,8,4,5,87.0
21600717,20170129,2,7,DAL,SAS,"1626257 Mejri, 202083 Matthews, 203084 Barnes, 203552 Curry, 2734 Harris","1626257,202083,203084,203552,2734","Mejri, Matthews, Barnes, Curry, Harris",0,6,4,5,5,137.0
21600717,20170129,2,8,DAL,SAS,"1626257 Mejri, 202083 Matthews, 203084 Barnes, 203552 Curry, 2734 Harris","1626257,202083,203084,203552,2734","Mejri, Matthews, Barnes, Curry, Harris",0,0,3,1,2,15.0
21600717,20170129,2,9,DAL,SAS,"1627812 Ferrell, 1717 Nowitzki, 202083 Matthews, 203084 Barnes, 203552 Curry","1627812,1717,202083,203084,203552","Ferrell, Nowitzki, Matthews, Barnes, Curry",0,8,4,8,9,210.0
21600717,20170129,3,1,DAL,SAS,"1627812 Ferrell, 1717 Nowitzki, 202083 Matthews, 203084 Barnes, 203552 Curry","1627812,1717,202083,203084,203552","Ferrell, Nowitzki, Matthews, Barnes, Curry",0,0,0,1,0,17.0
21600717,20170129,3,2,DAL,SAS,"1627812 Ferrell, 1717 Nowitzki, 202083 Matthews, 203084 Barnes, 203552 Curry","1627812,1717,202083,203084,203552","Ferrell, Nowitzki, Matthews, Barnes, Curry",0,16,9,12,11,308.0
21600717,20170129,3,3,DAL,SAS,"101106 Bogut, 1627812 Ferrell, 202083 Matthews, 203084 Barnes, 203552 Curry","101106,1627812,202083,203084,203552","Bogut, Ferrell, Matthews, Barnes, Curry",0,2,2,2,1,46.0
21600717,20170129,3,4,DAL,SAS,"101106 Bogut, 1627812 Ferrell, 202083 Matthews, 203084 Barnes, 203552 Curry","101106,1627812,202083,203084,203552","Bogut, Ferrell, Matthews, Barnes, Curry",0,2,2,4,3,53.0
21600717,20170129,3,5,DAL,SAS,"1626257 Mejri, 202083 Matthews, 203084 Barnes, 203552 Curry, 2734 Harris","1626257,202083,203084,203552,2734","Mejri, Matthews, Barnes, Curry, Harris",0,4,0,2,2,70.0
21600717,20170129,3,6,DAL,SAS,"1626257 Mejri, 202083 Matthews, 203084 Barnes, 203552 Curry, 2734 Harris","1626257,202083,203084,203552,2734","Mejri, Matthews, Barnes, Curry, Harris",0,0,0,3,3,51.0
21600717,20170129,3,7,DAL,SAS,"1626257 Mejri, 1717 Nowitzki, 202083 Matthews, 203552 Curry, 2734 Harris","1626257,1717,202083,203552,2734","Mejri, Nowitzki, Matthews, Curry, Harris",0,4,6,5,4,129.2
21600717,20170129,3,8,DAL,SAS,"1626257 Mejri, 1627812 Ferrell, 1627827 Finney-Smith, 1717 Nowitzki, 2734 Harris","1626257,1627812,1627827,1717,2734","Mejri, Ferrell, Finney-Smith, Nowitzki, Harris",0,0,3,2,1,45.8
21600717,20170129,4,1,DAL,SAS,"1626257 Mejri, 1627812 Ferrell, 1627827 Finney-Smith, 1717 Nowitzki, 2734 Harris","1626257,1627812,1627827,1717,2734","Mejri, Ferrell, Finney-Smith, Nowitzki, Harris",0,0,0,0,1,13.0
21600717,20170129,4,2,DAL,SAS,"1627812 Ferrell, 1627827 Finney-Smith, 1717 Nowitzki, 203939 Powell, 2734 Harris","1627812,1627827,1717,203939,2734","Ferrell, Finney-Smith, Nowitzki, Powell, Harris",0,5,2,4,3,75.0
21600717,20170129,4,3,DAL,SAS,"1627812 Ferrell, 1627827 Finney-Smith, 1717 Nowitzki, 203939 Powell, 2734 Harris","1627812,1627827,1717,203939,2734","Ferrell, Finney-Smith, Nowitzki, Powell, Harris",0,0,0,3,2,81.0
21600717,20170129,4,4,DAL,SAS,"1627812 Ferrell, 1627827 Finney-Smith, 1717 Nowitzki, 203939 Powell, 2734 Harris","1627812,1627827,1717,203939,2734","Ferrell, Finney-Smith, Nowitzki, Powell, Harris",0,3,0,1,1,22.0
21600717,20170129,4,5,DAL,SAS,"1627812 Ferrell, 1627827 Finney-Smith, 203084 Barnes, 203552 Curry, 203939 Powell","1627812,1627827,203084,203552,203939","Ferrell, Finney-Smith, Barnes, Curry, Powell",0,4,4,2,2,56.0
21600717,20170129,4,6,DAL,SAS,"1627812 Ferrell, 1627827 Finney-Smith, 203084 Barnes, 203552 Curry, 203939 Powell","1627812,1627827,203084,203552,203939","Ferrell, Finney-Smith, Barnes, Curry, Powell",0,5,0,2,3,88.0
21600717,20170129,4,7,DAL,SAS,"1627812 Ferrell, 1627827 Finney-Smith, 203084 Barnes, 203552 Curry, 203939 Powell","1627812,1627827,203084,203552,203939","Ferrell, Finney-Smith, Barnes, Curry, Powell",0,6,5,4,5,167.0
21600717,20170129,4,8,DAL,SAS,"1627812 Ferrell, 1627827 Finney-Smith, 203084 Barnes, 203552 Curry, 203939 Powell","1627812,1627827,203084,203552,203939","Ferrell, Finney-Smith, Barnes, Curry, Powell",0,0,2,1,3,52.0
21600717,20170129,4,9,DAL,SAS,"1627812 Ferrell, 202083 Matthews, 203084 Barnes, 203552 Curry, 203939 Powell","1627812,202083,203084,203552,203939","Ferrell, Matthews, Barnes, Curry, Powell",0,0,2,2,1,31.0
21600717,20170129,4,10,DAL,SAS,"1717 Nowitzki, 202083 Matthews, 203084 Barnes, 203552 Curry, 2734 Harris","1717,202083,203084,203552,2734","Nowitzki, Matthews, Barnes, Curry, Harris",0,1,2,3,2,84.2
21600717,20170129,4,11,DAL,SAS,"202083 Matthews, 203084 Barnes, 203552 Curry, 203939 Powell, 2734 Harris","202083,203084,203552,203939,2734","Matthews, Barnes, Curry, Powell, Harris",0,0,0,0,1,12.0
21600717,20170129,4,12,DAL,SAS,"202083 Matthews, 203084 Barnes, 203552 Curry, 203939 Powell, 2734 Harris","202083,203084,203552,203939,2734","Matthews, Barnes, Curry, Powell, Harris",0,0,0,1,1,13.5
21600717,20170129,4,13,DAL,SAS,"1627812 Ferrell, 1717 Nowitzki, 202083 Matthews, 203084 Barnes, 203552 Curry","1627812,1717,202083,203084,203552","Ferrell, Nowitzki, Matthews, Barnes, Curry",0,4,3,2,2,18.0
21600717,20170129,4,14,DAL,SAS,"1627812 Ferrell, 1627827 Finney-Smith, 202083 Matthews, 203084 Barnes, 203552 Curry","1627812,1627827,202083,203084,203552","Ferrell, Finney-Smith, Matthews, Barnes, Curry",0,0,0,0,1,7.3
21600722,20170130,1,1,DAL,CLE,"1627812 Ferrell, 1717 Nowitzki, 202083 Matthews, 203084 Barnes, 203552 Curry","1627812,1717,202083,203084,203552","Ferrell, Nowitzki, Matthews, Barnes, Curry",0,14,8,11,13,330.0
21600722,20170130,1,2,DAL,CLE,"1626257 Mejri, 202083 Matthews, 203084 Barnes, 203552 Curry, 2734 Harris","1626257,202083,203084,203552,2734","Mejri, Matthews, Barnes, Curry, Harris",0,0,4,1,2,36.0
21600722,20170130,1,3,DAL,CLE,"1626257 Mejri, 202083 Matthews, 203084 Barnes, 203552 Curry, 2734 Harris","1626257,202083,203084,203552,2734","Mejri, Matthews, Barnes, Curry, Harris",0,2,4,3,3,72.0
21600722,20170130,1,4,DAL,CLE,"202083 Matthews, 203084 Barnes, 203552 Curry, 203939 Powell, 2734 Harris","202083,203084,203552,203939,2734","Matthews, Barnes, Curry, Powell, Harris",0,0,2,0,1,15.0
21600722,20170130,1,5,DAL,CLE,"202083 Matthews, 203084 Barnes, 203552 Curry, 203939 Powell, 2734 Harris","202083,203084,203552,203939,2734","Matthews, Barnes, Curry, Powell, Harris",0,3,4,3,2,78.0
21600722,20170130,1,6,DAL,CLE,"1627812 Ferrell, 1627827 Finney-Smith, 203084 Barnes, 203552 Curry, 203939 Powell","1627812,1627827,203084,203552,203939","Ferrell, Finney-Smith, Barnes, Curry, Powell",0,0,5,3,2,48.0
21600722,20170130,1,7,DAL,CLE,"1627812 Ferrell, 1627827 Finney-Smith, 1717 Nowitzki, 203552 Curry, 203939 Powell","1627812,1627827,1717,203552,203939","Ferrell, Finney-Smith, Nowitzki, Curry, Powell",0,7,2,6,4,141.0
21600722,20170130,2,1,DAL,CLE,"1627812 Ferrell, 1627827 Finney-Smith, 1717 Nowitzki, 203552 Curry, 203939 Powell","1627812,1627827,1717,203552,203939","Ferrell, Finney-Smith, Nowitzki, Curry, Powell",0,0,0,1,0,10.0
21600722,20170130,2,2,DAL,CLE,"1627812 Ferrell, 1717 Nowitzki, 202083 Matthews, 203939 Powell, 2734 Harris","1627812,1717,202083,203939,2734","Ferrell, Nowitzki, Matthews, Powell, Harris",0,10,4,7,7,189.0
21600722,20170130,2,3,DAL,CLE,"1627812 Ferrell, 202083 Matthews, 203084 Barnes, 203939 Powell, 2734 Harris","1627812,202083,203084,203939,2734","Ferrell, Matthews, Barnes, Powell, Harris",0,0,0,1,1,8.0
21600722,20170130,2,4,DAL,CLE,"1627812 Ferrell, 202083 Matthews, 203084 Barnes, 203939 Powell, 2734 Harris","1627812,202083,203084,203939,2734","Ferrell, Matthews, Barnes, Powell, Harris",0,3,1,1,1,24.0
21600722,20170130,2,5,DAL,CLE,"202083 Matthews, 203084 Barnes, 203552 Curry, 203939 Powell, 2734 Harris","202083,203084,203552,203939,2734","Matthews, Barnes, Curry, Powell, Harris",0,2,0,1,1,39.0
21600722,20170130,2,6,DAL,CLE,"202083 Matthews, 203084 Barnes, 203552 Curry, 203939 Powell, 2734 Harris","202083,203084,203552,203939,2734","Matthews, Barnes, Curry, Powell, Harris",0,0,0,0,1,18.0
21600722,20170130,2,7,DAL,CLE,"202083 Matthews, 203084 Barnes, 203552 Curry, 203939 Powell, 2734 Harris","202083,203084,203552,203939,2734","Matthews, Barnes, Curry, Powell, Harris",0,0,2,2,2,45.0
21600722,20170130,2,8,DAL,CLE,"1627812 Ferrell, 202083 Matthews, 203084 Barnes, 203552 Curry, 203939 Powell","1627812,202083,203084,203552,203939","Ferrell, Matthews, Barnes, Curry, Powell",0,0,2,0,1,11.0
21600722,20170130,2,9,DAL,CLE,"1627812 Ferrell, 202083 Matthews, 203084 Barnes, 203552 Curry, 203939 Powell","1627812,202083,203084,203552,203939","Ferrell, Matthews, Barnes, Curry, Powell",0,0,0,2,1,32.0
21600722,20170130,2,10,DAL,CLE,"1627812 Ferrell, 202083 Matthews, 203084 Barnes, 203552 Curry, 203939 Powell","1627812,202083,203084,203552,203939","Ferrell, Matthews, Barnes, Curry, Powell",0,2,5,3,2,64.0
21600722,20170130,2,11,DAL,CLE,"1627812 Ferrell, 1717 Nowitzki, 202083 Matthews, 203084 Barnes, 203552 Curry","1627812,1717,202083,203084,203552","Ferrell, Nowitzki, Matthews, Barnes, Curry",0,4,0,3,2,74.0
21600722,20170130,2,12,DAL,CLE,"1627812 Ferrell, 1717 Nowitzki, 202083 Matthews, 203084 Barnes, 203552 Curry","1627812,1717,202083,203084,203552","Ferrell, Nowitzki, Matthews, Barnes, Curry",0,4,2,4,3,79.0
21600722,20170130,2,13,DAL,CLE,"1627812 Ferrell, 1627827 Finney-Smith, 202083 Matthews, 203084 Barnes, 203552 Curry","1627812,1627827,202083,203084,203552","Ferrell, Finney-Smith, Matthews, Barnes, Curry",0,4,5,4,5,127.0
21600722,20170130,3,1,DAL,CLE,"1627812 Ferrell, 1627827 Finney-Smith, 202083 Matthews, 203084 Barnes, 203552 Curry","1627812,1627827,202083,203084,203552","Ferrell, Finney-Smith, Matthews, Barnes, Curry",0,0,0,1,0,19.0
21600722,20170130,3,2,DAL,CLE,"1627812 Ferrell, 1717 Nowitzki, 202083 Matthews, 203084 Barnes, 203552 Curry","1627812,1717,202083,203084,203552","Ferrell, Nowitzki, Matthews, Barnes, Curry",0,11,11,13,12,338.0
21600722,20170130,3,3,DAL,CLE,"202083 Matthews, 203084 Barnes, 203552 Curry, 203939 Powell, 2734 Harris","202083,203084,203552,203939,2734","Matthews, Barnes, Curry, Powell, Harris",0,7,4,5,4,113.0
21600722,20170130,3,4,DAL,CLE,"202083 Matthews, 203084 Barnes, 203552 Curry, 203939 Powell, 2734 Harris","202083,203084,203552,203939,2734","Matthews, Barnes, Curry, Powell, Harris",0,2,3,4,4,133.0
21600722,20170130,3,5,DAL,CLE,"1627827 Finney-Smith, 203084 Barnes, 203552 Curry, 203939 Powell, 2734 Harris","1627827,203084,203552,203939,2734","Finney-Smith, Barnes, Curry, Powell, Harris",0,4,0,2,2,74.1
21600722,20170130,3,6,DAL,CLE,"1627812 Ferrell, 1627827 Finney-Smith, 203084 Barnes, 203552 Curry, 203939 Powell","1627812,1627827,203084,203552,203939","Ferrell, Finney-Smith, Barnes, Curry, Powell",0,2,2,2,1,42.9
21600722,20170130,4,1,DAL,CLE,"1627812 Ferrell, 1627827 Finney-Smith, 203084 Barnes, 203552 Curry, 203939 Powell","1627812,1627827,203084,203552,203939","Ferrell, Finney-Smith, Barnes, Curry, Powell",0,0,0,0,1,24.0
21600722,20170130,4,2,DAL,CLE,"1627812 Ferrell, 1627827 Finney-Smith, 1717 Nowitzki, 203939 Powell, 2734 Harris","1627812,1627827,1717,203939,2734","Ferrell, Finney-Smith, Nowitzki, Powell, Harris",0,2,6,3,3,69.0
21600722,20170130,4,3,DAL,CLE,"1627812 Ferrell, 1717 Nowitzki, 202083 Matthews, 203939 Powell, 2734 Harris","1627812,1717,202083,203939,2734","Ferrell, Nowitzki, Matthews, Powell, Harris",0,6,3,3,3,90.0
21600722,20170130,4,4,DAL,CLE,"1627812 Ferrell, 1717 Nowitzki, 202083 Matthews, 203084 Barnes, 2734 Harris","1627812,1717,202083,203084,2734","Ferrell, Nowitzki, Matthews, Barnes, Harris",0,5,3,3,4,84.0
21600722,20170130,4,5,DAL,CLE,"1627812 Ferrell, 202083 Matthews, 203084 Barnes, 203939 Powell, 2734 Harris","1627812,202083,203084,203939,2734","Ferrell, Matthews, Barnes, Powell, Harris",0,0,0,0,1,7.0
21600722,20170130,4,6,DAL,CLE,"1627812 Ferrell, 202083 Matthews, 203084 Barnes, 203552 Curry, 203939 Powell","1627812,202083,203084,203552,203939","Ferrell, Matthews, Barnes, Curry, Powell",0,3,3,4,4,109.0
21600722,20170130,4,7,DAL,CLE,"1627812 Ferrell, 202083 Matthews, 203084 Barnes, 203552 Curry, 203939 Powell","1627812,202083,203084,203552,203939","Ferrell, Matthews, Barnes, Curry, Powell",0,0,0,2,2,42.0
21600722,20170130,4,8,DAL,CLE,"1627812 Ferrell, 202083 Matthews, 203084 Barnes, 203552 Curry, 203939 Powell","1627812,202083,203084,203552,203939","Ferrell, Matthews, Barnes, Curry, Powell",0,3,0,2,2,43.0
21600722,20170130,4,9,DAL,CLE,"1627812 Ferrell, 1627827 Finney-Smith, 203084 Barnes, 203552 Curry, 203939 Powell","1627812,1627827,203084,203552,203939","Ferrell, Finney-Smith, Barnes, Curry, Powell",0,0,0,1,0,12.0
21600722,20170130,4,10,DAL,CLE,"1627812 Ferrell, 1627827 Finney-Smith, 203084 Barnes, 203552 Curry, 203939 Powell","1627812,1627827,203084,203552,203939","Ferrell, Finney-Smith, Barnes, Curry, Powell",0,2,2,2,2,41.0
21600722,20170130,4,11,DAL,CLE,"1627812 Ferrell, 1627827 Finney-Smith, 203084 Barnes, 203552 Curry, 203939 Powell","1627812,1627827,203084,203552,203939","Ferrell, Finney-Smith, Barnes, Curry, Powell",0,2,3,1,2,48.0
21600722,20170130,4,12,DAL,CLE,"1626147 Anderson, 1627812 Ferrell, 1627827 Finney-Smith, 203552 Curry, 203939 Powell","1626147,1627812,1627827,203552,203939","Anderson, Ferrell, Finney-Smith, Curry, Powell",0,0,7,6,6,151.0
21600736,20170201,1,1,DAL,PHI,"1627812 Ferrell, 1717 Nowitzki, 202083 Matthews, 203084 Barnes, 203552 Curry","1627812,1717,202083,203084,203552","Ferrell, Nowitzki, Matthews, Barnes, Curry",0,4,11,12,11,301.0
21600736,20170201,1,2,DAL,PHI,"1626257 Mejri, 202083 Matthews, 203084 Barnes, 203552 Curry, 2734 Harris","1626257,202083,203084,203552,2734","Mejri, Matthews, Barnes, Curry, Harris",0,3,0,4,2,79.0
21600736,20170201,1,3,DAL,PHI,"1626257 Mejri, 202083 Matthews, 203084 Barnes, 203552 Curry, 2734 Harris","1626257,202083,203084,203552,2734","Mejri, Matthews, Barnes, Curry, Harris",0,5,2,4,3,74.0
21600736,20170201,1,4,DAL,PHI,"1626257 Mejri, 202083 Matthews, 203084 Barnes, 203552 Curry, 2734 Harris","1626257,202083,203084,203552,2734","Mejri, Matthews, Barnes, Curry, Harris",0,4,2,4,3,105.0
21600736,20170201,1,5,DAL,PHI,"1626257 Mejri, 1627812 Ferrell, 1627827 Finney-Smith, 1717 Nowitzki, 2734 Harris","1626257,1627812,1627827,1717,2734","Mejri, Ferrell, Finney-Smith, Nowitzki, Harris",0,2,2,3,3,76.0
21600736,20170201,1,6,DAL,PHI,"1626257 Mejri, 1627812 Ferrell, 1627827 Finney-Smith, 1717 Nowitzki, 2734 Harris","1626257,1627812,1627827,1717,2734","Mejri, Ferrell, Finney-Smith, Nowitzki, Harris",0,2,6,3,2,60.0
21600736,20170201,1,7,DAL,PHI,"1626257 Mejri, 1627812 Ferrell, 1627827 Finney-Smith, 1717 Nowitzki, 2734 Harris","1626257,1627812,1627827,1717,2734","Mejri, Ferrell, Finney-Smith, Nowitzki, Harris",0,0,0,2,0,25.0
21600736,20170201,2,1,DAL,PHI,"1626257 Mejri, 1627812 Ferrell, 1627827 Finney-Smith, 1717 Nowitzki, 2734 Harris","1626257,1627812,1627827,1717,2734","Mejri, Ferrell, Finney-Smith, Nowitzki, Harris",0,0,0,0,1,13.0
21600736,20170201,2,2,DAL,PHI,"1627812 Ferrell, 1627827 Finney-Smith, 1717 Nowitzki, 203552 Curry, 203939 Powell","1627812,1627827,1717,203552,203939","Ferrell, Finney-Smith, Nowitzki, Curry, Powell",0,4,10,6,6,150.0
21600736,20170201,2,3,DAL,PHI,"1627812 Ferrell, 1717 Nowitzki, 202083 Matthews, 203084 Barnes, 203552 Curry","1627812,1717,202083,203084,203552","Ferrell, Nowitzki, Matthews, Barnes, Curry",0,3,0,2,0,18.0
21600736,20170201,2,4,DAL,PHI,"1626257 Mejri, 1627812 Ferrell, 202083 Matthews, 203084 Barnes, 2734 Harris","1626257,1627812,202083,203084,2734","Mejri, Ferrell, Matthews, Barnes, Harris",0,0,0,1,1,30.0
21600736,20170201,2,5,DAL,PHI,"1626257 Mejri, 1627812 Ferrell, 202083 Matthews, 203084 Barnes, 2734 Harris","1626257,1627812,202083,203084,2734","Mejri, Ferrell, Matthews, Barnes, Harris",0,2,0,1,0,9.0
21600736,20170201,2,6,DAL,PHI,"1626257 Mejri, 202083 Matthews, 203084 Barnes, 203552 Curry, 2734 Harris","1626257,202083,203084,203552,2734","Mejri, Matthews, Barnes, Curry, Harris",0,13,6,7,8,174.0
21600736,20170201,2,7,DAL,PHI,"1626257 Mejri, 1627812 Ferrell, 1627827 Finney-Smith, 202083 Matthews, 203084 Barnes","1626257,1627812,1627827,202083,203084","Mejri, Ferrell, Finney-Smith, Matthews, Barnes",0,0,2,2,1,46.0
21600736,20170201,2,8,DAL,PHI,"1627812 Ferrell, 1717 Nowitzki, 202083 Matthews, 203084 Barnes, 203552 Curry","1627812,1717,202083,203084,203552","Ferrell, Nowitzki, Matthews, Barnes, Curry",0,8,6,10,10,280.0
21600736,20170201,3,1,DAL,PHI,"1627812 Ferrell, 1717 Nowitzki, 202083 Matthews, 203084 Barnes, 203552 Curry","1627812,1717,202083,203084,203552","Ferrell, Nowitzki, Matthews, Barnes, Curry",0,0,0,0,1,18.0
21600736,20170201,3,2,DAL,PHI,"1627812 Ferrell, 1717 Nowitzki, 202083 Matthews, 203084 Barnes, 203552 Curry","1627812,1717,202083,203084,203552","Ferrell, Nowitzki, Matthews, Barnes, Curry",0,10,6,8,9,246.0
21600736,20170201,3,3,DAL,PHI,"1626257 Mejri, 1627812 Ferrell, 202083 Matthews, 203084 Barnes, 203552 Curry","1626257,1627812,202083,203084,203552","Mejri, Ferrell, Matthews, Barnes, Curry",0,0,0,0,1,8.0
21600736,20170201,3,4,DAL,PHI,"1626257 Mejri, 202083 Matthews, 203084 Barnes, 203552 Curry, 2734 Harris","1626257,202083,203084,203552,2734","Mejri, Matthews, Barnes, Curry, Harris",0,0,0,0,1,16.0
21600736,20170201,3,5,DAL,PHI,"1626257 Mejri, 202083 Matthews, 203084 Barnes, 203552 Curry, 2734 Harris","1626257,202083,203084,203552,2734","Mejri, Matthews, Barnes, Curry, Harris",0,0,2,0,1,8.0
21600736,20170201,3,6,DAL,PHI,"1626257 Mejri, 202083 Matthews, 203084 Barnes, 203552 Curry, 2734 Harris","1626257,202083,203084,203552,2734","Mejri, Matthews, Barnes, Curry, Harris",0,4,5,5,4,122.0
21600736,20170201,3,7,DAL,PHI,"1627812 Ferrell, 1717 Nowitzki, 202083 Matthews, 203084 Barnes, 2734 Harris","1627812,1717,202083,203084,2734","Ferrell, Nowitzki, Matthews, Barnes, Harris",0,4,4,4,4,128.0
21600736,20170201,3,8,DAL,PHI,"1627812 Ferrell, 1717 Nowitzki, 202083 Matthews, 203939 Powell, 2734 Harris","1627812,1717,202083,203939,2734","Ferrell, Nowitzki, Matthews, Powell, Harris",0,3,1,1,1,31.0
21600736,20170201,3,9,DAL,PHI,"1627812 Ferrell, 1717 Nowitzki, 202083 Matthews, 203939 Powell, 2734 Harris","1627812,1717,202083,203939,2734","Ferrell, Nowitzki, Matthews, Powell, Harris",0,5,2,2,3,50.0
21600736,20170201,3,10,DAL,PHI,"1626257 Mejri, 1627812 Ferrell, 1717 Nowitzki, 202083 Matthews, 2734 Harris","1626257,1627812,1717,202083,2734","Mejri, Ferrell, Nowitzki, Matthews, Harris",0,3,2,2,2,58.9
21600736,20170201,3,11,DAL,PHI,"1626257 Mejri, 1627812 Ferrell, 202083 Matthews, 203084 Barnes, 2734 Harris","1626257,1627812,202083,203084,2734","Mejri, Ferrell, Matthews, Barnes, Harris",0,2,0,2,1,34.1
21600736,20170201,4,1,DAL,PHI,"1626257 Mejri, 1627812 Ferrell, 202083 Matthews, 203084 Barnes, 2734 Harris","1626257,1627812,202083,203084,2734","Mejri, Ferrell, Matthews, Barnes, Harris",0,0,0,1,0,25.0
21600736,20170201,4,2,DAL,PHI,"1626257 Mejri, 1627812 Ferrell, 1627827 Finney-Smith, 1717 Nowitzki, 203552 Curry","1626257,1627812,1627827,1717,203552","Mejri, Ferrell, Finney-Smith, Nowitzki, Curry",0,8,1,5,5,122.0
21600736,20170201,4,3,DAL,PHI,"1626257 Mejri, 1627812 Ferrell, 1627827 Finney-Smith, 1717 Nowitzki, 203552 Curry","1626257,1627812,1627827,1717,203552","Mejri, Ferrell, Finney-Smith, Nowitzki, Curry",0,2,4,4,4,92.0
21600736,20170201,4,4,DAL,PHI,"1626257 Mejri, 1627827 Finney-Smith, 203084 Barnes, 203552 Curry, 2734 Harris","1626257,1627827,203084,203552,2734","Mejri, Finney-Smith, Barnes, Curry, Harris",0,4,0,2,2,39.0
21600736,20170201,4,5,DAL,PHI,"1626257 Mejri, 1627812 Ferrell, 1627827 Finney-Smith, 203084 Barnes, 203552 Curry","1626257,1627812,1627827,203084,203552","Mejri, Ferrell, Finney-Smith, Barnes, Curry",0,0,2,2,2,60.0
21600736,20170201,4,6,DAL,PHI,"1627812 Ferrell, 1627827 Finney-Smith, 203084 Barnes, 203552 Curry, 203939 Powell","1627812,1627827,203084,203552,203939","Ferrell, Finney-Smith, Barnes, Curry, Powell",0,2,2,2,1,34.0
21600736,20170201,4,7,DAL,PHI,"1627812 Ferrell, 1627827 Finney-Smith, 203084 Barnes, 203552 Curry, 203939 Powell","1627812,1627827,203084,203552,203939","Ferrell, Finney-Smith, Barnes, Curry, Powell",0,3,5,4,3,77.0
21600736,20170201,4,8,DAL,PHI,"1626147 Anderson, 1627812 Ferrell, 1627827 Finney-Smith, 1627852 Brussino, 203939 Powell","1626147,1627812,1627827,1627852,203939","Anderson, Ferrell, Finney-Smith, Brussino, Powell",0,13,12,12,11,271.0
21600754,20170203,1,1,DAL,POR,"1627812 Ferrell, 1717 Nowitzki, 202083 Matthews, 203084 Barnes, 203552 Curry","1627812,1717,202083,203084,203552","Ferrell, Nowitzki, Matthews, Barnes, Curry",0,22,8,11,13,380.0
21600754,20170203,1,2,DAL,POR,"1626257 Mejri, 1627812 Ferrell, 1627827 Finney-Smith, 202083 Matthews, 203084 Barnes","1626257,1627812,1627827,202083,203084","Mejri, Ferrell, Finney-Smith, Matthews, Barnes",0,3,2,3,3,57.0
21600754,20170203,1,3,DAL,POR,"1626257 Mejri, 1627827 Finney-Smith, 202083 Matthews, 203084 Barnes, 203552 Curry","1626257,1627827,202083,203084,203552","Mejri, Finney-Smith, Matthews, Barnes, Curry",0,2,0,3,2,61.0
21600754,20170203,1,4,DAL,POR,"1626257 Mejri, 1627827 Finney-Smith, 202083 Matthews, 203084 Barnes, 203552 Curry","1626257,1627827,202083,203084,203552","Mejri, Finney-Smith, Matthews, Barnes, Curry",0,0,0,0,1,11.0
21600754,20170203,1,5,DAL,POR,"1626257 Mejri, 1627812 Ferrell, 1627827 Finney-Smith, 202083 Matthews, 203084 Barnes","1626257,1627812,1627827,202083,203084","Mejri, Ferrell, Finney-Smith, Matthews, Barnes",0,3,3,3,3,71.0
21600754,20170203,1,6,DAL,POR,"1626257 Mejri, 1627812 Ferrell, 1627827 Finney-Smith, 202083 Matthews, 203084 Barnes","1626257,1627812,1627827,202083,203084","Mejri, Ferrell, Finney-Smith, Matthews, Barnes",0,5,2,2,1,45.0
21600754,20170203,1,7,DAL,POR,"1626257 Mejri, 1627812 Ferrell, 1627827 Finney-Smith, 1717 Nowitzki, 202083 Matthews","1626257,1627812,1627827,1717,202083","Mejri, Ferrell, Finney-Smith, Nowitzki, Matthews",0,0,7,2,4,93.7
21600754,20170203,1,8,DAL,POR,"1627812 Ferrell, 1627827 Finney-Smith, 1717 Nowitzki, 202083 Matthews, 203939 Powell","1627812,1627827,1717,202083,203939","Ferrell, Finney-Smith, Nowitzki, Matthews, Powell",0,0,0,0,1,1.3
21600754,20170203,2,1,DAL,POR,"1627812 Ferrell, 1627827 Finney-Smith, 1717 Nowitzki, 202083 Matthews, 203939 Powell","1627812,1627827,1717,202083,203939","Ferrell, Finney-Smith, Nowitzki, Matthews, Powell",0,0,0,1,0,20.0
21600754,20170203,2,2,DAL,POR,"1627812 Ferrell, 1627827 Finney-Smith, 1717 Nowitzki, 203552 Curry, 203939 Powell","1627812,1627827,1717,203552,203939","Ferrell, Finney-Smith, Nowitzki, Curry, Powell",0,6,2,6,6,170.0
21600754,20170203,2,3,DAL,POR,"1627812 Ferrell, 1627827 Finney-Smith, 1717 Nowitzki, 202083 Matthews, 203939 Powell","1627812,1627827,1717,202083,203939","Ferrell, Finney-Smith, Nowitzki, Matthews, Powell",0,3,2,2,3,61.0
21600754,20170203,2,4,DAL,POR,"1627812 Ferrell, 1627827 Finney-Smith, 202083 Matthews, 203084 Barnes, 203939 Powell","1627812,1627827,202083,203084,203939","Ferrell, Finney-Smith, Matthews, Barnes, Powell",0,0,0,0,1,12.0
21600754,20170203,2,5,DAL,POR,"1626257 Mejri, 1627812 Ferrell, 1627827 Finney-Smith, 202083 Matthews, 203084 Barnes","1626257,1627812,1627827,202083,203084","Mejri, Ferrell, Finney-Smith, Matthews, Barnes",0,3,2,3,2,60.0
21600754,20170203,2,6,DAL,POR,"1626147 Anderson, 1626257 Mejri, 1627812 Ferrell, 1627827 Finney-Smith, 203084 Barnes","1626147,1626257,1627812,1627827,203084","Anderson, Mejri, Ferrell, Finney-Smith, Barnes",0,3,0,2,2,37.0
21600754,20170203,2,7,DAL,POR,"1626147 Anderson, 1626257 Mejri, 1627812 Ferrell, 1627827 Finney-Smith, 203084 Barnes","1626147,1626257,1627812,1627827,203084","Anderson, Mejri, Ferrell, Finney-Smith, Barnes",0,2,2,2,3,85.0
21600754,20170203,2,8,DAL,POR,"1626147 Anderson, 1626257 Mejri, 1627812 Ferrell, 1627827 Finney-Smith, 203084 Barnes","1626147,1626257,1627812,1627827,203084","Anderson, Mejri, Ferrell, Finney-Smith, Barnes",0,0,1,0,1,20.0
21600754,20170203,2,9,DAL,POR,"1626147 Anderson, 1626257 Mejri, 1627812 Ferrell, 202083 Matthews, 203084 Barnes","1626147,1626257,1627812,202083,203084","Anderson, Mejri, Ferrell, Matthews, Barnes",0,0,3,3,3,33.0
21600754,20170203,2,10,DAL,POR,"1627812 Ferrell, 1627827 Finney-Smith, 1717 Nowitzki, 202083 Matthews, 203084 Barnes","1627812,1627827,1717,202083,203084","Ferrell, Finney-Smith, Nowitzki, Matthews, Barnes",0,8,9,7,6,185.6
21600754,20170203,2,11,DAL,POR,"1627812 Ferrell, 1627827 Finney-Smith, 202083 Matthews, 203084 Barnes, 203939 Powell","1627812,1627827,202083,203084,203939","Ferrell, Finney-Smith, Matthews, Barnes, Powell",0,0,2,0,3,30.7
21600754,20170203,2,12,DAL,POR,"1627812 Ferrell, 1627827 Finney-Smith, 202083 Matthews, 203084 Barnes, 203939 Powell","1627812,1627827,202083,203084,203939","Ferrell, Finney-Smith, Matthews, Barnes, Powell",0,0,2,0,1,5.7
21600754,20170203,3,1,DAL,POR,"1627812 Ferrell, 1627827 Finney-Smith, 202083 Matthews, 203084 Barnes, 203939 Powell","1627812,1627827,202083,203084,203939","Ferrell, Finney-Smith, Matthews, Barnes, Powell",0,0,0,1,0,14.0
21600754,20170203,3,2,DAL,POR,"1627812 Ferrell, 1717 Nowitzki, 202083 Matthews, 203084 Barnes, 203552 Curry","1627812,1717,202083,203084,203552","Ferrell, Nowitzki, Matthews, Barnes, Curry",0,14,18,12,12,401.0
21600754,20170203,3,3,DAL,POR,"1626257 Mejri, 1627812 Ferrell, 1627827 Finney-Smith, 202083 Matthews, 203084 Barnes","1626257,1627812,1627827,202083,203084","Mejri, Ferrell, Finney-Smith, Matthews, Barnes",0,2,3,3,5,85.0
21600754,20170203,3,4,DAL,POR,"1626257 Mejri, 1627812 Ferrell, 1627827 Finney-Smith, 202083 Matthews, 203084 Barnes","1626257,1627812,1627827,202083,203084","Mejri, Ferrell, Finney-Smith, Matthews, Barnes",0,2,5,3,5,121.0
21600754,20170203,3,5,DAL,POR,"1626257 Mejri, 1627827 Finney-Smith, 1717 Nowitzki, 202083 Matthews, 203552 Curry","1626257,1627827,1717,202083,203552","Mejri, Finney-Smith, Nowitzki, Matthews, Curry",0,6,0,3,4,93.6
21600754,20170203,3,6,DAL,POR,"1626257 Mejri, 1627827 Finney-Smith, 202083 Matthews, 203552 Curry, 203939 Powell","1626257,1627827,202083,203552,203939","Mejri, Finney-Smith, Matthews, Curry, Powell",0,0,3,0,1,5.4
21600754,20170203,4,1,DAL,POR,"1626257 Mejri, 1627827 Finney-Smith, 202083 Matthews, 203552 Curry, 203939 Powell","1626257,1627827,202083,203552,203939","Mejri, Finney-Smith, Matthews, Curry, Powell",0,0,0,0,1,19.0
21600754,20170203,4,2,DAL,POR,"1627812 Ferrell, 1627827 Finney-Smith, 1717 Nowitzki, 203552 Curry, 203939 Powell","1627812,1627827,1717,203552,203939","Ferrell, Finney-Smith, Nowitzki, Curry, Powell",0,3,4,5,5,138.0
21600754,20170203,4,3,DAL,POR,"1627812 Ferrell, 1627827 Finney-Smith, 1717 Nowitzki, 202083 Matthews, 203939 Powell","1627812,1627827,1717,202083,203939","Ferrell, Finney-Smith, Nowitzki, Matthews, Powell",0,0,2,2,1,21.0
21600754,20170203,4,4,DAL,POR,"1627812 Ferrell, 1627827 Finney-Smith, 1717 Nowitzki, 202083 Matthews, 203084 Barnes","1627812,1627827,1717,202083,203084","Ferrell, Finney-Smith, Nowitzki, Matthews, Barnes",0,3,3,2,3,92.0
21600754,20170203,4,5,DAL,POR,"1626257 Mejri, 1627827 Finney-Smith, 202083 Matthews, 203084 Barnes, 203552 Curry","1626257,1627827,202083,203084,203552","Mejri, Finney-Smith, Matthews, Barnes, Curry",0,0,0,1,1,14.0
21600754,20170203,4,6,DAL,POR,"1626257 Mejri, 1627827 Finney-Smith, 202083 Matthews, 203084 Barnes, 203552 Curry","1626257,1627827,202083,203084,203552","Mejri, Finney-Smith, Matthews, Barnes, Curry",0,2,0,3,3,70.0
21600754,20170203,4,7,DAL,POR,"1626257 Mejri, 1627827 Finney-Smith, 202083 Matthews, 203084 Barnes, 203552 Curry","1626257,1627827,202083,203084,203552","Mejri, Finney-Smith, Matthews, Barnes, Curry",0,0,4,2,4,92.0
21600754,20170203,4,8,DAL,POR,"1627827 Finney-Smith, 1717 Nowitzki, 202083 Matthews, 203084 Barnes, 203552 Curry","1627827,1717,202083,203084,203552","Finney-Smith, Nowitzki, Matthews, Barnes, Curry",0,3,5,1,2,51.0
21600754,20170203,4,9,DAL,POR,"1627812 Ferrell, 1717 Nowitzki, 202083 Matthews, 203084 Barnes, 203552 Curry","1627812,1717,202083,203084,203552","Ferrell, Nowitzki, Matthews, Barnes, Curry",0,2,2,2,2,48.0
21600754,20170203,4,10,DAL,POR,"1627827 Finney-Smith, 1717 Nowitzki, 202083 Matthews, 203084 Barnes, 203552 Curry","1627827,1717,202083,203084,203552","Finney-Smith, Nowitzki, Matthews, Barnes, Curry",0,5,5,5,5,137.5
21600754,20170203,4,11,DAL,POR,"1627812 Ferrell, 1717 Nowitzki, 202083 Matthews, 203084 Barnes, 203552 Curry","1627812,1717,202083,203084,203552","Ferrell, Nowitzki, Matthews, Barnes, Curry",0,3,0,1,1,18.2
21600754,20170203,4,12,DAL,POR,"1627812 Ferrell, 1627827 Finney-Smith, 202083 Matthews, 203084 Barnes, 203552 Curry","1627812,1627827,202083,203084,203552","Ferrell, Finney-Smith, Matthews, Barnes, Curry",0,0,3,1,1,4.7
21600754,20170203,4,13,DAL,POR,"1627812 Ferrell, 1717 Nowitzki, 202083 Matthews, 203084 Barnes, 203552 Curry","1627812,1717,202083,203084,203552","Ferrell, Nowitzki, Matthews, Barnes, Curry",0,2,0,1,1,0.6
21600754,20170203,4,14,DAL,POR,"1627812 Ferrell, 1627827 Finney-Smith, 202083 Matthews, 203084 Barnes, 203552 Curry","1627812,1627827,202083,203084,203552","Ferrell, Finney-Smith, Matthews, Barnes, Curry",0,1,0,1,2,11.8
21600754,20170203,4,15,DAL,POR,"1627812 Ferrell, 1627827 Finney-Smith, 202083 Matthews, 203084 Barnes, 203552 Curry","1627812,1627827,202083,203084,203552","Ferrell, Finney-Smith, Matthews, Barnes, Curry",0,0,0,0,1,2.2
21600776,20170206,1,1,DAL,DEN,"1626257 Mejri, 1627812 Ferrell, 1717 Nowitzki, 202083 Matthews, 203552 Curry","1626257,1627812,1717,202083,203552","Mejri, Ferrell, Nowitzki, Matthews, Curry",0,15,19,21,20,573.0
21600776,20170206,1,2,DAL,DEN,"1627812 Ferrell, 1627827 Finney-Smith, 1717 Nowitzki, 203939 Powell, 2734 Harris","1627812,1627827,1717,203939,2734","Ferrell, Finney-Smith, Nowitzki, Powell, Harris",0,2,3,3,4,63.0
21600776,20170206,1,3,DAL,DEN,"1627812 Ferrell, 1627827 Finney-Smith, 1717 Nowitzki, 202083 Matthews, 203939 Powell","1627812,1627827,1717,202083,203939","Ferrell, Finney-Smith, Nowitzki, Matthews, Powell",0,3,3,2,2,64.7
21600776,20170206,1,4,DAL,DEN,"1626147 Anderson, 1627812 Ferrell, 1627827 Finney-Smith, 202083 Matthews, 203939 Powell","1626147,1627812,1627827,202083,203939","Anderson, Ferrell, Finney-Smith, Matthews, Powell",0,0,2,0,1,19.3
21600776,20170206,2,1,DAL,DEN,"1626147 Anderson, 1627812 Ferrell, 1627827 Finney-Smith, 202083 Matthews, 203939 Powell","1626147,1627812,1627827,202083,203939","Anderson, Ferrell, Finney-Smith, Matthews, Powell",0,0,0,0,1,21.0
21600776,20170206,2,2,DAL,DEN,"1627812 Ferrell, 1627827 Finney-Smith, 1717 Nowitzki, 203939 Powell, 2734 Harris","1627812,1627827,1717,203939,2734","Ferrell, Finney-Smith, Nowitzki, Powell, Harris",0,0,1,0,1,1.0
21600776,20170206,2,3,DAL,DEN,"1626257 Mejri, 1627812 Ferrell, 1627827 Finney-Smith, 1717 Nowitzki, 2734 Harris","1626257,1627812,1627827,1717,2734","Mejri, Ferrell, Finney-Smith, Nowitzki, Harris",0,2,6,5,6,135.0
21600776,20170206,2,4,DAL,DEN,"1626147 Anderson, 1626257 Mejri, 1627812 Ferrell, 1717 Nowitzki, 2734 Harris","1626147,1626257,1627812,1717,2734","Anderson, Mejri, Ferrell, Nowitzki, Harris",0,0,0,2,2,44.0
21600776,20170206,2,5,DAL,DEN,"1626147 Anderson, 1626257 Mejri, 1627812 Ferrell, 1717 Nowitzki, 2734 Harris","1626147,1626257,1627812,1717,2734","Anderson, Mejri, Ferrell, Nowitzki, Harris",0,2,2,2,2,31.0
21600776,20170206,2,6,DAL,DEN,"1626147 Anderson, 1626257 Mejri, 1627812 Ferrell, 203084 Barnes, 203552 Curry","1626147,1626257,1627812,203084,203552","Anderson, Mejri, Ferrell, Barnes, Curry",0,0,2,0,1,14.0
21600776,20170206,2,7,DAL,DEN,"1626147 Anderson, 1626257 Mejri, 202083 Matthews, 203084 Barnes, 203552 Curry","1626147,1626257,202083,203084,203552","Anderson, Mejri, Matthews, Barnes, Curry",0,0,2,2,1,30.0
21600776,20170206,2,8,DAL,DEN,"1626147 Anderson, 202083 Matthews, 203084 Barnes, 203552 Curry, 203939 Powell","1626147,202083,203084,203552,203939","Anderson, Matthews, Barnes, Curry, Powell",0,5,3,3,4,107.0
21600776,20170206,2,9,DAL,DEN,"1626147 Anderson, 202083 Matthews, 203084 Barnes, 203552 Curry, 203939 Powell","1626147,202083,203084,203552,203939","Anderson, Matthews, Barnes, Curry, Powell",0,3,2,4,4,118.0
21600776,20170206,2,10,DAL,DEN,"1626147 Anderson, 1717 Nowitzki, 202083 Matthews, 203084 Barnes, 203552 Curry","1626147,1717,202083,203084,203552","Anderson, Nowitzki, Matthews, Barnes, Curry",0,0,2,2,2,55.0
21600776,20170206,2,11,DAL,DEN,"1626147 Anderson, 1717 Nowitzki, 202083 Matthews, 203084 Barnes, 203552 Curry","1626147,1717,202083,203084,203552","Anderson, Nowitzki, Matthews, Barnes, Curry",0,1,0,1,0,15.0
21600776,20170206,2,12,DAL,DEN,"1627812 Ferrell, 1717 Nowitzki, 202083 Matthews, 203084 Barnes, 203552 Curry","1627812,1717,202083,203084,203552","Ferrell, Nowitzki, Matthews, Barnes, Curry",0,0,8,3,4,78.0
21600776,20170206,2,13,DAL,DEN,"1627812 Ferrell, 202083 Matthews, 203084 Barnes, 203552 Curry, 203939 Powell","1627812,202083,203084,203552,203939","Ferrell, Matthews, Barnes, Curry, Powell",0,0,0,0,1,13.0
21600776,20170206,2,14,DAL,DEN,"1627812 Ferrell, 202083 Matthews, 203084 Barnes, 203552 Curry, 203939 Powell","1627812,202083,203084,203552,203939","Ferrell, Matthews, Barnes, Curry, Powell",0,0,2,2,2,58.0
21600776,20170206,3,1,DAL,DEN,"1627812 Ferrell, 202083 Matthews, 203084 Barnes, 203552 Curry, 203939 Powell","1627812,202083,203084,203552,203939","Ferrell, Matthews, Barnes, Curry, Powell",0,0,0,0,1,16.0
21600776,20170206,3,2,DAL,DEN,"1627812 Ferrell, 1717 Nowitzki, 202083 Matthews, 203084 Barnes, 203552 Curry","1627812,1717,202083,203084,203552","Ferrell, Nowitzki, Matthews, Barnes, Curry",0,19,17,12,14,338.0
21600776,20170206,3,3,DAL,DEN,"202083 Matthews, 203084 Barnes, 203552 Curry, 203939 Powell, 2734 Harris","202083,203084,203552,203939,2734","Matthews, Barnes, Curry, Powell, Harris",0,4,2,4,4,112.0
21600776,20170206,3,4,DAL,DEN,"202083 Matthews, 203084 Barnes, 203552 Curry, 203939 Powell, 2734 Harris","202083,203084,203552,203939,2734","Matthews, Barnes, Curry, Powell, Harris",0,3,0,3,2,68.0
21600776,20170206,3,5,DAL,DEN,"202083 Matthews, 203084 Barnes, 203552 Curry, 203939 Powell, 2734 Harris","202083,203084,203552,203939,2734","Matthews, Barnes, Curry, Powell, Harris",0,0,0,1,1,13.0
21600776,20170206,3,6,DAL,DEN,"1627812 Ferrell, 1627827 Finney-Smith, 1717 Nowitzki, 203939 Powell, 2734 Harris","1627812,1627827,1717,203939,2734","Ferrell, Finney-Smith, Nowitzki, Powell, Harris",0,4,4,5,6,173.0
21600776,20170206,4,1,DAL,DEN,"1627812 Ferrell, 1627827 Finney-Smith, 1717 Nowitzki, 203939 Powell, 2734 Harris","1627812,1627827,1717,203939,2734","Ferrell, Finney-Smith, Nowitzki, Powell, Harris",0,4,0,2,4,70.0
21600776,20170206,4,2,DAL,DEN,"1627812 Ferrell, 1627827 Finney-Smith, 1717 Nowitzki, 203939 Powell, 2734 Harris","1627812,1627827,1717,203939,2734","Ferrell, Finney-Smith, Nowitzki, Powell, Harris",0,0,3,1,2,37.0
21600776,20170206,4,3,DAL,DEN,"1627812 Ferrell, 202083 Matthews, 203084 Barnes, 203552 Curry, 203939 Powell","1627812,202083,203084,203552,203939","Ferrell, Matthews, Barnes, Curry, Powell",0,2,0,2,2,35.0
21600776,20170206,4,4,DAL,DEN,"1627812 Ferrell, 202083 Matthews, 203084 Barnes, 203552 Curry, 203939 Powell","1627812,202083,203084,203552,203939","Ferrell, Matthews, Barnes, Curry, Powell",0,4,5,7,6,236.0
21600776,20170206,4,5,DAL,DEN,"1627812 Ferrell, 202083 Matthews, 203084 Barnes, 203552 Curry, 203939 Powell","1627812,202083,203084,203552,203939","Ferrell, Matthews, Barnes, Curry, Powell",0,0,0,2,2,50.0
21600776,20170206,4,6,DAL,DEN,"1626147 Anderson, 1627812 Ferrell, 202083 Matthews, 203084 Barnes, 203552 Curry","1626147,1627812,202083,203084,203552","Anderson, Ferrell, Matthews, Barnes, Curry",0,0,5,2,2,40.0
21600776,20170206,4,7,DAL,DEN,"1626147 Anderson, 1627812 Ferrell, 1627827 Finney-Smith, 203084 Barnes, 203552 Curry","1626147,1627812,1627827,203084,203552","Anderson, Ferrell, Finney-Smith, Barnes, Curry",0,3,3,2,2,76.0
21600776,20170206,4,8,DAL,DEN,"1626147 Anderson, 1627812 Ferrell, 1627827 Finney-Smith, 203084 Barnes, 203552 Curry","1626147,1627812,1627827,203084,203552","Anderson, Ferrell, Finney-Smith, Barnes, Curry",0,0,1,0,1,16.0
21600776,20170206,4,9,DAL,DEN,"1626147 Anderson, 1627812 Ferrell, 1627827 Finney-Smith, 1627852 Brussino, 203939 Powell","1626147,1627812,1627827,1627852,203939","Anderson, Ferrell, Finney-Smith, Brussino, Powell",0,2,5,3,2,63.0
21600776,20170206,4,10,DAL,DEN,"1626147 Anderson, 1627812 Ferrell, 1627827 Finney-Smith, 1627852 Brussino, 203939 Powell","1626147,1627812,1627827,1627852,203939","Anderson, Ferrell, Finney-Smith, Brussino, Powell",0,5,6,4,4,97.0
21600781,20170207,1,1,DAL,POR,"1626257 Mejri, 1717 Nowitzki, 202083 Matthews, 203084 Barnes, 203552 Curry","1626257,1717,202083,203084,203552","Mejri, Nowitzki, Matthews, Barnes, Curry",0,10,15,8,10,284.0
21600781,20170207,1,2,DAL,POR,"1626257 Mejri, 202083 Matthews, 203084 Barnes, 203552 Curry, 2734 Harris","1626257,202083,203084,203552,2734","Mejri, Matthews, Barnes, Curry, Harris",0,3,2,5,6,151.0
21600781,20170207,1,3,DAL,POR,"1626257 Mejri, 202083 Matthews, 203084 Barnes, 203552 Curry, 2734 Harris","1626257,202083,203084,203552,2734","Mejri, Matthews, Barnes, Curry, Harris",0,3,4,4,3,63.0
21600781,20170207,1,4,DAL,POR,"1626257 Mejri, 1627812 Ferrell, 1717 Nowitzki, 202083 Matthews, 2734 Harris","1626257,1627812,1717,202083,2734","Mejri, Ferrell, Nowitzki, Matthews, Harris",0,2,0,1,0,17.0
21600781,20170207,1,5,DAL,POR,"1626257 Mejri, 1627812 Ferrell, 1627827 Finney-Smith, 1717 Nowitzki, 2734 Harris","1626257,1627812,1627827,1717,2734","Mejri, Ferrell, Finney-Smith, Nowitzki, Harris",0,9,11,7,9,205.0
21600781,20170207,2,1,DAL,POR,"1626257 Mejri, 1627812 Ferrell, 1627827 Finney-Smith, 1717 Nowitzki, 2734 Harris","1626257,1627812,1627827,1717,2734","Mejri, Ferrell, Finney-Smith, Nowitzki, Harris",0,0,0,1,0,14.0
21600781,20170207,2,2,DAL,POR,"1627812 Ferrell, 1627827 Finney-Smith, 1717 Nowitzki, 202083 Matthews, 203939 Powell","1627812,1627827,1717,202083,203939","Ferrell, Finney-Smith, Nowitzki, Matthews, Powell",0,10,5,6,6,173.0
21600781,20170207,2,3,DAL,POR,"1627827 Finney-Smith, 202083 Matthews, 203084 Barnes, 203552 Curry, 203939 Powell","1627827,202083,203084,203552,203939","Finney-Smith, Matthews, Barnes, Curry, Powell",0,1,4,3,3,97.0
21600781,20170207,2,4,DAL,POR,"1627827 Finney-Smith, 202083 Matthews, 203084 Barnes, 203552 Curry, 203939 Powell","1627827,202083,203084,203552,203939","Finney-Smith, Matthews, Barnes, Curry, Powell",0,4,7,5,4,145.0
21600781,20170207,2,5,DAL,POR,"1627827 Finney-Smith, 1717 Nowitzki, 203084 Barnes, 203552 Curry, 2734 Harris","1627827,1717,203084,203552,2734","Finney-Smith, Nowitzki, Barnes, Curry, Harris",0,0,0,1,1,28.0
21600781,20170207,2,6,DAL,POR,"1627827 Finney-Smith, 1717 Nowitzki, 203084 Barnes, 203552 Curry, 2734 Harris","1627827,1717,203084,203552,2734","Finney-Smith, Nowitzki, Barnes, Curry, Harris",0,2,4,2,3,72.0
21600781,20170207,2,7,DAL,POR,"1627812 Ferrell, 1717 Nowitzki, 202083 Matthews, 203084 Barnes, 2734 Harris","1627812,1717,202083,203084,2734","Ferrell, Nowitzki, Matthews, Barnes, Harris",0,4,8,4,4,121.0
21600781,20170207,2,8,DAL,POR,"1627812 Ferrell, 1717 Nowitzki, 202083 Matthews, 203084 Barnes, 2734 Harris","1627812,1717,202083,203084,2734","Ferrell, Nowitzki, Matthews, Barnes, Harris",0,2,2,2,3,52.2
21600781,20170207,2,9,DAL,POR,"1627812 Ferrell, 1627827 Finney-Smith, 202083 Matthews, 203084 Barnes, 2734 Harris","1627812,1627827,202083,203084,2734","Ferrell, Finney-Smith, Matthews, Barnes, Harris",0,3,2,1,1,17.8
21600781,20170207,3,1,DAL,POR,"1627812 Ferrell, 1627827 Finney-Smith, 202083 Matthews, 203084 Barnes, 2734 Harris","1627812,1627827,202083,203084,2734","Ferrell, Finney-Smith, Matthews, Barnes, Harris",0,0,0,1,0,12.0
21600781,20170207,3,2,DAL,POR,"1627812 Ferrell, 1717 Nowitzki, 202083 Matthews, 203084 Barnes, 203552 Curry","1627812,1717,202083,203084,203552","Ferrell, Nowitzki, Matthews, Barnes, Curry",0,10,6,6,7,184.0
21600781,20170207,3,3,DAL,POR,"1627812 Ferrell, 1717 Nowitzki, 202083 Matthews, 203084 Barnes, 2734 Harris","1627812,1717,202083,203084,2734","Ferrell, Nowitzki, Matthews, Barnes, Harris",0,2,3,3,3,54.0
21600781,20170207,3,4,DAL,POR,"1627812 Ferrell, 1717 Nowitzki, 202083 Matthews, 203084 Barnes, 2734 Harris","1627812,1717,202083,203084,2734","Ferrell, Nowitzki, Matthews, Barnes, Harris",0,7,4,6,5,162.0
21600781,20170207,3,5,DAL,POR,"1626257 Mejri, 202083 Matthews, 203084 Barnes, 203552 Curry, 2734 Harris","1626257,202083,203084,203552,2734","Mejri, Matthews, Barnes, Curry, Harris",0,6,4,7,5,181.0
21600781,20170207,3,6,DAL,POR,"1626257 Mejri, 202083 Matthews, 203084 Barnes, 203552 Curry, 2734 Harris","1626257,202083,203084,203552,2734","Mejri, Matthews, Barnes, Curry, Harris",0,0,2,3,2,50.0
21600781,20170207,3,7,DAL,POR,"1626257 Mejri, 1627812 Ferrell, 1627827 Finney-Smith, 1717 Nowitzki, 203552 Curry","1626257,1627812,1627827,1717,203552","Mejri, Ferrell, Finney-Smith, Nowitzki, Curry",0,2,0,2,2,45.9
21600781,20170207,3,8,DAL,POR,"1626257 Mejri, 1627812 Ferrell, 1627827 Finney-Smith, 203084 Barnes, 203552 Curry","1626257,1627812,1627827,203084,203552","Mejri, Ferrell, Finney-Smith, Barnes, Curry",0,2,3,1,1,31.1
21600781,20170207,4,1,DAL,POR,"1626257 Mejri, 1627812 Ferrell, 1627827 Finney-Smith, 203084 Barnes, 203552 Curry","1626257,1627812,1627827,203084,203552","Mejri, Ferrell, Finney-Smith, Barnes, Curry",0,0,0,0,1,14.0
21600781,20170207,4,2,DAL,POR,"1626257 Mejri, 1627812 Ferrell, 1627827 Finney-Smith, 1717 Nowitzki, 203552 Curry","1626257,1627812,1627827,1717,203552","Mejri, Ferrell, Finney-Smith, Nowitzki, Curry",0,7,2,3,3,76.0
21600781,20170207,4,3,DAL,POR,"1626257 Mejri, 1627812 Ferrell, 1627827 Finney-Smith, 1717 Nowitzki, 203552 Curry","1626257,1627812,1627827,1717,203552","Mejri, Ferrell, Finney-Smith, Nowitzki, Curry",0,0,4,2,3,72.0
21600781,20170207,4,4,DAL,POR,"1626257 Mejri, 1627812 Ferrell, 1627827 Finney-Smith, 1717 Nowitzki, 203552 Curry","1626257,1627812,1627827,1717,203552","Mejri, Ferrell, Finney-Smith, Nowitzki, Curry",0,0,2,1,1,3.0
21600781,20170207,4,5,DAL,POR,"1627812 Ferrell, 1717 Nowitzki, 202083 Matthews, 203084 Barnes, 203552 Curry","1627812,1717,202083,203084,203552","Ferrell, Nowitzki, Matthews, Barnes, Curry",0,0,7,4,3,116.0
21600781,20170207,4,6,DAL,POR,"1627812 Ferrell, 202083 Matthews, 203084 Barnes, 203939 Powell, 2734 Harris","1627812,202083,203084,203939,2734","Ferrell, Matthews, Barnes, Powell, Harris",0,0,0,1,0,18.0
21600781,20170207,4,7,DAL,POR,"1627812 Ferrell, 202083 Matthews, 203084 Barnes, 203939 Powell, 2734 Harris","1627812,202083,203084,203939,2734","Ferrell, Matthews, Barnes, Powell, Harris",0,6,0,3,3,81.0
21600781,20170207,4,8,DAL,POR,"1627812 Ferrell, 202083 Matthews, 203084 Barnes, 203939 Powell, 2734 Harris","1627812,202083,203084,203939,2734","Ferrell, Matthews, Barnes, Powell, Harris",0,4,0,3,3,70.0
21600781,20170207,4,9,DAL,POR,"1627812 Ferrell, 202083 Matthews, 203084 Barnes, 203939 Powell, 2734 Harris","1627812,202083,203084,203939,2734","Ferrell, Matthews, Barnes, Powell, Harris",0,3,2,5,3,84.0
21600781,20170207,4,10,DAL,POR,"1627812 Ferrell, 1717 Nowitzki, 202083 Matthews, 203084 Barnes, 2734 Harris","1627812,1717,202083,203084,2734","Ferrell, Nowitzki, Matthews, Barnes, Harris",0,1,0,1,0,17.0
21600781,20170207,4,11,DAL,POR,"1627812 Ferrell, 202083 Matthews, 203084 Barnes, 203939 Powell, 2734 Harris","1627812,202083,203084,203939,2734","Ferrell, Matthews, Barnes, Powell, Harris",0,0,0,3,2,54.0
21600781,20170207,4,12,DAL,POR,"1627812 Ferrell, 1717 Nowitzki, 202083 Matthews, 203084 Barnes, 2734 Harris","1627812,1717,202083,203084,2734","Ferrell, Nowitzki, Matthews, Barnes, Harris",0,5,4,4,4,76.1
21600781,20170207,4,13,DAL,POR,"1627812 Ferrell, 1627827 Finney-Smith, 202083 Matthews, 203084 Barnes, 2734 Harris","1627812,1627827,202083,203084,2734","Ferrell, Finney-Smith, Matthews, Barnes, Harris",0,2,5,1,3,26.6
21600781,20170207,4,14,DAL,POR,"1627812 Ferrell, 1717 Nowitzki, 202083 Matthews, 203084 Barnes, 2734 Harris","1627812,1717,202083,203084,2734","Ferrell, Nowitzki, Matthews, Barnes, Harris",0,3,0,1,1,8.4
21600781,20170207,4,15,DAL,POR,"1627812 Ferrell, 1627827 Finney-Smith, 202083 Matthews, 203084 Barnes, 2734 Harris","1627812,1627827,202083,203084,2734","Ferrell, Finney-Smith, Matthews, Barnes, Harris",0,0,2,0,1,3.9
21600797,20170209,1,1,DAL,UTA,"1627812 Ferrell, 1717 Nowitzki, 202083 Matthews, 203084 Barnes, 203552 Curry","1627812,1717,202083,203084,203552","Ferrell, Nowitzki, Matthews, Barnes, Curry",0,7,12,10,10,304.0
21600797,20170209,1,2,DAL,UTA,"1627812 Ferrell, 1627827 Finney-Smith, 1717 Nowitzki, 203084 Barnes, 203552 Curry","1627812,1627827,1717,203084,203552","Ferrell, Finney-Smith, Nowitzki, Barnes, Curry",0,0,2,3,3,97.0
21600797,20170209,1,3,DAL,UTA,"1626257 Mejri, 1627827 Finney-Smith, 203084 Barnes, 203552 Curry, 2734 Harris","1626257,1627827,203084,203552,2734","Mejri, Finney-Smith, Barnes, Curry, Harris",0,4,4,4,5,116.0
21600797,20170209,1,4,DAL,UTA,"1626257 Mejri, 1627827 Finney-Smith, 203084 Barnes, 203552 Curry, 2734 Harris","1626257,1627827,203084,203552,2734","Mejri, Finney-Smith, Barnes, Curry, Harris",0,2,0,1,2,36.0
21600797,20170209,1,5,DAL,UTA,"1626257 Mejri, 1627827 Finney-Smith, 203084 Barnes, 203552 Curry, 2734 Harris","1626257,1627827,203084,203552,2734","Mejri, Finney-Smith, Barnes, Curry, Harris",0,6,0,3,4,108.5
21600797,20170209,1,6,DAL,UTA,"1626257 Mejri, 1627812 Ferrell, 1717 Nowitzki, 202083 Matthews, 2734 Harris","1626257,1627812,1717,202083,2734","Mejri, Ferrell, Nowitzki, Matthews, Harris",0,1,2,2,3,54.5
21600797,20170209,1,7,DAL,UTA,"1626257 Mejri, 1627812 Ferrell, 202083 Matthews, 203939 Powell, 2734 Harris","1626257,1627812,202083,203939,2734","Mejri, Ferrell, Matthews, Powell, Harris",0,0,3,0,1,4.0
21600797,20170209,2,1,DAL,UTA,"1626257 Mejri, 1627812 Ferrell, 202083 Matthews, 203939 Powell, 2734 Harris","1626257,1627812,202083,203939,2734","Mejri, Ferrell, Matthews, Powell, Harris",0,4,2,7,6,221.0
21600797,20170209,2,2,DAL,UTA,"202083 Matthews, 203084 Barnes, 203552 Curry, 203939 Powell, 2734 Harris","202083,203084,203552,203939,2734","Matthews, Barnes, Curry, Powell, Harris",0,2,2,3,3,100.0
21600797,20170209,2,3,DAL,UTA,"202083 Matthews, 203084 Barnes, 203552 Curry, 203939 Powell, 2734 Harris","202083,203084,203552,203939,2734","Matthews, Barnes, Curry, Powell, Harris",0,0,3,1,1,13.0
21600797,20170209,2,4,DAL,UTA,"1626257 Mejri, 202083 Matthews, 203084 Barnes, 203552 Curry, 2734 Harris","1626257,202083,203084,203552,2734","Mejri, Matthews, Barnes, Curry, Harris",0,2,8,4,3,120.0
21600797,20170209,2,5,DAL,UTA,"1717 Nowitzki, 202083 Matthews, 203084 Barnes, 203552 Curry, 2734 Harris","1717,202083,203084,203552,2734","Nowitzki, Matthews, Barnes, Curry, Harris",0,0,5,2,2,68.0
21600797,20170209,2,6,DAL,UTA,"1627812 Ferrell, 1717 Nowitzki, 202083 Matthews, 203084 Barnes, 203552 Curry","1627812,1717,202083,203084,203552","Ferrell, Nowitzki, Matthews, Barnes, Curry",0,10,11,7,6,198.0
21600797,20170209,3,1,DAL,UTA,"1627812 Ferrell, 1717 Nowitzki, 202083 Matthews, 203084 Barnes, 203552 Curry","1627812,1717,202083,203084,203552","Ferrell, Nowitzki, Matthews, Barnes, Curry",0,0,0,1,0,19.0
21600797,20170209,3,2,DAL,UTA,"1627812 Ferrell, 1717 Nowitzki, 202083 Matthews, 203084 Barnes, 203552 Curry","1627812,1717,202083,203084,203552","Ferrell, Nowitzki, Matthews, Barnes, Curry",0,6,11,8,9,209.0
21600797,20170209,3,3,DAL,UTA,"1717 Nowitzki, 202083 Matthews, 203084 Barnes, 203552 Curry, 2734 Harris","1717,202083,203084,203552,2734","Nowitzki, Matthews, Barnes, Curry, Harris",0,2,6,4,3,88.0
21600797,20170209,3,4,DAL,UTA,"1626147 Anderson, 1717 Nowitzki, 202083 Matthews, 203084 Barnes, 2734 Harris","1626147,1717,202083,203084,2734","Anderson, Nowitzki, Matthews, Barnes, Harris",0,8,3,5,4,106.0
21600797,20170209,3,5,DAL,UTA,"1626147 Anderson, 1717 Nowitzki, 202083 Matthews, 203084 Barnes, 2734 Harris","1626147,1717,202083,203084,2734","Anderson, Nowitzki, Matthews, Barnes, Harris",0,2,0,1,1,8.0
21600797,20170209,3,6,DAL,UTA,"1626147 Anderson, 1626257 Mejri, 202083 Matthews, 203084 Barnes, 2734 Harris","1626147,1626257,202083,203084,2734","Anderson, Mejri, Matthews, Barnes, Harris",0,4,2,4,4,128.0
21600797,20170209,3,7,DAL,UTA,"1626147 Anderson, 1626257 Mejri, 202083 Matthews, 203084 Barnes, 2734 Harris","1626147,1626257,202083,203084,2734","Anderson, Mejri, Matthews, Barnes, Harris",0,2,2,3,5,91.0
21600797,20170209,3,8,DAL,UTA,"1626147 Anderson, 1626257 Mejri, 1627812 Ferrell, 1717 Nowitzki, 203552 Curry","1626147,1626257,1627812,1717,203552","Anderson, Mejri, Ferrell, Nowitzki, Curry",0,1,0,2,2,53.5
21600797,20170209,3,9,DAL,UTA,"1626147 Anderson, 1626257 Mejri, 1627812 Ferrell, 1717 Nowitzki, 203552 Curry","1626147,1626257,1627812,1717,203552","Anderson, Mejri, Ferrell, Nowitzki, Curry",0,1,0,1,0,16.6
21600797,20170209,3,10,DAL,UTA,"1626147 Anderson, 1627812 Ferrell, 1627827 Finney-Smith, 1717 Nowitzki, 203552 Curry","1626147,1627812,1627827,1717,203552","Anderson, Ferrell, Finney-Smith, Nowitzki, Curry",0,0,0,0,1,0.9
21600797,20170209,4,1,DAL,UTA,"1626147 Anderson, 1627812 Ferrell, 1627827 Finney-Smith, 1717 Nowitzki, 203552 Curry","1626147,1627812,1627827,1717,203552","Anderson, Ferrell, Finney-Smith, Nowitzki, Curry",0,0,0,0,1,20.0
21600797,20170209,4,2,DAL,UTA,"1626147 Anderson, 1627812 Ferrell, 1627827 Finney-Smith, 1717 Nowitzki, 203552 Curry","1626147,1627812,1627827,1717,203552","Anderson, Ferrell, Finney-Smith, Nowitzki, Curry",0,6,2,4,3,94.0
21600797,20170209,4,3,DAL,UTA,"1626147 Anderson, 1627812 Ferrell, 1627827 Finney-Smith, 1717 Nowitzki, 203552 Curry","1626147,1627812,1627827,1717,203552","Anderson, Ferrell, Finney-Smith, Nowitzki, Curry",0,0,1,1,2,28.0
21600797,20170209,4,4,DAL,UTA,"1626147 Anderson, 1627812 Ferrell, 1627827 Finney-Smith, 1717 Nowitzki, 203552 Curry","1626147,1627812,1627827,1717,203552","Anderson, Ferrell, Finney-Smith, Nowitzki, Curry",0,2,0,1,2,49.0
21600797,20170209,4,5,DAL,UTA,"1627812 Ferrell, 1627827 Finney-Smith, 1717 Nowitzki, 202083 Matthews, 203552 Curry","1627812,1627827,1717,202083,203552","Ferrell, Finney-Smith, Nowitzki, Matthews, Curry",0,5,5,2,3,67.0
21600797,20170209,4,6,DAL,UTA,"1717 Nowitzki, 202083 Matthews, 203084 Barnes, 203552 Curry, 2734 Harris","1717,202083,203084,203552,2734","Nowitzki, Matthews, Barnes, Curry, Harris",0,2,0,1,2,44.0
21600797,20170209,4,7,DAL,UTA,"1626257 Mejri, 202083 Matthews, 203084 Barnes, 203552 Curry, 2734 Harris","1626257,202083,203084,203552,2734","Mejri, Matthews, Barnes, Curry, Harris",0,2,0,2,3,42.0
21600797,20170209,4,8,DAL,UTA,"1626257 Mejri, 202083 Matthews, 203084 Barnes, 203552 Curry, 2734 Harris","1626257,202083,203084,203552,2734","Mejri, Matthews, Barnes, Curry, Harris",0,4,6,4,7,137.0
21600797,20170209,4,9,DAL,UTA,"1627812 Ferrell, 1717 Nowitzki, 202083 Matthews, 203084 Barnes, 203552 Curry","1627812,1717,202083,203084,203552","Ferrell, Nowitzki, Matthews, Barnes, Curry",0,0,2,3,4,93.0
21600797,20170209,4,10,DAL,UTA,"1717 Nowitzki, 202083 Matthews, 203084 Barnes, 203552 Curry, 2734 Harris","1717,202083,203084,203552,2734","Nowitzki, Matthews, Barnes, Curry, Harris",0,5,2,3,1,56.0
21600797,20170209,4,11,DAL,UTA,"1717 Nowitzki, 202083 Matthews, 203084 Barnes, 203552 Curry, 2734 Harris","1717,202083,203084,203552,2734","Nowitzki, Matthews, Barnes, Curry, Harris",0,0,0,1,1,14.0
21600797,20170209,4,12,DAL,UTA,"1717 Nowitzki, 202083 Matthews, 203084 Barnes, 203552 Curry, 2734 Harris","1717,202083,203084,203552,2734","Nowitzki, Matthews, Barnes, Curry, Harris",0,2,0,1,1,16.8
21600797,20170209,4,13,DAL,UTA,"202083 Matthews, 203084 Barnes, 203552 Curry, 203939 Powell, 2734 Harris","202083,203084,203552,203939,2734","Matthews, Barnes, Curry, Powell, Harris",0,0,2,1,1,20.2
21600797,20170209,4,14,DAL,UTA,"1717 Nowitzki, 202083 Matthews, 203084 Barnes, 203552 Curry, 2734 Harris","1717,202083,203084,203552,2734","Nowitzki, Matthews, Barnes, Curry, Harris",0,0,2,3,1,17.6
21600797,20170209,4,15,DAL,UTA,"1717 Nowitzki, 202083 Matthews, 203084 Barnes, 203552 Curry, 2734 Harris","1717,202083,203084,203552,2734","Nowitzki, Matthews, Barnes, Curry, Harris",0,4,0,3,1,18.9
21600797,20170209,4,16,DAL,UTA,"1717 Nowitzki, 202083 Matthews, 203084 Barnes, 203552 Curry, 2734 Harris","1717,202083,203084,203552,2734","Nowitzki, Matthews, Barnes, Curry, Harris",0,0,0,1,0,1.5
21600797,20170209,4,17,DAL,UTA,"202083 Matthews, 203084 Barnes, 203552 Curry, 203939 Powell, 2734 Harris","202083,203084,203552,203939,2734","Matthews, Barnes, Curry, Powell, Harris",0,0,0,1,0,1.0
21600797,20170209,5,1,DAL,UTA,"1717 Nowitzki, 202083 Matthews, 203084 Barnes, 203552 Curry, 2734 Harris","1717,202083,203084,203552,2734","Nowitzki, Matthews, Barnes, Curry, Harris",0,0,0,1,0,23.0
21600797,20170209,5,2,DAL,UTA,"1717 Nowitzki, 202083 Matthews, 203084 Barnes, 203552 Curry, 2734 Harris","1717,202083,203084,203552,2734","Nowitzki, Matthews, Barnes, Curry, Harris",0,2,0,2,2,46.0
21600797,20170209,5,3,DAL,UTA,"1717 Nowitzki, 202083 Matthews, 203084 Barnes, 203552 Curry, 2734 Harris","1717,202083,203084,203552,2734","Nowitzki, Matthews, Barnes, Curry, Harris",0,9,5,7,7,196.8
21600797,20170209,5,4,DAL,UTA,"202083 Matthews, 203084 Barnes, 203552 Curry, 203939 Powell, 2734 Harris","202083,203084,203552,203939,2734","Matthews, Barnes, Curry, Powell, Harris",0,0,0,1,1,10.2
21600797,20170209,5,5,DAL,UTA,"202083 Matthews, 203084 Barnes, 203552 Curry, 203939 Powell, 2734 Harris","202083,203084,203552,203939,2734","Matthews, Barnes, Curry, Powell, Harris",0,1,0,1,0,6.7
21600797,20170209,5,6,DAL,UTA,"1627812 Ferrell, 202083 Matthews, 203084 Barnes, 203552 Curry, 203939 Powell","1627812,202083,203084,203552,203939","Ferrell, Matthews, Barnes, Curry, Powell",0,0,0,2,1,17.3
21600814,20170211,1,1,DAL,ORL,"101114 Williams, 1717 Nowitzki, 202083 Matthews, 203084 Barnes, 203552 Curry","101114,1717,202083,203084,203552","Williams, Nowitzki, Matthews, Barnes, Curry",0,9,14,11,12,324.0
21600814,20170211,1,2,DAL,ORL,"101114 Williams, 1626257 Mejri, 202083 Matthews, 203084 Barnes, 203552 Curry","101114,1626257,202083,203084,203552","Williams, Mejri, Matthews, Barnes, Curry",0,3,0,5,6,112.0
21600814,20170211,1,3,DAL,ORL,"1626257 Mejri, 1627812 Ferrell, 202083 Matthews, 203084 Barnes, 203552 Curry","1626257,1627812,202083,203084,203552","Mejri, Ferrell, Matthews, Barnes, Curry",0,0,0,0,1,20.0
21600814,20170211,1,4,DAL,ORL,"1626257 Mejri, 1627812 Ferrell, 202083 Matthews, 203084 Barnes, 203552 Curry","1626257,1627812,202083,203084,203552","Mejri, Ferrell, Matthews, Barnes, Curry",0,7,4,4,5,118.0
21600814,20170211,1,5,DAL,ORL,"1626257 Mejri, 1627812 Ferrell, 1717 Nowitzki, 202083 Matthews, 2734 Harris","1626257,1627812,1717,202083,2734","Mejri, Ferrell, Nowitzki, Matthews, Harris",0,7,2,4,4,108.7
21600814,20170211,1,6,DAL,ORL,"1627812 Ferrell, 1717 Nowitzki, 202083 Matthews, 203939 Powell, 2734 Harris","1627812,1717,202083,203939,2734","Ferrell, Nowitzki, Matthews, Powell, Harris",0,3,3,3,3,37.3
21600814,20170211,2,1,DAL,ORL,"1627812 Ferrell, 1717 Nowitzki, 202083 Matthews, 203939 Powell, 2734 Harris","1627812,1717,202083,203939,2734","Ferrell, Nowitzki, Matthews, Powell, Harris",0,0,0,1,0,7.0
21600814,20170211,2,2,DAL,ORL,"1627812 Ferrell, 1627827 Finney-Smith, 1717 Nowitzki, 203939 Powell, 2734 Harris","1627812,1627827,1717,203939,2734","Ferrell, Finney-Smith, Nowitzki, Powell, Harris",0,8,0,5,5,130.0
21600814,20170211,2,3,DAL,ORL,"1627812 Ferrell, 1627827 Finney-Smith, 1717 Nowitzki, 203552 Curry, 203939 Powell","1627812,1627827,1717,203552,203939","Ferrell, Finney-Smith, Nowitzki, Curry, Powell",0,2,2,2,2,70.0
21600814,20170211,2,4,DAL,ORL,"101114 Williams, 1626257 Mejri, 1627827 Finney-Smith, 203084 Barnes, 203552 Curry","101114,1626257,1627827,203084,203552","Williams, Mejri, Finney-Smith, Barnes, Curry",0,7,6,6,6,171.0
21600814,20170211,2,5,DAL,ORL,"101114 Williams, 1626257 Mejri, 202083 Matthews, 203084 Barnes, 203552 Curry","101114,1626257,202083,203084,203552","Williams, Mejri, Matthews, Barnes, Curry",0,11,4,8,9,247.0
21600814,20170211,2,6,DAL,ORL,"101114 Williams, 1626257 Mejri, 202083 Matthews, 203084 Barnes, 203552 Curry","101114,1626257,202083,203084,203552","Williams, Mejri, Matthews, Barnes, Curry",0,2,0,3,3,90.7
21600814,20170211,2,7,DAL,ORL,"101114 Williams, 1626257 Mejri, 202083 Matthews, 203084 Barnes, 203552 Curry","101114,1626257,202083,203084,203552","Williams, Mejri, Matthews, Barnes, Curry",0,2,0,1,0,4.3
21600814,20170211,3,1,DAL,ORL,"101114 Williams, 1626257 Mejri, 202083 Matthews, 203084 Barnes, 203552 Curry","101114,1626257,202083,203084,203552","Williams, Mejri, Matthews, Barnes, Curry",0,0,0,1,0,15.0
21600814,20170211,3,2,DAL,ORL,"1627812 Ferrell, 1717 Nowitzki, 202083 Matthews, 203084 Barnes, 203552 Curry","1627812,1717,202083,203084,203552","Ferrell, Nowitzki, Matthews, Barnes, Curry",0,11,7,8,8,254.0
21600814,20170211,3,3,DAL,ORL,"1627812 Ferrell, 1717 Nowitzki, 202083 Matthews, 203084 Barnes, 203552 Curry","1627812,1717,202083,203084,203552","Ferrell, Nowitzki, Matthews, Barnes, Curry",0,3,0,1,2,14.0
21600814,20170211,3,4,DAL,ORL,"1627812 Ferrell, 1717 Nowitzki, 202083 Matthews, 203084 Barnes, 2734 Harris","1627812,1717,202083,203084,2734","Ferrell, Nowitzki, Matthews, Barnes, Harris",0,0,0,4,5,115.0
21600814,20170211,3,5,DAL,ORL,"1626257 Mejri, 1627812 Ferrell, 202083 Matthews, 203084 Barnes, 2734 Harris","1626257,1627812,202083,203084,2734","Mejri, Ferrell, Matthews, Barnes, Harris",0,0,0,1,1,28.0
21600814,20170211,3,6,DAL,ORL,"1626147 Anderson, 1626257 Mejri, 1627812 Ferrell, 203084 Barnes, 2734 Harris","1626147,1626257,1627812,203084,2734","Anderson, Mejri, Ferrell, Barnes, Harris",0,2,1,1,1,39.0
21600814,20170211,3,7,DAL,ORL,"1626147 Anderson, 1626257 Mejri, 1627812 Ferrell, 203084 Barnes, 2734 Harris","1626147,1626257,1627812,203084,2734","Anderson, Mejri, Ferrell, Barnes, Harris",0,0,0,1,1,15.0
21600814,20170211,3,8,DAL,ORL,"1626147 Anderson, 1626257 Mejri, 1627812 Ferrell, 203084 Barnes, 2734 Harris","1626147,1626257,1627812,203084,2734","Anderson, Mejri, Ferrell, Barnes, Harris",0,4,3,3,3,95.0
21600814,20170211,3,9,DAL,ORL,"1626147 Anderson, 1626257 Mejri, 1627812 Ferrell, 203084 Barnes, 2734 Harris","1626147,1626257,1627812,203084,2734","Anderson, Mejri, Ferrell, Barnes, Harris",0,2,6,4,4,117.2
21600814,20170211,3,10,DAL,ORL,"1626147 Anderson, 203084 Barnes, 203552 Curry, 203939 Powell, 2734 Harris","1626147,203084,203552,203939,2734","Anderson, Barnes, Curry, Powell, Harris",0,1,0,2,1,27.8
21600814,20170211,4,1,DAL,ORL,"1626147 Anderson, 203084 Barnes, 203552 Curry, 203939 Powell, 2734 Harris","1626147,203084,203552,203939,2734","Anderson, Barnes, Curry, Powell, Harris",0,0,0,0,1,15.0
21600814,20170211,4,2,DAL,ORL,"1626147 Anderson, 1627812 Ferrell, 1627852 Brussino, 203552 Curry, 203939 Powell","1626147,1627812,1627852,203552,203939","Anderson, Ferrell, Brussino, Curry, Powell",0,7,6,5,6,154.0
21600814,20170211,4,3,DAL,ORL,"1626147 Anderson, 1627812 Ferrell, 1627827 Finney-Smith, 1627852 Brussino, 203939 Powell","1626147,1627812,1627827,1627852,203939","Anderson, Ferrell, Finney-Smith, Brussino, Powell",0,4,0,5,6,117.0
21600814,20170211,4,4,DAL,ORL,"1626147 Anderson, 1627812 Ferrell, 1627827 Finney-Smith, 1627852 Brussino, 203939 Powell","1626147,1627812,1627827,1627852,203939","Anderson, Ferrell, Finney-Smith, Brussino, Powell",0,17,22,14,15,434.0
21600826,20170213,1,1,DAL,BOS,"101114 Williams, 1626257 Mejri, 1717 Nowitzki, 202083 Matthews, 203084 Barnes","101114,1626257,1717,202083,203084","Williams, Mejri, Nowitzki, Matthews, Barnes",0,19,17,11,11,397.0
21600826,20170213,1,2,DAL,BOS,"101114 Williams, 1626257 Mejri, 1627812 Ferrell, 202083 Matthews, 203084 Barnes","101114,1626257,1627812,202083,203084","Williams, Mejri, Ferrell, Matthews, Barnes",0,0,3,3,4,79.0
21600826,20170213,1,3,DAL,BOS,"1627812 Ferrell, 202083 Matthews, 203084 Barnes, 203552 Curry, 203939 Powell","1627812,202083,203084,203552,203939","Ferrell, Matthews, Barnes, Curry, Powell",0,0,1,1,2,53.0
21600826,20170213,1,4,DAL,BOS,"1627812 Ferrell, 203084 Barnes, 203552 Curry, 203939 Powell, 2734 Harris","1627812,203084,203552,203939,2734","Ferrell, Barnes, Curry, Powell, Harris",0,7,4,5,4,117.0
21600826,20170213,1,5,DAL,BOS,"1627812 Ferrell, 1717 Nowitzki, 203552 Curry, 203939 Powell, 2734 Harris","1627812,1717,203552,203939,2734","Ferrell, Nowitzki, Curry, Powell, Harris",0,0,0,1,1,20.0
21600826,20170213,1,6,DAL,BOS,"1627812 Ferrell, 1717 Nowitzki, 203552 Curry, 203939 Powell, 2734 Harris","1627812,1717,203552,203939,2734","Ferrell, Nowitzki, Curry, Powell, Harris",0,2,5,2,2,54.0
21600826,20170213,2,1,DAL,BOS,"1627812 Ferrell, 1717 Nowitzki, 203552 Curry, 203939 Powell, 2734 Harris","1627812,1717,203552,203939,2734","Ferrell, Nowitzki, Curry, Powell, Harris",0,0,0,1,0,20.0
21600826,20170213,2,2,DAL,BOS,"1627812 Ferrell, 1627827 Finney-Smith, 1717 Nowitzki, 203939 Powell, 2734 Harris","1627812,1627827,1717,203939,2734","Ferrell, Finney-Smith, Nowitzki, Powell, Harris",0,2,5,3,2,70.0
21600826,20170213,2,3,DAL,BOS,"1627827 Finney-Smith, 1717 Nowitzki, 203552 Curry, 203939 Powell, 2734 Harris","1627827,1717,203552,203939,2734","Finney-Smith, Nowitzki, Curry, Powell, Harris",0,7,9,6,6,172.0
21600826,20170213,2,4,DAL,BOS,"202083 Matthews, 203084 Barnes, 203552 Curry, 203939 Powell, 2734 Harris","202083,203084,203552,203939,2734","Matthews, Barnes, Curry, Powell, Harris",0,2,4,4,4,93.0
21600826,20170213,2,5,DAL,BOS,"101114 Williams, 1626257 Mejri, 1627812 Ferrell, 202083 Matthews, 203084 Barnes","101114,1626257,1627812,202083,203084","Williams, Mejri, Ferrell, Matthews, Barnes",0,3,3,4,3,90.0
21600826,20170213,2,6,DAL,BOS,"101114 Williams, 1626257 Mejri, 1627812 Ferrell, 202083 Matthews, 203084 Barnes","101114,1626257,1627812,202083,203084","Williams, Mejri, Ferrell, Matthews, Barnes",0,0,0,1,0,1.0
21600826,20170213,2,7,DAL,BOS,"101114 Williams, 1626257 Mejri, 1627812 Ferrell, 202083 Matthews, 203084 Barnes","101114,1626257,1627812,202083,203084","Williams, Mejri, Ferrell, Matthews, Barnes",0,4,2,4,4,107.0
21600826,20170213,2,8,DAL,BOS,"101114 Williams, 1626257 Mejri, 1627812 Ferrell, 202083 Matthews, 203084 Barnes","101114,1626257,1627812,202083,203084","Williams, Mejri, Ferrell, Matthews, Barnes",0,4,2,3,4,131.4
21600826,20170213,2,9,DAL,BOS,"101114 Williams, 1626257 Mejri, 1627812 Ferrell, 202083 Matthews, 203084 Barnes","101114,1626257,1627812,202083,203084","Williams, Mejri, Ferrell, Matthews, Barnes",0,0,1,0,1,6.8
21600826,20170213,2,10,DAL,BOS,"1626257 Mejri, 1627812 Ferrell, 202083 Matthews, 203084 Barnes, 203552 Curry","1626257,1627812,202083,203084,203552","Mejri, Ferrell, Matthews, Barnes, Curry",0,0,5,1,2,28.2
21600826,20170213,2,11,DAL,BOS,"1626257 Mejri, 1627812 Ferrell, 202083 Matthews, 203084 Barnes, 203552 Curry","1626257,1627812,202083,203084,203552","Mejri, Ferrell, Matthews, Barnes, Curry",0,0,0,0,0,0.6
21600826,20170213,3,1,DAL,BOS,"1626257 Mejri, 1627812 Ferrell, 202083 Matthews, 203084 Barnes, 203552 Curry","1626257,1627812,202083,203084,203552","Mejri, Ferrell, Matthews, Barnes, Curry",0,0,0,1,0,17.0
21600826,20170213,3,2,DAL,BOS,"1627812 Ferrell, 1717 Nowitzki, 202083 Matthews, 203084 Barnes, 203552 Curry","1627812,1717,202083,203084,203552","Ferrell, Nowitzki, Matthews, Barnes, Curry",0,14,11,12,12,337.0
21600826,20170213,3,3,DAL,BOS,"1717 Nowitzki, 202083 Matthews, 203084 Barnes, 203552 Curry, 2734 Harris","1717,202083,203084,203552,2734","Nowitzki, Matthews, Barnes, Curry, Harris",0,2,2,1,1,26.0
21600826,20170213,3,4,DAL,BOS,"1717 Nowitzki, 202083 Matthews, 203084 Barnes, 203552 Curry, 2734 Harris","1717,202083,203084,203552,2734","Nowitzki, Matthews, Barnes, Curry, Harris",0,2,0,4,2,39.0
21600826,20170213,3,5,DAL,BOS,"1626257 Mejri, 202083 Matthews, 203084 Barnes, 203552 Curry, 2734 Harris","1626257,202083,203084,203552,2734","Mejri, Matthews, Barnes, Curry, Harris",0,2,5,4,5,87.0
21600826,20170213,3,6,DAL,BOS,"1626257 Mejri, 202083 Matthews, 203084 Barnes, 203552 Curry, 2734 Harris","1626257,202083,203084,203552,2734","Mejri, Matthews, Barnes, Curry, Harris",0,8,2,3,3,69.0
21600826,20170213,3,7,DAL,BOS,"1626257 Mejri, 202083 Matthews, 203084 Barnes, 203552 Curry, 2734 Harris","1626257,202083,203084,203552,2734","Mejri, Matthews, Barnes, Curry, Harris",0,0,2,1,2,32.0
21600826,20170213,3,8,DAL,BOS,"1626257 Mejri, 1717 Nowitzki, 202083 Matthews, 203552 Curry, 2734 Harris","1626257,1717,202083,203552,2734","Mejri, Nowitzki, Matthews, Curry, Harris",0,4,0,3,2,81.2
21600826,20170213,3,9,DAL,BOS,"1626257 Mejri, 1717 Nowitzki, 202083 Matthews, 203552 Curry, 2734 Harris","1626257,1717,202083,203552,2734","Mejri, Nowitzki, Matthews, Curry, Harris",0,0,0,1,0,10.1
21600826,20170213,3,10,DAL,BOS,"1626257 Mejri, 1717 Nowitzki, 202083 Matthews, 203552 Curry, 2734 Harris","1626257,1717,202083,203552,2734","Mejri, Nowitzki, Matthews, Curry, Harris",0,0,0,2,0,21.7
21600826,20170213,4,1,DAL,BOS,"1626257 Mejri, 1717 Nowitzki, 202083 Matthews, 203552 Curry, 2734 Harris","1626257,1717,202083,203552,2734","Mejri, Nowitzki, Matthews, Curry, Harris",0,0,0,0,1,14.0
21600826,20170213,4,2,DAL,BOS,"1626257 Mejri, 1627827 Finney-Smith, 1717 Nowitzki, 203552 Curry, 2734 Harris","1626257,1627827,1717,203552,2734","Mejri, Finney-Smith, Nowitzki, Curry, Harris",0,0,0,3,3,37.0
21600826,20170213,4,3,DAL,BOS,"1626257 Mejri, 1627827 Finney-Smith, 1717 Nowitzki, 203552 Curry, 2734 Harris","1626257,1627827,1717,203552,2734","Mejri, Finney-Smith, Nowitzki, Curry, Harris",0,0,0,1,1,16.0
21600826,20170213,4,4,DAL,BOS,"1627812 Ferrell, 1627827 Finney-Smith, 1717 Nowitzki, 203939 Powell, 2734 Harris","1627812,1627827,1717,203939,2734","Ferrell, Finney-Smith, Nowitzki, Powell, Harris",0,5,7,5,6,176.0
21600826,20170213,4,5,DAL,BOS,"1627812 Ferrell, 202083 Matthews, 203084 Barnes, 203552 Curry, 203939 Powell","1627812,202083,203084,203552,203939","Ferrell, Matthews, Barnes, Curry, Powell",0,0,0,0,1,9.0
21600826,20170213,4,6,DAL,BOS,"1627812 Ferrell, 202083 Matthews, 203084 Barnes, 203552 Curry, 203939 Powell","1627812,202083,203084,203552,203939","Ferrell, Matthews, Barnes, Curry, Powell",0,0,2,3,4,116.0
21600826,20170213,4,7,DAL,BOS,"1627812 Ferrell, 202083 Matthews, 203084 Barnes, 203552 Curry, 203939 Powell","1627812,202083,203084,203552,203939","Ferrell, Matthews, Barnes, Curry, Powell",0,2,8,3,3,81.0
21600826,20170213,4,8,DAL,BOS,"1627812 Ferrell, 1717 Nowitzki, 202083 Matthews, 203084 Barnes, 203552 Curry","1627812,1717,202083,203084,203552","Ferrell, Nowitzki, Matthews, Barnes, Curry",0,5,8,6,5,133.0
21600826,20170213,4,9,DAL,BOS,"1627812 Ferrell, 1717 Nowitzki, 202083 Matthews, 203084 Barnes, 203552 Curry","1627812,1717,202083,203084,203552","Ferrell, Nowitzki, Matthews, Barnes, Curry",0,0,0,2,2,30.0
21600826,20170213,4,10,DAL,BOS,"1627812 Ferrell, 1717 Nowitzki, 202083 Matthews, 203084 Barnes, 203552 Curry","1627812,1717,202083,203084,203552","Ferrell, Nowitzki, Matthews, Barnes, Curry",0,2,0,2,2,42.0
21600826,20170213,4,11,DAL,BOS,"1626147 Anderson, 1627812 Ferrell, 1627827 Finney-Smith, 1627852 Brussino, 203939 Powell","1626147,1627812,1627827,1627852,203939","Anderson, Ferrell, Finney-Smith, Brussino, Powell",0,2,3,3,2,66.0
21600839,20170215,1,1,DAL,DET,"101114 Williams, 1627812 Ferrell, 1717 Nowitzki, 202083 Matthews, 203084 Barnes","101114,1627812,1717,202083,203084","Williams, Ferrell, Nowitzki, Matthews, Barnes",0,6,21,15,16,456.0
21600839,20170215,1,2,DAL,DET,"101106 Bogut, 1627812 Ferrell, 202083 Matthews, 203084 Barnes, 2734 Harris","101106,1627812,202083,203084,2734","Bogut, Ferrell, Matthews, Barnes, Harris",0,2,4,2,3,61.0
21600839,20170215,1,3,DAL,DET,"101106 Bogut, 1627812 Ferrell, 202083 Matthews, 203084 Barnes, 2734 Harris","101106,1627812,202083,203084,2734","Bogut, Ferrell, Matthews, Barnes, Harris",0,4,2,4,4,111.0
21600839,20170215,1,4,DAL,DET,"101106 Bogut, 1627812 Ferrell, 202083 Matthews, 203084 Barnes, 2734 Harris","101106,1627812,202083,203084,2734","Bogut, Ferrell, Matthews, Barnes, Harris",0,0,0,3,4,92.0
21600839,20170215,2,1,DAL,DET,"101106 Bogut, 1627812 Ferrell, 202083 Matthews, 203084 Barnes, 2734 Harris","101106,1627812,202083,203084,2734","Bogut, Ferrell, Matthews, Barnes, Harris",0,0,0,1,0,21.0
21600839,20170215,2,2,DAL,DET,"1626257 Mejri, 1627812 Ferrell, 1627827 Finney-Smith, 1717 Nowitzki, 2734 Harris","1626257,1627812,1627827,1717,2734","Mejri, Ferrell, Finney-Smith, Nowitzki, Harris",0,0,2,1,1,27.0
21600839,20170215,2,3,DAL,DET,"101114 Williams, 1626257 Mejri, 1627827 Finney-Smith, 1717 Nowitzki, 2734 Harris","101114,1626257,1627827,1717,2734","Williams, Mejri, Finney-Smith, Nowitzki, Harris",0,2,5,3,3,81.0
21600839,20170215,2,4,DAL,DET,"101114 Williams, 1626257 Mejri, 1627827 Finney-Smith, 1717 Nowitzki, 2734 Harris","101114,1626257,1627827,1717,2734","Williams, Mejri, Finney-Smith, Nowitzki, Harris",0,0,2,1,2,37.0
21600839,20170215,2,5,DAL,DET,"101114 Williams, 1626257 Mejri, 1627812 Ferrell, 1717 Nowitzki, 203552 Curry","101114,1626257,1627812,1717,203552","Williams, Mejri, Ferrell, Nowitzki, Curry",0,4,8,4,4,116.0
21600839,20170215,2,6,DAL,DET,"101114 Williams, 1627812 Ferrell, 1717 Nowitzki, 203552 Curry, 203939 Powell","101114,1627812,1717,203552,203939","Williams, Ferrell, Nowitzki, Curry, Powell",0,0,2,2,1,16.0
21600839,20170215,2,7,DAL,DET,"101106 Bogut, 1627812 Ferrell, 202083 Matthews, 203084 Barnes, 2734 Harris","101106,1627812,202083,203084,2734","Bogut, Ferrell, Matthews, Barnes, Harris",0,4,0,3,3,75.0
21600839,20170215,2,8,DAL,DET,"101106 Bogut, 1627812 Ferrell, 202083 Matthews, 203084 Barnes, 2734 Harris","101106,1627812,202083,203084,2734","Bogut, Ferrell, Matthews, Barnes, Harris",0,0,2,2,2,49.0
21600839,20170215,2,9,DAL,DET,"101106 Bogut, 1627812 Ferrell, 202083 Matthews, 203084 Barnes, 2734 Harris","101106,1627812,202083,203084,2734","Bogut, Ferrell, Matthews, Barnes, Harris",0,2,0,1,0,14.0
21600839,20170215,2,10,DAL,DET,"101106 Bogut, 1627812 Ferrell, 202083 Matthews, 203084 Barnes, 2734 Harris","101106,1627812,202083,203084,2734","Bogut, Ferrell, Matthews, Barnes, Harris",0,1,5,3,3,83.0
21600839,20170215,2,11,DAL,DET,"1627812 Ferrell, 1717 Nowitzki, 202083 Matthews, 203084 Barnes, 2734 Harris","1627812,1717,202083,203084,2734","Ferrell, Nowitzki, Matthews, Barnes, Harris",0,0,1,2,1,24.0
21600839,20170215,2,12,DAL,DET,"101114 Williams, 1717 Nowitzki, 202083 Matthews, 203084 Barnes, 203552 Curry","101114,1717,202083,203084,203552","Williams, Nowitzki, Matthews, Barnes, Curry",0,3,2,3,2,39.0
21600839,20170215,2,13,DAL,DET,"101114 Williams, 1717 Nowitzki, 202083 Matthews, 203084 Barnes, 203552 Curry","101114,1717,202083,203084,203552","Williams, Nowitzki, Matthews, Barnes, Curry",0,2,6,4,4,138.0
21600839,20170215,3,1,DAL,DET,"101114 Williams, 1717 Nowitzki, 202083 Matthews, 203084 Barnes, 203552 Curry","101114,1717,202083,203084,203552","Williams, Nowitzki, Matthews, Barnes, Curry",0,0,0,1,0,13.0
21600839,20170215,3,2,DAL,DET,"101114 Williams, 1717 Nowitzki, 202083 Matthews, 203084 Barnes, 203552 Curry","101114,1717,202083,203084,203552","Williams, Nowitzki, Matthews, Barnes, Curry",0,22,8,11,11,319.0
21600839,20170215,3,3,DAL,DET,"101106 Bogut, 101114 Williams, 202083 Matthews, 203084 Barnes, 203552 Curry","101106,101114,202083,203084,203552","Bogut, Williams, Matthews, Barnes, Curry",0,0,4,5,5,125.0
21600839,20170215,3,4,DAL,DET,"101106 Bogut, 101114 Williams, 202083 Matthews, 203084 Barnes, 203552 Curry","101106,101114,202083,203084,203552","Bogut, Williams, Matthews, Barnes, Curry",0,4,2,6,6,154.0
21600839,20170215,3,5,DAL,DET,"101106 Bogut, 101114 Williams, 202083 Matthews, 203084 Barnes, 203552 Curry","101106,101114,202083,203084,203552","Bogut, Williams, Matthews, Barnes, Curry",0,2,2,4,3,77.5
21600839,20170215,3,6,DAL,DET,"1627812 Ferrell, 1717 Nowitzki, 202083 Matthews, 203084 Barnes, 2734 Harris","1627812,1717,202083,203084,2734","Ferrell, Nowitzki, Matthews, Barnes, Harris",0,0,0,1,1,31.5
21600839,20170215,4,1,DAL,DET,"1627812 Ferrell, 1717 Nowitzki, 202083 Matthews, 203084 Barnes, 2734 Harris","1627812,1717,202083,203084,2734","Ferrell, Nowitzki, Matthews, Barnes, Harris",0,0,0,0,1,21.0
21600839,20170215,4,2,DAL,DET,"1626147 Anderson, 1627812 Ferrell, 1627827 Finney-Smith, 1717 Nowitzki, 2734 Harris","1626147,1627812,1627827,1717,2734","Anderson, Ferrell, Finney-Smith, Nowitzki, Harris",0,10,4,8,8,191.0
21600839,20170215,4,3,DAL,DET,"1626147 Anderson, 1627812 Ferrell, 1627827 Finney-Smith, 1717 Nowitzki, 2734 Harris","1626147,1627812,1627827,1717,2734","Anderson, Ferrell, Finney-Smith, Nowitzki, Harris",0,0,0,1,2,33.0
21600839,20170215,4,4,DAL,DET,"1626147 Anderson, 1627812 Ferrell, 1627827 Finney-Smith, 1717 Nowitzki, 2734 Harris","1626147,1627812,1627827,1717,2734","Anderson, Ferrell, Finney-Smith, Nowitzki, Harris",0,2,4,4,4,99.0
21600839,20170215,4,5,DAL,DET,"101106 Bogut, 101114 Williams, 202083 Matthews, 203084 Barnes, 203552 Curry","101106,101114,202083,203084,203552","Bogut, Williams, Matthews, Barnes, Curry",0,6,6,7,6,194.0
21600839,20170215,4,6,DAL,DET,"101114 Williams, 1717 Nowitzki, 202083 Matthews, 203084 Barnes, 203552 Curry","101114,1717,202083,203084,203552","Williams, Nowitzki, Matthews, Barnes, Curry",0,10,6,7,7,182.0
21600862,20170224,1,1,DAL,MIN,"1627812 Ferrell, 1717 Nowitzki, 202083 Matthews, 203084 Barnes, 203552 Curry","1627812,1717,202083,203084,203552","Ferrell, Nowitzki, Matthews, Barnes, Curry",0,5,4,8,10,238.0
21600862,20170224,1,2,DAL,MIN,"1627827 Finney-Smith, 1717 Nowitzki, 202083 Matthews, 203084 Barnes, 203552 Curry","1627827,1717,202083,203084,203552","Finney-Smith, Nowitzki, Matthews, Barnes, Curry",0,3,4,3,3,58.0
21600862,20170224,1,3,DAL,MIN,"1626257 Mejri, 1627827 Finney-Smith, 202083 Matthews, 203084 Barnes, 203552 Curry","1626257,1627827,202083,203084,203552","Mejri, Finney-Smith, Matthews, Barnes, Curry",0,5,7,7,6,150.0
21600862,20170224,1,4,DAL,MIN,"1626257 Mejri, 1627827 Finney-Smith, 202083 Matthews, 203084 Barnes, 203552 Curry","1626257,1627827,202083,203084,203552","Mejri, Finney-Smith, Matthews, Barnes, Curry",0,2,4,3,2,57.0
21600862,20170224,1,5,DAL,MIN,"1626257 Mejri, 1627812 Ferrell, 1627827 Finney-Smith, 1717 Nowitzki, 2734 Harris","1626257,1627812,1627827,1717,2734","Mejri, Ferrell, Finney-Smith, Nowitzki, Harris",0,1,0,1,0,19.0
21600862,20170224,1,6,DAL,MIN,"1626257 Mejri, 1627812 Ferrell, 1627827 Finney-Smith, 1717 Nowitzki, 2734 Harris","1626257,1627812,1627827,1717,2734","Mejri, Ferrell, Finney-Smith, Nowitzki, Harris",0,0,3,3,3,78.0
21600862,20170224,1,7,DAL,MIN,"1626257 Mejri, 1627812 Ferrell, 1627827 Finney-Smith, 1717 Nowitzki, 2734 Harris","1626257,1627812,1627827,1717,2734","Mejri, Ferrell, Finney-Smith, Nowitzki, Harris",0,6,4,4,3,120.0
21600862,20170224,2,1,DAL,MIN,"1627812 Ferrell, 1627852 Brussino, 1717 Nowitzki, 202083 Matthews, 203939 Powell","1627812,1627852,1717,202083,203939","Ferrell, Brussino, Nowitzki, Matthews, Powell",0,0,0,1,0,17.0
21600862,20170224,2,2,DAL,MIN,"1627812 Ferrell, 1627852 Brussino, 1717 Nowitzki, 202083 Matthews, 203939 Powell","1627812,1627852,1717,202083,203939","Ferrell, Brussino, Nowitzki, Matthews, Powell",0,2,0,3,2,66.0
21600862,20170224,2,3,DAL,MIN,"1627812 Ferrell, 1627852 Brussino, 1717 Nowitzki, 202083 Matthews, 203939 Powell","1627812,1627852,1717,202083,203939","Ferrell, Brussino, Nowitzki, Matthews, Powell",0,0,7,4,4,84.0
21600862,20170224,2,4,DAL,MIN,"1627852 Brussino, 202083 Matthews, 203084 Barnes, 203552 Curry, 203939 Powell","1627852,202083,203084,203552,203939","Brussino, Matthews, Barnes, Curry, Powell",0,1,3,3,2,78.0
21600862,20170224,2,5,DAL,MIN,"1627852 Brussino, 202083 Matthews, 203084 Barnes, 203552 Curry, 203939 Powell","1627852,202083,203084,203552,203939","Brussino, Matthews, Barnes, Curry, Powell",0,0,0,1,0,16.0
21600862,20170224,2,6,DAL,MIN,"1627852 Brussino, 202083 Matthews, 203084 Barnes, 203552 Curry, 203939 Powell","1627852,202083,203084,203552,203939","Brussino, Matthews, Barnes, Curry, Powell",0,2,2,2,3,50.0
21600862,20170224,2,7,DAL,MIN,"1626257 Mejri, 1627852 Brussino, 202083 Matthews, 203084 Barnes, 203552 Curry","1626257,1627852,202083,203084,203552","Mejri, Brussino, Matthews, Barnes, Curry",0,2,2,3,4,116.0
21600862,20170224,2,8,DAL,MIN,"1626257 Mejri, 1627852 Brussino, 202083 Matthews, 203084 Barnes, 203552 Curry","1626257,1627852,202083,203084,203552","Mejri, Brussino, Matthews, Barnes, Curry",0,2,0,1,2,44.0
21600862,20170224,2,9,DAL,MIN,"1626257 Mejri, 1627852 Brussino, 202083 Matthews, 203084 Barnes, 203552 Curry","1626257,1627852,202083,203084,203552","Mejri, Brussino, Matthews, Barnes, Curry",0,0,2,2,2,40.0
21600862,20170224,2,10,DAL,MIN,"1627812 Ferrell, 1717 Nowitzki, 202083 Matthews, 203084 Barnes, 203552 Curry","1627812,1717,202083,203084,203552","Ferrell, Nowitzki, Matthews, Barnes, Curry",0,7,5,6,4,158.4
21600862,20170224,2,11,DAL,MIN,"1627812 Ferrell, 1717 Nowitzki, 202083 Matthews, 203084 Barnes, 203552 Curry","1627812,1717,202083,203084,203552","Ferrell, Nowitzki, Matthews, Barnes, Curry",0,0,0,1,0,13.7
21600862,20170224,2,12,DAL,MIN,"1627812 Ferrell, 1717 Nowitzki, 202083 Matthews, 203084 Barnes, 203552 Curry","1627812,1717,202083,203084,203552","Ferrell, Nowitzki, Matthews, Barnes, Curry",0,2,2,2,2,36.9
21600862,20170224,3,1,DAL,MIN,"1627812 Ferrell, 1717 Nowitzki, 202083 Matthews, 203084 Barnes, 203552 Curry","1627812,1717,202083,203084,203552","Ferrell, Nowitzki, Matthews, Barnes, Curry",0,0,0,1,0,13.0
21600862,20170224,3,2,DAL,MIN,"1627812 Ferrell, 1717 Nowitzki, 202083 Matthews, 203084 Barnes, 203552 Curry","1627812,1717,202083,203084,203552","Ferrell, Nowitzki, Matthews, Barnes, Curry",0,12,16,13,14,358.0
21600862,20170224,3,3,DAL,MIN,"1626257 Mejri, 202083 Matthews, 203084 Barnes, 203552 Curry, 2734 Harris","1626257,202083,203084,203552,2734","Mejri, Matthews, Barnes, Curry, Harris",0,4,2,6,6,189.0
21600862,20170224,3,4,DAL,MIN,"1626257 Mejri, 202083 Matthews, 203084 Barnes, 203552 Curry, 2734 Harris","1626257,202083,203084,203552,2734","Mejri, Matthews, Barnes, Curry, Harris",0,3,2,2,3,67.0
21600862,20170224,3,5,DAL,MIN,"1626257 Mejri, 1627812 Ferrell, 1717 Nowitzki, 202083 Matthews, 203552 Curry","1626257,1627812,1717,202083,203552","Mejri, Ferrell, Nowitzki, Matthews, Curry",0,4,2,3,3,93.0
21600862,20170224,4,1,DAL,MIN,"1626257 Mejri, 1627812 Ferrell, 1717 Nowitzki, 202083 Matthews, 203552 Curry","1626257,1627812,1717,202083,203552","Mejri, Ferrell, Nowitzki, Matthews, Curry",0,0,0,0,1,17.0
21600862,20170224,4,2,DAL,MIN,"1627812 Ferrell, 1627827 Finney-Smith, 1717 Nowitzki, 203084 Barnes, 2734 Harris","1627812,1627827,1717,203084,2734","Ferrell, Finney-Smith, Nowitzki, Barnes, Harris",0,7,2,4,5,145.0
21600862,20170224,4,3,DAL,MIN,"1627812 Ferrell, 1627827 Finney-Smith, 1717 Nowitzki, 203084 Barnes, 2734 Harris","1627812,1627827,1717,203084,2734","Ferrell, Finney-Smith, Nowitzki, Barnes, Harris",0,5,4,3,4,112.0
21600862,20170224,4,4,DAL,MIN,"1627812 Ferrell, 1627827 Finney-Smith, 1717 Nowitzki, 203084 Barnes, 2734 Harris","1627812,1627827,1717,203084,2734","Ferrell, Finney-Smith, Nowitzki, Barnes, Harris",0,0,3,0,3,16.0
21600862,20170224,4,5,DAL,MIN,"1626257 Mejri, 1627812 Ferrell, 202083 Matthews, 203084 Barnes, 203552 Curry","1626257,1627812,202083,203084,203552","Mejri, Ferrell, Matthews, Barnes, Curry",0,5,8,5,6,189.0
21600862,20170224,4,6,DAL,MIN,"1627812 Ferrell, 1717 Nowitzki, 202083 Matthews, 203084 Barnes, 203552 Curry","1627812,1717,202083,203084,203552","Ferrell, Nowitzki, Matthews, Barnes, Curry",0,0,0,1,1,25.0
21600862,20170224,4,7,DAL,MIN,"1717 Nowitzki, 202083 Matthews, 203084 Barnes, 203552 Curry, 2734 Harris","1717,202083,203084,203552,2734","Nowitzki, Matthews, Barnes, Curry, Harris",0,2,2,2,2,49.0
21600862,20170224,4,8,DAL,MIN,"1627827 Finney-Smith, 1717 Nowitzki, 202083 Matthews, 203552 Curry, 2734 Harris","1627827,1717,202083,203552,2734","Finney-Smith, Nowitzki, Matthews, Curry, Harris",0,0,4,2,2,44.0
21600862,20170224,4,9,DAL,MIN,"1627827 Finney-Smith, 1627852 Brussino, 202083 Matthews, 203552 Curry, 203939 Powell","1627827,1627852,202083,203552,203939","Finney-Smith, Brussino, Matthews, Curry, Powell",0,2,3,4,4,123.0
21600870,20170225,1,1,DAL,NOP,"1627812 Ferrell, 1717 Nowitzki, 202083 Matthews, 203084 Barnes, 203552 Curry","1627812,1717,202083,203084,203552","Ferrell, Nowitzki, Matthews, Barnes, Curry",0,9,14,10,12,303.0
21600870,20170225,1,2,DAL,NOP,"202083 Matthews, 203084 Barnes, 203457 Noel, 203552 Curry, 2734 Harris","202083,203084,203457,203552,2734","Matthews, Barnes, Noel, Curry, Harris",0,2,7,5,5,116.0
21600870,20170225,1,3,DAL,NOP,"202083 Matthews, 203084 Barnes, 203457 Noel, 203552 Curry, 2734 Harris","202083,203084,203457,203552,2734","Matthews, Barnes, Noel, Curry, Harris",0,5,4,6,6,157.0
21600870,20170225,1,4,DAL,NOP,"1627812 Ferrell, 1717 Nowitzki, 202083 Matthews, 203457 Noel, 2734 Harris","1627812,1717,202083,203457,2734","Ferrell, Nowitzki, Matthews, Noel, Harris",0,2,0,1,2,15.0
21600870,20170225,1,5,DAL,NOP,"1627812 Ferrell, 1717 Nowitzki, 202083 Matthews, 203457 Noel, 2734 Harris","1627812,1717,202083,203457,2734","Ferrell, Nowitzki, Matthews, Noel, Harris",0,0,1,1,1,16.0
21600870,20170225,1,6,DAL,NOP,"1627812 Ferrell, 1627827 Finney-Smith, 1717 Nowitzki, 203457 Noel, 203552 Curry","1627812,1627827,1717,203457,203552","Ferrell, Finney-Smith, Nowitzki, Noel, Curry",0,4,0,2,1,39.0
21600870,20170225,1,7,DAL,NOP,"1627812 Ferrell, 1627827 Finney-Smith, 1717 Nowitzki, 203457 Noel, 203552 Curry","1627812,1627827,1717,203457,203552","Ferrell, Finney-Smith, Nowitzki, Noel, Curry",0,2,4,2,3,74.0
21600870,20170225,2,1,DAL,NOP,"1627812 Ferrell, 1627827 Finney-Smith, 1717 Nowitzki, 203457 Noel, 203552 Curry","1627812,1627827,1717,203457,203552","Ferrell, Finney-Smith, Nowitzki, Noel, Curry",0,0,0,1,0,20.0
21600870,20170225,2,2,DAL,NOP,"1627812 Ferrell, 1627827 Finney-Smith, 1717 Nowitzki, 203457 Noel, 2734 Harris","1627812,1627827,1717,203457,2734","Ferrell, Finney-Smith, Nowitzki, Noel, Harris",0,7,0,5,3,93.0
21600870,20170225,2,3,DAL,NOP,"1627812 Ferrell, 1627827 Finney-Smith, 1717 Nowitzki, 203457 Noel, 2734 Harris","1627812,1627827,1717,203457,2734","Ferrell, Finney-Smith, Nowitzki, Noel, Harris",0,2,2,5,4,92.0
21600870,20170225,2,4,DAL,NOP,"1626257 Mejri, 1627827 Finney-Smith, 202083 Matthews, 203084 Barnes, 203552 Curry","1626257,1627827,202083,203084,203552","Mejri, Finney-Smith, Matthews, Barnes, Curry",0,3,0,4,1,76.0
21600870,20170225,2,5,DAL,NOP,"1626257 Mejri, 1627827 Finney-Smith, 202083 Matthews, 203084 Barnes, 203552 Curry","1626257,1627827,202083,203084,203552","Mejri, Finney-Smith, Matthews, Barnes, Curry",0,2,2,1,2,28.0
21600870,20170225,2,6,DAL,NOP,"1627827 Finney-Smith, 202083 Matthews, 203084 Barnes, 203457 Noel, 203552 Curry","1627827,202083,203084,203457,203552","Finney-Smith, Matthews, Barnes, Noel, Curry",0,2,0,2,2,33.0
21600870,20170225,2,7,DAL,NOP,"1627827 Finney-Smith, 202083 Matthews, 203084 Barnes, 203457 Noel, 203552 Curry","1627827,202083,203084,203457,203552","Finney-Smith, Matthews, Barnes, Noel, Curry",0,2,6,4,5,131.0
21600870,20170225,2,8,DAL,NOP,"1627812 Ferrell, 1717 Nowitzki, 202083 Matthews, 203084 Barnes, 203552 Curry","1627812,1717,202083,203084,203552","Ferrell, Nowitzki, Matthews, Barnes, Curry",0,2,2,3,3,88.0
21600870,20170225,2,9,DAL,NOP,"1627812 Ferrell, 1717 Nowitzki, 202083 Matthews, 203457 Noel, 203552 Curry","1627812,1717,202083,203457,203552","Ferrell, Nowitzki, Matthews, Noel, Curry",0,3,3,4,5,92.0
21600870,20170225,2,10,DAL,NOP,"1717 Nowitzki, 202083 Matthews, 203084 Barnes, 203457 Noel, 203552 Curry","1717,202083,203084,203457,203552","Nowitzki, Matthews, Barnes, Noel, Curry",0,0,4,2,3,67.0
21600870,20170225,3,1,DAL,NOP,"1717 Nowitzki, 202083 Matthews, 203084 Barnes, 203457 Noel, 203552 Curry","1717,202083,203084,203457,203552","Nowitzki, Matthews, Barnes, Noel, Curry",0,0,0,1,0,12.0
21600870,20170225,3,2,DAL,NOP,"1627812 Ferrell, 1717 Nowitzki, 202083 Matthews, 203084 Barnes, 203552 Curry","1627812,1717,202083,203084,203552","Ferrell, Nowitzki, Matthews, Barnes, Curry",0,4,4,5,5,131.0
21600870,20170225,3,3,DAL,NOP,"1627812 Ferrell, 1717 Nowitzki, 202083 Matthews, 203084 Barnes, 2734 Harris","1627812,1717,202083,203084,2734","Ferrell, Nowitzki, Matthews, Barnes, Harris",0,2,0,6,7,168.0
21600870,20170225,3,4,DAL,NOP,"1627812 Ferrell, 202083 Matthews, 203084 Barnes, 203457 Noel, 2734 Harris","1627812,202083,203084,203457,2734","Ferrell, Matthews, Barnes, Noel, Harris",0,5,3,4,5,143.0
21600870,20170225,3,5,DAL,NOP,"1627812 Ferrell, 202083 Matthews, 203084 Barnes, 203457 Noel, 2734 Harris","1627812,202083,203084,203457,2734","Ferrell, Matthews, Barnes, Noel, Harris",0,0,1,0,1,20.0
21600870,20170225,3,6,DAL,NOP,"1627812 Ferrell, 1717 Nowitzki, 202083 Matthews, 203457 Noel, 2734 Harris","1627812,1717,202083,203457,2734","Ferrell, Nowitzki, Matthews, Noel, Harris",0,0,0,1,0,19.0
21600870,20170225,3,7,DAL,NOP,"1627812 Ferrell, 1717 Nowitzki, 202083 Matthews, 203457 Noel, 2734 Harris","1627812,1717,202083,203457,2734","Ferrell, Nowitzki, Matthews, Noel, Harris",0,0,2,2,2,58.0
21600870,20170225,3,8,DAL,NOP,"1627812 Ferrell, 1627827 Finney-Smith, 1717 Nowitzki, 203457 Noel, 203552 Curry","1627812,1627827,1717,203457,203552","Ferrell, Finney-Smith, Nowitzki, Noel, Curry",0,6,4,4,4,139.9
21600870,20170225,3,9,DAL,NOP,"1627812 Ferrell, 1627827 Finney-Smith, 1717 Nowitzki, 203457 Noel, 203552 Curry","1627812,1627827,1717,203457,203552","Ferrell, Finney-Smith, Nowitzki, Noel, Curry",0,0,0,1,1,18.8
21600870,20170225,3,10,DAL,NOP,"1627812 Ferrell, 1627827 Finney-Smith, 203084 Barnes, 203457 Noel, 203552 Curry","1627812,1627827,203084,203457,203552","Ferrell, Finney-Smith, Barnes, Noel, Curry",0,2,0,1,1,9.7
21600870,20170225,3,11,DAL,NOP,"1627812 Ferrell, 1627827 Finney-Smith, 203084 Barnes, 203457 Noel, 203552 Curry","1627812,1627827,203084,203457,203552","Ferrell, Finney-Smith, Barnes, Noel, Curry",0,1,0,1,0,0.6
21600870,20170225,4,1,DAL,NOP,"1627812 Ferrell, 1627827 Finney-Smith, 203084 Barnes, 203457 Noel, 203552 Curry","1627812,1627827,203084,203457,203552","Ferrell, Finney-Smith, Barnes, Noel, Curry",0,0,0,0,1,17.0
21600870,20170225,4,2,DAL,NOP,"1627827 Finney-Smith, 1717 Nowitzki, 203457 Noel, 203552 Curry, 2734 Harris","1627827,1717,203457,203552,2734","Finney-Smith, Nowitzki, Noel, Curry, Harris",0,4,4,5,6,120.0
21600870,20170225,4,3,DAL,NOP,"1627827 Finney-Smith, 1717 Nowitzki, 203457 Noel, 203552 Curry, 2734 Harris","1627827,1717,203457,203552,2734","Finney-Smith, Nowitzki, Noel, Curry, Harris",0,3,0,1,3,41.0
21600870,20170225,4,4,DAL,NOP,"1627827 Finney-Smith, 1717 Nowitzki, 203084 Barnes, 203552 Curry, 2734 Harris","1627827,1717,203084,203552,2734","Finney-Smith, Nowitzki, Barnes, Curry, Harris",0,0,0,2,2,48.0
21600870,20170225,4,5,DAL,NOP,"1626257 Mejri, 1627827 Finney-Smith, 203084 Barnes, 203552 Curry, 2734 Harris","1626257,1627827,203084,203552,2734","Mejri, Finney-Smith, Barnes, Curry, Harris",0,3,2,3,3,76.0
21600870,20170225,4,6,DAL,NOP,"1626257 Mejri, 1627827 Finney-Smith, 203084 Barnes, 203552 Curry, 2734 Harris","1626257,1627827,203084,203552,2734","Mejri, Finney-Smith, Barnes, Curry, Harris",0,4,2,2,3,91.0
21600870,20170225,4,7,DAL,NOP,"1626257 Mejri, 1627827 Finney-Smith, 203084 Barnes, 203552 Curry, 2734 Harris","1626257,1627827,203084,203552,2734","Mejri, Finney-Smith, Barnes, Curry, Harris",0,0,1,0,1,20.0
21600870,20170225,4,8,DAL,NOP,"1626257 Mejri, 1627812 Ferrell, 1627827 Finney-Smith, 203084 Barnes, 203552 Curry","1626257,1627812,1627827,203084,203552","Mejri, Ferrell, Finney-Smith, Barnes, Curry",0,3,0,1,1,18.0
21600870,20170225,4,9,DAL,NOP,"1626257 Mejri, 1627812 Ferrell, 1627827 Finney-Smith, 203084 Barnes, 203552 Curry","1626257,1627812,1627827,203084,203552","Mejri, Ferrell, Finney-Smith, Barnes, Curry",0,0,3,1,2,26.0
21600870,20170225,4,10,DAL,NOP,"1627812 Ferrell, 1627827 Finney-Smith, 203084 Barnes, 203457 Noel, 203552 Curry","1627812,1627827,203084,203457,203552","Ferrell, Finney-Smith, Barnes, Noel, Curry",0,0,0,1,1,30.0
21600870,20170225,4,11,DAL,NOP,"1627812 Ferrell, 1627827 Finney-Smith, 203084 Barnes, 203457 Noel, 203552 Curry","1627812,1627827,203084,203457,203552","Ferrell, Finney-Smith, Barnes, Noel, Curry",0,3,6,6,5,121.0
21600870,20170225,4,12,DAL,NOP,"1717 Nowitzki, 202083 Matthews, 203084 Barnes, 203552 Curry, 2734 Harris","1717,202083,203084,203552,2734","Nowitzki, Matthews, Barnes, Curry, Harris",0,2,0,1,1,11.0
21600870,20170225,4,13,DAL,NOP,"1627827 Finney-Smith, 202083 Matthews, 203084 Barnes, 203457 Noel, 203552 Curry","1627827,202083,203084,203457,203552","Finney-Smith, Matthews, Barnes, Noel, Curry",0,7,2,4,4,101.0
21600887,20170227,1,1,DAL,MIA,"1626188 Cook, 1627812 Ferrell, 1717 Nowitzki, 202083 Matthews, 203084 Barnes","1626188,1627812,1717,202083,203084","Cook, Ferrell, Nowitzki, Matthews, Barnes",0,14,24,19,21,586.0
21600887,20170227,1,2,DAL,MIA,"1627812 Ferrell, 1717 Nowitzki, 202083 Matthews, 203457 Noel, 2734 Harris","1627812,1717,202083,203457,2734","Ferrell, Nowitzki, Matthews, Noel, Harris",0,0,5,2,3,52.0
21600887,20170227,1,3,DAL,MIA,"1627812 Ferrell, 1627827 Finney-Smith, 1717 Nowitzki, 203457 Noel, 2734 Harris","1627812,1627827,1717,203457,2734","Ferrell, Finney-Smith, Nowitzki, Noel, Harris",0,5,0,3,2,82.0
21600887,20170227,2,1,DAL,MIA,"1627812 Ferrell, 1627827 Finney-Smith, 1717 Nowitzki, 203457 Noel, 2734 Harris","1627812,1627827,1717,203457,2734","Ferrell, Finney-Smith, Nowitzki, Noel, Harris",0,0,0,1,0,17.0
21600887,20170227,2,2,DAL,MIA,"1627812 Ferrell, 1627827 Finney-Smith, 1717 Nowitzki, 203457 Noel, 2734 Harris","1627812,1627827,1717,203457,2734","Ferrell, Finney-Smith, Nowitzki, Noel, Harris",0,7,3,4,3,122.0
21600887,20170227,2,3,DAL,MIA,"1627812 Ferrell, 1627827 Finney-Smith, 1717 Nowitzki, 203939 Powell, 2734 Harris","1627812,1627827,1717,203939,2734","Ferrell, Finney-Smith, Nowitzki, Powell, Harris",0,5,5,3,3,107.0
21600887,20170227,2,4,DAL,MIA,"1626188 Cook, 1627827 Finney-Smith, 203084 Barnes, 203552 Curry, 203939 Powell","1626188,1627827,203084,203552,203939","Cook, Finney-Smith, Barnes, Curry, Powell",0,2,2,2,3,64.0
21600887,20170227,2,5,DAL,MIA,"1626188 Cook, 1627827 Finney-Smith, 203084 Barnes, 203457 Noel, 203552 Curry","1626188,1627827,203084,203457,203552","Cook, Finney-Smith, Barnes, Noel, Curry",0,7,5,3,4,115.0
21600887,20170227,2,6,DAL,MIA,"1626188 Cook, 1626257 Mejri, 202083 Matthews, 203084 Barnes, 203552 Curry","1626188,1626257,202083,203084,203552","Cook, Mejri, Matthews, Barnes, Curry",0,5,0,3,2,47.0
21600887,20170227,2,7,DAL,MIA,"1626188 Cook, 1626257 Mejri, 202083 Matthews, 203084 Barnes, 203552 Curry","1626188,1626257,202083,203084,203552","Cook, Mejri, Matthews, Barnes, Curry",0,2,0,2,3,69.0
21600887,20170227,2,8,DAL,MIA,"1626188 Cook, 1626257 Mejri, 202083 Matthews, 203084 Barnes, 203552 Curry","1626188,1626257,202083,203084,203552","Cook, Mejri, Matthews, Barnes, Curry",0,0,0,0,1,15.0
21600887,20170227,2,9,DAL,MIA,"1626188 Cook, 1626257 Mejri, 202083 Matthews, 203084 Barnes, 203552 Curry","1626188,1626257,202083,203084,203552","Cook, Mejri, Matthews, Barnes, Curry",0,2,2,1,1,22.0
21600887,20170227,2,10,DAL,MIA,"1626188 Cook, 1717 Nowitzki, 202083 Matthews, 203084 Barnes, 203552 Curry","1626188,1717,202083,203084,203552","Cook, Nowitzki, Matthews, Barnes, Curry",0,0,4,3,3,70.0
21600887,20170227,2,11,DAL,MIA,"1717 Nowitzki, 202083 Matthews, 203084 Barnes, 203552 Curry, 2734 Harris","1717,202083,203084,203552,2734","Nowitzki, Matthews, Barnes, Curry, Harris",0,3,2,3,2,68.4
21600887,20170227,2,12,DAL,MIA,"1717 Nowitzki, 202083 Matthews, 203084 Barnes, 203552 Curry, 2734 Harris","1717,202083,203084,203552,2734","Nowitzki, Matthews, Barnes, Curry, Harris",0,0,0,1,0,3.6
21600887,20170227,3,1,DAL,MIA,"1717 Nowitzki, 202083 Matthews, 203084 Barnes, 203552 Curry, 2734 Harris","1717,202083,203084,203552,2734","Nowitzki, Matthews, Barnes, Curry, Harris",0,0,0,1,0,19.0
21600887,20170227,3,2,DAL,MIA,"1627812 Ferrell, 1717 Nowitzki, 202083 Matthews, 203084 Barnes, 203552 Curry","1627812,1717,202083,203084,203552","Ferrell, Nowitzki, Matthews, Barnes, Curry",0,9,7,12,11,307.0
21600887,20170227,3,3,DAL,MIA,"1626188 Cook, 202083 Matthews, 203084 Barnes, 203457 Noel, 203552 Curry","1626188,202083,203084,203457,203552","Cook, Matthews, Barnes, Noel, Curry",0,9,2,5,5,162.0
21600887,20170227,3,4,DAL,MIA,"1626188 Cook, 202083 Matthews, 203084 Barnes, 203457 Noel, 203552 Curry","1626188,202083,203084,203457,203552","Cook, Matthews, Barnes, Noel, Curry",0,5,6,6,6,232.0
21600887,20170227,4,1,DAL,MIA,"1626188 Cook, 202083 Matthews, 203084 Barnes, 203457 Noel, 203552 Curry","1626188,202083,203084,203457,203552","Cook, Matthews, Barnes, Noel, Curry",0,0,0,0,1,22.0
21600887,20170227,4,2,DAL,MIA,"1627812 Ferrell, 1627827 Finney-Smith, 1717 Nowitzki, 203457 Noel, 2734 Harris","1627812,1627827,1717,203457,2734","Ferrell, Finney-Smith, Nowitzki, Noel, Harris",0,0,0,1,1,17.0
21600887,20170227,4,3,DAL,MIA,"1627812 Ferrell, 1627827 Finney-Smith, 1717 Nowitzki, 203939 Powell, 2734 Harris","1627812,1627827,1717,203939,2734","Ferrell, Finney-Smith, Nowitzki, Powell, Harris",0,4,7,8,7,205.0
21600887,20170227,4,4,DAL,MIA,"1627812 Ferrell, 1627827 Finney-Smith, 1717 Nowitzki, 203457 Noel, 2734 Harris","1627812,1627827,1717,203457,2734","Ferrell, Finney-Smith, Nowitzki, Noel, Harris",0,2,7,3,3,90.0
21600887,20170227,4,5,DAL,MIA,"1627812 Ferrell, 202083 Matthews, 203084 Barnes, 203457 Noel, 203552 Curry","1627812,202083,203084,203457,203552","Ferrell, Matthews, Barnes, Noel, Curry",0,6,6,9,8,291.0
21600887,20170227,4,6,DAL,MIA,"1627812 Ferrell, 1717 Nowitzki, 202083 Matthews, 203084 Barnes, 203552 Curry","1627812,1717,202083,203084,203552","Ferrell, Nowitzki, Matthews, Barnes, Curry",0,1,0,1,0,19.0
21600887,20170227,4,7,DAL,MIA,"1627812 Ferrell, 1717 Nowitzki, 202083 Matthews, 203084 Barnes, 203552 Curry","1627812,1717,202083,203084,203552","Ferrell, Nowitzki, Matthews, Barnes, Curry",0,1,0,1,0,20.1
21600887,20170227,4,8,DAL,MIA,"1627812 Ferrell, 202083 Matthews, 203084 Barnes, 203457 Noel, 203552 Curry","1627812,202083,203084,203457,203552","Ferrell, Matthews, Barnes, Noel, Curry",0,0,0,1,1,0.4
21600887,20170227,4,9,DAL,MIA,"1627812 Ferrell, 1717 Nowitzki, 202083 Matthews, 203084 Barnes, 203552 Curry","1627812,1717,202083,203084,203552","Ferrell, Nowitzki, Matthews, Barnes, Curry",0,2,0,2,2,31.2
21600887,20170227,4,10,DAL,MIA,"1627812 Ferrell, 202083 Matthews, 203084 Barnes, 203457 Noel, 203552 Curry","1627812,202083,203084,203457,203552","Ferrell, Matthews, Barnes, Noel, Curry",0,2,0,1,2,7.9
21600887,20170227,4,11,DAL,MIA,"1627812 Ferrell, 202083 Matthews, 203084 Barnes, 203457 Noel, 203552 Curry","1627812,202083,203084,203457,203552","Ferrell, Matthews, Barnes, Noel, Curry",0,0,0,1,1,16.4
21600897,20170301,1,1,DAL,ATL,"1627827 Finney-Smith, 1717 Nowitzki, 203084 Barnes, 203457 Noel, 203552 Curry","1627827,1717,203084,203457,203552","Finney-Smith, Nowitzki, Barnes, Noel, Curry",0,12,13,13,11,368.0
21600897,20170301,1,2,DAL,ATL,"1626188 Cook, 1627852 Brussino, 203084 Barnes, 203457 Noel, 203552 Curry","1626188,1627852,203084,203457,203552","Cook, Brussino, Barnes, Noel, Curry",0,2,5,3,2,62.0
21600897,20170301,1,3,DAL,ATL,"1626188 Cook, 1627852 Brussino, 203084 Barnes, 203457 Noel, 203552 Curry","1626188,1627852,203084,203457,203552","Cook, Brussino, Barnes, Noel, Curry",0,0,0,2,1,47.0
21600897,20170301,1,4,DAL,ATL,"1626188 Cook, 1627852 Brussino, 203084 Barnes, 203457 Noel, 203552 Curry","1626188,1627852,203084,203457,203552","Cook, Brussino, Barnes, Noel, Curry",0,3,2,3,1,22.0
21600897,20170301,1,5,DAL,ATL,"1626188 Cook, 1627852 Brussino, 203084 Barnes, 203552 Curry, 203939 Powell","1626188,1627852,203084,203552,203939","Cook, Brussino, Barnes, Curry, Powell",0,2,5,3,3,89.0
21600897,20170301,1,6,DAL,ATL,"1626188 Cook, 1627812 Ferrell, 1627852 Brussino, 1717 Nowitzki, 203939 Powell","1626188,1627812,1627852,1717,203939","Cook, Ferrell, Brussino, Nowitzki, Powell",0,0,1,0,1,11.0
21600897,20170301,1,7,DAL,ATL,"1627812 Ferrell, 1627852 Brussino, 1717 Nowitzki, 203939 Powell, 2734 Harris","1627812,1627852,1717,203939,2734","Ferrell, Brussino, Nowitzki, Powell, Harris",0,3,1,2,3,69.6
21600897,20170301,1,8,DAL,ATL,"1627812 Ferrell, 1627852 Brussino, 203084 Barnes, 203939 Powell, 2734 Harris","1627812,1627852,203084,203939,2734","Ferrell, Brussino, Barnes, Powell, Harris",0,0,0,2,3,51.4
21600897,20170301,2,1,DAL,ATL,"1627812 Ferrell, 1627852 Brussino, 203084 Barnes, 203939 Powell, 2734 Harris","1627812,1627852,203084,203939,2734","Ferrell, Brussino, Barnes, Powell, Harris",0,0,0,1,0,18.0
21600897,20170301,2,2,DAL,ATL,"1627812 Ferrell, 1627852 Brussino, 1717 Nowitzki, 203939 Powell, 2734 Harris","1627812,1627852,1717,203939,2734","Ferrell, Brussino, Nowitzki, Powell, Harris",0,7,4,4,4,118.0
21600897,20170301,2,3,DAL,ATL,"1627812 Ferrell, 1627852 Brussino, 1717 Nowitzki, 203939 Powell, 2734 Harris","1627812,1627852,1717,203939,2734","Ferrell, Brussino, Nowitzki, Powell, Harris",0,0,5,3,2,52.0
21600897,20170301,2,4,DAL,ATL,"1627812 Ferrell, 1627827 Finney-Smith, 203084 Barnes, 203457 Noel, 2734 Harris","1627812,1627827,203084,203457,2734","Ferrell, Finney-Smith, Barnes, Noel, Harris",0,0,4,3,2,77.0
21600897,20170301,2,5,DAL,ATL,"1626257 Mejri, 1627812 Ferrell, 1627827 Finney-Smith, 203084 Barnes, 2734 Harris","1626257,1627812,1627827,203084,2734","Mejri, Ferrell, Finney-Smith, Barnes, Harris",0,3,0,2,1,26.0
21600897,20170301,2,6,DAL,ATL,"1626257 Mejri, 1627812 Ferrell, 1627827 Finney-Smith, 203084 Barnes, 2734 Harris","1626257,1627812,1627827,203084,2734","Mejri, Ferrell, Finney-Smith, Barnes, Harris",0,0,4,3,2,66.0
21600897,20170301,2,7,DAL,ATL,"1626188 Cook, 1626257 Mejri, 1627827 Finney-Smith, 203084 Barnes, 203552 Curry","1626188,1626257,1627827,203084,203552","Cook, Mejri, Finney-Smith, Barnes, Curry",0,5,4,4,3,94.0
21600897,20170301,2,8,DAL,ATL,"1626188 Cook, 1626257 Mejri, 1627791 Bentil, 203084 Barnes, 203552 Curry","1626188,1626257,1627791,203084,203552","Cook, Mejri, Bentil, Barnes, Curry",0,3,0,3,4,67.0
21600897,20170301,2,9,DAL,ATL,"1626188 Cook, 1626257 Mejri, 1627791 Bentil, 203084 Barnes, 203552 Curry","1626188,1626257,1627791,203084,203552","Cook, Mejri, Bentil, Barnes, Curry",0,3,2,1,2,55.0
21600897,20170301,2,10,DAL,ATL,"1626188 Cook, 1627791 Bentil, 1717 Nowitzki, 203084 Barnes, 203552 Curry","1626188,1627791,1717,203084,203552","Cook, Bentil, Nowitzki, Barnes, Curry",0,0,2,1,1,21.0
21600897,20170301,2,11,DAL,ATL,"1626188 Cook, 1627791 Bentil, 1717 Nowitzki, 203084 Barnes, 203552 Curry","1626188,1627791,1717,203084,203552","Cook, Bentil, Nowitzki, Barnes, Curry",0,7,7,3,3,74.3
21600897,20170301,2,12,DAL,ATL,"1627791 Bentil, 1627812 Ferrell, 1717 Nowitzki, 203084 Barnes, 203552 Curry","1627791,1627812,1717,203084,203552","Bentil, Ferrell, Nowitzki, Barnes, Curry",0,2,4,2,2,51.7
21600897,20170301,3,1,DAL,ATL,"1627791 Bentil, 1627812 Ferrell, 1717 Nowitzki, 203084 Barnes, 203552 Curry","1627791,1627812,1717,203084,203552","Bentil, Ferrell, Nowitzki, Barnes, Curry",0,0,0,1,0,17.0
21600897,20170301,3,2,DAL,ATL,"1627812 Ferrell, 1717 Nowitzki, 203084 Barnes, 203457 Noel, 203552 Curry","1627812,1717,203084,203457,203552","Ferrell, Nowitzki, Barnes, Noel, Curry",0,12,12,12,11,341.0
21600897,20170301,3,3,DAL,ATL,"1627812 Ferrell, 1627827 Finney-Smith, 203084 Barnes, 203457 Noel, 203552 Curry","1627812,1627827,203084,203457,203552","Ferrell, Finney-Smith, Barnes, Noel, Curry",0,5,4,7,6,165.0
21600897,20170301,3,4,DAL,ATL,"1627827 Finney-Smith, 203084 Barnes, 203552 Curry, 203939 Powell, 2734 Harris","1627827,203084,203552,203939,2734","Finney-Smith, Barnes, Curry, Powell, Harris",0,2,0,2,1,52.0
21600897,20170301,3,5,DAL,ATL,"1627827 Finney-Smith, 203084 Barnes, 203552 Curry, 203939 Powell, 2734 Harris","1627827,203084,203552,203939,2734","Finney-Smith, Barnes, Curry, Powell, Harris",0,2,0,2,2,72.0
21600897,20170301,3,6,DAL,ATL,"1627812 Ferrell, 1627827 Finney-Smith, 1717 Nowitzki, 203939 Powell, 2734 Harris","1627812,1627827,1717,203939,2734","Ferrell, Finney-Smith, Nowitzki, Powell, Harris",0,3,2,2,3,73.0
21600897,20170301,4,1,DAL,ATL,"1627812 Ferrell, 1627827 Finney-Smith, 1717 Nowitzki, 203939 Powell, 2734 Harris","1627812,1627827,1717,203939,2734","Ferrell, Finney-Smith, Nowitzki, Powell, Harris",0,0,0,2,2,59.0
21600897,20170301,4,2,DAL,ATL,"1627812 Ferrell, 1627827 Finney-Smith, 1717 Nowitzki, 203939 Powell, 2734 Harris","1627812,1627827,1717,203939,2734","Ferrell, Finney-Smith, Nowitzki, Powell, Harris",0,1,0,1,0,15.0
21600897,20170301,4,3,DAL,ATL,"1626257 Mejri, 1627812 Ferrell, 1627827 Finney-Smith, 1717 Nowitzki, 2734 Harris","1626257,1627812,1627827,1717,2734","Mejri, Ferrell, Finney-Smith, Nowitzki, Harris",0,2,1,2,2,50.0
21600897,20170301,4,4,DAL,ATL,"1626257 Mejri, 1627812 Ferrell, 1627827 Finney-Smith, 1717 Nowitzki, 2734 Harris","1626257,1627812,1627827,1717,2734","Mejri, Ferrell, Finney-Smith, Nowitzki, Harris",0,2,3,5,4,112.0
21600897,20170301,4,5,DAL,ATL,"1626257 Mejri, 1627812 Ferrell, 1627827 Finney-Smith, 1717 Nowitzki, 2734 Harris","1626257,1627812,1627827,1717,2734","Mejri, Ferrell, Finney-Smith, Nowitzki, Harris",0,0,0,1,1,12.0
21600897,20170301,4,6,DAL,ATL,"1626188 Cook, 1626257 Mejri, 1627827 Finney-Smith, 203084 Barnes, 203552 Curry","1626188,1626257,1627827,203084,203552","Cook, Mejri, Finney-Smith, Barnes, Curry",0,3,2,2,2,63.0
21600897,20170301,4,7,DAL,ATL,"1626188 Cook, 1626257 Mejri, 1627827 Finney-Smith, 203084 Barnes, 203552 Curry","1626188,1626257,1627827,203084,203552","Cook, Mejri, Finney-Smith, Barnes, Curry",0,0,0,2,2,26.0
21600897,20170301,4,8,DAL,ATL,"1626188 Cook, 1626257 Mejri, 1627827 Finney-Smith, 203084 Barnes, 203552 Curry","1626188,1626257,1627827,203084,203552","Cook, Mejri, Finney-Smith, Barnes, Curry",0,6,2,7,7,196.0
21600897,20170301,4,9,DAL,ATL,"1627812 Ferrell, 1627827 Finney-Smith, 1717 Nowitzki, 203084 Barnes, 203552 Curry","1627812,1627827,1717,203084,203552","Ferrell, Finney-Smith, Nowitzki, Barnes, Curry",0,5,5,5,5,149.3
21600897,20170301,4,10,DAL,ATL,"1627812 Ferrell, 1627827 Finney-Smith, 1717 Nowitzki, 203084 Barnes, 203552 Curry","1627812,1627827,1717,203084,203552","Ferrell, Finney-Smith, Nowitzki, Barnes, Curry",0,0,6,3,3,37.7
21600914,20170303,1,1,DAL,MEM,"1627812 Ferrell, 1717 Nowitzki, 203084 Barnes, 203457 Noel, 203552 Curry","1627812,1717,203084,203457,203552","Ferrell, Nowitzki, Barnes, Noel, Curry",0,6,5,13,11,345.0
21600914,20170303,1,2,DAL,MEM,"1626188 Cook, 1627827 Finney-Smith, 203084 Barnes, 203457 Noel, 203552 Curry","1626188,1627827,203084,203457,203552","Cook, Finney-Smith, Barnes, Noel, Curry",0,5,7,5,5,155.0
21600914,20170303,1,3,DAL,MEM,"1626188 Cook, 1627827 Finney-Smith, 203084 Barnes, 203457 Noel, 203552 Curry","1626188,1627827,203084,203457,203552","Cook, Finney-Smith, Barnes, Noel, Curry",0,3,2,2,2,27.0
21600914,20170303,1,4,DAL,MEM,"1626188 Cook, 1627827 Finney-Smith, 203084 Barnes, 203457 Noel, 203552 Curry","1626188,1627827,203084,203457,203552","Cook, Finney-Smith, Barnes, Noel, Curry",0,3,2,2,2,64.0
21600914,20170303,1,5,DAL,MEM,"1626188 Cook, 1627827 Finney-Smith, 203084 Barnes, 203457 Noel, 203552 Curry","1626188,1627827,203084,203457,203552","Cook, Finney-Smith, Barnes, Noel, Curry",0,1,0,1,1,19.0
21600914,20170303,1,6,DAL,MEM,"1627812 Ferrell, 1627827 Finney-Smith, 1717 Nowitzki, 203457 Noel, 2734 Harris","1627812,1627827,1717,203457,2734","Ferrell, Finney-Smith, Nowitzki, Noel, Harris",0,2,3,3,3,76.0
21600914,20170303,1,7,DAL,MEM,"1626257 Mejri, 1627812 Ferrell, 1627827 Finney-Smith, 1717 Nowitzki, 2734 Harris","1626257,1627812,1627827,1717,2734","Mejri, Ferrell, Finney-Smith, Nowitzki, Harris",0,0,3,2,2,34.0
21600914,20170303,2,1,DAL,MEM,"1626257 Mejri, 1627812 Ferrell, 1627827 Finney-Smith, 1717 Nowitzki, 2734 Harris","1626257,1627812,1627827,1717,2734","Mejri, Ferrell, Finney-Smith, Nowitzki, Harris",0,7,6,6,5,144.0
21600914,20170303,2,2,DAL,MEM,"1626257 Mejri, 1627812 Ferrell, 1627827 Finney-Smith, 1717 Nowitzki, 2734 Harris","1626257,1627812,1627827,1717,2734","Mejri, Ferrell, Finney-Smith, Nowitzki, Harris",0,4,2,2,2,57.0
21600914,20170303,2,3,DAL,MEM,"1626257 Mejri, 1627812 Ferrell, 1627827 Finney-Smith, 1717 Nowitzki, 2734 Harris","1626257,1627812,1627827,1717,2734","Mejri, Ferrell, Finney-Smith, Nowitzki, Harris",0,0,2,1,2,38.0
21600914,20170303,2,4,DAL,MEM,"1626257 Mejri, 1627812 Ferrell, 1627852 Brussino, 1717 Nowitzki, 2734 Harris","1626257,1627812,1627852,1717,2734","Mejri, Ferrell, Brussino, Nowitzki, Harris",0,0,2,0,3,6.0
21600914,20170303,2,5,DAL,MEM,"1626188 Cook, 1627852 Brussino, 203084 Barnes, 203457 Noel, 203552 Curry","1626188,1627852,203084,203457,203552","Cook, Brussino, Barnes, Noel, Curry",0,5,0,3,3,96.0
21600914,20170303,2,6,DAL,MEM,"1626188 Cook, 1627852 Brussino, 203084 Barnes, 203457 Noel, 203552 Curry","1626188,1627852,203084,203457,203552","Cook, Brussino, Barnes, Noel, Curry",0,7,9,4,6,136.0
21600914,20170303,2,7,DAL,MEM,"1717 Nowitzki, 203084 Barnes, 203457 Noel, 203552 Curry, 2734 Harris","1717,203084,203457,203552,2734","Nowitzki, Barnes, Noel, Curry, Harris",0,2,5,3,4,104.0
21600914,20170303,2,8,DAL,MEM,"1717 Nowitzki, 203084 Barnes, 203457 Noel, 203552 Curry, 2734 Harris","1717,203084,203457,203552,2734","Nowitzki, Barnes, Noel, Curry, Harris",0,6,2,5,3,126.1
21600914,20170303,2,9,DAL,MEM,"1627812 Ferrell, 1627827 Finney-Smith, 203084 Barnes, 203457 Noel, 203552 Curry","1627812,1627827,203084,203457,203552","Ferrell, Finney-Smith, Barnes, Noel, Curry",0,0,0,1,0,12.9
21600914,20170303,3,1,DAL,MEM,"1627812 Ferrell, 1627827 Finney-Smith, 203084 Barnes, 203457 Noel, 203552 Curry","1627812,1627827,203084,203457,203552","Ferrell, Finney-Smith, Barnes, Noel, Curry",0,0,0,0,1,15.0
21600914,20170303,3,2,DAL,MEM,"1627812 Ferrell, 1717 Nowitzki, 203084 Barnes, 203457 Noel, 203552 Curry","1627812,1717,203084,203457,203552","Ferrell, Nowitzki, Barnes, Noel, Curry",0,14,8,11,14,317.0
21600914,20170303,3,3,DAL,MEM,"1626188 Cook, 1627827 Finney-Smith, 203084 Barnes, 203457 Noel, 203552 Curry","1626188,1627827,203084,203457,203552","Cook, Finney-Smith, Barnes, Noel, Curry",0,5,4,3,3,82.0
21600914,20170303,3,4,DAL,MEM,"1626188 Cook, 1627827 Finney-Smith, 203084 Barnes, 203457 Noel, 203552 Curry","1626188,1627827,203084,203457,203552","Cook, Finney-Smith, Barnes, Noel, Curry",0,7,6,7,6,221.0
21600914,20170303,3,5,DAL,MEM,"1626188 Cook, 1626257 Mejri, 1627827 Finney-Smith, 203084 Barnes, 203552 Curry","1626188,1626257,1627827,203084,203552","Cook, Mejri, Finney-Smith, Barnes, Curry",0,0,2,2,1,31.0
21600914,20170303,3,6,DAL,MEM,"1626188 Cook, 1626257 Mejri, 1627827 Finney-Smith, 1717 Nowitzki, 2734 Harris","1626188,1626257,1627827,1717,2734","Cook, Mejri, Finney-Smith, Nowitzki, Harris",0,2,2,2,1,54.0
21600914,20170303,4,1,DAL,MEM,"1626188 Cook, 1626257 Mejri, 1627827 Finney-Smith, 1717 Nowitzki, 2734 Harris","1626188,1626257,1627827,1717,2734","Cook, Mejri, Finney-Smith, Nowitzki, Harris",0,0,2,2,2,61.0
21600914,20170303,4,2,DAL,MEM,"1626257 Mejri, 1627812 Ferrell, 1627827 Finney-Smith, 1717 Nowitzki, 2734 Harris","1626257,1627812,1627827,1717,2734","Mejri, Ferrell, Finney-Smith, Nowitzki, Harris",0,6,2,3,4,104.0
21600914,20170303,4,3,DAL,MEM,"1626257 Mejri, 1627812 Ferrell, 1627827 Finney-Smith, 1717 Nowitzki, 2734 Harris","1626257,1627812,1627827,1717,2734","Mejri, Ferrell, Finney-Smith, Nowitzki, Harris",0,3,0,2,2,58.0
21600914,20170303,4,4,DAL,MEM,"1626257 Mejri, 1627812 Ferrell, 1627827 Finney-Smith, 1717 Nowitzki, 2734 Harris","1626257,1627812,1627827,1717,2734","Mejri, Ferrell, Finney-Smith, Nowitzki, Harris",0,2,2,2,2,27.0
21600914,20170303,4,5,DAL,MEM,"1627812 Ferrell, 1627827 Finney-Smith, 203084 Barnes, 203457 Noel, 203552 Curry","1627812,1627827,203084,203457,203552","Ferrell, Finney-Smith, Barnes, Noel, Curry",0,4,7,5,6,160.0
21600914,20170303,4,6,DAL,MEM,"1627812 Ferrell, 1627827 Finney-Smith, 203084 Barnes, 203457 Noel, 203552 Curry","1627812,1627827,203084,203457,203552","Ferrell, Finney-Smith, Barnes, Noel, Curry",0,0,0,2,4,92.0
21600914,20170303,4,7,DAL,MEM,"1627812 Ferrell, 1627827 Finney-Smith, 1717 Nowitzki, 203084 Barnes, 203552 Curry","1627812,1627827,1717,203084,203552","Ferrell, Finney-Smith, Nowitzki, Barnes, Curry",0,0,1,4,3,85.0
21600914,20170303,4,8,DAL,MEM,"1627812 Ferrell, 1627827 Finney-Smith, 1717 Nowitzki, 203084 Barnes, 203552 Curry","1627812,1627827,1717,203084,203552","Ferrell, Finney-Smith, Nowitzki, Barnes, Curry",0,0,4,3,2,57.0
21600914,20170303,4,9,DAL,MEM,"1627812 Ferrell, 1717 Nowitzki, 203084 Barnes, 203457 Noel, 203552 Curry","1627812,1717,203084,203457,203552","Ferrell, Nowitzki, Barnes, Noel, Curry",0,3,0,2,2,29.4
21600914,20170303,4,10,DAL,MEM,"1627812 Ferrell, 1627827 Finney-Smith, 203084 Barnes, 203457 Noel, 203552 Curry","1627812,1627827,203084,203457,203552","Ferrell, Finney-Smith, Barnes, Noel, Curry",0,1,0,1,2,8.7
21600914,20170303,4,11,DAL,MEM,"1627812 Ferrell, 1627827 Finney-Smith, 203084 Barnes, 203457 Noel, 203552 Curry","1627812,1627827,203084,203457,203552","Ferrell, Finney-Smith, Barnes, Noel, Curry",0,6,10,3,4,37.9
21600932,20170305,1,1,DAL,OKC,"1627812 Ferrell, 1717 Nowitzki, 203084 Barnes, 203457 Noel, 203552 Curry","1627812,1717,203084,203457,203552","Ferrell, Nowitzki, Barnes, Noel, Curry",0,24,23,19,22,629.0
21600932,20170305,1,2,DAL,OKC,"1626257 Mejri, 1627812 Ferrell, 1627827 Finney-Smith, 1717 Nowitzki, 2734 Harris","1626257,1627812,1627827,1717,2734","Mejri, Ferrell, Finney-Smith, Nowitzki, Harris",0,4,2,3,4,87.8
21600932,20170305,1,3,DAL,OKC,"1626257 Mejri, 1627812 Ferrell, 1627827 Finney-Smith, 202083 Matthews, 2734 Harris","1626257,1627812,1627827,202083,2734","Mejri, Ferrell, Finney-Smith, Matthews, Harris",0,0,0,0,1,3.2
21600932,20170305,2,1,DAL,OKC,"1626257 Mejri, 1627812 Ferrell, 1627827 Finney-Smith, 202083 Matthews, 2734 Harris","1626257,1627812,1627827,202083,2734","Mejri, Ferrell, Finney-Smith, Matthews, Harris",0,0,0,1,0,12.0
21600932,20170305,2,2,DAL,OKC,"1626257 Mejri, 1627812 Ferrell, 1627827 Finney-Smith, 1717 Nowitzki, 2734 Harris","1626257,1627812,1627827,1717,2734","Mejri, Ferrell, Finney-Smith, Nowitzki, Harris",0,6,0,6,6,160.0
21600932,20170305,2,3,DAL,OKC,"1626257 Mejri, 1627812 Ferrell, 1627827 Finney-Smith, 1717 Nowitzki, 2734 Harris","1626257,1627812,1627827,1717,2734","Mejri, Ferrell, Finney-Smith, Nowitzki, Harris",0,4,4,3,3,87.0
21600932,20170305,2,4,DAL,OKC,"1626257 Mejri, 1627812 Ferrell, 1627827 Finney-Smith, 203084 Barnes, 2734 Harris","1626257,1627812,1627827,203084,2734","Mejri, Ferrell, Finney-Smith, Barnes, Harris",0,0,0,2,1,32.0
21600932,20170305,2,5,DAL,OKC,"1626188 Cook, 1626257 Mejri, 1627827 Finney-Smith, 203084 Barnes, 203552 Curry","1626188,1626257,1627827,203084,203552","Cook, Mejri, Finney-Smith, Barnes, Curry",0,0,2,2,1,23.0
21600932,20170305,2,6,DAL,OKC,"1626188 Cook, 1627827 Finney-Smith, 203084 Barnes, 203457 Noel, 203552 Curry","1626188,1627827,203084,203457,203552","Cook, Finney-Smith, Barnes, Noel, Curry",0,0,0,1,0,3.0
21600932,20170305,2,7,DAL,OKC,"1626188 Cook, 1627827 Finney-Smith, 203084 Barnes, 203457 Noel, 203552 Curry","1626188,1627827,203084,203457,203552","Cook, Finney-Smith, Barnes, Noel, Curry",0,2,2,2,2,46.0
21600932,20170305,2,8,DAL,OKC,"1626188 Cook, 202083 Matthews, 203084 Barnes, 203457 Noel, 203552 Curry","1626188,202083,203084,203457,203552","Cook, Matthews, Barnes, Noel, Curry",0,4,4,2,3,83.0
21600932,20170305,2,9,DAL,OKC,"1626188 Cook, 202083 Matthews, 203084 Barnes, 203457 Noel, 203552 Curry","1626188,202083,203084,203457,203552","Cook, Matthews, Barnes, Noel, Curry",0,2,4,1,3,39.0
21600932,20170305,2,10,DAL,OKC,"1626188 Cook, 202083 Matthews, 203084 Barnes, 203457 Noel, 203552 Curry","1626188,202083,203084,203457,203552","Cook, Matthews, Barnes, Noel, Curry",0,0,1,0,1,17.0
21600932,20170305,2,11,DAL,OKC,"1627812 Ferrell, 1717 Nowitzki, 202083 Matthews, 203084 Barnes, 203552 Curry","1627812,1717,202083,203084,203552","Ferrell, Nowitzki, Matthews, Barnes, Curry",0,6,2,5,4,99.0
21600932,20170305,2,12,DAL,OKC,"1627812 Ferrell, 1717 Nowitzki, 202083 Matthews, 203084 Barnes, 203552 Curry","1627812,1717,202083,203084,203552","Ferrell, Nowitzki, Matthews, Barnes, Curry",0,8,4,4,4,119.0
21600932,20170305,3,1,DAL,OKC,"1627812 Ferrell, 1717 Nowitzki, 202083 Matthews, 203084 Barnes, 203552 Curry","1627812,1717,202083,203084,203552","Ferrell, Nowitzki, Matthews, Barnes, Curry",0,0,0,1,0,20.0
21600932,20170305,3,2,DAL,OKC,"1627812 Ferrell, 1717 Nowitzki, 202083 Matthews, 203084 Barnes, 203552 Curry","1627812,1717,202083,203084,203552","Ferrell, Nowitzki, Matthews, Barnes, Curry",0,7,5,10,10,259.0
21600932,20170305,3,3,DAL,OKC,"1627812 Ferrell, 1717 Nowitzki, 202083 Matthews, 203084 Barnes, 203552 Curry","1627812,1717,202083,203084,203552","Ferrell, Nowitzki, Matthews, Barnes, Curry",0,3,0,2,1,37.0
21600932,20170305,3,4,DAL,OKC,"1627812 Ferrell, 1717 Nowitzki, 202083 Matthews, 203084 Barnes, 203552 Curry","1627812,1717,202083,203084,203552","Ferrell, Nowitzki, Matthews, Barnes, Curry",0,3,0,2,1,29.0
21600932,20170305,3,5,DAL,OKC,"1626188 Cook, 202083 Matthews, 203084 Barnes, 203457 Noel, 203552 Curry","1626188,202083,203084,203457,203552","Cook, Matthews, Barnes, Noel, Curry",0,3,0,1,1,47.0
21600932,20170305,3,6,DAL,OKC,"1626188 Cook, 202083 Matthews, 203084 Barnes, 203457 Noel, 203552 Curry","1626188,202083,203084,203457,203552","Cook, Matthews, Barnes, Noel, Curry",0,5,6,5,4,112.0
21600932,20170305,3,7,DAL,OKC,"1627812 Ferrell, 1717 Nowitzki, 202083 Matthews, 203457 Noel, 2734 Harris","1627812,1717,202083,203457,2734","Ferrell, Nowitzki, Matthews, Noel, Harris",0,7,7,7,6,153.0
21600932,20170305,3,8,DAL,OKC,"1627812 Ferrell, 1717 Nowitzki, 202083 Matthews, 203457 Noel, 2734 Harris","1627812,1717,202083,203457,2734","Ferrell, Nowitzki, Matthews, Noel, Harris",0,0,2,1,2,28.5
21600932,20170305,3,9,DAL,OKC,"1627812 Ferrell, 1717 Nowitzki, 202083 Matthews, 203084 Barnes, 2734 Harris","1627812,1717,202083,203084,2734","Ferrell, Nowitzki, Matthews, Barnes, Harris",0,0,1,2,1,24.6
21600932,20170305,3,10,DAL,OKC,"1627812 Ferrell, 1627827 Finney-Smith, 1717 Nowitzki, 203084 Barnes, 2734 Harris","1627812,1627827,1717,203084,2734","Ferrell, Finney-Smith, Nowitzki, Barnes, Harris",0,0,0,1,0,9.9
21600932,20170305,4,1,DAL,OKC,"1627812 Ferrell, 1627827 Finney-Smith, 1717 Nowitzki, 203084 Barnes, 2734 Harris","1627812,1627827,1717,203084,2734","Ferrell, Finney-Smith, Nowitzki, Barnes, Harris",0,0,0,0,1,13.0
21600932,20170305,4,2,DAL,OKC,"1627812 Ferrell, 1627827 Finney-Smith, 1717 Nowitzki, 203084 Barnes, 2734 Harris","1627812,1627827,1717,203084,2734","Ferrell, Finney-Smith, Nowitzki, Barnes, Harris",0,4,3,4,5,87.0
21600932,20170305,4,3,DAL,OKC,"1627812 Ferrell, 1627827 Finney-Smith, 1717 Nowitzki, 203084 Barnes, 2734 Harris","1627812,1627827,1717,203084,2734","Ferrell, Finney-Smith, Nowitzki, Barnes, Harris",0,0,2,3,2,69.0
21600932,20170305,4,4,DAL,OKC,"1626257 Mejri, 1627812 Ferrell, 1627827 Finney-Smith, 203084 Barnes, 203552 Curry","1626257,1627812,1627827,203084,203552","Mejri, Ferrell, Finney-Smith, Barnes, Curry",0,5,2,4,4,141.0
21600932,20170305,4,5,DAL,OKC,"1626257 Mejri, 1627812 Ferrell, 202083 Matthews, 203084 Barnes, 203552 Curry","1626257,1627812,202083,203084,203552","Mejri, Ferrell, Matthews, Barnes, Curry",0,0,0,2,2,28.0
21600932,20170305,4,6,DAL,OKC,"1626257 Mejri, 1627812 Ferrell, 202083 Matthews, 203084 Barnes, 203552 Curry","1626257,1627812,202083,203084,203552","Mejri, Ferrell, Matthews, Barnes, Curry",0,0,4,3,2,51.0
21600932,20170305,4,7,DAL,OKC,"1717 Nowitzki, 202083 Matthews, 203457 Noel, 203552 Curry, 2734 Harris","1717,202083,203457,203552,2734","Nowitzki, Matthews, Noel, Curry, Harris",0,5,0,5,4,129.0
21600932,20170305,4,8,DAL,OKC,"1717 Nowitzki, 202083 Matthews, 203457 Noel, 203552 Curry, 2734 Harris","1717,202083,203457,203552,2734","Nowitzki, Matthews, Noel, Curry, Harris",0,0,2,2,1,25.0
21600932,20170305,4,9,DAL,OKC,"1626188 Cook, 1627827 Finney-Smith, 1627852 Brussino, 203457 Noel, 203552 Curry","1626188,1627827,1627852,203457,203552","Cook, Finney-Smith, Brussino, Noel, Curry",0,0,0,1,0,2.0
21600932,20170305,4,10,DAL,OKC,"1626188 Cook, 1627827 Finney-Smith, 1627852 Brussino, 203457 Noel, 203552 Curry","1626188,1627827,1627852,203457,203552","Cook, Finney-Smith, Brussino, Noel, Curry",0,0,1,1,2,20.0
21600932,20170305,4,11,DAL,OKC,"1626188 Cook, 1627791 Bentil, 1627827 Finney-Smith, 1627852 Brussino, 203939 Powell","1626188,1627791,1627827,1627852,203939","Cook, Bentil, Finney-Smith, Brussino, Powell",0,2,4,7,7,155.0
21600947,20170307,1,1,DAL,LAL,"1627812 Ferrell, 1717 Nowitzki, 202083 Matthews, 203084 Barnes, 203552 Curry","1627812,1717,202083,203084,203552","Ferrell, Nowitzki, Matthews, Barnes, Curry",0,18,8,10,9,260.0
21600947,20170307,1,2,DAL,LAL,"1627812 Ferrell, 1717 Nowitzki, 202083 Matthews, 203084 Barnes, 203552 Curry","1627812,1717,202083,203084,203552","Ferrell, Nowitzki, Matthews, Barnes, Curry",0,3,6,2,5,71.0
21600947,20170307,1,3,DAL,LAL,"1626188 Cook, 202083 Matthews, 203084 Barnes, 203457 Noel, 203552 Curry","1626188,202083,203084,203457,203552","Cook, Matthews, Barnes, Noel, Curry",0,4,3,3,3,98.0
21600947,20170307,1,4,DAL,LAL,"1626188 Cook, 202083 Matthews, 203084 Barnes, 203457 Noel, 203552 Curry","1626188,202083,203084,203457,203552","Cook, Matthews, Barnes, Noel, Curry",0,2,4,5,4,99.0
21600947,20170307,1,5,DAL,LAL,"1627812 Ferrell, 1627827 Finney-Smith, 1717 Nowitzki, 203457 Noel, 2734 Harris","1627812,1627827,1717,203457,2734","Ferrell, Finney-Smith, Nowitzki, Noel, Harris",0,11,8,7,7,192.0
21600947,20170307,2,1,DAL,LAL,"1627812 Ferrell, 1627827 Finney-Smith, 1717 Nowitzki, 203457 Noel, 2734 Harris","1627812,1627827,1717,203457,2734","Ferrell, Finney-Smith, Nowitzki, Noel, Harris",0,0,0,1,0,10.0
21600947,20170307,2,2,DAL,LAL,"1627812 Ferrell, 1627827 Finney-Smith, 1717 Nowitzki, 203457 Noel, 2734 Harris","1627812,1627827,1717,203457,2734","Ferrell, Finney-Smith, Nowitzki, Noel, Harris",0,11,5,8,8,199.0
21600947,20170307,2,3,DAL,LAL,"1626188 Cook, 1627827 Finney-Smith, 203084 Barnes, 203457 Noel, 203552 Curry","1626188,1627827,203084,203457,203552","Cook, Finney-Smith, Barnes, Noel, Curry",0,4,4,4,4,116.0
21600947,20170307,2,4,DAL,LAL,"1626188 Cook, 1626257 Mejri, 202083 Matthews, 203084 Barnes, 203552 Curry","1626188,1626257,202083,203084,203552","Cook, Mejri, Matthews, Barnes, Curry",0,6,2,3,2,61.0
21600947,20170307,2,5,DAL,LAL,"1626188 Cook, 1626257 Mejri, 202083 Matthews, 203084 Barnes, 203552 Curry","1626188,1626257,202083,203084,203552","Cook, Mejri, Matthews, Barnes, Curry",0,5,3,5,4,142.0
21600947,20170307,2,6,DAL,LAL,"1627812 Ferrell, 1717 Nowitzki, 202083 Matthews, 203084 Barnes, 203552 Curry","1627812,1717,202083,203084,203552","Ferrell, Nowitzki, Matthews, Barnes, Curry",0,0,2,1,1,25.0
21600947,20170307,2,7,DAL,LAL,"1627812 Ferrell, 1717 Nowitzki, 202083 Matthews, 203084 Barnes, 2734 Harris","1627812,1717,202083,203084,2734","Ferrell, Nowitzki, Matthews, Barnes, Harris",0,4,5,5,5,134.5
21600947,20170307,2,8,DAL,LAL,"1627812 Ferrell, 202083 Matthews, 203084 Barnes, 203457 Noel, 2734 Harris","1627812,202083,203084,203457,2734","Ferrell, Matthews, Barnes, Noel, Harris",0,0,2,0,1,23.2
21600947,20170307,2,9,DAL,LAL,"1627812 Ferrell, 1627852 Brussino, 202083 Matthews, 203084 Barnes, 203457 Noel","1627812,1627852,202083,203084,203457","Ferrell, Brussino, Matthews, Barnes, Noel",0,2,0,2,0,9.3
21600947,20170307,3,1,DAL,LAL,"1627812 Ferrell, 1627852 Brussino, 202083 Matthews, 203084 Barnes, 203457 Noel","1627812,1627852,202083,203084,203457","Ferrell, Brussino, Matthews, Barnes, Noel",0,0,0,1,0,19.0
21600947,20170307,3,2,DAL,LAL,"1627812 Ferrell, 1717 Nowitzki, 202083 Matthews, 203084 Barnes, 203552 Curry","1627812,1717,202083,203084,203552","Ferrell, Nowitzki, Matthews, Barnes, Curry",0,17,16,14,12,321.0
21600947,20170307,3,3,DAL,LAL,"1627812 Ferrell, 202083 Matthews, 203084 Barnes, 203457 Noel, 203552 Curry","1627812,202083,203084,203457,203552","Ferrell, Matthews, Barnes, Noel, Curry",0,3,0,1,2,30.0
21600947,20170307,3,4,DAL,LAL,"202083 Matthews, 203084 Barnes, 203457 Noel, 203552 Curry, 2734 Harris","202083,203084,203457,203552,2734","Matthews, Barnes, Noel, Curry, Harris",0,6,0,4,3,106.0
21600947,20170307,3,5,DAL,LAL,"202083 Matthews, 203084 Barnes, 203457 Noel, 203552 Curry, 2734 Harris","202083,203084,203457,203552,2734","Matthews, Barnes, Noel, Curry, Harris",0,0,0,3,2,57.0
21600947,20170307,3,6,DAL,LAL,"1627812 Ferrell, 1717 Nowitzki, 202083 Matthews, 203457 Noel, 2734 Harris","1627812,1717,202083,203457,2734","Ferrell, Nowitzki, Matthews, Noel, Harris",0,3,4,2,4,61.0
21600947,20170307,3,7,DAL,LAL,"1627812 Ferrell, 1627827 Finney-Smith, 1717 Nowitzki, 203457 Noel, 203552 Curry","1627812,1627827,1717,203457,203552","Ferrell, Finney-Smith, Nowitzki, Noel, Curry",0,4,2,5,6,126.0
21600947,20170307,4,1,DAL,LAL,"1627812 Ferrell, 1627827 Finney-Smith, 1717 Nowitzki, 203457 Noel, 203552 Curry","1627812,1627827,1717,203457,203552","Ferrell, Finney-Smith, Nowitzki, Noel, Curry",0,0,0,0,1,17.0
21600947,20170307,4,2,DAL,LAL,"1627812 Ferrell, 1627827 Finney-Smith, 1717 Nowitzki, 203457 Noel, 203552 Curry","1627812,1627827,1717,203457,203552","Ferrell, Finney-Smith, Nowitzki, Noel, Curry",0,0,2,2,2,31.0
21600947,20170307,4,3,DAL,LAL,"1627812 Ferrell, 1627827 Finney-Smith, 203084 Barnes, 203457 Noel, 203552 Curry","1627812,1627827,203084,203457,203552","Ferrell, Finney-Smith, Barnes, Noel, Curry",0,8,6,7,7,186.0
21600947,20170307,4,4,DAL,LAL,"1626188 Cook, 1627827 Finney-Smith, 203084 Barnes, 203552 Curry, 203939 Powell","1626188,1627827,203084,203552,203939","Cook, Finney-Smith, Barnes, Curry, Powell",0,0,8,4,4,91.0
21600947,20170307,4,5,DAL,LAL,"1626188 Cook, 1627812 Ferrell, 1627827 Finney-Smith, 203084 Barnes, 203939 Powell","1626188,1627812,1627827,203084,203939","Cook, Ferrell, Finney-Smith, Barnes, Powell",0,3,5,4,3,105.0
21600947,20170307,4,6,DAL,LAL,"1626188 Cook, 1627812 Ferrell, 1627827 Finney-Smith, 203084 Barnes, 203939 Powell","1626188,1627812,1627827,203084,203939","Cook, Ferrell, Finney-Smith, Barnes, Powell",0,4,2,3,2,78.0
21600947,20170307,4,7,DAL,LAL,"1626188 Cook, 1627812 Ferrell, 1627827 Finney-Smith, 203084 Barnes, 203939 Powell","1626188,1627812,1627827,203084,203939","Cook, Ferrell, Finney-Smith, Barnes, Powell",0,2,2,2,2,44.0
21600947,20170307,4,8,DAL,LAL,"1626188 Cook, 1627791 Bentil, 1627827 Finney-Smith, 1627852 Brussino, 203939 Powell","1626188,1627791,1627827,1627852,203939","Cook, Bentil, Finney-Smith, Brussino, Powell",0,2,12,6,6,168.0
21600971,20170310,1,1,DAL,BKN,"1627812 Ferrell, 1717 Nowitzki, 202083 Matthews, 203084 Barnes, 203552 Curry","1627812,1717,202083,203084,203552","Ferrell, Nowitzki, Matthews, Barnes, Curry",0,9,10,11,12,328.0
21600971,20170310,1,2,DAL,BKN,"1626257 Mejri, 1627812 Ferrell, 202083 Matthews, 203084 Barnes, 203552 Curry","1626257,1627812,202083,203084,203552","Mejri, Ferrell, Matthews, Barnes, Curry",0,3,5,2,2,32.0
21600971,20170310,1,3,DAL,BKN,"1626257 Mejri, 1627812 Ferrell, 202083 Matthews, 203084 Barnes, 203552 Curry","1626257,1627812,202083,203084,203552","Mejri, Ferrell, Matthews, Barnes, Curry",0,0,0,1,0,16.0
21600971,20170310,1,4,DAL,BKN,"1626257 Mejri, 1627812 Ferrell, 202083 Matthews, 203084 Barnes, 203552 Curry","1626257,1627812,202083,203084,203552","Mejri, Ferrell, Matthews, Barnes, Curry",0,5,2,3,3,62.0
21600971,20170310,1,5,DAL,BKN,"1626257 Mejri, 1627812 Ferrell, 202083 Matthews, 203084 Barnes, 203552 Curry","1626257,1627812,202083,203084,203552","Mejri, Ferrell, Matthews, Barnes, Curry",0,2,2,3,4,53.0
21600971,20170310,1,6,DAL,BKN,"1626257 Mejri, 200826 Barea, 202083 Matthews, 203084 Barnes, 2734 Harris","1626257,200826,202083,203084,2734","Mejri, Barea, Matthews, Barnes, Harris",0,0,2,1,1,32.0
21600971,20170310,1,7,DAL,BKN,"200826 Barea, 202083 Matthews, 203084 Barnes, 203939 Powell, 2734 Harris","200826,202083,203084,203939,2734","Barea, Matthews, Barnes, Powell, Harris",0,1,3,3,2,57.0
21600971,20170310,1,8,DAL,BKN,"1627827 Finney-Smith, 200826 Barea, 203084 Barnes, 203939 Powell, 2734 Harris","1627827,200826,203084,203939,2734","Finney-Smith, Barea, Barnes, Powell, Harris",0,0,0,2,2,60.0
21600971,20170310,1,9,DAL,BKN,"1627827 Finney-Smith, 1717 Nowitzki, 200826 Barea, 203939 Powell, 2734 Harris","1627827,1717,200826,203939,2734","Finney-Smith, Nowitzki, Barea, Powell, Harris",0,3,2,3,2,80.0
21600971,20170310,2,1,DAL,BKN,"1627827 Finney-Smith, 1717 Nowitzki, 200826 Barea, 203939 Powell, 2734 Harris","1627827,1717,200826,203939,2734","Finney-Smith, Nowitzki, Barea, Powell, Harris",0,0,0,1,0,18.0
21600971,20170310,2,2,DAL,BKN,"1627827 Finney-Smith, 1717 Nowitzki, 200826 Barea, 203939 Powell, 2734 Harris","1627827,1717,200826,203939,2734","Finney-Smith, Nowitzki, Barea, Powell, Harris",0,12,10,7,7,169.0
21600971,20170310,2,3,DAL,BKN,"1627812 Ferrell, 1627827 Finney-Smith, 1717 Nowitzki, 203939 Powell, 2734 Harris","1627812,1627827,1717,203939,2734","Ferrell, Finney-Smith, Nowitzki, Powell, Harris",0,0,1,0,1,11.0
21600971,20170310,2,4,DAL,BKN,"1627812 Ferrell, 1627827 Finney-Smith, 203084 Barnes, 203939 Powell, 2734 Harris","1627812,1627827,203084,203939,2734","Ferrell, Finney-Smith, Barnes, Powell, Harris",0,0,2,2,3,76.0
21600971,20170310,2,5,DAL,BKN,"1627812 Ferrell, 202083 Matthews, 203084 Barnes, 203939 Powell, 2734 Harris","1627812,202083,203084,203939,2734","Ferrell, Matthews, Barnes, Powell, Harris",0,0,2,1,1,19.0
21600971,20170310,2,6,DAL,BKN,"1626257 Mejri, 1627812 Ferrell, 202083 Matthews, 203084 Barnes, 203552 Curry","1626257,1627812,202083,203084,203552","Mejri, Ferrell, Matthews, Barnes, Curry",0,3,0,2,0,16.0
21600971,20170310,2,7,DAL,BKN,"1626257 Mejri, 1627812 Ferrell, 202083 Matthews, 203084 Barnes, 203552 Curry","1626257,1627812,202083,203084,203552","Mejri, Ferrell, Matthews, Barnes, Curry",0,0,2,3,3,115.0
21600971,20170310,2,8,DAL,BKN,"1626257 Mejri, 1627812 Ferrell, 202083 Matthews, 203084 Barnes, 203552 Curry","1626257,1627812,202083,203084,203552","Mejri, Ferrell, Matthews, Barnes, Curry",0,8,0,7,6,167.0
21600971,20170310,2,9,DAL,BKN,"1627812 Ferrell, 1717 Nowitzki, 202083 Matthews, 203084 Barnes, 203552 Curry","1627812,1717,202083,203084,203552","Ferrell, Nowitzki, Matthews, Barnes, Curry",0,0,6,4,3,104.6
21600971,20170310,2,10,DAL,BKN,"1627812 Ferrell, 1717 Nowitzki, 202083 Matthews, 203084 Barnes, 203552 Curry","1627812,1717,202083,203084,203552","Ferrell, Nowitzki, Matthews, Barnes, Curry",0,0,0,1,0,24.4
21600971,20170310,3,1,DAL,BKN,"1627812 Ferrell, 1717 Nowitzki, 202083 Matthews, 203084 Barnes, 203552 Curry","1627812,1717,202083,203084,203552","Ferrell, Nowitzki, Matthews, Barnes, Curry",0,0,0,1,0,20.0
21600971,20170310,3,2,DAL,BKN,"1627812 Ferrell, 1717 Nowitzki, 202083 Matthews, 203084 Barnes, 203552 Curry","1627812,1717,202083,203084,203552","Ferrell, Nowitzki, Matthews, Barnes, Curry",0,10,9,10,11,305.0
21600971,20170310,3,3,DAL,BKN,"1627812 Ferrell, 1717 Nowitzki, 202083 Matthews, 203084 Barnes, 203552 Curry","1627812,1717,202083,203084,203552","Ferrell, Nowitzki, Matthews, Barnes, Curry",0,0,0,2,1,28.0
21600971,20170310,3,4,DAL,BKN,"1626257 Mejri, 1627812 Ferrell, 202083 Matthews, 203084 Barnes, 203552 Curry","1626257,1627812,202083,203084,203552","Mejri, Ferrell, Matthews, Barnes, Curry",0,0,0,1,0,14.0
21600971,20170310,3,5,DAL,BKN,"1626257 Mejri, 1627812 Ferrell, 202083 Matthews, 203084 Barnes, 203552 Curry","1626257,1627812,202083,203084,203552","Mejri, Ferrell, Matthews, Barnes, Curry",0,2,3,2,2,58.0
21600971,20170310,3,6,DAL,BKN,"1626257 Mejri, 200826 Barea, 202083 Matthews, 203084 Barnes, 203552 Curry","1626257,200826,202083,203084,203552","Mejri, Barea, Matthews, Barnes, Curry",0,13,9,10,12,239.5
21600971,20170310,3,7,DAL,BKN,"1626257 Mejri, 1627827 Finney-Smith, 1717 Nowitzki, 200826 Barea, 2734 Harris","1626257,1627827,1717,200826,2734","Mejri, Finney-Smith, Nowitzki, Barea, Harris",0,2,3,3,3,44.0
21600971,20170310,3,8,DAL,BKN,"1627827 Finney-Smith, 1717 Nowitzki, 200826 Barea, 203084 Barnes, 2734 Harris","1627827,1717,200826,203084,2734","Finney-Smith, Nowitzki, Barea, Barnes, Harris",0,1,0,2,0,5.5
21600971,20170310,3,9,DAL,BKN,"1627812 Ferrell, 1627827 Finney-Smith, 203084 Barnes, 203939 Powell, 2734 Harris","1627812,1627827,203084,203939,2734","Ferrell, Finney-Smith, Barnes, Powell, Harris",0,0,0,1,0,6.0
21600971,20170310,4,1,DAL,BKN,"1627827 Finney-Smith, 1717 Nowitzki, 203084 Barnes, 203939 Powell, 2734 Harris","1627827,1717,203084,203939,2734","Finney-Smith, Nowitzki, Barnes, Powell, Harris",0,6,2,4,4,134.0
21600971,20170310,4,2,DAL,BKN,"1627827 Finney-Smith, 1717 Nowitzki, 203084 Barnes, 203939 Powell, 2734 Harris","1627827,1717,203084,203939,2734","Finney-Smith, Nowitzki, Barnes, Powell, Harris",0,0,5,4,3,91.0
21600971,20170310,4,3,DAL,BKN,"1627812 Ferrell, 1627827 Finney-Smith, 203084 Barnes, 203939 Powell, 2734 Harris","1627812,1627827,203084,203939,2734","Ferrell, Finney-Smith, Barnes, Powell, Harris",0,3,0,2,1,33.0
21600971,20170310,4,4,DAL,BKN,"1627812 Ferrell, 1627827 Finney-Smith, 203084 Barnes, 203939 Powell, 2734 Harris","1627812,1627827,203084,203939,2734","Ferrell, Finney-Smith, Barnes, Powell, Harris",0,0,0,2,2,28.0
21600971,20170310,4,5,DAL,BKN,"1627812 Ferrell, 1627827 Finney-Smith, 203084 Barnes, 203939 Powell, 2734 Harris","1627812,1627827,203084,203939,2734","Ferrell, Finney-Smith, Barnes, Powell, Harris",0,0,0,2,1,33.0
21600971,20170310,4,6,DAL,BKN,"1627812 Ferrell, 202083 Matthews, 203084 Barnes, 203552 Curry, 203939 Powell","1627812,202083,203084,203552,203939","Ferrell, Matthews, Barnes, Curry, Powell",0,0,0,2,2,45.0
21600971,20170310,4,7,DAL,BKN,"1627812 Ferrell, 202083 Matthews, 203084 Barnes, 203552 Curry, 203939 Powell","1627812,202083,203084,203552,203939","Ferrell, Matthews, Barnes, Curry, Powell",0,2,1,1,2,51.0
21600971,20170310,4,8,DAL,BKN,"1627812 Ferrell, 202083 Matthews, 203084 Barnes, 203552 Curry, 203939 Powell","1627812,202083,203084,203552,203939","Ferrell, Matthews, Barnes, Curry, Powell",0,0,0,0,1,17.0
21600971,20170310,4,9,DAL,BKN,"1627812 Ferrell, 202083 Matthews, 203084 Barnes, 203552 Curry, 203939 Powell","1627812,202083,203084,203552,203939","Ferrell, Matthews, Barnes, Curry, Powell",0,13,5,7,7,184.0
21600971,20170310,4,10,DAL,BKN,"1627812 Ferrell, 1627827 Finney-Smith, 203084 Barnes, 203552 Curry, 203939 Powell","1627812,1627827,203084,203552,203939","Ferrell, Finney-Smith, Barnes, Curry, Powell",0,0,2,1,1,13.0
21600971,20170310,4,11,DAL,BKN,"1627784 Uthoff, 1627812 Ferrell, 1627827 Finney-Smith, 202412 Harris, 203939 Powell","1627784,1627812,1627827,202412,203939","Uthoff, Ferrell, Finney-Smith, Harris, Powell",0,3,8,4,5,91.0
21600982,20170311,1,1,DAL,PHX,"1627812 Ferrell, 1717 Nowitzki, 202083 Matthews, 203084 Barnes, 203552 Curry","1627812,1717,202083,203084,203552","Ferrell, Nowitzki, Matthews, Barnes, Curry",0,13,10,13,13,346.0
21600982,20170311,1,2,DAL,PHX,"1626257 Mejri, 1627812 Ferrell, 202083 Matthews, 203084 Barnes, 203552 Curry","1626257,1627812,202083,203084,203552","Mejri, Ferrell, Matthews, Barnes, Curry",0,2,6,3,3,79.0
21600982,20170311,1,3,DAL,PHX,"1627812 Ferrell, 202083 Matthews, 203084 Barnes, 203552 Curry, 203939 Powell","1627812,202083,203084,203552,203939","Ferrell, Matthews, Barnes, Curry, Powell",0,2,5,2,2,38.0
21600982,20170311,1,4,DAL,PHX,"200826 Barea, 202083 Matthews, 203084 Barnes, 203552 Curry, 203939 Powell","200826,202083,203084,203552,203939","Barea, Matthews, Barnes, Curry, Powell",0,3,2,5,5,135.0
21600982,20170311,1,5,DAL,PHX,"1717 Nowitzki, 200826 Barea, 202083 Matthews, 203939 Powell, 2734 Harris","1717,200826,202083,203939,2734","Nowitzki, Barea, Matthews, Powell, Harris",0,4,2,3,4,122.0
21600982,20170311,2,1,DAL,PHX,"1717 Nowitzki, 200826 Barea, 202083 Matthews, 203939 Powell, 2734 Harris","1717,200826,202083,203939,2734","Nowitzki, Barea, Matthews, Powell, Harris",0,0,0,1,0,18.0
21600982,20170311,2,2,DAL,PHX,"1626257 Mejri, 1627827 Finney-Smith, 1717 Nowitzki, 200826 Barea, 2734 Harris","1626257,1627827,1717,200826,2734","Mejri, Finney-Smith, Nowitzki, Barea, Harris",0,8,1,8,8,192.0
21600982,20170311,2,3,DAL,PHX,"1626257 Mejri, 1627812 Ferrell, 1627827 Finney-Smith, 1717 Nowitzki, 2734 Harris","1626257,1627812,1627827,1717,2734","Mejri, Ferrell, Finney-Smith, Nowitzki, Harris",0,2,2,2,3,75.0
21600982,20170311,2,4,DAL,PHX,"1626257 Mejri, 1627812 Ferrell, 1627827 Finney-Smith, 1717 Nowitzki, 2734 Harris","1626257,1627812,1627827,1717,2734","Mejri, Ferrell, Finney-Smith, Nowitzki, Harris",0,0,0,0,1,19.0
21600982,20170311,2,5,DAL,PHX,"1626257 Mejri, 1627812 Ferrell, 1627827 Finney-Smith, 203084 Barnes, 203552 Curry","1626257,1627812,1627827,203084,203552","Mejri, Ferrell, Finney-Smith, Barnes, Curry",0,2,2,5,4,123.0
21600982,20170311,2,6,DAL,PHX,"1626257 Mejri, 1627812 Ferrell, 202083 Matthews, 203084 Barnes, 203552 Curry","1626257,1627812,202083,203084,203552","Mejri, Ferrell, Matthews, Barnes, Curry",0,2,6,4,3,98.0
21600982,20170311,2,7,DAL,PHX,"1627812 Ferrell, 1717 Nowitzki, 202083 Matthews, 203084 Barnes, 203552 Curry","1627812,1717,202083,203084,203552","Ferrell, Nowitzki, Matthews, Barnes, Curry",0,2,0,1,0,19.0
21600982,20170311,2,8,DAL,PHX,"1627812 Ferrell, 1717 Nowitzki, 202083 Matthews, 203084 Barnes, 203552 Curry","1627812,1717,202083,203084,203552","Ferrell, Nowitzki, Matthews, Barnes, Curry",0,7,9,6,7,174.7
21600982,20170311,2,9,DAL,PHX,"1717 Nowitzki, 202083 Matthews, 203084 Barnes, 203552 Curry, 2734 Harris","1717,202083,203084,203552,2734","Nowitzki, Matthews, Barnes, Curry, Harris",0,0,0,0,0,1.3
21600982,20170311,3,1,DAL,PHX,"1717 Nowitzki, 202083 Matthews, 203084 Barnes, 203552 Curry, 2734 Harris","1717,202083,203084,203552,2734","Nowitzki, Matthews, Barnes, Curry, Harris",0,0,0,1,0,17.0
21600982,20170311,3,2,DAL,PHX,"1627812 Ferrell, 1717 Nowitzki, 202083 Matthews, 203084 Barnes, 203552 Curry","1627812,1717,202083,203084,203552","Ferrell, Nowitzki, Matthews, Barnes, Curry",0,5,5,7,6,158.0
21600982,20170311,3,3,DAL,PHX,"1627812 Ferrell, 1717 Nowitzki, 202083 Matthews, 203084 Barnes, 203552 Curry","1627812,1717,202083,203084,203552","Ferrell, Nowitzki, Matthews, Barnes, Curry",0,2,4,4,4,108.0
21600982,20170311,3,4,DAL,PHX,"1626257 Mejri, 202083 Matthews, 203084 Barnes, 203552 Curry, 2734 Harris","1626257,202083,203084,203552,2734","Mejri, Matthews, Barnes, Curry, Harris",0,8,8,5,5,147.0
21600982,20170311,3,5,DAL,PHX,"1626257 Mejri, 202083 Matthews, 203084 Barnes, 203552 Curry, 2734 Harris","1626257,202083,203084,203552,2734","Mejri, Matthews, Barnes, Curry, Harris",0,1,0,2,2,52.0
21600982,20170311,3,6,DAL,PHX,"1626257 Mejri, 202083 Matthews, 203084 Barnes, 203552 Curry, 2734 Harris","1626257,202083,203084,203552,2734","Mejri, Matthews, Barnes, Curry, Harris",0,1,0,1,0,17.0
21600982,20170311,3,7,DAL,PHX,"1626257 Mejri, 202083 Matthews, 203084 Barnes, 203552 Curry, 2734 Harris","1626257,202083,203084,203552,2734","Mejri, Matthews, Barnes, Curry, Harris",0,3,7,6,6,125.0
21600982,20170311,3,8,DAL,PHX,"1717 Nowitzki, 200826 Barea, 202083 Matthews, 203939 Powell, 2734 Harris","1717,200826,202083,203939,2734","Nowitzki, Barea, Matthews, Powell, Harris",0,2,3,3,2,96.0
21600982,20170311,4,1,DAL,PHX,"1717 Nowitzki, 200826 Barea, 202083 Matthews, 203939 Powell, 2734 Harris","1717,200826,202083,203939,2734","Nowitzki, Barea, Matthews, Powell, Harris",0,0,0,0,1,10.0
21600982,20170311,4,2,DAL,PHX,"1627827 Finney-Smith, 1717 Nowitzki, 200826 Barea, 203939 Powell, 2734 Harris","1627827,1717,200826,203939,2734","Finney-Smith, Nowitzki, Barea, Powell, Harris",0,3,5,7,7,186.0
21600982,20170311,4,3,DAL,PHX,"1627812 Ferrell, 1627827 Finney-Smith, 1717 Nowitzki, 200826 Barea, 203084 Barnes","1627812,1627827,1717,200826,203084","Ferrell, Finney-Smith, Nowitzki, Barea, Barnes",0,12,4,6,6,187.0
21600982,20170311,4,4,DAL,PHX,"1627812 Ferrell, 202083 Matthews, 203084 Barnes, 203552 Curry, 2734 Harris","1627812,202083,203084,203552,2734","Ferrell, Matthews, Barnes, Curry, Harris",0,2,0,1,1,27.0
21600982,20170311,4,5,DAL,PHX,"1627812 Ferrell, 202083 Matthews, 203084 Barnes, 203552 Curry, 2734 Harris","1627812,202083,203084,203552,2734","Ferrell, Matthews, Barnes, Curry, Harris",0,7,11,5,7,155.0
21600982,20170311,4,6,DAL,PHX,"1717 Nowitzki, 202083 Matthews, 203084 Barnes, 203552 Curry, 2734 Harris","1717,202083,203084,203552,2734","Nowitzki, Matthews, Barnes, Curry, Harris",0,5,6,4,5,144.9
21600982,20170311,4,7,DAL,PHX,"1627812 Ferrell, 202083 Matthews, 203084 Barnes, 203552 Curry, 2734 Harris","1627812,202083,203084,203552,2734","Ferrell, Matthews, Barnes, Curry, Harris",0,0,2,0,1,10.1
21600992,20170313,1,1,DAL,TOR,"1627812 Ferrell, 1717 Nowitzki, 202083 Matthews, 203084 Barnes, 203552 Curry","1627812,1717,202083,203084,203552","Ferrell, Nowitzki, Matthews, Barnes, Curry",0,13,11,11,11,346.0
21600992,20170313,1,2,DAL,TOR,"1626257 Mejri, 1627812 Ferrell, 202083 Matthews, 203084 Barnes, 203552 Curry","1626257,1627812,202083,203084,203552","Mejri, Ferrell, Matthews, Barnes, Curry",0,7,6,4,4,165.0
21600992,20170313,1,3,DAL,TOR,"1626257 Mejri, 200826 Barea, 202083 Matthews, 203084 Barnes, 2734 Harris","1626257,200826,202083,203084,2734","Mejri, Barea, Matthews, Barnes, Harris",0,2,6,4,4,87.0
21600992,20170313,1,4,DAL,TOR,"200826 Barea, 202083 Matthews, 203084 Barnes, 203939 Powell, 2734 Harris","200826,202083,203084,203939,2734","Barea, Matthews, Barnes, Powell, Harris",0,1,2,4,3,73.2
21600992,20170313,1,5,DAL,TOR,"1717 Nowitzki, 200826 Barea, 202083 Matthews, 203939 Powell, 2734 Harris","1717,200826,202083,203939,2734","Nowitzki, Barea, Matthews, Powell, Harris",0,3,0,3,1,46.0
21600992,20170313,1,6,DAL,TOR,"1627827 Finney-Smith, 200826 Barea, 202083 Matthews, 203939 Powell, 2734 Harris","1627827,200826,202083,203939,2734","Finney-Smith, Barea, Matthews, Powell, Harris",0,0,0,0,1,2.8
21600992,20170313,2,1,DAL,TOR,"1627827 Finney-Smith, 200826 Barea, 202083 Matthews, 203939 Powell, 2734 Harris","1627827,200826,202083,203939,2734","Finney-Smith, Barea, Matthews, Powell, Harris",0,11,10,12,10,311.0
21600992,20170313,2,2,DAL,TOR,"200826 Barea, 202083 Matthews, 203084 Barnes, 203552 Curry, 203939 Powell","200826,202083,203084,203552,203939","Barea, Matthews, Barnes, Curry, Powell",0,0,5,1,3,54.0
21600992,20170313,2,3,DAL,TOR,"1626257 Mejri, 200826 Barea, 202083 Matthews, 203084 Barnes, 203552 Curry","1626257,200826,202083,203084,203552","Mejri, Barea, Matthews, Barnes, Curry",0,0,2,2,1,24.0
21600992,20170313,2,4,DAL,TOR,"1626257 Mejri, 1627812 Ferrell, 202083 Matthews, 203084 Barnes, 203552 Curry","1626257,1627812,202083,203084,203552","Mejri, Ferrell, Matthews, Barnes, Curry",0,2,3,4,4,137.0
21600992,20170313,2,5,DAL,TOR,"1627812 Ferrell, 1717 Nowitzki, 202083 Matthews, 203084 Barnes, 203552 Curry","1627812,1717,202083,203084,203552","Ferrell, Nowitzki, Matthews, Barnes, Curry",0,3,3,5,6,127.0
21600992,20170313,2,6,DAL,TOR,"1627812 Ferrell, 1627827 Finney-Smith, 1717 Nowitzki, 203084 Barnes, 203552 Curry","1627812,1627827,1717,203084,203552","Ferrell, Finney-Smith, Nowitzki, Barnes, Curry",0,2,2,2,2,67.0
21600992,20170313,3,1,DAL,TOR,"1627812 Ferrell, 1627827 Finney-Smith, 1717 Nowitzki, 203084 Barnes, 203552 Curry","1627812,1627827,1717,203084,203552","Ferrell, Finney-Smith, Nowitzki, Barnes, Curry",0,16,19,16,15,471.0
21600992,20170313,3,2,DAL,TOR,"1627827 Finney-Smith, 200826 Barea, 203084 Barnes, 203552 Curry, 203939 Powell","1627827,200826,203084,203552,203939","Finney-Smith, Barea, Barnes, Curry, Powell",0,2,2,2,1,57.0
21600992,20170313,3,3,DAL,TOR,"1627827 Finney-Smith, 200826 Barea, 203084 Barnes, 203552 Curry, 203939 Powell","1627827,200826,203084,203552,203939","Finney-Smith, Barea, Barnes, Curry, Powell",0,0,0,1,1,27.0
21600992,20170313,3,4,DAL,TOR,"1627827 Finney-Smith, 200826 Barea, 203084 Barnes, 203552 Curry, 203939 Powell","1627827,200826,203084,203552,203939","Finney-Smith, Barea, Barnes, Curry, Powell",0,0,2,0,1,8.0
21600992,20170313,3,5,DAL,TOR,"1627827 Finney-Smith, 200826 Barea, 203084 Barnes, 203552 Curry, 203939 Powell","1627827,200826,203084,203552,203939","Finney-Smith, Barea, Barnes, Curry, Powell",0,2,2,3,3,75.0
21600992,20170313,3,6,DAL,TOR,"1627827 Finney-Smith, 200826 Barea, 203084 Barnes, 203552 Curry, 203939 Powell","1627827,200826,203084,203552,203939","Finney-Smith, Barea, Barnes, Curry, Powell",0,0,4,3,3,78.3
21600992,20170313,3,7,DAL,TOR,"1627852 Brussino, 200826 Barea, 203084 Barnes, 203552 Curry, 203939 Powell","1627852,200826,203084,203552,203939","Brussino, Barea, Barnes, Curry, Powell",0,0,0,0,1,3.7
21600992,20170313,4,1,DAL,TOR,"1627852 Brussino, 200826 Barea, 203084 Barnes, 203552 Curry, 203939 Powell","1627852,200826,203084,203552,203939","Brussino, Barea, Barnes, Curry, Powell",0,0,0,0,1,14.0
21600992,20170313,4,2,DAL,TOR,"1627852 Brussino, 1717 Nowitzki, 200826 Barea, 203939 Powell, 2734 Harris","1627852,1717,200826,203939,2734","Brussino, Nowitzki, Barea, Powell, Harris",0,0,2,6,6,166.0
21600992,20170313,4,3,DAL,TOR,"1627812 Ferrell, 1627852 Brussino, 1717 Nowitzki, 203084 Barnes, 2734 Harris","1627812,1627852,1717,203084,2734","Ferrell, Brussino, Nowitzki, Barnes, Harris",0,0,3,4,3,101.0
21600992,20170313,4,4,DAL,TOR,"1627812 Ferrell, 1627852 Brussino, 1717 Nowitzki, 203084 Barnes, 203552 Curry","1627812,1627852,1717,203084,203552","Ferrell, Brussino, Nowitzki, Barnes, Curry",0,3,5,3,2,83.0
21600992,20170313,4,5,DAL,TOR,"1627812 Ferrell, 1627852 Brussino, 1717 Nowitzki, 203084 Barnes, 203552 Curry","1627812,1627852,1717,203084,203552","Ferrell, Brussino, Nowitzki, Barnes, Curry",0,1,0,1,0,21.0
21600992,20170313,4,6,DAL,TOR,"1627812 Ferrell, 1627852 Brussino, 203084 Barnes, 203552 Curry, 203939 Powell","1627812,1627852,203084,203552,203939","Ferrell, Brussino, Barnes, Curry, Powell",0,3,5,4,4,118.0
21600992,20170313,4,7,DAL,TOR,"1627812 Ferrell, 1627852 Brussino, 203084 Barnes, 203552 Curry, 203939 Powell","1627812,1627852,203084,203552,203939","Ferrell, Brussino, Barnes, Curry, Powell",0,0,0,1,0,9.0
21600992,20170313,4,8,DAL,TOR,"1627812 Ferrell, 1627852 Brussino, 203084 Barnes, 203552 Curry, 203939 Powell","1627812,1627852,203084,203552,203939","Ferrell, Brussino, Barnes, Curry, Powell",0,0,0,1,1,19.0
21600992,20170313,4,9,DAL,TOR,"1627812 Ferrell, 1627852 Brussino, 203084 Barnes, 203552 Curry, 203939 Powell","1627812,1627852,203084,203552,203939","Ferrell, Brussino, Barnes, Curry, Powell",0,4,6,7,8,189.0
21601004,20170315,1,1,DAL,WAS,"1627812 Ferrell, 1627827 Finney-Smith, 1717 Nowitzki, 203084 Barnes, 203552 Curry","1627812,1627827,1717,203084,203552","Ferrell, Finney-Smith, Nowitzki, Barnes, Curry",0,6,10,6,7,224.0
21601004,20170315,1,2,DAL,WAS,"1627827 Finney-Smith, 1717 Nowitzki, 200826 Barea, 203084 Barnes, 203552 Curry","1627827,1717,200826,203084,203552","Finney-Smith, Nowitzki, Barea, Barnes, Curry",0,7,7,4,4,112.0
21601004,20170315,1,3,DAL,WAS,"1627827 Finney-Smith, 200826 Barea, 203084 Barnes, 203457 Noel, 203552 Curry","1627827,200826,203084,203457,203552","Finney-Smith, Barea, Barnes, Noel, Curry",0,4,4,4,4,117.0
21601004,20170315,1,4,DAL,WAS,"1627852 Brussino, 200826 Barea, 203084 Barnes, 203457 Noel, 2734 Harris","1627852,200826,203084,203457,2734","Brussino, Barea, Barnes, Noel, Harris",0,10,9,5,6,149.0
21601004,20170315,1,5,DAL,WAS,"1627852 Brussino, 1717 Nowitzki, 200826 Barea, 203457 Noel, 2734 Harris","1627852,1717,200826,203457,2734","Brussino, Nowitzki, Barea, Noel, Harris",0,0,5,1,2,28.0
21601004,20170315,1,6,DAL,WAS,"1627852 Brussino, 1717 Nowitzki, 200826 Barea, 203457 Noel, 2734 Harris","1627852,1717,200826,203457,2734","Brussino, Nowitzki, Barea, Noel, Harris",0,5,4,3,3,90.0
21601004,20170315,2,1,DAL,WAS,"1627852 Brussino, 1717 Nowitzki, 200826 Barea, 203457 Noel, 2734 Harris","1627852,1717,200826,203457,2734","Brussino, Nowitzki, Barea, Noel, Harris",0,0,0,1,0,13.0
21601004,20170315,2,2,DAL,WAS,"1626257 Mejri, 1627852 Brussino, 1717 Nowitzki, 200826 Barea, 2734 Harris","1626257,1627852,1717,200826,2734","Mejri, Brussino, Nowitzki, Barea, Harris",0,2,2,2,1,25.0
21601004,20170315,2,3,DAL,WAS,"1626257 Mejri, 1627852 Brussino, 1717 Nowitzki, 203552 Curry, 2734 Harris","1626257,1627852,1717,203552,2734","Mejri, Brussino, Nowitzki, Curry, Harris",0,4,2,6,5,144.0
21601004,20170315,2,4,DAL,WAS,"1626257 Mejri, 1627852 Brussino, 203084 Barnes, 203552 Curry, 2734 Harris","1626257,1627852,203084,203552,2734","Mejri, Brussino, Barnes, Curry, Harris",0,1,3,3,1,37.0
21601004,20170315,2,5,DAL,WAS,"1626257 Mejri, 1627812 Ferrell, 1627827 Finney-Smith, 203084 Barnes, 203552 Curry","1626257,1627812,1627827,203084,203552","Mejri, Ferrell, Finney-Smith, Barnes, Curry",0,3,0,3,2,51.0
21601004,20170315,2,6,DAL,WAS,"1626257 Mejri, 1627812 Ferrell, 1627827 Finney-Smith, 203084 Barnes, 203552 Curry","1626257,1627812,1627827,203084,203552","Mejri, Ferrell, Finney-Smith, Barnes, Curry",0,2,2,3,3,64.0
21601004,20170315,2,7,DAL,WAS,"1627812 Ferrell, 1627827 Finney-Smith, 203084 Barnes, 203457 Noel, 203552 Curry","1627812,1627827,203084,203457,203552","Ferrell, Finney-Smith, Barnes, Noel, Curry",0,0,0,2,2,65.0
21601004,20170315,2,8,DAL,WAS,"1627812 Ferrell, 1627827 Finney-Smith, 203084 Barnes, 203457 Noel, 203552 Curry","1627812,1627827,203084,203457,203552","Ferrell, Finney-Smith, Barnes, Noel, Curry",0,0,2,2,1,46.0
21601004,20170315,2,9,DAL,WAS,"1717 Nowitzki, 200826 Barea, 203084 Barnes, 203457 Noel, 203552 Curry","1717,200826,203084,203457,203552","Nowitzki, Barea, Barnes, Noel, Curry",0,7,5,6,6,179.0
21601004,20170315,2,10,DAL,WAS,"1717 Nowitzki, 200826 Barea, 203084 Barnes, 203457 Noel, 203552 Curry","1717,200826,203084,203457,203552","Nowitzki, Barea, Barnes, Noel, Curry",0,0,2,1,1,22.0
21601004,20170315,2,11,DAL,WAS,"1717 Nowitzki, 200826 Barea, 203084 Barnes, 203457 Noel, 203552 Curry","1717,200826,203084,203457,203552","Nowitzki, Barea, Barnes, Noel, Curry",0,2,0,3,3,74.0
21601004,20170315,3,1,DAL,WAS,"1717 Nowitzki, 200826 Barea, 203084 Barnes, 203457 Noel, 203552 Curry","1717,200826,203084,203457,203552","Nowitzki, Barea, Barnes, Noel, Curry",0,0,0,1,0,24.0
21601004,20170315,3,2,DAL,WAS,"1627812 Ferrell, 1627827 Finney-Smith, 1717 Nowitzki, 203084 Barnes, 203552 Curry","1627812,1627827,1717,203084,203552","Ferrell, Finney-Smith, Nowitzki, Barnes, Curry",0,4,6,6,6,192.0
21601004,20170315,3,3,DAL,WAS,"1627827 Finney-Smith, 1717 Nowitzki, 200826 Barea, 203084 Barnes, 2734 Harris","1627827,1717,200826,203084,2734","Finney-Smith, Nowitzki, Barea, Barnes, Harris",0,5,8,9,9,249.0
21601004,20170315,3,4,DAL,WAS,"1627852 Brussino, 200826 Barea, 203084 Barnes, 203457 Noel, 2734 Harris","1627852,200826,203084,203457,2734","Brussino, Barea, Barnes, Noel, Harris",0,6,5,5,4,106.0
21601004,20170315,3,5,DAL,WAS,"1627852 Brussino, 200826 Barea, 203084 Barnes, 203457 Noel, 2734 Harris","1627852,200826,203084,203457,2734","Brussino, Barea, Barnes, Noel, Harris",0,0,3,3,2,51.0
21601004,20170315,3,6,DAL,WAS,"1627812 Ferrell, 1627852 Brussino, 203084 Barnes, 203457 Noel, 203552 Curry","1627812,1627852,203084,203457,203552","Ferrell, Brussino, Barnes, Noel, Curry",0,5,1,3,3,98.0
21601004,20170315,4,1,DAL,WAS,"1627812 Ferrell, 1627852 Brussino, 203084 Barnes, 203457 Noel, 203552 Curry","1627812,1627852,203084,203457,203552","Ferrell, Brussino, Barnes, Noel, Curry",0,0,0,0,1,10.0
21601004,20170315,4,2,DAL,WAS,"1627812 Ferrell, 1627852 Brussino, 1717 Nowitzki, 203457 Noel, 203552 Curry","1627812,1627852,1717,203457,203552","Ferrell, Brussino, Nowitzki, Noel, Curry",0,8,2,3,4,80.0
21601004,20170315,4,3,DAL,WAS,"1627812 Ferrell, 1627852 Brussino, 1717 Nowitzki, 203457 Noel, 203552 Curry","1627812,1627852,1717,203457,203552","Ferrell, Brussino, Nowitzki, Noel, Curry",0,3,5,4,4,117.0
21601004,20170315,4,4,DAL,WAS,"1627812 Ferrell, 1627852 Brussino, 1717 Nowitzki, 203084 Barnes, 203552 Curry","1627812,1627852,1717,203084,203552","Ferrell, Brussino, Nowitzki, Barnes, Curry",0,3,0,3,2,56.0
21601004,20170315,4,5,DAL,WAS,"1627812 Ferrell, 1627852 Brussino, 1717 Nowitzki, 203084 Barnes, 203552 Curry","1627812,1627852,1717,203084,203552","Ferrell, Brussino, Nowitzki, Barnes, Curry",0,5,0,4,4,99.0
21601004,20170315,4,6,DAL,WAS,"1627812 Ferrell, 1627852 Brussino, 203084 Barnes, 203457 Noel, 2734 Harris","1627812,1627852,203084,203457,2734","Ferrell, Brussino, Barnes, Noel, Harris",0,5,0,2,3,72.0
21601004,20170315,4,7,DAL,WAS,"1627812 Ferrell, 1627852 Brussino, 203084 Barnes, 203457 Noel, 2734 Harris","1627812,1627852,203084,203457,2734","Ferrell, Brussino, Barnes, Noel, Harris",0,0,3,2,3,72.0
21601004,20170315,4,8,DAL,WAS,"1627812 Ferrell, 1627852 Brussino, 1717 Nowitzki, 203084 Barnes, 203552 Curry","1627812,1627852,1717,203084,203552","Ferrell, Brussino, Nowitzki, Barnes, Curry",0,7,5,5,6,153.0
21601004,20170315,4,9,DAL,WAS,"1627812 Ferrell, 1627852 Brussino, 1717 Nowitzki, 203084 Barnes, 2734 Harris","1627812,1627852,1717,203084,2734","Ferrell, Brussino, Nowitzki, Barnes, Harris",0,0,3,0,1,1.2
21601004,20170315,4,10,DAL,WAS,"1627812 Ferrell, 1717 Nowitzki, 203084 Barnes, 203552 Curry, 2734 Harris","1627812,1717,203084,203552,2734","Ferrell, Nowitzki, Barnes, Curry, Harris",0,2,2,2,1,27.6
21601004,20170315,4,11,DAL,WAS,"1627812 Ferrell, 1627827 Finney-Smith, 203084 Barnes, 203552 Curry, 2734 Harris","1627812,1627827,203084,203552,2734","Ferrell, Finney-Smith, Barnes, Curry, Harris",0,3,7,4,4,26.2
21601004,20170315,4,12,DAL,WAS,"1627812 Ferrell, 1627827 Finney-Smith, 203084 Barnes, 203552 Curry, 2734 Harris","1627812,1627827,203084,203552,2734","Ferrell, Finney-Smith, Barnes, Curry, Harris",0,0,0,1,0,0.3
21601004,20170315,4,13,DAL,WAS,"1627812 Ferrell, 1717 Nowitzki, 203084 Barnes, 203552 Curry, 2734 Harris","1627812,1717,203084,203552,2734","Ferrell, Nowitzki, Barnes, Curry, Harris",0,0,0,1,0,0.5
21601004,20170315,4,14,DAL,WAS,"1627812 Ferrell, 1717 Nowitzki, 203084 Barnes, 203552 Curry, 2734 Harris","1627812,1717,203084,203552,2734","Ferrell, Nowitzki, Barnes, Curry, Harris",0,1,0,1,0,2.6
21601004,20170315,4,15,DAL,WAS,"1627812 Ferrell, 1717 Nowitzki, 203084 Barnes, 203457 Noel, 2734 Harris","1627812,1717,203084,203457,2734","Ferrell, Nowitzki, Barnes, Noel, Harris",0,2,0,1,1,2.6
21601020,20170317,1,1,DAL,PHI,"1627812 Ferrell, 1717 Nowitzki, 202083 Matthews, 203084 Barnes, 203552 Curry","1627812,1717,202083,203084,203552","Ferrell, Nowitzki, Matthews, Barnes, Curry",0,9,12,10,10,286.0
21601020,20170317,1,2,DAL,PHI,"1627812 Ferrell, 1717 Nowitzki, 202083 Matthews, 203084 Barnes, 203552 Curry","1627812,1717,202083,203084,203552","Ferrell, Nowitzki, Matthews, Barnes, Curry",0,0,0,2,1,29.0
21601020,20170317,1,3,DAL,PHI,"200826 Barea, 202083 Matthews, 203084 Barnes, 203457 Noel, 203552 Curry","200826,202083,203084,203457,203552","Barea, Matthews, Barnes, Noel, Curry",0,2,9,5,4,100.0
21601020,20170317,1,4,DAL,PHI,"200826 Barea, 202083 Matthews, 203084 Barnes, 203457 Noel, 203552 Curry","200826,202083,203084,203457,203552","Barea, Matthews, Barnes, Noel, Curry",0,0,0,2,2,49.0
21601020,20170317,1,5,DAL,PHI,"200826 Barea, 202083 Matthews, 203084 Barnes, 203457 Noel, 2734 Harris","200826,202083,203084,203457,2734","Barea, Matthews, Barnes, Noel, Harris",0,8,0,4,5,132.0
21601020,20170317,1,6,DAL,PHI,"1627827 Finney-Smith, 200826 Barea, 203084 Barnes, 203457 Noel, 2734 Harris","1627827,200826,203084,203457,2734","Finney-Smith, Barea, Barnes, Noel, Harris",0,0,0,1,1,9.0
21601020,20170317,1,7,DAL,PHI,"1627827 Finney-Smith, 1717 Nowitzki, 200826 Barea, 203457 Noel, 2734 Harris","1627827,1717,200826,203457,2734","Finney-Smith, Nowitzki, Barea, Noel, Harris",0,4,0,4,4,115.0
21601020,20170317,2,1,DAL,PHI,"1627827 Finney-Smith, 1717 Nowitzki, 200826 Barea, 203457 Noel, 2734 Harris","1627827,1717,200826,203457,2734","Finney-Smith, Nowitzki, Barea, Noel, Harris",0,0,0,1,0,20.0
21601020,20170317,2,2,DAL,PHI,"1626257 Mejri, 1627812 Ferrell, 1627827 Finney-Smith, 1717 Nowitzki, 2734 Harris","1626257,1627812,1627827,1717,2734","Mejri, Ferrell, Finney-Smith, Nowitzki, Harris",0,6,5,4,4,104.0
21601020,20170317,2,3,DAL,PHI,"1626257 Mejri, 1627812 Ferrell, 1627827 Finney-Smith, 1717 Nowitzki, 2734 Harris","1626257,1627812,1627827,1717,2734","Mejri, Ferrell, Finney-Smith, Nowitzki, Harris",0,0,3,2,1,44.0
21601020,20170317,2,4,DAL,PHI,"1626257 Mejri, 1627812 Ferrell, 1627827 Finney-Smith, 1717 Nowitzki, 203552 Curry","1626257,1627812,1627827,1717,203552","Mejri, Ferrell, Finney-Smith, Nowitzki, Curry",0,0,0,2,4,66.0
21601020,20170317,2,5,DAL,PHI,"200826 Barea, 202083 Matthews, 203084 Barnes, 203457 Noel, 203552 Curry","200826,202083,203084,203457,203552","Barea, Matthews, Barnes, Noel, Curry",0,4,7,3,4,131.0
21601020,20170317,2,6,DAL,PHI,"200826 Barea, 202083 Matthews, 203084 Barnes, 203457 Noel, 203552 Curry","200826,202083,203084,203457,203552","Barea, Matthews, Barnes, Noel, Curry",0,0,2,0,1,21.0
21601020,20170317,2,7,DAL,PHI,"200826 Barea, 202083 Matthews, 203084 Barnes, 203457 Noel, 203552 Curry","200826,202083,203084,203457,203552","Barea, Matthews, Barnes, Noel, Curry",0,7,6,6,5,134.0
21601020,20170317,2,8,DAL,PHI,"1627812 Ferrell, 1717 Nowitzki, 202083 Matthews, 203084 Barnes, 2734 Harris","1627812,1717,202083,203084,2734","Ferrell, Nowitzki, Matthews, Barnes, Harris",0,0,2,2,2,43.0
21601020,20170317,2,9,DAL,PHI,"1627812 Ferrell, 1717 Nowitzki, 202083 Matthews, 203084 Barnes, 2734 Harris","1627812,1717,202083,203084,2734","Ferrell, Nowitzki, Matthews, Barnes, Harris",0,0,3,5,4,105.1
21601020,20170317,2,10,DAL,PHI,"1717 Nowitzki, 200826 Barea, 202083 Matthews, 203084 Barnes, 2734 Harris","1717,200826,202083,203084,2734","Nowitzki, Barea, Matthews, Barnes, Harris",0,0,0,1,1,5.4
21601020,20170317,2,11,DAL,PHI,"200826 Barea, 202083 Matthews, 203084 Barnes, 203457 Noel, 2734 Harris","200826,202083,203084,203457,2734","Barea, Matthews, Barnes, Noel, Harris",0,0,2,1,2,46.5
21601020,20170317,3,1,DAL,PHI,"200826 Barea, 202083 Matthews, 203084 Barnes, 203457 Noel, 2734 Harris","200826,202083,203084,203457,2734","Barea, Matthews, Barnes, Noel, Harris",0,0,0,1,0,19.0
21601020,20170317,3,2,DAL,PHI,"1627812 Ferrell, 1717 Nowitzki, 202083 Matthews, 203084 Barnes, 203552 Curry","1627812,1717,202083,203084,203552","Ferrell, Nowitzki, Matthews, Barnes, Curry",0,4,11,9,8,191.0
21601020,20170317,3,3,DAL,PHI,"1717 Nowitzki, 200826 Barea, 202083 Matthews, 203084 Barnes, 2734 Harris","1717,200826,202083,203084,2734","Nowitzki, Barea, Matthews, Barnes, Harris",0,1,5,5,5,106.0
21601020,20170317,3,4,DAL,PHI,"200826 Barea, 202083 Matthews, 203084 Barnes, 203457 Noel, 2734 Harris","200826,202083,203084,203457,2734","Barea, Matthews, Barnes, Noel, Harris",0,0,8,3,3,61.0
21601020,20170317,3,5,DAL,PHI,"1627852 Brussino, 200826 Barea, 203457 Noel, 203939 Powell, 2734 Harris","1627852,200826,203457,203939,2734","Brussino, Barea, Noel, Powell, Harris",0,0,0,1,1,10.0
21601020,20170317,3,6,DAL,PHI,"1627852 Brussino, 200826 Barea, 203457 Noel, 203939 Powell, 2734 Harris","1627852,200826,203457,203939,2734","Brussino, Barea, Noel, Powell, Harris",0,3,2,3,3,96.0
21601020,20170317,3,7,DAL,PHI,"1627812 Ferrell, 1627852 Brussino, 202412 Harris, 203457 Noel, 203939 Powell","1627812,1627852,202412,203457,203939","Ferrell, Brussino, Harris, Noel, Powell",0,8,7,7,8,210.5
21601020,20170317,3,8,DAL,PHI,"1627812 Ferrell, 1627852 Brussino, 202412 Harris, 203939 Powell, 2734 Harris","1627812,1627852,202412,203939,2734","Ferrell, Brussino, Harris, Powell, Harris",0,0,3,1,2,26.5
21601020,20170317,4,1,DAL,PHI,"1627827 Finney-Smith, 1627852 Brussino, 202412 Harris, 203939 Powell, 2734 Harris","1627827,1627852,202412,203939,2734","Finney-Smith, Brussino, Harris, Powell, Harris",0,16,25,21,23,720.0
21601036,20170319,1,1,DAL,BKN,"1627812 Ferrell, 1717 Nowitzki, 202083 Matthews, 203084 Barnes, 203552 Curry","1627812,1717,202083,203084,203552","Ferrell, Nowitzki, Matthews, Barnes, Curry",0,11,4,11,9,232.0
21601036,20170319,1,2,DAL,BKN,"1627812 Ferrell, 1717 Nowitzki, 202083 Matthews, 203084 Barnes, 203552 Curry","1627812,1717,202083,203084,203552","Ferrell, Nowitzki, Matthews, Barnes, Curry",0,6,2,4,4,97.0
21601036,20170319,1,3,DAL,BKN,"1627812 Ferrell, 200826 Barea, 202083 Matthews, 203084 Barnes, 203457 Noel","1627812,200826,202083,203084,203457","Ferrell, Barea, Matthews, Barnes, Noel",0,0,2,1,1,22.0
21601036,20170319,1,4,DAL,BKN,"200826 Barea, 202083 Matthews, 203084 Barnes, 203457 Noel, 203552 Curry","200826,202083,203084,203457,203552","Barea, Matthews, Barnes, Noel, Curry",0,2,5,4,3,93.0
21601036,20170319,1,5,DAL,BKN,"200826 Barea, 202083 Matthews, 203084 Barnes, 203457 Noel, 203552 Curry","200826,202083,203084,203457,203552","Barea, Matthews, Barnes, Noel, Curry",0,1,2,2,2,30.0
21601036,20170319,1,6,DAL,BKN,"200826 Barea, 202083 Matthews, 203084 Barnes, 203457 Noel, 2734 Harris","200826,202083,203084,203457,2734","Barea, Matthews, Barnes, Noel, Harris",0,6,3,3,3,64.0
21601036,20170319,1,7,DAL,BKN,"1627812 Ferrell, 1717 Nowitzki, 202083 Matthews, 203457 Noel, 2734 Harris","1627812,1717,202083,203457,2734","Ferrell, Nowitzki, Matthews, Noel, Harris",0,0,4,2,2,59.0
21601036,20170319,1,8,DAL,BKN,"1627812 Ferrell, 1717 Nowitzki, 202083 Matthews, 203457 Noel, 2734 Harris","1627812,1717,202083,203457,2734","Ferrell, Nowitzki, Matthews, Noel, Harris",0,0,1,0,1,10.0
21601036,20170319,1,9,DAL,BKN,"1627812 Ferrell, 1627827 Finney-Smith, 1717 Nowitzki, 203457 Noel, 2734 Harris","1627812,1627827,1717,203457,2734","Ferrell, Finney-Smith, Nowitzki, Noel, Harris",0,6,3,4,3,113.0
21601036,20170319,2,1,DAL,BKN,"1627812 Ferrell, 1627827 Finney-Smith, 1717 Nowitzki, 203457 Noel, 2734 Harris","1627812,1627827,1717,203457,2734","Ferrell, Finney-Smith, Nowitzki, Noel, Harris",0,0,0,1,0,22.0
21601036,20170319,2,2,DAL,BKN,"1627827 Finney-Smith, 1717 Nowitzki, 200826 Barea, 203457 Noel, 2734 Harris","1627827,1717,200826,203457,2734","Finney-Smith, Nowitzki, Barea, Noel, Harris",0,4,2,2,2,57.0
21601036,20170319,2,3,DAL,BKN,"1627827 Finney-Smith, 1717 Nowitzki, 200826 Barea, 203939 Powell, 2734 Harris","1627827,1717,200826,203939,2734","Finney-Smith, Nowitzki, Barea, Powell, Harris",0,3,2,3,2,73.0
21601036,20170319,2,4,DAL,BKN,"1627827 Finney-Smith, 1717 Nowitzki, 200826 Barea, 203939 Powell, 2734 Harris","1627827,1717,200826,203939,2734","Finney-Smith, Nowitzki, Barea, Powell, Harris",0,2,0,2,1,45.0
21601036,20170319,2,5,DAL,BKN,"1627827 Finney-Smith, 200826 Barea, 203084 Barnes, 203939 Powell, 2734 Harris","1627827,200826,203084,203939,2734","Finney-Smith, Barea, Barnes, Powell, Harris",0,6,0,4,2,93.0
21601036,20170319,2,6,DAL,BKN,"200826 Barea, 202083 Matthews, 203084 Barnes, 203552 Curry, 203939 Powell","200826,202083,203084,203552,203939","Barea, Matthews, Barnes, Curry, Powell",0,0,2,3,3,61.0
21601036,20170319,2,7,DAL,BKN,"1627812 Ferrell, 202083 Matthews, 203084 Barnes, 203457 Noel, 203552 Curry","1627812,202083,203084,203457,203552","Ferrell, Matthews, Barnes, Noel, Curry",0,5,3,9,8,225.0
21601036,20170319,2,8,DAL,BKN,"1717 Nowitzki, 200826 Barea, 202083 Matthews, 203084 Barnes, 203552 Curry","1717,200826,202083,203084,203552","Nowitzki, Barea, Matthews, Barnes, Curry",0,5,8,5,5,144.0
21601036,20170319,3,1,DAL,BKN,"1717 Nowitzki, 200826 Barea, 202083 Matthews, 203084 Barnes, 203552 Curry","1717,200826,202083,203084,203552","Nowitzki, Barea, Matthews, Barnes, Curry",0,0,0,1,0,9.0
21601036,20170319,3,2,DAL,BKN,"1627812 Ferrell, 1717 Nowitzki, 202083 Matthews, 203084 Barnes, 203552 Curry","1627812,1717,202083,203084,203552","Ferrell, Nowitzki, Matthews, Barnes, Curry",0,10,16,13,12,361.0
21601036,20170319,3,3,DAL,BKN,"200826 Barea, 202083 Matthews, 203084 Barnes, 203457 Noel, 2734 Harris","200826,202083,203084,203457,2734","Barea, Matthews, Barnes, Noel, Harris",0,2,0,1,1,19.0
21601036,20170319,3,4,DAL,BKN,"200826 Barea, 202083 Matthews, 203084 Barnes, 203457 Noel, 2734 Harris","200826,202083,203084,203457,2734","Barea, Matthews, Barnes, Noel, Harris",0,4,9,4,6,161.0
21601036,20170319,3,5,DAL,BKN,"200826 Barea, 202083 Matthews, 203084 Barnes, 203457 Noel, 2734 Harris","200826,202083,203084,203457,2734","Barea, Matthews, Barnes, Noel, Harris",0,0,2,2,2,40.0
21601036,20170319,3,6,DAL,BKN,"1717 Nowitzki, 200826 Barea, 202083 Matthews, 203939 Powell, 2734 Harris","1717,200826,202083,203939,2734","Nowitzki, Barea, Matthews, Powell, Harris",0,7,0,3,3,59.0
21601036,20170319,3,7,DAL,BKN,"1717 Nowitzki, 200826 Barea, 202083 Matthews, 203939 Powell, 2734 Harris","1717,200826,202083,203939,2734","Nowitzki, Barea, Matthews, Powell, Harris",0,2,2,2,3,71.0
21601036,20170319,4,1,DAL,BKN,"1717 Nowitzki, 200826 Barea, 202083 Matthews, 203939 Powell, 2734 Harris","1717,200826,202083,203939,2734","Nowitzki, Barea, Matthews, Powell, Harris",0,0,0,0,1,21.0
21601036,20170319,4,2,DAL,BKN,"1627827 Finney-Smith, 1717 Nowitzki, 200826 Barea, 203939 Powell, 2734 Harris","1627827,1717,200826,203939,2734","Finney-Smith, Nowitzki, Barea, Powell, Harris",0,6,7,5,5,112.0
21601036,20170319,4,3,DAL,BKN,"1627812 Ferrell, 1627827 Finney-Smith, 1717 Nowitzki, 203552 Curry, 203939 Powell","1627812,1627827,1717,203552,203939","Ferrell, Finney-Smith, Nowitzki, Curry, Powell",0,3,0,1,1,35.0
21601036,20170319,4,4,DAL,BKN,"1627812 Ferrell, 1627827 Finney-Smith, 1717 Nowitzki, 203552 Curry, 203939 Powell","1627812,1627827,1717,203552,203939","Ferrell, Finney-Smith, Nowitzki, Curry, Powell",0,0,1,1,1,26.0
21601036,20170319,4,5,DAL,BKN,"1627812 Ferrell, 1627827 Finney-Smith, 1717 Nowitzki, 203552 Curry, 203939 Powell","1627812,1627827,1717,203552,203939","Ferrell, Finney-Smith, Nowitzki, Curry, Powell",0,1,0,1,0,14.0
21601036,20170319,4,6,DAL,BKN,"1627812 Ferrell, 1627827 Finney-Smith, 1717 Nowitzki, 203552 Curry, 203939 Powell","1627812,1627827,1717,203552,203939","Ferrell, Finney-Smith, Nowitzki, Curry, Powell",0,0,4,2,2,26.0
21601036,20170319,4,7,DAL,BKN,"1627812 Ferrell, 1627827 Finney-Smith, 203084 Barnes, 203552 Curry, 203939 Powell","1627812,1627827,203084,203552,203939","Ferrell, Finney-Smith, Barnes, Curry, Powell",0,1,3,2,2,60.0
21601036,20170319,4,8,DAL,BKN,"1627812 Ferrell, 202083 Matthews, 203084 Barnes, 203457 Noel, 203552 Curry","1627812,202083,203084,203457,203552","Ferrell, Matthews, Barnes, Noel, Curry",0,0,1,0,1,11.0
21601036,20170319,4,9,DAL,BKN,"200826 Barea, 202083 Matthews, 203084 Barnes, 203457 Noel, 203552 Curry","200826,202083,203084,203457,203552","Barea, Matthews, Barnes, Noel, Curry",0,10,13,9,10,335.0
21601036,20170319,4,10,DAL,BKN,"1717 Nowitzki, 200826 Barea, 202083 Matthews, 203084 Barnes, 203552 Curry","1717,200826,202083,203084,203552","Nowitzki, Barea, Matthews, Barnes, Curry",0,4,0,2,2,53.5
21601036,20170319,4,11,DAL,BKN,"1627827 Finney-Smith, 200826 Barea, 202083 Matthews, 203084 Barnes, 203552 Curry","1627827,200826,202083,203084,203552","Finney-Smith, Barea, Matthews, Barnes, Curry",0,2,3,2,2,13.0
21601036,20170319,4,12,DAL,BKN,"1627812 Ferrell, 200826 Barea, 202083 Matthews, 203084 Barnes, 203552 Curry","1627812,200826,202083,203084,203552","Ferrell, Barea, Matthews, Barnes, Curry",0,2,0,1,0,3.1
21601036,20170319,4,13,DAL,BKN,"1627812 Ferrell, 1627827 Finney-Smith, 202083 Matthews, 203084 Barnes, 203552 Curry","1627812,1627827,202083,203084,203552","Ferrell, Finney-Smith, Matthews, Barnes, Curry",0,0,0,0,1,10.4
21601055,20170321,1,1,DAL,GSW,"1627812 Ferrell, 1717 Nowitzki, 202083 Matthews, 203084 Barnes, 203552 Curry","1627812,1717,202083,203084,203552","Ferrell, Nowitzki, Matthews, Barnes, Curry",0,14,15,14,14,393.0
21601055,20170321,1,2,DAL,GSW,"200826 Barea, 202083 Matthews, 203084 Barnes, 203457 Noel, 203552 Curry","200826,202083,203084,203457,203552","Barea, Matthews, Barnes, Noel, Curry",0,1,0,1,0,10.0
21601055,20170321,1,3,DAL,GSW,"200826 Barea, 202083 Matthews, 203084 Barnes, 203457 Noel, 203552 Curry","200826,202083,203084,203457,203552","Barea, Matthews, Barnes, Noel, Curry",0,1,0,1,0,19.0
21601055,20170321,1,4,DAL,GSW,"200826 Barea, 202083 Matthews, 203084 Barnes, 203457 Noel, 203552 Curry","200826,202083,203084,203457,203552","Barea, Matthews, Barnes, Noel, Curry",0,5,2,3,4,68.0
21601055,20170321,1,5,DAL,GSW,"200826 Barea, 202083 Matthews, 203084 Barnes, 203457 Noel, 2734 Harris","200826,202083,203084,203457,2734","Barea, Matthews, Barnes, Noel, Harris",0,2,3,2,2,62.0
21601055,20170321,1,6,DAL,GSW,"200826 Barea, 202083 Matthews, 203084 Barnes, 203457 Noel, 2734 Harris","200826,202083,203084,203457,2734","Barea, Matthews, Barnes, Noel, Harris",0,4,0,2,1,42.0
21601055,20170321,1,7,DAL,GSW,"200826 Barea, 202083 Matthews, 203084 Barnes, 203457 Noel, 2734 Harris","200826,202083,203084,203457,2734","Barea, Matthews, Barnes, Noel, Harris",0,3,8,4,4,114.9
21601055,20170321,1,8,DAL,GSW,"1627827 Finney-Smith, 1717 Nowitzki, 200826 Barea, 203457 Noel, 2734 Harris","1627827,1717,200826,203457,2734","Finney-Smith, Nowitzki, Barea, Noel, Harris",0,0,0,1,0,11.1
21601055,20170321,2,1,DAL,GSW,"1627827 Finney-Smith, 1717 Nowitzki, 200826 Barea, 203457 Noel, 2734 Harris","1627827,1717,200826,203457,2734","Finney-Smith, Nowitzki, Barea, Noel, Harris",0,0,0,1,0,17.0
21601055,20170321,2,2,DAL,GSW,"1627827 Finney-Smith, 1717 Nowitzki, 200826 Barea, 203457 Noel, 2734 Harris","1627827,1717,200826,203457,2734","Finney-Smith, Nowitzki, Barea, Noel, Harris",0,5,2,3,2,46.0
21601055,20170321,2,3,DAL,GSW,"1626257 Mejri, 1627827 Finney-Smith, 1717 Nowitzki, 200826 Barea, 2734 Harris","1626257,1627827,1717,200826,2734","Mejri, Finney-Smith, Nowitzki, Barea, Harris",0,2,4,6,5,141.0
21601055,20170321,2,4,DAL,GSW,"1626257 Mejri, 1627812 Ferrell, 1627827 Finney-Smith, 1717 Nowitzki, 2734 Harris","1626257,1627812,1627827,1717,2734","Mejri, Ferrell, Finney-Smith, Nowitzki, Harris",0,0,3,2,2,74.0
21601055,20170321,2,5,DAL,GSW,"1626257 Mejri, 1627812 Ferrell, 1627827 Finney-Smith, 1717 Nowitzki, 2734 Harris","1626257,1627812,1627827,1717,2734","Mejri, Ferrell, Finney-Smith, Nowitzki, Harris",0,0,4,2,2,45.0
21601055,20170321,2,6,DAL,GSW,"1627812 Ferrell, 202083 Matthews, 203084 Barnes, 203457 Noel, 203552 Curry","1627812,202083,203084,203457,203552","Ferrell, Matthews, Barnes, Noel, Curry",0,2,2,2,1,41.0
21601055,20170321,2,7,DAL,GSW,"200826 Barea, 202083 Matthews, 203084 Barnes, 203457 Noel, 203552 Curry","200826,202083,203084,203457,203552","Barea, Matthews, Barnes, Noel, Curry",0,2,4,4,4,104.0
21601055,20170321,2,8,DAL,GSW,"200826 Barea, 202083 Matthews, 203084 Barnes, 203457 Noel, 203552 Curry","200826,202083,203084,203457,203552","Barea, Matthews, Barnes, Noel, Curry",0,0,0,2,3,40.0
21601055,20170321,2,9,DAL,GSW,"200826 Barea, 202083 Matthews, 203084 Barnes, 203457 Noel, 203552 Curry","200826,202083,203084,203457,203552","Barea, Matthews, Barnes, Noel, Curry",0,0,2,1,1,9.0
21601055,20170321,2,10,DAL,GSW,"1627812 Ferrell, 1717 Nowitzki, 202083 Matthews, 203084 Barnes, 203552 Curry","1627812,1717,202083,203084,203552","Ferrell, Nowitzki, Matthews, Barnes, Curry",0,9,13,9,6,187.3
21601055,20170321,2,11,DAL,GSW,"1627812 Ferrell, 1627827 Finney-Smith, 202083 Matthews, 203084 Barnes, 203552 Curry","1627812,1627827,202083,203084,203552","Ferrell, Finney-Smith, Matthews, Barnes, Curry",0,0,0,1,0,15.7
21601055,20170321,3,1,DAL,GSW,"1627812 Ferrell, 1627827 Finney-Smith, 202083 Matthews, 203084 Barnes, 203552 Curry","1627812,1627827,202083,203084,203552","Ferrell, Finney-Smith, Matthews, Barnes, Curry",0,0,0,1,0,14.0
21601055,20170321,3,2,DAL,GSW,"1627812 Ferrell, 1717 Nowitzki, 202083 Matthews, 203084 Barnes, 203552 Curry","1627812,1717,202083,203084,203552","Ferrell, Nowitzki, Matthews, Barnes, Curry",0,11,17,11,11,352.0
21601055,20170321,3,3,DAL,GSW,"200826 Barea, 202083 Matthews, 203084 Barnes, 203457 Noel, 2734 Harris","200826,202083,203084,203457,2734","Barea, Matthews, Barnes, Noel, Harris",0,2,2,4,4,100.0
21601055,20170321,3,4,DAL,GSW,"200826 Barea, 202083 Matthews, 203084 Barnes, 203457 Noel, 2734 Harris","200826,202083,203084,203457,2734","Barea, Matthews, Barnes, Noel, Harris",0,0,0,1,0,1.0
21601055,20170321,3,5,DAL,GSW,"200826 Barea, 202083 Matthews, 203084 Barnes, 203457 Noel, 2734 Harris","200826,202083,203084,203457,2734","Barea, Matthews, Barnes, Noel, Harris",0,2,0,2,2,51.0
21601055,20170321,3,6,DAL,GSW,"200826 Barea, 202083 Matthews, 203084 Barnes, 203457 Noel, 2734 Harris","200826,202083,203084,203457,2734","Barea, Matthews, Barnes, Noel, Harris",0,6,10,8,7,198.6
21601055,20170321,3,7,DAL,GSW,"1627812 Ferrell, 1627827 Finney-Smith, 203084 Barnes, 203457 Noel, 2734 Harris","1627812,1627827,203084,203457,2734","Ferrell, Finney-Smith, Barnes, Noel, Harris",0,0,0,1,0,3.4
21601055,20170321,4,1,DAL,GSW,"1627812 Ferrell, 1627827 Finney-Smith, 203084 Barnes, 203457 Noel, 2734 Harris","1627812,1627827,203084,203457,2734","Ferrell, Finney-Smith, Barnes, Noel, Harris",0,0,0,0,1,23.0
21601055,20170321,4,2,DAL,GSW,"1627812 Ferrell, 1627827 Finney-Smith, 1717 Nowitzki, 203457 Noel, 203552 Curry","1627812,1627827,1717,203457,203552","Ferrell, Finney-Smith, Nowitzki, Noel, Curry",0,0,2,3,4,72.0
21601055,20170321,4,3,DAL,GSW,"1627812 Ferrell, 1627827 Finney-Smith, 1717 Nowitzki, 203552 Curry, 203939 Powell","1627812,1627827,1717,203552,203939","Ferrell, Finney-Smith, Nowitzki, Curry, Powell",0,0,4,5,5,166.0
21601055,20170321,4,4,DAL,GSW,"1627812 Ferrell, 1717 Nowitzki, 202083 Matthews, 203084 Barnes, 203552 Curry","1627812,1717,202083,203084,203552","Ferrell, Nowitzki, Matthews, Barnes, Curry",0,5,2,5,5,132.0
21601055,20170321,4,5,DAL,GSW,"1627812 Ferrell, 1627827 Finney-Smith, 1627852 Brussino, 203084 Barnes, 203939 Powell","1627812,1627827,1627852,203084,203939","Ferrell, Finney-Smith, Brussino, Barnes, Powell",0,2,2,2,3,79.0
21601055,20170321,4,6,DAL,GSW,"1627827 Finney-Smith, 1627852 Brussino, 202412 Harris, 203939 Powell, 2734 Harris","1627827,1627852,202412,203939,2734","Finney-Smith, Brussino, Harris, Powell, Harris",0,9,11,10,9,248.0
21601069,20170323,1,1,DAL,LAC,"1717 Nowitzki, 202083 Matthews, 203084 Barnes, 203457 Noel, 203552 Curry","1717,202083,203084,203457,203552","Nowitzki, Matthews, Barnes, Noel, Curry",0,14,17,10,10,313.0
21601069,20170323,1,2,DAL,LAC,"200826 Barea, 202083 Matthews, 203084 Barnes, 203457 Noel, 203552 Curry","200826,202083,203084,203457,203552","Barea, Matthews, Barnes, Noel, Curry",0,1,2,4,3,130.0
21601069,20170323,1,3,DAL,LAC,"200826 Barea, 202083 Matthews, 203084 Barnes, 203457 Noel, 203552 Curry","200826,202083,203084,203457,203552","Barea, Matthews, Barnes, Noel, Curry",0,5,0,2,2,60.0
21601069,20170323,1,4,DAL,LAC,"200826 Barea, 202083 Matthews, 203084 Barnes, 203457 Noel, 203552 Curry","200826,202083,203084,203457,203552","Barea, Matthews, Barnes, Noel, Curry",0,2,0,1,2,31.0
21601069,20170323,1,5,DAL,LAC,"1626257 Mejri, 200826 Barea, 202083 Matthews, 203084 Barnes, 2734 Harris","1626257,200826,202083,203084,2734","Mejri, Barea, Matthews, Barnes, Harris",0,2,5,4,5,94.0
21601069,20170323,1,6,DAL,LAC,"1627827 Finney-Smith, 1717 Nowitzki, 200826 Barea, 203939 Powell, 2734 Harris","1627827,1717,200826,203939,2734","Finney-Smith, Nowitzki, Barea, Powell, Harris",0,5,0,4,3,92.0
21601069,20170323,2,1,DAL,LAC,"1627827 Finney-Smith, 1717 Nowitzki, 200826 Barea, 203939 Powell, 2734 Harris","1627827,1717,200826,203939,2734","Finney-Smith, Nowitzki, Barea, Powell, Harris",0,0,0,1,0,20.0
21601069,20170323,2,2,DAL,LAC,"1627827 Finney-Smith, 1717 Nowitzki, 200826 Barea, 203939 Powell, 2734 Harris","1627827,1717,200826,203939,2734","Finney-Smith, Nowitzki, Barea, Powell, Harris",0,4,2,3,3,63.0
21601069,20170323,2,3,DAL,LAC,"1627812 Ferrell, 1627827 Finney-Smith, 1717 Nowitzki, 200826 Barea, 203939 Powell","1627812,1627827,1717,200826,203939","Ferrell, Finney-Smith, Nowitzki, Barea, Powell",0,4,2,6,5,158.0
21601069,20170323,2,4,DAL,LAC,"1627812 Ferrell, 202083 Matthews, 203084 Barnes, 203552 Curry, 203939 Powell","1627812,202083,203084,203552,203939","Ferrell, Matthews, Barnes, Curry, Powell",0,0,0,1,1,27.0
21601069,20170323,2,5,DAL,LAC,"1627812 Ferrell, 202083 Matthews, 203084 Barnes, 203457 Noel, 203552 Curry","1627812,202083,203084,203457,203552","Ferrell, Matthews, Barnes, Noel, Curry",0,3,2,3,3,73.0
21601069,20170323,2,6,DAL,LAC,"1627812 Ferrell, 202083 Matthews, 203084 Barnes, 203457 Noel, 203552 Curry","1627812,202083,203084,203457,203552","Ferrell, Matthews, Barnes, Noel, Curry",0,6,6,5,5,175.0
21601069,20170323,2,7,DAL,LAC,"1717 Nowitzki, 202083 Matthews, 203084 Barnes, 203457 Noel, 203552 Curry","1717,202083,203084,203457,203552","Nowitzki, Matthews, Barnes, Noel, Curry",0,0,4,0,2,4.0
21601069,20170323,2,8,DAL,LAC,"1717 Nowitzki, 203084 Barnes, 203457 Noel, 203552 Curry, 2734 Harris","1717,203084,203457,203552,2734","Nowitzki, Barnes, Noel, Curry, Harris",0,2,14,9,8,193.1
21601069,20170323,2,9,DAL,LAC,"1627812 Ferrell, 1717 Nowitzki, 203084 Barnes, 203552 Curry, 2734 Harris","1627812,1717,203084,203552,2734","Ferrell, Nowitzki, Barnes, Curry, Harris",0,0,0,1,0,6.9
21601069,20170323,3,1,DAL,LAC,"1627812 Ferrell, 1717 Nowitzki, 203084 Barnes, 203552 Curry, 2734 Harris","1627812,1717,203084,203552,2734","Ferrell, Nowitzki, Barnes, Curry, Harris",0,0,0,1,0,12.0
21601069,20170323,3,2,DAL,LAC,"1717 Nowitzki, 202083 Matthews, 203084 Barnes, 203457 Noel, 203552 Curry","1717,202083,203084,203457,203552","Nowitzki, Matthews, Barnes, Noel, Curry",0,13,2,11,9,290.0
21601069,20170323,3,3,DAL,LAC,"200826 Barea, 202083 Matthews, 203084 Barnes, 203457 Noel, 203552 Curry","200826,202083,203084,203457,203552","Barea, Matthews, Barnes, Noel, Curry",0,2,3,4,4,89.0
21601069,20170323,3,4,DAL,LAC,"200826 Barea, 202083 Matthews, 203084 Barnes, 203457 Noel, 203552 Curry","200826,202083,203084,203457,203552","Barea, Matthews, Barnes, Noel, Curry",0,0,0,0,2,14.0
21601069,20170323,3,5,DAL,LAC,"1627812 Ferrell, 202083 Matthews, 203084 Barnes, 203457 Noel, 203552 Curry","1627812,202083,203084,203457,203552","Ferrell, Matthews, Barnes, Noel, Curry",0,5,2,3,2,46.0
21601069,20170323,3,6,DAL,LAC,"1627812 Ferrell, 202083 Matthews, 203084 Barnes, 203457 Noel, 203552 Curry","1627812,202083,203084,203457,203552","Ferrell, Matthews, Barnes, Noel, Curry",0,0,5,3,2,59.0
21601069,20170323,3,7,DAL,LAC,"1627812 Ferrell, 202083 Matthews, 203084 Barnes, 203552 Curry, 203939 Powell","1627812,202083,203084,203552,203939","Ferrell, Matthews, Barnes, Curry, Powell",0,6,3,3,3,100.0
21601069,20170323,3,8,DAL,LAC,"1627812 Ferrell, 1717 Nowitzki, 202083 Matthews, 203939 Powell, 2734 Harris","1627812,1717,202083,203939,2734","Ferrell, Nowitzki, Matthews, Powell, Harris",0,3,3,2,3,63.5
21601069,20170323,3,9,DAL,LAC,"1627812 Ferrell, 1627827 Finney-Smith, 1717 Nowitzki, 203939 Powell, 2734 Harris","1627812,1627827,1717,203939,2734","Ferrell, Finney-Smith, Nowitzki, Powell, Harris",0,0,3,1,2,31.6
21601069,20170323,3,10,DAL,LAC,"1627812 Ferrell, 1627827 Finney-Smith, 1717 Nowitzki, 203939 Powell, 2734 Harris","1627812,1627827,1717,203939,2734","Ferrell, Finney-Smith, Nowitzki, Powell, Harris",0,0,0,2,0,14.9
21601069,20170323,4,1,DAL,LAC,"1627812 Ferrell, 1627827 Finney-Smith, 1717 Nowitzki, 203939 Powell, 2734 Harris","1627812,1627827,1717,203939,2734","Ferrell, Finney-Smith, Nowitzki, Powell, Harris",0,0,0,0,1,17.0
21601069,20170323,4,2,DAL,LAC,"1627812 Ferrell, 1627827 Finney-Smith, 1717 Nowitzki, 203939 Powell, 2734 Harris","1627812,1627827,1717,203939,2734","Ferrell, Finney-Smith, Nowitzki, Powell, Harris",0,5,7,5,6,146.0
21601069,20170323,4,3,DAL,LAC,"1627812 Ferrell, 1627827 Finney-Smith, 1717 Nowitzki, 203084 Barnes, 2734 Harris","1627812,1627827,1717,203084,2734","Ferrell, Finney-Smith, Nowitzki, Barnes, Harris",0,2,0,3,4,52.0
21601069,20170323,4,4,DAL,LAC,"1717 Nowitzki, 202083 Matthews, 203084 Barnes, 203552 Curry, 2734 Harris","1717,202083,203084,203552,2734","Nowitzki, Matthews, Barnes, Curry, Harris",0,0,2,1,1,28.0
21601069,20170323,4,5,DAL,LAC,"202083 Matthews, 203084 Barnes, 203457 Noel, 203552 Curry, 2734 Harris","202083,203084,203457,203552,2734","Matthews, Barnes, Noel, Curry, Harris",0,0,0,1,1,12.0
21601069,20170323,4,6,DAL,LAC,"202083 Matthews, 203084 Barnes, 203457 Noel, 203552 Curry, 2734 Harris","202083,203084,203457,203552,2734","Matthews, Barnes, Noel, Curry, Harris",0,2,2,3,3,79.0
21601069,20170323,4,7,DAL,LAC,"202083 Matthews, 203084 Barnes, 203457 Noel, 203552 Curry, 2734 Harris","202083,203084,203457,203552,2734","Matthews, Barnes, Noel, Curry, Harris",0,4,7,6,5,168.0
21601069,20170323,4,8,DAL,LAC,"1717 Nowitzki, 202083 Matthews, 203084 Barnes, 203457 Noel, 203552 Curry","1717,202083,203084,203457,203552","Nowitzki, Matthews, Barnes, Noel, Curry",0,4,2,3,4,110.0
21601069,20170323,4,9,DAL,LAC,"1717 Nowitzki, 202083 Matthews, 203084 Barnes, 203457 Noel, 203552 Curry","1717,202083,203084,203457,203552","Nowitzki, Matthews, Barnes, Noel, Curry",0,2,0,1,2,39.0
21601069,20170323,4,10,DAL,LAC,"1717 Nowitzki, 202083 Matthews, 203084 Barnes, 203457 Noel, 203552 Curry","1717,202083,203084,203457,203552","Nowitzki, Matthews, Barnes, Noel, Curry",0,0,0,2,2,38.8
21601069,20170323,4,11,DAL,LAC,"1717 Nowitzki, 202083 Matthews, 203084 Barnes, 203457 Noel, 203552 Curry","1717,202083,203084,203457,203552","Nowitzki, Matthews, Barnes, Noel, Curry",0,0,0,1,1,22.2
21601069,20170323,4,12,DAL,LAC,"202083 Matthews, 203084 Barnes, 203457 Noel, 203552 Curry, 2734 Harris","202083,203084,203457,203552,2734","Matthews, Barnes, Noel, Curry, Harris",0,0,0,1,1,5.6
21601069,20170323,4,13,DAL,LAC,"1717 Nowitzki, 202083 Matthews, 203084 Barnes, 203552 Curry, 2734 Harris","1717,202083,203084,203552,2734","Nowitzki, Matthews, Barnes, Curry, Harris",0,1,0,1,0,2.4
21601084,20170325,1,1,DAL,TOR,"1717 Nowitzki, 202083 Matthews, 203084 Barnes, 203457 Noel, 203552 Curry","1717,202083,203084,203457,203552","Nowitzki, Matthews, Barnes, Noel, Curry",0,8,19,10,9,322.0
21601084,20170325,1,2,DAL,TOR,"200826 Barea, 202083 Matthews, 203084 Barnes, 203457 Noel, 203552 Curry","200826,202083,203084,203457,203552","Barea, Matthews, Barnes, Noel, Curry",0,5,4,4,3,84.0
21601084,20170325,1,3,DAL,TOR,"200826 Barea, 202083 Matthews, 203084 Barnes, 203457 Noel, 203552 Curry","200826,202083,203084,203457,203552","Barea, Matthews, Barnes, Noel, Curry",0,2,0,1,2,38.0
21601084,20170325,1,4,DAL,TOR,"1626257 Mejri, 200826 Barea, 202083 Matthews, 203084 Barnes, 203552 Curry","1626257,200826,202083,203084,203552","Mejri, Barea, Matthews, Barnes, Curry",0,0,2,2,2,107.0
21601084,20170325,1,5,DAL,TOR,"1626257 Mejri, 200826 Barea, 202083 Matthews, 203084 Barnes, 2734 Harris","1626257,200826,202083,203084,2734","Mejri, Barea, Matthews, Barnes, Harris",0,2,0,2,2,28.0
21601084,20170325,1,6,DAL,TOR,"1626257 Mejri, 1717 Nowitzki, 200826 Barea, 202083 Matthews, 2734 Harris","1626257,1717,200826,202083,2734","Mejri, Nowitzki, Barea, Matthews, Harris",0,1,0,1,1,30.0
21601084,20170325,1,7,DAL,TOR,"1626257 Mejri, 1627827 Finney-Smith, 1717 Nowitzki, 200826 Barea, 2734 Harris","1626257,1627827,1717,200826,2734","Mejri, Finney-Smith, Nowitzki, Barea, Harris",0,4,5,3,4,111.0
21601084,20170325,2,1,DAL,TOR,"1626257 Mejri, 1627827 Finney-Smith, 1717 Nowitzki, 200826 Barea, 2734 Harris","1626257,1627827,1717,200826,2734","Mejri, Finney-Smith, Nowitzki, Barea, Harris",0,0,0,0,1,13.0
21601084,20170325,2,2,DAL,TOR,"1626257 Mejri, 1627827 Finney-Smith, 1717 Nowitzki, 200826 Barea, 2734 Harris","1626257,1627827,1717,200826,2734","Mejri, Finney-Smith, Nowitzki, Barea, Harris",0,0,2,1,2,20.0
21601084,20170325,2,3,DAL,TOR,"1627827 Finney-Smith, 1717 Nowitzki, 200826 Barea, 203939 Powell, 2734 Harris","1627827,1717,200826,203939,2734","Finney-Smith, Nowitzki, Barea, Powell, Harris",0,4,8,4,4,135.0
21601084,20170325,2,4,DAL,TOR,"1627812 Ferrell, 1627827 Finney-Smith, 1717 Nowitzki, 203939 Powell, 2734 Harris","1627812,1627827,1717,203939,2734","Ferrell, Finney-Smith, Nowitzki, Powell, Harris",0,0,2,3,3,65.0
21601084,20170325,2,5,DAL,TOR,"1627812 Ferrell, 1717 Nowitzki, 202083 Matthews, 203084 Barnes, 203552 Curry","1627812,1717,202083,203084,203552","Ferrell, Nowitzki, Matthews, Barnes, Curry",0,5,2,4,3,76.0
21601084,20170325,2,6,DAL,TOR,"1627812 Ferrell, 202083 Matthews, 203084 Barnes, 203457 Noel, 203552 Curry","1627812,202083,203084,203457,203552","Ferrell, Matthews, Barnes, Noel, Curry",0,2,3,1,2,29.0
21601084,20170325,2,7,DAL,TOR,"1627812 Ferrell, 202083 Matthews, 203084 Barnes, 203457 Noel, 203552 Curry","1627812,202083,203084,203457,203552","Ferrell, Matthews, Barnes, Noel, Curry",0,3,0,5,3,99.0
21601084,20170325,2,8,DAL,TOR,"1627812 Ferrell, 202083 Matthews, 203084 Barnes, 203457 Noel, 203552 Curry","1627812,202083,203084,203457,203552","Ferrell, Matthews, Barnes, Noel, Curry",0,4,0,3,3,125.0
21601084,20170325,2,9,DAL,TOR,"1627812 Ferrell, 202083 Matthews, 203084 Barnes, 203457 Noel, 203552 Curry","1627812,202083,203084,203457,203552","Ferrell, Matthews, Barnes, Noel, Curry",0,2,2,1,1,31.0
21601084,20170325,2,10,DAL,TOR,"1717 Nowitzki, 202083 Matthews, 203084 Barnes, 203457 Noel, 203552 Curry","1717,202083,203084,203457,203552","Nowitzki, Matthews, Barnes, Noel, Curry",0,2,2,3,3,71.7
21601084,20170325,2,11,DAL,TOR,"1717 Nowitzki, 202083 Matthews, 203084 Barnes, 203457 Noel, 203552 Curry","1717,202083,203084,203457,203552","Nowitzki, Matthews, Barnes, Noel, Curry",0,0,3,1,1,55.3
21601084,20170325,3,1,DAL,TOR,"1717 Nowitzki, 202083 Matthews, 203084 Barnes, 203457 Noel, 203552 Curry","1717,202083,203084,203457,203552","Nowitzki, Matthews, Barnes, Noel, Curry",0,0,0,0,1,20.0
21601084,20170325,3,2,DAL,TOR,"1717 Nowitzki, 202083 Matthews, 203084 Barnes, 203457 Noel, 203552 Curry","1717,202083,203084,203457,203552","Nowitzki, Matthews, Barnes, Noel, Curry",0,2,6,9,9,250.0
21601084,20170325,3,3,DAL,TOR,"1717 Nowitzki, 200826 Barea, 203084 Barnes, 203457 Noel, 2734 Harris","1717,200826,203084,203457,2734","Nowitzki, Barea, Barnes, Noel, Harris",0,5,0,3,3,100.0
21601084,20170325,3,4,DAL,TOR,"200826 Barea, 202083 Matthews, 203084 Barnes, 203457 Noel, 2734 Harris","200826,202083,203084,203457,2734","Barea, Matthews, Barnes, Noel, Harris",0,6,4,4,5,117.0
21601084,20170325,3,5,DAL,TOR,"1626257 Mejri, 200826 Barea, 202083 Matthews, 203084 Barnes, 2734 Harris","1626257,200826,202083,203084,2734","Mejri, Barea, Matthews, Barnes, Harris",0,2,7,3,5,145.0
21601084,20170325,3,6,DAL,TOR,"1626257 Mejri, 200826 Barea, 202083 Matthews, 203084 Barnes, 2734 Harris","1626257,200826,202083,203084,2734","Mejri, Barea, Matthews, Barnes, Harris",0,0,0,0,1,12.0
21601084,20170325,3,7,DAL,TOR,"1626257 Mejri, 200826 Barea, 202083 Matthews, 203084 Barnes, 2734 Harris","1626257,200826,202083,203084,2734","Mejri, Barea, Matthews, Barnes, Harris",0,2,1,2,2,43.3
21601084,20170325,3,8,DAL,TOR,"1626257 Mejri, 1717 Nowitzki, 200826 Barea, 202083 Matthews, 2734 Harris","1626257,1717,200826,202083,2734","Mejri, Nowitzki, Barea, Matthews, Harris",0,3,2,2,1,32.7
21601084,20170325,4,1,DAL,TOR,"1626257 Mejri, 1717 Nowitzki, 200826 Barea, 202083 Matthews, 2734 Harris","1626257,1717,200826,202083,2734","Mejri, Nowitzki, Barea, Matthews, Harris",0,0,0,1,0,15.0
21601084,20170325,4,2,DAL,TOR,"1626257 Mejri, 1627827 Finney-Smith, 1717 Nowitzki, 200826 Barea, 2734 Harris","1626257,1627827,1717,200826,2734","Mejri, Finney-Smith, Nowitzki, Barea, Harris",0,0,5,3,2,63.0
21601084,20170325,4,3,DAL,TOR,"1626257 Mejri, 1627812 Ferrell, 1627827 Finney-Smith, 1717 Nowitzki, 2734 Harris","1626257,1627812,1627827,1717,2734","Mejri, Ferrell, Finney-Smith, Nowitzki, Harris",0,8,0,8,6,156.0
21601084,20170325,4,4,DAL,TOR,"1626257 Mejri, 1627812 Ferrell, 1627827 Finney-Smith, 203084 Barnes, 2734 Harris","1626257,1627812,1627827,203084,2734","Mejri, Ferrell, Finney-Smith, Barnes, Harris",0,2,0,1,0,9.0
21601084,20170325,4,5,DAL,TOR,"1626257 Mejri, 1627812 Ferrell, 1627827 Finney-Smith, 203084 Barnes, 203552 Curry","1626257,1627812,1627827,203084,203552","Mejri, Ferrell, Finney-Smith, Barnes, Curry",0,0,4,3,3,106.0
21601084,20170325,4,6,DAL,TOR,"1627812 Ferrell, 202083 Matthews, 203084 Barnes, 203457 Noel, 203552 Curry","1627812,202083,203084,203457,203552","Ferrell, Matthews, Barnes, Noel, Curry",0,3,2,5,4,153.0
21601084,20170325,4,7,DAL,TOR,"1627812 Ferrell, 1717 Nowitzki, 202083 Matthews, 203084 Barnes, 203552 Curry","1627812,1717,202083,203084,203552","Ferrell, Nowitzki, Matthews, Barnes, Curry",0,6,7,7,6,184.4
21601084,20170325,4,8,DAL,TOR,"1627812 Ferrell, 1627827 Finney-Smith, 203084 Barnes, 203552 Curry, 203939 Powell","1627812,1627827,203084,203552,203939","Ferrell, Finney-Smith, Barnes, Curry, Powell",0,3,2,2,1,33.6
21601100,20170327,1,1,DAL,OKC,"1627812 Ferrell, 1717 Nowitzki, 202083 Matthews, 203084 Barnes, 203457 Noel","1627812,1717,202083,203084,203457","Ferrell, Nowitzki, Matthews, Barnes, Noel",0,10,12,12,13,334.0
21601100,20170327,1,2,DAL,OKC,"1627827 Finney-Smith, 200826 Barea, 202083 Matthews, 203084 Barnes, 203457 Noel","1627827,200826,202083,203084,203457","Finney-Smith, Barea, Matthews, Barnes, Noel",0,0,4,3,2,38.0
21601100,20170327,1,3,DAL,OKC,"1627827 Finney-Smith, 200826 Barea, 202083 Matthews, 203084 Barnes, 203457 Noel","1627827,200826,202083,203084,203457","Finney-Smith, Barea, Matthews, Barnes, Noel",0,4,3,2,3,89.0
21601100,20170327,1,4,DAL,OKC,"1627827 Finney-Smith, 200826 Barea, 202083 Matthews, 203084 Barnes, 203457 Noel","1627827,200826,202083,203084,203457","Finney-Smith, Barea, Matthews, Barnes, Noel",0,2,2,1,2,47.0
21601100,20170327,1,5,DAL,OKC,"1626257 Mejri, 1627827 Finney-Smith, 200826 Barea, 202083 Matthews, 203084 Barnes","1626257,1627827,200826,202083,203084","Mejri, Finney-Smith, Barea, Matthews, Barnes",0,2,0,1,2,43.0
21601100,20170327,1,6,DAL,OKC,"1626257 Mejri, 1627827 Finney-Smith, 1717 Nowitzki, 200826 Barea, 2734 Harris","1626257,1627827,1717,200826,2734","Mejri, Finney-Smith, Nowitzki, Barea, Harris",0,1,0,1,1,12.0
21601100,20170327,1,7,DAL,OKC,"1626257 Mejri, 1627827 Finney-Smith, 1717 Nowitzki, 200826 Barea, 2734 Harris","1626257,1627827,1717,200826,2734","Mejri, Finney-Smith, Nowitzki, Barea, Harris",0,0,0,2,2,48.0
21601100,20170327,1,8,DAL,OKC,"1626257 Mejri, 1627827 Finney-Smith, 1717 Nowitzki, 200826 Barea, 2734 Harris","1626257,1627827,1717,200826,2734","Mejri, Finney-Smith, Nowitzki, Barea, Harris",0,3,2,2,1,36.0
21601100,20170327,1,9,DAL,OKC,"1626257 Mejri, 1627827 Finney-Smith, 1717 Nowitzki, 200826 Barea, 2734 Harris","1626257,1627827,1717,200826,2734","Mejri, Finney-Smith, Nowitzki, Barea, Harris",0,4,2,2,2,73.0
21601100,20170327,2,1,DAL,OKC,"1626257 Mejri, 1627827 Finney-Smith, 1717 Nowitzki, 200826 Barea, 2734 Harris","1626257,1627827,1717,200826,2734","Mejri, Finney-Smith, Nowitzki, Barea, Harris",0,3,0,4,2,71.0
21601100,20170327,2,2,DAL,OKC,"1626257 Mejri, 1627827 Finney-Smith, 1717 Nowitzki, 200826 Barea, 2734 Harris","1626257,1627827,1717,200826,2734","Mejri, Finney-Smith, Nowitzki, Barea, Harris",0,2,0,2,2,59.0
21601100,20170327,2,3,DAL,OKC,"1626257 Mejri, 1627812 Ferrell, 1627827 Finney-Smith, 1717 Nowitzki, 2734 Harris","1626257,1627812,1627827,1717,2734","Mejri, Ferrell, Finney-Smith, Nowitzki, Harris",0,0,0,3,3,72.0
21601100,20170327,2,4,DAL,OKC,"1626257 Mejri, 1627812 Ferrell, 1627827 Finney-Smith, 200826 Barea, 203084 Barnes","1626257,1627812,1627827,200826,203084","Mejri, Ferrell, Finney-Smith, Barea, Barnes",0,0,0,2,1,34.0
21601100,20170327,2,5,DAL,OKC,"1626257 Mejri, 1627812 Ferrell, 200826 Barea, 202083 Matthews, 203084 Barnes","1626257,1627812,200826,202083,203084","Mejri, Ferrell, Barea, Matthews, Barnes",0,2,0,3,2,54.0
21601100,20170327,2,6,DAL,OKC,"1626257 Mejri, 1627812 Ferrell, 200826 Barea, 202083 Matthews, 203084 Barnes","1626257,1627812,200826,202083,203084","Mejri, Ferrell, Barea, Matthews, Barnes",0,3,3,1,2,35.0
21601100,20170327,2,7,DAL,OKC,"1627812 Ferrell, 200826 Barea, 202083 Matthews, 203084 Barnes, 203457 Noel","1627812,200826,202083,203084,203457","Ferrell, Barea, Matthews, Barnes, Noel",0,2,2,3,2,80.0
21601100,20170327,2,8,DAL,OKC,"1627812 Ferrell, 202083 Matthews, 203084 Barnes, 203457 Noel, 2734 Harris","1627812,202083,203084,203457,2734","Ferrell, Matthews, Barnes, Noel, Harris",0,5,0,3,3,74.0
21601100,20170327,2,9,DAL,OKC,"1627812 Ferrell, 202083 Matthews, 203084 Barnes, 203457 Noel, 2734 Harris","1627812,202083,203084,203457,2734","Ferrell, Matthews, Barnes, Noel, Harris",0,2,3,4,4,110.0
21601100,20170327,2,10,DAL,OKC,"1627812 Ferrell, 1717 Nowitzki, 202083 Matthews, 203084 Barnes, 2734 Harris","1627812,1717,202083,203084,2734","Ferrell, Nowitzki, Matthews, Barnes, Harris",0,0,1,2,2,58.0
21601100,20170327,2,11,DAL,OKC,"1627812 Ferrell, 1717 Nowitzki, 200826 Barea, 202083 Matthews, 203084 Barnes","1627812,1717,200826,202083,203084","Ferrell, Nowitzki, Barea, Matthews, Barnes",0,3,1,1,1,42.3
21601100,20170327,2,12,DAL,OKC,"1627812 Ferrell, 200826 Barea, 202083 Matthews, 203084 Barnes, 203457 Noel","1627812,200826,202083,203084,203457","Ferrell, Barea, Matthews, Barnes, Noel",0,2,0,1,1,6.9
21601100,20170327,2,13,DAL,OKC,"1627812 Ferrell, 200826 Barea, 202083 Matthews, 203084 Barnes, 203457 Noel","1627812,200826,202083,203084,203457","Ferrell, Barea, Matthews, Barnes, Noel",0,0,0,1,1,22.2
21601100,20170327,2,14,DAL,OKC,"1627812 Ferrell, 1627827 Finney-Smith, 202083 Matthews, 203084 Barnes, 203457 Noel","1627812,1627827,202083,203084,203457","Ferrell, Finney-Smith, Matthews, Barnes, Noel",0,0,0,0,0,1.6
21601100,20170327,3,1,DAL,OKC,"1627812 Ferrell, 1627827 Finney-Smith, 202083 Matthews, 203084 Barnes, 203457 Noel","1627812,1627827,202083,203084,203457","Ferrell, Finney-Smith, Matthews, Barnes, Noel",0,0,0,1,0,20.0
21601100,20170327,3,2,DAL,OKC,"1627812 Ferrell, 1717 Nowitzki, 202083 Matthews, 203084 Barnes, 203457 Noel","1627812,1717,202083,203084,203457","Ferrell, Nowitzki, Matthews, Barnes, Noel",0,0,11,6,6,143.0
21601100,20170327,3,3,DAL,OKC,"1717 Nowitzki, 200826 Barea, 202083 Matthews, 203084 Barnes, 203457 Noel","1717,200826,202083,203084,203457","Nowitzki, Barea, Matthews, Barnes, Noel",0,5,7,5,5,138.0
21601100,20170327,3,4,DAL,OKC,"200826 Barea, 202083 Matthews, 203084 Barnes, 203457 Noel, 2734 Harris","200826,202083,203084,203457,2734","Barea, Matthews, Barnes, Noel, Harris",0,7,2,7,6,198.0
21601100,20170327,3,5,DAL,OKC,"200826 Barea, 202083 Matthews, 203084 Barnes, 203457 Noel, 2734 Harris","200826,202083,203084,203457,2734","Barea, Matthews, Barnes, Noel, Harris",0,2,0,3,2,55.0
21601100,20170327,3,6,DAL,OKC,"1626257 Mejri, 200826 Barea, 202083 Matthews, 203084 Barnes, 2734 Harris","1626257,200826,202083,203084,2734","Mejri, Barea, Matthews, Barnes, Harris",0,3,2,2,2,54.0
21601100,20170327,3,7,DAL,OKC,"1626257 Mejri, 1627812 Ferrell, 202083 Matthews, 203084 Barnes, 2734 Harris","1626257,1627812,202083,203084,2734","Mejri, Ferrell, Matthews, Barnes, Harris",0,2,0,4,3,112.0
21601100,20170327,4,1,DAL,OKC,"1626257 Mejri, 1627812 Ferrell, 202083 Matthews, 203084 Barnes, 2734 Harris","1626257,1627812,202083,203084,2734","Mejri, Ferrell, Matthews, Barnes, Harris",0,0,0,0,1,18.0
21601100,20170327,4,2,DAL,OKC,"1626257 Mejri, 1627812 Ferrell, 1627827 Finney-Smith, 1717 Nowitzki, 2734 Harris","1626257,1627812,1627827,1717,2734","Mejri, Ferrell, Finney-Smith, Nowitzki, Harris",0,10,9,6,7,210.0
21601100,20170327,4,3,DAL,OKC,"1626257 Mejri, 1627812 Ferrell, 1717 Nowitzki, 200826 Barea, 202083 Matthews","1626257,1627812,1717,200826,202083","Mejri, Ferrell, Nowitzki, Barea, Matthews",0,3,4,4,4,88.0
21601100,20170327,4,4,DAL,OKC,"1626257 Mejri, 1627812 Ferrell, 200826 Barea, 202083 Matthews, 203084 Barnes","1626257,1627812,200826,202083,203084","Mejri, Ferrell, Barea, Matthews, Barnes",0,0,0,1,0,1.0
21601100,20170327,4,5,DAL,OKC,"1626257 Mejri, 1627812 Ferrell, 200826 Barea, 202083 Matthews, 203084 Barnes","1626257,1627812,200826,202083,203084","Mejri, Ferrell, Barea, Matthews, Barnes",0,1,0,1,0,12.0
21601100,20170327,4,6,DAL,OKC,"1627812 Ferrell, 200826 Barea, 202083 Matthews, 203084 Barnes, 203457 Noel","1627812,200826,202083,203084,203457","Ferrell, Barea, Matthews, Barnes, Noel",0,8,15,8,8,282.0
21601100,20170327,4,7,DAL,OKC,"1627812 Ferrell, 1717 Nowitzki, 200826 Barea, 202083 Matthews, 203084 Barnes","1627812,1717,200826,202083,203084","Ferrell, Nowitzki, Barea, Matthews, Barnes",0,0,5,4,4,95.4
21601100,20170327,4,8,DAL,OKC,"1627812 Ferrell, 200826 Barea, 202083 Matthews, 203084 Barnes, 2734 Harris","1627812,200826,202083,203084,2734","Ferrell, Barea, Matthews, Barnes, Harris",0,0,0,1,1,0.5
21601100,20170327,4,9,DAL,OKC,"1627812 Ferrell, 1627827 Finney-Smith, 202083 Matthews, 203084 Barnes, 203457 Noel","1627812,1627827,202083,203084,203457","Ferrell, Finney-Smith, Matthews, Barnes, Noel",0,0,2,1,1,13.1
21601117,20170329,1,1,DAL,NOP,"1717 Nowitzki, 202083 Matthews, 203084 Barnes, 203457 Noel, 203552 Curry","1717,202083,203084,203457,203552","Nowitzki, Matthews, Barnes, Noel, Curry",0,6,10,13,13,347.0
21601117,20170329,1,2,DAL,NOP,"1627812 Ferrell, 202083 Matthews, 203084 Barnes, 203457 Noel, 203552 Curry","1627812,202083,203084,203457,203552","Ferrell, Matthews, Barnes, Noel, Curry",0,0,4,4,4,72.0
21601117,20170329,1,3,DAL,NOP,"1627812 Ferrell, 202083 Matthews, 203084 Barnes, 203457 Noel, 203552 Curry","1627812,202083,203084,203457,203552","Ferrell, Matthews, Barnes, Noel, Curry",0,4,2,3,2,99.0
21601117,20170329,1,4,DAL,NOP,"200826 Barea, 202083 Matthews, 203084 Barnes, 203939 Powell, 2734 Harris","200826,202083,203084,203939,2734","Barea, Matthews, Barnes, Powell, Harris",0,2,0,2,1,25.0
21601117,20170329,1,5,DAL,NOP,"1627827 Finney-Smith, 1717 Nowitzki, 200826 Barea, 203939 Powell, 2734 Harris","1627827,1717,200826,203939,2734","Finney-Smith, Nowitzki, Barea, Powell, Harris",0,5,2,3,2,79.0
21601117,20170329,1,6,DAL,NOP,"1627827 Finney-Smith, 1717 Nowitzki, 200826 Barea, 203939 Powell, 2734 Harris","1627827,1717,200826,203939,2734","Finney-Smith, Nowitzki, Barea, Powell, Harris",0,6,9,4,4,98.0
21601117,20170329,2,1,DAL,NOP,"1627827 Finney-Smith, 1717 Nowitzki, 200826 Barea, 203939 Powell, 2734 Harris","1627827,1717,200826,203939,2734","Finney-Smith, Nowitzki, Barea, Powell, Harris",0,4,5,6,5,147.0
21601117,20170329,2,2,DAL,NOP,"1627784 Uthoff, 1627827 Finney-Smith, 200826 Barea, 203939 Powell, 2734 Harris","1627784,1627827,200826,203939,2734","Uthoff, Finney-Smith, Barea, Powell, Harris",0,2,2,1,1,25.0
21601117,20170329,2,3,DAL,NOP,"1627784 Uthoff, 1627827 Finney-Smith, 200826 Barea, 203939 Powell, 2734 Harris","1627784,1627827,200826,203939,2734","Uthoff, Finney-Smith, Barea, Powell, Harris",0,0,0,0,1,9.0
21601117,20170329,2,4,DAL,NOP,"1627784 Uthoff, 1627827 Finney-Smith, 200826 Barea, 202083 Matthews, 203939 Powell","1627784,1627827,200826,202083,203939","Uthoff, Finney-Smith, Barea, Matthews, Powell",0,7,9,5,4,131.0
21601117,20170329,2,5,DAL,NOP,"1717 Nowitzki, 202083 Matthews, 203084 Barnes, 203457 Noel, 203552 Curry","1717,202083,203084,203457,203552","Nowitzki, Matthews, Barnes, Noel, Curry",0,4,0,2,1,49.0
21601117,20170329,2,6,DAL,NOP,"1717 Nowitzki, 202083 Matthews, 203084 Barnes, 203457 Noel, 203552 Curry","1717,202083,203084,203457,203552","Nowitzki, Matthews, Barnes, Noel, Curry",0,11,14,12,12,327.9
21601117,20170329,2,7,DAL,NOP,"1717 Nowitzki, 202083 Matthews, 203084 Barnes, 203552 Curry, 203939 Powell","1717,202083,203084,203552,203939","Nowitzki, Matthews, Barnes, Curry, Powell",0,0,3,1,2,31.7
21601117,20170329,3,1,DAL,NOP,"1717 Nowitzki, 202083 Matthews, 203084 Barnes, 203552 Curry, 203939 Powell","1717,202083,203084,203552,203939","Nowitzki, Matthews, Barnes, Curry, Powell",0,0,0,1,0,19.0
21601117,20170329,3,2,DAL,NOP,"1717 Nowitzki, 202083 Matthews, 203084 Barnes, 203457 Noel, 203552 Curry","1717,202083,203084,203457,203552","Nowitzki, Matthews, Barnes, Noel, Curry",0,7,0,6,5,158.0
21601117,20170329,3,3,DAL,NOP,"1717 Nowitzki, 202083 Matthews, 203084 Barnes, 203457 Noel, 203552 Curry","1717,202083,203084,203457,203552","Nowitzki, Matthews, Barnes, Noel, Curry",0,0,0,0,1,19.0
21601117,20170329,3,4,DAL,NOP,"1627812 Ferrell, 1717 Nowitzki, 202083 Matthews, 203084 Barnes, 203552 Curry","1627812,1717,202083,203084,203552","Ferrell, Nowitzki, Matthews, Barnes, Curry",0,12,11,6,6,164.0
21601117,20170329,3,5,DAL,NOP,"1627812 Ferrell, 1717 Nowitzki, 202083 Matthews, 203084 Barnes, 203552 Curry","1627812,1717,202083,203084,203552","Ferrell, Nowitzki, Matthews, Barnes, Curry",0,0,2,0,1,12.0
21601117,20170329,3,6,DAL,NOP,"1627812 Ferrell, 202083 Matthews, 203084 Barnes, 203552 Curry, 203939 Powell","1627812,202083,203084,203552,203939","Ferrell, Matthews, Barnes, Curry, Powell",0,0,2,1,1,40.0
21601117,20170329,3,7,DAL,NOP,"1627812 Ferrell, 202083 Matthews, 203084 Barnes, 203552 Curry, 203939 Powell","1627812,202083,203084,203552,203939","Ferrell, Matthews, Barnes, Curry, Powell",0,0,2,1,1,27.0
21601117,20170329,3,8,DAL,NOP,"1627812 Ferrell, 200826 Barea, 202083 Matthews, 203084 Barnes, 203939 Powell","1627812,200826,202083,203084,203939","Ferrell, Barea, Matthews, Barnes, Powell",0,10,4,7,7,174.0
21601117,20170329,3,9,DAL,NOP,"1627812 Ferrell, 1627827 Finney-Smith, 200826 Barea, 203552 Curry, 203939 Powell","1627812,1627827,200826,203552,203939","Ferrell, Finney-Smith, Barea, Curry, Powell",0,0,0,1,1,20.0
21601117,20170329,3,10,DAL,NOP,"1627812 Ferrell, 1627827 Finney-Smith, 200826 Barea, 203552 Curry, 203939 Powell","1627812,1627827,200826,203552,203939","Ferrell, Finney-Smith, Barea, Curry, Powell",0,3,5,3,2,87.0
21601117,20170329,4,1,DAL,NOP,"1627812 Ferrell, 1627827 Finney-Smith, 200826 Barea, 203552 Curry, 203939 Powell","1627812,1627827,200826,203552,203939","Ferrell, Finney-Smith, Barea, Curry, Powell",0,0,0,0,1,16.0
21601117,20170329,4,2,DAL,NOP,"1627812 Ferrell, 1627827 Finney-Smith, 1717 Nowitzki, 200826 Barea, 203552 Curry","1627812,1627827,1717,200826,203552","Ferrell, Finney-Smith, Nowitzki, Barea, Curry",0,13,8,5,6,167.0
21601117,20170329,4,3,DAL,NOP,"1627812 Ferrell, 1627827 Finney-Smith, 1717 Nowitzki, 200826 Barea, 203552 Curry","1627812,1627827,1717,200826,203552","Ferrell, Finney-Smith, Nowitzki, Barea, Curry",0,2,2,1,1,30.0
21601117,20170329,4,4,DAL,NOP,"1627812 Ferrell, 1627827 Finney-Smith, 1717 Nowitzki, 200826 Barea, 202083 Matthews","1627812,1627827,1717,200826,202083","Ferrell, Finney-Smith, Nowitzki, Barea, Matthews",0,0,0,1,1,32.0
21601117,20170329,4,5,DAL,NOP,"1627812 Ferrell, 200826 Barea, 202083 Matthews, 203084 Barnes, 203457 Noel","1627812,200826,202083,203084,203457","Ferrell, Barea, Matthews, Barnes, Noel",0,4,7,4,4,124.0
21601117,20170329,4,6,DAL,NOP,"1627812 Ferrell, 202083 Matthews, 203084 Barnes, 203457 Noel, 203552 Curry","1627812,202083,203084,203457,203552","Ferrell, Matthews, Barnes, Noel, Curry",0,8,9,5,5,176.0
21601117,20170329,4,7,DAL,NOP,"1627812 Ferrell, 1717 Nowitzki, 202083 Matthews, 203084 Barnes, 203552 Curry","1627812,1717,202083,203084,203552","Ferrell, Nowitzki, Matthews, Barnes, Curry",0,8,6,6,5,175.0
21601131,20170331,1,1,DAL,MEM,"1717 Nowitzki, 202083 Matthews, 203084 Barnes, 203457 Noel, 203552 Curry","1717,202083,203084,203457,203552","Nowitzki, Matthews, Barnes, Noel, Curry",0,3,4,4,5,152.0
21601131,20170331,1,2,DAL,MEM,"1627812 Ferrell, 1717 Nowitzki, 202083 Matthews, 203084 Barnes, 203457 Noel","1627812,1717,202083,203084,203457","Ferrell, Nowitzki, Matthews, Barnes, Noel",0,2,10,6,7,229.0
21601131,20170331,1,3,DAL,MEM,"1626257 Mejri, 1627812 Ferrell, 202083 Matthews, 203084 Barnes, 2734 Harris","1626257,1627812,202083,203084,2734","Mejri, Ferrell, Matthews, Barnes, Harris",0,2,0,2,2,55.0
21601131,20170331,1,4,DAL,MEM,"1626257 Mejri, 1627812 Ferrell, 202083 Matthews, 203084 Barnes, 2734 Harris","1626257,1627812,202083,203084,2734","Mejri, Ferrell, Matthews, Barnes, Harris",0,3,2,3,4,97.0
21601131,20170331,1,5,DAL,MEM,"1627827 Finney-Smith, 200826 Barea, 203084 Barnes, 203457 Noel, 2734 Harris","1627827,200826,203084,203457,2734","Finney-Smith, Barea, Barnes, Noel, Harris",0,2,0,2,3,51.0
21601131,20170331,1,6,DAL,MEM,"1627827 Finney-Smith, 200826 Barea, 203084 Barnes, 203457 Noel, 2734 Harris","1627827,200826,203084,203457,2734","Finney-Smith, Barea, Barnes, Noel, Harris",0,0,3,1,1,28.0
21601131,20170331,1,7,DAL,MEM,"1627827 Finney-Smith, 1627852 Brussino, 1717 Nowitzki, 200826 Barea, 2734 Harris","1627827,1627852,1717,200826,2734","Finney-Smith, Brussino, Nowitzki, Barea, Harris",0,7,2,5,4,108.0
21601131,20170331,2,1,DAL,MEM,"1627827 Finney-Smith, 1627852 Brussino, 1717 Nowitzki, 200826 Barea, 2734 Harris","1627827,1627852,1717,200826,2734","Finney-Smith, Brussino, Nowitzki, Barea, Harris",0,0,0,1,0,24.0
21601131,20170331,2,2,DAL,MEM,"1627827 Finney-Smith, 1627852 Brussino, 1717 Nowitzki, 200826 Barea, 2734 Harris","1627827,1627852,1717,200826,2734","Finney-Smith, Brussino, Nowitzki, Barea, Harris",0,0,11,7,6,160.0
21601131,20170331,2,3,DAL,MEM,"1627812 Ferrell, 202083 Matthews, 203084 Barnes, 203457 Noel, 203552 Curry","1627812,202083,203084,203457,203552","Ferrell, Matthews, Barnes, Noel, Curry",0,2,0,2,2,78.0
21601131,20170331,2,4,DAL,MEM,"1626257 Mejri, 1627812 Ferrell, 202083 Matthews, 203084 Barnes, 203552 Curry","1626257,1627812,202083,203084,203552","Mejri, Ferrell, Matthews, Barnes, Curry",0,2,5,2,3,59.0
21601131,20170331,2,5,DAL,MEM,"1626257 Mejri, 1627812 Ferrell, 1627852 Brussino, 202083 Matthews, 203084 Barnes","1626257,1627812,1627852,202083,203084","Mejri, Ferrell, Brussino, Matthews, Barnes",0,2,6,5,5,159.0
21601131,20170331,2,6,DAL,MEM,"1717 Nowitzki, 200826 Barea, 202083 Matthews, 203084 Barnes, 2734 Harris","1717,200826,202083,203084,2734","Nowitzki, Barea, Matthews, Barnes, Harris",0,2,3,3,3,83.0
21601131,20170331,2,7,DAL,MEM,"1717 Nowitzki, 202083 Matthews, 203084 Barnes, 203552 Curry, 2734 Harris","1717,202083,203084,203552,2734","Nowitzki, Matthews, Barnes, Curry, Harris",0,3,0,1,1,23.0
21601131,20170331,2,8,DAL,MEM,"1717 Nowitzki, 202083 Matthews, 203084 Barnes, 203552 Curry, 2734 Harris","1717,202083,203084,203552,2734","Nowitzki, Matthews, Barnes, Curry, Harris",0,4,6,3,5,84.4
21601131,20170331,2,9,DAL,MEM,"1627827 Finney-Smith, 1717 Nowitzki, 203084 Barnes, 203552 Curry, 2734 Harris","1627827,1717,203084,203552,2734","Finney-Smith, Nowitzki, Barnes, Curry, Harris",0,0,3,2,3,49.6
21601131,20170331,3,1,DAL,MEM,"1627827 Finney-Smith, 1717 Nowitzki, 203084 Barnes, 203552 Curry, 2734 Harris","1627827,1717,203084,203552,2734","Finney-Smith, Nowitzki, Barnes, Curry, Harris",0,0,0,1,0,16.0
21601131,20170331,3,2,DAL,MEM,"1717 Nowitzki, 202083 Matthews, 203084 Barnes, 203457 Noel, 203552 Curry","1717,202083,203084,203457,203552","Nowitzki, Matthews, Barnes, Noel, Curry",0,12,4,9,9,268.0
21601131,20170331,3,3,DAL,MEM,"1717 Nowitzki, 202083 Matthews, 203084 Barnes, 203457 Noel, 203552 Curry","1717,202083,203084,203457,203552","Nowitzki, Matthews, Barnes, Noel, Curry",0,4,0,3,3,83.0
21601131,20170331,3,4,DAL,MEM,"1717 Nowitzki, 202083 Matthews, 203084 Barnes, 203457 Noel, 203552 Curry","1717,202083,203084,203457,203552","Nowitzki, Matthews, Barnes, Noel, Curry",0,0,0,1,2,30.0
21601131,20170331,3,5,DAL,MEM,"200826 Barea, 202083 Matthews, 203084 Barnes, 203457 Noel, 2734 Harris","200826,202083,203084,203457,2734","Barea, Matthews, Barnes, Noel, Harris",0,0,7,3,3,99.0
21601131,20170331,3,6,DAL,MEM,"200826 Barea, 202083 Matthews, 203084 Barnes, 203457 Noel, 2734 Harris","200826,202083,203084,203457,2734","Barea, Matthews, Barnes, Noel, Harris",0,2,2,4,3,85.0
21601131,20170331,3,7,DAL,MEM,"1626257 Mejri, 200826 Barea, 202083 Matthews, 203084 Barnes, 2734 Harris","1626257,200826,202083,203084,2734","Mejri, Barea, Matthews, Barnes, Harris",0,2,2,1,1,30.0
21601131,20170331,3,8,DAL,MEM,"1626257 Mejri, 200826 Barea, 202083 Matthews, 203084 Barnes, 2734 Harris","1626257,200826,202083,203084,2734","Mejri, Barea, Matthews, Barnes, Harris",0,0,0,2,0,12.0
21601131,20170331,3,9,DAL,MEM,"1626257 Mejri, 200826 Barea, 202083 Matthews, 203084 Barnes, 2734 Harris","1626257,200826,202083,203084,2734","Mejri, Barea, Matthews, Barnes, Harris",0,0,0,1,0,26.0
21601131,20170331,3,10,DAL,MEM,"1626257 Mejri, 1627827 Finney-Smith, 1717 Nowitzki, 200826 Barea, 2734 Harris","1626257,1627827,1717,200826,2734","Mejri, Finney-Smith, Nowitzki, Barea, Harris",0,8,3,3,3,71.0
21601131,20170331,4,1,DAL,MEM,"1626257 Mejri, 1627827 Finney-Smith, 1717 Nowitzki, 200826 Barea, 2734 Harris","1626257,1627827,1717,200826,2734","Mejri, Finney-Smith, Nowitzki, Barea, Harris",0,0,0,0,1,19.0
21601131,20170331,4,2,DAL,MEM,"1626257 Mejri, 1627827 Finney-Smith, 1717 Nowitzki, 200826 Barea, 2734 Harris","1626257,1627827,1717,200826,2734","Mejri, Finney-Smith, Nowitzki, Barea, Harris",0,6,10,8,8,214.0
21601131,20170331,4,3,DAL,MEM,"1627812 Ferrell, 200826 Barea, 202083 Matthews, 203084 Barnes, 203457 Noel","1627812,200826,202083,203084,203457","Ferrell, Barea, Matthews, Barnes, Noel",0,3,0,2,1,53.0
21601131,20170331,4,4,DAL,MEM,"1627812 Ferrell, 200826 Barea, 202083 Matthews, 203084 Barnes, 203457 Noel","1627812,200826,202083,203084,203457","Ferrell, Barea, Matthews, Barnes, Noel",0,3,0,1,1,9.0
21601131,20170331,4,5,DAL,MEM,"1627812 Ferrell, 200826 Barea, 202083 Matthews, 203084 Barnes, 203457 Noel","1627812,200826,202083,203084,203457","Ferrell, Barea, Matthews, Barnes, Noel",0,5,6,3,4,162.0
21601131,20170331,4,6,DAL,MEM,"1627812 Ferrell, 202083 Matthews, 203084 Barnes, 203457 Noel, 2734 Harris","1627812,202083,203084,203457,2734","Ferrell, Matthews, Barnes, Noel, Harris",0,2,3,3,3,91.0
21601131,20170331,4,7,DAL,MEM,"1717 Nowitzki, 200826 Barea, 202083 Matthews, 203084 Barnes, 2734 Harris","1717,200826,202083,203084,2734","Nowitzki, Barea, Matthews, Barnes, Harris",0,6,0,4,4,73.0
21601131,20170331,4,8,DAL,MEM,"1717 Nowitzki, 200826 Barea, 202083 Matthews, 203084 Barnes, 2734 Harris","1717,200826,202083,203084,2734","Nowitzki, Barea, Matthews, Barnes, Harris",0,3,2,2,3,66.8
21601131,20170331,4,9,DAL,MEM,"1627812 Ferrell, 1627827 Finney-Smith, 202083 Matthews, 203084 Barnes, 2734 Harris","1627812,1627827,202083,203084,2734","Ferrell, Finney-Smith, Matthews, Barnes, Harris",0,0,1,0,2,2.6
21601131,20170331,4,10,DAL,MEM,"1717 Nowitzki, 200826 Barea, 202083 Matthews, 203084 Barnes, 2734 Harris","1717,200826,202083,203084,2734","Nowitzki, Barea, Matthews, Barnes, Harris",0,0,4,2,3,29.6
21601144,20170402,1,1,DAL,MIL,"1627812 Ferrell, 1627827 Finney-Smith, 1717 Nowitzki, 202083 Matthews, 203084 Barnes","1627812,1627827,1717,202083,203084","Ferrell, Finney-Smith, Nowitzki, Matthews, Barnes",0,18,11,7,8,241.0
21601144,20170402,1,2,DAL,MIL,"1627812 Ferrell, 1627827 Finney-Smith, 1717 Nowitzki, 202083 Matthews, 203084 Barnes","1627812,1627827,1717,202083,203084","Ferrell, Finney-Smith, Nowitzki, Matthews, Barnes",0,3,7,4,4,134.0
21601144,20170402,1,3,DAL,MIL,"200826 Barea, 202083 Matthews, 203084 Barnes, 203457 Noel, 2734 Harris","200826,202083,203084,203457,2734","Barea, Matthews, Barnes, Noel, Harris",0,2,0,3,2,51.0
21601144,20170402,1,4,DAL,MIL,"200826 Barea, 202083 Matthews, 203084 Barnes, 203457 Noel, 2734 Harris","200826,202083,203084,203457,2734","Barea, Matthews, Barnes, Noel, Harris",0,4,4,5,4,119.0
21601144,20170402,1,5,DAL,MIL,"200826 Barea, 202083 Matthews, 203084 Barnes, 203457 Noel, 2734 Harris","200826,202083,203084,203457,2734","Barea, Matthews, Barnes, Noel, Harris",0,2,3,2,1,48.0
21601144,20170402,1,6,DAL,MIL,"1627827 Finney-Smith, 200826 Barea, 203084 Barnes, 203457 Noel, 2734 Harris","1627827,200826,203084,203457,2734","Finney-Smith, Barea, Barnes, Noel, Harris",0,2,1,3,3,70.1
21601144,20170402,1,7,DAL,MIL,"1627827 Finney-Smith, 1717 Nowitzki, 200826 Barea, 203457 Noel, 2734 Harris","1627827,1717,200826,203457,2734","Finney-Smith, Nowitzki, Barea, Noel, Harris",0,0,2,1,1,56.9
21601144,20170402,2,1,DAL,MIL,"1627827 Finney-Smith, 1717 Nowitzki, 200826 Barea, 203457 Noel, 2734 Harris","1627827,1717,200826,203457,2734","Finney-Smith, Nowitzki, Barea, Noel, Harris",0,0,0,1,0,13.0
21601144,20170402,2,2,DAL,MIL,"1627812 Ferrell, 1627852 Brussino, 1717 Nowitzki, 200826 Barea, 203457 Noel","1627812,1627852,1717,200826,203457","Ferrell, Brussino, Nowitzki, Barea, Noel",0,6,2,4,4,121.0
21601144,20170402,2,3,DAL,MIL,"1626257 Mejri, 1627812 Ferrell, 1627852 Brussino, 1717 Nowitzki, 200826 Barea","1626257,1627812,1627852,1717,200826","Mejri, Ferrell, Brussino, Nowitzki, Barea",0,6,6,4,5,101.0
21601144,20170402,2,4,DAL,MIL,"1627812 Ferrell, 1627852 Brussino, 1717 Nowitzki, 203939 Powell, 2734 Harris","1627812,1627852,1717,203939,2734","Ferrell, Brussino, Nowitzki, Powell, Harris",0,0,3,2,2,77.0
21601144,20170402,2,5,DAL,MIL,"1627812 Ferrell, 202083 Matthews, 203084 Barnes, 203939 Powell, 2734 Harris","1627812,202083,203084,203939,2734","Ferrell, Matthews, Barnes, Powell, Harris",0,2,0,3,3,81.0
21601144,20170402,2,6,DAL,MIL,"1627812 Ferrell, 202083 Matthews, 203084 Barnes, 203939 Powell, 2734 Harris","1627812,202083,203084,203939,2734","Ferrell, Matthews, Barnes, Powell, Harris",0,0,4,3,4,97.0
21601144,20170402,2,7,DAL,MIL,"1717 Nowitzki, 200826 Barea, 202083 Matthews, 203084 Barnes, 2734 Harris","1717,200826,202083,203084,2734","Nowitzki, Barea, Matthews, Barnes, Harris",0,6,4,4,4,126.0
21601144,20170402,2,8,DAL,MIL,"1627812 Ferrell, 1717 Nowitzki, 200826 Barea, 202083 Matthews, 203084 Barnes","1627812,1717,200826,202083,203084","Ferrell, Nowitzki, Barea, Matthews, Barnes",0,2,6,3,4,99.0
21601144,20170402,2,9,DAL,MIL,"1627812 Ferrell, 1627827 Finney-Smith, 200826 Barea, 202083 Matthews, 203084 Barnes","1627812,1627827,200826,202083,203084","Ferrell, Finney-Smith, Barea, Matthews, Barnes",0,0,0,0,1,5.0
21601144,20170402,3,1,DAL,MIL,"1627812 Ferrell, 1627827 Finney-Smith, 200826 Barea, 202083 Matthews, 203084 Barnes","1627812,1627827,200826,202083,203084","Ferrell, Finney-Smith, Barea, Matthews, Barnes",0,0,0,1,0,14.0
21601144,20170402,3,2,DAL,MIL,"1627812 Ferrell, 1627827 Finney-Smith, 1717 Nowitzki, 202083 Matthews, 203084 Barnes","1627812,1627827,1717,202083,203084","Ferrell, Finney-Smith, Nowitzki, Matthews, Barnes",0,10,14,11,10,291.0
21601144,20170402,3,3,DAL,MIL,"1627812 Ferrell, 1627827 Finney-Smith, 1717 Nowitzki, 202083 Matthews, 203084 Barnes","1627812,1627827,1717,202083,203084","Ferrell, Finney-Smith, Nowitzki, Matthews, Barnes",0,2,5,4,3,99.0
21601144,20170402,3,4,DAL,MIL,"200826 Barea, 202083 Matthews, 203084 Barnes, 203457 Noel, 2734 Harris","200826,202083,203084,203457,2734","Barea, Matthews, Barnes, Noel, Harris",0,3,2,4,3,104.0
21601144,20170402,3,5,DAL,MIL,"200826 Barea, 202083 Matthews, 203084 Barnes, 203457 Noel, 2734 Harris","200826,202083,203084,203457,2734","Barea, Matthews, Barnes, Noel, Harris",0,0,0,1,0,9.0
21601144,20170402,3,6,DAL,MIL,"200826 Barea, 202083 Matthews, 203084 Barnes, 203457 Noel, 2734 Harris","200826,202083,203084,203457,2734","Barea, Matthews, Barnes, Noel, Harris",0,3,0,3,2,50.0
21601144,20170402,3,7,DAL,MIL,"200826 Barea, 202083 Matthews, 203084 Barnes, 203457 Noel, 2734 Harris","200826,202083,203084,203457,2734","Barea, Matthews, Barnes, Noel, Harris",0,2,2,4,3,81.0
21601144,20170402,3,8,DAL,MIL,"1627827 Finney-Smith, 1717 Nowitzki, 200826 Barea, 203457 Noel, 2734 Harris","1627827,1717,200826,203457,2734","Finney-Smith, Nowitzki, Barea, Noel, Harris",0,2,2,3,3,69.4
21601144,20170402,3,9,DAL,MIL,"1627827 Finney-Smith, 200826 Barea, 203084 Barnes, 203457 Noel, 2734 Harris","1627827,200826,203084,203457,2734","Finney-Smith, Barea, Barnes, Noel, Harris",0,0,0,0,1,2.6
21601144,20170402,4,1,DAL,MIL,"1627827 Finney-Smith, 1717 Nowitzki, 200826 Barea, 203457 Noel, 2734 Harris","1627827,1717,200826,203457,2734","Finney-Smith, Nowitzki, Barea, Noel, Harris",0,0,0,0,1,13.0
21601144,20170402,4,2,DAL,MIL,"1627852 Brussino, 1717 Nowitzki, 200826 Barea, 203457 Noel, 2734 Harris","1627852,1717,200826,203457,2734","Brussino, Nowitzki, Barea, Noel, Harris",0,10,2,4,5,95.0
21601144,20170402,4,3,DAL,MIL,"1627852 Brussino, 200826 Barea, 203084 Barnes, 203457 Noel, 2734 Harris","1627852,200826,203084,203457,2734","Brussino, Barea, Barnes, Noel, Harris",0,4,2,3,3,99.0
21601144,20170402,4,4,DAL,MIL,"1627852 Brussino, 200826 Barea, 203084 Barnes, 203457 Noel, 2734 Harris","1627852,200826,203084,203457,2734","Brussino, Barea, Barnes, Noel, Harris",0,0,0,2,1,54.0
21601144,20170402,4,5,DAL,MIL,"1627812 Ferrell, 1627852 Brussino, 203084 Barnes, 203457 Noel, 2734 Harris","1627812,1627852,203084,203457,2734","Ferrell, Brussino, Barnes, Noel, Harris",0,2,3,2,1,61.0
21601144,20170402,4,6,DAL,MIL,"1627812 Ferrell, 1627852 Brussino, 202083 Matthews, 203084 Barnes, 203457 Noel","1627812,1627852,202083,203084,203457","Ferrell, Brussino, Matthews, Barnes, Noel",0,2,0,2,2,40.0
21601144,20170402,4,7,DAL,MIL,"1626257 Mejri, 1627812 Ferrell, 1627852 Brussino, 202083 Matthews, 203084 Barnes","1626257,1627812,1627852,202083,203084","Mejri, Ferrell, Brussino, Matthews, Barnes",0,16,20,13,16,358.0
21601163,20170404,1,1,DAL,SAC,"1627812 Ferrell, 1627852 Brussino, 203084 Barnes, 203457 Noel, 203939 Powell","1627812,1627852,203084,203457,203939","Ferrell, Brussino, Barnes, Noel, Powell",0,7,11,9,10,280.0
21601163,20170404,1,2,DAL,SAC,"1627812 Ferrell, 1627852 Brussino, 203084 Barnes, 203457 Noel, 203939 Powell","1627812,1627852,203084,203457,203939","Ferrell, Brussino, Barnes, Noel, Powell",0,0,6,3,3,86.0
21601163,20170404,1,3,DAL,SAC,"1627827 Finney-Smith, 200826 Barea, 203084 Barnes, 203457 Noel, 2734 Harris","1627827,200826,203084,203457,2734","Finney-Smith, Barea, Barnes, Noel, Harris",0,2,2,7,6,153.0
21601163,20170404,1,4,DAL,SAC,"1627827 Finney-Smith, 200826 Barea, 203084 Barnes, 203457 Noel, 2734 Harris","1627827,200826,203084,203457,2734","Finney-Smith, Barea, Barnes, Noel, Harris",0,0,0,1,0,8.0
21601163,20170404,1,5,DAL,SAC,"1627773 Hammons, 1627827 Finney-Smith, 200826 Barea, 203084 Barnes, 2734 Harris","1627773,1627827,200826,203084,2734","Hammons, Finney-Smith, Barea, Barnes, Harris",0,3,0,1,1,19.0
21601163,20170404,1,6,DAL,SAC,"1627773 Hammons, 1627827 Finney-Smith, 200826 Barea, 203084 Barnes, 2734 Harris","1627773,1627827,200826,203084,2734","Hammons, Finney-Smith, Barea, Barnes, Harris",0,2,0,1,2,51.0
21601163,20170404,1,7,DAL,SAC,"1627773 Hammons, 1627827 Finney-Smith, 200826 Barea, 203084 Barnes, 2734 Harris","1627773,1627827,200826,203084,2734","Hammons, Finney-Smith, Barea, Barnes, Harris",0,0,2,2,3,77.2
21601163,20170404,1,8,DAL,SAC,"1627773 Hammons, 1627784 Uthoff, 1627827 Finney-Smith, 200826 Barea, 2734 Harris","1627773,1627784,1627827,200826,2734","Hammons, Uthoff, Finney-Smith, Barea, Harris",0,3,1,1,2,45.8
21601163,20170404,2,1,DAL,SAC,"1627773 Hammons, 1627784 Uthoff, 1627827 Finney-Smith, 200826 Barea, 2734 Harris","1627773,1627784,1627827,200826,2734","Hammons, Uthoff, Finney-Smith, Barea, Harris",0,6,5,7,8,184.0
21601163,20170404,2,2,DAL,SAC,"1627773 Hammons, 1627784 Uthoff, 1627812 Ferrell, 1627827 Finney-Smith, 1627852 Brussino","1627773,1627784,1627812,1627827,1627852","Hammons, Uthoff, Ferrell, Finney-Smith, Brussino",0,0,2,4,4,74.0
21601163,20170404,2,3,DAL,SAC,"1627812 Ferrell, 1627827 Finney-Smith, 1627852 Brussino, 203084 Barnes, 203457 Noel","1627812,1627827,1627852,203084,203457","Ferrell, Finney-Smith, Brussino, Barnes, Noel",0,0,0,4,3,108.0
21601163,20170404,2,4,DAL,SAC,"1627812 Ferrell, 1627852 Brussino, 203084 Barnes, 203457 Noel, 203939 Powell","1627812,1627852,203084,203457,203939","Ferrell, Brussino, Barnes, Noel, Powell",0,2,2,2,2,58.0
21601163,20170404,2,5,DAL,SAC,"1627812 Ferrell, 1627852 Brussino, 203084 Barnes, 203457 Noel, 203939 Powell","1627812,1627852,203084,203457,203939","Ferrell, Brussino, Barnes, Noel, Powell",0,1,0,1,1,26.0
21601163,20170404,2,6,DAL,SAC,"1627812 Ferrell, 1627852 Brussino, 203084 Barnes, 203457 Noel, 203939 Powell","1627812,1627852,203084,203457,203939","Ferrell, Brussino, Barnes, Noel, Powell",0,3,0,3,2,81.0
21601163,20170404,2,7,DAL,SAC,"1627812 Ferrell, 1627852 Brussino, 203084 Barnes, 203457 Noel, 203939 Powell","1627812,1627852,203084,203457,203939","Ferrell, Brussino, Barnes, Noel, Powell",0,2,3,4,3,62.0
21601163,20170404,2,8,DAL,SAC,"1627812 Ferrell, 1627852 Brussino, 203084 Barnes, 203457 Noel, 203939 Powell","1627812,1627852,203084,203457,203939","Ferrell, Brussino, Barnes, Noel, Powell",0,2,0,1,0,16.0
21601163,20170404,2,9,DAL,SAC,"1627773 Hammons, 1627812 Ferrell, 1627852 Brussino, 203084 Barnes, 203939 Powell","1627773,1627812,1627852,203084,203939","Hammons, Ferrell, Brussino, Barnes, Powell",0,5,2,3,3,108.1
21601163,20170404,2,10,DAL,SAC,"1627773 Hammons, 1627812 Ferrell, 1627852 Brussino, 203084 Barnes, 203939 Powell","1627773,1627812,1627852,203084,203939","Hammons, Ferrell, Brussino, Barnes, Powell",0,0,0,1,0,2.9
21601163,20170404,3,1,DAL,SAC,"1627773 Hammons, 1627812 Ferrell, 1627852 Brussino, 203084 Barnes, 203939 Powell","1627773,1627812,1627852,203084,203939","Hammons, Ferrell, Brussino, Barnes, Powell",0,0,0,0,1,19.0
21601163,20170404,3,2,DAL,SAC,"1627812 Ferrell, 1627852 Brussino, 203084 Barnes, 203457 Noel, 203939 Powell","1627812,1627852,203084,203457,203939","Ferrell, Brussino, Barnes, Noel, Powell",0,14,14,12,13,345.0
21601163,20170404,3,3,DAL,SAC,"1627773 Hammons, 1627812 Ferrell, 1627852 Brussino, 203084 Barnes, 203939 Powell","1627773,1627812,1627852,203084,203939","Hammons, Ferrell, Brussino, Barnes, Powell",0,6,4,4,5,114.0
21601163,20170404,3,4,DAL,SAC,"1627773 Hammons, 1627827 Finney-Smith, 1627852 Brussino, 203084 Barnes, 203939 Powell","1627773,1627827,1627852,203084,203939","Hammons, Finney-Smith, Brussino, Barnes, Powell",0,0,0,1,1,17.0
21601163,20170404,3,5,DAL,SAC,"1627784 Uthoff, 200826 Barea, 203084 Barnes, 203939 Powell, 2734 Harris","1627784,200826,203084,203939,2734","Uthoff, Barea, Barnes, Powell, Harris",0,3,3,2,3,55.0
21601163,20170404,3,6,DAL,SAC,"1627773 Hammons, 1627784 Uthoff, 200826 Barea, 203939 Powell, 2734 Harris","1627773,1627784,200826,203939,2734","Hammons, Uthoff, Barea, Powell, Harris",0,5,8,6,5,127.2
21601163,20170404,3,7,DAL,SAC,"1627773 Hammons, 1627784 Uthoff, 200826 Barea, 203939 Powell, 2734 Harris","1627773,1627784,200826,203939,2734","Hammons, Uthoff, Barea, Powell, Harris",0,3,3,2,1,42.8
21601163,20170404,4,1,DAL,SAC,"1627773 Hammons, 1627784 Uthoff, 200826 Barea, 203939 Powell, 2734 Harris","1627773,1627784,200826,203939,2734","Hammons, Uthoff, Barea, Powell, Harris",0,0,0,1,0,16.0
21601163,20170404,4,2,DAL,SAC,"1627773 Hammons, 1627784 Uthoff, 200826 Barea, 203939 Powell, 2734 Harris","1627773,1627784,200826,203939,2734","Hammons, Uthoff, Barea, Powell, Harris",0,2,3,4,3,67.0
21601163,20170404,4,3,DAL,SAC,"1627773 Hammons, 1627784 Uthoff, 1627827 Finney-Smith, 200826 Barea, 2734 Harris","1627773,1627784,1627827,200826,2734","Hammons, Uthoff, Finney-Smith, Barea, Harris",0,0,2,2,1,42.0
21601163,20170404,4,4,DAL,SAC,"1627773 Hammons, 1627784 Uthoff, 1627812 Ferrell, 1627827 Finney-Smith, 1627852 Brussino","1627773,1627784,1627812,1627827,1627852","Hammons, Uthoff, Ferrell, Finney-Smith, Brussino",0,4,2,3,3,96.0
21601163,20170404,4,5,DAL,SAC,"1627773 Hammons, 1627784 Uthoff, 1627827 Finney-Smith, 1627852 Brussino, 203939 Powell","1627773,1627784,1627827,1627852,203939","Hammons, Uthoff, Finney-Smith, Brussino, Powell",0,2,0,3,2,66.0
21601163,20170404,4,6,DAL,SAC,"1627773 Hammons, 1627784 Uthoff, 1627827 Finney-Smith, 1627852 Brussino, 203939 Powell","1627773,1627784,1627827,1627852,203939","Hammons, Uthoff, Finney-Smith, Brussino, Powell",0,0,2,1,2,36.0
21601163,20170404,4,7,DAL,SAC,"1627773 Hammons, 1627784 Uthoff, 1627827 Finney-Smith, 1627852 Brussino, 203939 Powell","1627773,1627784,1627827,1627852,203939","Hammons, Uthoff, Finney-Smith, Brussino, Powell",0,4,11,7,7,235.0
21601163,20170404,4,8,DAL,SAC,"1627773 Hammons, 1627784 Uthoff, 1627827 Finney-Smith, 1627852 Brussino, 203939 Powell","1627773,1627784,1627827,1627852,203939","Hammons, Uthoff, Finney-Smith, Brussino, Powell",0,6,10,6,6,162.0
21601172,20170405,1,1,DAL,LAC,"1627812 Ferrell, 1717 Nowitzki, 202083 Matthews, 203084 Barnes, 2734 Harris","1627812,1717,202083,203084,2734","Ferrell, Nowitzki, Matthews, Barnes, Harris",0,6,22,10,10,290.0
21601172,20170405,1,2,DAL,LAC,"1717 Nowitzki, 200826 Barea, 202083 Matthews, 203084 Barnes, 2734 Harris","1717,200826,202083,203084,2734","Nowitzki, Barea, Matthews, Barnes, Harris",0,5,3,5,5,129.0
21601172,20170405,1,3,DAL,LAC,"1626257 Mejri, 200826 Barea, 202083 Matthews, 203084 Barnes, 2734 Harris","1626257,200826,202083,203084,2734","Mejri, Barea, Matthews, Barnes, Harris",0,0,2,1,3,37.0
21601172,20170405,1,4,DAL,LAC,"1626257 Mejri, 200826 Barea, 202083 Matthews, 203084 Barnes, 2734 Harris","1626257,200826,202083,203084,2734","Mejri, Barea, Matthews, Barnes, Harris",0,5,6,6,7,138.0
21601172,20170405,1,5,DAL,LAC,"1626257 Mejri, 200826 Barea, 202083 Matthews, 203084 Barnes, 2734 Harris","1626257,200826,202083,203084,2734","Mejri, Barea, Matthews, Barnes, Harris",0,5,2,5,4,117.2
21601172,20170405,1,6,DAL,LAC,"1626257 Mejri, 1627827 Finney-Smith, 1717 Nowitzki, 200826 Barea, 2734 Harris","1626257,1627827,1717,200826,2734","Mejri, Finney-Smith, Nowitzki, Barea, Harris",0,3,0,2,0,7.1
21601172,20170405,1,7,DAL,LAC,"1626257 Mejri, 1627812 Ferrell, 1627827 Finney-Smith, 200826 Barea, 2734 Harris","1626257,1627812,1627827,200826,2734","Mejri, Ferrell, Finney-Smith, Barea, Harris",0,0,0,0,0,1.7
21601172,20170405,2,1,DAL,LAC,"1626257 Mejri, 1627812 Ferrell, 1627827 Finney-Smith, 200826 Barea, 2734 Harris","1626257,1627812,1627827,200826,2734","Mejri, Ferrell, Finney-Smith, Barea, Harris",0,10,4,10,9,333.0
21601172,20170405,2,2,DAL,LAC,"1627812 Ferrell, 1627827 Finney-Smith, 202083 Matthews, 203084 Barnes, 203457 Noel","1627812,1627827,202083,203084,203457","Ferrell, Finney-Smith, Matthews, Barnes, Noel",0,4,11,6,6,157.0
21601172,20170405,2,3,DAL,LAC,"1717 Nowitzki, 200826 Barea, 202083 Matthews, 203084 Barnes, 2734 Harris","1717,200826,202083,203084,2734","Nowitzki, Barea, Matthews, Barnes, Harris",0,5,4,6,6,169.0
21601172,20170405,2,4,DAL,LAC,"1717 Nowitzki, 200826 Barea, 202083 Matthews, 203457 Noel, 2734 Harris","1717,200826,202083,203457,2734","Nowitzki, Barea, Matthews, Noel, Harris",0,4,3,3,3,44.1
21601172,20170405,2,5,DAL,LAC,"1717 Nowitzki, 200826 Barea, 202083 Matthews, 203457 Noel, 2734 Harris","1717,200826,202083,203457,2734","Nowitzki, Barea, Matthews, Noel, Harris",0,0,0,0,1,16.9
21601172,20170405,3,1,DAL,LAC,"1717 Nowitzki, 200826 Barea, 202083 Matthews, 203457 Noel, 2734 Harris","1717,200826,202083,203457,2734","Nowitzki, Barea, Matthews, Noel, Harris",0,0,0,1,0,11.0
21601172,20170405,3,2,DAL,LAC,"1627812 Ferrell, 1717 Nowitzki, 202083 Matthews, 203084 Barnes, 203457 Noel","1627812,1717,202083,203084,203457","Ferrell, Nowitzki, Matthews, Barnes, Noel",0,18,13,14,15,383.0
21601172,20170405,3,3,DAL,LAC,"1627812 Ferrell, 1717 Nowitzki, 202083 Matthews, 203084 Barnes, 203457 Noel","1627812,1717,202083,203084,203457","Ferrell, Nowitzki, Matthews, Barnes, Noel",0,0,1,0,1,10.0
21601172,20170405,3,4,DAL,LAC,"1627812 Ferrell, 1627827 Finney-Smith, 202083 Matthews, 203084 Barnes, 203457 Noel","1627812,1627827,202083,203084,203457","Ferrell, Finney-Smith, Matthews, Barnes, Noel",0,0,4,2,2,32.0
21601172,20170405,3,5,DAL,LAC,"1627827 Finney-Smith, 200826 Barea, 203084 Barnes, 203457 Noel, 2734 Harris","1627827,200826,203084,203457,2734","Finney-Smith, Barea, Barnes, Noel, Harris",0,2,4,3,2,61.0
21601172,20170405,3,6,DAL,LAC,"1626257 Mejri, 1627827 Finney-Smith, 200826 Barea, 203084 Barnes, 2734 Harris","1626257,1627827,200826,203084,2734","Mejri, Finney-Smith, Barea, Barnes, Harris",0,0,2,1,1,8.0
21601172,20170405,3,7,DAL,LAC,"1626257 Mejri, 1627827 Finney-Smith, 200826 Barea, 203084 Barnes, 2734 Harris","1626257,1627827,200826,203084,2734","Mejri, Finney-Smith, Barea, Barnes, Harris",0,0,2,1,1,35.0
21601172,20170405,3,8,DAL,LAC,"1626257 Mejri, 1627827 Finney-Smith, 200826 Barea, 203084 Barnes, 2734 Harris","1626257,1627827,200826,203084,2734","Mejri, Finney-Smith, Barea, Barnes, Harris",0,2,0,4,3,76.0
21601172,20170405,3,9,DAL,LAC,"1626257 Mejri, 1627827 Finney-Smith, 1717 Nowitzki, 200826 Barea, 2734 Harris","1626257,1627827,1717,200826,2734","Mejri, Finney-Smith, Nowitzki, Barea, Harris",0,2,2,3,3,68.8
21601172,20170405,3,10,DAL,LAC,"1626257 Mejri, 1627827 Finney-Smith, 1717 Nowitzki, 200826 Barea, 2734 Harris","1626257,1627827,1717,200826,2734","Mejri, Finney-Smith, Nowitzki, Barea, Harris",0,0,0,1,1,35.2
21601172,20170405,4,1,DAL,LAC,"1626257 Mejri, 1627827 Finney-Smith, 1717 Nowitzki, 200826 Barea, 2734 Harris","1626257,1627827,1717,200826,2734","Mejri, Finney-Smith, Nowitzki, Barea, Harris",0,0,0,0,1,15.0
21601172,20170405,4,2,DAL,LAC,"1626257 Mejri, 1627827 Finney-Smith, 1717 Nowitzki, 200826 Barea, 2734 Harris","1626257,1627827,1717,200826,2734","Mejri, Finney-Smith, Nowitzki, Barea, Harris",0,4,5,5,6,180.0
21601172,20170405,4,3,DAL,LAC,"1626257 Mejri, 1627812 Ferrell, 1627852 Brussino, 202083 Matthews, 203084 Barnes","1626257,1627812,1627852,202083,203084","Mejri, Ferrell, Brussino, Matthews, Barnes",0,4,2,5,5,97.0
21601172,20170405,4,4,DAL,LAC,"1626257 Mejri, 1627812 Ferrell, 1627852 Brussino, 202083 Matthews, 203084 Barnes","1626257,1627812,1627852,202083,203084","Mejri, Ferrell, Brussino, Matthews, Barnes",0,0,0,3,3,45.0
21601172,20170405,4,5,DAL,LAC,"1627812 Ferrell, 1627852 Brussino, 202083 Matthews, 203084 Barnes, 203457 Noel","1627812,1627852,202083,203084,203457","Ferrell, Brussino, Matthews, Barnes, Noel",0,3,0,1,1,17.0
21601172,20170405,4,6,DAL,LAC,"1627812 Ferrell, 1627852 Brussino, 202083 Matthews, 203084 Barnes, 203457 Noel","1627812,1627852,202083,203084,203457","Ferrell, Brussino, Matthews, Barnes, Noel",0,12,13,10,9,298.0
21601172,20170405,4,7,DAL,LAC,"1627784 Uthoff, 1627812 Ferrell, 1627827 Finney-Smith, 1627852 Brussino, 203939 Powell","1627784,1627812,1627827,1627852,203939","Uthoff, Ferrell, Finney-Smith, Brussino, Powell",0,5,2,2,2,68.0
21601183,20170407,1,1,DAL,SAS,"1627812 Ferrell, 1717 Nowitzki, 202083 Matthews, 203084 Barnes, 203457 Noel","1627812,1717,202083,203084,203457","Ferrell, Nowitzki, Matthews, Barnes, Noel",0,16,13,14,14,410.0
21601183,20170407,1,2,DAL,SAS,"1627812 Ferrell, 1717 Nowitzki, 202083 Matthews, 203084 Barnes, 203457 Noel","1627812,1717,202083,203084,203457","Ferrell, Nowitzki, Matthews, Barnes, Noel",0,4,0,4,4,126.0
21601183,20170407,1,3,DAL,SAS,"1627812 Ferrell, 1717 Nowitzki, 202083 Matthews, 203084 Barnes, 203457 Noel","1627812,1717,202083,203084,203457","Ferrell, Nowitzki, Matthews, Barnes, Noel",0,4,0,2,3,72.0
21601183,20170407,1,4,DAL,SAS,"1626257 Mejri, 1627827 Finney-Smith, 200826 Barea, 203084 Barnes, 2734 Harris","1626257,1627827,200826,203084,2734","Mejri, Finney-Smith, Barea, Barnes, Harris",0,2,5,4,4,80.7
21601183,20170407,1,5,DAL,SAS,"1626257 Mejri, 1627827 Finney-Smith, 200826 Barea, 203939 Powell, 2734 Harris","1626257,1627827,200826,203939,2734","Mejri, Finney-Smith, Barea, Powell, Harris",0,0,3,2,1,31.3
21601183,20170407,2,1,DAL,SAS,"1626257 Mejri, 1627827 Finney-Smith, 200826 Barea, 203939 Powell, 2734 Harris","1626257,1627827,200826,203939,2734","Mejri, Finney-Smith, Barea, Powell, Harris",0,0,0,1,0,20.0
21601183,20170407,2,2,DAL,SAS,"1626257 Mejri, 1627827 Finney-Smith, 200826 Barea, 203939 Powell, 2734 Harris","1626257,1627827,200826,203939,2734","Mejri, Finney-Smith, Barea, Powell, Harris",0,8,3,4,3,81.0
21601183,20170407,2,3,DAL,SAS,"1626257 Mejri, 1627827 Finney-Smith, 200826 Barea, 203939 Powell, 2734 Harris","1626257,1627827,200826,203939,2734","Mejri, Finney-Smith, Barea, Powell, Harris",0,6,6,7,6,161.0
21601183,20170407,2,4,DAL,SAS,"1626257 Mejri, 1627827 Finney-Smith, 200826 Barea, 203939 Powell, 2734 Harris","1626257,1627827,200826,203939,2734","Mejri, Finney-Smith, Barea, Powell, Harris",0,4,2,4,3,68.0
21601183,20170407,2,5,DAL,SAS,"1626257 Mejri, 1627827 Finney-Smith, 200826 Barea, 203939 Powell, 2734 Harris","1626257,1627827,200826,203939,2734","Mejri, Finney-Smith, Barea, Powell, Harris",0,4,0,2,2,25.0
21601183,20170407,2,6,DAL,SAS,"1627773 Hammons, 1627812 Ferrell, 1717 Nowitzki, 202083 Matthews, 203084 Barnes","1627773,1627812,1717,202083,203084","Hammons, Ferrell, Nowitzki, Matthews, Barnes",0,2,2,2,2,47.0
21601183,20170407,2,7,DAL,SAS,"1627773 Hammons, 1627812 Ferrell, 1717 Nowitzki, 202083 Matthews, 203084 Barnes","1627773,1627812,1717,202083,203084","Hammons, Ferrell, Nowitzki, Matthews, Barnes",0,0,0,2,2,62.0
21601183,20170407,2,8,DAL,SAS,"1627773 Hammons, 1627852 Brussino, 1717 Nowitzki, 202083 Matthews, 203084 Barnes","1627773,1627852,1717,202083,203084","Hammons, Brussino, Nowitzki, Matthews, Barnes",0,2,9,4,4,80.0
21601183,20170407,2,9,DAL,SAS,"1627773 Hammons, 1717 Nowitzki, 200826 Barea, 202083 Matthews, 203084 Barnes","1627773,1717,200826,202083,203084","Hammons, Nowitzki, Barea, Matthews, Barnes",0,7,4,4,4,114.0
21601183,20170407,2,10,DAL,SAS,"1627773 Hammons, 1717 Nowitzki, 200826 Barea, 202083 Matthews, 203084 Barnes","1627773,1717,200826,202083,203084","Hammons, Nowitzki, Barea, Matthews, Barnes",0,2,3,3,2,62.0
21601183,20170407,3,1,DAL,SAS,"1627812 Ferrell, 1627827 Finney-Smith, 1627852 Brussino, 203457 Noel, 203939 Powell","1627812,1627827,1627852,203457,203939","Ferrell, Finney-Smith, Brussino, Noel, Powell",0,0,0,1,0,15.0
21601183,20170407,3,2,DAL,SAS,"1627812 Ferrell, 1627827 Finney-Smith, 1627852 Brussino, 203457 Noel, 203939 Powell","1627812,1627827,1627852,203457,203939","Ferrell, Finney-Smith, Brussino, Noel, Powell",0,6,8,8,8,235.0
21601183,20170407,3,3,DAL,SAS,"1627773 Hammons, 1627784 Uthoff, 1627812 Ferrell, 1627827 Finney-Smith, 1627852 Brussino","1627773,1627784,1627812,1627827,1627852","Hammons, Uthoff, Ferrell, Finney-Smith, Brussino",0,0,4,2,3,66.0
21601183,20170407,3,4,DAL,SAS,"1627773 Hammons, 1627784 Uthoff, 1627812 Ferrell, 1627827 Finney-Smith, 1627852 Brussino","1627773,1627784,1627812,1627827,1627852","Hammons, Uthoff, Ferrell, Finney-Smith, Brussino",0,0,0,0,1,1.0
21601183,20170407,3,5,DAL,SAS,"1627773 Hammons, 1627784 Uthoff, 1627827 Finney-Smith, 1627852 Brussino, 203939 Powell","1627773,1627784,1627827,1627852,203939","Hammons, Uthoff, Finney-Smith, Brussino, Powell",0,0,0,2,2,28.0
21601183,20170407,3,6,DAL,SAS,"1627773 Hammons, 1627784 Uthoff, 1627827 Finney-Smith, 1627852 Brussino, 203939 Powell","1627773,1627784,1627827,1627852,203939","Hammons, Uthoff, Finney-Smith, Brussino, Powell",0,0,5,3,2,44.0
21601183,20170407,3,7,DAL,SAS,"1627773 Hammons, 1627784 Uthoff, 1627827 Finney-Smith, 1627852 Brussino, 203939 Powell","1627773,1627784,1627827,1627852,203939","Hammons, Uthoff, Finney-Smith, Brussino, Powell",0,2,6,9,8,311.7
21601183,20170407,3,8,DAL,SAS,"1627773 Hammons, 1627784 Uthoff, 1627812 Ferrell, 1627827 Finney-Smith, 203939 Powell","1627773,1627784,1627812,1627827,203939","Hammons, Uthoff, Ferrell, Finney-Smith, Powell",0,0,2,1,1,19.3
21601183,20170407,4,1,DAL,SAS,"1627773 Hammons, 1627784 Uthoff, 1627812 Ferrell, 1627827 Finney-Smith, 203939 Powell","1627773,1627784,1627812,1627827,203939","Hammons, Uthoff, Ferrell, Finney-Smith, Powell",0,0,0,0,1,20.0
21601183,20170407,4,2,DAL,SAS,"1627773 Hammons, 1627784 Uthoff, 1627812 Ferrell, 1627827 Finney-Smith, 203939 Powell","1627773,1627784,1627812,1627827,203939","Hammons, Uthoff, Ferrell, Finney-Smith, Powell",0,0,2,3,3,56.0
21601183,20170407,4,3,DAL,SAS,"1627773 Hammons, 1627784 Uthoff, 1627812 Ferrell, 1627852 Brussino, 203939 Powell","1627773,1627784,1627812,1627852,203939","Hammons, Uthoff, Ferrell, Brussino, Powell",0,0,2,2,1,23.0
21601183,20170407,4,4,DAL,SAS,"1627773 Hammons, 1627784 Uthoff, 1627812 Ferrell, 1627852 Brussino, 203939 Powell","1627773,1627784,1627812,1627852,203939","Hammons, Uthoff, Ferrell, Brussino, Powell",0,3,4,4,3,100.0
21601183,20170407,4,5,DAL,SAS,"1627773 Hammons, 1627784 Uthoff, 1627812 Ferrell, 1627827 Finney-Smith, 1627852 Brussino","1627773,1627784,1627812,1627827,1627852","Hammons, Uthoff, Ferrell, Finney-Smith, Brussino",0,6,6,4,4,134.0
21601183,20170407,4,6,DAL,SAS,"1627773 Hammons, 1627784 Uthoff, 1627812 Ferrell, 1627827 Finney-Smith, 1627852 Brussino","1627773,1627784,1627812,1627827,1627852","Hammons, Uthoff, Ferrell, Finney-Smith, Brussino",0,2,2,3,3,88.0
21601183,20170407,4,7,DAL,SAS,"1627773 Hammons, 1627784 Uthoff, 1627812 Ferrell, 1627827 Finney-Smith, 1627852 Brussino","1627773,1627784,1627812,1627827,1627852","Hammons, Uthoff, Ferrell, Finney-Smith, Brussino",0,0,1,1,2,23.0
21601183,20170407,4,8,DAL,SAS,"1627784 Uthoff, 1627812 Ferrell, 1627827 Finney-Smith, 1627852 Brussino, 203939 Powell","1627784,1627812,1627827,1627852,203939","Uthoff, Ferrell, Finney-Smith, Brussino, Powell",0,9,10,10,9,276.0
21601199,20170409,1,1,DAL,PHX,"1627812 Ferrell, 1627827 Finney-Smith, 1717 Nowitzki, 202083 Matthews, 203457 Noel","1627812,1627827,1717,202083,203457","Ferrell, Finney-Smith, Nowitzki, Matthews, Noel",0,14,18,12,11,300.0
21601199,20170409,1,2,DAL,PHX,"1627812 Ferrell, 1627827 Finney-Smith, 1717 Nowitzki, 202083 Matthews, 203457 Noel","1627812,1627827,1717,202083,203457","Ferrell, Finney-Smith, Nowitzki, Matthews, Noel",0,0,1,0,1,15.0
21601199,20170409,1,3,DAL,PHX,"1627812 Ferrell, 1627852 Brussino, 1717 Nowitzki, 202083 Matthews, 203457 Noel","1627812,1627852,1717,202083,203457","Ferrell, Brussino, Nowitzki, Matthews, Noel",0,7,10,9,8,218.0
21601199,20170409,1,4,DAL,PHX,"1627812 Ferrell, 1627852 Brussino, 1717 Nowitzki, 202083 Matthews, 203457 Noel","1627812,1627852,1717,202083,203457","Ferrell, Brussino, Nowitzki, Matthews, Noel",0,5,0,2,2,34.0
21601199,20170409,1,5,DAL,PHX,"1626257 Mejri, 1627852 Brussino, 1717 Nowitzki, 202083 Matthews, 2734 Harris","1626257,1627852,1717,202083,2734","Mejri, Brussino, Nowitzki, Matthews, Harris",0,2,6,2,3,62.0
21601199,20170409,1,6,DAL,PHX,"1626257 Mejri, 1627852 Brussino, 202083 Matthews, 203939 Powell, 2734 Harris","1626257,1627852,202083,203939,2734","Mejri, Brussino, Matthews, Powell, Harris",0,1,5,3,3,91.0
21601199,20170409,2,1,DAL,PHX,"1626257 Mejri, 1627852 Brussino, 202083 Matthews, 203939 Powell, 2734 Harris","1626257,1627852,202083,203939,2734","Mejri, Brussino, Matthews, Powell, Harris",0,0,0,0,1,13.0
21601199,20170409,2,2,DAL,PHX,"1626257 Mejri, 1717 Nowitzki, 202083 Matthews, 203939 Powell, 2734 Harris","1626257,1717,202083,203939,2734","Mejri, Nowitzki, Matthews, Powell, Harris",0,14,9,8,9,195.0
21601199,20170409,2,3,DAL,PHX,"1626257 Mejri, 1627852 Brussino, 1717 Nowitzki, 203939 Powell, 2734 Harris","1626257,1627852,1717,203939,2734","Mejri, Brussino, Nowitzki, Powell, Harris",0,3,2,3,3,73.0
21601199,20170409,2,4,DAL,PHX,"1626257 Mejri, 1627852 Brussino, 1717 Nowitzki, 203939 Powell, 2734 Harris","1626257,1627852,1717,203939,2734","Mejri, Brussino, Nowitzki, Powell, Harris",0,5,2,3,3,78.0
21601199,20170409,2,5,DAL,PHX,"1626257 Mejri, 1627812 Ferrell, 1627827 Finney-Smith, 1627852 Brussino, 203939 Powell","1626257,1627812,1627827,1627852,203939","Mejri, Ferrell, Finney-Smith, Brussino, Powell",0,3,2,1,2,39.0
21601199,20170409,2,6,DAL,PHX,"1627812 Ferrell, 1627827 Finney-Smith, 1627852 Brussino, 1717 Nowitzki, 202083 Matthews","1627812,1627827,1627852,1717,202083","Ferrell, Finney-Smith, Brussino, Nowitzki, Matthews",0,2,3,2,3,64.0
21601199,20170409,2,7,DAL,PHX,"1627784 Uthoff, 1627812 Ferrell, 1627827 Finney-Smith, 1717 Nowitzki, 202083 Matthews","1627784,1627812,1627827,1717,202083","Uthoff, Ferrell, Finney-Smith, Nowitzki, Matthews",0,0,3,1,3,35.0
21601199,20170409,2,8,DAL,PHX,"1627784 Uthoff, 1627812 Ferrell, 1627827 Finney-Smith, 1717 Nowitzki, 202083 Matthews","1627784,1627812,1627827,1717,202083","Uthoff, Ferrell, Finney-Smith, Nowitzki, Matthews",0,3,2,5,4,119.0
21601199,20170409,2,9,DAL,PHX,"1627784 Uthoff, 1627812 Ferrell, 1627827 Finney-Smith, 1627852 Brussino, 203939 Powell","1627784,1627812,1627827,1627852,203939","Uthoff, Ferrell, Finney-Smith, Brussino, Powell",0,6,5,5,4,104.0
21601199,20170409,3,1,DAL,PHX,"1627784 Uthoff, 1627812 Ferrell, 1627827 Finney-Smith, 1627852 Brussino, 203939 Powell","1627784,1627812,1627827,1627852,203939","Uthoff, Ferrell, Finney-Smith, Brussino, Powell",0,0,0,0,1,19.0
21601199,20170409,3,2,DAL,PHX,"1627773 Hammons, 1627784 Uthoff, 1627812 Ferrell, 1627827 Finney-Smith, 203939 Powell","1627773,1627784,1627812,1627827,203939","Hammons, Uthoff, Ferrell, Finney-Smith, Powell",0,6,9,5,6,186.0
21601199,20170409,3,3,DAL,PHX,"1627773 Hammons, 1627784 Uthoff, 1627812 Ferrell, 1627827 Finney-Smith, 203939 Powell","1627773,1627784,1627812,1627827,203939","Hammons, Uthoff, Ferrell, Finney-Smith, Powell",0,0,1,0,1,17.0
21601199,20170409,3,4,DAL,PHX,"1627773 Hammons, 1627784 Uthoff, 1627812 Ferrell, 1627827 Finney-Smith, 203939 Powell","1627773,1627784,1627812,1627827,203939","Hammons, Uthoff, Ferrell, Finney-Smith, Powell",0,0,0,1,1,12.0
21601199,20170409,3,5,DAL,PHX,"1627773 Hammons, 1627812 Ferrell, 1627827 Finney-Smith, 1627852 Brussino, 203939 Powell","1627773,1627812,1627827,1627852,203939","Hammons, Ferrell, Finney-Smith, Brussino, Powell",0,4,2,4,3,90.0
21601199,20170409,3,6,DAL,PHX,"1627773 Hammons, 1627784 Uthoff, 1627827 Finney-Smith, 1627852 Brussino, 203939 Powell","1627773,1627784,1627827,1627852,203939","Hammons, Uthoff, Finney-Smith, Brussino, Powell",0,3,9,4,5,117.0
21601199,20170409,3,7,DAL,PHX,"1627773 Hammons, 1627784 Uthoff, 1627827 Finney-Smith, 1627852 Brussino, 203939 Powell","1627773,1627784,1627827,1627852,203939","Hammons, Uthoff, Finney-Smith, Brussino, Powell",0,0,3,2,1,21.0
21601199,20170409,3,8,DAL,PHX,"1627784 Uthoff, 1627812 Ferrell, 1627827 Finney-Smith, 1627852 Brussino, 203939 Powell","1627784,1627812,1627827,1627852,203939","Uthoff, Ferrell, Finney-Smith, Brussino, Powell",0,7,8,6,6,173.0
21601199,20170409,3,9,DAL,PHX,"1627773 Hammons, 1627784 Uthoff, 1627812 Ferrell, 1627827 Finney-Smith, 1627852 Brussino","1627773,1627784,1627812,1627827,1627852","Hammons, Uthoff, Ferrell, Finney-Smith, Brussino",0,0,4,2,2,85.0
21601199,20170409,4,1,DAL,PHX,"1627773 Hammons, 1627784 Uthoff, 1627812 Ferrell, 1627827 Finney-Smith, 1627852 Brussino","1627773,1627784,1627812,1627827,1627852","Hammons, Uthoff, Ferrell, Finney-Smith, Brussino",0,0,0,1,0,9.0
21601199,20170409,4,2,DAL,PHX,"1627773 Hammons, 1627784 Uthoff, 1627812 Ferrell, 1627852 Brussino, 203939 Powell","1627773,1627784,1627812,1627852,203939","Hammons, Uthoff, Ferrell, Brussino, Powell",0,6,8,9,9,283.0
21601199,20170409,4,3,DAL,PHX,"1627784 Uthoff, 1627812 Ferrell, 1627827 Finney-Smith, 1627852 Brussino, 203939 Powell","1627784,1627812,1627827,1627852,203939","Uthoff, Ferrell, Finney-Smith, Brussino, Powell",0,6,7,6,5,130.0
21601199,20170409,4,4,DAL,PHX,"1627773 Hammons, 1627784 Uthoff, 1627827 Finney-Smith, 1627852 Brussino, 203939 Powell","1627773,1627784,1627827,1627852,203939","Hammons, Uthoff, Finney-Smith, Brussino, Powell",0,14,5,10,9,298.0
21601214,20170411,1,1,DAL,DEN,"1627812 Ferrell, 1627827 Finney-Smith, 1717 Nowitzki, 200826 Barea, 203457 Noel","1627812,1627827,1717,200826,203457","Ferrell, Finney-Smith, Nowitzki, Barea, Noel",0,19,11,16,15,387.0
21601214,20170411,1,2,DAL,DEN,"1627812 Ferrell, 1627852 Brussino, 203457 Noel, 203939 Powell, 2734 Harris","1627812,1627852,203457,203939,2734","Ferrell, Brussino, Noel, Powell, Harris",0,2,0,2,2,61.0
21601214,20170411,1,3,DAL,DEN,"1626257 Mejri, 1627812 Ferrell, 1627852 Brussino, 203939 Powell, 2734 Harris","1626257,1627812,1627852,203939,2734","Mejri, Ferrell, Brussino, Powell, Harris",0,0,6,5,5,103.0
21601214,20170411,1,4,DAL,DEN,"1626257 Mejri, 1627784 Uthoff, 1627852 Brussino, 203939 Powell, 2734 Harris","1626257,1627784,1627852,203939,2734","Mejri, Uthoff, Brussino, Powell, Harris",0,5,6,5,5,142.7
21601214,20170411,1,5,DAL,DEN,"1626257 Mejri, 1627784 Uthoff, 1627852 Brussino, 203939 Powell, 2734 Harris","1626257,1627784,1627852,203939,2734","Mejri, Uthoff, Brussino, Powell, Harris",0,0,0,0,1,15.9
21601214,20170411,1,6,DAL,DEN,"1626257 Mejri, 1627784 Uthoff, 1627852 Brussino, 203939 Powell, 2734 Harris","1626257,1627784,1627852,203939,2734","Mejri, Uthoff, Brussino, Powell, Harris",0,0,0,1,0,10.4
21601214,20170411,2,1,DAL,DEN,"1626257 Mejri, 1627784 Uthoff, 1627852 Brussino, 203939 Powell, 2734 Harris","1626257,1627784,1627852,203939,2734","Mejri, Uthoff, Brussino, Powell, Harris",0,0,0,1,0,23.0
21601214,20170411,2,2,DAL,DEN,"1626257 Mejri, 1627784 Uthoff, 1717 Nowitzki, 200826 Barea, 2734 Harris","1626257,1627784,1717,200826,2734","Mejri, Uthoff, Nowitzki, Barea, Harris",0,7,11,5,5,127.0
21601214,20170411,2,3,DAL,DEN,"1626257 Mejri, 1627784 Uthoff, 1627852 Brussino, 1717 Nowitzki, 200826 Barea","1626257,1627784,1627852,1717,200826","Mejri, Uthoff, Brussino, Nowitzki, Barea",0,0,4,3,2,56.0
21601214,20170411,2,4,DAL,DEN,"1627773 Hammons, 1627827 Finney-Smith, 1627852 Brussino, 1717 Nowitzki, 200826 Barea","1627773,1627827,1627852,1717,200826","Hammons, Finney-Smith, Brussino, Nowitzki, Barea",0,6,8,7,6,186.0
21601214,20170411,2,5,DAL,DEN,"1627773 Hammons, 1627812 Ferrell, 1627827 Finney-Smith, 203939 Powell, 2734 Harris","1627773,1627812,1627827,203939,2734","Hammons, Ferrell, Finney-Smith, Powell, Harris",0,0,2,4,4,124.0
21601214,20170411,2,6,DAL,DEN,"1627812 Ferrell, 1627827 Finney-Smith, 1717 Nowitzki, 200826 Barea, 203457 Noel","1627812,1627827,1717,200826,203457","Ferrell, Finney-Smith, Nowitzki, Barea, Noel",0,1,0,1,1,25.0
21601214,20170411,2,7,DAL,DEN,"1627812 Ferrell, 1627827 Finney-Smith, 1717 Nowitzki, 200826 Barea, 203457 Noel","1627812,1627827,1717,200826,203457","Ferrell, Finney-Smith, Nowitzki, Barea, Noel",0,1,0,1,0,13.0
21601214,20170411,2,8,DAL,DEN,"1627812 Ferrell, 1627827 Finney-Smith, 1717 Nowitzki, 200826 Barea, 203457 Noel","1627812,1627827,1717,200826,203457","Ferrell, Finney-Smith, Nowitzki, Barea, Noel",0,3,7,4,5,95.0
21601214,20170411,2,9,DAL,DEN,"1627812 Ferrell, 1627852 Brussino, 1717 Nowitzki, 200826 Barea, 203457 Noel","1627812,1627852,1717,200826,203457","Ferrell, Brussino, Nowitzki, Barea, Noel",0,0,0,3,3,56.1
21601214,20170411,2,10,DAL,DEN,"1627812 Ferrell, 1627852 Brussino, 1717 Nowitzki, 200826 Barea, 203457 Noel","1627812,1627852,1717,200826,203457","Ferrell, Brussino, Nowitzki, Barea, Noel",0,0,2,1,1,14.9
21601214,20170411,3,1,DAL,DEN,"1627812 Ferrell, 1627852 Brussino, 1717 Nowitzki, 200826 Barea, 203457 Noel","1627812,1627852,1717,200826,203457","Ferrell, Brussino, Nowitzki, Barea, Noel",0,0,0,1,0,12.0
21601214,20170411,3,2,DAL,DEN,"1627812 Ferrell, 1717 Nowitzki, 200826 Barea, 203457 Noel, 2734 Harris","1627812,1717,200826,203457,2734","Ferrell, Nowitzki, Barea, Noel, Harris",0,15,17,13,13,385.0
21601214,20170411,3,3,DAL,DEN,"1627812 Ferrell, 1717 Nowitzki, 200826 Barea, 203939 Powell, 2734 Harris","1627812,1717,200826,203939,2734","Ferrell, Nowitzki, Barea, Powell, Harris",0,8,3,5,5,78.0
21601214,20170411,3,4,DAL,DEN,"1627827 Finney-Smith, 1627852 Brussino, 1717 Nowitzki, 200826 Barea, 203939 Powell","1627827,1627852,1717,200826,203939","Finney-Smith, Brussino, Nowitzki, Barea, Powell",0,2,0,3,3,60.0
21601214,20170411,3,5,DAL,DEN,"1627827 Finney-Smith, 1627852 Brussino, 1717 Nowitzki, 200826 Barea, 203939 Powell","1627827,1627852,1717,200826,203939","Finney-Smith, Brussino, Nowitzki, Barea, Powell",0,3,2,4,4,102.0
21601214,20170411,3,6,DAL,DEN,"1627784 Uthoff, 1627827 Finney-Smith, 1627852 Brussino, 203939 Powell, 2734 Harris","1627784,1627827,1627852,203939,2734","Uthoff, Finney-Smith, Brussino, Powell, Harris",0,3,4,3,3,83.0
21601214,20170411,4,1,DAL,DEN,"1627784 Uthoff, 1627827 Finney-Smith, 1627852 Brussino, 203939 Powell, 2734 Harris","1627784,1627827,1627852,203939,2734","Uthoff, Finney-Smith, Brussino, Powell, Harris",0,0,0,0,1,18.0
21601214,20170411,4,2,DAL,DEN,"1627784 Uthoff, 1627812 Ferrell, 1627827 Finney-Smith, 1627852 Brussino, 203939 Powell","1627784,1627812,1627827,1627852,203939","Uthoff, Ferrell, Finney-Smith, Brussino, Powell",0,8,11,9,10,315.0
21601214,20170411,4,3,DAL,DEN,"1627773 Hammons, 1627784 Uthoff, 1627812 Ferrell, 1627827 Finney-Smith, 1627852 Brussino","1627773,1627784,1627812,1627827,1627852","Hammons, Uthoff, Ferrell, Finney-Smith, Brussino",0,6,8,5,5,163.0
21601214,20170411,4,4,DAL,DEN,"1627784 Uthoff, 1627812 Ferrell, 1627827 Finney-Smith, 1627852 Brussino, 203939 Powell","1627784,1627812,1627827,1627852,203939","Uthoff, Ferrell, Finney-Smith, Brussino, Powell",0,2,7,8,6,224.0
21601223,20170412,1,1,DAL,MEM,"1627812 Ferrell, 1627827 Finney-Smith, 1627852 Brussino, 203457 Noel, 203939 Powell","1627812,1627827,1627852,203457,203939","Ferrell, Finney-Smith, Brussino, Noel, Powell",0,8,14,11,11,350.0
21601223,20170412,1,2,DAL,MEM,"1627827 Finney-Smith, 202732 Liggins, 203457 Noel, 203939 Powell, 2734 Harris","1627827,202732,203457,203939,2734","Finney-Smith, Liggins, Noel, Powell, Harris",0,3,4,5,5,138.0
21601223,20170412,1,3,DAL,MEM,"1626257 Mejri, 1627784 Uthoff, 1627852 Brussino, 202732 Liggins, 2734 Harris","1626257,1627784,1627852,202732,2734","Mejri, Uthoff, Brussino, Liggins, Harris",0,7,4,6,5,116.0
21601223,20170412,1,4,DAL,MEM,"1626257 Mejri, 1627784 Uthoff, 1627852 Brussino, 202732 Liggins, 2734 Harris","1626257,1627784,1627852,202732,2734","Mejri, Uthoff, Brussino, Liggins, Harris",0,4,2,2,3,85.4
21601223,20170412,1,5,DAL,MEM,"1626257 Mejri, 1627784 Uthoff, 1627827 Finney-Smith, 202732 Liggins, 2734 Harris","1626257,1627784,1627827,202732,2734","Mejri, Uthoff, Finney-Smith, Liggins, Harris",0,0,3,1,1,30.6
21601223,20170412,2,1,DAL,MEM,"1626257 Mejri, 1627784 Uthoff, 1627827 Finney-Smith, 202732 Liggins, 2734 Harris","1626257,1627784,1627827,202732,2734","Mejri, Uthoff, Finney-Smith, Liggins, Harris",0,0,3,0,2,16.0
21601223,20170412,2,2,DAL,MEM,"1626257 Mejri, 1627827 Finney-Smith, 202732 Liggins, 203939 Powell, 2734 Harris","1626257,1627827,202732,203939,2734","Mejri, Finney-Smith, Liggins, Powell, Harris",0,4,0,2,1,77.0
21601223,20170412,2,3,DAL,MEM,"1626257 Mejri, 1627812 Ferrell, 1627827 Finney-Smith, 202732 Liggins, 203939 Powell","1626257,1627812,1627827,202732,203939","Mejri, Ferrell, Finney-Smith, Liggins, Powell",0,0,0,0,1,17.0
21601223,20170412,2,4,DAL,MEM,"1626257 Mejri, 1627812 Ferrell, 1627852 Brussino, 202732 Liggins, 203939 Powell","1626257,1627812,1627852,202732,203939","Mejri, Ferrell, Brussino, Liggins, Powell",0,1,2,2,2,60.0
21601223,20170412,2,5,DAL,MEM,"1626257 Mejri, 1627812 Ferrell, 1627852 Brussino, 202732 Liggins, 203939 Powell","1626257,1627812,1627852,202732,203939","Mejri, Ferrell, Brussino, Liggins, Powell",0,2,1,1,1,24.0
21601223,20170412,2,6,DAL,MEM,"1626257 Mejri, 1627812 Ferrell, 1627852 Brussino, 202732 Liggins, 203939 Powell","1626257,1627812,1627852,202732,203939","Mejri, Ferrell, Brussino, Liggins, Powell",0,0,1,0,1,11.0
21601223,20170412,2,7,DAL,MEM,"1627812 Ferrell, 1627852 Brussino, 202732 Liggins, 203457 Noel, 203939 Powell","1627812,1627852,202732,203457,203939","Ferrell, Brussino, Liggins, Noel, Powell",0,0,4,3,2,43.0
21601223,20170412,2,8,DAL,MEM,"1627812 Ferrell, 1627852 Brussino, 203457 Noel, 203939 Powell, 2734 Harris","1627812,1627852,203457,203939,2734","Ferrell, Brussino, Noel, Powell, Harris",0,2,0,3,3,68.0
21601223,20170412,2,9,DAL,MEM,"1627812 Ferrell, 1627852 Brussino, 203457 Noel, 203939 Powell, 2734 Harris","1627812,1627852,203457,203939,2734","Ferrell, Brussino, Noel, Powell, Harris",0,0,0,1,1,8.0
21601223,20170412,2,10,DAL,MEM,"1627812 Ferrell, 1627852 Brussino, 203457 Noel, 203939 Powell, 2734 Harris","1627812,1627852,203457,203939,2734","Ferrell, Brussino, Noel, Powell, Harris",0,5,5,4,3,103.0
21601223,20170412,2,11,DAL,MEM,"1627812 Ferrell, 1627852 Brussino, 203457 Noel, 203939 Powell, 2734 Harris","1627812,1627852,203457,203939,2734","Ferrell, Brussino, Noel, Powell, Harris",0,5,3,3,4,94.0
21601223,20170412,2,12,DAL,MEM,"1627812 Ferrell, 1627852 Brussino, 203457 Noel, 203939 Powell, 2734 Harris","1627812,1627852,203457,203939,2734","Ferrell, Brussino, Noel, Powell, Harris",0,0,2,1,1,9.0
21601223,20170412,2,13,DAL,MEM,"1627812 Ferrell, 1627827 Finney-Smith, 202732 Liggins, 203939 Powell, 2734 Harris","1627812,1627827,202732,203939,2734","Ferrell, Finney-Smith, Liggins, Powell, Harris",0,5,3,4,3,98.0
21601223,20170412,2,14,DAL,MEM,"1627812 Ferrell, 1627827 Finney-Smith, 202732 Liggins, 203457 Noel, 203939 Powell","1627812,1627827,202732,203457,203939","Ferrell, Finney-Smith, Liggins, Noel, Powell",0,0,2,2,2,30.0
21601223,20170412,2,15,DAL,MEM,"1627812 Ferrell, 1627852 Brussino, 202732 Liggins, 203457 Noel, 203939 Powell","1627812,1627852,202732,203457,203939","Ferrell, Brussino, Liggins, Noel, Powell",0,0,2,2,1,62.0
21601223,20170412,3,1,DAL,MEM,"1627812 Ferrell, 1627852 Brussino, 202732 Liggins, 203457 Noel, 203939 Powell","1627812,1627852,202732,203457,203939","Ferrell, Brussino, Liggins, Noel, Powell",0,0,0,0,1,23.0
21601223,20170412,3,2,DAL,MEM,"1627812 Ferrell, 1627827 Finney-Smith, 1627852 Brussino, 203457 Noel, 203939 Powell","1627812,1627827,1627852,203457,203939","Ferrell, Finney-Smith, Brussino, Noel, Powell",0,9,6,7,7,202.0
21601223,20170412,3,3,DAL,MEM,"1627812 Ferrell, 1627827 Finney-Smith, 1627852 Brussino, 203457 Noel, 203939 Powell","1627812,1627827,1627852,203457,203939","Ferrell, Finney-Smith, Brussino, Noel, Powell",0,5,6,7,9,217.0
21601223,20170412,3,4,DAL,MEM,"1626257 Mejri, 1627852 Brussino, 202732 Liggins, 203939 Powell, 2734 Harris","1626257,1627852,202732,203939,2734","Mejri, Brussino, Liggins, Powell, Harris",0,1,0,1,1,28.0
21601223,20170412,3,5,DAL,MEM,"1626257 Mejri, 1627852 Brussino, 202732 Liggins, 203939 Powell, 2734 Harris","1626257,1627852,202732,203939,2734","Mejri, Brussino, Liggins, Powell, Harris",0,0,0,1,0,19.0
21601223,20170412,3,6,DAL,MEM,"1626257 Mejri, 1627852 Brussino, 202732 Liggins, 203939 Powell, 2734 Harris","1626257,1627852,202732,203939,2734","Mejri, Brussino, Liggins, Powell, Harris",0,0,3,2,2,52.0
21601223,20170412,3,7,DAL,MEM,"1626257 Mejri, 1627784 Uthoff, 1627852 Brussino, 202732 Liggins, 2734 Harris","1626257,1627784,1627852,202732,2734","Mejri, Uthoff, Brussino, Liggins, Harris",0,9,4,6,5,179.0
21601223,20170412,4,1,DAL,MEM,"1626257 Mejri, 1627784 Uthoff, 1627852 Brussino, 202732 Liggins, 2734 Harris","1626257,1627784,1627852,202732,2734","Mejri, Uthoff, Brussino, Liggins, Harris",0,0,0,1,0,14.0
21601223,20170412,4,2,DAL,MEM,"1627773 Hammons, 1627784 Uthoff, 1627812 Ferrell, 202732 Liggins, 2734 Harris","1627773,1627784,1627812,202732,2734","Hammons, Uthoff, Ferrell, Liggins, Harris",0,4,2,3,2,53.0
21601223,20170412,4,3,DAL,MEM,"1627773 Hammons, 1627784 Uthoff, 1627812 Ferrell, 1627827 Finney-Smith, 202732 Liggins","1627773,1627784,1627812,1627827,202732","Hammons, Uthoff, Ferrell, Finney-Smith, Liggins",0,2,2,4,3,119.0
21601223,20170412,4,4,DAL,MEM,"1627773 Hammons, 1627784 Uthoff, 1627812 Ferrell, 1627827 Finney-Smith, 202732 Liggins","1627773,1627784,1627812,1627827,202732","Hammons, Uthoff, Ferrell, Finney-Smith, Liggins",0,2,0,2,2,89.0
21601223,20170412,4,5,DAL,MEM,"1627773 Hammons, 1627784 Uthoff, 1627827 Finney-Smith, 1627852 Brussino, 202732 Liggins","1627773,1627784,1627827,1627852,202732","Hammons, Uthoff, Finney-Smith, Brussino, Liggins",0,2,4,2,3,65.0
21601223,20170412,4,6,DAL,MEM,"1627773 Hammons, 1627784 Uthoff, 1627827 Finney-Smith, 1627852 Brussino, 202732 Liggins","1627773,1627784,1627827,1627852,202732","Hammons, Uthoff, Finney-Smith, Brussino, Liggins",0,7,0,3,3,51.0
21601223,20170412,4,7,DAL,MEM,"1627773 Hammons, 1627784 Uthoff, 1627827 Finney-Smith, 1627852 Brussino, 203939 Powell","1627773,1627784,1627827,1627852,203939","Hammons, Uthoff, Finney-Smith, Brussino, Powell",0,13,11,11,13,329.0
